WARNING: All log messages before absl::InitializeLog() is called are written to STDERR
I0000 00:00:1781423058.805875 2064518 cpu_feature_guard.cc:227] This TensorFlow binary is optimized to use available CPU instructions in performance-critical operations.
To enable the following instructions: AVX2 FMA, in other operations, rebuild TensorFlow with the appropriate compiler flags.
      Step     Time          Energy          fmax
BFGS:    0 00:44:21      -10.921925        1.088472
BFGS:    1 00:44:21      -10.929892        0.086605
BFGS:    2 00:44:21      -10.929939        0.004110
BFGS:    3 00:44:21      -10.929939        0.000014
2026-06-14 00:44:21,045 - kaldo - INFO - Second order not found. Calculating.
2026-06-14 00:44:21,045 - kaldo - INFO - Calculating second order potential derivatives, finite difference displacement: 3.000e-02 angstrom
2026-06-14 00:44:22,490 - kaldo - INFO - Symmetry of Dynamical Matrix 3.941989096256648e-12
2026-06-14 00:44:22,490 - kaldo - INFO - fd_NEP/second stored
2026-06-14 00:44:23,018 - kaldo - INFO - Third order not found. Calculating.
2026-06-14 00:44:23,018 - kaldo - INFO - Calculating third order potential derivatives, finite difference displacement: 3.000e-02 angstrom
2026-06-14 00:47:47,699 - kaldo - INFO - Completed atom 1: 50% done
2026-06-14 00:47:47,765 - kaldo - INFO - Completed atom 0: 100% done
2026-06-14 00:47:47,779 - kaldo - INFO - total forces to calculate third : 4500
2026-06-14 00:47:47,779 - kaldo - INFO - forces calculated : 4500
2026-06-14 00:47:47,779 - kaldo - INFO - forces skipped (outside distance threshold) : 0
I0000 00:00:1781423270.672169 2064518 gpu_device.cc:2043] Created device /job:localhost/replica:0/task:0/device:GPU:0 with 9479 MB memory:  -> device: 0, name: NVIDIA GeForce RTX 2080 Ti, pci bus id: 0000:01:00.0, compute capability: 7.5
I0000 00:00:1781423270.673558 2064518 gpu_device.cc:2043] Created device /job:localhost/replica:0/task:0/device:GPU:1 with 9606 MB memory:  -> device: 1, name: NVIDIA GeForce RTX 2080 Ti, pci bus id: 0000:21:00.0, compute capability: 7.5
I0000 00:00:1781423270.674915 2064518 gpu_device.cc:2043] Created device /job:localhost/replica:0/task:0/device:GPU:2 with 9606 MB memory:  -> device: 2, name: NVIDIA GeForce RTX 2080 Ti, pci bus id: 0000:4c:00.0, compute capability: 7.5
I0000 00:00:1781423270.843561 2064518 cuda_solvers.cc:175] Creating GpuSolver handles for stream 0x615674973740
/home/zekun/develop/kaldo/kaldo/observables/harmonic_with_q.py:258: RuntimeWarning: invalid value encountered in sqrt
  inverse_sqrt_freq = tf.cast(tf.convert_to_tensor(1 / np.sqrt(frequency)), tf.complex128)
C11: 128.9 GPa
C12: 95.3 GPa
C44: 27.1 GPa
Bulk Modulus:  106.5 GPa
2026-06-14 00:47:54,719 - kaldo - INFO - ALD_Si_NEP/15_15_15/_eigensystem not found in numpy format, calculating _eigensystem
2026-06-14 00:48:00,113 - kaldo - INFO - ALD_Si_NEP/15_15_15/_eigensystem stored
2026-06-14 00:48:00,114 - kaldo - INFO - ALD_Si_NEP/15_15_15/physical_mode not found in numpy format, calculating physical_mode
2026-06-14 00:48:00,144 - kaldo - INFO - ALD_Si_NEP/15_15_15/frequency not found in numpy format, calculating frequency
2026-06-14 00:48:04,161 - kaldo - INFO - ALD_Si_NEP/15_15_15/frequency stored
2026-06-14 00:48:04,162 - kaldo - INFO - ALD_Si_NEP/15_15_15/physical_mode stored
2026-06-14 00:48:04,748 - kaldo - INFO - Loading ALD_Si_NEP/15_15_15/_eigensystem
2026-06-14 00:48:04,749 - kaldo - INFO - Loading ALD_Si_NEP/15_15_15/physical_mode


2026-06-14 00:48:05,002 - kaldo - INFO - ALD_Si_NEP/15_15_15/inverse/300/quantum/conductivity not found in formatted format, calculating conductivity
2026-06-14 00:48:05,002 - kaldo - INFO - ALD_Si_NEP/15_15_15/inverse/300/quantum/mean_free_path not found in formatted format, calculating mean_free_path
2026-06-14 00:48:05,002 - kaldo - INFO - Loading ALD_Si_NEP/15_15_15/physical_mode
2026-06-14 00:48:05,002 - kaldo - INFO - ALD_Si_NEP/15_15_15/velocity not found in numpy format, calculating velocity
/home/zekun/develop/kaldo/kaldo/observables/harmonic_with_q.py:258: RuntimeWarning: invalid value encountered in sqrt
  inverse_sqrt_freq = tf.cast(tf.convert_to_tensor(1 / np.sqrt(frequency)), tf.complex128)
2026-06-14 00:48:39,971 - kaldo - INFO - ALD_Si_NEP/15_15_15/velocity stored
2026-06-14 00:48:39,972 - kaldo - INFO - Loading ALD_Si_NEP/15_15_15/physical_mode
2026-06-14 00:48:39,972 - kaldo - INFO - Loading ALD_Si_NEP/15_15_15/frequency
2026-06-14 00:48:39,972 - kaldo - INFO - ALD_Si_NEP/15_15_15/300/quantum/_ps_gamma_and_gamma_tensor not found in numpy format, calculating _ps_gamma_and_gamma_tensor
2026-06-14 00:48:39,972 - kaldo - INFO - ALD_Si_NEP/15_15_15/300/quantum/population not found in numpy format, calculating population
2026-06-14 00:48:44,240 - kaldo - INFO - ALD_Si_NEP/15_15_15/300/quantum/population stored
2026-06-14 00:48:44,240 - kaldo - INFO - ALD_Si_NEP/15_15_15/_sparse_phase_and_potential not found in numpy format, calculating _sparse_phase_and_potential
2026-06-14 00:48:44,431 - kaldo - INFO - Loading ALD_Si_NEP/15_15_15/_eigensystem
2026-06-14 00:48:44,432 - kaldo - INFO - Loading ALD_Si_NEP/15_15_15/physical_mode
2026-06-14 00:48:44,432 - kaldo - INFO - Loading ALD_Si_NEP/15_15_15/frequency
2026-06-14 00:48:44,432 - kaldo - INFO - Loading ALD_Si_NEP/15_15_15/velocity
2026-06-14 00:48:45,285 - kaldo - INFO - Projection started
2026-06-14 01:53:45,920 - kaldo - INFO - Completed IBZ k-point 1/3375 (index 1510)
2026-06-14 01:53:45,920 - kaldo - INFO - Completed IBZ k-point 2/3375 (index 766)
2026-06-14 01:53:45,920 - kaldo - INFO - Completed IBZ k-point 3/3375 (index 1705)
2026-06-14 01:53:45,920 - kaldo - INFO - Completed IBZ k-point 4/3375 (index 1797)
2026-06-14 01:53:45,920 - kaldo - INFO - Completed IBZ k-point 5/3375 (index 456)
2026-06-14 01:53:45,920 - kaldo - INFO - Completed IBZ k-point 6/3375 (index 1067)
2026-06-14 01:53:45,920 - kaldo - INFO - Completed IBZ k-point 7/3375 (index 768)
2026-06-14 01:53:45,920 - kaldo - INFO - Completed IBZ k-point 8/3375 (index 443)
2026-06-14 01:53:45,920 - kaldo - INFO - Completed IBZ k-point 9/3375 (index 1042)
2026-06-14 01:53:45,921 - kaldo - INFO - Completed IBZ k-point 10/3375 (index 769)
2026-06-14 01:53:45,921 - kaldo - INFO - Completed IBZ k-point 11/3375 (index 446)
2026-06-14 01:53:45,921 - kaldo - INFO - Completed IBZ k-point 12/3375 (index 1635)
2026-06-14 01:53:45,921 - kaldo - INFO - Completed IBZ k-point 13/3375 (index 1057)
2026-06-14 01:53:45,921 - kaldo - INFO - Completed IBZ k-point 14/3375 (index 596)
2026-06-14 01:53:45,921 - kaldo - INFO - Completed IBZ k-point 15/3375 (index 1625)
2026-06-14 01:53:45,921 - kaldo - INFO - Completed IBZ k-point 16/3375 (index 519)
2026-06-14 01:53:45,921 - kaldo - INFO - Completed IBZ k-point 17/3375 (index 2854)
2026-06-14 01:53:45,921 - kaldo - INFO - Completed IBZ k-point 18/3375 (index 1517)
2026-06-14 01:53:45,921 - kaldo - INFO - Completed IBZ k-point 19/3375 (index 1111)
2026-06-14 01:53:45,921 - kaldo - INFO - Completed IBZ k-point 20/3375 (index 2908)
2026-06-14 01:53:45,921 - kaldo - INFO - Completed IBZ k-point 21/3375 (index 1717)
2026-06-14 01:53:45,921 - kaldo - INFO - Completed IBZ k-point 22/3375 (index 1133)
2026-06-14 01:53:45,921 - kaldo - INFO - Completed IBZ k-point 23/3375 (index 3373)
2026-06-14 01:53:45,921 - kaldo - INFO - Completed IBZ k-point 24/3375 (index 1910)
2026-06-14 01:53:45,921 - kaldo - INFO - Completed IBZ k-point 25/3375 (index 1074)
2026-06-14 01:53:45,921 - kaldo - INFO - Completed IBZ k-point 26/3375 (index 570)
2026-06-14 01:53:45,921 - kaldo - INFO - Completed IBZ k-point 27/3375 (index 771)
2026-06-14 01:53:45,921 - kaldo - INFO - Completed IBZ k-point 28/3375 (index 2999)
2026-06-14 01:53:45,921 - kaldo - INFO - Completed IBZ k-point 29/3375 (index 1045)
2026-06-14 01:53:45,921 - kaldo - INFO - Completed IBZ k-point 30/3375 (index 2963)
2026-06-14 01:53:45,921 - kaldo - INFO - Completed IBZ k-point 31/3375 (index 1620)
2026-06-14 01:53:45,921 - kaldo - INFO - Completed IBZ k-point 32/3375 (index 890)
2026-06-14 01:53:45,921 - kaldo - INFO - Completed IBZ k-point 33/3375 (index 1084)
2026-06-14 01:53:45,921 - kaldo - INFO - Completed IBZ k-point 34/3375 (index 32)
2026-06-14 01:53:45,921 - kaldo - INFO - Completed IBZ k-point 35/3375 (index 1702)
2026-06-14 01:53:45,921 - kaldo - INFO - Completed IBZ k-point 36/3375 (index 605)
2026-06-14 01:53:45,922 - kaldo - INFO - Completed IBZ k-point 37/3375 (index 1587)
2026-06-14 01:53:45,922 - kaldo - INFO - Completed IBZ k-point 38/3375 (index 922)
2026-06-14 01:53:45,922 - kaldo - INFO - Completed IBZ k-point 39/3375 (index 1854)
2026-06-14 01:53:45,922 - kaldo - INFO - Completed IBZ k-point 40/3375 (index 1050)
2026-06-14 01:53:45,922 - kaldo - INFO - Completed IBZ k-point 41/3375 (index 1831)
2026-06-14 01:53:45,922 - kaldo - INFO - Completed IBZ k-point 42/3375 (index 900)
2026-06-14 01:53:45,922 - kaldo - INFO - Completed IBZ k-point 43/3375 (index 2973)
2026-06-14 01:53:45,922 - kaldo - INFO - Completed IBZ k-point 44/3375 (index 888)
2026-06-14 01:53:45,922 - kaldo - INFO - Completed IBZ k-point 45/3375 (index 2981)
2026-06-14 01:53:45,922 - kaldo - INFO - Completed IBZ k-point 46/3375 (index 562)
2026-06-14 01:53:45,922 - kaldo - INFO - Completed IBZ k-point 47/3375 (index 314)
2026-06-14 01:53:45,922 - kaldo - INFO - Completed IBZ k-point 48/3375 (index 3370)
2026-06-14 01:53:45,922 - kaldo - INFO - Completed IBZ k-point 49/3375 (index 1843)
2026-06-14 01:53:45,922 - kaldo - INFO - Completed IBZ k-point 50/3375 (index 889)
2026-06-14 01:53:45,922 - kaldo - INFO - Completed IBZ k-point 51/3375 (index 617)
2026-06-14 01:53:45,922 - kaldo - INFO - Completed IBZ k-point 52/3375 (index 2944)
2026-06-14 01:53:45,922 - kaldo - INFO - Completed IBZ k-point 53/3375 (index 205)
2026-06-14 01:53:45,922 - kaldo - INFO - Completed IBZ k-point 54/3375 (index 782)
2026-06-14 01:53:45,922 - kaldo - INFO - Completed IBZ k-point 55/3375 (index 1807)
2026-06-14 01:53:45,922 - kaldo - INFO - Completed IBZ k-point 56/3375 (index 1511)
2026-06-14 01:53:45,922 - kaldo - INFO - Completed IBZ k-point 57/3375 (index 273)
2026-06-14 01:53:45,922 - kaldo - INFO - Completed IBZ k-point 58/3375 (index 2955)
2026-06-14 01:53:45,922 - kaldo - INFO - Completed IBZ k-point 59/3375 (index 1677)
2026-06-14 01:53:45,922 - kaldo - INFO - Completed IBZ k-point 60/3375 (index 571)
2026-06-14 01:53:45,922 - kaldo - INFO - Completed IBZ k-point 61/3375 (index 2904)
2026-06-14 01:53:45,922 - kaldo - INFO - Completed IBZ k-point 62/3375 (index 2844)
2026-06-14 01:53:45,922 - kaldo - INFO - Completed IBZ k-point 63/3375 (index 1518)
2026-06-14 01:53:45,922 - kaldo - INFO - Completed IBZ k-point 64/3375 (index 777)
2026-06-14 01:53:45,922 - kaldo - INFO - Completed IBZ k-point 65/3375 (index 325)
2026-06-14 01:53:45,923 - kaldo - INFO - Completed IBZ k-point 66/3375 (index 779)
2026-06-14 01:53:45,923 - kaldo - INFO - Completed IBZ k-point 67/3375 (index 1549)
2026-06-14 01:53:45,923 - kaldo - INFO - Completed IBZ k-point 68/3375 (index 907)
2026-06-14 01:53:45,923 - kaldo - INFO - Completed IBZ k-point 69/3375 (index 2987)
2026-06-14 01:53:45,923 - kaldo - INFO - Completed IBZ k-point 70/3375 (index 576)
2026-06-14 01:53:45,923 - kaldo - INFO - Completed IBZ k-point 71/3375 (index 50)
2026-06-14 01:53:45,923 - kaldo - INFO - Completed IBZ k-point 72/3375 (index 1863)
2026-06-14 01:53:45,923 - kaldo - INFO - Completed IBZ k-point 73/3375 (index 778)
2026-06-14 01:53:45,923 - kaldo - INFO - Completed IBZ k-point 74/3375 (index 1607)
2026-06-14 01:53:45,923 - kaldo - INFO - Completed IBZ k-point 75/3375 (index 928)
2026-06-14 01:53:45,923 - kaldo - INFO - Completed IBZ k-point 76/3375 (index 985)
2026-06-14 01:53:45,923 - kaldo - INFO - Completed IBZ k-point 77/3375 (index 1867)
2026-06-14 01:53:45,923 - kaldo - INFO - Completed IBZ k-point 78/3375 (index 1530)
2026-06-14 01:53:45,923 - kaldo - INFO - Completed IBZ k-point 79/3375 (index 441)
2026-06-14 01:53:45,923 - kaldo - INFO - Completed IBZ k-point 80/3375 (index 2842)
2026-06-14 01:53:45,923 - kaldo - INFO - Completed IBZ k-point 81/3375 (index 763)
2026-06-14 01:53:45,923 - kaldo - INFO - Completed IBZ k-point 82/3375 (index 276)
2026-06-14 01:53:45,923 - kaldo - INFO - Completed IBZ k-point 83/3375 (index 2943)
2026-06-14 01:53:45,923 - kaldo - INFO - Completed IBZ k-point 84/3375 (index 1617)
2026-06-14 01:53:45,923 - kaldo - INFO - Completed IBZ k-point 85/3375 (index 1011)
2026-06-14 01:53:45,923 - kaldo - INFO - Completed IBZ k-point 86/3375 (index 1825)
2026-06-14 01:53:45,923 - kaldo - INFO - Completed IBZ k-point 87/3375 (index 1032)
2026-06-14 01:53:45,923 - kaldo - INFO - Completed IBZ k-point 88/3375 (index 3369)
2026-06-14 01:53:45,923 - kaldo - INFO - Completed IBZ k-point 89/3375 (index 1526)
2026-06-14 01:53:45,923 - kaldo - INFO - Completed IBZ k-point 90/3375 (index 917)
2026-06-14 01:53:45,923 - kaldo - INFO - Completed IBZ k-point 91/3375 (index 597)
2026-06-14 01:53:45,923 - kaldo - INFO - Completed IBZ k-point 92/3375 (index 3367)
2026-06-14 01:53:45,923 - kaldo - INFO - Completed IBZ k-point 93/3375 (index 3029)
2026-06-14 01:53:45,923 - kaldo - INFO - Completed IBZ k-point 94/3375 (index 1463)
2026-06-14 01:53:45,924 - kaldo - INFO - Completed IBZ k-point 95/3375 (index 857)
2026-06-14 01:53:45,924 - kaldo - INFO - Completed IBZ k-point 96/3375 (index 1713)
2026-06-14 01:53:45,924 - kaldo - INFO - Completed IBZ k-point 97/3375 (index 1553)
2026-06-14 01:53:45,924 - kaldo - INFO - Completed IBZ k-point 98/3375 (index 1058)
2026-06-14 01:53:45,924 - kaldo - INFO - Completed IBZ k-point 99/3375 (index 579)
2026-06-14 01:53:45,924 - kaldo - INFO - Completed IBZ k-point 100/3375 (index 303)
2026-06-14 01:53:45,924 - kaldo - INFO - Completed IBZ k-point 101/3375 (index 109)
2026-06-14 01:53:45,924 - kaldo - INFO - Completed IBZ k-point 102/3375 (index 925)
2026-06-14 01:53:45,924 - kaldo - INFO - Completed IBZ k-point 103/3375 (index 1118)
2026-06-14 01:53:45,924 - kaldo - INFO - Completed IBZ k-point 104/3375 (index 1728)
2026-06-14 01:53:45,924 - kaldo - INFO - Completed IBZ k-point 105/3375 (index 895)
2026-06-14 01:53:45,924 - kaldo - INFO - Completed IBZ k-point 106/3375 (index 512)
2026-06-14 01:53:45,924 - kaldo - INFO - Completed IBZ k-point 107/3375 (index 3009)
2026-06-14 01:53:45,924 - kaldo - INFO - Completed IBZ k-point 108/3375 (index 1618)
2026-06-14 01:53:45,924 - kaldo - INFO - Completed IBZ k-point 109/3375 (index 893)
2026-06-14 01:53:45,924 - kaldo - INFO - Completed IBZ k-point 110/3375 (index 3361)
2026-06-14 01:53:45,924 - kaldo - INFO - Completed IBZ k-point 111/3375 (index 1798)
2026-06-14 01:53:45,924 - kaldo - INFO - Completed IBZ k-point 112/3375 (index 1043)
2026-06-14 01:53:45,924 - kaldo - INFO - Completed IBZ k-point 113/3375 (index 3371)
2026-06-14 01:53:45,924 - kaldo - INFO - Completed IBZ k-point 114/3375 (index 815)
2026-06-14 01:53:45,924 - kaldo - INFO - Completed IBZ k-point 115/3375 (index 310)
2026-06-14 01:53:45,924 - kaldo - INFO - Completed IBZ k-point 116/3375 (index 1686)
2026-06-14 01:53:45,924 - kaldo - INFO - Completed IBZ k-point 117/3375 (index 645)
2026-06-14 01:53:45,924 - kaldo - INFO - Completed IBZ k-point 118/3375 (index 1591)
2026-06-14 01:53:45,924 - kaldo - INFO - Completed IBZ k-point 119/3375 (index 503)
2026-06-14 01:53:45,924 - kaldo - INFO - Completed IBZ k-point 120/3375 (index 3364)
2026-06-14 01:53:45,924 - kaldo - INFO - Completed IBZ k-point 121/3375 (index 1846)
2026-06-14 01:53:45,924 - kaldo - INFO - Completed IBZ k-point 122/3375 (index 1055)
2026-06-14 01:53:45,924 - kaldo - INFO - Completed IBZ k-point 123/3375 (index 875)
2026-06-14 01:53:45,925 - kaldo - INFO - Completed IBZ k-point 124/3375 (index 415)
2026-06-14 01:53:45,925 - kaldo - INFO - Completed IBZ k-point 125/3375 (index 21)
2026-06-14 01:53:45,925 - kaldo - INFO - Completed IBZ k-point 126/3375 (index 2954)
2026-06-14 01:53:45,925 - kaldo - INFO - Completed IBZ k-point 127/3375 (index 578)
2026-06-14 01:53:45,925 - kaldo - INFO - Completed IBZ k-point 128/3375 (index 3368)
2026-06-14 01:53:45,925 - kaldo - INFO - Completed IBZ k-point 129/3375 (index 2910)
2026-06-14 01:53:45,925 - kaldo - INFO - Completed IBZ k-point 130/3375 (index 1550)
2026-06-14 01:53:45,925 - kaldo - INFO - Completed IBZ k-point 131/3375 (index 1823)
2026-06-14 01:53:45,925 - kaldo - INFO - Completed IBZ k-point 132/3375 (index 1110)
2026-06-14 01:53:45,925 - kaldo - INFO - Completed IBZ k-point 133/3375 (index 854)
2026-06-14 01:53:45,925 - kaldo - INFO - Completed IBZ k-point 134/3375 (index 3365)
2026-06-14 01:53:45,925 - kaldo - INFO - Completed IBZ k-point 135/3375 (index 3030)
2026-06-14 01:53:45,925 - kaldo - INFO - Completed IBZ k-point 136/3375 (index 2838)
2026-06-14 01:53:45,925 - kaldo - INFO - Completed IBZ k-point 137/3375 (index 1619)
2026-06-14 01:53:45,925 - kaldo - INFO - Completed IBZ k-point 138/3375 (index 1091)
2026-06-14 01:53:45,925 - kaldo - INFO - Completed IBZ k-point 139/3375 (index 595)
2026-06-14 01:53:45,925 - kaldo - INFO - Completed IBZ k-point 140/3375 (index 2918)
2026-06-14 01:53:45,925 - kaldo - INFO - Completed IBZ k-point 141/3375 (index 1667)
2026-06-14 01:53:45,925 - kaldo - INFO - Completed IBZ k-point 142/3375 (index 580)
2026-06-14 01:53:45,925 - kaldo - INFO - Completed IBZ k-point 143/3375 (index 1065)
2026-06-14 01:53:45,925 - kaldo - INFO - Completed IBZ k-point 144/3375 (index 284)
2026-06-14 01:53:45,925 - kaldo - INFO - Completed IBZ k-point 145/3375 (index 137)
2026-06-14 01:53:45,925 - kaldo - INFO - Completed IBZ k-point 146/3375 (index 1840)
2026-06-14 01:53:45,925 - kaldo - INFO - Completed IBZ k-point 147/3375 (index 898)
2026-06-14 01:53:45,925 - kaldo - INFO - Completed IBZ k-point 148/3375 (index 819)
2026-06-14 01:53:45,925 - kaldo - INFO - Completed IBZ k-point 149/3375 (index 1709)
2026-06-14 01:53:45,925 - kaldo - INFO - Completed IBZ k-point 150/3375 (index 607)
2026-06-14 01:53:45,925 - kaldo - INFO - Completed IBZ k-point 151/3375 (index 74)
2026-06-14 01:53:45,925 - kaldo - INFO - Completed IBZ k-point 152/3375 (index 3019)
2026-06-14 01:53:45,926 - kaldo - INFO - Completed IBZ k-point 153/3375 (index 992)
2026-06-14 01:53:45,926 - kaldo - INFO - Completed IBZ k-point 154/3375 (index 3359)
2026-06-14 01:53:45,926 - kaldo - INFO - Completed IBZ k-point 155/3375 (index 417)
2026-06-14 01:53:45,926 - kaldo - INFO - Completed IBZ k-point 156/3375 (index 3363)
2026-06-14 01:53:45,926 - kaldo - INFO - Completed IBZ k-point 157/3375 (index 1503)
2026-06-14 01:53:45,926 - kaldo - INFO - Completed IBZ k-point 158/3375 (index 774)
2026-06-14 01:53:45,926 - kaldo - INFO - Completed IBZ k-point 159/3375 (index 509)
2026-06-14 01:53:45,926 - kaldo - INFO - Completed IBZ k-point 160/3375 (index 1056)
2026-06-14 01:53:45,926 - kaldo - INFO - Completed IBZ k-point 161/3375 (index 1089)
2026-06-14 01:53:45,926 - kaldo - INFO - Completed IBZ k-point 162/3375 (index 2988)
2026-06-14 01:53:45,926 - kaldo - INFO - Completed IBZ k-point 163/3375 (index 905)
2026-06-14 01:53:45,926 - kaldo - INFO - Completed IBZ k-point 164/3375 (index 634)
2026-06-14 01:53:45,926 - kaldo - INFO - Completed IBZ k-point 165/3375 (index 2983)
2026-06-14 01:53:45,926 - kaldo - INFO - Completed IBZ k-point 166/3375 (index 906)
2026-06-14 01:53:45,926 - kaldo - INFO - Completed IBZ k-point 167/3375 (index 2835)
2026-06-14 01:53:45,926 - kaldo - INFO - Completed IBZ k-point 168/3375 (index 11)
2026-06-14 01:53:45,926 - kaldo - INFO - Completed IBZ k-point 169/3375 (index 1073)
2026-06-14 01:53:45,926 - kaldo - INFO - Completed IBZ k-point 170/3375 (index 878)
2026-06-14 01:53:45,926 - kaldo - INFO - Completed IBZ k-point 171/3375 (index 197)
2026-06-14 01:53:45,926 - kaldo - INFO - Completed IBZ k-point 172/3375 (index 1683)
2026-06-14 01:53:45,926 - kaldo - INFO - Completed IBZ k-point 173/3375 (index 1047)
2026-06-14 01:53:45,926 - kaldo - INFO - Completed IBZ k-point 174/3375 (index 255)
2026-06-14 01:53:45,926 - kaldo - INFO - Completed IBZ k-point 175/3375 (index 518)
2026-06-14 01:53:45,926 - kaldo - INFO - Completed IBZ k-point 176/3375 (index 3354)
2026-06-14 01:53:45,926 - kaldo - INFO - Completed IBZ k-point 177/3375 (index 1088)
2026-06-14 01:53:45,926 - kaldo - INFO - Completed IBZ k-point 178/3375 (index 1061)
2026-06-14 01:53:45,926 - kaldo - INFO - Completed IBZ k-point 179/3375 (index 454)
2026-06-14 01:53:45,926 - kaldo - INFO - Completed IBZ k-point 180/3375 (index 3036)
2026-06-14 01:53:45,926 - kaldo - INFO - Completed IBZ k-point 181/3375 (index 1630)
2026-06-14 01:53:45,927 - kaldo - INFO - Completed IBZ k-point 182/3375 (index 1682)
2026-06-14 01:53:45,927 - kaldo - INFO - Completed IBZ k-point 183/3375 (index 540)
2026-06-14 01:53:45,927 - kaldo - INFO - Completed IBZ k-point 184/3375 (index 3356)
2026-06-14 01:53:45,927 - kaldo - INFO - Completed IBZ k-point 185/3375 (index 307)
2026-06-14 01:53:45,927 - kaldo - INFO - Completed IBZ k-point 186/3375 (index 1855)
2026-06-14 01:53:45,927 - kaldo - INFO - Completed IBZ k-point 187/3375 (index 896)
2026-06-14 01:53:45,927 - kaldo - INFO - Completed IBZ k-point 188/3375 (index 3011)
2026-06-14 01:53:45,927 - kaldo - INFO - Completed IBZ k-point 189/3375 (index 30)
2026-06-14 01:53:45,927 - kaldo - INFO - Completed IBZ k-point 190/3375 (index 1842)
2026-06-14 01:53:45,927 - kaldo - INFO - Completed IBZ k-point 191/3375 (index 1090)
2026-06-14 01:53:45,927 - kaldo - INFO - Completed IBZ k-point 192/3375 (index 136)
2026-06-14 01:53:45,927 - kaldo - INFO - Completed IBZ k-point 193/3375 (index 1833)
2026-06-14 01:53:45,927 - kaldo - INFO - Completed IBZ k-point 194/3375 (index 3016)
2026-06-14 01:53:45,927 - kaldo - INFO - Completed IBZ k-point 195/3375 (index 981)
2026-06-14 01:53:45,927 - kaldo - INFO - Completed IBZ k-point 196/3375 (index 3012)
2026-06-14 01:53:45,927 - kaldo - INFO - Completed IBZ k-point 197/3375 (index 1704)
2026-06-14 01:53:45,927 - kaldo - INFO - Completed IBZ k-point 198/3375 (index 1100)
2026-06-14 01:53:45,927 - kaldo - INFO - Completed IBZ k-point 199/3375 (index 1909)
2026-06-14 01:53:45,927 - kaldo - INFO - Completed IBZ k-point 200/3375 (index 919)
2026-06-14 01:53:45,927 - kaldo - INFO - Completed IBZ k-point 201/3375 (index 2952)
2026-06-14 01:53:45,927 - kaldo - INFO - Completed IBZ k-point 202/3375 (index 1703)
2026-06-14 01:53:45,927 - kaldo - INFO - Completed IBZ k-point 203/3375 (index 281)
2026-06-14 01:53:45,927 - kaldo - INFO - Completed IBZ k-point 204/3375 (index 196)
2026-06-14 01:53:45,927 - kaldo - INFO - Completed IBZ k-point 205/3375 (index 1908)
2026-06-14 01:53:45,927 - kaldo - INFO - Completed IBZ k-point 206/3375 (index 28)
2026-06-14 01:53:45,927 - kaldo - INFO - Completed IBZ k-point 207/3375 (index 901)
2026-06-14 01:53:45,927 - kaldo - INFO - Completed IBZ k-point 208/3375 (index 3357)
2026-06-14 01:53:45,927 - kaldo - INFO - Completed IBZ k-point 209/3375 (index 1083)
2026-06-14 01:53:45,927 - kaldo - INFO - Completed IBZ k-point 210/3375 (index 280)
2026-06-14 01:53:45,928 - kaldo - INFO - Completed IBZ k-point 211/3375 (index 2826)
2026-06-14 01:53:45,928 - kaldo - INFO - Completed IBZ k-point 212/3375 (index 2991)
2026-06-14 01:53:45,928 - kaldo - INFO - Completed IBZ k-point 213/3375 (index 897)
2026-06-14 01:53:45,928 - kaldo - INFO - Completed IBZ k-point 214/3375 (index 96)
2026-06-14 01:53:45,928 - kaldo - INFO - Completed IBZ k-point 215/3375 (index 2929)
2026-06-14 01:53:45,928 - kaldo - INFO - Completed IBZ k-point 216/3375 (index 1033)
2026-06-14 01:53:45,928 - kaldo - INFO - Completed IBZ k-point 217/3375 (index 3358)
2026-06-14 01:53:45,928 - kaldo - INFO - Completed IBZ k-point 218/3375 (index 278)
2026-06-14 01:53:45,928 - kaldo - INFO - Completed IBZ k-point 219/3375 (index 1468)
2026-06-14 01:53:45,928 - kaldo - INFO - Completed IBZ k-point 220/3375 (index 3031)
2026-06-14 01:53:45,928 - kaldo - INFO - Completed IBZ k-point 221/3375 (index 1601)
2026-06-14 01:53:45,928 - kaldo - INFO - Completed IBZ k-point 222/3375 (index 1009)
2026-06-14 01:53:45,928 - kaldo - INFO - Completed IBZ k-point 223/3375 (index 1809)
2026-06-14 01:53:45,928 - kaldo - INFO - Completed IBZ k-point 224/3375 (index 1054)
2026-06-14 01:53:45,928 - kaldo - INFO - Completed IBZ k-point 225/3375 (index 873)
2026-06-14 01:53:45,928 - kaldo - INFO - Completed IBZ k-point 226/3375 (index 2945)
2026-06-14 01:53:45,928 - kaldo - INFO - Completed IBZ k-point 227/3375 (index 903)
2026-06-14 01:53:45,928 - kaldo - INFO - Completed IBZ k-point 228/3375 (index 908)
2026-06-14 01:53:45,928 - kaldo - INFO - Completed IBZ k-point 229/3375 (index 510)
2026-06-14 01:53:45,928 - kaldo - INFO - Completed IBZ k-point 230/3375 (index 222)
2026-06-14 01:53:45,928 - kaldo - INFO - Completed IBZ k-point 231/3375 (index 1848)
2026-06-14 01:53:45,928 - kaldo - INFO - Completed IBZ k-point 232/3375 (index 2823)
2026-06-14 01:53:45,928 - kaldo - INFO - Completed IBZ k-point 233/3375 (index 3021)
2026-06-14 01:53:45,928 - kaldo - INFO - Completed IBZ k-point 234/3375 (index 2953)
2026-06-14 01:53:45,928 - kaldo - INFO - Completed IBZ k-point 235/3375 (index 1627)
2026-06-14 01:53:45,928 - kaldo - INFO - Completed IBZ k-point 236/3375 (index 1814)
2026-06-14 01:53:45,928 - kaldo - INFO - Completed IBZ k-point 237/3375 (index 756)
2026-06-14 01:53:45,928 - kaldo - INFO - Completed IBZ k-point 238/3375 (index 396)
2026-06-14 01:53:45,928 - kaldo - INFO - Completed IBZ k-point 239/3375 (index 3362)
2026-06-14 01:53:45,929 - kaldo - INFO - Completed IBZ k-point 240/3375 (index 1907)
2026-06-14 01:53:45,929 - kaldo - INFO - Completed IBZ k-point 241/3375 (index 904)
2026-06-14 01:53:45,929 - kaldo - INFO - Completed IBZ k-point 242/3375 (index 206)
2026-06-14 01:53:45,929 - kaldo - INFO - Completed IBZ k-point 243/3375 (index 1851)
2026-06-14 01:53:45,929 - kaldo - INFO - Completed IBZ k-point 244/3375 (index 140)
2026-06-14 01:53:45,929 - kaldo - INFO - Completed IBZ k-point 245/3375 (index 3347)
2026-06-14 01:53:45,929 - kaldo - INFO - Completed IBZ k-point 246/3375 (index 918)
2026-06-14 01:53:45,929 - kaldo - INFO - Completed IBZ k-point 247/3375 (index 1706)
2026-06-14 01:53:45,929 - kaldo - INFO - Completed IBZ k-point 248/3375 (index 1049)
2026-06-14 01:53:45,929 - kaldo - INFO - Completed IBZ k-point 249/3375 (index 1636)
2026-06-14 01:53:45,929 - kaldo - INFO - Completed IBZ k-point 250/3375 (index 2819)
2026-06-14 01:53:45,929 - kaldo - INFO - Completed IBZ k-point 251/3375 (index 1086)
2026-06-14 01:53:45,929 - kaldo - INFO - Completed IBZ k-point 252/3375 (index 1845)
2026-06-14 01:53:45,929 - kaldo - INFO - Completed IBZ k-point 253/3375 (index 1105)
2026-06-14 01:53:45,929 - kaldo - INFO - Completed IBZ k-point 254/3375 (index 762)
2026-06-14 01:53:45,929 - kaldo - INFO - Completed IBZ k-point 255/3375 (index 1588)
2026-06-14 01:53:45,929 - kaldo - INFO - Completed IBZ k-point 256/3375 (index 590)
2026-06-14 01:53:45,929 - kaldo - INFO - Completed IBZ k-point 257/3375 (index 207)
2026-06-14 01:53:45,929 - kaldo - INFO - Completed IBZ k-point 258/3375 (index 3372)
2026-06-14 01:53:45,929 - kaldo - INFO - Completed IBZ k-point 259/3375 (index 1818)
2026-06-14 01:53:45,929 - kaldo - INFO - Completed IBZ k-point 260/3375 (index 1106)
2026-06-14 01:53:45,929 - kaldo - INFO - Completed IBZ k-point 261/3375 (index 3355)
2026-06-14 01:53:45,929 - kaldo - INFO - Completed IBZ k-point 262/3375 (index 3026)
2026-06-14 01:53:45,929 - kaldo - INFO - Completed IBZ k-point 263/3375 (index 1850)
2026-06-14 01:53:45,929 - kaldo - INFO - Completed IBZ k-point 264/3375 (index 1612)
2026-06-14 01:53:45,929 - kaldo - INFO - Completed IBZ k-point 265/3375 (index 987)
2026-06-14 01:53:45,929 - kaldo - INFO - Completed IBZ k-point 266/3375 (index 71)
2026-06-14 01:53:45,929 - kaldo - INFO - Completed IBZ k-point 267/3375 (index 1014)
2026-06-14 01:53:45,929 - kaldo - INFO - Completed IBZ k-point 268/3375 (index 594)
2026-06-14 01:53:45,929 - kaldo - INFO - Completed IBZ k-point 269/3375 (index 1107)
2026-06-14 01:53:45,930 - kaldo - INFO - Completed IBZ k-point 270/3375 (index 282)
2026-06-14 01:53:45,930 - kaldo - INFO - Completed IBZ k-point 271/3375 (index 3348)
2026-06-14 01:53:45,930 - kaldo - INFO - Completed IBZ k-point 272/3375 (index 1816)
2026-06-14 01:53:45,930 - kaldo - INFO - Completed IBZ k-point 273/3375 (index 1485)
2026-06-14 01:53:45,930 - kaldo - INFO - Completed IBZ k-point 274/3375 (index 3010)
2026-06-14 01:53:45,930 - kaldo - INFO - Completed IBZ k-point 275/3375 (index 2938)
2026-06-14 01:53:45,930 - kaldo - INFO - Completed IBZ k-point 276/3375 (index 1626)
2026-06-14 01:53:45,930 - kaldo - INFO - Completed IBZ k-point 277/3375 (index 1614)
2026-06-14 01:53:45,930 - kaldo - INFO - Completed IBZ k-point 278/3375 (index 1039)
2026-06-14 01:53:45,930 - kaldo - INFO - Completed IBZ k-point 279/3375 (index 468)
2026-06-14 01:53:45,930 - kaldo - INFO - Completed IBZ k-point 280/3375 (index 3343)
2026-06-14 01:53:45,930 - kaldo - INFO - Completed IBZ k-point 281/3375 (index 1905)
2026-06-14 01:53:45,930 - kaldo - INFO - Completed IBZ k-point 282/3375 (index 1035)
2026-06-14 01:53:45,930 - kaldo - INFO - Completed IBZ k-point 283/3375 (index 872)
2026-06-14 01:53:45,930 - kaldo - INFO - Completed IBZ k-point 284/3375 (index 382)
2026-06-14 01:53:45,930 - kaldo - INFO - Completed IBZ k-point 285/3375 (index 1681)
2026-06-14 01:53:45,930 - kaldo - INFO - Completed IBZ k-point 286/3375 (index 258)
2026-06-14 01:53:45,930 - kaldo - INFO - Completed IBZ k-point 287/3375 (index 3339)
2026-06-14 01:53:45,930 - kaldo - INFO - Completed IBZ k-point 288/3375 (index 2859)
2026-06-14 01:53:45,930 - kaldo - INFO - Completed IBZ k-point 289/3375 (index 504)
2026-06-14 01:53:45,930 - kaldo - INFO - Completed IBZ k-point 290/3375 (index 2375)
2026-06-14 01:53:45,930 - kaldo - INFO - Completed IBZ k-point 291/3375 (index 972)
2026-06-14 01:53:45,930 - kaldo - INFO - Completed IBZ k-point 292/3375 (index 379)
2026-06-14 01:53:45,930 - kaldo - INFO - Completed IBZ k-point 293/3375 (index 1616)
2026-06-14 01:53:45,930 - kaldo - INFO - Completed IBZ k-point 294/3375 (index 507)
2026-06-14 01:53:45,930 - kaldo - INFO - Completed IBZ k-point 295/3375 (index 203)
2026-06-14 01:53:45,930 - kaldo - INFO - Completed IBZ k-point 296/3375 (index 1075)
2026-06-14 01:53:45,930 - kaldo - INFO - Completed IBZ k-point 297/3375 (index 3344)
2026-06-14 01:53:45,930 - kaldo - INFO - Completed IBZ k-point 298/3375 (index 2816)
2026-06-14 01:53:45,931 - kaldo - INFO - Completed IBZ k-point 299/3375 (index 1583)
2026-06-14 01:53:45,931 - kaldo - INFO - Completed IBZ k-point 300/3375 (index 1101)
2026-06-14 01:53:45,931 - kaldo - INFO - Completed IBZ k-point 301/3375 (index 817)
2026-06-14 01:53:45,931 - kaldo - INFO - Completed IBZ k-point 302/3375 (index 380)
2026-06-14 01:53:45,931 - kaldo - INFO - Completed IBZ k-point 303/3375 (index 3352)
2026-06-14 01:53:45,931 - kaldo - INFO - Completed IBZ k-point 304/3375 (index 1712)
2026-06-14 01:53:45,931 - kaldo - INFO - Completed IBZ k-point 305/3375 (index 2957)
2026-06-14 01:53:45,931 - kaldo - INFO - Completed IBZ k-point 306/3375 (index 1634)
2026-06-14 01:53:45,931 - kaldo - INFO - Completed IBZ k-point 307/3375 (index 1046)
2026-06-14 01:53:45,931 - kaldo - INFO - Completed IBZ k-point 308/3375 (index 1828)
2026-06-14 01:53:45,931 - kaldo - INFO - Completed IBZ k-point 309/3375 (index 377)
2026-06-14 01:53:45,931 - kaldo - INFO - Completed IBZ k-point 310/3375 (index 874)
2026-06-14 01:53:45,931 - kaldo - INFO - Completed IBZ k-point 311/3375 (index 2993)
2026-06-14 01:53:45,931 - kaldo - INFO - Completed IBZ k-point 312/3375 (index 997)
2026-06-14 01:53:45,931 - kaldo - INFO - Completed IBZ k-point 313/3375 (index 19)
2026-06-14 01:53:45,931 - kaldo - INFO - Completed IBZ k-point 314/3375 (index 914)
2026-06-14 01:53:45,931 - kaldo - INFO - Completed IBZ k-point 315/3375 (index 577)
2026-06-14 01:53:45,931 - kaldo - INFO - Completed IBZ k-point 316/3375 (index 214)
2026-06-14 01:53:45,931 - kaldo - INFO - Completed IBZ k-point 317/3375 (index 2931)
2026-06-14 01:53:45,931 - kaldo - INFO - Completed IBZ k-point 318/3375 (index 2853)
2026-06-14 01:53:45,931 - kaldo - INFO - Completed IBZ k-point 319/3375 (index 973)
2026-06-14 01:53:45,931 - kaldo - INFO - Completed IBZ k-point 320/3375 (index 2813)
2026-06-14 01:53:45,931 - kaldo - INFO - Completed IBZ k-point 321/3375 (index 1069)
2026-06-14 01:53:45,931 - kaldo - INFO - Completed IBZ k-point 322/3375 (index 974)
2026-06-14 01:53:45,931 - kaldo - INFO - Completed IBZ k-point 323/3375 (index 592)
2026-06-14 01:53:45,931 - kaldo - INFO - Completed IBZ k-point 324/3375 (index 73)
2026-06-14 01:53:45,931 - kaldo - INFO - Completed IBZ k-point 325/3375 (index 14)
2026-06-14 01:53:45,931 - kaldo - INFO - Completed IBZ k-point 326/3375 (index 1609)
2026-06-14 01:53:45,931 - kaldo - INFO - Completed IBZ k-point 327/3375 (index 891)
2026-06-14 01:53:45,931 - kaldo - INFO - Completed IBZ k-point 328/3375 (index 1509)
2026-06-14 01:53:45,932 - kaldo - INFO - Completed IBZ k-point 329/3375 (index 801)
2026-06-14 01:53:45,932 - kaldo - INFO - Completed IBZ k-point 330/3375 (index 448)
2026-06-14 01:53:45,932 - kaldo - INFO - Completed IBZ k-point 331/3375 (index 3032)
2026-06-14 01:53:45,932 - kaldo - INFO - Completed IBZ k-point 332/3375 (index 1732)
2026-06-14 01:53:45,932 - kaldo - INFO - Completed IBZ k-point 333/3375 (index 1006)
2026-06-14 01:53:45,932 - kaldo - INFO - Completed IBZ k-point 334/3375 (index 2947)
2026-06-14 01:53:45,932 - kaldo - INFO - Completed IBZ k-point 335/3375 (index 2811)
2026-06-14 01:53:45,932 - kaldo - INFO - Completed IBZ k-point 336/3375 (index 3350)
2026-06-14 01:53:45,932 - kaldo - INFO - Completed IBZ k-point 337/3375 (index 1832)
2026-06-14 01:53:45,932 - kaldo - INFO - Completed IBZ k-point 338/3375 (index 376)
2026-06-14 01:53:45,932 - kaldo - INFO - Completed IBZ k-point 339/3375 (index 3033)
2026-06-14 01:53:45,932 - kaldo - INFO - Completed IBZ k-point 340/3375 (index 256)
2026-06-14 01:53:45,932 - kaldo - INFO - Completed IBZ k-point 341/3375 (index 2857)
2026-06-14 01:53:45,932 - kaldo - INFO - Completed IBZ k-point 342/3375 (index 1551)
2026-06-14 01:53:45,932 - kaldo - INFO - Completed IBZ k-point 343/3375 (index 457)
2026-06-14 01:53:45,932 - kaldo - INFO - Completed IBZ k-point 344/3375 (index 2905)
2026-06-14 01:53:45,932 - kaldo - INFO - Completed IBZ k-point 345/3375 (index 960)
2026-06-14 01:53:45,932 - kaldo - INFO - Completed IBZ k-point 346/3375 (index 89)
2026-06-14 01:53:45,932 - kaldo - INFO - Completed IBZ k-point 347/3375 (index 3020)
2026-06-14 01:53:45,932 - kaldo - INFO - Completed IBZ k-point 348/3375 (index 1623)
2026-06-14 01:53:45,932 - kaldo - INFO - Completed IBZ k-point 349/3375 (index 948)
2026-06-14 01:53:45,932 - kaldo - INFO - Completed IBZ k-point 350/3375 (index 2948)
2026-06-14 01:53:45,932 - kaldo - INFO - Completed IBZ k-point 351/3375 (index 1674)
2026-06-14 01:53:45,932 - kaldo - INFO - Completed IBZ k-point 352/3375 (index 909)
2026-06-14 01:53:45,932 - kaldo - INFO - Completed IBZ k-point 353/3375 (index 3334)
2026-06-14 01:53:45,932 - kaldo - INFO - Completed IBZ k-point 354/3375 (index 2810)
2026-06-14 01:53:45,932 - kaldo - INFO - Completed IBZ k-point 355/3375 (index 853)
2026-06-14 01:53:45,932 - kaldo - INFO - Completed IBZ k-point 356/3375 (index 1685)
2026-06-14 01:53:45,932 - kaldo - INFO - Completed IBZ k-point 357/3375 (index 378)
2026-06-14 01:53:45,933 - kaldo - INFO - Completed IBZ k-point 358/3375 (index 3353)
2026-06-14 01:53:45,933 - kaldo - INFO - Completed IBZ k-point 359/3375 (index 2967)
2026-06-14 01:53:45,933 - kaldo - INFO - Completed IBZ k-point 360/3375 (index 568)
2026-06-14 01:53:45,933 - kaldo - INFO - Completed IBZ k-point 361/3375 (index 1811)
2026-06-14 01:53:45,933 - kaldo - INFO - Completed IBZ k-point 362/3375 (index 959)
2026-06-14 01:53:45,933 - kaldo - INFO - Completed IBZ k-point 363/3375 (index 88)
2026-06-14 01:53:45,933 - kaldo - INFO - Completed IBZ k-point 364/3375 (index 3340)
2026-06-14 01:53:45,933 - kaldo - INFO - Completed IBZ k-point 365/3375 (index 1849)
2026-06-14 01:53:45,933 - kaldo - INFO - Completed IBZ k-point 366/3375 (index 2909)
2026-06-14 01:53:45,933 - kaldo - INFO - Completed IBZ k-point 367/3375 (index 1585)
2026-06-14 01:53:45,933 - kaldo - INFO - Completed IBZ k-point 368/3375 (index 502)
2026-06-14 01:53:45,933 - kaldo - INFO - Completed IBZ k-point 369/3375 (index 968)
2026-06-14 01:53:45,933 - kaldo - INFO - Completed IBZ k-point 370/3375 (index 593)
2026-06-14 01:53:45,933 - kaldo - INFO - Completed IBZ k-point 371/3375 (index 36)
2026-06-14 01:53:45,933 - kaldo - INFO - Completed IBZ k-point 372/3375 (index 3337)
2026-06-14 01:53:45,933 - kaldo - INFO - Completed IBZ k-point 373/3375 (index 1024)
2026-06-14 01:53:45,933 - kaldo - INFO - Completed IBZ k-point 374/3375 (index 3027)
2026-06-14 01:53:45,933 - kaldo - INFO - Completed IBZ k-point 375/3375 (index 2808)
2026-06-14 01:53:45,933 - kaldo - INFO - Completed IBZ k-point 376/3375 (index 993)
2026-06-14 01:53:45,933 - kaldo - INFO - Completed IBZ k-point 377/3375 (index 1668)
2026-06-14 01:53:45,933 - kaldo - INFO - Completed IBZ k-point 378/3375 (index 467)
2026-06-14 01:53:45,933 - kaldo - INFO - Completed IBZ k-point 379/3375 (index 183)
2026-06-14 01:53:45,933 - kaldo - INFO - Completed IBZ k-point 380/3375 (index 1613)
2026-06-14 01:53:45,933 - kaldo - INFO - Completed IBZ k-point 381/3375 (index 970)
2026-06-14 01:53:45,933 - kaldo - INFO - Completed IBZ k-point 382/3375 (index 3338)
2026-06-14 01:53:45,933 - kaldo - INFO - Completed IBZ k-point 383/3375 (index 2980)
2026-06-14 01:53:45,933 - kaldo - INFO - Completed IBZ k-point 384/3375 (index 331)
2026-06-14 01:53:45,933 - kaldo - INFO - Completed IBZ k-point 385/3375 (index 1021)
2026-06-14 01:53:45,933 - kaldo - INFO - Completed IBZ k-point 386/3375 (index 598)
2026-06-14 01:53:45,934 - kaldo - INFO - Completed IBZ k-point 387/3375 (index 254)
2026-06-14 01:53:45,934 - kaldo - INFO - Completed IBZ k-point 388/3375 (index 912)
2026-06-14 01:53:45,934 - kaldo - INFO - Completed IBZ k-point 389/3375 (index 589)
2026-06-14 01:53:45,934 - kaldo - INFO - Completed IBZ k-point 390/3375 (index 235)
2026-06-14 01:53:45,934 - kaldo - INFO - Completed IBZ k-point 391/3375 (index 3351)
2026-06-14 01:53:45,934 - kaldo - INFO - Completed IBZ k-point 392/3375 (index 3328)
2026-06-14 01:53:45,934 - kaldo - INFO - Completed IBZ k-point 393/3375 (index 941)
2026-06-14 01:53:45,934 - kaldo - INFO - Completed IBZ k-point 394/3375 (index 2804)
2026-06-14 01:53:45,934 - kaldo - INFO - Completed IBZ k-point 395/3375 (index 834)
2026-06-14 01:53:45,934 - kaldo - INFO - Completed IBZ k-point 396/3375 (index 2)
2026-06-14 01:53:45,934 - kaldo - INFO - Completed IBZ k-point 397/3375 (index 2989)
2026-06-14 01:53:45,934 - kaldo - INFO - Completed IBZ k-point 398/3375 (index 189)
2026-06-14 01:53:45,934 - kaldo - INFO - Completed IBZ k-point 399/3375 (index 2902)
2026-06-14 01:53:45,934 - kaldo - INFO - Completed IBZ k-point 400/3375 (index 591)
2026-06-14 01:53:45,934 - kaldo - INFO - Completed IBZ k-point 401/3375 (index 1486)
2026-06-14 01:53:45,934 - kaldo - INFO - Completed IBZ k-point 402/3375 (index 755)
2026-06-14 01:53:45,934 - kaldo - INFO - Completed IBZ k-point 403/3375 (index 3330)
2026-06-14 01:53:45,934 - kaldo - INFO - Completed IBZ k-point 404/3375 (index 1015)
2026-06-14 01:53:45,934 - kaldo - INFO - Completed IBZ k-point 405/3375 (index 455)
2026-06-14 01:53:45,934 - kaldo - INFO - Completed IBZ k-point 406/3375 (index 2958)
2026-06-14 01:53:45,934 - kaldo - INFO - Completed IBZ k-point 407/3375 (index 1480)
2026-06-14 01:53:45,934 - kaldo - INFO - Completed IBZ k-point 408/3375 (index 871)
2026-06-14 01:53:45,934 - kaldo - INFO - Completed IBZ k-point 409/3375 (index 2942)
2026-06-14 01:53:45,934 - kaldo - INFO - Completed IBZ k-point 410/3375 (index 1631)
2026-06-14 01:53:45,934 - kaldo - INFO - Completed IBZ k-point 411/3375 (index 3329)
2026-06-14 01:53:45,934 - kaldo - INFO - Completed IBZ k-point 412/3375 (index 1493)
2026-06-14 01:53:45,934 - kaldo - INFO - Completed IBZ k-point 413/3375 (index 215)
2026-06-14 01:53:45,934 - kaldo - INFO - Completed IBZ k-point 414/3375 (index 2946)
2026-06-14 01:53:45,934 - kaldo - INFO - Completed IBZ k-point 415/3375 (index 952)
2026-06-14 01:53:45,934 - kaldo - INFO - Completed IBZ k-point 416/3375 (index 1821)
2026-06-14 01:53:45,935 - kaldo - INFO - Completed IBZ k-point 417/3375 (index 3322)
2026-06-14 01:53:45,935 - kaldo - INFO - Completed IBZ k-point 418/3375 (index 1841)
2026-06-14 01:53:45,935 - kaldo - INFO - Completed IBZ k-point 419/3375 (index 3028)
2026-06-14 01:53:45,935 - kaldo - INFO - Completed IBZ k-point 420/3375 (index 1598)
2026-06-14 01:53:45,935 - kaldo - INFO - Completed IBZ k-point 421/3375 (index 3324)
2026-06-14 01:53:45,935 - kaldo - INFO - Completed IBZ k-point 422/3375 (index 1005)
2026-06-14 01:53:45,935 - kaldo - INFO - Completed IBZ k-point 423/3375 (index 3331)
2026-06-14 01:53:45,935 - kaldo - INFO - Completed IBZ k-point 424/3375 (index 2801)
2026-06-14 01:53:45,935 - kaldo - INFO - Completed IBZ k-point 425/3375 (index 982)
2026-06-14 01:53:45,935 - kaldo - INFO - Completed IBZ k-point 426/3375 (index 910)
2026-06-14 01:53:45,935 - kaldo - INFO - Completed IBZ k-point 427/3375 (index 3345)
2026-06-14 01:53:45,935 - kaldo - INFO - Completed IBZ k-point 428/3375 (index 1038)
2026-06-14 01:53:45,935 - kaldo - INFO - Completed IBZ k-point 429/3375 (index 319)
2026-06-14 01:53:45,935 - kaldo - INFO - Completed IBZ k-point 430/3375 (index 1819)
2026-06-14 01:53:45,935 - kaldo - INFO - Completed IBZ k-point 431/3375 (index 967)
2026-06-14 01:53:45,935 - kaldo - INFO - Completed IBZ k-point 432/3375 (index 202)
2026-06-14 01:53:45,935 - kaldo - INFO - Completed IBZ k-point 433/3375 (index 1062)
2026-06-14 01:53:45,935 - kaldo - INFO - Completed IBZ k-point 434/3375 (index 951)
2026-06-14 01:53:45,935 - kaldo - INFO - Completed IBZ k-point 435/3375 (index 3341)
2026-06-14 01:53:45,935 - kaldo - INFO - Completed IBZ k-point 436/3375 (index 3034)
2026-06-14 01:53:45,935 - kaldo - INFO - Completed IBZ k-point 437/3375 (index 1904)
2026-06-14 01:53:45,935 - kaldo - INFO - Completed IBZ k-point 438/3375 (index 2800)
2026-06-14 01:53:45,935 - kaldo - INFO - Completed IBZ k-point 439/3375 (index 1002)
2026-06-14 01:53:45,935 - kaldo - INFO - Completed IBZ k-point 440/3375 (index 305)
2026-06-14 01:53:45,935 - kaldo - INFO - Completed IBZ k-point 441/3375 (index 1719)
2026-06-14 01:53:45,935 - kaldo - INFO - Completed IBZ k-point 442/3375 (index 1064)
2026-06-14 01:53:45,935 - kaldo - INFO - Completed IBZ k-point 443/3375 (index 302)
2026-06-14 01:53:45,935 - kaldo - INFO - Completed IBZ k-point 444/3375 (index 2959)
2026-06-14 01:53:45,935 - kaldo - INFO - Completed IBZ k-point 445/3375 (index 1678)
2026-06-14 01:53:45,936 - kaldo - INFO - Completed IBZ k-point 446/3375 (index 913)
2026-06-14 01:53:45,936 - kaldo - INFO - Completed IBZ k-point 447/3375 (index 1808)
2026-06-14 01:53:45,936 - kaldo - INFO - Completed IBZ k-point 448/3375 (index 1488)
2026-06-14 01:53:45,936 - kaldo - INFO - Completed IBZ k-point 449/3375 (index 821)
2026-06-14 01:53:45,936 - kaldo - INFO - Completed IBZ k-point 450/3375 (index 2941)
2026-06-14 01:53:45,936 - kaldo - INFO - Completed IBZ k-point 451/3375 (index 1675)
2026-06-14 01:53:45,936 - kaldo - INFO - Completed IBZ k-point 452/3375 (index 911)
2026-06-14 01:53:45,936 - kaldo - INFO - Completed IBZ k-point 453/3375 (index 2979)
2026-06-14 01:53:45,936 - kaldo - INFO - Completed IBZ k-point 454/3375 (index 1658)
2026-06-14 01:53:45,936 - kaldo - INFO - Completed IBZ k-point 455/3375 (index 915)
2026-06-14 01:53:45,936 - kaldo - INFO - Completed IBZ k-point 456/3375 (index 3332)
2026-06-14 01:53:45,936 - kaldo - INFO - Completed IBZ k-point 457/3375 (index 945)
2026-06-14 01:53:45,936 - kaldo - INFO - Completed IBZ k-point 458/3375 (index 298)
2026-06-14 01:53:45,936 - kaldo - INFO - Completed IBZ k-point 459/3375 (index 1070)
2026-06-14 01:53:45,936 - kaldo - INFO - Completed IBZ k-point 460/3375 (index 3015)
2026-06-14 01:53:45,936 - kaldo - INFO - Completed IBZ k-point 461/3375 (index 1673)
2026-06-14 01:53:45,936 - kaldo - INFO - Completed IBZ k-point 462/3375 (index 902)
2026-06-14 01:53:45,936 - kaldo - INFO - Completed IBZ k-point 463/3375 (index 3317)
2026-06-14 01:53:45,936 - kaldo - INFO - Completed IBZ k-point 464/3375 (index 3320)
2026-06-14 01:53:45,936 - kaldo - INFO - Completed IBZ k-point 465/3375 (index 2799)
2026-06-14 01:53:45,936 - kaldo - INFO - Completed IBZ k-point 466/3375 (index 2916)
2026-06-14 01:53:45,936 - kaldo - INFO - Completed IBZ k-point 467/3375 (index 1622)
2026-06-14 01:53:45,936 - kaldo - INFO - Completed IBZ k-point 468/3375 (index 949)
2026-06-14 01:53:45,936 - kaldo - INFO - Completed IBZ k-point 469/3375 (index 1707)
2026-06-14 01:53:45,936 - kaldo - INFO - Completed IBZ k-point 470/3375 (index 3319)
2026-06-14 01:53:45,936 - kaldo - INFO - Completed IBZ k-point 471/3375 (index 1829)
2026-06-14 01:53:45,936 - kaldo - INFO - Completed IBZ k-point 472/3375 (index 1025)
2026-06-14 01:53:45,936 - kaldo - INFO - Completed IBZ k-point 473/3375 (index 1824)
2026-06-14 01:53:45,936 - kaldo - INFO - Completed IBZ k-point 474/3375 (index 297)
2026-06-14 01:53:45,936 - kaldo - INFO - Completed IBZ k-point 475/3375 (index 490)
2026-06-14 01:53:45,937 - kaldo - INFO - Completed IBZ k-point 476/3375 (index 3321)
2026-06-14 01:53:45,937 - kaldo - INFO - Completed IBZ k-point 477/3375 (index 1000)
2026-06-14 01:53:45,937 - kaldo - INFO - Completed IBZ k-point 478/3375 (index 975)
2026-06-14 01:53:45,937 - kaldo - INFO - Completed IBZ k-point 479/3375 (index 2951)
2026-06-14 01:53:45,937 - kaldo - INFO - Completed IBZ k-point 480/3375 (index 1016)
2026-06-14 01:53:45,937 - kaldo - INFO - Completed IBZ k-point 481/3375 (index 994)
2026-06-14 01:53:45,937 - kaldo - INFO - Completed IBZ k-point 482/3375 (index 947)
2026-06-14 01:53:45,937 - kaldo - INFO - Completed IBZ k-point 483/3375 (index 311)
2026-06-14 01:53:45,937 - kaldo - INFO - Completed IBZ k-point 484/3375 (index 1029)
2026-06-14 01:53:45,937 - kaldo - INFO - Completed IBZ k-point 485/3375 (index 3025)
2026-06-14 01:53:45,937 - kaldo - INFO - Completed IBZ k-point 486/3375 (index 1001)
2026-06-14 01:53:45,937 - kaldo - INFO - Completed IBZ k-point 487/3375 (index 269)
2026-06-14 01:53:45,937 - kaldo - INFO - Completed IBZ k-point 488/3375 (index 1820)
2026-06-14 01:53:45,937 - kaldo - INFO - Completed IBZ k-point 489/3375 (index 2990)
2026-06-14 01:53:45,937 - kaldo - INFO - Completed IBZ k-point 490/3375 (index 1684)
2026-06-14 01:53:45,937 - kaldo - INFO - Completed IBZ k-point 491/3375 (index 1041)
2026-06-14 01:53:45,937 - kaldo - INFO - Completed IBZ k-point 492/3375 (index 43)
2026-06-14 01:53:45,937 - kaldo - INFO - Completed IBZ k-point 493/3375 (index 3323)
2026-06-14 01:53:45,937 - kaldo - INFO - Completed IBZ k-point 494/3375 (index 1799)
2026-06-14 01:53:45,937 - kaldo - INFO - Completed IBZ k-point 495/3375 (index 3327)
2026-06-14 01:53:45,937 - kaldo - INFO - Completed IBZ k-point 496/3375 (index 1637)
2026-06-14 01:53:45,937 - kaldo - INFO - Completed IBZ k-point 497/3375 (index 1048)
2026-06-14 01:53:45,937 - kaldo - INFO - Completed IBZ k-point 498/3375 (index 405)
2026-06-14 01:53:45,937 - kaldo - INFO - Completed IBZ k-point 499/3375 (index 3349)
2026-06-14 01:53:45,937 - kaldo - INFO - Completed IBZ k-point 500/3375 (index 978)
2026-06-14 01:53:45,937 - kaldo - INFO - Completed IBZ k-point 501/3375 (index 1801)
2026-06-14 01:53:45,937 - kaldo - INFO - Completed IBZ k-point 502/3375 (index 1013)
2026-06-14 01:53:45,937 - kaldo - INFO - Completed IBZ k-point 503/3375 (index 296)
2026-06-14 01:53:45,937 - kaldo - INFO - Completed IBZ k-point 504/3375 (index 1680)
2026-06-14 01:53:45,938 - kaldo - INFO - Completed IBZ k-point 505/3375 (index 1023)
2026-06-14 01:53:45,938 - kaldo - INFO - Completed IBZ k-point 506/3375 (index 401)
2026-06-14 01:53:45,938 - kaldo - INFO - Completed IBZ k-point 507/3375 (index 3002)
2026-06-14 01:53:45,938 - kaldo - INFO - Completed IBZ k-point 508/3375 (index 1632)
2026-06-14 01:53:45,938 - kaldo - INFO - Completed IBZ k-point 509/3375 (index 3316)
2026-06-14 01:53:45,938 - kaldo - INFO - Completed IBZ k-point 510/3375 (index 833)
2026-06-14 01:53:45,938 - kaldo - INFO - Completed IBZ k-point 511/3375 (index 2915)
2026-06-14 01:53:45,938 - kaldo - INFO - Completed IBZ k-point 512/3375 (index 1708)
2026-06-14 01:53:45,938 - kaldo - INFO - Completed IBZ k-point 513/3375 (index 965)
2026-06-14 01:53:45,938 - kaldo - INFO - Completed IBZ k-point 514/3375 (index 57)
2026-06-14 01:53:45,938 - kaldo - INFO - Completed IBZ k-point 515/3375 (index 3313)
2026-06-14 01:53:45,938 - kaldo - INFO - Completed IBZ k-point 516/3375 (index 1087)
2026-06-14 01:53:45,938 - kaldo - INFO - Completed IBZ k-point 517/3375 (index 835)
2026-06-14 01:53:45,938 - kaldo - INFO - Completed IBZ k-point 518/3375 (index 3346)
2026-06-14 01:53:45,938 - kaldo - INFO - Completed IBZ k-point 519/3375 (index 1838)
2026-06-14 01:53:45,938 - kaldo - INFO - Completed IBZ k-point 520/3375 (index 2956)
2026-06-14 01:53:45,938 - kaldo - INFO - Completed IBZ k-point 521/3375 (index 1624)
2026-06-14 01:53:45,938 - kaldo - INFO - Completed IBZ k-point 522/3375 (index 980)
2026-06-14 01:53:45,938 - kaldo - INFO - Completed IBZ k-point 523/3375 (index 1030)
2026-06-14 01:53:45,938 - kaldo - INFO - Completed IBZ k-point 524/3375 (index 3311)
2026-06-14 01:53:45,938 - kaldo - INFO - Completed IBZ k-point 525/3375 (index 1812)
2026-06-14 01:53:45,938 - kaldo - INFO - Completed IBZ k-point 526/3375 (index 1078)
2026-06-14 01:53:45,938 - kaldo - INFO - Completed IBZ k-point 527/3375 (index 138)
2026-06-14 01:53:45,938 - kaldo - INFO - Completed IBZ k-point 528/3375 (index 23)
2026-06-14 01:53:45,938 - kaldo - INFO - Completed IBZ k-point 529/3375 (index 3318)
2026-06-14 01:53:45,938 - kaldo - INFO - Completed IBZ k-point 530/3375 (index 1007)
2026-06-14 01:53:45,938 - kaldo - INFO - Completed IBZ k-point 531/3375 (index 244)
2026-06-14 01:53:45,938 - kaldo - INFO - Completed IBZ k-point 532/3375 (index 1822)
2026-06-14 01:53:45,938 - kaldo - INFO - Completed IBZ k-point 533/3375 (index 1080)
2026-06-14 01:53:45,938 - kaldo - INFO - Completed IBZ k-point 534/3375 (index 315)
2026-06-14 01:53:45,939 - kaldo - INFO - Completed IBZ k-point 535/3375 (index 1473)
2026-06-14 01:53:45,939 - kaldo - INFO - Completed IBZ k-point 536/3375 (index 324)
2026-06-14 01:53:45,939 - kaldo - INFO - Completed IBZ k-point 537/3375 (index 2926)
2026-06-14 01:53:45,939 - kaldo - INFO - Completed IBZ k-point 538/3375 (index 1669)
2026-06-14 01:53:45,939 - kaldo - INFO - Completed IBZ k-point 539/3375 (index 990)
2026-06-14 01:53:45,939 - kaldo - INFO - Completed IBZ k-point 540/3375 (index 1003)
2026-06-14 01:53:45,939 - kaldo - INFO - Completed IBZ k-point 541/3375 (index 272)
2026-06-14 01:53:45,939 - kaldo - INFO - Completed IBZ k-point 542/3375 (index 2793)
2026-06-14 01:53:45,939 - kaldo - INFO - Completed IBZ k-point 543/3375 (index 1519)
2026-06-14 01:53:45,939 - kaldo - INFO - Completed IBZ k-point 544/3375 (index 279)
2026-06-14 01:53:45,939 - kaldo - INFO - Completed IBZ k-point 545/3375 (index 1844)
2026-06-14 01:53:45,939 - kaldo - INFO - Completed IBZ k-point 546/3375 (index 998)
2026-06-14 01:53:45,939 - kaldo - INFO - Completed IBZ k-point 547/3375 (index 892)
2026-06-14 01:53:45,939 - kaldo - INFO - Completed IBZ k-point 548/3375 (index 3308)
2026-06-14 01:53:45,939 - kaldo - INFO - Completed IBZ k-point 549/3375 (index 1827)
2026-06-14 01:53:45,939 - kaldo - INFO - Completed IBZ k-point 550/3375 (index 1505)
2026-06-14 01:53:45,939 - kaldo - INFO - Completed IBZ k-point 551/3375 (index 288)
2026-06-14 01:53:45,939 - kaldo - INFO - Completed IBZ k-point 552/3375 (index 3342)
2026-06-14 01:53:45,939 - kaldo - INFO - Completed IBZ k-point 553/3375 (index 1813)
2026-06-14 01:53:45,939 - kaldo - INFO - Completed IBZ k-point 554/3375 (index 308)
2026-06-14 01:53:45,939 - kaldo - INFO - Completed IBZ k-point 555/3375 (index 3307)
2026-06-14 01:53:45,939 - kaldo - INFO - Completed IBZ k-point 556/3375 (index 2998)
2026-06-14 01:53:45,939 - kaldo - INFO - Completed IBZ k-point 557/3375 (index 41)
2026-06-14 01:53:45,939 - kaldo - INFO - Completed IBZ k-point 558/3375 (index 3024)
2026-06-14 01:53:45,939 - kaldo - INFO - Completed IBZ k-point 559/3375 (index 3306)
2026-06-14 01:53:45,939 - kaldo - INFO - Completed IBZ k-point 560/3375 (index 142)
2026-06-14 01:53:45,939 - kaldo - INFO - Completed IBZ k-point 561/3375 (index 2796)
2026-06-14 01:53:45,939 - kaldo - INFO - Completed IBZ k-point 562/3375 (index 996)
2026-06-14 01:53:45,939 - kaldo - INFO - Completed IBZ k-point 563/3375 (index 3305)
2026-06-14 01:53:45,940 - kaldo - INFO - Completed IBZ k-point 564/3375 (index 1004)
2026-06-14 01:53:45,940 - kaldo - INFO - Completed IBZ k-point 565/3375 (index 227)
2026-06-14 01:53:45,940 - kaldo - INFO - Completed IBZ k-point 566/3375 (index 2919)
2026-06-14 01:53:45,940 - kaldo - INFO - Completed IBZ k-point 567/3375 (index 574)
2026-06-14 01:53:45,940 - kaldo - INFO - Completed IBZ k-point 568/3375 (index 2791)
2026-06-14 01:53:45,940 - kaldo - INFO - Completed IBZ k-point 569/3375 (index 1817)
2026-06-14 01:53:45,940 - kaldo - INFO - Completed IBZ k-point 570/3375 (index 1836)
2026-06-14 01:53:45,940 - kaldo - INFO - Completed IBZ k-point 571/3375 (index 1590)
2026-06-14 01:53:45,940 - kaldo - INFO - Completed IBZ k-point 572/3375 (index 575)
2026-06-14 01:53:45,940 - kaldo - INFO - Completed IBZ k-point 573/3375 (index 1589)
2026-06-14 01:53:45,940 - kaldo - INFO - Completed IBZ k-point 574/3375 (index 3301)
2026-06-14 01:53:45,940 - kaldo - INFO - Completed IBZ k-point 575/3375 (index 929)
2026-06-14 01:53:45,940 - kaldo - INFO - Completed IBZ k-point 576/3375 (index 856)
2026-06-14 01:53:45,940 - kaldo - INFO - Completed IBZ k-point 577/3375 (index 3304)
2026-06-14 01:53:45,940 - kaldo - INFO - Completed IBZ k-point 578/3375 (index 1610)
2026-06-14 01:53:45,940 - kaldo - INFO - Completed IBZ k-point 579/3375 (index 1663)
2026-06-14 01:53:45,940 - kaldo - INFO - Completed IBZ k-point 580/3375 (index 1027)
2026-06-14 01:53:45,940 - kaldo - INFO - Completed IBZ k-point 581/3375 (index 876)
2026-06-14 01:53:45,940 - kaldo - INFO - Completed IBZ k-point 582/3375 (index 3326)
2026-06-14 01:53:45,940 - kaldo - INFO - Completed IBZ k-point 583/3375 (index 1796)
2026-06-14 01:53:45,940 - kaldo - INFO - Completed IBZ k-point 584/3375 (index 2992)
2026-06-14 01:53:45,940 - kaldo - INFO - Completed IBZ k-point 585/3375 (index 1606)
2026-06-14 01:53:45,940 - kaldo - INFO - Completed IBZ k-point 586/3375 (index 1629)
2026-06-14 01:53:45,940 - kaldo - INFO - Completed IBZ k-point 587/3375 (index 999)
2026-06-14 01:53:45,940 - kaldo - INFO - Completed IBZ k-point 588/3375 (index 1079)
2026-06-14 01:53:45,940 - kaldo - INFO - Completed IBZ k-point 589/3375 (index 375)
2026-06-14 01:53:45,940 - kaldo - INFO - Completed IBZ k-point 590/3375 (index 3297)
2026-06-14 01:53:45,940 - kaldo - INFO - Completed IBZ k-point 591/3375 (index 2780)
2026-06-14 01:53:45,940 - kaldo - INFO - Completed IBZ k-point 592/3375 (index 3014)
2026-06-14 01:53:45,941 - kaldo - INFO - Completed IBZ k-point 593/3375 (index 1633)
2026-06-14 01:53:45,941 - kaldo - INFO - Completed IBZ k-point 594/3375 (index 72)
2026-06-14 01:53:45,941 - kaldo - INFO - Completed IBZ k-point 595/3375 (index 3296)
2026-06-14 01:53:45,941 - kaldo - INFO - Completed IBZ k-point 596/3375 (index 78)
2026-06-14 01:53:45,941 - kaldo - INFO - Completed IBZ k-point 597/3375 (index 1010)
2026-06-14 01:53:45,941 - kaldo - INFO - Completed IBZ k-point 598/3375 (index 1830)
2026-06-14 01:53:45,941 - kaldo - INFO - Completed IBZ k-point 599/3375 (index 989)
2026-06-14 01:53:45,941 - kaldo - INFO - Completed IBZ k-point 600/3375 (index 2997)
2026-06-14 01:53:45,941 - kaldo - INFO - Completed IBZ k-point 601/3375 (index 1661)
2026-06-14 01:53:45,941 - kaldo - INFO - Completed IBZ k-point 602/3375 (index 569)
2026-06-14 01:53:45,941 - kaldo - INFO - Completed IBZ k-point 603/3375 (index 3293)
2026-06-14 01:53:45,941 - kaldo - INFO - Completed IBZ k-point 604/3375 (index 3291)
2026-06-14 01:53:45,941 - kaldo - INFO - Completed IBZ k-point 605/3375 (index 1028)
2026-06-14 01:53:45,941 - kaldo - INFO - Completed IBZ k-point 606/3375 (index 2779)
2026-06-14 01:53:45,941 - kaldo - INFO - Completed IBZ k-point 607/3375 (index 979)
2026-06-14 01:53:45,941 - kaldo - INFO - Completed IBZ k-point 608/3375 (index 327)
2026-06-14 01:53:45,941 - kaldo - INFO - Completed IBZ k-point 609/3375 (index 971)
2026-06-14 01:53:45,941 - kaldo - INFO - Completed IBZ k-point 610/3375 (index 220)
2026-06-14 01:53:45,941 - kaldo - INFO - Completed IBZ k-point 611/3375 (index 3298)
2026-06-14 01:53:45,941 - kaldo - INFO - Completed IBZ k-point 612/3375 (index 2911)
2026-06-14 01:53:45,941 - kaldo - INFO - Completed IBZ k-point 613/3375 (index 283)
2026-06-14 01:53:45,941 - kaldo - INFO - Completed IBZ k-point 614/3375 (index 2867)
2026-06-14 01:53:45,941 - kaldo - INFO - Completed IBZ k-point 615/3375 (index 1540)
2026-06-14 01:53:45,941 - kaldo - INFO - Completed IBZ k-point 616/3375 (index 916)
2026-06-14 01:53:45,941 - kaldo - INFO - Completed IBZ k-point 617/3375 (index 2994)
2026-06-14 01:53:45,941 - kaldo - INFO - Completed IBZ k-point 618/3375 (index 1621)
2026-06-14 01:53:45,941 - kaldo - INFO - Completed IBZ k-point 619/3375 (index 1037)
2026-06-14 01:53:45,941 - kaldo - INFO - Completed IBZ k-point 620/3375 (index 3295)
2026-06-14 01:53:45,941 - kaldo - INFO - Completed IBZ k-point 621/3375 (index 1659)
2026-06-14 01:53:45,942 - kaldo - INFO - Completed IBZ k-point 622/3375 (index 242)
2026-06-14 01:53:45,942 - kaldo - INFO - Completed IBZ k-point 623/3375 (index 1810)
2026-06-14 01:53:45,942 - kaldo - INFO - Completed IBZ k-point 624/3375 (index 309)
2026-06-14 01:53:45,942 - kaldo - INFO - Completed IBZ k-point 625/3375 (index 3292)
2026-06-14 01:53:45,942 - kaldo - INFO - Completed IBZ k-point 626/3375 (index 2995)
2026-06-14 01:53:45,942 - kaldo - INFO - Completed IBZ k-point 627/3375 (index 3325)
2026-06-14 01:53:45,942 - kaldo - INFO - Completed IBZ k-point 628/3375 (index 3294)
2026-06-14 01:53:45,942 - kaldo - INFO - Completed IBZ k-point 629/3375 (index 1839)
2026-06-14 01:53:45,942 - kaldo - INFO - Completed IBZ k-point 630/3375 (index 977)
2026-06-14 01:53:45,942 - kaldo - INFO - Completed IBZ k-point 631/3375 (index 846)
2026-06-14 01:53:45,942 - kaldo - INFO - Completed IBZ k-point 632/3375 (index 1718)
2026-06-14 01:53:45,942 - kaldo - INFO - Completed IBZ k-point 633/3375 (index 1019)
2026-06-14 01:53:45,942 - kaldo - INFO - Completed IBZ k-point 634/3375 (index 270)
2026-06-14 01:53:45,942 - kaldo - INFO - Completed IBZ k-point 635/3375 (index 1552)
2026-06-14 01:53:45,942 - kaldo - INFO - Completed IBZ k-point 636/3375 (index 24)
2026-06-14 01:53:45,942 - kaldo - INFO - Completed IBZ k-point 637/3375 (index 3300)
2026-06-14 01:53:45,942 - kaldo - INFO - Completed IBZ k-point 638/3375 (index 3281)
2026-06-14 01:53:45,942 - kaldo - INFO - Completed IBZ k-point 639/3375 (index 2996)
2026-06-14 01:53:45,942 - kaldo - INFO - Completed IBZ k-point 640/3375 (index 1608)
2026-06-14 01:53:45,942 - kaldo - INFO - Completed IBZ k-point 641/3375 (index 320)
2026-06-14 01:53:45,942 - kaldo - INFO - Completed IBZ k-point 642/3375 (index 3282)
2026-06-14 01:53:45,942 - kaldo - INFO - Completed IBZ k-point 643/3375 (index 374)
2026-06-14 01:53:45,942 - kaldo - INFO - Completed IBZ k-point 644/3375 (index 2762)
2026-06-14 01:53:45,942 - kaldo - INFO - Completed IBZ k-point 645/3375 (index 953)
2026-06-14 01:53:45,942 - kaldo - INFO - Completed IBZ k-point 646/3375 (index 2940)
2026-06-14 01:53:45,942 - kaldo - INFO - Completed IBZ k-point 647/3375 (index 1605)
2026-06-14 01:53:45,942 - kaldo - INFO - Completed IBZ k-point 648/3375 (index 1040)
2026-06-14 01:53:45,942 - kaldo - INFO - Completed IBZ k-point 649/3375 (index 3302)
2026-06-14 01:53:45,942 - kaldo - INFO - Completed IBZ k-point 650/3375 (index 1672)
2026-06-14 01:53:45,943 - kaldo - INFO - Completed IBZ k-point 651/3375 (index 3268)
2026-06-14 01:53:45,943 - kaldo - INFO - Completed IBZ k-point 652/3375 (index 1800)
2026-06-14 01:53:45,943 - kaldo - INFO - Completed IBZ k-point 653/3375 (index 343)
2026-06-14 01:53:45,943 - kaldo - INFO - Completed IBZ k-point 654/3375 (index 3038)
2026-06-14 01:53:45,943 - kaldo - INFO - Completed IBZ k-point 655/3375 (index 1611)
2026-06-14 01:53:45,943 - kaldo - INFO - Completed IBZ k-point 656/3375 (index 1036)
2026-06-14 01:53:45,943 - kaldo - INFO - Completed IBZ k-point 657/3375 (index 3303)
2026-06-14 01:53:45,943 - kaldo - INFO - Completed IBZ k-point 658/3375 (index 3248)
2026-06-14 01:53:45,943 - kaldo - INFO - Completed IBZ k-point 659/3375 (index 961)
2026-06-14 01:53:45,943 - kaldo - INFO - Completed IBZ k-point 660/3375 (index 946)
2026-06-14 01:53:45,943 - kaldo - INFO - Completed IBZ k-point 661/3375 (index 349)
2026-06-14 01:53:45,943 - kaldo - INFO - Completed IBZ k-point 662/3375 (index 84)
2026-06-14 01:53:45,943 - kaldo - INFO - Completed IBZ k-point 663/3375 (index 3315)
2026-06-14 01:53:45,943 - kaldo - INFO - Completed IBZ k-point 664/3375 (index 1852)
2026-06-14 01:53:45,943 - kaldo - INFO - Completed IBZ k-point 665/3375 (index 384)
2026-06-14 01:53:45,943 - kaldo - INFO - Completed IBZ k-point 666/3375 (index 3001)
2026-06-14 01:53:45,943 - kaldo - INFO - Completed IBZ k-point 667/3375 (index 3299)
2026-06-14 01:53:45,943 - kaldo - INFO - Completed IBZ k-point 668/3375 (index 2960)
2026-06-14 01:53:45,943 - kaldo - INFO - Completed IBZ k-point 669/3375 (index 886)
2026-06-14 01:53:45,943 - kaldo - INFO - Completed IBZ k-point 670/3375 (index 2600)
2026-06-14 01:53:45,943 - kaldo - INFO - Completed IBZ k-point 671/3375 (index 94)
2026-06-14 01:53:45,943 - kaldo - INFO - Completed IBZ k-point 672/3375 (index 2606)
2026-06-14 01:53:45,943 - kaldo - INFO - Completed IBZ k-point 673/3375 (index 143)
2026-06-14 01:53:45,943 - kaldo - INFO - Completed IBZ k-point 674/3375 (index 42)
2026-06-14 01:53:45,943 - kaldo - INFO - Completed IBZ k-point 675/3375 (index 2603)
2026-06-14 01:53:45,943 - kaldo - INFO - Completed IBZ k-point 676/3375 (index 39)
2026-06-14 01:53:45,943 - kaldo - INFO - Completed IBZ k-point 677/3375 (index 2596)
2026-06-14 01:53:45,943 - kaldo - INFO - Completed IBZ k-point 678/3375 (index 76)
2026-06-14 01:53:45,943 - kaldo - INFO - Completed IBZ k-point 679/3375 (index 2598)
2026-06-14 01:53:45,943 - kaldo - INFO - Completed IBZ k-point 680/3375 (index 1416)
2026-06-14 01:53:45,944 - kaldo - INFO - Completed IBZ k-point 681/3375 (index 2595)
2026-06-14 01:53:45,944 - kaldo - INFO - Completed IBZ k-point 682/3375 (index 1660)
2026-06-14 01:53:45,944 - kaldo - INFO - Completed IBZ k-point 683/3375 (index 44)
2026-06-14 01:53:45,944 - kaldo - INFO - Completed IBZ k-point 684/3375 (index 2604)
2026-06-14 01:53:45,944 - kaldo - INFO - Completed IBZ k-point 685/3375 (index 1572)
2026-06-14 01:53:45,944 - kaldo - INFO - Completed IBZ k-point 686/3375 (index 2594)
2026-06-14 01:53:45,944 - kaldo - INFO - Completed IBZ k-point 687/3375 (index 1415)
2026-06-14 01:53:45,944 - kaldo - INFO - Completed IBZ k-point 688/3375 (index 52)
2026-06-14 01:53:45,944 - kaldo - INFO - Completed IBZ k-point 689/3375 (index 2593)
2026-06-14 01:53:45,944 - kaldo - INFO - Completed IBZ k-point 690/3375 (index 2592)
2026-06-14 01:53:45,944 - kaldo - INFO - Completed IBZ k-point 691/3375 (index 1395)
2026-06-14 01:53:45,944 - kaldo - INFO - Completed IBZ k-point 692/3375 (index 2591)
2026-06-14 01:53:45,944 - kaldo - INFO - Completed IBZ k-point 693/3375 (index 2597)
2026-06-14 01:53:45,944 - kaldo - INFO - Completed IBZ k-point 694/3375 (index 2078)
2026-06-14 01:53:45,944 - kaldo - INFO - Completed IBZ k-point 695/3375 (index 2590)
2026-06-14 01:53:45,944 - kaldo - INFO - Completed IBZ k-point 696/3375 (index 58)
2026-06-14 01:53:45,944 - kaldo - INFO - Completed IBZ k-point 697/3375 (index 2609)
2026-06-14 01:53:45,944 - kaldo - INFO - Completed IBZ k-point 698/3375 (index 2589)
2026-06-14 01:53:45,944 - kaldo - INFO - Completed IBZ k-point 699/3375 (index 2588)
2026-06-14 01:53:45,944 - kaldo - INFO - Completed IBZ k-point 700/3375 (index 1390)
2026-06-14 01:53:45,944 - kaldo - INFO - Completed IBZ k-point 701/3375 (index 2599)
2026-06-14 01:53:45,944 - kaldo - INFO - Completed IBZ k-point 702/3375 (index 1441)
2026-06-14 01:53:45,944 - kaldo - INFO - Completed IBZ k-point 703/3375 (index 2587)
2026-06-14 01:53:45,944 - kaldo - INFO - Completed IBZ k-point 704/3375 (index 1770)
2026-06-14 01:53:45,944 - kaldo - INFO - Completed IBZ k-point 705/3375 (index 2602)
2026-06-14 01:53:45,944 - kaldo - INFO - Completed IBZ k-point 706/3375 (index 1447)
2026-06-14 01:53:45,944 - kaldo - INFO - Completed IBZ k-point 707/3375 (index 557)
2026-06-14 01:53:45,944 - kaldo - INFO - Completed IBZ k-point 708/3375 (index 2586)
2026-06-14 01:53:45,944 - kaldo - INFO - Completed IBZ k-point 709/3375 (index 2601)
2026-06-14 01:53:45,945 - kaldo - INFO - Completed IBZ k-point 710/3375 (index 156)
2026-06-14 01:53:45,945 - kaldo - INFO - Completed IBZ k-point 711/3375 (index 2585)
2026-06-14 01:53:45,945 - kaldo - INFO - Completed IBZ k-point 712/3375 (index 1405)
2026-06-14 01:53:45,945 - kaldo - INFO - Completed IBZ k-point 713/3375 (index 2584)
2026-06-14 01:53:45,945 - kaldo - INFO - Completed IBZ k-point 714/3375 (index 35)
2026-06-14 01:53:45,945 - kaldo - INFO - Completed IBZ k-point 715/3375 (index 2608)
2026-06-14 01:53:45,945 - kaldo - INFO - Completed IBZ k-point 716/3375 (index 2583)
2026-06-14 01:53:45,945 - kaldo - INFO - Completed IBZ k-point 717/3375 (index 1381)
2026-06-14 01:53:45,945 - kaldo - INFO - Completed IBZ k-point 718/3375 (index 474)
2026-06-14 01:53:45,945 - kaldo - INFO - Completed IBZ k-point 719/3375 (index 2605)
2026-06-14 01:53:45,945 - kaldo - INFO - Completed IBZ k-point 720/3375 (index 2582)
2026-06-14 01:53:45,945 - kaldo - INFO - Completed IBZ k-point 721/3375 (index 128)
2026-06-14 01:53:45,945 - kaldo - INFO - Completed IBZ k-point 722/3375 (index 2581)
2026-06-14 01:53:45,945 - kaldo - INFO - Completed IBZ k-point 723/3375 (index 1768)
2026-06-14 01:53:45,945 - kaldo - INFO - Completed IBZ k-point 724/3375 (index 123)
2026-06-14 01:53:45,945 - kaldo - INFO - Completed IBZ k-point 725/3375 (index 2607)
2026-06-14 01:53:45,945 - kaldo - INFO - Completed IBZ k-point 726/3375 (index 1397)
2026-06-14 01:53:45,945 - kaldo - INFO - Completed IBZ k-point 727/3375 (index 2580)
2026-06-14 01:53:45,945 - kaldo - INFO - Completed IBZ k-point 728/3375 (index 83)
2026-06-14 01:53:45,945 - kaldo - INFO - Completed IBZ k-point 729/3375 (index 38)
2026-06-14 01:53:45,945 - kaldo - INFO - Completed IBZ k-point 730/3375 (index 2579)
2026-06-14 01:53:45,945 - kaldo - INFO - Completed IBZ k-point 731/3375 (index 1425)
2026-06-14 01:53:45,945 - kaldo - INFO - Completed IBZ k-point 732/3375 (index 2578)
2026-06-14 01:53:45,945 - kaldo - INFO - Completed IBZ k-point 733/3375 (index 1389)
2026-06-14 01:53:45,945 - kaldo - INFO - Completed IBZ k-point 734/3375 (index 1391)
2026-06-14 01:53:45,945 - kaldo - INFO - Completed IBZ k-point 735/3375 (index 2577)
2026-06-14 01:53:45,945 - kaldo - INFO - Completed IBZ k-point 736/3375 (index 1647)
2026-06-14 01:53:45,945 - kaldo - INFO - Completed IBZ k-point 737/3375 (index 1653)
2026-06-14 01:53:45,945 - kaldo - INFO - Completed IBZ k-point 738/3375 (index 192)
2026-06-14 01:53:45,946 - kaldo - INFO - Completed IBZ k-point 739/3375 (index 2566)
2026-06-14 01:53:45,946 - kaldo - INFO - Completed IBZ k-point 740/3375 (index 130)
2026-06-14 01:53:45,946 - kaldo - INFO - Completed IBZ k-point 741/3375 (index 2969)
2026-06-14 01:53:45,946 - kaldo - INFO - Completed IBZ k-point 742/3375 (index 1654)
2026-06-14 01:53:45,946 - kaldo - INFO - Completed IBZ k-point 743/3375 (index 1640)
2026-06-14 01:53:45,946 - kaldo - INFO - Completed IBZ k-point 744/3375 (index 880)
2026-06-14 01:53:45,946 - kaldo - INFO - Completed IBZ k-point 745/3375 (index 2570)
2026-06-14 01:53:45,946 - kaldo - INFO - Completed IBZ k-point 746/3375 (index 2736)
2026-06-14 01:53:45,946 - kaldo - INFO - Completed IBZ k-point 747/3375 (index 2712)
2026-06-14 01:53:45,946 - kaldo - INFO - Completed IBZ k-point 748/3375 (index 2020)
2026-06-14 01:53:45,946 - kaldo - INFO - Completed IBZ k-point 749/3375 (index 2573)
2026-06-14 01:53:45,946 - kaldo - INFO - Completed IBZ k-point 750/3375 (index 2576)
2026-06-14 01:53:45,946 - kaldo - INFO - Completed IBZ k-point 751/3375 (index 157)
2026-06-14 01:53:45,946 - kaldo - INFO - Completed IBZ k-point 752/3375 (index 2707)
2026-06-14 01:53:45,946 - kaldo - INFO - Completed IBZ k-point 753/3375 (index 1477)
2026-06-14 01:53:45,946 - kaldo - INFO - Completed IBZ k-point 754/3375 (index 2574)
2026-06-14 01:53:45,946 - kaldo - INFO - Completed IBZ k-point 755/3375 (index 37)
2026-06-14 01:53:45,946 - kaldo - INFO - Completed IBZ k-point 756/3375 (index 67)
2026-06-14 01:53:45,946 - kaldo - INFO - Completed IBZ k-point 757/3375 (index 54)
2026-06-14 01:53:45,946 - kaldo - INFO - Completed IBZ k-point 758/3375 (index 2737)
2026-06-14 01:53:45,946 - kaldo - INFO - Completed IBZ k-point 759/3375 (index 132)
2026-06-14 01:53:45,946 - kaldo - INFO - Completed IBZ k-point 760/3375 (index 2968)
2026-06-14 01:53:45,946 - kaldo - INFO - Completed IBZ k-point 761/3375 (index 561)
2026-06-14 01:53:45,946 - kaldo - INFO - Completed IBZ k-point 762/3375 (index 887)
2026-06-14 01:53:45,946 - kaldo - INFO - Completed IBZ k-point 763/3375 (index 65)
2026-06-14 01:53:45,946 - kaldo - INFO - Completed IBZ k-point 764/3375 (index 2558)
2026-06-14 01:53:45,946 - kaldo - INFO - Completed IBZ k-point 765/3375 (index 1648)
2026-06-14 01:53:45,946 - kaldo - INFO - Completed IBZ k-point 766/3375 (index 1434)
2026-06-14 01:53:45,946 - kaldo - INFO - Completed IBZ k-point 767/3375 (index 174)
2026-06-14 01:53:45,947 - kaldo - INFO - Completed IBZ k-point 768/3375 (index 1417)
2026-06-14 01:53:45,947 - kaldo - INFO - Completed IBZ k-point 769/3375 (index 85)
2026-06-14 01:53:45,947 - kaldo - INFO - Completed IBZ k-point 770/3375 (index 2559)
2026-06-14 01:53:45,947 - kaldo - INFO - Completed IBZ k-point 771/3375 (index 1559)
2026-06-14 01:53:45,947 - kaldo - INFO - Completed IBZ k-point 772/3375 (index 1141)
2026-06-14 01:53:45,947 - kaldo - INFO - Completed IBZ k-point 773/3375 (index 2549)
2026-06-14 01:53:45,947 - kaldo - INFO - Completed IBZ k-point 774/3375 (index 2714)
2026-06-14 01:53:45,947 - kaldo - INFO - Completed IBZ k-point 775/3375 (index 1558)
2026-06-14 01:53:45,947 - kaldo - INFO - Completed IBZ k-point 776/3375 (index 1402)
2026-06-14 01:53:45,947 - kaldo - INFO - Completed IBZ k-point 777/3375 (index 868)
2026-06-14 01:53:45,947 - kaldo - INFO - Completed IBZ k-point 778/3375 (index 1442)
2026-06-14 01:53:45,947 - kaldo - INFO - Completed IBZ k-point 779/3375 (index 126)
2026-06-14 01:53:45,947 - kaldo - INFO - Completed IBZ k-point 780/3375 (index 2743)
2026-06-14 01:53:45,947 - kaldo - INFO - Completed IBZ k-point 781/3375 (index 1423)
2026-06-14 01:53:45,947 - kaldo - INFO - Completed IBZ k-point 782/3375 (index 2557)
2026-06-14 01:53:45,947 - kaldo - INFO - Completed IBZ k-point 783/3375 (index 1385)
2026-06-14 01:53:45,947 - kaldo - INFO - Completed IBZ k-point 784/3375 (index 1428)
2026-06-14 01:53:45,947 - kaldo - INFO - Completed IBZ k-point 785/3375 (index 2719)
2026-06-14 01:53:45,947 - kaldo - INFO - Completed IBZ k-point 786/3375 (index 1560)
2026-06-14 01:53:45,947 - kaldo - INFO - Completed IBZ k-point 787/3375 (index 1562)
2026-06-14 01:53:45,947 - kaldo - INFO - Completed IBZ k-point 788/3375 (index 1356)
2026-06-14 01:53:45,947 - kaldo - INFO - Completed IBZ k-point 789/3375 (index 2547)
2026-06-14 01:53:45,947 - kaldo - INFO - Completed IBZ k-point 790/3375 (index 1439)
2026-06-14 01:53:45,947 - kaldo - INFO - Completed IBZ k-point 791/3375 (index 1400)
2026-06-14 01:53:45,947 - kaldo - INFO - Completed IBZ k-point 792/3375 (index 2556)
2026-06-14 01:53:45,947 - kaldo - INFO - Completed IBZ k-point 793/3375 (index 1569)
2026-06-14 01:53:45,947 - kaldo - INFO - Completed IBZ k-point 794/3375 (index 1456)
2026-06-14 01:53:45,947 - kaldo - INFO - Completed IBZ k-point 795/3375 (index 1418)
2026-06-14 01:53:45,947 - kaldo - INFO - Completed IBZ k-point 796/3375 (index 62)
2026-06-14 01:53:45,948 - kaldo - INFO - Completed IBZ k-point 797/3375 (index 2552)
2026-06-14 01:53:45,948 - kaldo - INFO - Completed IBZ k-point 798/3375 (index 129)
2026-06-14 01:53:45,948 - kaldo - INFO - Completed IBZ k-point 799/3375 (index 2536)
2026-06-14 01:53:45,948 - kaldo - INFO - Completed IBZ k-point 800/3375 (index 2713)
2026-06-14 01:53:45,948 - kaldo - INFO - Completed IBZ k-point 801/3375 (index 1455)
2026-06-14 01:53:45,948 - kaldo - INFO - Completed IBZ k-point 802/3375 (index 119)
2026-06-14 01:53:45,948 - kaldo - INFO - Completed IBZ k-point 803/3375 (index 2521)
2026-06-14 01:53:45,948 - kaldo - INFO - Completed IBZ k-point 804/3375 (index 1644)
2026-06-14 01:53:45,948 - kaldo - INFO - Completed IBZ k-point 805/3375 (index 59)
2026-06-14 01:53:45,948 - kaldo - INFO - Completed IBZ k-point 806/3375 (index 2572)
2026-06-14 01:53:45,948 - kaldo - INFO - Completed IBZ k-point 807/3375 (index 2933)
2026-06-14 01:53:45,948 - kaldo - INFO - Completed IBZ k-point 808/3375 (index 2519)
2026-06-14 01:53:45,948 - kaldo - INFO - Completed IBZ k-point 809/3375 (index 1452)
2026-06-14 01:53:45,948 - kaldo - INFO - Completed IBZ k-point 810/3375 (index 2930)
2026-06-14 01:53:45,948 - kaldo - INFO - Completed IBZ k-point 811/3375 (index 1317)
2026-06-14 01:53:45,948 - kaldo - INFO - Completed IBZ k-point 812/3375 (index 2927)
2026-06-14 01:53:45,948 - kaldo - INFO - Completed IBZ k-point 813/3375 (index 1435)
2026-06-14 01:53:45,948 - kaldo - INFO - Completed IBZ k-point 814/3375 (index 2522)
2026-06-14 01:53:45,948 - kaldo - INFO - Completed IBZ k-point 815/3375 (index 1460)
2026-06-14 01:53:45,948 - kaldo - INFO - Completed IBZ k-point 816/3375 (index 885)
2026-06-14 01:53:45,948 - kaldo - INFO - Completed IBZ k-point 817/3375 (index 2545)
2026-06-14 01:53:45,948 - kaldo - INFO - Completed IBZ k-point 818/3375 (index 2525)
2026-06-14 01:53:45,948 - kaldo - INFO - Completed IBZ k-point 819/3375 (index 1566)
2026-06-14 01:53:45,948 - kaldo - INFO - Completed IBZ k-point 820/3375 (index 45)
2026-06-14 01:53:45,948 - kaldo - INFO - Completed IBZ k-point 821/3375 (index 1657)
2026-06-14 01:53:45,948 - kaldo - INFO - Completed IBZ k-point 822/3375 (index 95)
2026-06-14 01:53:45,948 - kaldo - INFO - Completed IBZ k-point 823/3375 (index 2516)
2026-06-14 01:53:45,948 - kaldo - INFO - Completed IBZ k-point 824/3375 (index 1457)
2026-06-14 01:53:45,948 - kaldo - INFO - Completed IBZ k-point 825/3375 (index 2511)
2026-06-14 01:53:45,949 - kaldo - INFO - Completed IBZ k-point 826/3375 (index 63)
2026-06-14 01:53:45,949 - kaldo - INFO - Completed IBZ k-point 827/3375 (index 1411)
2026-06-14 01:53:45,949 - kaldo - INFO - Completed IBZ k-point 828/3375 (index 2706)
2026-06-14 01:53:45,949 - kaldo - INFO - Completed IBZ k-point 829/3375 (index 2515)
2026-06-14 01:53:45,949 - kaldo - INFO - Completed IBZ k-point 830/3375 (index 2528)
2026-06-14 01:53:45,949 - kaldo - INFO - Completed IBZ k-point 831/3375 (index 1446)
2026-06-14 01:53:45,949 - kaldo - INFO - Completed IBZ k-point 832/3375 (index 2925)
2026-06-14 01:53:45,949 - kaldo - INFO - Completed IBZ k-point 833/3375 (index 2554)
2026-06-14 01:53:45,949 - kaldo - INFO - Completed IBZ k-point 834/3375 (index 1419)
2026-06-14 01:53:45,949 - kaldo - INFO - Completed IBZ k-point 835/3375 (index 1412)
2026-06-14 01:53:45,949 - kaldo - INFO - Completed IBZ k-point 836/3375 (index 1144)
2026-06-14 01:53:45,949 - kaldo - INFO - Completed IBZ k-point 837/3375 (index 1885)
2026-06-14 01:53:45,949 - kaldo - INFO - Completed IBZ k-point 838/3375 (index 1355)
2026-06-14 01:53:45,949 - kaldo - INFO - Completed IBZ k-point 839/3375 (index 2510)
2026-06-14 01:53:45,949 - kaldo - INFO - Completed IBZ k-point 840/3375 (index 894)
2026-06-14 01:53:45,949 - kaldo - INFO - Completed IBZ k-point 841/3375 (index 2671)
2026-06-14 01:53:45,949 - kaldo - INFO - Completed IBZ k-point 842/3375 (index 1639)
2026-06-14 01:53:45,949 - kaldo - INFO - Completed IBZ k-point 843/3375 (index 1358)
2026-06-14 01:53:45,949 - kaldo - INFO - Completed IBZ k-point 844/3375 (index 1458)
2026-06-14 01:53:45,949 - kaldo - INFO - Completed IBZ k-point 845/3375 (index 2512)
2026-06-14 01:53:45,949 - kaldo - INFO - Completed IBZ k-point 846/3375 (index 1401)
2026-06-14 01:53:45,949 - kaldo - INFO - Completed IBZ k-point 847/3375 (index 1380)
2026-06-14 01:53:45,949 - kaldo - INFO - Completed IBZ k-point 848/3375 (index 881)
2026-06-14 01:53:45,949 - kaldo - INFO - Completed IBZ k-point 849/3375 (index 127)
2026-06-14 01:53:45,949 - kaldo - INFO - Completed IBZ k-point 850/3375 (index 182)
2026-06-14 01:53:45,949 - kaldo - INFO - Completed IBZ k-point 851/3375 (index 2924)
2026-06-14 01:53:45,949 - kaldo - INFO - Completed IBZ k-point 852/3375 (index 1449)
2026-06-14 01:53:45,949 - kaldo - INFO - Completed IBZ k-point 853/3375 (index 2535)
2026-06-14 01:53:45,949 - kaldo - INFO - Completed IBZ k-point 854/3375 (index 2532)
2026-06-14 01:53:45,950 - kaldo - INFO - Completed IBZ k-point 855/3375 (index 2537)
2026-06-14 01:53:45,950 - kaldo - INFO - Completed IBZ k-point 856/3375 (index 1438)
2026-06-14 01:53:45,950 - kaldo - INFO - Completed IBZ k-point 857/3375 (index 1656)
2026-06-14 01:53:45,950 - kaldo - INFO - Completed IBZ k-point 858/3375 (index 2548)
2026-06-14 01:53:45,950 - kaldo - INFO - Completed IBZ k-point 859/3375 (index 1388)
2026-06-14 01:53:45,950 - kaldo - INFO - Completed IBZ k-point 860/3375 (index 2555)
2026-06-14 01:53:45,950 - kaldo - INFO - Completed IBZ k-point 861/3375 (index 2662)
2026-06-14 01:53:45,950 - kaldo - INFO - Completed IBZ k-point 862/3375 (index 1431)
2026-06-14 01:53:45,950 - kaldo - INFO - Completed IBZ k-point 863/3375 (index 2567)
2026-06-14 01:53:45,950 - kaldo - INFO - Completed IBZ k-point 864/3375 (index 2517)
2026-06-14 01:53:45,950 - kaldo - INFO - Completed IBZ k-point 865/3375 (index 1393)
2026-06-14 01:53:45,950 - kaldo - INFO - Completed IBZ k-point 866/3375 (index 2669)
2026-06-14 01:53:45,950 - kaldo - INFO - Completed IBZ k-point 867/3375 (index 1375)
2026-06-14 01:53:45,950 - kaldo - INFO - Completed IBZ k-point 868/3375 (index 882)
2026-06-14 01:53:45,950 - kaldo - INFO - Completed IBZ k-point 869/3375 (index 2527)
2026-06-14 01:53:45,950 - kaldo - INFO - Completed IBZ k-point 870/3375 (index 2514)
2026-06-14 01:53:45,950 - kaldo - INFO - Completed IBZ k-point 871/3375 (index 1386)
2026-06-14 01:53:45,950 - kaldo - INFO - Completed IBZ k-point 872/3375 (index 40)
2026-06-14 01:53:45,950 - kaldo - INFO - Completed IBZ k-point 873/3375 (index 1398)
2026-06-14 01:53:45,950 - kaldo - INFO - Completed IBZ k-point 874/3375 (index 899)
2026-06-14 01:53:45,950 - kaldo - INFO - Completed IBZ k-point 875/3375 (index 2530)
2026-06-14 01:53:45,950 - kaldo - INFO - Completed IBZ k-point 876/3375 (index 2551)
2026-06-14 01:53:45,950 - kaldo - INFO - Completed IBZ k-point 877/3375 (index 2539)
2026-06-14 01:53:45,950 - kaldo - INFO - Completed IBZ k-point 878/3375 (index 1376)
2026-06-14 01:53:45,950 - kaldo - INFO - Completed IBZ k-point 879/3375 (index 177)
2026-06-14 01:53:45,950 - kaldo - INFO - Completed IBZ k-point 880/3375 (index 1430)
2026-06-14 01:53:45,950 - kaldo - INFO - Completed IBZ k-point 881/3375 (index 879)
2026-06-14 01:53:45,950 - kaldo - INFO - Completed IBZ k-point 882/3375 (index 49)
2026-06-14 01:53:45,950 - kaldo - INFO - Completed IBZ k-point 883/3375 (index 2568)
2026-06-14 01:53:45,951 - kaldo - INFO - Completed IBZ k-point 884/3375 (index 1387)
2026-06-14 01:53:45,951 - kaldo - INFO - Completed IBZ k-point 885/3375 (index 1641)
2026-06-14 01:53:45,951 - kaldo - INFO - Completed IBZ k-point 886/3375 (index 2914)
2026-06-14 01:53:45,951 - kaldo - INFO - Completed IBZ k-point 887/3375 (index 1378)
2026-06-14 01:53:45,951 - kaldo - INFO - Completed IBZ k-point 888/3375 (index 2660)
2026-06-14 01:53:45,951 - kaldo - INFO - Completed IBZ k-point 889/3375 (index 1432)
2026-06-14 01:53:45,951 - kaldo - INFO - Completed IBZ k-point 890/3375 (index 550)
2026-06-14 01:53:45,951 - kaldo - INFO - Completed IBZ k-point 891/3375 (index 2560)
2026-06-14 01:53:45,951 - kaldo - INFO - Completed IBZ k-point 892/3375 (index 2534)
2026-06-14 01:53:45,951 - kaldo - INFO - Completed IBZ k-point 893/3375 (index 1392)
2026-06-14 01:53:45,951 - kaldo - INFO - Completed IBZ k-point 894/3375 (index 101)
2026-06-14 01:53:45,951 - kaldo - INFO - Completed IBZ k-point 895/3375 (index 2665)
2026-06-14 01:53:45,951 - kaldo - INFO - Completed IBZ k-point 896/3375 (index 2531)
2026-06-14 01:53:45,951 - kaldo - INFO - Completed IBZ k-point 897/3375 (index 867)
2026-06-14 01:53:45,951 - kaldo - INFO - Completed IBZ k-point 898/3375 (index 1059)
2026-06-14 01:53:45,951 - kaldo - INFO - Completed IBZ k-point 899/3375 (index 1596)
2026-06-14 01:53:45,951 - kaldo - INFO - Completed IBZ k-point 900/3375 (index 117)
2026-06-14 01:53:45,951 - kaldo - INFO - Completed IBZ k-point 901/3375 (index 1396)
2026-06-14 01:53:45,951 - kaldo - INFO - Completed IBZ k-point 902/3375 (index 869)
2026-06-14 01:53:45,951 - kaldo - INFO - Completed IBZ k-point 903/3375 (index 2518)
2026-06-14 01:53:45,951 - kaldo - INFO - Completed IBZ k-point 904/3375 (index 2711)
2026-06-14 01:53:45,951 - kaldo - INFO - Completed IBZ k-point 905/3375 (index 1563)
2026-06-14 01:53:45,951 - kaldo - INFO - Completed IBZ k-point 906/3375 (index 1454)
2026-06-14 01:53:45,951 - kaldo - INFO - Completed IBZ k-point 907/3375 (index 2520)
2026-06-14 01:53:45,951 - kaldo - INFO - Completed IBZ k-point 908/3375 (index 1384)
2026-06-14 01:53:45,951 - kaldo - INFO - Completed IBZ k-point 909/3375 (index 2664)
2026-06-14 01:53:45,951 - kaldo - INFO - Completed IBZ k-point 910/3375 (index 1548)
2026-06-14 01:53:45,951 - kaldo - INFO - Completed IBZ k-point 911/3375 (index 2625)
2026-06-14 01:53:45,951 - kaldo - INFO - Completed IBZ k-point 912/3375 (index 1403)
2026-06-14 01:53:45,952 - kaldo - INFO - Completed IBZ k-point 913/3375 (index 79)
2026-06-14 01:53:45,952 - kaldo - INFO - Completed IBZ k-point 914/3375 (index 2659)
2026-06-14 01:53:45,952 - kaldo - INFO - Completed IBZ k-point 915/3375 (index 2571)
2026-06-14 01:53:45,952 - kaldo - INFO - Completed IBZ k-point 916/3375 (index 2489)
2026-06-14 01:53:45,952 - kaldo - INFO - Completed IBZ k-point 917/3375 (index 2658)
2026-06-14 01:53:45,952 - kaldo - INFO - Completed IBZ k-point 918/3375 (index 2083)
2026-06-14 01:53:45,952 - kaldo - INFO - Completed IBZ k-point 919/3375 (index 1126)
2026-06-14 01:53:45,952 - kaldo - INFO - Completed IBZ k-point 920/3375 (index 2897)
2026-06-14 01:53:45,952 - kaldo - INFO - Completed IBZ k-point 921/3375 (index 1414)
2026-06-14 01:53:45,952 - kaldo - INFO - Completed IBZ k-point 922/3375 (index 2533)
2026-06-14 01:53:45,952 - kaldo - INFO - Completed IBZ k-point 923/3375 (index 883)
2026-06-14 01:53:45,952 - kaldo - INFO - Completed IBZ k-point 924/3375 (index 1655)
2026-06-14 01:53:45,952 - kaldo - INFO - Completed IBZ k-point 925/3375 (index 1346)
2026-06-14 01:53:45,952 - kaldo - INFO - Completed IBZ k-point 926/3375 (index 61)
2026-06-14 01:53:45,952 - kaldo - INFO - Completed IBZ k-point 927/3375 (index 2491)
2026-06-14 01:53:45,952 - kaldo - INFO - Completed IBZ k-point 928/3375 (index 877)
2026-06-14 01:53:45,952 - kaldo - INFO - Completed IBZ k-point 929/3375 (index 2486)
2026-06-14 01:53:45,952 - kaldo - INFO - Completed IBZ k-point 930/3375 (index 1602)
2026-06-14 01:53:45,952 - kaldo - INFO - Completed IBZ k-point 931/3375 (index 1125)
2026-06-14 01:53:45,952 - kaldo - INFO - Completed IBZ k-point 932/3375 (index 1352)
2026-06-14 01:53:45,952 - kaldo - INFO - Completed IBZ k-point 933/3375 (index 870)
2026-06-14 01:53:45,952 - kaldo - INFO - Completed IBZ k-point 934/3375 (index 2575)
2026-06-14 01:53:45,952 - kaldo - INFO - Completed IBZ k-point 935/3375 (index 1575)
2026-06-14 01:53:45,952 - kaldo - INFO - Completed IBZ k-point 936/3375 (index 2646)
2026-06-14 01:53:45,952 - kaldo - INFO - Completed IBZ k-point 937/3375 (index 1593)
2026-06-14 01:53:45,952 - kaldo - INFO - Completed IBZ k-point 938/3375 (index 2524)
2026-06-14 01:53:45,952 - kaldo - INFO - Completed IBZ k-point 939/3375 (index 2494)
2026-06-14 01:53:45,952 - kaldo - INFO - Completed IBZ k-point 940/3375 (index 1600)
2026-06-14 01:53:45,952 - kaldo - INFO - Completed IBZ k-point 941/3375 (index 2487)
2026-06-14 01:53:45,952 - kaldo - INFO - Completed IBZ k-point 942/3375 (index 1470)
2026-06-14 01:53:45,953 - kaldo - INFO - Completed IBZ k-point 943/3375 (index 187)
2026-06-14 01:53:45,953 - kaldo - INFO - Completed IBZ k-point 944/3375 (index 125)
2026-06-14 01:53:45,953 - kaldo - INFO - Completed IBZ k-point 945/3375 (index 2538)
2026-06-14 01:53:45,953 - kaldo - INFO - Completed IBZ k-point 946/3375 (index 1450)
2026-06-14 01:53:45,953 - kaldo - INFO - Completed IBZ k-point 947/3375 (index 1413)
2026-06-14 01:53:45,953 - kaldo - INFO - Completed IBZ k-point 948/3375 (index 2663)
2026-06-14 01:53:45,953 - kaldo - INFO - Completed IBZ k-point 949/3375 (index 1459)
2026-06-14 01:53:45,953 - kaldo - INFO - Completed IBZ k-point 950/3375 (index 188)
2026-06-14 01:53:45,953 - kaldo - INFO - Completed IBZ k-point 951/3375 (index 1448)
2026-06-14 01:53:45,953 - kaldo - INFO - Completed IBZ k-point 952/3375 (index 2493)
2026-06-14 01:53:45,953 - kaldo - INFO - Completed IBZ k-point 953/3375 (index 2887)
2026-06-14 01:53:45,953 - kaldo - INFO - Completed IBZ k-point 954/3375 (index 1316)
2026-06-14 01:53:45,953 - kaldo - INFO - Completed IBZ k-point 955/3375 (index 543)
2026-06-14 01:53:45,953 - kaldo - INFO - Completed IBZ k-point 956/3375 (index 2496)
2026-06-14 01:53:45,953 - kaldo - INFO - Completed IBZ k-point 957/3375 (index 225)
2026-06-14 01:53:45,953 - kaldo - INFO - Completed IBZ k-point 958/3375 (index 2645)
2026-06-14 01:53:45,953 - kaldo - INFO - Completed IBZ k-point 959/3375 (index 2642)
2026-06-14 01:53:45,953 - kaldo - INFO - Completed IBZ k-point 960/3375 (index 18)
2026-06-14 01:53:45,953 - kaldo - INFO - Completed IBZ k-point 961/3375 (index 60)
2026-06-14 01:53:45,953 - kaldo - INFO - Completed IBZ k-point 962/3375 (index 2569)
2026-06-14 01:53:45,953 - kaldo - INFO - Completed IBZ k-point 963/3375 (index 1433)
2026-06-14 01:53:45,953 - kaldo - INFO - Completed IBZ k-point 964/3375 (index 1404)
2026-06-14 01:53:45,953 - kaldo - INFO - Completed IBZ k-point 965/3375 (index 2722)
2026-06-14 01:53:45,953 - kaldo - INFO - Completed IBZ k-point 966/3375 (index 1769)
2026-06-14 01:53:45,953 - kaldo - INFO - Completed IBZ k-point 967/3375 (index 1429)
2026-06-14 01:53:45,953 - kaldo - INFO - Completed IBZ k-point 968/3375 (index 155)
2026-06-14 01:53:45,953 - kaldo - INFO - Completed IBZ k-point 969/3375 (index 2485)
2026-06-14 01:53:45,953 - kaldo - INFO - Completed IBZ k-point 970/3375 (index 1351)
2026-06-14 01:53:45,953 - kaldo - INFO - Completed IBZ k-point 971/3375 (index 2644)
2026-06-14 01:53:45,954 - kaldo - INFO - Completed IBZ k-point 972/3375 (index 2883)
2026-06-14 01:53:45,954 - kaldo - INFO - Completed IBZ k-point 973/3375 (index 2553)
2026-06-14 01:53:45,954 - kaldo - INFO - Completed IBZ k-point 974/3375 (index 1350)
2026-06-14 01:53:45,954 - kaldo - INFO - Completed IBZ k-point 975/3375 (index 2466)
2026-06-14 01:53:45,954 - kaldo - INFO - Completed IBZ k-point 976/3375 (index 1542)
2026-06-14 01:53:45,954 - kaldo - INFO - Completed IBZ k-point 977/3375 (index 2469)
2026-06-14 01:53:45,954 - kaldo - INFO - Completed IBZ k-point 978/3375 (index 1399)
2026-06-14 01:53:45,954 - kaldo - INFO - Completed IBZ k-point 979/3375 (index 2643)
2026-06-14 01:53:45,954 - kaldo - INFO - Completed IBZ k-point 980/3375 (index 1427)
2026-06-14 01:53:45,954 - kaldo - INFO - Completed IBZ k-point 981/3375 (index 1348)
2026-06-14 01:53:45,954 - kaldo - INFO - Completed IBZ k-point 982/3375 (index 113)
2026-06-14 01:53:45,954 - kaldo - INFO - Completed IBZ k-point 983/3375 (index 497)
2026-06-14 01:53:45,954 - kaldo - INFO - Completed IBZ k-point 984/3375 (index 1592)
2026-06-14 01:53:45,954 - kaldo - INFO - Completed IBZ k-point 985/3375 (index 53)
2026-06-14 01:53:45,954 - kaldo - INFO - Completed IBZ k-point 986/3375 (index 2670)
2026-06-14 01:53:45,954 - kaldo - INFO - Completed IBZ k-point 987/3375 (index 2637)
2026-06-14 01:53:45,954 - kaldo - INFO - Completed IBZ k-point 988/3375 (index 1461)
2026-06-14 01:53:45,954 - kaldo - INFO - Completed IBZ k-point 989/3375 (index 124)
2026-06-14 01:53:45,954 - kaldo - INFO - Completed IBZ k-point 990/3375 (index 1437)
2026-06-14 01:53:45,954 - kaldo - INFO - Completed IBZ k-point 991/3375 (index 1436)
2026-06-14 01:53:45,954 - kaldo - INFO - Completed IBZ k-point 992/3375 (index 2492)
2026-06-14 01:53:45,954 - kaldo - INFO - Completed IBZ k-point 993/3375 (index 1421)
2026-06-14 01:53:45,954 - kaldo - INFO - Completed IBZ k-point 994/3375 (index 77)
2026-06-14 01:53:45,954 - kaldo - INFO - Completed IBZ k-point 995/3375 (index 2641)
2026-06-14 01:53:45,954 - kaldo - INFO - Completed IBZ k-point 996/3375 (index 1445)
2026-06-14 01:53:45,954 - kaldo - INFO - Completed IBZ k-point 997/3375 (index 160)
2026-06-14 01:53:45,954 - kaldo - INFO - Completed IBZ k-point 998/3375 (index 2546)
2026-06-14 01:53:45,954 - kaldo - INFO - Completed IBZ k-point 999/3375 (index 1377)
2026-06-14 01:53:45,954 - kaldo - INFO - Completed IBZ k-point 1000/3375 (index 1646)
2026-06-14 01:53:45,955 - kaldo - INFO - Completed IBZ k-point 1001/3375 (index 116)
2026-06-14 01:53:45,955 - kaldo - INFO - Completed IBZ k-point 1002/3375 (index 2872)
2026-06-14 01:53:45,955 - kaldo - INFO - Completed IBZ k-point 1003/3375 (index 1420)
2026-06-14 01:53:45,955 - kaldo - INFO - Completed IBZ k-point 1004/3375 (index 2513)
2026-06-14 01:53:45,955 - kaldo - INFO - Completed IBZ k-point 1005/3375 (index 2870)
2026-06-14 01:53:45,955 - kaldo - INFO - Completed IBZ k-point 1006/3375 (index 200)
2026-06-14 01:53:45,955 - kaldo - INFO - Completed IBZ k-point 1007/3375 (index 47)
2026-06-14 01:53:45,955 - kaldo - INFO - Completed IBZ k-point 1008/3375 (index 2526)
2026-06-14 01:53:45,955 - kaldo - INFO - Completed IBZ k-point 1009/3375 (index 1451)
2026-06-14 01:53:45,955 - kaldo - INFO - Completed IBZ k-point 1010/3375 (index 2540)
2026-06-14 01:53:45,955 - kaldo - INFO - Completed IBZ k-point 1011/3375 (index 2623)
2026-06-14 01:53:45,955 - kaldo - INFO - Completed IBZ k-point 1012/3375 (index 2619)
2026-06-14 01:53:45,955 - kaldo - INFO - Completed IBZ k-point 1013/3375 (index 1568)
2026-06-14 01:53:45,955 - kaldo - INFO - Completed IBZ k-point 1014/3375 (index 2473)
2026-06-14 01:53:45,955 - kaldo - INFO - Completed IBZ k-point 1015/3375 (index 80)
2026-06-14 01:53:45,955 - kaldo - INFO - Completed IBZ k-point 1016/3375 (index 86)
2026-06-14 01:53:45,955 - kaldo - INFO - Completed IBZ k-point 1017/3375 (index 2620)
2026-06-14 01:53:45,955 - kaldo - INFO - Completed IBZ k-point 1018/3375 (index 1424)
2026-06-14 01:53:45,955 - kaldo - INFO - Completed IBZ k-point 1019/3375 (index 2868)
2026-06-14 01:53:45,955 - kaldo - INFO - Completed IBZ k-point 1020/3375 (index 162)
2026-06-14 01:53:45,955 - kaldo - INFO - Completed IBZ k-point 1021/3375 (index 1443)
2026-06-14 01:53:45,955 - kaldo - INFO - Completed IBZ k-point 1022/3375 (index 2639)
2026-06-14 01:53:45,955 - kaldo - INFO - Completed IBZ k-point 1023/3375 (index 2495)
2026-06-14 01:53:45,955 - kaldo - INFO - Completed IBZ k-point 1024/3375 (index 1365)
2026-06-14 01:53:45,955 - kaldo - INFO - Completed IBZ k-point 1025/3375 (index 111)
2026-06-14 01:53:45,955 - kaldo - INFO - Completed IBZ k-point 1026/3375 (index 115)
2026-06-14 01:53:45,955 - kaldo - INFO - Completed IBZ k-point 1027/3375 (index 2550)
2026-06-14 01:53:45,955 - kaldo - INFO - Completed IBZ k-point 1028/3375 (index 46)
2026-06-14 01:53:45,955 - kaldo - INFO - Completed IBZ k-point 1029/3375 (index 93)
2026-06-14 01:53:45,956 - kaldo - INFO - Completed IBZ k-point 1030/3375 (index 2621)
2026-06-14 01:53:45,956 - kaldo - INFO - Completed IBZ k-point 1031/3375 (index 1426)
2026-06-14 01:53:45,956 - kaldo - INFO - Completed IBZ k-point 1032/3375 (index 170)
2026-06-14 01:53:45,956 - kaldo - INFO - Completed IBZ k-point 1033/3375 (index 2448)
2026-06-14 01:53:45,956 - kaldo - INFO - Completed IBZ k-point 1034/3375 (index 82)
2026-06-14 01:53:45,956 - kaldo - INFO - Completed IBZ k-point 1035/3375 (index 2523)
2026-06-14 01:53:45,956 - kaldo - INFO - Completed IBZ k-point 1036/3375 (index 56)
2026-06-14 01:53:45,956 - kaldo - INFO - Completed IBZ k-point 1037/3375 (index 112)
2026-06-14 01:53:45,956 - kaldo - INFO - Completed IBZ k-point 1038/3375 (index 2477)
2026-06-14 01:53:45,956 - kaldo - INFO - Completed IBZ k-point 1039/3375 (index 20)
2026-06-14 01:53:45,956 - kaldo - INFO - Completed IBZ k-point 1040/3375 (index 1440)
2026-06-14 01:53:45,956 - kaldo - INFO - Completed IBZ k-point 1041/3375 (index 2640)
2026-06-14 01:53:45,956 - kaldo - INFO - Completed IBZ k-point 1042/3375 (index 2617)
2026-06-14 01:53:45,956 - kaldo - INFO - Completed IBZ k-point 1043/3375 (index 2478)
2026-06-14 01:53:45,956 - kaldo - INFO - Completed IBZ k-point 1044/3375 (index 2467)
2026-06-14 01:53:45,956 - kaldo - INFO - Completed IBZ k-point 1045/3375 (index 1462)
2026-06-14 01:53:45,956 - kaldo - INFO - Completed IBZ k-point 1046/3375 (index 1379)
2026-06-14 01:53:45,956 - kaldo - INFO - Completed IBZ k-point 1047/3375 (index 2474)
2026-06-14 01:53:45,956 - kaldo - INFO - Completed IBZ k-point 1048/3375 (index 1444)
2026-06-14 01:53:45,956 - kaldo - INFO - Completed IBZ k-point 1049/3375 (index 2622)
2026-06-14 01:53:45,956 - kaldo - INFO - Completed IBZ k-point 1050/3375 (index 2863)
2026-06-14 01:53:45,956 - kaldo - INFO - Completed IBZ k-point 1051/3375 (index 1453)
2026-06-14 01:53:45,956 - kaldo - INFO - Completed IBZ k-point 1052/3375 (index 2475)
2026-06-14 01:53:45,956 - kaldo - INFO - Completed IBZ k-point 1053/3375 (index 68)
2026-06-14 01:53:45,956 - kaldo - INFO - Completed IBZ k-point 1054/3375 (index 2529)
2026-06-14 01:53:45,956 - kaldo - INFO - Completed IBZ k-point 1055/3375 (index 51)
2026-06-14 01:53:45,956 - kaldo - INFO - Completed IBZ k-point 1056/3375 (index 2860)
2026-06-14 01:53:45,956 - kaldo - INFO - Completed IBZ k-point 1057/3375 (index 1577)
2026-06-14 01:53:45,957 - kaldo - INFO - Completed IBZ k-point 1058/3375 (index 2624)
2026-06-14 01:53:45,957 - kaldo - INFO - Completed IBZ k-point 1059/3375 (index 233)
2026-06-14 01:53:45,957 - kaldo - INFO - Completed IBZ k-point 1060/3375 (index 1466)
2026-06-14 01:53:45,957 - kaldo - INFO - Completed IBZ k-point 1061/3375 (index 69)
2026-06-14 01:53:45,957 - kaldo - INFO - Completed IBZ k-point 1062/3375 (index 33)
2026-06-14 01:53:45,957 - kaldo - INFO - Completed IBZ k-point 1063/3375 (index 1347)
2026-06-14 01:53:45,957 - kaldo - INFO - Completed IBZ k-point 1064/3375 (index 237)
2026-06-14 01:53:45,957 - kaldo - INFO - Completed IBZ k-point 1065/3375 (index 2488)
2026-06-14 01:53:45,957 - kaldo - INFO - Completed IBZ k-point 1066/3375 (index 229)
2026-06-14 01:53:45,957 - kaldo - INFO - Completed IBZ k-point 1067/3375 (index 2476)
2026-06-14 01:53:45,957 - kaldo - INFO - Completed IBZ k-point 1068/3375 (index 2862)
2026-06-14 01:53:45,957 - kaldo - INFO - Completed IBZ k-point 1069/3375 (index 2616)
2026-06-14 01:53:45,957 - kaldo - INFO - Completed IBZ k-point 1070/3375 (index 1406)
2026-06-14 01:53:45,957 - kaldo - INFO - Completed IBZ k-point 1071/3375 (index 2615)
2026-06-14 01:53:45,957 - kaldo - INFO - Completed IBZ k-point 1072/3375 (index 2647)
2026-06-14 01:53:45,957 - kaldo - INFO - Completed IBZ k-point 1073/3375 (index 1471)
2026-06-14 01:53:45,957 - kaldo - INFO - Completed IBZ k-point 1074/3375 (index 2479)
2026-06-14 01:53:45,957 - kaldo - INFO - Completed IBZ k-point 1075/3375 (index 2861)
2026-06-14 01:53:45,957 - kaldo - INFO - Completed IBZ k-point 1076/3375 (index 48)
2026-06-14 01:53:45,957 - kaldo - INFO - Completed IBZ k-point 1077/3375 (index 2618)
2026-06-14 01:53:45,957 - kaldo - INFO - Completed IBZ k-point 1078/3375 (index 1422)
2026-06-14 01:53:45,957 - kaldo - INFO - Completed IBZ k-point 1079/3375 (index 1349)
2026-06-14 01:53:45,957 - kaldo - INFO - Completed IBZ k-point 1080/3375 (index 1366)
2026-06-14 01:53:45,957 - kaldo - INFO - Completed IBZ k-point 1081/3375 (index 1)
2026-06-14 01:53:45,957 - kaldo - INFO - Completed IBZ k-point 1082/3375 (index 1225)
2026-06-14 01:53:45,957 - kaldo - INFO - Completed IBZ k-point 1083/3375 (index 3)
2026-06-14 01:53:45,957 - kaldo - INFO - Completed IBZ k-point 1084/3375 (index 1837)
2026-06-14 01:53:45,957 - kaldo - INFO - Completed IBZ k-point 1085/3375 (index 936)
2026-06-14 01:53:45,957 - kaldo - INFO - Completed IBZ k-point 1086/3375 (index 935)
2026-06-14 01:53:45,958 - kaldo - INFO - Completed IBZ k-point 1087/3375 (index 924)
2026-06-14 01:53:45,958 - kaldo - INFO - Completed IBZ k-point 1088/3375 (index 1538)
2026-06-14 01:53:45,958 - kaldo - INFO - Completed IBZ k-point 1089/3375 (index 5)
2026-06-14 01:53:45,958 - kaldo - INFO - Completed IBZ k-point 1090/3375 (index 1251)
2026-06-14 01:53:45,958 - kaldo - INFO - Completed IBZ k-point 1091/3375 (index 1847)
2026-06-14 01:53:45,958 - kaldo - INFO - Completed IBZ k-point 1092/3375 (index 1578)
2026-06-14 01:53:45,958 - kaldo - INFO - Completed IBZ k-point 1093/3375 (index 25)
2026-06-14 01:53:45,958 - kaldo - INFO - Completed IBZ k-point 1094/3375 (index 1094)
2026-06-14 01:53:45,958 - kaldo - INFO - Completed IBZ k-point 1095/3375 (index 984)
2026-06-14 01:53:45,958 - kaldo - INFO - Completed IBZ k-point 1096/3375 (index 31)
2026-06-14 01:53:45,958 - kaldo - INFO - Completed IBZ k-point 1097/3375 (index 1527)
2026-06-14 01:53:45,958 - kaldo - INFO - Completed IBZ k-point 1098/3375 (index 1163)
2026-06-14 01:53:45,958 - kaldo - INFO - Completed IBZ k-point 1099/3375 (index 962)
2026-06-14 01:53:45,958 - kaldo - INFO - Completed IBZ k-point 1100/3375 (index 1182)
2026-06-14 01:53:45,958 - kaldo - INFO - Completed IBZ k-point 1101/3375 (index 2847)
2026-06-14 01:53:45,958 - kaldo - INFO - Completed IBZ k-point 1102/3375 (index 921)
2026-06-14 01:53:45,958 - kaldo - INFO - Completed IBZ k-point 1103/3375 (index 966)
2026-06-14 01:53:45,958 - kaldo - INFO - Completed IBZ k-point 1104/3375 (index 1217)
2026-06-14 01:53:45,958 - kaldo - INFO - Completed IBZ k-point 1105/3375 (index 930)
2026-06-14 01:53:45,958 - kaldo - INFO - Completed IBZ k-point 1106/3375 (index 1536)
2026-06-14 01:53:45,958 - kaldo - INFO - Completed IBZ k-point 1107/3375 (index 923)
2026-06-14 01:53:45,958 - kaldo - INFO - Completed IBZ k-point 1108/3375 (index 1179)
2026-06-14 01:53:45,958 - kaldo - INFO - Completed IBZ k-point 1109/3375 (index 1571)
2026-06-14 01:53:45,958 - kaldo - INFO - Completed IBZ k-point 1110/3375 (index 1219)
2026-06-14 01:53:45,958 - kaldo - INFO - Completed IBZ k-point 1111/3375 (index 969)
2026-06-14 01:53:45,958 - kaldo - INFO - Completed IBZ k-point 1112/3375 (index 1826)
2026-06-14 01:53:45,958 - kaldo - INFO - Completed IBZ k-point 1113/3375 (index 1119)
2026-06-14 01:53:45,958 - kaldo - INFO - Completed IBZ k-point 1114/3375 (index 1216)
2026-06-14 01:53:45,958 - kaldo - INFO - Completed IBZ k-point 1115/3375 (index 1499)
2026-06-14 01:53:45,959 - kaldo - INFO - Completed IBZ k-point 1116/3375 (index 1066)
2026-06-14 01:53:45,959 - kaldo - INFO - Completed IBZ k-point 1117/3375 (index 1514)
2026-06-14 01:53:45,959 - kaldo - INFO - Completed IBZ k-point 1118/3375 (index 934)
2026-06-14 01:53:45,959 - kaldo - INFO - Completed IBZ k-point 1119/3375 (index 943)
2026-06-14 01:53:45,959 - kaldo - INFO - Completed IBZ k-point 1120/3375 (index 1237)
2026-06-14 01:53:45,959 - kaldo - INFO - Completed IBZ k-point 1121/3375 (index 986)
2026-06-14 01:53:45,959 - kaldo - INFO - Completed IBZ k-point 1122/3375 (index 942)
2026-06-14 01:53:45,959 - kaldo - INFO - Completed IBZ k-point 1123/3375 (index 1506)
2026-06-14 01:53:45,959 - kaldo - INFO - Completed IBZ k-point 1124/3375 (index 1853)
2026-06-14 01:53:45,959 - kaldo - INFO - Completed IBZ k-point 1125/3375 (index 937)
2026-06-14 01:53:45,959 - kaldo - INFO - Completed IBZ k-point 1126/3375 (index 1239)
2026-06-14 01:53:45,959 - kaldo - INFO - Completed IBZ k-point 1127/3375 (index 991)
2026-06-14 01:53:45,959 - kaldo - INFO - Completed IBZ k-point 1128/3375 (index 1512)
2026-06-14 01:53:45,959 - kaldo - INFO - Completed IBZ k-point 1129/3375 (index 306)
2026-06-14 01:53:45,959 - kaldo - INFO - Completed IBZ k-point 1130/3375 (index 1502)
2026-06-14 01:53:45,959 - kaldo - INFO - Completed IBZ k-point 1131/3375 (index 1103)
2026-06-14 01:53:45,959 - kaldo - INFO - Completed IBZ k-point 1132/3375 (index 1226)
2026-06-14 01:53:45,959 - kaldo - INFO - Completed IBZ k-point 1133/3375 (index 938)
2026-06-14 01:53:45,959 - kaldo - INFO - Completed IBZ k-point 1134/3375 (index 1491)
2026-06-14 01:53:45,959 - kaldo - INFO - Completed IBZ k-point 1135/3375 (index 1044)
2026-06-14 01:53:45,959 - kaldo - INFO - Completed IBZ k-point 1136/3375 (index 920)
2026-06-14 01:53:45,959 - kaldo - INFO - Completed IBZ k-point 1137/3375 (index 940)
2026-06-14 01:53:45,959 - kaldo - INFO - Completed IBZ k-point 1138/3375 (index 0)
2026-06-14 01:53:45,959 - kaldo - INFO - Completed IBZ k-point 1139/3375 (index 926)
2026-06-14 01:53:45,959 - kaldo - INFO - Completed IBZ k-point 1140/3375 (index 1170)
2026-06-14 01:53:45,959 - kaldo - INFO - Completed IBZ k-point 1141/3375 (index 939)
2026-06-14 01:53:45,959 - kaldo - INFO - Completed IBZ k-point 1142/3375 (index 1230)
2026-06-14 01:53:45,959 - kaldo - INFO - Completed IBZ k-point 1143/3375 (index 1467)
2026-06-14 01:53:45,959 - kaldo - INFO - Completed IBZ k-point 1144/3375 (index 145)
2026-06-14 01:53:45,959 - kaldo - INFO - Completed IBZ k-point 1145/3375 (index 932)
2026-06-14 01:53:45,960 - kaldo - INFO - Completed IBZ k-point 1146/3375 (index 1155)
2026-06-14 01:53:45,960 - kaldo - INFO - Completed IBZ k-point 1147/3375 (index 964)
2026-06-14 01:53:45,960 - kaldo - INFO - Completed IBZ k-point 1148/3375 (index 1194)
2026-06-14 01:53:45,960 - kaldo - INFO - Completed IBZ k-point 1149/3375 (index 1492)
2026-06-14 01:53:45,960 - kaldo - INFO - Completed IBZ k-point 1150/3375 (index 1232)
2026-06-14 01:53:45,960 - kaldo - INFO - Completed IBZ k-point 1151/3375 (index 1165)
2026-06-14 01:53:45,960 - kaldo - INFO - Completed IBZ k-point 1152/3375 (index 1581)
2026-06-14 01:53:45,960 - kaldo - INFO - Completed IBZ k-point 1153/3375 (index 1501)
2026-06-14 01:53:45,960 - kaldo - INFO - Completed IBZ k-point 1154/3375 (index 1531)
2026-06-14 01:53:45,960 - kaldo - INFO - Completed IBZ k-point 1155/3375 (index 1096)
2026-06-14 01:53:45,960 - kaldo - INFO - Completed IBZ k-point 1156/3375 (index 1524)
2026-06-14 01:53:45,960 - kaldo - INFO - Completed IBZ k-point 1157/3375 (index 1099)
2026-06-14 01:53:45,960 - kaldo - INFO - Completed IBZ k-point 1158/3375 (index 983)
2026-06-14 01:53:45,960 - kaldo - INFO - Completed IBZ k-point 1159/3375 (index 1500)
2026-06-14 01:53:45,960 - kaldo - INFO - Completed IBZ k-point 1160/3375 (index 956)
2026-06-14 01:53:45,960 - kaldo - INFO - Completed IBZ k-point 1161/3375 (index 1098)
2026-06-14 01:53:45,960 - kaldo - INFO - Completed IBZ k-point 1162/3375 (index 963)
2026-06-14 01:53:45,960 - kaldo - INFO - Completed IBZ k-point 1163/3375 (index 1523)
2026-06-14 01:53:45,960 - kaldo - INFO - Completed IBZ k-point 1164/3375 (index 1169)
2026-06-14 01:53:45,960 - kaldo - INFO - Completed IBZ k-point 1165/3375 (index 958)
2026-06-14 01:53:45,960 - kaldo - INFO - Completed IBZ k-point 1166/3375 (index 2445)
2026-06-14 01:53:45,960 - kaldo - INFO - Completed IBZ k-point 1167/3375 (index 1532)
2026-06-14 01:53:45,960 - kaldo - INFO - Completed IBZ k-point 1168/3375 (index 1806)
2026-06-14 01:53:45,960 - kaldo - INFO - Completed IBZ k-point 1169/3375 (index 933)
2026-06-14 01:53:45,960 - kaldo - INFO - Completed IBZ k-point 1170/3375 (index 957)
2026-06-14 01:53:45,960 - kaldo - INFO - Completed IBZ k-point 1171/3375 (index 1579)
2026-06-14 01:53:45,960 - kaldo - INFO - Completed IBZ k-point 1172/3375 (index 1504)
2026-06-14 01:53:45,960 - kaldo - INFO - Completed IBZ k-point 1173/3375 (index 1104)
2026-06-14 01:53:45,960 - kaldo - INFO - Completed IBZ k-point 1174/3375 (index 1240)
2026-06-14 01:53:45,960 - kaldo - INFO - Completed IBZ k-point 1175/3375 (index 955)
2026-06-14 01:53:45,960 - kaldo - INFO - Completed IBZ k-point 1176/3375 (index 1489)
2026-06-14 01:53:45,960 - kaldo - INFO - Completed IBZ k-point 1177/3375 (index 1515)
2026-06-14 01:53:45,960 - kaldo - INFO - Completed IBZ k-point 1178/3375 (index 1093)
2026-06-14 01:53:45,960 - kaldo - INFO - Completed IBZ k-point 1179/3375 (index 1186)
2026-06-14 01:53:45,960 - kaldo - INFO - Completed IBZ k-point 1180/3375 (index 1241)
2026-06-14 01:53:45,960 - kaldo - INFO - Completed IBZ k-point 1181/3375 (index 1476)
2026-06-14 01:53:45,961 - kaldo - INFO - Completed IBZ k-point 1182/3375 (index 1212)
2026-06-14 01:53:45,961 - kaldo - INFO - Completed IBZ k-point 1183/3375 (index 1012)
2026-06-14 01:53:45,961 - kaldo - INFO - Completed IBZ k-point 1184/3375 (index 1246)
2026-06-14 01:53:45,961 - kaldo - INFO - Completed IBZ k-point 1185/3375 (index 1521)
2026-06-14 01:53:45,961 - kaldo - INFO - Completed IBZ k-point 1186/3375 (index 181)
2026-06-14 01:53:45,961 - kaldo - INFO - Completed IBZ k-point 1187/3375 (index 1157)
2026-06-14 01:53:45,961 - kaldo - INFO - Completed IBZ k-point 1188/3375 (index 1244)
2026-06-14 01:53:45,961 - kaldo - INFO - Completed IBZ k-point 1189/3375 (index 1164)
2026-06-14 01:53:45,961 - kaldo - INFO - Completed IBZ k-point 1190/3375 (index 1158)
2026-06-14 01:53:45,961 - kaldo - INFO - Completed IBZ k-point 1191/3375 (index 6)
2026-06-14 01:53:45,961 - kaldo - INFO - Completed IBZ k-point 1192/3375 (index 1235)
2026-06-14 01:53:45,961 - kaldo - INFO - Completed IBZ k-point 1193/3375 (index 1181)
2026-06-14 01:53:45,961 - kaldo - INFO - Completed IBZ k-point 1194/3375 (index 1834)
2026-06-14 01:53:45,961 - kaldo - INFO - Completed IBZ k-point 1195/3375 (index 1234)
2026-06-14 01:53:45,961 - kaldo - INFO - Completed IBZ k-point 1196/3375 (index 1213)
2026-06-14 01:53:45,961 - kaldo - INFO - Completed IBZ k-point 1197/3375 (index 1156)
2026-06-14 01:53:45,961 - kaldo - INFO - Completed IBZ k-point 1198/3375 (index 1253)
2026-06-14 01:53:45,961 - kaldo - INFO - Completed IBZ k-point 1199/3375 (index 1224)
2026-06-14 01:53:45,961 - kaldo - INFO - Completed IBZ k-point 1200/3375 (index 1161)
2026-06-14 01:53:45,961 - kaldo - INFO - Completed IBZ k-point 1201/3375 (index 1580)
2026-06-14 01:53:45,961 - kaldo - INFO - Completed IBZ k-point 1202/3375 (index 950)
2026-06-14 01:53:45,961 - kaldo - INFO - Completed IBZ k-point 1203/3375 (index 1537)
2026-06-14 01:53:45,961 - kaldo - INFO - Completed IBZ k-point 1204/3375 (index 1484)
2026-06-14 01:53:45,961 - kaldo - INFO - Completed IBZ k-point 1205/3375 (index 335)
2026-06-14 01:53:45,961 - kaldo - INFO - Completed IBZ k-point 1206/3375 (index 1159)
2026-06-14 01:53:45,961 - kaldo - INFO - Completed IBZ k-point 1207/3375 (index 1245)
2026-06-14 01:53:45,961 - kaldo - INFO - Completed IBZ k-point 1208/3375 (index 2809)
2026-06-14 01:53:45,961 - kaldo - INFO - Completed IBZ k-point 1209/3375 (index 1236)
2026-06-14 01:53:45,961 - kaldo - INFO - Completed IBZ k-point 1210/3375 (index 184)
2026-06-14 01:53:45,961 - kaldo - INFO - Completed IBZ k-point 1211/3375 (index 1805)
2026-06-14 01:53:45,961 - kaldo - INFO - Completed IBZ k-point 1212/3375 (index 1835)
2026-06-14 01:53:45,961 - kaldo - INFO - Completed IBZ k-point 1213/3375 (index 1554)
2026-06-14 01:53:45,961 - kaldo - INFO - Completed IBZ k-point 1214/3375 (index 1247)
2026-06-14 01:53:45,961 - kaldo - INFO - Completed IBZ k-point 1215/3375 (index 1162)
2026-06-14 01:53:45,961 - kaldo - INFO - Completed IBZ k-point 1216/3375 (index 1214)
2026-06-14 01:53:45,961 - kaldo - INFO - Completed IBZ k-point 1217/3375 (index 1582)
2026-06-14 01:53:45,961 - kaldo - INFO - Completed IBZ k-point 1218/3375 (index 1188)
2026-06-14 01:53:45,961 - kaldo - INFO - Completed IBZ k-point 1219/3375 (index 1180)
2026-06-14 01:53:45,962 - kaldo - INFO - Completed IBZ k-point 1220/3375 (index 2440)
2026-06-14 01:53:45,962 - kaldo - INFO - Completed IBZ k-point 1221/3375 (index 1394)
2026-06-14 01:53:45,962 - kaldo - INFO - Completed IBZ k-point 1222/3375 (index 1815)
2026-06-14 01:53:45,962 - kaldo - INFO - Completed IBZ k-point 1223/3375 (index 1223)
2026-06-14 01:53:45,962 - kaldo - INFO - Completed IBZ k-point 1224/3375 (index 944)
2026-06-14 01:53:45,962 - kaldo - INFO - Completed IBZ k-point 1225/3375 (index 1243)
2026-06-14 01:53:45,962 - kaldo - INFO - Completed IBZ k-point 1226/3375 (index 1178)
2026-06-14 01:53:45,962 - kaldo - INFO - Completed IBZ k-point 1227/3375 (index 931)
2026-06-14 01:53:45,962 - kaldo - INFO - Completed IBZ k-point 1228/3375 (index 1152)
2026-06-14 01:53:45,962 - kaldo - INFO - Completed IBZ k-point 1229/3375 (index 1487)
2026-06-14 01:53:45,962 - kaldo - INFO - Completed IBZ k-point 1230/3375 (index 2798)
2026-06-14 01:53:45,962 - kaldo - INFO - Completed IBZ k-point 1231/3375 (index 87)
2026-06-14 01:53:45,962 - kaldo - INFO - Completed IBZ k-point 1232/3375 (index 1522)
2026-06-14 01:53:45,962 - kaldo - INFO - Completed IBZ k-point 1233/3375 (index 1533)
2026-06-14 01:53:45,962 - kaldo - INFO - Completed IBZ k-point 1234/3375 (index 1185)
2026-06-14 01:53:45,962 - kaldo - INFO - Completed IBZ k-point 1235/3375 (index 1516)
2026-06-14 01:53:45,962 - kaldo - INFO - Completed IBZ k-point 1236/3375 (index 1494)
2026-06-14 01:53:45,962 - kaldo - INFO - Completed IBZ k-point 1237/3375 (index 1242)
2026-06-14 01:53:45,962 - kaldo - INFO - Completed IBZ k-point 1238/3375 (index 1221)
2026-06-14 01:53:45,962 - kaldo - INFO - Completed IBZ k-point 1239/3375 (index 1218)
2026-06-14 01:53:45,962 - kaldo - INFO - Completed IBZ k-point 1240/3375 (index 1528)
2026-06-14 01:53:45,962 - kaldo - INFO - Completed IBZ k-point 1241/3375 (index 1220)
2026-06-14 01:53:45,962 - kaldo - INFO - Completed IBZ k-point 1242/3375 (index 1534)
2026-06-14 01:53:45,962 - kaldo - INFO - Completed IBZ k-point 1243/3375 (index 1227)
2026-06-14 01:53:45,962 - kaldo - INFO - Completed IBZ k-point 1244/3375 (index 22)
2026-06-14 01:53:45,962 - kaldo - INFO - Completed IBZ k-point 1245/3375 (index 1228)
2026-06-14 01:53:45,962 - kaldo - INFO - Completed IBZ k-point 1246/3375 (index 1233)
2026-06-14 01:53:45,962 - kaldo - INFO - Completed IBZ k-point 1247/3375 (index 1160)
2026-06-14 01:53:45,962 - kaldo - INFO - Completed IBZ k-point 1248/3375 (index 1525)
2026-06-14 01:53:45,962 - kaldo - INFO - Completed IBZ k-point 1249/3375 (index 1167)
2026-06-14 01:53:45,962 - kaldo - INFO - Completed IBZ k-point 1250/3375 (index 1238)
2026-06-14 01:53:45,962 - kaldo - INFO - Completed IBZ k-point 1251/3375 (index 1497)
2026-06-14 01:53:45,962 - kaldo - INFO - Completed IBZ k-point 1252/3375 (index 1215)
2026-06-14 01:53:45,962 - kaldo - INFO - Completed IBZ k-point 1253/3375 (index 1483)
2026-06-14 01:53:45,962 - kaldo - INFO - Completed IBZ k-point 1254/3375 (index 1529)
2026-06-14 01:53:45,962 - kaldo - INFO - Completed IBZ k-point 1255/3375 (index 1211)
2026-06-14 01:53:45,962 - kaldo - INFO - Completed IBZ k-point 1256/3375 (index 1187)
2026-06-14 01:53:45,962 - kaldo - INFO - Completed IBZ k-point 1257/3375 (index 1482)
2026-06-14 01:53:45,962 - kaldo - INFO - Completed IBZ k-point 1258/3375 (index 1513)
2026-06-14 01:53:45,963 - kaldo - INFO - Completed IBZ k-point 1259/3375 (index 186)
2026-06-14 01:53:45,963 - kaldo - INFO - Completed IBZ k-point 1260/3375 (index 1857)
2026-06-14 01:53:45,963 - kaldo - INFO - Completed IBZ k-point 1261/3375 (index 1858)
2026-06-14 01:53:45,963 - kaldo - INFO - Completed IBZ k-point 1262/3375 (index 1586)
2026-06-14 01:53:45,963 - kaldo - INFO - Completed IBZ k-point 1263/3375 (index 1222)
2026-06-14 01:53:45,963 - kaldo - INFO - Completed IBZ k-point 1264/3375 (index 81)
2026-06-14 01:53:45,963 - kaldo - INFO - Completed IBZ k-point 1265/3375 (index 27)
2026-06-14 01:53:45,963 - kaldo - INFO - Completed IBZ k-point 1266/3375 (index 1535)
2026-06-14 01:53:45,963 - kaldo - INFO - Completed IBZ k-point 1267/3375 (index 954)
2026-06-14 01:53:45,963 - kaldo - INFO - Completed IBZ k-point 1268/3375 (index 2225)
2026-06-14 01:53:45,963 - kaldo - INFO - Completed IBZ k-point 1269/3375 (index 1886)
2026-06-14 01:53:45,963 - kaldo - INFO - Completed IBZ k-point 1270/3375 (index 3285)
2026-06-14 01:53:45,963 - kaldo - INFO - Completed IBZ k-point 1271/3375 (index 1741)
2026-06-14 01:53:45,963 - kaldo - INFO - Completed IBZ k-point 1272/3375 (index 102)
2026-06-14 01:53:45,963 - kaldo - INFO - Completed IBZ k-point 1273/3375 (index 2226)
2026-06-14 01:53:45,963 - kaldo - INFO - Completed IBZ k-point 1274/3375 (index 3287)
2026-06-14 01:53:45,963 - kaldo - INFO - Completed IBZ k-point 1275/3375 (index 1715)
2026-06-14 01:53:45,963 - kaldo - INFO - Completed IBZ k-point 1276/3375 (index 365)
2026-06-14 01:53:45,963 - kaldo - INFO - Completed IBZ k-point 1277/3375 (index 3255)
2026-06-14 01:53:45,963 - kaldo - INFO - Completed IBZ k-point 1278/3375 (index 1716)
2026-06-14 01:53:45,963 - kaldo - INFO - Completed IBZ k-point 1279/3375 (index 3259)
2026-06-14 01:53:45,963 - kaldo - INFO - Completed IBZ k-point 1280/3375 (index 471)
2026-06-14 01:53:45,963 - kaldo - INFO - Completed IBZ k-point 1281/3375 (index 3270)
2026-06-14 01:53:45,963 - kaldo - INFO - Completed IBZ k-point 1282/3375 (index 1887)
2026-06-14 01:53:45,963 - kaldo - INFO - Completed IBZ k-point 1283/3375 (index 3289)
2026-06-14 01:53:45,963 - kaldo - INFO - Completed IBZ k-point 1284/3375 (index 1734)
2026-06-14 01:53:45,963 - kaldo - INFO - Completed IBZ k-point 1285/3375 (index 118)
2026-06-14 01:53:45,963 - kaldo - INFO - Completed IBZ k-point 1286/3375 (index 1761)
2026-06-14 01:53:45,963 - kaldo - INFO - Completed IBZ k-point 1287/3375 (index 1880)
2026-06-14 01:53:45,963 - kaldo - INFO - Completed IBZ k-point 1288/3375 (index 3336)
2026-06-14 01:53:45,963 - kaldo - INFO - Completed IBZ k-point 1289/3375 (index 1788)
2026-06-14 01:53:45,963 - kaldo - INFO - Completed IBZ k-point 1290/3375 (index 2077)
2026-06-14 01:53:45,963 - kaldo - INFO - Completed IBZ k-point 1291/3375 (index 3309)
2026-06-14 01:53:45,963 - kaldo - INFO - Completed IBZ k-point 1292/3375 (index 3286)
2026-06-14 01:53:45,963 - kaldo - INFO - Completed IBZ k-point 1293/3375 (index 1780)
2026-06-14 01:53:45,963 - kaldo - INFO - Completed IBZ k-point 1294/3375 (index 1918)
2026-06-14 01:53:45,963 - kaldo - INFO - Completed IBZ k-point 1295/3375 (index 3253)
2026-06-14 01:53:45,963 - kaldo - INFO - Completed IBZ k-point 1296/3375 (index 1777)
2026-06-14 01:53:45,963 - kaldo - INFO - Completed IBZ k-point 1297/3375 (index 3283)
2026-06-14 01:53:45,964 - kaldo - INFO - Completed IBZ k-point 1298/3375 (index 1690)
2026-06-14 01:53:45,964 - kaldo - INFO - Completed IBZ k-point 1299/3375 (index 154)
2026-06-14 01:53:45,964 - kaldo - INFO - Completed IBZ k-point 1300/3375 (index 3260)
2026-06-14 01:53:45,964 - kaldo - INFO - Completed IBZ k-point 1301/3375 (index 1710)
2026-06-14 01:53:45,964 - kaldo - INFO - Completed IBZ k-point 1302/3375 (index 1927)
2026-06-14 01:53:45,964 - kaldo - INFO - Completed IBZ k-point 1303/3375 (index 3265)
2026-06-14 01:53:45,964 - kaldo - INFO - Completed IBZ k-point 1304/3375 (index 1727)
2026-06-14 01:53:45,964 - kaldo - INFO - Completed IBZ k-point 1305/3375 (index 3284)
2026-06-14 01:53:45,964 - kaldo - INFO - Completed IBZ k-point 1306/3375 (index 2222)
2026-06-14 01:53:45,964 - kaldo - INFO - Completed IBZ k-point 1307/3375 (index 1922)
2026-06-14 01:53:45,964 - kaldo - INFO - Completed IBZ k-point 1308/3375 (index 66)
2026-06-14 01:53:45,964 - kaldo - INFO - Completed IBZ k-point 1309/3375 (index 3266)
2026-06-14 01:53:45,964 - kaldo - INFO - Completed IBZ k-point 1310/3375 (index 1720)
2026-06-14 01:53:45,964 - kaldo - INFO - Completed IBZ k-point 1311/3375 (index 1687)
2026-06-14 01:53:45,964 - kaldo - INFO - Completed IBZ k-point 1312/3375 (index 2221)
2026-06-14 01:53:45,964 - kaldo - INFO - Completed IBZ k-point 1313/3375 (index 1725)
2026-06-14 01:53:45,964 - kaldo - INFO - Completed IBZ k-point 1314/3375 (index 3274)
2026-06-14 01:53:45,964 - kaldo - INFO - Completed IBZ k-point 1315/3375 (index 1693)
2026-06-14 01:53:45,964 - kaldo - INFO - Completed IBZ k-point 1316/3375 (index 1759)
2026-06-14 01:53:45,964 - kaldo - INFO - Completed IBZ k-point 1317/3375 (index 1894)
2026-06-14 01:53:45,964 - kaldo - INFO - Completed IBZ k-point 1318/3375 (index 1774)
2026-06-14 01:53:45,964 - kaldo - INFO - Completed IBZ k-point 1319/3375 (index 3258)
2026-06-14 01:53:45,964 - kaldo - INFO - Completed IBZ k-point 1320/3375 (index 1760)
2026-06-14 01:53:45,964 - kaldo - INFO - Completed IBZ k-point 1321/3375 (index 551)
2026-06-14 01:53:45,964 - kaldo - INFO - Completed IBZ k-point 1322/3375 (index 2157)
2026-06-14 01:53:45,964 - kaldo - INFO - Completed IBZ k-point 1323/3375 (index 3262)
2026-06-14 01:53:45,964 - kaldo - INFO - Completed IBZ k-point 1324/3375 (index 3228)
2026-06-14 01:53:45,964 - kaldo - INFO - Completed IBZ k-point 1325/3375 (index 1906)
2026-06-14 01:53:45,964 - kaldo - INFO - Completed IBZ k-point 1326/3375 (index 3230)
2026-06-14 01:53:45,964 - kaldo - INFO - Completed IBZ k-point 1327/3375 (index 2082)
2026-06-14 01:53:45,964 - kaldo - INFO - Completed IBZ k-point 1328/3375 (index 3269)
2026-06-14 01:53:45,964 - kaldo - INFO - Completed IBZ k-point 1329/3375 (index 100)
2026-06-14 01:53:45,964 - kaldo - INFO - Completed IBZ k-point 1330/3375 (index 159)
2026-06-14 01:53:45,964 - kaldo - INFO - Completed IBZ k-point 1331/3375 (index 3227)
2026-06-14 01:53:45,964 - kaldo - INFO - Completed IBZ k-point 1332/3375 (index 1696)
2026-06-14 01:53:45,964 - kaldo - INFO - Completed IBZ k-point 1333/3375 (index 3240)
2026-06-14 01:53:45,964 - kaldo - INFO - Completed IBZ k-point 1334/3375 (index 3237)
2026-06-14 01:53:45,964 - kaldo - INFO - Completed IBZ k-point 1335/3375 (index 1896)
2026-06-14 01:53:45,964 - kaldo - INFO - Completed IBZ k-point 1336/3375 (index 1803)
2026-06-14 01:53:45,965 - kaldo - INFO - Completed IBZ k-point 1337/3375 (index 247)
2026-06-14 01:53:45,965 - kaldo - INFO - Completed IBZ k-point 1338/3375 (index 2224)
2026-06-14 01:53:45,965 - kaldo - INFO - Completed IBZ k-point 1339/3375 (index 3218)
2026-06-14 01:53:45,965 - kaldo - INFO - Completed IBZ k-point 1340/3375 (index 3219)
2026-06-14 01:53:45,965 - kaldo - INFO - Completed IBZ k-point 1341/3375 (index 2036)
2026-06-14 01:53:45,965 - kaldo - INFO - Completed IBZ k-point 1342/3375 (index 3288)
2026-06-14 01:53:45,965 - kaldo - INFO - Completed IBZ k-point 1343/3375 (index 3221)
2026-06-14 01:53:45,965 - kaldo - INFO - Completed IBZ k-point 1344/3375 (index 1628)
2026-06-14 01:53:45,965 - kaldo - INFO - Completed IBZ k-point 1345/3375 (index 3256)
2026-06-14 01:53:45,965 - kaldo - INFO - Completed IBZ k-point 1346/3375 (index 1876)
2026-06-14 01:53:45,965 - kaldo - INFO - Completed IBZ k-point 1347/3375 (index 3224)
2026-06-14 01:53:45,965 - kaldo - INFO - Completed IBZ k-point 1348/3375 (index 553)
2026-06-14 01:53:45,965 - kaldo - INFO - Completed IBZ k-point 1349/3375 (index 248)
2026-06-14 01:53:45,965 - kaldo - INFO - Completed IBZ k-point 1350/3375 (index 3223)
2026-06-14 01:53:45,965 - kaldo - INFO - Completed IBZ k-point 1351/3375 (index 1756)
2026-06-14 01:53:45,965 - kaldo - INFO - Completed IBZ k-point 1352/3375 (index 1711)
2026-06-14 01:53:45,965 - kaldo - INFO - Completed IBZ k-point 1353/3375 (index 191)
2026-06-14 01:53:45,965 - kaldo - INFO - Completed IBZ k-point 1354/3375 (index 2223)
2026-06-14 01:53:45,965 - kaldo - INFO - Completed IBZ k-point 1355/3375 (index 3272)
2026-06-14 01:53:45,965 - kaldo - INFO - Completed IBZ k-point 1356/3375 (index 1722)
2026-06-14 01:53:45,965 - kaldo - INFO - Completed IBZ k-point 1357/3375 (index 3243)
2026-06-14 01:53:45,965 - kaldo - INFO - Completed IBZ k-point 1358/3375 (index 3241)
2026-06-14 01:53:45,965 - kaldo - INFO - Completed IBZ k-point 1359/3375 (index 3242)
2026-06-14 01:53:45,965 - kaldo - INFO - Completed IBZ k-point 1360/3375 (index 1794)
2026-06-14 01:53:45,965 - kaldo - INFO - Completed IBZ k-point 1361/3375 (index 3273)
2026-06-14 01:53:45,965 - kaldo - INFO - Completed IBZ k-point 1362/3375 (index 3226)
2026-06-14 01:53:45,965 - kaldo - INFO - Completed IBZ k-point 1363/3375 (index 1874)
2026-06-14 01:53:45,965 - kaldo - INFO - Completed IBZ k-point 1364/3375 (index 482)
2026-06-14 01:53:45,965 - kaldo - INFO - Completed IBZ k-point 1365/3375 (index 3254)
2026-06-14 01:53:45,965 - kaldo - INFO - Completed IBZ k-point 1366/3375 (index 1789)
2026-06-14 01:53:45,965 - kaldo - INFO - Completed IBZ k-point 1367/3375 (index 1755)
2026-06-14 01:53:45,965 - kaldo - INFO - Completed IBZ k-point 1368/3375 (index 3216)
2026-06-14 01:53:45,965 - kaldo - INFO - Completed IBZ k-point 1369/3375 (index 1873)
2026-06-14 01:53:45,965 - kaldo - INFO - Completed IBZ k-point 1370/3375 (index 1895)
2026-06-14 01:53:45,965 - kaldo - INFO - Completed IBZ k-point 1371/3375 (index 114)
2026-06-14 01:53:45,965 - kaldo - INFO - Completed IBZ k-point 1372/3375 (index 3225)
2026-06-14 01:53:45,965 - kaldo - INFO - Completed IBZ k-point 1373/3375 (index 1781)
2026-06-14 01:53:45,965 - kaldo - INFO - Completed IBZ k-point 1374/3375 (index 180)
2026-06-14 01:53:45,965 - kaldo - INFO - Completed IBZ k-point 1375/3375 (index 3217)
2026-06-14 01:53:45,966 - kaldo - INFO - Completed IBZ k-point 1376/3375 (index 1758)
2026-06-14 01:53:45,966 - kaldo - INFO - Completed IBZ k-point 1377/3375 (index 1877)
2026-06-14 01:53:45,966 - kaldo - INFO - Completed IBZ k-point 1378/3375 (index 3220)
2026-06-14 01:53:45,966 - kaldo - INFO - Completed IBZ k-point 1379/3375 (index 1875)
2026-06-14 01:53:45,966 - kaldo - INFO - Completed IBZ k-point 1380/3375 (index 549)
2026-06-14 01:53:45,966 - kaldo - INFO - Completed IBZ k-point 1381/3375 (index 1790)
2026-06-14 01:53:45,966 - kaldo - INFO - Completed IBZ k-point 1382/3375 (index 1689)
2026-06-14 01:53:45,966 - kaldo - INFO - Completed IBZ k-point 1383/3375 (index 2025)
2026-06-14 01:53:45,966 - kaldo - INFO - Completed IBZ k-point 1384/3375 (index 1920)
2026-06-14 01:53:45,966 - kaldo - INFO - Completed IBZ k-point 1385/3375 (index 1731)
2026-06-14 01:53:45,966 - kaldo - INFO - Completed IBZ k-point 1386/3375 (index 1783)
2026-06-14 01:53:45,966 - kaldo - INFO - Completed IBZ k-point 1387/3375 (index 3222)
2026-06-14 01:53:45,966 - kaldo - INFO - Completed IBZ k-point 1388/3375 (index 2016)
2026-06-14 01:53:45,966 - kaldo - INFO - Completed IBZ k-point 1389/3375 (index 1726)
2026-06-14 01:53:45,966 - kaldo - INFO - Completed IBZ k-point 1390/3375 (index 1898)
2026-06-14 01:53:45,966 - kaldo - INFO - Completed IBZ k-point 1391/3375 (index 1736)
2026-06-14 01:53:45,966 - kaldo - INFO - Completed IBZ k-point 1392/3375 (index 1740)
2026-06-14 01:53:45,966 - kaldo - INFO - Completed IBZ k-point 1393/3375 (index 1878)
2026-06-14 01:53:45,966 - kaldo - INFO - Completed IBZ k-point 1394/3375 (index 3277)
2026-06-14 01:53:45,966 - kaldo - INFO - Completed IBZ k-point 1395/3375 (index 1890)
2026-06-14 01:53:45,966 - kaldo - INFO - Completed IBZ k-point 1396/3375 (index 566)
2026-06-14 01:53:45,966 - kaldo - INFO - Completed IBZ k-point 1397/3375 (index 2088)
2026-06-14 01:53:45,966 - kaldo - INFO - Completed IBZ k-point 1398/3375 (index 3312)
2026-06-14 01:53:45,966 - kaldo - INFO - Completed IBZ k-point 1399/3375 (index 3279)
2026-06-14 01:53:45,966 - kaldo - INFO - Completed IBZ k-point 1400/3375 (index 1699)
2026-06-14 01:53:45,966 - kaldo - INFO - Completed IBZ k-point 1401/3375 (index 1767)
2026-06-14 01:53:45,966 - kaldo - INFO - Completed IBZ k-point 1402/3375 (index 3207)
2026-06-14 01:53:45,966 - kaldo - INFO - Completed IBZ k-point 1403/3375 (index 1784)
2026-06-14 01:53:45,966 - kaldo - INFO - Completed IBZ k-point 1404/3375 (index 3261)
2026-06-14 01:53:45,966 - kaldo - INFO - Completed IBZ k-point 1405/3375 (index 1793)
2026-06-14 01:53:45,966 - kaldo - INFO - Completed IBZ k-point 1406/3375 (index 103)
2026-06-14 01:53:45,966 - kaldo - INFO - Completed IBZ k-point 1407/3375 (index 1879)
2026-06-14 01:53:45,966 - kaldo - INFO - Completed IBZ k-point 1408/3375 (index 1739)
2026-06-14 01:53:45,966 - kaldo - INFO - Completed IBZ k-point 1409/3375 (index 1724)
2026-06-14 01:53:45,966 - kaldo - INFO - Completed IBZ k-point 1410/3375 (index 1884)
2026-06-14 01:53:45,966 - kaldo - INFO - Completed IBZ k-point 1411/3375 (index 472)
2026-06-14 01:53:45,966 - kaldo - INFO - Completed IBZ k-point 1412/3375 (index 1891)
2026-06-14 01:53:45,966 - kaldo - INFO - Completed IBZ k-point 1413/3375 (index 1747)
2026-06-14 01:53:45,966 - kaldo - INFO - Completed IBZ k-point 1414/3375 (index 3229)
2026-06-14 01:53:45,967 - kaldo - INFO - Completed IBZ k-point 1415/3375 (index 1919)
2026-06-14 01:53:45,967 - kaldo - INFO - Completed IBZ k-point 1416/3375 (index 1901)
2026-06-14 01:53:45,967 - kaldo - INFO - Completed IBZ k-point 1417/3375 (index 1786)
2026-06-14 01:53:45,967 - kaldo - INFO - Completed IBZ k-point 1418/3375 (index 3257)
2026-06-14 01:53:45,967 - kaldo - INFO - Completed IBZ k-point 1419/3375 (index 1744)
2026-06-14 01:53:45,967 - kaldo - INFO - Completed IBZ k-point 1420/3375 (index 1700)
2026-06-14 01:53:45,967 - kaldo - INFO - Completed IBZ k-point 1421/3375 (index 1750)
2026-06-14 01:53:45,967 - kaldo - INFO - Completed IBZ k-point 1422/3375 (index 371)
2026-06-14 01:53:45,967 - kaldo - INFO - Completed IBZ k-point 1423/3375 (index 3172)
2026-06-14 01:53:45,967 - kaldo - INFO - Completed IBZ k-point 1424/3375 (index 1883)
2026-06-14 01:53:45,967 - kaldo - INFO - Completed IBZ k-point 1425/3375 (index 1791)
2026-06-14 01:53:45,967 - kaldo - INFO - Completed IBZ k-point 1426/3375 (index 1889)
2026-06-14 01:53:45,967 - kaldo - INFO - Completed IBZ k-point 1427/3375 (index 3194)
2026-06-14 01:53:45,967 - kaldo - INFO - Completed IBZ k-point 1428/3375 (index 3264)
2026-06-14 01:53:45,967 - kaldo - INFO - Completed IBZ k-point 1429/3375 (index 1692)
2026-06-14 01:53:45,967 - kaldo - INFO - Completed IBZ k-point 1430/3375 (index 3190)
2026-06-14 01:53:45,967 - kaldo - INFO - Completed IBZ k-point 1431/3375 (index 1892)
2026-06-14 01:53:45,967 - kaldo - INFO - Completed IBZ k-point 1432/3375 (index 1753)
2026-06-14 01:53:45,967 - kaldo - INFO - Completed IBZ k-point 1433/3375 (index 3182)
2026-06-14 01:53:45,967 - kaldo - INFO - Completed IBZ k-point 1434/3375 (index 3188)
2026-06-14 01:53:45,967 - kaldo - INFO - Completed IBZ k-point 1435/3375 (index 1762)
2026-06-14 01:53:45,967 - kaldo - INFO - Completed IBZ k-point 1436/3375 (index 1748)
2026-06-14 01:53:45,967 - kaldo - INFO - Completed IBZ k-point 1437/3375 (index 480)
2026-06-14 01:53:45,967 - kaldo - INFO - Completed IBZ k-point 1438/3375 (index 3290)
2026-06-14 01:53:45,967 - kaldo - INFO - Completed IBZ k-point 1439/3375 (index 3276)
2026-06-14 01:53:45,967 - kaldo - INFO - Completed IBZ k-point 1440/3375 (index 1754)
2026-06-14 01:53:45,967 - kaldo - INFO - Completed IBZ k-point 1441/3375 (index 1868)
2026-06-14 01:53:45,967 - kaldo - INFO - Completed IBZ k-point 1442/3375 (index 2100)
2026-06-14 01:53:45,967 - kaldo - INFO - Completed IBZ k-point 1443/3375 (index 3189)
2026-06-14 01:53:45,967 - kaldo - INFO - Completed IBZ k-point 1444/3375 (index 1688)
2026-06-14 01:53:45,967 - kaldo - INFO - Completed IBZ k-point 1445/3375 (index 3177)
2026-06-14 01:53:45,967 - kaldo - INFO - Completed IBZ k-point 1446/3375 (index 1778)
2026-06-14 01:53:45,967 - kaldo - INFO - Completed IBZ k-point 1447/3375 (index 2021)
2026-06-14 01:53:45,967 - kaldo - INFO - Completed IBZ k-point 1448/3375 (index 1990)
2026-06-14 01:53:45,967 - kaldo - INFO - Completed IBZ k-point 1449/3375 (index 3183)
2026-06-14 01:53:45,967 - kaldo - INFO - Completed IBZ k-point 1450/3375 (index 1737)
2026-06-14 01:53:45,967 - kaldo - INFO - Completed IBZ k-point 1451/3375 (index 3173)
2026-06-14 01:53:45,967 - kaldo - INFO - Completed IBZ k-point 1452/3375 (index 3181)
2026-06-14 01:53:45,967 - kaldo - INFO - Completed IBZ k-point 1453/3375 (index 1698)
2026-06-14 01:53:45,968 - kaldo - INFO - Completed IBZ k-point 1454/3375 (index 1738)
2026-06-14 01:53:45,968 - kaldo - INFO - Completed IBZ k-point 1455/3375 (index 2089)
2026-06-14 01:53:45,968 - kaldo - INFO - Completed IBZ k-point 1456/3375 (index 1721)
2026-06-14 01:53:45,968 - kaldo - INFO - Completed IBZ k-point 1457/3375 (index 3236)
2026-06-14 01:53:45,968 - kaldo - INFO - Completed IBZ k-point 1458/3375 (index 1931)
2026-06-14 01:53:45,968 - kaldo - INFO - Completed IBZ k-point 1459/3375 (index 485)
2026-06-14 01:53:45,968 - kaldo - INFO - Completed IBZ k-point 1460/3375 (index 1902)
2026-06-14 01:53:45,968 - kaldo - INFO - Completed IBZ k-point 1461/3375 (index 2108)
2026-06-14 01:53:45,968 - kaldo - INFO - Completed IBZ k-point 1462/3375 (index 2985)
2026-06-14 01:53:45,968 - kaldo - INFO - Completed IBZ k-point 1463/3375 (index 1871)
2026-06-14 01:53:45,968 - kaldo - INFO - Completed IBZ k-point 1464/3375 (index 3263)
2026-06-14 01:53:45,968 - kaldo - INFO - Completed IBZ k-point 1465/3375 (index 488)
2026-06-14 01:53:45,968 - kaldo - INFO - Completed IBZ k-point 1466/3375 (index 3200)
2026-06-14 01:53:45,968 - kaldo - INFO - Completed IBZ k-point 1467/3375 (index 1782)
2026-06-14 01:53:45,968 - kaldo - INFO - Completed IBZ k-point 1468/3375 (index 1695)
2026-06-14 01:53:45,968 - kaldo - INFO - Completed IBZ k-point 1469/3375 (index 55)
2026-06-14 01:53:45,968 - kaldo - INFO - Completed IBZ k-point 1470/3375 (index 1870)
2026-06-14 01:53:45,968 - kaldo - INFO - Completed IBZ k-point 1471/3375 (index 394)
2026-06-14 01:53:45,968 - kaldo - INFO - Completed IBZ k-point 1472/3375 (index 473)
2026-06-14 01:53:45,968 - kaldo - INFO - Completed IBZ k-point 1473/3375 (index 492)
2026-06-14 01:53:45,968 - kaldo - INFO - Completed IBZ k-point 1474/3375 (index 1752)
2026-06-14 01:53:45,968 - kaldo - INFO - Completed IBZ k-point 1475/3375 (index 1792)
2026-06-14 01:53:45,968 - kaldo - INFO - Completed IBZ k-point 1476/3375 (index 1869)
2026-06-14 01:53:45,968 - kaldo - INFO - Completed IBZ k-point 1477/3375 (index 2086)
2026-06-14 01:53:45,968 - kaldo - INFO - Completed IBZ k-point 1478/3375 (index 3191)
2026-06-14 01:53:45,968 - kaldo - INFO - Completed IBZ k-point 1479/3375 (index 2106)
2026-06-14 01:53:45,968 - kaldo - INFO - Completed IBZ k-point 1480/3375 (index 3176)
2026-06-14 01:53:45,968 - kaldo - INFO - Completed IBZ k-point 1481/3375 (index 1751)
2026-06-14 01:53:45,968 - kaldo - INFO - Completed IBZ k-point 1482/3375 (index 3179)
2026-06-14 01:53:45,968 - kaldo - INFO - Completed IBZ k-point 1483/3375 (index 3192)
2026-06-14 01:53:45,968 - kaldo - INFO - Completed IBZ k-point 1484/3375 (index 1723)
2026-06-14 01:53:45,968 - kaldo - INFO - Completed IBZ k-point 1485/3375 (index 1984)
2026-06-14 01:53:45,968 - kaldo - INFO - Completed IBZ k-point 1486/3375 (index 3186)
2026-06-14 01:53:45,968 - kaldo - INFO - Completed IBZ k-point 1487/3375 (index 1766)
2026-06-14 01:53:45,968 - kaldo - INFO - Completed IBZ k-point 1488/3375 (index 2027)
2026-06-14 01:53:45,968 - kaldo - INFO - Completed IBZ k-point 1489/3375 (index 1991)
2026-06-14 01:53:45,968 - kaldo - INFO - Completed IBZ k-point 1490/3375 (index 3193)
2026-06-14 01:53:45,968 - kaldo - INFO - Completed IBZ k-point 1491/3375 (index 1763)
2026-06-14 01:53:45,968 - kaldo - INFO - Completed IBZ k-point 1492/3375 (index 1745)
2026-06-14 01:53:45,969 - kaldo - INFO - Completed IBZ k-point 1493/3375 (index 3195)
2026-06-14 01:53:45,969 - kaldo - INFO - Completed IBZ k-point 1494/3375 (index 2084)
2026-06-14 01:53:45,969 - kaldo - INFO - Completed IBZ k-point 1495/3375 (index 3314)
2026-06-14 01:53:45,969 - kaldo - INFO - Completed IBZ k-point 1496/3375 (index 3271)
2026-06-14 01:53:45,969 - kaldo - INFO - Completed IBZ k-point 1497/3375 (index 1671)
2026-06-14 01:53:45,969 - kaldo - INFO - Completed IBZ k-point 1498/3375 (index 2091)
2026-06-14 01:53:45,969 - kaldo - INFO - Completed IBZ k-point 1499/3375 (index 1743)
2026-06-14 01:53:45,969 - kaldo - INFO - Completed IBZ k-point 1500/3375 (index 1729)
2026-06-14 01:53:45,969 - kaldo - INFO - Completed IBZ k-point 1501/3375 (index 2124)
2026-06-14 01:53:45,969 - kaldo - INFO - Completed IBZ k-point 1502/3375 (index 3333)
2026-06-14 01:53:45,969 - kaldo - INFO - Completed IBZ k-point 1503/3375 (index 3235)
2026-06-14 01:53:45,969 - kaldo - INFO - Completed IBZ k-point 1504/3375 (index 153)
2026-06-14 01:53:45,969 - kaldo - INFO - Completed IBZ k-point 1505/3375 (index 3280)
2026-06-14 01:53:45,969 - kaldo - INFO - Completed IBZ k-point 1506/3375 (index 1764)
2026-06-14 01:53:45,969 - kaldo - INFO - Completed IBZ k-point 1507/3375 (index 1779)
2026-06-14 01:53:45,969 - kaldo - INFO - Completed IBZ k-point 1508/3375 (index 1987)
2026-06-14 01:53:45,969 - kaldo - INFO - Completed IBZ k-point 1509/3375 (index 1694)
2026-06-14 01:53:45,969 - kaldo - INFO - Completed IBZ k-point 1510/3375 (index 3278)
2026-06-14 01:53:45,969 - kaldo - INFO - Completed IBZ k-point 1511/3375 (index 3180)
2026-06-14 01:53:45,969 - kaldo - INFO - Completed IBZ k-point 1512/3375 (index 1900)
2026-06-14 01:53:45,969 - kaldo - INFO - Completed IBZ k-point 1513/3375 (index 97)
2026-06-14 01:53:45,969 - kaldo - INFO - Completed IBZ k-point 1514/3375 (index 1785)
2026-06-14 01:53:45,969 - kaldo - INFO - Completed IBZ k-point 1515/3375 (index 1787)
2026-06-14 01:53:45,969 - kaldo - INFO - Completed IBZ k-point 1516/3375 (index 691)
2026-06-14 01:53:45,969 - kaldo - INFO - Completed IBZ k-point 1517/3375 (index 1926)
2026-06-14 01:53:45,969 - kaldo - INFO - Completed IBZ k-point 1518/3375 (index 1701)
2026-06-14 01:53:45,969 - kaldo - INFO - Completed IBZ k-point 1519/3375 (index 387)
2026-06-14 01:53:45,969 - kaldo - INFO - Completed IBZ k-point 1520/3375 (index 516)
2026-06-14 01:53:45,969 - kaldo - INFO - Completed IBZ k-point 1521/3375 (index 131)
2026-06-14 01:53:45,969 - kaldo - INFO - Completed IBZ k-point 1522/3375 (index 3174)
2026-06-14 01:53:45,969 - kaldo - INFO - Completed IBZ k-point 1523/3375 (index 345)
2026-06-14 01:53:45,969 - kaldo - INFO - Completed IBZ k-point 1524/3375 (index 3144)
2026-06-14 01:53:45,969 - kaldo - INFO - Completed IBZ k-point 1525/3375 (index 1866)
2026-06-14 01:53:45,969 - kaldo - INFO - Completed IBZ k-point 1526/3375 (index 548)
2026-06-14 01:53:45,969 - kaldo - INFO - Completed IBZ k-point 1527/3375 (index 567)
2026-06-14 01:53:45,969 - kaldo - INFO - Completed IBZ k-point 1528/3375 (index 3275)
2026-06-14 01:53:45,969 - kaldo - INFO - Completed IBZ k-point 1529/3375 (index 3143)
2026-06-14 01:53:45,969 - kaldo - INFO - Completed IBZ k-point 1530/3375 (index 2158)
2026-06-14 01:53:45,969 - kaldo - INFO - Completed IBZ k-point 1531/3375 (index 493)
2026-06-14 01:53:45,969 - kaldo - INFO - Completed IBZ k-point 1532/3375 (index 3185)
2026-06-14 01:53:45,970 - kaldo - INFO - Completed IBZ k-point 1533/3375 (index 397)
2026-06-14 01:53:45,970 - kaldo - INFO - Completed IBZ k-point 1534/3375 (index 3146)
2026-06-14 01:53:45,970 - kaldo - INFO - Completed IBZ k-point 1535/3375 (index 3145)
2026-06-14 01:53:45,970 - kaldo - INFO - Completed IBZ k-point 1536/3375 (index 494)
2026-06-14 01:53:45,970 - kaldo - INFO - Completed IBZ k-point 1537/3375 (index 198)
2026-06-14 01:53:45,970 - kaldo - INFO - Completed IBZ k-point 1538/3375 (index 2134)
2026-06-14 01:53:45,970 - kaldo - INFO - Completed IBZ k-point 1539/3375 (index 3187)
2026-06-14 01:53:45,970 - kaldo - INFO - Completed IBZ k-point 1540/3375 (index 386)
2026-06-14 01:53:45,970 - kaldo - INFO - Completed IBZ k-point 1541/3375 (index 1691)
2026-06-14 01:53:45,970 - kaldo - INFO - Completed IBZ k-point 1542/3375 (index 1765)
2026-06-14 01:53:45,970 - kaldo - INFO - Completed IBZ k-point 1543/3375 (index 1123)
2026-06-14 01:53:45,970 - kaldo - INFO - Completed IBZ k-point 1544/3375 (index 3139)
2026-06-14 01:53:45,970 - kaldo - INFO - Completed IBZ k-point 1545/3375 (index 1899)
2026-06-14 01:53:45,970 - kaldo - INFO - Completed IBZ k-point 1546/3375 (index 3141)
2026-06-14 01:53:45,970 - kaldo - INFO - Completed IBZ k-point 1547/3375 (index 340)
2026-06-14 01:53:45,970 - kaldo - INFO - Completed IBZ k-point 1548/3375 (index 3138)
2026-06-14 01:53:45,970 - kaldo - INFO - Completed IBZ k-point 1549/3375 (index 1795)
2026-06-14 01:53:45,970 - kaldo - INFO - Completed IBZ k-point 1550/3375 (index 1958)
2026-06-14 01:53:45,970 - kaldo - INFO - Completed IBZ k-point 1551/3375 (index 1354)
2026-06-14 01:53:45,970 - kaldo - INFO - Completed IBZ k-point 1552/3375 (index 385)
2026-06-14 01:53:45,970 - kaldo - INFO - Completed IBZ k-point 1553/3375 (index 193)
2026-06-14 01:53:45,970 - kaldo - INFO - Completed IBZ k-point 1554/3375 (index 3142)
2026-06-14 01:53:45,970 - kaldo - INFO - Completed IBZ k-point 1555/3375 (index 334)
2026-06-14 01:53:45,970 - kaldo - INFO - Completed IBZ k-point 1556/3375 (index 3136)
2026-06-14 01:53:45,970 - kaldo - INFO - Completed IBZ k-point 1557/3375 (index 370)
2026-06-14 01:53:45,970 - kaldo - INFO - Completed IBZ k-point 1558/3375 (index 3175)
2026-06-14 01:53:45,970 - kaldo - INFO - Completed IBZ k-point 1559/3375 (index 1730)
2026-06-14 01:53:45,970 - kaldo - INFO - Completed IBZ k-point 1560/3375 (index 498)
2026-06-14 01:53:45,970 - kaldo - INFO - Completed IBZ k-point 1561/3375 (index 3134)
2026-06-14 01:53:45,970 - kaldo - INFO - Completed IBZ k-point 1562/3375 (index 212)
2026-06-14 01:53:45,970 - kaldo - INFO - Completed IBZ k-point 1563/3375 (index 3147)
2026-06-14 01:53:45,970 - kaldo - INFO - Completed IBZ k-point 1564/3375 (index 1670)
2026-06-14 01:53:45,970 - kaldo - INFO - Completed IBZ k-point 1565/3375 (index 1749)
2026-06-14 01:53:45,970 - kaldo - INFO - Completed IBZ k-point 1566/3375 (index 1882)
2026-06-14 01:53:45,970 - kaldo - INFO - Completed IBZ k-point 1567/3375 (index 500)
2026-06-14 01:53:45,970 - kaldo - INFO - Completed IBZ k-point 1568/3375 (index 213)
2026-06-14 01:53:45,970 - kaldo - INFO - Completed IBZ k-point 1569/3375 (index 1928)
2026-06-14 01:53:45,970 - kaldo - INFO - Completed IBZ k-point 1570/3375 (index 3140)
2026-06-14 01:53:45,971 - kaldo - INFO - Completed IBZ k-point 1571/3375 (index 1714)
2026-06-14 01:53:45,971 - kaldo - INFO - Completed IBZ k-point 1572/3375 (index 1881)
2026-06-14 01:53:45,971 - kaldo - INFO - Completed IBZ k-point 1573/3375 (index 218)
2026-06-14 01:53:45,971 - kaldo - INFO - Completed IBZ k-point 1574/3375 (index 3129)
2026-06-14 01:53:45,971 - kaldo - INFO - Completed IBZ k-point 1575/3375 (index 3127)
2026-06-14 01:53:45,971 - kaldo - INFO - Completed IBZ k-point 1576/3375 (index 565)
2026-06-14 01:53:45,971 - kaldo - INFO - Completed IBZ k-point 1577/3375 (index 528)
2026-06-14 01:53:45,971 - kaldo - INFO - Completed IBZ k-point 1578/3375 (index 3178)
2026-06-14 01:53:45,971 - kaldo - INFO - Completed IBZ k-point 1579/3375 (index 1735)
2026-06-14 01:53:45,971 - kaldo - INFO - Completed IBZ k-point 1580/3375 (index 372)
2026-06-14 01:53:45,971 - kaldo - INFO - Completed IBZ k-point 1581/3375 (index 1893)
2026-06-14 01:53:45,971 - kaldo - INFO - Completed IBZ k-point 1582/3375 (index 64)
2026-06-14 01:53:45,971 - kaldo - INFO - Completed IBZ k-point 1583/3375 (index 3132)
2026-06-14 01:53:45,971 - kaldo - INFO - Completed IBZ k-point 1584/3375 (index 3121)
2026-06-14 01:53:45,971 - kaldo - INFO - Completed IBZ k-point 1585/3375 (index 7)
2026-06-14 01:53:45,971 - kaldo - INFO - Completed IBZ k-point 1586/3375 (index 2015)
2026-06-14 01:53:45,971 - kaldo - INFO - Completed IBZ k-point 1587/3375 (index 523)
2026-06-14 01:53:45,971 - kaldo - INFO - Completed IBZ k-point 1588/3375 (index 236)
2026-06-14 01:53:45,971 - kaldo - INFO - Completed IBZ k-point 1589/3375 (index 1921)
2026-06-14 01:53:45,971 - kaldo - INFO - Completed IBZ k-point 1590/3375 (index 538)
2026-06-14 01:53:45,971 - kaldo - INFO - Completed IBZ k-point 1591/3375 (index 463)
2026-06-14 01:53:45,971 - kaldo - INFO - Completed IBZ k-point 1592/3375 (index 1742)
2026-06-14 01:53:45,971 - kaldo - INFO - Completed IBZ k-point 1593/3375 (index 1697)
2026-06-14 01:53:45,971 - kaldo - INFO - Completed IBZ k-point 1594/3375 (index 3125)
2026-06-14 01:53:45,971 - kaldo - INFO - Completed IBZ k-point 1595/3375 (index 1930)
2026-06-14 01:53:45,971 - kaldo - INFO - Completed IBZ k-point 1596/3375 (index 3128)
2026-06-14 01:53:45,971 - kaldo - INFO - Completed IBZ k-point 1597/3375 (index 465)
2026-06-14 01:53:45,971 - kaldo - INFO - Completed IBZ k-point 1598/3375 (index 3122)
2026-06-14 01:53:45,971 - kaldo - INFO - Completed IBZ k-point 1599/3375 (index 400)
2026-06-14 01:53:45,971 - kaldo - INFO - Completed IBZ k-point 1600/3375 (index 1733)
2026-06-14 01:53:45,971 - kaldo - INFO - Completed IBZ k-point 1601/3375 (index 3131)
2026-06-14 01:53:45,971 - kaldo - INFO - Completed IBZ k-point 1602/3375 (index 1872)
2026-06-14 01:53:45,971 - kaldo - INFO - Completed IBZ k-point 1603/3375 (index 588)
2026-06-14 01:53:45,971 - kaldo - INFO - Completed IBZ k-point 1604/3375 (index 3123)
2026-06-14 01:53:45,971 - kaldo - INFO - Completed IBZ k-point 1605/3375 (index 1924)
2026-06-14 01:53:45,971 - kaldo - INFO - Completed IBZ k-point 1606/3375 (index 168)
2026-06-14 01:53:45,971 - kaldo - INFO - Completed IBZ k-point 1607/3375 (index 3137)
2026-06-14 01:53:45,971 - kaldo - INFO - Completed IBZ k-point 1608/3375 (index 3126)
2026-06-14 01:53:45,972 - kaldo - INFO - Completed IBZ k-point 1609/3375 (index 332)
2026-06-14 01:53:45,972 - kaldo - INFO - Completed IBZ k-point 1610/3375 (index 1746)
2026-06-14 01:53:45,972 - kaldo - INFO - Completed IBZ k-point 1611/3375 (index 368)
2026-06-14 01:53:45,972 - kaldo - INFO - Completed IBZ k-point 1612/3375 (index 104)
2026-06-14 01:53:45,972 - kaldo - INFO - Completed IBZ k-point 1613/3375 (index 1923)
2026-06-14 01:53:45,972 - kaldo - INFO - Completed IBZ k-point 1614/3375 (index 3124)
2026-06-14 01:53:45,972 - kaldo - INFO - Completed IBZ k-point 1615/3375 (index 3130)
2026-06-14 01:53:45,972 - kaldo - INFO - Completed IBZ k-point 1616/3375 (index 3133)
2026-06-14 01:53:45,972 - kaldo - INFO - Completed IBZ k-point 1617/3375 (index 1888)
2026-06-14 01:53:45,972 - kaldo - INFO - Completed IBZ k-point 1618/3375 (index 581)
2026-06-14 01:53:45,972 - kaldo - INFO - Completed IBZ k-point 1619/3375 (index 3135)
2026-06-14 01:53:45,972 - kaldo - INFO - Completed IBZ k-point 1620/3375 (index 3184)
2026-06-14 01:53:45,972 - kaldo - INFO - Completed IBZ k-point 1621/3375 (index 1757)
2026-06-14 01:53:45,972 - kaldo - INFO - Completed IBZ k-point 1622/3375 (index 185)
2026-06-14 01:53:45,972 - kaldo - INFO - Completed IBZ k-point 1623/3375 (index 285)
2026-06-14 01:53:45,972 - kaldo - INFO - Completed IBZ k-point 1624/3375 (index 1147)
2026-06-14 01:53:45,972 - kaldo - INFO - Completed IBZ k-point 1625/3375 (index 1031)
2026-06-14 01:53:45,972 - kaldo - INFO - Completed IBZ k-point 1626/3375 (index 1495)
2026-06-14 01:53:45,972 - kaldo - INFO - Completed IBZ k-point 1627/3375 (index 1142)
2026-06-14 01:53:45,972 - kaldo - INFO - Completed IBZ k-point 1628/3375 (index 1202)
2026-06-14 01:53:45,972 - kaldo - INFO - Completed IBZ k-point 1629/3375 (index 1092)
2026-06-14 01:53:45,972 - kaldo - INFO - Completed IBZ k-point 1630/3375 (index 1085)
2026-06-14 01:53:45,972 - kaldo - INFO - Completed IBZ k-point 1631/3375 (index 1148)
2026-06-14 01:53:45,972 - kaldo - INFO - Completed IBZ k-point 1632/3375 (index 92)
2026-06-14 01:53:45,972 - kaldo - INFO - Completed IBZ k-point 1633/3375 (index 1017)
2026-06-14 01:53:45,972 - kaldo - INFO - Completed IBZ k-point 1634/3375 (index 1077)
2026-06-14 01:53:45,972 - kaldo - INFO - Completed IBZ k-point 1635/3375 (index 1508)
2026-06-14 01:53:45,972 - kaldo - INFO - Completed IBZ k-point 1636/3375 (index 1150)
2026-06-14 01:53:45,972 - kaldo - INFO - Completed IBZ k-point 1637/3375 (index 1053)
2026-06-14 01:53:45,972 - kaldo - INFO - Completed IBZ k-point 1638/3375 (index 1132)
2026-06-14 01:53:45,972 - kaldo - INFO - Completed IBZ k-point 1639/3375 (index 1116)
2026-06-14 01:53:45,972 - kaldo - INFO - Completed IBZ k-point 1640/3375 (index 1520)
2026-06-14 01:53:45,972 - kaldo - INFO - Completed IBZ k-point 1641/3375 (index 98)
2026-06-14 01:53:45,972 - kaldo - INFO - Completed IBZ k-point 1642/3375 (index 1102)
2026-06-14 01:53:45,972 - kaldo - INFO - Completed IBZ k-point 1643/3375 (index 110)
2026-06-14 01:53:45,972 - kaldo - INFO - Completed IBZ k-point 1644/3375 (index 1063)
2026-06-14 01:53:45,972 - kaldo - INFO - Completed IBZ k-point 1645/3375 (index 1082)
2026-06-14 01:53:45,972 - kaldo - INFO - Completed IBZ k-point 1646/3375 (index 2803)
2026-06-14 01:53:45,973 - kaldo - INFO - Completed IBZ k-point 1647/3375 (index 1020)
2026-06-14 01:53:45,973 - kaldo - INFO - Completed IBZ k-point 1648/3375 (index 1072)
2026-06-14 01:53:45,973 - kaldo - INFO - Completed IBZ k-point 1649/3375 (index 1114)
2026-06-14 01:53:45,973 - kaldo - INFO - Completed IBZ k-point 1650/3375 (index 1026)
2026-06-14 01:53:45,973 - kaldo - INFO - Completed IBZ k-point 1651/3375 (index 1481)
2026-06-14 01:53:45,973 - kaldo - INFO - Completed IBZ k-point 1652/3375 (index 99)
2026-06-14 01:53:45,973 - kaldo - INFO - Completed IBZ k-point 1653/3375 (index 139)
2026-06-14 01:53:45,973 - kaldo - INFO - Completed IBZ k-point 1654/3375 (index 1115)
2026-06-14 01:53:45,973 - kaldo - INFO - Completed IBZ k-point 1655/3375 (index 144)
2026-06-14 01:53:45,973 - kaldo - INFO - Completed IBZ k-point 1656/3375 (index 91)
2026-06-14 01:53:45,973 - kaldo - INFO - Completed IBZ k-point 1657/3375 (index 1479)
2026-06-14 01:53:45,973 - kaldo - INFO - Completed IBZ k-point 1658/3375 (index 133)
2026-06-14 01:53:45,973 - kaldo - INFO - Completed IBZ k-point 1659/3375 (index 1097)
2026-06-14 01:53:45,973 - kaldo - INFO - Completed IBZ k-point 1660/3375 (index 1068)
2026-06-14 01:53:45,973 - kaldo - INFO - Completed IBZ k-point 1661/3375 (index 1171)
2026-06-14 01:53:45,973 - kaldo - INFO - Completed IBZ k-point 1662/3375 (index 1018)
2026-06-14 01:53:45,973 - kaldo - INFO - Completed IBZ k-point 1663/3375 (index 1172)
2026-06-14 01:53:45,973 - kaldo - INFO - Completed IBZ k-point 1664/3375 (index 1149)
2026-06-14 01:53:45,973 - kaldo - INFO - Completed IBZ k-point 1665/3375 (index 1130)
2026-06-14 01:53:45,973 - kaldo - INFO - Completed IBZ k-point 1666/3375 (index 1490)
2026-06-14 01:53:45,973 - kaldo - INFO - Completed IBZ k-point 1667/3375 (index 1168)
2026-06-14 01:53:45,973 - kaldo - INFO - Completed IBZ k-point 1668/3375 (index 1076)
2026-06-14 01:53:45,973 - kaldo - INFO - Completed IBZ k-point 1669/3375 (index 1474)
2026-06-14 01:53:45,973 - kaldo - INFO - Completed IBZ k-point 1670/3375 (index 1478)
2026-06-14 01:53:45,973 - kaldo - INFO - Completed IBZ k-point 1671/3375 (index 1052)
2026-06-14 01:53:45,973 - kaldo - INFO - Completed IBZ k-point 1672/3375 (index 1507)
2026-06-14 01:53:45,973 - kaldo - INFO - Completed IBZ k-point 1673/3375 (index 1108)
2026-06-14 01:53:45,973 - kaldo - INFO - Completed IBZ k-point 1674/3375 (index 1112)
2026-06-14 01:53:45,973 - kaldo - INFO - Completed IBZ k-point 1675/3375 (index 1060)
2026-06-14 01:53:45,973 - kaldo - INFO - Completed IBZ k-point 1676/3375 (index 1071)
2026-06-14 01:53:45,973 - kaldo - INFO - Completed IBZ k-point 1677/3375 (index 1498)
2026-06-14 01:53:45,973 - kaldo - INFO - Completed IBZ k-point 1678/3375 (index 1143)
2026-06-14 01:53:45,973 - kaldo - INFO - Completed IBZ k-point 1679/3375 (index 1081)
2026-06-14 01:53:45,973 - kaldo - INFO - Completed IBZ k-point 1680/3375 (index 1472)
2026-06-14 01:53:45,973 - kaldo - INFO - Completed IBZ k-point 1681/3375 (index 122)
2026-06-14 01:53:45,973 - kaldo - INFO - Completed IBZ k-point 1682/3375 (index 1113)
2026-06-14 01:53:45,973 - kaldo - INFO - Completed IBZ k-point 1683/3375 (index 1109)
2026-06-14 01:53:45,973 - kaldo - INFO - Completed IBZ k-point 1684/3375 (index 1496)
2026-06-14 01:53:45,973 - kaldo - INFO - Completed IBZ k-point 1685/3375 (index 1022)
2026-06-14 01:53:45,974 - kaldo - INFO - Completed IBZ k-point 1686/3375 (index 1120)
2026-06-14 01:53:45,974 - kaldo - INFO - Completed IBZ k-point 1687/3375 (index 1117)
2026-06-14 01:53:45,974 - kaldo - INFO - Completed IBZ k-point 1688/3375 (index 1051)
2026-06-14 01:53:45,974 - kaldo - INFO - Completed IBZ k-point 1689/3375 (index 1151)
2026-06-14 01:53:45,974 - kaldo - INFO - Completed IBZ k-point 1690/3375 (index 105)
2026-06-14 01:53:45,974 - kaldo - INFO - Completed IBZ k-point 1691/3375 (index 1475)
2026-06-14 01:53:45,974 - kaldo - INFO - Completed IBZ k-point 1692/3375 (index 3249)
2026-06-14 01:53:45,974 - kaldo - INFO - Completed IBZ k-point 1693/3375 (index 2423)
2026-06-14 01:53:45,974 - kaldo - INFO - Completed IBZ k-point 1694/3375 (index 1557)
2026-06-14 01:53:45,974 - kaldo - INFO - Completed IBZ k-point 1695/3375 (index 685)
2026-06-14 01:53:45,974 - kaldo - INFO - Completed IBZ k-point 1696/3375 (index 3246)
2026-06-14 01:53:45,974 - kaldo - INFO - Completed IBZ k-point 1697/3375 (index 1652)
2026-06-14 01:53:45,974 - kaldo - INFO - Completed IBZ k-point 1698/3375 (index 2246)
2026-06-14 01:53:45,974 - kaldo - INFO - Completed IBZ k-point 1699/3375 (index 699)
2026-06-14 01:53:45,974 - kaldo - INFO - Completed IBZ k-point 1700/3375 (index 2753)
2026-06-14 01:53:45,974 - kaldo - INFO - Completed IBZ k-point 1701/3375 (index 2276)
2026-06-14 01:53:45,974 - kaldo - INFO - Completed IBZ k-point 1702/3375 (index 3105)
2026-06-14 01:53:45,974 - kaldo - INFO - Completed IBZ k-point 1703/3375 (index 2425)
2026-06-14 01:53:45,974 - kaldo - INFO - Completed IBZ k-point 1704/3375 (index 1140)
2026-06-14 01:53:45,974 - kaldo - INFO - Completed IBZ k-point 1705/3375 (index 743)
2026-06-14 01:53:45,974 - kaldo - INFO - Completed IBZ k-point 1706/3375 (index 2758)
2026-06-14 01:53:45,974 - kaldo - INFO - Completed IBZ k-point 1707/3375 (index 638)
2026-06-14 01:53:45,974 - kaldo - INFO - Completed IBZ k-point 1708/3375 (index 204)
2026-06-14 01:53:45,974 - kaldo - INFO - Completed IBZ k-point 1709/3375 (index 2759)
2026-06-14 01:53:45,974 - kaldo - INFO - Completed IBZ k-point 1710/3375 (index 737)
2026-06-14 01:53:45,974 - kaldo - INFO - Completed IBZ k-point 1711/3375 (index 2752)
2026-06-14 01:53:45,974 - kaldo - INFO - Completed IBZ k-point 1712/3375 (index 2437)
2026-06-14 01:53:45,974 - kaldo - INFO - Completed IBZ k-point 1713/3375 (index 1305)
2026-06-14 01:53:45,974 - kaldo - INFO - Completed IBZ k-point 1714/3375 (index 2782)
2026-06-14 01:53:45,974 - kaldo - INFO - Completed IBZ k-point 1715/3375 (index 2324)
2026-06-14 01:53:45,974 - kaldo - INFO - Completed IBZ k-point 1716/3375 (index 2778)
2026-06-14 01:53:45,974 - kaldo - INFO - Completed IBZ k-point 1717/3375 (index 2242)
2026-06-14 01:53:45,974 - kaldo - INFO - Completed IBZ k-point 1718/3375 (index 650)
2026-06-14 01:53:45,974 - kaldo - INFO - Completed IBZ k-point 1719/3375 (index 3245)
2026-06-14 01:53:45,974 - kaldo - INFO - Completed IBZ k-point 1720/3375 (index 3106)
2026-06-14 01:53:45,974 - kaldo - INFO - Completed IBZ k-point 1721/3375 (index 1359)
2026-06-14 01:53:45,974 - kaldo - INFO - Completed IBZ k-point 1722/3375 (index 2428)
2026-06-14 01:53:45,975 - kaldo - INFO - Completed IBZ k-point 1723/3375 (index 1367)
2026-06-14 01:53:45,975 - kaldo - INFO - Completed IBZ k-point 1724/3375 (index 707)
2026-06-14 01:53:45,975 - kaldo - INFO - Completed IBZ k-point 1725/3375 (index 2771)
2026-06-14 01:53:45,975 - kaldo - INFO - Completed IBZ k-point 1726/3375 (index 2756)
2026-06-14 01:53:45,975 - kaldo - INFO - Completed IBZ k-point 1727/3375 (index 2424)
2026-06-14 01:53:45,975 - kaldo - INFO - Completed IBZ k-point 1728/3375 (index 1319)
2026-06-14 01:53:45,975 - kaldo - INFO - Completed IBZ k-point 1729/3375 (index 583)
2026-06-14 01:53:45,975 - kaldo - INFO - Completed IBZ k-point 1730/3375 (index 3244)
2026-06-14 01:53:45,975 - kaldo - INFO - Completed IBZ k-point 1731/3375 (index 2303)
2026-06-14 01:53:45,975 - kaldo - INFO - Completed IBZ k-point 1732/3375 (index 700)
2026-06-14 01:53:45,975 - kaldo - INFO - Completed IBZ k-point 1733/3375 (index 659)
2026-06-14 01:53:45,975 - kaldo - INFO - Completed IBZ k-point 1734/3375 (index 2422)
2026-06-14 01:53:45,975 - kaldo - INFO - Completed IBZ k-point 1735/3375 (index 2277)
2026-06-14 01:53:45,975 - kaldo - INFO - Completed IBZ k-point 1736/3375 (index 719)
2026-06-14 01:53:45,975 - kaldo - INFO - Completed IBZ k-point 1737/3375 (index 1153)
2026-06-14 01:53:45,975 - kaldo - INFO - Completed IBZ k-point 1738/3375 (index 775)
2026-06-14 01:53:45,975 - kaldo - INFO - Completed IBZ k-point 1739/3375 (index 564)
2026-06-14 01:53:45,975 - kaldo - INFO - Completed IBZ k-point 1740/3375 (index 1137)
2026-06-14 01:53:45,975 - kaldo - INFO - Completed IBZ k-point 1741/3375 (index 2331)
2026-06-14 01:53:45,975 - kaldo - INFO - Completed IBZ k-point 1742/3375 (index 2733)
2026-06-14 01:53:45,975 - kaldo - INFO - Completed IBZ k-point 1743/3375 (index 3013)
2026-06-14 01:53:45,975 - kaldo - INFO - Completed IBZ k-point 1744/3375 (index 2720)
2026-06-14 01:53:45,975 - kaldo - INFO - Completed IBZ k-point 1745/3375 (index 706)
2026-06-14 01:53:45,975 - kaldo - INFO - Completed IBZ k-point 1746/3375 (index 2721)
2026-06-14 01:53:45,975 - kaldo - INFO - Completed IBZ k-point 1747/3375 (index 1138)
2026-06-14 01:53:45,975 - kaldo - INFO - Completed IBZ k-point 1748/3375 (index 478)
2026-06-14 01:53:45,975 - kaldo - INFO - Completed IBZ k-point 1749/3375 (index 2740)
2026-06-14 01:53:45,975 - kaldo - INFO - Completed IBZ k-point 1750/3375 (index 2273)
2026-06-14 01:53:45,975 - kaldo - INFO - Completed IBZ k-point 1751/3375 (index 656)
2026-06-14 01:53:45,975 - kaldo - INFO - Completed IBZ k-point 1752/3375 (index 2750)
2026-06-14 01:53:45,975 - kaldo - INFO - Completed IBZ k-point 1753/3375 (index 2199)
2026-06-14 01:53:45,975 - kaldo - INFO - Completed IBZ k-point 1754/3375 (index 667)
2026-06-14 01:53:45,975 - kaldo - INFO - Completed IBZ k-point 1755/3375 (index 2427)
2026-06-14 01:53:45,975 - kaldo - INFO - Completed IBZ k-point 1756/3375 (index 1154)
2026-06-14 01:53:45,975 - kaldo - INFO - Completed IBZ k-point 1757/3375 (index 573)
2026-06-14 01:53:45,975 - kaldo - INFO - Completed IBZ k-point 1758/3375 (index 2986)
2026-06-14 01:53:45,975 - kaldo - INFO - Completed IBZ k-point 1759/3375 (index 1318)
2026-06-14 01:53:45,975 - kaldo - INFO - Completed IBZ k-point 1760/3375 (index 2748)
2026-06-14 01:53:45,975 - kaldo - INFO - Completed IBZ k-point 1761/3375 (index 2741)
2026-06-14 01:53:45,975 - kaldo - INFO - Completed IBZ k-point 1762/3375 (index 29)
2026-06-14 01:53:45,975 - kaldo - INFO - Completed IBZ k-point 1763/3375 (index 716)
2026-06-14 01:53:45,975 - kaldo - INFO - Completed IBZ k-point 1764/3375 (index 647)
2026-06-14 01:53:45,975 - kaldo - INFO - Completed IBZ k-point 1765/3375 (index 263)
2026-06-14 01:53:45,975 - kaldo - INFO - Completed IBZ k-point 1766/3375 (index 2420)
2026-06-14 01:53:45,975 - kaldo - INFO - Completed IBZ k-point 1767/3375 (index 1547)
2026-06-14 01:53:45,975 - kaldo - INFO - Completed IBZ k-point 1768/3375 (index 748)
2026-06-14 01:53:45,975 - kaldo - INFO - Completed IBZ k-point 1769/3375 (index 831)
2026-06-14 01:53:45,975 - kaldo - INFO - Completed IBZ k-point 1770/3375 (index 238)
2026-06-14 01:53:45,975 - kaldo - INFO - Completed IBZ k-point 1771/3375 (index 2245)
2026-06-14 01:53:45,975 - kaldo - INFO - Completed IBZ k-point 1772/3375 (index 178)
2026-06-14 01:53:45,975 - kaldo - INFO - Completed IBZ k-point 1773/3375 (index 2984)
2026-06-14 01:53:45,975 - kaldo - INFO - Completed IBZ k-point 1774/3375 (index 2982)
2026-06-14 01:53:45,976 - kaldo - INFO - Completed IBZ k-point 1775/3375 (index 2718)
2026-06-14 01:53:45,976 - kaldo - INFO - Completed IBZ k-point 1776/3375 (index 1651)
2026-06-14 01:53:45,976 - kaldo - INFO - Completed IBZ k-point 1777/3375 (index 2754)
2026-06-14 01:53:45,976 - kaldo - INFO - Completed IBZ k-point 1778/3375 (index 2279)
2026-06-14 01:53:45,976 - kaldo - INFO - Completed IBZ k-point 1779/3375 (index 681)
2026-06-14 01:53:45,976 - kaldo - INFO - Completed IBZ k-point 1780/3375 (index 2773)
2026-06-14 01:53:45,976 - kaldo - INFO - Completed IBZ k-point 1781/3375 (index 2409)
2026-06-14 01:53:45,976 - kaldo - INFO - Completed IBZ k-point 1782/3375 (index 662)
2026-06-14 01:53:45,976 - kaldo - INFO - Completed IBZ k-point 1783/3375 (index 2724)
2026-06-14 01:53:45,976 - kaldo - INFO - Completed IBZ k-point 1784/3375 (index 713)
2026-06-14 01:53:45,976 - kaldo - INFO - Completed IBZ k-point 1785/3375 (index 2978)
2026-06-14 01:53:45,976 - kaldo - INFO - Completed IBZ k-point 1786/3375 (index 2974)
2026-06-14 01:53:45,976 - kaldo - INFO - Completed IBZ k-point 1787/3375 (index 2735)
2026-06-14 01:53:45,976 - kaldo - INFO - Completed IBZ k-point 1788/3375 (index 2397)
2026-06-14 01:53:45,976 - kaldo - INFO - Completed IBZ k-point 1789/3375 (index 788)
2026-06-14 01:53:45,976 - kaldo - INFO - Completed IBZ k-point 1790/3375 (index 797)
2026-06-14 01:53:45,976 - kaldo - INFO - Completed IBZ k-point 1791/3375 (index 670)
2026-06-14 01:53:45,976 - kaldo - INFO - Completed IBZ k-point 1792/3375 (index 209)
2026-06-14 01:53:45,976 - kaldo - INFO - Completed IBZ k-point 1793/3375 (index 2278)
2026-06-14 01:53:45,976 - kaldo - INFO - Completed IBZ k-point 1794/3375 (index 813)
2026-06-14 01:53:45,976 - kaldo - INFO - Completed IBZ k-point 1795/3375 (index 654)
2026-06-14 01:53:45,976 - kaldo - INFO - Completed IBZ k-point 1796/3375 (index 2396)
2026-06-14 01:53:45,976 - kaldo - INFO - Completed IBZ k-point 1797/3375 (index 2977)
2026-06-14 01:53:45,976 - kaldo - INFO - Completed IBZ k-point 1798/3375 (index 1307)
2026-06-14 01:53:45,976 - kaldo - INFO - Completed IBZ k-point 1799/3375 (index 554)
2026-06-14 01:53:45,976 - kaldo - INFO - Completed IBZ k-point 1800/3375 (index 2775)
2026-06-14 01:53:45,976 - kaldo - INFO - Completed IBZ k-point 1801/3375 (index 2291)
2026-06-14 01:53:45,976 - kaldo - INFO - Completed IBZ k-point 1802/3375 (index 636)
2026-06-14 01:53:45,976 - kaldo - INFO - Completed IBZ k-point 1803/3375 (index 2248)
2026-06-14 01:53:45,976 - kaldo - INFO - Completed IBZ k-point 1804/3375 (index 641)
2026-06-14 01:53:45,976 - kaldo - INFO - Completed IBZ k-point 1805/3375 (index 464)
2026-06-14 01:53:45,976 - kaldo - INFO - Completed IBZ k-point 1806/3375 (index 2708)
2026-06-14 01:53:45,976 - kaldo - INFO - Completed IBZ k-point 1807/3375 (index 862)
2026-06-14 01:53:45,976 - kaldo - INFO - Completed IBZ k-point 1808/3375 (index 230)
2026-06-14 01:53:45,976 - kaldo - INFO - Completed IBZ k-point 1809/3375 (index 2729)
2026-06-14 01:53:45,976 - kaldo - INFO - Completed IBZ k-point 1810/3375 (index 2205)
2026-06-14 01:53:45,976 - kaldo - INFO - Completed IBZ k-point 1811/3375 (index 2166)
2026-06-14 01:53:45,976 - kaldo - INFO - Completed IBZ k-point 1812/3375 (index 772)
2026-06-14 01:53:45,976 - kaldo - INFO - Completed IBZ k-point 1813/3375 (index 1206)
2026-06-14 01:53:45,976 - kaldo - INFO - Completed IBZ k-point 1814/3375 (index 135)
2026-06-14 01:53:45,976 - kaldo - INFO - Completed IBZ k-point 1815/3375 (index 2727)
2026-06-14 01:53:45,976 - kaldo - INFO - Completed IBZ k-point 1816/3375 (index 2216)
2026-06-14 01:53:45,976 - kaldo - INFO - Completed IBZ k-point 1817/3375 (index 722)
2026-06-14 01:53:45,976 - kaldo - INFO - Completed IBZ k-point 1818/3375 (index 2970)
2026-06-14 01:53:45,976 - kaldo - INFO - Completed IBZ k-point 1819/3375 (index 2565)
2026-06-14 01:53:45,976 - kaldo - INFO - Completed IBZ k-point 1820/3375 (index 1136)
2026-06-14 01:53:45,976 - kaldo - INFO - Completed IBZ k-point 1821/3375 (index 539)
2026-06-14 01:53:45,976 - kaldo - INFO - Completed IBZ k-point 1822/3375 (index 2767)
2026-06-14 01:53:45,976 - kaldo - INFO - Completed IBZ k-point 1823/3375 (index 2564)
2026-06-14 01:53:45,976 - kaldo - INFO - Completed IBZ k-point 1824/3375 (index 795)
2026-06-14 01:53:45,976 - kaldo - INFO - Completed IBZ k-point 1825/3375 (index 2295)
2026-06-14 01:53:45,976 - kaldo - INFO - Completed IBZ k-point 1826/3375 (index 884)
2026-06-14 01:53:45,976 - kaldo - INFO - Completed IBZ k-point 1827/3375 (index 629)
2026-06-14 01:53:45,976 - kaldo - INFO - Completed IBZ k-point 1828/3375 (index 2193)
2026-06-14 01:53:45,976 - kaldo - INFO - Completed IBZ k-point 1829/3375 (index 2971)
2026-06-14 01:53:45,977 - kaldo - INFO - Completed IBZ k-point 1830/3375 (index 2777)
2026-06-14 01:53:45,977 - kaldo - INFO - Completed IBZ k-point 1831/3375 (index 2302)
2026-06-14 01:53:45,977 - kaldo - INFO - Completed IBZ k-point 1832/3375 (index 837)
2026-06-14 01:53:45,977 - kaldo - INFO - Completed IBZ k-point 1833/3375 (index 2774)
2026-06-14 01:53:45,977 - kaldo - INFO - Completed IBZ k-point 1834/3375 (index 2975)
2026-06-14 01:53:45,977 - kaldo - INFO - Completed IBZ k-point 1835/3375 (index 2398)
2026-06-14 01:53:45,977 - kaldo - INFO - Completed IBZ k-point 1836/3375 (index 585)
2026-06-14 01:53:45,977 - kaldo - INFO - Completed IBZ k-point 1837/3375 (index 2972)
2026-06-14 01:53:45,977 - kaldo - INFO - Completed IBZ k-point 1838/3375 (index 2380)
2026-06-14 01:53:45,977 - kaldo - INFO - Completed IBZ k-point 1839/3375 (index 1567)
2026-06-14 01:53:45,977 - kaldo - INFO - Completed IBZ k-point 1840/3375 (index 2765)
2026-06-14 01:53:45,977 - kaldo - INFO - Completed IBZ k-point 1841/3375 (index 2186)
2026-06-14 01:53:45,977 - kaldo - INFO - Completed IBZ k-point 1842/3375 (index 623)
2026-06-14 01:53:45,977 - kaldo - INFO - Completed IBZ k-point 1843/3375 (index 2270)
2026-06-14 01:53:45,977 - kaldo - INFO - Completed IBZ k-point 1844/3375 (index 682)
2026-06-14 01:53:45,977 - kaldo - INFO - Completed IBZ k-point 1845/3375 (index 165)
2026-06-14 01:53:45,977 - kaldo - INFO - Completed IBZ k-point 1846/3375 (index 2966)
2026-06-14 01:53:45,977 - kaldo - INFO - Completed IBZ k-point 1847/3375 (index 730)
2026-06-14 01:53:45,977 - kaldo - INFO - Completed IBZ k-point 1848/3375 (index 531)
2026-06-14 01:53:45,977 - kaldo - INFO - Completed IBZ k-point 1849/3375 (index 739)
2026-06-14 01:53:45,977 - kaldo - INFO - Completed IBZ k-point 1850/3375 (index 2770)
2026-06-14 01:53:45,977 - kaldo - INFO - Completed IBZ k-point 1851/3375 (index 264)
2026-06-14 01:53:45,977 - kaldo - INFO - Completed IBZ k-point 1852/3375 (index 2703)
2026-06-14 01:53:45,977 - kaldo - INFO - Completed IBZ k-point 1853/3375 (index 1371)
2026-06-14 01:53:45,977 - kaldo - INFO - Completed IBZ k-point 1854/3375 (index 2196)
2026-06-14 01:53:45,977 - kaldo - INFO - Completed IBZ k-point 1855/3375 (index 2964)
2026-06-14 01:53:45,977 - kaldo - INFO - Completed IBZ k-point 1856/3375 (index 2755)
2026-06-14 01:53:45,977 - kaldo - INFO - Completed IBZ k-point 1857/3375 (index 1139)
2026-06-14 01:53:45,977 - kaldo - INFO - Completed IBZ k-point 1858/3375 (index 173)
2026-06-14 01:53:45,977 - kaldo - INFO - Completed IBZ k-point 1859/3375 (index 70)
2026-06-14 01:53:45,977 - kaldo - INFO - Completed IBZ k-point 1860/3375 (index 2965)
2026-06-14 01:53:45,977 - kaldo - INFO - Completed IBZ k-point 1861/3375 (index 1546)
2026-06-14 01:53:45,977 - kaldo - INFO - Completed IBZ k-point 1862/3375 (index 2188)
2026-06-14 01:53:45,977 - kaldo - INFO - Completed IBZ k-point 1863/3375 (index 2731)
2026-06-14 01:53:45,977 - kaldo - INFO - Completed IBZ k-point 1864/3375 (index 2282)
2026-06-14 01:53:45,977 - kaldo - INFO - Completed IBZ k-point 1865/3375 (index 2976)
2026-06-14 01:53:45,977 - kaldo - INFO - Completed IBZ k-point 1866/3375 (index 1304)
2026-06-14 01:53:45,977 - kaldo - INFO - Completed IBZ k-point 1867/3375 (index 2378)
2026-06-14 01:53:45,977 - kaldo - INFO - Completed IBZ k-point 1868/3375 (index 861)
2026-06-14 01:53:45,977 - kaldo - INFO - Completed IBZ k-point 1869/3375 (index 751)
2026-06-14 01:53:45,977 - kaldo - INFO - Completed IBZ k-point 1870/3375 (index 2772)
2026-06-14 01:53:45,977 - kaldo - INFO - Completed IBZ k-point 1871/3375 (index 2738)
2026-06-14 01:53:45,977 - kaldo - INFO - Completed IBZ k-point 1872/3375 (index 250)
2026-06-14 01:53:45,977 - kaldo - INFO - Completed IBZ k-point 1873/3375 (index 2376)
2026-06-14 01:53:45,977 - kaldo - INFO - Completed IBZ k-point 1874/3375 (index 864)
2026-06-14 01:53:45,977 - kaldo - INFO - Completed IBZ k-point 1875/3375 (index 683)
2026-06-14 01:53:45,977 - kaldo - INFO - Completed IBZ k-point 1876/3375 (index 2177)
2026-06-14 01:53:45,977 - kaldo - INFO - Completed IBZ k-point 1877/3375 (index 2268)
2026-06-14 01:53:45,977 - kaldo - INFO - Completed IBZ k-point 1878/3375 (index 796)
2026-06-14 01:53:45,977 - kaldo - INFO - Completed IBZ k-point 1879/3375 (index 642)
2026-06-14 01:53:45,977 - kaldo - INFO - Completed IBZ k-point 1880/3375 (index 2962)
2026-06-14 01:53:45,977 - kaldo - INFO - Completed IBZ k-point 1881/3375 (index 753)
2026-06-14 01:53:45,977 - kaldo - INFO - Completed IBZ k-point 1882/3375 (index 628)
2026-06-14 01:53:45,977 - kaldo - INFO - Completed IBZ k-point 1883/3375 (index 2761)
2026-06-14 01:53:45,978 - kaldo - INFO - Completed IBZ k-point 1884/3375 (index 2307)
2026-06-14 01:53:45,978 - kaldo - INFO - Completed IBZ k-point 1885/3375 (index 655)
2026-06-14 01:53:45,978 - kaldo - INFO - Completed IBZ k-point 1886/3375 (index 765)
2026-06-14 01:53:45,978 - kaldo - INFO - Completed IBZ k-point 1887/3375 (index 600)
2026-06-14 01:53:45,978 - kaldo - INFO - Completed IBZ k-point 1888/3375 (index 525)
2026-06-14 01:53:45,978 - kaldo - INFO - Completed IBZ k-point 1889/3375 (index 2961)
2026-06-14 01:53:45,978 - kaldo - INFO - Completed IBZ k-point 1890/3375 (index 858)
2026-06-14 01:53:45,978 - kaldo - INFO - Completed IBZ k-point 1891/3375 (index 2768)
2026-06-14 01:53:45,978 - kaldo - INFO - Completed IBZ k-point 1892/3375 (index 727)
2026-06-14 01:53:45,978 - kaldo - INFO - Completed IBZ k-point 1893/3375 (index 2776)
2026-06-14 01:53:45,978 - kaldo - INFO - Completed IBZ k-point 1894/3375 (index 2213)
2026-06-14 01:53:45,978 - kaldo - INFO - Completed IBZ k-point 1895/3375 (index 2421)
2026-06-14 01:53:45,978 - kaldo - INFO - Completed IBZ k-point 1896/3375 (index 2541)
2026-06-14 01:53:45,978 - kaldo - INFO - Completed IBZ k-point 1897/3375 (index 1205)
2026-06-14 01:53:45,978 - kaldo - INFO - Completed IBZ k-point 1898/3375 (index 2949)
2026-06-14 01:53:45,978 - kaldo - INFO - Completed IBZ k-point 1899/3375 (index 2751)
2026-06-14 01:53:45,978 - kaldo - INFO - Completed IBZ k-point 1900/3375 (index 2219)
2026-06-14 01:53:45,978 - kaldo - INFO - Completed IBZ k-point 1901/3375 (index 660)
2026-06-14 01:53:45,978 - kaldo - INFO - Completed IBZ k-point 1902/3375 (index 228)
2026-06-14 01:53:45,978 - kaldo - INFO - Completed IBZ k-point 1903/3375 (index 2379)
2026-06-14 01:53:45,978 - kaldo - INFO - Completed IBZ k-point 1904/3375 (index 679)
2026-06-14 01:53:45,978 - kaldo - INFO - Completed IBZ k-point 1905/3375 (index 529)
2026-06-14 01:53:45,978 - kaldo - INFO - Completed IBZ k-point 1906/3375 (index 2381)
2026-06-14 01:53:45,978 - kaldo - INFO - Completed IBZ k-point 1907/3375 (index 1207)
2026-06-14 01:53:45,978 - kaldo - INFO - Completed IBZ k-point 1908/3375 (index 696)
2026-06-14 01:53:45,978 - kaldo - INFO - Completed IBZ k-point 1909/3375 (index 653)
2026-06-14 01:53:45,978 - kaldo - INFO - Completed IBZ k-point 1910/3375 (index 249)
2026-06-14 01:53:45,978 - kaldo - INFO - Completed IBZ k-point 1911/3375 (index 2939)
2026-06-14 01:53:45,978 - kaldo - INFO - Completed IBZ k-point 1912/3375 (index 2937)
2026-06-14 01:53:45,978 - kaldo - INFO - Completed IBZ k-point 1913/3375 (index 693)
2026-06-14 01:53:45,978 - kaldo - INFO - Completed IBZ k-point 1914/3375 (index 2734)
2026-06-14 01:53:45,978 - kaldo - INFO - Completed IBZ k-point 1915/3375 (index 2252)
2026-06-14 01:53:45,978 - kaldo - INFO - Completed IBZ k-point 1916/3375 (index 2289)
2026-06-14 01:53:45,978 - kaldo - INFO - Completed IBZ k-point 1917/3375 (index 651)
2026-06-14 01:53:45,978 - kaldo - INFO - Completed IBZ k-point 1918/3375 (index 251)
2026-06-14 01:53:45,978 - kaldo - INFO - Completed IBZ k-point 1919/3375 (index 2725)
2026-06-14 01:53:45,978 - kaldo - INFO - Completed IBZ k-point 1920/3375 (index 1201)
2026-06-14 01:53:45,978 - kaldo - INFO - Completed IBZ k-point 1921/3375 (index 2932)
2026-06-14 01:53:45,978 - kaldo - INFO - Completed IBZ k-point 1922/3375 (index 2504)
2026-06-14 01:53:45,978 - kaldo - INFO - Completed IBZ k-point 1923/3375 (index 783)
2026-06-14 01:53:45,978 - kaldo - INFO - Completed IBZ k-point 1924/3375 (index 2820)
2026-06-14 01:53:45,978 - kaldo - INFO - Completed IBZ k-point 1925/3375 (index 2696)
2026-06-14 01:53:45,978 - kaldo - INFO - Completed IBZ k-point 1926/3375 (index 2695)
2026-06-14 01:53:45,978 - kaldo - INFO - Completed IBZ k-point 1927/3375 (index 866)
2026-06-14 01:53:45,978 - kaldo - INFO - Completed IBZ k-point 1928/3375 (index 2503)
2026-06-14 01:53:45,978 - kaldo - INFO - Completed IBZ k-point 1929/3375 (index 1196)
2026-06-14 01:53:45,978 - kaldo - INFO - Completed IBZ k-point 1930/3375 (index 741)
2026-06-14 01:53:45,978 - kaldo - INFO - Completed IBZ k-point 1931/3375 (index 720)
2026-06-14 01:53:45,978 - kaldo - INFO - Completed IBZ k-point 1932/3375 (index 2348)
2026-06-14 01:53:45,978 - kaldo - INFO - Completed IBZ k-point 1933/3375 (index 2173)
2026-06-14 01:53:45,978 - kaldo - INFO - Completed IBZ k-point 1934/3375 (index 1407)
2026-06-14 01:53:45,978 - kaldo - INFO - Completed IBZ k-point 1935/3375 (index 793)
2026-06-14 01:53:45,978 - kaldo - INFO - Completed IBZ k-point 1936/3375 (index 535)
2026-06-14 01:53:45,978 - kaldo - INFO - Completed IBZ k-point 1937/3375 (index 2936)
2026-06-14 01:53:45,978 - kaldo - INFO - Completed IBZ k-point 1938/3375 (index 2202)
2026-06-14 01:53:45,978 - kaldo - INFO - Completed IBZ k-point 1939/3375 (index 731)
2026-06-14 01:53:45,978 - kaldo - INFO - Completed IBZ k-point 1940/3375 (index 2198)
2026-06-14 01:53:45,979 - kaldo - INFO - Completed IBZ k-point 1941/3375 (index 666)
2026-06-14 01:53:45,979 - kaldo - INFO - Completed IBZ k-point 1942/3375 (index 2502)
2026-06-14 01:53:45,979 - kaldo - INFO - Completed IBZ k-point 1943/3375 (index 163)
2026-06-14 01:53:45,979 - kaldo - INFO - Completed IBZ k-point 1944/3375 (index 859)
2026-06-14 01:53:45,979 - kaldo - INFO - Completed IBZ k-point 1945/3375 (index 618)
2026-06-14 01:53:45,979 - kaldo - INFO - Completed IBZ k-point 1946/3375 (index 2210)
2026-06-14 01:53:45,979 - kaldo - INFO - Completed IBZ k-point 1947/3375 (index 640)
2026-06-14 01:53:45,979 - kaldo - INFO - Completed IBZ k-point 1948/3375 (index 194)
2026-06-14 01:53:45,979 - kaldo - INFO - Completed IBZ k-point 1949/3375 (index 2501)
2026-06-14 01:53:45,979 - kaldo - INFO - Completed IBZ k-point 1950/3375 (index 1199)
2026-06-14 01:53:45,979 - kaldo - INFO - Completed IBZ k-point 1951/3375 (index 2781)
2026-06-14 01:53:45,979 - kaldo - INFO - Completed IBZ k-point 1952/3375 (index 2211)
2026-06-14 01:53:45,979 - kaldo - INFO - Completed IBZ k-point 1953/3375 (index 808)
2026-06-14 01:53:45,979 - kaldo - INFO - Completed IBZ k-point 1954/3375 (index 2676)
2026-06-14 01:53:45,979 - kaldo - INFO - Completed IBZ k-point 1955/3375 (index 805)
2026-06-14 01:53:45,979 - kaldo - INFO - Completed IBZ k-point 1956/3375 (index 637)
2026-06-14 01:53:45,979 - kaldo - INFO - Completed IBZ k-point 1957/3375 (index 2928)
2026-06-14 01:53:45,979 - kaldo - INFO - Completed IBZ k-point 1958/3375 (index 712)
2026-06-14 01:53:45,979 - kaldo - INFO - Completed IBZ k-point 1959/3375 (index 555)
2026-06-14 01:53:45,979 - kaldo - INFO - Completed IBZ k-point 1960/3375 (index 2362)
2026-06-14 01:53:45,979 - kaldo - INFO - Completed IBZ k-point 1961/3375 (index 2783)
2026-06-14 01:53:45,979 - kaldo - INFO - Completed IBZ k-point 1962/3375 (index 2206)
2026-06-14 01:53:45,979 - kaldo - INFO - Completed IBZ k-point 1963/3375 (index 2182)
2026-06-14 01:53:45,979 - kaldo - INFO - Completed IBZ k-point 1964/3375 (index 802)
2026-06-14 01:53:45,979 - kaldo - INFO - Completed IBZ k-point 1965/3375 (index 632)
2026-06-14 01:53:45,979 - kaldo - INFO - Completed IBZ k-point 1966/3375 (index 2343)
2026-06-14 01:53:45,979 - kaldo - INFO - Completed IBZ k-point 1967/3375 (index 2341)
2026-06-14 01:53:45,979 - kaldo - INFO - Completed IBZ k-point 1968/3375 (index 710)
2026-06-14 01:53:45,979 - kaldo - INFO - Completed IBZ k-point 1969/3375 (index 1146)
2026-06-14 01:53:45,979 - kaldo - INFO - Completed IBZ k-point 1970/3375 (index 684)
2026-06-14 01:53:45,979 - kaldo - INFO - Completed IBZ k-point 1971/3375 (index 462)
2026-06-14 01:53:45,979 - kaldo - INFO - Completed IBZ k-point 1972/3375 (index 266)
2026-06-14 01:53:45,979 - kaldo - INFO - Completed IBZ k-point 1973/3375 (index 2686)
2026-06-14 01:53:45,979 - kaldo - INFO - Completed IBZ k-point 1974/3375 (index 2950)
2026-06-14 01:53:45,979 - kaldo - INFO - Completed IBZ k-point 1975/3375 (index 746)
2026-06-14 01:53:45,979 - kaldo - INFO - Completed IBZ k-point 1976/3375 (index 1145)
2026-06-14 01:53:45,979 - kaldo - INFO - Completed IBZ k-point 1977/3375 (index 709)
2026-06-14 01:53:45,979 - kaldo - INFO - Completed IBZ k-point 1978/3375 (index 734)
2026-06-14 01:53:45,979 - kaldo - INFO - Completed IBZ k-point 1979/3375 (index 646)
2026-06-14 01:53:45,979 - kaldo - INFO - Completed IBZ k-point 1980/3375 (index 2187)
2026-06-14 01:53:45,979 - kaldo - INFO - Completed IBZ k-point 1981/3375 (index 806)
2026-06-14 01:53:45,979 - kaldo - INFO - Completed IBZ k-point 1982/3375 (index 648)
2026-06-14 01:53:45,979 - kaldo - INFO - Completed IBZ k-point 1983/3375 (index 2935)
2026-06-14 01:53:45,979 - kaldo - INFO - Completed IBZ k-point 1984/3375 (index 752)
2026-06-14 01:53:45,979 - kaldo - INFO - Completed IBZ k-point 1985/3375 (index 2364)
2026-06-14 01:53:45,979 - kaldo - INFO - Completed IBZ k-point 1986/3375 (index 1303)
2026-06-14 01:53:45,979 - kaldo - INFO - Completed IBZ k-point 1987/3375 (index 483)
2026-06-14 01:53:45,979 - kaldo - INFO - Completed IBZ k-point 1988/3375 (index 2168)
2026-06-14 01:53:45,979 - kaldo - INFO - Completed IBZ k-point 1989/3375 (index 630)
2026-06-14 01:53:45,979 - kaldo - INFO - Completed IBZ k-point 1990/3375 (index 2685)
2026-06-14 01:53:45,979 - kaldo - INFO - Completed IBZ k-point 1991/3375 (index 2175)
2026-06-14 01:53:45,979 - kaldo - INFO - Completed IBZ k-point 1992/3375 (index 665)
2026-06-14 01:53:45,979 - kaldo - INFO - Completed IBZ k-point 1993/3375 (index 1203)
2026-06-14 01:53:45,979 - kaldo - INFO - Completed IBZ k-point 1994/3375 (index 2677)
2026-06-14 01:53:45,979 - kaldo - INFO - Completed IBZ k-point 1995/3375 (index 754)
2026-06-14 01:53:45,979 - kaldo - INFO - Completed IBZ k-point 1996/3375 (index 2290)
2026-06-14 01:53:45,980 - kaldo - INFO - Completed IBZ k-point 1997/3375 (index 631)
2026-06-14 01:53:45,980 - kaldo - INFO - Completed IBZ k-point 1998/3375 (index 2217)
2026-06-14 01:53:45,980 - kaldo - INFO - Completed IBZ k-point 1999/3375 (index 2920)
2026-06-14 01:53:45,980 - kaldo - INFO - Completed IBZ k-point 2000/3375 (index 2340)
2026-06-14 01:53:45,980 - kaldo - INFO - Completed IBZ k-point 2001/3375 (index 2342)
2026-06-14 01:53:45,980 - kaldo - INFO - Completed IBZ k-point 2002/3375 (index 1306)
2026-06-14 01:53:45,980 - kaldo - INFO - Completed IBZ k-point 2003/3375 (index 479)
2026-06-14 01:53:45,980 - kaldo - INFO - Completed IBZ k-point 2004/3375 (index 2692)
2026-06-14 01:53:45,980 - kaldo - INFO - Completed IBZ k-point 2005/3375 (index 2262)
2026-06-14 01:53:45,980 - kaldo - INFO - Completed IBZ k-point 2006/3375 (index 809)
2026-06-14 01:53:45,980 - kaldo - INFO - Completed IBZ k-point 2007/3375 (index 2923)
2026-06-14 01:53:45,980 - kaldo - INFO - Completed IBZ k-point 2008/3375 (index 2498)
2026-06-14 01:53:45,980 - kaldo - INFO - Completed IBZ k-point 2009/3375 (index 2191)
2026-06-14 01:53:45,980 - kaldo - INFO - Completed IBZ k-point 2010/3375 (index 675)
2026-06-14 01:53:45,980 - kaldo - INFO - Completed IBZ k-point 2011/3375 (index 2691)
2026-06-14 01:53:45,980 - kaldo - INFO - Completed IBZ k-point 2012/3375 (index 2183)
2026-06-14 01:53:45,980 - kaldo - INFO - Completed IBZ k-point 2013/3375 (index 822)
2026-06-14 01:53:45,980 - kaldo - INFO - Completed IBZ k-point 2014/3375 (index 2690)
2026-06-14 01:53:45,980 - kaldo - INFO - Completed IBZ k-point 2015/3375 (index 624)
2026-06-14 01:53:45,980 - kaldo - INFO - Completed IBZ k-point 2016/3375 (index 2921)
2026-06-14 01:53:45,980 - kaldo - INFO - Completed IBZ k-point 2017/3375 (index 2338)
2026-06-14 01:53:45,980 - kaldo - INFO - Completed IBZ k-point 2018/3375 (index 1360)
2026-06-14 01:53:45,980 - kaldo - INFO - Completed IBZ k-point 2019/3375 (index 2674)
2026-06-14 01:53:45,980 - kaldo - INFO - Completed IBZ k-point 2020/3375 (index 108)
2026-06-14 01:53:45,980 - kaldo - INFO - Completed IBZ k-point 2021/3375 (index 2679)
2026-06-14 01:53:45,980 - kaldo - INFO - Completed IBZ k-point 2022/3375 (index 2192)
2026-06-14 01:53:45,980 - kaldo - INFO - Completed IBZ k-point 2023/3375 (index 824)
2026-06-14 01:53:45,980 - kaldo - INFO - Completed IBZ k-point 2024/3375 (index 2917)
2026-06-14 01:53:45,980 - kaldo - INFO - Completed IBZ k-point 2025/3375 (index 747)
2026-06-14 01:53:45,980 - kaldo - INFO - Completed IBZ k-point 2026/3375 (index 1129)
2026-06-14 01:53:45,980 - kaldo - INFO - Completed IBZ k-point 2027/3375 (index 608)
2026-06-14 01:53:45,980 - kaldo - INFO - Completed IBZ k-point 2028/3375 (index 161)
2026-06-14 01:53:45,980 - kaldo - INFO - Completed IBZ k-point 2029/3375 (index 721)
2026-06-14 01:53:45,980 - kaldo - INFO - Completed IBZ k-point 2030/3375 (index 2339)
2026-06-14 01:53:45,980 - kaldo - INFO - Completed IBZ k-point 2031/3375 (index 2675)
2026-06-14 01:53:45,980 - kaldo - INFO - Completed IBZ k-point 2032/3375 (index 1193)
2026-06-14 01:53:45,980 - kaldo - INFO - Completed IBZ k-point 2033/3375 (index 2151)
2026-06-14 01:53:45,980 - kaldo - INFO - Completed IBZ k-point 2034/3375 (index 614)
2026-06-14 01:53:45,980 - kaldo - INFO - Completed IBZ k-point 2035/3375 (index 2363)
2026-06-14 01:53:45,980 - kaldo - INFO - Completed IBZ k-point 2036/3375 (index 171)
2026-06-14 01:53:45,980 - kaldo - INFO - Completed IBZ k-point 2037/3375 (index 2346)
2026-06-14 01:53:45,980 - kaldo - INFO - Completed IBZ k-point 2038/3375 (index 1638)
2026-06-14 01:53:45,980 - kaldo - INFO - Completed IBZ k-point 2039/3375 (index 787)
2026-06-14 01:53:45,980 - kaldo - INFO - Completed IBZ k-point 2040/3375 (index 2288)
2026-06-14 01:53:45,980 - kaldo - INFO - Completed IBZ k-point 2041/3375 (index 644)
2026-06-14 01:53:45,980 - kaldo - INFO - Completed IBZ k-point 2042/3375 (index 2672)
2026-06-14 01:53:45,980 - kaldo - INFO - Completed IBZ k-point 2043/3375 (index 2337)
2026-06-14 01:53:45,980 - kaldo - INFO - Completed IBZ k-point 2044/3375 (index 1231)
2026-06-14 01:53:45,980 - kaldo - INFO - Completed IBZ k-point 2045/3375 (index 2172)
2026-06-14 01:53:45,980 - kaldo - INFO - Completed IBZ k-point 2046/3375 (index 714)
2026-06-14 01:53:45,980 - kaldo - INFO - Completed IBZ k-point 2047/3375 (index 626)
2026-06-14 01:53:45,980 - kaldo - INFO - Completed IBZ k-point 2048/3375 (index 2766)
2026-06-14 01:53:45,980 - kaldo - INFO - Completed IBZ k-point 2049/3375 (index 2912)
2026-06-14 01:53:45,980 - kaldo - INFO - Completed IBZ k-point 2050/3375 (index 697)
2026-06-14 01:53:45,980 - kaldo - INFO - Completed IBZ k-point 2051/3375 (index 2903)
2026-06-14 01:53:45,980 - kaldo - INFO - Completed IBZ k-point 2052/3375 (index 1198)
2026-06-14 01:53:45,981 - kaldo - INFO - Completed IBZ k-point 2053/3375 (index 2687)
2026-06-14 01:53:45,981 - kaldo - INFO - Completed IBZ k-point 2054/3375 (index 732)
2026-06-14 01:53:45,981 - kaldo - INFO - Completed IBZ k-point 2055/3375 (index 2697)
2026-06-14 01:53:45,981 - kaldo - INFO - Completed IBZ k-point 2056/3375 (index 2497)
2026-06-14 01:53:45,981 - kaldo - INFO - Completed IBZ k-point 2057/3375 (index 865)
2026-06-14 01:53:45,981 - kaldo - INFO - Completed IBZ k-point 2058/3375 (index 243)
2026-06-14 01:53:45,981 - kaldo - INFO - Completed IBZ k-point 2059/3375 (index 2153)
2026-06-14 01:53:45,981 - kaldo - INFO - Completed IBZ k-point 2060/3375 (index 2681)
2026-06-14 01:53:45,981 - kaldo - INFO - Completed IBZ k-point 2061/3375 (index 687)
2026-06-14 01:53:45,981 - kaldo - INFO - Completed IBZ k-point 2062/3375 (index 2218)
2026-06-14 01:53:45,981 - kaldo - INFO - Completed IBZ k-point 2063/3375 (index 798)
2026-06-14 01:53:45,981 - kaldo - INFO - Completed IBZ k-point 2064/3375 (index 620)
2026-06-14 01:53:45,981 - kaldo - INFO - Completed IBZ k-point 2065/3375 (index 2907)
2026-06-14 01:53:45,981 - kaldo - INFO - Completed IBZ k-point 2066/3375 (index 1364)
2026-06-14 01:53:45,981 - kaldo - INFO - Completed IBZ k-point 2067/3375 (index 680)
2026-06-14 01:53:45,981 - kaldo - INFO - Completed IBZ k-point 2068/3375 (index 2769)
2026-06-14 01:53:45,981 - kaldo - INFO - Completed IBZ k-point 2069/3375 (index 786)
2026-06-14 01:53:45,981 - kaldo - INFO - Completed IBZ k-point 2070/3375 (index 2174)
2026-06-14 01:53:45,981 - kaldo - INFO - Completed IBZ k-point 2071/3375 (index 141)
2026-06-14 01:53:45,981 - kaldo - INFO - Completed IBZ k-point 2072/3375 (index 2901)
2026-06-14 01:53:45,981 - kaldo - INFO - Completed IBZ k-point 2073/3375 (index 75)
2026-06-14 01:53:45,981 - kaldo - INFO - Completed IBZ k-point 2074/3375 (index 2345)
2026-06-14 01:53:45,981 - kaldo - INFO - Completed IBZ k-point 2075/3375 (index 1209)
2026-06-14 01:53:45,981 - kaldo - INFO - Completed IBZ k-point 2076/3375 (index 460)
2026-06-14 01:53:45,981 - kaldo - INFO - Completed IBZ k-point 2077/3375 (index 2792)
2026-06-14 01:53:45,981 - kaldo - INFO - Completed IBZ k-point 2078/3375 (index 2164)
2026-06-14 01:53:45,981 - kaldo - INFO - Completed IBZ k-point 2079/3375 (index 976)
2026-06-14 01:53:45,981 - kaldo - INFO - Completed IBZ k-point 2080/3375 (index 635)
2026-06-14 01:53:45,981 - kaldo - INFO - Completed IBZ k-point 2081/3375 (index 2913)
2026-06-14 01:53:45,981 - kaldo - INFO - Completed IBZ k-point 2082/3375 (index 1195)
2026-06-14 01:53:45,981 - kaldo - INFO - Completed IBZ k-point 2083/3375 (index 2715)
2026-06-14 01:53:45,981 - kaldo - INFO - Completed IBZ k-point 2084/3375 (index 728)
2026-06-14 01:53:45,981 - kaldo - INFO - Completed IBZ k-point 2085/3375 (index 2739)
2026-06-14 01:53:45,981 - kaldo - INFO - Completed IBZ k-point 2086/3375 (index 2180)
2026-06-14 01:53:45,981 - kaldo - INFO - Completed IBZ k-point 2087/3375 (index 838)
2026-06-14 01:53:45,981 - kaldo - INFO - Completed IBZ k-point 2088/3375 (index 2922)
2026-06-14 01:53:45,981 - kaldo - INFO - Completed IBZ k-point 2089/3375 (index 718)
2026-06-14 01:53:45,981 - kaldo - INFO - Completed IBZ k-point 2090/3375 (index 2732)
2026-06-14 01:53:45,981 - kaldo - INFO - Completed IBZ k-point 2091/3375 (index 2701)
2026-06-14 01:53:45,981 - kaldo - INFO - Completed IBZ k-point 2092/3375 (index 208)
2026-06-14 01:53:45,981 - kaldo - INFO - Completed IBZ k-point 2093/3375 (index 2673)
2026-06-14 01:53:45,981 - kaldo - INFO - Completed IBZ k-point 2094/3375 (index 2304)
2026-06-14 01:53:45,981 - kaldo - INFO - Completed IBZ k-point 2095/3375 (index 799)
2026-06-14 01:53:45,981 - kaldo - INFO - Completed IBZ k-point 2096/3375 (index 2480)
2026-06-14 01:53:45,981 - kaldo - INFO - Completed IBZ k-point 2097/3375 (index 2152)
2026-06-14 01:53:45,981 - kaldo - INFO - Completed IBZ k-point 2098/3375 (index 729)
2026-06-14 01:53:45,981 - kaldo - INFO - Completed IBZ k-point 2099/3375 (index 1127)
2026-06-14 01:53:45,981 - kaldo - INFO - Completed IBZ k-point 2100/3375 (index 749)
2026-06-14 01:53:45,981 - kaldo - INFO - Completed IBZ k-point 2101/3375 (index 489)
2026-06-14 01:53:45,981 - kaldo - INFO - Completed IBZ k-point 2102/3375 (index 2484)
2026-06-14 01:53:45,981 - kaldo - INFO - Completed IBZ k-point 2103/3375 (index 2698)
2026-06-14 01:53:45,981 - kaldo - INFO - Completed IBZ k-point 2104/3375 (index 823)
2026-06-14 01:53:45,981 - kaldo - INFO - Completed IBZ k-point 2105/3375 (index 652)
2026-06-14 01:53:45,981 - kaldo - INFO - Completed IBZ k-point 2106/3375 (index 2293)
2026-06-14 01:53:45,981 - kaldo - INFO - Completed IBZ k-point 2107/3375 (index 711)
2026-06-14 01:53:45,981 - kaldo - INFO - Completed IBZ k-point 2108/3375 (index 2891)
2026-06-14 01:53:45,982 - kaldo - INFO - Completed IBZ k-point 2109/3375 (index 1615)
2026-06-14 01:53:45,982 - kaldo - INFO - Completed IBZ k-point 2110/3375 (index 17)
2026-06-14 01:53:45,982 - kaldo - INFO - Completed IBZ k-point 2111/3375 (index 2757)
2026-06-14 01:53:45,982 - kaldo - INFO - Completed IBZ k-point 2112/3375 (index 2934)
2026-06-14 01:53:45,982 - kaldo - INFO - Completed IBZ k-point 2113/3375 (index 2654)
2026-06-14 01:53:45,982 - kaldo - INFO - Completed IBZ k-point 2114/3375 (index 2906)
2026-06-14 01:53:45,982 - kaldo - INFO - Completed IBZ k-point 2115/3375 (index 2296)
2026-06-14 01:53:45,982 - kaldo - INFO - Completed IBZ k-point 2116/3375 (index 863)
2026-06-14 01:53:45,982 - kaldo - INFO - Completed IBZ k-point 2117/3375 (index 2726)
2026-06-14 01:53:45,982 - kaldo - INFO - Completed IBZ k-point 2118/3375 (index 738)
2026-06-14 01:53:45,982 - kaldo - INFO - Completed IBZ k-point 2119/3375 (index 611)
2026-06-14 01:53:45,982 - kaldo - INFO - Completed IBZ k-point 2120/3375 (index 2648)
2026-06-14 01:53:45,982 - kaldo - INFO - Completed IBZ k-point 2121/3375 (index 2215)
2026-06-14 01:53:45,982 - kaldo - INFO - Completed IBZ k-point 2122/3375 (index 610)
2026-06-14 01:53:45,982 - kaldo - INFO - Completed IBZ k-point 2123/3375 (index 2300)
2026-06-14 01:53:45,982 - kaldo - INFO - Completed IBZ k-point 2124/3375 (index 1465)
2026-06-14 01:53:45,982 - kaldo - INFO - Completed IBZ k-point 2125/3375 (index 545)
2026-06-14 01:53:45,982 - kaldo - INFO - Completed IBZ k-point 2126/3375 (index 2889)
2026-06-14 01:53:45,982 - kaldo - INFO - Completed IBZ k-point 2127/3375 (index 1368)
2026-06-14 01:53:45,982 - kaldo - INFO - Completed IBZ k-point 2128/3375 (index 686)
2026-06-14 01:53:45,982 - kaldo - INFO - Completed IBZ k-point 2129/3375 (index 606)
2026-06-14 01:53:45,982 - kaldo - INFO - Completed IBZ k-point 2130/3375 (index 240)
2026-06-14 01:53:45,982 - kaldo - INFO - Completed IBZ k-point 2131/3375 (index 2694)
2026-06-14 01:53:45,982 - kaldo - INFO - Completed IBZ k-point 2132/3375 (index 723)
2026-06-14 01:53:45,982 - kaldo - INFO - Completed IBZ k-point 2133/3375 (index 649)
2026-06-14 01:53:45,982 - kaldo - INFO - Completed IBZ k-point 2134/3375 (index 2470)
2026-06-14 01:53:45,982 - kaldo - INFO - Completed IBZ k-point 2135/3375 (index 2888)
2026-06-14 01:53:45,982 - kaldo - INFO - Completed IBZ k-point 2136/3375 (index 1197)
2026-06-14 01:53:45,982 - kaldo - INFO - Completed IBZ k-point 2137/3375 (index 484)
2026-06-14 01:53:45,982 - kaldo - INFO - Completed IBZ k-point 2138/3375 (index 2203)
2026-06-14 01:53:45,982 - kaldo - INFO - Completed IBZ k-point 2139/3375 (index 621)
2026-06-14 01:53:45,982 - kaldo - INFO - Completed IBZ k-point 2140/3375 (index 176)
2026-06-14 01:53:45,982 - kaldo - INFO - Completed IBZ k-point 2141/3375 (index 2684)
2026-06-14 01:53:45,982 - kaldo - INFO - Completed IBZ k-point 2142/3375 (index 2197)
2026-06-14 01:53:45,982 - kaldo - INFO - Completed IBZ k-point 2143/3375 (index 725)
2026-06-14 01:53:45,982 - kaldo - INFO - Completed IBZ k-point 2144/3375 (index 2764)
2026-06-14 01:53:45,982 - kaldo - INFO - Completed IBZ k-point 2145/3375 (index 2693)
2026-06-14 01:53:45,982 - kaldo - INFO - Completed IBZ k-point 2146/3375 (index 664)
2026-06-14 01:53:45,982 - kaldo - INFO - Completed IBZ k-point 2147/3375 (index 2483)
2026-06-14 01:53:45,982 - kaldo - INFO - Completed IBZ k-point 2148/3375 (index 736)
2026-06-14 01:53:45,982 - kaldo - INFO - Completed IBZ k-point 2149/3375 (index 486)
2026-06-14 01:53:45,982 - kaldo - INFO - Completed IBZ k-point 2150/3375 (index 733)
2026-06-14 01:53:45,982 - kaldo - INFO - Completed IBZ k-point 2151/3375 (index 2204)
2026-06-14 01:53:45,982 - kaldo - INFO - Completed IBZ k-point 2152/3375 (index 616)
2026-06-14 01:53:45,982 - kaldo - INFO - Completed IBZ k-point 2153/3375 (index 744)
2026-06-14 01:53:45,982 - kaldo - INFO - Completed IBZ k-point 2154/3375 (index 2730)
2026-06-14 01:53:45,982 - kaldo - INFO - Completed IBZ k-point 2155/3375 (index 2459)
2026-06-14 01:53:45,982 - kaldo - INFO - Completed IBZ k-point 2156/3375 (index 1200)
2026-06-14 01:53:45,982 - kaldo - INFO - Completed IBZ k-point 2157/3375 (index 785)
2026-06-14 01:53:45,982 - kaldo - INFO - Completed IBZ k-point 2158/3375 (index 2900)
2026-06-14 01:53:45,982 - kaldo - INFO - Completed IBZ k-point 2159/3375 (index 1190)
2026-06-14 01:53:45,982 - kaldo - INFO - Completed IBZ k-point 2160/3375 (index 544)
2026-06-14 01:53:45,982 - kaldo - INFO - Completed IBZ k-point 2161/3375 (index 2688)
2026-06-14 01:53:45,982 - kaldo - INFO - Completed IBZ k-point 2162/3375 (index 2154)
2026-06-14 01:53:45,982 - kaldo - INFO - Completed IBZ k-point 2163/3375 (index 613)
2026-06-14 01:53:45,982 - kaldo - INFO - Completed IBZ k-point 2164/3375 (index 2294)
2026-06-14 01:53:45,982 - kaldo - INFO - Completed IBZ k-point 2165/3375 (index 860)
2026-06-14 01:53:45,983 - kaldo - INFO - Completed IBZ k-point 2166/3375 (index 633)
2026-06-14 01:53:45,983 - kaldo - INFO - Completed IBZ k-point 2167/3375 (index 2269)
2026-06-14 01:53:45,983 - kaldo - INFO - Completed IBZ k-point 2168/3375 (index 688)
2026-06-14 01:53:45,983 - kaldo - INFO - Completed IBZ k-point 2169/3375 (index 2728)
2026-06-14 01:53:45,983 - kaldo - INFO - Completed IBZ k-point 2170/3375 (index 2212)
2026-06-14 01:53:45,983 - kaldo - INFO - Completed IBZ k-point 2171/3375 (index 2649)
2026-06-14 01:53:45,983 - kaldo - INFO - Completed IBZ k-point 2172/3375 (index 702)
2026-06-14 01:53:45,983 - kaldo - INFO - Completed IBZ k-point 2173/3375 (index 2184)
2026-06-14 01:53:45,983 - kaldo - INFO - Completed IBZ k-point 2174/3375 (index 2886)
2026-06-14 01:53:45,983 - kaldo - INFO - Completed IBZ k-point 2175/3375 (index 2265)
2026-06-14 01:53:45,983 - kaldo - INFO - Completed IBZ k-point 2176/3375 (index 1192)
2026-06-14 01:53:45,983 - kaldo - INFO - Completed IBZ k-point 2177/3375 (index 2885)
2026-06-14 01:53:45,983 - kaldo - INFO - Completed IBZ k-point 2178/3375 (index 745)
2026-06-14 01:53:45,983 - kaldo - INFO - Completed IBZ k-point 2179/3375 (index 668)
2026-06-14 01:53:45,983 - kaldo - INFO - Completed IBZ k-point 2180/3375 (index 764)
2026-06-14 01:53:45,983 - kaldo - INFO - Completed IBZ k-point 2181/3375 (index 657)
2026-06-14 01:53:45,983 - kaldo - INFO - Completed IBZ k-point 2182/3375 (index 2884)
2026-06-14 01:53:45,983 - kaldo - INFO - Completed IBZ k-point 2183/3375 (index 134)
2026-06-14 01:53:45,983 - kaldo - INFO - Completed IBZ k-point 2184/3375 (index 268)
2026-06-14 01:53:45,983 - kaldo - INFO - Completed IBZ k-point 2185/3375 (index 724)
2026-06-14 01:53:45,983 - kaldo - INFO - Completed IBZ k-point 2186/3375 (index 669)
2026-06-14 01:53:45,983 - kaldo - INFO - Completed IBZ k-point 2187/3375 (index 2678)
2026-06-14 01:53:45,983 - kaldo - INFO - Completed IBZ k-point 2188/3375 (index 1189)
2026-06-14 01:53:45,983 - kaldo - INFO - Completed IBZ k-point 2189/3375 (index 2652)
2026-06-14 01:53:45,983 - kaldo - INFO - Completed IBZ k-point 2190/3375 (index 2347)
2026-06-14 01:53:45,983 - kaldo - INFO - Completed IBZ k-point 2191/3375 (index 704)
2026-06-14 01:53:45,983 - kaldo - INFO - Completed IBZ k-point 2192/3375 (index 609)
2026-06-14 01:53:45,983 - kaldo - INFO - Completed IBZ k-point 2193/3375 (index 826)
2026-06-14 01:53:45,983 - kaldo - INFO - Completed IBZ k-point 2194/3375 (index 496)
2026-06-14 01:53:45,983 - kaldo - INFO - Completed IBZ k-point 2195/3375 (index 694)
2026-06-14 01:53:45,983 - kaldo - INFO - Completed IBZ k-point 2196/3375 (index 2274)
2026-06-14 01:53:45,983 - kaldo - INFO - Completed IBZ k-point 2197/3375 (index 2882)
2026-06-14 01:53:45,983 - kaldo - INFO - Completed IBZ k-point 2198/3375 (index 2263)
2026-06-14 01:53:45,983 - kaldo - INFO - Completed IBZ k-point 2199/3375 (index 2699)
2026-06-14 01:53:45,983 - kaldo - INFO - Completed IBZ k-point 2200/3375 (index 2267)
2026-06-14 01:53:45,983 - kaldo - INFO - Completed IBZ k-point 2201/3375 (index 829)
2026-06-14 01:53:45,983 - kaldo - INFO - Completed IBZ k-point 2202/3375 (index 619)
2026-06-14 01:53:45,983 - kaldo - INFO - Completed IBZ k-point 2203/3375 (index 2689)
2026-06-14 01:53:45,983 - kaldo - INFO - Completed IBZ k-point 2204/3375 (index 698)
2026-06-14 01:53:45,983 - kaldo - INFO - Completed IBZ k-point 2205/3375 (index 1204)
2026-06-14 01:53:45,983 - kaldo - INFO - Completed IBZ k-point 2206/3375 (index 2292)
2026-06-14 01:53:45,983 - kaldo - INFO - Completed IBZ k-point 2207/3375 (index 1642)
2026-06-14 01:53:45,983 - kaldo - INFO - Completed IBZ k-point 2208/3375 (index 701)
2026-06-14 01:53:45,983 - kaldo - INFO - Completed IBZ k-point 2209/3375 (index 639)
2026-06-14 01:53:45,983 - kaldo - INFO - Completed IBZ k-point 2210/3375 (index 2749)
2026-06-14 01:53:45,983 - kaldo - INFO - Completed IBZ k-point 2211/3375 (index 158)
2026-06-14 01:53:45,983 - kaldo - INFO - Completed IBZ k-point 2212/3375 (index 678)
2026-06-14 01:53:45,983 - kaldo - INFO - Completed IBZ k-point 2213/3375 (index 1369)
2026-06-14 01:53:45,983 - kaldo - INFO - Completed IBZ k-point 2214/3375 (index 2257)
2026-06-14 01:53:45,983 - kaldo - INFO - Completed IBZ k-point 2215/3375 (index 2881)
2026-06-14 01:53:45,983 - kaldo - INFO - Completed IBZ k-point 2216/3375 (index 1131)
2026-06-14 01:53:45,983 - kaldo - INFO - Completed IBZ k-point 2217/3375 (index 2259)
2026-06-14 01:53:45,983 - kaldo - INFO - Completed IBZ k-point 2218/3375 (index 2879)
2026-06-14 01:53:45,983 - kaldo - INFO - Completed IBZ k-point 2219/3375 (index 726)
2026-06-14 01:53:45,983 - kaldo - INFO - Completed IBZ k-point 2220/3375 (index 622)
2026-06-14 01:53:45,983 - kaldo - INFO - Completed IBZ k-point 2221/3375 (index 2150)
2026-06-14 01:53:45,983 - kaldo - INFO - Completed IBZ k-point 2222/3375 (index 689)
2026-06-14 01:53:45,984 - kaldo - INFO - Completed IBZ k-point 2223/3375 (index 2760)
2026-06-14 01:53:45,984 - kaldo - INFO - Completed IBZ k-point 2224/3375 (index 703)
2026-06-14 01:53:45,984 - kaldo - INFO - Completed IBZ k-point 2225/3375 (index 627)
2026-06-14 01:53:45,984 - kaldo - INFO - Completed IBZ k-point 2226/3375 (index 175)
2026-06-14 01:53:45,984 - kaldo - INFO - Completed IBZ k-point 2227/3375 (index 2880)
2026-06-14 01:53:45,984 - kaldo - INFO - Completed IBZ k-point 2228/3375 (index 2255)
2026-06-14 01:53:45,984 - kaldo - INFO - Completed IBZ k-point 2229/3375 (index 530)
2026-06-14 01:53:45,984 - kaldo - INFO - Completed IBZ k-point 2230/3375 (index 2185)
2026-06-14 01:53:45,984 - kaldo - INFO - Completed IBZ k-point 2231/3375 (index 810)
2026-06-14 01:53:45,984 - kaldo - INFO - Completed IBZ k-point 2232/3375 (index 2258)
2026-06-14 01:53:45,984 - kaldo - INFO - Completed IBZ k-point 2233/3375 (index 120)
2026-06-14 01:53:45,984 - kaldo - INFO - Completed IBZ k-point 2234/3375 (index 2875)
2026-06-14 01:53:45,984 - kaldo - INFO - Completed IBZ k-point 2235/3375 (index 2876)
2026-06-14 01:53:45,984 - kaldo - INFO - Completed IBZ k-point 2236/3375 (index 2271)
2026-06-14 01:53:45,984 - kaldo - INFO - Completed IBZ k-point 2237/3375 (index 1128)
2026-06-14 01:53:45,984 - kaldo - INFO - Completed IBZ k-point 2238/3375 (index 604)
2026-06-14 01:53:45,984 - kaldo - INFO - Completed IBZ k-point 2239/3375 (index 2680)
2026-06-14 01:53:45,984 - kaldo - INFO - Completed IBZ k-point 2240/3375 (index 2194)
2026-06-14 01:53:45,984 - kaldo - INFO - Completed IBZ k-point 2241/3375 (index 2148)
2026-06-14 01:53:45,984 - kaldo - INFO - Completed IBZ k-point 2242/3375 (index 2874)
2026-06-14 01:53:45,984 - kaldo - INFO - Completed IBZ k-point 2243/3375 (index 1121)
2026-06-14 01:53:45,984 - kaldo - INFO - Completed IBZ k-point 2244/3375 (index 671)
2026-06-14 01:53:45,984 - kaldo - INFO - Completed IBZ k-point 2245/3375 (index 2456)
2026-06-14 01:53:45,984 - kaldo - INFO - Completed IBZ k-point 2246/3375 (index 499)
2026-06-14 01:53:45,984 - kaldo - INFO - Completed IBZ k-point 2247/3375 (index 2716)
2026-06-14 01:53:45,984 - kaldo - INFO - Completed IBZ k-point 2248/3375 (index 2208)
2026-06-14 01:53:45,984 - kaldo - INFO - Completed IBZ k-point 2249/3375 (index 615)
2026-06-14 01:53:45,984 - kaldo - INFO - Completed IBZ k-point 2250/3375 (index 1353)
2026-06-14 01:53:45,984 - kaldo - INFO - Completed IBZ k-point 2251/3375 (index 201)
2026-06-14 01:53:45,984 - kaldo - INFO - Completed IBZ k-point 2252/3375 (index 2297)
2026-06-14 01:53:45,984 - kaldo - INFO - Completed IBZ k-point 2253/3375 (index 2700)
2026-06-14 01:53:45,984 - kaldo - INFO - Completed IBZ k-point 2254/3375 (index 2190)
2026-06-14 01:53:45,984 - kaldo - INFO - Completed IBZ k-point 2255/3375 (index 740)
2026-06-14 01:53:45,984 - kaldo - INFO - Completed IBZ k-point 2256/3375 (index 2254)
2026-06-14 01:53:45,984 - kaldo - INFO - Completed IBZ k-point 2257/3375 (index 1174)
2026-06-14 01:53:45,984 - kaldo - INFO - Completed IBZ k-point 2258/3375 (index 2651)
2026-06-14 01:53:45,984 - kaldo - INFO - Completed IBZ k-point 2259/3375 (index 2181)
2026-06-14 01:53:45,984 - kaldo - INFO - Completed IBZ k-point 2260/3375 (index 851)
2026-06-14 01:53:45,984 - kaldo - INFO - Completed IBZ k-point 2261/3375 (index 2200)
2026-06-14 01:53:45,984 - kaldo - INFO - Completed IBZ k-point 2262/3375 (index 2266)
2026-06-14 01:53:45,984 - kaldo - INFO - Completed IBZ k-point 2263/3375 (index 2272)
2026-06-14 01:53:45,984 - kaldo - INFO - Completed IBZ k-point 2264/3375 (index 1382)
2026-06-14 01:53:45,984 - kaldo - INFO - Completed IBZ k-point 2265/3375 (index 2176)
2026-06-14 01:53:45,984 - kaldo - INFO - Completed IBZ k-point 2266/3375 (index 599)
2026-06-14 01:53:45,984 - kaldo - INFO - Completed IBZ k-point 2267/3375 (index 811)
2026-06-14 01:53:45,984 - kaldo - INFO - Completed IBZ k-point 2268/3375 (index 2635)
2026-06-14 01:53:45,984 - kaldo - INFO - Completed IBZ k-point 2269/3375 (index 2214)
2026-06-14 01:53:45,984 - kaldo - INFO - Completed IBZ k-point 2270/3375 (index 2683)
2026-06-14 01:53:45,984 - kaldo - INFO - Completed IBZ k-point 2271/3375 (index 2280)
2026-06-14 01:53:45,984 - kaldo - INFO - Completed IBZ k-point 2272/3375 (index 2631)
2026-06-14 01:53:45,984 - kaldo - INFO - Completed IBZ k-point 2273/3375 (index 2167)
2026-06-14 01:53:45,984 - kaldo - INFO - Completed IBZ k-point 2274/3375 (index 789)
2026-06-14 01:53:45,984 - kaldo - INFO - Completed IBZ k-point 2275/3375 (index 676)
2026-06-14 01:53:45,984 - kaldo - INFO - Completed IBZ k-point 2276/3375 (index 2627)
2026-06-14 01:53:45,984 - kaldo - INFO - Completed IBZ k-point 2277/3375 (index 2275)
2026-06-14 01:53:45,984 - kaldo - INFO - Completed IBZ k-point 2278/3375 (index 2869)
2026-06-14 01:53:45,984 - kaldo - INFO - Completed IBZ k-point 2279/3375 (index 2630)
2026-06-14 01:53:45,985 - kaldo - INFO - Completed IBZ k-point 2280/3375 (index 804)
2026-06-14 01:53:45,985 - kaldo - INFO - Completed IBZ k-point 2281/3375 (index 1122)
2026-06-14 01:53:45,985 - kaldo - INFO - Completed IBZ k-point 2282/3375 (index 643)
2026-06-14 01:53:45,985 - kaldo - INFO - Completed IBZ k-point 2283/3375 (index 2247)
2026-06-14 01:53:45,985 - kaldo - INFO - Completed IBZ k-point 2284/3375 (index 784)
2026-06-14 01:53:45,985 - kaldo - INFO - Completed IBZ k-point 2285/3375 (index 217)
2026-06-14 01:53:45,985 - kaldo - INFO - Completed IBZ k-point 2286/3375 (index 2260)
2026-06-14 01:53:45,985 - kaldo - INFO - Completed IBZ k-point 2287/3375 (index 1173)
2026-06-14 01:53:45,985 - kaldo - INFO - Completed IBZ k-point 2288/3375 (index 715)
2026-06-14 01:53:45,985 - kaldo - INFO - Completed IBZ k-point 2289/3375 (index 2209)
2026-06-14 01:53:45,985 - kaldo - INFO - Completed IBZ k-point 2290/3375 (index 2628)
2026-06-14 01:53:45,985 - kaldo - INFO - Completed IBZ k-point 2291/3375 (index 2626)
2026-06-14 01:53:45,985 - kaldo - INFO - Completed IBZ k-point 2292/3375 (index 677)
2026-06-14 01:53:45,985 - kaldo - INFO - Completed IBZ k-point 2293/3375 (index 2873)
2026-06-14 01:53:45,985 - kaldo - INFO - Completed IBZ k-point 2294/3375 (index 2449)
2026-06-14 01:53:45,985 - kaldo - INFO - Completed IBZ k-point 2295/3375 (index 1134)
2026-06-14 01:53:45,985 - kaldo - INFO - Completed IBZ k-point 2296/3375 (index 742)
2026-06-14 01:53:45,985 - kaldo - INFO - Completed IBZ k-point 2297/3375 (index 2653)
2026-06-14 01:53:45,985 - kaldo - INFO - Completed IBZ k-point 2298/3375 (index 603)
2026-06-14 01:53:45,985 - kaldo - INFO - Completed IBZ k-point 2299/3375 (index 2682)
2026-06-14 01:53:45,985 - kaldo - INFO - Completed IBZ k-point 2300/3375 (index 2871)
2026-06-14 01:53:45,985 - kaldo - INFO - Completed IBZ k-point 2301/3375 (index 1191)
2026-06-14 01:53:45,985 - kaldo - INFO - Completed IBZ k-point 2302/3375 (index 234)
2026-06-14 01:53:45,985 - kaldo - INFO - Completed IBZ k-point 2303/3375 (index 2866)
2026-06-14 01:53:45,985 - kaldo - INFO - Completed IBZ k-point 2304/3375 (index 812)
2026-06-14 01:53:45,985 - kaldo - INFO - Completed IBZ k-point 2305/3375 (index 2281)
2026-06-14 01:53:45,985 - kaldo - INFO - Completed IBZ k-point 2306/3375 (index 2178)
2026-06-14 01:53:45,985 - kaldo - INFO - Completed IBZ k-point 2307/3375 (index 625)
2026-06-14 01:53:45,985 - kaldo - INFO - Completed IBZ k-point 2308/3375 (index 1124)
2026-06-14 01:53:45,985 - kaldo - INFO - Completed IBZ k-point 2309/3375 (index 2865)
2026-06-14 01:53:45,985 - kaldo - INFO - Completed IBZ k-point 2310/3375 (index 2249)
2026-06-14 01:53:45,985 - kaldo - INFO - Completed IBZ k-point 2311/3375 (index 2877)
2026-06-14 01:53:45,985 - kaldo - INFO - Completed IBZ k-point 2312/3375 (index 1229)
2026-06-14 01:53:45,985 - kaldo - INFO - Completed IBZ k-point 2313/3375 (index 2241)
2026-06-14 01:53:45,985 - kaldo - INFO - Completed IBZ k-point 2314/3375 (index 602)
2026-06-14 01:53:45,985 - kaldo - INFO - Completed IBZ k-point 2315/3375 (index 2650)
2026-06-14 01:53:45,985 - kaldo - INFO - Completed IBZ k-point 2316/3375 (index 2250)
2026-06-14 01:53:45,985 - kaldo - INFO - Completed IBZ k-point 2317/3375 (index 2634)
2026-06-14 01:53:45,985 - kaldo - INFO - Completed IBZ k-point 2318/3375 (index 2207)
2026-06-14 01:53:45,985 - kaldo - INFO - Completed IBZ k-point 2319/3375 (index 2243)
2026-06-14 01:53:45,985 - kaldo - INFO - Completed IBZ k-point 2320/3375 (index 1135)
2026-06-14 01:53:45,985 - kaldo - INFO - Completed IBZ k-point 2321/3375 (index 692)
2026-06-14 01:53:45,985 - kaldo - INFO - Completed IBZ k-point 2322/3375 (index 792)
2026-06-14 01:53:45,985 - kaldo - INFO - Completed IBZ k-point 2323/3375 (index 2613)
2026-06-14 01:53:45,985 - kaldo - INFO - Completed IBZ k-point 2324/3375 (index 612)
2026-06-14 01:53:45,985 - kaldo - INFO - Completed IBZ k-point 2325/3375 (index 2256)
2026-06-14 01:53:45,985 - kaldo - INFO - Completed IBZ k-point 2326/3375 (index 2629)
2026-06-14 01:53:45,985 - kaldo - INFO - Completed IBZ k-point 2327/3375 (index 601)
2026-06-14 01:53:45,985 - kaldo - INFO - Completed IBZ k-point 2328/3375 (index 2633)
2026-06-14 01:53:45,985 - kaldo - INFO - Completed IBZ k-point 2329/3375 (index 164)
2026-06-14 01:53:45,985 - kaldo - INFO - Completed IBZ k-point 2330/3375 (index 735)
2026-06-14 01:53:45,985 - kaldo - INFO - Completed IBZ k-point 2331/3375 (index 2189)
2026-06-14 01:53:45,985 - kaldo - INFO - Completed IBZ k-point 2332/3375 (index 717)
2026-06-14 01:53:45,985 - kaldo - INFO - Completed IBZ k-point 2333/3375 (index 663)
2026-06-14 01:53:45,985 - kaldo - INFO - Completed IBZ k-point 2334/3375 (index 658)
2026-06-14 01:53:45,985 - kaldo - INFO - Completed IBZ k-point 2335/3375 (index 690)
2026-06-14 01:53:45,985 - kaldo - INFO - Completed IBZ k-point 2336/3375 (index 2261)
2026-06-14 01:53:45,985 - kaldo - INFO - Completed IBZ k-point 2337/3375 (index 2610)
2026-06-14 01:53:45,986 - kaldo - INFO - Completed IBZ k-point 2338/3375 (index 695)
2026-06-14 01:53:45,986 - kaldo - INFO - Completed IBZ k-point 2339/3375 (index 705)
2026-06-14 01:53:45,986 - kaldo - INFO - Completed IBZ k-point 2340/3375 (index 2179)
2026-06-14 01:53:45,986 - kaldo - INFO - Completed IBZ k-point 2341/3375 (index 674)
2026-06-14 01:53:45,986 - kaldo - INFO - Completed IBZ k-point 2342/3375 (index 807)
2026-06-14 01:53:45,986 - kaldo - INFO - Completed IBZ k-point 2343/3375 (index 2244)
2026-06-14 01:53:45,986 - kaldo - INFO - Completed IBZ k-point 2344/3375 (index 1175)
2026-06-14 01:53:45,986 - kaldo - INFO - Completed IBZ k-point 2345/3375 (index 2611)
2026-06-14 01:53:45,986 - kaldo - INFO - Completed IBZ k-point 2346/3375 (index 1208)
2026-06-14 01:53:45,986 - kaldo - INFO - Completed IBZ k-point 2347/3375 (index 2614)
2026-06-14 01:53:45,986 - kaldo - INFO - Completed IBZ k-point 2348/3375 (index 2169)
2026-06-14 01:53:45,986 - kaldo - INFO - Completed IBZ k-point 2349/3375 (index 661)
2026-06-14 01:53:45,986 - kaldo - INFO - Completed IBZ k-point 2350/3375 (index 2858)
2026-06-14 01:53:45,986 - kaldo - INFO - Completed IBZ k-point 2351/3375 (index 2233)
2026-06-14 01:53:45,986 - kaldo - INFO - Completed IBZ k-point 2352/3375 (index 1210)
2026-06-14 01:53:45,986 - kaldo - INFO - Completed IBZ k-point 2353/3375 (index 1177)
2026-06-14 01:53:45,986 - kaldo - INFO - Completed IBZ k-point 2354/3375 (index 2253)
2026-06-14 01:53:45,986 - kaldo - INFO - Completed IBZ k-point 2355/3375 (index 750)
2026-06-14 01:53:45,986 - kaldo - INFO - Completed IBZ k-point 2356/3375 (index 2632)
2026-06-14 01:53:45,986 - kaldo - INFO - Completed IBZ k-point 2357/3375 (index 2201)
2026-06-14 01:53:45,986 - kaldo - INFO - Completed IBZ k-point 2358/3375 (index 2864)
2026-06-14 01:53:45,986 - kaldo - INFO - Completed IBZ k-point 2359/3375 (index 172)
2026-06-14 01:53:45,986 - kaldo - INFO - Completed IBZ k-point 2360/3375 (index 2170)
2026-06-14 01:53:45,986 - kaldo - INFO - Completed IBZ k-point 2361/3375 (index 1176)
2026-06-14 01:53:45,986 - kaldo - INFO - Completed IBZ k-point 2362/3375 (index 708)
2026-06-14 01:53:45,986 - kaldo - INFO - Completed IBZ k-point 2363/3375 (index 2171)
2026-06-14 01:53:45,986 - kaldo - INFO - Completed IBZ k-point 2364/3375 (index 2612)
2026-06-14 01:53:45,986 - kaldo - INFO - Completed IBZ k-point 2365/3375 (index 672)
2026-06-14 01:53:45,986 - kaldo - INFO - Completed IBZ k-point 2366/3375 (index 274)
2026-06-14 01:53:45,986 - kaldo - INFO - Completed IBZ k-point 2367/3375 (index 2878)
2026-06-14 01:53:45,986 - kaldo - INFO - Completed IBZ k-point 2368/3375 (index 444)
2026-06-14 01:53:45,986 - kaldo - INFO - Completed IBZ k-point 2369/3375 (index 2896)
2026-06-14 01:53:45,986 - kaldo - INFO - Completed IBZ k-point 2370/3375 (index 1982)
2026-06-14 01:53:45,986 - kaldo - INFO - Completed IBZ k-point 2371/3375 (index 1804)
2026-06-14 01:53:45,986 - kaldo - INFO - Completed IBZ k-point 2372/3375 (index 295)
2026-06-14 01:53:45,986 - kaldo - INFO - Completed IBZ k-point 2373/3375 (index 3374)
2026-06-14 01:53:45,986 - kaldo - INFO - Completed IBZ k-point 2374/3375 (index 354)
2026-06-14 01:53:45,986 - kaldo - INFO - Completed IBZ k-point 2375/3375 (index 2002)
2026-06-14 01:53:45,986 - kaldo - INFO - Completed IBZ k-point 2376/3375 (index 2856)
2026-06-14 01:53:45,986 - kaldo - INFO - Completed IBZ k-point 2377/3375 (index 506)
2026-06-14 01:53:45,986 - kaldo - INFO - Completed IBZ k-point 2378/3375 (index 2165)
2026-06-14 01:53:45,986 - kaldo - INFO - Completed IBZ k-point 2379/3375 (index 2895)
2026-06-14 01:53:45,986 - kaldo - INFO - Completed IBZ k-point 2380/3375 (index 442)
2026-06-14 01:53:45,986 - kaldo - INFO - Completed IBZ k-point 2381/3375 (index 304)
2026-06-14 01:53:45,986 - kaldo - INFO - Completed IBZ k-point 2382/3375 (index 2014)
2026-06-14 01:53:45,986 - kaldo - INFO - Completed IBZ k-point 2383/3375 (index 151)
2026-06-14 01:53:45,986 - kaldo - INFO - Completed IBZ k-point 2384/3375 (index 447)
2026-06-14 01:53:45,986 - kaldo - INFO - Completed IBZ k-point 2385/3375 (index 2852)
2026-06-14 01:53:45,986 - kaldo - INFO - Completed IBZ k-point 2386/3375 (index 381)
2026-06-14 01:53:45,986 - kaldo - INFO - Completed IBZ k-point 2387/3375 (index 260)
2026-06-14 01:53:45,986 - kaldo - INFO - Completed IBZ k-point 2388/3375 (index 773)
2026-06-14 01:53:45,986 - kaldo - INFO - Completed IBZ k-point 2389/3375 (index 317)
2026-06-14 01:53:45,986 - kaldo - INFO - Completed IBZ k-point 2390/3375 (index 2073)
2026-06-14 01:53:45,986 - kaldo - INFO - Completed IBZ k-point 2391/3375 (index 440)
2026-06-14 01:53:45,986 - kaldo - INFO - Completed IBZ k-point 2392/3375 (index 219)
2026-06-14 01:53:45,986 - kaldo - INFO - Completed IBZ k-point 2393/3375 (index 2850)
2026-06-14 01:53:45,986 - kaldo - INFO - Completed IBZ k-point 2394/3375 (index 418)
2026-06-14 01:53:45,987 - kaldo - INFO - Completed IBZ k-point 2395/3375 (index 259)
2026-06-14 01:53:45,987 - kaldo - INFO - Completed IBZ k-point 2396/3375 (index 169)
2026-06-14 01:53:45,987 - kaldo - INFO - Completed IBZ k-point 2397/3375 (index 3366)
2026-06-14 01:53:45,987 - kaldo - INFO - Completed IBZ k-point 2398/3375 (index 1861)
2026-06-14 01:53:45,987 - kaldo - INFO - Completed IBZ k-point 2399/3375 (index 508)
2026-06-14 01:53:45,987 - kaldo - INFO - Completed IBZ k-point 2400/3375 (index 2899)
2026-06-14 01:53:45,987 - kaldo - INFO - Completed IBZ k-point 2401/3375 (index 2008)
2026-06-14 01:53:45,987 - kaldo - INFO - Completed IBZ k-point 2402/3375 (index 2898)
2026-06-14 01:53:45,987 - kaldo - INFO - Completed IBZ k-point 2403/3375 (index 429)
2026-06-14 01:53:45,987 - kaldo - INFO - Completed IBZ k-point 2404/3375 (index 770)
2026-06-14 01:53:45,987 - kaldo - INFO - Completed IBZ k-point 2405/3375 (index 300)
2026-06-14 01:53:45,987 - kaldo - INFO - Completed IBZ k-point 2406/3375 (index 2893)
2026-06-14 01:53:45,987 - kaldo - INFO - Completed IBZ k-point 2407/3375 (index 433)
2026-06-14 01:53:45,987 - kaldo - INFO - Completed IBZ k-point 2408/3375 (index 501)
2026-06-14 01:53:45,987 - kaldo - INFO - Completed IBZ k-point 2409/3375 (index 210)
2026-06-14 01:53:45,987 - kaldo - INFO - Completed IBZ k-point 2410/3375 (index 2118)
2026-06-14 01:53:45,987 - kaldo - INFO - Completed IBZ k-point 2411/3375 (index 436)
2026-06-14 01:53:45,987 - kaldo - INFO - Completed IBZ k-point 2412/3375 (index 1911)
2026-06-14 01:53:45,987 - kaldo - INFO - Completed IBZ k-point 2413/3375 (index 409)
2026-06-14 01:53:45,987 - kaldo - INFO - Completed IBZ k-point 2414/3375 (index 2851)
2026-06-14 01:53:45,987 - kaldo - INFO - Completed IBZ k-point 2415/3375 (index 452)
2026-06-14 01:53:45,987 - kaldo - INFO - Completed IBZ k-point 2416/3375 (index 2001)
2026-06-14 01:53:45,987 - kaldo - INFO - Completed IBZ k-point 2417/3375 (index 2894)
2026-06-14 01:53:45,987 - kaldo - INFO - Completed IBZ k-point 2418/3375 (index 2855)
2026-06-14 01:53:45,987 - kaldo - INFO - Completed IBZ k-point 2419/3375 (index 505)
2026-06-14 01:53:45,987 - kaldo - INFO - Completed IBZ k-point 2420/3375 (index 287)
2026-06-14 01:53:45,987 - kaldo - INFO - Completed IBZ k-point 2421/3375 (index 1864)
2026-06-14 01:53:45,987 - kaldo - INFO - Completed IBZ k-point 2422/3375 (index 2845)
2026-06-14 01:53:45,987 - kaldo - INFO - Completed IBZ k-point 2423/3375 (index 431)
2026-06-14 01:53:45,987 - kaldo - INFO - Completed IBZ k-point 2424/3375 (index 3360)
2026-06-14 01:53:45,987 - kaldo - INFO - Completed IBZ k-point 2425/3375 (index 2005)
2026-06-14 01:53:45,987 - kaldo - INFO - Completed IBZ k-point 2426/3375 (index 469)
2026-06-14 01:53:45,987 - kaldo - INFO - Completed IBZ k-point 2427/3375 (index 2007)
2026-06-14 01:53:45,987 - kaldo - INFO - Completed IBZ k-point 2428/3375 (index 2010)
2026-06-14 01:53:45,987 - kaldo - INFO - Completed IBZ k-point 2429/3375 (index 261)
2026-06-14 01:53:45,987 - kaldo - INFO - Completed IBZ k-point 2430/3375 (index 150)
2026-06-14 01:53:45,987 - kaldo - INFO - Completed IBZ k-point 2431/3375 (index 2846)
2026-06-14 01:53:45,987 - kaldo - INFO - Completed IBZ k-point 2432/3375 (index 147)
2026-06-14 01:53:45,987 - kaldo - INFO - Completed IBZ k-point 2433/3375 (index 2839)
2026-06-14 01:53:45,987 - kaldo - INFO - Completed IBZ k-point 2434/3375 (index 389)
2026-06-14 01:53:45,987 - kaldo - INFO - Completed IBZ k-point 2435/3375 (index 312)
2026-06-14 01:53:45,987 - kaldo - INFO - Completed IBZ k-point 2436/3375 (index 437)
2026-06-14 01:53:45,987 - kaldo - INFO - Completed IBZ k-point 2437/3375 (index 855)
2026-06-14 01:53:45,987 - kaldo - INFO - Completed IBZ k-point 2438/3375 (index 318)
2026-06-14 01:53:45,987 - kaldo - INFO - Completed IBZ k-point 2439/3375 (index 231)
2026-06-14 01:53:45,987 - kaldo - INFO - Completed IBZ k-point 2440/3375 (index 2075)
2026-06-14 01:53:45,987 - kaldo - INFO - Completed IBZ k-point 2441/3375 (index 458)
2026-06-14 01:53:45,987 - kaldo - INFO - Completed IBZ k-point 2442/3375 (index 2128)
2026-06-14 01:53:45,987 - kaldo - INFO - Completed IBZ k-point 2443/3375 (index 166)
2026-06-14 01:53:45,987 - kaldo - INFO - Completed IBZ k-point 2444/3375 (index 1917)
2026-06-14 01:53:45,987 - kaldo - INFO - Completed IBZ k-point 2445/3375 (index 421)
2026-06-14 01:53:45,987 - kaldo - INFO - Completed IBZ k-point 2446/3375 (index 211)
2026-06-14 01:53:45,987 - kaldo - INFO - Completed IBZ k-point 2447/3375 (index 2833)
2026-06-14 01:53:45,987 - kaldo - INFO - Completed IBZ k-point 2448/3375 (index 2125)
2026-06-14 01:53:45,987 - kaldo - INFO - Completed IBZ k-point 2449/3375 (index 425)
2026-06-14 01:53:45,987 - kaldo - INFO - Completed IBZ k-point 2450/3375 (index 232)
2026-06-14 01:53:45,987 - kaldo - INFO - Completed IBZ k-point 2451/3375 (index 2840)
2026-06-14 01:53:45,988 - kaldo - INFO - Completed IBZ k-point 2452/3375 (index 781)
2026-06-14 01:53:45,988 - kaldo - INFO - Completed IBZ k-point 2453/3375 (index 245)
2026-06-14 01:53:45,988 - kaldo - INFO - Completed IBZ k-point 2454/3375 (index 2837)
2026-06-14 01:53:45,988 - kaldo - INFO - Completed IBZ k-point 2455/3375 (index 275)
2026-06-14 01:53:45,988 - kaldo - INFO - Completed IBZ k-point 2456/3375 (index 790)
2026-06-14 01:53:45,988 - kaldo - INFO - Completed IBZ k-point 2457/3375 (index 2119)
2026-06-14 01:53:45,988 - kaldo - INFO - Completed IBZ k-point 2458/3375 (index 2114)
2026-06-14 01:53:45,988 - kaldo - INFO - Completed IBZ k-point 2459/3375 (index 2830)
2026-06-14 01:53:45,988 - kaldo - INFO - Completed IBZ k-point 2460/3375 (index 445)
2026-06-14 01:53:45,988 - kaldo - INFO - Completed IBZ k-point 2461/3375 (index 2892)
2026-06-14 01:53:45,988 - kaldo - INFO - Completed IBZ k-point 2462/3375 (index 167)
2026-06-14 01:53:45,988 - kaldo - INFO - Completed IBZ k-point 2463/3375 (index 2843)
2026-06-14 01:53:45,988 - kaldo - INFO - Completed IBZ k-point 2464/3375 (index 1095)
2026-06-14 01:53:45,988 - kaldo - INFO - Completed IBZ k-point 2465/3375 (index 416)
2026-06-14 01:53:45,988 - kaldo - INFO - Completed IBZ k-point 2466/3375 (index 2110)
2026-06-14 01:53:45,988 - kaldo - INFO - Completed IBZ k-point 2467/3375 (index 2115)
2026-06-14 01:53:45,988 - kaldo - INFO - Completed IBZ k-point 2468/3375 (index 2836)
2026-06-14 01:53:45,988 - kaldo - INFO - Completed IBZ k-point 2469/3375 (index 10)
2026-06-14 01:53:45,988 - kaldo - INFO - Completed IBZ k-point 2470/3375 (index 277)
2026-06-14 01:53:45,988 - kaldo - INFO - Completed IBZ k-point 2471/3375 (index 2829)
2026-06-14 01:53:45,988 - kaldo - INFO - Completed IBZ k-point 2472/3375 (index 453)
2026-06-14 01:53:45,988 - kaldo - INFO - Completed IBZ k-point 2473/3375 (index 2832)
2026-06-14 01:53:45,988 - kaldo - INFO - Completed IBZ k-point 2474/3375 (index 326)
2026-06-14 01:53:45,988 - kaldo - INFO - Completed IBZ k-point 2475/3375 (index 2824)
2026-06-14 01:53:45,988 - kaldo - INFO - Completed IBZ k-point 2476/3375 (index 414)
2026-06-14 01:53:45,988 - kaldo - INFO - Completed IBZ k-point 2477/3375 (index 216)
2026-06-14 01:53:45,988 - kaldo - INFO - Completed IBZ k-point 2478/3375 (index 2081)
2026-06-14 01:53:45,988 - kaldo - INFO - Completed IBZ k-point 2479/3375 (index 541)
2026-06-14 01:53:45,988 - kaldo - INFO - Completed IBZ k-point 2480/3375 (index 1860)
2026-06-14 01:53:45,988 - kaldo - INFO - Completed IBZ k-point 2481/3375 (index 412)
2026-06-14 01:53:45,988 - kaldo - INFO - Completed IBZ k-point 2482/3375 (index 262)
2026-06-14 01:53:45,988 - kaldo - INFO - Completed IBZ k-point 2483/3375 (index 391)
2026-06-14 01:53:45,988 - kaldo - INFO - Completed IBZ k-point 2484/3375 (index 780)
2026-06-14 01:53:45,988 - kaldo - INFO - Completed IBZ k-point 2485/3375 (index 323)
2026-06-14 01:53:45,988 - kaldo - INFO - Completed IBZ k-point 2486/3375 (index 359)
2026-06-14 01:53:45,988 - kaldo - INFO - Completed IBZ k-point 2487/3375 (index 2821)
2026-06-14 01:53:45,988 - kaldo - INFO - Completed IBZ k-point 2488/3375 (index 791)
2026-06-14 01:53:45,988 - kaldo - INFO - Completed IBZ k-point 2489/3375 (index 286)
2026-06-14 01:53:45,988 - kaldo - INFO - Completed IBZ k-point 2490/3375 (index 432)
2026-06-14 01:53:45,988 - kaldo - INFO - Completed IBZ k-point 2491/3375 (index 2009)
2026-06-14 01:53:45,988 - kaldo - INFO - Completed IBZ k-point 2492/3375 (index 411)
2026-06-14 01:53:45,988 - kaldo - INFO - Completed IBZ k-point 2493/3375 (index 289)
2026-06-14 01:53:45,988 - kaldo - INFO - Completed IBZ k-point 2494/3375 (index 2071)
2026-06-14 01:53:45,988 - kaldo - INFO - Completed IBZ k-point 2495/3375 (index 2024)
2026-06-14 01:53:45,988 - kaldo - INFO - Completed IBZ k-point 2496/3375 (index 392)
2026-06-14 01:53:45,988 - kaldo - INFO - Completed IBZ k-point 2497/3375 (index 2818)
2026-06-14 01:53:45,988 - kaldo - INFO - Completed IBZ k-point 2498/3375 (index 1034)
2026-06-14 01:53:45,988 - kaldo - INFO - Completed IBZ k-point 2499/3375 (index 293)
2026-06-14 01:53:45,988 - kaldo - INFO - Completed IBZ k-point 2500/3375 (index 152)
2026-06-14 01:53:45,988 - kaldo - INFO - Completed IBZ k-point 2501/3375 (index 2163)
2026-06-14 01:53:45,988 - kaldo - INFO - Completed IBZ k-point 2502/3375 (index 572)
2026-06-14 01:53:45,988 - kaldo - INFO - Completed IBZ k-point 2503/3375 (index 1997)
2026-06-14 01:53:45,988 - kaldo - INFO - Completed IBZ k-point 2504/3375 (index 2831)
2026-06-14 01:53:45,988 - kaldo - INFO - Completed IBZ k-point 2505/3375 (index 1915)
2026-06-14 01:53:45,988 - kaldo - INFO - Completed IBZ k-point 2506/3375 (index 428)
2026-06-14 01:53:45,988 - kaldo - INFO - Completed IBZ k-point 2507/3375 (index 388)
2026-06-14 01:53:45,989 - kaldo - INFO - Completed IBZ k-point 2508/3375 (index 2825)
2026-06-14 01:53:45,989 - kaldo - INFO - Completed IBZ k-point 2509/3375 (index 451)
2026-06-14 01:53:45,989 - kaldo - INFO - Completed IBZ k-point 2510/3375 (index 552)
2026-06-14 01:53:45,989 - kaldo - INFO - Completed IBZ k-point 2511/3375 (index 390)
2026-06-14 01:53:45,989 - kaldo - INFO - Completed IBZ k-point 2512/3375 (index 794)
2026-06-14 01:53:45,989 - kaldo - INFO - Completed IBZ k-point 2513/3375 (index 459)
2026-06-14 01:53:45,989 - kaldo - INFO - Completed IBZ k-point 2514/3375 (index 449)
2026-06-14 01:53:45,989 - kaldo - INFO - Completed IBZ k-point 2515/3375 (index 2814)
2026-06-14 01:53:45,989 - kaldo - INFO - Completed IBZ k-point 2516/3375 (index 406)
2026-06-14 01:53:45,989 - kaldo - INFO - Completed IBZ k-point 2517/3375 (index 395)
2026-06-14 01:53:45,989 - kaldo - INFO - Completed IBZ k-point 2518/3375 (index 3335)
2026-06-14 01:53:45,989 - kaldo - INFO - Completed IBZ k-point 2519/3375 (index 336)
2026-06-14 01:53:45,989 - kaldo - INFO - Completed IBZ k-point 2520/3375 (index 410)
2026-06-14 01:53:45,989 - kaldo - INFO - Completed IBZ k-point 2521/3375 (index 239)
2026-06-14 01:53:45,989 - kaldo - INFO - Completed IBZ k-point 2522/3375 (index 408)
2026-06-14 01:53:45,989 - kaldo - INFO - Completed IBZ k-point 2523/3375 (index 2834)
2026-06-14 01:53:45,989 - kaldo - INFO - Completed IBZ k-point 2524/3375 (index 2137)
2026-06-14 01:53:45,989 - kaldo - INFO - Completed IBZ k-point 2525/3375 (index 556)
2026-06-14 01:53:45,989 - kaldo - INFO - Completed IBZ k-point 2526/3375 (index 252)
2026-06-14 01:53:45,989 - kaldo - INFO - Completed IBZ k-point 2527/3375 (index 767)
2026-06-14 01:53:45,989 - kaldo - INFO - Completed IBZ k-point 2528/3375 (index 419)
2026-06-14 01:53:45,989 - kaldo - INFO - Completed IBZ k-point 2529/3375 (index 2111)
2026-06-14 01:53:45,989 - kaldo - INFO - Completed IBZ k-point 2530/3375 (index 532)
2026-06-14 01:53:45,989 - kaldo - INFO - Completed IBZ k-point 2531/3375 (index 1912)
2026-06-14 01:53:45,989 - kaldo - INFO - Completed IBZ k-point 2532/3375 (index 800)
2026-06-14 01:53:45,989 - kaldo - INFO - Completed IBZ k-point 2533/3375 (index 338)
2026-06-14 01:53:45,989 - kaldo - INFO - Completed IBZ k-point 2534/3375 (index 1996)
2026-06-14 01:53:45,989 - kaldo - INFO - Completed IBZ k-point 2535/3375 (index 199)
2026-06-14 01:53:45,989 - kaldo - INFO - Completed IBZ k-point 2536/3375 (index 2828)
2026-06-14 01:53:45,989 - kaldo - INFO - Completed IBZ k-point 2537/3375 (index 337)
2026-06-14 01:53:45,989 - kaldo - INFO - Completed IBZ k-point 2538/3375 (index 2093)
2026-06-14 01:53:45,989 - kaldo - INFO - Completed IBZ k-point 2539/3375 (index 533)
2026-06-14 01:53:45,989 - kaldo - INFO - Completed IBZ k-point 2540/3375 (index 1916)
2026-06-14 01:53:45,989 - kaldo - INFO - Completed IBZ k-point 2541/3375 (index 814)
2026-06-14 01:53:45,989 - kaldo - INFO - Completed IBZ k-point 2542/3375 (index 2815)
2026-06-14 01:53:45,989 - kaldo - INFO - Completed IBZ k-point 2543/3375 (index 404)
2026-06-14 01:53:45,989 - kaldo - INFO - Completed IBZ k-point 2544/3375 (index 776)
2026-06-14 01:53:45,989 - kaldo - INFO - Completed IBZ k-point 2545/3375 (index 1913)
2026-06-14 01:53:45,989 - kaldo - INFO - Completed IBZ k-point 2546/3375 (index 2006)
2026-06-14 01:53:45,989 - kaldo - INFO - Completed IBZ k-point 2547/3375 (index 430)
2026-06-14 01:53:45,989 - kaldo - INFO - Completed IBZ k-point 2548/3375 (index 2822)
2026-06-14 01:53:45,989 - kaldo - INFO - Completed IBZ k-point 2549/3375 (index 399)
2026-06-14 01:53:45,989 - kaldo - INFO - Completed IBZ k-point 2550/3375 (index 328)
2026-06-14 01:53:45,989 - kaldo - INFO - Completed IBZ k-point 2551/3375 (index 803)
2026-06-14 01:53:45,989 - kaldo - INFO - Completed IBZ k-point 2552/3375 (index 2140)
2026-06-14 01:53:45,989 - kaldo - INFO - Completed IBZ k-point 2553/3375 (index 2805)
2026-06-14 01:53:45,989 - kaldo - INFO - Completed IBZ k-point 2554/3375 (index 373)
2026-06-14 01:53:45,989 - kaldo - INFO - Completed IBZ k-point 2555/3375 (index 2013)
2026-06-14 01:53:45,989 - kaldo - INFO - Completed IBZ k-point 2556/3375 (index 438)
2026-06-14 01:53:45,989 - kaldo - INFO - Completed IBZ k-point 2557/3375 (index 1999)
2026-06-14 01:53:45,989 - kaldo - INFO - Completed IBZ k-point 2558/3375 (index 398)
2026-06-14 01:53:45,989 - kaldo - INFO - Completed IBZ k-point 2559/3375 (index 439)
2026-06-14 01:53:45,989 - kaldo - INFO - Completed IBZ k-point 2560/3375 (index 329)
2026-06-14 01:53:45,989 - kaldo - INFO - Completed IBZ k-point 2561/3375 (index 423)
2026-06-14 01:53:45,989 - kaldo - INFO - Completed IBZ k-point 2562/3375 (index 424)
2026-06-14 01:53:45,989 - kaldo - INFO - Completed IBZ k-point 2563/3375 (index 190)
2026-06-14 01:53:45,989 - kaldo - INFO - Completed IBZ k-point 2564/3375 (index 542)
2026-06-14 01:53:45,990 - kaldo - INFO - Completed IBZ k-point 2565/3375 (index 2848)
2026-06-14 01:53:45,990 - kaldo - INFO - Completed IBZ k-point 2566/3375 (index 820)
2026-06-14 01:53:45,990 - kaldo - INFO - Completed IBZ k-point 2567/3375 (index 322)
2026-06-14 01:53:45,990 - kaldo - INFO - Completed IBZ k-point 2568/3375 (index 513)
2026-06-14 01:53:45,990 - kaldo - INFO - Completed IBZ k-point 2569/3375 (index 13)
2026-06-14 01:53:45,990 - kaldo - INFO - Completed IBZ k-point 2570/3375 (index 832)
2026-06-14 01:53:45,990 - kaldo - INFO - Completed IBZ k-point 2571/3375 (index 450)
2026-06-14 01:53:45,990 - kaldo - INFO - Completed IBZ k-point 2572/3375 (index 816)
2026-06-14 01:53:45,990 - kaldo - INFO - Completed IBZ k-point 2573/3375 (index 435)
2026-06-14 01:53:45,990 - kaldo - INFO - Completed IBZ k-point 2574/3375 (index 2849)
2026-06-14 01:53:45,990 - kaldo - INFO - Completed IBZ k-point 2575/3375 (index 818)
2026-06-14 01:53:45,990 - kaldo - INFO - Completed IBZ k-point 2576/3375 (index 271)
2026-06-14 01:53:45,990 - kaldo - INFO - Completed IBZ k-point 2577/3375 (index 15)
2026-06-14 01:53:45,990 - kaldo - INFO - Completed IBZ k-point 2578/3375 (index 2117)
2026-06-14 01:53:45,990 - kaldo - INFO - Completed IBZ k-point 2579/3375 (index 1862)
2026-06-14 01:53:45,990 - kaldo - INFO - Completed IBZ k-point 2580/3375 (index 2812)
2026-06-14 01:53:45,990 - kaldo - INFO - Completed IBZ k-point 2581/3375 (index 758)
2026-06-14 01:53:45,990 - kaldo - INFO - Completed IBZ k-point 2582/3375 (index 2806)
2026-06-14 01:53:45,990 - kaldo - INFO - Completed IBZ k-point 2583/3375 (index 825)
2026-06-14 01:53:45,990 - kaldo - INFO - Completed IBZ k-point 2584/3375 (index 2144)
2026-06-14 01:53:45,990 - kaldo - INFO - Completed IBZ k-point 2585/3375 (index 148)
2026-06-14 01:53:45,990 - kaldo - INFO - Completed IBZ k-point 2586/3375 (index 759)
2026-06-14 01:53:45,990 - kaldo - INFO - Completed IBZ k-point 2587/3375 (index 995)
2026-06-14 01:53:45,990 - kaldo - INFO - Completed IBZ k-point 2588/3375 (index 587)
2026-06-14 01:53:45,990 - kaldo - INFO - Completed IBZ k-point 2589/3375 (index 426)
2026-06-14 01:53:45,990 - kaldo - INFO - Completed IBZ k-point 2590/3375 (index 760)
2026-06-14 01:53:45,990 - kaldo - INFO - Completed IBZ k-point 2591/3375 (index 90)
2026-06-14 01:53:45,990 - kaldo - INFO - Completed IBZ k-point 2592/3375 (index 761)
2026-06-14 01:53:45,990 - kaldo - INFO - Completed IBZ k-point 2593/3375 (index 301)
2026-06-14 01:53:45,990 - kaldo - INFO - Completed IBZ k-point 2594/3375 (index 241)
2026-06-14 01:53:45,990 - kaldo - INFO - Completed IBZ k-point 2595/3375 (index 2841)
2026-06-14 01:53:45,990 - kaldo - INFO - Completed IBZ k-point 2596/3375 (index 358)
2026-06-14 01:53:45,990 - kaldo - INFO - Completed IBZ k-point 2597/3375 (index 988)
2026-06-14 01:53:45,990 - kaldo - INFO - Completed IBZ k-point 2598/3375 (index 827)
2026-06-14 01:53:45,990 - kaldo - INFO - Completed IBZ k-point 2599/3375 (index 2827)
2026-06-14 01:53:45,990 - kaldo - INFO - Completed IBZ k-point 2600/3375 (index 517)
2026-06-14 01:53:45,990 - kaldo - INFO - Completed IBZ k-point 2601/3375 (index 524)
2026-06-14 01:53:45,990 - kaldo - INFO - Completed IBZ k-point 2602/3375 (index 2802)
2026-06-14 01:53:45,990 - kaldo - INFO - Completed IBZ k-point 2603/3375 (index 2004)
2026-06-14 01:53:45,990 - kaldo - INFO - Completed IBZ k-point 2604/3375 (index 257)
2026-06-14 01:53:45,990 - kaldo - INFO - Completed IBZ k-point 2605/3375 (index 2003)
2026-06-14 01:53:45,990 - kaldo - INFO - Completed IBZ k-point 2606/3375 (index 179)
2026-06-14 01:53:45,990 - kaldo - INFO - Completed IBZ k-point 2607/3375 (index 267)
2026-06-14 01:53:45,990 - kaldo - INFO - Completed IBZ k-point 2608/3375 (index 2807)
2026-06-14 01:53:45,990 - kaldo - INFO - Completed IBZ k-point 2609/3375 (index 757)
2026-06-14 01:53:45,990 - kaldo - INFO - Completed IBZ k-point 2610/3375 (index 2116)
2026-06-14 01:53:45,990 - kaldo - INFO - Completed IBZ k-point 2611/3375 (index 420)
2026-06-14 01:53:45,990 - kaldo - INFO - Completed IBZ k-point 2612/3375 (index 2795)
2026-06-14 01:53:45,990 - kaldo - INFO - Completed IBZ k-point 2613/3375 (index 316)
2026-06-14 01:53:45,990 - kaldo - INFO - Completed IBZ k-point 2614/3375 (index 2011)
2026-06-14 01:53:45,990 - kaldo - INFO - Completed IBZ k-point 2615/3375 (index 149)
2026-06-14 01:53:45,990 - kaldo - INFO - Completed IBZ k-point 2616/3375 (index 2817)
2026-06-14 01:53:45,990 - kaldo - INFO - Completed IBZ k-point 2617/3375 (index 828)
2026-06-14 01:53:45,990 - kaldo - INFO - Completed IBZ k-point 2618/3375 (index 2029)
2026-06-14 01:53:45,990 - kaldo - INFO - Completed IBZ k-point 2619/3375 (index 224)
2026-06-14 01:53:45,990 - kaldo - INFO - Completed IBZ k-point 2620/3375 (index 321)
2026-06-14 01:53:45,990 - kaldo - INFO - Completed IBZ k-point 2621/3375 (index 536)
2026-06-14 01:53:45,990 - kaldo - INFO - Completed IBZ k-point 2622/3375 (index 2112)
2026-06-14 01:53:45,991 - kaldo - INFO - Completed IBZ k-point 2623/3375 (index 2794)
2026-06-14 01:53:45,991 - kaldo - INFO - Completed IBZ k-point 2624/3375 (index 839)
2026-06-14 01:53:45,991 - kaldo - INFO - Completed IBZ k-point 2625/3375 (index 292)
2026-06-14 01:53:45,991 - kaldo - INFO - Completed IBZ k-point 2626/3375 (index 1925)
2026-06-14 01:53:45,991 - kaldo - INFO - Completed IBZ k-point 2627/3375 (index 407)
2026-06-14 01:53:45,991 - kaldo - INFO - Completed IBZ k-point 2628/3375 (index 842)
2026-06-14 01:53:45,991 - kaldo - INFO - Completed IBZ k-point 2629/3375 (index 2022)
2026-06-14 01:53:45,991 - kaldo - INFO - Completed IBZ k-point 2630/3375 (index 844)
2026-06-14 01:53:45,991 - kaldo - INFO - Completed IBZ k-point 2631/3375 (index 840)
2026-06-14 01:53:45,991 - kaldo - INFO - Completed IBZ k-point 2632/3375 (index 146)
2026-06-14 01:53:45,991 - kaldo - INFO - Completed IBZ k-point 2633/3375 (index 2146)
2026-06-14 01:53:45,991 - kaldo - INFO - Completed IBZ k-point 2634/3375 (index 841)
2026-06-14 01:53:45,991 - kaldo - INFO - Completed IBZ k-point 2635/3375 (index 2797)
2026-06-14 01:53:45,991 - kaldo - INFO - Completed IBZ k-point 2636/3375 (index 2120)
2026-06-14 01:53:45,991 - kaldo - INFO - Completed IBZ k-point 2637/3375 (index 434)
2026-06-14 01:53:45,991 - kaldo - INFO - Completed IBZ k-point 2638/3375 (index 383)
2026-06-14 01:53:45,991 - kaldo - INFO - Completed IBZ k-point 2639/3375 (index 3310)
2026-06-14 01:53:45,991 - kaldo - INFO - Completed IBZ k-point 2640/3375 (index 927)
2026-06-14 01:53:45,991 - kaldo - INFO - Completed IBZ k-point 2641/3375 (index 2012)
2026-06-14 01:53:45,991 - kaldo - INFO - Completed IBZ k-point 2642/3375 (index 1802)
2026-06-14 01:53:45,991 - kaldo - INFO - Completed IBZ k-point 2643/3375 (index 223)
2026-06-14 01:53:45,991 - kaldo - INFO - Completed IBZ k-point 2644/3375 (index 2784)
2026-06-14 01:53:45,991 - kaldo - INFO - Completed IBZ k-point 2645/3375 (index 294)
2026-06-14 01:53:45,991 - kaldo - INFO - Completed IBZ k-point 2646/3375 (index 413)
2026-06-14 01:53:45,991 - kaldo - INFO - Completed IBZ k-point 2647/3375 (index 1998)
2026-06-14 01:53:45,991 - kaldo - INFO - Completed IBZ k-point 2648/3375 (index 2787)
2026-06-14 01:53:45,991 - kaldo - INFO - Completed IBZ k-point 2649/3375 (index 850)
2026-06-14 01:53:45,991 - kaldo - INFO - Completed IBZ k-point 2650/3375 (index 466)
2026-06-14 01:53:45,991 - kaldo - INFO - Completed IBZ k-point 2651/3375 (index 291)
2026-06-14 01:53:45,991 - kaldo - INFO - Completed IBZ k-point 2652/3375 (index 563)
2026-06-14 01:53:45,991 - kaldo - INFO - Completed IBZ k-point 2653/3375 (index 836)
2026-06-14 01:53:45,991 - kaldo - INFO - Completed IBZ k-point 2654/3375 (index 402)
2026-06-14 01:53:45,991 - kaldo - INFO - Completed IBZ k-point 2655/3375 (index 1859)
2026-06-14 01:53:45,991 - kaldo - INFO - Completed IBZ k-point 2656/3375 (index 511)
2026-06-14 01:53:45,991 - kaldo - INFO - Completed IBZ k-point 2657/3375 (index 849)
2026-06-14 01:53:45,991 - kaldo - INFO - Completed IBZ k-point 2658/3375 (index 299)
2026-06-14 01:53:45,991 - kaldo - INFO - Completed IBZ k-point 2659/3375 (index 2789)
2026-06-14 01:53:45,991 - kaldo - INFO - Completed IBZ k-point 2660/3375 (index 348)
2026-06-14 01:53:45,991 - kaldo - INFO - Completed IBZ k-point 2661/3375 (index 2074)
2026-06-14 01:53:45,991 - kaldo - INFO - Completed IBZ k-point 2662/3375 (index 121)
2026-06-14 01:53:45,991 - kaldo - INFO - Completed IBZ k-point 2663/3375 (index 2094)
2026-06-14 01:53:45,991 - kaldo - INFO - Completed IBZ k-point 2664/3375 (index 427)
2026-06-14 01:53:45,991 - kaldo - INFO - Completed IBZ k-point 2665/3375 (index 2785)
2026-06-14 01:53:45,991 - kaldo - INFO - Completed IBZ k-point 2666/3375 (index 346)
2026-06-14 01:53:45,991 - kaldo - INFO - Completed IBZ k-point 2667/3375 (index 845)
2026-06-14 01:53:45,991 - kaldo - INFO - Completed IBZ k-point 2668/3375 (index 422)
2026-06-14 01:53:45,991 - kaldo - INFO - Completed IBZ k-point 2669/3375 (index 2143)
2026-06-14 01:53:45,991 - kaldo - INFO - Completed IBZ k-point 2670/3375 (index 3267)
2026-06-14 01:53:45,991 - kaldo - INFO - Completed IBZ k-point 2671/3375 (index 847)
2026-06-14 01:53:45,991 - kaldo - INFO - Completed IBZ k-point 2672/3375 (index 2129)
2026-06-14 01:53:45,991 - kaldo - INFO - Completed IBZ k-point 2673/3375 (index 12)
2026-06-14 01:53:45,991 - kaldo - INFO - Completed IBZ k-point 2674/3375 (index 2000)
2026-06-14 01:53:45,991 - kaldo - INFO - Completed IBZ k-point 2675/3375 (index 2786)
2026-06-14 01:53:45,991 - kaldo - INFO - Completed IBZ k-point 2676/3375 (index 2788)
2026-06-14 01:53:45,991 - kaldo - INFO - Completed IBZ k-point 2677/3375 (index 1008)
2026-06-14 01:53:45,991 - kaldo - INFO - Completed IBZ k-point 2678/3375 (index 559)
2026-06-14 01:53:45,991 - kaldo - INFO - Completed IBZ k-point 2679/3375 (index 246)
2026-06-14 01:53:45,992 - kaldo - INFO - Completed IBZ k-point 2680/3375 (index 8)
2026-06-14 01:53:45,992 - kaldo - INFO - Completed IBZ k-point 2681/3375 (index 2790)
2026-06-14 01:53:45,992 - kaldo - INFO - Completed IBZ k-point 2682/3375 (index 848)
2026-06-14 01:53:45,992 - kaldo - INFO - Completed IBZ k-point 2683/3375 (index 347)
2026-06-14 01:53:45,992 - kaldo - INFO - Completed IBZ k-point 2684/3375 (index 2113)
2026-06-14 01:53:45,992 - kaldo - INFO - Completed IBZ k-point 2685/3375 (index 221)
2026-06-14 01:53:45,992 - kaldo - INFO - Completed IBZ k-point 2686/3375 (index 2763)
2026-06-14 01:53:45,992 - kaldo - INFO - Completed IBZ k-point 2687/3375 (index 1856)
2026-06-14 01:53:45,992 - kaldo - INFO - Completed IBZ k-point 2688/3375 (index 830)
2026-06-14 01:53:45,992 - kaldo - INFO - Completed IBZ k-point 2689/3375 (index 403)
2026-06-14 01:53:45,992 - kaldo - INFO - Completed IBZ k-point 2690/3375 (index 852)
2026-06-14 01:53:45,992 - kaldo - INFO - Completed IBZ k-point 2691/3375 (index 843)
2026-06-14 01:53:45,992 - kaldo - INFO - Completed IBZ k-point 2692/3375 (index 344)
2026-06-14 01:53:45,992 - kaldo - INFO - Completed IBZ k-point 2693/3375 (index 514)
2026-06-14 01:53:45,992 - kaldo - INFO - Completed IBZ k-point 2694/3375 (index 537)
2026-06-14 01:53:45,992 - kaldo - INFO - Completed IBZ k-point 2695/3375 (index 560)
2026-06-14 01:53:45,992 - kaldo - INFO - Completed IBZ k-point 2696/3375 (index 253)
2026-06-14 01:53:45,992 - kaldo - INFO - Completed IBZ k-point 2697/3375 (index 3112)
2026-06-14 01:53:45,992 - kaldo - INFO - Completed IBZ k-point 2698/3375 (index 2745)
2026-06-14 01:53:45,992 - kaldo - INFO - Completed IBZ k-point 2699/3375 (index 586)
2026-06-14 01:53:45,992 - kaldo - INFO - Completed IBZ k-point 2700/3375 (index 3091)
2026-06-14 01:53:45,992 - kaldo - INFO - Completed IBZ k-point 2701/3375 (index 2446)
2026-06-14 01:53:45,992 - kaldo - INFO - Completed IBZ k-point 2702/3375 (index 1941)
2026-06-14 01:53:45,992 - kaldo - INFO - Completed IBZ k-point 2703/3375 (index 1299)
2026-06-14 01:53:45,992 - kaldo - INFO - Completed IBZ k-point 2704/3375 (index 3077)
2026-06-14 01:53:45,992 - kaldo - INFO - Completed IBZ k-point 2705/3375 (index 2426)
2026-06-14 01:53:45,992 - kaldo - INFO - Completed IBZ k-point 2706/3375 (index 1296)
2026-06-14 01:53:45,992 - kaldo - INFO - Completed IBZ k-point 2707/3375 (index 2031)
2026-06-14 01:53:45,992 - kaldo - INFO - Completed IBZ k-point 2708/3375 (index 3109)
2026-06-14 01:53:45,992 - kaldo - INFO - Completed IBZ k-point 2709/3375 (index 2746)
2026-06-14 01:53:45,992 - kaldo - INFO - Completed IBZ k-point 2710/3375 (index 1570)
2026-06-14 01:53:45,992 - kaldo - INFO - Completed IBZ k-point 2711/3375 (index 3094)
2026-06-14 01:53:45,992 - kaldo - INFO - Completed IBZ k-point 2712/3375 (index 1970)
2026-06-14 01:53:45,992 - kaldo - INFO - Completed IBZ k-point 2713/3375 (index 1270)
2026-06-14 01:53:45,992 - kaldo - INFO - Completed IBZ k-point 2714/3375 (index 2747)
2026-06-14 01:53:45,992 - kaldo - INFO - Completed IBZ k-point 2715/3375 (index 1357)
2026-06-14 01:53:45,992 - kaldo - INFO - Completed IBZ k-point 2716/3375 (index 3252)
2026-06-14 01:53:45,992 - kaldo - INFO - Completed IBZ k-point 2717/3375 (index 3018)
2026-06-14 01:53:45,992 - kaldo - INFO - Completed IBZ k-point 2718/3375 (index 350)
2026-06-14 01:53:45,992 - kaldo - INFO - Completed IBZ k-point 2719/3375 (index 2431)
2026-06-14 01:53:45,992 - kaldo - INFO - Completed IBZ k-point 2720/3375 (index 367)
2026-06-14 01:53:45,992 - kaldo - INFO - Completed IBZ k-point 2721/3375 (index 2744)
2026-06-14 01:53:45,992 - kaldo - INFO - Completed IBZ k-point 2722/3375 (index 582)
2026-06-14 01:53:45,992 - kaldo - INFO - Completed IBZ k-point 2723/3375 (index 3061)
2026-06-14 01:53:45,992 - kaldo - INFO - Completed IBZ k-point 2724/3375 (index 2230)
2026-06-14 01:53:45,992 - kaldo - INFO - Completed IBZ k-point 2725/3375 (index 1957)
2026-06-14 01:53:45,992 - kaldo - INFO - Completed IBZ k-point 2726/3375 (index 1276)
2026-06-14 01:53:45,992 - kaldo - INFO - Completed IBZ k-point 2727/3375 (index 366)
2026-06-14 01:53:45,992 - kaldo - INFO - Completed IBZ k-point 2728/3375 (index 3064)
2026-06-14 01:53:45,992 - kaldo - INFO - Completed IBZ k-point 2729/3375 (index 1974)
2026-06-14 01:53:45,992 - kaldo - INFO - Completed IBZ k-point 2730/3375 (index 3017)
2026-06-14 01:53:45,992 - kaldo - INFO - Completed IBZ k-point 2731/3375 (index 2239)
2026-06-14 01:53:45,992 - kaldo - INFO - Completed IBZ k-point 2732/3375 (index 3057)
2026-06-14 01:53:45,992 - kaldo - INFO - Completed IBZ k-point 2733/3375 (index 1256)
2026-06-14 01:53:45,992 - kaldo - INFO - Completed IBZ k-point 2734/3375 (index 3067)
2026-06-14 01:53:45,992 - kaldo - INFO - Completed IBZ k-point 2735/3375 (index 2436)
2026-06-14 01:53:45,993 - kaldo - INFO - Completed IBZ k-point 2736/3375 (index 1314)
2026-06-14 01:53:45,993 - kaldo - INFO - Completed IBZ k-point 2737/3375 (index 2742)
2026-06-14 01:53:45,993 - kaldo - INFO - Completed IBZ k-point 2738/3375 (index 558)
2026-06-14 01:53:45,993 - kaldo - INFO - Completed IBZ k-point 2739/3375 (index 2430)
2026-06-14 01:53:45,993 - kaldo - INFO - Completed IBZ k-point 2740/3375 (index 2044)
2026-06-14 01:53:45,993 - kaldo - INFO - Completed IBZ k-point 2741/3375 (index 3247)
2026-06-14 01:53:45,993 - kaldo - INFO - Completed IBZ k-point 2742/3375 (index 2418)
2026-06-14 01:53:45,993 - kaldo - INFO - Completed IBZ k-point 2743/3375 (index 2156)
2026-06-14 01:53:45,993 - kaldo - INFO - Completed IBZ k-point 2744/3375 (index 2023)
2026-06-14 01:53:45,993 - kaldo - INFO - Completed IBZ k-point 2745/3375 (index 3059)
2026-06-14 01:53:45,993 - kaldo - INFO - Completed IBZ k-point 2746/3375 (index 1344)
2026-06-14 01:53:45,993 - kaldo - INFO - Completed IBZ k-point 2747/3375 (index 2723)
2026-06-14 01:53:45,993 - kaldo - INFO - Completed IBZ k-point 2748/3375 (index 2414)
2026-06-14 01:53:45,993 - kaldo - INFO - Completed IBZ k-point 2749/3375 (index 2237)
2026-06-14 01:53:45,993 - kaldo - INFO - Completed IBZ k-point 2750/3375 (index 2415)
2026-06-14 01:53:45,993 - kaldo - INFO - Completed IBZ k-point 2751/3375 (index 3250)
2026-06-14 01:53:45,993 - kaldo - INFO - Completed IBZ k-point 2752/3375 (index 2411)
2026-06-14 01:53:45,993 - kaldo - INFO - Completed IBZ k-point 2753/3375 (index 1327)
2026-06-14 01:53:45,993 - kaldo - INFO - Completed IBZ k-point 2754/3375 (index 2232)
2026-06-14 01:53:45,993 - kaldo - INFO - Completed IBZ k-point 2755/3375 (index 1645)
2026-06-14 01:53:45,993 - kaldo - INFO - Completed IBZ k-point 2756/3375 (index 584)
2026-06-14 01:53:45,993 - kaldo - INFO - Completed IBZ k-point 2757/3375 (index 1268)
2026-06-14 01:53:45,993 - kaldo - INFO - Completed IBZ k-point 2758/3375 (index 2413)
2026-06-14 01:53:45,993 - kaldo - INFO - Completed IBZ k-point 2759/3375 (index 1972)
2026-06-14 01:53:45,993 - kaldo - INFO - Completed IBZ k-point 2760/3375 (index 2717)
2026-06-14 01:53:45,993 - kaldo - INFO - Completed IBZ k-point 2761/3375 (index 3251)
2026-06-14 01:53:45,993 - kaldo - INFO - Completed IBZ k-point 2762/3375 (index 1310)
2026-06-14 01:53:45,993 - kaldo - INFO - Completed IBZ k-point 2763/3375 (index 2416)
2026-06-14 01:53:45,993 - kaldo - INFO - Completed IBZ k-point 2764/3375 (index 3113)
2026-06-14 01:53:45,993 - kaldo - INFO - Completed IBZ k-point 2765/3375 (index 1961)
2026-06-14 01:53:45,993 - kaldo - INFO - Completed IBZ k-point 2766/3375 (index 1309)
2026-06-14 01:53:45,993 - kaldo - INFO - Completed IBZ k-point 2767/3375 (index 3239)
2026-06-14 01:53:45,993 - kaldo - INFO - Completed IBZ k-point 2768/3375 (index 3118)
2026-06-14 01:53:45,993 - kaldo - INFO - Completed IBZ k-point 2769/3375 (index 3041)
2026-06-14 01:53:45,993 - kaldo - INFO - Completed IBZ k-point 2770/3375 (index 2404)
2026-06-14 01:53:45,993 - kaldo - INFO - Completed IBZ k-point 2771/3375 (index 1939)
2026-06-14 01:53:45,993 - kaldo - INFO - Completed IBZ k-point 2772/3375 (index 3110)
2026-06-14 01:53:45,993 - kaldo - INFO - Completed IBZ k-point 2773/3375 (index 2417)
2026-06-14 01:53:45,993 - kaldo - INFO - Completed IBZ k-point 2774/3375 (index 1326)
2026-06-14 01:53:45,993 - kaldo - INFO - Completed IBZ k-point 2775/3375 (index 546)
2026-06-14 01:53:45,993 - kaldo - INFO - Completed IBZ k-point 2776/3375 (index 2710)
2026-06-14 01:53:45,993 - kaldo - INFO - Completed IBZ k-point 2777/3375 (index 3048)
2026-06-14 01:53:45,993 - kaldo - INFO - Completed IBZ k-point 2778/3375 (index 2408)
2026-06-14 01:53:45,993 - kaldo - INFO - Completed IBZ k-point 2779/3375 (index 1963)
2026-06-14 01:53:45,993 - kaldo - INFO - Completed IBZ k-point 2780/3375 (index 3119)
2026-06-14 01:53:45,993 - kaldo - INFO - Completed IBZ k-point 2781/3375 (index 2709)
2026-06-14 01:53:45,993 - kaldo - INFO - Completed IBZ k-point 2782/3375 (index 3234)
2026-06-14 01:53:45,993 - kaldo - INFO - Completed IBZ k-point 2783/3375 (index 3111)
2026-06-14 01:53:45,993 - kaldo - INFO - Completed IBZ k-point 2784/3375 (index 2435)
2026-06-14 01:53:45,993 - kaldo - INFO - Completed IBZ k-point 2785/3375 (index 1989)
2026-06-14 01:53:45,993 - kaldo - INFO - Completed IBZ k-point 2786/3375 (index 1336)
2026-06-14 01:53:45,993 - kaldo - INFO - Completed IBZ k-point 2787/3375 (index 1321)
2026-06-14 01:53:45,993 - kaldo - INFO - Completed IBZ k-point 2788/3375 (index 2220)
2026-06-14 01:53:45,993 - kaldo - INFO - Completed IBZ k-point 2789/3375 (index 4)
2026-06-14 01:53:45,993 - kaldo - INFO - Completed IBZ k-point 2790/3375 (index 1345)
2026-06-14 01:53:45,993 - kaldo - INFO - Completed IBZ k-point 2791/3375 (index 2434)
2026-06-14 01:53:45,993 - kaldo - INFO - Completed IBZ k-point 2792/3375 (index 2076)
2026-06-14 01:53:45,994 - kaldo - INFO - Completed IBZ k-point 2793/3375 (index 1973)
2026-06-14 01:53:45,994 - kaldo - INFO - Completed IBZ k-point 2794/3375 (index 3068)
2026-06-14 01:53:45,994 - kaldo - INFO - Completed IBZ k-point 2795/3375 (index 1956)
2026-06-14 01:53:45,994 - kaldo - INFO - Completed IBZ k-point 2796/3375 (index 3232)
2026-06-14 01:53:45,994 - kaldo - INFO - Completed IBZ k-point 2797/3375 (index 534)
2026-06-14 01:53:45,994 - kaldo - INFO - Completed IBZ k-point 2798/3375 (index 2412)
2026-06-14 01:53:45,994 - kaldo - INFO - Completed IBZ k-point 2799/3375 (index 1374)
2026-06-14 01:53:45,994 - kaldo - INFO - Completed IBZ k-point 2800/3375 (index 3060)
2026-06-14 01:53:45,994 - kaldo - INFO - Completed IBZ k-point 2801/3375 (index 1343)
2026-06-14 01:53:45,994 - kaldo - INFO - Completed IBZ k-point 2802/3375 (index 3102)
2026-06-14 01:53:45,994 - kaldo - INFO - Completed IBZ k-point 2803/3375 (index 2399)
2026-06-14 01:53:45,994 - kaldo - INFO - Completed IBZ k-point 2804/3375 (index 1259)
2026-06-14 01:53:45,994 - kaldo - INFO - Completed IBZ k-point 2805/3375 (index 2403)
2026-06-14 01:53:45,994 - kaldo - INFO - Completed IBZ k-point 2806/3375 (index 2395)
2026-06-14 01:53:45,994 - kaldo - INFO - Completed IBZ k-point 2807/3375 (index 1363)
2026-06-14 01:53:45,994 - kaldo - INFO - Completed IBZ k-point 2808/3375 (index 3040)
2026-06-14 01:53:45,994 - kaldo - INFO - Completed IBZ k-point 2809/3375 (index 2419)
2026-06-14 01:53:45,994 - kaldo - INFO - Completed IBZ k-point 2810/3375 (index 3233)
2026-06-14 01:53:45,994 - kaldo - INFO - Completed IBZ k-point 2811/3375 (index 2394)
2026-06-14 01:53:45,994 - kaldo - INFO - Completed IBZ k-point 2812/3375 (index 2561)
2026-06-14 01:53:45,994 - kaldo - INFO - Completed IBZ k-point 2813/3375 (index 2407)
2026-06-14 01:53:45,994 - kaldo - INFO - Completed IBZ k-point 2814/3375 (index 106)
2026-06-14 01:53:45,994 - kaldo - INFO - Completed IBZ k-point 2815/3375 (index 2390)
2026-06-14 01:53:45,994 - kaldo - INFO - Completed IBZ k-point 2816/3375 (index 1960)
2026-06-14 01:53:45,994 - kaldo - INFO - Completed IBZ k-point 2817/3375 (index 1308)
2026-06-14 01:53:45,994 - kaldo - INFO - Completed IBZ k-point 2818/3375 (index 3079)
2026-06-14 01:53:45,994 - kaldo - INFO - Completed IBZ k-point 2819/3375 (index 2438)
2026-06-14 01:53:45,994 - kaldo - INFO - Completed IBZ k-point 2820/3375 (index 1962)
2026-06-14 01:53:45,994 - kaldo - INFO - Completed IBZ k-point 2821/3375 (index 3211)
2026-06-14 01:53:45,994 - kaldo - INFO - Completed IBZ k-point 2822/3375 (index 1664)
2026-06-14 01:53:45,994 - kaldo - INFO - Completed IBZ k-point 2823/3375 (index 2563)
2026-06-14 01:53:45,994 - kaldo - INFO - Completed IBZ k-point 2824/3375 (index 2384)
2026-06-14 01:53:45,994 - kaldo - INFO - Completed IBZ k-point 2825/3375 (index 1286)
2026-06-14 01:53:45,994 - kaldo - INFO - Completed IBZ k-point 2826/3375 (index 3062)
2026-06-14 01:53:45,994 - kaldo - INFO - Completed IBZ k-point 2827/3375 (index 1330)
2026-06-14 01:53:45,994 - kaldo - INFO - Completed IBZ k-point 2828/3375 (index 2562)
2026-06-14 01:53:45,994 - kaldo - INFO - Completed IBZ k-point 2829/3375 (index 1903)
2026-06-14 01:53:45,994 - kaldo - INFO - Completed IBZ k-point 2830/3375 (index 3072)
2026-06-14 01:53:45,994 - kaldo - INFO - Completed IBZ k-point 2831/3375 (index 1281)
2026-06-14 01:53:45,994 - kaldo - INFO - Completed IBZ k-point 2832/3375 (index 1287)
2026-06-14 01:53:45,994 - kaldo - INFO - Completed IBZ k-point 2833/3375 (index 2391)
2026-06-14 01:53:45,994 - kaldo - INFO - Completed IBZ k-point 2834/3375 (index 1313)
2026-06-14 01:53:45,994 - kaldo - INFO - Completed IBZ k-point 2835/3375 (index 393)
2026-06-14 01:53:45,994 - kaldo - INFO - Completed IBZ k-point 2836/3375 (index 2388)
2026-06-14 01:53:45,994 - kaldo - INFO - Completed IBZ k-point 2837/3375 (index 3212)
2026-06-14 01:53:45,994 - kaldo - INFO - Completed IBZ k-point 2838/3375 (index 2377)
2026-06-14 01:53:45,994 - kaldo - INFO - Completed IBZ k-point 2839/3375 (index 1776)
2026-06-14 01:53:45,994 - kaldo - INFO - Completed IBZ k-point 2840/3375 (index 2704)
2026-06-14 01:53:45,994 - kaldo - INFO - Completed IBZ k-point 2841/3375 (index 3089)
2026-06-14 01:53:45,994 - kaldo - INFO - Completed IBZ k-point 2842/3375 (index 2410)
2026-06-14 01:53:45,994 - kaldo - INFO - Completed IBZ k-point 2843/3375 (index 1964)
2026-06-14 01:53:45,994 - kaldo - INFO - Completed IBZ k-point 2844/3375 (index 3023)
2026-06-14 01:53:45,994 - kaldo - INFO - Completed IBZ k-point 2845/3375 (index 1297)
2026-06-14 01:53:45,994 - kaldo - INFO - Completed IBZ k-point 2846/3375 (index 3231)
2026-06-14 01:53:45,994 - kaldo - INFO - Completed IBZ k-point 2847/3375 (index 1410)
2026-06-14 01:53:45,994 - kaldo - INFO - Completed IBZ k-point 2848/3375 (index 3210)
2026-06-14 01:53:45,994 - kaldo - INFO - Completed IBZ k-point 2849/3375 (index 2543)
2026-06-14 01:53:45,995 - kaldo - INFO - Completed IBZ k-point 2850/3375 (index 2079)
2026-06-14 01:53:45,995 - kaldo - INFO - Completed IBZ k-point 2851/3375 (index 2441)
2026-06-14 01:53:45,995 - kaldo - INFO - Completed IBZ k-point 2852/3375 (index 1283)
2026-06-14 01:53:45,995 - kaldo - INFO - Completed IBZ k-point 2853/3375 (index 2385)
2026-06-14 01:53:45,995 - kaldo - INFO - Completed IBZ k-point 2854/3375 (index 1293)
2026-06-14 01:53:45,995 - kaldo - INFO - Completed IBZ k-point 2855/3375 (index 3214)
2026-06-14 01:53:45,995 - kaldo - INFO - Completed IBZ k-point 2856/3375 (index 3099)
2026-06-14 01:53:45,995 - kaldo - INFO - Completed IBZ k-point 2857/3375 (index 2382)
2026-06-14 01:53:45,995 - kaldo - INFO - Completed IBZ k-point 2858/3375 (index 1965)
2026-06-14 01:53:45,995 - kaldo - INFO - Completed IBZ k-point 2859/3375 (index 3035)
2026-06-14 01:53:45,995 - kaldo - INFO - Completed IBZ k-point 2860/3375 (index 1273)
2026-06-14 01:53:45,995 - kaldo - INFO - Completed IBZ k-point 2861/3375 (index 3078)
2026-06-14 01:53:45,995 - kaldo - INFO - Completed IBZ k-point 2862/3375 (index 364)
2026-06-14 01:53:45,995 - kaldo - INFO - Completed IBZ k-point 2863/3375 (index 2542)
2026-06-14 01:53:45,995 - kaldo - INFO - Completed IBZ k-point 2864/3375 (index 2095)
2026-06-14 01:53:45,995 - kaldo - INFO - Completed IBZ k-point 2865/3375 (index 1556)
2026-06-14 01:53:45,995 - kaldo - INFO - Completed IBZ k-point 2866/3375 (index 3116)
2026-06-14 01:53:45,995 - kaldo - INFO - Completed IBZ k-point 2867/3375 (index 2400)
2026-06-14 01:53:45,995 - kaldo - INFO - Completed IBZ k-point 2868/3375 (index 3008)
2026-06-14 01:53:45,995 - kaldo - INFO - Completed IBZ k-point 2869/3375 (index 26)
2026-06-14 01:53:45,995 - kaldo - INFO - Completed IBZ k-point 2870/3375 (index 2161)
2026-06-14 01:53:45,995 - kaldo - INFO - Completed IBZ k-point 2871/3375 (index 1341)
2026-06-14 01:53:45,995 - kaldo - INFO - Completed IBZ k-point 2872/3375 (index 2544)
2026-06-14 01:53:45,995 - kaldo - INFO - Completed IBZ k-point 2873/3375 (index 3087)
2026-06-14 01:53:45,995 - kaldo - INFO - Completed IBZ k-point 2874/3375 (index 3238)
2026-06-14 01:53:45,995 - kaldo - INFO - Completed IBZ k-point 2875/3375 (index 2702)
2026-06-14 01:53:45,995 - kaldo - INFO - Completed IBZ k-point 2876/3375 (index 1370)
2026-06-14 01:53:45,995 - kaldo - INFO - Completed IBZ k-point 2877/3375 (index 2392)
2026-06-14 01:53:45,995 - kaldo - INFO - Completed IBZ k-point 2878/3375 (index 2121)
2026-06-14 01:53:45,995 - kaldo - INFO - Completed IBZ k-point 2879/3375 (index 3086)
2026-06-14 01:53:45,995 - kaldo - INFO - Completed IBZ k-point 2880/3375 (index 3215)
2026-06-14 01:53:45,995 - kaldo - INFO - Completed IBZ k-point 2881/3375 (index 1945)
2026-06-14 01:53:45,995 - kaldo - INFO - Completed IBZ k-point 2882/3375 (index 2705)
2026-06-14 01:53:45,995 - kaldo - INFO - Completed IBZ k-point 2883/3375 (index 2195)
2026-06-14 01:53:45,995 - kaldo - INFO - Completed IBZ k-point 2884/3375 (index 1408)
2026-06-14 01:53:45,995 - kaldo - INFO - Completed IBZ k-point 2885/3375 (index 2104)
2026-06-14 01:53:45,995 - kaldo - INFO - Completed IBZ k-point 2886/3375 (index 1263)
2026-06-14 01:53:45,995 - kaldo - INFO - Completed IBZ k-point 2887/3375 (index 2386)
2026-06-14 01:53:45,995 - kaldo - INFO - Completed IBZ k-point 2888/3375 (index 1975)
2026-06-14 01:53:45,995 - kaldo - INFO - Completed IBZ k-point 2889/3375 (index 1254)
2026-06-14 01:53:45,995 - kaldo - INFO - Completed IBZ k-point 2890/3375 (index 3206)
2026-06-14 01:53:45,995 - kaldo - INFO - Completed IBZ k-point 2891/3375 (index 2506)
2026-06-14 01:53:45,995 - kaldo - INFO - Completed IBZ k-point 2892/3375 (index 1409)
2026-06-14 01:53:45,995 - kaldo - INFO - Completed IBZ k-point 2893/3375 (index 2067)
2026-06-14 01:53:45,995 - kaldo - INFO - Completed IBZ k-point 2894/3375 (index 2433)
2026-06-14 01:53:45,995 - kaldo - INFO - Completed IBZ k-point 2895/3375 (index 3213)
2026-06-14 01:53:45,995 - kaldo - INFO - Completed IBZ k-point 2896/3375 (index 1594)
2026-06-14 01:53:45,995 - kaldo - INFO - Completed IBZ k-point 2897/3375 (index 521)
2026-06-14 01:53:45,995 - kaldo - INFO - Completed IBZ k-point 2898/3375 (index 2080)
2026-06-14 01:53:45,995 - kaldo - INFO - Completed IBZ k-point 2899/3375 (index 1323)
2026-06-14 01:53:45,995 - kaldo - INFO - Completed IBZ k-point 2900/3375 (index 526)
2026-06-14 01:53:45,995 - kaldo - INFO - Completed IBZ k-point 2901/3375 (index 3055)
2026-06-14 01:53:45,995 - kaldo - INFO - Completed IBZ k-point 2902/3375 (index 2048)
2026-06-14 01:53:45,995 - kaldo - INFO - Completed IBZ k-point 2903/3375 (index 2370)
2026-06-14 01:53:45,995 - kaldo - INFO - Completed IBZ k-point 2904/3375 (index 1269)
2026-06-14 01:53:45,995 - kaldo - INFO - Completed IBZ k-point 2905/3375 (index 355)
2026-06-14 01:53:45,995 - kaldo - INFO - Completed IBZ k-point 2906/3375 (index 3204)
2026-06-14 01:53:45,995 - kaldo - INFO - Completed IBZ k-point 2907/3375 (index 2344)
2026-06-14 01:53:45,996 - kaldo - INFO - Completed IBZ k-point 2908/3375 (index 2349)
2026-06-14 01:53:45,996 - kaldo - INFO - Completed IBZ k-point 2909/3375 (index 2139)
2026-06-14 01:53:45,996 - kaldo - INFO - Completed IBZ k-point 2910/3375 (index 520)
2026-06-14 01:53:45,996 - kaldo - INFO - Completed IBZ k-point 2911/3375 (index 3052)
2026-06-14 01:53:45,996 - kaldo - INFO - Completed IBZ k-point 2912/3375 (index 2367)
2026-06-14 01:53:45,996 - kaldo - INFO - Completed IBZ k-point 2913/3375 (index 3051)
2026-06-14 01:53:45,996 - kaldo - INFO - Completed IBZ k-point 2914/3375 (index 2360)
2026-06-14 01:53:45,996 - kaldo - INFO - Completed IBZ k-point 2915/3375 (index 1943)
2026-06-14 01:53:45,996 - kaldo - INFO - Completed IBZ k-point 2916/3375 (index 2668)
2026-06-14 01:53:45,996 - kaldo - INFO - Completed IBZ k-point 2917/3375 (index 2235)
2026-06-14 01:53:45,996 - kaldo - INFO - Completed IBZ k-point 2918/3375 (index 9)
2026-06-14 01:53:45,996 - kaldo - INFO - Completed IBZ k-point 2919/3375 (index 3205)
2026-06-14 01:53:45,996 - kaldo - INFO - Completed IBZ k-point 2920/3375 (index 2228)
2026-06-14 01:53:45,996 - kaldo - INFO - Completed IBZ k-point 2921/3375 (index 3065)
2026-06-14 01:53:45,996 - kaldo - INFO - Completed IBZ k-point 2922/3375 (index 2355)
2026-06-14 01:53:45,996 - kaldo - INFO - Completed IBZ k-point 2923/3375 (index 369)
2026-06-14 01:53:45,996 - kaldo - INFO - Completed IBZ k-point 2924/3375 (index 3209)
2026-06-14 01:53:45,996 - kaldo - INFO - Completed IBZ k-point 2925/3375 (index 1331)
2026-06-14 01:53:45,996 - kaldo - INFO - Completed IBZ k-point 2926/3375 (index 2351)
2026-06-14 01:53:45,996 - kaldo - INFO - Completed IBZ k-point 2927/3375 (index 1771)
2026-06-14 01:53:45,996 - kaldo - INFO - Completed IBZ k-point 2928/3375 (index 195)
2026-06-14 01:53:45,996 - kaldo - INFO - Completed IBZ k-point 2929/3375 (index 1361)
2026-06-14 01:53:45,996 - kaldo - INFO - Completed IBZ k-point 2930/3375 (index 2401)
2026-06-14 01:53:45,996 - kaldo - INFO - Completed IBZ k-point 2931/3375 (index 2353)
2026-06-14 01:53:45,996 - kaldo - INFO - Completed IBZ k-point 2932/3375 (index 1967)
2026-06-14 01:53:45,996 - kaldo - INFO - Completed IBZ k-point 2933/3375 (index 3202)
2026-06-14 01:53:45,996 - kaldo - INFO - Completed IBZ k-point 2934/3375 (index 2361)
2026-06-14 01:53:45,996 - kaldo - INFO - Completed IBZ k-point 2935/3375 (index 2231)
2026-06-14 01:53:45,996 - kaldo - INFO - Completed IBZ k-point 2936/3375 (index 527)
2026-06-14 01:53:45,996 - kaldo - INFO - Completed IBZ k-point 2937/3375 (index 3108)
2026-06-14 01:53:45,996 - kaldo - INFO - Completed IBZ k-point 2938/3375 (index 1955)
2026-06-14 01:53:45,996 - kaldo - INFO - Completed IBZ k-point 2939/3375 (index 2357)
2026-06-14 01:53:45,996 - kaldo - INFO - Completed IBZ k-point 2940/3375 (index 1337)
2026-06-14 01:53:45,996 - kaldo - INFO - Completed IBZ k-point 2941/3375 (index 2667)
2026-06-14 01:53:45,996 - kaldo - INFO - Completed IBZ k-point 2942/3375 (index 2131)
2026-06-14 01:53:45,996 - kaldo - INFO - Completed IBZ k-point 2943/3375 (index 2666)
2026-06-14 01:53:45,996 - kaldo - INFO - Completed IBZ k-point 2944/3375 (index 2149)
2026-06-14 01:53:45,996 - kaldo - INFO - Completed IBZ k-point 2945/3375 (index 107)
2026-06-14 01:53:45,996 - kaldo - INFO - Completed IBZ k-point 2946/3375 (index 2374)
2026-06-14 01:53:45,996 - kaldo - INFO - Completed IBZ k-point 2947/3375 (index 2035)
2026-06-14 01:53:45,996 - kaldo - INFO - Completed IBZ k-point 2948/3375 (index 361)
2026-06-14 01:53:45,996 - kaldo - INFO - Completed IBZ k-point 2949/3375 (index 2358)
2026-06-14 01:53:45,996 - kaldo - INFO - Completed IBZ k-point 2950/3375 (index 3201)
2026-06-14 01:53:45,996 - kaldo - INFO - Completed IBZ k-point 2951/3375 (index 2132)
2026-06-14 01:53:45,996 - kaldo - INFO - Completed IBZ k-point 2952/3375 (index 476)
2026-06-14 01:53:45,996 - kaldo - INFO - Completed IBZ k-point 2953/3375 (index 3208)
2026-06-14 01:53:45,996 - kaldo - INFO - Completed IBZ k-point 2954/3375 (index 3082)
2026-06-14 01:53:45,996 - kaldo - INFO - Completed IBZ k-point 2955/3375 (index 2373)
2026-06-14 01:53:45,996 - kaldo - INFO - Completed IBZ k-point 2956/3375 (index 1260)
2026-06-14 01:53:45,996 - kaldo - INFO - Completed IBZ k-point 2957/3375 (index 3007)
2026-06-14 01:53:45,996 - kaldo - INFO - Completed IBZ k-point 2958/3375 (index 1291)
2026-06-14 01:53:45,996 - kaldo - INFO - Completed IBZ k-point 2959/3375 (index 3203)
2026-06-14 01:53:45,996 - kaldo - INFO - Completed IBZ k-point 2960/3375 (index 2227)
2026-06-14 01:53:45,996 - kaldo - INFO - Completed IBZ k-point 2961/3375 (index 3101)
2026-06-14 01:53:45,996 - kaldo - INFO - Completed IBZ k-point 2962/3375 (index 3058)
2026-06-14 01:53:45,996 - kaldo - INFO - Completed IBZ k-point 2963/3375 (index 477)
2026-06-14 01:53:45,996 - kaldo - INFO - Completed IBZ k-point 2964/3375 (index 2442)
2026-06-14 01:53:45,997 - kaldo - INFO - Completed IBZ k-point 2965/3375 (index 1936)
2026-06-14 01:53:45,997 - kaldo - INFO - Completed IBZ k-point 2966/3375 (index 1320)
2026-06-14 01:53:45,997 - kaldo - INFO - Completed IBZ k-point 2967/3375 (index 2372)
2026-06-14 01:53:45,997 - kaldo - INFO - Completed IBZ k-point 2968/3375 (index 1274)
2026-06-14 01:53:45,997 - kaldo - INFO - Completed IBZ k-point 2969/3375 (index 362)
2026-06-14 01:53:45,997 - kaldo - INFO - Completed IBZ k-point 2970/3375 (index 3196)
2026-06-14 01:53:45,997 - kaldo - INFO - Completed IBZ k-point 2971/3375 (index 2661)
2026-06-14 01:53:45,997 - kaldo - INFO - Completed IBZ k-point 2972/3375 (index 2130)
2026-06-14 01:53:45,997 - kaldo - INFO - Completed IBZ k-point 2973/3375 (index 3069)
2026-06-14 01:53:45,997 - kaldo - INFO - Completed IBZ k-point 2974/3375 (index 2365)
2026-06-14 01:53:45,997 - kaldo - INFO - Completed IBZ k-point 2975/3375 (index 1271)
2026-06-14 01:53:45,997 - kaldo - INFO - Completed IBZ k-point 2976/3375 (index 3071)
2026-06-14 01:53:45,997 - kaldo - INFO - Completed IBZ k-point 2977/3375 (index 1289)
2026-06-14 01:53:45,997 - kaldo - INFO - Completed IBZ k-point 2978/3375 (index 2509)
2026-06-14 01:53:45,997 - kaldo - INFO - Completed IBZ k-point 2979/3375 (index 1383)
2026-06-14 01:53:45,997 - kaldo - INFO - Completed IBZ k-point 2980/3375 (index 491)
2026-06-14 01:53:45,997 - kaldo - INFO - Completed IBZ k-point 2981/3375 (index 3096)
2026-06-14 01:53:45,997 - kaldo - INFO - Completed IBZ k-point 2982/3375 (index 1932)
2026-06-14 01:53:45,997 - kaldo - INFO - Completed IBZ k-point 2983/3375 (index 3037)
2026-06-14 01:53:45,997 - kaldo - INFO - Completed IBZ k-point 2984/3375 (index 2350)
2026-06-14 01:53:45,997 - kaldo - INFO - Completed IBZ k-point 2985/3375 (index 1262)
2026-06-14 01:53:45,997 - kaldo - INFO - Completed IBZ k-point 2986/3375 (index 3063)
2026-06-14 01:53:45,997 - kaldo - INFO - Completed IBZ k-point 2987/3375 (index 3170)
2026-06-14 01:53:45,997 - kaldo - INFO - Completed IBZ k-point 2988/3375 (index 3073)
2026-06-14 01:53:45,997 - kaldo - INFO - Completed IBZ k-point 2989/3375 (index 2356)
2026-06-14 01:53:45,997 - kaldo - INFO - Completed IBZ k-point 2990/3375 (index 3075)
2026-06-14 01:53:45,997 - kaldo - INFO - Completed IBZ k-point 2991/3375 (index 2406)
2026-06-14 01:53:45,997 - kaldo - INFO - Completed IBZ k-point 2992/3375 (index 3197)
2026-06-14 01:53:45,997 - kaldo - INFO - Completed IBZ k-point 2993/3375 (index 2240)
2026-06-14 01:53:45,997 - kaldo - INFO - Completed IBZ k-point 2994/3375 (index 3076)
2026-06-14 01:53:45,997 - kaldo - INFO - Completed IBZ k-point 2995/3375 (index 2369)
2026-06-14 01:53:45,997 - kaldo - INFO - Completed IBZ k-point 2996/3375 (index 3088)
2026-06-14 01:53:45,997 - kaldo - INFO - Completed IBZ k-point 2997/3375 (index 2389)
2026-06-14 01:53:45,997 - kaldo - INFO - Completed IBZ k-point 2998/3375 (index 1282)
2026-06-14 01:53:45,997 - kaldo - INFO - Completed IBZ k-point 2999/3375 (index 3120)
2026-06-14 01:53:45,997 - kaldo - INFO - Completed IBZ k-point 3000/3375 (index 2368)
2026-06-14 01:53:45,997 - kaldo - INFO - Completed IBZ k-point 3001/3375 (index 1272)
2026-06-14 01:53:45,997 - kaldo - INFO - Completed IBZ k-point 3002/3375 (index 2657)
2026-06-14 01:53:45,997 - kaldo - INFO - Completed IBZ k-point 3003/3375 (index 2229)
2026-06-14 01:53:45,997 - kaldo - INFO - Completed IBZ k-point 3004/3375 (index 3085)
2026-06-14 01:53:45,997 - kaldo - INFO - Completed IBZ k-point 3005/3375 (index 1934)
2026-06-14 01:53:45,997 - kaldo - INFO - Completed IBZ k-point 3006/3375 (index 1279)
2026-06-14 01:53:45,997 - kaldo - INFO - Completed IBZ k-point 3007/3375 (index 3070)
2026-06-14 01:53:45,997 - kaldo - INFO - Completed IBZ k-point 3008/3375 (index 2359)
2026-06-14 01:53:45,997 - kaldo - INFO - Completed IBZ k-point 3009/3375 (index 3165)
2026-06-14 01:53:45,997 - kaldo - INFO - Completed IBZ k-point 3010/3375 (index 2656)
2026-06-14 01:53:45,997 - kaldo - INFO - Completed IBZ k-point 3011/3375 (index 2505)
2026-06-14 01:53:45,997 - kaldo - INFO - Completed IBZ k-point 3012/3375 (index 2090)
2026-06-14 01:53:45,997 - kaldo - INFO - Completed IBZ k-point 3013/3375 (index 1995)
2026-06-14 01:53:45,997 - kaldo - INFO - Completed IBZ k-point 3014/3375 (index 1929)
2026-06-14 01:53:45,997 - kaldo - INFO - Completed IBZ k-point 3015/3375 (index 475)
2026-06-14 01:53:45,997 - kaldo - INFO - Completed IBZ k-point 3016/3375 (index 1250)
2026-06-14 01:53:45,997 - kaldo - INFO - Completed IBZ k-point 3017/3375 (index 3198)
2026-06-14 01:53:45,997 - kaldo - INFO - Completed IBZ k-point 3018/3375 (index 1332)
2026-06-14 01:53:45,997 - kaldo - INFO - Completed IBZ k-point 3019/3375 (index 2508)
2026-06-14 01:53:45,997 - kaldo - INFO - Completed IBZ k-point 3020/3375 (index 2133)
2026-06-14 01:53:45,997 - kaldo - INFO - Completed IBZ k-point 3021/3375 (index 1469)
2026-06-14 01:53:45,997 - kaldo - INFO - Completed IBZ k-point 3022/3375 (index 3167)
2026-06-14 01:53:45,998 - kaldo - INFO - Completed IBZ k-point 3023/3375 (index 2033)
2026-06-14 01:53:45,998 - kaldo - INFO - Completed IBZ k-point 3024/3375 (index 1255)
2026-06-14 01:53:45,998 - kaldo - INFO - Completed IBZ k-point 3025/3375 (index 2051)
2026-06-14 01:53:45,998 - kaldo - INFO - Completed IBZ k-point 3026/3375 (index 1938)
2026-06-14 01:53:45,998 - kaldo - INFO - Completed IBZ k-point 3027/3375 (index 3169)
2026-06-14 01:53:45,998 - kaldo - INFO - Completed IBZ k-point 3028/3375 (index 16)
2026-06-14 01:53:45,998 - kaldo - INFO - Completed IBZ k-point 3029/3375 (index 3054)
2026-06-14 01:53:45,998 - kaldo - INFO - Completed IBZ k-point 3030/3375 (index 1334)
2026-06-14 01:53:45,998 - kaldo - INFO - Completed IBZ k-point 3031/3375 (index 1666)
2026-06-14 01:53:45,998 - kaldo - INFO - Completed IBZ k-point 3032/3375 (index 2142)
2026-06-14 01:53:45,998 - kaldo - INFO - Completed IBZ k-point 3033/3375 (index 1950)
2026-06-14 01:53:45,998 - kaldo - INFO - Completed IBZ k-point 3034/3375 (index 2500)
2026-06-14 01:53:45,998 - kaldo - INFO - Completed IBZ k-point 3035/3375 (index 2499)
2026-06-14 01:53:45,998 - kaldo - INFO - Completed IBZ k-point 3036/3375 (index 1564)
2026-06-14 01:53:45,998 - kaldo - INFO - Completed IBZ k-point 3037/3375 (index 2087)
2026-06-14 01:53:45,998 - kaldo - INFO - Completed IBZ k-point 3038/3375 (index 1665)
2026-06-14 01:53:45,998 - kaldo - INFO - Completed IBZ k-point 3039/3375 (index 487)
2026-06-14 01:53:45,998 - kaldo - INFO - Completed IBZ k-point 3040/3375 (index 2371)
2026-06-14 01:53:45,998 - kaldo - INFO - Completed IBZ k-point 3041/3375 (index 1183)
2026-06-14 01:53:45,998 - kaldo - INFO - Completed IBZ k-point 3042/3375 (index 357)
2026-06-14 01:53:45,998 - kaldo - INFO - Completed IBZ k-point 3043/3375 (index 2059)
2026-06-14 01:53:45,998 - kaldo - INFO - Completed IBZ k-point 3044/3375 (index 1952)
2026-06-14 01:53:45,998 - kaldo - INFO - Completed IBZ k-point 3045/3375 (index 1342)
2026-06-14 01:53:45,998 - kaldo - INFO - Completed IBZ k-point 3046/3375 (index 3083)
2026-06-14 01:53:45,998 - kaldo - INFO - Completed IBZ k-point 3047/3375 (index 2147)
2026-06-14 01:53:45,998 - kaldo - INFO - Completed IBZ k-point 3048/3375 (index 1324)
2026-06-14 01:53:45,998 - kaldo - INFO - Completed IBZ k-point 3049/3375 (index 3050)
2026-06-14 01:53:45,998 - kaldo - INFO - Completed IBZ k-point 3050/3375 (index 3004)
2026-06-14 01:53:45,998 - kaldo - INFO - Completed IBZ k-point 3051/3375 (index 2402)
2026-06-14 01:53:45,998 - kaldo - INFO - Completed IBZ k-point 3052/3375 (index 1988)
2026-06-14 01:53:45,998 - kaldo - INFO - Completed IBZ k-point 3053/3375 (index 2393)
2026-06-14 01:53:45,998 - kaldo - INFO - Completed IBZ k-point 3054/3375 (index 2041)
2026-06-14 01:53:45,998 - kaldo - INFO - Completed IBZ k-point 3055/3375 (index 1315)
2026-06-14 01:53:45,998 - kaldo - INFO - Completed IBZ k-point 3056/3375 (index 3164)
2026-06-14 01:53:45,998 - kaldo - INFO - Completed IBZ k-point 3057/3375 (index 2333)
2026-06-14 01:53:45,998 - kaldo - INFO - Completed IBZ k-point 3058/3375 (index 3044)
2026-06-14 01:53:45,998 - kaldo - INFO - Completed IBZ k-point 3059/3375 (index 2047)
2026-06-14 01:53:45,998 - kaldo - INFO - Completed IBZ k-point 3060/3375 (index 3006)
2026-06-14 01:53:45,998 - kaldo - INFO - Completed IBZ k-point 3061/3375 (index 1942)
2026-06-14 01:53:45,998 - kaldo - INFO - Completed IBZ k-point 3062/3375 (index 2354)
2026-06-14 01:53:45,998 - kaldo - INFO - Completed IBZ k-point 3063/3375 (index 2068)
2026-06-14 01:53:45,998 - kaldo - INFO - Completed IBZ k-point 3064/3375 (index 3158)
2026-06-14 01:53:45,998 - kaldo - INFO - Completed IBZ k-point 3065/3375 (index 2490)
2026-06-14 01:53:45,998 - kaldo - INFO - Completed IBZ k-point 3066/3375 (index 1599)
2026-06-14 01:53:45,998 - kaldo - INFO - Completed IBZ k-point 3067/3375 (index 2507)
2026-06-14 01:53:45,998 - kaldo - INFO - Completed IBZ k-point 3068/3375 (index 2443)
2026-06-14 01:53:45,998 - kaldo - INFO - Completed IBZ k-point 3069/3375 (index 1983)
2026-06-14 01:53:45,998 - kaldo - INFO - Completed IBZ k-point 3070/3375 (index 2336)
2026-06-14 01:53:45,998 - kaldo - INFO - Completed IBZ k-point 3071/3375 (index 1339)
2026-06-14 01:53:45,998 - kaldo - INFO - Completed IBZ k-point 3072/3375 (index 353)
2026-06-14 01:53:45,998 - kaldo - INFO - Completed IBZ k-point 3073/3375 (index 3100)
2026-06-14 01:53:45,998 - kaldo - INFO - Completed IBZ k-point 3074/3375 (index 2030)
2026-06-14 01:53:45,998 - kaldo - INFO - Completed IBZ k-point 3075/3375 (index 1166)
2026-06-14 01:53:45,998 - kaldo - INFO - Completed IBZ k-point 3076/3375 (index 2655)
2026-06-14 01:53:45,998 - kaldo - INFO - Completed IBZ k-point 3077/3375 (index 1543)
2026-06-14 01:53:45,998 - kaldo - INFO - Completed IBZ k-point 3078/3375 (index 2481)
2026-06-14 01:53:45,998 - kaldo - INFO - Completed IBZ k-point 3079/3375 (index 1561)
2026-06-14 01:53:45,998 - kaldo - INFO - Completed IBZ k-point 3080/3375 (index 515)
2026-06-14 01:53:45,999 - kaldo - INFO - Completed IBZ k-point 3081/3375 (index 3080)
2026-06-14 01:53:45,999 - kaldo - INFO - Completed IBZ k-point 3082/3375 (index 1249)
2026-06-14 01:53:45,999 - kaldo - INFO - Completed IBZ k-point 3083/3375 (index 2326)
2026-06-14 01:53:45,999 - kaldo - INFO - Completed IBZ k-point 3084/3375 (index 2352)
2026-06-14 01:53:45,999 - kaldo - INFO - Completed IBZ k-point 3085/3375 (index 3160)
2026-06-14 01:53:45,999 - kaldo - INFO - Completed IBZ k-point 3086/3375 (index 3114)
2026-06-14 01:53:45,999 - kaldo - INFO - Completed IBZ k-point 3087/3375 (index 1954)
2026-06-14 01:53:45,999 - kaldo - INFO - Completed IBZ k-point 3088/3375 (index 2334)
2026-06-14 01:53:45,999 - kaldo - INFO - Completed IBZ k-point 3089/3375 (index 2017)
2026-06-14 01:53:45,999 - kaldo - INFO - Completed IBZ k-point 3090/3375 (index 2145)
2026-06-14 01:53:45,999 - kaldo - INFO - Completed IBZ k-point 3091/3375 (index 3039)
2026-06-14 01:53:45,999 - kaldo - INFO - Completed IBZ k-point 3092/3375 (index 1338)
2026-06-14 01:53:45,999 - kaldo - INFO - Completed IBZ k-point 3093/3375 (index 2046)
2026-06-14 01:53:45,999 - kaldo - INFO - Completed IBZ k-point 3094/3375 (index 1311)
2026-06-14 01:53:45,999 - kaldo - INFO - Completed IBZ k-point 3095/3375 (index 2101)
2026-06-14 01:53:45,999 - kaldo - INFO - Completed IBZ k-point 3096/3375 (index 2332)
2026-06-14 01:53:45,999 - kaldo - INFO - Completed IBZ k-point 3097/3375 (index 461)
2026-06-14 01:53:45,999 - kaldo - INFO - Completed IBZ k-point 3098/3375 (index 3161)
2026-06-14 01:53:45,999 - kaldo - INFO - Completed IBZ k-point 3099/3375 (index 3074)
2026-06-14 01:53:45,999 - kaldo - INFO - Completed IBZ k-point 3100/3375 (index 3000)
2026-06-14 01:53:45,999 - kaldo - INFO - Completed IBZ k-point 3101/3375 (index 2317)
2026-06-14 01:53:45,999 - kaldo - INFO - Completed IBZ k-point 3102/3375 (index 2050)
2026-06-14 01:53:45,999 - kaldo - INFO - Completed IBZ k-point 3103/3375 (index 1295)
2026-06-14 01:53:45,999 - kaldo - INFO - Completed IBZ k-point 3104/3375 (index 2299)
2026-06-14 01:53:45,999 - kaldo - INFO - Completed IBZ k-point 3105/3375 (index 1362)
2026-06-14 01:53:45,999 - kaldo - INFO - Completed IBZ k-point 3106/3375 (index 341)
2026-06-14 01:53:45,999 - kaldo - INFO - Completed IBZ k-point 3107/3375 (index 2045)
2026-06-14 01:53:45,999 - kaldo - INFO - Completed IBZ k-point 3108/3375 (index 1937)
2026-06-14 01:53:45,999 - kaldo - INFO - Completed IBZ k-point 3109/3375 (index 3084)
2026-06-14 01:53:45,999 - kaldo - INFO - Completed IBZ k-point 3110/3375 (index 2322)
2026-06-14 01:53:45,999 - kaldo - INFO - Completed IBZ k-point 3111/3375 (index 1335)
2026-06-14 01:53:45,999 - kaldo - INFO - Completed IBZ k-point 3112/3375 (index 2890)
2026-06-14 01:53:45,999 - kaldo - INFO - Completed IBZ k-point 3113/3375 (index 2238)
2026-06-14 01:53:45,999 - kaldo - INFO - Completed IBZ k-point 3114/3375 (index 1340)
2026-06-14 01:53:45,999 - kaldo - INFO - Completed IBZ k-point 3115/3375 (index 3162)
2026-06-14 01:53:45,999 - kaldo - INFO - Completed IBZ k-point 3116/3375 (index 2471)
2026-06-14 01:53:45,999 - kaldo - INFO - Completed IBZ k-point 3117/3375 (index 2405)
2026-06-14 01:53:45,999 - kaldo - INFO - Completed IBZ k-point 3118/3375 (index 2061)
2026-06-14 01:53:45,999 - kaldo - INFO - Completed IBZ k-point 3119/3375 (index 2126)
2026-06-14 01:53:45,999 - kaldo - INFO - Completed IBZ k-point 3120/3375 (index 3171)
2026-06-14 01:53:45,999 - kaldo - INFO - Completed IBZ k-point 3121/3375 (index 1649)
2026-06-14 01:53:45,999 - kaldo - INFO - Completed IBZ k-point 3122/3375 (index 3003)
2026-06-14 01:53:45,999 - kaldo - INFO - Completed IBZ k-point 3123/3375 (index 2043)
2026-06-14 01:53:45,999 - kaldo - INFO - Completed IBZ k-point 3124/3375 (index 1976)
2026-06-14 01:53:45,999 - kaldo - INFO - Completed IBZ k-point 3125/3375 (index 2327)
2026-06-14 01:53:45,999 - kaldo - INFO - Completed IBZ k-point 3126/3375 (index 1258)
2026-06-14 01:53:45,999 - kaldo - INFO - Completed IBZ k-point 3127/3375 (index 3092)
2026-06-14 01:53:45,999 - kaldo - INFO - Completed IBZ k-point 3128/3375 (index 2328)
2026-06-14 01:53:45,999 - kaldo - INFO - Completed IBZ k-point 3129/3375 (index 2057)
2026-06-14 01:53:45,999 - kaldo - INFO - Completed IBZ k-point 3130/3375 (index 3159)
2026-06-14 01:53:45,999 - kaldo - INFO - Completed IBZ k-point 3131/3375 (index 2314)
2026-06-14 01:53:45,999 - kaldo - INFO - Completed IBZ k-point 3132/3375 (index 2049)
2026-06-14 01:53:45,999 - kaldo - INFO - Completed IBZ k-point 3133/3375 (index 1322)
2026-06-14 01:53:45,999 - kaldo - INFO - Completed IBZ k-point 3134/3375 (index 3155)
2026-06-14 01:53:45,999 - kaldo - INFO - Completed IBZ k-point 3135/3375 (index 1555)
2026-06-14 01:53:45,999 - kaldo - INFO - Completed IBZ k-point 3136/3375 (index 547)
2026-06-14 01:53:45,999 - kaldo - INFO - Completed IBZ k-point 3137/3375 (index 3163)
2026-06-14 01:53:46,000 - kaldo - INFO - Completed IBZ k-point 3138/3375 (index 1643)
2026-06-14 01:53:46,000 - kaldo - INFO - Completed IBZ k-point 3139/3375 (index 2311)
2026-06-14 01:53:46,000 - kaldo - INFO - Completed IBZ k-point 3140/3375 (index 1948)
2026-06-14 01:53:46,000 - kaldo - INFO - Completed IBZ k-point 3141/3375 (index 1278)
2026-06-14 01:53:46,000 - kaldo - INFO - Completed IBZ k-point 3142/3375 (index 3166)
2026-06-14 01:53:46,000 - kaldo - INFO - Completed IBZ k-point 3143/3375 (index 3090)
2026-06-14 01:53:46,000 - kaldo - INFO - Completed IBZ k-point 3144/3375 (index 2284)
2026-06-14 01:53:46,000 - kaldo - INFO - Completed IBZ k-point 3145/3375 (index 3153)
2026-06-14 01:53:46,000 - kaldo - INFO - Completed IBZ k-point 3146/3375 (index 2461)
2026-06-14 01:53:46,000 - kaldo - INFO - Completed IBZ k-point 3147/3375 (index 1545)
2026-06-14 01:53:46,000 - kaldo - INFO - Completed IBZ k-point 3148/3375 (index 2638)
2026-06-14 01:53:46,000 - kaldo - INFO - Completed IBZ k-point 3149/3375 (index 2105)
2026-06-14 01:53:46,000 - kaldo - INFO - Completed IBZ k-point 3150/3375 (index 1662)
2026-06-14 01:53:46,000 - kaldo - INFO - Completed IBZ k-point 3151/3375 (index 2312)
2026-06-14 01:53:46,000 - kaldo - INFO - Completed IBZ k-point 3152/3375 (index 1184)
2026-06-14 01:53:46,000 - kaldo - INFO - Completed IBZ k-point 3153/3375 (index 1312)
2026-06-14 01:53:46,000 - kaldo - INFO - Completed IBZ k-point 3154/3375 (index 3148)
2026-06-14 01:53:46,000 - kaldo - INFO - Completed IBZ k-point 3155/3375 (index 1595)
2026-06-14 01:53:46,000 - kaldo - INFO - Completed IBZ k-point 3156/3375 (index 2462)
2026-06-14 01:53:46,000 - kaldo - INFO - Completed IBZ k-point 3157/3375 (index 2096)
2026-06-14 01:53:46,000 - kaldo - INFO - Completed IBZ k-point 3158/3375 (index 1597)
2026-06-14 01:53:46,000 - kaldo - INFO - Completed IBZ k-point 3159/3375 (index 2468)
2026-06-14 01:53:46,000 - kaldo - INFO - Completed IBZ k-point 3160/3375 (index 2019)
2026-06-14 01:53:46,000 - kaldo - INFO - Completed IBZ k-point 3161/3375 (index 1372)
2026-06-14 01:53:46,000 - kaldo - INFO - Completed IBZ k-point 3162/3375 (index 3042)
2026-06-14 01:53:46,000 - kaldo - INFO - Completed IBZ k-point 3163/3375 (index 2301)
2026-06-14 01:53:46,000 - kaldo - INFO - Completed IBZ k-point 3164/3375 (index 1325)
2026-06-14 01:53:46,000 - kaldo - INFO - Completed IBZ k-point 3165/3375 (index 3093)
2026-06-14 01:53:46,000 - kaldo - INFO - Completed IBZ k-point 3166/3375 (index 2458)
2026-06-14 01:53:46,000 - kaldo - INFO - Completed IBZ k-point 3167/3375 (index 2264)
2026-06-14 01:53:46,000 - kaldo - INFO - Completed IBZ k-point 3168/3375 (index 1373)
2026-06-14 01:53:46,000 - kaldo - INFO - Completed IBZ k-point 3169/3375 (index 495)
2026-06-14 01:53:46,000 - kaldo - INFO - Completed IBZ k-point 3170/3375 (index 3081)
2026-06-14 01:53:46,000 - kaldo - INFO - Completed IBZ k-point 3171/3375 (index 2070)
2026-06-14 01:53:46,000 - kaldo - INFO - Completed IBZ k-point 3172/3375 (index 3049)
2026-06-14 01:53:46,000 - kaldo - INFO - Completed IBZ k-point 3173/3375 (index 1257)
2026-06-14 01:53:46,000 - kaldo - INFO - Completed IBZ k-point 3174/3375 (index 3149)
2026-06-14 01:53:46,000 - kaldo - INFO - Completed IBZ k-point 3175/3375 (index 3157)
2026-06-14 01:53:46,000 - kaldo - INFO - Completed IBZ k-point 3176/3375 (index 2463)
2026-06-14 01:53:46,000 - kaldo - INFO - Completed IBZ k-point 3177/3375 (index 2320)
2026-06-14 01:53:46,000 - kaldo - INFO - Completed IBZ k-point 3178/3375 (index 2060)
2026-06-14 01:53:46,000 - kaldo - INFO - Completed IBZ k-point 3179/3375 (index 1333)
2026-06-14 01:53:46,000 - kaldo - INFO - Completed IBZ k-point 3180/3375 (index 3152)
2026-06-14 01:53:46,000 - kaldo - INFO - Completed IBZ k-point 3181/3375 (index 2141)
2026-06-14 01:53:46,000 - kaldo - INFO - Completed IBZ k-point 3182/3375 (index 1650)
2026-06-14 01:53:46,000 - kaldo - INFO - Completed IBZ k-point 3183/3375 (index 2465)
2026-06-14 01:53:46,000 - kaldo - INFO - Completed IBZ k-point 3184/3375 (index 2316)
2026-06-14 01:53:46,000 - kaldo - INFO - Completed IBZ k-point 3185/3375 (index 352)
2026-06-14 01:53:46,000 - kaldo - INFO - Completed IBZ k-point 3186/3375 (index 2039)
2026-06-14 01:53:46,000 - kaldo - INFO - Completed IBZ k-point 3187/3375 (index 1951)
2026-06-14 01:53:46,000 - kaldo - INFO - Completed IBZ k-point 3188/3375 (index 1275)
2026-06-14 01:53:46,000 - kaldo - INFO - Completed IBZ k-point 3189/3375 (index 2109)
2026-06-14 01:53:46,000 - kaldo - INFO - Completed IBZ k-point 3190/3375 (index 1679)
2026-06-14 01:53:46,000 - kaldo - INFO - Completed IBZ k-point 3191/3375 (index 673)
2026-06-14 01:53:46,000 - kaldo - INFO - Completed IBZ k-point 3192/3375 (index 3199)
2026-06-14 01:53:46,000 - kaldo - INFO - Completed IBZ k-point 3193/3375 (index 2122)
2026-06-14 01:53:46,000 - kaldo - INFO - Completed IBZ k-point 3194/3375 (index 1992)
2026-06-14 01:53:46,001 - kaldo - INFO - Completed IBZ k-point 3195/3375 (index 2366)
2026-06-14 01:53:46,001 - kaldo - INFO - Completed IBZ k-point 3196/3375 (index 1959)
2026-06-14 01:53:46,001 - kaldo - INFO - Completed IBZ k-point 3197/3375 (index 363)
2026-06-14 01:53:46,001 - kaldo - INFO - Completed IBZ k-point 3198/3375 (index 1979)
2026-06-14 01:53:46,001 - kaldo - INFO - Completed IBZ k-point 3199/3375 (index 2636)
2026-06-14 01:53:46,001 - kaldo - INFO - Completed IBZ k-point 3200/3375 (index 2092)
2026-06-14 01:53:46,001 - kaldo - INFO - Completed IBZ k-point 3201/3375 (index 1897)
2026-06-14 01:53:46,001 - kaldo - INFO - Completed IBZ k-point 3202/3375 (index 2305)
2026-06-14 01:53:46,001 - kaldo - INFO - Completed IBZ k-point 3203/3375 (index 1328)
2026-06-14 01:53:46,001 - kaldo - INFO - Completed IBZ k-point 3204/3375 (index 1944)
2026-06-14 01:53:46,001 - kaldo - INFO - Completed IBZ k-point 3205/3375 (index 1288)
2026-06-14 01:53:46,001 - kaldo - INFO - Completed IBZ k-point 3206/3375 (index 356)
2026-06-14 01:53:46,001 - kaldo - INFO - Completed IBZ k-point 3207/3375 (index 2457)
2026-06-14 01:53:46,001 - kaldo - INFO - Completed IBZ k-point 3208/3375 (index 1573)
2026-06-14 01:53:46,001 - kaldo - INFO - Completed IBZ k-point 3209/3375 (index 3151)
2026-06-14 01:53:46,001 - kaldo - INFO - Completed IBZ k-point 3210/3375 (index 1574)
2026-06-14 01:53:46,001 - kaldo - INFO - Completed IBZ k-point 3211/3375 (index 2065)
2026-06-14 01:53:46,001 - kaldo - INFO - Completed IBZ k-point 3212/3375 (index 1294)
2026-06-14 01:53:46,001 - kaldo - INFO - Completed IBZ k-point 3213/3375 (index 351)
2026-06-14 01:53:46,001 - kaldo - INFO - Completed IBZ k-point 3214/3375 (index 2308)
2026-06-14 01:53:46,001 - kaldo - INFO - Completed IBZ k-point 3215/3375 (index 3150)
2026-06-14 01:53:46,001 - kaldo - INFO - Completed IBZ k-point 3216/3375 (index 2159)
2026-06-14 01:53:46,001 - kaldo - INFO - Completed IBZ k-point 3217/3375 (index 2028)
2026-06-14 01:53:46,001 - kaldo - INFO - Completed IBZ k-point 3218/3375 (index 2464)
2026-06-14 01:53:46,001 - kaldo - INFO - Completed IBZ k-point 3219/3375 (index 1986)
2026-06-14 01:53:46,001 - kaldo - INFO - Completed IBZ k-point 3220/3375 (index 1773)
2026-06-14 01:53:46,001 - kaldo - INFO - Completed IBZ k-point 3221/3375 (index 1949)
2026-06-14 01:53:46,001 - kaldo - INFO - Completed IBZ k-point 3222/3375 (index 1277)
2026-06-14 01:53:46,001 - kaldo - INFO - Completed IBZ k-point 3223/3375 (index 2309)
2026-06-14 01:53:46,001 - kaldo - INFO - Completed IBZ k-point 3224/3375 (index 2062)
2026-06-14 01:53:46,001 - kaldo - INFO - Completed IBZ k-point 3225/3375 (index 2251)
2026-06-14 01:53:46,001 - kaldo - INFO - Completed IBZ k-point 3226/3375 (index 1544)
2026-06-14 01:53:46,001 - kaldo - INFO - Completed IBZ k-point 3227/3375 (index 2319)
2026-06-14 01:53:46,001 - kaldo - INFO - Completed IBZ k-point 3228/3375 (index 2286)
2026-06-14 01:53:46,001 - kaldo - INFO - Completed IBZ k-point 3229/3375 (index 2085)
2026-06-14 01:53:46,001 - kaldo - INFO - Completed IBZ k-point 3230/3375 (index 1977)
2026-06-14 01:53:46,001 - kaldo - INFO - Completed IBZ k-point 3231/3375 (index 3022)
2026-06-14 01:53:46,001 - kaldo - INFO - Completed IBZ k-point 3232/3375 (index 1301)
2026-06-14 01:53:46,001 - kaldo - INFO - Completed IBZ k-point 3233/3375 (index 3168)
2026-06-14 01:53:46,001 - kaldo - INFO - Completed IBZ k-point 3234/3375 (index 2454)
2026-06-14 01:53:46,001 - kaldo - INFO - Completed IBZ k-point 3235/3375 (index 2306)
2026-06-14 01:53:46,001 - kaldo - INFO - Completed IBZ k-point 3236/3375 (index 3098)
2026-06-14 01:53:46,001 - kaldo - INFO - Completed IBZ k-point 3237/3375 (index 2451)
2026-06-14 01:53:46,001 - kaldo - INFO - Completed IBZ k-point 3238/3375 (index 1603)
2026-06-14 01:53:46,001 - kaldo - INFO - Completed IBZ k-point 3239/3375 (index 1971)
2026-06-14 01:53:46,001 - kaldo - INFO - Completed IBZ k-point 3240/3375 (index 1264)
2026-06-14 01:53:46,001 - kaldo - INFO - Completed IBZ k-point 3241/3375 (index 3156)
2026-06-14 01:53:46,001 - kaldo - INFO - Completed IBZ k-point 3242/3375 (index 3117)
2026-06-14 01:53:46,001 - kaldo - INFO - Completed IBZ k-point 3243/3375 (index 2387)
2026-06-14 01:53:46,001 - kaldo - INFO - Completed IBZ k-point 3244/3375 (index 2453)
2026-06-14 01:53:46,001 - kaldo - INFO - Completed IBZ k-point 3245/3375 (index 2107)
2026-06-14 01:53:46,001 - kaldo - INFO - Completed IBZ k-point 3246/3375 (index 1676)
2026-06-14 01:53:46,001 - kaldo - INFO - Completed IBZ k-point 3247/3375 (index 3103)
2026-06-14 01:53:46,001 - kaldo - INFO - Completed IBZ k-point 3248/3375 (index 2287)
2026-06-14 01:53:46,001 - kaldo - INFO - Completed IBZ k-point 3249/3375 (index 2064)
2026-06-14 01:53:46,001 - kaldo - INFO - Completed IBZ k-point 3250/3375 (index 1968)
2026-06-14 01:53:46,001 - kaldo - INFO - Completed IBZ k-point 3251/3375 (index 1284)
2026-06-14 01:53:46,001 - kaldo - INFO - Completed IBZ k-point 3252/3375 (index 226)
2026-06-14 01:53:46,002 - kaldo - INFO - Completed IBZ k-point 3253/3375 (index 2330)
2026-06-14 01:53:46,002 - kaldo - INFO - Completed IBZ k-point 3254/3375 (index 1290)
2026-06-14 01:53:46,002 - kaldo - INFO - Completed IBZ k-point 3255/3375 (index 1865)
2026-06-14 01:53:46,002 - kaldo - INFO - Completed IBZ k-point 3256/3375 (index 330)
2026-06-14 01:53:46,002 - kaldo - INFO - Completed IBZ k-point 3257/3375 (index 2099)
2026-06-14 01:53:46,002 - kaldo - INFO - Completed IBZ k-point 3258/3375 (index 1541)
2026-06-14 01:53:46,002 - kaldo - INFO - Completed IBZ k-point 3259/3375 (index 342)
2026-06-14 01:53:46,002 - kaldo - INFO - Completed IBZ k-point 3260/3375 (index 2103)
2026-06-14 01:53:46,002 - kaldo - INFO - Completed IBZ k-point 3261/3375 (index 2042)
2026-06-14 01:53:46,002 - kaldo - INFO - Completed IBZ k-point 3262/3375 (index 2054)
2026-06-14 01:53:46,002 - kaldo - INFO - Completed IBZ k-point 3263/3375 (index 1946)
2026-06-14 01:53:46,002 - kaldo - INFO - Completed IBZ k-point 3264/3375 (index 1280)
2026-06-14 01:53:46,002 - kaldo - INFO - Completed IBZ k-point 3265/3375 (index 1978)
2026-06-14 01:53:46,002 - kaldo - INFO - Completed IBZ k-point 3266/3375 (index 1914)
2026-06-14 01:53:46,002 - kaldo - INFO - Completed IBZ k-point 3267/3375 (index 290)
2026-06-14 01:53:46,002 - kaldo - INFO - Completed IBZ k-point 3268/3375 (index 2040)
2026-06-14 01:53:46,002 - kaldo - INFO - Completed IBZ k-point 3269/3375 (index 313)
2026-06-14 01:53:46,002 - kaldo - INFO - Completed IBZ k-point 3270/3375 (index 2283)
2026-06-14 01:53:46,002 - kaldo - INFO - Completed IBZ k-point 3271/3375 (index 3115)
2026-06-14 01:53:46,002 - kaldo - INFO - Completed IBZ k-point 3272/3375 (index 3045)
2026-06-14 01:53:46,002 - kaldo - INFO - Completed IBZ k-point 3273/3375 (index 1252)
2026-06-14 01:53:46,002 - kaldo - INFO - Completed IBZ k-point 3274/3375 (index 2321)
2026-06-14 01:53:46,002 - kaldo - INFO - Completed IBZ k-point 3275/3375 (index 1935)
2026-06-14 01:53:46,002 - kaldo - INFO - Completed IBZ k-point 3276/3375 (index 1266)
2026-06-14 01:53:46,002 - kaldo - INFO - Completed IBZ k-point 3277/3375 (index 2455)
2026-06-14 01:53:46,002 - kaldo - INFO - Completed IBZ k-point 3278/3375 (index 2138)
2026-06-14 01:53:46,002 - kaldo - INFO - Completed IBZ k-point 3279/3375 (index 481)
2026-06-14 01:53:46,002 - kaldo - INFO - Completed IBZ k-point 3280/3375 (index 2063)
2026-06-14 01:53:46,002 - kaldo - INFO - Completed IBZ k-point 3281/3375 (index 1940)
2026-06-14 01:53:46,002 - kaldo - INFO - Completed IBZ k-point 3282/3375 (index 2482)
2026-06-14 01:53:46,002 - kaldo - INFO - Completed IBZ k-point 3283/3375 (index 1772)
2026-06-14 01:53:46,002 - kaldo - INFO - Completed IBZ k-point 3284/3375 (index 2472)
2026-06-14 01:53:46,002 - kaldo - INFO - Completed IBZ k-point 3285/3375 (index 1993)
2026-06-14 01:53:46,002 - kaldo - INFO - Completed IBZ k-point 3286/3375 (index 3053)
2026-06-14 01:53:46,002 - kaldo - INFO - Completed IBZ k-point 3287/3375 (index 3104)
2026-06-14 01:53:46,002 - kaldo - INFO - Completed IBZ k-point 3288/3375 (index 2329)
2026-06-14 01:53:46,002 - kaldo - INFO - Completed IBZ k-point 3289/3375 (index 2460)
2026-06-14 01:53:46,002 - kaldo - INFO - Completed IBZ k-point 3290/3375 (index 2162)
2026-06-14 01:53:46,002 - kaldo - INFO - Completed IBZ k-point 3291/3375 (index 2123)
2026-06-14 01:53:46,002 - kaldo - INFO - Completed IBZ k-point 3292/3375 (index 1265)
2026-06-14 01:53:46,002 - kaldo - INFO - Completed IBZ k-point 3293/3375 (index 3066)
2026-06-14 01:53:46,002 - kaldo - INFO - Completed IBZ k-point 3294/3375 (index 2383)
2026-06-14 01:53:46,002 - kaldo - INFO - Completed IBZ k-point 3295/3375 (index 1985)
2026-06-14 01:53:46,002 - kaldo - INFO - Completed IBZ k-point 3296/3375 (index 3154)
2026-06-14 01:53:46,002 - kaldo - INFO - Completed IBZ k-point 3297/3375 (index 2026)
2026-06-14 01:53:46,002 - kaldo - INFO - Completed IBZ k-point 3298/3375 (index 1565)
2026-06-14 01:53:46,002 - kaldo - INFO - Completed IBZ k-point 3299/3375 (index 3107)
2026-06-14 01:53:46,002 - kaldo - INFO - Completed IBZ k-point 3300/3375 (index 2450)
2026-06-14 01:53:46,002 - kaldo - INFO - Completed IBZ k-point 3301/3375 (index 1464)
2026-06-14 01:53:46,002 - kaldo - INFO - Completed IBZ k-point 3302/3375 (index 2318)
2026-06-14 01:53:46,002 - kaldo - INFO - Completed IBZ k-point 3303/3375 (index 2053)
2026-06-14 01:53:46,002 - kaldo - INFO - Completed IBZ k-point 3304/3375 (index 1261)
2026-06-14 01:53:46,002 - kaldo - INFO - Completed IBZ k-point 3305/3375 (index 3095)
2026-06-14 01:53:46,002 - kaldo - INFO - Completed IBZ k-point 3306/3375 (index 1329)
2026-06-14 01:53:46,002 - kaldo - INFO - Completed IBZ k-point 3307/3375 (index 2447)
2026-06-14 01:53:46,002 - kaldo - INFO - Completed IBZ k-point 3308/3375 (index 2236)
2026-06-14 01:53:46,002 - kaldo - INFO - Completed IBZ k-point 3309/3375 (index 1775)
2026-06-14 01:53:46,002 - kaldo - INFO - Completed IBZ k-point 3310/3375 (index 2313)
2026-06-14 01:53:46,003 - kaldo - INFO - Completed IBZ k-point 3311/3375 (index 2155)
2026-06-14 01:53:46,003 - kaldo - INFO - Completed IBZ k-point 3312/3375 (index 1539)
2026-06-14 01:53:46,003 - kaldo - INFO - Completed IBZ k-point 3313/3375 (index 2056)
2026-06-14 01:53:46,003 - kaldo - INFO - Completed IBZ k-point 3314/3375 (index 1267)
2026-06-14 01:53:46,003 - kaldo - INFO - Completed IBZ k-point 3315/3375 (index 333)
2026-06-14 01:53:46,003 - kaldo - INFO - Completed IBZ k-point 3316/3375 (index 2310)
2026-06-14 01:53:46,003 - kaldo - INFO - Completed IBZ k-point 3317/3375 (index 2072)
2026-06-14 01:53:46,003 - kaldo - INFO - Completed IBZ k-point 3318/3375 (index 1292)
2026-06-14 01:53:46,003 - kaldo - INFO - Completed IBZ k-point 3319/3375 (index 2234)
2026-06-14 01:53:46,003 - kaldo - INFO - Completed IBZ k-point 3320/3375 (index 1604)
2026-06-14 01:53:46,003 - kaldo - INFO - Completed IBZ k-point 3321/3375 (index 339)
2026-06-14 01:53:46,003 - kaldo - INFO - Completed IBZ k-point 3322/3375 (index 2439)
2026-06-14 01:53:46,003 - kaldo - INFO - Completed IBZ k-point 3323/3375 (index 3046)
2026-06-14 01:53:46,003 - kaldo - INFO - Completed IBZ k-point 3324/3375 (index 2052)
2026-06-14 01:53:46,003 - kaldo - INFO - Completed IBZ k-point 3325/3375 (index 1933)
2026-06-14 01:53:46,003 - kaldo - INFO - Completed IBZ k-point 3326/3375 (index 2452)
2026-06-14 01:53:46,003 - kaldo - INFO - Completed IBZ k-point 3327/3375 (index 2098)
2026-06-14 01:53:46,003 - kaldo - INFO - Completed IBZ k-point 3328/3375 (index 1981)
2026-06-14 01:53:46,003 - kaldo - INFO - Completed IBZ k-point 3329/3375 (index 2323)
2026-06-14 01:53:46,003 - kaldo - INFO - Completed IBZ k-point 3330/3375 (index 2055)
2026-06-14 01:53:46,003 - kaldo - INFO - Completed IBZ k-point 3331/3375 (index 2285)
2026-06-14 01:53:46,003 - kaldo - INFO - Completed IBZ k-point 3332/3375 (index 1980)
2026-06-14 01:53:46,003 - kaldo - INFO - Completed IBZ k-point 3333/3375 (index 1302)
2026-06-14 01:53:46,003 - kaldo - INFO - Completed IBZ k-point 3334/3375 (index 2432)
2026-06-14 01:53:46,003 - kaldo - INFO - Completed IBZ k-point 3335/3375 (index 2037)
2026-06-14 01:53:46,003 - kaldo - INFO - Completed IBZ k-point 3336/3375 (index 3005)
2026-06-14 01:53:46,003 - kaldo - INFO - Completed IBZ k-point 3337/3375 (index 1953)
2026-06-14 01:53:46,003 - kaldo - INFO - Completed IBZ k-point 3338/3375 (index 265)
2026-06-14 01:53:46,003 - kaldo - INFO - Completed IBZ k-point 3339/3375 (index 1947)
2026-06-14 01:53:46,003 - kaldo - INFO - Completed IBZ k-point 3340/3375 (index 1248)
2026-06-14 01:53:46,003 - kaldo - INFO - Completed IBZ k-point 3341/3375 (index 2097)
2026-06-14 01:53:46,003 - kaldo - INFO - Completed IBZ k-point 3342/3375 (index 2034)
2026-06-14 01:53:46,003 - kaldo - INFO - Completed IBZ k-point 3343/3375 (index 1584)
2026-06-14 01:53:46,003 - kaldo - INFO - Completed IBZ k-point 3344/3375 (index 2136)
2026-06-14 01:53:46,003 - kaldo - INFO - Completed IBZ k-point 3345/3375 (index 3097)
2026-06-14 01:53:46,003 - kaldo - INFO - Completed IBZ k-point 3346/3375 (index 3047)
2026-06-14 01:53:46,003 - kaldo - INFO - Completed IBZ k-point 3347/3375 (index 2066)
2026-06-14 01:53:46,003 - kaldo - INFO - Completed IBZ k-point 3348/3375 (index 1966)
2026-06-14 01:53:46,003 - kaldo - INFO - Completed IBZ k-point 3349/3375 (index 1285)
2026-06-14 01:53:46,003 - kaldo - INFO - Completed IBZ k-point 3350/3375 (index 2135)
2026-06-14 01:53:46,003 - kaldo - INFO - Completed IBZ k-point 3351/3375 (index 2160)
2026-06-14 01:53:46,003 - kaldo - INFO - Completed IBZ k-point 3352/3375 (index 2018)
2026-06-14 01:53:46,003 - kaldo - INFO - Completed IBZ k-point 3353/3375 (index 2335)
2026-06-14 01:53:46,003 - kaldo - INFO - Completed IBZ k-point 3354/3375 (index 2058)
2026-06-14 01:53:46,003 - kaldo - INFO - Completed IBZ k-point 3355/3375 (index 2429)
2026-06-14 01:53:46,003 - kaldo - INFO - Completed IBZ k-point 3356/3375 (index 2298)
2026-06-14 01:53:46,003 - kaldo - INFO - Completed IBZ k-point 3357/3375 (index 1994)
2026-06-14 01:53:46,003 - kaldo - INFO - Completed IBZ k-point 3358/3375 (index 470)
2026-06-14 01:53:46,003 - kaldo - INFO - Completed IBZ k-point 3359/3375 (index 2102)
2026-06-14 01:53:46,003 - kaldo - INFO - Completed IBZ k-point 3360/3375 (index 2032)
2026-06-14 01:53:46,003 - kaldo - INFO - Completed IBZ k-point 3361/3375 (index 2127)
2026-06-14 01:53:46,003 - kaldo - INFO - Completed IBZ k-point 3362/3375 (index 1576)
2026-06-14 01:53:46,003 - kaldo - INFO - Completed IBZ k-point 3363/3375 (index 2038)
2026-06-14 01:53:46,003 - kaldo - INFO - Completed IBZ k-point 3364/3375 (index 2325)
2026-06-14 01:53:46,003 - kaldo - INFO - Completed IBZ k-point 3365/3375 (index 1298)
2026-06-14 01:53:46,003 - kaldo - INFO - Completed IBZ k-point 3366/3375 (index 3056)
2026-06-14 01:53:46,003 - kaldo - INFO - Completed IBZ k-point 3367/3375 (index 2315)
2026-06-14 01:53:46,003 - kaldo - INFO - Completed IBZ k-point 3368/3375 (index 1969)
2026-06-14 01:53:46,004 - kaldo - INFO - Completed IBZ k-point 3369/3375 (index 2444)
2026-06-14 01:53:46,004 - kaldo - INFO - Completed IBZ k-point 3370/3375 (index 34)
2026-06-14 01:53:46,004 - kaldo - INFO - Completed IBZ k-point 3371/3375 (index 522)
2026-06-14 01:53:46,004 - kaldo - INFO - Completed IBZ k-point 3372/3375 (index 3043)
2026-06-14 01:53:46,004 - kaldo - INFO - Completed IBZ k-point 3373/3375 (index 360)
2026-06-14 01:53:46,004 - kaldo - INFO - Completed IBZ k-point 3374/3375 (index 2069)
2026-06-14 01:53:46,004 - kaldo - INFO - Completed IBZ k-point 3375/3375 (index 1300)
2026-06-14 01:54:14,914 - kaldo - INFO - '_project_crystal'  3930.67 s
2026-06-14 01:54:23,829 - kaldo - INFO - ALD_Si_NEP/15_15_15/_sparse_phase_and_potential stored as 20247 per-mu arrays
2026-06-14 01:54:52,528 - kaldo - INFO - Loading ALD_Si_NEP/15_15_15/_sparse_phase_and_potential
2026-06-14 01:54:52,889 - kaldo - INFO - scattering_tensor: [20250 20252] * <class 'float'>
2026-06-14 01:54:52,902 - kaldo - INFO - Memory needed: 3280 MB, available: 235883 / 270101 MB
2026-06-14 02:01:26,674 - kaldo - INFO - ALD_Si_NEP/15_15_15/300/quantum/_ps_gamma_and_gamma_tensor stored
2026-06-14 02:01:28,488 - kaldo - INFO - _scattering_matrix: [20247 20247] * <class 'float'>
2026-06-14 02:01:28,492 - kaldo - INFO - Memory needed: 3279 MB, available: 232257 / 270101 MB
2026-06-14 02:01:28,958 - kaldo - INFO - ALD_Si_NEP/15_15_15/300/quantum/bandwidth not found in numpy format, calculating bandwidth
2026-06-14 02:01:28,971 - kaldo - INFO - ALD_Si_NEP/15_15_15/300/quantum/anharmonic_bandwidth not found in numpy format, calculating anharmonic_bandwidth
2026-06-14 02:01:29,012 - kaldo - INFO - ALD_Si_NEP/15_15_15/300/quantum/_ps_and_gamma not found in numpy format, calculating _ps_and_gamma
2026-06-14 02:01:30,147 - kaldo - INFO - Loading ALD_Si_NEP/15_15_15/300/quantum/_ps_gamma_and_gamma_tensor
2026-06-14 02:01:30,150 - kaldo - INFO - ALD_Si_NEP/15_15_15/300/quantum/_ps_and_gamma stored
2026-06-14 02:01:30,151 - kaldo - INFO - ALD_Si_NEP/15_15_15/300/quantum/anharmonic_bandwidth stored
2026-06-14 02:01:30,151 - kaldo - INFO - ALD_Si_NEP/15_15_15/300/quantum/bandwidth stored
2026-06-14 02:07:55,787 - kaldo - INFO - Loading ALD_Si_NEP/15_15_15/physical_mode
2026-06-14 02:07:55,787 - kaldo - INFO - Loading ALD_Si_NEP/15_15_15/frequency
2026-06-14 02:07:56,266 - kaldo - INFO - Loading ALD_Si_NEP/15_15_15/300/quantum/_ps_gamma_and_gamma_tensor
2026-06-14 02:07:57,760 - kaldo - INFO - _scattering_matrix: [20247 20247] * <class 'float'>
2026-06-14 02:07:57,760 - kaldo - INFO - Memory needed: 3279 MB, available: 229284 / 270101 MB
2026-06-14 02:07:58,106 - kaldo - INFO - Loading ALD_Si_NEP/15_15_15/300/quantum/bandwidth
2026-06-14 02:14:23,976 - kaldo - INFO - Loading ALD_Si_NEP/15_15_15/physical_mode
2026-06-14 02:14:23,976 - kaldo - INFO - Loading ALD_Si_NEP/15_15_15/frequency
2026-06-14 02:14:24,463 - kaldo - INFO - Loading ALD_Si_NEP/15_15_15/300/quantum/_ps_gamma_and_gamma_tensor
2026-06-14 02:14:25,990 - kaldo - INFO - _scattering_matrix: [20247 20247] * <class 'float'>
2026-06-14 02:14:25,990 - kaldo - INFO - Memory needed: 3279 MB, available: 229224 / 270101 MB
2026-06-14 02:14:26,337 - kaldo - INFO - Loading ALD_Si_NEP/15_15_15/300/quantum/bandwidth
2026-06-14 02:20:54,039 - kaldo - INFO - ALD_Si_NEP/15_15_15/300/quantum/heat_capacity not found in numpy format, calculating heat_capacity
2026-06-14 02:20:58,732 - kaldo - INFO - ALD_Si_NEP/15_15_15/300/quantum/heat_capacity stored
2026-06-14 02:20:58,734 - kaldo - INFO - Loading ALD_Si_NEP/15_15_15/velocity
2026-06-14 02:20:58,734 - kaldo - INFO - Loading ALD_Si_NEP/15_15_15/physical_mode
2026-06-14 02:20:58,740 - kaldo - INFO - Conductivity calculated
Bulk thermal conductivity (W/m/K):  41.94305618696018


Thermal condutivity tensor: 

[[4.18749924e+01 1.63631715e-02 1.75307355e-02]
 [1.68634749e-02 4.20726750e+01 1.74610934e-02]
 [1.73735221e-02 1.69079626e-02 4.18815011e+01]]
2026-06-14 02:20:59,015 - kaldo - INFO - ALD_Si_NEP/15_15_15/inverse/300/quantum/isotopes/conductivity not found in formatted format, calculating conductivity
2026-06-14 02:20:59,015 - kaldo - INFO - ALD_Si_NEP/15_15_15/inverse/300/quantum/isotopes/mean_free_path not found in formatted format, calculating mean_free_path
2026-06-14 02:20:59,016 - kaldo - INFO - Loading ALD_Si_NEP/15_15_15/physical_mode
2026-06-14 02:20:59,017 - kaldo - INFO - Loading ALD_Si_NEP/15_15_15/velocity
2026-06-14 02:20:59,018 - kaldo - INFO - Loading ALD_Si_NEP/15_15_15/physical_mode
2026-06-14 02:20:59,018 - kaldo - INFO - Loading ALD_Si_NEP/15_15_15/frequency
2026-06-14 02:20:59,502 - kaldo - INFO - Loading ALD_Si_NEP/15_15_15/300/quantum/_ps_gamma_and_gamma_tensor
2026-06-14 02:21:00,995 - kaldo - INFO - _scattering_matrix: [20247 20247] * <class 'float'>
2026-06-14 02:21:00,995 - kaldo - INFO - Memory needed: 3279 MB, available: 229035 / 270101 MB
2026-06-14 02:21:01,361 - kaldo - INFO - ALD_Si_NEP/15_15_15/300/quantum/isotopes/bandwidth not found in numpy format, calculating bandwidth
2026-06-14 02:21:01,362 - kaldo - INFO - Loading ALD_Si_NEP/15_15_15/300/quantum/anharmonic_bandwidth
2026-06-14 02:21:01,362 - kaldo - INFO - ALD_Si_NEP/15_15_15/isotopic_bandwidth not found in numpy format, calculating isotopic_bandwidth
2026-06-14 02:21:01,362 - kaldo - WARNING - input isotopic gfactors are missing, using isotopic concentrations from ase database (NIST)
2026-06-14 02:21:01,626 - kaldo - INFO - online isotopic data not available, using legacy data.
2026-06-14 02:21:01,626 - kaldo - INFO - g factors=[0.0002007 0.0002007]
2026-06-14 02:21:01,627 - kaldo - INFO - Loading ALD_Si_NEP/15_15_15/frequency
2026-06-14 02:21:01,627 - kaldo - INFO - Loading ALD_Si_NEP/15_15_15/physical_mode
2026-06-14 02:21:01,629 - kaldo - INFO - Loading ALD_Si_NEP/15_15_15/_eigensystem
2026-06-14 02:21:01,630 - kaldo - INFO - Loading ALD_Si_NEP/15_15_15/velocity
2026-06-14 02:21:01,633 - kaldo - INFO - per25,per50,per75,mean sigma=0.0163777779645127 0.04764144357032343 0.10677881642475857 0.12331937130058712
2026-06-14 02:21:01,633 - kaldo - INFO - Using Gaussian diffusivity_shape
2026-06-14 02:21:01,633 - kaldo - INFO - Calculating isotopic bandwidth  0, 0.0%
2026-06-14 02:21:02,427 - kaldo - INFO - Calculating isotopic bandwidth  1000, 5.0%
2026-06-14 02:21:03,256 - kaldo - INFO - Calculating isotopic bandwidth  2000, 10.0%
2026-06-14 02:21:04,078 - kaldo - INFO - Calculating isotopic bandwidth  3000, 15.0%
2026-06-14 02:21:04,911 - kaldo - INFO - Calculating isotopic bandwidth  4000, 20.0%
2026-06-14 02:21:05,785 - kaldo - INFO - Calculating isotopic bandwidth  5000, 25.0%
2026-06-14 02:21:06,588 - kaldo - INFO - Calculating isotopic bandwidth  6000, 30.0%
2026-06-14 02:21:07,412 - kaldo - INFO - Calculating isotopic bandwidth  7000, 35.0%
2026-06-14 02:21:08,236 - kaldo - INFO - Calculating isotopic bandwidth  8000, 40.0%
2026-06-14 02:21:09,047 - kaldo - INFO - Calculating isotopic bandwidth  9000, 44.0%
2026-06-14 02:21:09,899 - kaldo - INFO - Calculating isotopic bandwidth  10000, 49.0%
2026-06-14 02:21:10,750 - kaldo - INFO - Calculating isotopic bandwidth  11000, 54.0%
2026-06-14 02:21:11,592 - kaldo - INFO - Calculating isotopic bandwidth  12000, 59.0%
2026-06-14 02:21:12,425 - kaldo - INFO - Calculating isotopic bandwidth  13000, 64.0%
2026-06-14 02:21:13,266 - kaldo - INFO - Calculating isotopic bandwidth  14000, 69.0%
2026-06-14 02:21:14,102 - kaldo - INFO - Calculating isotopic bandwidth  15000, 74.0%
2026-06-14 02:21:14,927 - kaldo - INFO - Calculating isotopic bandwidth  16000, 79.0%
2026-06-14 02:21:15,740 - kaldo - INFO - Calculating isotopic bandwidth  17000, 84.0%
2026-06-14 02:21:16,568 - kaldo - INFO - Calculating isotopic bandwidth  18000, 89.0%
2026-06-14 02:21:17,433 - kaldo - INFO - Calculating isotopic bandwidth  19000, 94.0%
2026-06-14 02:21:18,244 - kaldo - INFO - Calculating isotopic bandwidth  20000, 99.0%
2026-06-14 02:21:18,460 - kaldo - INFO - 'compute_isotopic_bw'  16.83 s
2026-06-14 02:21:18,461 - kaldo - INFO - ALD_Si_NEP/15_15_15/isotopic_bandwidth stored
2026-06-14 02:21:18,461 - kaldo - INFO - ALD_Si_NEP/15_15_15/300/quantum/isotopes/bandwidth stored
2026-06-14 02:27:45,911 - kaldo - INFO - Loading ALD_Si_NEP/15_15_15/physical_mode
2026-06-14 02:27:45,912 - kaldo - INFO - Loading ALD_Si_NEP/15_15_15/frequency
2026-06-14 02:27:46,345 - kaldo - INFO - Loading ALD_Si_NEP/15_15_15/300/quantum/_ps_gamma_and_gamma_tensor
2026-06-14 02:27:47,749 - kaldo - INFO - _scattering_matrix: [20247 20247] * <class 'float'>
2026-06-14 02:27:47,749 - kaldo - INFO - Memory needed: 3279 MB, available: 229025 / 270101 MB
2026-06-14 02:27:48,045 - kaldo - INFO - Loading ALD_Si_NEP/15_15_15/300/quantum/isotopes/bandwidth
2026-06-14 02:34:12,131 - kaldo - INFO - Loading ALD_Si_NEP/15_15_15/physical_mode
2026-06-14 02:34:12,131 - kaldo - INFO - Loading ALD_Si_NEP/15_15_15/frequency
2026-06-14 02:34:12,565 - kaldo - INFO - Loading ALD_Si_NEP/15_15_15/300/quantum/_ps_gamma_and_gamma_tensor
2026-06-14 02:34:13,953 - kaldo - INFO - _scattering_matrix: [20247 20247] * <class 'float'>
2026-06-14 02:34:13,953 - kaldo - INFO - Memory needed: 3279 MB, available: 228764 / 270101 MB
2026-06-14 02:34:14,251 - kaldo - INFO - Loading ALD_Si_NEP/15_15_15/300/quantum/isotopes/bandwidth
2026-06-14 02:40:43,114 - kaldo - INFO - Loading ALD_Si_NEP/15_15_15/300/quantum/heat_capacity
2026-06-14 02:40:43,115 - kaldo - INFO - Loading ALD_Si_NEP/15_15_15/velocity
2026-06-14 02:40:43,115 - kaldo - INFO - Loading ALD_Si_NEP/15_15_15/physical_mode
2026-06-14 02:40:43,120 - kaldo - INFO - Conductivity calculated
Bulk thermal conductivity with iso(W/m/K):  39.790599569390764


Thermal condutivity tensor with iso: 

[[ 3.97231021e+01 -1.92628536e-02 -1.79646623e-02]
 [-1.86983942e-02  3.99191629e+01 -1.82168179e-02]
 [-1.81081855e-02 -1.88378821e-02  3.97295337e+01]]


