# (16464,)
0.000000000000000000e+00
0.000000000000000000e+00
0.000000000000000000e+00
2.518952442187583074e-07
1.525200588048392092e-07
5.169551897665769502e-08
-4.907674804687500000e+03
-4.858397460937500000e+03
-4.298035644531250000e+03
2.313212585449218750e+01
1.174040222167968750e+01
1.189227104187011719e+01
-2.167143310546875000e+03
-2.156904785156250000e+03
-8.628125610351562500e+02
2.837562942504882812e+01
2.815531730651855469e+01
4.130046844482421875e+01
-6.996805419921875000e+02
-6.997476806640625000e+02
-4.271354675292968750e+02
5.056121063232421875e+01
2.914630699157714844e+01
2.930385398864746094e+01
-3.360468139648437500e+02
-3.359651184082031250e+02
-2.743338012695312500e+02
4.764723587036132812e+01
1.845364761352539062e+01
1.839528083801269531e+01
-1.751603088378906250e+02
-1.740183715820312500e+02
-1.355236816406250000e+02
9.351782989501953125e+01
1.126641464233398438e+01
1.129529953002929688e+01
3.503771209716796875e+01
3.319081115722656250e+01
-1.276257324218750000e+02
2.141625671386718750e+02
2.125713586807250977e+00
2.271275520324707031e+00
1.565364073030650616e-05
1.250107743544504046e-06
-1.528880375190055929e-06
-2.687901542230974883e-06
-1.587738154285034398e-07
-3.608406586863566190e-07
-3.503770065307617188e+01
-3.319079589843750000e+01
1.276257324218750000e+02
-2.141625671386718750e+02
-2.125713825225830078e+00
-2.271275758743286133e+00
1.751603088378906250e+02
1.740183715820312500e+02
1.355236816406250000e+02
-9.351782989501953125e+01
-1.126641559600830078e+01
-1.129530048370361328e+01
3.360468750000000000e+02
3.359651794433593750e+02
2.743338012695312500e+02
-4.764723587036132812e+01
-1.845364761352539062e+01
-1.839528083801269531e+01
6.996806640625000000e+02
6.997477416992187500e+02
4.271354675292968750e+02
-5.056121063232421875e+01
-2.914630699157714844e+01
-2.930385398864746094e+01
2.167143554687500000e+03
2.156904785156250000e+03
8.628125610351562500e+02
-2.837562942504882812e+01
-2.815531730651855469e+01
-4.130047225952148438e+01
4.907675292968750000e+03
4.858397460937500000e+03
4.298035644531250000e+03
-2.313212776184082031e+01
-1.174040222167968750e+01
-1.189227104187011719e+01
5.340651367187500000e+03
5.266333984375000000e+03
6.412807617187500000e+03
-2.955895042419433594e+01
-1.907547569274902344e+01
-1.920083236694335938e+01
2.401340026855468750e+02
1.537904663085937500e+02
8.254710083007812500e+02
-1.533076167106628418e+00
-3.139358997344970703e+00
-3.898209333419799805e+00
9.283882141113281250e+01
-2.126451568603515625e+02
-1.110302490234375000e+03
6.709965229034423828e+00
3.333455801010131836e+00
2.200393486022949219e+01
-7.252573394775390625e+01
3.534427795410156250e+02
-5.305367431640625000e+02
1.236473941802978516e+01
6.930523872375488281e+00
2.521067237854003906e+01
9.951523590087890625e+01
5.980844726562500000e+02
-3.617491149902343750e+02
2.897493171691894531e+01
1.111684679985046387e+00
1.303640365600585938e+01
1.556613464355468750e+02
6.417713012695312500e+02
-1.648446044921875000e+02
5.188156127929687500e+01
-5.420135974884033203e+00
2.385627269744873047e+00
1.608842926025390625e+02
5.682886352539062500e+02
-7.425012969970703125e+01
1.124991683959960938e+02
-1.167472267150878906e+01
-3.165379047393798828e+00
2.747767333984375000e+02
6.183188476562500000e+02
-2.317080230712890625e+02
7.892347717285156250e+01
-1.643455505371093750e+01
-8.940484046936035156e+00
3.313789062500000000e+02
6.106930541992187500e+02
9.395449829101562500e+01
-4.268579483032226562e+01
-9.217556953430175781e+00
-9.584549903869628906e+00
3.121817932128906250e+02
5.389344482421875000e+02
7.261209869384765625e+01
-1.679828491210937500e+02
-1.783757781982421875e+01
-1.403370285034179688e+01
5.702807617187500000e+02
7.406268310546875000e+02
1.655587005615234375e+02
-6.315839004516601562e+01
-2.430505561828613281e+01
-2.359893798828125000e+01
1.178568725585937500e+03
1.040802490234375000e+03
4.160054321289062500e+02
-6.016817855834960938e+01
-3.371306991577148438e+01
-3.528860092163085938e+01
2.648789062500000000e+03
1.504069213867187500e+03
6.749510498046875000e+02
-6.239953994750976562e+01
-4.106075286865234375e+01
-3.632775878906250000e+01
5.803376953125000000e+03
2.931723388671875000e+03
2.541509277343750000e+03
-4.053378295898437500e+01
-4.122877502441406250e+01
-3.260610961914062500e+01
2.436919677734375000e+03
2.422073974609375000e+03
6.936797485351562500e+02
-2.600320243835449219e+01
-2.560506820678710938e+01
-3.471711730957031250e+01
4.590430908203125000e+02
5.564282226562500000e+02
9.362492675781250000e+02
-7.857867717742919922e+00
-3.055438518524169922e+00
-2.068191528320312500e+01
-2.802914047241210938e+01
-7.737277984619140625e+00
-8.264808654785156250e+01
3.480931758880615234e+00
4.867013454437255859e+00
4.136762142181396484e+00
-2.678436851501464844e+01
-4.838568420410156250e+02
-3.475474853515625000e+02
7.704529285430908203e+00
1.587127804756164551e+00
2.581673049926757812e+01
6.320840072631835938e+01
-1.235018463134765625e+02
-3.060704345703125000e+02
1.847293090820312500e+01
1.964314341545104980e+00
2.145334434509277344e+01
8.858972167968750000e+01
7.465235137939453125e+01
-1.888276672363281250e+02
6.371641159057617188e+01
-1.169468045234680176e+00
1.310192108154296875e+01
5.535794448852539062e+01
1.987286682128906250e+02
-1.132466659545898438e+02
1.007874984741210938e+02
-9.627910614013671875e+00
5.811519145965576172e+00
9.352225494384765625e+01
2.691192932128906250e+02
-4.512337112426757812e+01
8.023859977722167969e+00
-1.077479839324951172e+01
1.350887179374694824e+00
1.375998992919921875e+02
2.859827880859375000e+02
-2.512480616569519043e-01
-4.535077667236328125e+01
-1.053722286224365234e+01
-9.651057124137878418e-01
1.781913604736328125e+02
2.754244689941406250e+02
5.192858123779296875e+01
-1.984227447509765625e+02
-1.654075050354003906e+01
-3.933497667312622070e+00
3.308189697265625000e+02
2.736336364746093750e+02
1.311885528564453125e+02
-1.403156585693359375e+02
-1.978199195861816406e+01
-1.030521202087402344e+01
7.134779052734375000e+02
2.768194885253906250e+02
3.578380737304687500e+02
-8.646390533447265625e+01
-2.386088562011718750e+01
-2.242966842651367188e+01
1.664037719726562500e+03
4.957891235351562500e+02
5.262659912109375000e+02
-5.462622451782226562e+01
-3.423424530029296875e+01
-2.435643386840820312e+01
3.053196533203125000e+03
1.300881347656250000e+03
7.004480590820312500e+02
-5.319357299804687500e+01
-3.464957427978515625e+01
-3.432691574096679688e+01
9.277511596679687500e+02
9.265151367187500000e+02
6.356516113281250000e+02
-5.735096740722656250e+01
-2.987262535095214844e+01
-3.046861839294433594e+01
4.085743331909179688e+01
-1.052464675903320312e+02
6.716536254882812500e+02
-2.282387924194335938e+01
-1.053033351898193359e+01
-3.340826797485351562e+01
-7.815834045410156250e+01
3.451862487792968750e+02
3.621334533691406250e+02
-3.753478527069091797e+00
2.241586685180664062e+00
-2.061786079406738281e+01
-5.392858505249023438e+01
8.534172821044921875e+01
2.341108894348144531e+01
-3.508013963699340820e+00
5.976502969861030579e-02
-3.768141508102416992e+00
-2.121959686279296875e+01
-3.052116394042968750e+02
-2.895508766174316406e+00
1.675719642639160156e+01
5.223313570022583008e-01
3.796804428100585938e+00
4.013286590576171875e+01
-2.620374755859375000e+02
7.425885677337646484e+00
6.631939697265625000e+01
-3.122944593429565430e+00
-1.858060121536254883e+00
3.604466247558593750e+01
-1.773990440368652344e+01
-5.617483139038085938e+01
9.728222656250000000e+01
-7.280140399932861328e+00
-9.608323097229003906e+00
2.319024085998535156e+01
1.057965011596679688e+02
-3.482545471191406250e+01
1.100172729492187500e+02
-1.093607521057128906e+01
-9.549012184143066406e+00
4.825311660766601562e+01
2.085871429443359375e+02
-7.891550660133361816e-01
3.127100181579589844e+01
-1.305542087554931641e+01
-1.435029888153076172e+01
9.436077880859375000e+01
2.975307312011718750e+02
4.414720535278320312e+01
-1.043735885620117188e+02
-1.401865386962890625e+01
-2.103409004211425781e+01
1.721782379150390625e+02
3.083926391601562500e+02
1.124419326782226562e+02
-1.806986694335937500e+02
-2.240637588500976562e+01
-1.794498634338378906e+01
3.069118957519531250e+02
2.851813964843750000e+02
3.107062683105468750e+02
-1.351230010986328125e+02
-2.877028465270996094e+01
-2.591083145141601562e+01
7.048903808593750000e+02
3.917524108886718750e+02
4.125132446289062500e+02
-8.806946563720703125e+01
-2.636989593505859375e+01
-2.991128540039062500e+01
1.313790161132812500e+03
9.505880737304687500e+02
5.584351196289062500e+02
-5.140936660766601562e+01
-3.143176460266113281e+01
-2.930150794982910156e+01
2.296386413574218750e+02
2.295922851562500000e+02
2.694249572753906250e+02
-5.203019714355468750e+01
-2.133576774597167969e+01
-2.133655929565429688e+01
-9.878498840332031250e+01
-3.035178222656250000e+02
3.739818725585937500e+02
-3.431895828247070312e+01
-4.927708148956298828e+00
-2.144541358947753906e+01
-1.229701538085937500e+02
1.168144073486328125e+02
3.391641540527343750e+02
-2.471215629577636719e+01
-1.358131885528564453e+00
-1.716783523559570312e+01
-7.239564514160156250e+01
2.961278686523437500e+02
-3.623964309692382812e+01
-1.846702194213867188e+01
-9.203448295593261719e-01
-1.129673480987548828e+01
-1.002898883819580078e+01
-3.290859460830688477e+00
-1.512443900108337402e+00
8.871533870697021484e-01
-1.544478654861450195e+00
-2.516844749450683594e+00
-8.218003273010253906e+00
-2.201792755126953125e+02
2.998145294189453125e+01
3.152498245239257812e+01
-2.027287483215332031e+00
-8.927269935607910156e+00
-1.983332633972167969e+01
-2.867776794433593750e+02
2.331691741943359375e+01
9.788642120361328125e+01
-4.445197105407714844e+00
-1.740502166748046875e+01
4.255803108215332031e+00
-1.884369201660156250e+02
-1.488574385643005371e+00
1.507581634521484375e+02
-8.820555686950683594e+00
-1.965026283264160156e+01
-5.438979148864746094e+00
-6.965598464012145996e-01
2.742747366428375244e-01
7.953910064697265625e+01
-1.289892482757568359e+01
-1.776804351806640625e+01
-8.573827743530273438e+00
1.009032363891601562e+02
5.006966781616210938e+01
-2.871157264709472656e+01
-1.423171615600585938e+01
-2.104764747619628906e+01
6.102589797973632812e+01
2.079120483398437500e+02
7.823757934570312500e+01
-1.468752746582031250e+02
-1.680357742309570312e+01
-2.199199295043945312e+01
1.262423782348632812e+02
2.799524230957031250e+02
1.172202377319335938e+02
-1.895920715332031250e+02
-2.616442680358886719e+01
-1.815584564208984375e+01
2.500453033447265625e+02
3.354759826660156250e+02
1.423034667968750000e+02
-1.502997741699218750e+02
-2.285114288330078125e+01
-1.458326148986816406e+01
4.881697082519531250e+02
4.734048461914062500e+02
1.946229705810546875e+02
-6.442173767089843750e+01
-1.898502540588378906e+01
-2.161374282836914062e+01
1.472705993652343750e+02
1.467054901123046875e+02
1.221209945678710938e+02
-1.014349822998046875e+02
-1.242646217346191406e+01
-1.257435226440429688e+01
1.654949760437011719e+01
-3.923643798828125000e+02
1.569561309814453125e+02
-5.714704513549804688e+01
1.197219133377075195e+00
-1.061256122589111328e+01
-2.305348968505859375e+01
-1.232425003051757812e+02
1.607774658203125000e+02
-5.874415206909179688e+01
4.772037982940673828e+00
-5.324270725250244141e+00
-1.397929191589355469e+01
2.387604980468750000e+02
-1.519365024566650391e+01
-5.853190231323242188e+01
4.396782398223876953e+00
2.426145553588867188e+00
2.746959686279296875e+01
2.756278991699218750e+02
-3.295783615112304688e+01
-3.673103332519531250e+01
4.016959190368652344e+00
7.884928703308105469e+00
2.129535484313964844e+01
-4.406855773925781250e+01
-4.119979143142700195e-01
1.558145284652709961e-01
7.885135412216186523e-01
5.284140586853027344e+00
-1.071231460571289062e+01
-2.761736145019531250e+02
2.551591873168945312e+01
1.034505386352539062e+02
-3.005773067474365234e+00
-1.003515529632568359e+01
-3.022717952728271484e+00
-2.939788208007812500e+02
3.443114471435546875e+01
1.666002349853515625e+02
-3.981542587280273438e+00
-1.918353271484375000e+01
1.539198303222656250e+01
-2.860459899902343750e+02
2.433884429931640625e+01
1.533359832763671875e+02
-1.015881919860839844e+01
-1.209416484832763672e+01
9.202169179916381836e-01
-1.426604156494140625e+02
5.878263854980468750e+01
3.713697493076324463e-01
-1.254479122161865234e+01
-1.042260551452636719e+01
2.942625808715820312e+01
1.071624069213867188e+02
4.380258560180664062e+01
5.262493133544921875e+00
-1.230197238922119141e+01
-1.722189903259277344e+01
9.959020996093750000e+01
2.675249633789062500e+02
4.130992126464843750e+01
-8.179928588867187500e+01
-1.529811096191406250e+01
-1.274874019622802734e+01
2.196602935791015625e+02
3.765996704101562500e+02
4.629763793945312500e+01
-1.866422424316406250e+02
-1.783586692810058594e+01
-8.434954643249511719e+00
3.484180908203125000e+02
4.666082458496093750e+02
6.933165740966796875e+01
-1.691037750244140625e+02
-1.396504497528076172e+01
-7.821487903594970703e+00
-1.106165084838867188e+02
-1.115703353881835938e+02
1.000435104370117188e+02
-2.526747436523437500e+02
-4.041337490081787109e+00
-3.857191801071166992e+00
-2.343130035400390625e+02
-5.004187622070312500e+02
6.900302886962890625e+01
-1.566388244628906250e+02
7.811039447784423828e+00
-3.196832418441772461e+00
-1.632591705322265625e+02
-2.949078979492187500e+02
1.112609558105468750e+02
-1.105592117309570312e+02
1.211830806732177734e+01
-7.910768985748291016e-01
-1.043687210083007812e+02
6.410906982421875000e+01
4.130604171752929688e+01
-1.148109054565429688e+02
8.709403038024902344e+00
2.590580940246582031e+00
-5.159290313720703125e+01
2.744612121582031250e+02
-2.965212440490722656e+01
-1.048861160278320312e+02
4.640598297119140625e+00
1.257897758483886719e+01
-3.046492195129394531e+01
2.647244262695312500e+02
-2.415163421630859375e+01
-1.055657424926757812e+02
4.698054313659667969e+00
1.318145084381103516e+01
-5.104380416870117188e+01
3.385708618164062500e+01
-1.628803849220275879e+00
4.295482158660888672e+00
-6.310418605804443359e+00
1.233046174049377441e+00
-3.707159423828125000e+01
-2.320151824951171875e+02
8.202138519287109375e+01
1.918125305175781250e+02
-1.250069618225097656e+00
-1.604810333251953125e+01
-1.824086380004882812e+01
-2.639218750000000000e+02
1.244779052734375000e+02
1.666215209960937500e+02
-4.677684783935546875e+00
-2.106830787658691406e+01
-2.534187316894531250e+01
-2.289110870361328125e+02
1.634302711486816406e+01
1.141761856079101562e+02
-1.008263301849365234e+01
-1.661990356445312500e+01
-2.425276565551757812e+01
-6.394737243652343750e+01
1.017956510186195374e-01
7.284089660644531250e+01
-1.170084190368652344e+01
-1.374020195007324219e+01
5.178414821624755859e+00
1.903385162353515625e+02
-1.636138439178466797e+00
1.367746448516845703e+01
-1.515330028533935547e+01
-1.302246665954589844e+01
6.869695281982421875e+01
3.155345764160156250e+02
5.981651306152343750e+00
-5.180797195434570312e+01
-1.469929027557373047e+01
-7.720361709594726562e+00
1.137605667114257812e+02
3.842161560058593750e+02
8.201065063476562500e+01
2.054135322570800781e+01
-7.167971611022949219e+00
-2.266402244567871094e+00
4.931079820380546153e-05
-5.923589560552500188e-05
1.242620101038482971e-06
-8.124156011035665870e-06
-3.898557042703032494e-05
3.911237945430912077e-05
-1.590452880859375000e+02
-4.055018920898437500e+02
2.041608734130859375e+02
-2.850584030151367188e+01
1.205053806304931641e+01
1.604190111160278320e+00
-8.490933227539062500e+01
-4.217060852050781250e+02
4.908827972412109375e+01
-3.188297080993652344e+01
1.548714447021484375e+01
2.817286252975463867e+00
-2.108996582031250000e+01
-1.359174194335937500e+02
3.442093276977539062e+01
-1.190380477905273438e+02
1.328229904174804688e+01
6.407905578613281250e+00
-1.290306282043457031e+01
1.893663024902343750e+02
-1.379538178443908691e+00
-1.547316131591796875e+02
8.255232810974121094e+00
1.744882583618164062e+01
-5.429602146148681641e+00
3.012346191406250000e+02
-3.051021385192871094e+01
-1.644254455566406250e+02
6.845333576202392578e+00
1.879216957092285156e+01
-7.728643417358398438e-01
1.934319152832031250e+02
-1.104440231323242188e+02
-1.740206909179687500e+02
8.514308184385299683e-02
1.627018165588378906e+01
-1.442622533431858756e-06
-5.899705115552933421e-07
1.405592502123909071e-05
6.115342694101855159e-05
-2.824150726610241691e-07
-1.490291424488532357e-06
7.728618979454040527e-01
-1.934319152832031250e+02
1.104441452026367188e+02
1.740206451416015625e+02
-8.520667999982833862e-02
-1.627020454406738281e+01
5.429598808288574219e+00
-3.012346191406250000e+02
3.051023674011230469e+01
1.644254760742187500e+02
-6.845333576202392578e+00
-1.879217147827148438e+01
1.290306186676025391e+01
-1.893663024902343750e+02
1.379497766494750977e+00
1.547316131591796875e+02
-8.255232810974121094e+00
-1.744882774353027344e+01
2.108995056152343750e+01
1.359174194335937500e+02
-3.442094802856445312e+01
1.190380477905273438e+02
-1.328229904174804688e+01
-6.407906055450439453e+00
8.490931701660156250e+01
4.217060852050781250e+02
-4.908828353881835938e+01
3.188297271728515625e+01
-1.548714447021484375e+01
-2.817286252975463867e+00
1.590452880859375000e+02
4.055018920898437500e+02
-2.041608581542968750e+02
2.850581741333007812e+01
-1.205053901672363281e+01
-1.604190230369567871e+00
1.106164779663085938e+02
1.115703048706054688e+02
-1.000435104370117188e+02
2.526747436523437500e+02
4.041337013244628906e+00
3.857191324234008789e+00
-1.137605895996093750e+02
-3.842161560058593750e+02
-8.201064300537109375e+01
-2.054134941101074219e+01
7.167971134185791016e+00
2.266402006149291992e+00
-6.869696044921875000e+01
-3.155345764160156250e+02
-5.981656074523925781e+00
5.180797195434570312e+01
1.469929027557373047e+01
7.720361232757568359e+00
-5.178416728973388672e+00
-1.903385162353515625e+02
1.636137008666992188e+00
-1.367746353149414062e+01
1.515330028533935547e+01
1.302246570587158203e+01
2.425276184082031250e+01
6.394737243652343750e+01
-1.017964109778404236e-01
-7.284089660644531250e+01
1.170084190368652344e+01
1.374020099639892578e+01
2.534187126159667969e+01
2.289110870361328125e+02
-1.634302711486816406e+01
-1.141761856079101562e+02
1.008263301849365234e+01
1.661990356445312500e+01
1.824086189270019531e+01
2.639218750000000000e+02
-1.244779052734375000e+02
-1.666215209960937500e+02
4.677687644958496094e+00
2.106818771362304688e+01
3.707159042358398438e+01
2.320151824951171875e+02
-8.202138519287109375e+01
-1.918125305175781250e+02
1.250001311302185059e+00
1.604820442199707031e+01
5.104380035400390625e+01
-3.385708618164062500e+01
1.628801941871643066e+00
-4.295480728149414062e+00
6.310421466827392578e+00
-1.233030438423156738e+00
3.046491622924804688e+01
-2.647244262695312500e+02
2.415163803100585938e+01
1.055657424926757812e+02
-4.698054790496826172e+00
-1.318144702911376953e+01
5.159289550781250000e+01
-2.744612121582031250e+02
2.965212440490722656e+01
1.048861160278320312e+02
-4.640598297119140625e+00
-1.257897949218750000e+01
1.043687057495117188e+02
-6.410906982421875000e+01
-4.130604553222656250e+01
1.148109130859375000e+02
-8.709403038024902344e+00
-2.590582132339477539e+00
1.632591705322265625e+02
2.949078979492187500e+02
-1.112609558105468750e+02
1.105592117309570312e+02
-1.211830806732177734e+01
7.910760045051574707e-01
2.343129882812500000e+02
5.004187622070312500e+02
-6.900302886962890625e+01
1.566388397216796875e+02
-7.811039924621582031e+00
3.196831703186035156e+00
-1.472705993652343750e+02
-1.467054901123046875e+02
-1.221209945678710938e+02
1.014349746704101562e+02
1.242646121978759766e+01
1.257435131072998047e+01
-3.484180908203125000e+02
-4.666082458496093750e+02
-6.933165740966796875e+01
1.691037902832031250e+02
1.396504402160644531e+01
7.821487426757812500e+00
-2.196603088378906250e+02
-3.765996704101562500e+02
-4.629763793945312500e+01
1.866422424316406250e+02
1.783586692810058594e+01
8.434954643249511719e+00
-9.959020996093750000e+01
-2.675249633789062500e+02
-4.130992507934570312e+01
8.179928588867187500e+01
1.529811096191406250e+01
1.274874019622802734e+01
-2.942625236511230469e+01
-1.071623916625976562e+02
-4.380258178710937500e+01
-5.262501716613769531e+00
1.230197238922119141e+01
1.722189903259277344e+01
-9.202176928520202637e-01
1.426604156494140625e+02
-5.878263854980468750e+01
-3.713690340518951416e-01
1.254479026794433594e+01
1.042260456085205078e+01
-1.539198112487792969e+01
2.860459899902343750e+02
-2.433884620666503906e+01
-1.533359832763671875e+02
1.015881824493408203e+01
1.209416389465332031e+01
3.022720336914062500e+00
2.939788208007812500e+02
-3.443114471435546875e+01
-1.666002349853515625e+02
3.981542348861694336e+00
1.918353271484375000e+01
1.071231365203857422e+01
2.761736145019531250e+02
-2.551591873168945312e+01
-1.034505386352539062e+02
3.005772590637207031e+00
1.003516006469726562e+01
-2.129535675048828125e+01
4.406855773925781250e+01
4.119985997676849365e-01
-1.558150649070739746e-01
-7.885136008262634277e-01
-5.284141540527343750e+00
-2.746960449218750000e+01
-2.756278991699218750e+02
3.295782852172851562e+01
3.673103332519531250e+01
-4.016959190368652344e+00
-7.884929180145263672e+00
1.397928428649902344e+01
-2.387604980468750000e+02
1.519365024566650391e+01
5.853189849853515625e+01
-4.396782398223876953e+00
-2.426146030426025391e+00
2.305349731445312500e+01
1.232425079345703125e+02
-1.607774810791015625e+02
5.874414825439453125e+01
-4.772037982940673828e+00
5.324269771575927734e+00
-1.654949188232421875e+01
3.923643798828125000e+02
-1.569561309814453125e+02
5.714704513549804688e+01
-1.197219967842102051e+00
1.061256027221679688e+01
-2.296389465332031250e+02
-2.295925903320312500e+02
-2.694249572753906250e+02
5.203019714355468750e+01
2.133576774597167969e+01
2.133655929565429688e+01
-4.881698303222656250e+02
-4.734048156738281250e+02
-1.946229400634765625e+02
6.442173767089843750e+01
1.898502540588378906e+01
2.161374282836914062e+01
-2.500452880859375000e+02
-3.354759826660156250e+02
-1.423033905029296875e+02
1.502997894287109375e+02
2.285114097595214844e+01
1.458325958251953125e+01
-1.262423553466796875e+02
-2.799524230957031250e+02
-1.172202148437500000e+02
1.895920715332031250e+02
2.616442680358886719e+01
1.815584564208984375e+01
-6.102590942382812500e+01
-2.079120483398437500e+02
-7.823758697509765625e+01
1.468752746582031250e+02
1.680357742309570312e+01
2.199199295043945312e+01
8.573814392089843750e+00
-1.009032363891601562e+02
-5.006966400146484375e+01
2.871156311035156250e+01
1.423171615600585938e+01
2.104764556884765625e+01
5.438984870910644531e+00
6.965612769126892090e-01
-2.742752134799957275e-01
-7.953910827636718750e+01
1.289892482757568359e+01
1.776804351806640625e+01
-4.255789756774902344e+00
1.884369201660156250e+02
1.488589167594909668e+00
-1.507581634521484375e+02
8.820555686950683594e+00
1.965026283264160156e+01
1.983333396911621094e+01
2.867776794433593750e+02
-2.331691741943359375e+01
-9.788642120361328125e+01
4.445196628570556641e+00
1.740502166748046875e+01
8.218008041381835938e+00
2.201792755126953125e+02
-2.998145484924316406e+01
-3.152498245239257812e+01
2.027287483215332031e+00
8.927269935607910156e+00
1.002899074554443359e+01
3.290857315063476562e+00
1.512443780899047852e+00
-8.871536850929260254e-01
1.544478654861450195e+00
2.516844272613525391e+00
7.239564514160156250e+01
-2.961278686523437500e+02
3.623964309692382812e+01
1.846702194213867188e+01
9.203446507453918457e-01
1.129673480987548828e+01
1.229701385498046875e+02
-1.168144149780273438e+02
-3.391641540527343750e+02
2.471215438842773438e+01
1.358131527900695801e+00
1.716783523559570312e+01
9.878498840332031250e+01
3.035177917480468750e+02
-3.739818725585937500e+02
3.431895828247070312e+01
4.927707195281982422e+00
2.144541358947753906e+01
-9.277512207031250000e+02
-9.265152587890625000e+02
-6.356516113281250000e+02
5.735096359252929688e+01
2.987262535095214844e+01
3.046861648559570312e+01
-1.313790405273437500e+03
-9.505880737304687500e+02
-5.584350585937500000e+02
5.140936660766601562e+01
3.143176269531250000e+01
2.930150604248046875e+01
-7.048903808593750000e+02
-3.917523803710937500e+02
-4.125132446289062500e+02
8.806946563720703125e+01
2.636989593505859375e+01
2.991128349304199219e+01
-3.069118957519531250e+02
-2.851813964843750000e+02
-3.107062683105468750e+02
1.351230010986328125e+02
2.877028274536132812e+01
2.591082954406738281e+01
-1.721782684326171875e+02
-3.083926391601562500e+02
-1.124419326782226562e+02
1.806986694335937500e+02
2.240637397766113281e+01
1.794498634338378906e+01
-9.436077117919921875e+01
-2.975307312011718750e+02
-4.414720535278320312e+01
1.043735885620117188e+02
1.401865386962890625e+01
2.103409004211425781e+01
-4.825309753417968750e+01
-2.085871429443359375e+02
7.891600728034973145e-01
-3.127100181579589844e+01
1.305541992187500000e+01
1.435029792785644531e+01
-2.319021034240722656e+01
-1.057965011596679688e+02
3.482545852661132812e+01
-1.100172805786132812e+02
1.093607425689697266e+01
9.549012184143066406e+00
-3.604464721679687500e+01
1.773990249633789062e+01
5.617483139038085938e+01
-9.728222656250000000e+01
7.280139446258544922e+00
9.608322143554687500e+00
-4.013285064697265625e+01
2.620374755859375000e+02
-7.425888061523437500e+00
-6.631939697265625000e+01
3.122944355010986328e+00
1.858059763908386230e+00
2.121959877014160156e+01
3.052116394042968750e+02
2.895508289337158203e+00
-1.675719642639160156e+01
-5.223316550254821777e-01
-3.796805143356323242e+00
5.392858123779296875e+01
-8.534172821044921875e+01
-2.341107749938964844e+01
3.508013725280761719e+00
-5.976532772183418274e-02
3.768141269683837891e+00
7.815834045410156250e+01
-3.451862487792968750e+02
-3.621334838867187500e+02
3.753478050231933594e+00
-2.241587162017822266e+00
2.061786079406738281e+01
-4.085743713378906250e+01
1.052464447021484375e+02
-6.716536254882812500e+02
2.282387924194335938e+01
1.053033351898193359e+01
3.340826797485351562e+01
-2.436919921875000000e+03
-2.422074218750000000e+03
-6.936797485351562500e+02
2.600320243835449219e+01
2.560506820678710938e+01
3.471711730957031250e+01
-3.053196289062500000e+03
-1.300881347656250000e+03
-7.004480590820312500e+02
5.319357299804687500e+01
3.464957427978515625e+01
3.432691574096679688e+01
-1.664037597656250000e+03
-4.957891235351562500e+02
-5.262659912109375000e+02
5.462622451782226562e+01
3.423424530029296875e+01
2.435643196105957031e+01
-7.134779052734375000e+02
-2.768194885253906250e+02
-3.578380737304687500e+02
8.646390533447265625e+01
2.386088562011718750e+01
2.242966461181640625e+01
-3.308190002441406250e+02
-2.736336364746093750e+02
-1.311885986328125000e+02
1.403156585693359375e+02
1.978199005126953125e+01
1.030520820617675781e+01
-1.781913452148437500e+02
-2.754244689941406250e+02
-5.192857742309570312e+01
1.984227447509765625e+02
1.654075050354003906e+01
3.933496952056884766e+00
-1.375998840332031250e+02
-2.859827880859375000e+02
2.512516081333160400e-01
4.535077667236328125e+01
1.053722190856933594e+01
9.651050567626953125e-01
-9.352224731445312500e+01
-2.691192932128906250e+02
4.512337493896484375e+01
-8.023864746093750000e+00
1.077479839324951172e+01
-1.350888013839721680e+00
-5.535793304443359375e+01
-1.987286834716796875e+02
1.132466659545898438e+02
-1.007874984741210938e+02
9.627909660339355469e+00
-5.811519622802734375e+00
-8.858971405029296875e+01
-7.465235137939453125e+01
1.888276672363281250e+02
-6.371641159057617188e+01
1.169467568397521973e+00
-1.310192108154296875e+01
-6.320839691162109375e+01
1.235018463134765625e+02
3.060704345703125000e+02
-1.847293090820312500e+01
-1.964314818382263184e+00
-2.145334434509277344e+01
2.678437232971191406e+01
4.838568420410156250e+02
3.475474853515625000e+02
-7.704529285430908203e+00
-1.587128162384033203e+00
-2.581673049926757812e+01
2.802913856506347656e+01
7.737276077270507812e+00
8.264807891845703125e+01
-3.480932235717773438e+00
-4.867013931274414062e+00
-4.136762142181396484e+00
-4.590430908203125000e+02
-5.564282836914062500e+02
-9.362493286132812500e+02
7.857867240905761719e+00
3.055437803268432617e+00
2.068191528320312500e+01
-5.340651855468750000e+03
-5.266333984375000000e+03
-6.412807617187500000e+03
2.955894851684570312e+01
1.907547569274902344e+01
1.920083236694335938e+01
-5.803376953125000000e+03
-2.931723632812500000e+03
-2.541509521484375000e+03
4.053378295898437500e+01
4.122877502441406250e+01
3.260610961914062500e+01
-2.648788818359375000e+03
-1.504069335937500000e+03
-6.749510498046875000e+02
6.239953994750976562e+01
4.106075286865234375e+01
3.632775878906250000e+01
-1.178568603515625000e+03
-1.040802734375000000e+03
-4.160054626464843750e+02
6.016817855834960938e+01
3.371306991577148438e+01
3.528860092163085938e+01
-5.702807617187500000e+02
-7.406268920898437500e+02
-1.655587463378906250e+02
6.315839004516601562e+01
2.430505561828613281e+01
2.359893608093261719e+01
-3.121817932128906250e+02
-5.389344482421875000e+02
-7.261209869384765625e+01
1.679828491210937500e+02
1.783757591247558594e+01
1.403370094299316406e+01
-3.313788757324218750e+02
-6.106930541992187500e+02
-9.395449829101562500e+01
4.268579101562500000e+01
9.217556953430175781e+00
9.584549903869628906e+00
-2.747767333984375000e+02
-6.183188476562500000e+02
2.317080383300781250e+02
-7.892347717285156250e+01
1.643455505371093750e+01
8.940483093261718750e+00
-1.608842773437500000e+02
-5.682886352539062500e+02
7.425012969970703125e+01
-1.124991683959960938e+02
1.167472171783447266e+01
3.165378332138061523e+00
-1.556613464355468750e+02
-6.417713012695312500e+02
1.648446044921875000e+02
-5.188156509399414062e+01
5.420135498046875000e+00
-2.385627746582031250e+00
-9.951523590087890625e+01
-5.980844726562500000e+02
3.617491149902343750e+02
-2.897493171691894531e+01
-1.111685037612915039e+00
-1.303640365600585938e+01
7.252577209472656250e+01
-3.534427795410156250e+02
5.305367431640625000e+02
-1.236473941802978516e+01
-6.930523872375488281e+00
-2.521067237854003906e+01
-9.283881378173828125e+01
2.126451568603515625e+02
1.110302490234375000e+03
-6.709965705871582031e+00
-3.333456277847290039e+00
-2.200393486022949219e+01
-2.401340026855468750e+02
-1.537904663085937500e+02
-8.254710083007812500e+02
1.533075928688049316e+00
3.139358043670654297e+00
3.898208379745483398e+00
6.049400878906250000e+03
6.011001464843750000e+03
4.558772460937500000e+03
-2.417105293273925781e+01
-1.988011741638183594e+01
-2.012398719787597656e+01
5.102702331542968750e+02
-2.703187255859375000e+02
7.949348754882812500e+02
-2.514325618743896484e+00
-2.770162105560302734e+00
-3.546760320663452148e+00
-1.634168853759765625e+02
-3.395289306640625000e+02
-1.097398559570312500e+03
6.220781803131103516e+00
5.123869419097900391e+00
2.256687355041503906e+01
6.000304412841796875e+01
4.237161560058593750e+02
-5.527904052734375000e+02
1.473037433624267578e+01
6.569096565246582031e+00
2.561780357360839844e+01
9.744208526611328125e+01
4.874865112304687500e+02
-3.861754760742187500e+02
3.157114219665527344e+01
-1.367036998271942139e-01
1.386046504974365234e+01
9.203801727294921875e+01
4.896172485351562500e+02
-1.786362304687500000e+02
5.175326538085937500e+01
-4.255735397338867188e+00
5.097137451171875000e+00
2.556187744140625000e+02
6.267330322265625000e+02
-8.131180572509765625e+01
1.319229888916015625e+02
-1.153512382507324219e+01
-2.632240533828735352e+00
2.673109130859375000e+02
5.854699096679687500e+02
-2.396582336425781250e+02
9.611888122558593750e+01
-1.541149711608886719e+01
-8.257936477661132812e+00
2.342667999267578125e+02
4.827055358886718750e+02
1.044439239501953125e+02
-3.820772171020507812e+01
-8.050443649291992188e+00
-7.403714656829833984e+00
4.281348571777343750e+02
5.714259643554687500e+02
7.883303833007812500e+01
-1.769532318115234375e+02
-1.762273597717285156e+01
-1.316728878021240234e+01
6.813256225585937500e+02
6.979049682617187500e+02
1.776011962890625000e+02
-6.412238311767578125e+01
-2.371891021728515625e+01
-2.315042495727539062e+01
1.303288330078125000e+03
8.748950195312500000e+02
4.362107238769531250e+02
-5.953649139404296875e+01
-3.384257507324218750e+01
-3.173819160461425781e+01
3.680026367187500000e+03
1.389294067382812500e+03
7.828476562500000000e+02
-6.015721511840820312e+01
-3.860575866699218750e+01
-3.660513687133789062e+01
7.032305664062500000e+03
2.740170654296875000e+03
2.669274658203125000e+03
-3.370153045654296875e+01
-4.616320419311523438e+01
-3.115736389160156250e+01
7.889725097656250000e+03
5.921264648437500000e+03
1.487254394531250000e+04
-4.688224029541015625e+01
-4.590983963012695312e+01
-3.031600189208984375e+01
2.558912353515625000e+03
2.524807861328125000e+03
5.902477050781250000e+03
-1.086640262603759766e+01
-1.700237464904785156e+01
-1.792265701293945312e+01
-1.186989624023437500e+03
-1.005859603881835938e+02
2.751557922363281250e+02
9.679257273674011230e-01
4.790260791778564453e-01
5.766940593719482422e+00
-6.612111816406250000e+02
1.052969116210937500e+03
-4.756207580566406250e+02
-5.724213600158691406e+00
9.617870330810546875e+00
1.675718498229980469e+01
1.305470428466796875e+02
1.055408203125000000e+03
-4.264112243652343750e+02
-6.839425086975097656e+00
2.031275177001953125e+01
2.399466133117675781e+01
2.808423461914062500e+02
9.697645263671875000e+02
-2.421624298095703125e+02
6.906518459320068359e+00
8.231196403503417969e+00
5.428446292877197266e+00
3.274531555175781250e+02
9.129835815429687500e+02
-1.195076370239257812e+02
4.112674713134765625e+01
-1.122735857963562012e+00
-7.666266918182373047e+00
3.683197021484375000e+02
1.003467956542968750e+03
-1.938805847167968750e+02
-8.322609710693359375e+01
-1.177647590637207031e+01
-8.216594696044921875e+00
3.207365722656250000e+02
1.034659912109375000e+03
-2.568734741210937500e+01
-1.984663085937500000e+02
-1.661986923217773438e+01
-9.723254203796386719e+00
2.760264892578125000e+02
1.043464477539062500e+03
3.585783386230468750e+01
-2.129641265869140625e+02
-1.618278503417968750e+01
-8.883029937744140625e+00
4.283613281250000000e+02
1.323613159179687500e+03
1.139532241821289062e+02
-1.022852020263671875e+02
-2.988413429260253906e+01
-2.119363594055175781e+01
7.122062988281250000e+02
2.024065429687500000e+03
3.284381408691406250e+02
-7.195666503906250000e+01
-3.887561798095703125e+01
-3.331788635253906250e+01
1.195355102539062500e+03
3.043844238281250000e+03
7.197687988281250000e+02
-6.349016952514648438e+01
-5.087834930419921875e+01
-4.242353439331054688e+01
3.899036132812500000e+03
3.802707275390625000e+03
2.198772705078125000e+03
-6.115987777709960938e+01
-5.766342926025390625e+01
-4.285919952392578125e+01
3.706608642578125000e+03
4.930974121093750000e+03
2.095415771484375000e+03
-6.167253494262695312e+01
-5.701146697998046875e+01
-4.067167663574218750e+01
5.065033691406250000e+03
3.359295898437500000e+03
2.530561523437500000e+03
-3.187452888488769531e+01
-4.369663238525390625e+01
-2.527857398986816406e+01
-3.952273864746093750e+02
1.224287719726562500e+03
1.182152587890625000e+03
-6.560675144195556641e+00
-1.313595199584960938e+01
-2.163847541809082031e+01
3.039826660156250000e+02
4.195884704589843750e+00
-3.364525985717773438e+01
8.732635378837585449e-01
1.487836122512817383e+00
-9.815222620964050293e-01
4.280563659667968750e+02
3.608807373046875000e+02
-3.876268005371093750e+02
-5.568509101867675781e+00
1.285037231445312500e+01
8.312913894653320312e+00
4.663568420410156250e+02
4.105969238281250000e+02
-3.319284667968750000e+02
-1.474765300750732422e+00
9.660901069641113281e+00
4.206616878509521484e+00
4.768345031738281250e+02
4.525998229980468750e+02
-1.625512237548828125e+02
1.672924423217773438e+01
-3.915455102920532227e+00
5.740695446729660034e-02
4.642340087890625000e+02
5.175289306640625000e+02
-6.877231597900390625e+01
-2.350607299804687500e+01
-1.830835914611816406e+01
-6.341246604919433594e+00
4.234488525390625000e+02
5.371788940429687500e+02
-4.611903381347656250e+01
-8.989057159423828125e+01
-2.434870719909667969e+01
-8.000022888183593750e+00
4.373320617675781250e+02
5.575030517578125000e+02
2.129853248596191406e+01
-1.662699279785156250e+02
-1.903005599975585938e+01
-9.744835853576660156e+00
5.511696777343750000e+02
5.938157958984375000e+02
8.767328643798828125e+01
-1.545461120605468750e+02
-3.105513763427734375e+01
-1.365641403198242188e+01
8.028860473632812500e+02
6.193343505859375000e+02
2.599038696289062500e+02
-6.837876129150390625e+01
-4.143243408203125000e+01
-2.642180061340332031e+01
1.533150268554687500e+03
7.846731567382812500e+02
6.074570922851562500e+02
-5.637225723266601562e+01
-4.924425506591796875e+01
-3.946388626098632812e+01
3.142860107421875000e+03
1.435766845703125000e+03
1.218626098632812500e+03
-5.780391311645507812e+01
-5.756339645385742188e+01
-4.724756622314453125e+01
1.659805786132812500e+03
3.451693115234375000e+03
7.728366699218750000e+02
-6.727930450439453125e+01
-6.038075256347656250e+01
-5.034569168090820312e+01
2.739853759765625000e+03
1.461934082031250000e+03
6.952736206054687500e+02
-6.192543411254882812e+01
-3.571005249023437500e+01
-3.245973587036132812e+01
3.209469604492187500e+02
9.502490844726562500e+02
6.568242187500000000e+02
-2.460612869262695312e+01
-4.677125453948974609e+00
-3.943551635742187500e+01
1.033685913085937500e+02
5.332467651367187500e+02
3.618985290527343750e+02
-5.986559867858886719e+00
-7.337189316749572754e-01
-2.348127365112304688e+01
4.225686264038085938e+01
2.037251663208007812e+01
-1.799388885498046875e+01
4.554457068443298340e-01
-2.567006647586822510e-01
-2.509102821350097656e+00
3.257379760742187500e+02
-9.914522552490234375e+01
-7.922579193115234375e+01
6.259912014007568359e+00
8.459636688232421875e+00
-6.014667987823486328e+00
3.659676208496093750e+02
1.196779632568359375e+02
-9.027078247070312500e+01
2.989391708374023438e+01
-4.525860786437988281e+00
-1.617209815979003906e+01
3.099953308105468750e+02
2.265433654785156250e+02
-7.871712493896484375e+01
1.808885383605957031e+01
-1.626489448547363281e+01
-1.627443695068359375e+01
3.057259216308593750e+02
3.028888244628906250e+02
-2.404404830932617188e+01
-3.512567520141601562e+01
-2.022064399719238281e+01
-2.136473846435546875e+01
3.386197509765625000e+02
3.525420227050781250e+02
1.075431346893310547e+01
-6.575935363769531250e+01
-1.880640029907226562e+01
-2.821369552612304688e+01
3.815756530761718750e+02
3.113479614257812500e+02
7.139864349365234375e+01
-1.738452148437500000e+02
-3.023551940917968750e+01
-2.823316764831542969e+01
5.459416503906250000e+02
2.879747924804687500e+02
2.314135131835937500e+02
-1.191407165527343750e+02
-3.995383453369140625e+01
-3.961464691162109375e+01
9.738875122070312500e+02
2.868752746582031250e+02
5.608765869140625000e+02
-8.074750518798828125e+01
-3.509787750244140625e+01
-4.783992767333984375e+01
1.811594360351562500e+03
7.903245239257812500e+02
6.267335815429687500e+02
-5.914265441894531250e+01
-5.223802566528320312e+01
-4.487545394897460938e+01
9.184509887695312500e+02
2.214250976562500000e+03
2.944710083007812500e+02
-6.824533843994140625e+01
-4.489427566528320312e+01
-3.235204696655273438e+01
1.350720947265625000e+03
1.136405761718750000e+03
4.104766845703125000e+02
-5.518595504760742188e+01
-2.742864799499511719e+01
-2.697099494934082031e+01
3.849093627929687500e+02
6.027686767578125000e+02
4.097340393066406250e+02
-4.329563522338867188e+01
1.964920401573181152e+00
-2.915473747253417969e+01
2.670838928222656250e+02
4.953779296875000000e+02
1.384270477294921875e+02
-2.684753036499023438e+01
7.651719093322753906e+00
-3.154724693298339844e+01
-5.022773361206054688e+01
3.577917785644531250e+02
-6.706929016113281250e+01
-1.740861701965332031e+01
4.332910060882568359e+00
-3.173833847045898438e+00
-6.562496185302734375e+01
9.719998931884765625e+01
-1.887676048278808594e+01
-4.391767024993896484e+00
1.536622643470764160e+00
2.868919134140014648e+00
3.304113464355468750e+02
-3.253886413574218750e+02
-3.094188451766967773e+00
4.908225250244140625e+01
-8.690551757812500000e+00
-1.181211090087890625e+01
3.308032836914062500e+02
-1.710297393798828125e+02
-2.855888557434082031e+01
3.992892837524414062e+01
-7.795023441314697266e+00
-1.892677497863769531e+01
2.958146362304687500e+02
7.979395389556884766e+00
-2.024877929687500000e+01
1.795755386352539062e+01
-1.351580047607421875e+01
-2.125459480285644531e+01
2.893702087402343750e+02
5.569415664672851562e+01
2.506713104248046875e+01
-2.755611228942871094e+01
-1.437423706054687500e+01
-3.018646240234375000e+01
3.572367858886718750e+02
1.611419372558593750e+02
5.365682220458984375e+01
-1.424087219238281250e+02
-2.118871498107910156e+01
-3.132822608947753906e+01
4.403601379394531250e+02
2.142775421142578125e+02
1.229332733154296875e+02
-1.699330596923828125e+02
-3.422836685180664062e+01
-3.633186721801757812e+01
5.529114990234375000e+02
2.964519348144531250e+02
2.134259643554687500e+02
-1.140979156494140625e+02
-3.635675430297851562e+01
-3.346895980834960938e+01
7.584032592773437500e+02
6.394028320312500000e+02
2.459031372070312500e+02
-6.961676788330078125e+01
-4.237100982666015625e+01
-2.798482131958007812e+01
6.146595458984375000e+02
1.228350219726562500e+03
1.071719818115234375e+02
-1.125773544311523438e+02
-3.576419448852539062e+01
-2.215216636657714844e+01
4.070290832519531250e+02
6.674218750000000000e+02
1.639994354248046875e+02
-6.909992980957031250e+01
-1.869218444824218750e+01
-2.149766540527343750e+01
9.153320312500000000e+01
2.394560852050781250e+02
2.449989776611328125e+02
-6.593003082275390625e+01
-1.292498230934143066e+00
-1.842264747619628906e+01
1.957074890136718750e+02
2.553217163085937500e+02
1.135742645263671875e+02
-5.923361587524414062e+01
5.962891578674316406e+00
-1.658430862426757812e+01
2.413352355957031250e+02
3.252892456054687500e+02
-3.529176712036132812e+01
-4.166960144042968750e+01
-8.476642370223999023e-01
-7.392180919647216797e+00
-2.014112854003906250e+01
2.752463989257812500e+02
-2.998810386657714844e+01
-3.838835144042968750e+01
3.490736007690429688e+00
4.630789756774902344e+00
-1.912295532226562500e+02
2.041949310302734375e+02
-1.086371541023254395e+00
1.248887419700622559e+00
7.479009032249450684e-01
-2.442682027816772461e+00
2.734337768554687500e+02
-2.651318664550781250e+02
2.808044195175170898e+00
5.998034667968750000e+01
-3.777332305908203125e+00
-2.025628280639648438e+01
2.722107238769531250e+02
-2.477200775146484375e+02
-1.238803291320800781e+01
5.587584686279296875e+01
-5.639050960540771484e+00
-2.298032569885253906e+01
2.660715332031250000e+02
-9.602980804443359375e+01
1.571364593505859375e+01
1.880558395385742188e+01
-1.153322410583496094e+01
-2.305675506591796875e+01
2.835157775878906250e+02
8.236643218994140625e+01
4.495625305175781250e+01
-4.915631866455078125e+01
-1.479760074615478516e+01
-3.102799034118652344e+01
3.207810974121093750e+02
1.894374237060546875e+02
5.532654571533203125e+01
-1.472992858886718750e+02
-1.988371276855468750e+01
-3.360281753540039062e+01
3.598414306640625000e+02
3.160408630371093750e+02
6.933773040771484375e+01
-1.800429382324218750e+02
-2.661972427368164062e+01
-2.855806732177734375e+01
4.394591064453125000e+02
5.917247924804687500e+02
8.717048645019531250e+01
-1.611337432861328125e+02
-3.044791221618652344e+01
-1.773646163940429688e+01
4.546916198730468750e+02
1.053816040039062500e+03
3.021828460693359375e+01
-2.367975921630859375e+02
-2.179715156555175781e+01
-1.191486358642578125e+01
1.670771331787109375e+02
5.090208435058593750e+02
6.652489471435546875e+01
-1.990309753417968750e+02
-1.395141029357910156e+01
-1.003046035766601562e+01
1.229580688476562500e+02
1.033955078125000000e+02
1.082591781616210938e+02
-1.470275878906250000e+02
3.828934669494628906e+00
-1.122997474670410156e+01
2.033886260986328125e+02
6.234593200683593750e+01
9.244134521484375000e+01
-1.357796478271484375e+02
3.730891942977905273e+00
-1.344353675842285156e+01
2.434612121582031250e+02
2.532551269531250000e+02
-2.614563179016113281e+01
-1.314272460937500000e+02
4.791404008865356445e-01
-3.671743869781494141e+00
2.523321380615234375e+02
2.838991394042968750e+02
-5.039625549316406250e+01
-1.167339401245117188e+02
-1.433707118034362793e+00
1.016516971588134766e+01
1.590840625762939453e+01
3.013880004882812500e+02
-2.779973030090332031e+01
-8.983416748046875000e+01
-1.084736824035644531e+00
1.294119834899902344e+01
5.691213989257812500e+01
-4.918664932250976562e+01
7.017267346382141113e-01
5.974712371826171875e+00
-1.918439626693725586e+00
-1.714552521705627441e+00
2.556423034667968750e+02
-2.715744628906250000e+02
2.357204818725585938e+01
9.077852630615234375e+01
2.343230962753295898e+00
-2.854453086853027344e+01
2.691791687011718750e+02
-2.484070434570312500e+02
3.844135665893554688e+01
1.557424426078796387e+00
-4.733756542205810547e+00
-2.093165779113769531e+01
2.786527404785156250e+02
-1.011067199707031250e+02
1.413583564758300781e+01
2.627021789550781250e+01
-1.502527904510498047e+01
-2.291918754577636719e+01
2.835460205078125000e+02
1.344200592041015625e+02
2.254359817504882812e+01
-1.397552967071533203e+01
-1.849512481689453125e+01
-3.522018814086914062e+01
2.985563354492187500e+02
3.157249755859375000e+02
1.562864589691162109e+01
-7.129339599609375000e+01
-1.939505577087402344e+01
-2.629096221923828125e+01
4.110307922363281250e+02
5.474774169921875000e+02
1.419044017791748047e+01
-1.591274719238281250e+02
-2.392680358886718750e+01
-1.278833007812500000e+01
4.601587829589843750e+02
1.001564392089843750e+03
-4.412903213500976562e+01
-1.155805435180664062e+02
-1.861252593994140625e+01
-1.041076755523681641e+01
2.554670257568359375e+02
5.340261230468750000e+02
7.879905700683593750e+01
8.809540748596191406e+00
-7.249944686889648438e+00
-5.606872081756591797e+00
8.329585266113281250e+01
3.599025344848632812e+01
4.636332321166992188e+01
-1.847924346923828125e+02
6.139699220657348633e-01
-2.908478975296020508e+00
2.443367919921875000e+02
-8.343508148193359375e+01
6.723178863525390625e+01
-1.698766326904296875e+02
2.016506671905517578e+00
-6.680309295654296875e+00
2.666244812011718750e+02
1.527862548828125000e+02
7.428860664367675781e+00
-1.919792633056640625e+02
3.697061777114868164e+00
7.537766098976135254e-01
2.745161132812500000e+02
2.914709777832031250e+02
-3.956147766113281250e+01
-2.508416290283203125e+02
3.906150579452514648e+00
8.517219543457031250e+00
2.227677917480468750e+02
2.515257568359375000e+02
-4.742224884033203125e+01
-2.392521514892578125e+02
8.379080772399902344e+00
1.146228218078613281e+01
-1.251528549194335938e+01
2.588864135742187500e+02
-1.043435897827148438e+02
-1.817253112792968750e+02
2.539493560791015625e+00
1.427025032043457031e+01
7.488636016845703125e+00
7.468521595001220703e+00
6.251143455505371094e+00
5.999681472778320312e+00
-2.800998926162719727e+00
-2.684334516525268555e+00
2.539532775878906250e+02
-2.947149963378906250e+02
2.375728797912597656e+01
7.555865478515625000e+01
5.147077560424804688e+00
-2.483210945129394531e+01
2.936890258789062500e+02
-2.337936248779296875e+02
-8.931606292724609375e+00
5.232427597045898438e+01
-9.063817024230957031e+00
-2.180798149108886719e+01
2.880776367187500000e+02
3.818505096435546875e+01
-1.843835067749023438e+01
2.038278770446777344e+01
-1.496882057189941406e+01
-2.263588142395019531e+01
2.984856567382812500e+02
3.729906311035156250e+02
-2.705176353454589844e+01
-1.082196712493896484e+00
-1.808379936218261719e+01
-1.743128967285156250e+01
3.941112060546875000e+02
5.415427856445312500e+02
-5.211206436157226562e+01
-6.442591857910156250e+01
-2.376061630249023438e+01
-9.675905227661132812e+00
5.190753784179687500e+02
8.283562622070312500e+02
-1.847757568359375000e+02
-1.325139617919921875e+02
-1.527840423583984375e+01
-9.295714378356933594e+00
2.879265594482421875e+01
4.671625061035156250e+02
-1.931719970703125000e+02
-4.980229854583740234e+00
-1.121466541290283203e+01
-3.867460250854492188e+00
-1.198536071777343750e+02
7.987715148925781250e+01
3.547563791275024414e+00
-1.991661643981933594e+01
6.528313755989074707e-01
-2.332665920257568359e+00
1.401785125732421875e+02
-1.802670440673828125e+02
2.143349838256835938e+01
-6.731776428222656250e+01
5.716857433319091797e+00
-4.817667007446289062e+00
2.234165802001953125e+02
-2.255401039123535156e+01
1.358629322052001953e+01
-1.543513183593750000e+02
9.614960670471191406e+00
-8.138892173767089844e+00
2.479907836914062500e+02
2.291719818115234375e+02
-1.541649341583251953e+01
-2.315273590087890625e+02
7.222906112670898438e+00
3.656828165054321289e+00
2.436215972900390625e+02
2.993828430175781250e+02
-6.864011383056640625e+01
-3.053864746093750000e+02
4.914964675903320312e+00
1.007124137878417969e+01
2.473788299560546875e+02
2.286847229003906250e+02
-2.771062316894531250e+02
-2.728717956542968750e+02
4.957424163818359375e+00
4.437911987304687500e+00
-8.029688835144042969e+00
2.214721374511718750e+02
-1.063052368164062500e+02
-1.930193786621093750e+02
5.124124526977539062e+00
1.216670417785644531e+01
-1.808759002685546875e+02
1.835829315185546875e+02
-2.467669963836669922e+00
-1.350455474853515625e+01
1.228797626495361328e+01
-8.702495574951171875e+00
2.473493194580078125e+02
-2.720555419921875000e+02
2.989575862884521484e+00
4.687550735473632812e+01
-7.282928228378295898e-01
-1.651550102233886719e+01
2.662220153808593750e+02
-1.574320526123046875e+02
-2.519946098327636719e+01
3.054419898986816406e+01
-7.150379657745361328e+00
-2.057378768920898438e+01
2.474794769287109375e+02
2.061597442626953125e+02
-7.285025787353515625e+01
-1.510963678359985352e+00
-1.289397430419921875e+01
-1.360683441162109375e+01
3.621141357421875000e+02
4.997171325683593750e+02
-6.668215942382812500e+01
-2.039709091186523438e+01
-1.561296939849853516e+01
-8.519191741943359375e+00
4.883963928222656250e+02
8.500648803710937500e+02
-1.139127349853515625e+02
5.258991241455078125e+01
-5.505211353302001953e+00
-9.333450317382812500e+00
1.271339645385742188e+02
5.247279052734375000e+02
-6.913039398193359375e+01
1.380218200683593750e+02
-7.362646102905273438e+00
3.101734220981597900e-01
5.997518539428710938e+00
4.975717926025390625e+01
-4.480233383178710938e+01
1.642902679443359375e+02
-5.414189100265502930e-01
-2.448392391204833984e+00
1.591014251708984375e+02
-2.049208221435546875e+02
-2.579176902770996094e+01
7.754297637939453125e+01
6.236157894134521484e+00
-6.202609062194824219e+00
2.490419158935546875e+02
-1.812554016113281250e+02
-2.518751525878906250e+01
7.404322028160095215e-01
9.143982887268066406e+00
-9.839692711830139160e-01
2.883773498535156250e+02
7.234479522705078125e+01
-3.700809097290039062e+01
-5.994460296630859375e+01
8.944643020629882812e+00
-1.875887632369995117e+00
2.955239562988281250e+02
2.624188537597656250e+02
-1.016135406494140625e+02
-4.473491287231445312e+01
9.529099464416503906e+00
-8.764252662658691406e-01
2.719150390625000000e+02
2.679584655761718750e+02
-7.573352050781250000e+01
-2.559134674072265625e+02
4.187301158905029297e+00
1.492723560333251953e+01
2.235698547363281250e+02
2.648561096191406250e+02
-5.240910339355468750e+01
-2.784647521972656250e+02
6.752594947814941406e+00
1.113991355895996094e+01
3.263620758056640625e+01
2.669984741210937500e+02
-2.526184272766113281e+01
-9.879707336425781250e+01
4.719803810119628906e+00
1.111958980560302734e+01
1.338659515380859375e+02
-1.252975845336914062e+02
-1.000833988189697266e+00
2.831583499908447266e+00
-2.096378207206726074e-01
-2.528650283813476562e+00
3.012970275878906250e+02
-2.654403381347656250e+02
9.667882919311523438e+00
4.617039108276367188e+01
-9.202852249145507812e+00
-1.756857299804687500e+01
2.905033569335937500e+02
1.033504562377929688e+02
-7.612992095947265625e+01
2.827386856079101562e+01
-2.924358129501342773e+00
-1.035164356231689453e+01
4.020201416015625000e+02
5.227016601562500000e+02
-1.514456329345703125e+02
2.190531158447265625e+01
-3.359817743301391602e+00
-2.141008138656616211e+00
4.921218872070312500e+02
8.654204101562500000e+02
-2.689153442382812500e+02
9.902736663818359375e+00
2.568554639816284180e+00
5.178120136260986328e+00
1.522360839843750000e+02
4.413775634765625000e+02
-1.893090820312500000e+02
5.900588226318359375e+01
-1.600053310394287109e+00
7.818043708801269531e+00
-1.271200866699218750e+02
-2.578881025314331055e+00
-1.297669219970703125e+02
1.471705474853515625e+02
-1.034826040267944336e+00
5.290122509002685547e+00
1.271359939575195312e+02
-2.069344940185546875e+02
-9.198530578613281250e+01
2.127381439208984375e+02
9.666678428649902344e+00
-5.652887344360351562e+00
2.005819091796875000e+02
-2.458311309814453125e+02
-8.269509887695312500e+01
1.427284851074218750e+02
1.115290927886962891e+01
1.951408088207244873e-01
2.578706970214843750e+02
-1.217169036865234375e+02
-6.673146057128906250e+01
4.377050781250000000e+01
1.083772850036621094e+01
4.145559787750244141e+00
2.848426818847656250e+02
3.918625640869140625e+01
-3.931762313842773438e+01
-5.274716949462890625e+01
9.699003219604492188e+00
-5.187107920646667480e-01
2.676077880859375000e+02
2.237740173339843750e+02
-1.406208038330078125e+01
-1.878182373046875000e+02
7.241934776306152344e+00
6.726886749267578125e+00
2.599678955078125000e+02
2.911498718261718750e+02
-3.654639053344726562e+01
-2.740821838378906250e+02
3.613032579421997070e+00
1.103182506561279297e+01
2.365659790039062500e+02
2.588749084472656250e+02
-4.759318542480468750e+01
-1.150886154174804688e+02
1.728062152862548828e+00
8.865993499755859375e+00
-6.499947547912597656e+00
3.078655395507812500e+02
-3.681576919555664062e+01
-3.590867996215820312e+01
2.010392665863037109e+00
5.985903739929199219e+00
-3.549147415161132812e+01
5.405567932128906250e+01
5.707926273345947266e+00
1.752213835716247559e+00
-1.195025205612182617e+00
-5.766848921775817871e-01
2.775103454589843750e+02
-8.566016387939453125e+01
-9.651823425292968750e+01
1.280889129638671875e+01
9.291084289550781250e+00
-2.738753318786621094e+00
4.135975341796875000e+02
4.316741333007812500e+02
-3.604495544433593750e+02
2.606748104095458984e+00
8.831387519836425781e+00
3.072565317153930664e+00
2.372828979492187500e+02
7.558285522460937500e+02
-6.218969726562500000e+02
-1.357729339599609375e+01
1.798626899719238281e+01
2.386827278137207031e+01
-1.435843048095703125e+02
2.583016662597656250e+02
-4.403597412109375000e+02
2.634571266174316406e+01
4.239037990570068359e+00
1.751833915710449219e+01
-2.493069152832031250e+02
-1.097134628295898438e+02
-2.988720703125000000e+02
6.186697387695312500e+01
2.316470384597778320e+00
1.444633483886718750e+01
6.519293212890625000e+01
-2.967310180664062500e+02
-1.867243499755859375e+02
1.414419555664062500e+02
1.043595600128173828e+01
-2.392769336700439453e+00
1.321248626708984375e+02
-3.395408935546875000e+02
-1.168698883056640625e+02
1.793830566406250000e+02
1.574260520935058594e+01
-8.432431221008300781e+00
1.499266815185546875e+02
-2.405090637207031250e+02
-7.376875305175781250e+01
1.282191009521484375e+02
9.704251289367675781e+00
-2.040446043014526367e+00
1.925652160644531250e+02
-1.255137329101562500e+02
-2.645565795898437500e+01
-6.452878475189208984e+00
7.834410667419433594e+00
-5.908366203308105469e+00
2.145945434570312500e+02
2.416353797912597656e+01
1.001982212066650391e+01
-1.238073425292968750e+02
7.630834579467773438e+00
-1.006873321533203125e+01
1.883607940673828125e+02
1.655214080810546875e+02
1.453575611114501953e+01
-1.948243713378906250e+02
4.125766277313232422e+00
-3.250665187835693359e+00
1.979522857666015625e+02
3.444834899902343750e+02
-1.933357810974121094e+01
-1.392678985595703125e+02
2.768614292144775391e+00
-9.054485321044921875e+00
2.168910369873046875e+02
3.252291870117187500e+02
-2.482240867614746094e+01
-4.207865524291992188e+01
-9.466519355773925781e-01
-1.072686386108398438e+01
-3.347900009155273438e+01
2.444505615234375000e+02
-5.158049583435058594e+00
-2.036516189575195312e+01
-7.513220906257629395e-01
-1.224828529357910156e+01
-4.384830093383789062e+01
8.837590217590332031e+00
-1.303253650665283203e+00
-4.416010856628417969e+00
-1.227783322334289551e+00
1.259262919425964355e+00
1.403441162109375000e+02
3.575802612304687500e+02
-4.292610168457031250e+02
-9.532278060913085938e+00
1.319947528839111328e+01
7.573832035064697266e+00
-4.761482620239257812e+01
9.379285278320312500e+02
-5.450649414062500000e+02
-5.759771823883056641e+00
1.020638370513916016e+01
1.154724216461181641e+01
-1.522737884521484375e+01
8.391571807861328125e+01
-6.735221557617187500e+02
1.919484138488769531e+01
1.186111259460449219e+01
2.957736968994140625e+01
-1.267456741333007812e+02
-3.829500427246093750e+02
-4.375201110839843750e+02
4.508107376098632812e+01
-2.163221120834350586e+00
3.175530624389648438e+01
6.875593566894531250e+01
-3.111018371582031250e+02
-2.931601867675781250e+02
8.955561828613281250e+01
1.892441940307617188e+01
-4.714719295501708984e+00
1.026413955688476562e+02
-2.705765991210937500e+02
-1.851138763427734375e+02
1.498074340820312500e+02
1.475797557830810547e+01
-2.394455522298812866e-01
1.051232070922851562e+02
-2.215115509033203125e+02
-8.607657623291015625e+01
1.989834899902343750e+02
9.736492156982421875e+00
-4.605392932891845703e+00
1.369458312988281250e+02
-2.171583404541015625e+02
-2.172981834411621094e+01
8.465702819824218750e+01
6.325723171234130859e+00
-4.575629711151123047e+00
1.733687744140625000e+02
-1.876682586669921875e+02
1.693290138244628906e+01
-4.025784301757812500e+01
5.565424919128417969e+00
-2.979066133499145508e+00
1.842394256591796875e+02
-8.728242492675781250e+01
7.083282470703125000e+01
-1.686136627197265625e+02
4.635900020599365234e+00
-7.174525737762451172e+00
1.904159240722656250e+02
3.930516433715820312e+01
1.103327560424804688e+02
-1.282994842529296875e+02
5.384792804718017578e+00
-1.044872665405273438e+01
2.129209594726562500e+02
2.197924652099609375e+02
1.067070617675781250e+02
-5.700825881958007812e+01
7.067812919616699219e+00
-1.647056579589843750e+01
2.335889587402343750e+02
4.518194274902343750e+02
1.836939697265625000e+02
-3.004822921752929688e+01
6.888173580169677734e+00
-3.684574127197265625e+01
-3.408002138137817383e+00
3.832207031250000000e+02
3.164027709960937500e+02
-5.807890415191650391e+00
6.118044376373291016e+00
-2.085497856140136719e+01
-1.470113525390625000e+02
1.853704223632812500e+02
-3.550988769531250000e+01
1.291607379913330078e+00
1.144244909286499023e+00
-1.776656270027160645e+00
-6.703405761718750000e+01
1.146215515136718750e+02
4.242332458496093750e+01
-8.024422645568847656e+00
1.007599735260009766e+01
-3.358642458915710449e-01
-2.640578002929687500e+02
-2.034887542724609375e+02
-1.212608764648437500e+03
8.639582633972167969e+00
7.287078380584716797e+00
2.319546699523925781e+01
-8.303359985351562500e+01
-9.931094970703125000e+02
-6.341702880859375000e+02
1.937377166748046875e+01
5.220979213714599609e+00
4.056149291992187500e+01
-1.451626434326171875e+02
-4.803981933593750000e+02
-3.984894104003906250e+02
4.268052291870117188e+01
-9.567410945892333984e-01
3.268184280395507812e+01
-1.799179840087890625e+02
-1.740168609619140625e+02
-2.743940124511718750e+02
6.263240051269531250e+01
2.932309865951538086e+00
1.630338287353515625e+01
-1.156865844726562500e+02
-4.909341430664062500e+01
-1.304856262207031250e+02
1.335954589843750000e+02
-3.189949035644531250e+00
8.426933288574218750e+00
-9.814394378662109375e+01
-8.306112289428710938e+00
-4.728272628784179688e+01
1.582945404052734375e+02
8.981162309646606445e-01
2.385706901550292969e+00
-2.051137924194335938e+01
4.579745292663574219e+00
3.580847740173339844e+00
-1.707782363891601562e+01
-1.331988871097564697e-01
1.014883756637573242e+00
7.225196838378906250e+01
2.153530693054199219e+01
4.678430175781250000e+01
-1.509945678710937500e+02
1.601669430732727051e+00
-1.326482057571411133e+00
1.063930587768554688e+02
4.615449142456054688e+01
1.302361297607421875e+02
-1.393287048339843750e+02
4.040699958801269531e+00
-6.137166500091552734e+00
1.656903076171875000e+02
1.864015502929687500e+02
2.730324401855468750e+02
-6.086639404296875000e+01
-2.614152669906616211e+00
-1.506208896636962891e+01
2.324594116210937500e+02
4.620506591796875000e+02
4.040304565429687500e+02
-4.168553924560546875e+01
2.886830806732177734e+00
-3.468065643310546875e+01
1.468710784912109375e+02
8.818684692382812500e+02
6.991683959960937500e+02
-1.977896881103515625e+01
-3.108377456665039062e-01
-4.087699508666992188e+01
1.056733245849609375e+02
8.164439086914062500e+02
1.133460937500000000e+03
-6.906987667083740234e+00
-7.560099124908447266e+00
-2.233674430847167969e+01
1.868688720703125000e+03
1.859148193359375000e+03
6.853817138671875000e+02
-2.605686378479003906e+01
-2.555716323852539062e+01
-3.144345474243164062e+01
5.602611694335937500e+02
1.918152008056640625e+02
8.878975219726562500e+02
-4.946729913353919983e-02
-9.624182701110839844e+00
-1.988214111328125000e+01
-5.709947967529296875e+01
-1.696308708190917969e+01
-1.375724945068359375e+02
3.143316984176635742e+00
5.687560081481933594e+00
4.246410846710205078e+00
-2.612322998046875000e+01
-4.749085998535156250e+02
-3.436850280761718750e+02
8.494137763977050781e+00
3.097104430198669434e-01
2.431333160400390625e+01
2.546071434020996094e+01
-1.375059814453125000e+02
-2.930517883300781250e+02
1.858471107482910156e+01
2.669363498687744141e+00
2.137829017639160156e+01
1.172521400451660156e+01
9.512469482421875000e+01
-1.951903381347656250e+02
5.740892410278320312e+01
1.275174021720886230e-01
1.384462165832519531e+01
7.058792114257812500e+01
2.459652252197265625e+02
-1.228961868286132812e+02
9.975526428222656250e+01
-1.051128673553466797e+01
7.484358787536621094e+00
5.177471542358398438e+01
2.877387084960937500e+02
-4.854642868041992188e+01
2.827784156799316406e+01
-1.007108306884765625e+01
1.395449042320251465e+00
5.202924728393554688e+01
3.001178588867187500e+02
2.746511220932006836e+00
-5.552577590942382812e+01
-9.432661056518554688e+00
-5.133550763130187988e-01
1.885484008789062500e+02
3.306585693359375000e+02
5.297262573242187500e+01
-1.904232177734375000e+02
-1.462466430664062500e+01
-4.485705852508544922e+00
3.171426696777343750e+02
2.950551452636718750e+02
1.332720184326171875e+02
-1.423092803955078125e+02
-1.777107620239257812e+01
-1.013731193542480469e+01
6.562831420898437500e+02
3.018345336914062500e+02
3.280437011718750000e+02
-8.335144042968750000e+01
-2.247162818908691406e+01
-2.111968421936035156e+01
2.009568237304687500e+03
5.108557128906250000e+02
5.206612548828125000e+02
-5.411712646484375000e+01
-3.521652221679687500e+01
-2.203028297424316406e+01
3.046786132812500000e+03
1.165922119140625000e+03
7.227538452148437500e+02
-5.231456756591796875e+01
-3.041193389892578125e+01
-3.411312103271484375e+01
4.967479492187500000e+03
3.422692871093750000e+03
2.349203613281250000e+03
-5.648040008544921875e+01
-6.194260406494140625e+01
-4.025805664062500000e+01
4.056601562500000000e+03
3.030347900390625000e+03
2.618330810546875000e+03
-3.166936874389648438e+01
-4.463576507568359375e+01
-2.486904907226562500e+01
7.442215576171875000e+02
2.769426879882812500e+02
1.216976928710937500e+03
-3.081250190734863281e+00
-1.387065315246582031e+01
-2.355863952636718750e+01
-1.117495155334472656e+01
1.387301635742187500e+01
2.055982589721679688e+01
1.320274323225021362e-01
1.420501828193664551e+00
2.522476203739643097e-02
3.216135253906250000e+02
3.645755310058593750e+02
-3.428699951171875000e+02
-6.874085903167724609e+00
1.404957103729248047e+01
1.048829078674316406e+01
4.692035217285156250e+02
4.430615844726562500e+02
-3.320829467773437500e+02
-1.064618349075317383e+00
7.771894454956054688e+00
5.179106712341308594e+00
3.996358947753906250e+02
4.693401489257812500e+02
-1.704719085693359375e+02
1.740016746520996094e+01
-4.168546199798583984e+00
6.776978373527526855e-01
4.330617980957031250e+02
5.281915283203125000e+02
-6.935440063476562500e+01
-1.876137733459472656e+01
-1.746765899658203125e+01
-4.944460868835449219e+00
4.693768920898437500e+02
5.764417724609375000e+02
-4.893972396850585938e+01
-8.304344940185546875e+01
-2.471705245971679688e+01
-6.819080352783203125e+00
4.358688964843750000e+02
5.677323608398437500e+02
2.029603004455566406e+01
-1.600494232177734375e+02
-1.687953186035156250e+01
-1.025935077667236328e+01
5.658357543945312500e+02
5.961971435546875000e+02
9.122942352294921875e+01
-1.574682922363281250e+02
-3.001471519470214844e+01
-1.348264408111572266e+01
9.401525268554687500e+02
6.607338867187500000e+02
2.468540344238281250e+02
-6.748754119873046875e+01
-4.285642242431640625e+01
-2.608696746826171875e+01
1.667373901367187500e+03
7.845863647460937500e+02
5.817497558593750000e+02
-5.482801818847656250e+01
-4.886816787719726562e+01
-4.203355789184570312e+01
3.404321533203125000e+03
1.313512207031250000e+03
1.273435791015625000e+03
-5.584169387817382812e+01
-5.616002655029296875e+01
-4.744553756713867188e+01
1.761854003906250000e+03
1.739833984375000000e+03
2.391290771484375000e+03
-4.870131683349609375e+01
-5.091514968872070312e+01
-5.069777679443359375e+01
4.663928222656250000e+03
3.760421875000000000e+03
2.065295410156250000e+03
-5.674748992919921875e+01
-6.046380615234375000e+01
-4.200827789306640625e+01
2.521716796875000000e+03
1.843666381835937500e+03
7.987312622070312500e+02
-2.936923027038574219e+01
-2.867627334594726562e+01
-3.489056777954101562e+01
3.208777770996093750e+02
-9.994786987304687500e+02
4.796791381835937500e+02
8.986233711242675781e+00
-8.126389503479003906e+00
-9.135318756103515625e+00
2.234872436523437500e+02
-1.848354530334472656e+01
1.973274230957031250e+01
2.585993289947509766e+00
-4.075700342655181885e-01
1.588491916656494141e+00
3.532063293457031250e+02
3.479070129394531250e+02
-3.824754333496093750e+02
-1.554264163970947266e+01
1.656274080276489258e+00
1.670451736450195312e+01
2.882685241699218750e+02
4.501226196289062500e+02
-2.111007385253906250e+02
-2.356478500366210938e+01
1.907112717628479004e+00
1.187667655944824219e+01
3.168427124023437500e+02
5.416659545898437500e+02
-1.004669036865234375e+02
-3.982538986206054688e+01
-1.083561515808105469e+01
3.651067912578582764e-01
3.126719665527343750e+02
6.231866455078125000e+02
-5.280563735961914062e+01
-1.079295272827148438e+02
-2.246152877807617188e+01
2.488421678543090820e+00
2.885399169921875000e+02
6.573921508789062500e+02
9.114738464355468750e+00
-1.604217529296875000e+02
-2.274099159240722656e+01
-4.554200649261474609e+00
3.085661010742187500e+02
6.827355957031250000e+02
6.748166656494140625e+01
-2.063392944335937500e+02
-1.802406501770019531e+01
-1.031426906585693359e+01
4.218007202148437500e+02
6.567370605468750000e+02
1.499806060791015625e+02
-1.217757644653320312e+02
-3.396510314941406250e+01
-1.988677978515625000e+01
6.979667358398437500e+02
6.797414550781250000e+02
6.519619140625000000e+02
-6.074547958374023438e+01
-4.391985321044921875e+01
-4.268738174438476562e+01
1.063950927734375000e+03
1.224466064453125000e+03
1.452053833007812500e+03
-4.902684783935546875e+01
-4.492401123046875000e+01
-6.003513717651367188e+01
1.204193481445312500e+03
1.078334350585937500e+03
1.421099243164062500e+03
-4.315518188476562500e+01
-4.475378799438476562e+01
-5.654687500000000000e+01
3.247217041015625000e+03
1.239102294921875000e+03
1.157280273437500000e+03
-5.457106399536132812e+01
-5.346756362915039062e+01
-4.631297683715820312e+01
2.839438476562500000e+03
1.161215087890625000e+03
6.819709472656250000e+02
-6.101008224487304688e+01
-3.275103759765625000e+01
-3.117113113403320312e+01
2.376057952642440796e-01
-2.848418273925781250e+02
6.240899047851562500e+02
-1.060384559631347656e+01
-1.423268604278564453e+01
-2.582611656188964844e+01
-3.878822326660156250e+02
-3.789667968750000000e+02
4.048622131347656250e+02
8.379086494445800781e+00
-1.390947151184082031e+01
-5.852295875549316406e+00
-1.930627441406250000e+02
8.295613288879394531e+00
-2.884014511108398438e+01
2.086083441972732544e-01
7.939464092254638672e+00
-3.236656904220581055e+00
4.999263000488281250e+01
2.549371337890625000e+02
-1.490401611328125000e+02
-1.042740154266357422e+01
8.040512084960937500e+00
-1.514194369316101074e+00
6.856175994873046875e+01
3.698593750000000000e+02
-9.023400878906250000e+01
-2.351877021789550781e+01
-4.283752918243408203e+00
-3.810317277908325195e+00
1.073547821044921875e+02
4.728744812011718750e+02
-3.552188873291015625e+01
-9.069167327880859375e+01
-1.364011859893798828e+01
-4.550640106201171875e+00
1.362453308105468750e+02
5.130210571289062500e+02
4.135637283325195312e+00
-1.116806030273437500e+02
-1.709839820861816406e+01
-1.128081035614013672e+01
1.006854476928710938e+02
4.852384643554687500e+02
5.750782394409179688e+01
-1.778497772216796875e+02
-1.930488395690917969e+01
-1.527876853942871094e+01
1.729783172607421875e+02
4.328886718750000000e+02
1.351463165283203125e+02
-1.258041229248046875e+02
-2.486743354797363281e+01
-2.489472770690917969e+01
3.868074645996093750e+02
2.852358398437500000e+02
5.053644714355468750e+02
-6.001463699340820312e+01
-4.387871170043945312e+01
-3.682796859741210938e+01
7.233676147460937500e+02
4.216816101074218750e+02
1.256796875000000000e+03
-4.376547241210937500e+01
-4.177968597412109375e+01
-5.979034423828125000e+01
6.850562133789062500e+02
8.000447998046875000e+02
6.820072631835937500e+02
-6.356279373168945312e+01
-4.456706619262695312e+01
-4.303510284423828125e+01
2.051360595703125000e+03
8.166299438476562500e+02
6.044934082031250000e+02
-5.712929534912109375e+01
-5.117732238769531250e+01
-4.190929031372070312e+01
1.585636718750000000e+03
6.077098999023437500e+02
5.293026733398437500e+02
-5.813061904907226562e+01
-3.203462982177734375e+01
-2.753772735595703125e+01
6.634578704833984375e+01
5.493348388671875000e+02
4.185838317871093750e+02
-4.468922805786132812e+01
3.108989477157592773e+00
-3.122778511047363281e+01
-6.421280670166015625e+01
1.259372100830078125e+02
2.956007385253906250e+02
-1.873732185363769531e+01
-2.446222066879272461e+00
-2.091349983215332031e+01
-1.714403686523437500e+02
6.133471679687500000e+01
4.966897583007812500e+01
-6.582634925842285156e+00
-9.541591644287109375e+00
5.506953597068786621e-01
1.353518104553222656e+01
-3.988562393188476562e+01
-1.482003307342529297e+01
3.933488607406616211e+00
-3.351054906845092773e+00
1.240560412406921387e+00
1.959036102294921875e+02
2.913479232788085938e+01
-3.234099960327148438e+01
-1.304916381835937500e+01
-9.193264842033386230e-01
-1.649376869201660156e+01
2.246232147216796875e+02
1.986692047119140625e+02
-3.855449295043945312e+01
-4.590044021606445312e+01
-1.456223487854003906e+01
-1.445361232757568359e+01
2.299198150634765625e+02
2.154515838623046875e+02
1.179625797271728516e+01
-9.467990112304687500e+01
-1.238906097412109375e+01
-2.328841400146484375e+01
2.632882690429687500e+02
2.538932952880859375e+02
4.671304321289062500e+01
-1.423489837646484375e+02
-1.491277313232421875e+01
-3.357555007934570312e+01
3.039570007324218750e+02
1.989883422851562500e+02
8.886972045898437500e+01
-1.766946563720703125e+02
-2.668331718444824219e+01
-3.452223205566406250e+01
3.734899597167968750e+02
1.350013732910156250e+02
2.493357391357421875e+02
-1.055523223876953125e+02
-4.309656143188476562e+01
-3.525557327270507812e+01
3.903172912597656250e+02
3.161020812988281250e+02
5.070730590820312500e+02
-6.541588592529296875e+01
-4.850531387329101562e+01
-3.622882461547851562e+01
4.080888061523437500e+02
6.415902709960937500e+02
1.225618133544921875e+02
-1.193372955322265625e+02
-3.517996978759765625e+01
-2.041696548461914062e+01
8.531362304687500000e+02
5.908360595703125000e+02
2.098726959228515625e+02
-7.212931823730468750e+01
-4.213743591308593750e+01
-2.573127555847167969e+01
6.907914428710937500e+02
3.454119567871093750e+02
3.084330139160156250e+02
-8.513842010498046875e+01
-2.469840431213378906e+01
-2.393675994873046875e+01
-2.764026260375976562e+01
3.253065795898437500e+02
2.600147399902343750e+02
-8.430027008056640625e+01
-1.656772232055664062e+01
7.374769210815429688e+00
2.054260711669921875e+02
2.572994384765625000e+02
1.043568038940429688e+02
-5.977381896972656250e+01
7.457547664642333984e+00
-1.635419082641601562e+01
-7.362760162353515625e+01
2.351711578369140625e+02
-1.453057575225830078e+01
-6.047273635864257812e+01
6.982290267944335938e+00
1.902584791183471680e+00
-2.901400756835937500e+02
2.569102783203125000e+02
-6.289551258087158203e+00
-4.574905014038085938e+01
7.822639465332031250e+00
1.931704711914062500e+01
8.627249908447265625e+01
-9.147537231445312500e+01
-9.372715950012207031e-01
6.814413666725158691e-01
-3.577482700347900391e+00
2.543738842010498047e+00
2.541689300537109375e+02
-1.868590698242187500e+02
-2.234716033935546875e+01
-1.273356342315673828e+01
3.194035053253173828e+00
-1.009137439727783203e+01
2.597561035156250000e+02
-5.297328186035156250e+01
8.380534648895263672e-01
-3.650713729858398438e+01
3.927381992340087891e+00
-1.661385536193847656e+01
2.814736938476562500e+02
2.385675811767578125e+01
4.045978164672851562e+01
-6.635274505615234375e+01
-9.688286185264587402e-01
-3.115918922424316406e+01
3.386744079589843750e+02
6.880625152587890625e+01
5.554973602294921875e+01
-1.776865539550781250e+02
-8.378802299499511719e+00
-3.056747436523437500e+01
2.913601074218750000e+02
1.776191558837890625e+02
8.590110015869140625e+01
-1.713150939941406250e+02
-2.341960144042968750e+01
-3.321678924560546875e+01
2.375369262695312500e+02
4.145658874511718750e+02
1.218243942260742188e+02
-1.242281875610351562e+02
-3.112921524047851562e+01
-2.586456489562988281e+01
2.786169128417968750e+02
7.567120361328125000e+02
5.439213562011718750e+01
-1.811374664306640625e+02
-1.853621292114257812e+01
-9.499370574951171875e+00
4.659373474121093750e+02
5.954826049804687500e+02
7.040534973144531250e+01
-1.615432434082031250e+02
-2.884139823913574219e+01
-1.432297992706298828e+01
3.427453613281250000e+02
3.576039733886718750e+02
1.070213165283203125e+02
-1.430614929199218750e+02
-2.095608520507812500e+01
-1.379802131652832031e+01
-7.837713623046875000e+01
3.045447082519531250e+02
1.639772491455078125e+02
-1.494238281250000000e+02
-1.126735210418701172e+01
2.348778724670410156e+00
2.553805160522460938e+01
3.485405273437500000e+02
5.405813217163085938e+01
-1.463513336181640625e+02
1.663327026367187500e+01
-1.573422241210937500e+01
2.097902832031250000e+02
2.817933044433593750e+02
-2.607964515686035156e+01
-1.290549316406250000e+02
3.221381902694702148e+00
-2.396121025085449219e+00
-1.436371612548828125e+01
2.730784912109375000e+02
-3.309283065795898438e+01
-1.014875717163085938e+02
1.770414590835571289e+00
1.981885147094726562e+01
-2.844424133300781250e+02
2.744807128906250000e+02
-5.742268085479736328e+00
-5.392169189453125000e+01
1.099317431449890137e+00
2.007733345031738281e+01
-1.097385253906250000e+02
8.387819671630859375e+01
-7.919126749038696289e-01
5.188759326934814453e+00
1.193602466583251953e+01
-9.136609077453613281e+00
2.769608154296875000e+02
-2.464888610839843750e+02
3.221617266535758972e-02
-3.391245603561401367e+00
1.745129966735839844e+01
-1.893011283874511719e+01
2.766587524414062500e+02
-1.643525390625000000e+02
3.946144866943359375e+01
-6.438494110107421875e+01
5.572096824645996094e+00
-1.551329803466796875e+01
2.920205993652343750e+02
7.838030338287353516e+00
4.063608551025390625e+01
-5.380292129516601562e+01
-3.720435202121734619e-01
-2.920737075805664062e+01
2.327606048583984375e+02
2.332013244628906250e+02
4.518158340454101562e+01
-1.296531066894531250e+02
-1.377905464172363281e+01
-2.975312614440917969e+01
1.878446044921875000e+02
5.233049316406250000e+02
5.416227722167968750e+01
-1.646985473632812500e+02
-2.621368026733398438e+01
-1.641400337219238281e+01
2.874766540527343750e+02
6.422122192382812500e+02
8.829329490661621094e+00
-1.735924987792968750e+02
-2.202423095703125000e+01
-5.708571434020996094e+00
4.678284912109375000e+02
4.686733093261718750e+02
1.773299980163574219e+01
-1.961231536865234375e+02
-2.020039939880371094e+01
-1.064458274841308594e+01
7.691277313232421875e+01
2.862170410156250000e+02
5.031572723388671875e+01
-2.730408325195312500e+02
-1.789732933044433594e+01
-8.465338706970214844e+00
-1.459109954833984375e+02
2.152934112548828125e+02
8.750255584716796875e+01
-2.519336853027343750e+02
-9.411149024963378906e+00
6.729822158813476562e+00
-2.386746597290039062e+01
2.909880981445312500e+02
6.085615158081054688e+01
-2.424714508056640625e+02
-4.072530269622802734e+00
3.512412071228027344e+00
1.375942077636718750e+02
3.288517456054687500e+02
-2.628256225585937500e+01
-2.799469909667968750e+02
9.152247428894042969e+00
-4.417282581329345703e+00
2.168399963378906250e+02
2.440124053955078125e+02
-3.970724105834960938e+01
-2.539179687500000000e+02
4.776900291442871094e+00
1.229359626770019531e+01
1.370973110198974609e+01
2.321566925048828125e+02
-2.584334182739257812e+01
-1.990266265869140625e+02
1.681621313095092773e+00
1.954075431823730469e+01
-1.938947448730468750e+02
2.179083404541015625e+02
-1.682716369628906250e+01
-8.337370300292968750e+01
-1.195031833648681641e+01
2.790826225280761719e+01
-1.695801925659179688e+01
-1.698868942260742188e+01
-9.396129846572875977e-01
-1.019373655319213867e+00
6.217648983001708984e-01
5.529964566230773926e-01
2.445000305175781250e+02
-2.288755645751953125e+02
-1.267211318016052246e+00
-1.655663108825683594e+01
1.811100196838378906e+01
-2.422253417968750000e+01
2.396687927246093750e+02
-4.626383972167968750e+01
-4.534916952252388000e-04
-4.276691055297851562e+01
4.083255290985107422e+00
-1.919658279418945312e+01
2.293988647460937500e+02
2.157232513427734375e+02
1.150722026824951172e+01
-7.431539916992187500e+01
-9.890685081481933594e+00
-2.298532676696777344e+01
1.697576599121093750e+02
4.757196655273437500e+02
8.204377174377441406e+00
-1.279375610351562500e+02
-2.141274261474609375e+01
-1.226610088348388672e+01
3.006579895019531250e+02
6.817456665039062500e+02
-5.764368057250976562e+01
-9.513615417480468750e+01
-1.845781898498535156e+01
2.942229270935058594e+00
3.993229675292968750e+02
5.229765014648437500e+02
-4.431016159057617188e+01
-8.140955352783203125e+01
-2.145082283020019531e+01
-7.265497207641601562e+00
1.526508331298828125e+02
3.697350463867187500e+02
9.747230410575866699e-01
-2.316895866394042969e+01
-1.424689292907714844e+01
-5.569892406463623047e+00
-1.241567001342773438e+02
2.021882781982421875e+02
2.481139183044433594e+01
-7.814624786376953125e+01
-4.873422145843505859e+00
6.046874046325683594e+00
2.519481086730957031e+01
1.207435226440429688e+02
4.492642974853515625e+01
-1.661829833984375000e+02
-4.824721813201904297e+00
4.143678188323974609e+00
2.236026916503906250e+02
1.777127227783203125e+02
-1.114167690277099609e+00
-2.195403594970703125e+02
5.085651397705078125e+00
4.343490123748779297e+00
2.435902404785156250e+02
3.003320617675781250e+02
-4.015068817138671875e+01
-2.776665954589843750e+02
1.163381671905517578e+01
1.190328788757324219e+01
2.437937316894531250e+02
2.742688598632812500e+02
-6.874807739257812500e+01
-2.969643249511718750e+02
3.402520418167114258e+00
1.342613792419433594e+01
-2.873268318176269531e+01
2.709909667968750000e+02
-1.528262939453125000e+02
-1.613070373535156250e+02
9.540992736816406250e+00
2.190023994445800781e+01
-2.190551605224609375e+02
2.603077087402343750e+02
-2.288927650451660156e+01
-7.487471008300781250e+01
-4.144082069396972656e+00
2.916784286499023438e+01
1.361719970703125000e+02
-1.324247741699218750e+02
-9.412888288497924805e-01
2.085018604993820190e-01
-6.825888633728027344e+00
9.130839347839355469e+00
2.745156555175781250e+02
-1.829601745605468750e+02
-2.223318099975585938e+01
-9.660186767578125000e+00
6.174314975738525391e+00
-1.154587078094482422e+01
2.399119567871093750e+02
1.788424377441406250e+02
-3.667953872680664062e+01
-3.669236373901367188e+01
-7.427819728851318359e+00
-1.185948467254638672e+01
2.077641448974609375e+02
5.270232543945312500e+02
-3.771239852905273438e+01
-6.152041625976562500e+01
-1.706760597229003906e+01
-3.724824190139770508e+00
2.909857788085937500e+02
5.723595581054687500e+02
-9.687485504150390625e+01
-3.113431167602539062e+01
-8.076230049133300781e+00
-9.464613795280456543e-01
4.361218566894531250e+02
4.903458557128906250e+02
-6.603131103515625000e+01
-1.100925159454345703e+01
-1.446054553985595703e+01
-6.195310592651367188e+00
1.225222625732421875e+02
3.171227111816406250e+02
-4.472492599487304688e+01
1.632161903381347656e+01
-1.376788616180419922e+01
-2.635248661041259766e+00
-1.586163024902343750e+02
1.581828765869140625e+02
-1.711110115051269531e+01
4.821475982666015625e+01
-5.305711746215820312e+00
3.649425268173217773e+00
-3.913172960281372070e+00
8.923320770263671875e+00
-1.826519846916198730e+00
3.498859882354736328e+00
1.108483433723449707e+00
-1.525774121284484863e+00
2.151780395507812500e+02
-7.871956348419189453e+00
-1.240851998329162598e+00
-5.321535491943359375e+01
1.332100772857666016e+01
-1.149251842498779297e+01
2.382305450439453125e+02
2.162668304443359375e+02
-3.273009872436523438e+01
-9.682690429687500000e+01
1.756559371948242188e+01
-2.881245613098144531e+00
2.639596557617187500e+02
2.615584106445312500e+02
-1.055306930541992188e+02
-1.109023742675781250e+02
1.124461841583251953e+01
1.032757282257080078e+01
2.387299499511718750e+02
2.805818176269531250e+02
-7.701753997802734375e+01
-2.548190460205078125e+02
6.246968746185302734e+00
1.306034660339355469e+01
2.167983245849609375e+01
2.798239440917968750e+02
-2.692603302001953125e+01
-1.692376708984375000e+02
4.524195671081542969e+00
2.193719100952148438e+01
-2.864813232421875000e+02
2.808096618652343750e+02
-3.963418006896972656e+00
-5.649458694458007812e+01
3.908129692077636719e+00
1.785878562927246094e+01
-1.112842845916748047e+01
1.751753997802734375e+01
-1.610685825347900391e+00
7.911692857742309570e-01
3.287019252777099609e+00
-9.996154904365539551e-01
1.835880889892578125e+02
5.576311111450195312e+01
-2.520755958557128906e+01
-1.022649955749511719e+01
2.406247138977050781e+00
-1.439876556396484375e+01
1.824556884765625000e+02
3.948122863769531250e+02
-8.278820800781250000e+01
-1.850078010559082031e+01
-6.382562637329101562e+00
-3.194682359695434570e+00
3.136167297363281250e+02
4.427723388671875000e+02
-2.206329345703125000e+02
-2.068613052368164062e+01
3.814142704010009766e+00
8.135182380676269531e+00
4.602556762695312500e+02
4.107443847656250000e+02
-1.652015228271484375e+02
1.810949325561523438e+01
-1.346712589263916016e+00
-9.610512852668762207e-01
-2.012271118164062500e+01
2.448417053222656250e+02
-1.207158355712890625e+02
9.541889953613281250e+01
-1.023430061340332031e+01
2.146517992019653320e+00
-2.241216583251953125e+02
8.291075134277343750e+01
-7.424795532226562500e+01
1.641474761962890625e+02
-1.456025958061218262e+00
8.357130050659179688e+00
-7.278485107421875000e+01
-9.977481842041015625e+01
-4.570615005493164062e+01
1.338487548828125000e+02
8.123312950134277344e+00
-7.083393573760986328e+00
1.497990264892578125e+02
-1.981718292236328125e+02
-4.923756027221679688e+01
1.349401092529296875e+01
1.501181602478027344e+01
-9.598157882690429688e+00
2.027527313232421875e+02
-8.139908313751220703e-01
-4.681470108032226562e+01
-1.207872772216796875e+01
2.016262054443359375e+01
-9.232083320617675781e+00
2.177935791015625000e+02
2.147098388671875000e+02
-3.449283599853515625e+01
-9.610455322265625000e+01
1.779945945739746094e+01
-3.769343137741088867e+00
2.514088287353515625e+02
3.035162658691406250e+02
-4.441262054443359375e+01
-2.382368164062500000e+02
7.244476318359375000e+00
1.380563831329345703e+01
2.191149749755859375e+02
2.714848632812500000e+02
-3.835708618164062500e+01
-2.676024475097656250e+02
7.420670509338378906e+00
1.261823749542236328e+01
7.091400623321533203e+00
2.476235809326171875e+02
-3.343426132202148438e+01
-9.745314788818359375e+01
2.664959669113159180e+00
1.526135253906250000e+01
-2.626905822753906250e+02
2.537586669921875000e+02
-6.207926273345947266e+00
-4.091953277587890625e+01
5.071058750152587891e+00
1.746187210083007812e+01
-9.600998878479003906e+00
2.697570085525512695e+00
-5.435521125793457031e+00
2.892591714859008789e+00
7.159636974334716797e+00
-4.085243225097656250e+00
1.534795989990234375e+02
2.039278869628906250e+02
-1.400599975585937500e+02
-1.341028308868408203e+01
4.638707160949707031e+00
-1.691560268402099609e+00
2.029212341308593750e+02
3.218900146484375000e+02
-4.819354553222656250e+02
-1.012302017211914062e+01
5.400042533874511719e+00
2.097965812683105469e+01
4.488898620605468750e+02
3.766170959472656250e+02
-3.784736938476562500e+02
3.410506486892700195e+00
9.497667312622070312e+00
7.256045818328857422e+00
1.885363006591796875e+02
1.392921295166015625e+02
-2.244773712158203125e+02
7.174677276611328125e+01
-2.970315456390380859e+00
9.724253654479980469e+00
-1.485060882568359375e+02
-9.080812072753906250e+01
-1.128876876831054688e+02
1.345676727294921875e+02
-2.973639726638793945e+00
1.463289165496826172e+01
9.536352157592773438e-01
-2.896731262207031250e+02
-6.527915954589843750e+01
2.086934356689453125e+02
7.656177043914794922e+00
-6.025091171264648438e+00
1.465467376708984375e+02
-3.266858825683593750e+02
-7.032639312744140625e+01
1.643047180175781250e+02
1.465623092651367188e+01
-1.019825553894042969e+01
1.675594024658203125e+02
-1.998785552978515625e+02
-5.103626632690429688e+01
3.611804580688476562e+01
1.696124839782714844e+01
-6.407397747039794922e+00
1.989029998779296875e+02
-2.416528701782226562e+01
-1.275468945503234863e+00
-5.700120925903320312e+01
1.592660045623779297e+01
-1.111496734619140625e+01
1.921985473632812500e+02
1.750177917480468750e+02
4.449014186859130859e+00
-1.810411529541015625e+02
1.058761501312255859e+01
3.873899698257446289e+00
1.749610900878906250e+02
3.401722717285156250e+02
-1.973534584045410156e+01
-2.489207305908203125e+02
1.530412769317626953e+01
-2.089876413345336914e+00
1.989432525634765625e+02
2.796998291015625000e+02
-1.523741340637207031e+01
-1.319372863769531250e+02
5.618547439575195312e+00
-2.864944458007812500e+00
-8.240193176269531250e+01
2.423292541503906250e+02
-6.006108283996582031e+00
-6.096387481689453125e+01
5.498928546905517578e+00
4.351707458496093750e+00
-2.866344299316406250e+02
1.002904281616210938e+02
9.539743804931640625e+01
-4.183580875396728516e+00
-8.762936592102050781e+00
6.399931430816650391e+00
4.972625732421875000e+01
-1.660604095458984375e+01
-3.146406364440917969e+01
4.357328891754150391e+00
-1.872440338134765625e+00
6.321343898773193359e+00
-4.981245994567871094e+00
3.755346679687500000e+01
-5.039819717407226562e+01
1.261625647544860840e+00
-3.017766773700714111e-01
-2.593451738357543945e-01
3.497216796875000000e+02
3.195230712890625000e+02
-4.409472045898437500e+02
-4.414393424987792969e+00
1.169064044952392578e+01
1.139885330200195312e+01
5.210343933105468750e+01
-8.536071014404296875e+01
-3.951076354980468750e+02
1.829369544982910156e+01
1.879189372062683105e+00
1.840336799621582031e+01
-2.285418090820312500e+02
-2.278408203125000000e+02
-1.309191589355468750e+02
5.920637130737304688e+01
-4.950044155120849609e+00
1.806593322753906250e+01
-2.411345672607421875e+01
-3.345653686523437500e+02
-6.077173614501953125e+01
1.436613006591796875e+02
-1.472617244720458984e+01
1.661834335327148438e+01
-3.149061012268066406e+01
-2.648485717773437500e+02
-7.030390930175781250e+01
1.982988128662109375e+02
8.656795501708984375e+00
-9.130715370178222656e+00
-2.981201553344726562e+01
-1.332295227050781250e+02
-4.428962326049804688e+01
1.398511810302734375e+02
6.760767459869384766e+00
-2.945437908172607422e+00
8.893009185791015625e+00
-2.212146186828613281e+01
-1.137328624725341797e+00
-6.528875350952148438e+00
4.202808737754821777e-01
8.513342142105102539e-01
4.266845321655273438e+01
1.344765777587890625e+02
4.431692886352539062e+01
-1.358073120117187500e+02
-3.815012931823730469e+00
3.678351879119873047e+00
3.808110427856445312e+01
2.981145935058593750e+02
6.595272827148437500e+01
-2.021170806884765625e+02
-7.148843765258789062e+00
8.346506118774414062e+00
2.414311790466308594e+01
3.550042114257812500e+02
5.863240432739257812e+01
-1.470582885742187500e+02
1.553298187255859375e+01
-1.584811687469482422e+01
2.337009277343750000e+02
2.597875061035156250e+02
1.101005935668945312e+02
-5.915235137939453125e+01
6.659771442413330078e+00
-1.833738899230957031e+01
-5.652112960815429688e+01
9.470430755615234375e+01
3.351699829101562500e+02
-1.594051742553710938e+01
-1.000648260116577148e+00
-1.885163688659667969e+01
-3.143399353027343750e+02
-3.359996032714843750e+02
3.560726013183593750e+02
7.017011165618896484e+00
-1.237021636962890625e+01
-7.949601173400878906e+00
-1.635023956298828125e+02
-8.857310791015625000e+02
4.996372680664062500e+02
1.041867637634277344e+01
-1.057547187805175781e+01
-1.280728149414062500e+01
9.735205841064453125e+01
-6.603344726562500000e+01
-2.696334266662597656e+01
1.929464817047119141e+00
-1.138477802276611328e+00
1.391350865364074707e+00
-1.054232482910156250e+02
-3.675702209472656250e+02
-2.982379760742187500e+02
3.144691944122314453e+00
-1.559622287750244141e+00
1.984697532653808594e+01
-2.876934204101562500e+02
-4.692544555664062500e+02
-1.662876892089843750e+02
3.048918724060058594e+01
-4.990540027618408203e+00
3.446015930175781250e+01
-1.963050231933593750e+02
-2.443572082519531250e+02
-1.031356430053710938e+02
5.844092178344726562e+01
-6.928957939147949219e+00
1.670617866516113281e+01
-1.560083007812500000e+02
-6.552444458007812500e+01
-1.155980148315429688e+02
1.267190780639648438e+02
-7.214881896972656250e+00
1.276670932769775391e+01
-1.841592102050781250e+02
5.690906906127929688e+01
-7.253920745849609375e+01
1.716267547607421875e+02
-3.822994232177734375e+00
9.417730331420898438e+00
-1.630569610595703125e+02
1.411609344482421875e+02
-1.829843711853027344e+01
4.761227798461914062e+01
-4.238051414489746094e+00
4.487088680267333984e+00
-9.846060180664062500e+01
2.139908599853515625e+02
2.188700294494628906e+01
-7.713842010498046875e+01
-6.596352100372314453e+00
5.836863994598388672e+00
-9.950646209716796875e+01
2.286275482177734375e+02
9.115110015869140625e+01
-2.034648742675781250e+02
-8.963454246520996094e+00
6.171279430389404297e+00
-9.384182739257812500e+01
2.857126770019531250e+02
1.786124572753906250e+02
-1.565758972167968750e+02
-1.346006584167480469e+01
1.610705137252807617e+00
1.743050956726074219e+01
3.494492492675781250e+02
2.724765319824218750e+02
-8.903949737548828125e+01
-1.904979133605957031e+01
5.722732067108154297e+00
1.794005432128906250e+02
4.279850769042968750e+02
3.983697814941406250e+02
-4.383894729614257812e+01
3.529022216796875000e+00
-3.274943923950195312e+01
9.317605590820312500e+01
-8.782312774658203125e+01
5.905838623046875000e+02
-1.985063743591308594e+01
-8.150459289550781250e+00
-2.759726715087890625e+01
7.072531127929687500e+02
7.054358520507812500e+02
4.234272460937500000e+02
-5.180044555664062500e+01
-2.685454559326171875e+01
-2.740503501892089844e+01
1.527124500274658203e+01
-4.597798919677734375e+01
5.377843627929687500e+02
-1.972634315490722656e+01
-8.214900970458984375e+00
-3.235913848876953125e+01
-7.267821502685546875e+01
3.766039123535156250e+02
2.710295410156250000e+02
-4.093469619750976562e+00
2.537361621856689453e+00
-1.916104125976562500e+01
1.604745483398437500e+01
3.238213729858398438e+01
-5.504592418670654297e+00
-2.473578691482543945e+00
-1.224078655242919922e+00
-2.590230703353881836e+00
8.937576293945312500e+00
-2.845627441406250000e+02
2.522371482849121094e+01
1.538182735443115234e+01
-1.095284461975097656e+00
5.519571781158447266e+00
9.725069046020507812e+00
-2.604360961914062500e+02
8.049736022949218750e+00
6.011666107177734375e+01
-2.522631168365478516e+00
-1.013485193252563477e+00
6.415161132812500000e+01
-2.835953521728515625e+01
-5.841905975341796875e+01
9.807794952392578125e+01
-8.384308815002441406e+00
-7.918425083160400391e+00
3.319576644897460938e+01
1.250614852905273438e+02
-3.722023010253906250e+01
1.231624374389648438e+02
-1.166606330871582031e+01
-9.341086387634277344e+00
1.865556144714355469e+01
1.934543457031250000e+02
1.800926178693771362e-01
9.875627517700195312e+00
-1.125232601165771484e+01
-1.259497165679931641e+01
1.147191772460937500e+02
2.811427917480468750e+02
4.402263259887695312e+01
-1.003773269653320312e+02
-1.421849346160888672e+01
-1.925748825073242188e+01
2.025522613525390625e+02
3.246661987304687500e+02
1.189534454345703125e+02
-1.774167480468750000e+02
-2.170339393615722656e+01
-1.855177879333496094e+01
3.154709167480468750e+02
2.850930480957031250e+02
2.767500610351562500e+02
-1.342804718017578125e+02
-2.656510925292968750e+01
-2.608824729919433594e+01
8.445347290039062500e+02
3.767832336425781250e+02
3.376993408203125000e+02
-8.796130371093750000e+01
-2.714990806579589844e+01
-2.834140205383300781e+01
1.319146728515625000e+03
8.778602294921875000e+02
4.346986694335937500e+02
-5.144451904296875000e+01
-3.039810943603515625e+01
-2.527750205993652344e+01
1.322853637695312500e+03
3.467485595703125000e+03
7.268561401367187500e+02
-6.834079742431640625e+01
-5.725541305541992188e+01
-4.979757308959960938e+01
2.648482421875000000e+03
1.414616821289062500e+03
6.814168090820312500e+02
-6.068013381958007812e+01
-3.641218566894531250e+01
-3.306314849853515625e+01
4.176567077636718750e+02
9.596279907226562500e+02
6.260737915039062500e+02
-2.321991348266601562e+01
-4.908570766448974609e+00
-4.262488555908203125e+01
9.238879394531250000e+01
4.642252502441406250e+02
3.144145202636718750e+02
-5.596673488616943359e+00
-1.186170697212219238e+00
-2.470960617065429688e+01
1.827377471923828125e+02
-7.263290405273437500e+01
1.681822204589843750e+01
1.318400204181671143e-01
-4.688930213451385498e-01
-1.534874200820922852e+00
3.265954589843750000e+02
-9.634041595458984375e+01
-7.510163116455078125e+01
7.228570938110351562e+00
8.963511466979980469e+00
-7.138049125671386719e+00
3.184923706054687500e+02
9.389395904541015625e+01
-8.065925598144531250e+01
2.488393974304199219e+01
-4.474194526672363281e+00
-1.388990497589111328e+01
3.137892761230468750e+02
2.547180175781250000e+02
-8.567453002929687500e+01
2.764163017272949219e+01
-1.741131591796875000e+01
-1.468573188781738281e+01
3.356814575195312500e+02
3.236900329589843750e+02
-2.588683891296386719e+01
-1.734921836853027344e+01
-2.174323272705078125e+01
-2.080445289611816406e+01
3.184545288085937500e+02
3.385535888671875000e+02
1.606549072265625000e+01
-7.279523468017578125e+01
-1.864544677734375000e+01
-2.762044715881347656e+01
4.033749389648437500e+02
3.404415283203125000e+02
7.513976287841796875e+01
-1.767860717773437500e+02
-2.827470016479492188e+01
-2.932559394836425781e+01
6.170987548828125000e+02
3.026265563964843750e+02
2.264661407470703125e+02
-1.197168121337890625e+02
-3.891033172607421875e+01
-3.985643005371093750e+01
1.002190795898437500e+03
2.806312561035156250e+02
5.093558654785156250e+02
-7.957389068603515625e+01
-3.473792266845703125e+01
-4.731285858154296875e+01
1.676747802734375000e+03
7.704170532226562500e+02
5.839082031250000000e+02
-5.851908874511718750e+01
-4.869928741455078125e+01
-4.634421157836914062e+01
1.080444824218750000e+03
1.038780883789062500e+03
1.408849121093750000e+03
-4.424234771728515625e+01
-4.321192932128906250e+01
-5.619076538085937500e+01
2.907802001953125000e+03
1.193332763671875000e+03
1.140014526367187500e+03
-5.362019729614257812e+01
-5.367634582519531250e+01
-4.604731750488281250e+01
2.884278564453125000e+03
1.233648071289062500e+03
6.735231323242187500e+02
-5.464904022216796875e+01
-3.199783897399902344e+01
-3.236502075195312500e+01
1.199383850097656250e+02
-4.025674133300781250e+02
5.800820922851562500e+02
-1.283745479583740234e+01
-9.704822540283203125e+00
-2.507379150390625000e+01
-3.783308105468750000e+02
-3.304548645019531250e+02
3.980156555175781250e+02
7.885605812072753906e+00
-1.133570671081542969e+01
-6.860133171081542969e+00
-1.705348205566406250e+02
-1.900117492675781250e+01
1.754375457763671875e+01
-2.239214181900024414e+00
6.000028133392333984e+00
-7.379633784294128418e-01
4.125172805786132812e+01
2.586408081054687500e+02
-1.359363250732421875e+02
-1.141887950897216797e+01
7.570548534393310547e+00
-5.657059550285339355e-01
1.018267974853515625e+02
4.144852905273437500e+02
-9.461524963378906250e+01
-1.976266479492187500e+01
-4.471602916717529297e+00
-4.532633781433105469e+00
1.206488113403320312e+02
4.807605895996093750e+02
-3.781780624389648438e+01
-8.282751464843750000e+01
-1.415250492095947266e+01
-3.653194665908813477e+00
1.162218322753906250e+02
5.098911132812500000e+02
7.402367591857910156e+00
-1.144356079101562500e+02
-1.701195335388183594e+01
-1.089100074768066406e+01
1.360805664062500000e+02
4.967266540527343750e+02
6.243043136596679688e+01
-1.735420837402343750e+02
-2.034038925170898438e+01
-1.738636016845703125e+01
1.887089691162109375e+02
4.228936157226562500e+02
1.426205902099609375e+02
-1.268395156860351562e+02
-2.584626579284667969e+01
-2.474942398071289062e+01
3.458100280761718750e+02
2.843325805664062500e+02
4.933422851562500000e+02
-6.462071990966796875e+01
-4.413644027709960938e+01
-3.413982391357421875e+01
7.273179931640625000e+02
4.222552185058593750e+02
1.216486083984375000e+03
-4.328398132324218750e+01
-4.202634048461914062e+01
-5.924182128906250000e+01
6.851142578125000000e+02
7.449284057617187500e+02
1.757351928710937500e+03
-4.653933334350585938e+01
-4.176023483276367188e+01
-7.736422729492187500e+01
1.213945312500000000e+03
1.283299438476562500e+03
1.480053466796875000e+03
-4.769165420532226562e+01
-5.051881408691406250e+01
-6.161465454101562500e+01
1.683372924804687500e+03
2.854432861328125000e+03
7.492955932617187500e+02
-6.496517944335937500e+01
-6.150518035888671875e+01
-4.429893493652343750e+01
1.245850585937500000e+03
6.947965698242187500e+02
5.719642333984375000e+02
-4.734970474243164062e+01
-2.369745445251464844e+01
-5.083653259277343750e+01
-1.541801738739013672e+01
-9.532341918945312500e+02
4.435307922363281250e+02
6.865830421447753906e+00
-2.106119537353515625e+01
-2.624077224731445312e+01
-1.109416351318359375e+02
-4.070100402832031250e+02
3.666093139648437500e+02
1.698537826538085938e+01
-5.138157367706298828e+00
-1.447285270690917969e+01
1.281488494873046875e+02
4.170882797241210938e+01
-2.398606300354003906e+01
-2.963474750518798828e+00
-6.019155979156494141e+00
-4.123836994171142578e+00
1.125087738037109375e+02
3.029930419921875000e+02
-7.877645111083984375e+01
-7.961474418640136719e+00
-8.329993247985839844e+00
5.566534996032714844e-01
1.512180633544921875e+02
4.096824645996093750e+02
-2.382105255126953125e+01
-4.111122131347656250e+01
-1.765721130371093750e+01
-3.830779075622558594e+00
2.018221740722656250e+02
4.614175109863281250e+02
8.810276985168457031e+00
-1.417836303710937500e+02
-2.723500823974609375e+01
-9.043151855468750000e+00
1.946735839843750000e+02
4.461098327636718750e+02
5.193811798095703125e+01
-2.231987152099609375e+02
-2.844132614135742188e+01
-1.383499145507812500e+01
2.126132202148437500e+02
3.381539916992187500e+02
1.351321563720703125e+02
-1.537120208740234375e+02
-2.634668350219726562e+01
-2.432347679138183594e+01
3.063623352050781250e+02
2.286813964843750000e+02
3.202602233886718750e+02
-9.307122039794921875e+01
-3.215069961547851562e+01
-3.774349594116210938e+01
4.579237976074218750e+02
3.120853881835937500e+02
1.026663940429687500e+03
-4.047340393066406250e+01
-4.142060852050781250e+01
-7.399761199951171875e+01
3.243643798828125000e+02
3.127774658203125000e+02
9.841076049804687500e+02
-4.317739105224609375e+01
-4.082644653320312500e+01
-7.717555999755859375e+01
8.317570800781250000e+02
4.077254333496093750e+02
1.115220703125000000e+03
-4.538323211669921875e+01
-4.494409179687500000e+01
-6.233856582641601562e+01
1.557190673828125000e+03
7.774826660156250000e+02
6.091185913085937500e+02
-6.187245178222656250e+01
-5.058009719848632812e+01
-4.245463562011718750e+01
1.295709716796875000e+03
8.648816528320312500e+02
4.447985229492187500e+02
-6.070696640014648438e+01
-3.157215118408203125e+01
-2.849066925048828125e+01
-6.459151458740234375e+01
-3.202168579101562500e+02
3.844270629882812500e+02
-3.256247329711914062e+01
-1.247071385383605957e+00
-1.725868797302246094e+01
-3.017993164062500000e+02
-4.197870788574218750e+02
3.196461486816406250e+02
3.238334894180297852e+00
-1.264866256713867188e+01
-2.088859319686889648e+00
-1.626815643310546875e+02
-2.143534240722656250e+02
1.114588012695312500e+02
8.629210472106933594e+00
-6.658553600311279297e+00
-1.495572447776794434e+00
9.516788482666015625e+00
2.410722541809082031e+01
-1.665738677978515625e+01
1.820934176445007324e+00
-1.519385695457458496e+00
-1.122718930244445801e+00
7.071807861328125000e+01
2.377776031494140625e+02
-2.039075469970703125e+01
-1.978777289390563965e+00
-9.341765403747558594e+00
-5.971470355987548828e+00
7.200764465332031250e+01
2.950901184082031250e+02
1.745987892150878906e+01
-1.231954574584960938e+02
-1.650903320312500000e+01
-9.558220863342285156e+00
1.131223526000976562e+02
2.836085815429687500e+02
5.034332656860351562e+01
-1.502217712402343750e+02
-2.407525062561035156e+01
-1.842938613891601562e+01
1.120002899169921875e+02
2.011623840332031250e+02
1.109400482177734375e+02
-1.762748565673828125e+02
-2.682754135131835938e+01
-2.585121154785156250e+01
1.080917434692382812e+02
1.400823364257812500e+02
1.831843414306640625e+02
-1.055068817138671875e+02
-2.704312324523925781e+01
-3.965604400634765625e+01
2.453663635253906250e+02
1.037973175048828125e+02
3.543440856933593750e+02
-4.307025527954101562e+01
-3.625696563720703125e+01
-5.036183166503906250e+01
1.982920532226562500e+02
2.693688659667968750e+02
2.678857727050781250e+02
-8.513663482666015625e+01
-2.949243736267089844e+01
-3.587352752685546875e+01
3.761110229492187500e+02
2.957953491210937500e+02
4.522449340820312500e+02
-5.763434219360351562e+01
-4.718290328979492188e+01
-3.656411361694335938e+01
9.584151000976562500e+02
2.727715148925781250e+02
5.102334899902343750e+02
-7.377314758300781250e+01
-3.162705993652343750e+01
-4.566141128540039062e+01
6.888277587890625000e+02
3.169526367187500000e+02
3.453252563476562500e+02
-8.489949798583984375e+01
-2.534542655944824219e+01
-2.470276832580566406e+01
2.527288513183593750e+02
1.339427490234375000e+02
2.684628295898437500e+02
-6.348688125610351562e+01
-4.120331764221191406e+00
-1.173945331573486328e+01
-1.764139556884765625e+02
-1.527262420654296875e+02
1.881216583251953125e+02
-5.757728576660156250e+01
6.519062995910644531e+00
-5.336523056030273438e+00
-3.210992126464843750e+02
-7.432356262207031250e+01
6.694988250732421875e+01
-2.884074974060058594e+01
3.017301797866821289e+00
1.170272922515869141e+01
-2.305288696289062500e+02
-2.694660377502441406e+01
1.732649040222167969e+01
1.515484905242919922e+01
-1.890334784984588623e-01
1.590144538879394531e+01
-4.274166870117187500e+01
-1.948420333862304688e+01
-2.283765792846679688e+00
8.329112052917480469e+00
3.507597684860229492e+00
2.214442253112792969e+00
3.265415191650390625e+01
1.390675964355468750e+02
1.976432681083679199e+00
-4.965622329711914062e+01
-4.595156192779541016e+00
-6.495784521102905273e-01
6.962300872802734375e+01
1.428325347900390625e+02
4.297508239746093750e+01
-9.345707702636718750e+01
-1.313611698150634766e+01
-4.818497180938720703e+00
1.014244308471679688e+02
9.110013580322265625e+01
7.572632598876953125e+01
-1.618047637939453125e+02
-1.440878486633300781e+01
-1.178701400756835938e+01
1.572749328613281250e+02
3.502240371704101562e+01
1.247965621948242188e+02
-1.837306365966796875e+02
-2.185284614562988281e+01
-2.358846282958984375e+01
1.247994308471679688e+02
1.357861328125000000e+02
1.707149963378906250e+02
-9.644169616699218750e+01
-2.876572990417480469e+01
-3.555313873291015625e+01
1.053360595703125000e+02
3.721831054687500000e+02
1.183255691528320312e+02
-1.601185607910156250e+02
-2.378215217590332031e+01
-2.919291687011718750e+01
2.021381988525390625e+02
4.156070556640625000e+02
1.162926330566406250e+02
-1.377963256835937500e+02
-2.994067192077636719e+01
-3.087444114685058594e+01
5.185387573242187500e+02
3.002356567382812500e+02
2.101551208496093750e+02
-1.228510208129882812e+02
-3.543366241455078125e+01
-4.232082366943359375e+01
2.954444274902343750e+02
3.071393432617187500e+02
2.782967529296875000e+02
-1.432202911376953125e+02
-3.289445114135742188e+01
-2.953700828552246094e+01
-9.362292480468750000e+01
2.897814636230468750e+02
1.706192016601562500e+02
-1.565727844238281250e+02
-1.683183097839355469e+01
-8.779045343399047852e-01
1.540762176513671875e+02
5.954996109008789062e+01
9.692693328857421875e+01
-1.361754150390625000e+02
5.015688896179199219e+00
-1.474897861480712891e+01
4.741832256317138672e+00
5.258994293212890625e+01
3.958678054809570312e+01
-9.905998229980468750e+01
1.514023184776306152e+00
3.773911893367767334e-01
-2.829253540039062500e+02
1.405909729003906250e+02
2.532040405273437500e+01
-4.403831100463867188e+01
7.464376926422119141e+00
1.739439964294433594e+01
-2.547825622558593750e+02
1.502954101562500000e+02
1.993809318542480469e+01
1.410533905029296875e+01
-6.679784297943115234e+00
1.168948268890380859e+01
4.268055343627929688e+01
-1.547797775268554688e+01
6.374934315681457520e-01
-4.869461059570312500e+00
-8.310467720031738281e+00
1.108027935028076172e+00
1.602245788574218750e+02
-3.041877937316894531e+01
3.015756988525390625e+01
-5.762751388549804688e+01
-3.653386354446411133e+00
-2.910173416137695312e+00
2.063586273193359375e+02
-7.585054397583007812e+00
6.123080062866210938e+01
-7.450321197509765625e+01
-4.993822574615478516e+00
-1.883124732971191406e+01
8.079697418212890625e+01
1.441445312500000000e+02
7.278969573974609375e+01
-1.707725982666015625e+02
-1.595874118804931641e+01
-1.950096130371093750e+01
9.200819396972656250e+01
2.477194061279296875e+02
1.020143814086914062e+02
-1.830336608886718750e+02
-2.553059387207031250e+01
-2.668581008911132812e+01
1.401931762695312500e+02
4.500778808593750000e+02
4.368183517456054688e+01
-2.273687438964843750e+02
-2.358209609985351562e+01
-1.539809989929199219e+01
2.084130706787109375e+02
4.950650024414062500e+02
4.830938339233398438e+01
-1.755615386962890625e+02
-2.508148765563964844e+01
-2.026427459716796875e+01
2.845164794921875000e+02
3.244817810058593750e+02
5.967451477050781250e+01
-2.171320800781250000e+02
-2.599997901916503906e+01
-2.995041847229003906e+01
1.706856689453125000e+02
2.819739685058593750e+02
1.057092056274414062e+02
-2.026410980224609375e+02
-2.762080955505371094e+01
-2.231635475158691406e+01
-1.106035690307617188e+02
3.233814392089843750e+02
1.056848220825195312e+02
-2.020963897705078125e+02
-1.820295143127441406e+01
8.420435905456542969e+00
9.459229469299316406e+00
2.856271362304687500e+02
5.271893310546875000e+01
-2.311602020263671875e+02
-4.494941234588623047e+00
4.348163604736328125e+00
1.840469512939453125e+02
1.722783203125000000e+02
6.845221042633056641e+00
-2.168899536132812500e+02
5.326074600219726562e+00
-3.804836988449096680e+00
-2.058640480041503906e+01
2.336999206542968750e+02
-9.322557449340820312e-01
-1.669530792236328125e+02
8.021646499633789062e+00
1.765766143798828125e+01
-2.431552276611328125e+02
2.345760192871093750e+02
1.035117053985595703e+01
-5.990159606933593750e+01
1.747191429138183594e+00
2.144317054748535156e+01
-3.080407104492187500e+02
2.473358612060546875e+02
-9.453305602073669434e-01
9.223213195800781250e+00
-1.206395721435546875e+01
1.750452804565429688e+01
1.393447017669677734e+01
1.409996700286865234e+01
3.792558908462524414e-01
7.542700767517089844e-01
-7.507351636886596680e-01
-8.691883683204650879e-01
1.634951324462890625e+02
-4.845032882690429688e+01
3.145724487304687500e+01
-5.662973403930664062e+01
-8.996924757957458496e-02
-4.100938796997070312e+00
1.053130264282226562e+02
1.543852996826171875e+02
4.171870422363281250e+01
-8.255602264404296875e+01
-1.472577571868896484e+01
-5.832033634185791016e+00
9.585408782958984375e+01
2.816980285644531250e+02
5.206008529663085938e+01
-1.569669036865234375e+02
-2.125429153442382812e+01
-1.473740673065185547e+01
1.333440093994140625e+02
4.831338806152343750e+02
8.271675109863281250e+00
-1.304691314697265625e+02
-1.785053062438964844e+01
-4.900495529174804688e+00
1.559606933593750000e+02
5.429036254882812500e+02
7.403128623962402344e+00
-1.200687332153320312e+02
-2.177165603637695312e+01
-1.159966468811035156e+01
2.829108276367187500e+02
3.615809020996093750e+02
1.524772644042968750e+01
-6.087959289550781250e+01
-1.606789398193359375e+01
-2.722696495056152344e+01
9.719161224365234375e+01
2.639463806152343750e+02
4.386484909057617188e+01
-9.749420166015625000e+01
-1.709144210815429688e+01
-1.741229248046875000e+01
-1.440128479003906250e+02
2.380547180175781250e+02
7.822441864013671875e+01
-1.539330596923828125e+02
-1.254840564727783203e+01
-3.288137614727020264e-01
-1.486300659179687500e+02
3.048903808593750000e+02
6.503335571289062500e+01
-1.671040802001953125e+02
-9.875246047973632812e+00
1.433973121643066406e+01
2.132561187744140625e+02
2.166067657470703125e+02
-2.112876176834106445e+00
-2.206519622802734375e+02
1.986139893531799316e+00
2.372118473052978516e+00
2.400726013183593750e+02
2.477985992431640625e+02
-1.465747070312500000e+01
-2.234567108154296875e+02
6.296552658081054688e+00
5.830771923065185547e+00
-2.932091140747070312e+01
2.555946502685546875e+02
-2.037570190429687500e+01
-1.293437042236328125e+02
1.197667026519775391e+01
1.418468761444091797e+01
-2.462848663330078125e+02
2.450074005126953125e+02
-3.311894607543945312e+01
-1.207857513427734375e+01
1.644133448600769043e+00
2.177836227416992188e+01
-2.867674255371093750e+02
2.355089111328125000e+02
4.837939262390136719e+00
1.078865528106689453e-01
-1.419092178344726562e+01
1.991777420043945312e+01
1.140405368804931641e+01
-4.636842250823974609e+00
1.974442362785339355e+00
-6.221840858459472656e+00
8.922952413558959961e-01
2.274529457092285156e+00
6.557269287109375000e+01
1.323796844482421875e+02
4.140325069427490234e+00
-5.650389862060546875e+01
-6.878083229064941406e+00
2.077477693557739258e+00
1.063504791259765625e+02
3.097802734375000000e+02
1.230440139770507812e+01
-9.388348388671875000e+01
-1.388138675689697266e+01
-3.908992528915405273e+00
1.308106536865234375e+02
4.072919616699218750e+02
-2.917603492736816406e+01
-4.727472686767578125e+01
-1.271809005737304688e+01
-7.359094619750976562e+00
1.849262695312500000e+02
4.439755249023437500e+02
-3.320342636108398438e+01
-8.076062774658203125e+01
-1.699907875061035156e+01
-7.357585906982421875e+00
2.305837554931640625e+02
2.834368896484375000e+02
-2.086329650878906250e+01
-3.369591522216796875e+01
-1.533107948303222656e+01
-2.225498390197753906e+01
2.134293746948242188e+01
1.904815979003906250e+02
1.661694884300231934e+00
-1.044583678245544434e+00
-1.717207717895507812e+01
-1.574365520477294922e+01
-2.216793823242187500e+02
1.526134185791015625e+02
2.711087417602539062e+01
-4.089843273162841797e+00
-1.067564964294433594e+01
-3.410975933074951172e-01
-2.256919860839843750e+02
1.947161102294921875e+02
4.933921813964843750e+01
-3.542423248291015625e+01
-1.110131740570068359e+01
5.264180660247802734e+00
1.829838180541992188e+01
2.518148193359375000e+02
1.353597640991210938e+01
-7.424687957763671875e+01
-8.705039978027343750e+00
3.495462179183959961e+00
2.453090057373046875e+02
1.966760253906250000e+02
-3.184854507446289062e+01
-1.007546539306640625e+02
1.461674976348876953e+01
-4.501308917999267578e+00
2.786625671386718750e+02
2.341632995605468750e+02
-9.385115051269531250e+01
-5.015756225585937500e+01
7.409073829650878906e+00
-1.713523626327514648e+00
2.763676643371582031e+01
2.254348754882812500e+02
-2.154721832275390625e+01
-1.386196289062500000e+02
6.116104602813720703e+00
1.236897659301757812e+01
-2.647196044921875000e+02
2.202612304687500000e+02
7.624090671539306641e+00
-4.825019454956054688e+01
6.460255146026611328e+00
2.005523872375488281e+01
-2.344855499267578125e+02
1.651801147460937500e+02
1.840154457092285156e+01
1.394768714904785156e+01
-4.261300086975097656e+00
1.147364807128906250e+01
5.401069164276123047e+00
2.563136672973632812e+01
-8.936218023300170898e-01
-5.571872711181640625e+00
-4.554754495620727539e-01
-3.728034973144531250e+00
8.222525787353515625e+01
2.008398895263671875e+02
-1.965664291381835938e+01
6.462991833686828613e-01
-6.397810935974121094e+00
-5.579897403717041016e+00
1.129959030151367188e+02
3.321111450195312500e+02
-7.844171142578125000e+01
3.890038251876831055e+00
-5.463261008262634277e-01
1.356890797615051270e+00
1.990640869140625000e+02
4.217069091796875000e+02
-1.035547790527343750e+02
-3.006373167037963867e+00
-6.627518177032470703e+00
-5.245520114898681641e+00
2.343502044677734375e+02
2.775197448730468750e+02
-8.645460510253906250e+01
2.277739334106445312e+01
-1.221358585357666016e+01
-1.673959159851074219e+01
9.655419921875000000e+01
1.152438201904296875e+02
-4.059422683715820312e+01
1.528901672363281250e+02
-1.525093841552734375e+01
-7.380880832672119141e+00
-1.796307373046875000e+02
4.020055770874023438e+00
-1.274291038513183594e+01
1.380227203369140625e+02
-1.107766628265380859e+01
7.583777427673339844e+00
-2.267960205078125000e+02
1.867300033569335938e+01
-6.347618997097015381e-02
6.283778381347656250e+01
-1.086264705657958984e+01
1.254855632781982422e+01
5.783423995971679688e+01
-4.624684906005859375e+01
-1.460729956626892090e+00
4.561461448669433594e+00
-6.404348850250244141e+00
7.524494171142578125e+00
1.227519454956054688e+02
1.654288940429687500e+02
-2.832365798950195312e+01
-2.709310531616210938e+01
4.087574005126953125e+00
6.246207714080810547e+00
2.448619384765625000e+02
2.181348114013671875e+02
-2.831737136840820312e+01
-9.222742462158203125e+01
1.743495941162109375e+01
-5.103273391723632812e-01
1.905986480712890625e+02
2.439044494628906250e+02
-1.341435146331787109e+01
-1.936265716552734375e+02
1.307887840270996094e+01
4.764254570007324219e+00
-1.672803688049316406e+01
2.307351379394531250e+02
4.836058616638183594e+00
-1.485178680419921875e+02
8.613443374633789062e+00
1.999663925170898438e+01
-2.938060607910156250e+02
1.786783599853515625e+02
3.484144592285156250e+01
-3.756555557250976562e+01
9.237751007080078125e+00
2.452840042114257812e+01
-2.150617218017578125e+02
-7.628424167633056641e+00
3.249012756347656250e+01
9.316173553466796875e+00
3.554321825504302979e-01
1.640459251403808594e+01
2.715327453613281250e+01
1.170744705200195312e+01
8.165362358093261719e+00
5.839349269866943359e+00
2.376839160919189453e+00
6.487168371677398682e-02
-3.306974792480468750e+01
-2.815419960021972656e+01
-1.011798191070556641e+01
1.501772999763488770e+00
-4.736132025718688965e-01
8.860037326812744141e-01
8.222915649414062500e+01
2.279712829589843750e+02
-1.626034393310546875e+02
-9.936533927917480469e+00
4.279737472534179688e+00
-2.196096181869506836e+00
3.339092712402343750e+02
6.674279785156250000e+01
-9.891621398925781250e+01
3.557017898559570312e+01
-8.781185746192932129e-01
-1.175645160675048828e+01
8.957295227050781250e+01
-8.831130218505859375e+01
-5.556565093994140625e+01
1.022897567749023438e+02
-8.798751831054687500e+00
-4.815872192382812500e+00
-1.945940704345703125e+02
-1.857091674804687500e+02
-1.732068443298339844e+01
1.924647064208984375e+02
-6.407828807830810547e+00
1.555207014083862305e+00
-2.081748504638671875e+02
-2.176951446533203125e+02
-2.990791320800781250e+00
1.940755767822265625e+02
-5.291910171508789062e+00
-1.735506579279899597e-02
-1.355927944183349609e+01
-2.353206024169921875e+02
-1.524457454681396484e+01
5.602286529541015625e+01
3.155155658721923828e+00
-6.349501609802246094e+00
-6.282754898071289062e+00
2.521962738037109375e+01
-3.575167953968048096e-01
-4.572375118732452393e-01
4.351958274841308594e+00
-4.462111473083496094e+00
-4.901662349700927734e+00
2.371222076416015625e+02
1.400533103942871094e+01
-6.358263015747070312e+01
-2.378007650375366211e+00
7.340060234069824219e+00
2.237076263427734375e+02
2.075828399658203125e+02
3.986606121063232422e+00
-1.881318054199218750e+02
5.702948093414306641e+00
-3.550248965620994568e-02
2.157042846679687500e+02
1.895531158447265625e+02
2.017238807678222656e+01
-1.911587982177734375e+02
6.722235679626464844e+00
-1.278459191322326660e+00
-7.281828308105468750e+01
7.153417205810546875e+01
5.869856643676757812e+01
-1.070841217041015625e+02
1.004042434692382812e+01
6.286973953247070312e+00
-2.932402954101562500e+02
-8.942790985107421875e+01
9.759971618652343750e+01
-3.446658325195312500e+01
1.233897566795349121e+00
1.223833084106445312e+01
-8.556647491455078125e+01
-2.617338562011718750e+02
1.493168640136718750e+02
1.175554943084716797e+01
-2.582327604293823242e+00
2.823811531066894531e+00
-2.559430847167968750e+02
-2.995634155273437500e+02
3.799744262695312500e+02
1.605920791625976562e+01
-5.013271808624267578e+00
-2.083175468444824219e+01
-1.147278213500976562e+01
1.018646144866943359e+01
-4.111247634887695312e+01
-2.645934343338012695e+00
2.471991628408432007e-01
-4.194429874420166016e+00
2.619413757324218750e+02
-9.025652313232421875e+01
-9.652574920654296875e+01
5.436360836029052734e+00
8.650970458984375000e+00
-5.361016750335693359e+00
6.687377929687500000e+01
-2.151843109130859375e+02
-1.363030910491943359e+00
6.100465393066406250e+01
-4.251111507415771484e+00
-3.060063362121582031e+00
-2.234571075439453125e+02
-2.507658996582031250e+02
1.653573608398437500e+01
1.273649520874023438e+02
-3.988218545913696289e+00
3.648378849029541016e+00
-1.951221618652343750e+02
-3.311619873046875000e+02
2.238454818725585938e+01
2.411166381835937500e+02
-1.374493694305419922e+01
4.423033714294433594e+00
-1.713054656982421875e+02
-2.120033264160156250e+02
-2.813510656356811523e+00
1.818577728271484375e+02
-9.087334632873535156e+00
-9.337396025657653809e-01
-1.708096923828125000e+02
-2.021956443786621094e+01
-7.809795737266540527e-01
5.362060546875000000e+01
-1.592988681793212891e+01
1.382747459411621094e+01
-1.414347839355468750e+02
1.569096527099609375e+02
4.491285705566406250e+01
-2.536328125000000000e+01
-1.666083335876464844e+01
8.154298782348632812e+00
-1.189184722900390625e+02
3.279235534667968750e+02
6.590754699707031250e+01
-1.528354034423828125e+02
-1.538600349426269531e+01
1.082770729064941406e+01
3.391490173339843750e+01
3.030163879394531250e+02
6.459596252441406250e+01
-2.043514099121093750e+02
-7.736295223236083984e+00
5.307763099670410156e+00
2.127826385498046875e+02
8.084956359863281250e+01
1.123263168334960938e+02
-1.294080505371093750e+02
2.360839843750000000e+00
-1.389915657043457031e+01
-5.116999816894531250e+01
-1.282927551269531250e+02
2.016155853271484375e+02
-6.550048828125000000e+01
1.405618190765380859e+00
-1.117171764373779297e+01
-3.939219055175781250e+02
-3.579335632324218750e+02
3.447995605468750000e+02
-6.297352313995361328e-01
-1.047657489776611328e+01
-7.534668922424316406e+00
-5.593522949218750000e+02
-1.048920654296875000e+03
4.383492126464843750e+02
1.399171733856201172e+01
-1.412981700897216797e+01
-2.360779762268066406e+01
-3.332149963378906250e+02
-3.708615722656250000e+02
3.594183349609375000e+02
1.031674575805664062e+01
-9.512237548828125000e+00
-6.602743625640869141e+00
2.898832130432128906e+01
-5.373097991943359375e+01
-2.589973449707031250e+01
5.116655826568603516e+00
5.159420371055603027e-01
2.454666852951049805e+00
1.489260711669921875e+02
-3.622158203125000000e+02
1.116139531135559082e+00
2.299304199218750000e+01
-4.968150854110717773e-01
1.269632339477539062e+01
-2.233574829101562500e+02
-2.723122558593750000e+02
1.815960311889648438e+01
4.222924423217773438e+01
1.031939744949340820e+00
9.871217727661132812e+00
-2.292805480957031250e+02
-2.872196350097656250e+02
1.281413936614990234e+01
1.309070281982421875e+02
-9.352538585662841797e-01
7.878103256225585938e+00
-2.483023529052734375e+02
-9.237522888183593750e+01
-2.038162612915039062e+01
1.869893035888671875e+02
-3.374891877174377441e-01
3.374551057815551758e+00
-2.568611755371093750e+02
4.497636795043945312e+01
-1.450042915344238281e+01
1.156134796142578125e+02
-5.465692520141601562e+00
9.324403762817382812e+00
-2.180326690673828125e+02
1.468496704101562500e+02
2.239888954162597656e+01
6.265836238861083984e+00
-6.284012317657470703e+00
5.880414962768554688e+00
-2.148455505371093750e+02
2.326114044189453125e+02
8.204283905029296875e+01
-1.282039794921875000e+02
-6.795024394989013672e+00
3.355870246887207031e+00
-1.892272033691406250e+02
3.361391906738281250e+02
1.236844100952148438e+02
-1.755290985107421875e+02
-1.348464298248291016e+01
9.031723022460937500e+00
-1.140276031494140625e+02
2.724344177246093750e+02
1.909892120361328125e+02
-1.411470336914062500e+02
-8.978025436401367188e+00
4.655562877655029297e+00
7.775344085693359375e+01
1.239072036743164062e+02
2.679357604980468750e+02
-6.182050704956054688e+01
1.601955413818359375e+00
-1.473544979095458984e+01
-8.205234527587890625e+01
-3.982907409667968750e+02
3.807063293457031250e+02
-2.713104438781738281e+01
-1.761212468147277832e+00
-1.511327266693115234e+01
2.837580261230468750e+02
2.827344360351562500e+02
2.539721221923828125e+02
-5.139418792724609375e+01
-2.051027488708496094e+01
-2.046231269836425781e+01
-6.244168472290039062e+01
-3.751475524902343750e+02
3.478182983398437500e+02
-3.336615371704101562e+01
-4.890877723693847656e+00
-2.095374679565429688e+01
-8.349671173095703125e+01
1.047656631469726562e+02
2.737127685546875000e+02
-2.362074279785156250e+01
-1.209371209144592285e+00
-1.750996398925781250e+01
1.636090874671936035e+00
2.065910186767578125e+02
-1.416569900512695312e+01
-1.645636940002441406e+01
-2.385762214660644531e+00
-1.078776645660400391e+01
-9.748931884765625000e+00
-7.743538665771484375e+01
4.767396926879882812e+00
2.407097101211547852e+00
-1.392294883728027344e+00
-1.852872252464294434e+00
-1.210175037384033203e+01
-2.519315490722656250e+02
3.185378456115722656e+01
2.867184448242187500e+01
-2.373003482818603516e+00
-8.243424415588378906e+00
3.323180770874023438e+01
-3.465417175292968750e+02
2.512148857116699219e+01
1.055658416748046875e+02
-6.546962738037109375e+00
-1.807074737548828125e+01
2.233700942993164062e+01
-2.497600250244140625e+02
-2.315890550613403320e+00
1.597097015380859375e+02
-1.000624179840087891e+01
-1.697981452941894531e+01
-5.789686203002929688e+00
-4.116582870483398438e+01
9.368463754653930664e-01
8.328521728515625000e+01
-1.186545276641845703e+01
-1.588241195678710938e+01
3.827322006225585938e+01
7.586781311035156250e+01
4.520520782470703125e+01
-9.769691467285156250e+00
-1.489144039154052734e+01
-2.040451431274414062e+01
8.654090118408203125e+01
1.980596923828125000e+02
8.197438049316406250e+01
-1.336482696533203125e+02
-1.562697315216064453e+01
-2.173095130920410156e+01
1.388042449951171875e+02
2.960107421875000000e+02
1.121881103515625000e+02
-1.867781372070312500e+02
-2.527084350585937500e+01
-1.819435119628906250e+01
3.527860107421875000e+02
3.650523071289062500e+02
1.363656616210937500e+02
-1.492545928955078125e+02
-2.276647949218750000e+01
-1.473101711273193359e+01
5.841150512695312500e+02
5.812920532226562500e+02
1.759106597900390625e+02
-6.518994140625000000e+01
-1.810417747497558594e+01
-2.120851325988769531e+01
8.660188598632812500e+02
2.129085937500000000e+03
2.888971862792968750e+02
-6.992008209228515625e+01
-4.369987487792968750e+01
-3.281989669799804688e+01
1.075011474609375000e+03
8.831281127929687500e+02
4.048829040527343750e+02
-5.526190567016601562e+01
-2.847618484497070312e+01
-2.323849678039550781e+01
2.799924926757812500e+02
5.175550537109375000e+02
3.909158020019531250e+02
-4.160647964477539062e+01
3.126697778701782227e+00
-3.019631385803222656e+01
2.164954071044921875e+02
4.521984252929687500e+02
1.646231994628906250e+02
-2.644937133789062500e+01
7.487736225128173828e+00
-3.342034912109375000e+01
-2.707453727722167969e+01
3.280377502441406250e+02
-1.186237621307373047e+01
-1.811836814880371094e+01
3.127120018005371094e+00
-2.082633256912231445e+00
-2.200679969787597656e+01
8.120900726318359375e+01
8.799638748168945312e+00
-5.580626010894775391e+00
2.667319476604461670e-01
1.325027227401733398e+00
2.799554443359375000e+02
-2.821487731933593750e+02
5.780239582061767578e+00
4.270036315917968750e+01
-8.489617347717285156e+00
-1.157879638671875000e+01
2.895628356933593750e+02
-1.493949127197265625e+02
-2.991949272155761719e+01
3.939350891113281250e+01
-8.370916366577148438e+00
-1.662874794006347656e+01
2.925245056152343750e+02
5.123868179321289062e+01
-2.049547195434570312e+01
2.142278289794921875e+01
-1.453619289398193359e+01
-2.360423278808593750e+01
2.663528747558593750e+02
1.052238998413085938e+02
2.331935691833496094e+01
-2.331112289428710938e+01
-1.390165328979492188e+01
-2.935617256164550781e+01
3.268334960937500000e+02
1.744090118408203125e+02
5.908414077758789062e+01
-1.381211242675781250e+02
-1.706994819641113281e+01
-3.138322067260742188e+01
4.593109436035156250e+02
2.192562103271484375e+02
1.243114242553710938e+02
-1.704931488037109375e+02
-3.287668609619140625e+01
-3.777763366699218750e+01
5.778786010742187500e+02
2.693448486328125000e+02
2.109623413085937500e+02
-1.152314605712890625e+02
-3.643713760375976562e+01
-3.364947509765625000e+01
8.204989013671875000e+02
6.029468383789062500e+02
2.299497375488281250e+02
-6.964455413818359375e+01
-4.123866653442382812e+01
-2.688250160217285156e+01
7.127892456054687500e+02
7.265112304687500000e+02
5.980941772460937500e+02
-6.390930557250976562e+01
-4.292455673217773438e+01
-4.224858856201171875e+01
1.746846923828125000e+03
7.668226318359375000e+02
5.854074707031250000e+02
-5.637934494018554688e+01
-4.777899169921875000e+01
-4.155270385742187500e+01
2.016515991210937500e+03
5.543986816406250000e+02
5.279660034179687500e+02
-5.628993225097656250e+01
-3.584827423095703125e+01
-2.657198905944824219e+01
1.376125030517578125e+02
4.774802246093750000e+02
4.390292053222656250e+02
-4.265742111206054688e+01
2.612917900085449219e+00
-3.380128097534179688e+01
-1.119709320068359375e+02
1.246807250976562500e+02
3.212642822265625000e+02
-1.947787857055664062e+01
-8.276413083076477051e-01
-2.164432334899902344e+01
-2.798059997558593750e+02
1.123894805908203125e+02
1.000945663452148438e+02
-9.671719551086425781e+00
-7.589430809020996094e+00
-9.862813353538513184e-02
2.920118141174316406e+01
-3.170958137512207031e+01
1.115721511840820312e+01
8.686967492103576660e-01
-3.833711624145507812e+00
3.207733869552612305e+00
2.201560974121093750e+02
2.339604568481445312e+01
-2.002685546875000000e+01
-1.655363464355468750e+01
-2.288356304168701172e+00
-1.455268096923828125e+01
2.563422546386718750e+02
1.767398834228515625e+02
-3.902445602416992188e+01
-4.476457977294921875e+01
-1.387067127227783203e+01
-1.463585662841796875e+01
2.712815246582031250e+02
2.076326293945312500e+02
1.214309692382812500e+01
-8.190480041503906250e+01
-1.340928173065185547e+01
-2.353610610961914062e+01
2.953340759277343750e+02
2.352539062500000000e+02
5.111549377441406250e+01
-1.351994171142578125e+02
-1.600383758544921875e+01
-3.465961074829101562e+01
3.486208496093750000e+02
1.969322204589843750e+02
9.853565216064453125e+01
-1.773810424804687500e+02
-2.581326103210449219e+01
-3.564165496826171875e+01
3.954049682617187500e+02
1.376517944335937500e+02
2.407933044433593750e+02
-1.027550354003906250e+02
-4.386644363403320312e+01
-3.401363754272460938e+01
4.027949218750000000e+02
3.524331359863281250e+02
4.585039062500000000e+02
-6.586208343505859375e+01
-4.754374313354492188e+01
-3.694413375854492188e+01
3.878264160156250000e+02
2.377826385498046875e+02
9.622467041015625000e+02
-4.080525207519531250e+01
-4.060163879394531250e+01
-7.718027496337890625e+01
7.851824340820312500e+02
3.969031372070312500e+02
1.146920532226562500e+03
-4.492140197753906250e+01
-4.510272598266601562e+01
-6.132267761230468750e+01
1.459182128906250000e+03
7.766420898437500000e+02
6.507476196289062500e+02
-6.169997024536132812e+01
-5.291950607299804688e+01
-4.191278076171875000e+01
1.334844726562500000e+03
7.882901000976562500e+02
4.379762878417968750e+02
-5.944796371459960938e+01
-2.953330802917480469e+01
-3.236873626708984375e+01
-2.017638549804687500e+02
-3.803855590820312500e+02
3.748613586425781250e+02
-3.092508506774902344e+01
-1.338290572166442871e+00
-1.758406066894531250e+01
-3.974419860839843750e+02
-4.426445312500000000e+02
3.256530761718750000e+02
3.282010078430175781e+00
-1.050656223297119141e+01
-1.837864995002746582e+00
-1.521644592285156250e+02
-2.385759124755859375e+02
1.322683258056640625e+02
8.368402481079101562e+00
-6.509669780731201172e+00
-1.113277524709701538e-01
-3.088890266418457031e+01
-1.139945697784423828e+01
8.709759116172790527e-01
-4.176826953887939453e+00
-1.104173779487609863e+00
5.710633993148803711e-01
3.819540023803710938e+01
2.218872680664062500e+02
-1.412344646453857422e+01
-9.114539027214050293e-01
-8.036162376403808594e+00
-6.525718212127685547e+00
9.286749267578125000e+01
2.846689147949218750e+02
1.467500305175781250e+01
-1.059681549072265625e+02
-1.727209091186523438e+01
-1.043902683258056641e+01
6.545244598388671875e+01
2.688942871093750000e+02
5.182012939453125000e+01
-1.506215209960937500e+02
-2.184660911560058594e+01
-1.654352951049804688e+01
6.390822601318359375e+01
2.081394805908203125e+02
1.132549285888671875e+02
-1.774807739257812500e+02
-2.463991355895996094e+01
-2.509544944763183594e+01
1.217547607421875000e+02
1.305500946044921875e+02
1.847682037353515625e+02
-1.001814956665039062e+02
-2.573349761962890625e+01
-3.942074203491210938e+01
2.226029205322265625e+02
9.002000427246093750e+01
3.480889892578125000e+02
-4.020711898803710938e+01
-3.433489990234375000e+01
-4.798130416870117188e+01
1.939918823242187500e+02
1.231113281250000000e+02
3.330573730468750000e+02
-3.080749320983886719e+01
-3.544696426391601562e+01
-6.971595764160156250e+01
2.488967437744140625e+02
3.315143737792968750e+02
8.931040649414062500e+02
-4.218333435058593750e+01
-3.385403823852539062e+01
-6.908110809326171875e+01
6.074120483398437500e+02
8.593146362304687500e+02
6.397879638671875000e+02
-6.198382186889648438e+01
-4.477231979370117188e+01
-4.705023956298828125e+01
7.238170166015625000e+02
1.967481933593750000e+03
3.267454528808593750e+02
-6.973612976074218750e+01
-3.863655090332031250e+01
-2.762600135803222656e+01
1.645918579101562500e+02
1.580291290283203125e+02
2.747988891601562500e+02
-4.692446136474609375e+01
-9.696026802062988281e+00
-1.869807243347167969e+01
-5.940040893554687500e+02
-7.519085693359375000e+02
2.367601318359375000e+02
-9.842525482177734375e+00
-5.630656719207763672e+00
-7.290082931518554688e+00
-4.027624511718750000e+02
-5.216584472656250000e+02
1.898648986816406250e+02
2.605915260314941406e+01
1.688515067100524902e+00
-7.650940895080566406e+00
-1.411475219726562500e+02
-3.025599365234375000e+02
6.889707946777343750e+01
9.649103164672851562e+00
7.451668262481689453e+00
-9.327471256256103516e-01
-4.645459365844726562e+01
4.482812118530273438e+01
-1.293985486030578613e+00
2.809053063392639160e-01
1.742023110389709473e+00
-3.552886009216308594e+00
-1.113997077941894531e+01
1.714375305175781250e+02
1.631724929809570312e+01
-6.583735656738281250e+01
-6.028462409973144531e+00
-8.190432548522949219e+00
2.677883720397949219e+01
1.914482574462890625e+02
5.324748992919921875e+01
-1.813880004882812500e+02
-1.444157028198242188e+01
-1.274616622924804688e+01
2.569910240173339844e+01
1.273653717041015625e+02
8.261541748046875000e+01
-2.172250061035156250e+02
-2.212475967407226562e+01
-1.891446685791015625e+01
1.245126533508300781e+01
9.739698028564453125e+01
1.581185913085937500e+02
-1.002625961303710938e+02
-2.039171600341796875e+01
-3.846586608886718750e+01
5.965009307861328125e+01
7.202504730224609375e+01
2.406256408691406250e+02
-4.282780456542968750e+01
-2.367051696777343750e+01
-5.853510665893554688e+01
8.916395568847656250e+01
1.213124465942382812e+02
2.247023925781250000e+02
-4.396609115600585938e+01
-2.601699638366699219e+01
-5.646747970581054688e+01
2.474905242919921875e+02
1.333649902343750000e+02
3.328294372558593750e+02
-4.019415664672851562e+01
-3.967551422119140625e+01
-4.875620269775390625e+01
5.395635375976562500e+02
3.145158386230468750e+02
4.603446044921875000e+02
-6.068260192871093750e+01
-5.012393188476562500e+01
-3.789780044555664062e+01
6.960020751953125000e+02
6.469169921875000000e+02
2.354333496093750000e+02
-7.061079406738281250e+01
-4.215380096435546875e+01
-2.728248977661132812e+01
4.200765380859375000e+02
8.231477050781250000e+02
1.574640045166015625e+02
-6.815090179443359375e+01
-2.171422576904296875e+01
-2.565130043029785156e+01
-1.508021087646484375e+02
-3.251038513183593750e+02
1.663354492187500000e+02
-5.767818450927734375e+01
3.942924737930297852e-01
-1.520601177215576172e+01
-3.253441467285156250e+02
-4.826513977050781250e+02
1.595083312988281250e+02
-1.345161533355712891e+01
9.760675430297851562e-01
1.330329418182373047e+00
-1.153345565795898438e+02
-4.033878784179687500e+02
9.164902496337890625e+01
1.854657745361328125e+01
2.829610109329223633e+00
5.007905006408691406e+00
-3.040762710571289062e+01
-2.132571563720703125e+02
1.911554145812988281e+01
1.903076410293579102e+00
2.305657863616943359e+00
5.219993591308593750e+00
3.952685165405273438e+01
-1.683975219726562500e+00
1.439419031143188477e+00
7.305870532989501953e+00
-4.908515930175781250e+00
1.572649478912353516e+00
6.651121520996093750e+01
1.031799011230468750e+02
3.965845870971679688e+01
-9.793675994873046875e+01
-1.882380676269531250e+01
-3.213008642196655273e+00
7.428275299072265625e+01
6.235862731933593750e+01
9.092030334472656250e+01
-1.804996185302734375e+02
-2.502019882202148438e+01
-4.332270145416259766e+00
8.554513549804687500e+01
3.161438941955566406e+01
8.964295196533203125e+01
-1.916379241943359375e+02
-2.807701301574707031e+01
-1.764009666442871094e+01
5.270500946044921875e+01
7.064612579345703125e+01
1.438195648193359375e+02
-9.838880157470703125e+01
-2.428106117248535156e+01
-3.924701309204101562e+01
4.802212524414062500e+01
4.166807174682617188e+01
1.398365173339843750e+02
-9.047186279296875000e+01
-2.730497360229492188e+01
-4.127679443359375000e+01
9.557052612304687500e+01
1.150945968627929688e+02
1.619175262451171875e+02
-1.009279708862304688e+02
-2.910349464416503906e+01
-3.790698623657226562e+01
3.873865356445312500e+02
1.036611633300781250e+02
2.302886352539062500e+02
-1.034698257446289062e+02
-4.287940979003906250e+01
-4.056771850585937500e+01
4.771247863769531250e+02
2.543916015625000000e+02
2.150514678955078125e+02
-1.224662399291992188e+02
-3.830359268188476562e+01
-3.959367370605468750e+01
2.239119567871093750e+02
2.881228027343750000e+02
1.183363647460937500e+02
-1.520628204345703125e+02
-2.150125122070312500e+01
-1.277515220642089844e+01
1.575558013916015625e+02
-1.049767658114433289e-01
1.257661132812500000e+02
-1.550673522949218750e+02
2.691000461578369141e+00
-1.024521064758300781e+01
-6.316197967529296875e+01
-3.429560852050781250e+02
1.212551116943359375e+02
-1.128672637939453125e+02
1.037412357330322266e+01
-4.619500637054443359e-01
-3.103290100097656250e+02
-2.592101440429687500e+02
7.941895294189453125e+01
-3.411707687377929688e+01
1.581837368011474609e+01
1.576695632934570312e+01
-2.671785278320312500e+02
-1.500493469238281250e+02
3.823376846313476562e+01
2.693110466003417969e+01
1.049272727966308594e+01
1.021382808685302734e+01
-7.614290618896484375e+01
-1.125447235107421875e+02
-3.076143860816955566e-01
4.841630172729492188e+01
6.811002731323242188e+00
-1.559853315353393555e+00
-3.663554763793945312e+01
2.597077560424804688e+01
-1.800460696220397949e+00
-3.123222827911376953e+00
-3.105271756649017334e-01
1.211608171463012695e+00
1.169512939453125000e+01
4.100246047973632812e+01
8.661486816406250000e+01
-1.266522369384765625e+02
-6.656682014465332031e+00
-6.378093719482421875e+00
5.160172653198242188e+01
-7.495831012725830078e+00
1.031720352172851562e+02
-1.450877227783203125e+02
-1.406493473052978516e+01
-1.082046318054199219e+01
4.100558853149414062e+01
1.113969612121582031e+01
8.374580383300781250e+01
-1.840204010009765625e+02
-2.402985763549804688e+01
-2.115263366699218750e+01
6.575229644775390625e+01
9.514421844482421875e+01
7.264984893798828125e+01
-2.225511474609375000e+02
-2.408775520324707031e+01
-1.468726158142089844e+01
1.024517974853515625e+02
1.933513183593750000e+02
1.016850814819335938e+02
-1.804592132568359375e+02
-2.588051986694335938e+01
-2.229746627807617188e+01
2.608303222656250000e+02
1.890877990722656250e+02
8.882528686523437500e+01
-2.069134674072265625e+02
-2.741590881347656250e+01
-3.505422210693359375e+01
3.895157775878906250e+02
1.968115234375000000e+02
1.168186798095703125e+02
-1.890900878906250000e+02
-3.059658241271972656e+01
-3.730550765991210938e+01
1.407222137451171875e+02
2.774687500000000000e+02
1.107013854980468750e+02
-1.989107513427734375e+02
-2.123013305664062500e+01
-1.731350135803222656e+01
-3.985947036743164062e+01
2.169418792724609375e+02
8.564440917968750000e+01
-2.361805114746093750e+02
-1.301686477661132812e+01
5.378796577453613281e+00
1.266548156738281250e+02
-9.723937225341796875e+01
7.041751861572265625e+01
-2.055130767822265625e+02
6.123786449432373047e+00
-4.649158954620361328e+00
-2.693870353698730469e+01
-1.402060852050781250e+02
3.656389236450195312e+01
-1.221291732788085938e+02
1.102325439453125000e+01
9.833209037780761719e+00
-2.571747436523437500e+02
-4.075271987915039062e+01
1.861593246459960938e+01
-3.010522842407226562e+01
9.798606872558593750e+00
2.382214736938476562e+01
-3.167008361816406250e+02
3.928847885131835938e+01
1.238231182098388672e+00
2.729198074340820312e+01
3.066847085952758789e+00
1.997979927062988281e+01
-1.747680816650390625e+02
4.408778762817382812e+01
-3.289479446411132812e+01
5.729679489135742188e+01
-6.408317089080810547e-01
4.230154514312744141e+00
-9.455169677734375000e+00
-9.522452354431152344e+00
-3.364576578140258789e+00
-3.695378780364990234e+00
-1.834898442029953003e-01
-1.519996672868728638e-01
5.279976654052734375e+01
-1.058709716796875000e+01
8.842259216308593750e+01
-1.147069320678710938e+02
-5.772828102111816406e+00
1.096747040748596191e+00
2.859553146362304688e+01
5.363167572021484375e+01
8.672804260253906250e+01
-1.846145935058593750e+02
-1.771931457519531250e+01
-6.287308692932128906e+00
6.912839508056640625e+01
1.867988281250000000e+02
5.818791198730468750e+01
-1.745838623046875000e+02
-1.734950447082519531e+01
-1.061072540283203125e+01
6.884433746337890625e+01
2.653405151367187500e+02
5.630975723266601562e+01
-1.951955718994140625e+02
-2.045344924926757812e+01
-1.677941322326660156e+01
2.631948547363281250e+02
2.166843872070312500e+02
5.162995910644531250e+01
-1.619888610839843750e+02
-1.710056495666503906e+01
-3.346594238281250000e+01
2.822926330566406250e+02
1.662393951416015625e+02
5.510892486572265625e+01
-1.697900390625000000e+02
-1.853820610046386719e+01
-3.557316970825195312e+01
1.653864288330078125e+01
1.991661376953125000e+02
8.046294403076171875e+01
-1.825847473144531250e+02
-1.493406963348388672e+01
-2.602453804016113281e+01
-1.623760223388671875e+02
2.340661468505859375e+02
7.844338989257812500e+01
-1.701670379638671875e+02
-1.402545452117919922e+01
-1.660838723182678223e+00
4.589520645141601562e+01
9.846028137207031250e+01
4.382515335083007812e+01
-1.741398162841796875e+02
-8.080317497253417969e+00
5.268318653106689453e+00
2.497732086181640625e+02
-6.206727981567382812e+01
1.596299839019775391e+01
-1.450193328857421875e+02
5.239919185638427734e+00
-7.173300266265869141e+00
-7.753421783447265625e+00
2.788151741027832031e+01
5.675531625747680664e-01
-1.010072021484375000e+02
1.318423557281494141e+01
1.189617824554443359e+01
-2.175424499511718750e+02
6.173281478881835938e+01
-1.778150177001953125e+01
-3.333057022094726562e+01
8.621906280517578125e+00
2.380508995056152344e+01
-2.675443115234375000e+02
1.078526382446289062e+02
-4.321277618408203125e+01
6.509071350097656250e+01
-5.737104415893554688e+00
1.605257606506347656e+01
-1.531472930908203125e+02
5.427889633178710938e+01
-3.664230346679687500e+01
5.568221664428710938e+01
-2.596592307090759277e-01
3.719359934329986572e-01
7.562192440032958984e+00
1.889828681945800781e+01
-2.614713668823242188e+00
-2.754459381103515625e+00
6.585822701454162598e-01
-1.223011374473571777e+00
4.616401672363281250e+01
1.094220199584960938e+02
4.507017517089843750e+01
-8.632972717285156250e+01
-1.031720447540283203e+01
-3.654012918472290039e+00
7.025306701660156250e+01
1.963527526855468750e+02
1.295224094390869141e+01
-6.503733825683593750e+01
-1.110698509216308594e+01
-8.639065742492675781e+00
9.351452636718750000e+01
3.135106201171875000e+02
1.237195587158203125e+01
-9.912348937988281250e+01
-1.464201641082763672e+01
-3.909351825714111328e+00
2.654653320312500000e+02
2.265934906005859375e+02
1.060059261322021484e+01
-7.380421447753906250e+01
-1.440338802337646484e+01
-2.204134941101074219e+01
2.629149475097656250e+02
1.154852294921875000e+02
2.134012794494628906e+01
-8.627723693847656250e+00
-1.599382305145263672e+01
-3.582643127441406250e+01
-5.551314830780029297e+00
8.034870147705078125e+01
4.555328750610351562e+01
1.967228055000305176e+00
-1.236021137237548828e+01
-1.977713012695312500e+01
-1.923614959716796875e+02
1.201545333862304688e+02
6.480686187744140625e+01
-3.501452636718750000e+01
-1.466888713836669922e+01
-3.297984838485717773e+00
-1.696953735351562500e+02
1.944748229980468750e+02
4.879209899902343750e+01
-2.394794464111328125e+01
-1.348233985900878906e+01
9.523427009582519531e+00
1.660551300048828125e+02
5.205647945404052734e+00
-5.684895515441894531e-01
-6.244260406494140625e+01
1.529820346832275391e+01
-1.190642929077148438e+01
2.452869415283203125e+02
9.831916809082031250e+01
-3.817175292968750000e+01
-7.452744293212890625e+01
1.061801719665527344e+01
-2.980560302734375000e+00
1.416934776306152344e+01
1.232649078369140625e+02
-5.663931274414062500e+01
8.050004005432128906e+00
1.373761463165283203e+01
1.329429435729980469e+01
-2.858446960449218750e+02
1.131664505004882812e+02
-1.357073211669921875e+01
-2.695997238159179688e+01
1.212907695770263672e+01
2.389337539672851562e+01
-2.592002868652343750e+02
4.881562042236328125e+01
9.454287290573120117e-01
2.893817138671875000e+01
-3.631193161010742188e+00
1.861798286437988281e+01
-5.444493103027343750e+01
-1.312632293701171875e+02
6.210464835166931152e-01
3.998547744750976562e+01
7.453156471252441406e+00
1.232294440269470215e+00
2.131853103637695312e+01
4.540910720825195312e+00
3.111728131771087646e-01
-6.633467197418212891e+00
-1.038332343101501465e+00
5.670359134674072266e-01
2.542647552490234375e+01
-2.940749359130859375e+01
4.607396602630615234e+00
3.918153762817382812e+00
2.594694495201110840e-01
1.801587581634521484e+00
6.963697052001953125e+01
1.939486694335937500e+02
-2.246782302856445312e+01
4.227167606353759766e+00
-7.899536132812500000e+00
-1.522817969322204590e+00
2.133515472412109375e+02
1.728950958251953125e+02
-3.866201782226562500e+01
-4.288334274291992188e+01
-1.118016624450683594e+01
-1.147776889801025391e+01
2.498978118896484375e+02
-4.129704460501670837e-02
-1.826274490356445312e+01
2.373362350463867188e+01
-1.064700222015380859e+01
-2.201620864868164062e+01
-1.979969215393066406e+01
-9.077007293701171875e+01
-3.967248201370239258e-01
9.449884033203125000e+01
-1.001042842864990234e+01
-1.368599128723144531e+01
-2.433049774169921875e+02
-8.175102996826171875e+01
3.974080657958984375e+01
5.034053802490234375e+01
-1.381115627288818359e+01
3.988100528717041016e+00
-2.484261779785156250e+02
-2.614492797851562500e+01
5.112959671020507812e+01
1.160736083984375000e+01
-1.629907608032226562e+01
1.165215206146240234e+01
2.111608028411865234e+00
-3.042670249938964844e+01
-6.326494216918945312e-01
-1.634908556938171387e+00
-3.458714008331298828e+00
6.214238643646240234e+00
2.331771240234375000e+02
8.956572532653808594e+00
-4.911491775512695312e+01
-1.291117668151855469e+01
1.584159564971923828e+01
-9.569636344909667969e+00
2.159057617187500000e+02
7.519719696044921875e+01
-3.644807815551757812e+01
-6.277213668823242188e+01
1.537859249114990234e+01
-1.852403879165649414e+00
3.950123071670532227e+00
4.169200897216796875e+01
-2.816745758056640625e+00
-8.667894744873046875e+01
9.745187759399414062e+00
1.522212123870849609e+01
-2.842676696777343750e+02
-2.821707534790039062e+01
1.720286178588867188e+01
-1.517515373229980469e+01
1.120396423339843750e+01
2.378819465637207031e+01
-2.419927368164062500e+02
-1.950739288330078125e+02
4.015506362915039062e+01
4.520602035522460938e+01
1.431121253967285156e+01
1.415369033813476562e+01
-5.591667938232421875e+01
-2.120074920654296875e+02
2.620098686218261719e+01
1.285667419433593750e+00
8.842207908630371094e+00
3.270443439483642578e+00
-8.462047576904296875e+01
-3.336295776367187500e+02
7.583950805664062500e+01
-7.631675601005554199e-01
2.056165695190429688e+00
-1.478469610214233398e+00
-3.013006019592285156e+01
-2.170469474792480469e+01
-5.525823593139648438e+00
-5.050235271453857422e+00
-2.975686788558959961e-01
-2.607238590717315674e-01
2.450766906738281250e+02
-5.385159015655517578e+00
-3.121901702880859375e+01
-8.712552070617675781e+00
-1.394216179847717285e+00
-1.469023323059082031e+01
2.326403961181640625e+02
-1.562400817871093750e+02
-3.536636734008789062e+01
2.659019088745117188e+01
-4.895525455474853516e+00
-2.263626480102539062e+01
-4.490749740600585938e+01
-2.062330017089843750e+02
-3.670055627822875977e+00
1.465130615234375000e+02
-5.039189815521240234e+00
-1.868808937072753906e+01
-2.195008239746093750e+02
-2.323708343505859375e+02
1.524710464477539062e+01
1.872813262939453125e+02
-1.041067314147949219e+01
-4.630590438842773438e+00
-3.095469970703125000e+02
-1.889698486328125000e+02
3.526487350463867188e+01
7.835704803466796875e+01
-1.399647045135498047e+01
-1.058128997683525085e-01
-1.259046630859375000e+02
-1.736524200439453125e+02
2.580217170715332031e+01
2.724704360961914062e+01
-3.331650018692016602e+00
-5.095452785491943359e+00
-2.589739418029785156e+01
1.243826675415039062e+01
-4.518712520599365234e+00
3.916764974594116211e+00
6.156333446502685547e+00
-5.960643291473388672e+00
2.399685516357421875e+02
-2.394548606872558594e+01
-3.156860589981079102e+00
-5.441097640991210938e+01
1.059002208709716797e+01
-1.218827247619628906e+01
2.362420654296875000e+02
-1.673196601867675781e+01
1.028262138366699219e+01
-1.159968414306640625e+02
8.484338760375976562e+00
-8.746666908264160156e+00
-4.553129959106445312e+01
-1.168937911987304688e+02
3.502016067504882812e+01
-1.231594696044921875e+02
1.390652275085449219e+01
6.031929969787597656e+00
-2.376985321044921875e+02
-2.388629913330078125e+02
8.172457885742187500e+01
-1.809855461120605469e+01
1.440318775177001953e+01
1.504199600219726562e+01
-1.503339385986328125e+02
-3.697766418457031250e+02
1.006490936279296875e+02
8.906675338745117188e+00
6.925811290740966797e+00
3.362672090530395508e+00
-2.742447204589843750e+02
-4.900668029785156250e+02
2.263649749755859375e+02
2.044044876098632812e+01
-1.993001103401184082e+00
-8.557211875915527344e+00
-1.286541137695312500e+02
-2.419071960449218750e+02
1.461317291259765625e+02
1.399100971221923828e+01
-4.794818878173828125e+00
3.538961648941040039e+00
5.693765258789062500e+01
-6.015371322631835938e+00
4.442640781402587891e+00
4.700079917907714844e+00
-7.735153675079345703e+00
6.341253280639648438e+00
2.839804077148437500e+02
-2.500094909667968750e+02
-8.803232312202453613e-01
5.173417663574218750e+01
-6.614860534667968750e+00
-1.643307113647460938e+01
3.161317062377929688e+01
-2.729969787597656250e+02
2.409397315979003906e+01
1.044341278076171875e+02
-1.679137825965881348e+00
-1.461351013183593750e+01
-1.863591003417968750e+02
-2.800983276367187500e+02
3.454321670532226562e+01
2.759353637695312500e+02
-7.434989929199218750e+00
-1.053644943237304688e+01
-2.484638366699218750e+02
-3.058320922851562500e+02
3.969423675537109375e+01
2.393640747070312500e+02
-8.039482116699218750e+00
-1.016713333129882812e+01
-2.513466033935546875e+02
-2.096625366210937500e+02
3.019267463684082031e+01
9.461167144775390625e+01
-1.503309535980224609e+01
5.626010894775390625e+00
-2.291482543945312500e+02
-7.238863945007324219e+00
4.407332229614257812e+01
6.759067535400390625e+00
-1.712697410583496094e+01
9.591296195983886719e+00
-1.839233856201171875e+02
1.583599548339843750e+02
5.340767669677734375e+01
-2.940437698364257812e+01
-1.286406040191650391e+01
1.056130695343017578e+01
1.933378791809082031e+01
1.053412017822265625e+02
4.775636672973632812e+01
-1.385652770996093750e+02
-4.843455791473388672e+00
7.164219379425048828e+00
1.750827484130859375e+02
-7.370304870605468750e+01
7.874474334716796875e+01
-1.739384460449218750e+02
3.815611362457275391e+00
-7.006942749023437500e+00
-1.025138015747070312e+02
-2.689248352050781250e+02
1.258072662353515625e+02
-1.063026199340820312e+02
1.369848632812500000e+01
-1.400449752807617188e+00
-4.895673217773437500e+02
-4.498068237304687500e+02
1.748970336914062500e+02
-2.007451629638671875e+01
3.091394424438476562e+00
1.445232033729553223e+00
-4.703799438476562500e+02
-8.806066894531250000e+02
2.566541442871093750e+02
-1.213135814666748047e+01
-3.569127082824707031e+00
-4.520041942596435547e+00
-3.862229614257812500e+02
-4.227638549804687500e+02
3.357878723144531250e+02
-1.407323837280273438e+00
-9.260309219360351562e+00
-2.672863483428955078e+00
-2.547077941894531250e+02
6.758054351806640625e+01
7.037088012695312500e+01
-1.041896247863769531e+01
-9.076325416564941406e+00
2.504141807556152344e+00
-1.866444091796875000e+02
1.169032897949218750e+02
-1.880466222763061523e+00
-3.725536584854125977e+00
4.583017826080322266e+00
5.586137175559997559e-01
-2.397836112976074219e+01
-2.822337951660156250e+02
2.598547744750976562e+01
3.658209228515625000e+01
-3.073524236679077148e+00
-5.459522724151611328e+00
-2.590449218750000000e+02
-2.270902862548828125e+02
4.826596450805664062e+01
1.126765060424804688e+02
-1.810528278350830078e+00
-8.984817504882812500e+00
-2.436697235107421875e+02
-3.274505920410156250e+02
4.118630218505859375e+01
2.615109558105468750e+02
-3.596354007720947266e+00
-9.252149581909179688e+00
-2.477863616943359375e+02
-2.627318115234375000e+02
1.347113037109375000e+01
1.773748016357421875e+02
-6.471329212188720703e+00
-4.269879341125488281e+00
-2.385245056152343750e+02
-8.305621337890625000e+01
3.398616409301757812e+01
5.801823425292968750e+01
-9.665406227111816406e+00
3.604718670248985291e-02
-2.395147552490234375e+02
1.036880416870117188e+02
6.576351928710937500e+01
-3.752862548828125000e+01
-1.010756683349609375e+01
-3.718341112136840820e+00
-1.689156188964843750e+02
2.413889617919921875e+02
8.292765808105468750e+01
-1.285156402587890625e+02
-1.018873977661132812e+01
-6.922233700752258301e-01
-7.282292175292968750e+01
2.394635620117187500e+02
9.022858428955078125e+01
-2.021908874511718750e+02
-8.795510292053222656e+00
3.902762651443481445e+00
1.244784240722656250e+02
4.447901153564453125e+01
1.330722503662109375e+02
-1.414095916748046875e+02
3.287390470504760742e+00
-7.207978248596191406e+00
-3.394191360473632812e+01
-4.470285949707031250e+02
1.855405426025390625e+02
-5.704843902587890625e+01
1.047213792800903320e+00
-7.800354480743408203e+00
1.691878318786621094e+01
1.662744522094726562e+01
1.251482315063476562e+02
-8.415524291992187500e+01
-9.485591888427734375e+00
-9.561073303222656250e+00
-1.398962554931640625e+02
-4.585875854492187500e+02
1.753164672851562500e+02
-5.176963043212890625e+01
4.045799255371093750e+00
-9.751725196838378906e+00
-1.389236755371093750e+02
-1.183868331909179688e+02
2.034051055908203125e+02
-5.734068298339843750e+01
6.860394001007080078e+00
-5.909988880157470703e+00
-5.940800857543945312e+01
2.655088806152343750e+02
6.287285804748535156e+00
-5.640530776977539062e+01
5.489260673522949219e+00
3.325449228286743164e+00
-3.416354370117187500e+01
3.288819580078125000e+02
-3.239275741577148438e+01
-3.009624862670898438e+01
5.399220466613769531e+00
7.983779907226562500e+00
-3.995946502685546875e+01
2.269791984558105469e+01
-2.084350824356079102e+00
8.232779502868652344e-01
3.799550533294677734e+00
3.635957241058349609e+00
-6.647642135620117188e+00
-2.398235015869140625e+02
2.328739166259765625e+01
1.040493392944335938e+02
-2.374145507812500000e+00
-1.101423645019531250e+01
-1.921835327148437500e+01
-2.305622558593750000e+02
2.426227951049804688e+01
1.699780731201171875e+02
-2.964083671569824219e+00
-1.972481536865234375e+01
-3.121654319763183594e+01
-2.194125366210937500e+02
1.634757614135742188e+01
1.360202636718750000e+02
-6.582705020904541016e+00
-1.051883125305175781e+01
-1.109643268585205078e+01
-1.081639175415039062e+02
5.402317810058593750e+01
-4.514732837677001953e+00
-1.209622001647949219e+01
-1.083014678955078125e+01
1.673294544219970703e+00
1.088772583007812500e+02
4.729379653930664062e+01
-1.056749916076660156e+01
-1.011360645294189453e+01
-1.886437797546386719e+01
3.809228515625000000e+01
2.585909423828125000e+02
5.097595596313476562e+01
-9.403847503662109375e+01
-1.104879570007324219e+01
-1.306042766571044922e+01
1.827266540527343750e+02
3.587378845214843750e+02
5.823394775390625000e+01
-1.921647338867187500e+02
-1.496493911743164062e+01
-5.619557857513427734e+00
2.475161590576171875e+02
4.436736450195312500e+02
7.922384643554687500e+01
-1.708970184326171875e+02
-1.154932594299316406e+01
-6.063053607940673828e+00
6.386226806640625000e+02
1.494020874023437500e+03
1.244925765991210938e+02
-1.047021789550781250e+02
-3.379208755493164062e+01
-2.362802886962890625e+01
6.174246215820312500e+02
7.112536621093750000e+02
1.885477600097656250e+02
-6.770335388183593750e+01
-1.984990310668945312e+01
-2.098340415954589844e+01
2.862801208496093750e+02
1.957288970947265625e+02
2.833265380859375000e+02
-6.238870239257812500e+01
-3.012097120285034180e+00
-1.882233047485351562e+01
2.359596252441406250e+02
2.748749389648437500e+02
1.149202041625976562e+02
-5.445434570312500000e+01
4.783515930175781250e+00
-1.766551208496093750e+01
2.355180511474609375e+02
3.594634704589843750e+02
-1.635775184631347656e+01
-4.141645431518554688e+01
-1.599731206893920898e+00
-8.907031059265136719e+00
-4.134176254272460938e+01
3.334165344238281250e+02
-2.409282493591308594e+01
-3.707682800292968750e+01
3.391965866088867188e+00
2.097478389739990234e+00
-2.623040771484375000e+02
2.888876037597656250e+02
3.165810108184814453e+00
-7.179262638092041016e+00
4.004935741424560547e+00
-3.282614469528198242e+00
2.996105957031250000e+02
-2.661253967285156250e+02
3.730893135070800781e+00
5.356354141235351562e+01
-2.934264421463012695e+00
-2.001312065124511719e+01
3.165141296386718750e+02
-2.406895599365234375e+02
-1.073364067077636719e+01
5.568502044677734375e+01
-8.832326889038085938e+00
-2.189035034179687500e+01
2.873977966308593750e+02
-8.867452239990234375e+01
1.930907630920410156e+01
2.215567207336425781e+01
-1.276653671264648438e+01
-2.336332511901855469e+01
3.176544494628906250e+02
9.037565612792968750e+01
4.589416503906250000e+01
-4.092060852050781250e+01
-1.437706184387207031e+01
-3.231298828125000000e+01
3.812893066406250000e+02
1.967778778076171875e+02
6.058218002319335938e+01
-1.300809631347656250e+02
-1.909848594665527344e+01
-3.562177658081054688e+01
4.127439575195312500e+02
3.388482055664062500e+02
7.277436065673828125e+01
-1.742101135253906250e+02
-2.611786651611328125e+01
-2.814442443847656250e+01
5.337224731445312500e+02
6.247529296875000000e+02
9.312501525878906250e+01
-1.654230651855468750e+02
-2.894284439086914062e+01
-1.690362358093261719e+01
4.064700622558593750e+02
6.395062255859375000e+02
1.481010437011718750e+02
-1.183061447143554688e+02
-3.236033630371093750e+01
-1.845661735534667969e+01
8.435894165039062500e+02
5.914351196289062500e+02
2.404875946044921875e+02
-6.771176147460937500e+01
-4.174848937988281250e+01
-2.504791831970214844e+01
7.376742553710937500e+02
3.285512390136718750e+02
3.495843811035156250e+02
-8.102029418945312500e+01
-2.495942115783691406e+01
-2.268081092834472656e+01
-2.236570790410041809e-02
3.251449890136718750e+02
2.760426330566406250e+02
-7.912605285644531250e+01
-1.654846763610839844e+01
6.676358699798583984e+00
2.418369293212890625e+02
2.463462371826171875e+02
1.118640213012695312e+02
-5.558713531494140625e+01
6.357563495635986328e+00
-1.880706596374511719e+01
-8.142449188232421875e+01
2.375509338378906250e+02
-4.285334110260009766e+00
-5.630623245239257812e+01
6.152481079101562500e+00
-2.122741639614105225e-01
-2.862597656250000000e+02
2.543137969970703125e+02
-1.087475299835205078e+00
-4.521710968017578125e+01
9.528039932250976562e+00
1.706727981567382812e+01
-1.006028594970703125e+02
9.283243560791015625e+01
2.275341510772705078e+00
3.391064167022705078e+00
3.641658306121826172e+00
-3.245712757110595703e+00
2.742230834960937500e+02
-1.756931304931640625e+02
-1.808994102478027344e+01
-1.238494491577148438e+01
4.077791213989257812e+00
-9.747014999389648438e+00
2.725275573730468750e+02
-4.683057022094726562e+01
2.160649538040161133e+00
-3.432259368896484375e+01
4.021836280822753906e+00
-1.713400650024414062e+01
2.960127868652343750e+02
2.354103469848632812e+01
4.227487564086914062e+01
-5.195493698120117188e+01
-1.284344196319580078e+00
-2.992209625244140625e+01
3.295028991699218750e+02
6.779621124267578125e+01
6.317554092407226562e+01
-1.661949462890625000e+02
-5.626020908355712891e+00
-3.088543701171875000e+01
2.797182922363281250e+02
1.744677581787109375e+02
9.886713409423828125e+01
-1.759205322265625000e+02
-2.174517440795898438e+01
-3.446957015991210938e+01
2.190982208251953125e+02
4.241955261230468750e+02
1.388731231689453125e+02
-1.278811874389648438e+02
-3.063381958007812500e+01
-2.455385589599609375e+01
2.541202087402343750e+02
2.196853485107421875e+02
2.916853637695312500e+02
-7.699764251708984375e+01
-2.882754707336425781e+01
-3.445040130615234375e+01
4.422505798339843750e+02
2.959125671386718750e+02
4.771028747558593750e+02
-5.505400848388671875e+01
-4.623451995849609375e+01
-3.618413543701171875e+01
8.941403198242187500e+02
2.837868652343750000e+02
5.250708618164062500e+02
-7.043958282470703125e+01
-3.082540321350097656e+01
-4.516095733642578125e+01
8.218902587890625000e+02
3.388059082031250000e+02
3.438311767578125000e+02
-7.641989135742187500e+01
-2.502988624572753906e+01
-2.377255439758300781e+01
2.790297546386718750e+02
1.063337478637695312e+02
2.613546447753906250e+02
-5.873257827758789062e+01
-3.695695638656616211e+00
-1.165265369415283203e+01
-1.153037109375000000e+02
-2.094188385009765625e+02
1.781811828613281250e+02
-5.176300048828125000e+01
5.914338111877441406e+00
-4.488494396209716797e+00
-3.578056335449218750e+02
-7.957224273681640625e+01
8.076594543457031250e+01
-3.020268058776855469e+01
3.816126346588134766e+00
1.229589557647705078e+01
-2.037063598632812500e+02
-2.863239097595214844e+01
3.173450851440429688e+01
1.500087165832519531e+01
-3.222854435443878174e-01
1.593990421295166016e+01
-2.863460922241210938e+01
-1.598301768302917480e+00
6.566249370574951172e+00
1.065853500366210938e+01
4.255547523498535156e+00
1.607783555984497070e+00
4.310433578491210938e+01
1.272201538085937500e+02
2.419922828674316406e+00
-4.397929763793945312e+01
-5.017717838287353516e+00
-6.764508485794067383e-01
5.376034927368164062e+01
1.460846557617187500e+02
4.317877578735351562e+01
-8.323846435546875000e+01
-1.043294048309326172e+01
-6.529056072235107422e+00
8.235643768310546875e+01
1.061500396728515625e+02
8.159596252441406250e+01
-1.539108734130859375e+02
-1.204438877105712891e+01
-1.356162166595458984e+01
1.616827392578125000e+02
3.788824081420898438e+01
1.317877807617187500e+02
-1.905889892578125000e+02
-2.183394813537597656e+01
-2.271066093444824219e+01
1.494241180419921875e+02
9.569612884521484375e+01
1.876129913330078125e+02
-9.927430725097656250e+01
-2.566778945922851562e+01
-3.326990509033203125e+01
8.800804901123046875e+01
1.778240814208984375e+02
2.341170349121093750e+02
-4.231879425048828125e+01
-2.522786140441894531e+01
-5.661623382568359375e+01
2.737546691894531250e+02
1.555427551269531250e+02
3.292401123046875000e+02
-3.806308364868164062e+01
-4.060744857788085938e+01
-4.770121002197265625e+01
5.529737548828125000e+02
3.135271301269531250e+02
4.611889038085937500e+02
-5.807679748535156250e+01
-5.149541091918945312e+01
-3.752134704589843750e+01
8.721966552734375000e+02
6.757004394531250000e+02
2.294373168945312500e+02
-6.599462127685546875e+01
-4.488678359985351562e+01
-2.742304229736328125e+01
6.833016967773437500e+02
7.492490234375000000e+02
1.696750030517578125e+02
-6.682792663574218750e+01
-2.550422859191894531e+01
-2.291414070129394531e+01
-1.486161651611328125e+02
-2.198478698730468750e+02
1.598549652099609375e+02
-5.496318054199218750e+01
1.556647896766662598e+00
-1.631254196166992188e+01
-3.689383239746093750e+02
-4.247479858398437500e+02
1.485632019042968750e+02
-1.821562290191650391e+00
4.851527512073516846e-01
6.060814261436462402e-01
-8.205779266357421875e+01
-3.531842651367187500e+02
8.898431396484375000e+01
2.492285346984863281e+01
3.071797609329223633e+00
3.741993427276611328e+00
1.319730663299560547e+01
-2.028188781738281250e+02
2.178120040893554688e+01
9.349390983581542969e+00
1.827995181083679199e+00
3.929267406463623047e+00
3.470794296264648438e+01
-1.257606601715087891e+01
4.861559391021728516e+00
-7.149536132812500000e+00
-4.494750976562500000e+00
1.446958065032958984e+00
9.577304077148437500e+01
8.545120239257812500e+01
4.093580245971679688e+01
-8.233486938476562500e+01
-1.723011970520019531e+01
-3.531950473785400391e+00
1.017997817993164062e+02
5.463811874389648438e+01
9.107217407226562500e+01
-1.664613189697265625e+02
-2.742086982727050781e+01
-5.732616901397705078e+00
7.043869781494140625e+01
4.231002426147460938e+01
8.981990814208984375e+01
-2.005356445312500000e+02
-2.733792877197265625e+01
-1.734575843811035156e+01
9.807064819335937500e+01
4.607850646972656250e+01
1.489682769775390625e+02
-9.332227325439453125e+01
-2.472585487365722656e+01
-4.134714889526367188e+01
1.332031059265136719e+01
-2.796940422058105469e+01
1.161729507446289062e+02
-1.800389289855957031e+01
-2.106303215026855469e+01
-5.513014221191406250e+01
4.989503479003906250e+01
7.053357696533203125e+01
2.257503509521484375e+02
-3.928206253051757812e+01
-2.473602676391601562e+01
-5.806735992431640625e+01
1.223512191772460938e+02
2.845072326660156250e+02
2.635020751953125000e+02
-8.379277038574218750e+01
-2.491659545898437500e+01
-3.482201766967773438e+01
3.215781860351562500e+02
6.663804931640625000e+02
1.358879394531250000e+02
-1.077301635742187500e+02
-3.344210052490234375e+01
-2.239038085937500000e+01
4.998441467285156250e+02
1.342086059570312500e+03
1.055201644897460938e+02
-1.038783111572265625e+02
-3.478304672241210938e+01
-2.359359359741210938e+01
-9.204064941406250000e+01
-1.264538478851318359e+01
1.304385833740234375e+02
-8.939364624023437500e+01
-4.642005920410156250e+00
-1.155841541290283203e+01
-6.607103881835937500e+02
-8.392575683593750000e+02
1.231202468872070312e+02
-4.208978271484375000e+01
6.150145053863525391e+00
8.809209823608398438e+00
-3.418365783691406250e+02
-5.681162109375000000e+02
1.010388946533203125e+02
3.667884063720703125e+01
9.704154968261718750e+00
8.927214145660400391e-01
-1.517911224365234375e+02
-4.309791870117187500e+02
2.982204246520996094e+01
3.928353118896484375e+01
1.596405029296875000e+01
6.929625988006591797e+00
-8.259190368652343750e+01
-1.578215026855468750e+02
-1.221509838104248047e+01
6.406121063232421875e+01
1.228856086730957031e+01
9.902972221374511719e+00
-2.484231376647949219e+01
8.309070587158203125e+00
9.195588827133178711e-01
-1.614650964736938477e+00
1.357557296752929688e+00
-7.120001912117004395e-01
-1.735901832580566406e+01
2.474791717529296875e+01
1.210092468261718750e+02
-2.070211791992187500e+02
-1.383031368255615234e+01
1.599601268768310547e+00
-2.245449829101562500e+01
2.685870647430419922e+00
1.391330871582031250e+02
-1.826537017822265625e+02
-2.279804611206054688e+01
-1.879588603973388672e+00
-3.981486129760742188e+01
1.920375633239746094e+01
1.271988601684570312e+02
-1.065995941162109375e+02
-1.952558517456054688e+01
-2.578838539123535156e+01
-4.120673179626464844e+00
9.346277236938476562e+00
1.157154846191406250e+02
-1.154337234497070312e+02
-2.320954132080078125e+01
-2.003462028503417969e+01
4.992183685302734375e+01
2.521087455749511719e+01
1.433755035400390625e+02
-8.875223541259765625e+01
-2.092047882080078125e+01
-3.832044601440429688e+01
8.692617797851562500e+01
1.710740051269531250e+02
1.744223022460937500e+02
-1.019801864624023438e+02
-2.662925148010253906e+01
-3.735970687866210938e+01
2.397728729248046875e+02
4.177329101562500000e+02
1.265942611694335938e+02
-1.298273620605468750e+02
-3.047560691833496094e+01
-2.668369293212890625e+01
5.030645141601562500e+02
5.532059936523437500e+02
8.335922241210937500e+01
-1.656198883056640625e+02
-2.990804481506347656e+01
-1.503873920440673828e+01
2.527346649169921875e+02
4.429457702636718750e+02
8.216886138916015625e+01
-1.905132446289062500e+02
-1.339969730377197266e+01
-8.040668487548828125e+00
-1.598647613525390625e+02
-5.110274047851562500e+02
7.774406433105468750e+01
-1.400434265136718750e+02
5.363050937652587891e+00
-1.222338557243347168e+00
-4.305986938476562500e+02
-4.882624511718750000e+02
7.146878814697265625e+01
1.421956443786621094e+01
1.619929313659667969e+01
6.067712306976318359e+00
-2.201252593994140625e+02
-4.862966308593750000e+02
3.948301696777343750e+01
7.137047576904296875e+01
1.912519264221191406e+01
5.265095710754394531e+00
-9.633242034912109375e+01
-2.781316223144531250e+02
-1.160635948181152344e+01
9.452751922607421875e+01
1.597895336151123047e+01
7.091326236724853516e+00
-6.401444244384765625e+01
-7.960963439941406250e+01
-4.636702728271484375e+01
8.300250244140625000e+01
1.213509368896484375e+01
1.782207369804382324e+00
-2.307303428649902344e+01
1.555768013000488281e+01
1.000177307128906250e+02
-1.084467849731445312e+02
1.294722557067871094e+00
-1.772055029869079590e+00
-4.276600360870361328e+00
-1.258079910278320312e+01
1.652533264160156250e+02
-2.323420867919921875e+02
-1.104082107543945312e+01
-2.132368087768554688e+00
-1.550265407562255859e+01
1.104308128356933594e+01
1.753768310546875000e+02
-1.918101196289062500e+02
-1.538990688323974609e+01
-1.586776065826416016e+01
5.399666309356689453e+00
6.705383300781250000e+01
1.305484771728515625e+02
-1.858128356933593750e+02
-1.872356605529785156e+01
-5.571112632751464844e+00
3.113818359375000000e+01
7.975973510742187500e+01
7.973523712158203125e+01
-1.827752075195312500e+02
-2.051660346984863281e+01
-2.334997177124023438e+01
1.645967559814453125e+02
5.795972061157226562e+01
1.222486572265625000e+02
-2.053655395507812500e+02
-2.746905708312988281e+01
-2.286352157592773438e+01
3.112463684082031250e+02
1.811740570068359375e+02
9.303154754638671875e+01
-1.947183074951171875e+02
-2.790766716003417969e+01
-3.385273742675781250e+01
3.980512390136718750e+02
3.193977966308593750e+02
6.598329162597656250e+01
-2.004740295410156250e+02
-3.069691276550292969e+01
-2.980489540100097656e+01
1.262278366088867188e+02
3.890861511230468750e+02
4.931711578369140625e+01
-2.380116271972656250e+02
-1.971391677856445312e+01
-1.116239738464355469e+01
-4.388263702392578125e+01
7.407396697998046875e+01
4.626942825317382812e+01
-1.881789093017578125e+02
1.215836286544799805e+00
-5.706819534301757812e+00
-4.084465789794921875e+01
-2.982083435058593750e+02
4.941550827026367188e+01
-1.997571182250976562e+01
1.016386699676513672e+01
-7.366508245468139648e-01
-2.141355895996093750e+02
-3.316814575195312500e+02
2.654494094848632812e+01
1.423329734802246094e+01
1.370577621459960938e+01
2.082032394409179688e+01
-2.337543792724609375e+02
-2.013304748535156250e+02
-9.122925758361816406e+00
7.281211090087890625e+01
1.000133514404296875e+01
2.375470542907714844e+01
-2.797241020202636719e+01
-1.415773315429687500e+02
-4.314457321166992188e+01
8.194367980957031250e+01
7.235061168670654297e+00
6.400216102600097656e+00
1.760961341857910156e+01
-1.825918388366699219e+01
-9.061549377441406250e+01
1.145229415893554688e+02
-1.262147307395935059e+00
5.199928760528564453e+00
2.078817176818847656e+01
2.069112777709960938e+01
-8.118470191955566406e+00
-7.379929065704345703e+00
2.617695834487676620e-03
-2.528412938117980957e-01
-8.181476593017578125e-01
5.858906173706054688e+01
1.638421325683593750e+02
-2.260312652587890625e+02
-6.152876377105712891e+00
-6.196844100952148438e+00
1.773739433288574219e+01
1.668906974792480469e+01
1.171198348999023438e+02
-1.983255310058593750e+02
-1.156066703796386719e+01
5.506564140319824219e+00
2.806465721130371094e+01
6.784260559082031250e+01
8.634167480468750000e+01
-2.148545227050781250e+02
-1.881938362121582031e+01
-3.906773567199707031e+00
1.319117279052734375e+02
8.050558471679687500e+01
7.658608245849609375e+01
-1.862058258056640625e+02
-1.607513046264648438e+01
-1.024731254577636719e+01
3.385246276855468750e+02
4.395134353637695312e+01
5.813491439819335938e+01
-1.962751007080078125e+02
-9.220168113708496094e+00
-3.006627464294433594e+01
3.522897033691406250e+02
1.526744384765625000e+02
5.376644897460937500e+01
-1.672005004882812500e+02
-2.098724937438964844e+01
-3.226654052734375000e+01
7.147679138183593750e+01
2.200066070556640625e+02
4.540137100219726562e+01
-1.077292404174804688e+02
-1.502761363983154297e+01
-1.267108535766601562e+01
-1.000316696166992188e+02
1.816537780761718750e+02
2.690538406372070312e+01
-9.210076141357421875e+01
-6.967010974884033203e+00
8.665015220642089844e+00
1.574418792724609375e+02
-1.500064544677734375e+02
2.094799232482910156e+01
-6.185216140747070312e+01
4.971549987792968750e+00
-3.945243358612060547e+00
-5.789750289916992188e+01
-1.970869293212890625e+02
4.016235828399658203e+00
-3.134800338745117188e+01
1.762902832031250000e+01
1.609218597412109375e+01
-2.624226379394531250e+02
-1.198601455688476562e+02
-2.178842544555664062e+01
1.469778823852539062e+01
1.360631656646728516e+01
3.589125061035156250e+01
-3.184804382324218750e+02
-1.339229869842529297e+01
-4.270900344848632812e+01
5.073015594482421875e+01
4.112658023834228516e+00
3.116882705688476562e+01
-2.241296844482421875e+02
3.959634399414062500e+01
-5.894494247436523438e+01
6.598723602294921875e+01
5.770914554595947266e+00
1.842933082580566406e+01
-2.463530921936035156e+01
-3.712022018432617188e+01
-8.736004638671875000e+01
1.108914794921875000e+02
3.229813337326049805e+00
6.920560836791992188e+00
2.323180007934570312e+01
-2.302575874328613281e+01
-6.019258880615234375e+01
5.032407760620117188e+01
-1.161652922630310059e+00
4.460039615631103516e+00
7.010384082794189453e+00
1.152413558959960938e+01
6.386909961700439453e+00
-1.668300056457519531e+01
2.799150943756103516e-01
2.136799335479736328e+00
2.892996406555175781e+01
1.040030899047851562e+02
4.514056015014648438e+01
-9.449594879150390625e+01
-1.000883674621582031e+01
7.827261090278625488e-01
8.776074981689453125e+01
1.302449340820312500e+02
4.223292922973632812e+01
-9.344918060302734375e+01
-1.201340389251708984e+01
-3.897839784622192383e+00
2.881340332031250000e+02
1.092559909820556641e+01
4.484994506835937500e+01
-6.560039520263671875e+01
-1.581363081932067871e+00
-3.013377571105957031e+01
2.928508300781250000e+02
5.751499557495117188e+01
4.605065155029296875e+01
-5.035989761352539062e+01
-1.486255550384521484e+01
-2.898287200927734375e+01
5.430101394653320312e+00
1.167212600708007812e+02
4.773893737792968750e+01
-1.362589073181152344e+01
-1.249806213378906250e+01
-1.971294403076171875e+01
-2.043728637695312500e+02
1.805535583496093750e+02
2.871344184875488281e+01
1.529267072677612305e+00
-9.088175773620605469e+00
9.176344871520996094e-01
-6.122606754302978516e+00
1.934482383728027344e+01
2.435272693634033203e+00
-4.576519012451171875e+00
-8.476841449737548828e-02
4.029239118099212646e-01
2.166500854492187500e+02
-1.664025573730468750e+02
-2.425086975097656250e+01
-3.302901268005371094e+00
8.005101203918457031e+00
-1.659276962280273438e+00
1.624885797500610352e+00
-1.152650451660156250e+02
-4.542030715942382812e+01
3.816089153289794922e+00
1.117298412322998047e+01
1.968604087829589844e+01
-3.029028930664062500e+02
-7.530196380615234375e+01
-4.589476394653320312e+01
4.293383789062500000e+01
1.422420215606689453e+01
3.015870475769042969e+01
-2.915699462890625000e+02
-3.103418159484863281e+01
-4.039529800415039062e+01
5.323068237304687500e+01
1.982909917831420898e+00
3.196354293823242188e+01
-9.764592742919921875e+01
-1.372267303466796875e+02
-4.309900283813476562e+01
8.708073425292968750e+01
1.238151264190673828e+01
7.461772918701171875e+00
-2.028069114685058594e+01
-1.102007522583007812e+02
-4.495125961303710938e+01
8.318140411376953125e+01
1.168276977539062500e+01
4.776781082153320312e+00
-2.220749855041503906e+01
-1.407806854248046875e+02
-1.482677173614501953e+01
6.226810455322265625e+01
1.024003887176513672e+01
9.084170341491699219e+00
2.278335762023925781e+01
2.208846664428710938e+01
-1.619906306266784668e+00
8.987288475036621094e+00
-3.442003428936004639e-01
4.662527441978454590e-01
5.271810150146484375e+01
1.394297180175781250e+02
1.161909997463226318e-01
-4.783600234985351562e+01
-5.919523239135742188e+00
1.536265015602111816e+00
2.701991271972656250e+02
-5.887546157836914062e+01
-2.248096942901611328e+00
-2.950301170349121094e+01
3.196727991104125977e+00
-1.590819740295410156e+01
2.709947509765625000e+02
-1.093823928833007812e+02
1.474895763397216797e+01
2.222730636596679688e+01
-1.290124225616455078e+01
-2.126082992553710938e+01
-5.081652832031250000e+01
-7.860563659667968750e+01
5.997933578491210938e+01
-1.925367927551269531e+01
-1.203942680358886719e+01
-1.185394001007080078e+01
-2.670270996093750000e+02
-7.132428741455078125e+01
3.980909347534179688e+01
5.532382202148437500e+01
-1.036576747894287109e+01
4.728215217590332031e+00
-1.947271423339843750e+02
2.054572296142578125e+01
1.130599737167358398e+00
4.935114669799804688e+01
-1.526093482971191406e+01
1.186127471923828125e+01
1.748264770507812500e+02
-1.790561218261718750e+02
-4.667167282104492188e+01
1.549145984649658203e+01
1.059598445892333984e+01
-6.906862258911132812e+00
2.096939239501953125e+02
-1.083980102539062500e+02
-6.576490783691406250e+01
4.212481689453125000e+01
1.363473796844482422e+01
2.739891052246093750e+00
8.038273811340332031e+00
-9.379728698730468750e+01
-4.880305099487304688e+01
9.259528160095214844e+00
1.115145587921142578e+01
1.907183837890625000e+01
-2.624037475585937500e+02
-1.061309585571289062e+02
-2.358893013000488281e+01
2.140019798278808594e+01
1.490903949737548828e+01
3.357847976684570312e+01
-2.421047058105468750e+02
-2.137758789062500000e+02
-1.128633117675781250e+01
8.915262603759765625e+01
1.235977935791015625e+01
2.236878395080566406e+01
-7.364008331298828125e+01
-2.534148559570312500e+02
-1.591339683532714844e+01
1.132849349975585938e+02
1.531033515930175781e+01
5.680106639862060547e+00
-1.388591003417968750e+02
-4.416044006347656250e+02
3.820663070678710938e+01
3.268083572387695312e+01
1.390703773498535156e+01
9.311337471008300781e+00
-7.599382019042968750e+01
-2.112778472900390625e+02
3.122051620483398438e+01
-2.598918080329895020e-01
8.151692390441894531e+00
6.145483970642089844e+00
1.831007194519042969e+01
2.197348594665527344e+00
2.478984117507934570e+00
1.129790973663330078e+01
6.821023821830749512e-01
4.072791576385498047e+00
2.859269714355468750e+02
-1.765403747558593750e+02
-2.242911148071289062e+01
-1.178901481628417969e+01
3.927436828613281250e+00
-9.931890487670898438e+00
3.032009277343750000e+02
-2.376829376220703125e+02
-9.539703369140625000e+00
6.154066467285156250e+01
-7.838493824005126953e+00
-1.860854339599609375e+01
1.901742172241210938e+01
-2.766779479980468750e+02
2.000875282287597656e+01
1.571510925292968750e+02
-9.316884040832519531e+00
-1.021077156066894531e+01
-2.515222167968750000e+02
-2.713674621582031250e+02
1.022247924804687500e+02
4.075483322143554688e+01
-1.037568378448486328e+01
2.974739789962768555e+00
-2.143250579833984375e+02
-2.172873687744140625e+02
3.308179092407226562e+01
9.177423858642578125e+01
-1.658792877197265625e+01
5.086314678192138672e+00
-4.754290008544921875e+01
-2.254597015380859375e+02
-1.250592136383056641e+01
5.722069168090820312e+01
9.447196960449218750e+00
-3.446320056915283203e+00
2.013587341308593750e+02
-1.816826782226562500e+02
-4.549676513671875000e+01
2.767289161682128906e+01
1.219494438171386719e+01
-5.810716629028320312e+00
1.873259735107421875e+02
-1.381143188476562500e+02
-2.317632484436035156e+01
-1.950283432006835938e+01
1.196015930175781250e+01
-1.803469181060791016e+00
-8.079524230957031250e+01
-1.984085083007812500e+02
5.513573646545410156e+00
-3.320563507080078125e+01
1.623062705993652344e+01
1.511554431915283203e+01
-2.838272094726562500e+02
-3.152183227539062500e+02
2.927263259887695312e+01
2.052886772155761719e+01
1.561838912963867188e+01
2.166931724548339844e+01
-1.841798706054687500e+02
-5.084612121582031250e+02
4.224755096435546875e+01
7.350649261474609375e+01
1.804908943176269531e+01
8.247769355773925781e+00
-2.735321044921875000e+02
-5.656515502929687500e+02
1.036637496948242188e+02
3.189656066894531250e+01
9.610954284667968750e+00
-2.998322844505310059e-01
-1.509095153808593750e+02
-3.675957641601562500e+02
1.015428543090820312e+02
1.224923801422119141e+01
7.752040863037109375e+00
3.690814495086669922e+00
-1.984086761474609375e+02
-4.114505004882812500e+01
3.104988670349121094e+01
3.925550460815429688e+00
1.024543642997741699e-01
1.352229690551757812e+01
8.822094726562500000e+01
-5.643054199218750000e+01
-3.404618978500366211e+00
-6.268061399459838867e-01
-2.123596191406250000e+00
2.140305757522583008e+00
2.756478881835937500e+02
-2.726625671386718750e+02
2.544597625732421875e+00
5.666534805297851562e+01
5.310992710292339325e-03
-1.474598121643066406e+01
-4.125192642211914062e+01
-2.577649841308593750e+02
3.002505493164062500e+01
1.674908905029296875e+02
-1.386984467506408691e+00
-1.894861412048339844e+01
-2.548047790527343750e+02
-2.730108337402343750e+02
6.643965148925781250e+01
2.424279174804687500e+02
-3.165770053863525391e+00
-1.249709415435791016e+01
-2.575646057128906250e+02
-2.688728027343750000e+02
1.032298355102539062e+02
1.018077087402343750e+02
-1.094442558288574219e+01
-9.072844505310058594e+00
-2.211685180664062500e+02
-2.211117553710937500e+02
2.637720489501953125e+01
9.292446136474609375e+01
-1.785902976989746094e+01
4.560877799987792969e+00
-1.878596038818359375e+02
-2.209159135818481445e+00
-1.541071295738220215e+00
6.159870147705078125e+01
-1.414976882934570312e+01
1.166566371917724609e+01
1.221896362304687500e+01
3.918190717697143555e+00
1.420127898454666138e-01
1.901141047477722168e+00
-7.535594105720520020e-01
-2.808729112148284912e-01
1.978766632080078125e+02
-1.358564300537109375e+02
1.793411064147949219e+01
-4.278693771362304688e+01
3.539115905761718750e+00
-6.010407447814941406e+00
-9.832721710205078125e+01
-3.051105957031250000e+02
5.154260635375976562e+01
-2.269694900512695312e+01
1.217418766021728516e+01
4.915082752704620361e-01
-4.423793640136718750e+02
-4.817604675292968750e+02
7.334167480468750000e+01
1.675786399841308594e+01
1.581595897674560547e+01
5.172950744628906250e+00
-5.187432250976562500e+02
-8.371213989257812500e+02
1.259758148193359375e+02
-5.349502182006835938e+01
5.445544242858886719e+00
7.350283622741699219e+00
-3.829069213867187500e+02
-4.670308227539062500e+02
1.711985015869140625e+02
-2.156974983215332031e+01
4.530980110168457031e+00
8.685680031776428223e-01
-2.770751953125000000e+02
-8.087372589111328125e+01
8.497851562500000000e+01
-2.550890541076660156e+01
2.551096439361572266e+00
9.561126708984375000e+00
-2.959228210449218750e+02
2.985209350585937500e+02
-3.468530654907226562e+00
-3.920626068115234375e+01
7.799223423004150391e+00
1.812347984313964844e+01
2.627977600097656250e+02
-2.383607177734375000e+02
-1.702129602432250977e+00
3.461531162261962891e+00
-3.040067911148071289e+00
1.243415474891662598e+00
-5.342341232299804688e+01
-2.391165924072265625e+02
2.776894378662109375e+01
8.744196319580078125e+01
4.025161862373352051e-01
-1.313033294677734375e+01
-2.406516113281250000e+02
-2.633052673339843750e+02
4.928943634033203125e+01
2.675473937988281250e+02
-7.179297924041748047e+00
-9.382280349731445312e+00
-2.514006500244140625e+02
-2.698292846679687500e+02
6.831710052490234375e+01
2.359528961181640625e+02
-4.268012046813964844e+00
-1.306974792480468750e+01
-2.540596618652343750e+02
-2.812699584960937500e+02
9.138768005371093750e+01
4.370322799682617188e+01
-9.805921554565429688e+00
2.066597700119018555e+00
-2.691513671875000000e+02
-8.573462677001953125e+01
3.397565841674804688e+01
7.223800659179687500e+01
-1.002661228179931641e+01
1.975532531738281250e+00
-2.140031585693359375e+02
1.466955108642578125e+02
2.718981361389160156e+01
4.464248657226562500e+00
-9.454833030700683594e+00
4.196213185787200928e-01
-1.169489593505859375e+02
2.126907653808593750e+02
2.909873008728027344e+01
-7.473026275634765625e+01
-6.084723472595214844e+00
5.357310295104980469e+00
4.409810256958007812e+01
-1.049435710906982422e+01
4.981961822509765625e+01
-1.555182800292968750e+02
-3.854639828205108643e-02
1.009464621543884277e+00
-8.500676727294921875e+01
-4.973288269042968750e+02
7.987195587158203125e+01
-1.362776641845703125e+02
7.930311679840087891e+00
-5.705026984214782715e-01
-8.419525623321533203e-01
-1.480948328971862793e-01
1.224721984863281250e+02
-2.322583923339843750e+02
-4.323618412017822266e+00
-4.295437335968017578e+00
-1.087940292358398438e+02
-4.514835815429687500e+02
7.877844238281250000e+01
-1.393335113525390625e+02
7.043624877929687500e+00
-2.599814653396606445e+00
-9.091081237792968750e+01
-2.779408569335937500e+02
1.214827194213867188e+02
-1.081369247436523438e+02
1.259889411926269531e+01
-9.793323874473571777e-01
-2.580381011962890625e+01
4.686922836303710938e+01
5.631175994873046875e+01
-1.112302703857421875e+02
6.994518756866455078e+00
2.384494781494140625e+00
-1.246439933776855469e+01
2.538287200927734375e+02
-2.824766731262207031e+01
-9.912693023681640625e+01
3.549915552139282227e+00
1.252760696411132812e+01
-5.739428520202636719e+00
2.413412933349609375e+02
-2.569378852844238281e+01
-9.920429229736328125e+01
5.601662635803222656e+00
1.286771965026855469e+01
2.985694503784179688e+01
9.463755488395690918e-01
-3.195225238800048828e+00
8.311344981193542480e-01
-1.633289337158203125e+00
-2.076082229614257812e+00
9.626421928405761719e+00
-2.393374633789062500e+02
9.380989074707031250e+01
1.725859222412109375e+02
-5.752327442169189453e-01
-1.598072052001953125e+01
-8.384919166564941406e+00
-2.635985107421875000e+02
1.215504531860351562e+02
1.570141296386718750e+02
-5.707304954528808594e+00
-2.094352722167968750e+01
2.349419975280761719e+01
-2.544466552734375000e+02
1.436610126495361328e+01
1.276263198852539062e+02
-1.124283790588378906e+01
-1.684359550476074219e+01
1.512877464294433594e+01
-6.244391250610351562e+01
-1.001343011856079102e+00
9.065695190429687500e+01
-1.221000576019287109e+01
-1.567347335815429688e+01
3.754519653320312500e+01
2.006839904785156250e+02
-5.021771907806396484e+00
3.190735244750976562e+01
-1.357900047302246094e+01
-1.460922241210937500e+01
1.716945190429687500e+02
3.769086303710937500e+02
-3.518630564212799072e-01
-4.103917312622070312e+01
-1.355545425415039062e+01
-8.427091598510742188e+00
2.486898345947265625e+02
4.614399108886718750e+02
1.000887374877929688e+02
-2.166091918945312500e+01
-6.514562129974365234e+00
-2.022877216339111328e+00
4.801163940429687500e+02
1.071952758789062500e+03
4.180291748046875000e+01
-2.384092559814453125e+02
-1.995076942443847656e+01
-1.120559501647949219e+01
2.633055114746093750e+02
5.303521118164062500e+02
7.638600158691406250e+01
-1.926510620117187500e+02
-1.374476528167724609e+01
-8.555199623107910156e+00
1.645078277587890625e+02
6.433344268798828125e+01
1.328596038818359375e+02
-1.488338012695312500e+02
3.115096092224121094e+00
-9.316294670104980469e+00
1.871801605224609375e+02
6.888101959228515625e+01
1.163241348266601562e+02
-1.324262084960937500e+02
4.183681488037109375e+00
-1.334410858154296875e+01
2.285704498291015625e+02
2.637145080566406250e+02
-1.407084941864013672e+01
-1.295189056396484375e+02
1.015914559364318848e+00
-4.057629585266113281e+00
2.517643280029296875e+02
2.742801208496093750e+02
-4.406643676757812500e+01
-1.147395019531250000e+02
-1.943671345710754395e+00
9.136185646057128906e+00
3.547256088256835938e+01
2.622479553222656250e+02
-2.423153877258300781e+01
-9.386731719970703125e+01
-1.158250048756599426e-01
1.299427223205566406e+01
-6.183089828491210938e+01
4.496419525146484375e+01
5.954362750053405762e-01
-9.214544296264648438e-01
-1.536777377128601074e+00
2.078154563903808594e+00
2.557659454345703125e+02
-2.688674926757812500e+02
1.866362762451171875e+01
7.734229278564453125e+01
1.321639657020568848e+00
-2.542740249633789062e+01
2.523303375244140625e+02
-2.234788970947265625e+02
3.653922271728515625e+01
-3.301793813705444336e+00
-4.477556705474853516e+00
-2.032666587829589844e+01
2.674179382324218750e+02
-1.201388931274414062e+02
1.645993804931640625e+01
2.404060363769531250e+01
-1.300212764739990234e+01
-2.281453323364257812e+01
2.834636230468750000e+02
9.682630157470703125e+01
2.194648742675781250e+01
-1.402355003356933594e+01
-1.742246055603027344e+01
-3.501066589355468750e+01
3.008006286621093750e+02
3.296693725585937500e+02
1.784692192077636719e+01
-6.031029891967773438e+01
-1.638204956054687500e+01
-2.511859321594238281e+01
3.933876953125000000e+02
5.513656005859375000e+02
2.104293441772460938e+01
-1.529704895019531250e+02
-1.814442443847656250e+01
-9.989464759826660156e+00
2.932377319335937500e+02
7.081116943359375000e+02
7.307131958007812500e+01
-2.031695709228515625e+02
-1.435497188568115234e+01
-7.576606750488281250e+00
5.626899414062500000e+02
5.463467407226562500e+02
9.328208160400390625e+01
-1.649569091796875000e+02
-2.641557884216308594e+01
-1.145582294464111328e+01
3.739460449218750000e+02
3.156977233886718750e+02
1.425884857177734375e+02
-1.453225097656250000e+02
-1.942805290222167969e+01
-1.111853885650634766e+01
-1.103169479370117188e+02
2.710563049316406250e+02
1.896057281494140625e+02
-1.482769927978515625e+02
-9.814029693603515625e+00
5.075226783752441406e+00
1.788521194458007812e+01
3.397552490234375000e+02
6.738867950439453125e+01
-1.446906890869140625e+02
1.584736156463623047e+01
-1.362097930908203125e+01
2.229156951904296875e+02
2.441320495605468750e+02
-1.276925468444824219e+01
-1.282898864746093750e+02
3.147794723510742188e+00
-1.865392684936523438e+00
2.613531303405761719e+01
2.486460723876953125e+02
-2.059089279174804688e+01
-1.033472442626953125e+02
6.729258894920349121e-01
2.032226371765136719e+01
-2.497873840332031250e+02
2.709250488281250000e+02
-3.679463863372802734e-01
-5.457239913940429688e+01
2.682354927062988281e+00
1.910683631896972656e+01
-1.557812805175781250e+02
1.293929138183593750e+02
3.216631889343261719e+00
4.108404636383056641e+00
1.366398620605468750e+01
-7.840215206146240234e+00
2.541079406738281250e+02
-1.818342895507812500e+02
-2.375619888305664062e+00
-7.996839046478271484e+00
1.893521690368652344e+01
-2.223437881469726562e+01
2.720257263183593750e+02
-1.030901107788085938e+02
4.104246139526367188e+01
-6.604224395751953125e+01
5.406919479370117188e+00
-1.432469272613525391e+01
2.750414428710937500e+02
2.215821456909179688e+01
4.327507019042968750e+01
-4.800585556030273438e+01
1.059484839439392090e+00
-3.061137199401855469e+01
2.377927551269531250e+02
2.130991516113281250e+02
5.502545166015625000e+01
-1.325855102539062500e+02
-1.227193069458007812e+01
-3.114402389526367188e+01
1.787171020507812500e+02
4.778578491210937500e+02
6.608367919921875000e+01
-1.695473632812500000e+02
-2.382610702514648438e+01
-1.401097965240478516e+01
1.641459350585937500e+02
3.868922424316406250e+02
1.268366394042968750e+02
-1.593500823974609375e+02
-2.284301948547363281e+01
-2.887432479858398438e+01
2.596005249023437500e+02
4.632549133300781250e+02
1.320565643310546875e+02
-1.363460083007812500e+02
-2.810925102233886719e+01
-3.046185684204101562e+01
5.798226318359375000e+02
3.013241271972656250e+02
2.276113433837890625e+02
-1.234346084594726562e+02
-3.361366271972656250e+01
-4.073529815673828125e+01
4.067255859375000000e+02
2.887952270507812500e+02
2.919782104492187500e+02
-1.428744201660156250e+02
-3.102928161621093750e+01
-2.771325302124023438e+01
-7.646106719970703125e+01
2.816858825683593750e+02
1.742835998535156250e+02
-1.577958679199218750e+02
-1.534713077545166016e+01
2.554972767829895020e-01
1.414848022460937500e+02
7.397387695312500000e+01
1.025268478393554688e+02
-1.429120330810546875e+02
5.991538047790527344e+00
-1.393197822570800781e+01
-4.453678131103515625e+01
1.162982406616210938e+02
4.778284072875976562e+01
-1.072387084960937500e+02
3.191525459289550781e+00
-1.523126810789108276e-01
-2.950472106933593750e+02
1.723948822021484375e+02
3.051208496093750000e+01
-3.908196640014648438e+01
7.515136718750000000e+00
1.750627326965332031e+01
-2.728400573730468750e+02
1.854860229492187500e+02
2.661901664733886719e+01
1.353793430328369141e+01
-3.864675283432006836e+00
1.117908477783203125e+01
8.466554260253906250e+01
-4.070803451538085938e+01
-6.711994409561157227e-01
-4.695921421051025391e+00
-9.664671897888183594e+00
3.218577802181243896e-01
2.068018646240234375e+02
-6.683354187011718750e+01
3.087389755249023438e+01
-5.388551712036132812e+01
-5.762996673583984375e+00
-1.046707987785339355e+00
2.293098449707031250e+02
-2.801006126403808594e+01
6.051359939575195312e+01
-6.268303298950195312e+01
-5.345479488372802734e+00
-1.844082641601562500e+01
9.452445983886718750e+01
1.476873016357421875e+02
7.795690155029296875e+01
-1.609987487792968750e+02
-1.614717292785644531e+01
-1.967902755737304688e+01
1.136384277343750000e+02
2.518928375244140625e+02
1.139562683105468750e+02
-1.822785186767578125e+02
-2.471866416931152344e+01
-2.530262756347656250e+01
3.304636383056640625e+01
6.363000869750976562e+01
1.450573883056640625e+02
-9.856185913085937500e+01
-2.480566024780273438e+01
-4.124822616577148438e+01
1.299900970458984375e+02
9.173949432373046875e+01
1.656731872558593750e+02
-9.827097320556640625e+01
-2.628078651428222656e+01
-3.574334335327148438e+01
3.938207092285156250e+02
1.033301391601562500e+02
2.279705810546875000e+02
-1.011594161987304688e+02
-4.297422790527343750e+01
-3.599943161010742188e+01
5.356625366210937500e+02
2.842188415527343750e+02
2.157633666992187500e+02
-1.235398101806640625e+02
-3.615465545654296875e+01
-3.829510498046875000e+01
2.695680847167968750e+02
3.215883789062500000e+02
1.217540359497070312e+02
-1.517680664062500000e+02
-1.953398895263671875e+01
-1.357471942901611328e+01
1.976473999023437500e+02
1.582189559936523438e+01
1.192570877075195312e+02
-1.468814086914062500e+02
1.185021400451660156e+00
-7.302422523498535156e+00
-2.077067565917968750e+01
-3.196376647949218750e+02
1.145533065795898438e+02
-9.584925079345703125e+01
1.079254436492919922e+01
6.886531114578247070e-01
-2.814940795898437500e+02
-2.318244781494140625e+02
8.097190856933593750e+01
-1.692961692810058594e+01
1.588329410552978516e+01
1.575223541259765625e+01
-2.400497283935546875e+02
-1.465123596191406250e+02
3.794828033447265625e+01
4.199118423461914062e+01
1.145114994049072266e+01
9.057776451110839844e+00
-6.859008789062500000e+01
-1.236115570068359375e+02
-6.912018060684204102e-01
4.913263320922851562e+01
8.631620407104492188e+00
-2.706666231155395508e+00
-3.241048574447631836e+00
-1.394635963439941406e+01
-2.557565212249755859e+00
5.115870475769042969e+00
3.625314950942993164e+00
-1.878980398178100586e+00
1.189147949218750000e+01
1.098156356811523438e+01
8.824194335937500000e+01
-1.126994247436523438e+02
-4.018653392791748047e+00
-5.298939228057861328e+00
3.793207931518554688e+01
-2.160200881958007812e+01
1.067159652709960938e+02
-1.383615264892578125e+02
-1.046760940551757812e+01
-1.057392215728759766e+01
1.597146987915039062e+01
3.344625473022460938e+01
8.994757080078125000e+01
-1.909051208496093750e+02
-2.279011535644531250e+01
-2.052624320983886719e+01
-5.258514881134033203e+00
-3.819656372070312500e+00
1.245262680053710938e+02
-1.148751373291015625e+02
-2.052153968811035156e+01
-2.180457305908203125e+01
4.200891876220703125e+01
3.325510787963867188e+01
1.388576049804687500e+02
-8.851731109619140625e+01
-2.111658859252929688e+01
-3.814811325073242188e+01
1.100376739501953125e+02
1.771784515380859375e+02
1.718483123779296875e+02
-1.017556533813476562e+02
-2.806417465209960938e+01
-3.488341522216796875e+01
2.290076293945312500e+02
4.221591186523437500e+02
1.306385650634765625e+02
-1.300303192138671875e+02
-3.079572868347167969e+01
-2.556394958496093750e+01
4.850372924804687500e+02
5.629487304687500000e+02
8.719881439208984375e+01
-1.631596069335937500e+02
-2.859794807434082031e+01
-1.407164096832275391e+01
3.611536560058593750e+02
3.316404113769531250e+02
8.221300506591796875e+01
-1.798486022949218750e+02
-1.405845642089843750e+01
-4.516352653503417969e+00
-1.188595581054687500e+02
-5.843619995117187500e+02
7.634769439697265625e+01
-1.337803192138671875e+02
7.374372482299804688e+00
-4.753892421722412109e-01
-4.324889831542968750e+02
-4.873038330078125000e+02
7.063243865966796875e+01
2.051627922058105469e+01
1.752405357360839844e+01
6.688706874847412109e+00
-2.274373016357421875e+02
-4.773784179687500000e+02
3.630594253540039062e+01
7.739797973632812500e+01
2.069783020019531250e+01
6.569635868072509766e+00
-9.546737670898437500e+01
-2.988334960937500000e+02
-1.278257369995117188e+01
1.021474990844726562e+02
1.678408050537109375e+01
6.272897720336914062e+00
-5.676157760620117188e+01
-1.030440673828125000e+02
-4.518522262573242188e+01
9.189189910888671875e+01
1.382183170318603516e+01
2.008191585540771484e+00
-3.290611648559570312e+01
1.361993432044982910e+00
-9.950314331054687500e+01
9.866101837158203125e+01
4.073610305786132812e+00
-6.564049124717712402e-01
-1.059026145935058594e+01
-9.250197410583496094e+00
1.726846466064453125e+02
-2.168586425781250000e+02
-8.489010810852050781e+00
-2.035165071487426758e+00
-3.782061338424682617e+00
6.306114196777343750e+00
1.801639099121093750e+02
-1.859423370361328125e+02
-1.673006057739257812e+01
-1.659868049621582031e+01
-1.768544769287109375e+01
6.024363327026367188e+01
2.256744232177734375e+02
-1.480864410400390625e+02
-2.989868354797363281e+01
-2.366178894042968750e+01
5.969334030151367188e+01
-5.694490909576416016e+00
1.212707214355468750e+02
-9.897444152832031250e+01
-3.229244995117187500e+01
-2.327092361450195312e+01
1.023226089477539062e+02
8.435684967041015625e+01
1.427387847900390625e+02
-1.006200180053710938e+02
-3.290372085571289062e+01
-3.712178421020507812e+01
1.936164245605468750e+02
3.246351623535156250e+02
1.238657455444335938e+02
-1.430411224365234375e+02
-3.212850189208984375e+01
-2.791703224182128906e+01
3.575891723632812500e+02
7.601713256835937500e+02
6.245039367675781250e+01
-1.947479248046875000e+02
-2.189720153808593750e+01
-1.225864315032958984e+01
5.650134277343750000e+02
1.005259887695312500e+03
3.955002593994140625e+01
-2.364256896972656250e+02
-2.291656684875488281e+01
-1.032061195373535156e+01
2.144321594238281250e+02
6.823300170898437500e+01
1.122241210937500000e+02
-2.142939300537109375e+02
-5.806305885314941406e+00
-1.268504142761230469e+01
-3.782765197753906250e+02
-9.238602294921875000e+02
1.804808044433593750e+02
1.222769165039062500e+02
1.251759052276611328e+01
7.838799953460693359e+00
-2.164169616699218750e+02
-6.852019653320312500e+02
6.056789779663085938e+01
9.941502380371093750e+01
1.745184135437011719e+01
1.845754861831665039e+00
-4.313434219360351562e+01
-4.225315856933593750e+02
-1.099855041503906250e+01
1.461896057128906250e+02
1.340797996520996094e+01
4.598314285278320312e+00
-1.874911689758300781e+01
-1.827508850097656250e+02
-5.596622467041015625e+01
1.685879821777343750e+02
1.288947105407714844e+01
1.301312828063964844e+01
3.616594696044921875e+01
-1.861539459228515625e+01
-1.228936309814453125e+02
2.040439300537109375e+02
6.705860137939453125e+00
-8.954687714576721191e-01
6.161743545532226562e+01
-2.780838203430175781e+01
5.149247360229492188e+01
-5.533174133300781250e+01
-9.361351013183593750e+00
-8.325819969177246094e-01
5.213064193725585938e+01
-6.906898021697998047e-01
4.111362915039062500e+02
-2.877470092773437500e+02
-7.227485656738281250e+00
3.067295312881469727e+00
-1.876732826232910156e+00
-4.260953903198242188e+01
4.042359619140625000e+02
-2.985034484863281250e+02
-3.384456783533096313e-02
6.772902965545654297e+00
-1.678855895996093750e+01
-2.288383483886718750e+01
1.685488891601562500e+02
-1.755127410888671875e+02
-1.913608741760253906e+01
-9.258774757385253906e+00
-1.816598653793334961e+00
2.358417892456054688e+01
8.284757995605468750e+01
-1.869933471679687500e+02
-1.936617851257324219e+01
-2.207474327087402344e+01
4.339392852783203125e+01
2.094572753906250000e+02
1.082004547119140625e+02
-2.014431304931640625e+02
-2.214927482604980469e+01
-2.756151199340820312e+01
1.000394897460937500e+02
4.809307250976562500e+02
5.527056884765625000e+01
-2.093387908935546875e+02
-2.012221527099609375e+01
-1.828410530090332031e+01
3.439694519042968750e+02
4.807210083007812500e+02
1.619528388977050781e+01
-1.984032897949218750e+02
-1.825731086730957031e+01
-1.241665554046630859e+01
2.482386932373046875e+02
2.832732543945312500e+02
8.212919616699218750e+01
-6.168055534362792969e+00
-9.181636810302734375e+00
-4.945912361145019531e-01
-2.427226867675781250e+02
-5.568455200195312500e+02
2.383029937744140625e+02
-9.405912017822265625e+01
1.482147884368896484e+01
8.270677566528320312e+00
-3.783502807617187500e+02
-5.306166992187500000e+02
5.219239807128906250e+01
6.881562042236328125e+01
2.275869369506835938e+01
1.061108398437500000e+01
-2.475422363281250000e+02
-5.035245056152343750e+02
-7.299631595611572266e+00
1.143526382446289062e+02
2.472404479980468750e+01
1.042719936370849609e+01
-1.124673919677734375e+02
-2.719046020507812500e+02
-5.361735534667968750e+01
1.710171203613281250e+02
2.378981781005859375e+01
1.534335136413574219e+01
-6.960459136962890625e+01
-6.054772186279296875e+01
-9.248204040527343750e+01
1.976038208007812500e+02
2.187620925903320312e+01
5.364086627960205078e+00
-5.581513595581054688e+01
1.765468597412109375e+01
-1.700117492675781250e+02
2.580362548828125000e+02
1.266480636596679688e+01
-4.955991208553314209e-01
-1.089398956298828125e+01
-1.080512619018554688e+01
-1.136358356475830078e+01
-1.128924083709716797e+01
1.012472152709960938e+00
1.178801298141479492e+00
-5.152431964874267578e+00
-3.408931255340576172e+00
-6.144826889038085938e+01
6.214218902587890625e+01
1.899634480476379395e+00
3.358692169189453125e+00
-1.576883316040039062e+00
3.462804317474365234e+00
1.659458923339843750e+02
-2.705276184082031250e+02
-7.477139472961425781e+00
-7.755396962165832520e-01
6.701516723632812500e+01
5.946411132812500000e+00
1.053846969604492188e+02
-1.722707977294921875e+02
-1.172993946075439453e+01
-7.010931491851806641e+00
1.179481201171875000e+02
8.865747833251953125e+01
7.813224792480468750e+01
-1.983809356689453125e+02
-1.577477455139160156e+01
-1.341721248626708984e+01
2.391743011474609375e+02
2.330085906982421875e+02
4.946149826049804688e+01
-1.645589294433593750e+02
-1.445720672607421875e+01
-3.272283554077148438e+01
3.018227539062500000e+02
2.977242126464843750e+02
1.535276794433593750e+01
-8.069552612304687500e+01
-1.616870880126953125e+01
-2.448761940002441406e+01
1.474115600585937500e+02
3.497794799804687500e+02
-1.006904840469360352e+00
-4.514136886596679688e+01
-1.541566658020019531e+01
-6.070972442626953125e+00
2.060158538818359375e+01
-6.888641834259033203e+00
-5.134520530700683594e+00
6.957273960113525391e+00
-7.433298230171203613e-01
-2.121235281229019165e-01
-1.599563903808593750e+02
-3.510389709472656250e+02
-2.290500402450561523e+00
5.018769454956054688e+01
1.476835060119628906e+01
5.378039360046386719e+00
-2.884138793945312500e+02
-3.437685852050781250e+02
-1.806787300109863281e+01
7.289909362792968750e+01
1.548563098907470703e+01
2.572785186767578125e+01
-2.718839416503906250e+02
-2.387400360107421875e+02
-5.152323150634765625e+01
1.549819030761718750e+02
1.467497825622558594e+01
3.354001235961914062e+01
-1.349740447998046875e+02
-1.043422775268554688e+02
-7.679389953613281250e+01
1.902783966064453125e+02
1.679012107849121094e+01
1.392955207824707031e+01
-6.537133026123046875e+01
-1.371753406524658203e+01
-1.092429504394531250e+02
1.679813537597656250e+02
9.743554115295410156e+00
8.620069503784179688e+00
-2.056924343109130859e+00
-1.455077648162841797e+01
-1.728913574218750000e+02
2.580099792480468750e+02
1.084749507904052734e+01
4.735484123229980469e+00
-7.796362876892089844e+00
2.384302330017089844e+01
-1.276677398681640625e+02
1.997582092285156250e+02
1.241056823730468750e+01
-2.038470268249511719e+00
7.332816123962402344e-01
3.777849197387695312e+01
-1.160750122070312500e+02
1.015376815795898438e+02
6.108462214469909668e-01
-1.548199653625488281e-01
3.966471481323242188e+01
4.724194717407226562e+01
8.537566375732421875e+01
-1.229395217895507812e+02
-5.234343051910400391e+00
-3.907621383666992188e+00
2.031999511718750000e+02
-1.322290992736816406e+01
6.299970626831054688e+01
-8.454398345947265625e+01
-5.515707015991210938e+00
-1.704531669616699219e+01
2.851538085937500000e+02
3.893059539794921875e+01
4.447917938232421875e+01
-6.574369812011718750e+01
-2.199654102325439453e+00
-3.233751678466796875e+01
2.457987670898437500e+02
1.492079315185546875e+02
2.335008811950683594e+01
-2.059092521667480469e+01
-1.362555599212646484e+01
-3.654326629638671875e+01
5.719637298583984375e+01
2.349927978515625000e+02
-3.378968715667724609e+00
2.506504440307617188e+01
-1.852318572998046875e+01
-1.649343872070312500e+01
-1.599984283447265625e+02
1.842705535888671875e+02
-1.894200706481933594e+01
3.785174942016601562e+01
-7.445999145507812500e+00
2.966343164443969727e+00
1.054585494995117188e+02
-1.674615478515625000e+02
-2.563554000854492188e+01
7.406108093261718750e+01
5.280358314514160156e+00
-9.174754142761230469e+00
-1.993308258056640625e+01
-2.340394592285156250e+02
-4.525385665893554688e+01
1.015984191894531250e+02
1.151337528228759766e+01
1.121327400207519531e+01
-3.298139343261718750e+02
-1.643213653564453125e+02
-5.743452453613281250e+01
1.556642150878906250e+02
1.752058601379394531e+01
3.186387443542480469e+01
-3.211542053222656250e+02
-5.213902664184570312e+01
-5.920150756835937500e+01
1.919942626953125000e+02
6.665950775146484375e+00
2.913746070861816406e+01
-1.200216064453125000e+02
-5.853413391113281250e+01
-7.725854492187500000e+01
1.809692382812500000e+02
1.282013320922851562e+01
9.572872161865234375e+00
-2.518551826477050781e+01
-2.974253273010253906e+01
-8.874389648437500000e+01
2.029685974121093750e+02
1.942899513244628906e+01
5.077622413635253906e+00
-5.952715682983398438e+01
-2.414379119873046875e+02
-5.396337127685546875e+01
1.558857574462890625e+02
1.834864807128906250e+01
1.466010665893554688e+01
-1.244518184661865234e+01
-1.511650695800781250e+02
-4.395950698852539062e+01
8.549159240722656250e+01
1.050781345367431641e+01
8.410421371459960938e+00
-1.949877023696899414e+00
-9.588367462158203125e+00
6.009909629821777344e+00
-7.071684360504150391e+00
3.369772136211395264e-01
4.306389808654785156e+00
1.558907318115234375e+02
-6.072483825683593750e+01
3.005056762695312500e+01
-5.168564605712890625e+01
2.293675184249877930e+00
3.114578723907470703e-01
2.912118225097656250e+02
-1.730820159912109375e+02
3.999120712280273438e+01
-5.640723037719726562e+01
3.733772993087768555e+00
-1.265372276306152344e+01
2.224597473144531250e+02
-1.190920486450195312e+02
1.543783283233642578e+01
2.470728302001953125e+01
-7.962677478790283203e+00
-2.165035057067871094e+01
4.500163269042968750e+01
-1.162879028320312500e+02
1.562357306480407715e+00
8.288579559326171875e+01
-1.575201606750488281e+01
-9.665032386779785156e+00
-2.020720977783203125e+02
-3.098819160461425781e+01
-1.201044178009033203e+01
1.375698394775390625e+02
-8.379830360412597656e+00
1.038165664672851562e+01
-6.038407897949218750e+01
-1.321406097412109375e+02
-4.565974044799804688e+01
1.531893920898437500e+02
6.872130393981933594e+00
-5.924921512603759766e+00
1.368415527343750000e+02
-2.354225769042968750e+02
-8.064884948730468750e+01
1.482182617187500000e+02
1.427232170104980469e+01
-7.746045589447021484e-01
-9.497032928466796875e+01
-2.158197784423828125e+02
-8.256498718261718750e+01
1.563550415039062500e+02
1.504135036468505859e+01
2.326072692871093750e+01
-3.534591064453125000e+02
-1.953887634277343750e+02
-5.669517135620117188e+01
1.546889038085937500e+02
1.874575996398925781e+01
3.415353012084960938e+01
-2.839913940429687500e+02
-2.601378173828125000e+02
-4.761870956420898438e+01
1.484351043701171875e+02
1.548060417175292969e+01
3.312728500366210938e+01
-9.695624542236328125e+01
-2.978332214355468750e+02
-4.773758697509765625e+01
1.605893554687500000e+02
2.103191566467285156e+01
1.979910659790039062e+01
-1.667423400878906250e+02
-4.729667663574218750e+02
-1.148302650451660156e+01
1.339838256835937500e+02
1.989267158508300781e+01
6.792809963226318359e+00
-1.021697998046875000e+02
-2.920531005859375000e+02
-1.288112831115722656e+01
9.647770690917968750e+01
1.609544944763183594e+01
6.077378273010253906e+00
-4.915771102905273438e+01
-1.427026824951171875e+02
-2.479667901992797852e+00
4.843547058105468750e+01
6.871537685394287109e+00
1.339320898056030273e+00
-3.913582229614257812e+01
3.342575836181640625e+01
7.502526044845581055e-01
-3.850492715835571289e+00
1.788326859474182129e+00
-2.212991237640380859e+00
2.660852050781250000e+02
-2.402741699218750000e+02
1.301642417907714844e+00
-1.218918418884277344e+01
1.746463394165039062e+01
-1.805455970764160156e+01
2.376140136718750000e+02
-2.743929748535156250e+02
3.814552307128906250e+01
4.995378494262695312e+00
-4.880613684654235840e-01
-1.857409667968750000e+01
1.226703071594238281e+01
-2.497348327636718750e+02
1.391430950164794922e+01
1.233258743286132812e+02
-1.270465278625488281e+01
-1.415237617492675781e+01
-2.486200866699218750e+02
-2.271551971435546875e+02
1.181457328796386719e+01
2.154884796142578125e+02
-6.650829315185546875e+00
-6.266010284423828125e+00
-2.091085815429687500e+02
-2.276283264160156250e+02
-7.439128398895263672e+00
2.132678985595703125e+02
-4.051234245300292969e+00
-3.195458173751831055e+00
1.821943969726562500e+02
-3.136055297851562500e+02
-6.743656921386718750e+01
1.569983673095703125e+02
8.041103363037109375e+00
-1.508224487304687500e+01
1.706773376464843750e+02
-2.355715179443359375e+02
-8.652952575683593750e+01
1.473787536621093750e+02
1.023162841796875000e+01
-3.324694871902465820e+00
-1.080505447387695312e+02
-2.619630432128906250e+02
-5.164950180053710938e+01
1.120256118774414062e+02
1.519149684906005859e+01
1.359832954406738281e+01
-3.075799865722656250e+02
-3.433812255859375000e+02
-1.640999412536621094e+01
6.528648376464843750e+01
1.457574367523193359e+01
2.354516220092773438e+01
-1.863153228759765625e+02
-5.328060913085937500e+02
-7.085924148559570312e+00
1.013834762573242188e+02
2.121661186218261719e+01
1.117085075378417969e+01
-2.869611816406250000e+02
-6.421701660156250000e+02
5.304027938842773438e+01
1.138307418823242188e+02
1.905988311767578125e+01
-4.741345405578613281e+00
-1.680411682128906250e+02
-4.642394714355468750e+02
3.366075134277343750e+01
7.900272369384765625e+01
1.757614898681640625e+01
1.934630990028381348e+00
-2.104979095458984375e+02
-1.649244384765625000e+02
4.014849853515625000e+01
3.982799530029296875e+01
9.132620811462402344e+00
1.243222713470458984e+01
-2.340196075439453125e+02
1.705265808105468750e+02
2.104980850219726562e+01
9.872880935668945312e+00
-5.229205608367919922e+00
1.076814556121826172e+01
5.890174102783203125e+01
-3.858657455444335938e+01
-2.655203104019165039e+00
5.405663251876831055e-01
1.788151502609252930e+00
-1.171636581420898438e+00
2.035931854248046875e+02
-2.485516967773437500e+02
1.826049232482910156e+01
7.501514434814453125e+01
6.110492229461669922e+00
-2.817362213134765625e+01
2.150265884399414062e+01
-2.718672485351562500e+02
1.163935852050781250e+02
1.721575317382812500e+02
-9.446759223937988281e+00
-2.059503746032714844e+01
-2.530101318359375000e+02
-2.743155517578125000e+02
6.495341491699218750e+01
3.016607666015625000e+02
-1.517988681793212891e+00
-1.508544158935546875e+01
-2.667910461425781250e+02
-2.855799560546875000e+02
3.790431213378906250e+01
2.776719360351562500e+02
-1.375930595397949219e+01
-1.160802650451660156e+01
-1.954544830322265625e+02
-1.840531616210937500e+02
-3.823693990707397461e+00
2.097973022460937500e+02
-6.412763118743896484e+00
-4.294668197631835938e+00
-1.651203155517578125e+01
-1.180297012329101562e+02
-4.860713577270507812e+01
1.647153778076171875e+02
4.473852634429931641e+00
-6.072563171386718750e+00
1.527570648193359375e+02
-1.928772888183593750e+02
-2.885892486572265625e+01
9.660909271240234375e+01
4.258622646331787109e+00
-9.000392913818359375e+00
-1.275551071166992188e+02
-3.255810852050781250e+02
-1.960845708847045898e+00
4.030816268920898438e+01
1.252043628692626953e+01
2.316656351089477539e+00
-4.133874511718750000e+02
-4.981546325683593750e+02
4.245353317260742188e+01
8.424001312255859375e+01
2.042989540100097656e+01
4.782234668731689453e+00
-6.175789184570312500e+02
-1.034404418945312500e+03
2.616295471191406250e+02
5.888071823120117188e+01
1.490050792694091797e+01
1.053417205810546875e+01
-4.460462646484375000e+02
-5.372064819335937500e+02
7.902990722656250000e+01
1.007691144943237305e+00
1.772378158569335938e+01
8.975708961486816406e+00
-3.017053527832031250e+02
-2.334221649169921875e+02
9.010068511962890625e+01
-2.313851547241210938e+01
1.597123622894287109e+01
1.570145988464355469e+01
-3.259331665039062500e+02
1.769700622558593750e+02
4.226332092285156250e+01
-4.989253616333007812e+01
1.183448219299316406e+01
2.229866600036621094e+01
-2.875096740722656250e+02
3.143446350097656250e+02
-1.138351798057556152e+00
-5.760368728637695312e+01
5.562748432159423828e+00
1.700435256958007812e+01
1.748690185546875000e+02
-1.827093963623046875e+02
5.686386108398437500e+00
6.661139011383056641e+00
-8.947005271911621094e+00
1.089654541015625000e+01
5.902357864379882812e+01
-2.699889831542968750e+02
1.074138946533203125e+02
2.068370666503906250e+02
-6.635486125946044922e+00
-6.770869255065917969e+00
-2.558049316406250000e+02
-2.152378997802734375e+02
2.376879425048828125e+02
3.070081176757812500e+02
-4.840721607208251953e+00
-3.207505226135253906e+00
-2.699805908203125000e+02
-2.727638549804687500e+02
7.107212066650390625e+01
2.828941650390625000e+02
-2.759174346923828125e+00
-1.046900177001953125e+01
-2.942573242187500000e+02
-1.867018737792968750e+02
1.313531017303466797e+01
2.060348968505859375e+02
-3.587111711502075195e+00
-4.114627838134765625e+00
-2.627702331542968750e+02
1.443612003326416016e+01
-1.087988662719726562e+01
1.221244659423828125e+02
-6.016321659088134766e+00
7.471994876861572266e+00
-1.986580505371093750e+02
1.375976104736328125e+02
-1.792490386962890625e+01
4.206338500976562500e+01
-7.873269915580749512e-01
4.510508060455322266e+00
-7.181964874267578125e+01
-4.849634933471679688e+01
6.463303089141845703e+00
-2.281740188598632812e+01
4.309255599975585938e+00
6.306694746017456055e-01
-2.361001281738281250e+02
-5.340640869140625000e+02
2.507078399658203125e+02
-6.696005249023437500e+01
1.377070808410644531e+01
3.717969894409179688e+00
2.983121476063388400e-06
-1.448769126000115648e-05
8.112510130331429536e-08
-1.324484287579252850e-06
1.531320208414399531e-07
7.093817799841417582e-08
-1.783360443115234375e+02
-4.410856018066406250e+02
2.200926513671875000e+02
-4.272143173217773438e+01
1.190099048614501953e+01
1.605704903602600098e+00
-1.116288452148437500e+02
-3.497068786621093750e+02
5.292675018310546875e+01
-4.471716308593750000e+01
1.403538131713867188e+01
1.985903143882751465e+00
-1.820169067382812500e+01
-1.296509857177734375e+02
3.995383834838867188e+01
-1.245339279174804688e+02
1.278645515441894531e+01
7.301677703857421875e+00
-1.915657234191894531e+01
1.968276977539062500e+02
2.922471046447753906e+00
-1.538751831054687500e+02
7.609025955200195312e+00
1.752303695678710938e+01
-9.983781814575195312e+00
3.193392639160156250e+02
-2.666021728515625000e+01
-1.686753845214843750e+02
8.881987571716308594e+00
1.813284873962402344e+01
3.026986312866210938e+01
1.601087646484375000e+02
-9.406856536865234375e+01
-1.814426727294921875e+02
-5.236808061599731445e-01
1.858892059326171875e+01
-3.170941340613353532e-07
-7.498236982428352349e-07
5.574065726250410080e-04
-5.551538779400289059e-04
1.332850132484963979e-07
-1.342291398032102734e-06
-3.026986312866210938e+01
-1.601087646484375000e+02
9.406851959228515625e+01
1.814427032470703125e+02
5.237117409706115723e-01
-1.858890914916992188e+01
9.983778953552246094e+00
-3.193392639160156250e+02
2.666020965576171875e+01
1.686753845214843750e+02
-8.881988525390625000e+00
-1.813285255432128906e+01
1.915657043457031250e+01
-1.968277130126953125e+02
-2.922460317611694336e+00
1.538751831054687500e+02
-7.609026908874511719e+00
-1.752303886413574219e+01
1.820167922973632812e+01
1.296509704589843750e+02
-3.995383834838867188e+01
1.245339279174804688e+02
-1.278645610809326172e+01
-7.301678180694580078e+00
1.116288223266601562e+02
3.497068786621093750e+02
-5.292675018310546875e+01
4.471716308593750000e+01
-1.403538131713867188e+01
-1.985903382301330566e+00
1.783360290527343750e+02
4.410856018066406250e+02
-2.200926513671875000e+02
4.272142791748046875e+01
-1.190099048614501953e+01
-1.605704903602600098e+00
4.978374633789062500e+02
1.005533508300781250e+03
-5.059283733367919922e+00
-1.753961639404296875e+02
-1.614994621276855469e+01
-8.981460571289062500e+00
2.018762817382812500e+02
4.832057495117187500e+02
9.390022277832031250e+01
-3.523892593383789062e+01
-6.818808555603027344e+00
-2.600519180297851562e+00
6.506852722167968750e+01
2.976936531066894531e+01
5.526406860351562500e+01
-1.879378051757812500e+02
-4.305865168571472168e-01
-6.592115163803100586e-01
1.727836151123046875e+02
-7.094860076904296875e+01
7.700705718994140625e+01
-1.852017059326171875e+02
3.557562589645385742e+00
-4.619900703430175781e+00
2.145548400878906250e+02
1.775500946044921875e+02
1.999936866760253906e+01
-2.058444824218750000e+02
5.479668617248535156e+00
2.121929407119750977e+00
2.563108520507812500e+02
3.205523071289062500e+02
-3.446822357177734375e+01
-2.538850708007812500e+02
5.548797607421875000e+00
8.596050262451171875e+00
2.063519439697265625e+02
2.418066864013671875e+02
-4.218457412719726562e+01
-2.471632232666015625e+02
1.173793697357177734e+01
1.300647354125976562e+01
3.218478775024414062e+01
2.398021087646484375e+02
-8.016651916503906250e+01
-1.999797210693359375e+02
2.139760494232177734e+00
1.472490596771240234e+01
1.863390808105468750e+02
-1.207499313354492188e+02
3.425013732910156250e+01
-3.726388549804687500e+01
-1.564161491394042969e+01
8.231645584106445312e+00
2.296539764404296875e+02
-2.583495178222656250e+02
1.889661407470703125e+01
7.737881469726562500e+01
3.301465988159179688e+00
-2.206302833557128906e+01
2.710331115722656250e+02
-2.126785583496093750e+02
-9.309999465942382812e+00
4.994158935546875000e+01
-6.753044128417968750e+00
-2.043174171447753906e+01
2.897962646484375000e+02
3.368363189697265625e+01
-1.608365440368652344e+01
1.048057365417480469e+01
-1.382245159149169922e+01
-2.483453178405761719e+01
2.824630432128906250e+02
2.910431518554687500e+02
-2.026727676391601562e+01
-2.455277252197265625e+01
-1.643084335327148438e+01
-1.548910999298095703e+01
4.005632934570312500e+02
5.177899780273437500e+02
-4.584939193725585938e+01
-8.244496917724609375e+01
-2.218667793273925781e+01
-8.431995391845703125e+00
3.014712829589843750e+02
7.392246704101562500e+02
4.442062377929687500e+00
-1.449162597656250000e+02
-1.900638198852539062e+01
-4.841372489929199219e+00
4.981514587402343750e+02
5.627016601562500000e+02
1.944643020629882812e+01
-1.655687408447265625e+02
-1.664378166198730469e+01
-9.925972938537597656e+00
2.425745697021484375e+02
3.514812622070312500e+02
5.271255111694335938e+01
-2.393285369873046875e+02
-1.981205558776855469e+01
-7.071018695831298828e+00
-7.456029510498046875e+01
2.452791290283203125e+02
8.987879943847656250e+01
-2.280571289062500000e+02
-1.001417350769042969e+01
7.965642452239990234e+00
3.679291152954101562e+01
2.933908691406250000e+02
6.485352325439453125e+01
-2.324216156005859375e+02
-6.041091918945312500e+00
5.264844894409179688e+00
1.748302764892578125e+02
3.507681274414062500e+02
-1.836446380615234375e+01
-2.640263977050781250e+02
1.144925975799560547e+01
-6.534615039825439453e+00
1.865941925048828125e+02
2.976848449707031250e+02
-3.450110626220703125e+01
-2.510887603759765625e+02
7.458052158355712891e+00
1.038284397125244141e+01
4.470136761665344238e-02
3.017995605468750000e+02
-2.902344322204589844e+01
-1.987871704101562500e+02
2.757982254028320312e+00
1.873360443115234375e+01
-2.043265533447265625e+02
2.839375305175781250e+02
-1.904987907409667969e+01
-1.012396163940429688e+02
-8.643920898437500000e+00
2.657173156738281250e+01
-1.465848541259765625e+02
1.116899642944335938e+02
-1.091634559631347656e+01
7.539153099060058594e+00
6.984607219696044922e+00
-6.520091056823730469e+00
2.854539489746093750e+02
-2.382194824218750000e+02
-5.487406253814697266e+00
-5.158877372741699219e+00
1.440145778656005859e+01
-2.151488876342773438e+01
2.717369079589843750e+02
-3.169853591918945312e+01
-2.149563789367675781e+00
-3.204088973999023438e+01
2.986282587051391602e+00
-1.989723014831542969e+01
2.347441406250000000e+02
2.323052520751953125e+02
8.654026985168457031e+00
-6.669977569580078125e+01
-9.705734252929687500e+00
-2.365679550170898438e+01
1.824626159667968750e+02
5.607846069335937500e+02
3.528458595275878906e+00
-9.145155334472656250e+01
-2.079926681518554688e+01
-1.392459583282470703e+01
1.513131103515625000e+02
4.217775878906250000e+02
5.371581649780273438e+01
-2.103214111328125000e+02
-2.152593040466308594e+01
-1.364112949371337891e+01
1.879120483398437500e+02
4.698085632324218750e+02
6.091035079956054688e+01
-1.827851104736328125e+02
-2.110818672180175781e+01
-1.691710662841796875e+01
3.472446289062500000e+02
3.196419067382812500e+02
7.496724700927734375e+01
-2.112701873779296875e+02
-2.556331825256347656e+01
-2.713581657409667969e+01
1.842769927978515625e+02
2.729908447265625000e+02
1.128575973510742188e+02
-1.948753967285156250e+02
-2.561735725402832031e+01
-1.384383392333984375e+01
-1.686416015625000000e+02
3.118759765625000000e+02
1.119973678588867188e+02
-1.964277954101562500e+02
-1.647370719909667969e+01
1.102226161956787109e+01
8.197669029235839844e+00
2.747984924316406250e+02
5.504479980468750000e+01
-2.269381103515625000e+02
-3.571629762649536133e+00
6.369707584381103516e+00
1.570571594238281250e+02
1.711827087402343750e+02
1.458337593078613281e+01
-2.079515991210937500e+02
7.918840885162353516e+00
-2.557436227798461914e+00
-2.261821269989013672e+00
1.940959625244140625e+02
2.235024929046630859e+00
-1.570887451171875000e+02
7.488454818725585938e+00
1.875543975830078125e+01
-2.111616363525390625e+02
2.215904846191406250e+02
1.294416713714599609e+01
-5.655677795410156250e+01
1.028900384902954102e+00
2.246597099304199219e+01
-3.119930419921875000e+02
2.611953125000000000e+02
1.213349223136901855e+00
2.749807834625244141e+00
-1.127064418792724609e+01
1.512776565551757812e+01
2.086988525390625000e+02
-2.029415283203125000e+02
-3.396576309204101562e+01
3.295435714721679688e+01
-1.266117477416992188e+01
1.119281768798828125e+01
1.627790527343750000e+02
-6.056644439697265625e+01
3.235571289062500000e+01
-5.443266677856445312e+01
-3.277954578399658203e+00
-3.169407248497009277e-01
6.587897491455078125e+01
1.281282501220703125e+02
4.246210861206054688e+01
-8.622787475585937500e+01
-1.244881343841552734e+01
-6.735974311828613281e+00
9.680360412597656250e+01
2.313515167236328125e+02
5.208283233642578125e+01
-1.466608886718750000e+02
-2.137617874145507812e+01
-1.408812904357910156e+01
5.373214340209960938e+01
1.450671844482421875e+02
7.468999481201171875e+01
-2.227362213134765625e+02
-2.428278350830078125e+01
-1.690530776977539062e+01
1.203919601440429688e+02
2.132674713134765625e+02
1.118420028686523438e+02
-1.912658081054687500e+02
-2.268064117431640625e+01
-2.056612968444824219e+01
3.248317871093750000e+02
2.045780181884765625e+02
9.229699707031250000e+01
-2.006390228271484375e+02
-2.737580871582031250e+01
-3.453157806396484375e+01
4.557691955566406250e+02
2.263170928955078125e+02
1.212356185913085938e+02
-1.790733337402343750e+02
-3.038376235961914062e+01
-3.482093811035156250e+01
1.568944396972656250e+02
2.978931274414062500e+02
1.117924728393554688e+02
-1.852957458496093750e+02
-2.106586265563964844e+01
-1.558356761932373047e+01
-1.903289222717285156e+01
2.310417175292968750e+02
8.907211303710937500e+01
-2.185647125244140625e+02
-1.234422588348388672e+01
6.796835422515869141e+00
1.384733734130859375e+02
-8.479216003417968750e+01
7.210572814941406250e+01
-1.879544677734375000e+02
6.892931461334228516e+00
-4.783853054046630859e+00
-1.931500816345214844e+01
-9.868492889404296875e+01
3.812767791748046875e+01
-1.043714218139648438e+02
1.192585659027099609e+01
9.221197128295898438e+00
-2.190720825195312500e+02
1.121383953094482422e+01
1.862876892089843750e+01
-1.981641387939453125e+01
9.341515541076660156e+00
2.090217399597167969e+01
-2.756116027832031250e+02
5.437585067749023438e+01
2.791046619415283203e+00
3.798155593872070312e+01
8.626898527145385742e-01
1.796622085571289062e+01
-1.321298675537109375e+02
4.220974349975585938e+01
-3.194073677062988281e+01
5.672476959228515625e+01
-4.235928535461425781e+00
2.646849632263183594e+00
5.809181213378906250e+01
-4.478200531005859375e+01
6.452893829345703125e+01
-6.421623229980468750e+01
-3.151828289031982422e+00
-4.667523205280303955e-01
3.533673858642578125e+01
7.424748420715332031e+00
9.169490051269531250e+01
-1.156552581787109375e+02
-4.432368755340576172e+00
-1.927760481834411621e+00
2.170749473571777344e+01
6.787364196777343750e+01
8.966495513916015625e+01
-1.777805480957031250e+02
-1.818680191040039062e+01
-8.146908760070800781e+00
1.968053698539733887e+00
4.042966079711914062e+01
1.440444946289062500e+02
-1.828518981933593750e+02
-1.934459114074707031e+01
-6.436690330505371094e+00
2.971554374694824219e+01
8.970671081542968750e+01
8.721705627441406250e+01
-1.807844543457031250e+02
-1.822549247741699219e+01
-2.385775375366210938e+01
1.836617279052734375e+02
7.934043121337890625e+01
1.212717208862304688e+02
-1.992668762207031250e+02
-2.477519416809082031e+01
-2.294803619384765625e+01
3.479510803222656250e+02
1.894576568603515625e+02
9.509382629394531250e+01
-1.902339324951171875e+02
-2.696880912780761719e+01
-3.118640708923339844e+01
4.319649047851562500e+02
3.324884338378906250e+02
7.274916839599609375e+01
-1.934003448486328125e+02
-2.898143768310546875e+01
-2.915026473999023438e+01
1.894808502197265625e+02
3.771319274902343750e+02
5.496058654785156250e+01
-2.350523986816406250e+02
-1.821528816223144531e+01
-1.046815872192382812e+01
-2.465738105773925781e+01
5.573166275024414062e+01
4.819010925292968750e+01
-1.761788177490234375e+02
2.287304401397705078e+00
-5.388890743255615234e+00
-8.052583312988281250e+01
-2.717896423339843750e+02
4.482315063476562500e+01
-1.807604670524597168e+00
1.151889324188232422e+01
-1.557586789131164551e+00
-2.351898345947265625e+02
-2.857387390136718750e+02
2.485097122192382812e+01
3.107533454895019531e+01
1.463907241821289062e+01
1.947080230712890625e+01
-2.368946838378906250e+02
-2.010658569335937500e+02
-1.153634357452392578e+01
8.171221923828125000e+01
1.059998989105224609e+01
2.312484359741210938e+01
-6.547551727294921875e+01
-1.366660614013671875e+02
-4.380504226684570312e+01
9.407129669189453125e+01
9.622461318969726562e+00
4.517347335815429688e+00
2.198908567428588867e+00
-2.984004402160644531e+01
-8.778540039062500000e+01
1.228343200683593750e+02
1.324584931135177612e-01
5.461502075195312500e+00
-6.127467346191406250e+01
7.861370849609375000e+01
-1.215800399780273438e+02
1.284086914062500000e+02
4.897264003753662109e+00
-7.818151950836181641e+00
-2.966288566589355469e+00
2.293997001647949219e+01
1.741683502197265625e+02
-2.133616943359375000e+02
-7.184214115142822266e+00
-6.937973976135253906e+00
2.450107574462890625e+00
-4.675774002075195312e+01
3.741388549804687500e+02
-2.992508239746093750e+02
3.255448341369628906e-01
5.383731842041015625e+00
-4.204849243164062500e+00
-1.464610004425048828e+01
1.735926208496093750e+02
-1.654378204345703125e+02
-1.627097320556640625e+01
-1.067113208770751953e+01
-1.702745628356933594e+01
5.324615478515625000e+01
8.154229736328125000e+01
-1.813216094970703125e+02
-1.695419883728027344e+01
-2.078655815124511719e+01
4.556615447998046875e+01
2.179095001220703125e+02
1.091217346191406250e+02
-1.929555969238281250e+02
-2.214543724060058594e+01
-2.602899551391601562e+01
1.282966461181640625e+02
4.807390441894531250e+02
6.069495010375976562e+01
-2.038623657226562500e+02
-2.025532341003417969e+01
-1.793936538696289062e+01
3.011571655273437500e+02
5.321369018554687500e+02
1.933643913269042969e+01
-1.983002777099609375e+02
-1.656412124633789062e+01
-1.421206378936767578e+01
1.706161193847656250e+02
3.465041198730468750e+02
7.598737335205078125e+01
1.813544869422912598e+00
-7.645143508911132812e+00
-2.242018699645996094e+00
-2.331677246093750000e+02
-5.921058959960937500e+02
2.392978363037109375e+02
-8.049096679687500000e+01
1.514062881469726562e+01
8.632691383361816406e+00
-3.668276367187500000e+02
-5.239538574218750000e+02
5.602626800537109375e+01
6.319829940795898438e+01
2.285927009582519531e+01
1.173110485076904297e+01
-2.251980438232421875e+02
-5.085451965332031250e+02
-7.081886768341064453e+00
1.173334503173828125e+02
2.528635406494140625e+01
1.195314884185791016e+01
-1.369930267333984375e+02
-2.732203063964843750e+02
-5.283845901489257812e+01
1.771707763671875000e+02
2.626995468139648438e+01
1.605376625061035156e+01
-6.916773223876953125e+01
-5.438335800170898438e+01
-9.312028503417968750e+01
2.067511596679687500e+02
2.190746116638183594e+01
4.485519886016845703e+00
-4.583347702026367188e+01
-1.087883758544921875e+01
-1.646547546386718750e+02
2.629671630859375000e+02
1.369770145416259766e+01
1.341686964035034180e+00
-3.609256362915039062e+01
-1.678369522094726562e+01
2.808642272949218750e+02
-2.485701751708984375e+02
-3.879574298858642578e+00
9.665736198425292969e+00
7.282276328623993322e-07
-4.596288931679737289e-07
1.143624559044837952e-01
-1.121813207864761353e-01
1.248812964149692561e-06
-2.705251972656697035e-06
-7.512795925140380859e-01
1.642414855957031250e+01
4.619216613769531250e+02
-3.125039672851562500e+02
8.608341217041015625e-01
5.291882514953613281e+00
3.848896026611328125e+01
-3.934826850891113281e+00
1.447224426269531250e+02
-2.169061737060546875e+02
-2.175732421875000000e+01
-6.434367179870605469e+00
6.637549591064453125e+01
1.371245574951171875e+02
7.639225769042968750e+01
-2.252241668701171875e+02
-2.357591247558593750e+01
-1.698143959045410156e+01
1.316651000976562500e+02
4.565496520996093750e+02
4.797300338745117188e+01
-2.095571136474609375e+02
-2.320437049865722656e+01
-1.367982101440429688e+01
3.038255310058593750e+02
7.748251953125000000e+02
7.066861629486083984e+00
-1.449151458740234375e+02
-2.531126976013183594e+01
-1.020453643798828125e+01
3.684090270996093750e+02
8.248886108398437500e+02
-1.661829185485839844e+01
-1.953281555175781250e+02
-1.304923915863037109e+01
-4.833095550537109375e+00
1.393756610923446715e-05
7.755524222829990322e-08
-3.346756898281455506e-07
-3.197268142685061321e-06
-8.567743492449153564e-08
-6.340774802993109915e-07
-3.684090270996093750e+02
-8.248886108398437500e+02
1.661829185485839844e+01
1.953281555175781250e+02
1.304923820495605469e+01
4.833095073699951172e+00
-3.038255310058593750e+02
-7.748251953125000000e+02
-7.066858768463134766e+00
1.449151458740234375e+02
2.531126976013183594e+01
1.020453643798828125e+01
-1.316651000976562500e+02
-4.565496520996093750e+02
-4.797298049926757812e+01
2.095571136474609375e+02
2.320437049865722656e+01
1.367982101440429688e+01
-6.637549591064453125e+01
-1.371245574951171875e+02
-7.639220428466796875e+01
2.252241821289062500e+02
2.357591247558593750e+01
1.698143959045410156e+01
-3.848896026611328125e+01
3.934826612472534180e+00
-1.447223815917968750e+02
2.169061889648437500e+02
2.175732231140136719e+01
6.434367179870605469e+00
7.512806653976440430e-01
-1.642415237426757812e+01
-4.619214477539062500e+02
3.125039672851562500e+02
-8.610367774963378906e-01
-5.291791439056396484e+00
-2.450107336044311523e+00
4.675774002075195312e+01
-3.741388549804687500e+02
2.992508239746093750e+02
-3.252945542335510254e-01
-5.383708477020263672e+00
3.609256362915039062e+01
1.678369331359863281e+01
-2.808642272949218750e+02
2.485701599121093750e+02
3.879654884338378906e+00
-9.665854454040527344e+00
4.583348083496093750e+01
1.087883758544921875e+01
1.646547546386718750e+02
-2.629671630859375000e+02
-1.369770526885986328e+01
-1.341661930084228516e+00
6.916772460937500000e+01
5.438336563110351562e+01
9.312028503417968750e+01
-2.067511749267578125e+02
-2.190746307373046875e+01
-4.485520362854003906e+00
1.369930114746093750e+02
2.732203063964843750e+02
5.283845901489257812e+01
-1.771707763671875000e+02
-2.626995658874511719e+01
-1.605376625061035156e+01
2.251980438232421875e+02
5.085451965332031250e+02
7.081888198852539062e+00
-1.173334503173828125e+02
-2.528635597229003906e+01
-1.195314979553222656e+01
3.668276367187500000e+02
5.239538574218750000e+02
-5.602626419067382812e+01
-6.319830322265625000e+01
-2.285927009582519531e+01
-1.173110580444335938e+01
2.331677398681640625e+02
5.921058959960937500e+02
-2.392978363037109375e+02
8.049095916748046875e+01
-1.514062881469726562e+01
-8.632692337036132812e+00
-1.706161041259765625e+02
-3.465041198730468750e+02
-7.598737335205078125e+01
-1.813554763793945312e+00
7.645143032073974609e+00
2.242018222808837891e+00
-3.011571655273437500e+02
-5.321369018554687500e+02
-1.933643913269042969e+01
1.983002777099609375e+02
1.656411933898925781e+01
1.421206378936767578e+01
-1.282966613769531250e+02
-4.807390441894531250e+02
-6.069495773315429688e+01
2.038623657226562500e+02
2.025532341003417969e+01
1.793936538696289062e+01
-4.556615447998046875e+01
-2.179095306396484375e+02
-1.091217880249023438e+02
1.929555969238281250e+02
2.214543724060058594e+01
2.602899551391601562e+01
1.702745819091796875e+01
-5.324615478515625000e+01
-8.154231262207031250e+01
1.813216094970703125e+02
1.695419883728027344e+01
2.078655815124511719e+01
4.204848289489746094e+00
1.464609909057617188e+01
-1.735926055908203125e+02
1.654378204345703125e+02
1.627097129821777344e+01
1.067113113403320312e+01
-1.968052864074707031e+00
-4.042966079711914062e+01
-1.440444946289062500e+02
1.828518829345703125e+02
1.934459114074707031e+01
6.436689376831054688e+00
2.966287374496459961e+00
-2.293997001647949219e+01
-1.741683349609375000e+02
2.133616943359375000e+02
7.184215068817138672e+00
6.937961101531982422e+00
6.127467346191406250e+01
-7.861370849609375000e+01
1.215800399780273438e+02
-1.284086914062500000e+02
-4.897265434265136719e+00
7.818151473999023438e+00
-2.198908805847167969e+00
2.984005165100097656e+01
8.778540039062500000e+01
-1.228343200683593750e+02
-1.324602961540222168e-01
-5.461502075195312500e+00
6.547550964355468750e+01
1.366660308837890625e+02
4.380504226684570312e+01
-9.407129669189453125e+01
-9.622461318969726562e+00
-4.517347812652587891e+00
2.368946685791015625e+02
2.010658569335937500e+02
1.153634452819824219e+01
-8.171221923828125000e+01
-1.059999084472656250e+01
-2.312484359741210938e+01
2.351898345947265625e+02
2.857387390136718750e+02
-2.485096549987792969e+01
-3.107533645629882812e+01
-1.463907241821289062e+01
-1.947080230712890625e+01
8.052583312988281250e+01
2.717896423339843750e+02
-4.482314682006835938e+01
1.807598590850830078e+00
-1.151889324188232422e+01
1.557585954666137695e+00
2.465740394592285156e+01
-5.573166275024414062e+01
-4.819010543823242188e+01
1.761788177490234375e+02
-2.287304878234863281e+00
5.388889789581298828e+00
-1.894808502197265625e+02
-3.771319274902343750e+02
-5.496058654785156250e+01
2.350523986816406250e+02
1.821528625488281250e+01
1.046815776824951172e+01
-4.319649353027343750e+02
-3.324884338378906250e+02
-7.274916839599609375e+01
1.934003448486328125e+02
2.898143768310546875e+01
2.915026473999023438e+01
-3.479510803222656250e+02
-1.894576568603515625e+02
-9.509382629394531250e+01
1.902339172363281250e+02
2.696880912780761719e+01
3.118640518188476562e+01
-1.836617279052734375e+02
-7.934043121337890625e+01
-1.212716979980468750e+02
1.992668762207031250e+02
2.477519416809082031e+01
2.294803619384765625e+01
-2.971554374694824219e+01
-8.970671081542968750e+01
-8.721705627441406250e+01
1.807844543457031250e+02
1.822549438476562500e+01
2.385775375366210938e+01
-5.373213958740234375e+01
-1.450671539306640625e+02
-7.469001770019531250e+01
2.227362213134765625e+02
2.428278350830078125e+01
1.690530776977539062e+01
-2.170748901367187500e+01
-6.787364196777343750e+01
-8.966495513916015625e+01
1.777805480957031250e+02
1.818680191040039062e+01
8.146908760070800781e+00
-3.533673858642578125e+01
-7.424751281738281250e+00
-9.169490051269531250e+01
1.156552581787109375e+02
4.432368755340576172e+00
1.927759885787963867e+00
-5.809180831909179688e+01
4.478200912475585938e+01
-6.452893829345703125e+01
6.421623229980468750e+01
3.151828289031982422e+00
4.667517542839050293e-01
1.321298675537109375e+02
-4.220973968505859375e+01
3.194073867797851562e+01
-5.672477340698242188e+01
4.235928535461425781e+00
-2.646849870681762695e+00
2.756116027832031250e+02
-5.437584686279296875e+01
-2.791038990020751953e+00
-3.798155593872070312e+01
-8.626902699470520020e-01
-1.796622085571289062e+01
2.190720977783203125e+02
-1.121383857727050781e+01
-1.862876319885253906e+01
1.981641197204589844e+01
-9.341516494750976562e+00
-2.090217590332031250e+01
1.931503868103027344e+01
9.868493652343750000e+01
-3.812768173217773438e+01
1.043714141845703125e+02
-1.192585754394531250e+01
-9.221197128295898438e+00
-1.384733428955078125e+02
8.479216003417968750e+01
-7.210572814941406250e+01
1.879544677734375000e+02
-6.892931938171386719e+00
4.783852577209472656e+00
1.903290367126464844e+01
-2.310417175292968750e+02
-8.907211303710937500e+01
2.185647125244140625e+02
1.234422492980957031e+01
-6.796835899353027344e+00
-1.568944854736328125e+02
-2.978931579589843750e+02
-1.117924728393554688e+02
1.852957458496093750e+02
2.106586074829101562e+01
1.558356666564941406e+01
-4.557691955566406250e+02
-2.263170928955078125e+02
-1.212355957031250000e+02
1.790733337402343750e+02
3.038376045227050781e+01
3.482093811035156250e+01
-3.248317871093750000e+02
-2.045780029296875000e+02
-9.229697418212890625e+01
2.006390228271484375e+02
2.737580871582031250e+01
3.453157806396484375e+01
-1.203919601440429688e+02
-2.132673645019531250e+02
-1.118419876098632812e+02
1.912658233642578125e+02
2.268064308166503906e+01
2.056612968444824219e+01
-1.513130950927734375e+02
-4.217775878906250000e+02
-5.371589279174804688e+01
2.103214111328125000e+02
2.152593040466308594e+01
1.364112854003906250e+01
-9.680358886718750000e+01
-2.313515167236328125e+02
-5.208283233642578125e+01
1.466608886718750000e+02
2.137617874145507812e+01
1.408812808990478516e+01
-6.587897491455078125e+01
-1.281282653808593750e+02
-4.246210861206054688e+01
8.622787475585937500e+01
1.244881343841552734e+01
6.735973834991455078e+00
-1.627790374755859375e+02
6.056644439697265625e+01
-3.235570907592773438e+01
5.443266677856445312e+01
3.277954339981079102e+00
3.169403076171875000e-01
-2.086988525390625000e+02
2.029415435791015625e+02
3.396576309204101562e+01
-3.295435714721679688e+01
1.266117477416992188e+01
-1.119281768798828125e+01
3.119930419921875000e+02
-2.611953125000000000e+02
-1.213348031044006348e+00
-2.749808311462402344e+00
1.127064323425292969e+01
-1.512776565551757812e+01
2.111616363525390625e+02
-2.215904846191406250e+02
-1.294416522979736328e+01
5.655677032470703125e+01
-1.028900980949401855e+00
-2.246597290039062500e+01
2.261831521987915039e+00
-1.940959625244140625e+02
-2.235032558441162109e+00
1.570887298583984375e+02
-7.488454818725585938e+00
-1.875543975830078125e+01
-1.570571594238281250e+02
-1.711826934814453125e+02
-1.458337211608886719e+01
2.079515991210937500e+02
-7.918841361999511719e+00
2.557435750961303711e+00
-8.197664260864257812e+00
-2.747984924316406250e+02
-5.504479980468750000e+01
2.269381103515625000e+02
3.571629047393798828e+00
-6.369708061218261719e+00
1.686415863037109375e+02
-3.118759765625000000e+02
-1.119973678588867188e+02
1.964277954101562500e+02
1.647370719909667969e+01
-1.102226257324218750e+01
-1.842769470214843750e+02
-2.729908447265625000e+02
-1.128575973510742188e+02
1.948753967285156250e+02
2.561735534667968750e+01
1.384383392333984375e+01
-3.472445678710937500e+02
-3.196418762207031250e+02
-7.496723175048828125e+01
2.112701873779296875e+02
2.556331634521484375e+01
2.713581657409667969e+01
-1.879120483398437500e+02
-4.698085632324218750e+02
-6.091032791137695312e+01
1.827851104736328125e+02
2.110818672180175781e+01
1.691710472106933594e+01
-3.014712829589843750e+02
-7.392246704101562500e+02
-4.442063808441162109e+00
1.449162597656250000e+02
1.900638198852539062e+01
4.841371536254882812e+00
-1.824626007080078125e+02
-5.607846069335937500e+02
-3.528460264205932617e+00
9.145155334472656250e+01
2.079926681518554688e+01
1.392459583282470703e+01
-2.347441406250000000e+02
-2.323052673339843750e+02
-8.654028892517089844e+00
6.669977569580078125e+01
9.705734252929687500e+00
2.365679550170898438e+01
-2.717369079589843750e+02
3.169854736328125000e+01
2.149562597274780273e+00
3.204088592529296875e+01
-2.986283063888549805e+00
1.989723014831542969e+01
-2.854539489746093750e+02
2.382194824218750000e+02
5.487406730651855469e+00
5.158872127532958984e+00
-1.440145778656005859e+01
2.151488876342773438e+01
1.465848541259765625e+02
-1.116899642944335938e+02
1.091634654998779297e+01
-7.539152145385742188e+00
-6.984607696533203125e+00
6.520090103149414062e+00
2.043265533447265625e+02
-2.839375305175781250e+02
1.904987907409667969e+01
1.012396087646484375e+02
8.643919944763183594e+00
-2.657172966003417969e+01
-4.470196366310119629e-02
-3.017995605468750000e+02
2.902344322204589844e+01
1.987871704101562500e+02
-2.757982730865478516e+00
-1.873360443115234375e+01
-1.865941925048828125e+02
-2.976848449707031250e+02
3.450110626220703125e+01
2.510887603759765625e+02
-7.458052635192871094e+00
-1.038284397125244141e+01
-1.748302764892578125e+02
-3.507681274414062500e+02
1.836446189880371094e+01
2.640263977050781250e+02
-1.144925975799560547e+01
6.534614086151123047e+00
-3.679290771484375000e+01
-2.933908691406250000e+02
-6.485352325439453125e+01
2.324216156005859375e+02
6.041090965270996094e+00
-5.264845848083496094e+00
7.456027984619140625e+01
-2.452791290283203125e+02
-8.987879943847656250e+01
2.280571289062500000e+02
1.001417160034179688e+01
-7.965642929077148438e+00
-2.425745849609375000e+02
-3.514812622070312500e+02
-5.271255493164062500e+01
2.393285369873046875e+02
1.981205368041992188e+01
7.071018695831298828e+00
-4.981514587402343750e+02
-5.627016601562500000e+02
-1.944643402099609375e+01
1.655687408447265625e+02
1.664378166198730469e+01
9.925972938537597656e+00
-4.978374633789062500e+02
-1.005533508300781250e+03
5.059285163879394531e+00
1.753961486816406250e+02
1.614994621276855469e+01
8.981460571289062500e+00
-4.005632934570312500e+02
-5.177899780273437500e+02
4.584939193725585938e+01
8.244496917724609375e+01
2.218667793273925781e+01
8.431995391845703125e+00
-2.824630432128906250e+02
-2.910431518554687500e+02
2.026727294921875000e+01
2.455277252197265625e+01
1.643084335327148438e+01
1.548910999298095703e+01
-2.897962646484375000e+02
-3.368363571166992188e+01
1.608365249633789062e+01
-1.048057556152343750e+01
1.382245159149169922e+01
2.483453178405761719e+01
-2.710331115722656250e+02
2.126785583496093750e+02
9.309999465942382812e+00
-4.994159698486328125e+01
6.753043651580810547e+00
2.043174171447753906e+01
-2.296539764404296875e+02
2.583495178222656250e+02
-1.889661216735839844e+01
-7.737881469726562500e+01
-3.301466226577758789e+00
2.206302642822265625e+01
-1.863390808105468750e+02
1.207499313354492188e+02
-3.425014114379882812e+01
3.726388549804687500e+01
1.564161491394042969e+01
-8.231648445129394531e+00
-3.218478775024414062e+01
-2.398021087646484375e+02
8.016651916503906250e+01
1.999797210693359375e+02
-2.139704465866088867e+00
-1.472493171691894531e+01
-2.063519439697265625e+02
-2.418066864013671875e+02
4.218457412719726562e+01
2.471632232666015625e+02
-1.173792839050292969e+01
-1.300647258758544922e+01
-2.563108520507812500e+02
-3.205523071289062500e+02
3.446824264526367188e+01
2.538850708007812500e+02
-5.548797607421875000e+00
-8.596051216125488281e+00
-2.145548400878906250e+02
-1.775500946044921875e+02
-1.999937820434570312e+01
2.058444824218750000e+02
-5.479669094085693359e+00
-2.121932029724121094e+00
-1.727836303710937500e+02
7.094860076904296875e+01
-7.700705718994140625e+01
1.852017059326171875e+02
-3.557563304901123047e+00
4.619898796081542969e+00
-6.506854248046875000e+01
-2.976936721801757812e+01
-5.526406860351562500e+01
1.879378051757812500e+02
4.305853843688964844e-01
6.592110991477966309e-01
-2.018762817382812500e+02
-4.832057495117187500e+02
-9.390022277832031250e+01
3.523892211914062500e+01
6.818807601928710938e+00
2.600519180297851562e+00
8.419265747070312500e-01
1.480689793825149536e-01
-1.224721984863281250e+02
2.322583923339843750e+02
4.323617935180664062e+00
4.295436859130859375e+00
-2.486898651123046875e+02
-4.614399108886718750e+02
-1.000887374877929688e+02
2.166091728210449219e+01
6.514561653137207031e+00
2.022877454757690430e+00
-1.716945343017578125e+02
-3.769086303710937500e+02
3.518579006195068359e-01
4.103917312622070312e+01
1.355545425415039062e+01
8.427091598510742188e+00
-3.754519653320312500e+01
-2.006840057373046875e+02
5.021770477294921875e+00
-3.190735054016113281e+01
1.357899951934814453e+01
1.460922145843505859e+01
-1.512877559661865234e+01
6.244389724731445312e+01
1.001343250274658203e+00
-9.065695190429687500e+01
1.221000480651855469e+01
1.567347335815429688e+01
-2.349420166015625000e+01
2.544466400146484375e+02
-1.436610031127929688e+01
-1.276263275146484375e+02
1.124283790588378906e+01
1.684359550476074219e+01
8.384919166564941406e+00
2.635985107421875000e+02
-1.215504531860351562e+02
-1.570141296386718750e+02
5.707303524017333984e+00
2.094352722167968750e+01
-9.626422882080078125e+00
2.393374633789062500e+02
-9.380982208251953125e+01
-1.725859527587890625e+02
5.751898288726806641e-01
1.598070812225341797e+01
-2.985694694519042969e+01
-9.463769793510437012e-01
3.195224761962890625e+00
-8.311395645141601562e-01
1.633320808410644531e+00
2.076061964035034180e+00
5.739425182342529297e+00
-2.413412933349609375e+02
2.569379043579101562e+01
9.920429229736328125e+01
-5.601663112640380859e+00
-1.286771678924560547e+01
1.246439170837402344e+01
-2.538287200927734375e+02
2.824766540527343750e+01
9.912693786621093750e+01
-3.549915790557861328e+00
-1.252760887145996094e+01
2.580379676818847656e+01
-4.686923217773437500e+01
-5.631175994873046875e+01
1.112302780151367188e+02
-6.994518756866455078e+00
-2.384497642517089844e+00
9.091080474853515625e+01
2.779408569335937500e+02
-1.214827194213867188e+02
1.081369323730468750e+02
-1.259889411926269531e+01
9.793302416801452637e-01
1.087939987182617188e+02
4.514835815429687500e+02
-7.877844238281250000e+01
1.393335113525390625e+02
-7.043625354766845703e+00
2.599813222885131836e+00
6.175789184570312500e+02
1.034404418945312500e+03
-2.616295471191406250e+02
-5.888072204589843750e+01
-1.490050792694091797e+01
-1.053417205810546875e+01
2.361001129150390625e+02
5.340640869140625000e+02
-2.507078552246093750e+02
6.696005249023437500e+01
-1.377070808410644531e+01
-3.717969894409179688e+00
7.181961822509765625e+01
4.849634552001953125e+01
-6.463307857513427734e+00
2.281740188598632812e+01
-4.309256076812744141e+00
-6.306693553924560547e-01
1.986580505371093750e+02
-1.375976104736328125e+02
1.792490196228027344e+01
-4.206338882446289062e+01
7.873264551162719727e-01
-4.510508060455322266e+00
2.627702331542968750e+02
-1.443612098693847656e+01
1.087988471984863281e+01
-1.221244659423828125e+02
6.016321182250976562e+00
-7.471995353698730469e+00
2.942573242187500000e+02
1.867018737792968750e+02
-1.313531112670898438e+01
-2.060348968505859375e+02
3.587110519409179688e+00
4.114626884460449219e+00
2.699805908203125000e+02
2.727638549804687500e+02
-7.107212066650390625e+01
-2.828941650390625000e+02
2.759172916412353516e+00
1.046899032592773438e+01
2.558049316406250000e+02
2.152378997802734375e+02
-2.376879425048828125e+02
-3.070081176757812500e+02
4.840722084045410156e+00
3.207504272460937500e+00
-5.902358245849609375e+01
2.699889831542968750e+02
-1.074139633178710938e+02
-2.068370666503906250e+02
6.635604858398437500e+00
6.770873069763183594e+00
-1.748690185546875000e+02
1.827093963623046875e+02
-5.686385154724121094e+00
-6.661147594451904297e+00
8.947003364562988281e+00
-1.089654541015625000e+01
2.875096740722656250e+02
-3.143446655273437500e+02
1.138354778289794922e+00
5.760371017456054688e+01
-5.562749385833740234e+00
-1.700435638427734375e+01
3.259331665039062500e+02
-1.769700622558593750e+02
-4.226331329345703125e+01
4.989253616333007812e+01
-1.183448314666748047e+01
-2.229866790771484375e+01
3.017053527832031250e+02
2.334221649169921875e+02
-9.010068511962890625e+01
2.313851356506347656e+01
-1.597123622894287109e+01
-1.570146083831787109e+01
4.460462646484375000e+02
5.372064819335937500e+02
-7.902990722656250000e+01
-1.007692337036132812e+00
-1.772378158569335938e+01
-8.975708961486816406e+00
2.869611816406250000e+02
6.421701660156250000e+02
-5.304028320312500000e+01
-1.138307418823242188e+02
-1.905988311767578125e+01
4.741344451904296875e+00
4.133874511718750000e+02
4.981546325683593750e+02
-4.245353698730468750e+01
-8.424001312255859375e+01
-2.042989540100097656e+01
-4.782235145568847656e+00
1.275551071166992188e+02
3.255810546875000000e+02
1.960839629173278809e+00
-4.030816650390625000e+01
-1.252043724060058594e+01
-2.316656589508056641e+00
-1.527570648193359375e+02
1.928772888183593750e+02
2.885892295837402344e+01
-9.660909271240234375e+01
-4.258624076843261719e+00
9.000392913818359375e+00
1.651202964782714844e+01
1.180297012329101562e+02
4.860713577270507812e+01
-1.647153778076171875e+02
-4.473854064941406250e+00
6.072562217712402344e+00
1.954544830322265625e+02
1.840531463623046875e+02
3.823691368103027344e+00
-2.097973175048828125e+02
6.412762165069580078e+00
4.294666767120361328e+00
2.667910461425781250e+02
2.855799560546875000e+02
-3.790431213378906250e+01
-2.776719360351562500e+02
1.375930500030517578e+01
1.160802650451660156e+01
2.530101318359375000e+02
2.743155517578125000e+02
-6.495341491699218750e+01
-3.016607666015625000e+02
1.517988085746765137e+00
1.508545780181884766e+01
-2.150266075134277344e+01
2.718672485351562500e+02
-1.163935775756835938e+02
-1.721575317382812500e+02
9.446759223937988281e+00
2.059511184692382812e+01
-2.035931854248046875e+02
2.485516967773437500e+02
-1.826049232482910156e+01
-7.501515197753906250e+01
-6.110491275787353516e+00
2.817362594604492188e+01
-5.890174484252929688e+01
3.858657455444335938e+01
2.655204057693481445e+00
-5.405701398849487305e-01
-1.788151979446411133e+00
1.171636343002319336e+00
2.340196075439453125e+02
-1.705265808105468750e+02
-2.104981040954589844e+01
-9.872884750366210938e+00
5.229205608367919922e+00
-1.076814556121826172e+01
2.104979095458984375e+02
1.649244232177734375e+02
-4.014849853515625000e+01
-3.982799530029296875e+01
-9.132620811462402344e+00
-1.243222808837890625e+01
1.680411834716796875e+02
4.642394714355468750e+02
-3.366075134277343750e+01
-7.900272369384765625e+01
-1.757614898681640625e+01
-1.934631586074829102e+00
1.667423553466796875e+02
4.729667663574218750e+02
1.148302459716796875e+01
-1.339838104248046875e+02
-1.989267158508300781e+01
-6.792810440063476562e+00
1.863153228759765625e+02
5.328060913085937500e+02
7.085922241210937500e+00
-1.013834762573242188e+02
-2.121661186218261719e+01
-1.117085170745849609e+01
3.075799865722656250e+02
3.433812255859375000e+02
1.640999031066894531e+01
-6.528648376464843750e+01
-1.457574462890625000e+01
-2.354516220092773438e+01
1.080505447387695312e+02
2.619630432128906250e+02
5.164949798583984375e+01
-1.120256118774414062e+02
-1.519149780273437500e+01
-1.359833049774169922e+01
-1.706773529052734375e+02
2.355715179443359375e+02
8.652952575683593750e+01
-1.473787536621093750e+02
-1.023163032531738281e+01
3.324694395065307617e+00
-1.821943969726562500e+02
3.136055297851562500e+02
6.743656921386718750e+01
-1.569983673095703125e+02
-8.041104316711425781e+00
1.508224487304687500e+01
2.091085815429687500e+02
2.276283264160156250e+02
7.439128398895263672e+00
-2.132678985595703125e+02
4.051233291625976562e+00
3.195457696914672852e+00
2.486200866699218750e+02
2.271551971435546875e+02
-1.181457138061523438e+01
-2.154884796142578125e+02
6.650828838348388672e+00
6.266009330749511719e+00
-1.226702880859375000e+01
2.497348327636718750e+02
-1.391430854797363281e+01
-1.233258743286132812e+02
1.270465278625488281e+01
1.415237617492675781e+01
-2.376140136718750000e+02
2.743929748535156250e+02
-3.814552307128906250e+01
-4.995378017425537109e+00
4.880612790584564209e-01
1.857409667968750000e+01
-2.660852050781250000e+02
2.402741699218750000e+02
-1.301642656326293945e+00
1.218918037414550781e+01
-1.746463394165039062e+01
1.805455970764160156e+01
3.913582229614257812e+01
-3.342575836181640625e+01
-7.502559423446655273e-01
3.850488424301147461e+00
-1.788326978683471680e+00
2.212990999221801758e+00
4.915772247314453125e+01
1.427026824951171875e+02
2.479668617248535156e+00
-4.843547821044921875e+01
-6.871537685394287109e+00
-1.339321374893188477e+00
1.021698150634765625e+02
2.920531005859375000e+02
1.288112831115722656e+01
-9.647771453857421875e+01
-1.609544944763183594e+01
-6.077378749847412109e+00
5.952715682983398438e+01
2.414379425048828125e+02
5.396337127685546875e+01
-1.558857574462890625e+02
-1.834864807128906250e+01
-1.466010761260986328e+01
9.695624542236328125e+01
2.978332214355468750e+02
4.773758697509765625e+01
-1.605893554687500000e+02
-2.103191566467285156e+01
-1.979910659790039062e+01
2.839914550781250000e+02
2.601378173828125000e+02
4.761870956420898438e+01
-1.484351043701171875e+02
-1.548060512542724609e+01
-3.312728500366210938e+01
3.534591674804687500e+02
1.953887634277343750e+02
5.669516754150390625e+01
-1.546889038085937500e+02
-1.874576187133789062e+01
-3.415353012084960938e+01
9.497033691406250000e+01
2.158197784423828125e+02
8.256498718261718750e+01
-1.563550415039062500e+02
-1.504135131835937500e+01
-2.326072692871093750e+01
-1.368415374755859375e+02
2.354225616455078125e+02
8.064885711669921875e+01
-1.482182617187500000e+02
-1.427232265472412109e+01
7.746039628982543945e-01
6.038408279418945312e+01
1.321406097412109375e+02
4.565974044799804688e+01
-1.531893920898437500e+02
-6.872130870819091797e+00
5.924921035766601562e+00
2.020720977783203125e+02
3.098819160461425781e+01
1.201044845581054688e+01
-1.375698394775390625e+02
8.379829406738281250e+00
-1.038165760040283203e+01
-4.500162887573242188e+01
1.162879028320312500e+02
-1.562345385551452637e+00
-8.288579559326171875e+01
1.575201606750488281e+01
9.665031433105468750e+00
-2.224597473144531250e+02
1.190920715332031250e+02
-1.543783187866210938e+01
-2.470730018615722656e+01
7.962677478790283203e+00
2.165035057067871094e+01
-2.912118225097656250e+02
1.730820159912109375e+02
-3.999120712280273438e+01
5.640721893310546875e+01
-3.733773469924926758e+00
1.265372276306152344e+01
-1.558907165527343750e+02
6.072483444213867188e+01
-3.005056571960449219e+01
5.168564605712890625e+01
-2.293675422668457031e+00
-3.114584088325500488e-01
1.949877858161926270e+00
9.588378906250000000e+00
-6.009909152984619141e+00
7.071684837341308594e+00
-3.369771838188171387e-01
-4.306390285491943359e+00
1.244518470764160156e+01
1.511651458740234375e+02
4.395950698852539062e+01
-8.549159240722656250e+01
-1.050781250000000000e+01
-8.410422325134277344e+00
7.796362876892089844e+00
-2.384302520751953125e+01
1.276677322387695312e+02
-1.997582092285156250e+02
-1.241056823730468750e+01
2.038470029830932617e+00
2.518552017211914062e+01
2.974253273010253906e+01
8.874389648437500000e+01
-2.029685974121093750e+02
-1.942899513244628906e+01
-5.077622413635253906e+00
1.200216064453125000e+02
5.853415298461914062e+01
7.725854492187500000e+01
-1.809692382812500000e+02
-1.282013416290283203e+01
-9.572872161865234375e+00
3.211542053222656250e+02
5.213903808593750000e+01
5.920150756835937500e+01
-1.919942626953125000e+02
-6.665951251983642578e+00
-2.913746070861816406e+01
3.298139038085937500e+02
1.643213653564453125e+02
5.743452453613281250e+01
-1.556642150878906250e+02
-1.752058601379394531e+01
-3.186387634277343750e+01
1.993307685852050781e+01
2.340394592285156250e+02
4.525385665893554688e+01
-1.015984191894531250e+02
-1.151337623596191406e+01
-1.121327495574951172e+01
-1.054585418701171875e+02
1.674615478515625000e+02
2.563554763793945312e+01
-7.406108093261718750e+01
-5.280358791351318359e+00
9.174753189086914062e+00
1.599984283447265625e+02
-1.842705535888671875e+02
1.894201278686523438e+01
-3.785174942016601562e+01
7.445999145507812500e+00
-2.966344118118286133e+00
-5.719636154174804688e+01
-2.349927978515625000e+02
3.378973484039306641e+00
-2.506504821777343750e+01
1.852318572998046875e+01
1.649343872070312500e+01
-2.457987823486328125e+02
-1.492079315185546875e+02
-2.335008621215820312e+01
2.059092330932617188e+01
1.362555503845214844e+01
3.654326629638671875e+01
-2.851538391113281250e+02
-3.893059539794921875e+01
-4.447917938232421875e+01
6.574369049072265625e+01
2.199653625488281250e+00
3.233751678466796875e+01
-2.031999664306640625e+02
1.322291851043701172e+01
-6.299970626831054688e+01
8.454398345947265625e+01
5.515706539154052734e+00
1.704531669616699219e+01
-3.966471481323242188e+01
-4.724195098876953125e+01
-8.537566375732421875e+01
1.229395217895507812e+02
5.234343051910400391e+00
3.907620429992675781e+00
-7.332800626754760742e-01
-3.777849197387695312e+01
1.160750122070312500e+02
-1.015376892089843750e+02
-6.108456254005432129e-01
1.548193395137786865e-01
5.152431964874267578e+00
3.408931255340576172e+00
6.144825744628906250e+01
-6.214216995239257812e+01
-1.899630546569824219e+00
-3.358789920806884766e+00
2.056922912597656250e+00
1.455077648162841797e+01
1.728913574218750000e+02
-2.580100097656250000e+02
-1.084749507904052734e+01
-4.735494613647460938e+00
6.537133026123046875e+01
1.371753406524658203e+01
1.092429504394531250e+02
-1.679813537597656250e+02
-9.743554115295410156e+00
-8.620070457458496094e+00
1.349740447998046875e+02
1.043422775268554688e+02
7.679389190673828125e+01
-1.902783966064453125e+02
-1.679012107849121094e+01
-1.392955303192138672e+01
2.718839111328125000e+02
2.387400512695312500e+02
5.152323150634765625e+01
-1.549819030761718750e+02
-1.467497920989990234e+01
-3.354001235961914062e+01
2.884138793945312500e+02
3.437685852050781250e+02
1.806787300109863281e+01
-7.289909362792968750e+01
-1.548563194274902344e+01
-2.572785377502441406e+01
1.599564056396484375e+02
3.510389709472656250e+02
2.290504217147827148e+00
-5.018769454956054688e+01
-1.476835060119628906e+01
-5.378039836883544922e+00
-2.060155105590820312e+01
6.888642311096191406e+00
5.134522914886474609e+00
-6.957277297973632812e+00
7.433294653892517090e-01
2.121227830648422241e-01
-1.474115447998046875e+02
-3.497794799804687500e+02
1.006908416748046875e+00
4.514136886596679688e+01
1.541566658020019531e+01
6.070971965789794922e+00
-3.018227539062500000e+02
-2.977242126464843750e+02
-1.535276699066162109e+01
8.069551849365234375e+01
1.616870880126953125e+01
2.448761749267578125e+01
-2.391743164062500000e+02
-2.330085906982421875e+02
-4.946149826049804688e+01
1.645589294433593750e+02
1.445720577239990234e+01
3.272283554077148438e+01
-1.179481201171875000e+02
-8.865748596191406250e+01
-7.813224792480468750e+01
1.983809356689453125e+02
1.577477169036865234e+01
1.341721153259277344e+01
-6.701516723632812500e+01
-5.946411132812500000e+00
-1.053846969604492188e+02
1.722707977294921875e+02
1.172993850708007812e+01
7.010928630828857422e+00
1.576882123947143555e+00
-3.462803840637207031e+00
-1.659458923339843750e+02
2.705276184082031250e+02
7.477139949798583984e+00
7.755237817764282227e-01
1.876732826232910156e+00
4.260953903198242188e+01
-4.042362365722656250e+02
2.985034790039062500e+02
3.410190343856811523e-02
-6.772985935211181641e+00
1.089398860931396484e+01
1.080512523651123047e+01
1.136358451843261719e+01
1.128924179077148438e+01
-1.012474417686462402e+00
-1.178803801536560059e+00
5.581513977050781250e+01
-1.765468597412109375e+01
1.700117492675781250e+02
-2.580362548828125000e+02
-1.266480827331542969e+01
4.956234395503997803e-01
6.960459136962890625e+01
6.054772949218750000e+01
9.248204040527343750e+01
-1.976038208007812500e+02
-2.187621116638183594e+01
-5.364087581634521484e+00
1.124673843383789062e+02
2.719046325683593750e+02
5.361735534667968750e+01
-1.710171203613281250e+02
-2.378981971740722656e+01
-1.534335136413574219e+01
2.475422210693359375e+02
5.035245056152343750e+02
7.299632072448730469e+00
-1.143526458740234375e+02
-2.472404479980468750e+01
-1.042719936370849609e+01
3.783502807617187500e+02
5.306166992187500000e+02
-5.219239044189453125e+01
-6.881562042236328125e+01
-2.275869369506835938e+01
-1.061108398437500000e+01
2.427227020263671875e+02
5.568455200195312500e+02
-2.383029937744140625e+02
9.405911254882812500e+01
-1.482147884368896484e+01
-8.270677566528320312e+00
-2.482386779785156250e+02
-2.832732543945312500e+02
-8.212918853759765625e+01
6.168035984039306641e+00
9.181635856628417969e+00
4.945900142192840576e-01
-3.439694519042968750e+02
-4.807210083007812500e+02
-1.619528198242187500e+01
1.984032897949218750e+02
1.825731086730957031e+01
1.241665458679199219e+01
-1.000394973754882812e+02
-4.809307250976562500e+02
-5.527058410644531250e+01
2.093387908935546875e+02
2.012221527099609375e+01
1.828410339355468750e+01
-4.339392852783203125e+01
-2.094573059082031250e+02
-1.082004547119140625e+02
2.014431457519531250e+02
2.214927482604980469e+01
2.756151199340820312e+01
1.816600203514099121e+00
-2.358418083190917969e+01
-8.284758758544921875e+01
1.869933471679687500e+02
1.936617660522460938e+01
2.207474327087402344e+01
1.678855705261230469e+01
2.288383293151855469e+01
-1.685488891601562500e+02
1.755127410888671875e+02
1.913608741760253906e+01
9.258775711059570312e+00
1.768544578552246094e+01
-6.024363327026367188e+01
-2.256744537353515625e+02
1.480864715576171875e+02
2.989850425720214844e+01
2.366278457641601562e+01
-5.213064193725585938e+01
6.906878948211669922e-01
-4.111361694335937500e+02
2.877470092773437500e+02
7.226217269897460938e+00
-3.067157268524169922e+00
-6.161743545532226562e+01
2.780838203430175781e+01
-5.149246978759765625e+01
5.533174133300781250e+01
9.361347198486328125e+00
8.327898979187011719e-01
-3.616594696044921875e+01
1.861539840698242188e+01
1.228936386108398438e+02
-2.040439300537109375e+02
-6.705862998962402344e+00
8.954688310623168945e-01
1.874911880493164062e+01
1.827508850097656250e+02
5.596622467041015625e+01
-1.685879821777343750e+02
-1.288947296142578125e+01
-1.301312923431396484e+01
4.313434219360351562e+01
4.225315856933593750e+02
1.099855041503906250e+01
-1.461896057128906250e+02
-1.340798091888427734e+01
-4.598315238952636719e+00
2.164169616699218750e+02
6.852019653320312500e+02
-6.056789398193359375e+01
-9.941502380371093750e+01
-1.745184135437011719e+01
-1.845755219459533691e+00
3.782765197753906250e+02
9.238602294921875000e+02
-1.804808044433593750e+02
-1.222769241333007812e+02
-1.251759147644042969e+01
-7.838799953460693359e+00
-2.144321594238281250e+02
-6.823297882080078125e+01
-1.122241210937500000e+02
2.142939300537109375e+02
5.806305408477783203e+00
1.268504047393798828e+01
-5.650134277343750000e+02
-1.005259887695312500e+03
-3.955002593994140625e+01
2.364256896972656250e+02
2.291656684875488281e+01
1.032061195373535156e+01
-3.575891723632812500e+02
-7.601713256835937500e+02
-6.245039367675781250e+01
1.947479248046875000e+02
2.189720153808593750e+01
1.225864315032958984e+01
-1.936164245605468750e+02
-3.246351928710937500e+02
-1.238657455444335938e+02
1.430411224365234375e+02
3.212850189208984375e+01
2.791703224182128906e+01
-1.023226089477539062e+02
-8.435684967041015625e+01
-1.427387847900390625e+02
1.006200180053710938e+02
3.290371704101562500e+01
3.712178421020507812e+01
-5.969334030151367188e+01
5.694488525390625000e+00
-1.212707214355468750e+02
9.897444152832031250e+01
3.229244613647460938e+01
2.327088356018066406e+01
5.258512973785400391e+00
3.819656133651733398e+00
-1.245262680053710938e+02
1.148751296997070312e+02
2.052154159545898438e+01
2.180461311340332031e+01
3.782061100006103516e+00
-6.306115627288818359e+00
-1.801639251708984375e+02
1.859423370361328125e+02
1.673005485534667969e+01
1.659869384765625000e+01
1.059026336669921875e+01
9.250197410583496094e+00
-1.726846466064453125e+02
2.168586425781250000e+02
8.489005088806152344e+00
2.035205125808715820e+00
3.290611648559570312e+01
-1.361992001533508301e+00
9.950315093994140625e+01
-9.866101837158203125e+01
-4.073612689971923828e+00
6.564046144485473633e-01
5.676157760620117188e+01
1.030441131591796875e+02
4.518522644042968750e+01
-9.189190673828125000e+01
-1.382183361053466797e+01
-2.008192539215087891e+00
9.546737670898437500e+01
2.988334960937500000e+02
1.278257465362548828e+01
-1.021475067138671875e+02
-1.678408050537109375e+01
-6.272898197174072266e+00
2.274373016357421875e+02
4.773784179687500000e+02
-3.630594253540039062e+01
-7.739797973632812500e+01
-2.069783210754394531e+01
-6.569636821746826172e+00
4.324889831542968750e+02
4.873038330078125000e+02
-7.063243865966796875e+01
-2.051628303527832031e+01
-1.752405357360839844e+01
-6.688707828521728516e+00
1.188595657348632812e+02
5.843619995117187500e+02
-7.634769439697265625e+01
1.337803192138671875e+02
-7.374372959136962891e+00
4.753884375095367432e-01
-3.611536560058593750e+02
-3.316404113769531250e+02
-8.221300506591796875e+01
1.798486022949218750e+02
1.405845546722412109e+01
4.516352176666259766e+00
-4.850373229980468750e+02
-5.629487304687500000e+02
-8.719882202148437500e+01
1.631596069335937500e+02
2.859794616699218750e+01
1.407164001464843750e+01
-2.290076293945312500e+02
-4.221591186523437500e+02
-1.306385803222656250e+02
1.300303192138671875e+02
3.079572868347167969e+01
2.556394958496093750e+01
-1.100376739501953125e+02
-1.771784515380859375e+02
-1.718483276367187500e+02
1.017556533813476562e+02
2.806417274475097656e+01
3.488341522216796875e+01
-4.200891876220703125e+01
-3.325511169433593750e+01
-1.388576202392578125e+02
8.851731109619140625e+01
2.111658668518066406e+01
3.814811325073242188e+01
-3.304636383056640625e+01
-6.363000869750976562e+01
-1.450573883056640625e+02
9.856185150146484375e+01
2.480566215515136719e+01
4.124822616577148438e+01
-1.597146987915039062e+01
-3.344625473022460938e+01
-8.994755554199218750e+01
1.909051208496093750e+02
2.279011535644531250e+01
2.052624130249023438e+01
-3.793207931518554688e+01
2.160200881958007812e+01
-1.067159652709960938e+02
1.383615264892578125e+02
1.046760845184326172e+01
1.057392215728759766e+01
-1.189147949218750000e+01
-1.098155879974365234e+01
-8.824193572998046875e+01
1.126994247436523438e+02
4.018651962280273438e+00
5.298939228057861328e+00
3.241046428680419922e+00
1.394636154174804688e+01
2.557566165924072266e+00
-5.115874767303466797e+00
-3.625315904617309570e+00
1.878980040550231934e+00
6.859008026123046875e+01
1.236115646362304688e+02
6.912024021148681641e-01
-4.913263702392578125e+01
-8.631621360778808594e+00
2.706665515899658203e+00
2.400497283935546875e+02
1.465123596191406250e+02
-3.794827651977539062e+01
-4.199118804931640625e+01
-1.145115089416503906e+01
-9.057777404785156250e+00
2.814940795898437500e+02
2.318244781494140625e+02
-8.097190856933593750e+01
1.692961502075195312e+01
-1.588329505920410156e+01
-1.575223541259765625e+01
2.077068519592285156e+01
3.196376647949218750e+02
-1.145533065795898438e+02
9.584925079345703125e+01
-1.079254436492919922e+01
-6.886537075042724609e-01
-1.976473846435546875e+02
-1.582189750671386719e+01
-1.192570953369140625e+02
1.468814086914062500e+02
-1.185021877288818359e+00
7.302422046661376953e+00
-2.695681457519531250e+02
-3.215883789062500000e+02
-1.217540512084960938e+02
1.517680664062500000e+02
1.953398704528808594e+01
1.357471847534179688e+01
-5.356625366210937500e+02
-2.842188415527343750e+02
-2.157633819580078125e+02
1.235398101806640625e+02
3.615465545654296875e+01
3.829510498046875000e+01
-3.938207092285156250e+02
-1.033301467895507812e+02
-2.279706115722656250e+02
1.011594161987304688e+02
4.297422790527343750e+01
3.599943161010742188e+01
-1.299900970458984375e+02
-9.173949432373046875e+01
-1.656731719970703125e+02
9.827097320556640625e+01
2.628078651428222656e+01
3.574334335327148438e+01
-1.641459350585937500e+02
-3.868922119140625000e+02
-1.268366394042968750e+02
1.593500823974609375e+02
2.284301948547363281e+01
2.887432479858398438e+01
-1.136384277343750000e+02
-2.518927612304687500e+02
-1.139562530517578125e+02
1.822785186767578125e+02
2.471866416931152344e+01
2.530262756347656250e+01
-9.452445983886718750e+01
-1.476872863769531250e+02
-7.795690155029296875e+01
1.609987487792968750e+02
1.614717292785644531e+01
1.967902565002441406e+01
-2.293098297119140625e+02
2.801006698608398438e+01
-6.051359558105468750e+01
6.268303298950195312e+01
5.345479488372802734e+00
1.844082641601562500e+01
-2.068018646240234375e+02
6.683354949951171875e+01
-3.087389755249023438e+01
5.388551712036132812e+01
5.762995719909667969e+00
1.046707510948181152e+00
-8.466554260253906250e+01
4.070803070068359375e+01
6.712029576301574707e-01
4.695919036865234375e+00
9.664670944213867188e+00
-3.218582570552825928e-01
2.728400573730468750e+02
-1.854860229492187500e+02
-2.661901473999023438e+01
-1.353793621063232422e+01
3.864674091339111328e+00
-1.117908477783203125e+01
2.950472106933593750e+02
-1.723948822021484375e+02
-3.051208686828613281e+01
3.908196640014648438e+01
-7.515137195587158203e+00
-1.750627326965332031e+01
4.453678512573242188e+01
-1.162982330322265625e+02
-4.778284072875976562e+01
1.072387084960937500e+02
-3.191525936126708984e+00
1.523121595382690430e-01
-1.414847717285156250e+02
-7.397386932373046875e+01
-1.025268554687500000e+02
1.429120483398437500e+02
-5.991538524627685547e+00
1.393197822570800781e+01
7.646107482910156250e+01
-2.816858825683593750e+02
-1.742836303710937500e+02
1.577958679199218750e+02
1.534713077545166016e+01
-2.554977536201477051e-01
-4.067255859375000000e+02
-2.887952270507812500e+02
-2.919782104492187500e+02
1.428744201660156250e+02
3.102927970886230469e+01
2.771325302124023438e+01
-5.798226318359375000e+02
-3.013241271972656250e+02
-2.276112976074218750e+02
1.234346084594726562e+02
3.361366271972656250e+01
4.073529815673828125e+01
-2.596005249023437500e+02
-4.632549133300781250e+02
-1.320565643310546875e+02
1.363460083007812500e+02
2.810925102233886719e+01
3.046185684204101562e+01
-2.932377319335937500e+02
-7.081116943359375000e+02
-7.307131958007812500e+01
2.031695709228515625e+02
1.435497188568115234e+01
7.576605796813964844e+00
-1.787170867919921875e+02
-4.778578491210937500e+02
-6.608367156982421875e+01
1.695473632812500000e+02
2.382610702514648438e+01
1.401097965240478516e+01
-2.377927093505859375e+02
-2.130991516113281250e+02
-5.502545166015625000e+01
1.325855102539062500e+02
1.227193069458007812e+01
3.114402389526367188e+01
-2.750414123535156250e+02
-2.215822029113769531e+01
-4.327507019042968750e+01
4.800585556030273438e+01
-1.059485077857971191e+00
3.061137199401855469e+01
-2.720257263183593750e+02
1.030901412963867188e+02
-4.104246139526367188e+01
6.604224395751953125e+01
-5.406919956207275391e+00
1.432469177246093750e+01
-2.541079406738281250e+02
1.818342742919921875e+02
2.375621318817138672e+00
7.996838569641113281e+00
-1.893521690368652344e+01
2.223437881469726562e+01
1.557812805175781250e+02
-1.293929138183593750e+02
-3.216631174087524414e+00
-4.108408927917480469e+00
-1.366398715972900391e+01
7.840214729309082031e+00
2.497873840332031250e+02
-2.709250488281250000e+02
3.679478764533996582e-01
5.457240295410156250e+01
-2.682355642318725586e+00
-1.910683631896972656e+01
-2.613531303405761719e+01
-2.486460723876953125e+02
2.059089279174804688e+01
1.033472442626953125e+02
-6.729255914688110352e-01
-2.032226371765136719e+01
-2.229156799316406250e+02
-2.441320495605468750e+02
1.276925086975097656e+01
1.282898864746093750e+02
-3.147795200347900391e+00
1.865392208099365234e+00
-1.788521003723144531e+01
-3.397552490234375000e+02
-6.738868713378906250e+01
1.446906890869140625e+02
-1.584736156463623047e+01
1.362097835540771484e+01
1.103169479370117188e+02
-2.710563049316406250e+02
-1.896056976318359375e+02
1.482769927978515625e+02
9.814028739929199219e+00
-5.075227260589599609e+00
-3.739460449218750000e+02
-3.156977539062500000e+02
-1.425884246826171875e+02
1.453225097656250000e+02
1.942805290222167969e+01
1.111853885650634766e+01
-5.626898803710937500e+02
-5.463467407226562500e+02
-9.328206634521484375e+01
1.649569091796875000e+02
2.641557884216308594e+01
1.145582294464111328e+01
-4.801163940429687500e+02
-1.071952758789062500e+03
-4.180291748046875000e+01
2.384092559814453125e+02
1.995076942443847656e+01
1.120559310913085938e+01
-3.933876953125000000e+02
-5.513656005859375000e+02
-2.104293632507324219e+01
1.529704895019531250e+02
1.814442443847656250e+01
9.989464759826660156e+00
-3.008006286621093750e+02
-3.296694030761718750e+02
-1.784692382812500000e+01
6.031030273437500000e+01
1.638204956054687500e+01
2.511859321594238281e+01
-2.834636230468750000e+02
-9.682630157470703125e+01
-2.194648742675781250e+01
1.402355098724365234e+01
1.742246055603027344e+01
3.501066589355468750e+01
-2.674179382324218750e+02
1.201388626098632812e+02
-1.645993804931640625e+01
-2.404061317443847656e+01
1.300212669372558594e+01
2.281453323364257812e+01
-2.523303375244140625e+02
2.234788970947265625e+02
-3.653922271728515625e+01
3.301794290542602539e+00
4.477555751800537109e+00
2.032666587829589844e+01
-2.557659454345703125e+02
2.688674926757812500e+02
-1.866362571716308594e+01
-7.734230041503906250e+01
-1.321641206741333008e+00
2.542740440368652344e+01
6.183089828491210938e+01
-4.496419906616210938e+01
-5.954354405403137207e-01
9.214532375335693359e-01
1.536776900291442871e+00
-2.078155279159545898e+00
-3.547256088256835938e+01
-2.622479553222656250e+02
2.423153877258300781e+01
9.386731719970703125e+01
1.158246770501136780e-01
-1.299427413940429688e+01
-2.517643280029296875e+02
-2.742801208496093750e+02
4.406644058227539062e+01
1.147394943237304688e+02
1.943670868873596191e+00
-9.136186599731445312e+00
-2.285704498291015625e+02
-2.637145080566406250e+02
1.407082557678222656e+01
1.295189056396484375e+02
-1.015914916992187500e+00
4.057629108428955078e+00
-1.871801910400390625e+02
-6.888101959228515625e+01
-1.163241119384765625e+02
1.324262084960937500e+02
-4.183681964874267578e+00
1.334410762786865234e+01
-1.645078430175781250e+02
-6.433344268798828125e+01
-1.328596038818359375e+02
1.488338012695312500e+02
-3.115096330642700195e+00
9.316294670104980469e+00
-2.633055114746093750e+02
-5.303521118164062500e+02
-7.638600158691406250e+01
1.926510620117187500e+02
1.374476432800292969e+01
8.555199623107910156e+00
-1.691878509521484375e+01
-1.662744712829589844e+01
-1.251482315063476562e+02
8.415524291992187500e+01
9.485590934753417969e+00
9.561072349548339844e+00
-2.475161590576171875e+02
-4.436736450195312500e+02
-7.922384643554687500e+01
1.708970184326171875e+02
1.154932498931884766e+01
6.063053131103515625e+00
-1.827266693115234375e+02
-3.587378845214843750e+02
-5.823394775390625000e+01
1.921647338867187500e+02
1.496493816375732422e+01
5.619557857513427734e+00
-3.809228515625000000e+01
-2.585909729003906250e+02
-5.097595596313476562e+01
9.403847503662109375e+01
1.104879474639892578e+01
1.306042766571044922e+01
-1.673295974731445312e+00
-1.088772888183593750e+02
-4.729379653930664062e+01
1.056750011444091797e+01
1.011360645294189453e+01
1.886437797546386719e+01
1.109643268585205078e+01
1.081638946533203125e+02
-5.402317810058593750e+01
4.514732360839843750e+00
1.209622001647949219e+01
1.083014583587646484e+01
3.121654319763183594e+01
2.194125213623046875e+02
-1.634757423400878906e+01
-1.360202636718750000e+02
6.582704544067382812e+00
1.051883125305175781e+01
1.921835327148437500e+01
2.305622558593750000e+02
-2.426227188110351562e+01
-1.699780578613281250e+02
2.964082717895507812e+00
1.972481346130371094e+01
6.647640705108642578e+00
2.398235015869140625e+02
-2.328739356994628906e+01
-1.040493392944335938e+02
2.374146699905395508e+00
1.101422119140625000e+01
3.995946502685546875e+01
-2.269792175292968750e+01
2.084350347518920898e+00
-8.232780694961547852e-01
-3.799550771713256836e+00
-3.635957717895507812e+00
3.416353225708007812e+01
-3.288819580078125000e+02
3.239275741577148438e+01
3.009624671936035156e+01
-5.399220943450927734e+00
-7.983780384063720703e+00
5.940800094604492188e+01
-2.655088806152343750e+02
-6.287286758422851562e+00
5.640530395507812500e+01
-5.489261150360107422e+00
-3.325450897216796875e+00
1.389236755371093750e+02
1.183868331909179688e+02
-2.034050750732421875e+02
5.734068298339843750e+01
-6.860394477844238281e+00
5.909987449645996094e+00
1.398962554931640625e+02
4.585875854492187500e+02
-1.753164672851562500e+02
5.176962661743164062e+01
-4.045799255371093750e+00
9.751724243164062500e+00
5.187432250976562500e+02
8.371213989257812500e+02
-1.259758148193359375e+02
5.349502182006835938e+01
-5.445544719696044922e+00
-7.350285530090332031e+00
8.500675964355468750e+01
4.973288269042968750e+02
-7.987195587158203125e+01
1.362776641845703125e+02
-7.930312633514404297e+00
5.705026984214782715e-01
-4.409811019897460938e+01
1.049435710906982422e+01
-4.981962203979492188e+01
1.555182800292968750e+02
3.854566812515258789e-02
-1.009464502334594727e+00
1.169489517211914062e+02
-2.126907653808593750e+02
-2.909873199462890625e+01
7.473026275634765625e+01
6.084722995758056641e+00
-5.357310295104980469e+00
2.140031433105468750e+02
-1.466955108642578125e+02
-2.718981361389160156e+01
-4.464248657226562500e+00
9.454833030700683594e+00
-4.196217358112335205e-01
2.691513671875000000e+02
8.573462677001953125e+01
-3.397565841674804688e+01
-7.223800659179687500e+01
1.002661228179931641e+01
-1.975533246994018555e+00
2.540596618652343750e+02
2.812699584960937500e+02
-9.138768005371093750e+01
-4.370322799682617188e+01
9.805920600891113281e+00
-2.066598176956176758e+00
2.514006500244140625e+02
2.698292846679687500e+02
-6.831710052490234375e+01
-2.359528961181640625e+02
4.268013000488281250e+00
1.306972217559814453e+01
2.406516113281250000e+02
2.633052673339843750e+02
-4.928943634033203125e+01
-2.675473937988281250e+02
7.179314613342285156e+00
9.382239341735839844e+00
5.342340850830078125e+01
2.391165924072265625e+02
-2.776894569396972656e+01
-8.744196319580078125e+01
-4.025176763534545898e-01
1.313034057617187500e+01
-2.627977600097656250e+02
2.383607177734375000e+02
1.702128410339355469e+00
-3.461532354354858398e+00
3.040067672729492188e+00
-1.243415832519531250e+00
2.959228210449218750e+02
-2.985209350585937500e+02
3.468533515930175781e+00
3.920626068115234375e+01
-7.799223899841308594e+00
-1.812348365783691406e+01
2.770751953125000000e+02
8.087372589111328125e+01
-8.497850799560546875e+01
2.550891304016113281e+01
-2.551096916198730469e+00
-9.561130523681640625e+00
3.829069213867187500e+02
4.670308227539062500e+02
-1.711985015869140625e+02
2.156975936889648438e+01
-4.530980587005615234e+00
-8.685712814331054688e-01
2.735321350097656250e+02
5.656515502929687500e+02
-1.036637496948242188e+02
-3.189656066894531250e+01
-9.610954284667968750e+00
2.998318374156951904e-01
4.423793640136718750e+02
4.817604675292968750e+02
-7.334168243408203125e+01
-1.675786399841308594e+01
-1.581595897674560547e+01
-5.172951221466064453e+00
9.832720947265625000e+01
3.051105651855468750e+02
-5.154261016845703125e+01
2.269695091247558594e+01
-1.217418766021728516e+01
-4.915082454681396484e-01
-1.978766784667968750e+02
1.358564300537109375e+02
-1.793411445617675781e+01
4.278693389892578125e+01
-3.539116382598876953e+00
6.010406970977783203e+00
-1.221896457672119141e+01
-3.918193340301513672e+00
-1.420136839151382446e-01
-1.901143431663513184e+00
7.535588145256042480e-01
2.808724939823150635e-01
1.878596038818359375e+02
2.209158182144165039e+00
1.541071772575378418e+00
-6.159870529174804688e+01
1.414976882934570312e+01
-1.166566371917724609e+01
2.211685180664062500e+02
2.211117401123046875e+02
-2.637720489501953125e+01
-9.292446136474609375e+01
1.785902786254882812e+01
-4.560878276824951172e+00
2.575646057128906250e+02
2.688728027343750000e+02
-1.032298355102539062e+02
-1.018077087402343750e+02
1.094442462921142578e+01
9.072843551635742188e+00
2.548047790527343750e+02
2.730108337402343750e+02
-6.643963623046875000e+01
-2.424279174804687500e+02
3.165756225585937500e+00
1.249710941314697266e+01
4.125192260742187500e+01
2.577649841308593750e+02
-3.002507019042968750e+01
-1.674909057617187500e+02
1.386984705924987793e+00
1.894861412048339844e+01
-2.756478881835937500e+02
2.726625671386718750e+02
-2.544598817825317383e+00
-5.666535186767578125e+01
-5.312261171638965607e-03
1.474598026275634766e+01
-8.822094726562500000e+01
5.643054199218750000e+01
3.404618263244628906e+00
6.268189549446105957e-01
2.123593807220458984e+00
-2.140306472778320312e+00
1.984086761474609375e+02
4.114505004882812500e+01
-3.104989051818847656e+01
-3.925551414489746094e+00
-1.024543046951293945e-01
-1.352229785919189453e+01
1.509095306396484375e+02
3.675957641601562500e+02
-1.015428543090820312e+02
-1.224923992156982422e+01
-7.752040386199951172e+00
-3.690814971923828125e+00
1.388591003417968750e+02
4.416044006347656250e+02
-3.820663070678710938e+01
-3.268083572387695312e+01
-1.390703678131103516e+01
-9.311338424682617188e+00
1.841798706054687500e+02
5.084612426757812500e+02
-4.224755096435546875e+01
-7.350649261474609375e+01
-1.804908943176269531e+01
-8.247770309448242188e+00
2.838272094726562500e+02
3.152183227539062500e+02
-2.927263832092285156e+01
-2.052886772155761719e+01
-1.561838912963867188e+01
-2.166931724548339844e+01
8.079523468017578125e+01
1.984085083007812500e+02
-5.513576507568359375e+00
3.320563507080078125e+01
-1.623062896728515625e+01
-1.511554527282714844e+01
-1.873259735107421875e+02
1.381143188476562500e+02
2.317632293701171875e+01
1.950283432006835938e+01
-1.196015930175781250e+01
1.803468704223632812e+00
-2.013587341308593750e+02
1.816828002929687500e+02
4.549676513671875000e+01
-2.767289352416992188e+01
-1.219494438171386719e+01
5.810716152191162109e+00
4.754290008544921875e+01
2.254597473144531250e+02
1.250592231750488281e+01
-5.722069168090820312e+01
-9.447196960449218750e+00
3.446319580078125000e+00
2.143250579833984375e+02
2.172873687744140625e+02
-3.308178710937500000e+01
-9.177423858642578125e+01
1.658792877197265625e+01
-5.086315155029296875e+00
2.515222015380859375e+02
2.713674621582031250e+02
-1.022247924804687500e+02
-4.075483322143554688e+01
1.037568378448486328e+01
-2.974740505218505859e+00
-1.901742362976074219e+01
2.766779479980468750e+02
-2.000875282287597656e+01
-1.571511077880859375e+02
9.316884040832519531e+00
1.021077156066894531e+01
-3.032009277343750000e+02
2.376829376220703125e+02
9.539703369140625000e+00
-6.154067230224609375e+01
7.838493347167968750e+00
1.860854339599609375e+01
-2.859269714355468750e+02
1.765403747558593750e+02
2.242910575866699219e+01
1.178901004791259766e+01
-3.927437067031860352e+00
9.931890487670898438e+00
-1.831007194519042969e+01
-2.197348833084106445e+00
-2.478984355926513672e+00
-1.129791259765625000e+01
-6.821022629737854004e-01
-4.072792530059814453e+00
7.599383544921875000e+01
2.112778472900390625e+02
-3.122051620483398438e+01
2.598903477191925049e-01
-8.151691436767578125e+00
-6.145484447479248047e+00
2.220749855041503906e+01
1.407806854248046875e+02
1.482677459716796875e+01
-6.226811218261718750e+01
-1.024003791809082031e+01
-9.084171295166015625e+00
7.364009094238281250e+01
2.534148406982421875e+02
1.591339588165283203e+01
-1.132849349975585938e+02
-1.531033515930175781e+01
-5.680107116699218750e+00
2.421047363281250000e+02
2.137758789062500000e+02
1.128633022308349609e+01
-8.915262603759765625e+01
-1.235977935791015625e+01
-2.236878395080566406e+01
2.624037475585937500e+02
1.061309661865234375e+02
2.358892822265625000e+01
-2.140019989013671875e+01
-1.490903949737548828e+01
-3.357848358154296875e+01
-8.038273811340332031e+00
9.379728698730468750e+01
4.880305099487304688e+01
-9.259528160095214844e+00
-1.115145683288574219e+01
-1.907183837890625000e+01
-2.096939392089843750e+02
1.083981246948242188e+02
6.576491546630859375e+01
-4.212481689453125000e+01
-1.363473892211914062e+01
-2.739891767501831055e+00
-1.748264770507812500e+02
1.790562591552734375e+02
4.667167282104492188e+01
-1.549146461486816406e+01
-1.059598541259765625e+01
6.906861782073974609e+00
1.947271423339843750e+02
-2.054572105407714844e+01
-1.130596399307250977e+00
-4.935114669799804688e+01
1.526093482971191406e+01
-1.186127567291259766e+01
2.670270996093750000e+02
7.132425689697265625e+01
-3.980909347534179688e+01
-5.532383728027343750e+01
1.036576652526855469e+01
-4.728215694427490234e+00
5.081652832031250000e+01
7.860564422607421875e+01
-5.997933578491210938e+01
1.925367927551269531e+01
1.203942680358886719e+01
1.185393905639648438e+01
-2.709947509765625000e+02
1.093823699951171875e+02
-1.474895763397216797e+01
-2.222730827331542969e+01
1.290124225616455078e+01
2.126082992553710938e+01
-2.701991271972656250e+02
5.887546157836914062e+01
2.248093605041503906e+00
2.950300979614257812e+01
-3.196728229522705078e+00
1.590819644927978516e+01
-5.271809387207031250e+01
-1.394297180175781250e+02
-1.161913052201271057e-01
4.783599472045898438e+01
5.919523239135742188e+00
-1.536265492439270020e+00
-2.278335571289062500e+01
-2.208847427368164062e+01
1.619909882545471191e+00
-8.987298965454101562e+00
3.442007601261138916e-01
-4.662532806396484375e-01
-7.010385036468505859e+00
-1.152410984039306641e+01
-6.386909008026123047e+00
1.668300247192382812e+01
-2.799144387245178223e-01
-2.136799573898315430e+00
2.028069305419921875e+01
1.102008590698242188e+02
4.495125961303710938e+01
-8.318140411376953125e+01
-1.168276977539062500e+01
-4.776781558990478516e+00
9.764592742919921875e+01
1.372267456054687500e+02
4.309899902343750000e+01
-8.708073425292968750e+01
-1.238151264190673828e+01
-7.461772918701171875e+00
2.915699768066406250e+02
3.103418350219726562e+01
4.039529800415039062e+01
-5.323068237304687500e+01
-1.982910156250000000e+00
-3.196354293823242188e+01
3.029028930664062500e+02
7.530196380615234375e+01
4.589476394653320312e+01
-4.293383789062500000e+01
-1.422420215606689453e+01
-3.015870475769042969e+01
-1.624891996383666992e+00
1.152650375366210938e+02
4.542030715942382812e+01
-3.816090822219848633e+00
-1.117298507690429688e+01
-1.968604087829589844e+01
-2.166500854492187500e+02
1.664025573730468750e+02
2.425086975097656250e+01
3.302899599075317383e+00
-8.005102157592773438e+00
1.659276127815246582e+00
6.122605800628662109e+00
-1.934482574462890625e+01
-2.435271263122558594e+00
4.576516151428222656e+00
8.476820588111877441e-02
-4.029246270656585693e-01
2.043728637695312500e+02
-1.805535583496093750e+02
-2.871343994140625000e+01
-1.529270052909851074e+00
9.088175773620605469e+00
-9.176355004310607910e-01
-5.430100917816162109e+00
-1.167212600708007812e+02
-4.773893737792968750e+01
1.362586593627929688e+01
1.249806213378906250e+01
1.971294212341308594e+01
-2.928508300781250000e+02
-5.751499557495117188e+01
-4.605064773559570312e+01
5.035989761352539062e+01
1.486255550384521484e+01
2.898287200927734375e+01
-2.881340332031250000e+02
-1.092560005187988281e+01
-4.484994506835937500e+01
6.560039520263671875e+01
1.581362962722778320e+00
3.013377571105957031e+01
-8.776074981689453125e+01
-1.302449340820312500e+02
-4.223293304443359375e+01
9.344918060302734375e+01
1.201340389251708984e+01
3.897839307785034180e+00
-2.892996597290039062e+01
-1.040031127929687500e+02
-4.514056015014648438e+01
9.449594879150390625e+01
1.000883674621582031e+01
-7.827265262603759766e-01
-1.773739433288574219e+01
-1.668906974792480469e+01
-1.171198425292968750e+02
1.983255157470703125e+02
1.156066799163818359e+01
-5.506564617156982422e+00
-2.323179817199707031e+01
2.302575683593750000e+01
6.019259262084960938e+01
-5.032408142089843750e+01
1.161653399467468262e+00
-4.460040092468261719e+00
2.463530921936035156e+01
3.712022018432617188e+01
8.736004638671875000e+01
-1.108914794921875000e+02
-3.229813337326049805e+00
-6.920561790466308594e+00
2.241296997070312500e+02
-3.959632492065429688e+01
5.894494247436523438e+01
-6.598723602294921875e+01
-5.770915031433105469e+00
-1.842933082580566406e+01
3.184804077148437500e+02
1.339229774475097656e+01
4.270900726318359375e+01
-5.073015594482421875e+01
-4.112658500671386719e+00
-3.116882705688476562e+01
2.624226379394531250e+02
1.198601379394531250e+02
2.178842735290527344e+01
-1.469778919219970703e+01
-1.360631656646728516e+01
-3.589125061035156250e+01
5.789751052856445312e+01
1.970869140625000000e+02
-4.016231060028076172e+00
3.134800148010253906e+01
-1.762903022766113281e+01
-1.609218788146972656e+01
-1.574418640136718750e+02
1.500064392089843750e+02
-2.094798469543457031e+01
6.185216140747070312e+01
-4.971550941467285156e+00
3.945242643356323242e+00
1.000316772460937500e+02
-1.816537780761718750e+02
-2.690537834167480469e+01
9.210076141357421875e+01
6.967010974884033203e+00
-8.665016174316406250e+00
-7.147679138183593750e+01
-2.200066070556640625e+02
-4.540137100219726562e+01
1.077292404174804688e+02
1.502761268615722656e+01
1.267108440399169922e+01
-3.522897338867187500e+02
-1.526744384765625000e+02
-5.376644897460937500e+01
1.672005004882812500e+02
2.098724937438964844e+01
3.226654052734375000e+01
-3.385246276855468750e+02
-4.395133972167968750e+01
-5.813491439819335938e+01
1.962751007080078125e+02
9.220167160034179688e+00
3.006627273559570312e+01
-1.319117279052734375e+02
-8.050559234619140625e+01
-7.658609008789062500e+01
1.862058258056640625e+02
1.607513046264648438e+01
1.024730968475341797e+01
-2.806465721130371094e+01
-6.784261322021484375e+01
-8.634167480468750000e+01
2.148545227050781250e+02
1.881938552856445312e+01
3.906772613525390625e+00
-5.399667263031005859e+00
-6.705383300781250000e+01
-1.305485382080078125e+02
1.858128662109375000e+02
1.872356796264648438e+01
5.571108341217041016e+00
8.181462883949279785e-01
-5.858906173706054688e+01
-1.638421325683593750e+02
2.260312652587890625e+02
6.152877807617187500e+00
6.196823120117187500e+00
-2.078817176818847656e+01
-2.069112777709960938e+01
8.118472099304199219e+00
7.379930019378662109e+00
-2.618198283016681671e-03
2.528407871723175049e-01
-1.760961341857910156e+01
1.825918769836425781e+01
9.061549377441406250e+01
-1.145229415893554688e+02
1.262146234512329102e+00
-5.199928760528564453e+00
2.797240638732910156e+01
1.415773468017578125e+02
4.314457321166992188e+01
-8.194367980957031250e+01
-7.235062122344970703e+00
-6.400216579437255859e+00
2.337543487548828125e+02
2.013304748535156250e+02
9.122926712036132812e+00
-7.281211853027343750e+01
-1.000133609771728516e+01
-2.375470733642578125e+01
2.141355895996093750e+02
3.316814575195312500e+02
-2.654493713378906250e+01
-1.423329830169677734e+01
-1.370577716827392578e+01
-2.082032394409179688e+01
4.084466552734375000e+01
2.982083435058593750e+02
-4.941550445556640625e+01
1.997570419311523438e+01
-1.016386795043945312e+01
7.366502881050109863e-01
4.388266372680664062e+01
-7.407396697998046875e+01
-4.626942443847656250e+01
1.881789093017578125e+02
-1.215836644172668457e+00
5.706818580627441406e+00
-1.262278289794921875e+02
-3.890861511230468750e+02
-4.931711196899414062e+01
2.380116271972656250e+02
1.971391677856445312e+01
1.116239547729492188e+01
-3.980512390136718750e+02
-3.193977966308593750e+02
-6.598330688476562500e+01
2.004740142822265625e+02
3.069691276550292969e+01
2.980489349365234375e+01
-3.112463684082031250e+02
-1.811740570068359375e+02
-9.303156280517578125e+01
1.947183074951171875e+02
2.790766525268554688e+01
3.385273742675781250e+01
-1.645967559814453125e+02
-5.795972061157226562e+01
-1.222486648559570312e+02
2.053655548095703125e+02
2.746905708312988281e+01
2.286352157592773438e+01
-3.113818550109863281e+01
-7.975973510742187500e+01
-7.973523712158203125e+01
1.827752380371093750e+02
2.051660346984863281e+01
2.334997177124023438e+01
4.120669841766357422e+00
-9.346276283264160156e+00
-1.157154922485351562e+02
1.154337234497070312e+02
2.320951461791992188e+01
2.003471946716308594e+01
1.550265407562255859e+01
-1.104308319091796875e+01
-1.753768615722656250e+02
1.918101196289062500e+02
1.538991165161132812e+01
1.586772251129150391e+01
4.276607036590576172e+00
1.258079910278320312e+01
-1.652533264160156250e+02
2.323420715332031250e+02
1.104081726074218750e+01
2.132388353347778320e+00
2.307303428649902344e+01
-1.555768108367919922e+01
-1.000177230834960938e+02
1.084467926025390625e+02
-1.294724464416503906e+00
1.772054791450500488e+00
6.401444244384765625e+01
7.960963439941406250e+01
4.636702728271484375e+01
-8.300251007080078125e+01
-1.213509464263916016e+01
-1.782208204269409180e+00
9.633241271972656250e+01
2.781316223144531250e+02
1.160635948181152344e+01
-9.452751922607421875e+01
-1.597895431518554688e+01
-7.091326713562011719e+00
2.201252593994140625e+02
4.862966308593750000e+02
-3.948301696777343750e+01
-7.137047576904296875e+01
-1.912519454956054688e+01
-5.265096187591552734e+00
4.305986938476562500e+02
4.882624511718750000e+02
-7.146878814697265625e+01
-1.421956729888916016e+01
-1.619929504394531250e+01
-6.067712783813476562e+00
1.598647766113281250e+02
5.110274047851562500e+02
-7.774406433105468750e+01
1.400434265136718750e+02
-5.363051414489746094e+00
1.222338318824768066e+00
-2.527346649169921875e+02
-4.429457702636718750e+02
-8.216886138916015625e+01
1.905132598876953125e+02
1.339969635009765625e+01
8.040668487548828125e+00
-5.030645141601562500e+02
-5.532059936523437500e+02
-8.335924530029296875e+01
1.656199035644531250e+02
2.990804481506347656e+01
1.503873825073242188e+01
-2.397728729248046875e+02
-4.177329101562500000e+02
-1.265942764282226562e+02
1.298273620605468750e+02
3.047560691833496094e+01
2.668369293212890625e+01
-8.692617797851562500e+01
-1.710740051269531250e+02
-1.744223175048828125e+02
1.019801864624023438e+02
2.662924766540527344e+01
3.735970687866210938e+01
-4.992183685302734375e+01
-2.521087646484375000e+01
-1.433755035400390625e+02
8.875223541259765625e+01
2.092047691345214844e+01
3.832044601440429688e+01
-1.332031250000000000e+01
2.796940231323242188e+01
-1.161729507446289062e+02
1.800389099121093750e+01
2.106303405761718750e+01
5.513014221191406250e+01
3.981486129760742188e+01
-1.920376014709472656e+01
-1.271988601684570312e+02
1.065995941162109375e+02
1.952565002441406250e+01
2.578836441040039062e+01
2.245450019836425781e+01
-2.685871124267578125e+00
-1.391330718994140625e+02
1.826537017822265625e+02
2.279804039001464844e+01
1.879588246345520020e+00
1.735901641845703125e+01
-2.474791526794433594e+01
-1.210092468261718750e+02
2.070211791992187500e+02
1.383031177520751953e+01
-1.599601984024047852e+00
2.484231185913085938e+01
-8.309055328369140625e+00
-9.195588827133178711e-01
1.614649534225463867e+00
-1.357558727264404297e+00
7.119989395141601562e-01
8.259190368652343750e+01
1.578215332031250000e+02
1.221509838104248047e+01
-6.406121826171875000e+01
-1.228856182098388672e+01
-9.902973175048828125e+00
1.517911376953125000e+02
4.309791870117187500e+02
-2.982204246520996094e+01
-3.928353118896484375e+01
-1.596405124664306641e+01
-6.929626464843750000e+00
3.418365783691406250e+02
5.681162109375000000e+02
-1.010388946533203125e+02
-3.667884445190429688e+01
-9.704155921936035156e+00
-8.927218914031982422e-01
6.607103881835937500e+02
8.392575683593750000e+02
-1.231202468872070312e+02
4.208978652954101562e+01
-6.150145530700683594e+00
-8.809209823608398438e+00
9.204064941406250000e+01
1.264538574218750000e+01
-1.304385833740234375e+02
8.939364624023437500e+01
4.642005443572998047e+00
1.155841445922851562e+01
-4.998441467285156250e+02
-1.342086059570312500e+03
-1.055201721191406250e+02
1.038783111572265625e+02
3.478304290771484375e+01
2.359359359741210938e+01
-3.215781860351562500e+02
-6.663804931640625000e+02
-1.358879547119140625e+02
1.077301635742187500e+02
3.344209671020507812e+01
2.239038085937500000e+01
-1.223512191772460938e+02
-2.845072326660156250e+02
-2.635020446777343750e+02
8.379277038574218750e+01
2.491659355163574219e+01
3.482201766967773438e+01
-4.989503479003906250e+01
-7.053357696533203125e+01
-2.257503356933593750e+02
3.928206253051757812e+01
2.473602676391601562e+01
5.806735992431640625e+01
-8.800804901123046875e+01
-1.778240814208984375e+02
-2.341170501708984375e+02
4.231879425048828125e+01
2.522786140441894531e+01
5.661623382568359375e+01
-9.807064819335937500e+01
-4.607850646972656250e+01
-1.489682769775390625e+02
9.332227325439453125e+01
2.472585487365722656e+01
4.134714508056640625e+01
-7.043869781494140625e+01
-4.231002426147460938e+01
-8.981990814208984375e+01
2.005356445312500000e+02
2.733792686462402344e+01
1.734575843811035156e+01
-1.017997817993164062e+02
-5.463811492919921875e+01
-9.107218170166015625e+01
1.664613189697265625e+02
2.742086601257324219e+01
5.732616424560546875e+00
-9.577304077148437500e+01
-8.545120239257812500e+01
-4.093579864501953125e+01
8.233486938476562500e+01
1.723011779785156250e+01
3.531949758529663086e+00
-3.470794677734375000e+01
1.257608985900878906e+01
-4.861556529998779297e+00
7.149532794952392578e+00
4.494750022888183594e+00
-1.446959137916564941e+00
-1.319730663299560547e+01
2.028188781738281250e+02
-2.178120040893554688e+01
-9.349392890930175781e+00
-1.827996373176574707e+00
-3.929267883300781250e+00
8.205779266357421875e+01
3.531842651367187500e+02
-8.898431396484375000e+01
-2.492285346984863281e+01
-3.071798563003540039e+00
-3.741993904113769531e+00
3.689383239746093750e+02
4.247479858398437500e+02
-1.485632171630859375e+02
1.821565747261047363e+00
-4.851532280445098877e-01
-6.060817241668701172e-01
1.486161651611328125e+02
2.198478698730468750e+02
-1.598549652099609375e+02
5.496318054199218750e+01
-1.556648373603820801e+00
1.631254196166992188e+01
-6.833016967773437500e+02
-7.492490234375000000e+02
-1.696750030517578125e+02
6.682792663574218750e+01
2.550422859191894531e+01
2.291414070129394531e+01
-8.721966552734375000e+02
-6.757005004882812500e+02
-2.294373321533203125e+02
6.599462127685546875e+01
4.488677978515625000e+01
2.742304229736328125e+01
-5.529737548828125000e+02
-3.135270996093750000e+02
-4.611888732910156250e+02
5.807679748535156250e+01
5.149541091918945312e+01
3.752134704589843750e+01
-2.737546691894531250e+02
-1.555427551269531250e+02
-3.292401123046875000e+02
3.806308364868164062e+01
4.060744857788085938e+01
4.770121002197265625e+01
-2.541202087402343750e+02
-2.196853485107421875e+02
-2.916853942871093750e+02
7.699764251708984375e+01
2.882754898071289062e+01
3.445040130615234375e+01
-1.494241180419921875e+02
-9.569612884521484375e+01
-1.876129913330078125e+02
9.927430725097656250e+01
2.566778945922851562e+01
3.326990509033203125e+01
-1.616827392578125000e+02
-3.788824081420898438e+01
-1.317877807617187500e+02
1.905889892578125000e+02
2.183394813537597656e+01
2.271066093444824219e+01
-8.235643768310546875e+01
-1.061500473022460938e+02
-8.159596252441406250e+01
1.539108734130859375e+02
1.204438781738281250e+01
1.356162166595458984e+01
-5.376035690307617188e+01
-1.460846405029296875e+02
-4.317877197265625000e+01
8.323846435546875000e+01
1.043293952941894531e+01
6.529055118560791016e+00
-4.310435485839843750e+01
-1.272201614379882812e+02
-2.419921875000000000e+00
4.397929382324218750e+01
5.017716884613037109e+00
6.764503121376037598e-01
2.863460731506347656e+01
1.598301887512207031e+00
-6.566249847412109375e+00
-1.065853595733642578e+01
-4.255548954010009766e+00
-1.607784032821655273e+00
2.037063598632812500e+02
2.863239288330078125e+01
-3.173450660705566406e+01
-1.500087261199951172e+01
3.222846984863281250e-01
-1.593990421295166016e+01
3.578056640625000000e+02
7.957224273681640625e+01
-8.076595306396484375e+01
3.020268058776855469e+01
-3.816126823425292969e+00
-1.229589557647705078e+01
1.153037109375000000e+02
2.094188385009765625e+02
-1.781812133789062500e+02
5.176300048828125000e+01
-5.914338588714599609e+00
4.488493919372558594e+00
-2.790297546386718750e+02
-1.063337554931640625e+02
-2.613547058105468750e+02
5.873257446289062500e+01
3.695694684982299805e+00
1.165265369415283203e+01
-8.218902587890625000e+02
-3.388059387207031250e+02
-3.438312072753906250e+02
7.641989135742187500e+01
2.502988624572753906e+01
2.377255439758300781e+01
-8.941403198242187500e+02
-2.837868347167968750e+02
-5.250708618164062500e+02
7.043958282470703125e+01
3.082540130615234375e+01
4.516095733642578125e+01
-4.422505798339843750e+02
-2.959125671386718750e+02
-4.771028137207031250e+02
5.505400848388671875e+01
4.623451995849609375e+01
3.618413543701171875e+01
-4.064700622558593750e+02
-6.395061645507812500e+02
-1.481010437011718750e+02
1.183061447143554688e+02
3.236033630371093750e+01
1.845661544799804688e+01
-2.190982208251953125e+02
-4.241955261230468750e+02
-1.388731231689453125e+02
1.278811874389648438e+02
3.063381958007812500e+01
2.455385589599609375e+01
-2.797182922363281250e+02
-1.744677429199218750e+02
-9.886713409423828125e+01
1.759205322265625000e+02
2.174517440795898438e+01
3.446957015991210938e+01
-3.295028991699218750e+02
-6.779624176025390625e+01
-6.317554092407226562e+01
1.661949462890625000e+02
5.626020431518554688e+00
3.088543701171875000e+01
-2.960128173828125000e+02
-2.354103469848632812e+01
-4.227487564086914062e+01
5.195493698120117188e+01
1.284343600273132324e+00
2.992209625244140625e+01
-2.725275573730468750e+02
4.683056640625000000e+01
-2.160645723342895508e+00
3.432258987426757812e+01
-4.021836757659912109e+00
1.713400459289550781e+01
-2.742230529785156250e+02
1.756931152343750000e+02
1.808994293212890625e+01
1.238494396209716797e+01
-4.077792167663574219e+00
9.747013092041015625e+00
1.006028671264648438e+02
-9.283243560791015625e+01
-2.275341272354125977e+00
-3.391063451766967773e+00
-3.641658782958984375e+00
3.245711803436279297e+00
2.862597656250000000e+02
-2.543137817382812500e+02
1.087478876113891602e+00
4.521710968017578125e+01
-9.528039932250976562e+00
-1.706727981567382812e+01
8.142451477050781250e+01
-2.375509338378906250e+02
4.285333156585693359e+00
5.630623245239257812e+01
-6.152481555938720703e+00
2.122738659381866455e-01
-2.418369140625000000e+02
-2.463462371826171875e+02
-1.118641433715820312e+02
5.558713150024414062e+01
-6.357563972473144531e+00
1.880706596374511719e+01
2.236818149685859680e-02
-3.251450195312500000e+02
-2.760426330566406250e+02
7.912605285644531250e+01
1.654846763610839844e+01
-6.676359176635742188e+00
-7.376743164062500000e+02
-3.285512390136718750e+02
-3.495843811035156250e+02
8.102029418945312500e+01
2.495942115783691406e+01
2.268081092834472656e+01
-8.435894165039062500e+02
-5.914350585937500000e+02
-2.404875793457031250e+02
6.771176147460937500e+01
4.174848937988281250e+01
2.504791641235351562e+01
-6.386226806640625000e+02
-1.494020874023437500e+03
-1.244925765991210938e+02
1.047021789550781250e+02
3.379208755493164062e+01
2.362802696228027344e+01
-5.337224731445312500e+02
-6.247529296875000000e+02
-9.312500762939453125e+01
1.654230651855468750e+02
2.894284439086914062e+01
1.690362358093261719e+01
-4.127439270019531250e+02
-3.388482360839843750e+02
-7.277436065673828125e+01
1.742101135253906250e+02
2.611786651611328125e+01
2.814442443847656250e+01
-3.812892761230468750e+02
-1.967778778076171875e+02
-6.058218002319335938e+01
1.300809631347656250e+02
1.909848594665527344e+01
3.562177658081054688e+01
-3.176544494628906250e+02
-9.037566375732421875e+01
-4.589416503906250000e+01
4.092060852050781250e+01
1.437706089019775391e+01
3.231298828125000000e+01
-2.873977966308593750e+02
8.867452239990234375e+01
-1.930907630920410156e+01
-2.215567398071289062e+01
1.276653575897216797e+01
2.336332321166992188e+01
-3.165141296386718750e+02
2.406895599365234375e+02
1.073364067077636719e+01
-5.568502426147460938e+01
8.832325935363769531e+00
2.189034843444824219e+01
-2.996105957031250000e+02
2.661253967285156250e+02
-3.730889081954956055e+00
-5.356353759765625000e+01
2.934263706207275391e+00
2.001312065124511719e+01
2.623040771484375000e+02
-2.888876037597656250e+02
-3.165810346603393555e+00
7.179262638092041016e+00
-4.004935741424560547e+00
3.282613754272460938e+00
4.134176635742187500e+01
-3.334165344238281250e+02
2.409281921386718750e+01
3.707682800292968750e+01
-3.391966104507446289e+00
-2.097478628158569336e+00
-2.355180511474609375e+02
-3.594634704589843750e+02
1.635774993896484375e+01
4.141645431518554688e+01
1.599730968475341797e+00
8.907031059265136719e+00
-2.359596405029296875e+02
-2.748749389648437500e+02
-1.149202270507812500e+02
5.445434570312500000e+01
-4.783516407012939453e+00
1.766551017761230469e+01
-2.862801208496093750e+02
-1.957288970947265625e+02
-2.833264770507812500e+02
6.238870239257812500e+01
3.012096881866455078e+00
1.882232856750488281e+01
-6.174247436523437500e+02
-7.112536621093750000e+02
-1.885477600097656250e+02
6.770335388183593750e+01
1.984990119934082031e+01
2.098340415954589844e+01
-2.837585144042968750e+02
-2.827349243164062500e+02
-2.539721221923828125e+02
5.139418792724609375e+01
2.051027297973632812e+01
2.046231269836425781e+01
-5.841152343750000000e+02
-5.812920532226562500e+02
-1.759106445312500000e+02
6.518994140625000000e+01
1.810417747497558594e+01
2.120851325988769531e+01
-3.527859802246093750e+02
-3.650523071289062500e+02
-1.363656463623046875e+02
1.492545928955078125e+02
2.276647758483886719e+01
1.473101711273193359e+01
-1.388041992187500000e+02
-2.960108032226562500e+02
-1.121881103515625000e+02
1.867781372070312500e+02
2.527084350585937500e+01
1.819435119628906250e+01
-8.654090118408203125e+01
-1.980597229003906250e+02
-8.197438049316406250e+01
1.336482696533203125e+02
1.562697315216064453e+01
2.173095130920410156e+01
-3.827323150634765625e+01
-7.586783599853515625e+01
-4.520520782470703125e+01
9.769691467285156250e+00
1.489144039154052734e+01
2.040451431274414062e+01
5.789690494537353516e+00
4.116580963134765625e+01
-9.368458390235900879e-01
-8.328521728515625000e+01
1.186545181274414062e+01
1.588241195678710938e+01
-2.233700370788574219e+01
2.497600097656250000e+02
2.315878868103027344e+00
-1.597097015380859375e+02
1.000624084472656250e+01
1.697981262207031250e+01
-3.323180389404296875e+01
3.465417175292968750e+02
-2.512148857116699219e+01
-1.055658340454101562e+02
6.546962261199951172e+00
1.807074737548828125e+01
1.210175132751464844e+01
2.519315490722656250e+02
-3.185378646850585938e+01
-2.867184638977050781e+01
2.373003244400024414e+00
8.243424415588378906e+00
9.748930931091308594e+00
7.743537902832031250e+01
-4.767403602600097656e+00
-2.407097101211547852e+00
1.392294764518737793e+00
1.852872014045715332e+00
-1.636100769042968750e+00
-2.065910186767578125e+02
1.416568756103515625e+01
1.645636749267578125e+01
2.385761976242065430e+00
1.078776645660400391e+01
8.349670410156250000e+01
-1.047656707763671875e+02
-2.737127990722656250e+02
2.362074279785156250e+01
1.209371089935302734e+00
1.750996398925781250e+01
6.244168472290039062e+01
3.751475524902343750e+02
-3.478182983398437500e+02
3.336615371704101562e+01
4.890877723693847656e+00
2.095374679565429688e+01
4.703799438476562500e+02
8.806066284179687500e+02
-2.566541748046875000e+02
1.213135719299316406e+01
3.569125890731811523e+00
4.520040988922119141e+00
3.394190979003906250e+01
4.470285949707031250e+02
-1.855405426025390625e+02
5.704843902587890625e+01
-1.047214627265930176e+00
7.800354480743408203e+00
-1.244784393310546875e+02
-4.447901153564453125e+01
-1.330722503662109375e+02
1.414095916748046875e+02
-3.287391662597656250e+00
7.207978248596191406e+00
7.282290649414062500e+01
-2.394635772705078125e+02
-9.022858428955078125e+01
2.021908874511718750e+02
8.795509338378906250e+00
-3.902762889862060547e+00
1.689156341552734375e+02
-2.413889770507812500e+02
-8.292765808105468750e+01
1.285156402587890625e+02
1.018873977661132812e+01
6.922230720520019531e-01
2.395147552490234375e+02
-1.036879425048828125e+02
-6.576351928710937500e+01
3.752862548828125000e+01
1.010756683349609375e+01
3.718340635299682617e+00
2.385245056152343750e+02
8.305614471435546875e+01
-3.398616409301757812e+01
-5.801824188232421875e+01
9.665405273437500000e+00
-3.604766726493835449e-02
2.477863616943359375e+02
2.627318115234375000e+02
-1.347113227844238281e+01
-1.773748168945312500e+02
6.471328735351562500e+00
4.269878864288330078e+00
2.436697235107421875e+02
3.274505920410156250e+02
-4.118632507324218750e+01
-2.615109252929687500e+02
3.596352815628051758e+00
9.252146720886230469e+00
2.590449218750000000e+02
2.270902862548828125e+02
-4.826596450805664062e+01
-1.126765060424804688e+02
1.810527920722961426e+00
8.984816551208496094e+00
2.397834777832031250e+01
2.822337951660156250e+02
-2.598547554016113281e+01
-3.658209228515625000e+01
3.073523998260498047e+00
5.459522247314453125e+00
1.866444091796875000e+02
-1.169032897949218750e+02
1.880466341972351074e+00
3.725535869598388672e+00
-4.583018302917480469e+00
-5.586141943931579590e-01
2.547077636718750000e+02
-6.758054351806640625e+01
-7.037088012695312500e+01
1.041896152496337891e+01
9.076325416564941406e+00
-2.504142999649047852e+00
3.862229614257812500e+02
4.227638549804687500e+02
-3.357879638671875000e+02
1.407322883605957031e+00
9.260309219360351562e+00
2.672861337661743164e+00
2.742447204589843750e+02
4.900668029785156250e+02
-2.263649749755859375e+02
-2.044044303894042969e+01
1.992999911308288574e+00
8.557208061218261719e+00
4.895673217773437500e+02
4.498068237304687500e+02
-1.748970336914062500e+02
2.007452011108398438e+01
-3.091396808624267578e+00
-1.445232987403869629e+00
1.025137939453125000e+02
2.689248046875000000e+02
-1.258072662353515625e+02
1.063026199340820312e+02
-1.369848823547363281e+01
1.400449633598327637e+00
-1.750827484130859375e+02
7.370304107666015625e+01
-7.874474334716796875e+01
1.739384460449218750e+02
-3.815612316131591797e+00
7.006942749023437500e+00
-1.933378601074218750e+01
-1.053412094116210938e+02
-4.775637054443359375e+01
1.385652770996093750e+02
4.843455314636230469e+00
-7.164219379425048828e+00
1.839233856201171875e+02
-1.583598175048828125e+02
-5.340767669677734375e+01
2.940437698364257812e+01
1.286406040191650391e+01
-1.056130695343017578e+01
2.291482543945312500e+02
7.239077568054199219e+00
-4.407332229614257812e+01
-6.759068489074707031e+00
1.712697410583496094e+01
-9.591296195983886719e+00
2.513466033935546875e+02
2.096625366210937500e+02
-3.019267463684082031e+01
-9.461167144775390625e+01
1.503309535980224609e+01
-5.626010894775390625e+00
2.484638214111328125e+02
3.058320922851562500e+02
-3.969423294067382812e+01
-2.393640747070312500e+02
8.039482116699218750e+00
1.016713333129882812e+01
1.863591003417968750e+02
2.800982971191406250e+02
-3.454322052001953125e+01
-2.759353637695312500e+02
7.434988498687744141e+00
1.053644847869873047e+01
-3.161318588256835938e+01
2.729969787597656250e+02
-2.409397506713867188e+01
-1.044341278076171875e+02
1.679137825965881348e+00
1.461351013183593750e+01
-2.839804077148437500e+02
2.500094909667968750e+02
8.803215026855468750e-01
-5.173417663574218750e+01
6.614860534667968750e+00
1.643307113647460938e+01
-5.693766021728515625e+01
6.015371799468994141e+00
-4.442642688751220703e+00
-4.700078487396240234e+00
7.735152244567871094e+00
-6.341254234313964844e+00
1.286541137695312500e+02
2.419071960449218750e+02
-1.461317443847656250e+02
-1.399099922180175781e+01
4.794818401336669922e+00
-3.538965940475463867e+00
8.462048339843750000e+01
3.336295776367187500e+02
-7.583951568603515625e+01
7.631653547286987305e-01
-2.056165695190429688e+00
1.478468775749206543e+00
1.503339385986328125e+02
3.697766418457031250e+02
-1.006490783691406250e+02
-8.906676292419433594e+00
-6.925811767578125000e+00
-3.362672567367553711e+00
2.376985321044921875e+02
2.388629913330078125e+02
-8.172457885742187500e+01
1.809855842590332031e+01
-1.440318965911865234e+01
-1.504199600219726562e+01
4.553128814697265625e+01
1.168937988281250000e+02
-3.502016448974609375e+01
1.231594772338867188e+02
-1.390652370452880859e+01
-6.031930446624755859e+00
-2.362420654296875000e+02
1.673196792602539062e+01
-1.028262329101562500e+01
1.159968414306640625e+02
-8.484339714050292969e+00
8.746666908264160156e+00
-2.399685516357421875e+02
2.394548225402832031e+01
3.156860589981079102e+00
5.441097259521484375e+01
-1.059002208709716797e+01
1.218827152252197266e+01
2.589739418029785156e+01
-1.243826770782470703e+01
4.518712997436523438e+00
-3.916766405105590820e+00
-6.156333923339843750e+00
5.960642814636230469e+00
1.259046630859375000e+02
1.736524200439453125e+02
-2.580217170715332031e+01
-2.724704360961914062e+01
3.331649780273437500e+00
5.095452785491943359e+00
3.095469970703125000e+02
1.889698486328125000e+02
-3.526487350463867188e+01
-7.835704803466796875e+01
1.399647045135498047e+01
1.058123931288719177e-01
2.195008239746093750e+02
2.323708343505859375e+02
-1.524710369110107422e+01
-1.872813262939453125e+02
1.041067314147949219e+01
4.630589962005615234e+00
4.490748596191406250e+01
2.062330017089843750e+02
3.670059919357299805e+00
-1.465130615234375000e+02
5.039189815521240234e+00
1.868808746337890625e+01
-2.326404113769531250e+02
1.562400817871093750e+02
3.536637115478515625e+01
-2.659018898010253906e+01
4.895524024963378906e+00
2.263626480102539062e+01
-2.450766906738281250e+02
5.385158061981201172e+00
3.121901512145996094e+01
8.712554931640625000e+00
1.394215226173400879e+00
1.469023227691650391e+01
3.013006782531738281e+01
2.170469474792480469e+01
5.525821685791015625e+00
5.050232887268066406e+00
2.975686788558959961e-01
2.607231438159942627e-01
-2.542647361755371094e+01
2.940749168395996094e+01
-4.607396602630615234e+00
-3.918154954910278320e+00
-2.594689130783081055e-01
-1.801588535308837891e+00
5.591669464111328125e+01
2.120074920654296875e+02
-2.620098686218261719e+01
-1.285668492317199707e+00
-8.842207908630371094e+00
-3.270443916320800781e+00
2.419927368164062500e+02
1.950739288330078125e+02
-4.015506362915039062e+01
-4.520602035522460938e+01
-1.431121253967285156e+01
-1.415369033813476562e+01
2.842676696777343750e+02
2.821707916259765625e+01
-1.720287704467773438e+01
1.517515087127685547e+01
-1.120396518707275391e+01
-2.378819465637207031e+01
-3.950123548507690430e+00
-4.169200897216796875e+01
2.816745042800903320e+00
8.667894744873046875e+01
-9.745188713073730469e+00
-1.522212219238281250e+01
-2.159057769775390625e+02
-7.519718933105468750e+01
3.644807815551757812e+01
6.277213287353515625e+01
-1.537859344482421875e+01
1.852403283119201660e+00
-2.331771240234375000e+02
-8.956528663635253906e+00
4.911491775512695312e+01
1.291117191314697266e+01
-1.584159564971923828e+01
9.569635391235351562e+00
-2.111609458923339844e+00
3.042670249938964844e+01
6.326496601104736328e-01
1.634906530380249023e+00
3.458713769912719727e+00
-6.214239120483398438e+00
2.484261779785156250e+02
2.614494132995605469e+01
-5.112959671020507812e+01
-1.160736942291259766e+01
1.629907608032226562e+01
-1.165215206146240234e+01
2.433049621582031250e+02
8.175107574462890625e+01
-3.974080657958984375e+01
-5.034053802490234375e+01
1.381115627288818359e+01
-3.988101482391357422e+00
1.979968643188476562e+01
9.077007293701171875e+01
3.967250287532806396e-01
-9.449884796142578125e+01
1.001042842864990234e+01
1.368599128723144531e+01
-2.498978118896484375e+02
4.129729047417640686e-02
1.826273536682128906e+01
-2.373362922668457031e+01
1.064700222015380859e+01
2.201620864868164062e+01
-2.133515625000000000e+02
-1.728950958251953125e+02
3.866201400756835938e+01
4.288333892822265625e+01
1.118016624450683594e+01
1.147776794433593750e+01
-6.963697052001953125e+01
-1.939486694335937500e+02
2.246782112121582031e+01
-4.227168560028076172e+00
7.899536609649658203e+00
1.522817134857177734e+00
-7.025306701660156250e+01
-1.963527984619140625e+02
-1.295223712921142578e+01
6.503733062744140625e+01
1.110698509216308594e+01
8.639064788818359375e+00
-2.131852912902832031e+01
-4.540922164916992188e+00
-3.111715316772460938e-01
6.633455753326416016e+00
1.038332700729370117e+00
-5.670363306999206543e-01
5.444494628906250000e+01
1.312632293701171875e+02
-6.210473179817199707e-01
-3.998548507690429688e+01
-7.453156471252441406e+00
-1.232294917106628418e+00
2.592002868652343750e+02
-4.881562805175781250e+01
-9.454302787780761719e-01
-2.893817329406738281e+01
3.631192684173583984e+00
-1.861798286437988281e+01
2.858446960449218750e+02
-1.131664199829101562e+02
1.357073116302490234e+01
2.695997238159179688e+01
-1.212907791137695312e+01
-2.389337539672851562e+01
-1.416934776306152344e+01
-1.232649078369140625e+02
5.663931274414062500e+01
-8.050005912780761719e+00
-1.373761558532714844e+01
-1.329429531097412109e+01
-2.452869415283203125e+02
-9.831924438476562500e+01
3.817175292968750000e+01
7.452743530273437500e+01
-1.061801815032958984e+01
2.980559587478637695e+00
-1.660551300048828125e+02
-5.205704689025878906e+00
5.684902667999267578e-01
6.244260406494140625e+01
-1.529820442199707031e+01
1.190642929077148438e+01
1.696953735351562500e+02
-1.944748535156250000e+02
-4.879209899902343750e+01
2.394793128967285156e+01
1.348233890533447266e+01
-9.523427963256835938e+00
1.923614959716796875e+02
-1.201545181274414062e+02
-6.480686187744140625e+01
3.501452255249023438e+01
1.466888713836669922e+01
3.297984123229980469e+00
5.551314353942871094e+00
-8.034870910644531250e+01
-4.555328750610351562e+01
-1.967227697372436523e+00
1.236021041870117188e+01
1.977713012695312500e+01
-2.629149475097656250e+02
-1.154852371215820312e+02
-2.134012794494628906e+01
8.627722740173339844e+00
1.599382305145263672e+01
3.582643127441406250e+01
-2.654653625488281250e+02
-2.265934906005859375e+02
-1.060059547424316406e+01
7.380421447753906250e+01
1.440338802337646484e+01
2.204134941101074219e+01
-9.351452636718750000e+01
-3.135106201171875000e+02
-1.237195682525634766e+01
9.912349700927734375e+01
1.464201641082763672e+01
3.909351587295532227e+00
-6.912839508056640625e+01
-1.867988281250000000e+02
-5.818791580200195312e+01
1.745838623046875000e+02
1.734950447082519531e+01
1.061072540283203125e+01
-4.616401672363281250e+01
-1.094219970703125000e+02
-4.507017898559570312e+01
8.632972717285156250e+01
1.031720447540283203e+01
3.654012441635131836e+00
-7.562191963195800781e+00
-1.889828681945800781e+01
2.614713668823242188e+00
2.754459619522094727e+00
-6.585822105407714844e-01
1.223010659217834473e+00
1.531472930908203125e+02
-5.427890014648437500e+01
3.664230346679687500e+01
-5.568221664428710938e+01
2.596589624881744385e-01
-3.719362914562225342e-01
2.675443115234375000e+02
-1.078526229858398438e+02
4.321277618408203125e+01
-6.509071350097656250e+01
5.737104415893554688e+00
-1.605257606506347656e+01
2.175424499511718750e+02
-6.173281860351562500e+01
1.778150177001953125e+01
3.333056640625000000e+01
-8.621907234191894531e+00
-2.380509185791015625e+01
7.753426551818847656e+00
-2.788151741027832031e+01
-5.675523281097412109e-01
1.010071945190429688e+02
-1.318423748016357422e+01
-1.189617824554443359e+01
-2.497732086181640625e+02
6.206727600097656250e+01
-1.596299362182617188e+01
1.450193328857421875e+02
-5.239921092987060547e+00
7.173299312591552734e+00
-4.589520645141601562e+01
-9.846028137207031250e+01
-4.382515335083007812e+01
1.741398162841796875e+02
8.080316543579101562e+00
-5.268320083618164062e+00
1.623760223388671875e+02
-2.340661315917968750e+02
-7.844338989257812500e+01
1.701670379638671875e+02
1.402545452117919922e+01
1.660837888717651367e+00
-1.653865623474121094e+01
-1.991661376953125000e+02
-8.046294403076171875e+01
1.825847473144531250e+02
1.493406963348388672e+01
2.602453804016113281e+01
-2.822926330566406250e+02
-1.662393951416015625e+02
-5.510892486572265625e+01
1.697900390625000000e+02
1.853820610046386719e+01
3.557316970825195312e+01
-2.631948547363281250e+02
-2.166843872070312500e+02
-5.162995910644531250e+01
1.619888610839843750e+02
1.710056495666503906e+01
3.346594238281250000e+01
-6.884433746337890625e+01
-2.653405151367187500e+02
-5.630975723266601562e+01
1.951955718994140625e+02
2.045344924926757812e+01
1.677941322326660156e+01
-6.575228881835937500e+01
-9.514421844482421875e+01
-7.264987945556640625e+01
2.225511474609375000e+02
2.408775520324707031e+01
1.468726062774658203e+01
-2.859553146362304688e+01
-5.363167953491210938e+01
-8.672804260253906250e+01
1.846145782470703125e+02
1.771931457519531250e+01
6.287308216094970703e+00
-5.279976654052734375e+01
1.058709430694580078e+01
-8.842259216308593750e+01
1.147069320678710938e+02
5.772828102111816406e+00
-1.096747875213623047e+00
9.455171585083007812e+00
9.522454261779785156e+00
3.364575386047363281e+00
3.695377349853515625e+00
1.834895759820938110e-01
1.519993841648101807e-01
1.747680816650390625e+02
-4.408778762817382812e+01
3.289479446411132812e+01
-5.729679489135742188e+01
6.408312916755676270e-01
-4.230154991149902344e+00
3.167008361816406250e+02
-3.928847885131835938e+01
-1.238227844238281250e+00
-2.729198074340820312e+01
-3.066847562789916992e+00
-1.997980117797851562e+01
2.571747436523437500e+02
4.075271224975585938e+01
-1.861592864990234375e+01
3.010522842407226562e+01
-9.798607826232910156e+00
-2.382214736938476562e+01
2.693872261047363281e+01
1.402060699462890625e+02
-3.656388473510742188e+01
1.221291732788085938e+02
-1.102325534820556641e+01
-9.833209037780761719e+00
-1.266547927856445312e+02
9.723937225341796875e+01
-7.041751861572265625e+01
2.055130767822265625e+02
-6.123786926269531250e+00
4.649158477783203125e+00
3.985948562622070312e+01
-2.169418792724609375e+02
-8.564440917968750000e+01
2.361804962158203125e+02
1.301686477661132812e+01
-5.378798484802246094e+00
-1.407222442626953125e+02
-2.774687500000000000e+02
-1.107014083862304688e+02
1.989107513427734375e+02
2.123013305664062500e+01
1.731349945068359375e+01
-3.895158081054687500e+02
-1.968115234375000000e+02
-1.168186874389648438e+02
1.890900726318359375e+02
3.059658241271972656e+01
3.730550765991210938e+01
-2.608303222656250000e+02
-1.890877990722656250e+02
-8.882527923583984375e+01
2.069134674072265625e+02
2.741590881347656250e+01
3.505422210693359375e+01
-1.024517974853515625e+02
-1.933513183593750000e+02
-1.016850891113281250e+02
1.804592285156250000e+02
2.588051986694335938e+01
2.229746437072753906e+01
-4.802212524414062500e+01
-4.166807174682617188e+01
-1.398365020751953125e+02
9.047186279296875000e+01
2.730497360229492188e+01
4.127679061889648438e+01
-4.100558853149414062e+01
-1.113969612121582031e+01
-8.374578857421875000e+01
1.840204315185546875e+02
2.402985572814941406e+01
2.115262985229492188e+01
-5.160172653198242188e+01
7.495831489562988281e+00
-1.031720352172851562e+02
1.450877227783203125e+02
1.406493473052978516e+01
1.082046318054199219e+01
-1.169512939453125000e+01
-4.100245666503906250e+01
-8.661486816406250000e+01
1.266522293090820312e+02
6.656681060791015625e+00
6.378093719482421875e+00
3.663554763793945312e+01
-2.597077369689941406e+01
1.800460934638977051e+00
3.123221158981323242e+00
3.105262219905853271e-01
-1.211608529090881348e+00
7.614287567138671875e+01
1.125447235107421875e+02
3.076147139072418213e-01
-4.841630172729492188e+01
-6.811003684997558594e+00
1.559852719306945801e+00
2.671785278320312500e+02
1.500493469238281250e+02
-3.823376846313476562e+01
-2.693110656738281250e+01
-1.049272823333740234e+01
-1.021382904052734375e+01
3.103290100097656250e+02
2.592101440429687500e+02
-7.941895294189453125e+01
3.411707687377929688e+01
-1.581837463378906250e+01
-1.576695728302001953e+01
6.316198730468750000e+01
3.429560852050781250e+02
-1.212551116943359375e+02
1.128672637939453125e+02
-1.037412357330322266e+01
4.619500339031219482e-01
-1.575558013916015625e+02
1.049767807126045227e-01
-1.257661132812500000e+02
1.550673522949218750e+02
-2.691000699996948242e+00
1.024521064758300781e+01
-2.239119873046875000e+02
-2.881228332519531250e+02
-1.183364105224609375e+02
1.520628204345703125e+02
2.150125122070312500e+01
1.277515125274658203e+01
-4.771247863769531250e+02
-2.543916168212890625e+02
-2.150514373779296875e+02
1.224662475585937500e+02
3.830359268188476562e+01
3.959367370605468750e+01
-3.873865356445312500e+02
-1.036611633300781250e+02
-2.302886352539062500e+02
1.034698257446289062e+02
4.287940979003906250e+01
4.056771850585937500e+01
-9.557052612304687500e+01
-1.150945892333984375e+02
-1.619175262451171875e+02
1.009279708862304688e+02
2.910349464416503906e+01
3.790698623657226562e+01
-8.916396331787109375e+01
-1.213124465942382812e+02
-2.247023925781250000e+02
4.396608734130859375e+01
2.601699829101562500e+01
5.646747970581054688e+01
-5.270501327514648438e+01
-7.064612579345703125e+01
-1.438195648193359375e+02
9.838880157470703125e+01
2.428106117248535156e+01
3.924701309204101562e+01
-8.554513549804687500e+01
-3.161438941955566406e+01
-8.964295959472656250e+01
1.916379241943359375e+02
2.807700920104980469e+01
1.764009666442871094e+01
-7.428274536132812500e+01
-6.235862731933593750e+01
-9.092030334472656250e+01
1.804996185302734375e+02
2.502019500732421875e+01
4.332269668579101562e+00
-6.651121520996093750e+01
-1.031799316406250000e+02
-3.965845489501953125e+01
9.793675994873046875e+01
1.882380485534667969e+01
3.213007688522338867e+00
-3.952684783935546875e+01
1.684000134468078613e+00
-1.439418077468872070e+00
-7.305872440338134766e+00
4.908514976501464844e+00
-1.572650551795959473e+00
3.040760231018066406e+01
2.132571563720703125e+02
-1.911554145812988281e+01
-1.903077960014343262e+00
-2.305658817291259766e+00
-5.219994544982910156e+00
1.153345489501953125e+02
4.033878784179687500e+02
-9.164902496337890625e+01
-1.854657936096191406e+01
-2.829611063003540039e+00
-5.007905483245849609e+00
3.253441467285156250e+02
4.826513977050781250e+02
-1.595083465576171875e+02
1.345161628723144531e+01
-9.760680198669433594e-01
-1.330329537391662598e+00
1.508021087646484375e+02
3.251038513183593750e+02
-1.663354492187500000e+02
5.767818450927734375e+01
-3.942931294441223145e-01
1.520601081848144531e+01
-4.200765380859375000e+02
-8.231477661132812500e+02
-1.574640502929687500e+02
6.815090179443359375e+01
2.171422386169433594e+01
2.565129852294921875e+01
-6.960020751953125000e+02
-6.469170532226562500e+02
-2.354333190917968750e+02
7.061079406738281250e+01
4.215380096435546875e+01
2.728248786926269531e+01
-5.395635375976562500e+02
-3.145158386230468750e+02
-4.603445129394531250e+02
6.068260192871093750e+01
5.012393188476562500e+01
3.789780044555664062e+01
-2.474905242919921875e+02
-1.333649902343750000e+02
-3.328294372558593750e+02
4.019415283203125000e+01
3.967551422119140625e+01
4.875620269775390625e+01
-1.939918823242187500e+02
-1.231113281250000000e+02
-3.330573730468750000e+02
3.080749320983886719e+01
3.544696426391601562e+01
6.971595764160156250e+01
-5.965010070800781250e+01
-7.202504730224609375e+01
-2.406256256103515625e+02
4.282780838012695312e+01
2.367051696777343750e+01
5.853510284423828125e+01
-1.245127105712890625e+01
-9.739698028564453125e+01
-1.581185913085937500e+02
1.002625961303710938e+02
2.039171409606933594e+01
3.846586608886718750e+01
-2.569910430908203125e+01
-1.273653793334960938e+02
-8.261539459228515625e+01
2.172250061035156250e+02
2.212475585937500000e+01
1.891446685791015625e+01
-2.677883720397949219e+01
-1.914482421875000000e+02
-5.324748611450195312e+01
1.813880004882812500e+02
1.444156837463378906e+01
1.274616527557373047e+01
1.113996982574462891e+01
-1.714375152587890625e+02
-1.631724929809570312e+01
6.583735656738281250e+01
6.028460979461669922e+00
8.190431594848632812e+00
4.645459365844726562e+01
-4.482811737060546875e+01
1.293984889984130859e+00
-2.809074521064758301e-01
-1.742024540901184082e+00
3.552885532379150391e+00
1.411475219726562500e+02
3.025599365234375000e+02
-6.889707946777343750e+01
-9.649104118347167969e+00
-7.451669216156005859e+00
9.327468276023864746e-01
4.027624511718750000e+02
5.216584472656250000e+02
-1.898649139404296875e+02
-2.605915260314941406e+01
-1.688515424728393555e+00
7.650940895080566406e+00
5.940040893554687500e+02
7.519085693359375000e+02
-2.367601470947265625e+02
9.842525482177734375e+00
5.630656242370605469e+00
7.290082454681396484e+00
-1.645918273925781250e+02
-1.580290374755859375e+02
-2.747988891601562500e+02
4.692446136474609375e+01
9.696026802062988281e+00
1.869807243347167969e+01
-7.238170166015625000e+02
-1.967481933593750000e+03
-3.267455444335937500e+02
6.973612976074218750e+01
3.863655090332031250e+01
2.762599945068359375e+01
-6.074120483398437500e+02
-8.593146362304687500e+02
-6.397879638671875000e+02
6.198382186889648438e+01
4.477231979370117188e+01
4.705023956298828125e+01
-2.488967590332031250e+02
-3.315143432617187500e+02
-8.931040649414062500e+02
4.218333435058593750e+01
3.385403823852539062e+01
6.908110809326171875e+01
-3.878264160156250000e+02
-2.377826385498046875e+02
-9.622467041015625000e+02
4.080525207519531250e+01
4.060163879394531250e+01
7.718027496337890625e+01
-2.226029205322265625e+02
-9.002000427246093750e+01
-3.480889892578125000e+02
4.020711898803710938e+01
3.433489990234375000e+01
4.798130416870117188e+01
-1.217547607421875000e+02
-1.305500946044921875e+02
-1.847682189941406250e+02
1.001814956665039062e+02
2.573349761962890625e+01
3.942074203491210938e+01
-6.390822982788085938e+01
-2.081395111083984375e+02
-1.132549591064453125e+02
1.774807739257812500e+02
2.463991165161132812e+01
2.509544944763183594e+01
-6.545245361328125000e+01
-2.688942565917968750e+02
-5.182012939453125000e+01
1.506215057373046875e+02
2.184660911560058594e+01
1.654352760314941406e+01
-9.286750030517578125e+01
-2.846688842773437500e+02
-1.467500305175781250e+01
1.059681549072265625e+02
1.727209091186523438e+01
1.043902587890625000e+01
-3.819541168212890625e+01
-2.218872680664062500e+02
1.412344646453857422e+01
9.114523530006408691e-01
8.036160469055175781e+00
6.525717735290527344e+00
3.088889503479003906e+01
1.139945697784423828e+01
-8.709798455238342285e-01
4.176827430725097656e+00
1.104172706604003906e+00
-5.710637569427490234e-01
1.521644592285156250e+02
2.385758972167968750e+02
-1.322683258056640625e+02
-8.368400573730468750e+00
6.509669303894042969e+00
1.113276109099388123e-01
3.974419860839843750e+02
4.426445617675781250e+02
-3.256531066894531250e+02
-3.282010078430175781e+00
1.050656223297119141e+01
1.837864637374877930e+00
2.017638549804687500e+02
3.803855590820312500e+02
-3.748613281250000000e+02
3.092508506774902344e+01
1.338289976119995117e+00
1.758406066894531250e+01
-1.334844726562500000e+03
-7.882901611328125000e+02
-4.379764099121093750e+02
5.944796371459960938e+01
2.953330802917480469e+01
3.236873245239257812e+01
-1.459182128906250000e+03
-7.766420898437500000e+02
-6.507476196289062500e+02
6.169997024536132812e+01
5.291950607299804688e+01
4.191278076171875000e+01
-7.851824340820312500e+02
-3.969031372070312500e+02
-1.146920532226562500e+03
4.492140197753906250e+01
4.510272598266601562e+01
6.132267761230468750e+01
-7.127892456054687500e+02
-7.265112304687500000e+02
-5.980941772460937500e+02
6.390930557250976562e+01
4.292455673217773438e+01
4.224858856201171875e+01
-4.027949218750000000e+02
-3.524331359863281250e+02
-4.585040283203125000e+02
6.586208343505859375e+01
4.754374313354492188e+01
3.694413375854492188e+01
-3.954049682617187500e+02
-1.376517944335937500e+02
-2.407933197021484375e+02
1.027550354003906250e+02
4.386644363403320312e+01
3.401363754272460938e+01
-3.486208496093750000e+02
-1.969322509765625000e+02
-9.853566741943359375e+01
1.773810424804687500e+02
2.581326103210449219e+01
3.564165115356445312e+01
-2.953341064453125000e+02
-2.352539062500000000e+02
-5.111549377441406250e+01
1.351994171142578125e+02
1.600383567810058594e+01
3.465961074829101562e+01
-2.712815551757812500e+02
-2.076326293945312500e+02
-1.214309501647949219e+01
8.190479278564453125e+01
1.340928077697753906e+01
2.353610610961914062e+01
-2.563422546386718750e+02
-1.767398834228515625e+02
3.902445602416992188e+01
4.476457977294921875e+01
1.387066936492919922e+01
1.463585662841796875e+01
-2.201560974121093750e+02
-2.339604949951171875e+01
2.002685356140136719e+01
1.655363464355468750e+01
2.288355588912963867e+00
1.455268001556396484e+01
-2.920117759704589844e+01
3.170958137512207031e+01
-1.115721607208251953e+01
-8.686949610710144043e-01
3.833711624145507812e+00
-3.207734107971191406e+00
2.798060302734375000e+02
-1.123894805908203125e+02
-1.000946731567382812e+02
9.671719551086425781e+00
7.589430332183837891e+00
9.862798452377319336e-02
1.119709320068359375e+02
-1.246807174682617188e+02
-3.212642822265625000e+02
1.947787857055664062e+01
8.276409506797790527e-01
2.164432334899902344e+01
-1.376124572753906250e+02
-4.774802246093750000e+02
-4.390292053222656250e+02
4.265741729736328125e+01
-2.612918615341186523e+00
3.380127716064453125e+01
-2.016515991210937500e+03
-5.543986816406250000e+02
-5.279660034179687500e+02
5.628993225097656250e+01
3.584827041625976562e+01
2.657198715209960938e+01
-1.746846923828125000e+03
-7.668225708007812500e+02
-5.854074707031250000e+02
5.637934494018554688e+01
4.777899169921875000e+01
4.155270385742187500e+01
-8.660188598632812500e+02
-2.129086181640625000e+03
-2.888971557617187500e+02
6.992008209228515625e+01
4.369987487792968750e+01
3.281989669799804688e+01
-8.204989013671875000e+02
-6.029468383789062500e+02
-2.299497375488281250e+02
6.964455413818359375e+01
4.123866653442382812e+01
2.688250160217285156e+01
-5.778786010742187500e+02
-2.693448486328125000e+02
-2.109623565673828125e+02
1.152314605712890625e+02
3.643713760375976562e+01
3.364947509765625000e+01
-4.593109436035156250e+02
-2.192562255859375000e+02
-1.243114547729492188e+02
1.704931335449218750e+02
3.287668609619140625e+01
3.777763366699218750e+01
-3.268335266113281250e+02
-1.744090118408203125e+02
-5.908414077758789062e+01
1.381211242675781250e+02
1.706994819641113281e+01
3.138322067260742188e+01
-2.663529052734375000e+02
-1.052238998413085938e+02
-2.331935501098632812e+01
2.331112289428710938e+01
1.390165328979492188e+01
2.935617256164550781e+01
-2.925245056152343750e+02
-5.123868179321289062e+01
2.049547767639160156e+01
-2.142278289794921875e+01
1.453619289398193359e+01
2.360423088073730469e+01
-2.895628356933593750e+02
1.493949279785156250e+02
2.991948509216308594e+01
-3.939350509643554688e+01
8.370915412902832031e+00
1.662874603271484375e+01
-2.799554443359375000e+02
2.821487731933593750e+02
-5.780255317687988281e+00
-4.270035552978515625e+01
8.489617347717285156e+00
1.157879543304443359e+01
2.200680732727050781e+01
-8.120900726318359375e+01
-8.799640655517578125e+00
5.580626010894775391e+00
-2.667319476604461670e-01
-1.325027585029602051e+00
2.707454109191894531e+01
-3.280377502441406250e+02
1.186236476898193359e+01
1.811836814880371094e+01
-3.127120256423950195e+00
2.082633256912231445e+00
-2.164954071044921875e+02
-4.521984252929687500e+02
-1.646232147216796875e+02
2.644937133789062500e+01
-7.487736225128173828e+00
3.342034912109375000e+01
-2.799924621582031250e+02
-5.175550537109375000e+02
-3.909158020019531250e+02
4.160647964477539062e+01
-3.126698017120361328e+00
3.019631385803222656e+01
-1.075011840820312500e+03
-8.831279907226562500e+02
-4.048829040527343750e+02
5.526190567016601562e+01
2.847618484497070312e+01
2.323849678039550781e+01
-7.072534179687500000e+02
-7.054361572265625000e+02
-4.234272766113281250e+02
5.180044555664062500e+01
2.685454368591308594e+01
2.740503501892089844e+01
-1.319147094726562500e+03
-8.778601684570312500e+02
-4.346986694335937500e+02
5.144451904296875000e+01
3.039810943603515625e+01
2.527750205993652344e+01
-8.445347900390625000e+02
-3.767832336425781250e+02
-3.376993713378906250e+02
8.796130371093750000e+01
2.714990806579589844e+01
2.834140205383300781e+01
-3.154709777832031250e+02
-2.850930786132812500e+02
-2.767500915527343750e+02
1.342804718017578125e+02
2.656510925292968750e+01
2.608824729919433594e+01
-2.025523223876953125e+02
-3.246662597656250000e+02
-1.189534454345703125e+02
1.774167480468750000e+02
2.170339393615722656e+01
1.855177879333496094e+01
-1.147191925048828125e+02
-2.811428527832031250e+02
-4.402262878417968750e+01
1.003773269653320312e+02
1.421849250793457031e+01
1.925748825073242188e+01
-1.865555381774902344e+01
-1.934543609619140625e+02
-1.800863444805145264e-01
-9.875629425048828125e+00
1.125232505798339844e+01
1.259497165679931641e+01
-3.319575119018554688e+01
-1.250615005493164062e+02
3.722023010253906250e+01
-1.231624374389648438e+02
1.166606235504150391e+01
9.341086387634277344e+00
-6.415160369873046875e+01
2.835952949523925781e+01
5.841905593872070312e+01
-9.807793426513671875e+01
8.384308815002441406e+00
7.918422222137451172e+00
-9.725059509277343750e+00
2.604360961914062500e+02
-8.049736022949218750e+00
-6.011666107177734375e+01
2.522630929946899414e+00
1.013484239578247070e+00
-8.937577247619628906e+00
2.845627441406250000e+02
-2.522372627258300781e+01
-1.538182735443115234e+01
1.095284342765808105e+00
-5.519571781158447266e+00
-1.604744720458984375e+01
-3.238214492797851562e+01
5.504586219787597656e+00
2.473578453063964844e+00
1.224078536033630371e+00
2.590230464935302734e+00
7.267823028564453125e+01
-3.766039428710937500e+02
-2.710295410156250000e+02
4.093469142913818359e+00
-2.537361860275268555e+00
1.916104125976562500e+01
-1.527127075195312500e+01
4.597798538208007812e+01
-5.377843627929687500e+02
1.972634315490722656e+01
8.214900970458984375e+00
3.235913848876953125e+01
5.593522949218750000e+02
1.048920654296875000e+03
-4.383492431640625000e+02
-1.399171733856201172e+01
1.412981605529785156e+01
2.360779571533203125e+01
8.205234527587890625e+01
3.982907409667968750e+02
-3.807063598632812500e+02
2.713104248046875000e+01
1.761211991310119629e+00
1.511327266693115234e+01
-7.775344085693359375e+01
-1.239072036743164062e+02
-2.679357604980468750e+02
6.182050323486328125e+01
-1.601955890655517578e+00
1.473544979095458984e+01
1.140275878906250000e+02
-2.724344482421875000e+02
-1.909891662597656250e+02
1.411470336914062500e+02
8.978024482727050781e+00
-4.655563354492187500e+00
1.892272033691406250e+02
-3.361391906738281250e+02
-1.236844177246093750e+02
1.755290985107421875e+02
1.348464202880859375e+01
-9.031723022460937500e+00
2.148455505371093750e+02
-2.326114044189453125e+02
-8.204283905029296875e+01
1.282039794921875000e+02
6.795024394989013672e+00
-3.355870723724365234e+00
2.180326690673828125e+02
-1.468496551513671875e+02
-2.239888763427734375e+01
-6.265837669372558594e+00
6.284011840820312500e+00
-5.880415439605712891e+00
2.568611755371093750e+02
-4.497636795043945312e+01
1.450043296813964844e+01
-1.156134796142578125e+02
5.465692043304443359e+00
-9.324404716491699219e+00
2.483023529052734375e+02
9.237522125244140625e+01
2.038163757324218750e+01
-1.869893035888671875e+02
3.374884128570556641e-01
-3.374551773071289062e+00
2.292805480957031250e+02
2.872196350097656250e+02
-1.281413364410400391e+01
-1.309070281982421875e+02
9.352534413337707520e-01
-7.878105640411376953e+00
2.233574829101562500e+02
2.723122558593750000e+02
-1.815960311889648438e+01
-4.222924423217773438e+01
-1.031940102577209473e+00
-9.871218681335449219e+00
-1.489260864257812500e+02
3.622158203125000000e+02
-1.116125583648681641e+00
-2.299304199218750000e+01
4.968149363994598389e-01
-1.269632434844970703e+01
-2.898833274841308594e+01
5.373097610473632812e+01
2.589974212646484375e+01
-5.116656303405761719e+00
-5.159425139427185059e-01
-2.454667329788208008e+00
3.332149963378906250e+02
3.708615722656250000e+02
-3.594183654785156250e+02
-1.031674575805664062e+01
9.512237548828125000e+00
6.602742671966552734e+00
2.559430999755859375e+02
2.995634155273437500e+02
-3.799744262695312500e+02
-1.605920791625976562e+01
5.013270854949951172e+00
2.083175086975097656e+01
3.939219055175781250e+02
3.579335327148437500e+02
-3.447994995117187500e+02
6.297342777252197266e-01
1.047657489776611328e+01
7.534668445587158203e+00
5.116999435424804688e+01
1.282927551269531250e+02
-2.016156005859375000e+02
6.550048065185546875e+01
-1.405618667602539062e+00
1.117171764373779297e+01
-2.127826690673828125e+02
-8.084957122802734375e+01
-1.123263092041015625e+02
1.294080505371093750e+02
-2.360840320587158203e+00
1.389915561676025391e+01
-3.391490173339843750e+01
-3.030164184570312500e+02
-6.459597015380859375e+01
2.043514099121093750e+02
7.736294269561767578e+00
-5.307763099670410156e+00
1.189184722900390625e+02
-3.279235839843750000e+02
-6.590754699707031250e+01
1.528354034423828125e+02
1.538600349426269531e+01
-1.082770824432373047e+01
1.414347991943359375e+02
-1.569095153808593750e+02
-4.491285705566406250e+01
2.536327934265136719e+01
1.666083335876464844e+01
-8.154298782348632812e+00
1.708096923828125000e+02
2.021949386596679688e+01
7.809804677963256836e-01
-5.362060928344726562e+01
1.592988681793212891e+01
-1.382747459411621094e+01
1.713054656982421875e+02
2.120033264160156250e+02
2.813511133193969727e+00
-1.818577728271484375e+02
9.087333679199218750e+00
9.337393045425415039e-01
1.951221618652343750e+02
3.311619873046875000e+02
-2.238454627990722656e+01
-2.411166229248046875e+02
1.374493408203125000e+01
-4.423034667968750000e+00
2.234570922851562500e+02
2.507658996582031250e+02
-1.653573608398437500e+01
-1.273649520874023438e+02
3.988218307495117188e+00
-3.648379087448120117e+00
-6.687377929687500000e+01
2.151843261718750000e+02
1.363033533096313477e+00
-6.100465774536132812e+01
4.251111507415771484e+00
3.060063362121582031e+00
-2.619413757324218750e+02
9.025652313232421875e+01
9.652574920654296875e+01
-5.436361789703369141e+00
-8.650971412658691406e+00
5.361016273498535156e+00
1.147278118133544922e+01
-1.018646144866943359e+01
4.111247634887695312e+01
2.645934343338012695e+00
-2.471999078989028931e-01
4.194428443908691406e+00
3.306975555419921875e+01
2.815419960021972656e+01
1.011798095703125000e+01
-1.501766681671142578e+00
4.736122786998748779e-01
-8.860060572624206543e-01
8.556647491455078125e+01
2.617338562011718750e+02
-1.493168334960937500e+02
-1.175554370880126953e+01
2.582326173782348633e+00
-2.823814153671264648e+00
2.932402954101562500e+02
8.942790985107421875e+01
-9.759972381591796875e+01
3.446658706665039062e+01
-1.233898758888244629e+00
-1.223833084106445312e+01
7.281825256347656250e+01
-7.153416442871093750e+01
-5.869856643676757812e+01
1.070841140747070312e+02
-1.004042530059814453e+01
-6.286973953247070312e+00
-2.157042846679687500e+02
-1.895531158447265625e+02
-2.017238426208496094e+01
1.911587982177734375e+02
-6.722236633300781250e+00
1.278458952903747559e+00
-2.237076263427734375e+02
-2.075828399658203125e+02
-3.986607551574707031e+00
1.881317901611328125e+02
-5.702948570251464844e+00
3.550225123763084412e-02
4.901661872863769531e+00
-2.371221923828125000e+02
-1.400533008575439453e+01
6.358263015747070312e+01
2.378007411956787109e+00
-7.340060710906982422e+00
6.282753467559814453e+00
-2.521962356567382812e+01
3.575169146060943604e-01
4.572373628616333008e-01
-4.351958274841308594e+00
4.462110996246337891e+00
1.355927848815917969e+01
2.353206024169921875e+02
1.524457454681396484e+01
-5.602287292480468750e+01
-3.155155658721923828e+00
6.349501132965087891e+00
2.081748504638671875e+02
2.176951446533203125e+02
2.990789175033569336e+00
-1.940755767822265625e+02
5.291909694671630859e+00
1.735451072454452515e-02
1.945940551757812500e+02
1.857091674804687500e+02
1.732068252563476562e+01
-1.924647064208984375e+02
6.407827377319335938e+00
-1.555207371711730957e+00
-8.957297515869140625e+01
8.831130218505859375e+01
5.556565093994140625e+01
-1.022897567749023438e+02
8.798751831054687500e+00
4.815872192382812500e+00
-3.339093017578125000e+02
-6.674279785156250000e+01
9.891620635986328125e+01
-3.557017517089843750e+01
8.781177997589111328e-01
1.175645160675048828e+01
-8.222915649414062500e+01
-2.279712829589843750e+02
1.626034088134765625e+02
9.936539649963378906e+00
-4.279738426208496094e+00
2.196093559265136719e+00
-1.129958953857421875e+02
-3.321111450195312500e+02
7.844171142578125000e+01
-3.890040159225463867e+00
5.463261604309082031e-01
-1.356891989707946777e+00
-2.715327262878417969e+01
-1.170744800567626953e+01
-8.165364265441894531e+00
-5.839351654052734375e+00
-2.376839637756347656e+00
-6.487234681844711304e-02
2.150617218017578125e+02
7.628425121307373047e+00
-3.249012374877929688e+01
-9.316171646118164062e+00
-3.554342389106750488e-01
-1.640459251403808594e+01
2.938060302734375000e+02
-1.786783599853515625e+02
-3.484145355224609375e+01
3.756555938720703125e+01
-9.237753868103027344e+00
-2.452840042114257812e+01
1.672803306579589844e+01
-2.307351379394531250e+02
-4.836064815521240234e+00
1.485178833007812500e+02
-8.613446235656738281e+00
-1.999663925170898438e+01
-1.905986480712890625e+02
-2.439044494628906250e+02
1.341435432434082031e+01
1.936265716552734375e+02
-1.307887935638427734e+01
-4.764254570007324219e+00
-2.448619384765625000e+02
-2.181348114013671875e+02
2.831736946105957031e+01
9.222742462158203125e+01
-1.743495941162109375e+01
5.103271007537841797e-01
-1.227519454956054688e+02
-1.654288940429687500e+02
2.832365798950195312e+01
2.709310340881347656e+01
-4.087574005126953125e+00
-6.246208190917968750e+00
-5.783423995971679688e+01
4.624684906005859375e+01
1.460729598999023438e+00
-4.561462402343750000e+00
6.404348850250244141e+00
-7.524494647979736328e+00
2.267960205078125000e+02
-1.867299842834472656e+01
6.347511708736419678e-02
-6.283778762817382812e+01
1.086264705657958984e+01
-1.254855728149414062e+01
1.796307373046875000e+02
-4.020054817199707031e+00
1.274290370941162109e+01
-1.380227203369140625e+02
1.107766532897949219e+01
-7.583777904510498047e+00
-9.655421447753906250e+01
-1.152438201904296875e+02
4.059422683715820312e+01
-1.528901672363281250e+02
1.525093841552734375e+01
7.380880832672119141e+00
-2.343502044677734375e+02
-2.775197448730468750e+02
8.645460510253906250e+01
-2.277738952636718750e+01
1.221358489990234375e+01
1.673959159851074219e+01
-1.990640869140625000e+02
-4.217069396972656250e+02
1.035547714233398438e+02
3.006373882293701172e+00
6.627518177032470703e+00
5.245519161224365234e+00
-1.308106536865234375e+02
-4.072919616699218750e+02
2.917603302001953125e+01
4.727472686767578125e+01
1.271809101104736328e+01
7.359094142913818359e+00
-8.222525024414062500e+01
-2.008398895263671875e+02
1.965664482116699219e+01
-6.462998986244201660e-01
6.397811412811279297e+00
5.579896926879882812e+00
-5.401069164276123047e+00
-2.563137054443359375e+01
8.936224579811096191e-01
5.571870326995849609e+00
4.554754495620727539e-01
3.728034496307373047e+00
2.344855499267578125e+02
-1.651801147460937500e+02
-1.840154647827148438e+01
-1.394769191741943359e+01
4.261300086975097656e+00
-1.147364807128906250e+01
2.647196044921875000e+02
-2.202612457275390625e+02
-7.624090671539306641e+00
4.825019073486328125e+01
-6.460256576538085938e+00
-2.005523872375488281e+01
-2.763676643371582031e+01
-2.254348754882812500e+02
2.154721641540527344e+01
1.386196289062500000e+02
-6.116105556488037109e+00
-1.236897659301757812e+01
-2.786625976562500000e+02
-2.341632995605468750e+02
9.385115051269531250e+01
5.015756225585937500e+01
-7.409075260162353516e+00
1.713523268699645996e+00
-2.453090057373046875e+02
-1.966760253906250000e+02
3.184854698181152344e+01
1.007546463012695312e+02
-1.461675167083740234e+01
4.501308441162109375e+00
-1.829838180541992188e+01
-2.518148040771484375e+02
-1.353597640991210938e+01
7.424687194824218750e+01
8.705039024353027344e+00
-3.495462656021118164e+00
2.256919860839843750e+02
-1.947160797119140625e+02
-4.933921813964843750e+01
3.542422866821289062e+01
1.110131740570068359e+01
-5.264181613922119141e+00
2.216793670654296875e+02
-1.526134185791015625e+02
-2.711087608337402344e+01
4.089841365814208984e+00
1.067564964294433594e+01
3.410971462726593018e-01
-2.134294509887695312e+01
-1.904815979003906250e+02
-1.661698579788208008e+00
1.044578552246093750e+00
1.717207527160644531e+01
1.574365520477294922e+01
-2.305837707519531250e+02
-2.834368896484375000e+02
2.086329078674316406e+01
3.369591522216796875e+01
1.533107852935791016e+01
2.225498390197753906e+01
-1.849262695312500000e+02
-4.439755249023437500e+02
3.320342254638671875e+01
8.076062774658203125e+01
1.699907875061035156e+01
7.357585906982421875e+00
-1.333440093994140625e+02
-4.831338806152343750e+02
-8.271676063537597656e+00
1.304691314697265625e+02
1.785053062438964844e+01
4.900495052337646484e+00
-1.063504791259765625e+02
-3.097802734375000000e+02
-1.230440044403076172e+01
9.388348388671875000e+01
1.388138675689697266e+01
3.908992052078247070e+00
-6.557268524169921875e+01
-1.323796844482421875e+02
-4.140325069427490234e+00
5.650389099121093750e+01
6.878083229064941406e+00
-2.077478170394897461e+00
-1.140405368804931641e+01
4.636841297149658203e+00
-1.974447131156921387e+00
6.221837520599365234e+00
-8.922954201698303223e-01
-2.274529695510864258e+00
2.867674255371093750e+02
-2.355089111328125000e+02
-4.837939262390136719e+00
-1.078888103365898132e-01
1.419092082977294922e+01
-1.991777420043945312e+01
2.462848663330078125e+02
-2.450074005126953125e+02
3.311894607543945312e+01
1.207857418060302734e+01
-1.644134640693664551e+00
-2.177836227416992188e+01
2.932091331481933594e+01
-2.555946502685546875e+02
2.037570190429687500e+01
1.293437042236328125e+02
-1.197667217254638672e+01
-1.418469333648681641e+01
-2.400726165771484375e+02
-2.477985992431640625e+02
1.465747261047363281e+01
2.234567108154296875e+02
-6.296555042266845703e+00
-5.830772399902343750e+00
-2.132561187744140625e+02
-2.166067657470703125e+02
2.112873077392578125e+00
2.206519622802734375e+02
-1.986142158508300781e+00
-2.372119188308715820e+00
1.486300811767578125e+02
-3.048903808593750000e+02
-6.503335571289062500e+01
1.671040802001953125e+02
9.875245094299316406e+00
-1.433973312377929688e+01
1.440128479003906250e+02
-2.380547180175781250e+02
-7.822441864013671875e+01
1.539330596923828125e+02
1.254840564727783203e+01
3.288131654262542725e-01
-9.719161987304687500e+01
-2.639463806152343750e+02
-4.386484909057617188e+01
9.749420166015625000e+01
1.709144210815429688e+01
1.741229057312011719e+01
-2.829108276367187500e+02
-3.615809020996093750e+02
-1.524772930145263672e+01
6.087958908081054688e+01
1.606789398193359375e+01
2.722696495056152344e+01
-1.559607086181640625e+02
-5.429036254882812500e+02
-7.403129100799560547e+00
1.200687332153320312e+02
2.177165603637695312e+01
1.159966468811035156e+01
-1.401931762695312500e+02
-4.500779113769531250e+02
-4.368186187744140625e+01
2.273687438964843750e+02
2.358209609985351562e+01
1.539809894561767578e+01
-9.585408782958984375e+01
-2.816980285644531250e+02
-5.206008529663085938e+01
1.569669036865234375e+02
2.125429153442382812e+01
1.473740673065185547e+01
-1.053130264282226562e+02
-1.543853302001953125e+02
-4.171870422363281250e+01
8.255602264404296875e+01
1.472577571868896484e+01
5.832033157348632812e+00
-1.634951324462890625e+02
4.845032501220703125e+01
-3.145724487304687500e+01
5.662973403930664062e+01
8.996900171041488647e-02
4.100938796997070312e+00
-1.393447017669677734e+01
-1.409996604919433594e+01
-3.792568147182464600e-01
-7.542709708213806152e-01
7.507348656654357910e-01
8.691881299018859863e-01
3.080407104492187500e+02
-2.473358612060546875e+02
9.453297853469848633e-01
-9.223213195800781250e+00
1.206395626068115234e+01
-1.750452804565429688e+01
2.431552429199218750e+02
-2.345760192871093750e+02
-1.035117053985595703e+01
5.990159606933593750e+01
-1.747192382812500000e+00
-2.144317054748535156e+01
2.058641624450683594e+01
-2.336999206542968750e+02
9.322811365127563477e-01
1.669530944824218750e+02
-8.021647453308105469e+00
-1.765766334533691406e+01
-1.840469512939453125e+02
-1.722783203125000000e+02
-6.845228672027587891e+00
2.168899688720703125e+02
-5.326075077056884766e+00
3.804836750030517578e+00
-9.459223747253417969e+00
-2.856271362304687500e+02
-5.271892929077148438e+01
2.311602020263671875e+02
4.494940280914306641e+00
-4.348164558410644531e+00
1.106035690307617188e+02
-3.233814392089843750e+02
-1.056848220825195312e+02
2.020963897705078125e+02
1.820295143127441406e+01
-8.420437812805175781e+00
-1.706856536865234375e+02
-2.819739685058593750e+02
-1.057091979980468750e+02
2.026410980224609375e+02
2.762080955505371094e+01
2.231635284423828125e+01
-2.845164794921875000e+02
-3.244817810058593750e+02
-5.967450714111328125e+01
2.171320800781250000e+02
2.599997901916503906e+01
2.995041847229003906e+01
-2.084130706787109375e+02
-4.950650024414062500e+02
-4.830937957763671875e+01
1.755615386962890625e+02
2.508148765563964844e+01
2.026427268981933594e+01
-1.053360595703125000e+02
-3.721830749511718750e+02
-1.183255767822265625e+02
1.601185607910156250e+02
2.378215217590332031e+01
2.919291496276855469e+01
-9.200819396972656250e+01
-2.477193908691406250e+02
-1.020143890380859375e+02
1.830336608886718750e+02
2.553059387207031250e+01
2.668580818176269531e+01
-8.079697418212890625e+01
-1.441445312500000000e+02
-7.278968811035156250e+01
1.707725982666015625e+02
1.595874118804931641e+01
1.950096130371093750e+01
-2.063586273193359375e+02
7.585053443908691406e+00
-6.123080062866210938e+01
7.450321197509765625e+01
4.993822574615478516e+00
1.883124732971191406e+01
-1.602245788574218750e+02
3.041878318786621094e+01
-3.015756988525390625e+01
5.762751388549804688e+01
3.653385877609252930e+00
2.910172939300537109e+00
-4.268054962158203125e+01
1.547797966003417969e+01
-6.374925971031188965e-01
4.869460582733154297e+00
8.310467720031738281e+00
-1.108028531074523926e+00
2.547825775146484375e+02
-1.502954101562500000e+02
-1.993809127807617188e+01
-1.410533905029296875e+01
6.679783821105957031e+00
-1.168948268890380859e+01
2.829253845214843750e+02
-1.405909729003906250e+02
-2.532037925720214844e+01
4.403831481933593750e+01
-7.464377880096435547e+00
-1.739440155029296875e+01
-4.741791248321533203e+00
-5.258995056152343750e+01
-3.958678054809570312e+01
9.905997467041015625e+01
-1.514023900032043457e+00
-3.773913383483886719e-01
-1.540762176513671875e+02
-5.954996109008789062e+01
-9.692696380615234375e+01
1.361754150390625000e+02
-5.015689849853515625e+00
1.474897861480712891e+01
9.362293243408203125e+01
-2.897814636230468750e+02
-1.706192779541015625e+02
1.565727844238281250e+02
1.683182907104492188e+01
8.779039382934570312e-01
-2.954443969726562500e+02
-3.071393432617187500e+02
-2.782967529296875000e+02
1.432202911376953125e+02
3.289445114135742188e+01
2.953700637817382812e+01
-5.185387573242187500e+02
-3.002356567382812500e+02
-2.101551361083984375e+02
1.228510208129882812e+02
3.543366241455078125e+01
4.232082366943359375e+01
-2.021381988525390625e+02
-4.156070556640625000e+02
-1.162926254272460938e+02
1.377963256835937500e+02
2.994067192077636719e+01
3.087444114685058594e+01
-1.982920532226562500e+02
-2.693688049316406250e+02
-2.678858032226562500e+02
8.513663482666015625e+01
2.949243736267089844e+01
3.587352752685546875e+01
-1.247994308471679688e+02
-1.357861175537109375e+02
-1.707149963378906250e+02
9.644169616699218750e+01
2.876572990417480469e+01
3.555313873291015625e+01
-1.572749481201171875e+02
-3.502240371704101562e+01
-1.247965774536132812e+02
1.837306518554687500e+02
2.185284233093261719e+01
2.358846092224121094e+01
-1.014244308471679688e+02
-9.110014343261718750e+01
-7.572633361816406250e+01
1.618047485351562500e+02
1.440878295898437500e+01
1.178701400756835938e+01
-6.962300872802734375e+01
-1.428325347900390625e+02
-4.297508239746093750e+01
9.345707702636718750e+01
1.313611698150634766e+01
4.818496227264404297e+00
-3.265416717529296875e+01
-1.390675811767578125e+02
-1.976432442665100098e+00
4.965622329711914062e+01
4.595155239105224609e+00
6.495778560638427734e-01
4.274166107177734375e+01
1.948420333862304688e+01
2.283765792846679688e+00
-8.329113006591796875e+00
-3.507598638534545898e+00
-2.214442968368530273e+00
2.305288696289062500e+02
2.694660377502441406e+01
-1.732649040222167969e+01
-1.515484905242919922e+01
1.890327334403991699e-01
-1.590144634246826172e+01
3.210992126464843750e+02
7.432356262207031250e+01
-6.694987487792968750e+01
2.884075164794921875e+01
-3.017302513122558594e+00
-1.170272922515869141e+01
1.764139556884765625e+02
1.527262420654296875e+02
-1.881217041015625000e+02
5.757728576660156250e+01
-6.519063949584960938e+00
5.336522579193115234e+00
-2.527288665771484375e+02
-1.339427642822265625e+02
-2.684629211425781250e+02
6.348688125610351562e+01
4.120331287384033203e+00
1.173945331573486328e+01
-6.888276977539062500e+02
-3.169526367187500000e+02
-3.453252563476562500e+02
8.489949798583984375e+01
2.534542655944824219e+01
2.470276832580566406e+01
-9.584150390625000000e+02
-2.727715454101562500e+02
-5.102334899902343750e+02
7.377314758300781250e+01
3.162705802917480469e+01
4.566141128540039062e+01
-3.761110229492187500e+02
-2.957953491210937500e+02
-4.522450256347656250e+02
5.763434219360351562e+01
4.718290328979492188e+01
3.656411361694335938e+01
-3.243643798828125000e+02
-3.127774658203125000e+02
-9.841076049804687500e+02
4.317739105224609375e+01
4.082644653320312500e+01
7.717555999755859375e+01
-2.453663635253906250e+02
-1.037973175048828125e+02
-3.543440856933593750e+02
4.307025527954101562e+01
3.625696563720703125e+01
5.036183166503906250e+01
-1.080917434692382812e+02
-1.400823364257812500e+02
-1.831843566894531250e+02
1.055068817138671875e+02
2.704312324523925781e+01
3.965604400634765625e+01
-1.120002975463867188e+02
-2.011624145507812500e+02
-1.109400711059570312e+02
1.762748565673828125e+02
2.682753753662109375e+01
2.585121154785156250e+01
-1.131223526000976562e+02
-2.836085815429687500e+02
-5.034333038330078125e+01
1.502217559814453125e+02
2.407525062561035156e+01
1.842938613891601562e+01
-7.200764465332031250e+01
-2.950901184082031250e+02
-1.745987892150878906e+01
1.231954574584960938e+02
1.650903129577636719e+01
9.558219909667968750e+00
-7.071809387207031250e+01
-2.377776031494140625e+02
2.039075469970703125e+01
1.978775143623352051e+00
9.341763496398925781e+00
5.971469879150390625e+00
-9.516804695129394531e+00
-2.410722541809082031e+01
1.665738296508789062e+01
-1.820934534072875977e+00
1.519384741783142090e+00
1.122718572616577148e+00
1.626815795898437500e+02
2.143534240722656250e+02
-1.114588775634765625e+02
-8.629209518432617188e+00
6.658553123474121094e+00
1.495572328567504883e+00
3.017993164062500000e+02
4.197870788574218750e+02
-3.196461791992187500e+02
-3.238334894180297852e+00
1.264866161346435547e+01
2.088859558105468750e+00
6.459151458740234375e+01
3.202168579101562500e+02
-3.844270629882812500e+02
3.256247329711914062e+01
1.247071146965026855e+00
1.725868797302246094e+01
-1.295709594726562500e+03
-8.648817749023437500e+02
-4.447986450195312500e+02
6.070696640014648438e+01
3.157214927673339844e+01
2.849066925048828125e+01
-1.557190551757812500e+03
-7.774827270507812500e+02
-6.091185913085937500e+02
6.187245178222656250e+01
5.058009719848632812e+01
4.245463562011718750e+01
-8.317570190429687500e+02
-4.077254638671875000e+02
-1.115220581054687500e+03
4.538323211669921875e+01
4.494409179687500000e+01
6.233856582641601562e+01
-6.851142578125000000e+02
-7.449284057617187500e+02
-1.757351928710937500e+03
4.653933334350585938e+01
4.176023483276367188e+01
7.736422729492187500e+01
-4.579237976074218750e+02
-3.120853881835937500e+02
-1.026663940429687500e+03
4.047340393066406250e+01
4.142060470581054688e+01
7.399761199951171875e+01
-3.063623352050781250e+02
-2.286814117431640625e+02
-3.202602233886718750e+02
9.307122039794921875e+01
3.215069961547851562e+01
3.774349594116210938e+01
-2.126132354736328125e+02
-3.381540222167968750e+02
-1.351321411132812500e+02
1.537120056152343750e+02
2.634668159484863281e+01
2.432347679138183594e+01
-1.946735839843750000e+02
-4.461098022460937500e+02
-5.193810272216796875e+01
2.231987152099609375e+02
2.844132423400878906e+01
1.383499050140380859e+01
-2.018221740722656250e+02
-4.614175109863281250e+02
-8.810276985168457031e+00
1.417836303710937500e+02
2.723500823974609375e+01
9.043150901794433594e+00
-1.512180786132812500e+02
-4.096824645996093750e+02
2.382105255126953125e+01
4.111122131347656250e+01
1.765720939636230469e+01
3.830778598785400391e+00
-1.125087738037109375e+02
-3.029930419921875000e+02
7.877645111083984375e+01
7.961473941802978516e+00
8.329992294311523438e+00
-5.566538572311401367e-01
-1.281488494873046875e+02
-4.170882797241210938e+01
2.398606491088867188e+01
2.963474750518798828e+00
6.019155502319335938e+00
4.123836994171142578e+00
1.109416275024414062e+02
4.070100402832031250e+02
-3.666092834472656250e+02
-1.698537826538085938e+01
5.138157367706298828e+00
1.447285270690917969e+01
1.541805458068847656e+01
9.532341918945312500e+02
-4.435307922363281250e+02
-6.865830421447753906e+00
2.106119537353515625e+01
2.624077224731445312e+01
-1.245850341796875000e+03
-6.947965087890625000e+02
-5.719642333984375000e+02
4.734970474243164062e+01
2.369745254516601562e+01
5.083653259277343750e+01
-1.683373046875000000e+03
-2.854432861328125000e+03
-7.492955932617187500e+02
6.496517944335937500e+01
6.150518035888671875e+01
4.429893493652343750e+01
-1.213945312500000000e+03
-1.283299316406250000e+03
-1.480053466796875000e+03
4.769165420532226562e+01
5.051881408691406250e+01
6.161465454101562500e+01
-1.080444824218750000e+03
-1.038780883789062500e+03
-1.408849121093750000e+03
4.424234771728515625e+01
4.321192932128906250e+01
5.619076538085937500e+01
-7.273179931640625000e+02
-4.222552185058593750e+02
-1.216486083984375000e+03
4.328398132324218750e+01
4.202634048461914062e+01
5.924182128906250000e+01
-3.458100280761718750e+02
-2.843325805664062500e+02
-4.933423156738281250e+02
6.462071990966796875e+01
4.413644027709960938e+01
3.413982391357421875e+01
-1.887089691162109375e+02
-4.228936462402343750e+02
-1.426205902099609375e+02
1.268395233154296875e+02
2.584626388549804688e+01
2.474942398071289062e+01
-1.360805816650390625e+02
-4.967266540527343750e+02
-6.243043899536132812e+01
1.735420837402343750e+02
2.034038734436035156e+01
1.738636016845703125e+01
-1.162218475341796875e+02
-5.098911132812500000e+02
-7.402367115020751953e+00
1.144356079101562500e+02
1.701195144653320312e+01
1.089100074768066406e+01
-1.206488189697265625e+02
-4.807605895996093750e+02
3.781780624389648438e+01
8.282750701904296875e+01
1.415250301361083984e+01
3.653194189071655273e+00
-1.018268051147460938e+02
-4.144852905273437500e+02
9.461524963378906250e+01
1.976266479492187500e+01
4.471601486206054688e+00
4.532633304595947266e+00
-4.125173187255859375e+01
-2.586408386230468750e+02
1.359363098144531250e+02
1.141888046264648438e+01
-7.570549011230468750e+00
5.657059550285339355e-01
1.705348205566406250e+02
1.900115776062011719e+01
-1.754375457763671875e+01
2.239213943481445312e+00
-6.000028133392333984e+00
7.379634976387023926e-01
3.783308410644531250e+02
3.304548645019531250e+02
-3.980156860351562500e+02
-7.885606288909912109e+00
1.133570671081542969e+01
6.860133171081542969e+00
-1.199383773803710938e+02
4.025674438476562500e+02
-5.800820922851562500e+02
1.283745479583740234e+01
9.704821586608886719e+00
2.507379150390625000e+01
-2.884278320312500000e+03
-1.233648193359375000e+03
-6.735231323242187500e+02
5.464904022216796875e+01
3.199783897399902344e+01
3.236502075195312500e+01
-2.907802001953125000e+03
-1.193332763671875000e+03
-1.140014526367187500e+03
5.362019729614257812e+01
5.367634582519531250e+01
4.604731750488281250e+01
-1.322853637695312500e+03
-3.467485595703125000e+03
-7.268561401367187500e+02
6.834079742431640625e+01
5.725541305541992188e+01
4.979757308959960938e+01
-1.676747924804687500e+03
-7.704170532226562500e+02
-5.839082031250000000e+02
5.851908874511718750e+01
4.869928741455078125e+01
4.634421157836914062e+01
-1.002190795898437500e+03
-2.806312561035156250e+02
-5.093558654785156250e+02
7.957388305664062500e+01
3.473792266845703125e+01
4.731285858154296875e+01
-6.170988159179687500e+02
-3.026265869140625000e+02
-2.264661254882812500e+02
1.197168121337890625e+02
3.891033172607421875e+01
3.985643005371093750e+01
-4.033749694824218750e+02
-3.404415588378906250e+02
-7.513976287841796875e+01
1.767860717773437500e+02
2.827469825744628906e+01
2.932559394836425781e+01
-3.184545288085937500e+02
-3.385535888671875000e+02
-1.606548881530761719e+01
7.279522705078125000e+01
1.864544677734375000e+01
2.762044525146484375e+01
-3.356814575195312500e+02
-3.236900329589843750e+02
2.588684082031250000e+01
1.734921455383300781e+01
2.174323272705078125e+01
2.080445098876953125e+01
-3.137892761230468750e+02
-2.547180175781250000e+02
8.567453002929687500e+01
-2.764163017272949219e+01
1.741131591796875000e+01
1.468572998046875000e+01
-3.184923706054687500e+02
-9.389395904541015625e+01
8.065924072265625000e+01
-2.488393592834472656e+01
4.474194049835205078e+00
1.388990497589111328e+01
-3.265954589843750000e+02
9.634041595458984375e+01
7.510150146484375000e+01
-7.228570938110351562e+00
-8.963511466979980469e+00
7.138049125671386719e+00
-1.827377319335937500e+02
7.263291931152343750e+01
-1.681824684143066406e+01
-1.318402439355850220e-01
4.688930213451385498e-01
1.534874439239501953e+00
-9.238879394531250000e+01
-4.642252197265625000e+02
-3.144145812988281250e+02
5.596673488616943359e+00
1.186170101165771484e+00
2.470960617065429688e+01
-4.176566467285156250e+02
-9.596279907226562500e+02
-6.260738525390625000e+02
2.321991348266601562e+01
4.908570289611816406e+00
4.262488555908203125e+01
-2.648482421875000000e+03
-1.414616821289062500e+03
-6.814168701171875000e+02
6.068013381958007812e+01
3.641218566894531250e+01
3.306314849853515625e+01
-1.868688964843750000e+03
-1.859148437500000000e+03
-6.853817749023437500e+02
2.605686378479003906e+01
2.555716133117675781e+01
3.144345474243164062e+01
-3.046786132812500000e+03
-1.165922119140625000e+03
-7.227538452148437500e+02
5.231456756591796875e+01
3.041193199157714844e+01
3.411312103271484375e+01
-2.009568359375000000e+03
-5.108557128906250000e+02
-5.206612548828125000e+02
5.411712646484375000e+01
3.521651840209960938e+01
2.203028297424316406e+01
-6.562832031250000000e+02
-3.018345642089843750e+02
-3.280437011718750000e+02
8.335144042968750000e+01
2.247162628173828125e+01
2.111968421936035156e+01
-3.171427612304687500e+02
-2.950551452636718750e+02
-1.332720489501953125e+02
1.423092803955078125e+02
1.777107620239257812e+01
1.013731193542480469e+01
-1.885484008789062500e+02
-3.306585693359375000e+02
-5.297262573242187500e+01
1.904232177734375000e+02
1.462466430664062500e+01
4.485705375671386719e+00
-5.202924346923828125e+01
-3.001178588867187500e+02
-2.746506929397583008e+00
5.552577209472656250e+01
9.432661056518554688e+00
5.133544206619262695e-01
-5.177471923828125000e+01
-2.877387084960937500e+02
4.854643249511718750e+01
-2.827784538269042969e+01
1.007108306884765625e+01
-1.395449638366699219e+00
-7.058791351318359375e+01
-2.459652252197265625e+02
1.228961868286132812e+02
-9.975526428222656250e+01
1.051128673553466797e+01
-7.484361171722412109e+00
-1.172521305084228516e+01
-9.512469482421875000e+01
1.951902770996093750e+02
-5.740892410278320312e+01
-1.275177150964736938e-01
-1.384462261199951172e+01
-2.546071434020996094e+01
1.375059661865234375e+02
2.930517883300781250e+02
-1.858471107482910156e+01
-2.669363737106323242e+00
-2.137829017639160156e+01
2.612325096130371094e+01
4.749085998535156250e+02
3.436849975585937500e+02
-8.494138717651367188e+00
-3.097105026245117188e-01
-2.431333160400390625e+01
5.709948348999023438e+01
1.696308898925781250e+01
1.375725250244140625e+02
-3.143317937850952148e+00
-5.687560081481933594e+00
-4.246410369873046875e+00
-5.602611694335937500e+02
-1.918152008056640625e+02
-8.878975219726562500e+02
4.946723580360412598e-02
9.624181747436523438e+00
1.988214111328125000e+01
1.635023803710937500e+02
8.857310791015625000e+02
-4.996372985839843750e+02
-1.041867637634277344e+01
1.057547092437744141e+01
1.280728054046630859e+01
-9.317610931396484375e+01
8.782313537597656250e+01
-5.905838623046875000e+02
1.985063743591308594e+01
8.150459289550781250e+00
2.759726715087890625e+01
-1.794006195068359375e+02
-4.279850769042968750e+02
-3.983697814941406250e+02
4.383894729614257812e+01
-3.529021978378295898e+00
3.274943923950195312e+01
-1.743051147460937500e+01
-3.494492492675781250e+02
-2.724765319824218750e+02
8.903949737548828125e+01
1.904979133605957031e+01
-5.722732543945312500e+00
9.384183502197265625e+01
-2.857127075195312500e+02
-1.786124725341796875e+02
1.565758972167968750e+02
1.346006488800048828e+01
-1.610705375671386719e+00
9.950646972656250000e+01
-2.286275787353515625e+02
-9.115110015869140625e+01
2.034648742675781250e+02
8.963454246520996094e+00
-6.171279907226562500e+00
9.846060180664062500e+01
-2.139908905029296875e+02
-2.188699150085449219e+01
7.713841247558593750e+01
6.596351623535156250e+00
-5.836864948272705078e+00
1.630569763183593750e+02
-1.411609497070312500e+02
1.829844474792480469e+01
-4.761227798461914062e+01
4.238050937652587891e+00
-4.487089157104492188e+00
1.841592407226562500e+02
-5.690907669067382812e+01
7.253921508789062500e+01
-1.716267547607421875e+02
3.822993755340576172e+00
-9.417730331420898438e+00
1.560083160400390625e+02
6.552444458007812500e+01
1.155979919433593750e+02
-1.267190628051757812e+02
7.214881420135498047e+00
-1.276671314239501953e+01
1.963050231933593750e+02
2.443571929931640625e+02
1.031355514526367188e+02
-5.844092178344726562e+01
6.928957462310791016e+00
-1.670617866516113281e+01
2.876934204101562500e+02
4.692544555664062500e+02
1.662876892089843750e+02
-3.048918914794921875e+01
4.990539550781250000e+00
-3.446015930175781250e+01
1.054232254028320312e+02
3.675701904296875000e+02
2.982380065917968750e+02
-3.144692420959472656e+00
1.559621691703796387e+00
-1.984697532653808594e+01
-9.735206604003906250e+01
6.603342437744140625e+01
2.696332931518554688e+01
-1.929465174674987793e+00
1.138476848602294922e+00
-1.391351103782653809e+00
4.981242656707763672e+00
-3.755347061157226562e+01
5.039819335937500000e+01
-1.261626124382019043e+00
3.017755150794982910e-01
2.593433856964111328e-01
3.143399658203125000e+02
3.359996032714843750e+02
-3.560726623535156250e+02
-7.017011642456054688e+00
1.237021541595458984e+01
7.949600219726562500e+00
5.652112197875976562e+01
-9.470431518554687500e+01
-3.351699829101562500e+02
1.594051647186279297e+01
1.000647902488708496e+00
1.885163497924804688e+01
-2.337009277343750000e+02
-2.597875061035156250e+02
-1.101005020141601562e+02
5.915235137939453125e+01
-6.659771442413330078e+00
1.833738899230957031e+01
-2.414312171936035156e+01
-3.550042114257812500e+02
-5.863240432739257812e+01
1.470582885742187500e+02
-1.553298187255859375e+01
1.584811687469482422e+01
-3.808110046386718750e+01
-2.981145935058593750e+02
-6.595272827148437500e+01
2.021170806884765625e+02
7.148843288421630859e+00
-8.346507072448730469e+00
-4.266844940185546875e+01
-1.344765930175781250e+02
-4.431692886352539062e+01
1.358073120117187500e+02
3.815012693405151367e+00
-3.678352355957031250e+00
-8.893005371093750000e+00
2.212145042419433594e+01
1.137329816818237305e+00
6.528872966766357422e+00
-4.202812016010284424e-01
-8.513348698616027832e-01
2.981201744079589844e+01
1.332295074462890625e+02
4.428962326049804688e+01
-1.398511810302734375e+02
-6.760767459869384766e+00
2.945437192916870117e+00
3.149061012268066406e+01
2.648485717773437500e+02
7.030390167236328125e+01
-1.982988128662109375e+02
-8.656795501708984375e+00
9.130713462829589844e+00
2.411345481872558594e+01
3.345653686523437500e+02
6.077172088623046875e+01
-1.436613006591796875e+02
1.472617149353027344e+01
-1.661834526062011719e+01
2.285417938232421875e+02
2.278408203125000000e+02
1.309191741943359375e+02
-5.920637130737304688e+01
4.950043678283691406e+00
-1.806593322753906250e+01
-5.210345840454101562e+01
8.536070251464843750e+01
3.951076354980468750e+02
-1.829369544982910156e+01
-1.879189848899841309e+00
-1.840336990356445312e+01
-3.497216491699218750e+02
-3.195231018066406250e+02
4.409472045898437500e+02
4.414392948150634766e+00
-1.169064235687255859e+01
-1.139885330200195312e+01
-2.029212341308593750e+02
-3.218900146484375000e+02
4.819354553222656250e+02
1.012301921844482422e+01
-5.400043010711669922e+00
-2.097966194152832031e+01
-4.972625732421875000e+01
1.660604095458984375e+01
3.146406173706054688e+01
-4.357328414916992188e+00
1.872439861297607422e+00
-6.321345329284667969e+00
2.866343994140625000e+02
-1.002904281616210938e+02
-9.539738464355468750e+01
4.183579921722412109e+00
8.762935638427734375e+00
-6.399931907653808594e+00
8.240192413330078125e+01
-2.423292541503906250e+02
6.006107330322265625e+00
6.096387481689453125e+01
-5.498929023742675781e+00
-4.351707935333251953e+00
-1.989432525634765625e+02
-2.796998291015625000e+02
1.523742198944091797e+01
1.319372863769531250e+02
-5.618547916412353516e+00
2.864944219589233398e+00
-1.749610900878906250e+02
-3.401722717285156250e+02
1.973534393310546875e+01
2.489207153320312500e+02
-1.530412769317626953e+01
2.089875698089599609e+00
-1.921985473632812500e+02
-1.750177917480468750e+02
-4.449012279510498047e+00
1.810411529541015625e+02
-1.058761596679687500e+01
-3.873900413513183594e+00
-1.989029998779296875e+02
2.416528511047363281e+01
1.275469422340393066e+00
5.700120925903320312e+01
-1.592660045623779297e+01
1.111496639251708984e+01
-1.675594024658203125e+02
1.998786315917968750e+02
5.103626632690429688e+01
-3.611805343627929688e+01
-1.696124839782714844e+01
6.407397270202636719e+00
-1.465467376708984375e+02
3.266858825683593750e+02
7.032639312744140625e+01
-1.643047180175781250e+02
-1.465623092651367188e+01
1.019825553894042969e+01
-9.536384344100952148e-01
2.896731262207031250e+02
6.527915954589843750e+01
-2.086934356689453125e+02
-7.656177997589111328e+00
6.025090217590332031e+00
1.485060729980468750e+02
9.080811309814453125e+01
1.128876800537109375e+02
-1.345676727294921875e+02
2.973639011383056641e+00
-1.463289260864257812e+01
-1.885363159179687500e+02
-1.392921447753906250e+02
2.244773712158203125e+02
-7.174677276611328125e+01
2.970314741134643555e+00
-9.724253654479980469e+00
-4.488898620605468750e+02
-3.766170959472656250e+02
3.784736938476562500e+02
-3.410507440567016602e+00
-9.497667312622070312e+00
-7.256046295166015625e+00
-3.136167297363281250e+02
-4.427723388671875000e+02
2.206329650878906250e+02
2.068613624572753906e+01
-3.814143419265747070e+00
-8.135185241699218750e+00
-1.534796142578125000e+02
-2.039278869628906250e+02
1.400600128173828125e+02
1.341028690338134766e+01
-4.638708114624023438e+00
1.691556930541992188e+00
9.600992202758789062e+00
-2.697569608688354492e+00
5.435519695281982422e+00
-2.892587423324584961e+00
-7.159637928009033203e+00
4.085241794586181641e+00
2.626905517578125000e+02
-2.537586669921875000e+02
6.207924842834472656e+00
4.091952896118164062e+01
-5.071059226989746094e+00
-1.746187210083007812e+01
-7.091413021087646484e+00
-2.476235809326171875e+02
3.343426132202148438e+01
9.745314788818359375e+01
-2.664960145950317383e+00
-1.526135253906250000e+01
-2.191149749755859375e+02
-2.714848632812500000e+02
3.835708236694335938e+01
2.676024475097656250e+02
-7.420671463012695312e+00
-1.261823749542236328e+01
-2.514088287353515625e+02
-3.035162658691406250e+02
4.441262054443359375e+01
2.382368164062500000e+02
-7.244476795196533203e+00
-1.380563926696777344e+01
-2.177935791015625000e+02
-2.147098388671875000e+02
3.449283599853515625e+01
9.610455322265625000e+01
-1.779945945739746094e+01
3.769342899322509766e+00
-2.027527313232421875e+02
8.142220377922058105e-01
4.681470108032226562e+01
1.207872676849365234e+01
-2.016262054443359375e+01
9.232083320617675781e+00
-1.497990264892578125e+02
1.981718750000000000e+02
4.923756027221679688e+01
-1.349402046203613281e+01
-1.501181602478027344e+01
9.598156929016113281e+00
7.278485107421875000e+01
9.977481842041015625e+01
4.570614624023437500e+01
-1.338487548828125000e+02
-8.123313903808593750e+00
7.083393096923828125e+00
2.241216430664062500e+02
-8.291075134277343750e+01
7.424795532226562500e+01
-1.641474761962890625e+02
1.456025362014770508e+00
-8.357130050659179688e+00
2.012269973754882812e+01
-2.448417205810546875e+02
1.207158355712890625e+02
-9.541889953613281250e+01
1.023429965972900391e+01
-2.146518230438232422e+00
-4.602556762695312500e+02
-4.107443847656250000e+02
1.652015228271484375e+02
-1.810949134826660156e+01
1.346711635589599609e+00
9.610500335693359375e-01
-2.909857788085937500e+02
-5.723595581054687500e+02
9.687485504150390625e+01
3.113430976867675781e+01
8.076230049133300781e+00
9.464606046676635742e-01
-1.824556884765625000e+02
-3.948122863769531250e+02
8.278820800781250000e+01
1.850078010559082031e+01
6.382562637329101562e+00
3.194681644439697266e+00
-1.835881042480468750e+02
-5.576311111450195312e+01
2.520755958557128906e+01
1.022649669647216797e+01
-2.406247377395629883e+00
1.439876461029052734e+01
1.112842464447021484e+01
-1.751753807067871094e+01
1.610684037208557129e+00
-7.911593317985534668e-01
-3.287022590637207031e+00
9.996141195297241211e-01
2.864812927246093750e+02
-2.808096618652343750e+02
3.963419675827026367e+00
5.649458694458007812e+01
-3.908132791519165039e+00
-1.785878562927246094e+01
-2.167983245849609375e+01
-2.798239440917968750e+02
2.692603683471679688e+01
1.692376861572265625e+02
-4.524199962615966797e+00
-2.193719291687011719e+01
-2.387299499511718750e+02
-2.805818176269531250e+02
7.701753997802734375e+01
2.548190460205078125e+02
-6.246975898742675781e+00
-1.306032466888427734e+01
-2.639596557617187500e+02
-2.615584106445312500e+02
1.055306930541992188e+02
1.109023742675781250e+02
-1.124461936950683594e+01
-1.032757377624511719e+01
-2.382305450439453125e+02
-2.162668304443359375e+02
3.273009872436523438e+01
9.682690429687500000e+01
-1.756559371948242188e+01
2.881245136260986328e+00
-2.151780395507812500e+02
7.871956825256347656e+00
1.240851879119873047e+00
5.321535110473632812e+01
-1.332100772857666016e+01
1.149251747131347656e+01
3.913175821304321289e+00
-8.923319816589355469e+00
1.826517820358276367e+00
-3.498861789703369141e+00
-1.108483910560607910e+00
1.525773525238037109e+00
1.586163024902343750e+02
-1.581828765869140625e+02
1.711109542846679688e+01
-4.821475982666015625e+01
5.305710792541503906e+00
-3.649425745010375977e+00
-1.225222702026367188e+02
-3.171227111816406250e+02
4.472492599487304688e+01
-1.632162666320800781e+01
1.376788520812988281e+01
2.635248661041259766e+00
-4.361218566894531250e+02
-4.903458557128906250e+02
6.603130340576171875e+01
1.100924682617187500e+01
1.446054553985595703e+01
6.195310115814208984e+00
-3.006579895019531250e+02
-6.817456665039062500e+02
5.764367675781250000e+01
9.513615417480468750e+01
1.845781898498535156e+01
-2.942229747772216797e+00
-2.077641448974609375e+02
-5.270232543945312500e+02
3.771239852905273438e+01
6.152041625976562500e+01
1.706760597229003906e+01
3.724823713302612305e+00
-2.399119567871093750e+02
-1.788424377441406250e+02
3.667953872680664062e+01
3.669236373901367188e+01
7.427819728851318359e+00
1.185948467254638672e+01
-2.745156555175781250e+02
1.829601745605468750e+02
2.223318099975585938e+01
9.660182952880859375e+00
-6.174314975738525391e+00
1.154586982727050781e+01
-1.361719970703125000e+02
1.324247741699218750e+02
9.412890076637268066e-01
-2.085058242082595825e-01
6.825888156890869141e+00
-9.130839347839355469e+00
2.190551757812500000e+02
-2.603077087402343750e+02
2.288927650451660156e+01
7.487471008300781250e+01
4.144080638885498047e+00
-2.916784477233886719e+01
2.873268127441406250e+01
-2.709909667968750000e+02
1.528262939453125000e+02
1.613070373535156250e+02
-9.540995597839355469e+00
-2.190023994445800781e+01
-2.437937316894531250e+02
-2.742688598632812500e+02
6.874808502197265625e+01
2.969643249511718750e+02
-3.402523994445800781e+00
-1.342611789703369141e+01
-2.435902404785156250e+02
-3.003320617675781250e+02
4.015068817138671875e+01
2.776665954589843750e+02
-1.163381767272949219e+01
-1.190329074859619141e+01
-2.236026916503906250e+02
-1.777127227783203125e+02
1.114168167114257812e+00
2.195403594970703125e+02
-5.085651397705078125e+00
-4.343493461608886719e+00
-2.519481086730957031e+01
-1.207435150146484375e+02
-4.492642974853515625e+01
1.661829833984375000e+02
4.824721336364746094e+00
-4.143679141998291016e+00
1.241566925048828125e+02
-2.021882781982421875e+02
-2.481139373779296875e+01
7.814624786376953125e+01
4.873421192169189453e+00
-6.046874046325683594e+00
-1.526508483886718750e+02
-3.697350463867187500e+02
-9.747295975685119629e-01
2.316895294189453125e+01
1.424689292907714844e+01
5.569892406463623047e+00
-3.993229675292968750e+02
-5.229765014648437500e+02
4.431015777587890625e+01
8.140955352783203125e+01
2.145082283020019531e+01
7.265496730804443359e+00
-2.874766540527343750e+02
-6.422122192382812500e+02
-8.829331398010253906e+00
1.735924987792968750e+02
2.202423286437988281e+01
5.708570957183837891e+00
-1.697576599121093750e+02
-4.757196655273437500e+02
-8.204380035400390625e+00
1.279375610351562500e+02
2.141274261474609375e+01
1.226610088348388672e+01
-2.293988494873046875e+02
-2.157232513427734375e+02
-1.150722408294677734e+01
7.431539916992187500e+01
9.890685081481933594e+00
2.298532676696777344e+01
-2.396688079833984375e+02
4.626383972167968750e+01
4.504620446823537350e-04
4.276691055297851562e+01
-4.083255290985107422e+00
1.919658279418945312e+01
-2.445000305175781250e+02
2.288755645751953125e+02
1.267210841178894043e+00
1.655662727355957031e+01
-1.811100196838378906e+01
2.422253417968750000e+01
1.695801925659179688e+01
1.698868942260742188e+01
9.396135807037353516e-01
1.019374251365661621e+00
-6.217654943466186523e-01
-5.529969930648803711e-01
1.938947448730468750e+02
-2.179083404541015625e+02
1.682716178894042969e+01
8.337370300292968750e+01
1.195031738281250000e+01
-2.790826606750488281e+01
-1.370973110198974609e+01
-2.321566925048828125e+02
2.584332847595214844e+01
1.990266418457031250e+02
-1.681621909141540527e+00
-1.954075622558593750e+01
-2.168399963378906250e+02
-2.440124053955078125e+02
3.970726013183593750e+01
2.539179840087890625e+02
-4.776901245117187500e+00
-1.229359722137451172e+01
-1.375942077636718750e+02
-3.288517456054687500e+02
2.628256225585937500e+01
2.799469909667968750e+02
-9.152248382568359375e+00
4.417282104492187500e+00
2.386746406555175781e+01
-2.909880981445312500e+02
-6.085615158081054688e+01
2.424714508056640625e+02
4.072530269622802734e+00
-3.512413740158081055e+00
1.459109802246093750e+02
-2.152934112548828125e+02
-8.750255584716796875e+01
2.519336853027343750e+02
9.411148071289062500e+00
-6.729822635650634766e+00
-7.691278076171875000e+01
-2.862170410156250000e+02
-5.031573104858398438e+01
2.730408325195312500e+02
1.789732933044433594e+01
8.465338706970214844e+00
-4.678285217285156250e+02
-4.686733093261718750e+02
-1.773300361633300781e+01
1.961231536865234375e+02
2.020039939880371094e+01
1.064458274841308594e+01
-2.786169128417968750e+02
-7.567120361328125000e+02
-5.439213943481445312e+01
1.811374664306640625e+02
1.853621292114257812e+01
9.499369621276855469e+00
-1.878446044921875000e+02
-5.233049316406250000e+02
-5.416226577758789062e+01
1.646985473632812500e+02
2.621368026733398438e+01
1.641400146484375000e+01
-2.327605895996093750e+02
-2.332013397216796875e+02
-4.518158340454101562e+01
1.296531066894531250e+02
1.377905464172363281e+01
2.975312614440917969e+01
-2.920205688476562500e+02
-7.838032245635986328e+00
-4.063608551025390625e+01
5.380291366577148438e+01
3.720433712005615234e-01
2.920737075805664062e+01
-2.766587524414062500e+02
1.643525238037109375e+02
-3.946144866943359375e+01
6.438494110107421875e+01
-5.572097301483154297e+00
1.551329708099365234e+01
-2.769608154296875000e+02
2.464888458251953125e+02
-3.221670538187026978e-02
3.391245841979980469e+00
-1.745129966735839844e+01
1.893011283874511719e+01
1.097385330200195312e+02
-8.387819671630859375e+01
7.919126152992248535e-01
-5.188759326934814453e+00
-1.193602561950683594e+01
9.136608123779296875e+00
2.844424133300781250e+02
-2.744807128906250000e+02
5.742260932922363281e+00
5.392169189453125000e+01
-1.099318265914916992e+00
-2.007733345031738281e+01
1.436371898651123047e+01
-2.730784912109375000e+02
3.309283065795898438e+01
1.014875717163085938e+02
-1.770416617393493652e+00
-1.981885147094726562e+01
-2.097902832031250000e+02
-2.817933044433593750e+02
2.607964324951171875e+01
1.290549316406250000e+02
-3.221385002136230469e+00
2.396120786666870117e+00
-2.553805160522460938e+01
-3.485405273437500000e+02
-5.405815124511718750e+01
1.463513336181640625e+02
-1.663327026367187500e+01
1.573422241210937500e+01
7.837713623046875000e+01
-3.045447082519531250e+02
-1.639772186279296875e+02
1.494238281250000000e+02
1.126735210418701172e+01
-2.348778963088989258e+00
-3.427453613281250000e+02
-3.576040039062500000e+02
-1.070212860107421875e+02
1.430614929199218750e+02
2.095608520507812500e+01
1.379802131652832031e+01
-4.659373168945312500e+02
-5.954826049804687500e+02
-7.040534210205078125e+01
1.615432434082031250e+02
2.884139823913574219e+01
1.432298088073730469e+01
-4.080888061523437500e+02
-6.415902709960937500e+02
-1.225618057250976562e+02
1.193372879028320312e+02
3.517996978759765625e+01
2.041696548461914062e+01
-2.375369262695312500e+02
-4.145658569335937500e+02
-1.218243942260742188e+02
1.242281951904296875e+02
3.112921524047851562e+01
2.586456298828125000e+01
-2.913600769042968750e+02
-1.776191558837890625e+02
-8.590109252929687500e+01
1.713150939941406250e+02
2.341960144042968750e+01
3.321678543090820312e+01
-3.386744079589843750e+02
-6.880625152587890625e+01
-5.554973602294921875e+01
1.776865539550781250e+02
8.378802299499511719e+00
3.056747245788574219e+01
-2.814737243652343750e+02
-2.385675621032714844e+01
-4.045977783203125000e+01
6.635274505615234375e+01
9.688280820846557617e-01
3.115918922424316406e+01
-2.597561035156250000e+02
5.297328186035156250e+01
-8.380507230758666992e-01
3.650713348388671875e+01
-3.927382469177246094e+00
1.661385345458984375e+01
-2.541689300537109375e+02
1.868590698242187500e+02
2.234716224670410156e+01
1.273356246948242188e+01
-3.194036245346069336e+00
1.009137344360351562e+01
-8.627249908447265625e+01
9.147537231445312500e+01
9.372730851173400879e-01
-6.814386248588562012e-01
3.577482223510742188e+00
-2.543739795684814453e+00
2.901400756835937500e+02
-2.569102783203125000e+02
6.289564609527587891e+00
4.574905014038085938e+01
-7.822640895843505859e+00
-1.931704711914062500e+01
7.362761688232421875e+01
-2.351711578369140625e+02
1.453057479858398438e+01
6.047273635864257812e+01
-6.982290744781494141e+00
-1.902584791183471680e+00
-2.054260711669921875e+02
-2.572994384765625000e+02
-1.043569107055664062e+02
5.977381515502929688e+01
-7.457548141479492188e+00
1.635418891906738281e+01
2.764026069641113281e+01
-3.253065795898437500e+02
-2.600147399902343750e+02
8.430027008056640625e+01
1.656772232055664062e+01
-7.374769687652587891e+00
-6.907913818359375000e+02
-3.454119873046875000e+02
-3.084330139160156250e+02
8.513842010498046875e+01
2.469840431213378906e+01
2.393675994873046875e+01
-8.531361694335937500e+02
-5.908360595703125000e+02
-2.098726806640625000e+02
7.212931823730468750e+01
4.213743591308593750e+01
2.573127365112304688e+01
-6.850562133789062500e+02
-8.000447998046875000e+02
-6.820072631835937500e+02
6.356279373168945312e+01
4.456706237792968750e+01
4.303509902954101562e+01
-3.903172912597656250e+02
-3.161020812988281250e+02
-5.070729980468750000e+02
6.541588592529296875e+01
4.850531387329101562e+01
3.622882080078125000e+01
-3.734899597167968750e+02
-1.350013732910156250e+02
-2.493357391357421875e+02
1.055523223876953125e+02
4.309656143188476562e+01
3.525556945800781250e+01
-3.039570007324218750e+02
-1.989883422851562500e+02
-8.886975097656250000e+01
1.766946716308593750e+02
2.668331336975097656e+01
3.452222824096679688e+01
-2.632882690429687500e+02
-2.538932800292968750e+02
-4.671304321289062500e+01
1.423489837646484375e+02
1.491277217864990234e+01
3.357555007934570312e+01
-2.299198303222656250e+02
-2.154515838623046875e+02
-1.179625701904296875e+01
9.467989349365234375e+01
1.238906002044677734e+01
2.328841400146484375e+01
-2.246232147216796875e+02
-1.986692047119140625e+02
3.855449295043945312e+01
4.590043640136718750e+01
1.456223392486572266e+01
1.445361137390136719e+01
-1.959036102294921875e+02
-2.913480377197265625e+01
3.234099578857421875e+01
1.304916381835937500e+01
9.193255305290222168e-01
1.649376869201660156e+01
-1.353517627716064453e+01
3.988562393188476562e+01
1.482003307342529297e+01
-3.933488368988037109e+00
3.351054668426513672e+00
-1.240560650825500488e+00
1.714403839111328125e+02
-6.133471298217773438e+01
-4.966915893554687500e+01
6.582634925842285156e+00
9.541591644287109375e+00
-5.506955385208129883e-01
6.421281433105468750e+01
-1.259372024536132812e+02
-2.956007385253906250e+02
1.873732185363769531e+01
2.446221828460693359e+00
2.091349983215332031e+01
-6.634580230712890625e+01
-5.493348388671875000e+02
-4.185838623046875000e+02
4.468922805786132812e+01
-3.108989953994750977e+00
3.122778511047363281e+01
-1.585636718750000000e+03
-6.077099609375000000e+02
-5.293026733398437500e+02
5.813061904907226562e+01
3.203462982177734375e+01
2.753772735595703125e+01
-2.051360595703125000e+03
-8.166300048828125000e+02
-6.044934082031250000e+02
5.712929534912109375e+01
5.117732238769531250e+01
4.190928649902343750e+01
-1.204193481445312500e+03
-1.078334350585937500e+03
-1.421099243164062500e+03
4.315518188476562500e+01
4.475378799438476562e+01
5.654687500000000000e+01
-7.233676147460937500e+02
-4.216816101074218750e+02
-1.256796875000000000e+03
4.376547241210937500e+01
4.177968597412109375e+01
5.979034042358398438e+01
-3.868074951171875000e+02
-2.852358398437500000e+02
-5.053645629882812500e+02
6.001463699340820312e+01
4.387871170043945312e+01
3.682796859741210938e+01
-1.729783325195312500e+02
-4.328886718750000000e+02
-1.351463165283203125e+02
1.258041229248046875e+02
2.486743164062500000e+01
2.489472770690917969e+01
-1.006854553222656250e+02
-4.852384338378906250e+02
-5.750783538818359375e+01
1.778497772216796875e+02
1.930488204956054688e+01
1.527876853942871094e+01
-1.362453308105468750e+02
-5.130210571289062500e+02
-4.135636806488037109e+00
1.116805953979492188e+02
1.709839630126953125e+01
1.128081035614013672e+01
-1.073547821044921875e+02
-4.728744812011718750e+02
3.552188873291015625e+01
9.069166564941406250e+01
1.364011669158935547e+01
4.550639629364013672e+00
-6.856175994873046875e+01
-3.698593750000000000e+02
9.023400115966796875e+01
2.351876831054687500e+01
4.283751487731933594e+00
3.810317039489746094e+00
-4.999262619018554688e+01
-2.549371337890625000e+02
1.490401000976562500e+02
1.042740345001220703e+01
-8.040512084960937500e+00
1.514194250106811523e+00
1.930627593994140625e+02
-8.295615196228027344e+00
2.884014701843261719e+01
-2.086086720228195190e-01
-7.939464092254638672e+00
3.236656904220581055e+00
3.878822631835937500e+02
3.789668273925781250e+02
-4.048623046875000000e+02
-8.379086494445800781e+00
1.390947246551513672e+01
5.852295398712158203e+00
-2.376281172037124634e-01
2.848418273925781250e+02
-6.240899047851562500e+02
1.060384654998779297e+01
1.423268508911132812e+01
2.582611465454101562e+01
-2.839438476562500000e+03
-1.161215332031250000e+03
-6.819709472656250000e+02
6.101008224487304688e+01
3.275103759765625000e+01
3.117113113403320312e+01
-3.247217041015625000e+03
-1.239102416992187500e+03
-1.157280273437500000e+03
5.457106399536132812e+01
5.346756362915039062e+01
4.631297683715820312e+01
-1.761854003906250000e+03
-1.739833984375000000e+03
-2.391290771484375000e+03
4.870131683349609375e+01
5.091514968872070312e+01
5.069777679443359375e+01
-1.063950927734375000e+03
-1.224465942382812500e+03
-1.452053833007812500e+03
4.902684783935546875e+01
4.492401123046875000e+01
6.003513717651367188e+01
-6.979667358398437500e+02
-6.797414550781250000e+02
-6.519619140625000000e+02
6.074547958374023438e+01
4.391985321044921875e+01
4.268738174438476562e+01
-4.218007202148437500e+02
-6.567370605468750000e+02
-1.499806060791015625e+02
1.217757644653320312e+02
3.396510314941406250e+01
1.988677978515625000e+01
-3.085661010742187500e+02
-6.827355957031250000e+02
-6.748166656494140625e+01
2.063392944335937500e+02
1.802406311035156250e+01
1.031426906585693359e+01
-2.885399169921875000e+02
-6.573921508789062500e+02
-9.114735603332519531e+00
1.604217529296875000e+02
2.274098968505859375e+01
4.554200649261474609e+00
-3.126719665527343750e+02
-6.231867065429687500e+02
5.280563735961914062e+01
1.079295196533203125e+02
2.246152687072753906e+01
-2.488421916961669922e+00
-3.168427429199218750e+02
-5.416659545898437500e+02
1.004669036865234375e+02
3.982538986206054688e+01
1.083561325073242188e+01
-3.651070296764373779e-01
-2.882685241699218750e+02
-4.501226196289062500e+02
2.111007537841796875e+02
2.356478500366210938e+01
-1.907113194465637207e+00
-1.187667655944824219e+01
-3.532063598632812500e+02
-3.479070129394531250e+02
3.824754333496093750e+02
1.554264163970947266e+01
-1.656274199485778809e+00
-1.670451736450195312e+01
-2.234871673583984375e+02
1.848351478576660156e+01
-1.973274230957031250e+01
-2.585993528366088867e+00
4.075700044631958008e-01
-1.588491916656494141e+00
-3.208776855468750000e+02
9.994785766601562500e+02
-4.796791381835937500e+02
-8.986233711242675781e+00
8.126388549804687500e+00
9.135318756103515625e+00
-2.521717041015625000e+03
-1.843666259765625000e+03
-7.987312622070312500e+02
2.936923027038574219e+01
2.867627334594726562e+01
3.489056777954101562e+01
-4.663928222656250000e+03
-3.760421875000000000e+03
-2.065295410156250000e+03
5.674748992919921875e+01
6.046380233764648438e+01
4.200827789306640625e+01
-4.967479492187500000e+03
-3.422692871093750000e+03
-2.349203613281250000e+03
5.648040008544921875e+01
6.194260406494140625e+01
4.025805664062500000e+01
-3.404321533203125000e+03
-1.313512207031250000e+03
-1.273435791015625000e+03
5.584169387817382812e+01
5.616002655029296875e+01
4.744553756713867188e+01
-1.667373901367187500e+03
-7.845863647460937500e+02
-5.817497558593750000e+02
5.482801437377929688e+01
4.886816787719726562e+01
4.203355407714843750e+01
-9.401525268554687500e+02
-6.607338867187500000e+02
-2.468540344238281250e+02
6.748754119873046875e+01
4.285642242431640625e+01
2.608696746826171875e+01
-5.658357543945312500e+02
-5.961971435546875000e+02
-9.122943878173828125e+01
1.574682922363281250e+02
3.001471328735351562e+01
1.348264312744140625e+01
-4.358688964843750000e+02
-5.677323608398437500e+02
-2.029603004455566406e+01
1.600494232177734375e+02
1.687953186035156250e+01
1.025935077667236328e+01
-4.693768920898437500e+02
-5.764417724609375000e+02
4.893972778320312500e+01
8.304344940185546875e+01
2.471705245971679688e+01
6.819080352783203125e+00
-4.330617980957031250e+02
-5.281915283203125000e+02
6.935440063476562500e+01
1.876137542724609375e+01
1.746765708923339844e+01
4.944459915161132812e+00
-3.996359252929687500e+02
-4.693401489257812500e+02
1.704719085693359375e+02
-1.740016365051269531e+01
4.168545722961425781e+00
-6.776982545852661133e-01
-4.692035217285156250e+02
-4.430615844726562500e+02
3.320829467773437500e+02
1.064618110656738281e+00
-7.771894454956054688e+00
-5.179107189178466797e+00
-3.216135253906250000e+02
-3.645755310058593750e+02
3.428699645996093750e+02
6.874085903167724609e+00
-1.404957103729248047e+01
-1.048829078674316406e+01
1.117500972747802734e+01
-1.387300491333007812e+01
-2.055989837646484375e+01
-1.320277452468872070e-01
-1.420501589775085449e+00
-2.522462047636508942e-02
-7.442215576171875000e+02
-2.769426879882812500e+02
-1.216976928710937500e+03
3.081249237060546875e+00
1.387065219879150391e+01
2.355863952636718750e+01
-4.056601562500000000e+03
-3.030347900390625000e+03
-2.618330810546875000e+03
3.166936683654785156e+01
4.463576507568359375e+01
2.486904716491699219e+01
-6.049400878906250000e+03
-6.011001953125000000e+03
-4.558772460937500000e+03
2.417105102539062500e+01
1.988011550903320312e+01
2.012398529052734375e+01
-7.032305664062500000e+03
-2.740170654296875000e+03
-2.669274658203125000e+03
3.370153045654296875e+01
4.616320419311523438e+01
3.115736389160156250e+01
-3.680026855468750000e+03
-1.389294067382812500e+03
-7.828476562500000000e+02
6.015721511840820312e+01
3.860575485229492188e+01
3.660513687133789062e+01
-1.303288208007812500e+03
-8.748950195312500000e+02
-4.362107849121093750e+02
5.953649139404296875e+01
3.384257507324218750e+01
3.173819160461425781e+01
-6.813256225585937500e+02
-6.979050292968750000e+02
-1.776012115478515625e+02
6.412238311767578125e+01
2.371891021728515625e+01
2.315042495727539062e+01
-4.281348571777343750e+02
-5.714259643554687500e+02
-7.883303833007812500e+01
1.769532318115234375e+02
1.762273597717285156e+01
1.316728782653808594e+01
-2.342667999267578125e+02
-4.827055358886718750e+02
-1.044439163208007812e+02
3.820771789550781250e+01
8.050443649291992188e+00
7.403714656829833984e+00
-2.673109130859375000e+02
-5.854699096679687500e+02
2.396582336425781250e+02
-9.611888885498046875e+01
1.541149616241455078e+01
8.257936477661132812e+00
-2.556187744140625000e+02
-6.267330322265625000e+02
8.131180572509765625e+01
-1.319229888916015625e+02
1.153512287139892578e+01
2.632238626480102539e+00
-9.203801727294921875e+01
-4.896172485351562500e+02
1.786362304687500000e+02
-5.175326538085937500e+01
4.255734920501708984e+00
-5.097138404846191406e+00
-9.744207763671875000e+01
-4.874865112304687500e+02
3.861754760742187500e+02
-3.157114219665527344e+01
1.367035508155822754e-01
-1.386046504974365234e+01
-6.000304794311523438e+01
-4.237161560058593750e+02
5.527904052734375000e+02
-1.473037433624267578e+01
-6.569096565246582031e+00
-2.561780357360839844e+01
1.634168853759765625e+02
3.395289306640625000e+02
1.097398559570312500e+03
-6.220781803131103516e+00
-5.123869895935058594e+00
-2.256687355041503906e+01
-5.102702026367187500e+02
2.703186950683593750e+02
-7.949346923828125000e+02
2.514324665069580078e+00
2.770162105560302734e+00
3.546760082244873047e+00
6.703410339355468750e+01
-1.146215667724609375e+02
-4.242333984375000000e+01
8.024422645568847656e+00
-1.007599735260009766e+01
3.358632326126098633e-01
-1.056733398437500000e+02
-8.164439086914062500e+02
-1.133460937500000000e+03
6.906987190246582031e+00
7.560098648071289062e+00
2.233674430847167969e+01
-1.468710937500000000e+02
-8.818684692382812500e+02
-6.991683349609375000e+02
1.977896881103515625e+01
3.108374476432800293e-01
4.087699508666992188e+01
-2.324593658447265625e+02
-4.620506591796875000e+02
-4.040304565429687500e+02
4.168553924560546875e+01
-2.886831283569335938e+00
3.468065261840820312e+01
-1.656903076171875000e+02
-1.864015502929687500e+02
-2.730325317382812500e+02
6.086639404296875000e+01
2.614152431488037109e+00
1.506208801269531250e+01
-1.063930511474609375e+02
-4.615449523925781250e+01
-1.302361297607421875e+02
1.393287048339843750e+02
-4.040699958801269531e+00
6.137166023254394531e+00
-7.225194549560546875e+01
-2.153530693054199219e+01
-4.678429794311523438e+01
1.509945678710937500e+02
-1.601669549942016602e+00
1.326481461524963379e+00
2.051141548156738281e+01
-4.579745769500732422e+00
-3.580845832824707031e+00
1.707782173156738281e+01
1.331986039876937866e-01
-1.014884352684020996e+00
9.814396667480468750e+01
8.306110382080078125e+00
4.728273010253906250e+01
-1.582945404052734375e+02
-8.981163501739501953e-01
-2.385707616806030273e+00
1.156865921020507812e+02
4.909341049194335938e+01
1.304856262207031250e+02
-1.335954589843750000e+02
3.189948797225952148e+00
-8.426936149597167969e+00
1.799179687500000000e+02
1.740168609619140625e+02
2.743939208984375000e+02
-6.263240051269531250e+01
-2.932310104370117188e+00
-1.630338478088378906e+01
1.451626434326171875e+02
4.803981933593750000e+02
3.984894409179687500e+02
-4.268052291870117188e+01
9.567406177520751953e-01
-3.268184280395507812e+01
8.303359985351562500e+01
9.931094970703125000e+02
6.341702880859375000e+02
-1.937377166748046875e+01
-5.220979690551757812e+00
-4.056149291992187500e+01
2.640578308105468750e+02
2.034887390136718750e+02
1.212608764648437500e+03
-8.639582633972167969e+00
-7.287079334259033203e+00
-2.319546508789062500e+01
4.761483383178710938e+01
-9.379285888671875000e+02
5.450649414062500000e+02
5.759770870208740234e+00
-1.020638561248779297e+01
-1.154724311828613281e+01
1.470113372802734375e+02
-1.853704528808593750e+02
3.550987243652343750e+01
-1.291607737541198730e+00
-1.144245862960815430e+00
1.776656031608581543e+00
3.407995939254760742e+00
-3.832207336425781250e+02
-3.164027709960937500e+02
5.807889938354492188e+00
-6.118044376373291016e+00
2.085497856140136719e+01
-2.335889587402343750e+02
-4.518194274902343750e+02
-1.836940002441406250e+02
3.004822921752929688e+01
-6.888173580169677734e+00
3.684573745727539062e+01
-2.129209594726562500e+02
-2.197924652099609375e+02
-1.067070846557617188e+02
5.700825881958007812e+01
-7.067813396453857422e+00
1.647056579589843750e+01
-1.904158935546875000e+02
-3.930516815185546875e+01
-1.103327789306640625e+02
1.282994842529296875e+02
-5.384793281555175781e+00
1.044872665405273438e+01
-1.842394104003906250e+02
8.728241729736328125e+01
-7.083281707763671875e+01
1.686136627197265625e+02
-4.635900020599365234e+00
7.174525260925292969e+00
-1.733687591552734375e+02
1.876682434082031250e+02
-1.693289375305175781e+01
4.025784301757812500e+01
-5.565424919128417969e+00
2.979065418243408203e+00
-1.369458160400390625e+02
2.171583404541015625e+02
2.172982788085937500e+01
-8.465702819824218750e+01
-6.325723171234130859e+00
4.575628757476806641e+00
-1.051231842041015625e+02
2.215115509033203125e+02
8.607657623291015625e+01
-1.989834899902343750e+02
-9.736492156982421875e+00
4.605392456054687500e+00
-1.026413879394531250e+02
2.705765991210937500e+02
1.851138000488281250e+02
-1.498074188232421875e+02
-1.475797653198242188e+01
2.394416779279708862e-01
-6.875593566894531250e+01
3.111018371582031250e+02
2.931601867675781250e+02
-8.955561828613281250e+01
-1.892442131042480469e+01
4.714717864990234375e+00
1.267456130981445312e+02
3.829500427246093750e+02
4.375201110839843750e+02
-4.508107376098632812e+01
2.163220405578613281e+00
-3.175530815124511719e+01
1.522737216949462891e+01
-8.391572570800781250e+01
6.735221557617187500e+02
-1.919484329223632812e+01
-1.186111354827880859e+01
-2.957736968994140625e+01
-2.372828979492187500e+02
-7.558285522460937500e+02
6.218969116210937500e+02
1.357729339599609375e+01
-1.798626899719238281e+01
-2.386827468872070312e+01
-1.403441162109375000e+02
-3.575802917480468750e+02
4.292610473632812500e+02
9.532278060913085938e+00
-1.319947624206542969e+01
-7.573832511901855469e+00
4.384828948974609375e+01
-8.837595939636230469e+00
1.303252100944519043e+00
4.416010379791259766e+00
1.227782964706420898e+00
-1.259263277053833008e+00
3.347899627685546875e+01
-2.444505615234375000e+02
5.158047199249267578e+00
2.036516189575195312e+01
7.513218522071838379e-01
1.224828529357910156e+01
-2.168910522460937500e+02
-3.252291870117187500e+02
2.482240867614746094e+01
4.207865524291992188e+01
9.466516971588134766e-01
1.072686290740966797e+01
-1.979522857666015625e+02
-3.444834899902343750e+02
1.933357810974121094e+01
1.392678985595703125e+02
-2.768614768981933594e+00
9.054485321044921875e+00
-1.883607788085937500e+02
-1.655214080810546875e+02
-1.453575706481933594e+01
1.948243713378906250e+02
-4.125766754150390625e+00
3.250664710998535156e+00
-2.145945281982421875e+02
-2.416353988647460938e+01
-1.001981639862060547e+01
1.238073425292968750e+02
-7.630834579467773438e+00
1.006873226165771484e+01
-1.925651855468750000e+02
1.255137329101562500e+02
2.645565986633300781e+01
6.452871799468994141e+00
-7.834410667419433594e+00
5.908365726470947266e+00
-1.499266662597656250e+02
2.405090637207031250e+02
7.376875305175781250e+01
-1.282191009521484375e+02
-9.704251289367675781e+00
2.040445089340209961e+00
-1.321248626708984375e+02
3.395408935546875000e+02
1.168698806762695312e+02
-1.793830566406250000e+02
-1.574260616302490234e+01
8.432430267333984375e+00
-6.519293212890625000e+01
2.967310180664062500e+02
1.867243957519531250e+02
-1.414419555664062500e+02
-1.043595695495605469e+01
2.392767190933227539e+00
2.493069152832031250e+02
1.097134628295898438e+02
2.988721313476562500e+02
-6.186697387695312500e+01
-2.316470861434936523e+00
-1.444633483886718750e+01
1.435843048095703125e+02
-2.583016357421875000e+02
4.403597717285156250e+02
-2.634571456909179688e+01
-4.239038944244384766e+00
-1.751833915710449219e+01
-4.921219177246093750e+02
-8.654204101562500000e+02
2.689153442382812500e+02
-9.902737617492675781e+00
-2.568556070327758789e+00
-5.178121089935302734e+00
-4.135975646972656250e+02
-4.316741638183593750e+02
3.604495544433593750e+02
-2.606749057769775391e+00
-8.831388473510742188e+00
-3.072566747665405273e+00
-2.775103759765625000e+02
8.566016387939453125e+01
9.651828002929687500e+01
-1.280889225006103516e+01
-9.291085243225097656e+00
2.738752841949462891e+00
3.549146652221679688e+01
-5.405567932128906250e+01
-5.707927227020263672e+00
-1.752214789390563965e+00
1.195024847984313965e+00
5.766845345497131348e-01
6.499936580657958984e+00
-3.078655395507812500e+02
3.681576919555664062e+01
3.590867996215820312e+01
-2.010393142700195312e+00
-5.985904216766357422e+00
-2.365659790039062500e+02
-2.588749084472656250e+02
4.759318542480468750e+01
1.150886154174804688e+02
-1.728062510490417480e+00
-8.865994453430175781e+00
-2.599678955078125000e+02
-2.911498718261718750e+02
3.654639434814453125e+01
2.740821838378906250e+02
-3.613033056259155273e+00
-1.103182601928710938e+01
-2.676077880859375000e+02
-2.237740173339843750e+02
1.406207942962646484e+01
1.878182373046875000e+02
-7.241935253143310547e+00
-6.726887226104736328e+00
-2.848426818847656250e+02
-3.918627166748046875e+01
3.931762313842773438e+01
5.274716949462890625e+01
-9.699004173278808594e+00
5.187100768089294434e-01
-2.578706970214843750e+02
1.217169647216796875e+02
6.673146057128906250e+01
-4.377051925659179688e+01
-1.083772850036621094e+01
-4.145560264587402344e+00
-2.005819091796875000e+02
2.458311309814453125e+02
8.269509124755859375e+01
-1.427284851074218750e+02
-1.115291023254394531e+01
-1.951414048671722412e-01
-1.271359939575195312e+02
2.069344940185546875e+02
9.198530578613281250e+01
-2.127381439208984375e+02
-9.666679382324218750e+00
5.652886867523193359e+00
1.271200790405273438e+02
2.578879356384277344e+00
1.297669219970703125e+02
-1.471705474853515625e+02
1.034824967384338379e+00
-5.290122985839843750e+00
-1.522360839843750000e+02
-4.413775939941406250e+02
1.893090820312500000e+02
-5.900588226318359375e+01
1.600052595138549805e+00
-7.818044185638427734e+00
-4.883963623046875000e+02
-8.500649414062500000e+02
1.139127349853515625e+02
-5.258990859985351562e+01
5.505210876464843750e+00
9.333449363708496094e+00
-4.020201416015625000e+02
-5.227016601562500000e+02
1.514456329345703125e+02
-2.190530776977539062e+01
3.359817504882812500e+00
2.141006708145141602e+00
-2.905033874511718750e+02
-1.033504486083984375e+02
7.612992095947265625e+01
-2.827386283874511719e+01
2.924357891082763672e+00
1.035164165496826172e+01
-3.012970275878906250e+02
2.654403381347656250e+02
-9.667886734008789062e+00
-4.617039108276367188e+01
9.202852249145507812e+00
1.756857299804687500e+01
-1.338659515380859375e+02
1.252975845336914062e+02
1.000834345817565918e+00
-2.831585168838500977e+00
2.096376568078994751e-01
2.528649806976318359e+00
-3.263621139526367188e+01
-2.669984741210937500e+02
2.526184272766113281e+01
9.879707336425781250e+01
-4.719811439514160156e+00
-1.111958599090576172e+01
-2.235698547363281250e+02
-2.648561096191406250e+02
5.240909576416015625e+01
2.784647521972656250e+02
-6.752604484558105469e+00
-1.113989162445068359e+01
-2.719150390625000000e+02
-2.679584655761718750e+02
7.573352050781250000e+01
2.559134674072265625e+02
-4.187301635742187500e+00
-1.492725181579589844e+01
-2.955239562988281250e+02
-2.624188537597656250e+02
1.016135406494140625e+02
4.473491287231445312e+01
-9.529099464416503906e+00
8.764246702194213867e-01
-2.883773498535156250e+02
-7.234474182128906250e+01
3.700809097290039062e+01
5.994459915161132812e+01
-8.944643020629882812e+00
1.875886797904968262e+00
-2.490419158935546875e+02
1.812554168701171875e+02
2.518751525878906250e+01
-7.404315471649169922e-01
-9.143983840942382812e+00
9.839686751365661621e-01
-1.591014251708984375e+02
2.049208221435546875e+02
2.579176521301269531e+01
-7.754297637939453125e+01
-6.236158370971679688e+00
6.202608585357666016e+00
-5.997521400451660156e+00
-4.975718307495117188e+01
4.480233001708984375e+01
-1.642902679443359375e+02
5.414181947708129883e-01
2.448392629623413086e+00
-1.271339721679687500e+02
-5.247279052734375000e+02
6.913038635253906250e+01
-1.380218200683593750e+02
7.362645626068115234e+00
-3.101734519004821777e-01
-5.190754394531250000e+02
-8.283562622070312500e+02
1.847757568359375000e+02
1.325139617919921875e+02
1.527840423583984375e+01
9.295713424682617188e+00
-3.621141357421875000e+02
-4.997171325683593750e+02
6.668215179443359375e+01
2.039709091186523438e+01
1.561296939849853516e+01
8.519191741943359375e+00
-2.474794769287109375e+02
-2.061597442626953125e+02
7.285025787353515625e+01
1.510962724685668945e+00
1.289397430419921875e+01
1.360683441162109375e+01
-2.662220153808593750e+02
1.574320526123046875e+02
2.519945335388183594e+01
-3.054420089721679688e+01
7.150379180908203125e+00
2.057378768920898438e+01
-2.473493347167968750e+02
2.720555419921875000e+02
-2.989580392837524414e+00
-4.687547683715820312e+01
7.282909154891967773e-01
1.651549530029296875e+01
1.808759002685546875e+02
-1.835829315185546875e+02
2.467669248580932617e+00
1.350454998016357422e+01
-1.228797626495361328e+01
8.702486991882324219e+00
8.029688835144042969e+00
-2.214721374511718750e+02
1.063053054809570312e+02
1.930193786621093750e+02
-5.124547481536865234e+00
-1.216670131683349609e+01
-2.473788299560546875e+02
-2.286847381591796875e+02
2.771062316894531250e+02
2.728717651367187500e+02
-4.957419395446777344e+00
-4.437909603118896484e+00
-2.436215972900390625e+02
-2.993828430175781250e+02
6.864011383056640625e+01
3.053864746093750000e+02
-4.914965152740478516e+00
-1.007128429412841797e+01
-2.479907836914062500e+02
-2.291719818115234375e+02
1.541649246215820312e+01
2.315273437500000000e+02
-7.222906112670898438e+00
-3.656829118728637695e+00
-2.234165954589843750e+02
2.255401229858398438e+01
-1.358629512786865234e+01
1.543513031005859375e+02
-9.614961624145507812e+00
8.138891220092773438e+00
-1.401785278320312500e+02
1.802670440673828125e+02
-2.143350028991699219e+01
6.731776428222656250e+01
-5.716857910156250000e+00
4.817666530609130859e+00
1.198535842895507812e+02
-7.987715148925781250e+01
-3.547568082809448242e+00
1.991661262512207031e+01
-6.528319716453552246e-01
2.332665920257568359e+00
-2.879266929626464844e+01
-4.671625061035156250e+02
1.931719970703125000e+02
4.980229854583740234e+00
1.121466445922851562e+01
3.867460250854492188e+00
-4.601587829589843750e+02
-1.001564392089843750e+03
4.412904357910156250e+01
1.155805206298828125e+02
1.861252593994140625e+01
1.041076660156250000e+01
-3.941112060546875000e+02
-5.415427856445312500e+02
5.211206436157226562e+01
6.442591094970703125e+01
2.376061630249023438e+01
9.675904273986816406e+00
-2.984856567382812500e+02
-3.729906311035156250e+02
2.705175971984863281e+01
1.082197189331054688e+00
1.808379936218261719e+01
1.743128967285156250e+01
-2.880776367187500000e+02
-3.818504714965820312e+01
1.843834877014160156e+01
-2.038278770446777344e+01
1.496882057189941406e+01
2.263588142395019531e+01
-2.936890258789062500e+02
2.337936248779296875e+02
8.931606292724609375e+00
-5.232427978515625000e+01
9.063817024230957031e+00
2.180798149108886719e+01
-2.539532775878906250e+02
2.947149963378906250e+02
-2.375728797912597656e+01
-7.555866241455078125e+01
-5.147077560424804688e+00
2.483210945129394531e+01
-7.488636493682861328e+00
-7.468522071838378906e+00
-6.251145362854003906e+00
-5.999683380126953125e+00
2.800997972488403320e+00
2.684333562850952148e+00
1.251528644561767578e+01
-2.588864135742187500e+02
1.043435134887695312e+02
1.817253417968750000e+02
-2.539456129074096680e+00
-1.427023696899414062e+01
-2.227677917480468750e+02
-2.515257568359375000e+02
4.742224884033203125e+01
2.392521514892578125e+02
-8.379081726074218750e+00
-1.146228218078613281e+01
-2.745161132812500000e+02
-2.914709777832031250e+02
3.956145095825195312e+01
2.508416442871093750e+02
-3.906150579452514648e+00
-8.517220497131347656e+00
-2.666244812011718750e+02
-1.527862396240234375e+02
-7.428856849670410156e+00
1.919792633056640625e+02
-3.697061777114868164e+00
-7.537789940834045410e-01
-2.443368072509765625e+02
8.343508911132812500e+01
-6.723179626464843750e+01
1.698766326904296875e+02
-2.016506910324096680e+00
6.680308341979980469e+00
-8.329586029052734375e+01
-3.599025726318359375e+01
-4.636332702636718750e+01
1.847924346923828125e+02
-6.139703392982482910e-01
2.908478975296020508e+00
-2.554670410156250000e+02
-5.340261230468750000e+02
-7.879904937744140625e+01
-8.809538841247558594e+00
7.249944210052490234e+00
5.606872081756591797e+00
-4.546916198730468750e+02
-1.053816040039062500e+03
-3.021828460693359375e+01
2.367975921630859375e+02
2.179715156555175781e+01
1.191486263275146484e+01
-4.110307922363281250e+02
-5.474774169921875000e+02
-1.419044303894042969e+01
1.591274719238281250e+02
2.392680358886718750e+01
1.278833007812500000e+01
-2.985563354492187500e+02
-3.157249755859375000e+02
-1.562864780426025391e+01
7.129340362548828125e+01
1.939505577087402344e+01
2.629096031188964844e+01
-2.835460205078125000e+02
-1.344200439453125000e+02
-2.254359626770019531e+01
1.397552490234375000e+01
1.849512481689453125e+01
3.522018814086914062e+01
-2.786527404785156250e+02
1.011067352294921875e+02
-1.413583660125732422e+01
-2.627021789550781250e+01
1.502527904510498047e+01
2.291918754577636719e+01
-2.691791687011718750e+02
2.484070434570312500e+02
-3.844135665893554688e+01
-1.557424783706665039e+00
4.733756065368652344e+00
2.093165779113769531e+01
-2.556423034667968750e+02
2.715744628906250000e+02
-2.357204818725585938e+01
-9.077852630615234375e+01
-2.343231678009033203e+00
2.854452896118164062e+01
-5.691213989257812500e+01
4.918664932250976562e+01
-7.017267346382141113e-01
-5.974712371826171875e+00
1.918439269065856934e+00
1.714552044868469238e+00
-1.590840625762939453e+01
-3.013880004882812500e+02
2.779973030090332031e+01
8.983416748046875000e+01
1.084732770919799805e+00
-1.294119262695312500e+01
-2.523321380615234375e+02
-2.838991394042968750e+02
5.039625549316406250e+01
1.167339401245117188e+02
1.433706283569335938e+00
-1.016517066955566406e+01
-2.434612121582031250e+02
-2.532551269531250000e+02
2.614563179016113281e+01
1.314272460937500000e+02
-4.791407585144042969e-01
3.671743392944335938e+00
-2.033886566162109375e+02
-6.234593963623046875e+01
-9.244133758544921875e+01
1.357796478271484375e+02
-3.730892419815063477e+00
1.344353675842285156e+01
-1.229580688476562500e+02
-1.033955078125000000e+02
-1.082591781616210938e+02
1.470275878906250000e+02
-3.828934907913208008e+00
1.122997379302978516e+01
-1.670771484375000000e+02
-5.090208435058593750e+02
-6.652489471435546875e+01
1.990309753417968750e+02
1.395141029357910156e+01
1.003046035766601562e+01
-6.146595458984375000e+02
-1.228350219726562500e+03
-1.071719894409179688e+02
1.125773544311523438e+02
3.576419448852539062e+01
2.215216636657714844e+01
-4.394590759277343750e+02
-5.917247924804687500e+02
-8.717047119140625000e+01
1.611337432861328125e+02
3.044791221618652344e+01
1.773645973205566406e+01
-3.598414001464843750e+02
-3.160408630371093750e+02
-6.933771514892578125e+01
1.800429382324218750e+02
2.661972427368164062e+01
2.855806732177734375e+01
-3.207810668945312500e+02
-1.894374237060546875e+02
-5.532654953002929688e+01
1.472992858886718750e+02
1.988371276855468750e+01
3.360281753540039062e+01
-2.835157470703125000e+02
-8.236642456054687500e+01
-4.495624923706054688e+01
4.915630722045898438e+01
1.479759979248046875e+01
3.102798843383789062e+01
-2.660715332031250000e+02
9.602980041503906250e+01
-1.571364593505859375e+01
-1.880558395385742188e+01
1.153322315216064453e+01
2.305675315856933594e+01
-2.722107238769531250e+02
2.477200775146484375e+02
1.238803291320800781e+01
-5.587584686279296875e+01
5.639050006866455078e+00
2.298032569885253906e+01
-2.734337768554687500e+02
2.651318664550781250e+02
-2.808044195175170898e+00
-5.998034286499023438e+01
3.777331590652465820e+00
2.025628280639648438e+01
1.912295532226562500e+02
-2.041949310302734375e+02
1.086372256278991699e+00
-1.248888254165649414e+00
-7.479020953178405762e-01
2.442681312561035156e+00
2.014113044738769531e+01
-2.752463989257812500e+02
2.998810577392578125e+01
3.838835144042968750e+01
-3.490736484527587891e+00
-4.630789756774902344e+00
-2.413352355957031250e+02
-3.252892456054687500e+02
3.529176712036132812e+01
4.166960144042968750e+01
8.476639389991760254e-01
7.392180442810058594e+00
-1.957075042724609375e+02
-2.553217315673828125e+02
-1.135742187500000000e+02
5.923361587524414062e+01
-5.962892055511474609e+00
1.658430862426757812e+01
-9.153321838378906250e+01
-2.394561004638671875e+02
-2.449989318847656250e+02
6.593003082275390625e+01
1.292497873306274414e+00
1.842264556884765625e+01
-4.070291137695312500e+02
-6.674218139648437500e+02
-1.639994201660156250e+02
6.909992980957031250e+01
1.869218444824218750e+01
2.149766540527343750e+01
-9.184509887695312500e+02
-2.214250976562500000e+03
-2.944709167480468750e+02
6.824533843994140625e+01
4.489427185058593750e+01
3.235204696655273438e+01
-7.584031982421875000e+02
-6.394028320312500000e+02
-2.459031066894531250e+02
6.961676788330078125e+01
4.237100982666015625e+01
2.798481941223144531e+01
-5.529114379882812500e+02
-2.964519348144531250e+02
-2.134259490966796875e+02
1.140979232788085938e+02
3.635675430297851562e+01
3.346895599365234375e+01
-4.403601379394531250e+02
-2.142775421142578125e+02
-1.229332656860351562e+02
1.699330596923828125e+02
3.422836685180664062e+01
3.633186340332031250e+01
-3.572368164062500000e+02
-1.611419372558593750e+02
-5.365682220458984375e+01
1.424087219238281250e+02
2.118871498107910156e+01
3.132822608947753906e+01
-2.893702087402343750e+02
-5.569416046142578125e+01
-2.506712532043457031e+01
2.755611038208007812e+01
1.437423706054687500e+01
3.018646240234375000e+01
-2.958146057128906250e+02
-7.979396820068359375e+00
2.024878501892089844e+01
-1.795755386352539062e+01
1.351579952239990234e+01
2.125459289550781250e+01
-3.308032836914062500e+02
1.710297241210937500e+02
2.855888557434082031e+01
-3.992892456054687500e+01
7.795022487640380859e+00
1.892677307128906250e+01
-3.304113464355468750e+02
3.253886413574218750e+02
3.094188451766967773e+00
-4.908225250244140625e+01
8.690550804138183594e+00
1.181210994720458984e+01
6.562496948242187500e+01
-9.719998931884765625e+01
1.887676048278808594e+01
4.391767024993896484e+00
-1.536622881889343262e+00
-2.868919610977172852e+00
5.022773742675781250e+01
-3.577917785644531250e+02
6.706929016113281250e+01
1.740861701965332031e+01
-4.332910060882568359e+00
3.173833370208740234e+00
-2.670838623046875000e+02
-4.953779296875000000e+02
-1.384270172119140625e+02
2.684753036499023438e+01
-7.651719570159912109e+00
3.154724693298339844e+01
-3.849093627929687500e+02
-6.027686767578125000e+02
-4.097340698242187500e+02
4.329563522338867188e+01
-1.964920878410339355e+00
2.915473747253417969e+01
-1.350720947265625000e+03
-1.136405639648437500e+03
-4.104765625000000000e+02
5.518595504760742188e+01
2.742864608764648438e+01
2.697099494934082031e+01
-1.659805786132812500e+03
-3.451693115234375000e+03
-7.728366699218750000e+02
6.727930450439453125e+01
6.038075256347656250e+01
5.034569168090820312e+01
-1.811594360351562500e+03
-7.903245849609375000e+02
-6.267335815429687500e+02
5.914265441894531250e+01
5.223802566528320312e+01
4.487545394897460938e+01
-9.738875122070312500e+02
-2.868753051757812500e+02
-5.608765869140625000e+02
8.074750518798828125e+01
3.509787750244140625e+01
4.783992767333984375e+01
-5.459416503906250000e+02
-2.879748229980468750e+02
-2.314135589599609375e+02
1.191407241821289062e+02
3.995383453369140625e+01
3.961464309692382812e+01
-3.815756835937500000e+02
-3.113479614257812500e+02
-7.139865112304687500e+01
1.738452148437500000e+02
3.023551940917968750e+01
2.823316764831542969e+01
-3.386197204589843750e+02
-3.525420227050781250e+02
-1.075431346893310547e+01
6.575935363769531250e+01
1.880639839172363281e+01
2.821369552612304688e+01
-3.057259216308593750e+02
-3.028888244628906250e+02
2.404405212402343750e+01
3.512567520141601562e+01
2.022064399719238281e+01
2.136473655700683594e+01
-3.099953308105468750e+02
-2.265433654785156250e+02
7.871712493896484375e+01
-1.808885383605957031e+01
1.626489448547363281e+01
1.627443695068359375e+01
-3.659675903320312500e+02
-1.196779632568359375e+02
9.027078247070312500e+01
-2.989391708374023438e+01
4.525860309600830078e+00
1.617209815979003906e+01
-3.257379760742187500e+02
9.914522552490234375e+01
7.922563171386718750e+01
-6.259912014007568359e+00
-8.459637641906738281e+00
6.014667510986328125e+00
-4.225685119628906250e+01
-2.037249755859375000e+01
1.799388694763183594e+01
-4.554458856582641602e-01
2.567005157470703125e-01
2.509102821350097656e+00
-1.033685913085937500e+02
-5.332467651367187500e+02
-3.618985290527343750e+02
5.986559867858886719e+00
7.337186336517333984e-01
2.348127365112304688e+01
-3.209469604492187500e+02
-9.502490844726562500e+02
-6.568242187500000000e+02
2.460612869262695312e+01
4.677124977111816406e+00
3.943551635742187500e+01
-2.739853759765625000e+03
-1.461934082031250000e+03
-6.952736206054687500e+02
6.192543411254882812e+01
3.571004867553710938e+01
3.245973205566406250e+01
-3.706608886718750000e+03
-4.930974609375000000e+03
-2.095415771484375000e+03
6.167253494262695312e+01
5.701146697998046875e+01
4.067167663574218750e+01
-3.142860107421875000e+03
-1.435766845703125000e+03
-1.218626098632812500e+03
5.780391311645507812e+01
5.756339263916015625e+01
4.724756622314453125e+01
-1.533150268554687500e+03
-7.846731567382812500e+02
-6.074570922851562500e+02
5.637225723266601562e+01
4.924425506591796875e+01
3.946388626098632812e+01
-8.028861083984375000e+02
-6.193343505859375000e+02
-2.599039001464843750e+02
6.837876129150390625e+01
4.143243408203125000e+01
2.642180061340332031e+01
-5.511697387695312500e+02
-5.938157958984375000e+02
-8.767330932617187500e+01
1.545461120605468750e+02
3.105513572692871094e+01
1.365641307830810547e+01
-4.373320617675781250e+02
-5.575030517578125000e+02
-2.129853057861328125e+01
1.662699279785156250e+02
1.903005409240722656e+01
9.744835853576660156e+00
-4.234488525390625000e+02
-5.371788940429687500e+02
4.611904144287109375e+01
8.989056396484375000e+01
2.434870719909667969e+01
8.000021934509277344e+00
-4.642340087890625000e+02
-5.175289306640625000e+02
6.877231597900390625e+01
2.350607109069824219e+01
1.830835723876953125e+01
6.341246128082275391e+00
-4.768345031738281250e+02
-4.525998229980468750e+02
1.625512237548828125e+02
-1.672924232482910156e+01
3.915454387664794922e+00
-5.740738660097122192e-02
-4.663568420410156250e+02
-4.105969543457031250e+02
3.319284667968750000e+02
1.474765181541442871e+00
-9.660902023315429688e+00
-4.206616878509521484e+00
-4.280563659667968750e+02
-3.608807373046875000e+02
3.876268005371093750e+02
5.568508625030517578e+00
-1.285037231445312500e+01
-8.312914848327636719e+00
-3.039826354980468750e+02
-4.195881843566894531e+00
3.364523315429687500e+01
-8.732636570930480957e-01
-1.487836122512817383e+00
9.815220236778259277e-01
3.952273864746093750e+02
-1.224287719726562500e+03
-1.182152465820312500e+03
6.560674190521240234e+00
1.313595199584960938e+01
2.163847541809082031e+01
-5.065033691406250000e+03
-3.359296142578125000e+03
-2.530561523437500000e+03
3.187452888488769531e+01
4.369663238525390625e+01
2.527857398986816406e+01
-7.889725097656250000e+03
-5.921264648437500000e+03
-1.487254394531250000e+04
4.688224029541015625e+01
4.590983963012695312e+01
3.031600189208984375e+01
-3.899036132812500000e+03
-3.802707275390625000e+03
-2.198772705078125000e+03
6.115987777709960938e+01
5.766342926025390625e+01
4.285919952392578125e+01
-1.195355102539062500e+03
-3.043844238281250000e+03
-7.197687988281250000e+02
6.349016952514648438e+01
5.087834930419921875e+01
4.242353439331054688e+01
-7.122062988281250000e+02
-2.024065307617187500e+03
-3.284381713867187500e+02
7.195666503906250000e+01
3.887561798095703125e+01
3.331788253784179688e+01
-4.283613281250000000e+02
-1.323613159179687500e+03
-1.139532318115234375e+02
1.022852020263671875e+02
2.988413429260253906e+01
2.119363594055175781e+01
-2.760264892578125000e+02
-1.043464477539062500e+03
-3.585783386230468750e+01
2.129641265869140625e+02
1.618278503417968750e+01
8.883029937744140625e+00
-3.207365722656250000e+02
-1.034659912109375000e+03
2.568734741210937500e+01
1.984663085937500000e+02
1.661986923217773438e+01
9.723254203796386719e+00
-3.683197021484375000e+02
-1.003467956542968750e+03
1.938805847167968750e+02
8.322608947753906250e+01
1.177647495269775391e+01
8.216594696044921875e+00
-3.274531555175781250e+02
-9.129835815429687500e+02
1.195076370239257812e+02
-4.112674713134765625e+01
1.122735142707824707e+00
7.666266918182373047e+00
-2.808423461914062500e+02
-9.697645263671875000e+02
2.421623992919921875e+02
-6.906518459320068359e+00
-8.231196403503417969e+00
-5.428446292877197266e+00
-1.305470123291015625e+02
-1.055408325195312500e+03
4.264112243652343750e+02
6.839425086975097656e+00
-2.031275177001953125e+01
-2.399466133117675781e+01
6.612111816406250000e+02
-1.052969116210937500e+03
4.756207275390625000e+02
5.724213600158691406e+00
-9.617870330810546875e+00
-1.675718498229980469e+01
1.186989501953125000e+03
1.005859298706054688e+02
-2.751558227539062500e+02
-9.679262638092041016e-01
-4.790267646312713623e-01
-5.766940593719482422e+00
-2.558952636718750000e+03
-2.524804443359375000e+03
-5.902477050781250000e+03
1.086640262603759766e+01
1.700237464904785156e+01
1.792265701293945312e+01
