# (10368,)
0.000000000000000000e+00
0.000000000000000000e+00
0.000000000000000000e+00
-3.253061015007219225e-11
-3.104588808255925869e-11
-3.136700968409122936e-11
-5.107046386718750000e+03
-2.780882324218750000e+03
-3.090152832031250000e+03
2.244505310058593750e+01
5.416025638580322266e+00
-1.152403068542480469e+01
-2.200096923828125000e+03
-1.060016357421875000e+03
-6.324922485351562500e+02
3.015705680847167969e+01
3.958178043365478516e+00
4.374988937377929688e+01
-9.060958862304687500e+02
-3.852842102050781250e+02
-4.290379028320312500e+02
2.421369552612304688e+01
2.583189308643341064e-02
6.850402832031250000e+01
-2.416332244873046875e+02
-1.190620651245117188e+02
-9.124127960205078125e+01
1.403689384460449219e+01
-2.742236614227294922e+00
9.546160125732421875e+01
-6.221723556518554688e+01
-3.562595367431640625e+01
-1.260804977416992188e+02
2.007605895996093750e+02
-1.731352329254150391e+00
-3.812276601791381836e+00
-3.074085083709654498e-11
-3.499592629574443947e-11
-2.826480716144885719e-11
-2.505134641395123651e-11
-2.801675037800155366e-11
-3.266207443397561860e-11
6.221723556518554688e+01
3.562595367431640625e+01
1.260804977416992188e+02
-2.007605895996093750e+02
1.731352329254150391e+00
3.812276601791381836e+00
2.416332244873046875e+02
1.190620651245117188e+02
9.124127960205078125e+01
-1.403689384460449219e+01
2.742236614227294922e+00
-9.546160125732421875e+01
9.060958862304687500e+02
3.852842102050781250e+02
4.290379028320312500e+02
-2.421369552612304688e+01
-2.583189308643341064e-02
-6.850402832031250000e+01
2.200096923828125000e+03
1.060016357421875000e+03
6.324922485351562500e+02
-3.015705680847167969e+01
-3.958178043365478516e+00
-4.374988937377929688e+01
5.107046386718750000e+03
2.780882324218750000e+03
3.090152832031250000e+03
-2.244505310058593750e+01
-5.416025638580322266e+00
1.152403068542480469e+01
2.679937255859375000e+03
4.108834960937500000e+03
3.091374755859375000e+03
-1.723206138610839844e+01
-8.990421295166015625e+00
1.252050495147705078e+01
3.479229354858398438e+01
-3.649711227416992188e+01
5.877333164215087891e+00
-1.507622003555297852e+00
6.622244715690612793e-01
-1.258920192718505859e+00
-1.205399093627929688e+02
-2.181185607910156250e+02
-7.335631713867187500e+02
8.831232070922851562e+00
-2.809381783008575439e-01
3.052716064453125000e+01
-1.227909774780273438e+02
-1.340382385253906250e+02
-4.966863403320312500e+02
9.615389823913574219e+00
-5.384154319763183594e+00
4.965441131591796875e+01
1.348896121978759766e+01
1.562695922851562500e+02
-1.379916076660156250e+02
1.234988021850585938e+01
-1.148278808593750000e+01
4.101851272583007812e+01
7.188792419433593750e+01
3.119432983398437500e+02
-6.786487579345703125e+01
5.475160598754882812e+01
-1.129831218719482422e+01
1.591324043273925781e+01
1.140462417602539062e+02
3.277830810546875000e+02
-1.278844833374023438e+02
1.115994811058044434e+00
-1.171656513214111328e+01
9.918815493583679199e-01
1.643129272460937500e+02
3.194819946289062500e+02
6.517349243164062500e+01
-6.521154022216796875e+01
-9.857128143310546875e+00
-8.554758429527282715e-01
3.219548645019531250e+02
3.562958984375000000e+02
5.479604721069335938e+01
-1.056102905273437500e+02
-1.121304321289062500e+01
-1.238651180267333984e+01
9.627360839843750000e+02
5.183186035156250000e+02
1.855946350097656250e+02
-5.626033401489257812e+01
-1.317986679077148438e+01
-4.206709289550781250e+01
2.775098632812500000e+03
7.752328491210937500e+02
6.974674072265625000e+02
-4.502900695800781250e+01
-1.754092025756835938e+01
-5.612248229980468750e+01
4.305190917968750000e+03
1.753086914062500000e+03
1.708644287109375000e+03
-3.724026489257812500e+01
-1.685023498535156250e+01
-1.716369056701660156e+01
1.412937622070312500e+03
1.691657470703125000e+03
6.121463012695312500e+02
-2.110757064819335938e+01
-1.042543697357177734e+01
-4.227921295166015625e+01
1.311651153564453125e+02
2.034657897949218750e+02
7.065761108398437500e+02
3.983964677900075912e-03
-5.925573825836181641e+00
-3.065728759765625000e+01
-4.191371917724609375e+00
-7.975006848573684692e-02
-3.699166297912597656e+00
3.032290041446685791e-01
-8.257462978363037109e-01
-1.199733614921569824e+00
1.180390644073486328e+01
-1.469753875732421875e+02
-3.137796325683593750e+02
8.206875801086425781e+00
-6.230221271514892578e+00
3.011592483520507812e+01
4.255366516113281250e+01
-8.620018005371093750e+01
-1.036885910034179688e+02
2.100391387939453125e+01
-1.350566673278808594e+01
2.365703582763671875e+01
7.661424255371093750e+01
1.032074279785156250e+02
-4.628202438354492188e+01
5.092390441894531250e+01
-1.519026756286621094e+01
1.091739177703857422e+01
9.798423004150390625e+01
2.612714233398437500e+02
-4.347200012207031250e+01
-1.312800884246826172e+01
-1.636752319335937500e+01
-3.931722342967987061e-01
1.488065490722656250e+02
3.060692749023437500e+02
1.132600593566894531e+01
-5.329881668090820312e+01
-2.008471107482910156e+01
-1.242942714691162109e+01
2.935124816894531250e+02
2.896707763671875000e+02
3.700470733642578125e+01
-1.693996276855468750e+02
-2.225347137451171875e+01
-2.191130638122558594e+01
6.958706054687500000e+02
3.094552307128906250e+02
1.316675262451171875e+02
-9.360636901855468750e+01
-2.032200813293457031e+01
-2.395819664001464844e+01
1.996737426757812500e+03
3.599591369628906250e+02
4.675251159667968750e+02
-6.040028762817382812e+01
-1.958255004882812500e+01
-5.657850265502929688e+01
2.764115478515625000e+03
7.791505737304687500e+02
6.989093017578125000e+02
-4.508524703979492188e+01
-1.711612129211425781e+01
-5.884443664550781250e+01
5.181720581054687500e+02
7.759465942382812500e+02
4.357633972167968750e+02
-1.622690773010253906e+01
-6.651223182678222656e+00
-7.100421905517578125e+01
1.035968246459960938e+02
1.680002288818359375e+02
5.069203491210937500e+02
-7.461408138275146484e+00
2.067249298095703125e+00
-5.228059387207031250e+01
-9.606478691101074219e+00
1.512397613525390625e+02
3.199865722656250000e+02
-8.698054313659667969e+00
3.491873502731323242e+00
-2.960445213317871094e+01
-1.854296922683715820e+00
-1.005372405052185059e+00
-4.400286078453063965e-01
3.144299089908599854e-01
-9.188335388898849487e-02
1.289599657058715820e+00
2.289288902282714844e+01
-1.861627044677734375e+02
-5.803870677947998047e+00
1.752912330627441406e+01
-9.948075294494628906e+00
1.105167484283447266e+01
3.630626296997070312e+01
-2.176209259033203125e+02
-1.412666988372802734e+01
5.538069152832031250e+01
-1.644840621948242188e+01
5.268399715423583984e+00
5.121627426147460938e+01
-9.182933807373046875e+01
-1.783445358276367188e+01
1.148819198608398438e+02
-1.716559028625488281e+01
-6.797028541564941406e+00
7.026726531982421875e+01
6.522387695312500000e+01
5.238881587982177734e+00
4.934844970703125000e+01
-2.134240531921386719e+01
-1.490793895721435547e+01
1.311864624023437500e+02
1.676299896240234375e+02
3.393381500244140625e+01
-1.751668853759765625e+02
-2.599361228942871094e+01
-3.146492576599121094e+01
3.089707946777343750e+02
2.062918090820312500e+02
7.996233367919921875e+01
-1.641351318359375000e+02
-2.419443893432617188e+01
-3.785922241210937500e+01
6.973612670898437500e+02
3.079137573242187500e+02
1.354410400390625000e+02
-9.255623626708984375e+01
-2.024629211425781250e+01
-2.474432182312011719e+01
9.747442016601562500e+02
5.241127929687500000e+02
1.886383666992187500e+02
-5.553985595703125000e+01
-1.241023159027099609e+01
-4.147227859497070312e+01
1.303418121337890625e+02
2.182724609375000000e+02
9.320487213134765625e+01
-7.702970027923583984e+00
-8.368935585021972656e-01
-9.987528228759765625e+01
-1.641472244262695312e+01
-1.514772033691406250e+02
1.425055847167968750e+02
-9.257136344909667969e+00
8.933113098144531250e+00
-4.106460952758789062e+01
-4.715787506103515625e+01
8.426618957519531250e+01
1.021362304687500000e+02
-2.014335060119628906e+01
1.357156085968017578e+01
-2.363929557800292969e+01
-2.703029251098632812e+01
1.859079895019531250e+02
8.849312782287597656e+00
-1.678758811950683594e+01
9.952639579772949219e+00
-1.118801403045654297e+01
-6.014685034751892090e-01
1.999221444129943848e-01
-7.696325778961181641e-01
-3.798316717147827148e-01
2.123995721340179443e-01
-9.245457649230957031e-01
1.351074123382568359e+01
-2.100855712890625000e+02
1.286553096771240234e+01
4.251486206054687500e+01
-2.721848487854003906e+00
-3.262418270111083984e+00
1.529977798461914062e+01
-2.881210327148437500e+02
1.148695373535156250e+01
1.665581970214843750e+02
-5.735177993774414062e+00
-1.269591236114501953e+01
2.199806785583496094e+01
-2.112092285156250000e+02
2.759659004211425781e+01
1.823576049804687500e+02
-1.475730228424072266e+01
-1.405982303619384766e+01
5.380917739868164062e+01
-3.678761672973632812e+01
4.638445663452148438e+01
-1.114448261260986328e+01
-2.171471023559570312e+01
-1.833057212829589844e+01
1.318941192626953125e+02
1.674719085693359375e+02
3.430146789550781250e+01
-1.716766815185546875e+02
-2.597171401977539062e+01
-3.209466171264648438e+01
2.942376403808593750e+02
2.917448730468750000e+02
3.727877044677734375e+01
-1.678956756591796875e+02
-2.104804611206054688e+01
-2.335604667663574219e+01
3.297612915039062500e+02
3.567058105468750000e+02
5.421397018432617188e+01
-1.026145095825195312e+02
-1.035387611389160156e+01
-1.324939250946044922e+01
3.634028244018554688e+01
6.591057586669921875e+01
1.318218231201171875e+02
-2.051236877441406250e+02
2.956270694732666016e+00
4.202456474304199219e+00
-7.164706420898437500e+01
-3.115024108886718750e+02
6.846666717529296875e+01
-5.553598785400390625e+01
1.183961391448974609e+01
-1.622668075561523438e+01
-7.866755676269531250e+01
-1.037727584838867188e+02
4.650696945190429688e+01
-5.248914718627929688e+01
1.582730674743652344e+01
-1.113949680328369141e+01
-3.617190551757812500e+01
2.184613800048828125e+02
1.384541416168212891e+01
-5.825962829589843750e+01
1.716327095031738281e+01
-5.102877140045166016e+00
-1.154710102081298828e+01
2.100542907714843750e+02
-1.316219234466552734e+01
-4.172801589965820312e+01
2.713002204895019531e+00
4.018852233886718750e+00
-4.229871630668640137e-01
-7.806797027587890625e-01
-3.808718919754028320e-01
-1.892341971397399902e-01
1.293964982032775879e+00
9.505154490470886230e-01
1.963951110839843750e+00
-2.094796752929687500e+02
8.418852233886718750e+01
1.573847961425781250e+02
5.491491556167602539e-01
-2.579179763793945312e+01
5.324542045593261719e+00
-3.245991210937500000e+02
1.030019836425781250e+02
2.265558624267578125e+02
-7.473331928253173828e+00
-1.186073017120361328e+01
2.058377838134765625e+01
-2.115191192626953125e+02
2.898082733154296875e+01
1.881577148437500000e+02
-1.380674934387207031e+01
-1.202070140838623047e+01
6.766799926757812500e+01
6.741898345947265625e+01
5.867637634277343750e+00
5.627386474609375000e+01
-1.920183753967285156e+01
-1.631579399108886719e+01
1.486786804199218750e+02
3.038687438964843750e+02
1.095890808105468750e+01
-5.967272567749023438e+01
-2.116362380981445312e+01
-1.464820098876953125e+01
1.674395599365234375e+02
3.210964355468750000e+02
6.891826629638671875e+01
-6.760345458984375000e+01
-9.255055427551269531e+00
-1.158047199249267578e+00
-3.476372315014408798e-11
-3.212878227354387661e-11
-3.276275431507436053e-11
-1.581295337726995598e-11
-3.260666736615291939e-11
-2.960380551808583505e-11
-1.153461303710937500e+02
-3.270309143066406250e+02
1.274245910644531250e+02
-1.615299701690673828e+00
1.262464618682861328e+01
-1.262084603309631348e+00
-9.967686462402343750e+01
-2.589593505859375000e+02
4.347290420532226562e+01
1.451430702209472656e+01
1.638318061828613281e+01
1.005889296531677246e+00
-4.843553543090820312e+01
8.922121429443359375e+01
1.761301040649414062e+01
-1.168039016723632812e+02
1.750522994995117188e+01
6.897274017333984375e+00
-1.228936386108398438e+01
2.878162231445312500e+02
-1.163652324676513672e+01
-1.681373138427734375e+02
5.745902061462402344e+00
1.129706001281738281e+01
-5.900344252586364746e-01
2.088495025634765625e+02
-8.556028747558593750e+01
-1.558137969970703125e+02
-3.616080999374389648e+00
2.248525428771972656e+01
-3.253112362822108139e-11
-3.283547045374035633e-11
5.792647611579937461e-12
-2.812714471056576571e-11
-3.206128418309361905e-11
-2.992884412522656135e-11
5.900344252586364746e-01
-2.088495025634765625e+02
8.556028747558593750e+01
1.558137969970703125e+02
3.616080999374389648e+00
-2.248525428771972656e+01
1.228936386108398438e+01
-2.878162231445312500e+02
1.163652324676513672e+01
1.681373138427734375e+02
-5.745902061462402344e+00
-1.129706001281738281e+01
4.843553543090820312e+01
-8.922121429443359375e+01
-1.761301040649414062e+01
1.168039016723632812e+02
-1.750522994995117188e+01
-6.897274017333984375e+00
9.967686462402343750e+01
2.589593505859375000e+02
-4.347290420532226562e+01
-1.451430702209472656e+01
-1.638318061828613281e+01
-1.005889296531677246e+00
1.153461303710937500e+02
3.270309143066406250e+02
-1.274245910644531250e+02
1.615299701690673828e+00
-1.262464618682861328e+01
1.262084603309631348e+00
-3.634028244018554688e+01
-6.591057586669921875e+01
-1.318218231201171875e+02
2.051236877441406250e+02
-2.956270694732666016e+00
-4.202456474304199219e+00
-1.674395599365234375e+02
-3.210964355468750000e+02
-6.891826629638671875e+01
6.760345458984375000e+01
9.255055427551269531e+00
1.158047199249267578e+00
-1.486786804199218750e+02
-3.038687438964843750e+02
-1.095890808105468750e+01
5.967272567749023438e+01
2.116362380981445312e+01
1.464820098876953125e+01
-6.766799926757812500e+01
-6.741898345947265625e+01
-5.867637634277343750e+00
-5.627386474609375000e+01
1.920183753967285156e+01
1.631579399108886719e+01
-2.058377838134765625e+01
2.115191192626953125e+02
-2.898082733154296875e+01
-1.881577148437500000e+02
1.380674934387207031e+01
1.202070140838623047e+01
-5.324542045593261719e+00
3.245991210937500000e+02
-1.030019836425781250e+02
-2.265558624267578125e+02
7.473331928253173828e+00
1.186073017120361328e+01
-1.963951110839843750e+00
2.094796752929687500e+02
-8.418852233886718750e+01
-1.573847961425781250e+02
-5.491491556167602539e-01
2.579179763793945312e+01
4.229871630668640137e-01
7.806797027587890625e-01
3.808718919754028320e-01
1.892341971397399902e-01
-1.293964982032775879e+00
-9.505154490470886230e-01
1.154710102081298828e+01
-2.100542907714843750e+02
1.316219234466552734e+01
4.172801589965820312e+01
-2.713002204895019531e+00
-4.018852233886718750e+00
3.617190551757812500e+01
-2.184613800048828125e+02
-1.384541416168212891e+01
5.825962829589843750e+01
-1.716327095031738281e+01
5.102877140045166016e+00
7.866755676269531250e+01
1.037727584838867188e+02
-4.650696945190429688e+01
5.248914718627929688e+01
-1.582730674743652344e+01
1.113949680328369141e+01
7.164706420898437500e+01
3.115024108886718750e+02
-6.846666717529296875e+01
5.553598785400390625e+01
-1.183961391448974609e+01
1.622668075561523438e+01
-1.303418121337890625e+02
-2.182724609375000000e+02
-9.320487213134765625e+01
7.702970027923583984e+00
8.368935585021972656e-01
9.987528228759765625e+01
-3.297612915039062500e+02
-3.567058105468750000e+02
-5.421397018432617188e+01
1.026145095825195312e+02
1.035387611389160156e+01
1.324939250946044922e+01
-2.942376403808593750e+02
-2.917448730468750000e+02
-3.727877044677734375e+01
1.678956756591796875e+02
2.104804611206054688e+01
2.335604667663574219e+01
-1.318941192626953125e+02
-1.674719085693359375e+02
-3.430146789550781250e+01
1.716766815185546875e+02
2.597171401977539062e+01
3.209466171264648438e+01
-5.380917739868164062e+01
3.678761672973632812e+01
-4.638445663452148438e+01
1.114448261260986328e+01
2.171471023559570312e+01
1.833057212829589844e+01
-2.199806785583496094e+01
2.112092285156250000e+02
-2.759659004211425781e+01
-1.823576049804687500e+02
1.475730228424072266e+01
1.405982303619384766e+01
-1.529977798461914062e+01
2.881210327148437500e+02
-1.148695373535156250e+01
-1.665581970214843750e+02
5.735177993774414062e+00
1.269591236114501953e+01
-1.351074123382568359e+01
2.100855712890625000e+02
-1.286553096771240234e+01
-4.251486206054687500e+01
2.721848487854003906e+00
3.262418270111083984e+00
6.014685034751892090e-01
-1.999221444129943848e-01
7.696325778961181641e-01
3.798316717147827148e-01
-2.123995721340179443e-01
9.245457649230957031e-01
2.703029251098632812e+01
-1.859079895019531250e+02
-8.849312782287597656e+00
1.678758811950683594e+01
-9.952639579772949219e+00
1.118801403045654297e+01
4.715787506103515625e+01
-8.426618957519531250e+01
-1.021362304687500000e+02
2.014335060119628906e+01
-1.357156085968017578e+01
2.363929557800292969e+01
1.641472244262695312e+01
1.514772033691406250e+02
-1.425055847167968750e+02
9.257136344909667969e+00
-8.933113098144531250e+00
4.106460952758789062e+01
-5.181720581054687500e+02
-7.759465942382812500e+02
-4.357633972167968750e+02
1.622690773010253906e+01
6.651223182678222656e+00
7.100421905517578125e+01
-9.747442016601562500e+02
-5.241127929687500000e+02
-1.886383666992187500e+02
5.553985595703125000e+01
1.241023159027099609e+01
4.147227859497070312e+01
-6.973612670898437500e+02
-3.079137573242187500e+02
-1.354410400390625000e+02
9.255623626708984375e+01
2.024629211425781250e+01
2.474432182312011719e+01
-3.089707946777343750e+02
-2.062918090820312500e+02
-7.996233367919921875e+01
1.641351318359375000e+02
2.419443893432617188e+01
3.785922241210937500e+01
-1.311864624023437500e+02
-1.676299896240234375e+02
-3.393381500244140625e+01
1.751668853759765625e+02
2.599361228942871094e+01
3.146492576599121094e+01
-7.026726531982421875e+01
-6.522387695312500000e+01
-5.238881587982177734e+00
-4.934844970703125000e+01
2.134240531921386719e+01
1.490793895721435547e+01
-5.121627426147460938e+01
9.182933807373046875e+01
1.783445358276367188e+01
-1.148819198608398438e+02
1.716559028625488281e+01
6.797028541564941406e+00
-3.630626296997070312e+01
2.176209259033203125e+02
1.412666988372802734e+01
-5.538069152832031250e+01
1.644840621948242188e+01
-5.268399715423583984e+00
-2.289288902282714844e+01
1.861627044677734375e+02
5.803870677947998047e+00
-1.752912330627441406e+01
9.948075294494628906e+00
-1.105167484283447266e+01
1.854296922683715820e+00
1.005372405052185059e+00
4.400286078453063965e-01
-3.144299089908599854e-01
9.188335388898849487e-02
-1.289599657058715820e+00
9.606478691101074219e+00
-1.512397613525390625e+02
-3.199865722656250000e+02
8.698054313659667969e+00
-3.491873502731323242e+00
2.960445213317871094e+01
-1.035968246459960938e+02
-1.680002288818359375e+02
-5.069203491210937500e+02
7.461408138275146484e+00
-2.067249298095703125e+00
5.228059387207031250e+01
-1.412937622070312500e+03
-1.691657470703125000e+03
-6.121463012695312500e+02
2.110757064819335938e+01
1.042543697357177734e+01
4.227921295166015625e+01
-2.764115478515625000e+03
-7.791505737304687500e+02
-6.989093017578125000e+02
4.508524703979492188e+01
1.711612129211425781e+01
5.884443664550781250e+01
-1.996737426757812500e+03
-3.599591369628906250e+02
-4.675251159667968750e+02
6.040028762817382812e+01
1.958255004882812500e+01
5.657850265502929688e+01
-6.958706054687500000e+02
-3.094552307128906250e+02
-1.316675262451171875e+02
9.360636901855468750e+01
2.032200813293457031e+01
2.395819664001464844e+01
-2.935124816894531250e+02
-2.896707763671875000e+02
-3.700470733642578125e+01
1.693996276855468750e+02
2.225347137451171875e+01
2.191130638122558594e+01
-1.488065490722656250e+02
-3.060692749023437500e+02
-1.132600593566894531e+01
5.329881668090820312e+01
2.008471107482910156e+01
1.242942714691162109e+01
-9.798423004150390625e+01
-2.612714233398437500e+02
4.347200012207031250e+01
1.312800884246826172e+01
1.636752319335937500e+01
3.931722342967987061e-01
-7.661424255371093750e+01
-1.032074279785156250e+02
4.628202438354492188e+01
-5.092390441894531250e+01
1.519026756286621094e+01
-1.091739177703857422e+01
-4.255366516113281250e+01
8.620018005371093750e+01
1.036885910034179688e+02
-2.100391387939453125e+01
1.350566673278808594e+01
-2.365703582763671875e+01
-1.180390644073486328e+01
1.469753875732421875e+02
3.137796325683593750e+02
-8.206875801086425781e+00
6.230221271514892578e+00
-3.011592483520507812e+01
4.191371917724609375e+00
7.975006848573684692e-02
3.699166297912597656e+00
-3.032290041446685791e-01
8.257462978363037109e-01
1.199733614921569824e+00
-1.311651153564453125e+02
-2.034657897949218750e+02
-7.065761108398437500e+02
-3.983964677900075912e-03
5.925573825836181641e+00
3.065728759765625000e+01
-2.679937255859375000e+03
-4.108834960937500000e+03
-3.091374755859375000e+03
1.723206138610839844e+01
8.990421295166015625e+00
-1.252050495147705078e+01
-4.305190917968750000e+03
-1.753086914062500000e+03
-1.708644287109375000e+03
3.724026489257812500e+01
1.685023498535156250e+01
1.716369056701660156e+01
-2.775098632812500000e+03
-7.752328491210937500e+02
-6.974674072265625000e+02
4.502900695800781250e+01
1.754092025756835938e+01
5.612248229980468750e+01
-9.627360839843750000e+02
-5.183186035156250000e+02
-1.855946350097656250e+02
5.626033401489257812e+01
1.317986679077148438e+01
4.206709289550781250e+01
-3.219548645019531250e+02
-3.562958984375000000e+02
-5.479604721069335938e+01
1.056102905273437500e+02
1.121304321289062500e+01
1.238651180267333984e+01
-1.643129272460937500e+02
-3.194819946289062500e+02
-6.517349243164062500e+01
6.521154022216796875e+01
9.857128143310546875e+00
8.554758429527282715e-01
-1.140462417602539062e+02
-3.277830810546875000e+02
1.278844833374023438e+02
-1.115994811058044434e+00
1.171656513214111328e+01
-9.918815493583679199e-01
-7.188792419433593750e+01
-3.119432983398437500e+02
6.786487579345703125e+01
-5.475160598754882812e+01
1.129831218719482422e+01
-1.591324043273925781e+01
-1.348896121978759766e+01
-1.562695922851562500e+02
1.379916076660156250e+02
-1.234988021850585938e+01
1.148278808593750000e+01
-4.101851272583007812e+01
1.227909774780273438e+02
1.340382385253906250e+02
4.966863403320312500e+02
-9.615389823913574219e+00
5.384154319763183594e+00
-4.965441131591796875e+01
1.205399093627929688e+02
2.181185607910156250e+02
7.335631713867187500e+02
-8.831232070922851562e+00
2.809381783008575439e-01
-3.052716064453125000e+01
-3.479229354858398438e+01
3.649711227416992188e+01
-5.877333164215087891e+00
1.507622003555297852e+00
-6.622244715690612793e-01
1.258920192718505859e+00
2.535225585937500000e+03
4.258127441406250000e+03
3.103177001953125000e+03
-1.456465053558349609e+01
-1.167427253723144531e+01
1.289507389068603516e+01
-5.861622333526611328e+00
1.149090671539306641e+01
1.583841896057128906e+01
-1.498253345489501953e+00
5.528305768966674805e-01
-9.188511967658996582e-01
-1.204759292602539062e+02
-2.084995117187500000e+02
-7.371925048828125000e+02
7.134061336517333984e+00
1.158871412277221680e+00
3.082651901245117188e+01
-1.326518554687500000e+02
-1.180444869995117188e+02
-4.988661193847656250e+02
9.296679496765136719e+00
-5.044251441955566406e+00
5.001767730712890625e+01
1.342288208007812500e+01
1.601313323974609375e+02
-1.381520690917968750e+02
1.199885177612304688e+01
-1.137676334381103516e+01
4.116580200195312500e+01
7.043264007568359375e+01
3.123620910644531250e+02
-6.808076477050781250e+01
5.439825057983398438e+01
-1.133367252349853516e+01
1.620709991455078125e+01
1.118682861328125000e+02
3.282733764648437500e+02
-1.276244354248046875e+02
9.681038856506347656e-01
-1.160478210449218750e+01
1.053132772445678711e+00
1.608055267333984375e+02
3.207017211914062500e+02
6.540988159179687500e+01
-6.629187774658203125e+01
-9.751397132873535156e+00
-9.433512091636657715e-01
3.180632324218750000e+02
3.585805053710937500e+02
5.486745071411132812e+01
-1.052527847290039062e+02
-1.114365196228027344e+01
-1.284272575378417969e+01
9.605722045898437500e+02
5.286274414062500000e+02
1.857484436035156250e+02
-5.619871520996093750e+01
-1.321582508087158203e+01
-4.158457183837890625e+01
2.776849609375000000e+03
7.715505981445312500e+02
6.969602050781250000e+02
-4.526152801513671875e+01
-1.758494567871093750e+01
-5.600346374511718750e+01
4.241990234375000000e+03
1.752631225585937500e+03
1.710244506835937500e+03
-3.730189895629882812e+01
-1.685075759887695312e+01
-1.677569770812988281e+01
3.634612060546875000e+03
3.608445556640625000e+03
1.004823632812500000e+04
-4.137582015991210938e+01
-4.338177490234375000e+01
2.853023719787597656e+01
4.658955078125000000e+03
2.763090576171875000e+03
3.203803466796875000e+03
-7.161966323852539062e+00
-2.191992187500000000e+01
9.483954429626464844e+00
-2.847219467163085938e+01
-1.593315124511718750e+00
6.608527183532714844e+00
-4.884377717971801758e-01
-1.827986091375350952e-01
-9.932954311370849609e-01
-1.007528686523437500e+03
3.996464233398437500e+02
-5.073446655273437500e+02
-1.636304283142089844e+01
8.739244461059570312e+00
3.592027664184570312e+01
-2.170830078125000000e+02
4.314024963378906250e+02
-2.244274749755859375e+02
-2.986974716186523438e+01
3.141099929809570312e+00
4.737718963623046875e+01
1.145255508422851562e+02
5.553663330078125000e+02
-6.607691192626953125e+01
-2.995862770080566406e+01
-5.255460262298583984e+00
3.050486373901367188e+01
2.044882507324218750e+02
6.143024291992187500e+02
-1.506208801269531250e+02
-7.477141571044921875e+01
-1.837710762023925781e+01
5.888276576995849609e+00
2.282827301025390625e+02
7.395385742187500000e+02
-1.590592575073242188e+01
-1.308342590332031250e+02
-2.272213745117187500e+01
-1.587570428848266602e+00
2.659598693847656250e+02
9.483828735351562500e+02
3.878876113891601562e+01
-1.585067443847656250e+02
-2.279209709167480469e+01
-2.486231803894042969e+00
4.508601379394531250e+02
1.264346557617187500e+03
1.325168457031250000e+02
-7.195929718017578125e+01
-3.081404113769531250e+01
-2.436885643005371094e+01
1.021417663574218750e+03
2.162897460937500000e+03
5.678720703125000000e+02
-5.461769866943359375e+01
-4.429073715209960938e+01
-5.236378860473632812e+01
3.462985839843750000e+03
2.049184082031250000e+03
1.388244262695312500e+03
-4.902247619628906250e+01
-4.719400787353515625e+01
-3.404592132568359375e+01
3.260590820312500000e+03
1.995936157226562500e+03
1.335573974609375000e+03
-4.896428680419921875e+01
-4.878128433227539062e+01
-3.652645492553710938e+01
4.131882324218750000e+03
1.696834960937500000e+03
1.661614379882812500e+03
-3.750730514526367188e+01
-1.695038604736328125e+01
-1.759834289550781250e+01
1.146595230102539062e+02
2.160906372070312500e+02
7.324433593750000000e+02
-4.068964004516601562e+00
-5.273865222930908203e+00
-3.176065063476562500e+01
-7.789340972900390625e+00
2.138230323791503906e+00
-4.579090118408203125e+00
-2.196291536092758179e-01
-1.782462298870086670e-01
5.856317281723022461e-01
-4.259481048583984375e+01
2.344201202392578125e+02
-2.644479370117187500e+02
-1.284786701202392578e+01
1.029021143913269043e+00
2.117858695983886719e+01
1.497588653564453125e+02
4.042593383789062500e+02
-7.779171752929687500e+01
-2.081328773498535156e+01
-1.099329376220703125e+01
2.125376510620117188e+01
2.283472900390625000e+02
5.417569580078125000e+02
-5.488882827758789062e+01
-4.930656433105468750e+01
-2.067792510986328125e+01
3.659381628036499023e+00
2.649072875976562500e+02
6.065908813476562500e+02
-4.324100112915039062e+01
-1.096853637695312500e+02
-2.587852859497070312e+01
-6.616336345672607422e+00
3.215304260253906250e+02
5.806406250000000000e+02
2.280707740783691406e+01
-1.509364318847656250e+02
-3.295989990234375000e+01
-2.029999923706054688e+01
5.421834716796875000e+02
5.271436157226562500e+02
7.791957092285156250e+01
-9.150904846191406250e+01
-3.449299240112304688e+01
-3.040796852111816406e+01
1.100393066406250000e+03
4.444506225585937500e+02
4.340088195800781250e+02
-6.210772705078125000e+01
-4.122909545898437500e+01
-5.694883728027343750e+01
2.465122558593750000e+03
5.948284301757812500e+02
1.120573486328125000e+03
-5.771668243408203125e+01
-4.978310775756835938e+01
-6.669944763183593750e+01
9.980991210937500000e+02
2.089537353515625000e+03
5.744169311523437500e+02
-5.401627731323242188e+01
-4.568873214721679688e+01
-5.494646835327148438e+01
2.767885742187500000e+03
7.638106689453125000e+02
7.029580078125000000e+02
-4.534234237670898438e+01
-1.763957405090332031e+01
-5.989344787597656250e+01
-1.011566314697265625e+02
4.484172058105468750e+02
6.999664306640625000e+02
-3.117556190490722656e+01
7.020373344421386719e+00
-5.538868331909179688e+01
-1.160086059570312500e+01
1.469142761230468750e+02
3.123443298339843750e+02
-7.622900485992431641e+00
4.836025714874267578e+00
-3.003838539123535156e+01
-2.326847791671752930e+00
1.783386111259460449e+00
-6.842592358589172363e-02
6.642375588417053223e-01
-1.421934247016906738e+00
-1.275845050811767578e+00
1.396779937744140625e+02
-4.055257034301757812e+01
-2.751795196533203125e+01
1.764196753501892090e+00
-9.088471412658691406e+00
1.040443420410156250e+01
2.088464660644531250e+02
8.078261566162109375e+01
-2.517753601074218750e+01
6.779160976409912109e+00
-2.131828880310058594e+01
2.516695499420166016e+00
2.454170227050781250e+02
2.350735168457031250e+02
-1.646843910217285156e+01
-3.638802337646484375e+01
-3.313972473144531250e+01
-9.773794174194335938e+00
2.993383483886718750e+02
2.636208801269531250e+02
2.267967224121093750e+01
-1.481621246337890625e+02
-3.550089263916015625e+01
-3.086295318603515625e+01
4.412705078125000000e+02
2.051191711425781250e+02
5.962709045410156250e+01
-1.592545318603515625e+02
-3.609019851684570312e+01
-4.367885589599609375e+01
7.559514160156250000e+02
2.246601867675781250e+02
1.802336120605468750e+02
-8.419532012939453125e+01
-3.673731231689453125e+01
-4.436167907714843750e+01
1.114804931640625000e+03
4.471337585449218750e+02
4.404310607910156250e+02
-6.505873870849609375e+01
-4.181417846679687500e+01
-5.767560195922851562e+01
4.421337280273437500e+02
1.243918212890625000e+03
1.359878692626953125e+02
-6.938410949707031250e+01
-3.109114837646484375e+01
-2.484091758728027344e+01
9.697412109375000000e+02
5.238668212890625000e+02
1.916015930175781250e+02
-5.400713729858398438e+01
-1.323169708251953125e+01
-4.331954956054687500e+01
-3.758806228637695312e+00
3.521112365722656250e+02
3.219024963378906250e+02
-4.620499038696289062e+01
7.997098922729492188e+00
-4.399530410766601562e+01
8.413624763488769531e+00
2.999561462402343750e+02
9.952564239501953125e+01
-3.209490966796875000e+01
1.222337436676025391e+01
-2.977552604675292969e+01
-2.423805427551269531e+01
1.855364685058593750e+02
9.657693862915039062e+00
-1.692187118530273438e+01
9.446362495422363281e+00
-1.321129417419433594e+01
-4.388418197631835938e+00
2.099387645721435547e+00
1.456596981734037399e-02
6.447513699531555176e-01
-1.006745576858520508e+00
-1.315419673919677734e+00
1.818722839355468750e+02
-2.206423645019531250e+02
-4.062325000762939453e+00
3.268260574340820312e+01
-6.152720928192138672e+00
1.233483433723449707e+00
2.161630554199218750e+02
-1.546961059570312500e+02
-3.586087703704833984e+00
6.515895843505859375e+01
-2.145497322082519531e+01
-4.531462669372558594e+00
2.630395507812500000e+02
-3.610525131225585938e+00
2.829286003112792969e+01
-1.703091049194335938e+01
-4.018361282348632812e+01
-1.817211532592773438e+01
3.528152160644531250e+02
9.133420562744140625e+01
3.814050674438476562e+01
-1.946070709228515625e+02
-3.624313354492187500e+01
-3.956808471679687500e+01
4.486647033691406250e+02
2.058383941650390625e+02
5.961006927490234375e+01
-1.541482086181640625e+02
-3.533545684814453125e+01
-4.564247131347656250e+01
5.477505493164062500e+02
5.301391601562500000e+02
8.008640289306640625e+01
-9.138394927978515625e+01
-3.466374588012695312e+01
-3.110536956787109375e+01
2.661826477050781250e+02
9.364303588867187500e+02
3.775569534301757812e+01
-1.556989593505859375e+02
-2.212206840515136719e+01
-2.059200763702392578e+00
3.290519714355468750e+02
3.579846801757812500e+02
5.355106735229492188e+01
-1.042839355468750000e+02
-1.069375038146972656e+01
-1.313184642791748047e+01
1.208921337127685547e+01
2.251115264892578125e+02
7.349254608154296875e+01
-8.515172576904296875e+01
4.101062297821044922e+00
-1.986507987976074219e+01
4.972563171386718750e+01
2.799241027832031250e+02
3.764742660522460938e+01
-7.508716583251953125e+01
8.654613494873046875e+00
-1.529271888732910156e+01
9.354380035400390625e+01
2.887503967285156250e+02
-2.502544224262237549e-01
-5.332897567749023438e+01
4.524358272552490234e+00
-1.240669727325439453e+01
-1.152996444702148438e+01
2.126308593750000000e+02
-1.415053176879882812e+01
-4.163992309570312500e+01
4.571908473968505859e+00
4.592635631561279297e+00
-4.932109355926513672e+00
6.058449268341064453e+00
-1.330152750015258789e-01
1.136345744132995605e+00
-2.517842769622802734e+00
1.206609457731246948e-01
1.741682739257812500e+02
-2.812328491210937500e+02
1.927352523803710938e+01
9.867079162597656250e+01
-1.197915840148925781e+01
-6.606541633605957031e+00
2.086166839599609375e+02
-2.045008697509765625e+02
5.685414505004882812e+01
4.831610107421875000e+01
-3.145999717712402344e+01
-3.133051395416259766e+00
2.633610229492187500e+02
-5.470084667205810547e+00
2.945370483398437500e+01
-2.075544166564941406e+01
-4.163307952880859375e+01
-1.855877685546875000e+01
2.993620300292968750e+02
2.679454040527343750e+02
2.285755729675292969e+01
-1.430129394531250000e+02
-3.469390106201171875e+01
-3.150928115844726562e+01
3.234910888671875000e+02
5.861719360351562500e+02
2.272782325744628906e+01
-1.501215667724609375e+02
-3.205295181274414062e+01
-2.157439041137695312e+01
2.254643096923828125e+02
7.309353027343750000e+02
-1.282767200469970703e+01
-1.437427673339843750e+02
-2.136721229553222656e+01
-5.025058239698410034e-02
1.665195007324218750e+02
3.197191162109375000e+02
6.662706756591796875e+01
-7.206475830078125000e+01
-1.012851619720458984e+01
-1.574312746524810791e-01
1.528247165679931641e+01
7.557171630859375000e+01
4.335604858398437500e+01
-1.359045715332031250e+02
-9.608397483825683594e-01
-7.303576469421386719e+00
7.048571014404296875e+01
1.042948608398437500e+02
2.529240798950195312e+01
-1.712413482666015625e+02
2.408607244491577148e+00
-3.788956999778747559e-01
1.297952117919921875e+02
3.002228393554687500e+02
-8.790657997131347656e+00
-1.821831207275390625e+02
-1.734981179237365723e+00
1.159207153320312500e+01
1.397343139648437500e+02
2.855037841796875000e+02
-3.209078979492187500e+01
-1.614549102783203125e+02
-2.111550903320312500e+01
2.853057098388671875e+01
-1.184024095535278320e+00
2.112388763427734375e+02
-8.709429168701171875e+01
-1.525560150146484375e+02
-1.134337782859802246e+00
2.469568634033203125e+01
-6.010916233062744141e+00
7.461027145385742188e+00
1.017427086830139160e+00
2.964979410171508789e+00
-1.586482286453247070e+00
-1.337684690952301025e-01
1.719650268554687500e+02
-2.768091430664062500e+02
1.956303787231445312e+01
9.754195404052734375e+01
-1.227033710479736328e+01
-6.623446464538574219e+00
2.138419647216796875e+02
-1.495635528564453125e+02
-4.416897296905517578e+00
6.974167633056640625e+01
-2.193916702270507812e+01
-4.400609016418457031e+00
2.452292633056640625e+02
2.403709106445312500e+02
-1.584144783020019531e+01
-3.054087829589843750e+01
-3.224558258056640625e+01
-9.810121536254882812e+00
2.665211791992187500e+02
6.039859008789062500e+02
-4.108282470703125000e+01
-9.639038848876953125e+01
-2.622244262695312500e+01
-8.006690979003906250e+00
2.046265563964843750e+02
6.174931640625000000e+02
-1.621221008300781250e+02
-8.005799865722656250e+01
-1.901862335205078125e+01
5.068989753723144531e+00
1.160215454101562500e+02
3.307639465332031250e+02
-1.331186828613281250e+02
-1.188619804382324219e+01
-1.289559650421142578e+01
1.926168084144592285e+00
-1.157337903976440430e+00
1.387587070465087891e+00
2.823515236377716064e-01
1.142327594757080078e+01
-3.045759499073028564e-01
1.168842166662216187e-01
7.225302124023437500e+01
-6.984203338623046875e+01
1.875720787048339844e+01
-1.039790573120117188e+02
4.337095737457275391e+00
3.072907686233520508e+00
1.423446044921875000e+02
2.034299011230468750e+02
3.820025444030761719e+00
-2.132603149414062500e+02
-2.763405084609985352e+00
1.531703948974609375e+01
1.613086090087890625e+02
3.591296081542968750e+02
-6.228130722045898438e+01
-3.134393615722656250e+02
-2.685599327087402344e+01
2.595254135131835938e+01
1.427065124511718750e+02
2.822742614746093750e+02
-1.953207092285156250e+02
-4.738075256347656250e+02
-3.509057998657226562e+01
2.721947860717773438e+01
-4.419557154178619385e-01
2.103926696777343750e+02
-8.530874633789062500e+01
-1.568004302978515625e+02
1.887892931699752808e-01
2.586756515502929688e+01
-5.984169483184814453e+00
7.036036491394042969e+00
9.064986705780029297e-01
1.857703566551208496e+00
-1.309391498565673828e+00
-6.672614216804504395e-01
1.792686462402343750e+02
-2.235543060302734375e+02
-4.968325614929199219e+00
3.843495559692382812e+01
-6.642086029052734375e+00
1.623716831207275391e+00
2.098335571289062500e+02
8.168164062500000000e+01
-2.519562721252441406e+01
6.718829154968261719e+00
-2.101269531250000000e+01
4.088154315948486328e+00
2.334275207519531250e+02
5.449956665039062500e+02
-5.564579010009765625e+01
-4.965425872802734375e+01
-2.155871200561523438e+01
4.769601821899414062e+00
1.114599151611328125e+02
5.497030029296875000e+02
-6.889718627929687500e+01
-2.952183151245117188e+01
-4.836012363433837891e+00
3.182302284240722656e+01
7.103610992431640625e+01
3.120871582031250000e+02
-7.005194854736328125e+01
5.605406188964843750e+01
-1.249177932739257812e+01
1.549422454833984375e+01
-1.741423988342285156e+01
-7.473728942871093750e+01
-4.347195816040039062e+01
1.358175354003906250e+02
1.472110748291015625e-01
8.365250587463378906e+00
5.996489334106445312e+01
-1.804662475585937500e+02
-2.829178619384765625e+01
1.289515686035156250e+02
1.133256626129150391e+01
9.998555183410644531e+00
1.448356170654296875e+02
-9.606999397277832031e+00
-3.382647323608398438e+01
-2.070168876647949219e+01
1.183081054687500000e+01
1.027928256988525391e+01
1.660423583984375000e+02
2.409563140869140625e+02
-5.880260086059570312e+01
-1.743452148437500000e+02
-8.433858871459960938e+00
1.315211772918701172e+01
1.614575195312500000e+02
3.555093078613281250e+02
-6.360208511352539062e+01
-3.115809326171875000e+02
-2.434272766113281250e+01
2.621514892578125000e+01
1.381821899414062500e+02
2.896291198730468750e+02
-3.157224655151367188e+01
-1.612691650390625000e+02
-2.156561851501464844e+01
2.927173614501953125e+01
-1.179709720611572266e+01
2.063509063720703125e+02
-1.174354648590087891e+01
-4.383737564086914062e+01
1.069490194320678711e+00
4.033228874206542969e+00
-3.508821964263916016e+00
3.233592033386230469e+00
-7.942996919155120850e-02
-1.482629328966140747e-01
-1.679016947746276855e+00
1.199635386466979980e+00
1.422482299804687500e+02
-4.554911041259765625e+01
-2.773833465576171875e+01
1.501181721687316895e+00
-9.022643089294433594e+00
1.132795333862304688e+01
1.511000518798828125e+02
4.042750244140625000e+02
-8.168312072753906250e+01
-2.068209838867187500e+01
-1.164646053314208984e+01
2.103611183166503906e+01
-2.216886444091796875e+02
4.224009399414062500e+02
-2.177461090087890625e+02
-2.956151008605957031e+01
3.121507167816162109e+00
4.495330429077148438e+01
1.101842784881591797e+01
1.479570922851562500e+02
-1.366504669189453125e+02
1.037290668487548828e+01
-9.785634994506835938e+00
4.045754623413085938e+01
-9.958362579345703125e+00
-2.249284210205078125e+02
-7.506674194335937500e+01
8.339793395996093750e+01
-5.781339168548583984e+00
2.146277427673339844e+01
3.369696426391601562e+01
-2.557231445312500000e+02
-5.167328262329101562e+01
1.731396636962890625e+02
1.179086399078369141e+01
1.627927207946777344e+01
1.146248550415039062e+02
-2.165318145751953125e+02
-3.808819198608398438e+01
1.956283569335937500e+02
1.870084571838378906e+01
1.123506259918212891e+01
1.456088256835937500e+02
-1.316586112976074219e+01
-3.244229507446289062e+01
-1.965466308593750000e+01
1.046335029602050781e+01
9.178185462951660156e+00
1.415497283935546875e+02
1.918457031250000000e+02
3.109411954879760742e+00
-2.122492370605468750e+02
-4.702518284320831299e-01
1.535202884674072266e+01
1.303591766357421875e+02
3.007021179199218750e+02
-9.831338882446289062e+00
-1.805192260742187500e+02
-1.178047895431518555e+00
1.140539932250976562e+01
9.224090576171875000e+01
2.869781188964843750e+02
-3.922518193721771240e-01
-5.547694396972656250e+01
4.730299472808837891e+00
-1.187768936157226562e+01
-2.366817092895507812e+01
1.874369812011718750e+02
7.197974681854248047e+00
-1.649496841430664062e+01
9.967130661010742188e+00
-1.225883674621582031e+01
-2.908086538314819336e+00
7.715738415718078613e-01
-9.342938065528869629e-01
6.703540682792663574e-01
-9.987261891365051270e-01
7.452157139778137207e-01
-3.771047210693359375e+01
2.287525939941406250e+02
-2.650337829589843750e+02
-1.246785449981689453e+01
-1.950943917036056519e-01
2.124614715576171875e+01
-9.536665649414062500e+02
4.055169067382812500e+02
-4.998412780761718750e+02
-1.499634265899658203e+01
9.151598930358886719e+00
3.758028793334960938e+01
-1.219039001464843750e+02
-1.478407440185546875e+02
-5.066411743164062500e+02
9.371331214904785156e+00
-4.818688392639160156e+00
5.130377578735351562e+01
1.210910081863403320e+00
-3.505312194824218750e+02
-3.188641662597656250e+02
4.751156234741210938e+01
-8.809461593627929688e+00
4.430528640747070312e+01
-2.853019714355468750e+01
-3.363913879394531250e+02
-1.072330703735351562e+02
8.631568145751953125e+01
5.330572128295898438e+00
2.285845756530761719e+01
3.179398536682128906e+01
-2.580996398925781250e+02
-5.090721893310546875e+01
1.795709075927734375e+02
1.202531433105468750e+01
1.688037300109863281e+01
5.999466705322265625e+01
-1.849774475097656250e+02
-2.847042846679687500e+01
1.313490753173828125e+02
1.146077632904052734e+01
8.610555648803710938e+00
7.421411132812500000e+01
-7.104198455810546875e+01
1.796189308166503906e+01
-9.913331604003906250e+01
4.542367935180664062e+00
2.191167354583740234e+00
7.179191589355468750e+01
1.103081207275390625e+02
2.503610420227050781e+01
-1.721145172119140625e+02
1.833417534828186035e+00
-1.465069204568862915e-01
5.488717269897460938e+01
2.809908142089843750e+02
3.912580108642578125e+01
-7.455198669433593750e+01
8.534828186035156250e+00
-1.527043819427490234e+01
1.083017635345458984e+01
2.959569091796875000e+02
1.043041458129882812e+02
-3.295571136474609375e+01
1.285408210754394531e+01
-3.082421684265136719e+01
-6.534272193908691406e+00
1.479057617187500000e+02
3.148696594238281250e+02
-9.573746681213378906e+00
4.510072231292724609e+00
-2.910840606689453125e+01
-1.065133929252624512e+00
4.430980980396270752e-01
9.028427124023437500e+00
2.492158114910125732e-01
3.544769585132598877e-01
-1.266129910945892334e-01
9.410315155982971191e-01
-1.183283448219299316e+00
1.605536341667175293e+00
2.449397929012775421e-02
1.048049256205558777e-01
2.185259908437728882e-01
-1.393940582275390625e+02
-2.008383941650390625e+02
-7.305690917968750000e+02
3.894908905029296875e+00
1.284156799316406250e+00
3.068710327148437500e+01
1.180810546875000000e+02
-4.442785644531250000e+02
-6.879871826171875000e+02
3.048173332214355469e+01
-8.126467704772949219e+00
5.389921188354492188e+01
2.698465824127197266e+00
-3.470934753417968750e+02
-3.139089965820312500e+02
4.693974304199218750e+01
-8.356433868408203125e+00
4.429780960083007812e+01
-1.387659358978271484e+01
-2.262736511230468750e+02
-7.654141235351562500e+01
8.465060424804687500e+01
-4.621228218078613281e+00
2.153280448913574219e+01
-1.895699691772460938e+01
-7.419251251220703125e+01
-4.285598373413085938e+01
1.356574707031250000e+02
4.041602462530136108e-02
6.646804332733154297e+00
-8.170260190963745117e-01
7.392103672027587891e-01
2.714892923831939697e-01
-2.684886455535888672e-01
-1.044595148414373398e-02
1.695884019136428833e-01
1.810901451110839844e+01
7.584136199951171875e+01
4.305390548706054688e+01
-1.355767211914062500e+02
-2.091989964246749878e-01
-6.906852245330810547e+00
1.362833595275878906e+01
2.270597381591796875e+02
7.652697753906250000e+01
-8.509281921386718750e+01
4.461254119873046875e+00
-2.153206253051757812e+01
-6.359250545501708984e-01
3.479341430664062500e+02
3.127425231933593750e+02
-4.734444046020507812e+01
8.288253784179687500e+00
-4.401716232299804688e+01
-1.115450897216796875e+02
4.450384521484375000e+02
6.863057250976562500e+02
-3.054099845886230469e+01
8.038039207458496094e+00
-5.367625427246093750e+01
1.300438690185546875e+02
2.104604644775390625e+02
7.316779785156250000e+02
-3.094871759414672852e+00
-1.993974089622497559e+00
-3.055129051208496094e+01
1.027815307617187500e+03
2.064254882812500000e+03
6.173860473632812500e+02
-1.668131065368652344e+01
-1.468787002563476562e+01
-4.214956283569335938e+01
1.242295074462890625e+02
2.040499114990234375e+02
7.044086303710937500e+02
2.020067453384399414e+00
-7.743097782135009766e+00
-3.048122024536132812e+01
2.267261743545532227e+00
-4.723780155181884766e+00
-3.194831132888793945e+00
4.305875301361083984e-01
-7.990116477012634277e-01
-9.010016322135925293e-01
1.148120880126953125e+01
-1.437016448974609375e+02
-3.148583679199218750e+02
7.804135799407958984e+00
-5.982443809509277344e+00
3.092735290527343750e+01
4.258589553833007812e+01
-8.362525939941406250e+01
-1.044699096679687500e+02
2.056058502197265625e+01
-1.353791522979736328e+01
2.422283935546875000e+01
7.568209838867187500e+01
1.044552536010742188e+02
-4.637547302246093750e+01
5.050156784057617188e+01
-1.530500125885009766e+01
1.143095207214355469e+01
9.691929626464843750e+01
2.626989440917968750e+02
-4.365508651733398438e+01
-1.322697830200195312e+01
-1.646751976013183594e+01
-4.370395243167877197e-01
1.476400299072265625e+02
3.071437072753906250e+02
1.168405914306640625e+01
-5.342734146118164062e+01
-2.000331497192382812e+01
-1.209692001342773438e+01
2.920242614746093750e+02
2.914482116699218750e+02
3.710132217407226562e+01
-1.698713073730468750e+02
-2.209174537658691406e+01
-2.214139747619628906e+01
6.936724243164062500e+02
3.095951538085937500e+02
1.316828002929687500e+02
-9.383436584472656250e+01
-2.036620140075683594e+01
-2.381360054016113281e+01
1.992800903320312500e+03
3.605145568847656250e+02
4.663718872070312500e+02
-6.068198776245117188e+01
-1.953194808959960938e+01
-5.639016342163085938e+01
2.740973388671875000e+03
7.780982666015625000e+02
6.980687866210937500e+02
-4.507258987426757812e+01
-1.710928535461425781e+01
-5.858772277832031250e+01
3.257201660156250000e+03
2.003235351562500000e+03
1.323414794921875000e+03
-4.890178298950195312e+01
-4.873914337158203125e+01
-3.662713623046875000e+01
4.078583251953125000e+03
1.701693969726562500e+03
1.648818115234375000e+03
-3.750348663330078125e+01
-1.692345809936523438e+01
-1.724251937866210938e+01
1.021341857910156250e+02
2.244548034667968750e+02
7.308988647460937500e+02
-2.260016918182373047e+00
-7.089073181152343750e+00
-3.148472213745117188e+01
-1.061260342597961426e+00
2.407910585403442383e+00
-5.916503429412841797e+00
-1.546400189399719238e-01
-1.978592723608016968e-01
8.952733278274536133e-01
-4.108557510375976562e+01
2.359129791259765625e+02
-2.654264526367187500e+02
-1.279841327667236328e+01
1.059278964996337891e+00
2.138818931579589844e+01
1.490699310302734375e+02
4.059967956542968750e+02
-7.780299377441406250e+01
-2.077520751953125000e+01
-1.093055438995361328e+01
2.130224037170410156e+01
2.271208801269531250e+02
5.421740722656250000e+02
-5.471654891967773438e+01
-4.927448654174804688e+01
-2.059341621398925781e+01
3.527373552322387695e+00
2.637606506347656250e+02
6.069746093750000000e+02
-4.304790878295898438e+01
-1.094033203125000000e+02
-2.599353218078613281e+01
-6.826690196990966797e+00
3.207296447753906250e+02
5.834679565429687500e+02
2.280937385559082031e+01
-1.513110351562500000e+02
-3.259465408325195312e+01
-2.014426040649414062e+01
5.406875610351562500e+02
5.293012695312500000e+02
7.798141479492187500e+01
-9.156302642822265625e+01
-3.437786102294921875e+01
-3.094074821472167969e+01
1.095924072265625000e+03
4.473412780761718750e+02
4.325680236816406250e+02
-6.243973922729492188e+01
-4.120704269409179688e+01
-5.685393142700195312e+01
2.466360839843750000e+03
5.970572509765625000e+02
1.118516845703125000e+03
-5.804306411743164062e+01
-4.962300109863281250e+01
-6.699139404296875000e+01
1.197549438476562500e+03
1.194193359375000000e+03
2.747250732421875000e+03
-5.976970291137695312e+01
-5.968214797973632812e+01
-7.974349975585937500e+01
3.236190185546875000e+03
2.045196166992187500e+03
1.360040039062500000e+03
-4.944844436645507812e+01
-4.688116073608398438e+01
-3.696621704101562500e+01
2.101316650390625000e+03
1.158462036132812500e+03
6.651742553710937500e+02
-6.186356067657470703e+00
-2.788099098205566406e+01
-4.400808715820312500e+01
9.667509765625000000e+02
-4.078236389160156250e+02
5.001590881347656250e+02
1.542972946166992188e+01
-8.948978424072265625e+00
-3.637021255493164062e+01
-8.038183212280273438e+00
2.275504827499389648e+00
6.426079750061035156e+00
-5.014995113015174866e-03
4.998151957988739014e-01
-2.034384459257125854e-01
1.107839889526367188e+02
3.239154663085937500e+02
-1.096681137084960938e+02
-2.011223220825195312e+01
-5.302053928375244141e+00
1.401640319824218750e+01
2.110576782226562500e+02
4.998282165527343750e+02
-4.543554687500000000e+01
-5.617068481445312500e+01
-1.791531372070312500e+01
5.754050731658935547e+00
2.202403564453125000e+02
6.393447875976562500e+02
-4.298577499389648438e+01
-1.641691284179687500e+02
-3.124905204772949219e+01
-5.825546741485595703e+00
2.061266326904296875e+02
7.008963012695312500e+02
9.681429862976074219e+00
-9.048126220703125000e+01
-3.388709259033203125e+01
-2.200571250915527344e+01
2.289300994873046875e+02
6.989529418945312500e+02
5.734071731567382812e+01
-1.039505233764648438e+02
-3.935815429687500000e+01
-3.481346130371093750e+01
3.296001892089843750e+02
6.095402221679687500e+02
2.150520782470703125e+02
-6.370907592773437500e+01
-4.192362213134765625e+01
-6.114024734497070312e+01
5.689811401367187500e+02
6.848035888671875000e+02
1.101011474609375000e+03
-6.272157669067382812e+01
-5.457132720947265625e+01
-9.345800018310546875e+01
5.732257080078125000e+02
6.810517578125000000e+02
1.134207153320312500e+03
-6.221194839477539062e+01
-5.502336120605468750e+01
-9.509045410156250000e+01
2.417735595703125000e+03
5.974967041015625000e+02
1.137572998046875000e+03
-5.787603378295898438e+01
-5.020858001708984375e+01
-6.897702026367187500e+01
2.791941162109375000e+03
7.879736328125000000e+02
7.050198364257812500e+02
-4.449683380126953125e+01
-1.743693161010742188e+01
-5.760931015014648438e+01
1.346121978759765625e+02
1.115840454101562500e+02
5.068069152832031250e+02
-7.702734947204589844e+00
2.173382043838500977e+00
-5.206493377685546875e+01
3.277924346923828125e+01
-2.346305847167968750e+02
2.653650207519531250e+02
1.316593360900878906e+01
-4.448523819446563721e-01
-2.252462959289550781e+01
2.401516675949096680e+00
2.852962017059326172e+00
-1.264326870441436768e-01
-9.523700475692749023e-01
6.657745242118835449e-01
-6.437458992004394531e-01
1.084031677246093750e+02
2.335226593017578125e+02
-3.008130073547363281e+01
-2.519743728637695312e+01
-1.332904434204101562e+01
-3.218927085399627686e-01
1.530527343750000000e+02
4.098489074707031250e+02
-2.185980796813964844e+01
-1.004324188232421875e+02
-2.807100677490234375e+01
-5.316187858581542969e+00
1.677011871337890625e+02
4.621614074707031250e+02
1.646138381958007812e+01
-1.832767639160156250e+02
-4.164118194580078125e+01
-2.252446365356445312e+01
1.861065368652343750e+02
3.490803527832031250e+02
4.433171844482421875e+01
-1.628865814208984375e+02
-4.075370788574218750e+01
-4.212856292724609375e+01
2.724932861328125000e+02
2.476136474609375000e+02
1.434595489501953125e+02
-7.016633605957031250e+01
-4.171193313598632812e+01
-6.187540435791015625e+01
4.719691467285156250e+02
2.324095764160156250e+02
4.326379089355468750e+02
-5.701235961914062500e+01
-5.145990371704101562e+01
-7.575260162353515625e+01
3.288419494628906250e+02
6.163155517578125000e+02
2.171941986083984375e+02
-6.379661178588867188e+01
-4.130288314819335938e+01
-6.267903900146484375e+01
1.104289062500000000e+03
4.452084655761718750e+02
4.444913024902343750e+02
-6.352275085449218750e+01
-4.127707672119140625e+01
-5.801316070556640625e+01
1.953830810546875000e+03
3.652328491210937500e+02
4.756976623535156250e+02
-6.041068649291992188e+01
-1.927950096130371094e+01
-5.648824691772460938e+01
-5.279482364654541016e+00
3.503405761718750000e+02
3.192651672363281250e+02
-4.763570022583007812e+01
8.296432495117187500e+00
-4.409302902221679688e+01
-4.467652511596679688e+01
8.383178710937500000e+01
1.022402038574218750e+02
-1.991002082824707031e+01
1.393100833892822266e+01
-2.467912864685058594e+01
-1.397989654541015625e+02
4.457837295532226562e+01
2.711452102661132812e+01
-1.115758791565895081e-01
8.145367622375488281e+00
-1.129004192352294922e+01
-9.028221964836120605e-01
4.513010978698730469e+00
5.359733104705810547e-01
2.317231178283691406e+00
1.784747242927551270e-01
-5.531270503997802734e-01
1.345969390869140625e+02
5.168952178955078125e+01
-9.118581771850585938e+00
-7.899361133575439453e+00
-1.213309192657470703e+01
-1.645559787750244141e+00
1.769517364501953125e+02
1.527877502441406250e+02
1.906985664367675781e+01
-8.728376007080078125e+01
-3.333983612060546875e+01
-4.271173477172851562e+00
2.013284912109375000e+02
1.363260345458984375e+02
4.595301055908203125e+01
-1.966740875244140625e+02
-4.984297561645507812e+01
-2.620393943786621094e+01
2.609751281738281250e+02
8.164210510253906250e+01
6.157654953002929688e+01
-1.334987182617187500e+02
-3.825344467163085938e+01
-4.359409713745117188e+01
2.721200256347656250e+02
2.442285614013671875e+02
1.447060852050781250e+02
-6.950862121582031250e+01
-4.095542526245117188e+01
-6.364310455322265625e+01
2.312604980468750000e+02
7.035170288085937500e+02
5.746269226074218750e+01
-1.067434616088867188e+02
-3.996805572509765625e+01
-3.263388061523437500e+01
5.437935180664062500e+02
5.285656127929687500e+02
7.981071472167968750e+01
-9.277642822265625000e+01
-3.431628036499023438e+01
-2.922735595703125000e+01
6.990167236328125000e+02
3.008416442871093750e+02
1.313794097900390625e+02
-9.257025146484375000e+01
-2.069148635864257812e+01
-2.169734764099121094e+01
3.409896087646484375e+01
3.361748962402343750e+02
1.072922897338867188e+02
-8.726898956298828125e+01
-5.613177299499511719e+00
-2.395088195800781250e+01
5.146094894409179688e+01
2.840046081542968750e+02
3.836492538452148438e+01
-7.358937072753906250e+01
8.960047721862792969e+00
-1.589677047729492188e+01
-3.508437728881835938e+01
2.218618774414062500e+02
1.631656646728515625e+01
-5.698188781738281250e+01
1.641593742370605469e+01
-4.644460201263427734e+00
-1.837773590087890625e+02
2.256200866699218750e+02
3.758031845092773438e+00
-3.335985183715820312e+01
6.749152660369873047e+00
-1.447555303573608398e+00
-2.463406085968017578e+00
4.005422115325927734e+00
3.357474803924560547e-01
-2.228025197982788086e+00
-4.662988781929016113e-01
1.003275036811828613e+00
1.439378356933593750e+02
-8.845645904541015625e+01
1.412505340576171875e+01
-9.479913711547851562e+00
-2.581105804443359375e+01
-2.484514862298965454e-01
1.891070709228515625e+02
2.583501815795898438e+01
4.987117004394531250e+01
-5.193829727172851562e+01
-4.014252471923828125e+01
-3.567881345748901367e+00
1.999009857177734375e+02
1.371673889160156250e+02
4.556053924560546875e+01
-1.952377166748046875e+02
-5.168634033203125000e+01
-2.588742828369140625e+01
1.867582550048828125e+02
3.467877502441406250e+02
4.418305206298828125e+01
-1.620335693359375000e+02
-4.056688690185546875e+01
-4.175665283203125000e+01
2.099738311767578125e+02
6.993122558593750000e+02
9.516664505004882812e+00
-8.769908142089843750e+01
-3.444929504394531250e+01
-2.098724365234375000e+01
3.201508789062500000e+02
5.850571899414062500e+02
2.249032974243164062e+01
-1.541836547851562500e+02
-3.202112960815429688e+01
-1.967646217346191406e+01
2.874664001464843750e+02
2.836776733398437500e+02
3.788655853271484375e+01
-1.721361083984375000e+02
-2.162454605102539062e+01
-2.304834175109863281e+01
-3.505999374389648438e+01
2.560045776367187500e+02
5.207294082641601562e+01
-1.754108276367187500e+02
-1.187210083007812500e+01
-1.523123264312744141e+01
1.774112129211425781e+01
3.592167968750000000e+02
2.214562988281250000e+01
-1.862679595947265625e+02
-6.967106819152832031e+00
-4.584314346313476562e+00
1.315134429931640625e+02
3.027149047851562500e+02
-8.313000679016113281e+00
-1.810386505126953125e+02
-2.150385379791259766e+00
1.149881172180175781e+01
-1.467755603790283203e+01
2.889364013671875000e+02
-1.149294376373291016e+01
-1.647492065429687500e+02
5.785069942474365234e+00
1.043847370147705078e+01
-1.725896453857421875e+02
2.828313903808593750e+02
-1.682219123840332031e+01
-1.003811264038085938e+02
1.358920669555664062e+01
4.626488208770751953e+00
-2.583962202072143555e+00
3.852318763732910156e+00
1.035586237907409668e+00
-4.045371532440185547e+00
3.574857711791992188e-01
4.495265185832977295e-01
1.414768524169921875e+02
-9.175805664062500000e+01
1.492661666870117188e+01
-1.497948360443115234e+01
-2.439386367797851562e+01
-7.038004398345947266e-01
1.768288726806640625e+02
1.526130981445312500e+02
1.821860122680664062e+01
-8.475365447998046875e+01
-3.505429458618164062e+01
-4.509603977203369141e+00
1.692246704101562500e+02
4.631521606445312500e+02
1.558947181701660156e+01
-1.933613739013671875e+02
-4.294481277465820312e+01
-2.238377952575683594e+01
2.258903808593750000e+02
6.413261108398437500e+02
-4.669151687622070312e+01
-1.589588775634765625e+02
-2.939696121215820312e+01
-5.115941047668457031e+00
2.677809143066406250e+02
6.089980468750000000e+02
-4.303973770141601562e+01
-8.913582611083984375e+01
-2.435148620605468750e+01
-8.762514114379882812e+00
1.493465270996093750e+02
3.103388061523437500e+02
1.218607521057128906e+01
-6.433774566650390625e+01
-1.955647087097167969e+01
-1.358216857910156250e+01
-5.959842681884765625e+01
1.840298309326171875e+02
2.749346542358398438e+01
-1.295596923828125000e+02
-1.204773807525634766e+01
-9.093755722045898438e+00
1.137163734436035156e+01
2.689015808105468750e+02
2.021364593505859375e+01
-2.094887695312500000e+02
-1.633185958862304688e+01
5.810853958129882812e+00
1.157838363647460938e+02
4.483836669921875000e+02
-4.148403167724609375e+00
-2.789269714355468750e+02
-2.670909500122070312e+01
2.477838134765625000e+01
1.615123443603515625e+02
3.590686645507812500e+02
-5.984680938720703125e+01
-3.082016906738281250e+02
-2.568373298645019531e+01
2.362779426574707031e+01
-4.999978065490722656e+00
3.184969787597656250e+02
-1.021173934936523438e+02
-2.314493103027343750e+02
8.372425079345703125e+00
1.029566764831542969e+01
-1.725592193603515625e+02
2.831847839355468750e+02
-1.760466957092285156e+01
-9.884233856201171875e+01
1.283596611022949219e+01
6.120686531066894531e+00
-1.055103302001953125e+00
4.976261615753173828e+00
3.258795291185379028e-02
-2.863717079162597656e+00
-7.743288278579711914e-01
-1.193632706999778748e-01
1.346744689941406250e+02
5.397121429443359375e+01
-9.102430343627929688e+00
-2.850053548812866211e+00
-1.453417015075683594e+01
-2.285882472991943359e+00
1.532211914062500000e+02
4.172966003417968750e+02
-2.130057525634765625e+01
-9.762848663330078125e+01
-2.911930084228515625e+01
-4.284414768218994141e+00
2.173979644775390625e+02
5.107407836914062500e+02
-4.507155990600585938e+01
-5.720452117919921875e+01
-1.749170303344726562e+01
6.362907886505126953e+00
2.327812347412109375e+02
5.461456298828125000e+02
-5.532661819458007812e+01
-4.638525772094726562e+01
-2.147230911254882812e+01
3.531648635864257812e+00
9.811355590820312500e+01
2.626866760253906250e+02
-4.250782775878906250e+01
-1.779000854492187500e+01
-1.614052963256835938e+01
-7.034974098205566406e-01
-7.642430114746093750e+01
6.988628387451171875e+01
-1.803985786437988281e+01
1.072891845703125000e+02
-3.769775390625000000e+00
-3.000364065170288086e+00
-2.463469058275222778e-01
-3.528846502304077148e-01
-2.553297281265258789e-01
1.895802140235900879e+00
-2.220930904150009155e-01
7.374747991561889648e-01
1.080373382568359375e+02
2.719070129394531250e+02
-1.069220352172851562e+01
-1.140878982543945312e+02
-1.464376831054687500e+01
1.336990070343017578e+01
1.490844116210937500e+02
5.160314941406250000e+02
-7.853401947021484375e+01
-2.788636474609375000e+02
-3.049132919311523438e+01
2.580468368530273438e+01
1.621185455322265625e+02
3.579197692871093750e+02
-6.292913818359375000e+01
-3.094206542968750000e+02
-2.733838272094726562e+01
2.280214309692382812e+01
-1.501282882690429688e+01
2.907123718261718750e+02
-1.164227676391601562e+01
-1.707678527832031250e+02
6.025162220001220703e+00
1.299694252014160156e+01
-1.842887420654296875e+02
2.271511993408203125e+02
4.050097942352294922e+00
-3.328940963745117188e+01
5.862107276916503906e+00
7.027000188827514648e-01
-9.954283833503723145e-01
-2.111091613769531250e+00
-3.145682811737060547e-01
1.294431805610656738e+00
-2.898651361465454102e-01
9.625087380409240723e-01
1.080283203125000000e+02
2.356854095458984375e+02
-3.079495811462402344e+01
-2.531247901916503906e+01
-1.247209644317626953e+01
1.162098884582519531e+00
1.195435943603515625e+02
3.314375305175781250e+02
-1.118153915405273438e+02
-1.980004882812500000e+01
-6.269200801849365234e+00
1.376098537445068359e+01
1.488482208251953125e+02
4.083383483886718750e+02
-7.756131744384765625e+01
-2.010324287414550781e+01
-1.076743507385253906e+01
2.025054550170898438e+01
7.472002410888671875e+01
1.061134948730468750e+02
-4.571889114379882812e+01
5.239833831787109375e+01
-1.615772247314453125e+01
1.193929767608642578e+01
-7.201070404052734375e+01
-1.095705261230468750e+02
-2.465024757385253906e+01
1.722909240722656250e+02
-2.145445346832275391e+00
1.182156562805175781e+00
-1.116702270507812500e+01
-2.661776733398437500e+02
-2.080871391296386719e+01
2.182694702148437500e+02
1.581745052337646484e+01
-5.873081207275390625e+00
7.804104614257812500e+01
-1.098470764160156250e+02
-2.858031845092773438e+01
3.844869995117187500e+01
6.097781658172607422e+00
-3.058798074722290039e+00
1.062631835937500000e+02
2.690346679687500000e+02
-1.000762176513671875e+01
-1.161763610839843750e+02
-1.244278049468994141e+01
1.360029125213623047e+01
1.170976257324218750e+02
4.517834167480468750e+02
-5.280421257019042969e+00
-2.764974975585937500e+02
-2.559127044677734375e+01
2.443910026550292969e+01
1.329283752441406250e+02
3.021405029296875000e+02
-8.423727035522460938e+00
-1.806686553955078125e+02
-1.317654132843017578e+00
1.037940597534179688e+01
-3.464550018310546875e+01
2.221883239746093750e+02
1.444198894500732422e+01
-5.318078231811523438e+01
1.704312705993652344e+01
-4.922218799591064453e+00
-1.416144409179687500e+02
4.500024414062500000e+01
2.710290145874023438e+01
3.673338890075683594e-01
8.863500595092773438e+00
-9.390204429626464844e+00
-1.031073570251464844e+00
-4.431297183036804199e-01
1.067121148109436035e+00
5.836958885192871094e-01
-5.808568596839904785e-01
-4.029614627361297607e-01
1.457975864410400391e+00
-6.578992605209350586e-01
1.213051557540893555e+00
1.018029153347015381e-01
1.178303435444831848e-01
2.342045679688453674e-02
-3.826216125488281250e+01
2.332431640625000000e+02
-2.639924011230468750e+02
-1.259962749481201172e+01
1.762505292892456055e+00
2.058201789855957031e+01
4.604057312011718750e+01
-8.247042846679687500e+01
-1.013473968505859375e+02
2.102511787414550781e+01
-1.325647258758544922e+01
2.274769592285156250e+01
-5.336445999145507812e+01
-2.807327575683593750e+02
-3.692871093750000000e+01
7.401651000976562500e+01
-8.452907562255859375e+00
1.559494876861572266e+01
-1.859049415588378906e+01
-3.643003845214843750e+02
-2.243873977661132812e+01
1.868539123535156250e+02
7.996515274047851562e+00
4.305543899536132812e+00
-1.121193885803222656e+01
-2.660093078613281250e+02
-2.051942634582519531e+01
2.179877166748046875e+02
1.657462692260742188e+01
-6.629257678985595703e+00
-6.467858552932739258e-01
5.205349326133728027e-01
2.398193031549453735e-01
4.346289336681365967e-01
1.025386750698089600e-01
4.501689970493316650e-02
9.954391479492187500e+00
2.677504882812500000e+02
2.046237182617187500e+01
-2.161041259765625000e+02
-1.645112991333007812e+01
6.868810653686523438e+00
1.828377151489257812e+01
3.647460632324218750e+02
2.250008964538574219e+01
-1.859196777343750000e+02
-7.746196269989013672e+00
-4.332557678222656250e+00
5.437319946289062500e+01
2.808246154785156250e+02
3.687211227416992188e+01
-7.389738464355468750e+01
8.522521972656250000e+00
-1.586751461029052734e+01
-4.554796600341796875e+01
8.260048675537109375e+01
1.012620315551757812e+02
-2.068340301513671875e+01
1.328027915954589844e+01
-2.270811462402343750e+01
3.804402160644531250e+01
-2.331203308105468750e+02
2.633555297851562500e+02
1.287761497497558594e+01
-1.635892271995544434e+00
-2.054235267639160156e+01
9.577460327148437500e+02
-4.059826354980468750e+02
4.999027404785156250e+02
1.516098403930664062e+01
-8.973968505859375000e+00
-3.761290359497070312e+01
-3.026216626167297363e-01
-1.418908834457397461e-01
-5.046219348907470703e+00
7.069248706102371216e-02
-2.613547444343566895e-01
3.546494245529174805e-01
5.510312557220458984e+00
-1.463956604003906250e+02
-3.146299438476562500e+02
9.666919708251953125e+00
-4.347584247589111328e+00
2.989171409606933594e+01
-1.006803989410400391e+01
-2.956992187500000000e+02
-1.051539688110351562e+02
3.292338180541992188e+01
-1.287759971618652344e+01
3.071372604370117188e+01
-5.542552185058593750e+01
-2.791570739746093750e+02
-3.908040237426757812e+01
7.426052856445312500e+01
-8.660906791687011719e+00
1.542906093597412109e+01
-7.291193389892578125e+01
-1.083645706176757812e+02
-2.501745796203613281e+01
1.729498138427734375e+02
-1.944230556488037109e+00
-3.474624082446098328e-02
-7.466925048828125000e+01
7.232851409912109375e+01
-1.776064300537109375e+01
9.998089599609375000e+01
-4.659605026245117188e+00
-1.846671700477600098e+00
-6.090812301635742188e+01
1.859386596679687500e+02
2.863618278503417969e+01
-1.310412750244140625e+02
-1.158209323883056641e+01
-8.295557975769042969e+00
-3.218689346313476562e+01
2.585008544921875000e+02
5.090489196777343750e+01
-1.796659545898437500e+02
-1.209661579132080078e+01
-1.724129295349121094e+01
2.862331581115722656e+01
3.377811279296875000e+02
1.069328765869140625e+02
-8.636603546142578125e+01
-5.392157554626464844e+00
-2.261682701110839844e+01
2.005919933319091797e+00
3.508938598632812500e+02
3.156141967773437500e+02
-4.745610427856445312e+01
8.615289688110351562e+00
-4.400889205932617188e+01
1.065113525390625000e+02
1.715827789306640625e+02
5.070957336425781250e+02
-8.443568229675292969e+00
4.151543617248535156e+00
-5.153987884521484375e+01
5.742221069335937500e+02
7.229080810546875000e+02
4.317971496582031250e+02
-1.107437705993652344e+01
-1.138918209075927734e+01
-7.089334106445312500e+01
1.173547439575195312e+02
1.495819549560546875e+02
5.044597778320312500e+02
-6.102346897125244141e+00
1.362386941909790039e+00
-5.257870864868164062e+01
-8.021818161010742188e+00
1.491750793457031250e+02
3.202825927734375000e+02
-7.942303657531738281e+00
3.059042692184448242e+00
-2.931589508056640625e+01
-2.587784528732299805e-01
-9.767119884490966797e-01
-2.108838558197021484e+00
5.051066279411315918e-01
-1.281024366617202759e-01
1.677827239036560059e+00
2.307309722900390625e+01
-1.854727172851562500e+02
-6.499559879302978516e+00
1.733046722412109375e+01
-9.825742721557617188e+00
1.175207138061523438e+01
3.597975158691406250e+01
-2.167721099853515625e+02
-1.471148204803466797e+01
5.493462371826171875e+01
-1.631360435485839844e+01
5.921791553497314453e+00
5.002731704711914062e+01
-9.084689331054687500e+01
-1.840490341186523438e+01
1.152728958129882812e+02
-1.715390396118164062e+01
-6.778002262115478516e+00
6.894237518310546875e+01
6.575979614257812500e+01
5.641343116760253906e+00
5.007648468017578125e+01
-2.118238830566406250e+01
-1.452708721160888672e+01
1.293566284179687500e+02
1.689638519287109375e+02
3.402050781250000000e+01
-1.739589233398437500e+02
-2.595594024658203125e+01
-3.089171791076660156e+01
3.060303955078125000e+02
2.055963745117187500e+02
7.955854034423828125e+01
-1.636991577148437500e+02
-2.408048629760742188e+01
-3.797457122802734375e+01
6.961956787109375000e+02
3.064586791992187500e+02
1.348175506591796875e+02
-9.234518432617187500e+01
-2.019285583496093750e+01
-2.455567550659179688e+01
9.704971923828125000e+02
5.144006347656250000e+02
1.863962097167968750e+02
-5.540042495727539062e+01
-1.232829570770263672e+01
-4.152488708496093750e+01
9.946411743164062500e+02
2.078503662109375000e+03
5.715966796875000000e+02
-5.415076065063476562e+01
-4.553344345092773438e+01
-5.533845901489257812e+01
2.753130859375000000e+03
7.635765991210937500e+02
7.003315429687500000e+02
-4.529521560668945312e+01
-1.754201126098632812e+01
-6.012086486816406250e+01
-1.041735382080078125e+02
4.485785522460937500e+02
6.991767578125000000e+02
-3.125276374816894531e+01
7.097598552703857422e+00
-5.556478118896484375e+01
-1.243719482421875000e+01
1.485219573974609375e+02
3.117853088378906250e+02
-6.903558731079101562e+00
4.302409648895263672e+00
-2.979272842407226562e+01
1.822625398635864258e+00
1.338702321052551270e+00
-1.786698341369628906e+00
7.872396707534790039e-01
-1.503822326660156250e+00
-8.825247287750244141e-01
1.406627197265625000e+02
-3.993985366821289062e+01
-2.777100944519042969e+01
1.642026901245117188e+00
-9.044369697570800781e+00
1.108348751068115234e+01
2.085534057617187500e+02
8.143235015869140625e+01
-2.535674095153808594e+01
6.870186328887939453e+00
-2.138214302062988281e+01
3.110544204711914062e+00
2.447103729248046875e+02
2.349915924072265625e+02
-1.656792449951171875e+01
-3.663920974731445312e+01
-3.300096130371093750e+01
-9.797857284545898438e+00
2.984240112304687500e+02
2.639690551757812500e+02
2.262459945678710938e+01
-1.469248962402343750e+02
-3.519245147705078125e+01
-3.061086463928222656e+01
4.400515747070312500e+02
2.045372619628906250e+02
5.951084136962890625e+01
-1.597346343994140625e+02
-3.575651168823242188e+01
-4.408914184570312500e+01
7.548424682617187500e+02
2.258623199462890625e+02
1.800254821777343750e+02
-8.432270050048828125e+01
-3.680701446533203125e+01
-4.421211242675781250e+01
1.112473754882812500e+03
4.461093139648437500e+02
4.346995239257812500e+02
-6.544906616210937500e+01
-4.161701965332031250e+01
-5.758093261718750000e+01
5.732440795898437500e+02
6.833307495117187500e+02
1.129747558593750000e+03
-6.229536056518554688e+01
-5.499006271362304688e+01
-9.461582183837890625e+01
2.423293457031250000e+03
5.999686279296875000e+02
1.130838134765625000e+03
-5.794194030761718750e+01
-5.020195007324218750e+01
-6.898312377929687500e+01
2.792646728515625000e+03
7.827113037109375000e+02
7.021282348632812500e+02
-4.466598129272460938e+01
-1.743192100524902344e+01
-5.752981185913085938e+01
1.075930328369140625e+02
1.522125701904296875e+02
5.043449707031250000e+02
-6.765183925628662109e+00
1.221220731735229492e+00
-5.199420166015625000e+01
3.625078201293945312e+01
-2.357038116455078125e+02
2.642527465820312500e+02
1.303633594512939453e+01
-3.173926770687103271e-01
-2.227318954467773438e+01
3.492619276046752930e+00
2.559160232543945312e+00
-6.080718636512756348e-01
-1.016852021217346191e+00
8.079294562339782715e-01
-5.738660693168640137e-01
1.082618865966796875e+02
2.345968933105468750e+02
-2.973517036437988281e+01
-2.511101341247558594e+01
-1.339897060394287109e+01
5.978596583008766174e-02
1.528737945556640625e+02
4.103021240234375000e+02
-2.177211189270019531e+01
-1.009847335815429688e+02
-2.794728279113769531e+01
-5.216890335083007812e+00
1.675336608886718750e+02
4.623173522949218750e+02
1.646788024902343750e+01
-1.835069274902343750e+02
-4.148255920410156250e+01
-2.245315551757812500e+01
1.864924621582031250e+02
3.483278808593750000e+02
4.440282440185546875e+01
-1.626900177001953125e+02
-4.028660202026367188e+01
-4.167741775512695312e+01
2.740885009765625000e+02
2.482140960693359375e+02
1.436044616699218750e+02
-7.030511474609375000e+01
-4.162969207763671875e+01
-6.178189086914062500e+01
4.713580322265625000e+02
2.329725952148437500e+02
4.313346252441406250e+02
-5.724432373046875000e+01
-5.135665130615234375e+01
-6.833287048339843750e+01
3.345882263183593750e+02
3.327468872070312500e+02
9.900699462890625000e+02
-5.366877365112304688e+01
-5.340261077880859375e+01
-1.071201705932617188e+02
5.874807739257812500e+02
6.791157836914062500e+02
1.137361450195312500e+03
-6.192404174804687500e+01
-5.492758178710937500e+01
-9.344574737548828125e+01
1.012210144042968750e+03
2.150612060546875000e+03
5.823549194335937500e+02
-5.234202957153320312e+01
-4.372536849975585938e+01
-5.401361846923828125e+01
7.012755126953125000e+02
6.072691650390625000e+02
4.301343078613281250e+02
-2.922877788543701172e+00
-2.185573959350585938e+01
-7.128096008300781250e+01
2.113607788085937500e+02
-4.220072021484375000e+02
2.263134613037109375e+02
3.025303459167480469e+01
-3.161358594894409180e+00
-4.733535385131835938e+01
-1.144368286132812500e+02
-3.214309082031250000e+02
1.130553894042968750e+02
1.994283294677734375e+01
6.787634372711181641e+00
-1.576695537567138672e+01
3.416608273983001709e-01
2.092128753662109375e+00
8.616167306900024414e-02
1.235343813896179199e+00
1.370970010757446289e-01
-1.764704108238220215e+00
7.831482696533203125e+01
2.778765869140625000e+02
-1.351119136810302734e+01
-5.701464462280273438e+01
-1.349000072479248047e+01
-1.969520092010498047e+00
1.028791809082031250e+02
3.210964660644531250e+02
2.082956504821777344e+01
-2.118178405761718750e+02
-3.349852752685546875e+01
-9.543345451354980469e+00
1.014043273925781250e+02
2.471058197021484375e+02
4.620563507080078125e+01
-1.583846435546875000e+02
-4.336761474609375000e+01
-3.326185989379882812e+01
1.055198822021484375e+02
1.745214691162109375e+02
7.604330444335937500e+01
-6.789144897460937500e+01
-3.833102416992187500e+01
-5.917924499511718750e+01
1.738576354980468750e+02
1.760030212402343750e+02
2.424433288574218750e+02
-4.408015441894531250e+01
-4.078482055664062500e+01
-8.622007751464843750e+01
1.713792266845703125e+02
1.811274566650390625e+02
2.473963470458984375e+02
-4.342103576660156250e+01
-4.050377273559570312e+01
-8.570021057128906250e+01
4.655860900878906250e+02
2.409960784912109375e+02
4.282735595703125000e+02
-5.587038040161132812e+01
-5.018759918212890625e+01
-7.885501098632812500e+01
1.119009887695312500e+03
4.433380126953125000e+02
4.420653686523437500e+02
-6.174716949462890625e+01
-4.113417434692382812e+01
-5.798442077636718750e+01
9.624257812500000000e+02
4.946148681640625000e+02
1.894867706298828125e+02
-5.542717361450195312e+01
-1.249645042419433594e+01
-4.353317260742187500e+01
-1.401140117645263672e+01
-1.472608795166015625e+02
1.413298339843750000e+02
-1.006769943237304688e+01
1.012871932983398438e+01
-4.170777511596679688e+01
-1.524577636718750000e+02
-3.935649414062500000e+02
7.821479797363281250e+01
2.001601409912109375e+01
1.116726112365722656e+01
-2.098539924621582031e+01
-1.095123443603515625e+02
-2.288891448974609375e+02
3.150385856628417969e+01
2.756876182556152344e+01
1.321364212036132812e+01
-1.761115431785583496e+00
-2.403244495391845703e+00
2.164348602294921875e+00
2.642096281051635742e-01
-2.606292724609375000e+00
1.161198969930410385e-02
-2.208892703056335449e-01
5.580403518676757812e+01
1.446564331054687500e+02
1.488298988342285156e+01
-1.067757720947265625e+02
-2.105768394470214844e+01
-8.871380686759948730e-01
6.089045333862304688e+01
1.209974060058593750e+02
6.671001434326171875e+01
-2.107730712890625000e+02
-3.840561676025390625e+01
-1.560356807708740234e+01
6.772700500488281250e+01
6.083871459960937500e+01
7.495298767089843750e+01
-1.138358917236328125e+02
-3.534890747070312500e+01
-4.530621337890625000e+01
1.126888046264648438e+02
6.182366561889648438e+01
9.119462585449218750e+01
-3.760813522338867188e+01
-2.784922409057617188e+01
-7.600131225585937500e+01
1.051796493530273438e+02
1.690691833496093750e+02
7.464931488037109375e+01
-6.799183654785156250e+01
-3.734605407714843750e+01
-5.931567382812500000e+01
2.715122070312500000e+02
2.480773010253906250e+02
1.431588287353515625e+02
-7.008329772949218750e+01
-3.997649765014648438e+01
-6.230631637573242188e+01
7.528933715820312500e+02
2.287129211425781250e+02
1.790886840820312500e+02
-8.414485931396484375e+01
-3.662427902221679688e+01
-4.596880340576171875e+01
7.101740722656250000e+02
3.054971008300781250e+02
1.345237121582031250e+02
-9.282743835449218750e+01
-1.998651504516601562e+01
-2.596396064758300781e+01
1.226969909667968750e+01
2.279421081542968750e+02
7.616614532470703125e+01
-8.494352722167968750e+01
4.807635307312011719e+00
-2.260026550292968750e+01
-7.761460113525390625e+01
-9.718146514892578125e+01
4.815609741210937500e+01
-5.338748550415039062e+01
1.698400115966796875e+01
-1.154322719573974609e+01
-2.106131744384765625e+02
-7.853855133056640625e+01
2.553985977172851562e+01
-6.808107376098632812e+00
2.076789093017578125e+01
-4.085817337036132812e+00
-1.356794738769531250e+02
-4.716719818115234375e+01
9.466485023498535156e+00
4.898869037628173828e+00
1.444219875335693359e+01
2.783455848693847656e+00
-1.537034511566162109e+00
4.446074068546295166e-01
6.906131505966186523e-01
-1.481835603713989258e+00
-2.679122388362884521e-01
-2.805966138839721680e-02
4.814552307128906250e+01
5.412710952758789062e+01
7.284457397460937500e+01
-1.113641357421875000e+02
-2.273448371887207031e+01
1.103515505790710449e+00
5.893470382690429688e+01
1.562691020965576172e+01
8.515840148925781250e+01
-1.813063659667968750e+02
-4.891433334350585938e+01
-1.393918514251708984e+01
6.711955261230468750e+01
5.836884689331054688e+01
7.520145416259765625e+01
-1.174800796508789062e+02
-3.517680740356445312e+01
-4.470723342895507812e+01
1.020669479370117188e+02
2.378459167480468750e+02
4.752674865722656250e+01
-1.740625305175781250e+02
-4.396334075927734375e+01
-3.319516372680664062e+01
1.877484893798828125e+02
3.449901733398437500e+02
4.396310043334960938e+01
-1.606442108154296875e+02
-4.065031433105468750e+01
-4.121704864501953125e+01
4.469025878906250000e+02
2.081169738769531250e+02
5.873345947265625000e+01
-1.557125854492187500e+02
-3.405456161499023438e+01
-4.469864273071289062e+01
3.034517822265625000e+02
2.076797485351562500e+02
7.984030151367187500e+01
-1.639409027099609375e+02
-2.291042137145996094e+01
-3.701303482055664062e+01
-3.348993301391601562e+01
2.562704467773437500e+02
5.202539825439453125e+01
-1.754558410644531250e+02
-1.109620094299316406e+01
-1.616367149353027344e+01
7.153762054443359375e+01
1.084800949096679688e+02
2.518774032592773438e+01
-1.705843811035156250e+02
2.908325195312500000e+00
-8.201035261154174805e-01
-4.735258102416992188e+01
8.299849700927734375e+01
1.943797111511230469e+01
-1.180764694213867188e+02
1.703850555419921875e+01
6.705924034118652344e+00
-2.128997344970703125e+02
1.467391967773437500e+02
3.839221715927124023e+00
-6.572448730468750000e+01
2.153776931762695312e+01
4.394150733947753906e+00
-1.446160125732421875e+02
9.352264404296875000e+01
-1.571748828887939453e+01
8.229119300842285156e+00
2.453627586364746094e+01
1.385506272315979004e+00
3.830363452434539795e-01
2.041062355041503906e+00
-1.454759761691093445e-02
-1.846898794174194336e-01
-5.925117135047912598e-01
-1.581948250532150269e-01
5.085854721069335938e+01
4.931576156616210938e+01
7.252763366699218750e+01
-9.770558166503906250e+01
-2.356807708740234375e+01
6.418597698211669922e-01
6.249283599853515625e+01
1.141800613403320312e+02
6.620407104492187500e+01
-2.103669738769531250e+02
-3.850530242919921875e+01
-1.379082965850830078e+01
9.842156982421875000e+01
3.269169006347656250e+02
1.903234291076660156e+01
-2.200778198242187500e+02
-3.326324462890625000e+01
-9.090003967285156250e+00
1.678260955810546875e+02
4.625523071289062500e+02
1.531417560577392578e+01
-1.902178039550781250e+02
-4.297456741333007812e+01
-2.235723495483398438e+01
3.005250244140625000e+02
2.705611572265625000e+02
2.260310745239257812e+01
-1.406754760742187500e+02
-3.516795349121093750e+01
-3.031334877014160156e+01
1.356806945800781250e+02
1.691040344238281250e+02
3.436532974243164062e+01
-1.690886383056640625e+02
-2.479778671264648438e+01
-3.175633430480957031e+01
-1.135795440673828125e+02
2.124667663574218750e+02
3.894293594360351562e+01
-1.998002166748046875e+02
-1.877343559265136719e+01
-1.205621719360351562e+01
1.315039157867431641e+01
2.591221008300781250e+02
2.202019119262695312e+01
-2.096216430664062500e+02
-1.583063983917236328e+01
4.820984363555908203e+00
1.427664947509765625e+02
1.930659027099609375e+02
2.887747049331665039e+00
-2.130442810058593750e+02
-2.949627161026000977e+00
1.426775455474853516e+01
-1.888716697692871094e+01
2.058437652587890625e+02
-2.702975463867187500e+01
-1.833755950927734375e+02
1.490964603424072266e+01
1.142023086547851562e+01
-2.094810485839843750e+02
2.095757446289062500e+02
-5.790217971801757812e+01
-5.264960861206054688e+01
3.284761047363281250e+01
8.543468117713928223e-01
-1.482398071289062500e+02
9.514637756347656250e+01
-1.449109554290771484e+01
5.285485267639160156e+00
2.467103958129882812e+01
8.588377237319946289e-01
-6.372307538986206055e-01
2.408895492553710938e+00
2.557279765605926514e-01
-1.646074801683425903e-01
-5.856347084045410156e-01
8.628326654434204102e-01
5.554650497436523438e+01
1.450297851562500000e+02
1.317431831359863281e+01
-1.062799377441406250e+02
-2.189539909362792969e+01
-1.005743145942687988e+00
7.575601959228515625e+01
2.798723449707031250e+02
-1.203072071075439453e+01
-5.573612213134765625e+01
-1.442387199401855469e+01
-1.385903954505920410e+00
1.525859832763671875e+02
4.160440673828125000e+02
-2.131594848632812500e+01
-1.024633178710937500e+02
-2.789267158508300781e+01
-4.080540657043457031e+00
2.444470062255859375e+02
2.408572998046875000e+02
-1.480093574523925781e+01
-3.145378684997558594e+01
-3.182356262207031250e+01
-1.017326450347900391e+01
6.885911560058593750e+01
6.912490844726562500e+01
5.869469642639160156e+00
4.978723907470703125e+01
-1.980105972290039062e+01
-1.679517745971679688e+01
-1.485707244873046875e+02
6.429609775543212891e+00
3.430556488037109375e+01
1.499171733856201172e+01
-1.031403923034667969e+01
-1.031307220458984375e+01
-7.893601989746093750e+01
9.782450103759765625e+01
2.908153343200683594e+01
-4.154211044311523438e+01
-5.700354099273681641e+00
2.683161258697509766e+00
1.083417739868164062e+02
2.698760070800781250e+02
-1.093533515930175781e+01
-1.163512878417968750e+02
-1.463546276092529297e+01
1.270804882049560547e+01
1.684338836669921875e+02
2.438920440673828125e+02
-6.207488632202148438e+01
-1.740098571777343750e+02
-8.877160072326660156e+00
1.075497245788574219e+01
-2.098598861694335938e+01
2.148723297119140625e+02
-2.795384788513183594e+01
-1.865548858642578125e+02
1.324790859222412109e+01
1.363749217987060547e+01
-2.160605010986328125e+02
1.553637695312500000e+02
3.525209665298461914e+00
-6.142134475708007812e+01
2.214778137207031250e+01
5.655894756317138672e+00
-1.370923919677734375e+02
-5.077313613891601562e+01
8.858707427978515625e+00
4.131749153137207031e+00
1.349060153961181641e+01
2.066245794296264648e+00
-7.481328845024108887e-01
-1.008617162704467773e+00
6.542721390724182129e-02
2.680772781372070312e+00
5.167159438133239746e-02
8.837727904319763184e-01
-3.677418529987335205e-01
-1.168496131896972656e+00
2.663278281688690186e-01
6.586266756057739258e-01
-1.021602526307106018e-01
-1.477023214101791382e-01
1.061689224243164062e+02
2.365827026367187500e+02
-3.080044364929199219e+01
-2.347208213806152344e+01
-1.302473545074462891e+01
7.063590884208679199e-01
2.075341491699218750e+02
8.365853881835937500e+01
-2.579376029968261719e+01
8.104928970336914062e+00
-2.009696388244628906e+01
2.586771726608276367e+00
4.763127136230468750e+01
-9.442192077636718750e+01
-1.868263816833496094e+01
1.089934692382812500e+02
-1.668721771240234375e+01
-7.892773151397705078e+00
-1.431347503662109375e+02
-2.042584228515625000e+02
-2.809473276138305664e+00
2.077121582031250000e+02
2.312669038772583008e+00
-1.340061378479003906e+01
-1.062375411987304688e+02
-2.769486389160156250e+02
1.053869247436523438e+01
1.206169052124023438e+02
1.510416793823242188e+01
-1.226208782196044922e+01
-9.502911567687988281e-02
-8.539955615997314453e-01
1.357952207326889038e-01
-1.939249187707901001e-01
-5.558309704065322876e-02
2.984469532966613770e-01
1.066078186035156250e+02
2.756963806152343750e+02
-9.990641593933105469e+00
-1.207867660522460938e+02
-1.513908195495605469e+01
1.259609603881835938e+01
1.438002319335937500e+02
2.028894653320312500e+02
3.049591064453125000e+00
-2.065597381591796875e+02
-2.105128526687622070e+00
1.381360816955566406e+01
-4.709811019897460938e+01
9.205831146240234375e+01
1.870436286926269531e+01
-1.078613128662109375e+02
1.691692924499511719e+01
7.842242240905761719e+00
-2.071867370605468750e+02
-8.572727203369140625e+01
2.589801406860351562e+01
-7.307420253753662109e+00
1.972789955139160156e+01
-2.591370582580566406e+00
-1.061983261108398438e+02
-2.390418853759765625e+02
3.089964675903320312e+01
2.538541793823242188e+01
1.273050308227539062e+01
-5.453743934631347656e-01
-1.191258621215820312e+02
-3.335714416503906250e+02
1.120188064575195312e+02
2.000489616394042969e+01
6.348194599151611328e+00
-1.386797714233398438e+01
-5.890444517135620117e-01
-6.711142063140869141e-01
-4.891512095928192139e-01
-2.216044813394546509e-01
5.892220139503479004e-01
4.777011573314666748e-01
1.402987823486328125e+02
-4.463275527954101562e+01
-2.725386238098144531e+01
4.175007641315460205e-01
-9.015642166137695312e+00
9.441569328308105469e+00
3.472673416137695312e+01
-2.225006408691406250e+02
-1.465493488311767578e+01
5.348565673828125000e+01
-1.703977584838867188e+01
4.938689231872558594e+00
-1.325148010253906250e+02
-3.034588928222656250e+02
8.589726448059082031e+00
1.820742492675781250e+02
1.641218781471252441e+00
-1.036184692382812500e+01
-1.173226928710937500e+02
-4.517882080078125000e+02
5.617936611175537109e+00
2.774122314453125000e+02
2.583396911621093750e+01
-2.451942062377929688e+01
-1.068095855712890625e+02
-2.680900268554687500e+02
1.024196529388427734e+01
1.162357788085937500e+02
1.276452827453613281e+01
-1.328066253662109375e+01
-7.856583404541015625e+01
1.102218017578125000e+02
2.880625534057617188e+01
-3.806824493408203125e+01
-6.029991149902343750e+00
3.370339155197143555e+00
1.135704517364501953e+01
2.661313476562500000e+02
2.099041366577148438e+01
-2.181672210693359375e+02
-1.551776123046875000e+01
6.334262371063232422e+00
7.261946868896484375e+01
1.087035064697265625e+02
2.479186248779296875e+01
-1.714267730712890625e+02
2.576791763305664062e+00
-1.034507751464843750e+00
-7.391401672363281250e+01
-1.065376129150390625e+02
4.581771087646484375e+01
-5.119009017944335938e+01
1.605888557434082031e+01
-1.223821735382080078e+01
-1.489751281738281250e+02
-4.081125488281250000e+02
7.698360443115234375e+01
2.080764770507812500e+01
1.062160778045654297e+01
-2.054820632934570312e+01
2.188054809570312500e+02
-4.236820373535156250e+02
2.156396789550781250e+02
3.012556838989257812e+01
-2.951207399368286133e+00
-4.515408325195312500e+01
3.716120910644531250e+01
-2.278204345703125000e+02
2.633897399902343750e+02
1.298800754547119141e+01
2.373255938291549683e-01
-2.128415679931640625e+01
4.034166038036346436e-02
1.587625741958618164e+00
8.823153376579284668e-01
-1.320276260375976562e-01
8.976455330848693848e-01
-6.623688340187072754e-01
2.391427421569824219e+01
-1.868318023681640625e+02
-7.635947227478027344e+00
1.656030654907226562e+01
-9.877820014953613281e+00
1.259702014923095703e+01
-9.217247772216796875e+01
-2.866191406250000000e+02
8.678265661001205444e-02
5.583013916015625000e+01
-4.522317409515380859e+00
1.203188800811767578e+01
-1.307339172363281250e+02
-2.999928894042968750e+02
9.682470321655273438e+00
1.813186035156250000e+02
1.561928749084472656e+00
-1.151140785217285156e+01
-1.421300354003906250e+02
-1.910078582763671875e+02
-2.947628498077392578e+00
2.135214233398437500e+02
6.393719911575317383e-01
-1.477402782440185547e+01
-1.458330688476562500e+02
1.338485145568847656e+01
3.276253509521484375e+01
2.041940307617187500e+01
-1.017138195037841797e+01
-8.894630432128906250e+00
-1.153041076660156250e+02
2.170123138427734375e+02
3.803276824951171875e+01
-1.938780517578125000e+02
-1.866674041748046875e+01
-1.075615596771240234e+01
-3.479307174682617188e+01
2.552841186523437500e+02
5.179858398437500000e+01
-1.723897247314453125e+02
-1.166635894775390625e+01
-1.657140922546386719e+01
1.064967250823974609e+01
2.249610595703125000e+02
7.482948303222656250e+01
-8.296595001220703125e+01
5.869472980499267578e+00
-2.154372024536132812e+01
-1.058069324493408203e+01
-1.467024993896484375e+02
1.351332397460937500e+02
-9.868649482727050781e+00
9.703627586364746094e+00
-4.043009567260742188e+01
1.599959716796875000e+02
1.908703460693359375e+02
9.234674835205078125e+01
-4.351662158966064453e+00
-4.077650070190429688e+00
-9.944029235839843750e+01
-1.192508602142333984e+01
-1.534175720214843750e+02
1.408580627441406250e+02
-8.536558151245117188e+00
8.984842300415039062e+00
-4.109552764892578125e+01
-4.528565216064453125e+01
8.285947418212890625e+01
1.017807312011718750e+02
-1.949805259704589844e+01
1.348301124572753906e+01
-2.368274307250976562e+01
-2.655198287963867188e+01
1.856469879150390625e+02
8.451053619384765625e+00
-1.646506500244140625e+01
9.793668746948242188e+00
-1.094219207763671875e+01
-1.715584248304367065e-01
-1.053043231368064880e-01
-1.201830863952636719e+00
-3.908537328243255615e-01
3.317789137363433838e-01
-1.106661677360534668e+00
1.321676063537597656e+01
-2.105732574462890625e+02
1.253608036041259766e+01
4.250054550170898438e+01
-2.524737596511840820e+00
-3.627991199493408203e+00
1.487467956542968750e+01
-2.888335571289062500e+02
1.137770271301269531e+01
1.667589569091796875e+02
-6.077108860015869141e+00
-1.250583648681640625e+01
2.111612701416015625e+01
-2.121290130615234375e+02
2.752605056762695312e+01
1.831058502197265625e+02
-1.488594722747802734e+01
-1.312714099884033203e+01
5.258621597290039062e+01
-3.583652114868164062e+01
4.680821228027343750e+01
-1.085700511932373047e+01
-2.176469230651855469e+01
-1.808572959899902344e+01
1.300831298828125000e+02
1.685721282958984375e+02
3.416443252563476562e+01
-1.711851196289062500e+02
-2.613855361938476562e+01
-3.153949356079101562e+01
2.923981933593750000e+02
2.913492736816406250e+02
3.714409637451171875e+01
-1.671960449218750000e+02
-2.110072135925292969e+01
-2.355669403076171875e+01
3.268771057128906250e+02
3.562763671875000000e+02
5.392715072631835938e+01
-1.020715866088867188e+02
-1.022709465026855469e+01
-1.321124649047851562e+01
4.413023071289062500e+02
1.245132568359375000e+03
1.340791473388671875e+02
-6.917991638183593750e+01
-3.115295028686523438e+01
-2.505450248718261719e+01
9.686887817382812500e+02
5.264694213867187500e+02
1.891493682861328125e+02
-5.363470077514648438e+01
-1.313070678710937500e+01
-4.344805526733398438e+01
-1.535988211631774902e+00
3.522052612304687500e+02
3.162434692382812500e+02
-4.627491378784179688e+01
8.296742439270019531e+00
-4.380074691772460938e+01
8.758124351501464844e+00
3.004151000976562500e+02
9.869104003906250000e+01
-3.226041030883789062e+01
1.239947128295898438e+01
-2.977129554748535156e+01
-2.444193649291992188e+01
1.852511901855468750e+02
9.010099411010742188e+00
-1.653536415100097656e+01
9.162655830383300781e+00
-1.312496852874755859e+01
2.068956851959228516e+00
-4.499553203582763672e+00
-1.021626368165016174e-01
6.155875921249389648e-01
-8.058526515960693359e-01
-9.946464300155639648e-01
1.814551696777343750e+02
-2.209804229736328125e+02
-4.327839374542236328e+00
3.250142669677734375e+01
-6.172520160675048828e+00
1.788513541221618652e+00
2.150367736816406250e+02
-1.557049102783203125e+02
-3.867525339126586914e+00
6.543735504150390625e+01
-2.158937263488769531e+01
-4.562170982360839844e+00
2.616425781250000000e+02
-2.894982099533081055e+00
2.880072593688964844e+01
-1.666011810302734375e+01
-4.023195266723632812e+01
-1.781056976318359375e+01
3.515933837890625000e+02
9.262329101562500000e+01
3.798146820068359375e+01
-1.936166534423828125e+02
-3.628823852539062500e+01
-3.895737838745117188e+01
4.479443664550781250e+02
2.044522857666015625e+02
5.940759658813476562e+01
-1.532410583496093750e+02
-3.548870849609375000e+01
-4.623702239990234375e+01
5.463110961914062500e+02
5.269032592773437500e+02
7.938125610351562500e+01
-9.129190063476562500e+01
-3.486213684082031250e+01
-3.135765457153320312e+01
3.275618591308593750e+02
6.198780517578125000e+02
2.163425598144531250e+02
-6.399904632568359375e+01
-4.128655624389648438e+01
-6.247428894042968750e+01
1.104560668945312500e+03
4.447625732421875000e+02
4.361633300781250000e+02
-6.363460540771484375e+01
-4.144710540771484375e+01
-5.739689636230468750e+01
1.958868041992187500e+03
3.650626831054687500e+02
4.721645202636718750e+02
-6.066504669189453125e+01
-1.923616218566894531e+01
-5.619299697875976562e+01
-6.412594318389892578e+00
3.521785583496093750e+02
3.167845764160156250e+02
-4.788100051879882812e+01
8.102299690246582031e+00
-4.399745178222656250e+01
-4.537610626220703125e+01
8.512820434570312500e+01
1.011400070190429688e+02
-1.987295722961425781e+01
1.376662254333496094e+01
-2.460272979736328125e+01
-1.382168579101562500e+02
4.394902801513671875e+01
2.685618972778320312e+01
-9.525379538536071777e-02
8.219799041748046875e+00
-1.095611572265625000e+01
2.562595345079898834e-02
3.976154088973999023e+00
5.135356783866882324e-01
2.581709623336791992e+00
8.648785762488842010e-03
-1.777696423232555389e-02
1.350000000000000000e+02
5.105640029907226562e+01
-9.236773490905761719e+00
-7.647097587585449219e+00
-1.203432273864746094e+01
-9.855270981788635254e-01
1.771386108398437500e+02
1.518826446533203125e+02
1.904428672790527344e+01
-8.701793670654296875e+01
-3.293917846679687500e+01
-4.260882854461669922e+00
2.013995056152343750e+02
1.361015777587890625e+02
4.599739837646484375e+01
-1.962027435302734375e+02
-4.984741210937500000e+01
-2.584040832519531250e+01
2.606536560058593750e+02
8.269399261474609375e+01
6.148822021484375000e+01
-1.320485839843750000e+02
-3.804011535644531250e+01
-4.419402313232421875e+01
2.728812866210937500e+02
2.456556396484375000e+02
1.437842712402343750e+02
-6.924237060546875000e+01
-4.093089675903320312e+01
-6.360582351684570312e+01
1.704130859375000000e+02
1.814200592041015625e+02
2.466684112548828125e+02
-4.343669509887695312e+01
-4.051641082763671875e+01
-8.557920074462890625e+01
4.662936096191406250e+02
2.406230010986328125e+02
4.262778320312500000e+02
-5.602693557739257812e+01
-5.017348861694335938e+01
-7.874666595458984375e+01
1.116747436523437500e+03
4.415672302246093750e+02
4.387172851562500000e+02
-6.214311218261718750e+01
-4.093578720092773438e+01
-5.715058898925781250e+01
9.594993896484375000e+02
5.000289916992187500e+02
1.892617034912109375e+02
-5.585106658935546875e+01
-1.251514720916748047e+01
-4.313240432739257812e+01
-1.544398498535156250e+01
-1.421660003662109375e+02
1.414616394042968750e+02
-9.953496932983398438e+00
1.000319290161132812e+01
-4.153981399536132812e+01
-1.505143127441406250e+02
-3.948231506347656250e+02
7.840325927734375000e+01
1.980519104003906250e+01
1.112044906616210938e+01
-2.099263381958007812e+01
-1.082660064697265625e+02
-2.296971435546875000e+02
3.165645408630371094e+01
2.761771965026855469e+01
1.308656787872314453e+01
-1.559087276458740234e+00
-1.745612859725952148e+00
3.241078138351440430e+00
1.539754271507263184e-01
-2.839201211929321289e+00
-1.115633547306060791e-01
2.806391753256320953e-02
5.598381805419921875e+01
1.451952972412109375e+02
1.471567821502685547e+01
-1.064387512207031250e+02
-2.098044204711914062e+01
-6.980795264244079590e-01
6.140950012207031250e+01
1.208512115478515625e+02
6.686080169677734375e+01
-2.113532257080078125e+02
-3.818544769287109375e+01
-1.557314586639404297e+01
6.800346374511718750e+01
6.073742675781250000e+01
7.494044494628906250e+01
-1.139310455322265625e+02
-3.539443588256835938e+01
-4.543558883666992188e+01
1.121573410034179688e+02
6.180610275268554688e+01
9.114808654785156250e+01
-3.756474304199218750e+01
-2.785147857666015625e+01
-7.601360321044921875e+01
7.169658660888671875e+01
7.201599121093750000e+01
1.118021621704101562e+02
-1.729772758483886719e+01
-1.822011947631835938e+01
-9.507804107666015625e+01
1.706969299316406250e+02
1.810072326660156250e+02
2.457819061279296875e+02
-4.035387420654296875e+01
-4.039604949951171875e+01
-8.844218444824218750e+01
3.297755126953125000e+02
6.139163208007812500e+02
2.181520843505859375e+02
-6.252275085449218750e+01
-4.286410903930664062e+01
-6.361956787109375000e+01
4.526630554199218750e+02
1.249369018554687500e+03
1.324973907470703125e+02
-7.008638763427734375e+01
-3.051288032531738281e+01
-2.466964149475097656e+01
2.061125793457031250e+02
1.392629089355468750e+02
9.154954528808593750e+01
1.426143884658813477e+00
-1.157158374786376953e+01
-9.858811950683593750e+01
-1.198620834350585938e+02
-5.423305053710937500e+02
7.070531463623046875e+01
2.854320907592773438e+01
6.528506278991699219e+00
-3.138747787475585938e+01
-2.140548858642578125e+02
-5.064925537109375000e+02
4.767044830322265625e+01
5.713869857788085938e+01
1.752038955688476562e+01
-6.716557025909423828e+00
-7.286061859130859375e+01
-2.786972351074218750e+02
1.341426658630371094e+01
5.455324935913085938e+01
1.391802787780761719e+01
2.439126253128051758e+00
-5.751332044601440430e-01
3.699728250503540039e+00
1.419375300407409668e+00
-5.046506881713867188e+00
2.591007649898529053e-01
-1.155859082937240601e-01
2.213283348083496094e+01
5.127256774902343750e+01
8.938359832763671875e+01
-1.826210021972656250e+02
-1.431831359863281250e+01
-2.129647254943847656e+00
2.449935913085937500e+01
1.114979743957519531e+01
1.208499908447265625e+02
-1.559580535888671875e+02
-2.662435340881347656e+01
-2.515384292602539062e+01
3.127909660339355469e+01
2.518462944030761719e+01
1.047282714843750000e+02
-2.624687194824218750e+01
-4.870388984680175781e+00
-7.928924560546875000e+01
3.134754180908203125e+01
2.335620117187500000e+01
1.030748672485351562e+02
-2.327663612365722656e+01
-5.786770820617675781e+00
-7.955530548095703125e+01
1.115716934204101562e+02
6.423977661132812500e+01
9.129043579101562500e+01
-3.696770477294921875e+01
-2.709909820556640625e+01
-7.678723144531250000e+01
2.710412597656250000e+02
2.501829681396484375e+02
1.421053314208984375e+02
-6.847201538085937500e+01
-4.120404434204101562e+01
-6.438555908203125000e+01
5.441648559570312500e+02
5.366785888671875000e+02
7.957021331787109375e+01
-9.227326202392578125e+01
-3.416217803955078125e+01
-3.147565460205078125e+01
3.292697448730468750e+02
3.539336853027343750e+02
5.601050567626953125e+01
-1.015937347412109375e+02
-1.008665657043457031e+01
-1.280784988403320312e+01
-7.130027770996093750e+01
-3.143653259277343750e+02
6.928839874267578125e+01
-5.416898727416992188e+01
1.198040294647216797e+01
-1.493293476104736328e+01
-2.300611877441406250e+02
-5.421697387695312500e+02
5.392916488647460938e+01
4.922305679321289062e+01
2.112399291992187500e+01
-3.173524379730224609e+00
-1.512285461425781250e+02
-4.179346313476562500e+02
2.085544395446777344e+01
1.000234832763671875e+02
2.845358467102050781e+01
4.327105045318603516e+00
-5.793350982666015625e+01
-1.424177246093750000e+02
-1.241904163360595703e+01
1.082054748535156250e+02
2.210284805297851562e+01
9.390785694122314453e-01
-3.709136545658111572e-01
5.031968116760253906e+00
-1.656121015548706055e-01
-4.250317096710205078e+00
1.456703782081604004e+00
5.525938868522644043e-01
8.954860687255859375e+00
-3.740060567855834961e+00
1.455566253662109375e+02
-1.740688476562500000e+02
-1.451092815399169922e+01
-4.274558067321777344e+00
9.648793220520019531e+00
-5.073911666870117188e+00
1.634584655761718750e+02
-8.036094665527343750e+01
-3.579210662841796875e+01
-2.544884681701660156e+01
2.434978103637695312e+01
1.233900642395019531e+01
1.233699951171875000e+02
-1.564937438964843750e+02
-3.211092376708984375e+01
-2.356148529052734375e+01
6.681761169433593750e+01
5.915874862670898438e+01
7.513186645507812500e+01
-1.176713638305664062e+02
-3.427655029296875000e+01
-4.421825027465820312e+01
2.610278930664062500e+02
8.613024902343750000e+01
6.299272155761718750e+01
-1.307132263183593750e+02
-3.662549591064453125e+01
-4.421117782592773438e+01
4.474049682617187500e+02
2.088525543212890625e+02
6.032556533813476562e+01
-1.548972778320312500e+02
-3.454085922241210938e+01
-4.377783966064453125e+01
2.931681518554687500e+02
2.966571655273437500e+02
3.836879730224609375e+01
-1.652408599853515625e+02
-2.148040580749511719e+01
-2.207360839843750000e+01
1.732598686218261719e+01
7.545638275146484375e+01
4.172284698486328125e+01
-1.339479675292968750e+02
-4.697871208190917969e-01
-7.893480300903320312e+00
-9.596705627441406250e+01
-2.611293945312500000e+02
4.342483520507812500e+01
2.254552459716796875e+01
1.644776535034179688e+01
9.045996069908142090e-01
-2.432108612060546875e+02
-2.447367858886718750e+02
1.668019866943359375e+01
2.423011016845703125e+01
3.266181182861328125e+01
9.944842338562011719e+00
-1.787442169189453125e+02
-1.485139770507812500e+02
-1.834662437438964844e+01
8.501213073730468750e+01
3.521051788330078125e+01
4.714126110076904297e+00
-5.009424591064453125e+01
-4.273787307739257812e+01
-7.510427856445312500e+01
1.027335433959960938e+02
2.353791618347167969e+01
4.939853847026824951e-01
1.750316262245178223e+00
-1.074647665023803711e+00
-9.737652540206909180e-01
5.305578112602233887e-01
-5.481085777282714844e-01
-7.736679911613464355e-01
8.982878684997558594e+00
-4.453824996948242188e+00
1.468124694824218750e+02
-1.765661010742187500e+02
-1.443541049957275391e+01
-3.536196947097778320e+00
2.362944984436035156e+01
4.753121566772460938e+01
8.716167449951171875e+01
-1.861255340576171875e+02
-1.349220561981201172e+01
8.416285514831542969e-01
6.066627502441406250e+01
1.191571350097656250e+02
6.722935485839843750e+01
-2.086298217773437500e+02
-3.851265716552734375e+01
-1.511601161956787109e+01
1.996633300781250000e+02
1.365043029785156250e+02
4.521281814575195312e+01
-1.901467132568359375e+02
-4.965831375122070312e+01
-2.693116569519042969e+01
3.603810424804687500e+02
9.159209442138671875e+01
3.796081161499023438e+01
-1.981083068847656250e+02
-3.520413589477539062e+01
-4.018696212768554688e+01
1.346942596435546875e+02
1.693784027099609375e+02
3.435831069946289062e+01
-1.710066223144531250e+02
-2.570441246032714844e+01
-3.257098007202148438e+01
-5.720080184936523438e+01
1.816007385253906250e+02
2.707212257385253906e+01
-1.297163848876953125e+02
-1.118405055999755859e+01
-1.066202735900878906e+01
7.665677642822265625e+01
-7.742987823486328125e+01
1.843163108825683594e+01
-1.085378799438476562e+02
4.938943862915039062e+00
2.483188629150390625e+00
-6.657354736328125000e+01
-6.958728790283203125e+01
-5.713294506072998047e+00
-5.542455673217773438e+01
1.985999298095703125e+01
1.672797393798828125e+01
-2.637229309082031250e+02
6.410646438598632812e+00
-2.976316261291503906e+01
1.800490570068359375e+01
4.060101699829101562e+01
1.857222366333007812e+01
-1.891483917236328125e+02
-2.243747520446777344e+01
-4.871725082397460938e+01
5.376882171630859375e+01
4.014606857299804688e+01
4.521315097808837891e+00
-4.981520462036132812e+01
-4.853602218627929688e+01
-7.453561401367187500e+01
1.011867675781250000e+02
2.341709327697753906e+01
8.038933277130126953e-01
1.326098442077636719e+00
2.605942964553833008e+00
-3.092978298664093018e-01
8.824822306632995605e-01
2.765817344188690186e-01
2.623380422592163086e-01
-2.600820958614349365e-01
-1.211106538772583008e+00
2.542577683925628662e-01
7.450780868530273438e-01
-1.002958565950393677e-01
6.405194997787475586e-01
5.581034469604492188e+01
1.422978820800781250e+02
1.344316577911376953e+01
-1.031904525756835938e+02
-2.196335601806640625e+01
-1.377340435981750488e+00
1.777244873046875000e+02
1.505032501220703125e+02
1.829913330078125000e+01
-7.991683959960937500e+01
-3.359938430786132812e+01
-3.379299402236938477e+00
2.650052490234375000e+02
-8.342767715454101562e+00
2.854358291625976562e+01
-2.331294250488281250e+01
-3.959236145019531250e+01
-1.953776550292968750e+01
5.329093170166015625e+01
-4.448696517944335938e+01
4.664007568359375000e+01
-1.431854152679443359e+01
-2.116935157775878906e+01
-2.000188827514648438e+01
-1.494081573486328125e+02
8.230838775634765625e+00
3.408266448974609375e+01
1.846965217590332031e+01
-1.088964939117431641e+01
-1.111320209503173828e+01
2.887912094593048096e-01
-1.432795882225036621e+00
-3.494030535221099854e-01
-4.106754362583160400e-01
-1.356636881828308105e-01
8.637491613626480103e-02
1.494190368652343750e+02
-9.392959594726562500e+00
-3.481441497802734375e+01
-1.943128585815429688e+01
1.047784519195556641e+01
1.136509418487548828e+01
-5.307691192626953125e+01
4.366440200805664062e+01
-4.686842346191406250e+01
1.354377174377441406e+01
2.130118370056152344e+01
2.002880668640136719e+01
-2.644951477050781250e+02
6.481927394866943359e+00
-2.879623985290527344e+01
2.417830657958984375e+01
3.995119857788085938e+01
1.887878608703613281e+01
-1.786073455810546875e+02
-1.527371215820312500e+02
-1.848425102233886719e+01
8.152793884277343750e+01
3.398263549804687500e+01
3.473430156707763672e+00
-5.597313308715820312e+01
-1.442369689941406250e+02
-1.290797138214111328e+01
1.056472702026367188e+02
2.206338119506835938e+01
2.425098657608032227e+00
-7.584659576416015625e+01
-2.827702941894531250e+02
1.273794078826904297e+01
5.951983261108398438e+01
1.416958522796630859e+01
2.601412534713745117e+00
-4.696292579174041748e-01
-1.494075655937194824e+00
3.615039288997650146e-01
1.339570760726928711e+00
-6.708535552024841309e-02
1.065045148134231567e-01
1.359127960205078125e+02
4.948060989379882812e+01
-8.659206390380859375e+00
-2.171385288238525391e+00
-1.369883441925048828e+01
-1.780134081840515137e+00
2.165177612304687500e+02
-1.557562713623046875e+02
-3.175451517105102539e+00
6.373350906372070312e+01
-2.212585639953613281e+01
-5.534959316253662109e+00
2.206577491760253906e+01
-2.153974609375000000e+02
2.821656227111816406e+01
1.879559326171875000e+02
-1.291147804260253906e+01
-1.363898658752441406e+01
-1.680369873046875000e+02
-2.450517272949218750e+02
6.124871444702148438e+01
1.739688262939453125e+02
8.523357391357421875e+00
-1.070190143585205078e+01
-1.076443176269531250e+02
-2.716159973144531250e+02
1.042117404937744141e+01
1.152112731933593750e+02
1.430897808074951172e+01
-1.246885871887207031e+01
7.877490234375000000e+01
-1.000659255981445312e+02
-2.933368873596191406e+01
4.159067535400390625e+01
5.615612506866455078e+00
-2.356694936752319336e+00
1.479892120361328125e+02
-8.218141555786132812e+00
-3.458894729614257812e+01
-1.432033538818359375e+01
1.040138149261474609e+01
1.046140098571777344e+01
-6.880804443359375000e+01
-7.148612976074218750e+01
-5.856920242309570312e+00
-4.893830490112304688e+01
2.026628112792968750e+01
1.676870727539062500e+01
-2.446365509033203125e+02
-2.424420166015625000e+02
1.499689388275146484e+01
3.322523880004882812e+01
3.176423454284667969e+01
1.010262584686279297e+01
-1.519084167480468750e+02
-4.180891418457031250e+02
2.155332565307617188e+01
1.046321640014648438e+02
2.758471107482910156e+01
4.591634750366210938e+00
-2.175797882080078125e+02
-5.099745483398437500e+02
4.533712387084960938e+01
5.911515426635742188e+01
1.742114067077636719e+01
-6.267049789428710938e+00
-1.089504623413085938e+02
-2.371564331054687500e+02
3.108497238159179688e+01
2.724353790283203125e+01
1.267212295532226562e+01
-8.638972640037536621e-01
-1.633794307708740234e+00
2.198322296142578125e+00
6.513354778289794922e-01
-8.014194369316101074e-01
2.662872076034545898e-01
-1.055455088615417480e+00
1.836643066406250000e+02
-2.264203338623046875e+02
-3.833791017532348633e+00
3.508571243286132812e+01
-6.391803741455078125e+00
-5.373766422271728516e-01
1.584146785736083984e+01
-2.902205505371093750e+02
1.185892772674560547e+01
1.722980804443359375e+02
-5.570450305938720703e+00
-1.300854778289794922e+01
-1.620691833496093750e+02
-3.575018310546875000e+02
6.318476486206054688e+01
3.112277832031250000e+02
2.734021186828613281e+01
-2.279134941101074219e+01
-1.490711212158203125e+02
-5.164803466796875000e+02
7.847547149658203125e+01
2.793188781738281250e+02
3.041950416564941406e+01
-2.552489852905273438e+01
-1.080359954833984375e+02
-2.714990844726562500e+02
1.076074314117431641e+01
1.145968093872070312e+02
1.492434787750244141e+01
-1.291108989715576172e+01
8.855439722537994385e-02
2.962041497230529785e-01
3.011445105075836182e-01
-2.251742124557495117e+00
4.764277935028076172e-01
-4.421188235282897949e-01
7.633483123779296875e+01
-7.167618560791015625e+01
1.840463829040527344e+01
-1.075350723266601562e+02
3.996242523193359375e+00
3.195075273513793945e+00
-9.767451477050781250e+01
-2.638711853027343750e+02
4.280686950683593750e+01
1.776069068908691406e+01
1.596824741363525391e+01
7.313601970672607422e-01
-2.314694671630859375e+02
-5.460239868164062500e+02
5.440478897094726562e+01
4.832002639770507812e+01
2.135925483703613281e+01
-3.724851608276367188e+00
-1.122576141357421875e+02
-5.478302612304687500e+02
6.889563751220703125e+01
3.072860908508300781e+01
4.925218582153320312e+00
-3.192340087890625000e+01
-1.519590911865234375e+02
-4.017260437011718750e+02
8.108744812011718750e+01
2.149040222167968750e+01
1.181765174865722656e+01
-2.140394401550292969e+01
-1.426808776855468750e+02
4.668372344970703125e+01
2.738770103454589844e+01
-7.942729592323303223e-01
8.995740890502929688e+00
-1.123491764068603516e+01
-4.177387237548828125e+00
5.105184555053710938e+00
1.686153411865234375e-01
7.652288675308227539e-01
1.557113051414489746e+00
-1.490970253944396973e+00
1.173815822601318359e+01
-2.054999084472656250e+02
1.169461059570312500e+01
4.407415390014648438e+01
-1.250245451927185059e+00
-4.833027362823486328e+00
-1.380846405029296875e+02
-2.893173217773437500e+02
3.193429374694824219e+01
1.619480895996093750e+02
2.166082191467285156e+01
-2.888758850097656250e+01
-1.612589263916015625e+02
-3.558009033203125000e+02
6.349183654785156250e+01
3.129162292480468750e+02
2.451482200622558594e+01
-2.605519866943359375e+01
-1.665867919921875000e+02
-2.411374206542968750e+02
6.010150527954101562e+01
1.746120910644531250e+02
8.717441558837890625e+00
-1.293614768981933594e+01
-1.456699218750000000e+02
1.065960502624511719e+01
3.399638748168945312e+01
2.011755561828613281e+01
-1.177492523193359375e+01
-1.034976768493652344e+01
-6.110479736328125000e+01
1.818434753417968750e+02
2.855249023437500000e+01
-1.289518127441406250e+02
-1.128000164031982422e+01
-9.689089775085449219e+00
1.624832534790039062e+01
7.501839447021484375e+01
4.229590988159179688e+01
-1.357738189697265625e+02
-1.830779761075973511e-01
-8.135613441467285156e+00
-7.084599304199218750e+01
-3.136091308593750000e+02
7.047063446044921875e+01
-5.462616729736328125e+01
1.219784641265869141e+01
-1.551015663146972656e+01
4.596730422973632812e+01
5.600781631469726562e+01
1.324203033447265625e+02
-2.062394714355468750e+02
3.336376428604125977e+00
3.728420019149780273e+00
-7.008368682861328125e+01
-3.137861022949218750e+02
6.872377777099609375e+01
-5.298801040649414062e+01
1.163277816772460938e+01
-1.641471672058105469e+01
-7.708547973632812500e+01
-1.046943054199218750e+02
4.690187454223632812e+01
-5.105998611450195312e+01
1.574054908752441406e+01
-1.136844253540039062e+01
-3.509583663940429688e+01
2.181190185546875000e+02
1.406621265411376953e+01
-5.740345382690429688e+01
1.708472442626953125e+01
-5.205630302429199219e+00
-1.107848072052001953e+01
2.102762451171875000e+02
-1.324670600891113281e+01
-4.197841644287109375e+01
2.431281805038452148e+00
3.336124897003173828e+00
-5.062769651412963867e-01
-1.825714111328125000e-01
-5.423286557197570801e-01
-9.103899002075195312e-01
5.140551328659057617e-01
2.282561779022216797e+00
1.912631630897521973e+00
-2.102442169189453125e+02
8.194066619873046875e+01
1.567640838623046875e+02
8.647443056106567383e-01
-2.546727180480957031e+01
4.899027824401855469e+00
-3.257723083496093750e+02
1.010940628051757812e+02
2.240138244628906250e+02
-7.214990615844726562e+00
-1.147176265716552734e+01
1.986680412292480469e+01
-2.117332611083984375e+02
2.896273040771484375e+01
1.881435699462890625e+02
-1.403777885437011719e+01
-1.144844150543212891e+01
6.592885589599609375e+01
6.920548248291015625e+01
6.117558002471923828e+00
5.569078445434570312e+01
-1.957769012451171875e+01
-1.638644981384277344e+01
1.467925567626953125e+02
3.040807800292968750e+02
1.098731136322021484e+01
-5.756805419921875000e+01
-2.134763336181640625e+01
-1.446549606323242188e+01
1.662337799072265625e+02
3.201620788574218750e+02
6.900225067138671875e+01
-6.639849090576171875e+01
-9.327940940856933594e+00
-1.185034632682800293e+00
2.651045837402343750e+02
9.406586914062500000e+02
3.757100677490234375e+01
-1.544496002197265625e+02
-2.215193939208984375e+01
-2.608142614364624023e+00
3.273831176757812500e+02
3.590969543457031250e+02
5.306621170043945312e+01
-1.037303161621093750e+02
-1.046943092346191406e+01
-1.347402572631835938e+01
1.335318088531494141e+01
2.248206939697265625e+02
7.304125976562500000e+01
-8.427994537353515625e+01
4.086577892303466797e+00
-2.003261375427246094e+01
5.141717910766601562e+01
2.782028198242187500e+02
3.727805328369140625e+01
-7.445572662353515625e+01
8.985092163085937500e+00
-1.538315105438232422e+01
9.378497314453125000e+01
2.887481994628906250e+02
-5.581694245338439941e-01
-5.347444915771484375e+01
4.695015907287597656e+00
-1.254867362976074219e+01
-1.184014892578125000e+01
2.117308349609375000e+02
-1.445639419555664062e+01
-4.143667602539062500e+01
4.212362766265869141e+00
4.832022190093994141e+00
4.905943393707275391e+00
-4.886332988739013672e+00
-4.809102416038513184e-01
-9.639174938201904297e-01
-2.178271532058715820e+00
6.439139693975448608e-02
1.730480804443359375e+02
-2.828251953125000000e+02
1.881441116333007812e+01
9.901635742187500000e+01
-1.165686607360839844e+01
-6.350281715393066406e+00
2.078104553222656250e+02
-2.062386322021484375e+02
5.672621536254882812e+01
4.817604446411132812e+01
-3.177158927917480469e+01
-2.182223796844482422e+00
2.619602661132812500e+02
-4.299499034881591797e+00
2.995229911804199219e+01
-2.225511550903320312e+01
-4.193497848510742188e+01
-1.800429153442382812e+01
2.980183715820312500e+02
2.669048767089843750e+02
2.249865341186523438e+01
-1.405782928466796875e+02
-3.513500976562500000e+01
-3.141900825500488281e+01
3.236713256835937500e+02
5.834918823242187500e+02
2.222092247009277344e+01
-1.490801391601562500e+02
-3.216598129272460938e+01
-2.094211387634277344e+01
2.311030731201171875e+02
7.054298095703125000e+02
5.748058319091796875e+01
-1.059733963012695312e+02
-4.006116867065429688e+01
-3.292767715454101562e+01
5.419891357421875000e+02
5.304106445312500000e+02
7.908842468261718750e+01
-9.258505249023437500e+01
-3.416383743286132812e+01
-2.969104385375976562e+01
7.001907958984375000e+02
3.009446105957031250e+02
1.304438323974609375e+02
-9.222769165039062500e+01
-2.056095886230468750e+01
-2.118203544616699219e+01
3.594197845458984375e+01
3.365156250000000000e+02
1.068120651245117188e+02
-8.691941833496093750e+01
-5.332185745239257812e+00
-2.336990547180175781e+01
5.166202163696289062e+01
2.862554931640625000e+02
3.827506256103515625e+01
-7.376815032958984375e+01
8.894001960754394531e+00
-1.597598171234130859e+01
-3.514920806884765625e+01
2.226994171142578125e+02
1.584464263916015625e+01
-5.668113708496093750e+01
1.630123138427734375e+01
-4.602962970733642578e+00
-1.830609436035156250e+02
2.250445404052734375e+02
3.444665908813476562e+00
-3.361902618408203125e+01
6.729633331298828125e+00
-1.550431489944458008e+00
8.083600997924804688e-01
2.495415657758712769e-01
2.269847504794597626e-02
-8.598552346229553223e-01
-2.293171137571334839e-01
9.280103445053100586e-01
1.447969055175781250e+02
-9.083271789550781250e+01
1.395470619201660156e+01
-8.419416427612304688e+00
-2.600858497619628906e+01
-2.658997178077697754e-01
1.891575469970703125e+02
2.536318588256835938e+01
5.054679107666015625e+01
-5.161672210693359375e+01
-3.998863601684570312e+01
-3.501677036285400391e+00
1.997225494384765625e+02
1.373542938232421875e+02
4.532093048095703125e+01
-1.932740173339843750e+02
-5.200207901000976562e+01
-2.590911674499511719e+01
1.870648193359375000e+02
3.481679992675781250e+02
4.421973800659179688e+01
-1.603810424804687500e+02
-4.076824569702148438e+01
-4.186996841430664062e+01
1.044430999755859375e+02
1.700391387939453125e+02
7.494735717773437500e+01
-6.809075164794921875e+01
-3.728354644775390625e+01
-5.921031188964843750e+01
2.710156250000000000e+02
2.516100006103515625e+02
1.420578765869140625e+02
-7.003602600097656250e+01
-4.028755950927734375e+01
-6.203969192504882812e+01
7.547730102539062500e+02
2.283621826171875000e+02
1.782818908691406250e+02
-8.411978912353515625e+01
-3.674890136718750000e+01
-4.489896774291992188e+01
7.093507080078125000e+02
3.054993286132812500e+02
1.341241302490234375e+02
-9.279400634765625000e+01
-1.999709892272949219e+01
-2.570532035827636719e+01
1.027449798583984375e+01
2.315809020996093750e+02
7.629832458496093750e+01
-8.520820617675781250e+01
4.988376617431640625e+00
-2.300613784790039062e+01
-7.842070007324218750e+01
-9.667245483398437500e+01
4.832235717773437500e+01
-5.310797119140625000e+01
1.692719078063964844e+01
-1.171705818176269531e+01
-2.104101715087890625e+02
-7.901518249511718750e+01
2.543762588500976562e+01
-6.444744110107421875e+00
2.063732337951660156e+01
-4.192639827728271484e+00
-1.350391235351562500e+02
-4.788418197631835938e+01
9.381414413452148438e+00
6.305548667907714844e+00
1.427073383331298828e+01
2.603965282440185547e+00
-6.457404494285583496e-01
-7.358494400978088379e-01
1.245102658867835999e-01
-9.207872748374938965e-01
-7.601038366556167603e-02
-4.291572272777557373e-01
4.865921783447265625e+01
5.329724502563476562e+01
7.290705108642578125e+01
-1.097742233276367188e+02
-2.248129844665527344e+01
1.032887339591979980e+00
5.936399078369140625e+01
1.523668003082275391e+01
8.496254730224609375e+01
-1.821510009765625000e+02
-4.875299835205078125e+01
-1.429514980316162109e+01
6.735491180419921875e+01
5.840019226074218750e+01
7.510768127441406250e+01
-1.158676300048828125e+02
-3.550439071655273438e+01
-4.484369277954101562e+01
3.136261558532714844e+01
2.336715698242187500e+01
1.034175491333007812e+02
-2.434444999694824219e+01
-5.853949546813964844e+00
-7.932064819335937500e+01
1.119150772094726562e+02
6.405567932128906250e+01
9.136486053466796875e+01
-3.704050827026367188e+01
-2.752843666076660156e+01
-7.671376037597656250e+01
2.731829833984375000e+02
2.486133575439453125e+02
1.417559967041015625e+02
-6.823661804199218750e+01
-4.144780731201171875e+01
-6.389942932128906250e+01
5.456582641601562500e+02
5.347584228515625000e+02
7.953373718261718750e+01
-9.202562713623046875e+01
-3.433382415771484375e+01
-3.211785507202148438e+01
3.264077148437500000e+02
3.551837463378906250e+02
5.606546783447265625e+01
-1.015351181030273438e+02
-1.015863609313964844e+01
-1.292467021942138672e+01
-7.459361267089843750e+01
-3.130043334960937500e+02
6.932970428466796875e+01
-5.388640213012695312e+01
1.180056190490722656e+01
-1.495964336395263672e+01
-2.309908599853515625e+02
-5.420121459960937500e+02
5.415887069702148438e+01
4.904883575439453125e+01
2.134957885742187500e+01
-3.594413995742797852e+00
-1.501069488525390625e+02
-4.190568847656250000e+02
2.090639114379882812e+01
1.004743347167968750e+02
2.838670349121093750e+01
4.191136360168457031e+00
-5.716769790649414062e+01
-1.422856292724609375e+02
-1.260034561157226562e+01
1.085022430419921875e+02
2.168548583984375000e+01
9.028816819190979004e-01
2.476471476256847382e-03
4.557369709014892578e+00
-1.685501694679260254e+00
-4.697266578674316406e+00
8.552082777023315430e-01
3.808089494705200195e-01
9.301362037658691406e+00
-3.807661056518554688e+00
1.454534759521484375e+02
-1.748480987548828125e+02
-1.435752964019775391e+01
-4.574060440063476562e+00
1.049471855163574219e+01
-5.735811233520507812e+00
1.636868591308593750e+02
-7.976637268066406250e+01
-3.673625564575195312e+01
-2.551149177551269531e+01
-1.452010512351989746e+00
-1.130332946777343750e+00
2.461894073486328125e+02
-8.279006004333496094e+00
-9.859301567077636719e+00
-8.665341949462890625e+01
2.587721061706542969e+01
2.356408309936523438e+01
1.027062072753906250e+02
-2.565433692932128906e+01
-5.593199729919433594e+00
-7.853544616699218750e+01
1.048974304199218750e+02
1.744414062500000000e+02
7.495552062988281250e+01
-6.678739929199218750e+01
-3.694173049926757812e+01
-5.998487854003906250e+01
2.340282287597656250e+02
7.142850952148437500e+02
5.880405044555664062e+01
-1.058968887329101562e+02
-3.923132705688476562e+01
-3.395215988159179688e+01
2.704762268066406250e+02
9.470308227539062500e+02
3.853586959838867188e+01
-1.545913391113281250e+02
-2.358292579650878906e+01
-2.478834629058837891e+00
4.851755142211914062e+01
5.347700500488281250e+01
1.256071701049804688e+02
-1.961614990234375000e+02
4.351718425750732422e+00
2.055179834365844727e+00
-2.122960052490234375e+02
-6.199578247070312500e+02
1.553523864746093750e+02
8.138984680175781250e+01
2.017057991027832031e+01
-4.958044052124023438e+00
-2.298007049560546875e+02
-6.413626098632812500e+02
4.759149551391601562e+01
1.485190582275390625e+02
3.116488456726074219e+01
6.160199642181396484e+00
-9.858001708984375000e+01
-3.264164123535156250e+02
-1.932820701599121094e+01
2.093429718017578125e+02
3.578956222534179688e+01
1.139609432220458984e+01
-2.537091445922851562e+01
-3.922221755981445312e+01
-8.871179199218750000e+01
1.856113586425781250e+02
1.352532196044921875e+01
2.474058866500854492e+00
-5.582408308982849121e-01
-5.580767393112182617e-01
-1.004915356636047363e+00
3.150563001632690430e+00
-1.164706125855445862e-01
2.337985754013061523e+00
-1.875271439552307129e+00
-6.514419555664062500e+00
3.326784057617187500e+02
-1.706714172363281250e+02
-1.769597434997558594e+01
-2.030975341796875000e+01
1.210423946380615234e+00
-1.071302127838134766e+01
3.330829772949218750e+02
-1.835751037597656250e+02
-2.091282463073730469e+01
-1.837246894836425781e+01
7.476221561431884766e+00
-9.773918151855468750e+00
1.598652801513671875e+02
-8.286536407470703125e+01
-3.355699920654296875e+01
-2.645083427429199219e+01
6.632402038574218750e+01
6.108863067626953125e+01
7.405979919433593750e+01
-1.166964645385742188e+02
-3.496856307983398438e+01
-4.564630126953125000e+01
1.870646057128906250e+02
3.536386718750000000e+02
4.380418014526367188e+01
-1.561957244873046875e+02
-3.997611999511718750e+01
-4.273068618774414062e+01
3.199129333496093750e+02
5.851040649414062500e+02
2.079073143005371094e+01
-1.492954406738281250e+02
-3.185327529907226562e+01
-1.979954910278320312e+01
1.671719512939453125e+02
3.199633483886718750e+02
6.462812805175781250e+01
-5.777465057373046875e+01
-1.029130935668945312e+01
-7.083433270454406738e-01
-1.164780426025390625e+02
-3.335154113769531250e+02
1.268969268798828125e+02
-2.919769287109375000e+00
1.206711769104003906e+01
-9.941900968551635742e-01
-2.689229736328125000e+02
-6.089667968750000000e+02
4.264630889892578125e+01
9.012643432617187500e+01
2.484036827087402344e+01
1.000629901885986328e+01
-1.698222808837890625e+02
-4.607753295898437500e+02
-1.516899490356445312e+01
1.932371978759765625e+02
4.324760818481445312e+01
2.400845527648925781e+01
-6.225603866577148438e+01
-1.105278701782226562e+02
-6.657604217529296875e+01
2.117578582763671875e+02
3.986996078491210938e+01
1.519474697113037109e+01
-7.800856590270996094e+00
4.799306869506835938e+00
-1.483345947265625000e+02
1.773684997558593750e+02
1.537862300872802734e+01
5.266974925994873047e+00
-1.183617711067199707e-01
2.655999958515167236e-01
-2.941254079341888428e-01
5.239250183105468750e+00
6.001368165016174316e-01
1.418667938560247421e-02
-4.346468672156333923e-02
1.335037350654602051e-01
-6.721952557563781738e-01
1.811835050582885742e+00
-1.960854381322860718e-01
6.047263145446777344e-01
6.224374294281005859e+00
-4.798106193542480469e+00
1.469684448242187500e+02
-1.906582946777343750e+02
-1.499200344085693359e+01
-3.147324800491333008e+00
5.805121612548828125e+01
1.690877723693847656e+01
8.342075347900390625e+01
-1.903107299804687500e+02
-4.871341705322265625e+01
-1.442409992218017578e+01
1.990433197021484375e+02
1.408002777099609375e+02
4.577339553833007812e+01
-1.912019958496093750e+02
-4.962760543823242188e+01
-2.818004798889160156e+01
2.980440368652343750e+02
2.672940979003906250e+02
2.290395927429199219e+01
-1.405467987060546875e+02
-3.455935287475585938e+01
-3.184602355957031250e+01
1.515695495605468750e+02
3.088666687011718750e+02
1.047459888458251953e+01
-6.219067764282226562e+01
-1.954765129089355469e+01
-1.404166126251220703e+01
9.025575518608093262e-01
-1.197625994682312012e+00
-1.790502220392227173e-01
-1.709825396537780762e-01
1.769968122243881226e-01
-1.649619936943054199e-01
-1.499378204345703125e+02
-3.100595092773437500e+02
-1.090949058532714844e+01
6.265341186523437500e+01
1.952044868469238281e+01
1.381866931915283203e+01
-2.988549804687500000e+02
-2.665087280273437500e+02
-2.299483680725097656e+01
1.415958404541015625e+02
3.470834350585937500e+01
3.176620101928710938e+01
-2.005298767089843750e+02
-1.401059265136718750e+02
-4.604566574096679688e+01
1.899830017089843750e+02
5.016899871826171875e+01
2.790212821960449219e+01
-5.886954498291015625e+01
-1.698492813110351562e+01
-8.349568176269531250e+01
1.876611175537109375e+02
4.860654067993164062e+01
1.420478820800781250e+01
-6.443745613098144531e+00
4.575116634368896484e+00
-1.473576507568359375e+02
1.887046508789062500e+02
1.508365345001220703e+01
3.255052328109741211e+00
-2.346464920043945312e+01
-4.905083465576171875e+01
-8.757859802246093750e+01
1.878539581298828125e+02
1.322700309753417969e+01
3.237230181694030762e-01
-1.774621367454528809e+00
-3.155596971511840820e+00
4.427467584609985352e-01
3.138656616210937500e+00
-7.548818737268447876e-02
7.398034930229187012e-01
4.882244491577148438e+01
4.783186721801757812e+01
7.481536102294921875e+01
-9.860193634033203125e+01
-2.318878746032714844e+01
-6.933175921440124512e-01
1.887611846923828125e+02
2.311978340148925781e+01
4.786493682861328125e+01
-5.375786209106445312e+01
-4.048166656494140625e+01
-4.875952243804931641e+00
2.641004028320312500e+02
-6.186538219451904297e+00
2.895299911499023438e+01
-1.942861747741699219e+01
-4.025897979736328125e+01
-1.889402961730957031e+01
6.742326354980468750e+01
6.892982482910156250e+01
5.323539257049560547e+00
5.467713165283203125e+01
-1.995422744750976562e+01
-1.706478881835937500e+01
-7.521445465087890625e+01
7.381021881103515625e+01
-1.876848220825195312e+01
1.084824829101562500e+02
-5.108125686645507812e+00
-2.516973972320556641e+00
5.753111648559570312e+01
-1.842785644531250000e+02
-2.739435386657714844e+01
1.298136291503906250e+02
1.106011867523193359e+01
1.053915119171142578e+01
-1.346065673828125000e+02
-1.702042999267578125e+02
-3.492941284179687500e+01
1.702540588378906250e+02
2.571389198303222656e+01
3.229551315307617188e+01
-3.604041748046875000e+02
-9.229138946533203125e+01
-3.781998443603515625e+01
1.958895111083984375e+02
3.548217391967773438e+01
3.987016296386718750e+01
-2.003384246826171875e+02
-1.371255950927734375e+02
-4.537313842773437500e+01
1.893467254638671875e+02
4.976670837402343750e+01
2.656907463073730469e+01
-6.054406738281250000e+01
-1.201927490234375000e+02
-6.745537567138671875e+01
2.085321502685546875e+02
3.850405883789062500e+01
1.540331745147705078e+01
-9.852352142333984375e+01
-3.293002624511718750e+02
-1.916593933105468750e+01
2.213648071289062500e+02
3.325526809692382812e+01
9.566971778869628906e+00
-5.594197845458984375e+01
-1.470596923828125000e+02
-1.281458950042724609e+01
1.073962249755859375e+02
2.194635391235351562e+01
1.409976959228515625e+00
-1.254449725151062012e+00
-3.122536182403564453e+00
2.536801695823669434e-01
1.203116893768310547e+00
5.220538377761840820e-01
-5.553890466690063477e-01
1.468109741210937500e+02
-9.348657226562500000e+01
1.474664783477783203e+01
-5.203790664672851562e+00
-2.509169197082519531e+01
-8.564305305480957031e-01
2.096885223388671875e+02
-2.090828704833984375e+02
5.752309036254882812e+01
5.182453918457031250e+01
-3.235620880126953125e+01
-9.763437509536743164e-01
1.967602539062500000e+01
-2.059282226562500000e+02
2.680426025390625000e+01
1.853008422851562500e+02
-1.468823146820068359e+01
-1.146312046051025391e+01
-1.421715240478515625e+02
-1.938973236083984375e+02
-3.356434345245361328e+00
2.127024230957031250e+02
2.785665035247802734e+00
-1.397275066375732422e+01
-1.217786502838134766e+01
-2.611544189453125000e+02
-2.230291557312011719e+01
2.082342376708984375e+02
1.558489799499511719e+01
-4.801472663879394531e+00
1.133569641113281250e+02
-2.130540008544921875e+02
-3.893717575073242188e+01
1.977378387451171875e+02
1.872636604309082031e+01
1.216398143768310547e+01
-1.355098876953125000e+02
-1.703256988525390625e+02
-3.437462997436523438e+01
1.680813446044921875e+02
2.501587867736816406e+01
3.157453727722167969e+01
-3.003485107421875000e+02
-2.724331359863281250e+02
-2.221376800537109375e+01
1.414210052490234375e+02
3.531456375122070312e+01
3.004024887084960938e+01
-1.676036682128906250e+02
-4.654434204101562500e+02
-1.510797023773193359e+01
1.912132110595703125e+02
4.318176269531250000e+01
2.218151855468750000e+01
-2.262215118408203125e+02
-6.422333984375000000e+02
4.752378463745117188e+01
1.617921142578125000e+02
2.951147460937500000e+01
5.661211967468261719e+00
-1.540383605957031250e+02
-4.194065551757812500e+02
2.157202911376953125e+01
1.004072189331054688e+02
2.932144927978515625e+01
4.487733364105224609e+00
-1.357031555175781250e+02
-5.448714447021484375e+01
9.588755607604980469e+00
6.288125991821289062e+00
1.477051734924316406e+01
2.399545907974243164e+00
-2.925033092498779297e+00
3.961344063282012939e-02
4.625539481639862061e-01
4.390162944793701172e+00
5.739859938621520996e-01
4.020362496376037598e-01
1.717947235107421875e+02
-2.811546936035156250e+02
1.765858840942382812e+01
1.008420104980468750e+02
-1.243459606170654297e+01
-6.190088272094726562e+00
5.377656936645507812e+00
-3.172459716796875000e+02
1.011151962280273438e+02
2.358983612060546875e+02
-8.381796836853027344e+00
-1.018818950653076172e+01
-1.611335144042968750e+02
-3.585762939453125000e+02
6.014699935913085938e+01
3.102542114257812500e+02
2.564908409118652344e+01
-2.351204490661621094e+01
-1.149868316650390625e+02
-4.491342163085937500e+02
4.027651786804199219e+00
2.774862976074218750e+02
2.684059906005859375e+01
-2.476524162292480469e+01
-1.167768001556396484e+01
-2.686305541992187500e+02
-2.069622421264648438e+01
2.078939819335937500e+02
1.665019416809082031e+01
-5.707977294921875000e+00
5.880984115600585938e+01
-1.845622558593750000e+02
-2.769252395629882812e+01
1.290174713134765625e+02
1.247986221313476562e+01
9.128082275390625000e+00
-1.483618774414062500e+02
-3.108750610351562500e+02
-1.225808715820312500e+01
6.382369232177734375e+01
1.971837234497070312e+01
1.340217971801757812e+01
-2.663552856445312500e+02
-6.098278808593750000e+02
4.440925598144531250e+01
9.012639617919921875e+01
2.405379104614257812e+01
8.733039855957031250e+00
-2.051820068359375000e+02
-6.147813720703125000e+02
1.631330261230468750e+02
8.207311248779296875e+01
1.894489097595214844e+01
-4.959047317504882812e+00
-2.331851806640625000e+02
-5.420540771484375000e+02
5.505218124389648438e+01
5.135239791870117188e+01
2.190084457397460938e+01
-4.310681343078613281e+00
-2.088715667724609375e+02
-8.249263000488281250e+01
2.527191162109375000e+01
-5.334226131439208984e+00
2.138377189636230469e+01
-4.052789211273193359e+00
-1.794658203125000000e+02
2.242355957031250000e+02
4.944186210632324219e+00
-3.713232421875000000e+01
6.783195972442626953e+00
-1.316210508346557617e+00
-4.733438968658447266e+00
5.261548519134521484e+00
-1.202990293502807617e+00
2.958991050720214844e+00
1.061906814575195312e+00
6.500481367111206055e-01
4.996224045753479004e-01
-2.090169067382812500e+02
8.292984771728515625e+01
1.583769683837890625e+02
-4.329028725624084473e-01
-2.579997444152832031e+01
-1.423991699218750000e+02
-2.819129638671875000e+02
1.940117645263671875e+02
4.710340270996093750e+02
3.544350433349609375e+01
-2.706498146057128906e+01
-1.608649597167968750e+02
-3.601961669921875000e+02
6.220798492431640625e+01
3.130805053710937500e+02
2.723036766052246094e+01
-2.534372520446777344e+01
-1.433645782470703125e+02
-2.033373413085937500e+02
-4.028871059417724609e+00
2.117257995605468750e+02
2.981163024902343750e+00
-1.468131256103515625e+01
-7.348091888427734375e+01
7.135956573486328125e+01
-1.902826118469238281e+01
1.040519561767578125e+02
-4.259858608245849609e+00
-2.771869659423828125e+00
-3.402667939662933350e-01
-1.402666270732879639e-01
-1.900781989097595215e-01
-1.160440063476562500e+01
1.896305084228515625e-01
2.599057555198669434e-02
-1.156236495971679688e+02
-3.297520141601562500e+02
1.355758972167968750e+02
1.249084281921386719e+01
1.285966968536376953e+01
-1.683937788009643555e+00
-3.396902897856435288e-11
-3.808984030961859446e-11
-3.616536931039249225e-11
-3.992576061428998457e-11
-3.453039590373130352e-11
-3.091209579975107147e-11
-1.132850952148437500e+02
-3.273233337402343750e+02
1.294642944335937500e+02
-1.331265568733215332e+00
1.266979408264160156e+01
-1.176590681076049805e+00
-9.797291564941406250e+01
-2.598421325683593750e+02
4.392183685302734375e+01
1.564140892028808594e+01
1.659204101562500000e+01
8.212338685989379883e-01
-4.713781356811523438e+01
8.816390991210937500e+01
1.795453453063964844e+01
-1.158473281860351562e+02
1.771527099609375000e+01
6.549531459808349609e+00
-1.173732280731201172e+01
2.883488159179687500e+02
-1.142329406738281250e+01
-1.659821166992187500e+02
6.495605945587158203e+00
1.121686363220214844e+01
-3.569734692573547363e-01
2.095462188720703125e+02
-8.391614532470703125e+01
-1.537182006835937500e+02
-3.689903020858764648e+00
2.401123046875000000e+01
-3.282373678414884921e-11
-3.272734167003576999e-11
-1.805616593741898868e-11
-1.606772354056928975e-11
-3.139159418519277267e-11
-2.813741600826702438e-11
3.569734692573547363e-01
-2.095462188720703125e+02
8.391614532470703125e+01
1.537182006835937500e+02
3.689903020858764648e+00
-2.401123046875000000e+01
1.173732280731201172e+01
-2.883488159179687500e+02
1.142329406738281250e+01
1.659821166992187500e+02
-6.495605945587158203e+00
-1.121686363220214844e+01
4.713781356811523438e+01
-8.816390991210937500e+01
-1.795453453063964844e+01
1.158473281860351562e+02
-1.771527099609375000e+01
-6.549531459808349609e+00
9.797291564941406250e+01
2.598421325683593750e+02
-4.392183685302734375e+01
-1.564140892028808594e+01
-1.659204101562500000e+01
-8.212338685989379883e-01
1.132850952148437500e+02
3.273233337402343750e+02
-1.294642944335937500e+02
1.331265568733215332e+00
-1.266979408264160156e+01
1.176590681076049805e+00
2.258710784912109375e+02
7.280709838867187500e+02
-1.274387359619140625e+01
-1.446297912597656250e+02
-2.128292465209960938e+01
-2.463020682334899902e-01
1.663222045898437500e+02
3.206351318359375000e+02
6.713210296630859375e+01
-6.970873260498046875e+01
-1.014198398590087891e+01
-3.108785152435302734e-01
1.715818405151367188e+01
7.457188415527343750e+01
4.213588714599609375e+01
-1.348569183349609375e+02
-1.084987401962280273e+00
-7.449445247650146484e+00
7.155582427978515625e+01
1.024922332763671875e+02
2.546941947937011719e+01
-1.700525817871093750e+02
2.307398080825805664e+00
-6.470489501953125000e-01
1.309002380371093750e+02
2.990296020507812500e+02
-8.833280563354492188e+00
-1.804693450927734375e+02
-1.651817440986633301e+00
1.131268501281738281e+01
1.400718994140625000e+02
2.846932678222656250e+02
-3.222536849975585938e+01
-1.617835998535156250e+02
-2.047556114196777344e+01
2.843861770629882812e+01
-1.156433105468750000e+00
2.098023986816406250e+02
-8.654399871826171875e+01
-1.514829101562500000e+02
-2.200683593750000000e+00
2.423331642150878906e+01
4.568928241729736328e+00
-5.231273651123046875e+00
6.886800527572631836e-01
4.948915004730224609e+00
-1.885710835456848145e+00
-2.212831377983093262e-01
1.714079742431640625e+02
-2.790351562500000000e+02
1.970412635803222656e+01
9.656946563720703125e+01
-1.269053459167480469e+01
-6.631967067718505859e+00
2.128592071533203125e+02
-1.499666290283203125e+02
-4.621374607086181641e+00
6.698330688476562500e+01
-2.229309463500976562e+01
-4.609522342681884766e+00
2.441958160400390625e+02
2.401444702148437500e+02
-1.617241477966308594e+01
-3.276374816894531250e+01
-3.261946868896484375e+01
-9.782566070556640625e+00
2.670820617675781250e+02
6.017332763671875000e+02
-4.202432250976562500e+01
-9.702983093261718750e+01
-2.558112144470214844e+01
-8.431693077087402344e+00
2.096885681152343750e+02
7.001975708007812500e+02
8.923310279846191406e+00
-8.738809204101562500e+01
-3.457142257690429688e+01
-2.115734481811523438e+01
3.183185424804687500e+02
5.869219970703125000e+02
2.182662773132324219e+01
-1.526069030761718750e+02
-3.199496269226074219e+01
-1.950673294067382812e+01
2.866221923828125000e+02
2.844246520996093750e+02
3.776807022094726562e+01
-1.705439453125000000e+02
-2.176049995422363281e+01
-2.317357444763183594e+01
-3.423263931274414062e+01
2.541472930908203125e+02
5.198431015014648438e+01
-1.740144500732421875e+02
-1.207588672637939453e+01
-1.547861576080322266e+01
1.777640724182128906e+01
3.595650024414062500e+02
2.226326942443847656e+01
-1.853798522949218750e+02
-6.928294658660888672e+00
-4.924164295196533203e+00
1.307045288085937500e+02
3.033558044433593750e+02
-8.398711204528808594e+00
-1.807001495361328125e+02
-2.612575769424438477e+00
1.129903888702392578e+01
-1.499384117126464844e+01
2.878498229980468750e+02
-1.147965145111083984e+01
-1.637598114013671875e+02
5.648194313049316406e+00
1.043217182159423828e+01
-1.726724395751953125e+02
2.809680480957031250e+02
-1.728276443481445312e+01
-1.007938919067382812e+02
1.350938892364501953e+01
4.373853206634521484e+00
1.334777712821960449e+00
-2.033739328384399414e+00
3.477663695812225342e-01
-3.509089469909667969e+00
6.071330904960632324e-01
4.752662405371665955e-02
1.430820617675781250e+02
-9.387195587158203125e+01
1.476241683959960938e+01
-1.496861457824707031e+01
-2.441658210754394531e+01
-8.027387261390686035e-01
1.768629913330078125e+02
1.537370452880859375e+02
1.820371055603027344e+01
-8.647037506103515625e+01
-3.512480926513671875e+01
-4.545675754547119141e+00
1.699736175537109375e+02
4.651973266601562500e+02
1.537755393981933594e+01
-1.918203735351562500e+02
-4.306505966186523438e+01
-2.235669326782226562e+01
1.018099822998046875e+02
2.401451110839843750e+02
4.755384826660156250e+01
-1.726620788574218750e+02
-4.418499374389648438e+01
-3.338249588012695312e+01
1.869866333007812500e+02
3.482787780761718750e+02
4.397516250610351562e+01
-1.592287139892578125e+02
-4.050221252441406250e+01
-4.105588150024414062e+01
4.471688842773437500e+02
2.081109924316406250e+02
5.822963714599609375e+01
-1.543006591796875000e+02
-3.397124099731445312e+01
-4.464885330200195312e+01
3.021922607421875000e+02
2.077632293701171875e+02
7.924342346191406250e+01
-1.626431579589843750e+02
-2.290815162658691406e+01
-3.732371902465820312e+01
-3.381410980224609375e+01
2.575337219238281250e+02
5.204762649536132812e+01
-1.751478729248046875e+02
-1.090185642242431641e+01
-1.662453079223632812e+01
7.091507720947265625e+01
1.109338455200195312e+02
2.535361671447753906e+01
-1.701315307617187500e+02
3.094168663024902344e+00
-1.089844465255737305e+00
-4.802903366088867188e+01
8.448394012451171875e+01
1.922527694702148438e+01
-1.175523300170898438e+02
1.672944259643554688e+01
6.433081626892089844e+00
-2.133312072753906250e+02
1.457820892333984375e+02
3.854731559753417969e+00
-6.518362426757812500e+01
2.142751312255859375e+01
4.166848659515380859e+00
-1.435464782714843750e+02
9.174430084228515625e+01
-1.578353214263916016e+01
9.883268356323242188e+00
2.463138008117675781e+01
1.507533550262451172e+00
1.683471679687500000e+00
1.581669300794601440e-01
-1.134409666061401367e+00
5.007005333900451660e-01
-2.196100205183029175e-01
-1.905152797698974609e-01
5.136065673828125000e+01
5.018713378906250000e+01
7.259652709960937500e+01
-9.803416442871093750e+01
-2.356620788574218750e+01
1.685740053653717041e-01
6.318254852294921875e+01
1.164765472412109375e+02
6.629300689697265625e+01
-2.077043762207031250e+02
-3.834715270996093750e+01
-1.434721469879150391e+01
2.411330986022949219e+01
1.275328540802001953e+01
1.230422515869140625e+02
-1.554929046630859375e+02
-3.174250984191894531e+01
-2.387281417846679688e+01
6.711981964111328125e+01
6.028761291503906250e+01
7.525689697265625000e+01
-1.164479675292968750e+02
-3.434500503540039062e+01
-4.400921630859375000e+01
2.626379394531250000e+02
8.617965698242187500e+01
6.247939682006835938e+01
-1.308209838867187500e+02
-3.717130661010742188e+01
-4.422443389892578125e+01
4.490031738281250000e+02
2.090149841308593750e+02
5.999122238159179688e+01
-1.550656433105468750e+02
-3.475238037109375000e+01
-4.413740539550781250e+01
2.931858825683593750e+02
2.983444824218750000e+02
3.856870269775390625e+01
-1.657663269042968750e+02
-2.143040466308593750e+01
-2.249172782897949219e+01
1.506124305725097656e+01
7.865799713134765625e+01
4.202560806274414062e+01
-1.336337890625000000e+02
-5.752407312393188477e-01
-7.834722042083740234e+00
-9.755890655517578125e+01
-2.584533996582031250e+02
4.353755187988281250e+01
2.258844375610351562e+01
1.646489715576171875e+01
6.081634163856506348e-01
-2.440996246337890625e+02
-2.445787200927734375e+02
1.667596435546875000e+01
2.455361557006835938e+01
3.287385177612304688e+01
1.002289390563964844e+01
-1.780236816406250000e+02
-1.498014526367187500e+02
-1.822459602355957031e+01
8.584557342529296875e+01
3.510223770141601562e+01
4.860016822814941406e+00
-4.924664306640625000e+01
-4.391658020019531250e+01
-7.547083282470703125e+01
1.037584075927734375e+02
2.388219261169433594e+01
5.789058804512023926e-01
2.359392404556274414e+00
-1.646490335464477539e+00
-1.178922057151794434e+00
-5.698189258575439453e+00
-8.029417991638183594e-01
-1.030431389808654785e+00
9.308549880981445312e+00
-3.987723827362060547e+00
1.473737640380859375e+02
-1.774441223144531250e+02
-1.444311618804931641e+01
-4.299414157867431641e+00
1.315503716468811035e+00
-1.081385707855224609e+01
3.346762695312500000e+02
-1.803733062744140625e+02
-2.138695144653320312e+01
-1.934463691711425781e+01
7.693439006805419922e+00
-9.515263557434082031e+00
1.603598632812500000e+02
-8.278823089599609375e+01
-3.371239089965820312e+01
-2.683377075195312500e+01
6.704531860351562500e+01
6.096992492675781250e+01
7.413728332519531250e+01
-1.163777008056640625e+02
-3.547853469848632812e+01
-4.596378707885742188e+01
1.885826263427734375e+02
3.534778747558593750e+02
4.385045242309570312e+01
-1.567427215576171875e+02
-4.033624649047851562e+01
-4.308095932006835938e+01
3.205857543945312500e+02
5.840463867187500000e+02
2.083027839660644531e+01
-1.496266632080078125e+02
-3.168186569213867188e+01
-2.034854507446289062e+01
1.660526733398437500e+02
3.224189758300781250e+02
6.497715759277343750e+01
-5.940238189697265625e+01
-1.035824680328369141e+01
-8.352670073509216309e-01
-1.189905395507812500e+02
-3.317094421386718750e+02
1.267418746948242188e+02
-2.575878143310546875e+00
1.199662685394287109e+01
-1.029036164283752441e+00
-2.700805053710937500e+02
-6.092247924804687500e+02
4.264276504516601562e+01
9.032239532470703125e+01
2.519028472900390625e+01
9.741786956787109375e+00
-1.692294158935546875e+02
-4.611290283203125000e+02
-1.513640213012695312e+01
1.922717590332031250e+02
4.295763015747070312e+01
2.403884696960449219e+01
-6.177609252929687500e+01
-1.105489273071289062e+02
-6.630555725097656250e+01
2.113717041015625000e+02
3.966760253906250000e+01
1.538841629028320312e+01
-7.493555068969726562e+00
4.605871677398681641e+00
-1.483905944824218750e+02
1.788660583496093750e+02
1.503910636901855469e+01
4.868166923522949219e+00
5.107768774032592773e-01
-9.255615994334220886e-03
8.006288409233093262e-01
4.690633296966552734e+00
3.652365207672119141e-01
-5.110782980918884277e-01
-3.224381872612980260e-11
-3.408484258726751648e-11
-5.335895267299939349e-11
-1.834160427705011642e-11
-2.936560716815250771e-11
-2.879672542088762555e-11
6.964024901390075684e-02
-1.135988044738769531e+01
3.388393249511718750e+02
-1.794737701416015625e+02
-2.820788574218750000e+01
-1.953107833862304688e+01
2.402701568603515625e+01
1.198859500885009766e+01
1.196612548828125000e+02
-1.555768280029296875e+02
-3.589726638793945312e+01
-2.617619705200195312e+01
9.983023071289062500e+01
2.377472534179687500e+02
4.794499206542968750e+01
-1.752467193603515625e+02
-4.552174758911132812e+01
-3.244533920288085938e+01
2.054000244140625000e+02
7.025435180664062500e+02
8.568429946899414062e+00
-7.058587646484375000e+01
-3.359589004516601562e+01
-2.224439048767089844e+01
2.266632843017578125e+02
7.412872924804687500e+02
-1.316522216796875000e+01
-1.448716888427734375e+02
-2.211828994750976562e+01
-4.546500444412231445e-01
-3.394395875488953607e-11
-3.240671619941792869e-11
-2.801702966848118592e-11
-2.815299382508129611e-11
-3.103102497181708941e-11
-2.968602447195323180e-11
-2.266632843017578125e+02
-7.412872924804687500e+02
1.316522216796875000e+01
1.448716888427734375e+02
2.211828994750976562e+01
4.546500444412231445e-01
-2.054000244140625000e+02
-7.025435180664062500e+02
-8.568429946899414062e+00
7.058587646484375000e+01
3.359589004516601562e+01
2.224439048767089844e+01
-9.983023071289062500e+01
-2.377472534179687500e+02
-4.794499206542968750e+01
1.752467193603515625e+02
4.552174758911132812e+01
3.244533920288085938e+01
-2.402701568603515625e+01
-1.198859500885009766e+01
-1.196612548828125000e+02
1.555768280029296875e+02
3.589726638793945312e+01
2.617619705200195312e+01
-6.964024901390075684e-02
1.135988044738769531e+01
-3.388393249511718750e+02
1.794737701416015625e+02
2.820788574218750000e+01
1.953107833862304688e+01
-1.315503716468811035e+00
1.081385707855224609e+01
-3.346762695312500000e+02
1.803733062744140625e+02
2.138695144653320312e+01
1.934463691711425781e+01
-5.107768774032592773e-01
9.255615063011646271e-03
-8.006288409233093262e-01
-4.690633296966552734e+00
-3.652365207672119141e-01
5.110782980918884277e-01
7.493555068969726562e+00
-4.605871677398681641e+00
1.483905944824218750e+02
-1.788660583496093750e+02
-1.503910636901855469e+01
-4.868166923522949219e+00
6.177609252929687500e+01
1.105489273071289062e+02
6.630555725097656250e+01
-2.113717041015625000e+02
-3.966760253906250000e+01
-1.538841629028320312e+01
1.692294158935546875e+02
4.611290283203125000e+02
1.513640213012695312e+01
-1.922717590332031250e+02
-4.295763015747070312e+01
-2.403884696960449219e+01
2.700805053710937500e+02
6.092247924804687500e+02
-4.264276504516601562e+01
-9.032239532470703125e+01
-2.519028472900390625e+01
-9.741786956787109375e+00
1.189905395507812500e+02
3.317094421386718750e+02
-1.267418746948242188e+02
2.575878143310546875e+00
-1.199662685394287109e+01
1.029036164283752441e+00
-1.660526733398437500e+02
-3.224189758300781250e+02
-6.497715759277343750e+01
5.940238189697265625e+01
1.035824680328369141e+01
8.352670073509216309e-01
-3.205857543945312500e+02
-5.840463867187500000e+02
-2.083027839660644531e+01
1.496266632080078125e+02
3.168186569213867188e+01
2.034854507446289062e+01
-1.885826263427734375e+02
-3.534778747558593750e+02
-4.385045242309570312e+01
1.567427215576171875e+02
4.033624649047851562e+01
4.308095932006835938e+01
-6.704531860351562500e+01
-6.096992492675781250e+01
-7.413728332519531250e+01
1.163777008056640625e+02
3.547853469848632812e+01
4.596378707885742188e+01
-7.693439006805419922e+00
9.515263557434082031e+00
-1.603598632812500000e+02
8.278823089599609375e+01
3.371239089965820312e+01
2.683377075195312500e+01
-2.411330986022949219e+01
-1.275328540802001953e+01
-1.230422515869140625e+02
1.554929046630859375e+02
3.174250984191894531e+01
2.387281417846679688e+01
-9.308549880981445312e+00
3.987723827362060547e+00
-1.473737640380859375e+02
1.774441223144531250e+02
1.444311618804931641e+01
4.299414157867431641e+00
-2.359392404556274414e+00
1.646490335464477539e+00
1.178922057151794434e+00
5.698189258575439453e+00
8.029417991638183594e-01
1.030431389808654785e+00
4.924664306640625000e+01
4.391658020019531250e+01
7.547083282470703125e+01
-1.037584075927734375e+02
-2.388219261169433594e+01
-5.789058804512023926e-01
1.780236816406250000e+02
1.498014526367187500e+02
1.822459602355957031e+01
-8.584557342529296875e+01
-3.510223770141601562e+01
-4.860016822814941406e+00
2.440996246337890625e+02
2.445787200927734375e+02
-1.667596435546875000e+01
-2.455361557006835938e+01
-3.287385177612304688e+01
-1.002289390563964844e+01
9.755890655517578125e+01
2.584533996582031250e+02
-4.353755187988281250e+01
-2.258844375610351562e+01
-1.646489715576171875e+01
-6.081634163856506348e-01
-1.506124305725097656e+01
-7.865799713134765625e+01
-4.202560806274414062e+01
1.336337890625000000e+02
5.752407312393188477e-01
7.834722042083740234e+00
-2.931858825683593750e+02
-2.983444824218750000e+02
-3.856870269775390625e+01
1.657663269042968750e+02
2.143040466308593750e+01
2.249172782897949219e+01
-4.490031738281250000e+02
-2.090149841308593750e+02
-5.999122238159179688e+01
1.550656433105468750e+02
3.475238037109375000e+01
4.413740539550781250e+01
-2.626379394531250000e+02
-8.617965698242187500e+01
-6.247939682006835938e+01
1.308209838867187500e+02
3.717130661010742188e+01
4.422443389892578125e+01
-6.711981964111328125e+01
-6.028761291503906250e+01
-7.525689697265625000e+01
1.164479675292968750e+02
3.434500503540039062e+01
4.400921630859375000e+01
-1.018099822998046875e+02
-2.401451110839843750e+02
-4.755384826660156250e+01
1.726620788574218750e+02
4.418499374389648438e+01
3.338249588012695312e+01
-6.318254852294921875e+01
-1.164765472412109375e+02
-6.629300689697265625e+01
2.077043762207031250e+02
3.834715270996093750e+01
1.434721469879150391e+01
-5.136065673828125000e+01
-5.018713378906250000e+01
-7.259652709960937500e+01
9.803416442871093750e+01
2.356620788574218750e+01
-1.685740053653717041e-01
-1.683471679687500000e+00
-1.581669300794601440e-01
1.134409666061401367e+00
-5.007005333900451660e-01
2.196100205183029175e-01
1.905152797698974609e-01
1.435464782714843750e+02
-9.174430084228515625e+01
1.578353214263916016e+01
-9.883268356323242188e+00
-2.463138008117675781e+01
-1.507533550262451172e+00
2.133312072753906250e+02
-1.457820892333984375e+02
-3.854731559753417969e+00
6.518362426757812500e+01
-2.142751312255859375e+01
-4.166848659515380859e+00
4.802903366088867188e+01
-8.448394012451171875e+01
-1.922527694702148438e+01
1.175523300170898438e+02
-1.672944259643554688e+01
-6.433081626892089844e+00
-7.091507720947265625e+01
-1.109338455200195312e+02
-2.535361671447753906e+01
1.701315307617187500e+02
-3.094168663024902344e+00
1.089844465255737305e+00
3.381410980224609375e+01
-2.575337219238281250e+02
-5.204762649536132812e+01
1.751478729248046875e+02
1.090185642242431641e+01
1.662453079223632812e+01
-3.021922607421875000e+02
-2.077632293701171875e+02
-7.924342346191406250e+01
1.626431579589843750e+02
2.290815162658691406e+01
3.732371902465820312e+01
-4.471688842773437500e+02
-2.081109924316406250e+02
-5.822963714599609375e+01
1.543006591796875000e+02
3.397124099731445312e+01
4.464885330200195312e+01
-1.869866333007812500e+02
-3.482787780761718750e+02
-4.397516250610351562e+01
1.592287139892578125e+02
4.050221252441406250e+01
4.105588150024414062e+01
-2.096885681152343750e+02
-7.001975708007812500e+02
-8.923310279846191406e+00
8.738809204101562500e+01
3.457142257690429688e+01
2.115734481811523438e+01
-1.699736175537109375e+02
-4.651973266601562500e+02
-1.537755393981933594e+01
1.918203735351562500e+02
4.306505966186523438e+01
2.235669326782226562e+01
-1.768629913330078125e+02
-1.537370452880859375e+02
-1.820371055603027344e+01
8.647037506103515625e+01
3.512480926513671875e+01
4.545675754547119141e+00
-1.430820617675781250e+02
9.387195587158203125e+01
-1.476241683959960938e+01
1.496861457824707031e+01
2.441658210754394531e+01
8.027387261390686035e-01
-1.334777712821960449e+00
2.033739328384399414e+00
-3.477663695812225342e-01
3.509089469909667969e+00
-6.071330904960632324e-01
-4.752662405371665955e-02
1.726724395751953125e+02
-2.809680480957031250e+02
1.728276443481445312e+01
1.007938919067382812e+02
-1.350938892364501953e+01
-4.373853206634521484e+00
1.499384117126464844e+01
-2.878498229980468750e+02
1.147965145111083984e+01
1.637598114013671875e+02
-5.648194313049316406e+00
-1.043217182159423828e+01
-1.307045288085937500e+02
-3.033558044433593750e+02
8.398711204528808594e+00
1.807001495361328125e+02
2.612575769424438477e+00
-1.129903888702392578e+01
-1.777640724182128906e+01
-3.595650024414062500e+02
-2.226326942443847656e+01
1.853798522949218750e+02
6.928294658660888672e+00
4.924164295196533203e+00
3.423263931274414062e+01
-2.541472930908203125e+02
-5.198431015014648438e+01
1.740144500732421875e+02
1.207588672637939453e+01
1.547861576080322266e+01
-2.866221923828125000e+02
-2.844246520996093750e+02
-3.776807022094726562e+01
1.705439453125000000e+02
2.176049995422363281e+01
2.317357444763183594e+01
-3.183185424804687500e+02
-5.869219970703125000e+02
-2.182662773132324219e+01
1.526069030761718750e+02
3.199496269226074219e+01
1.950673294067382812e+01
-2.258710784912109375e+02
-7.280709838867187500e+02
1.274387359619140625e+01
1.446297912597656250e+02
2.128292465209960938e+01
2.463020682334899902e-01
-2.670820617675781250e+02
-6.017332763671875000e+02
4.202432250976562500e+01
9.702983093261718750e+01
2.558112144470214844e+01
8.431693077087402344e+00
-2.441958160400390625e+02
-2.401444702148437500e+02
1.617241477966308594e+01
3.276374816894531250e+01
3.261946868896484375e+01
9.782566070556640625e+00
-2.128592071533203125e+02
1.499666290283203125e+02
4.621374607086181641e+00
-6.698330688476562500e+01
2.229309463500976562e+01
4.609522342681884766e+00
-1.714079742431640625e+02
2.790351562500000000e+02
-1.970412635803222656e+01
-9.656946563720703125e+01
1.269053459167480469e+01
6.631967067718505859e+00
-4.568928241729736328e+00
5.231273651123046875e+00
-6.886800527572631836e-01
-4.948915004730224609e+00
1.885710835456848145e+00
2.212831377983093262e-01
1.156433105468750000e+00
-2.098023986816406250e+02
8.654399871826171875e+01
1.514829101562500000e+02
2.200683593750000000e+00
-2.423331642150878906e+01
-1.400718994140625000e+02
-2.846932678222656250e+02
3.222536849975585938e+01
1.617835998535156250e+02
2.047556114196777344e+01
-2.843861770629882812e+01
-1.309002380371093750e+02
-2.990296020507812500e+02
8.833280563354492188e+00
1.804693450927734375e+02
1.651817440986633301e+00
-1.131268501281738281e+01
-7.155582427978515625e+01
-1.024922332763671875e+02
-2.546941947937011719e+01
1.700525817871093750e+02
-2.307398080825805664e+00
6.470489501953125000e-01
-1.715818405151367188e+01
-7.457188415527343750e+01
-4.213588714599609375e+01
1.348569183349609375e+02
1.084987401962280273e+00
7.449445247650146484e+00
-1.663222045898437500e+02
-3.206351318359375000e+02
-6.713210296630859375e+01
6.970873260498046875e+01
1.014198398590087891e+01
3.108785152435302734e-01
-4.596730422973632812e+01
-5.600781631469726562e+01
-1.324203033447265625e+02
2.062394714355468750e+02
-3.336376428604125977e+00
-3.728420019149780273e+00
-1.662337799072265625e+02
-3.201620788574218750e+02
-6.900225067138671875e+01
6.639849090576171875e+01
9.327940940856933594e+00
1.185034632682800293e+00
-1.467925567626953125e+02
-3.040807800292968750e+02
-1.098731136322021484e+01
5.756805419921875000e+01
2.134763336181640625e+01
1.446549606323242188e+01
-6.592885589599609375e+01
-6.920548248291015625e+01
-6.117558002471923828e+00
-5.569078445434570312e+01
1.957769012451171875e+01
1.638644981384277344e+01
-1.986680412292480469e+01
2.117332611083984375e+02
-2.896273040771484375e+01
-1.881435699462890625e+02
1.403777885437011719e+01
1.144844150543212891e+01
-4.899027824401855469e+00
3.257723083496093750e+02
-1.010940628051757812e+02
-2.240138244628906250e+02
7.214990615844726562e+00
1.147176265716552734e+01
-1.912631630897521973e+00
2.102442169189453125e+02
-8.194066619873046875e+01
-1.567640838623046875e+02
-8.647443056106567383e-01
2.546727180480957031e+01
5.062769651412963867e-01
1.825714111328125000e-01
5.423286557197570801e-01
9.103899002075195312e-01
-5.140551328659057617e-01
-2.282561779022216797e+00
1.107848072052001953e+01
-2.102762451171875000e+02
1.324670600891113281e+01
4.197841644287109375e+01
-2.431281805038452148e+00
-3.336124897003173828e+00
3.509583663940429688e+01
-2.181190185546875000e+02
-1.406621265411376953e+01
5.740345382690429688e+01
-1.708472442626953125e+01
5.205630302429199219e+00
7.708547973632812500e+01
1.046943054199218750e+02
-4.690187454223632812e+01
5.105998611450195312e+01
-1.574054908752441406e+01
1.136844253540039062e+01
7.008368682861328125e+01
3.137861022949218750e+02
-6.872377777099609375e+01
5.298801040649414062e+01
-1.163277816772460938e+01
1.641471672058105469e+01
2.051820068359375000e+02
6.147813720703125000e+02
-1.631330261230468750e+02
-8.207311248779296875e+01
-1.894489097595214844e+01
4.959047317504882812e+00
1.156236495971679688e+02
3.297520141601562500e+02
-1.355758972167968750e+02
-1.249084281921386719e+01
-1.285966968536376953e+01
1.683937788009643555e+00
3.402667939662933350e-01
1.402666270732879639e-01
1.900781989097595215e-01
1.160440063476562500e+01
-1.896305084228515625e-01
-2.599057555198669434e-02
7.348091888427734375e+01
-7.135956573486328125e+01
1.902826118469238281e+01
-1.040519561767578125e+02
4.259858608245849609e+00
2.771869659423828125e+00
1.433645782470703125e+02
2.033373413085937500e+02
4.028871059417724609e+00
-2.117257995605468750e+02
-2.981163024902343750e+00
1.468131256103515625e+01
1.608649597167968750e+02
3.601961669921875000e+02
-6.220798492431640625e+01
-3.130805053710937500e+02
-2.723036766052246094e+01
2.534372520446777344e+01
1.423991699218750000e+02
2.819129638671875000e+02
-1.940117645263671875e+02
-4.710340270996093750e+02
-3.544350433349609375e+01
2.706498146057128906e+01
-4.996224045753479004e-01
2.090169067382812500e+02
-8.292984771728515625e+01
-1.583769683837890625e+02
4.329028725624084473e-01
2.579997444152832031e+01
4.733438968658447266e+00
-5.261548519134521484e+00
1.202990293502807617e+00
-2.958991050720214844e+00
-1.061906814575195312e+00
-6.500481367111206055e-01
1.794658203125000000e+02
-2.242355957031250000e+02
-4.944186210632324219e+00
3.713232421875000000e+01
-6.783195972442626953e+00
1.316210508346557617e+00
2.088715667724609375e+02
8.249263000488281250e+01
-2.527191162109375000e+01
5.334226131439208984e+00
-2.138377189636230469e+01
4.052789211273193359e+00
2.331851806640625000e+02
5.420540771484375000e+02
-5.505218124389648438e+01
-5.135239791870117188e+01
-2.190084457397460938e+01
4.310681343078613281e+00
2.262215118408203125e+02
6.422333984375000000e+02
-4.752378463745117188e+01
-1.617921142578125000e+02
-2.951147460937500000e+01
-5.661211967468261719e+00
2.663552856445312500e+02
6.098278808593750000e+02
-4.440925598144531250e+01
-9.012639617919921875e+01
-2.405379104614257812e+01
-8.733039855957031250e+00
1.483618774414062500e+02
3.108750610351562500e+02
1.225808715820312500e+01
-6.382369232177734375e+01
-1.971837234497070312e+01
-1.340217971801757812e+01
-5.880984115600585938e+01
1.845622558593750000e+02
2.769252395629882812e+01
-1.290174713134765625e+02
-1.247986221313476562e+01
-9.128082275390625000e+00
1.167768001556396484e+01
2.686305541992187500e+02
2.069622421264648438e+01
-2.078939819335937500e+02
-1.665019416809082031e+01
5.707977294921875000e+00
1.149868316650390625e+02
4.491342163085937500e+02
-4.027651786804199219e+00
-2.774862976074218750e+02
-2.684059906005859375e+01
2.476524162292480469e+01
1.611335144042968750e+02
3.585762939453125000e+02
-6.014699935913085938e+01
-3.102542114257812500e+02
-2.564908409118652344e+01
2.351204490661621094e+01
-5.377656936645507812e+00
3.172459716796875000e+02
-1.011151962280273438e+02
-2.358983612060546875e+02
8.381796836853027344e+00
1.018818950653076172e+01
-1.717947235107421875e+02
2.811546936035156250e+02
-1.765858840942382812e+01
-1.008420104980468750e+02
1.243459606170654297e+01
6.190088272094726562e+00
2.925033092498779297e+00
-3.961344063282012939e-02
-4.625539481639862061e-01
-4.390162944793701172e+00
-5.739859938621520996e-01
-4.020362496376037598e-01
1.357031555175781250e+02
5.448714447021484375e+01
-9.588755607604980469e+00
-6.288125991821289062e+00
-1.477051734924316406e+01
-2.399545907974243164e+00
1.540383605957031250e+02
4.194065551757812500e+02
-2.157202911376953125e+01
-1.004072189331054688e+02
-2.932144927978515625e+01
-4.487733364105224609e+00
9.852352142333984375e+01
3.293002624511718750e+02
1.916593933105468750e+01
-2.213648071289062500e+02
-3.325526809692382812e+01
-9.566971778869628906e+00
1.676036682128906250e+02
4.654434204101562500e+02
1.510797023773193359e+01
-1.912132110595703125e+02
-4.318176269531250000e+01
-2.218151855468750000e+01
3.003485107421875000e+02
2.724331359863281250e+02
2.221376800537109375e+01
-1.414210052490234375e+02
-3.531456375122070312e+01
-3.004024887084960938e+01
1.355098876953125000e+02
1.703256988525390625e+02
3.437462997436523438e+01
-1.680813446044921875e+02
-2.501587867736816406e+01
-3.157453727722167969e+01
-1.133569641113281250e+02
2.130540008544921875e+02
3.893717575073242188e+01
-1.977378387451171875e+02
-1.872636604309082031e+01
-1.216398143768310547e+01
1.217786502838134766e+01
2.611544189453125000e+02
2.230291557312011719e+01
-2.082342376708984375e+02
-1.558489799499511719e+01
4.801472663879394531e+00
1.421715240478515625e+02
1.938973236083984375e+02
3.356434345245361328e+00
-2.127024230957031250e+02
-2.785665035247802734e+00
1.397275066375732422e+01
-1.967602539062500000e+01
2.059282226562500000e+02
-2.680426025390625000e+01
-1.853008422851562500e+02
1.468823146820068359e+01
1.146312046051025391e+01
-2.096885223388671875e+02
2.090828704833984375e+02
-5.752309036254882812e+01
-5.182453918457031250e+01
3.235620880126953125e+01
9.763437509536743164e-01
-1.468109741210937500e+02
9.348657226562500000e+01
-1.474664783477783203e+01
5.203790664672851562e+00
2.509169197082519531e+01
8.564305305480957031e-01
1.254449725151062012e+00
3.122536182403564453e+00
-2.536801695823669434e-01
-1.203116893768310547e+00
-5.220538377761840820e-01
5.553890466690063477e-01
5.594197845458984375e+01
1.470596923828125000e+02
1.281458950042724609e+01
-1.073962249755859375e+02
-2.194635391235351562e+01
-1.409976959228515625e+00
2.346464920043945312e+01
4.905083465576171875e+01
8.757859802246093750e+01
-1.878539581298828125e+02
-1.322700309753417969e+01
-3.237230181694030762e-01
6.054406738281250000e+01
1.201927490234375000e+02
6.745537567138671875e+01
-2.085321502685546875e+02
-3.850405883789062500e+01
-1.540331745147705078e+01
2.003384246826171875e+02
1.371255950927734375e+02
4.537313842773437500e+01
-1.893467254638671875e+02
-4.976670837402343750e+01
-2.656907463073730469e+01
3.604041748046875000e+02
9.229138946533203125e+01
3.781998443603515625e+01
-1.958895111083984375e+02
-3.548217391967773438e+01
-3.987016296386718750e+01
1.346065673828125000e+02
1.702042999267578125e+02
3.492941284179687500e+01
-1.702540588378906250e+02
-2.571389198303222656e+01
-3.229551315307617188e+01
-5.753111648559570312e+01
1.842785644531250000e+02
2.739435386657714844e+01
-1.298136291503906250e+02
-1.106011867523193359e+01
-1.053915119171142578e+01
7.521445465087890625e+01
-7.381021881103515625e+01
1.876848220825195312e+01
-1.084824829101562500e+02
5.108125686645507812e+00
2.516973972320556641e+00
-6.742326354980468750e+01
-6.892982482910156250e+01
-5.323539257049560547e+00
-5.467713165283203125e+01
1.995422744750976562e+01
1.706478881835937500e+01
-2.641004028320312500e+02
6.186538219451904297e+00
-2.895299911499023438e+01
1.942861747741699219e+01
4.025897979736328125e+01
1.889402961730957031e+01
-1.887611846923828125e+02
-2.311978340148925781e+01
-4.786493682861328125e+01
5.375786209106445312e+01
4.048166656494140625e+01
4.875952243804931641e+00
-4.882244491577148438e+01
-4.783186721801757812e+01
-7.481536102294921875e+01
9.860193634033203125e+01
2.318878746032714844e+01
6.933175921440124512e-01
1.774621367454528809e+00
3.155596971511840820e+00
-4.427467584609985352e-01
-3.138656616210937500e+00
7.548818737268447876e-02
-7.398034930229187012e-01
4.346468672156333923e-02
-1.335037350654602051e-01
6.721952557563781738e-01
-1.811835050582885742e+00
1.960854381322860718e-01
-6.047263145446777344e-01
6.443745613098144531e+00
-4.575116634368896484e+00
1.473576507568359375e+02
-1.887046508789062500e+02
-1.508365345001220703e+01
-3.255052328109741211e+00
5.886954498291015625e+01
1.698492813110351562e+01
8.349568176269531250e+01
-1.876611175537109375e+02
-4.860654067993164062e+01
-1.420478820800781250e+01
2.005298767089843750e+02
1.401059265136718750e+02
4.604566574096679688e+01
-1.899830017089843750e+02
-5.016899871826171875e+01
-2.790212821960449219e+01
2.988549804687500000e+02
2.665087280273437500e+02
2.299483680725097656e+01
-1.415958404541015625e+02
-3.470834350585937500e+01
-3.176620101928710938e+01
1.499378204345703125e+02
3.100595092773437500e+02
1.090949058532714844e+01
-6.265341186523437500e+01
-1.952044868469238281e+01
-1.381866931915283203e+01
-9.025575518608093262e-01
1.197625994682312012e+00
1.790502220392227173e-01
1.709825396537780762e-01
-1.769968122243881226e-01
1.649619936943054199e-01
-1.515695495605468750e+02
-3.088666687011718750e+02
-1.047459888458251953e+01
6.219067764282226562e+01
1.954765129089355469e+01
1.404166126251220703e+01
-2.980440368652343750e+02
-2.672940979003906250e+02
-2.290395927429199219e+01
1.405467987060546875e+02
3.455935287475585938e+01
3.184602355957031250e+01
-1.990433197021484375e+02
-1.408002777099609375e+02
-4.577339553833007812e+01
1.912019958496093750e+02
4.962760543823242188e+01
2.818004798889160156e+01
-5.805121612548828125e+01
-1.690877723693847656e+01
-8.342075347900390625e+01
1.903107299804687500e+02
4.871341705322265625e+01
1.442409992218017578e+01
-6.224374294281005859e+00
4.798106193542480469e+00
-1.469684448242187500e+02
1.906582946777343750e+02
1.499200344085693359e+01
3.147324800491333008e+00
-1.210423946380615234e+00
1.071302127838134766e+01
-3.330829772949218750e+02
1.835751037597656250e+02
2.091282463073730469e+01
1.837246894836425781e+01
1.183617711067199707e-01
-2.655999958515167236e-01
2.941254079341888428e-01
-5.239250183105468750e+00
-6.001368165016174316e-01
-1.418667938560247421e-02
7.800856590270996094e+00
-4.799306869506835938e+00
1.483345947265625000e+02
-1.773684997558593750e+02
-1.537862300872802734e+01
-5.266974925994873047e+00
6.225603866577148438e+01
1.105278701782226562e+02
6.657604217529296875e+01
-2.117578582763671875e+02
-3.986996078491210938e+01
-1.519474697113037109e+01
1.698222808837890625e+02
4.607753295898437500e+02
1.516899490356445312e+01
-1.932371978759765625e+02
-4.324760818481445312e+01
-2.400845527648925781e+01
2.689229736328125000e+02
6.089667968750000000e+02
-4.264630889892578125e+01
-9.012643432617187500e+01
-2.484036827087402344e+01
-1.000629901885986328e+01
1.164780426025390625e+02
3.335154113769531250e+02
-1.268969268798828125e+02
2.919769287109375000e+00
-1.206711769104003906e+01
9.941900968551635742e-01
-1.671719512939453125e+02
-3.199633483886718750e+02
-6.462812805175781250e+01
5.777465057373046875e+01
1.029130935668945312e+01
7.083433270454406738e-01
-3.199129333496093750e+02
-5.851040649414062500e+02
-2.079073143005371094e+01
1.492954406738281250e+02
3.185327529907226562e+01
1.979954910278320312e+01
-1.870646057128906250e+02
-3.536386718750000000e+02
-4.380418014526367188e+01
1.561957244873046875e+02
3.997611999511718750e+01
4.273068618774414062e+01
-6.632402038574218750e+01
-6.108863067626953125e+01
-7.405979919433593750e+01
1.166964645385742188e+02
3.496856307983398438e+01
4.564630126953125000e+01
-7.476221561431884766e+00
9.773918151855468750e+00
-1.598652801513671875e+02
8.286536407470703125e+01
3.355699920654296875e+01
2.645083427429199219e+01
1.452010512351989746e+00
1.130332946777343750e+00
-2.461894073486328125e+02
8.279006004333496094e+00
9.859301567077636719e+00
8.665341949462890625e+01
1.875271439552307129e+00
6.514419555664062500e+00
-3.326784057617187500e+02
1.706714172363281250e+02
1.769597434997558594e+01
2.030975341796875000e+01
5.582408308982849121e-01
5.580767393112182617e-01
1.004915356636047363e+00
-3.150563001632690430e+00
1.164706125855445862e-01
-2.337985754013061523e+00
2.537091445922851562e+01
3.922221755981445312e+01
8.871179199218750000e+01
-1.856113586425781250e+02
-1.352532196044921875e+01
-2.474058866500854492e+00
9.858001708984375000e+01
3.264164123535156250e+02
1.932820701599121094e+01
-2.093429718017578125e+02
-3.578956222534179688e+01
-1.139609432220458984e+01
2.298007049560546875e+02
6.413626098632812500e+02
-4.759149551391601562e+01
-1.485190582275390625e+02
-3.116488456726074219e+01
-6.160199642181396484e+00
2.122960052490234375e+02
6.199578247070312500e+02
-1.553523864746093750e+02
-8.138984680175781250e+01
-2.017057991027832031e+01
4.958044052124023438e+00
-4.851755142211914062e+01
-5.347700500488281250e+01
-1.256071701049804688e+02
1.961614990234375000e+02
-4.351718425750732422e+00
-2.055179834365844727e+00
-2.704762268066406250e+02
-9.470308227539062500e+02
-3.853586959838867188e+01
1.545913391113281250e+02
2.358292579650878906e+01
2.478834629058837891e+00
-2.340282287597656250e+02
-7.142850952148437500e+02
-5.880405044555664062e+01
1.058968887329101562e+02
3.923132705688476562e+01
3.395215988159179688e+01
-1.048974304199218750e+02
-1.744414062500000000e+02
-7.495552062988281250e+01
6.678739929199218750e+01
3.694173049926757812e+01
5.998487854003906250e+01
-2.587721061706542969e+01
-2.356408309936523438e+01
-1.027062072753906250e+02
2.565433692932128906e+01
5.593199729919433594e+00
7.853544616699218750e+01
-3.136261558532714844e+01
-2.336715698242187500e+01
-1.034175491333007812e+02
2.434444999694824219e+01
5.853949546813964844e+00
7.932064819335937500e+01
-1.049471855163574219e+01
5.735811233520507812e+00
-1.636868591308593750e+02
7.976637268066406250e+01
3.673625564575195312e+01
2.551149177551269531e+01
-9.301362037658691406e+00
3.807661056518554688e+00
-1.454534759521484375e+02
1.748480987548828125e+02
1.435752964019775391e+01
4.574060440063476562e+00
-2.476471476256847382e-03
-4.557369709014892578e+00
1.685501694679260254e+00
4.697266578674316406e+00
-8.552082777023315430e-01
-3.808089494705200195e-01
5.716769790649414062e+01
1.422856292724609375e+02
1.260034561157226562e+01
-1.085022430419921875e+02
-2.168548583984375000e+01
-9.028816819190979004e-01
1.501069488525390625e+02
4.190568847656250000e+02
-2.090639114379882812e+01
-1.004743347167968750e+02
-2.838670349121093750e+01
-4.191136360168457031e+00
2.309908599853515625e+02
5.420121459960937500e+02
-5.415887069702148438e+01
-4.904883575439453125e+01
-2.134957885742187500e+01
3.594413995742797852e+00
7.459361267089843750e+01
3.130043334960937500e+02
-6.932970428466796875e+01
5.388640213012695312e+01
-1.180056190490722656e+01
1.495964336395263672e+01
-3.264077148437500000e+02
-3.551837463378906250e+02
-5.606546783447265625e+01
1.015351181030273438e+02
1.015863609313964844e+01
1.292467021942138672e+01
-5.456582641601562500e+02
-5.347584228515625000e+02
-7.953373718261718750e+01
9.202562713623046875e+01
3.433382415771484375e+01
3.211785507202148438e+01
-2.731829833984375000e+02
-2.486133575439453125e+02
-1.417559967041015625e+02
6.823661804199218750e+01
4.144780731201171875e+01
6.389942932128906250e+01
-1.119150772094726562e+02
-6.405567932128906250e+01
-9.136486053466796875e+01
3.704050827026367188e+01
2.752843666076660156e+01
7.671376037597656250e+01
-1.044430999755859375e+02
-1.700391387939453125e+02
-7.494735717773437500e+01
6.809075164794921875e+01
3.728354644775390625e+01
5.921031188964843750e+01
-6.735491180419921875e+01
-5.840019226074218750e+01
-7.510768127441406250e+01
1.158676300048828125e+02
3.550439071655273438e+01
4.484369277954101562e+01
-5.936399078369140625e+01
-1.523668003082275391e+01
-8.496254730224609375e+01
1.821510009765625000e+02
4.875299835205078125e+01
1.429514980316162109e+01
-4.865921783447265625e+01
-5.329724502563476562e+01
-7.290705108642578125e+01
1.097742233276367188e+02
2.248129844665527344e+01
-1.032887339591979980e+00
6.457404494285583496e-01
7.358494400978088379e-01
-1.245102658867835999e-01
9.207872748374938965e-01
7.601038366556167603e-02
4.291572272777557373e-01
1.350391235351562500e+02
4.788418197631835938e+01
-9.381414413452148438e+00
-6.305548667907714844e+00
-1.427073383331298828e+01
-2.603965282440185547e+00
2.104101715087890625e+02
7.901518249511718750e+01
-2.543762588500976562e+01
6.444744110107421875e+00
-2.063732337951660156e+01
4.192639827728271484e+00
7.842070007324218750e+01
9.667245483398437500e+01
-4.832235717773437500e+01
5.310797119140625000e+01
-1.692719078063964844e+01
1.171705818176269531e+01
-1.027449798583984375e+01
-2.315809020996093750e+02
-7.629832458496093750e+01
8.520820617675781250e+01
-4.988376617431640625e+00
2.300613784790039062e+01
-7.093507080078125000e+02
-3.054993286132812500e+02
-1.341241302490234375e+02
9.279400634765625000e+01
1.999709892272949219e+01
2.570532035827636719e+01
-7.547730102539062500e+02
-2.283621826171875000e+02
-1.782818908691406250e+02
8.411978912353515625e+01
3.674890136718750000e+01
4.489896774291992188e+01
-2.710156250000000000e+02
-2.516100006103515625e+02
-1.420578765869140625e+02
7.003602600097656250e+01
4.028755950927734375e+01
6.203969192504882812e+01
-2.311030731201171875e+02
-7.054298095703125000e+02
-5.748058319091796875e+01
1.059733963012695312e+02
4.006116867065429688e+01
3.292767715454101562e+01
-1.870648193359375000e+02
-3.481679992675781250e+02
-4.421973800659179688e+01
1.603810424804687500e+02
4.076824569702148438e+01
4.186996841430664062e+01
-1.997225494384765625e+02
-1.373542938232421875e+02
-4.532093048095703125e+01
1.932740173339843750e+02
5.200207901000976562e+01
2.590911674499511719e+01
-1.891575469970703125e+02
-2.536318588256835938e+01
-5.054679107666015625e+01
5.161672210693359375e+01
3.998863601684570312e+01
3.501677036285400391e+00
-1.447969055175781250e+02
9.083271789550781250e+01
-1.395470619201660156e+01
8.419416427612304688e+00
2.600858497619628906e+01
2.658997178077697754e-01
-8.083600997924804688e-01
-2.495415657758712769e-01
-2.269847504794597626e-02
8.598552346229553223e-01
2.293171137571334839e-01
-9.280103445053100586e-01
1.830609436035156250e+02
-2.250445404052734375e+02
-3.444665908813476562e+00
3.361902618408203125e+01
-6.729633331298828125e+00
1.550431489944458008e+00
3.514920806884765625e+01
-2.226994171142578125e+02
-1.584464263916015625e+01
5.668113708496093750e+01
-1.630123138427734375e+01
4.602962970733642578e+00
-5.166202163696289062e+01
-2.862554931640625000e+02
-3.827506256103515625e+01
7.376815032958984375e+01
-8.894001960754394531e+00
1.597598171234130859e+01
-3.594197845458984375e+01
-3.365156250000000000e+02
-1.068120651245117188e+02
8.691941833496093750e+01
5.332185745239257812e+00
2.336990547180175781e+01
-7.001907958984375000e+02
-3.009446105957031250e+02
-1.304438323974609375e+02
9.222769165039062500e+01
2.056095886230468750e+01
2.118203544616699219e+01
-5.419891357421875000e+02
-5.304106445312500000e+02
-7.908842468261718750e+01
9.258505249023437500e+01
3.416383743286132812e+01
2.969104385375976562e+01
-2.651045837402343750e+02
-9.406586914062500000e+02
-3.757100677490234375e+01
1.544496002197265625e+02
2.215193939208984375e+01
2.608142614364624023e+00
-3.236713256835937500e+02
-5.834918823242187500e+02
-2.222092247009277344e+01
1.490801391601562500e+02
3.216598129272460938e+01
2.094211387634277344e+01
-2.980183715820312500e+02
-2.669048767089843750e+02
-2.249865341186523438e+01
1.405782928466796875e+02
3.513500976562500000e+01
3.141900825500488281e+01
-2.619602661132812500e+02
4.299499034881591797e+00
-2.995229911804199219e+01
2.225511550903320312e+01
4.193497848510742188e+01
1.800429153442382812e+01
-2.078104553222656250e+02
2.062386322021484375e+02
-5.672621536254882812e+01
-4.817604446411132812e+01
3.177158927917480469e+01
2.182223796844482422e+00
-1.730480804443359375e+02
2.828251953125000000e+02
-1.881441116333007812e+01
-9.901635742187500000e+01
1.165686607360839844e+01
6.350281715393066406e+00
-4.905943393707275391e+00
4.886332988739013672e+00
4.809102416038513184e-01
9.639174938201904297e-01
2.178271532058715820e+00
-6.439139693975448608e-02
1.184014892578125000e+01
-2.117308349609375000e+02
1.445639419555664062e+01
4.143667602539062500e+01
-4.212362766265869141e+00
-4.832022190093994141e+00
-9.378497314453125000e+01
-2.887481994628906250e+02
5.581694245338439941e-01
5.347444915771484375e+01
-4.695015907287597656e+00
1.254867362976074219e+01
-5.141717910766601562e+01
-2.782028198242187500e+02
-3.727805328369140625e+01
7.445572662353515625e+01
-8.985092163085937500e+00
1.538315105438232422e+01
-1.335318088531494141e+01
-2.248206939697265625e+02
-7.304125976562500000e+01
8.427994537353515625e+01
-4.086577892303466797e+00
2.003261375427246094e+01
-3.273831176757812500e+02
-3.590969543457031250e+02
-5.306621170043945312e+01
1.037303161621093750e+02
1.046943092346191406e+01
1.347402572631835938e+01
-1.599959716796875000e+02
-1.908703460693359375e+02
-9.234674835205078125e+01
4.351662158966064453e+00
4.077650070190429688e+00
9.944029235839843750e+01
-3.268771057128906250e+02
-3.562763671875000000e+02
-5.392715072631835938e+01
1.020715866088867188e+02
1.022709465026855469e+01
1.321124649047851562e+01
-2.923981933593750000e+02
-2.913492736816406250e+02
-3.714409637451171875e+01
1.671960449218750000e+02
2.110072135925292969e+01
2.355669403076171875e+01
-1.300831298828125000e+02
-1.685721282958984375e+02
-3.416443252563476562e+01
1.711851196289062500e+02
2.613855361938476562e+01
3.153949356079101562e+01
-5.258621597290039062e+01
3.583652114868164062e+01
-4.680821228027343750e+01
1.085700511932373047e+01
2.176469230651855469e+01
1.808572959899902344e+01
-2.111612701416015625e+01
2.121290130615234375e+02
-2.752605056762695312e+01
-1.831058502197265625e+02
1.488594722747802734e+01
1.312714099884033203e+01
-1.487467956542968750e+01
2.888335571289062500e+02
-1.137770271301269531e+01
-1.667589569091796875e+02
6.077108860015869141e+00
1.250583648681640625e+01
-1.321676063537597656e+01
2.105732574462890625e+02
-1.253608036041259766e+01
-4.250054550170898438e+01
2.524737596511840820e+00
3.627991199493408203e+00
1.715584248304367065e-01
1.053043231368064880e-01
1.201830863952636719e+00
3.908537328243255615e-01
-3.317789137363433838e-01
1.106661677360534668e+00
2.655198287963867188e+01
-1.856469879150390625e+02
-8.451053619384765625e+00
1.646506500244140625e+01
-9.793668746948242188e+00
1.094219207763671875e+01
4.528565216064453125e+01
-8.285947418212890625e+01
-1.017807312011718750e+02
1.949805259704589844e+01
-1.348301124572753906e+01
2.368274307250976562e+01
1.192508602142333984e+01
1.534175720214843750e+02
-1.408580627441406250e+02
8.536558151245117188e+00
-8.984842300415039062e+00
4.109552764892578125e+01
1.122576141357421875e+02
5.478302612304687500e+02
-6.889563751220703125e+01
-3.072860908508300781e+01
-4.925218582153320312e+00
3.192340087890625000e+01
7.084599304199218750e+01
3.136091308593750000e+02
-7.047063446044921875e+01
5.462616729736328125e+01
-1.219784641265869141e+01
1.551015663146972656e+01
-1.624832534790039062e+01
-7.501839447021484375e+01
-4.229590988159179688e+01
1.357738189697265625e+02
1.830779761075973511e-01
8.135613441467285156e+00
6.110479736328125000e+01
-1.818434753417968750e+02
-2.855249023437500000e+01
1.289518127441406250e+02
1.128000164031982422e+01
9.689089775085449219e+00
1.456699218750000000e+02
-1.065960502624511719e+01
-3.399638748168945312e+01
-2.011755561828613281e+01
1.177492523193359375e+01
1.034976768493652344e+01
1.665867919921875000e+02
2.411374206542968750e+02
-6.010150527954101562e+01
-1.746120910644531250e+02
-8.717441558837890625e+00
1.293614768981933594e+01
1.612589263916015625e+02
3.558009033203125000e+02
-6.349183654785156250e+01
-3.129162292480468750e+02
-2.451482200622558594e+01
2.605519866943359375e+01
1.380846405029296875e+02
2.893173217773437500e+02
-3.193429374694824219e+01
-1.619480895996093750e+02
-2.166082191467285156e+01
2.888758850097656250e+01
-1.173815822601318359e+01
2.054999084472656250e+02
-1.169461059570312500e+01
-4.407415390014648438e+01
1.250245451927185059e+00
4.833027362823486328e+00
4.177387237548828125e+00
-5.105184555053710938e+00
-1.686153411865234375e-01
-7.652288675308227539e-01
-1.557113051414489746e+00
1.490970253944396973e+00
1.426808776855468750e+02
-4.668372344970703125e+01
-2.738770103454589844e+01
7.942729592323303223e-01
-8.995740890502929688e+00
1.123491764068603516e+01
1.519590911865234375e+02
4.017260437011718750e+02
-8.108744812011718750e+01
-2.149040222167968750e+01
-1.181765174865722656e+01
2.140394401550292969e+01
2.175797882080078125e+02
5.099745483398437500e+02
-4.533712387084960938e+01
-5.911515426635742188e+01
-1.742114067077636719e+01
6.267049789428710938e+00
2.314694671630859375e+02
5.460239868164062500e+02
-5.440478897094726562e+01
-4.832002639770507812e+01
-2.135925483703613281e+01
3.724851608276367188e+00
9.767451477050781250e+01
2.638711853027343750e+02
-4.280686950683593750e+01
-1.776069068908691406e+01
-1.596824741363525391e+01
-7.313601970672607422e-01
-7.633483123779296875e+01
7.167618560791015625e+01
-1.840463829040527344e+01
1.075350723266601562e+02
-3.996242523193359375e+00
-3.195075273513793945e+00
-8.855439722537994385e-02
-2.962041497230529785e-01
-3.011445105075836182e-01
2.251742124557495117e+00
-4.764277935028076172e-01
4.421188235282897949e-01
1.080359954833984375e+02
2.714990844726562500e+02
-1.076074314117431641e+01
-1.145968093872070312e+02
-1.492434787750244141e+01
1.291108989715576172e+01
1.490711212158203125e+02
5.164803466796875000e+02
-7.847547149658203125e+01
-2.793188781738281250e+02
-3.041950416564941406e+01
2.552489852905273438e+01
1.620691833496093750e+02
3.575018310546875000e+02
-6.318476486206054688e+01
-3.112277832031250000e+02
-2.734021186828613281e+01
2.279134941101074219e+01
-1.584146785736083984e+01
2.902205505371093750e+02
-1.185892772674560547e+01
-1.722980804443359375e+02
5.570450305938720703e+00
1.300854778289794922e+01
-1.836643066406250000e+02
2.264203338623046875e+02
3.833791017532348633e+00
-3.508571243286132812e+01
6.391803741455078125e+00
5.373766422271728516e-01
1.633794307708740234e+00
-2.198322296142578125e+00
-6.513354778289794922e-01
8.014194369316101074e-01
-2.662872076034545898e-01
1.055455088615417480e+00
1.089504623413085938e+02
2.371564331054687500e+02
-3.108497238159179688e+01
-2.724353790283203125e+01
-1.267212295532226562e+01
8.638972640037536621e-01
7.584659576416015625e+01
2.827702941894531250e+02
-1.273794078826904297e+01
-5.951983261108398438e+01
-1.416958522796630859e+01
-2.601412534713745117e+00
1.519084167480468750e+02
4.180891418457031250e+02
-2.155332565307617188e+01
-1.046321640014648438e+02
-2.758471107482910156e+01
-4.591634750366210938e+00
2.446365509033203125e+02
2.424420166015625000e+02
-1.499689388275146484e+01
-3.322523880004882812e+01
-3.176423454284667969e+01
-1.010262584686279297e+01
6.880804443359375000e+01
7.148612976074218750e+01
5.856920242309570312e+00
4.893830490112304688e+01
-2.026628112792968750e+01
-1.676870727539062500e+01
-1.479892120361328125e+02
8.218141555786132812e+00
3.458894729614257812e+01
1.432033538818359375e+01
-1.040138149261474609e+01
-1.046140098571777344e+01
-7.877490234375000000e+01
1.000659255981445312e+02
2.933368873596191406e+01
-4.159067535400390625e+01
-5.615612506866455078e+00
2.356694936752319336e+00
1.076443176269531250e+02
2.716159973144531250e+02
-1.042117404937744141e+01
-1.152112731933593750e+02
-1.430897808074951172e+01
1.246885871887207031e+01
1.680369873046875000e+02
2.450517272949218750e+02
-6.124871444702148438e+01
-1.739688262939453125e+02
-8.523357391357421875e+00
1.070190143585205078e+01
-2.206577491760253906e+01
2.153974609375000000e+02
-2.821656227111816406e+01
-1.879559326171875000e+02
1.291147804260253906e+01
1.363898658752441406e+01
-2.165177612304687500e+02
1.557562713623046875e+02
3.175451517105102539e+00
-6.373350906372070312e+01
2.212585639953613281e+01
5.534959316253662109e+00
-1.359127960205078125e+02
-4.948060989379882812e+01
8.659206390380859375e+00
2.171385288238525391e+00
1.369883441925048828e+01
1.780134081840515137e+00
4.696292579174041748e-01
1.494075655937194824e+00
-3.615039288997650146e-01
-1.339570760726928711e+00
6.708535552024841309e-02
-1.065045148134231567e-01
2.600820958614349365e-01
1.211106538772583008e+00
-2.542577683925628662e-01
-7.450780868530273438e-01
1.002958565950393677e-01
-6.405194997787475586e-01
5.597313308715820312e+01
1.442369689941406250e+02
1.290797138214111328e+01
-1.056472702026367188e+02
-2.206338119506835938e+01
-2.425098657608032227e+00
1.786073455810546875e+02
1.527371215820312500e+02
1.848425102233886719e+01
-8.152793884277343750e+01
-3.398263549804687500e+01
-3.473430156707763672e+00
2.644951477050781250e+02
-6.481927394866943359e+00
2.879623985290527344e+01
-2.417830657958984375e+01
-3.995119857788085938e+01
-1.887878608703613281e+01
5.307691192626953125e+01
-4.366440200805664062e+01
4.686842346191406250e+01
-1.354377174377441406e+01
-2.130118370056152344e+01
-2.002880668640136719e+01
-1.494190368652343750e+02
9.392959594726562500e+00
3.481441497802734375e+01
1.943128585815429688e+01
-1.047784519195556641e+01
-1.136509418487548828e+01
-2.887912094593048096e-01
1.432795882225036621e+00
3.494030535221099854e-01
4.106754362583160400e-01
1.356636881828308105e-01
-8.637491613626480103e-02
1.494081573486328125e+02
-8.230838775634765625e+00
-3.408266448974609375e+01
-1.846965217590332031e+01
1.088964939117431641e+01
1.111320209503173828e+01
-5.329093170166015625e+01
4.448696517944335938e+01
-4.664007568359375000e+01
1.431854152679443359e+01
2.116935157775878906e+01
2.000188827514648438e+01
-2.650052490234375000e+02
8.342767715454101562e+00
-2.854358291625976562e+01
2.331294250488281250e+01
3.959236145019531250e+01
1.953776550292968750e+01
-1.777244873046875000e+02
-1.505032501220703125e+02
-1.829913330078125000e+01
7.991683959960937500e+01
3.359938430786132812e+01
3.379299402236938477e+00
-5.581034469604492188e+01
-1.422978820800781250e+02
-1.344316577911376953e+01
1.031904525756835938e+02
2.196335601806640625e+01
1.377340435981750488e+00
-2.362944984436035156e+01
-4.753121566772460938e+01
-8.716167449951171875e+01
1.861255340576171875e+02
1.349220561981201172e+01
-8.416285514831542969e-01
-1.326098442077636719e+00
-2.605942964553833008e+00
3.092978298664093018e-01
-8.824822306632995605e-01
-2.765817344188690186e-01
-2.623380422592163086e-01
4.981520462036132812e+01
4.853602218627929688e+01
7.453561401367187500e+01
-1.011867675781250000e+02
-2.341709327697753906e+01
-8.038933277130126953e-01
1.891483917236328125e+02
2.243747520446777344e+01
4.871725082397460938e+01
-5.376882171630859375e+01
-4.014606857299804688e+01
-4.521315097808837891e+00
2.637229309082031250e+02
-6.410646438598632812e+00
2.976316261291503906e+01
-1.800490570068359375e+01
-4.060101699829101562e+01
-1.857222366333007812e+01
6.657354736328125000e+01
6.958728790283203125e+01
5.713294506072998047e+00
5.542455673217773438e+01
-1.985999298095703125e+01
-1.672797393798828125e+01
-7.665677642822265625e+01
7.742987823486328125e+01
-1.843163108825683594e+01
1.085378799438476562e+02
-4.938943862915039062e+00
-2.483188629150390625e+00
5.720080184936523438e+01
-1.816007385253906250e+02
-2.707212257385253906e+01
1.297163848876953125e+02
1.118405055999755859e+01
1.066202735900878906e+01
-1.346942596435546875e+02
-1.693784027099609375e+02
-3.435831069946289062e+01
1.710066223144531250e+02
2.570441246032714844e+01
3.257098007202148438e+01
-3.603810424804687500e+02
-9.159209442138671875e+01
-3.796081161499023438e+01
1.981083068847656250e+02
3.520413589477539062e+01
4.018696212768554688e+01
-1.996633300781250000e+02
-1.365043029785156250e+02
-4.521281814575195312e+01
1.901467132568359375e+02
4.965831375122070312e+01
2.693116569519042969e+01
-6.066627502441406250e+01
-1.191571350097656250e+02
-6.722935485839843750e+01
2.086298217773437500e+02
3.851265716552734375e+01
1.511601161956787109e+01
-2.434978103637695312e+01
-1.233900642395019531e+01
-1.233699951171875000e+02
1.564937438964843750e+02
3.211092376708984375e+01
2.356148529052734375e+01
-8.982878684997558594e+00
4.453824996948242188e+00
-1.468124694824218750e+02
1.765661010742187500e+02
1.443541049957275391e+01
3.536196947097778320e+00
-1.750316262245178223e+00
1.074647665023803711e+00
9.737652540206909180e-01
-5.305578112602233887e-01
5.481085777282714844e-01
7.736679911613464355e-01
5.009424591064453125e+01
4.273787307739257812e+01
7.510427856445312500e+01
-1.027335433959960938e+02
-2.353791618347167969e+01
-4.939853847026824951e-01
1.787442169189453125e+02
1.485139770507812500e+02
1.834662437438964844e+01
-8.501213073730468750e+01
-3.521051788330078125e+01
-4.714126110076904297e+00
2.432108612060546875e+02
2.447367858886718750e+02
-1.668019866943359375e+01
-2.423011016845703125e+01
-3.266181182861328125e+01
-9.944842338562011719e+00
9.596705627441406250e+01
2.611293945312500000e+02
-4.342483520507812500e+01
-2.254552459716796875e+01
-1.644776535034179688e+01
-9.045996069908142090e-01
-1.732598686218261719e+01
-7.545638275146484375e+01
-4.172284698486328125e+01
1.339479675292968750e+02
4.697871208190917969e-01
7.893480300903320312e+00
-2.931681518554687500e+02
-2.966571655273437500e+02
-3.836879730224609375e+01
1.652408599853515625e+02
2.148040580749511719e+01
2.207360839843750000e+01
-4.474049682617187500e+02
-2.088525543212890625e+02
-6.032556533813476562e+01
1.548972778320312500e+02
3.454085922241210938e+01
4.377783966064453125e+01
-2.610278930664062500e+02
-8.613024902343750000e+01
-6.299272155761718750e+01
1.307132263183593750e+02
3.662549591064453125e+01
4.421117782592773438e+01
-6.681761169433593750e+01
-5.915874862670898438e+01
-7.513186645507812500e+01
1.176713638305664062e+02
3.427655029296875000e+01
4.421825027465820312e+01
-3.134754180908203125e+01
-2.335620117187500000e+01
-1.030748672485351562e+02
2.327663612365722656e+01
5.786770820617675781e+00
7.955530548095703125e+01
-9.648793220520019531e+00
5.073911666870117188e+00
-1.634584655761718750e+02
8.036094665527343750e+01
3.579210662841796875e+01
2.544884681701660156e+01
-8.954860687255859375e+00
3.740060567855834961e+00
-1.455566253662109375e+02
1.740688476562500000e+02
1.451092815399169922e+01
4.274558067321777344e+00
3.709136545658111572e-01
-5.031968116760253906e+00
1.656121015548706055e-01
4.250317096710205078e+00
-1.456703782081604004e+00
-5.525938868522644043e-01
5.793350982666015625e+01
1.424177246093750000e+02
1.241904163360595703e+01
-1.082054748535156250e+02
-2.210284805297851562e+01
-9.390785694122314453e-01
1.512285461425781250e+02
4.179346313476562500e+02
-2.085544395446777344e+01
-1.000234832763671875e+02
-2.845358467102050781e+01
-4.327105045318603516e+00
2.300611877441406250e+02
5.421697387695312500e+02
-5.392916488647460938e+01
-4.922305679321289062e+01
-2.112399291992187500e+01
3.173524379730224609e+00
7.130027770996093750e+01
3.143653259277343750e+02
-6.928839874267578125e+01
5.416898727416992188e+01
-1.198040294647216797e+01
1.493293476104736328e+01
-3.292697448730468750e+02
-3.539336853027343750e+02
-5.601050567626953125e+01
1.015937347412109375e+02
1.008665657043457031e+01
1.280784988403320312e+01
-5.441648559570312500e+02
-5.366785888671875000e+02
-7.957021331787109375e+01
9.227326202392578125e+01
3.416217803955078125e+01
3.147565460205078125e+01
-2.710412597656250000e+02
-2.501829681396484375e+02
-1.421053314208984375e+02
6.847201538085937500e+01
4.120404434204101562e+01
6.438555908203125000e+01
-1.115716934204101562e+02
-6.423977661132812500e+01
-9.129043579101562500e+01
3.696770477294921875e+01
2.709909820556640625e+01
7.678723144531250000e+01
-7.169658660888671875e+01
-7.201599121093750000e+01
-1.118021621704101562e+02
1.729772758483886719e+01
1.822011947631835938e+01
9.507804107666015625e+01
-3.127909660339355469e+01
-2.518462944030761719e+01
-1.047282714843750000e+02
2.624687194824218750e+01
4.870388984680175781e+00
7.928924560546875000e+01
-2.449935913085937500e+01
-1.114979743957519531e+01
-1.208499908447265625e+02
1.559580535888671875e+02
2.662435340881347656e+01
2.515384292602539062e+01
-2.213283348083496094e+01
-5.127256774902343750e+01
-8.938359832763671875e+01
1.826210021972656250e+02
1.431831359863281250e+01
2.129647254943847656e+00
5.751332044601440430e-01
-3.699728250503540039e+00
-1.419375300407409668e+00
5.046506881713867188e+00
-2.591007649898529053e-01
1.155859082937240601e-01
7.286061859130859375e+01
2.786972351074218750e+02
-1.341426658630371094e+01
-5.455324935913085938e+01
-1.391802787780761719e+01
-2.439126253128051758e+00
2.140548858642578125e+02
5.064925537109375000e+02
-4.767044830322265625e+01
-5.713869857788085938e+01
-1.752038955688476562e+01
6.716557025909423828e+00
1.198620834350585938e+02
5.423305053710937500e+02
-7.070531463623046875e+01
-2.854320907592773438e+01
-6.528506278991699219e+00
3.138747787475585938e+01
-2.061125793457031250e+02
-1.392629089355468750e+02
-9.154954528808593750e+01
-1.426143884658813477e+00
1.157158374786376953e+01
9.858811950683593750e+01
-4.526630554199218750e+02
-1.249369018554687500e+03
-1.324973907470703125e+02
7.008638763427734375e+01
3.051288032531738281e+01
2.466964149475097656e+01
-3.297755126953125000e+02
-6.139163208007812500e+02
-2.181520843505859375e+02
6.252275085449218750e+01
4.286410903930664062e+01
6.361956787109375000e+01
-1.706969299316406250e+02
-1.810072326660156250e+02
-2.457819061279296875e+02
4.035387420654296875e+01
4.039604949951171875e+01
8.844218444824218750e+01
-1.704130859375000000e+02
-1.814200592041015625e+02
-2.466684112548828125e+02
4.343669509887695312e+01
4.051641082763671875e+01
8.557920074462890625e+01
-1.121573410034179688e+02
-6.180610275268554688e+01
-9.114808654785156250e+01
3.756474304199218750e+01
2.785147857666015625e+01
7.601360321044921875e+01
-6.800346374511718750e+01
-6.073742675781250000e+01
-7.494044494628906250e+01
1.139310455322265625e+02
3.539443588256835938e+01
4.543558883666992188e+01
-6.140950012207031250e+01
-1.208512115478515625e+02
-6.686080169677734375e+01
2.113532257080078125e+02
3.818544769287109375e+01
1.557314586639404297e+01
-5.598381805419921875e+01
-1.451952972412109375e+02
-1.471567821502685547e+01
1.064387512207031250e+02
2.098044204711914062e+01
6.980795264244079590e-01
1.745612859725952148e+00
-3.241078138351440430e+00
-1.539754271507263184e-01
2.839201211929321289e+00
1.115633547306060791e-01
-2.806391753256320953e-02
1.082660064697265625e+02
2.296971435546875000e+02
-3.165645408630371094e+01
-2.761771965026855469e+01
-1.308656787872314453e+01
1.559087276458740234e+00
1.505143127441406250e+02
3.948231506347656250e+02
-7.840325927734375000e+01
-1.980519104003906250e+01
-1.112044906616210938e+01
2.099263381958007812e+01
1.544398498535156250e+01
1.421660003662109375e+02
-1.414616394042968750e+02
9.953496932983398438e+00
-1.000319290161132812e+01
4.153981399536132812e+01
-9.594993896484375000e+02
-5.000289916992187500e+02
-1.892617034912109375e+02
5.585106658935546875e+01
1.251514720916748047e+01
4.313240432739257812e+01
-1.116747436523437500e+03
-4.415672302246093750e+02
-4.387172851562500000e+02
6.214311218261718750e+01
4.093578720092773438e+01
5.715058898925781250e+01
-4.662936096191406250e+02
-2.406230010986328125e+02
-4.262778320312500000e+02
5.602693557739257812e+01
5.017348861694335938e+01
7.874666595458984375e+01
-3.275618591308593750e+02
-6.198780517578125000e+02
-2.163425598144531250e+02
6.399904632568359375e+01
4.128655624389648438e+01
6.247428894042968750e+01
-2.728812866210937500e+02
-2.456556396484375000e+02
-1.437842712402343750e+02
6.924237060546875000e+01
4.093089675903320312e+01
6.360582351684570312e+01
-2.606536560058593750e+02
-8.269399261474609375e+01
-6.148822021484375000e+01
1.320485839843750000e+02
3.804011535644531250e+01
4.419402313232421875e+01
-2.013995056152343750e+02
-1.361015777587890625e+02
-4.599739837646484375e+01
1.962027435302734375e+02
4.984741210937500000e+01
2.584040832519531250e+01
-1.771386108398437500e+02
-1.518826446533203125e+02
-1.904428672790527344e+01
8.701793670654296875e+01
3.293917846679687500e+01
4.260882854461669922e+00
-1.350000000000000000e+02
-5.105640029907226562e+01
9.236773490905761719e+00
7.647097587585449219e+00
1.203432273864746094e+01
9.855270981788635254e-01
-2.562595345079898834e-02
-3.976154088973999023e+00
-5.135356783866882324e-01
-2.581709623336791992e+00
-8.648785762488842010e-03
1.777696423232555389e-02
1.382168579101562500e+02
-4.394902801513671875e+01
-2.685618972778320312e+01
9.525379538536071777e-02
-8.219799041748046875e+00
1.095611572265625000e+01
4.537610626220703125e+01
-8.512820434570312500e+01
-1.011400070190429688e+02
1.987295722961425781e+01
-1.376662254333496094e+01
2.460272979736328125e+01
6.412594318389892578e+00
-3.521785583496093750e+02
-3.167845764160156250e+02
4.788100051879882812e+01
-8.102299690246582031e+00
4.399745178222656250e+01
-1.958868041992187500e+03
-3.650626831054687500e+02
-4.721645202636718750e+02
6.066504669189453125e+01
1.923616218566894531e+01
5.619299697875976562e+01
-1.104560668945312500e+03
-4.447625732421875000e+02
-4.361633300781250000e+02
6.363460540771484375e+01
4.144710540771484375e+01
5.739689636230468750e+01
-4.413023071289062500e+02
-1.245132568359375000e+03
-1.340791473388671875e+02
6.917991638183593750e+01
3.115295028686523438e+01
2.505450248718261719e+01
-5.463110961914062500e+02
-5.269032592773437500e+02
-7.938125610351562500e+01
9.129190063476562500e+01
3.486213684082031250e+01
3.135765457153320312e+01
-4.479443664550781250e+02
-2.044522857666015625e+02
-5.940759658813476562e+01
1.532410583496093750e+02
3.548870849609375000e+01
4.623702239990234375e+01
-3.515933837890625000e+02
-9.262329101562500000e+01
-3.798146820068359375e+01
1.936166534423828125e+02
3.628823852539062500e+01
3.895737838745117188e+01
-2.616425781250000000e+02
2.894982099533081055e+00
-2.880072593688964844e+01
1.666011810302734375e+01
4.023195266723632812e+01
1.781056976318359375e+01
-2.150367736816406250e+02
1.557049102783203125e+02
3.867525339126586914e+00
-6.543735504150390625e+01
2.158937263488769531e+01
4.562170982360839844e+00
-1.814551696777343750e+02
2.209804229736328125e+02
4.327839374542236328e+00
-3.250142669677734375e+01
6.172520160675048828e+00
-1.788513541221618652e+00
-2.068956851959228516e+00
4.499553203582763672e+00
1.021626368165016174e-01
-6.155875921249389648e-01
8.058526515960693359e-01
9.946464300155639648e-01
2.444193649291992188e+01
-1.852511901855468750e+02
-9.010099411010742188e+00
1.653536415100097656e+01
-9.162655830383300781e+00
1.312496852874755859e+01
-8.758124351501464844e+00
-3.004151000976562500e+02
-9.869104003906250000e+01
3.226041030883789062e+01
-1.239947128295898438e+01
2.977129554748535156e+01
1.535988211631774902e+00
-3.522052612304687500e+02
-3.162434692382812500e+02
4.627491378784179688e+01
-8.296742439270019531e+00
4.380074691772460938e+01
-9.686887817382812500e+02
-5.264694213867187500e+02
-1.891493682861328125e+02
5.363470077514648438e+01
1.313070678710937500e+01
4.344805526733398438e+01
-5.742221069335937500e+02
-7.229080810546875000e+02
-4.317971496582031250e+02
1.107437705993652344e+01
1.138918209075927734e+01
7.089334106445312500e+01
-9.704971923828125000e+02
-5.144006347656250000e+02
-1.863962097167968750e+02
5.540042495727539062e+01
1.232829570770263672e+01
4.152488708496093750e+01
-6.961956787109375000e+02
-3.064586791992187500e+02
-1.348175506591796875e+02
9.234518432617187500e+01
2.019285583496093750e+01
2.455567550659179688e+01
-3.060303955078125000e+02
-2.055963745117187500e+02
-7.955854034423828125e+01
1.636991577148437500e+02
2.408048629760742188e+01
3.797457122802734375e+01
-1.293566284179687500e+02
-1.689638519287109375e+02
-3.402050781250000000e+01
1.739589233398437500e+02
2.595594024658203125e+01
3.089171791076660156e+01
-6.894237518310546875e+01
-6.575979614257812500e+01
-5.641343116760253906e+00
-5.007648468017578125e+01
2.118238830566406250e+01
1.452708721160888672e+01
-5.002731704711914062e+01
9.084689331054687500e+01
1.840490341186523438e+01
-1.152728958129882812e+02
1.715390396118164062e+01
6.778002262115478516e+00
-3.597975158691406250e+01
2.167721099853515625e+02
1.471148204803466797e+01
-5.493462371826171875e+01
1.631360435485839844e+01
-5.921791553497314453e+00
-2.307309722900390625e+01
1.854727172851562500e+02
6.499559879302978516e+00
-1.733046722412109375e+01
9.825742721557617188e+00
-1.175207138061523438e+01
2.587784528732299805e-01
9.767119884490966797e-01
2.108838558197021484e+00
-5.051066279411315918e-01
1.281024366617202759e-01
-1.677827239036560059e+00
8.021818161010742188e+00
-1.491750793457031250e+02
-3.202825927734375000e+02
7.942303657531738281e+00
-3.059042692184448242e+00
2.931589508056640625e+01
-1.173547439575195312e+02
-1.495819549560546875e+02
-5.044597778320312500e+02
6.102346897125244141e+00
-1.362386941909790039e+00
5.257870864868164062e+01
-2.188054809570312500e+02
4.236820373535156250e+02
-2.156396789550781250e+02
-3.012556838989257812e+01
2.951207399368286133e+00
4.515408325195312500e+01
1.058069324493408203e+01
1.467024993896484375e+02
-1.351332397460937500e+02
9.868649482727050781e+00
-9.703627586364746094e+00
4.043009567260742188e+01
-1.064967250823974609e+01
-2.249610595703125000e+02
-7.482948303222656250e+01
8.296595001220703125e+01
-5.869472980499267578e+00
2.154372024536132812e+01
3.479307174682617188e+01
-2.552841186523437500e+02
-5.179858398437500000e+01
1.723897247314453125e+02
1.166635894775390625e+01
1.657140922546386719e+01
1.153041076660156250e+02
-2.170123138427734375e+02
-3.803276824951171875e+01
1.938780517578125000e+02
1.866674041748046875e+01
1.075615596771240234e+01
1.458330688476562500e+02
-1.338485145568847656e+01
-3.276253509521484375e+01
-2.041940307617187500e+01
1.017138195037841797e+01
8.894630432128906250e+00
1.421300354003906250e+02
1.910078582763671875e+02
2.947628498077392578e+00
-2.135214233398437500e+02
-6.393719911575317383e-01
1.477402782440185547e+01
1.307339172363281250e+02
2.999928894042968750e+02
-9.682470321655273438e+00
-1.813186035156250000e+02
-1.561928749084472656e+00
1.151140785217285156e+01
9.217247772216796875e+01
2.866191406250000000e+02
-8.678265661001205444e-02
-5.583013916015625000e+01
4.522317409515380859e+00
-1.203188800811767578e+01
-2.391427421569824219e+01
1.868318023681640625e+02
7.635947227478027344e+00
-1.656030654907226562e+01
9.877820014953613281e+00
-1.259702014923095703e+01
-4.034166038036346436e-02
-1.587625741958618164e+00
-8.823153376579284668e-01
1.320276260375976562e-01
-8.976455330848693848e-01
6.623688340187072754e-01
-3.716120910644531250e+01
2.278204345703125000e+02
-2.633897399902343750e+02
-1.298800754547119141e+01
-2.373255938291549683e-01
2.128415679931640625e+01
1.191258621215820312e+02
3.335714416503906250e+02
-1.120188064575195312e+02
-2.000489616394042969e+01
-6.348194599151611328e+00
1.386797714233398438e+01
1.489751281738281250e+02
4.081125488281250000e+02
-7.698360443115234375e+01
-2.080764770507812500e+01
-1.062160778045654297e+01
2.054820632934570312e+01
7.391401672363281250e+01
1.065376129150390625e+02
-4.581771087646484375e+01
5.119009017944335938e+01
-1.605888557434082031e+01
1.223821735382080078e+01
-7.261946868896484375e+01
-1.087035064697265625e+02
-2.479186248779296875e+01
1.714267730712890625e+02
-2.576791763305664062e+00
1.034507751464843750e+00
-1.135704517364501953e+01
-2.661313476562500000e+02
-2.099041366577148438e+01
2.181672210693359375e+02
1.551776123046875000e+01
-6.334262371063232422e+00
7.856583404541015625e+01
-1.102218017578125000e+02
-2.880625534057617188e+01
3.806824493408203125e+01
6.029991149902343750e+00
-3.370339155197143555e+00
1.068095855712890625e+02
2.680900268554687500e+02
-1.024196529388427734e+01
-1.162357788085937500e+02
-1.276452827453613281e+01
1.328066253662109375e+01
1.173226928710937500e+02
4.517882080078125000e+02
-5.617936611175537109e+00
-2.774122314453125000e+02
-2.583396911621093750e+01
2.451942062377929688e+01
1.325148010253906250e+02
3.034588928222656250e+02
-8.589726448059082031e+00
-1.820742492675781250e+02
-1.641218781471252441e+00
1.036184692382812500e+01
-3.472673416137695312e+01
2.225006408691406250e+02
1.465493488311767578e+01
-5.348565673828125000e+01
1.703977584838867188e+01
-4.938689231872558594e+00
-1.402987823486328125e+02
4.463275527954101562e+01
2.725386238098144531e+01
-4.175007641315460205e-01
9.015642166137695312e+00
-9.441569328308105469e+00
5.890444517135620117e-01
6.711142063140869141e-01
4.891512095928192139e-01
2.216044813394546509e-01
-5.892220139503479004e-01
-4.777011573314666748e-01
3.677418529987335205e-01
1.168496131896972656e+00
-2.663278281688690186e-01
-6.586266756057739258e-01
1.021602526307106018e-01
1.477023214101791382e-01
1.061983261108398438e+02
2.390418853759765625e+02
-3.089964675903320312e+01
-2.538541793823242188e+01
-1.273050308227539062e+01
5.453743934631347656e-01
2.071867370605468750e+02
8.572727203369140625e+01
-2.589801406860351562e+01
7.307420253753662109e+00
-1.972789955139160156e+01
2.591370582580566406e+00
4.709811019897460938e+01
-9.205831146240234375e+01
-1.870436286926269531e+01
1.078613128662109375e+02
-1.691692924499511719e+01
-7.842242240905761719e+00
-1.438002319335937500e+02
-2.028894653320312500e+02
-3.049591064453125000e+00
2.065597381591796875e+02
2.105128526687622070e+00
-1.381360816955566406e+01
-1.066078186035156250e+02
-2.756963806152343750e+02
9.990641593933105469e+00
1.207867660522460938e+02
1.513908195495605469e+01
-1.259609603881835938e+01
9.502911567687988281e-02
8.539955615997314453e-01
-1.357952207326889038e-01
1.939249187707901001e-01
5.558309704065322876e-02
-2.984469532966613770e-01
1.062375411987304688e+02
2.769486389160156250e+02
-1.053869247436523438e+01
-1.206169052124023438e+02
-1.510416793823242188e+01
1.226208782196044922e+01
1.431347503662109375e+02
2.042584228515625000e+02
2.809473276138305664e+00
-2.077121582031250000e+02
-2.312669038772583008e+00
1.340061378479003906e+01
-4.763127136230468750e+01
9.442192077636718750e+01
1.868263816833496094e+01
-1.089934692382812500e+02
1.668721771240234375e+01
7.892773151397705078e+00
-2.075341491699218750e+02
-8.365853881835937500e+01
2.579376029968261719e+01
-8.104928970336914062e+00
2.009696388244628906e+01
-2.586771726608276367e+00
-1.061689224243164062e+02
-2.365827026367187500e+02
3.080044364929199219e+01
2.347208213806152344e+01
1.302473545074462891e+01
-7.063590884208679199e-01
-7.575601959228515625e+01
-2.798723449707031250e+02
1.203072071075439453e+01
5.573612213134765625e+01
1.442387199401855469e+01
1.385903954505920410e+00
7.481328845024108887e-01
1.008617162704467773e+00
-6.542721390724182129e-02
-2.680772781372070312e+00
-5.167159438133239746e-02
-8.837727904319763184e-01
1.370923919677734375e+02
5.077313613891601562e+01
-8.858707427978515625e+00
-4.131749153137207031e+00
-1.349060153961181641e+01
-2.066245794296264648e+00
2.160605010986328125e+02
-1.553637695312500000e+02
-3.525209665298461914e+00
6.142134475708007812e+01
-2.214778137207031250e+01
-5.655894756317138672e+00
2.098598861694335938e+01
-2.148723297119140625e+02
2.795384788513183594e+01
1.865548858642578125e+02
-1.324790859222412109e+01
-1.363749217987060547e+01
-1.684338836669921875e+02
-2.438920440673828125e+02
6.207488632202148438e+01
1.740098571777343750e+02
8.877160072326660156e+00
-1.075497245788574219e+01
-1.083417739868164062e+02
-2.698760070800781250e+02
1.093533515930175781e+01
1.163512878417968750e+02
1.463546276092529297e+01
-1.270804882049560547e+01
7.893601989746093750e+01
-9.782450103759765625e+01
-2.908153343200683594e+01
4.154211044311523438e+01
5.700354099273681641e+00
-2.683161258697509766e+00
1.485707244873046875e+02
-6.429609775543212891e+00
-3.430556488037109375e+01
-1.499171733856201172e+01
1.031403923034667969e+01
1.031307220458984375e+01
-6.885911560058593750e+01
-6.912490844726562500e+01
-5.869469642639160156e+00
-4.978723907470703125e+01
1.980105972290039062e+01
1.679517745971679688e+01
-2.444470062255859375e+02
-2.408572998046875000e+02
1.480093574523925781e+01
3.145378684997558594e+01
3.182356262207031250e+01
1.017326450347900391e+01
-1.525859832763671875e+02
-4.160440673828125000e+02
2.131594848632812500e+01
1.024633178710937500e+02
2.789267158508300781e+01
4.080540657043457031e+00
-9.842156982421875000e+01
-3.269169006347656250e+02
-1.903234291076660156e+01
2.200778198242187500e+02
3.326324462890625000e+01
9.090003967285156250e+00
-5.554650497436523438e+01
-1.450297851562500000e+02
-1.317431831359863281e+01
1.062799377441406250e+02
2.189539909362792969e+01
1.005743145942687988e+00
6.372307538986206055e-01
-2.408895492553710938e+00
-2.557279765605926514e-01
1.646074801683425903e-01
5.856347084045410156e-01
-8.628326654434204102e-01
1.482398071289062500e+02
-9.514637756347656250e+01
1.449109554290771484e+01
-5.285485267639160156e+00
-2.467103958129882812e+01
-8.588377237319946289e-01
2.094810485839843750e+02
-2.095757446289062500e+02
5.790217971801757812e+01
5.264960861206054688e+01
-3.284761047363281250e+01
-8.543468117713928223e-01
1.888716697692871094e+01
-2.058437652587890625e+02
2.702975463867187500e+01
1.833755950927734375e+02
-1.490964603424072266e+01
-1.142023086547851562e+01
-1.427664947509765625e+02
-1.930659027099609375e+02
-2.887747049331665039e+00
2.130442810058593750e+02
2.949627161026000977e+00
-1.426775455474853516e+01
-1.315039157867431641e+01
-2.591221008300781250e+02
-2.202019119262695312e+01
2.096216430664062500e+02
1.583063983917236328e+01
-4.820984363555908203e+00
1.135795440673828125e+02
-2.124667663574218750e+02
-3.894293594360351562e+01
1.998002166748046875e+02
1.877343559265136719e+01
1.205621719360351562e+01
-1.356806945800781250e+02
-1.691040344238281250e+02
-3.436532974243164062e+01
1.690886383056640625e+02
2.479778671264648438e+01
3.175633430480957031e+01
-3.005250244140625000e+02
-2.705611572265625000e+02
-2.260310745239257812e+01
1.406754760742187500e+02
3.516795349121093750e+01
3.031334877014160156e+01
-1.678260955810546875e+02
-4.625523071289062500e+02
-1.531417560577392578e+01
1.902178039550781250e+02
4.297456741333007812e+01
2.235723495483398438e+01
-1.020669479370117188e+02
-2.378459167480468750e+02
-4.752674865722656250e+01
1.740625305175781250e+02
4.396334075927734375e+01
3.319516372680664062e+01
-6.249283599853515625e+01
-1.141800613403320312e+02
-6.620407104492187500e+01
2.103669738769531250e+02
3.850530242919921875e+01
1.379082965850830078e+01
-5.085854721069335938e+01
-4.931576156616210938e+01
-7.252763366699218750e+01
9.770558166503906250e+01
2.356807708740234375e+01
-6.418597698211669922e-01
-3.830363452434539795e-01
-2.041062355041503906e+00
1.454759761691093445e-02
1.846898794174194336e-01
5.925117135047912598e-01
1.581948250532150269e-01
1.446160125732421875e+02
-9.352264404296875000e+01
1.571748828887939453e+01
-8.229119300842285156e+00
-2.453627586364746094e+01
-1.385506272315979004e+00
2.128997344970703125e+02
-1.467391967773437500e+02
-3.839221715927124023e+00
6.572448730468750000e+01
-2.153776931762695312e+01
-4.394150733947753906e+00
4.735258102416992188e+01
-8.299849700927734375e+01
-1.943797111511230469e+01
1.180764694213867188e+02
-1.703850555419921875e+01
-6.705924034118652344e+00
-7.153762054443359375e+01
-1.084800949096679688e+02
-2.518774032592773438e+01
1.705843811035156250e+02
-2.908325195312500000e+00
8.201035261154174805e-01
3.348993301391601562e+01
-2.562704467773437500e+02
-5.202539825439453125e+01
1.754558410644531250e+02
1.109620094299316406e+01
1.616367149353027344e+01
-3.034517822265625000e+02
-2.076797485351562500e+02
-7.984030151367187500e+01
1.639409027099609375e+02
2.291042137145996094e+01
3.701303482055664062e+01
-4.469025878906250000e+02
-2.081169738769531250e+02
-5.873345947265625000e+01
1.557125854492187500e+02
3.405456161499023438e+01
4.469864273071289062e+01
-1.877484893798828125e+02
-3.449901733398437500e+02
-4.396310043334960938e+01
1.606442108154296875e+02
4.065031433105468750e+01
4.121704864501953125e+01
-1.051796493530273438e+02
-1.690691833496093750e+02
-7.464931488037109375e+01
6.799183654785156250e+01
3.734605407714843750e+01
5.931567382812500000e+01
-6.711955261230468750e+01
-5.836884689331054688e+01
-7.520145416259765625e+01
1.174800796508789062e+02
3.517680740356445312e+01
4.470723342895507812e+01
-5.893470382690429688e+01
-1.562691020965576172e+01
-8.515840148925781250e+01
1.813063659667968750e+02
4.891433334350585938e+01
1.393918514251708984e+01
-4.814552307128906250e+01
-5.412710952758789062e+01
-7.284457397460937500e+01
1.113641357421875000e+02
2.273448371887207031e+01
-1.103515505790710449e+00
1.537034511566162109e+00
-4.446074068546295166e-01
-6.906131505966186523e-01
1.481835603713989258e+00
2.679122388362884521e-01
2.805966138839721680e-02
1.356794738769531250e+02
4.716719818115234375e+01
-9.466485023498535156e+00
-4.898869037628173828e+00
-1.444219875335693359e+01
-2.783455848693847656e+00
2.106131744384765625e+02
7.853855133056640625e+01
-2.553985977172851562e+01
6.808107376098632812e+00
-2.076789093017578125e+01
4.085817337036132812e+00
7.761460113525390625e+01
9.718146514892578125e+01
-4.815609741210937500e+01
5.338748550415039062e+01
-1.698400115966796875e+01
1.154322719573974609e+01
-1.226969909667968750e+01
-2.279421081542968750e+02
-7.616614532470703125e+01
8.494352722167968750e+01
-4.807635307312011719e+00
2.260026550292968750e+01
-7.101740722656250000e+02
-3.054971008300781250e+02
-1.345237121582031250e+02
9.282743835449218750e+01
1.998651504516601562e+01
2.596396064758300781e+01
-7.528933715820312500e+02
-2.287129211425781250e+02
-1.790886840820312500e+02
8.414485931396484375e+01
3.662427902221679688e+01
4.596880340576171875e+01
-2.715122070312500000e+02
-2.480773010253906250e+02
-1.431588287353515625e+02
7.008329772949218750e+01
3.997649765014648438e+01
6.230631637573242188e+01
-1.713792266845703125e+02
-1.811274566650390625e+02
-2.473963470458984375e+02
4.342103576660156250e+01
4.050377273559570312e+01
8.570021057128906250e+01
-1.126888046264648438e+02
-6.182366561889648438e+01
-9.119462585449218750e+01
3.760813522338867188e+01
2.784922409057617188e+01
7.600131225585937500e+01
-6.772700500488281250e+01
-6.083871459960937500e+01
-7.495298767089843750e+01
1.138358917236328125e+02
3.534890747070312500e+01
4.530621337890625000e+01
-6.089045333862304688e+01
-1.209974060058593750e+02
-6.671001434326171875e+01
2.107730712890625000e+02
3.840561676025390625e+01
1.560356807708740234e+01
-5.580403518676757812e+01
-1.446564331054687500e+02
-1.488298988342285156e+01
1.067757720947265625e+02
2.105768394470214844e+01
8.871380686759948730e-01
2.403244495391845703e+00
-2.164348602294921875e+00
-2.642096281051635742e-01
2.606292724609375000e+00
-1.161198969930410385e-02
2.208892703056335449e-01
1.095123443603515625e+02
2.288891448974609375e+02
-3.150385856628417969e+01
-2.756876182556152344e+01
-1.321364212036132812e+01
1.761115431785583496e+00
1.524577636718750000e+02
3.935649414062500000e+02
-7.821479797363281250e+01
-2.001601409912109375e+01
-1.116726112365722656e+01
2.098539924621582031e+01
1.401140117645263672e+01
1.472608795166015625e+02
-1.413298339843750000e+02
1.006769943237304688e+01
-1.012871932983398438e+01
4.170777511596679688e+01
-9.624257812500000000e+02
-4.946148681640625000e+02
-1.894867706298828125e+02
5.542717361450195312e+01
1.249645042419433594e+01
4.353317260742187500e+01
-1.119009887695312500e+03
-4.433380126953125000e+02
-4.420653686523437500e+02
6.174716949462890625e+01
4.113417434692382812e+01
5.798442077636718750e+01
-4.655860900878906250e+02
-2.409960784912109375e+02
-4.282735595703125000e+02
5.587038040161132812e+01
5.018759918212890625e+01
7.885501098632812500e+01
-3.345882263183593750e+02
-3.327468872070312500e+02
-9.900699462890625000e+02
5.366877365112304688e+01
5.340261077880859375e+01
1.071201705932617188e+02
-1.738576354980468750e+02
-1.760030212402343750e+02
-2.424433288574218750e+02
4.408015441894531250e+01
4.078482055664062500e+01
8.622007751464843750e+01
-1.055198822021484375e+02
-1.745214691162109375e+02
-7.604330444335937500e+01
6.789144897460937500e+01
3.833102416992187500e+01
5.917924499511718750e+01
-1.014043273925781250e+02
-2.471058197021484375e+02
-4.620563507080078125e+01
1.583846435546875000e+02
4.336761474609375000e+01
3.326185989379882812e+01
-1.028791809082031250e+02
-3.210964660644531250e+02
-2.082956504821777344e+01
2.118178405761718750e+02
3.349852752685546875e+01
9.543345451354980469e+00
-7.831482696533203125e+01
-2.778765869140625000e+02
1.351119136810302734e+01
5.701464462280273438e+01
1.349000072479248047e+01
1.969520092010498047e+00
-3.416608273983001709e-01
-2.092128753662109375e+00
-8.616167306900024414e-02
-1.235343813896179199e+00
-1.370970010757446289e-01
1.764704108238220215e+00
1.144368286132812500e+02
3.214309082031250000e+02
-1.130553894042968750e+02
-1.994283294677734375e+01
-6.787634372711181641e+00
1.576695537567138672e+01
-2.113607788085937500e+02
4.220072021484375000e+02
-2.263134613037109375e+02
-3.025303459167480469e+01
3.161358594894409180e+00
4.733535385131835938e+01
-7.012755126953125000e+02
-6.072691650390625000e+02
-4.301343078613281250e+02
2.922877788543701172e+00
2.185573959350585938e+01
7.128096008300781250e+01
-1.012210144042968750e+03
-2.150612060546875000e+03
-5.823549194335937500e+02
5.234202957153320312e+01
4.372536849975585938e+01
5.401361846923828125e+01
-5.874807739257812500e+02
-6.791157836914062500e+02
-1.137361450195312500e+03
6.192404174804687500e+01
5.492758178710937500e+01
9.344574737548828125e+01
-5.732440795898437500e+02
-6.833307495117187500e+02
-1.129747558593750000e+03
6.229536056518554688e+01
5.499006271362304688e+01
9.461582183837890625e+01
-4.713580322265625000e+02
-2.329725952148437500e+02
-4.313346252441406250e+02
5.724432373046875000e+01
5.135665130615234375e+01
6.833287048339843750e+01
-2.740885009765625000e+02
-2.482140960693359375e+02
-1.436044616699218750e+02
7.030511474609375000e+01
4.162969207763671875e+01
6.178189086914062500e+01
-1.864924621582031250e+02
-3.483278808593750000e+02
-4.440282440185546875e+01
1.626900177001953125e+02
4.028660202026367188e+01
4.167741775512695312e+01
-1.675336608886718750e+02
-4.623173522949218750e+02
-1.646788024902343750e+01
1.835069274902343750e+02
4.148255920410156250e+01
2.245315551757812500e+01
-1.528737945556640625e+02
-4.103021240234375000e+02
2.177211189270019531e+01
1.009847335815429688e+02
2.794728279113769531e+01
5.216890335083007812e+00
-1.082618865966796875e+02
-2.345968933105468750e+02
2.973517036437988281e+01
2.511101341247558594e+01
1.339897060394287109e+01
-5.978596583008766174e-02
-3.492619276046752930e+00
-2.559160232543945312e+00
6.080718636512756348e-01
1.016852021217346191e+00
-8.079294562339782715e-01
5.738660693168640137e-01
-3.625078201293945312e+01
2.357038116455078125e+02
-2.642527465820312500e+02
-1.303633594512939453e+01
3.173926770687103271e-01
2.227318954467773438e+01
-1.075930328369140625e+02
-1.522125701904296875e+02
-5.043449707031250000e+02
6.765183925628662109e+00
-1.221220731735229492e+00
5.199420166015625000e+01
-2.792646728515625000e+03
-7.827113037109375000e+02
-7.021282348632812500e+02
4.466598129272460938e+01
1.743192100524902344e+01
5.752981185913085938e+01
-2.423293457031250000e+03
-5.999686279296875000e+02
-1.130838134765625000e+03
5.794194030761718750e+01
5.020195007324218750e+01
6.898312377929687500e+01
-9.946411743164062500e+02
-2.078503662109375000e+03
-5.715966796875000000e+02
5.415076065063476562e+01
4.553344345092773438e+01
5.533845901489257812e+01
-1.112473754882812500e+03
-4.461093139648437500e+02
-4.346995239257812500e+02
6.544906616210937500e+01
4.161701965332031250e+01
5.758093261718750000e+01
-7.548424682617187500e+02
-2.258623199462890625e+02
-1.800254821777343750e+02
8.432270050048828125e+01
3.680701446533203125e+01
4.421211242675781250e+01
-4.400515747070312500e+02
-2.045372619628906250e+02
-5.951084136962890625e+01
1.597346343994140625e+02
3.575651168823242188e+01
4.408914184570312500e+01
-2.984240112304687500e+02
-2.639690551757812500e+02
-2.262459945678710938e+01
1.469248962402343750e+02
3.519245147705078125e+01
3.061086463928222656e+01
-2.447103729248046875e+02
-2.349915924072265625e+02
1.656792449951171875e+01
3.663920974731445312e+01
3.300096130371093750e+01
9.797857284545898438e+00
-2.085534057617187500e+02
-8.143235015869140625e+01
2.535674095153808594e+01
-6.870186328887939453e+00
2.138214302062988281e+01
-3.110544204711914062e+00
-1.406627197265625000e+02
3.993985366821289062e+01
2.777100944519042969e+01
-1.642026901245117188e+00
9.044369697570800781e+00
-1.108348751068115234e+01
-1.822625398635864258e+00
-1.338702321052551270e+00
1.786698341369628906e+00
-7.872396707534790039e-01
1.503822326660156250e+00
8.825247287750244141e-01
1.243719482421875000e+01
-1.485219573974609375e+02
-3.117853088378906250e+02
6.903558731079101562e+00
-4.302409648895263672e+00
2.979272842407226562e+01
1.041735382080078125e+02
-4.485785522460937500e+02
-6.991767578125000000e+02
3.125276374816894531e+01
-7.097598552703857422e+00
5.556478118896484375e+01
-2.753130859375000000e+03
-7.635765991210937500e+02
-7.003315429687500000e+02
4.529521560668945312e+01
1.754201126098632812e+01
6.012086486816406250e+01
-1.027815307617187500e+03
-2.064254882812500000e+03
-6.173860473632812500e+02
1.668131065368652344e+01
1.468787002563476562e+01
4.214956283569335938e+01
-2.740973388671875000e+03
-7.780982666015625000e+02
-6.980687866210937500e+02
4.507258987426757812e+01
1.710928535461425781e+01
5.858772277832031250e+01
-1.992800903320312500e+03
-3.605145568847656250e+02
-4.663718872070312500e+02
6.068198776245117188e+01
1.953194808959960938e+01
5.639016342163085938e+01
-6.936724243164062500e+02
-3.095951538085937500e+02
-1.316828002929687500e+02
9.383436584472656250e+01
2.036620140075683594e+01
2.381360054016113281e+01
-2.920242614746093750e+02
-2.914482116699218750e+02
-3.710132217407226562e+01
1.698713073730468750e+02
2.209174537658691406e+01
2.214139747619628906e+01
-1.476400299072265625e+02
-3.071437072753906250e+02
-1.168405914306640625e+01
5.342734146118164062e+01
2.000331497192382812e+01
1.209692001342773438e+01
-9.691929626464843750e+01
-2.626989440917968750e+02
4.365508651733398438e+01
1.322697830200195312e+01
1.646751976013183594e+01
4.370395243167877197e-01
-7.568209838867187500e+01
-1.044552536010742188e+02
4.637547302246093750e+01
-5.050156784057617188e+01
1.530500125885009766e+01
-1.143095207214355469e+01
-4.258589553833007812e+01
8.362525939941406250e+01
1.044699096679687500e+02
-2.056058502197265625e+01
1.353791522979736328e+01
-2.422283935546875000e+01
-1.148120880126953125e+01
1.437016448974609375e+02
3.148583679199218750e+02
-7.804135799407958984e+00
5.982443809509277344e+00
-3.092735290527343750e+01
-2.267261743545532227e+00
4.723780155181884766e+00
3.194831132888793945e+00
-4.305875301361083984e-01
7.990116477012634277e-01
9.010016322135925293e-01
-1.242295074462890625e+02
-2.040499114990234375e+02
-7.044086303710937500e+02
-2.020067453384399414e+00
7.743097782135009766e+00
3.048122024536132812e+01
-9.577460327148437500e+02
4.059826354980468750e+02
-4.999027404785156250e+02
-1.516098403930664062e+01
8.973968505859375000e+00
3.761290359497070312e+01
-1.065113525390625000e+02
-1.715827789306640625e+02
-5.070957336425781250e+02
8.443568229675292969e+00
-4.151543617248535156e+00
5.153987884521484375e+01
-2.005919933319091797e+00
-3.508938598632812500e+02
-3.156141967773437500e+02
4.745610427856445312e+01
-8.615289688110351562e+00
4.400889205932617188e+01
-2.862331581115722656e+01
-3.377811279296875000e+02
-1.069328765869140625e+02
8.636603546142578125e+01
5.392157554626464844e+00
2.261682701110839844e+01
3.218689346313476562e+01
-2.585008544921875000e+02
-5.090489196777343750e+01
1.796659545898437500e+02
1.209661579132080078e+01
1.724129295349121094e+01
6.090812301635742188e+01
-1.859386596679687500e+02
-2.863618278503417969e+01
1.310412750244140625e+02
1.158209323883056641e+01
8.295557975769042969e+00
7.466925048828125000e+01
-7.232851409912109375e+01
1.776064300537109375e+01
-9.998089599609375000e+01
4.659605026245117188e+00
1.846671700477600098e+00
7.291193389892578125e+01
1.083645706176757812e+02
2.501745796203613281e+01
-1.729498138427734375e+02
1.944230556488037109e+00
3.474624082446098328e-02
5.542552185058593750e+01
2.791570739746093750e+02
3.908040237426757812e+01
-7.426052856445312500e+01
8.660906791687011719e+00
-1.542906093597412109e+01
1.006803989410400391e+01
2.956992187500000000e+02
1.051539688110351562e+02
-3.292338180541992188e+01
1.287759971618652344e+01
-3.071372604370117188e+01
-5.510312557220458984e+00
1.463956604003906250e+02
3.146299438476562500e+02
-9.666919708251953125e+00
4.347584247589111328e+00
-2.989171409606933594e+01
3.026216626167297363e-01
1.418908834457397461e-01
5.046219348907470703e+00
-7.069248706102371216e-02
2.613547444343566895e-01
-3.546494245529174805e-01
-1.457975864410400391e+00
6.578992605209350586e-01
-1.213051557540893555e+00
-1.018029153347015381e-01
-1.178303435444831848e-01
-2.342045679688453674e-02
-3.804402160644531250e+01
2.331203308105468750e+02
-2.633555297851562500e+02
-1.287761497497558594e+01
1.635892271995544434e+00
2.054235267639160156e+01
4.554796600341796875e+01
-8.260048675537109375e+01
-1.012620315551757812e+02
2.068340301513671875e+01
-1.328027915954589844e+01
2.270811462402343750e+01
-5.437319946289062500e+01
-2.808246154785156250e+02
-3.687211227416992188e+01
7.389738464355468750e+01
-8.522521972656250000e+00
1.586751461029052734e+01
-1.828377151489257812e+01
-3.647460632324218750e+02
-2.250008964538574219e+01
1.859196777343750000e+02
7.746196269989013672e+00
4.332557678222656250e+00
-9.954391479492187500e+00
-2.677504882812500000e+02
-2.046237182617187500e+01
2.161041259765625000e+02
1.645112991333007812e+01
-6.868810653686523438e+00
6.467858552932739258e-01
-5.205349326133728027e-01
-2.398193031549453735e-01
-4.346289336681365967e-01
-1.025386750698089600e-01
-4.501689970493316650e-02
1.121193885803222656e+01
2.660093078613281250e+02
2.051942634582519531e+01
-2.179877166748046875e+02
-1.657462692260742188e+01
6.629257678985595703e+00
1.859049415588378906e+01
3.643003845214843750e+02
2.243873977661132812e+01
-1.868539123535156250e+02
-7.996515274047851562e+00
-4.305543899536132812e+00
5.336445999145507812e+01
2.807327575683593750e+02
3.692871093750000000e+01
-7.401651000976562500e+01
8.452907562255859375e+00
-1.559494876861572266e+01
-4.604057312011718750e+01
8.247042846679687500e+01
1.013473968505859375e+02
-2.102511787414550781e+01
1.325647258758544922e+01
-2.274769592285156250e+01
3.826216125488281250e+01
-2.332431640625000000e+02
2.639924011230468750e+02
1.259962749481201172e+01
-1.762505292892456055e+00
-2.058201789855957031e+01
-1.195435943603515625e+02
-3.314375305175781250e+02
1.118153915405273438e+02
1.980004882812500000e+01
6.269200801849365234e+00
-1.376098537445068359e+01
1.031073570251464844e+00
4.431297183036804199e-01
-1.067121148109436035e+00
-5.836958885192871094e-01
5.808568596839904785e-01
4.029614627361297607e-01
1.416144409179687500e+02
-4.500024414062500000e+01
-2.710290145874023438e+01
-3.673338890075683594e-01
-8.863500595092773438e+00
9.390204429626464844e+00
3.464550018310546875e+01
-2.221883239746093750e+02
-1.444198894500732422e+01
5.318078231811523438e+01
-1.704312705993652344e+01
4.922218799591064453e+00
-1.329283752441406250e+02
-3.021405029296875000e+02
8.423727035522460938e+00
1.806686553955078125e+02
1.317654132843017578e+00
-1.037940597534179688e+01
-1.170976257324218750e+02
-4.517834167480468750e+02
5.280421257019042969e+00
2.764974975585937500e+02
2.559127044677734375e+01
-2.443910026550292969e+01
-1.062631835937500000e+02
-2.690346679687500000e+02
1.000762176513671875e+01
1.161763610839843750e+02
1.244278049468994141e+01
-1.360029125213623047e+01
-7.804104614257812500e+01
1.098470764160156250e+02
2.858031845092773438e+01
-3.844869995117187500e+01
-6.097781658172607422e+00
3.058798074722290039e+00
1.116702270507812500e+01
2.661776733398437500e+02
2.080871391296386719e+01
-2.182694702148437500e+02
-1.581745052337646484e+01
5.873081207275390625e+00
7.201070404052734375e+01
1.095705261230468750e+02
2.465024757385253906e+01
-1.722909240722656250e+02
2.145445346832275391e+00
-1.182156562805175781e+00
-7.472002410888671875e+01
-1.061134948730468750e+02
4.571889114379882812e+01
-5.239833831787109375e+01
1.615772247314453125e+01
-1.193929767608642578e+01
-1.488482208251953125e+02
-4.083383483886718750e+02
7.756131744384765625e+01
2.010324287414550781e+01
1.076743507385253906e+01
-2.025054550170898438e+01
-2.173979644775390625e+02
-5.107407836914062500e+02
4.507155990600585938e+01
5.720452117919921875e+01
1.749170303344726562e+01
-6.362907886505126953e+00
-1.080283203125000000e+02
-2.356854095458984375e+02
3.079495811462402344e+01
2.531247901916503906e+01
1.247209644317626953e+01
-1.162098884582519531e+00
9.954283833503723145e-01
2.111091613769531250e+00
3.145682811737060547e-01
-1.294431805610656738e+00
2.898651361465454102e-01
-9.625087380409240723e-01
1.842887420654296875e+02
-2.271511993408203125e+02
-4.050097942352294922e+00
3.328940963745117188e+01
-5.862107276916503906e+00
-7.027000188827514648e-01
1.501282882690429688e+01
-2.907123718261718750e+02
1.164227676391601562e+01
1.707678527832031250e+02
-6.025162220001220703e+00
-1.299694252014160156e+01
-1.621185455322265625e+02
-3.579197692871093750e+02
6.292913818359375000e+01
3.094206542968750000e+02
2.733838272094726562e+01
-2.280214309692382812e+01
-1.490844116210937500e+02
-5.160314941406250000e+02
7.853401947021484375e+01
2.788636474609375000e+02
3.049132919311523438e+01
-2.580468368530273438e+01
-1.080373382568359375e+02
-2.719070129394531250e+02
1.069220352172851562e+01
1.140878982543945312e+02
1.464376831054687500e+01
-1.336990070343017578e+01
2.463469058275222778e-01
3.528846502304077148e-01
2.553297281265258789e-01
-1.895802140235900879e+00
2.220930904150009155e-01
-7.374747991561889648e-01
7.642430114746093750e+01
-6.988628387451171875e+01
1.803985786437988281e+01
-1.072891845703125000e+02
3.769775390625000000e+00
3.000364065170288086e+00
-9.811355590820312500e+01
-2.626866760253906250e+02
4.250782775878906250e+01
1.779000854492187500e+01
1.614052963256835938e+01
7.034974098205566406e-01
-2.327812347412109375e+02
-5.461456298828125000e+02
5.532661819458007812e+01
4.638525772094726562e+01
2.147230911254882812e+01
-3.531648635864257812e+00
-2.258903808593750000e+02
-6.413261108398437500e+02
4.669151687622070312e+01
1.589588775634765625e+02
2.939696121215820312e+01
5.115941047668457031e+00
-1.532211914062500000e+02
-4.172966003417968750e+02
2.130057525634765625e+01
9.762848663330078125e+01
2.911930084228515625e+01
4.284414768218994141e+00
-1.346744689941406250e+02
-5.397121429443359375e+01
9.102430343627929688e+00
2.850053548812866211e+00
1.453417015075683594e+01
2.285882472991943359e+00
1.055103302001953125e+00
-4.976261615753173828e+00
-3.258795291185379028e-02
2.863717079162597656e+00
7.743288278579711914e-01
1.193632706999778748e-01
1.725592193603515625e+02
-2.831847839355468750e+02
1.760466957092285156e+01
9.884233856201171875e+01
-1.283596611022949219e+01
-6.120686531066894531e+00
4.999978065490722656e+00
-3.184969787597656250e+02
1.021173934936523438e+02
2.314493103027343750e+02
-8.372425079345703125e+00
-1.029566764831542969e+01
-1.615123443603515625e+02
-3.590686645507812500e+02
5.984680938720703125e+01
3.082016906738281250e+02
2.568373298645019531e+01
-2.362779426574707031e+01
-1.157838363647460938e+02
-4.483836669921875000e+02
4.148403167724609375e+00
2.789269714355468750e+02
2.670909500122070312e+01
-2.477838134765625000e+01
-1.137163734436035156e+01
-2.689015808105468750e+02
-2.021364593505859375e+01
2.094887695312500000e+02
1.633185958862304688e+01
-5.810853958129882812e+00
5.959842681884765625e+01
-1.840298309326171875e+02
-2.749346542358398438e+01
1.295596923828125000e+02
1.204773807525634766e+01
9.093755722045898438e+00
-1.493465270996093750e+02
-3.103388061523437500e+02
-1.218607521057128906e+01
6.433774566650390625e+01
1.955647087097167969e+01
1.358216857910156250e+01
-2.677809143066406250e+02
-6.089980468750000000e+02
4.303973770141601562e+01
8.913582611083984375e+01
2.435148620605468750e+01
8.762514114379882812e+00
-2.099738311767578125e+02
-6.993122558593750000e+02
-9.516664505004882812e+00
8.769908142089843750e+01
3.444929504394531250e+01
2.098724365234375000e+01
-1.692246704101562500e+02
-4.631521606445312500e+02
-1.558947181701660156e+01
1.933613739013671875e+02
4.294481277465820312e+01
2.238377952575683594e+01
-1.768288726806640625e+02
-1.526130981445312500e+02
-1.821860122680664062e+01
8.475365447998046875e+01
3.505429458618164062e+01
4.509603977203369141e+00
-1.414768524169921875e+02
9.175805664062500000e+01
-1.492661666870117188e+01
1.497948360443115234e+01
2.439386367797851562e+01
7.038004398345947266e-01
2.583962202072143555e+00
-3.852318763732910156e+00
-1.035586237907409668e+00
4.045371532440185547e+00
-3.574857711791992188e-01
-4.495265185832977295e-01
1.725896453857421875e+02
-2.828313903808593750e+02
1.682219123840332031e+01
1.003811264038085938e+02
-1.358920669555664062e+01
-4.626488208770751953e+00
1.467755603790283203e+01
-2.889364013671875000e+02
1.149294376373291016e+01
1.647492065429687500e+02
-5.785069942474365234e+00
-1.043847370147705078e+01
-1.315134429931640625e+02
-3.027149047851562500e+02
8.313000679016113281e+00
1.810386505126953125e+02
2.150385379791259766e+00
-1.149881172180175781e+01
-1.774112129211425781e+01
-3.592167968750000000e+02
-2.214562988281250000e+01
1.862679595947265625e+02
6.967106819152832031e+00
4.584314346313476562e+00
3.505999374389648438e+01
-2.560045776367187500e+02
-5.207294082641601562e+01
1.754108276367187500e+02
1.187210083007812500e+01
1.523123264312744141e+01
-2.874664001464843750e+02
-2.836776733398437500e+02
-3.788655853271484375e+01
1.721361083984375000e+02
2.162454605102539062e+01
2.304834175109863281e+01
-3.201508789062500000e+02
-5.850571899414062500e+02
-2.249032974243164062e+01
1.541836547851562500e+02
3.202112960815429688e+01
1.967646217346191406e+01
-2.312604980468750000e+02
-7.035170288085937500e+02
-5.746269226074218750e+01
1.067434616088867188e+02
3.996805572509765625e+01
3.263388061523437500e+01
-1.867582550048828125e+02
-3.467877502441406250e+02
-4.418305206298828125e+01
1.620335693359375000e+02
4.056688690185546875e+01
4.175665283203125000e+01
-1.999009857177734375e+02
-1.371673889160156250e+02
-4.556053924560546875e+01
1.952377166748046875e+02
5.168634033203125000e+01
2.588742828369140625e+01
-1.891070709228515625e+02
-2.583501815795898438e+01
-4.987117004394531250e+01
5.193829727172851562e+01
4.014252471923828125e+01
3.567881345748901367e+00
-1.439378356933593750e+02
8.845645904541015625e+01
-1.412505340576171875e+01
9.479913711547851562e+00
2.581105804443359375e+01
2.484514862298965454e-01
2.463406085968017578e+00
-4.005422115325927734e+00
-3.357474803924560547e-01
2.228025197982788086e+00
4.662988781929016113e-01
-1.003275036811828613e+00
1.837773590087890625e+02
-2.256200866699218750e+02
-3.758031845092773438e+00
3.335985183715820312e+01
-6.749152660369873047e+00
1.447555303573608398e+00
3.508437728881835938e+01
-2.218618774414062500e+02
-1.631656646728515625e+01
5.698188781738281250e+01
-1.641593742370605469e+01
4.644460201263427734e+00
-5.146094894409179688e+01
-2.840046081542968750e+02
-3.836492538452148438e+01
7.358937072753906250e+01
-8.960047721862792969e+00
1.589677047729492188e+01
-3.409896087646484375e+01
-3.361748962402343750e+02
-1.072922897338867188e+02
8.726898956298828125e+01
5.613177299499511719e+00
2.395088195800781250e+01
-6.990167236328125000e+02
-3.008416442871093750e+02
-1.313794097900390625e+02
9.257025146484375000e+01
2.069148635864257812e+01
2.169734764099121094e+01
-5.437935180664062500e+02
-5.285656127929687500e+02
-7.981071472167968750e+01
9.277642822265625000e+01
3.431628036499023438e+01
2.922735595703125000e+01
-3.288419494628906250e+02
-6.163155517578125000e+02
-2.171941986083984375e+02
6.379661178588867188e+01
4.130288314819335938e+01
6.267903900146484375e+01
-2.721200256347656250e+02
-2.442285614013671875e+02
-1.447060852050781250e+02
6.950862121582031250e+01
4.095542526245117188e+01
6.364310455322265625e+01
-2.609751281738281250e+02
-8.164210510253906250e+01
-6.157654953002929688e+01
1.334987182617187500e+02
3.825344467163085938e+01
4.359409713745117188e+01
-2.013284912109375000e+02
-1.363260345458984375e+02
-4.595301055908203125e+01
1.966740875244140625e+02
4.984297561645507812e+01
2.620393943786621094e+01
-1.769517364501953125e+02
-1.527877502441406250e+02
-1.906985664367675781e+01
8.728376007080078125e+01
3.333983612060546875e+01
4.271173477172851562e+00
-1.345969390869140625e+02
-5.168952178955078125e+01
9.118581771850585938e+00
7.899361133575439453e+00
1.213309192657470703e+01
1.645559787750244141e+00
9.028221964836120605e-01
-4.513010978698730469e+00
-5.359733104705810547e-01
-2.317231178283691406e+00
-1.784747242927551270e-01
5.531270503997802734e-01
1.397989654541015625e+02
-4.457837295532226562e+01
-2.711452102661132812e+01
1.115758791565895081e-01
-8.145367622375488281e+00
1.129004192352294922e+01
4.467652511596679688e+01
-8.383178710937500000e+01
-1.022402038574218750e+02
1.991002082824707031e+01
-1.393100833892822266e+01
2.467912864685058594e+01
5.279482364654541016e+00
-3.503405761718750000e+02
-3.192651672363281250e+02
4.763570022583007812e+01
-8.296432495117187500e+00
4.409302902221679688e+01
-1.953830810546875000e+03
-3.652328491210937500e+02
-4.756976623535156250e+02
6.041068649291992188e+01
1.927950096130371094e+01
5.648824691772460938e+01
-1.104289062500000000e+03
-4.452084655761718750e+02
-4.444913024902343750e+02
6.352275085449218750e+01
4.127707672119140625e+01
5.801316070556640625e+01
-5.732257080078125000e+02
-6.810517578125000000e+02
-1.134207153320312500e+03
6.221194839477539062e+01
5.502336120605468750e+01
9.509045410156250000e+01
-4.719691467285156250e+02
-2.324095764160156250e+02
-4.326379089355468750e+02
5.701235961914062500e+01
5.145990371704101562e+01
7.575260162353515625e+01
-2.724932861328125000e+02
-2.476136474609375000e+02
-1.434595489501953125e+02
7.016633605957031250e+01
4.171193313598632812e+01
6.187540435791015625e+01
-1.861065368652343750e+02
-3.490803527832031250e+02
-4.433171844482421875e+01
1.628865814208984375e+02
4.075370788574218750e+01
4.212856292724609375e+01
-1.677011871337890625e+02
-4.621614074707031250e+02
-1.646138381958007812e+01
1.832767639160156250e+02
4.164118194580078125e+01
2.252446365356445312e+01
-1.530527343750000000e+02
-4.098489074707031250e+02
2.185980796813964844e+01
1.004324188232421875e+02
2.807100677490234375e+01
5.316187858581542969e+00
-1.084031677246093750e+02
-2.335226593017578125e+02
3.008130073547363281e+01
2.519743728637695312e+01
1.332904434204101562e+01
3.218927085399627686e-01
-2.401516675949096680e+00
-2.852962017059326172e+00
1.264326870441436768e-01
9.523700475692749023e-01
-6.657745242118835449e-01
6.437458992004394531e-01
-3.277924346923828125e+01
2.346305847167968750e+02
-2.653650207519531250e+02
-1.316593360900878906e+01
4.448523819446563721e-01
2.252462959289550781e+01
-1.346121978759765625e+02
-1.115840454101562500e+02
-5.068069152832031250e+02
7.702734947204589844e+00
-2.173382043838500977e+00
5.206493377685546875e+01
-2.791941162109375000e+03
-7.879736328125000000e+02
-7.050198364257812500e+02
4.449683380126953125e+01
1.743693161010742188e+01
5.760931015014648438e+01
-2.417735595703125000e+03
-5.974967041015625000e+02
-1.137572998046875000e+03
5.787603378295898438e+01
5.020858001708984375e+01
6.897702026367187500e+01
-1.197549438476562500e+03
-1.194193359375000000e+03
-2.747250732421875000e+03
5.976970291137695312e+01
5.968214797973632812e+01
7.974349975585937500e+01
-5.689811401367187500e+02
-6.848035888671875000e+02
-1.101011474609375000e+03
6.272157669067382812e+01
5.457132720947265625e+01
9.345800018310546875e+01
-3.296001892089843750e+02
-6.095402221679687500e+02
-2.150520782470703125e+02
6.370907592773437500e+01
4.192362213134765625e+01
6.114024734497070312e+01
-2.289300994873046875e+02
-6.989529418945312500e+02
-5.734071731567382812e+01
1.039505233764648438e+02
3.935815429687500000e+01
3.481346130371093750e+01
-2.061266326904296875e+02
-7.008963012695312500e+02
-9.681429862976074219e+00
9.048126220703125000e+01
3.388709259033203125e+01
2.200571250915527344e+01
-2.202403564453125000e+02
-6.393447875976562500e+02
4.298577499389648438e+01
1.641691284179687500e+02
3.124905204772949219e+01
5.825546741485595703e+00
-2.110576782226562500e+02
-4.998282165527343750e+02
4.543554687500000000e+01
5.617068481445312500e+01
1.791531372070312500e+01
-5.754050731658935547e+00
-1.107839889526367188e+02
-3.239154663085937500e+02
1.096681137084960938e+02
2.011223220825195312e+01
5.302053928375244141e+00
-1.401640319824218750e+01
8.038183212280273438e+00
-2.275504827499389648e+00
-6.426079750061035156e+00
5.014995113015174866e-03
-4.998151957988739014e-01
2.034384459257125854e-01
-9.667509765625000000e+02
4.078236389160156250e+02
-5.001590881347656250e+02
-1.542972946166992188e+01
8.948978424072265625e+00
3.637021255493164062e+01
-2.101316650390625000e+03
-1.158462036132812500e+03
-6.651742553710937500e+02
6.186356067657470703e+00
2.788099098205566406e+01
4.400808715820312500e+01
-3.236190185546875000e+03
-2.045196166992187500e+03
-1.360040039062500000e+03
4.944844436645507812e+01
4.688116073608398438e+01
3.696621704101562500e+01
-3.257201660156250000e+03
-2.003235351562500000e+03
-1.323414794921875000e+03
4.890178298950195312e+01
4.873914337158203125e+01
3.662713623046875000e+01
-2.466360839843750000e+03
-5.970572509765625000e+02
-1.118516845703125000e+03
5.804306411743164062e+01
4.962300109863281250e+01
6.699139404296875000e+01
-1.095924072265625000e+03
-4.473412780761718750e+02
-4.325680236816406250e+02
6.243973922729492188e+01
4.120704269409179688e+01
5.685393142700195312e+01
-5.406875610351562500e+02
-5.293012695312500000e+02
-7.798141479492187500e+01
9.156302642822265625e+01
3.437786102294921875e+01
3.094074821472167969e+01
-3.207296447753906250e+02
-5.834679565429687500e+02
-2.280937385559082031e+01
1.513110351562500000e+02
3.259465408325195312e+01
2.014426040649414062e+01
-2.637606506347656250e+02
-6.069746093750000000e+02
4.304790878295898438e+01
1.094033203125000000e+02
2.599353218078613281e+01
6.826690196990966797e+00
-2.271208801269531250e+02
-5.421740722656250000e+02
5.471654891967773438e+01
4.927448654174804688e+01
2.059341621398925781e+01
-3.527373552322387695e+00
-1.490699310302734375e+02
-4.059967956542968750e+02
7.780299377441406250e+01
2.077520751953125000e+01
1.093055438995361328e+01
-2.130224037170410156e+01
4.108557510375976562e+01
-2.359129791259765625e+02
2.654264526367187500e+02
1.279841327667236328e+01
-1.059278964996337891e+00
-2.138818931579589844e+01
1.061260342597961426e+00
-2.407910585403442383e+00
5.916503429412841797e+00
1.546400189399719238e-01
1.978592723608016968e-01
-8.952733278274536133e-01
-1.021341857910156250e+02
-2.244548034667968750e+02
-7.308988647460937500e+02
2.260016918182373047e+00
7.089073181152343750e+00
3.148472213745117188e+01
-4.078583251953125000e+03
-1.701693969726562500e+03
-1.648818115234375000e+03
3.750348663330078125e+01
1.692345809936523438e+01
1.724251937866210938e+01
-2.535225585937500000e+03
-4.258127441406250000e+03
-3.103177001953125000e+03
1.456465053558349609e+01
1.167427253723144531e+01
-1.289507389068603516e+01
-4.241990234375000000e+03
-1.752631225585937500e+03
-1.710244506835937500e+03
3.730189895629882812e+01
1.685075759887695312e+01
1.677569770812988281e+01
-2.776849609375000000e+03
-7.715505981445312500e+02
-6.969602050781250000e+02
4.526152801513671875e+01
1.758494567871093750e+01
5.600346374511718750e+01
-9.605722045898437500e+02
-5.286274414062500000e+02
-1.857484436035156250e+02
5.619871520996093750e+01
1.321582508087158203e+01
4.158457183837890625e+01
-3.180632324218750000e+02
-3.585805053710937500e+02
-5.486745071411132812e+01
1.052527847290039062e+02
1.114365196228027344e+01
1.284272575378417969e+01
-1.608055267333984375e+02
-3.207017211914062500e+02
-6.540988159179687500e+01
6.629187774658203125e+01
9.751397132873535156e+00
9.433512091636657715e-01
-1.118682861328125000e+02
-3.282733764648437500e+02
1.276244354248046875e+02
-9.681038856506347656e-01
1.160478210449218750e+01
-1.053132772445678711e+00
-7.043264007568359375e+01
-3.123620910644531250e+02
6.808076477050781250e+01
-5.439825057983398438e+01
1.133367252349853516e+01
-1.620709991455078125e+01
-1.342288208007812500e+01
-1.601313323974609375e+02
1.381520690917968750e+02
-1.199885177612304688e+01
1.137676334381103516e+01
-4.116580200195312500e+01
1.326518554687500000e+02
1.180444869995117188e+02
4.988661193847656250e+02
-9.296679496765136719e+00
5.044251441955566406e+00
-5.001767730712890625e+01
1.204759292602539062e+02
2.084995117187500000e+02
7.371925048828125000e+02
-7.134061336517333984e+00
-1.158871412277221680e+00
-3.082651901245117188e+01
5.861622333526611328e+00
-1.149090671539306641e+01
-1.583841896057128906e+01
1.498253345489501953e+00
-5.528305768966674805e-01
9.188511967658996582e-01
-9.410315155982971191e-01
1.183283448219299316e+00
-1.605536341667175293e+00
-2.449397929012775421e-02
-1.048049256205558777e-01
-2.185259908437728882e-01
-1.300438690185546875e+02
-2.104604644775390625e+02
-7.316779785156250000e+02
3.094871759414672852e+00
1.993974089622497559e+00
3.055129051208496094e+01
1.115450897216796875e+02
-4.450384521484375000e+02
-6.863057250976562500e+02
3.054099845886230469e+01
-8.038039207458496094e+00
5.367625427246093750e+01
6.359250545501708984e-01
-3.479341430664062500e+02
-3.127425231933593750e+02
4.734444046020507812e+01
-8.288253784179687500e+00
4.401716232299804688e+01
-1.362833595275878906e+01
-2.270597381591796875e+02
-7.652697753906250000e+01
8.509281921386718750e+01
-4.461254119873046875e+00
2.153206253051757812e+01
-1.810901451110839844e+01
-7.584136199951171875e+01
-4.305390548706054688e+01
1.355767211914062500e+02
2.091989964246749878e-01
6.906852245330810547e+00
8.170260190963745117e-01
-7.392103672027587891e-01
-2.714892923831939697e-01
2.684886455535888672e-01
1.044595148414373398e-02
-1.695884019136428833e-01
1.895699691772460938e+01
7.419251251220703125e+01
4.285598373413085938e+01
-1.356574707031250000e+02
-4.041602462530136108e-02
-6.646804332733154297e+00
1.387659358978271484e+01
2.262736511230468750e+02
7.654141235351562500e+01
-8.465060424804687500e+01
4.621228218078613281e+00
-2.153280448913574219e+01
-2.698465824127197266e+00
3.470934753417968750e+02
3.139089965820312500e+02
-4.693974304199218750e+01
8.356433868408203125e+00
-4.429780960083007812e+01
-1.180810546875000000e+02
4.442785644531250000e+02
6.879871826171875000e+02
-3.048173332214355469e+01
8.126467704772949219e+00
-5.389921188354492188e+01
1.393940582275390625e+02
2.008383941650390625e+02
7.305690917968750000e+02
-3.894908905029296875e+00
-1.284156799316406250e+00
-3.068710327148437500e+01
9.536665649414062500e+02
-4.055169067382812500e+02
4.998412780761718750e+02
1.499634265899658203e+01
-9.151598930358886719e+00
-3.758028793334960938e+01
1.065133929252624512e+00
-4.430980980396270752e-01
-9.028427124023437500e+00
-2.492158114910125732e-01
-3.544769585132598877e-01
1.266129910945892334e-01
6.534272193908691406e+00
-1.479057617187500000e+02
-3.148696594238281250e+02
9.573746681213378906e+00
-4.510072231292724609e+00
2.910840606689453125e+01
-1.083017635345458984e+01
-2.959569091796875000e+02
-1.043041458129882812e+02
3.295571136474609375e+01
-1.285408210754394531e+01
3.082421684265136719e+01
-5.488717269897460938e+01
-2.809908142089843750e+02
-3.912580108642578125e+01
7.455198669433593750e+01
-8.534828186035156250e+00
1.527043819427490234e+01
-7.179191589355468750e+01
-1.103081207275390625e+02
-2.503610420227050781e+01
1.721145172119140625e+02
-1.833417534828186035e+00
1.465069204568862915e-01
-7.421411132812500000e+01
7.104198455810546875e+01
-1.796189308166503906e+01
9.913331604003906250e+01
-4.542367935180664062e+00
-2.191167354583740234e+00
-5.999466705322265625e+01
1.849774475097656250e+02
2.847042846679687500e+01
-1.313490753173828125e+02
-1.146077632904052734e+01
-8.610555648803710938e+00
-3.179398536682128906e+01
2.580996398925781250e+02
5.090721893310546875e+01
-1.795709075927734375e+02
-1.202531433105468750e+01
-1.688037300109863281e+01
2.853019714355468750e+01
3.363913879394531250e+02
1.072330703735351562e+02
-8.631568145751953125e+01
-5.330572128295898438e+00
-2.285845756530761719e+01
-1.210910081863403320e+00
3.505312194824218750e+02
3.188641662597656250e+02
-4.751156234741210938e+01
8.809461593627929688e+00
-4.430528640747070312e+01
1.219039001464843750e+02
1.478407440185546875e+02
5.066411743164062500e+02
-9.371331214904785156e+00
4.818688392639160156e+00
-5.130377578735351562e+01
2.216886444091796875e+02
-4.224009399414062500e+02
2.177461090087890625e+02
2.956151008605957031e+01
-3.121507167816162109e+00
-4.495330429077148438e+01
3.771047210693359375e+01
-2.287525939941406250e+02
2.650337829589843750e+02
1.246785449981689453e+01
1.950943917036056519e-01
-2.124614715576171875e+01
2.908086538314819336e+00
-7.715738415718078613e-01
9.342938065528869629e-01
-6.703540682792663574e-01
9.987261891365051270e-01
-7.452157139778137207e-01
2.366817092895507812e+01
-1.874369812011718750e+02
-7.197974681854248047e+00
1.649496841430664062e+01
-9.967130661010742188e+00
1.225883674621582031e+01
-9.224090576171875000e+01
-2.869781188964843750e+02
3.922518193721771240e-01
5.547694396972656250e+01
-4.730299472808837891e+00
1.187768936157226562e+01
-1.303591766357421875e+02
-3.007021179199218750e+02
9.831338882446289062e+00
1.805192260742187500e+02
1.178047895431518555e+00
-1.140539932250976562e+01
-1.415497283935546875e+02
-1.918457031250000000e+02
-3.109411954879760742e+00
2.122492370605468750e+02
4.702518284320831299e-01
-1.535202884674072266e+01
-1.456088256835937500e+02
1.316586112976074219e+01
3.244229507446289062e+01
1.965466308593750000e+01
-1.046335029602050781e+01
-9.178185462951660156e+00
-1.146248550415039062e+02
2.165318145751953125e+02
3.808819198608398438e+01
-1.956283569335937500e+02
-1.870084571838378906e+01
-1.123506259918212891e+01
-3.369696426391601562e+01
2.557231445312500000e+02
5.167328262329101562e+01
-1.731396636962890625e+02
-1.179086399078369141e+01
-1.627927207946777344e+01
9.958362579345703125e+00
2.249284210205078125e+02
7.506674194335937500e+01
-8.339793395996093750e+01
5.781339168548583984e+00
-2.146277427673339844e+01
-1.101842784881591797e+01
-1.479570922851562500e+02
1.366504669189453125e+02
-1.037290668487548828e+01
9.785634994506835938e+00
-4.045754623413085938e+01
-1.114599151611328125e+02
-5.497030029296875000e+02
6.889718627929687500e+01
2.952183151245117188e+01
4.836012363433837891e+00
-3.182302284240722656e+01
-1.511000518798828125e+02
-4.042750244140625000e+02
8.168312072753906250e+01
2.068209838867187500e+01
1.164646053314208984e+01
-2.103611183166503906e+01
-1.422482299804687500e+02
4.554911041259765625e+01
2.773833465576171875e+01
-1.501181721687316895e+00
9.022643089294433594e+00
-1.132795333862304688e+01
3.508821964263916016e+00
-3.233592033386230469e+00
7.942996919155120850e-02
1.482629328966140747e-01
1.679016947746276855e+00
-1.199635386466979980e+00
1.179709720611572266e+01
-2.063509063720703125e+02
1.174354648590087891e+01
4.383737564086914062e+01
-1.069490194320678711e+00
-4.033228874206542969e+00
-1.381821899414062500e+02
-2.896291198730468750e+02
3.157224655151367188e+01
1.612691650390625000e+02
2.156561851501464844e+01
-2.927173614501953125e+01
-1.614575195312500000e+02
-3.555093078613281250e+02
6.360208511352539062e+01
3.115809326171875000e+02
2.434272766113281250e+01
-2.621514892578125000e+01
-1.660423583984375000e+02
-2.409563140869140625e+02
5.880260086059570312e+01
1.743452148437500000e+02
8.433858871459960938e+00
-1.315211772918701172e+01
-1.448356170654296875e+02
9.606999397277832031e+00
3.382647323608398438e+01
2.070168876647949219e+01
-1.183081054687500000e+01
-1.027928256988525391e+01
-5.996489334106445312e+01
1.804662475585937500e+02
2.829178619384765625e+01
-1.289515686035156250e+02
-1.133256626129150391e+01
-9.998555183410644531e+00
1.741423988342285156e+01
7.473728942871093750e+01
4.347195816040039062e+01
-1.358175354003906250e+02
-1.472110748291015625e-01
-8.365250587463378906e+00
-7.103610992431640625e+01
-3.120871582031250000e+02
7.005194854736328125e+01
-5.605406188964843750e+01
1.249177932739257812e+01
-1.549422454833984375e+01
-2.046265563964843750e+02
-6.174931640625000000e+02
1.621221008300781250e+02
8.005799865722656250e+01
1.901862335205078125e+01
-5.068989753723144531e+00
-2.334275207519531250e+02
-5.449956665039062500e+02
5.564579010009765625e+01
4.965425872802734375e+01
2.155871200561523438e+01
-4.769601821899414062e+00
-2.098335571289062500e+02
-8.168164062500000000e+01
2.519562721252441406e+01
-6.718829154968261719e+00
2.101269531250000000e+01
-4.088154315948486328e+00
-1.792686462402343750e+02
2.235543060302734375e+02
4.968325614929199219e+00
-3.843495559692382812e+01
6.642086029052734375e+00
-1.623716831207275391e+00
5.984169483184814453e+00
-7.036036491394042969e+00
-9.064986705780029297e-01
-1.857703566551208496e+00
1.309391498565673828e+00
6.672614216804504395e-01
4.419557154178619385e-01
-2.103926696777343750e+02
8.530874633789062500e+01
1.568004302978515625e+02
-1.887892931699752808e-01
-2.586756515502929688e+01
-1.427065124511718750e+02
-2.822742614746093750e+02
1.953207092285156250e+02
4.738075256347656250e+02
3.509057998657226562e+01
-2.721947860717773438e+01
-1.613086090087890625e+02
-3.591296081542968750e+02
6.228130722045898438e+01
3.134393615722656250e+02
2.685599327087402344e+01
-2.595254135131835938e+01
-1.423446044921875000e+02
-2.034299011230468750e+02
-3.820025444030761719e+00
2.132603149414062500e+02
2.763405084609985352e+00
-1.531703948974609375e+01
-7.225302124023437500e+01
6.984203338623046875e+01
-1.875720787048339844e+01
1.039790573120117188e+02
-4.337095737457275391e+00
-3.072907686233520508e+00
1.157337903976440430e+00
-1.387587070465087891e+00
-2.823515236377716064e-01
-1.142327594757080078e+01
3.045759499073028564e-01
-1.168842166662216187e-01
-1.160215454101562500e+02
-3.307639465332031250e+02
1.331186828613281250e+02
1.188619804382324219e+01
1.289559650421142578e+01
-1.926168084144592285e+00
-2.254643096923828125e+02
-7.309353027343750000e+02
1.282767200469970703e+01
1.437427673339843750e+02
2.136721229553222656e+01
5.025058239698410034e-02
-2.665211791992187500e+02
-6.039859008789062500e+02
4.108282470703125000e+01
9.639038848876953125e+01
2.622244262695312500e+01
8.006690979003906250e+00
-2.452292633056640625e+02
-2.403709106445312500e+02
1.584144783020019531e+01
3.054087829589843750e+01
3.224558258056640625e+01
9.810121536254882812e+00
-2.138419647216796875e+02
1.495635528564453125e+02
4.416897296905517578e+00
-6.974167633056640625e+01
2.193916702270507812e+01
4.400609016418457031e+00
-1.719650268554687500e+02
2.768091430664062500e+02
-1.956303787231445312e+01
-9.754195404052734375e+01
1.227033710479736328e+01
6.623446464538574219e+00
6.010916233062744141e+00
-7.461027145385742188e+00
-1.017427086830139160e+00
-2.964979410171508789e+00
1.586482286453247070e+00
1.337684690952301025e-01
1.184024095535278320e+00
-2.112388763427734375e+02
8.709429168701171875e+01
1.525560150146484375e+02
1.134337782859802246e+00
-2.469568634033203125e+01
-1.397343139648437500e+02
-2.855037841796875000e+02
3.209078979492187500e+01
1.614549102783203125e+02
2.111550903320312500e+01
-2.853057098388671875e+01
-1.297952117919921875e+02
-3.002228393554687500e+02
8.790657997131347656e+00
1.821831207275390625e+02
1.734981179237365723e+00
-1.159207153320312500e+01
-7.048571014404296875e+01
-1.042948608398437500e+02
-2.529240798950195312e+01
1.712413482666015625e+02
-2.408607244491577148e+00
3.788956999778747559e-01
-1.528247165679931641e+01
-7.557171630859375000e+01
-4.335604858398437500e+01
1.359045715332031250e+02
9.608397483825683594e-01
7.303576469421386719e+00
-1.665195007324218750e+02
-3.197191162109375000e+02
-6.662706756591796875e+01
7.206475830078125000e+01
1.012851619720458984e+01
1.574312746524810791e-01
-2.661826477050781250e+02
-9.364303588867187500e+02
-3.775569534301757812e+01
1.556989593505859375e+02
2.212206840515136719e+01
2.059200763702392578e+00
-3.234910888671875000e+02
-5.861719360351562500e+02
-2.272782325744628906e+01
1.501215667724609375e+02
3.205295181274414062e+01
2.157439041137695312e+01
-2.993620300292968750e+02
-2.679454040527343750e+02
-2.285755729675292969e+01
1.430129394531250000e+02
3.469390106201171875e+01
3.150928115844726562e+01
-2.633610229492187500e+02
5.470084667205810547e+00
-2.945370483398437500e+01
2.075544166564941406e+01
4.163307952880859375e+01
1.855877685546875000e+01
-2.086166839599609375e+02
2.045008697509765625e+02
-5.685414505004882812e+01
-4.831610107421875000e+01
3.145999717712402344e+01
3.133051395416259766e+00
-1.741682739257812500e+02
2.812328491210937500e+02
-1.927352523803710938e+01
-9.867079162597656250e+01
1.197915840148925781e+01
6.606541633605957031e+00
4.932109355926513672e+00
-6.058449268341064453e+00
1.330152750015258789e-01
-1.136345744132995605e+00
2.517842769622802734e+00
-1.206609532237052917e-01
1.152996444702148438e+01
-2.126308593750000000e+02
1.415053176879882812e+01
4.163992309570312500e+01
-4.571908473968505859e+00
-4.592635631561279297e+00
-9.354380035400390625e+01
-2.887503967285156250e+02
2.502544224262237549e-01
5.332897567749023438e+01
-4.524358272552490234e+00
1.240669727325439453e+01
-4.972563171386718750e+01
-2.799241027832031250e+02
-3.764742660522460938e+01
7.508716583251953125e+01
-8.654613494873046875e+00
1.529271888732910156e+01
-1.208921337127685547e+01
-2.251115264892578125e+02
-7.349254608154296875e+01
8.515172576904296875e+01
-4.101062297821044922e+00
1.986507987976074219e+01
-3.290519714355468750e+02
-3.579846801757812500e+02
-5.355106735229492188e+01
1.042839355468750000e+02
1.069375038146972656e+01
1.313184642791748047e+01
-4.421337280273437500e+02
-1.243918212890625000e+03
-1.359878692626953125e+02
6.938410949707031250e+01
3.109114837646484375e+01
2.484091758728027344e+01
-5.477505493164062500e+02
-5.301391601562500000e+02
-8.008640289306640625e+01
9.138394927978515625e+01
3.466374588012695312e+01
3.110536956787109375e+01
-4.486647033691406250e+02
-2.058383941650390625e+02
-5.961006927490234375e+01
1.541482086181640625e+02
3.533545684814453125e+01
4.564247131347656250e+01
-3.528152160644531250e+02
-9.133420562744140625e+01
-3.814050674438476562e+01
1.946070709228515625e+02
3.624313354492187500e+01
3.956808471679687500e+01
-2.630395507812500000e+02
3.610525131225585938e+00
-2.829286003112792969e+01
1.703091049194335938e+01
4.018361282348632812e+01
1.817211532592773438e+01
-2.161630554199218750e+02
1.546961059570312500e+02
3.586087703704833984e+00
-6.515895843505859375e+01
2.145497322082519531e+01
4.531462669372558594e+00
-1.818722839355468750e+02
2.206423645019531250e+02
4.062325000762939453e+00
-3.268260574340820312e+01
6.152720928192138672e+00
-1.233483433723449707e+00
4.388418197631835938e+00
-2.099387645721435547e+00
-1.456596981734037399e-02
-6.447513699531555176e-01
1.006745576858520508e+00
1.315419673919677734e+00
2.423805427551269531e+01
-1.855364685058593750e+02
-9.657693862915039062e+00
1.692187118530273438e+01
-9.446362495422363281e+00
1.321129417419433594e+01
-8.413624763488769531e+00
-2.999561462402343750e+02
-9.952564239501953125e+01
3.209490966796875000e+01
-1.222337436676025391e+01
2.977552604675292969e+01
3.758806228637695312e+00
-3.521112365722656250e+02
-3.219024963378906250e+02
4.620499038696289062e+01
-7.997098922729492188e+00
4.399530410766601562e+01
-9.697412109375000000e+02
-5.238668212890625000e+02
-1.916015930175781250e+02
5.400713729858398438e+01
1.323169708251953125e+01
4.331954956054687500e+01
-9.980991210937500000e+02
-2.089537353515625000e+03
-5.744169311523437500e+02
5.401627731323242188e+01
4.568873214721679688e+01
5.494646835327148438e+01
-1.114804931640625000e+03
-4.471337585449218750e+02
-4.404310607910156250e+02
6.505873870849609375e+01
4.181417846679687500e+01
5.767560195922851562e+01
-7.559514160156250000e+02
-2.246601867675781250e+02
-1.802336120605468750e+02
8.419532012939453125e+01
3.673731231689453125e+01
4.436167907714843750e+01
-4.412705078125000000e+02
-2.051191711425781250e+02
-5.962709045410156250e+01
1.592545318603515625e+02
3.609019851684570312e+01
4.367885589599609375e+01
-2.993383483886718750e+02
-2.636208801269531250e+02
-2.267967224121093750e+01
1.481621246337890625e+02
3.550089263916015625e+01
3.086295318603515625e+01
-2.454170227050781250e+02
-2.350735168457031250e+02
1.646843910217285156e+01
3.638802337646484375e+01
3.313972473144531250e+01
9.773794174194335938e+00
-2.088464660644531250e+02
-8.078261566162109375e+01
2.517753601074218750e+01
-6.779160976409912109e+00
2.131828880310058594e+01
-2.516695499420166016e+00
-1.396779937744140625e+02
4.055257034301757812e+01
2.751795196533203125e+01
-1.764196753501892090e+00
9.088471412658691406e+00
-1.040443420410156250e+01
2.326847791671752930e+00
-1.783386111259460449e+00
6.842592358589172363e-02
-6.642375588417053223e-01
1.421934247016906738e+00
1.275845050811767578e+00
1.160086059570312500e+01
-1.469142761230468750e+02
-3.123443298339843750e+02
7.622900485992431641e+00
-4.836025714874267578e+00
3.003838539123535156e+01
1.011566314697265625e+02
-4.484172058105468750e+02
-6.999664306640625000e+02
3.117556190490722656e+01
-7.020373344421386719e+00
5.538868331909179688e+01
-2.767885742187500000e+03
-7.638106689453125000e+02
-7.029580078125000000e+02
4.534234237670898438e+01
1.763957405090332031e+01
5.989344787597656250e+01
-3.260590820312500000e+03
-1.995936157226562500e+03
-1.335573974609375000e+03
4.896428680419921875e+01
4.878128433227539062e+01
3.652645492553710938e+01
-2.465122558593750000e+03
-5.948284301757812500e+02
-1.120573486328125000e+03
5.771668243408203125e+01
4.978310775756835938e+01
6.669944763183593750e+01
-1.100393066406250000e+03
-4.444506225585937500e+02
-4.340088195800781250e+02
6.210772705078125000e+01
4.122909545898437500e+01
5.694883728027343750e+01
-5.421834716796875000e+02
-5.271436157226562500e+02
-7.791957092285156250e+01
9.150904846191406250e+01
3.449299240112304688e+01
3.040796852111816406e+01
-3.215304260253906250e+02
-5.806406250000000000e+02
-2.280707740783691406e+01
1.509364318847656250e+02
3.295989990234375000e+01
2.029999923706054688e+01
-2.649072875976562500e+02
-6.065908813476562500e+02
4.324100112915039062e+01
1.096853637695312500e+02
2.587852859497070312e+01
6.616336345672607422e+00
-2.283472900390625000e+02
-5.417569580078125000e+02
5.488882827758789062e+01
4.930656433105468750e+01
2.067792510986328125e+01
-3.659381628036499023e+00
-1.497588653564453125e+02
-4.042593383789062500e+02
7.779171752929687500e+01
2.081328773498535156e+01
1.099329376220703125e+01
-2.125376510620117188e+01
4.259481048583984375e+01
-2.344201202392578125e+02
2.644479370117187500e+02
1.284786701202392578e+01
-1.029021143913269043e+00
-2.117858695983886719e+01
7.789340972900390625e+00
-2.138230323791503906e+00
4.579090118408203125e+00
2.196291536092758179e-01
1.782462298870086670e-01
-5.856317281723022461e-01
-1.146595230102539062e+02
-2.160906372070312500e+02
-7.324433593750000000e+02
4.068964004516601562e+00
5.273865222930908203e+00
3.176065063476562500e+01
-4.131882324218750000e+03
-1.696834960937500000e+03
-1.661614379882812500e+03
3.750730514526367188e+01
1.695038604736328125e+01
1.759834289550781250e+01
-3.634612060546875000e+03
-3.608445556640625000e+03
-1.004823632812500000e+04
4.137582015991210938e+01
4.338177490234375000e+01
-2.853023719787597656e+01
-3.462985839843750000e+03
-2.049184082031250000e+03
-1.388244262695312500e+03
4.902247619628906250e+01
4.719400787353515625e+01
3.404592132568359375e+01
-1.021417663574218750e+03
-2.162897460937500000e+03
-5.678720703125000000e+02
5.461769866943359375e+01
4.429073715209960938e+01
5.236378860473632812e+01
-4.508601379394531250e+02
-1.264346557617187500e+03
-1.325168457031250000e+02
7.195929718017578125e+01
3.081404113769531250e+01
2.436885643005371094e+01
-2.659598693847656250e+02
-9.483828735351562500e+02
-3.878876113891601562e+01
1.585067443847656250e+02
2.279209709167480469e+01
2.486231803894042969e+00
-2.282827301025390625e+02
-7.395385742187500000e+02
1.590592575073242188e+01
1.308342590332031250e+02
2.272213745117187500e+01
1.587570428848266602e+00
-2.044882507324218750e+02
-6.143024291992187500e+02
1.506208801269531250e+02
7.477141571044921875e+01
1.837710762023925781e+01
-5.888276576995849609e+00
-1.145255508422851562e+02
-5.553663330078125000e+02
6.607691192626953125e+01
2.995862770080566406e+01
5.255460262298583984e+00
-3.050486373901367188e+01
2.170830078125000000e+02
-4.314024963378906250e+02
2.244274749755859375e+02
2.986974716186523438e+01
-3.141099929809570312e+00
-4.737718963623046875e+01
1.007528686523437500e+03
-3.996464233398437500e+02
5.073446655273437500e+02
1.636304283142089844e+01
-8.739244461059570312e+00
-3.592027664184570312e+01
2.847219467163085938e+01
1.593315124511718750e+00
-6.608527183532714844e+00
4.884377717971801758e-01
1.827986091375350952e-01
9.932954311370849609e-01
-4.658955078125000000e+03
-2.763090576171875000e+03
-3.203803466796875000e+03
7.161966323852539062e+00
2.191992187500000000e+01
-9.483954429626464844e+00
