# (20250,)
0.000000000000000000e+00
0.000000000000000000e+00
0.000000000000000000e+00
-0.000000000000000000e+00
-0.000000000000000000e+00
-0.000000000000000000e+00
2.185802840148381720e-01
4.384782854543951003e-01
6.932700080474973880e-01
6.441856217890290916e-05
2.924041437921027443e-05
8.376981624890417818e-06
5.187022518915361535e-02
1.045849714182891382e-01
1.127004542631162010e-01
2.485117819846990330e-04
6.241383905737925395e-05
1.715844541764488664e-05
1.470221500963932691e-02
2.884778340818855424e-02
3.674227689936711977e-02
3.983315570235304690e-04
7.704507816559960848e-05
1.950673286613032316e-05
6.566838837958433733e-03
1.232207395365420531e-02
1.018602700089600750e-02
8.870622324792371265e-04
6.223410409812015290e-05
1.647823273301438949e-05
2.255098839103204973e-03
3.727796397612868212e-03
5.128577438563487224e-03
2.431843278717437523e-03
2.851368178377415078e-05
7.236150759292887961e-06
4.481155289452317054e-04
6.625585770847548144e-04
9.208715223654157607e-04
2.943452997125286900e-03
6.890017915977408231e-06
-4.724543972277469109e-08
4.083010769879765470e-05
5.476827449198391973e-05
3.619731328231087114e-04
-1.704717504670991753e-03
2.642797039005970504e-07
-2.589300518976328720e-07
4.082973775254817125e-05
5.476872439312625482e-05
3.619731105276341085e-04
-1.704717504670991103e-03
2.642911953442250179e-07
-2.589280827090945654e-07
4.481153461883364219e-04
6.625589041250658793e-04
9.208716129121240213e-04
2.943452997125286033e-03
6.889991136140414480e-06
-4.724009093372669039e-08
2.255095726139174327e-03
3.727800396415035210e-03
5.128577438563475081e-03
2.431843278717433186e-03
2.851369062534441507e-05
7.236145609207776985e-06
6.566828157720375203e-03
1.232208590376855824e-02
1.018602700089599189e-02
8.870622324792365844e-04
6.223405715243935743e-05
1.647825952035559117e-05
1.470217225435032672e-02
2.884783818256411725e-02
3.674227689936710589e-02
3.983315284605832142e-04
7.704521831448705820e-05
1.950666002436696409e-05
5.186966559162294738e-02
1.045858327658405890e-01
1.127004542631160344e-01
2.485117622365133074e-04
6.241433626903178735e-05
1.715818279920047689e-05
2.185890576630423465e-01
4.384660314351536692e-01
6.932699609647884342e-01
6.441855714349414657e-05
2.924172575832707284e-05
8.376270075385203198e-06
2.125515045274499193e-01
4.498569494720389694e-01
6.936436094451594592e-01
6.437318811135888904e-05
2.810078869187491993e-05
9.010587510703852590e-06
1.063792751819163440e+00
1.064691722796628159e+00
1.627553284096698860e+00
1.470084983397912934e-04
1.471126322731551616e-04
5.883113067881284966e-05
3.269461906621770053e-01
2.704749865962085553e-01
3.910444891086093389e-01
3.175784672428708056e-04
2.468894514462140438e-04
9.776576225365582137e-05
1.284675853364133369e-01
7.366271561557428960e-02
7.556871902840196775e-02
4.681311948421514675e-04
3.046897761400334508e-04
1.051666876434059099e-04
3.700494870894096427e-02
9.500786913236265729e-02
2.325395964623537190e-02
7.047416283257177836e-04
2.512741450461696891e-04
1.034168641058083647e-04
1.282765785695487784e-02
5.178813628127240665e-02
7.897165932421531739e-03
2.096857989320937820e-03
1.725022913489260463e-04
8.423984652073326245e-05
4.074637988477015395e-03
2.721741167459099109e-02
1.461363766757854069e-03
3.045232215143674290e-03
1.152060604473651660e-04
5.696538553282183429e-05
1.711136552766326889e-03
2.103840323938436369e-02
1.612600701641863212e-04
-5.052607358166509880e-04
7.321979757432162833e-05
5.126445729527378728e-05
6.718341556889575539e-04
1.728614834547689480e-02
1.956904165989839528e-04
-8.590913013249132412e-05
3.672414424412736710e-05
5.807849497461937195e-05
1.691864449332003797e-04
1.391785829469284301e-02
4.985342322288623552e-04
1.280905691584834690e-03
4.607649808954459583e-05
7.573503975483241734e-06
3.322065193468371798e-05
1.218513153101177804e-02
3.203040115382226223e-03
2.337937150409194649e-03
3.863139365113554976e-05
-5.979496915647872440e-07
1.929919495337715932e-03
1.094986455399873590e-02
6.616648783287655371e-03
1.162106098017703969e-03
2.624593099190663444e-05
1.159639456248253521e-05
5.877056899088526146e-03
1.191220635915729402e-02
1.535098565883186682e-02
3.267442872123984643e-04
2.979999169099966771e-05
2.485266336847620380e-05
1.117380582344972353e-02
6.375537525087330952e-03
1.805238557211655964e-02
1.610529031004714830e-04
2.047079296770620965e-05
1.413320389799837794e-05
-1.117764224285292128e-17
5.668538319607381180e-18
3.080794012039310685e-17
-4.871122441392572654e-19
-1.830701109883938278e-19
1.724766967607476948e-21
5.328329649905467341e-02
1.047039741772019805e-01
1.126716085688610619e-01
2.485947046167063840e-04
6.016312415622926976e-05
1.832639914016533008e-05
3.268467150041027836e-01
2.704462184645339828e-01
3.911602198213059434e-01
3.176923162923205209e-04
2.467690187015250647e-04
9.775192207725556630e-05
1.431813065236721416e-01
1.433004056570078566e-01
3.849952371933692552e-01
4.216739328096448611e-04
4.217929434642496401e-04
2.151988532919795773e-04
8.604787038650467401e-02
1.145153062889971707e-01
1.523279985751751775e-01
4.998427871542368821e-04
4.661487610264756121e-04
2.491156235307257524e-04
4.004293773883020602e-02
7.932825262215301154e-02
4.920755410038214067e-02
5.855123881875576742e-04
3.824795764036272700e-04
2.697370195106545761e-04
1.405415236025666509e-02
4.546766593895894965e-02
1.253889597804731630e-02
1.679644512951755609e-03
3.026676581142176436e-04
2.652531627718950459e-04
5.992977395844988758e-03
4.443880540148410774e-02
3.147159998483342516e-03
2.953955877726424390e-03
2.436542462471647983e-04
1.996171335374735830e-04
3.155809191265414402e-03
4.204966752441848671e-02
2.035094528329456939e-04
1.702771889698384035e-03
1.885650297283993700e-04
1.575295026907296209e-04
2.090422888740365356e-03
3.695662771103864347e-02
-2.845990409534944065e-07
3.198495636781666226e-04
1.154400294307198437e-04
1.046412417117864130e-04
1.315294498596807126e-03
2.994293827759495277e-02
4.941073569662836036e-04
-2.544345660251997980e-04
8.765978755958102222e-05
6.150093538685231544e-05
5.233201968233118506e-04
2.218102275222507899e-02
1.631231199120858170e-03
1.358869526255148796e-03
8.723300301273799115e-05
1.622715090399407927e-05
3.517017947305241054e-05
1.346585142249531394e-02
3.954861526429450866e-03
8.208886412900517470e-04
5.999508485412211208e-05
1.589963971966884228e-08
1.474823456149447530e-04
4.751709846108756637e-03
2.718741780842983367e-03
1.787756586207479414e-04
3.673550138855994935e-05
4.933091981884079908e-07
2.398048452395943004e-18
-1.857538065300048629e-18
1.033441994741212593e-18
-8.282816446853746304e-19
2.459275481944251256e-19
2.388328349132993072e-20
1.121530696264838936e-02
6.381027725216963792e-03
1.808314854989528236e-02
1.612148491582134904e-04
2.045622248586650375e-05
1.402161332865648844e-05
1.444127415528742228e-02
2.853681261148445156e-02
3.674103399132050418e-02
3.984297278748235682e-04
7.657485446001819143e-05
1.965476614628906531e-05
1.283941917570840530e-01
7.360690132098444971e-02
7.556639578380644484e-02
4.683636016268313764e-04
3.046319542552457086e-04
1.053504910029841063e-04
8.608203981391333859e-02
1.145267870443033020e-01
1.523285784410217669e-01
5.000554256827927351e-04
4.658535141207494588e-04
2.494110261442898592e-04
5.950396350488509900e-02
5.958479774237813997e-02
1.499443341665266105e-01
4.987161448229435277e-04
4.986597000510008216e-04
3.882050023315603200e-04
2.696976926300317240e-02
3.002314921500900957e-02
7.007346879070616708e-02
5.238146831819703560e-04
4.321017616941222198e-04
3.909028316761643438e-04
1.019674308621794367e-02
2.186756542871483300e-02
2.052021948117363145e-02
1.237869844893424920e-03
3.696545431275027383e-04
4.220544765115033731e-04
4.978129161510551869e-03
2.788952457372901803e-02
4.709839423081001175e-03
2.736316557213250723e-03
3.184082205271782833e-04
3.121537333212700454e-04
2.844673023537948320e-03
3.792960924323527522e-02
1.014069976937844461e-03
3.236102610430346277e-03
2.568091905119522294e-04
1.752663253288824709e-04
1.899768172763287646e-03
4.322607485062480992e-02
6.663591736448895315e-05
1.239065639210799874e-03
1.431238150828266097e-04
9.273607759932049805e-05
1.235104819054541527e-03
3.835981775655432358e-02
-4.489069667822536195e-05
-8.611976530716390052e-06
6.994772810209615177e-05
5.607182579552036323e-05
5.617577923210441372e-04
2.600161273202726900e-02
8.010118739625636877e-04
1.523088538628152575e-04
5.152423895555836706e-05
2.580854209948574103e-05
1.377814186834557040e-04
7.951177614224085033e-03
1.376836456843804095e-03
1.641153685961937655e-04
2.340638989821090490e-05
2.594380669076573644e-06
5.394408181540716612e-19
5.664371189657177107e-19
-5.366733123258835416e-19
7.268024760501148489e-20
-1.745138899203017145e-20
-2.669368501742055088e-20
1.499180358463456369e-04
4.748112473135447133e-03
2.718518684815202004e-03
1.781870600082946998e-04
3.678398992372224177e-05
5.135534610419916560e-07
5.852349183472054135e-03
1.198726784066935121e-02
1.536721705731693491e-02
3.269413013920648690e-04
2.979643042782334844e-05
2.500842325294307483e-05
6.585088983697505623e-03
1.222707623693489003e-02
1.018928005380654103e-02
8.859690560929377092e-04
6.055601948894649543e-05
1.733005750937900174e-05
3.689639200023589471e-02
9.514194154481406263e-02
2.324046564817100827e-02
7.039134331612947231e-04
2.513985224746529594e-04
1.031887954162705439e-04
4.003764756933603924e-02
7.934228731324086126e-02
4.921594809523187342e-02
5.853893974416072557e-04
3.826937901584024433e-04
2.692040513327064702e-04
2.697103504434524360e-02
3.002197246263896280e-02
7.008160203768577790e-02
5.240821411650544055e-04
4.320266486220569030e-04
3.912801472397884847e-04
1.148289127075434284e-02
1.150444781727096542e-02
4.529512655097255730e-02
4.183353118440804913e-04
4.182619454191367075e-04
5.246428490883452839e-04
6.162348185424106409e-03
7.779593608659727232e-03
1.661358532238089991e-02
9.450567305256970087e-04
3.799497401673511605e-04
4.648358177347236618e-04
3.196387447212662488e-03
7.652254882112325719e-03
5.773353276188001454e-03
2.268961199832886678e-03
3.796492861424863026e-04
3.330633573899030781e-04
1.753208981870477308e-03
1.162948748530722408e-02
1.682206126550132245e-03
3.681057650674924263e-03
2.750809989841084642e-04
1.544627008792307779e-04
1.126739534355110589e-03
1.607699497987187184e-02
1.035883939472983595e-03
3.679333675769838868e-03
1.254169715908626617e-04
4.332508006868324700e-05
6.731109152560810866e-04
1.956188442360819874e-02
-6.273689697492771376e-05
1.027967037288316388e-03
5.386908751232274181e-05
1.167269213362347322e-05
2.102911466196163330e-04
9.666823102310977134e-03
1.747104818016812736e-04
-1.033771605637603090e-05
1.138195374159205851e-05
7.127323798165578495e-06
-3.214775183019292406e-19
8.781948611793322710e-19
-1.457259245667125516e-20
-1.037661485166434405e-18
6.013699384112910666e-20
5.367991630378903255e-22
1.388945377514768135e-04
7.946971851846330176e-03
1.378439003884142323e-03
1.642312277781307281e-04
2.340223282869257165e-05
2.624444752002521558e-06
3.618418087029074765e-05
1.345603546028048547e-02
3.953769857039635648e-03
8.242663000929261342e-04
5.994162218022926734e-05
1.716626509914423513e-08
1.915821422791918940e-03
1.075423928446719163e-02
6.612646088134292201e-03
1.162362182998694440e-03
2.624217096971420305e-05
1.158997985490963882e-05
2.222743087211642536e-03
3.792208833352881964e-03
5.128677009361463750e-03
2.432562301958152151e-03
2.898168814193562829e-05
6.985086939094317538e-06
1.281535707600476096e-02
5.181457880923218129e-02
7.897923701402614211e-03
2.098472624582869896e-03
1.726083839149047884e-04
8.414581587643176440e-05
1.404164798588422754e-02
4.546863049367989851e-02
1.253963802756301663e-02
1.682706235556708646e-03
3.029223921814808238e-04
2.651084737100639155e-04
1.019360697180308681e-02
2.187098373310900415e-02
2.053534532007066093e-02
1.236818674022376312e-03
3.695254932742135187e-04
4.219720496257621089e-04
6.158913696179642815e-03
7.781255570076079167e-03
1.661711176306790438e-02
9.451191163853135116e-04
3.799008830958293913e-04
4.649422847583772325e-04
3.304488942358406976e-03
3.307049810181032778e-03
1.212961456741785092e-02
1.460567073713676728e-03
3.885950160962958885e-04
3.886804413406333360e-04
1.524365287608540464e-03
1.879574281291068521e-03
7.089611896952592932e-03
2.122381691707877181e-03
3.529154084809898962e-04
3.671769201305629250e-04
7.231701349839557381e-04
1.732789233522424258e-03
4.505890349601592709e-03
3.699878568276262613e-03
1.909330647723432605e-04
1.047842624956496385e-04
3.718908025858412027e-04
2.269498367655836766e-03
3.426751637771433337e-03
4.899624988277511903e-03
6.992553827812304855e-05
1.086373242191039232e-05
1.316310155629206089e-04
2.265689743154078624e-03
3.841421985203571855e-04
1.482450619664165640e-03
1.730552631159330761e-05
-9.915744510187055882e-07
2.147865173023076551e-20
1.341121815144867303e-20
-3.906598644299808563e-19
-2.366328095022128713e-18
-1.333517640957119690e-22
8.475746514308194379e-21
2.102214143623485970e-04
9.665676521461098042e-03
1.753226599797634122e-04
-1.025082745861050793e-05
1.140019639059032136e-05
7.125582295558291967e-06
5.639249516416231867e-04
2.600878838204542104e-02
8.006075046038475850e-04
1.532373479548091138e-04
5.153380311002567606e-05
2.580493583965363005e-05
5.240057329710719886e-04
2.213354790335227834e-02
1.631052692578841088e-03
1.357357240371477721e-03
8.723584017551942152e-05
1.624087286475147624e-05
3.312909077295817482e-05
1.218857131642008852e-02
3.203629068987508786e-03
2.335493196952177341e-03
3.862701049224794096e-05
-6.138320780905239517e-07
4.495538367642397089e-04
6.621786553500301313e-04
9.214044802901356955e-04
2.946193590497431496e-03
6.748319186413497952e-06
3.679634160404597160e-09
4.064394086708305286e-03
2.723918843289082833e-02
1.461389373765432020e-03
3.046295043823265408e-03
1.151777450241363765e-04
5.691528675776378791e-05
5.989535077810142702e-03
4.442283808496404890e-02
3.147904917349618990e-03
2.952167361003490021e-03
2.439124000336888917e-04
1.996622254149759649e-04
4.975905154480299297e-03
2.787332214984821269e-02
4.700996979395588755e-03
2.738829327761332748e-03
3.185675739786889200e-04
3.119506215908887528e-04
3.196549328935306428e-03
7.653345879187133452e-03
5.776226530632695526e-03
2.270785651276527491e-03
3.794005602904593796e-04
3.328825479236685700e-04
1.521241014589625080e-03
1.879510968324745726e-03
7.094620448880506816e-03
2.122579756354956836e-03
3.532139121909774922e-04
3.673209429766149513e-04
6.407077563791674325e-04
6.414432608782141094e-04
7.298119369627558209e-03
3.309096030428530875e-03
2.790022319685225524e-04
2.743171220888886369e-04
2.330932955986601590e-04
2.826531672705809642e-04
1.101943573218492484e-02
5.590733261275052449e-03
7.460410601325227352e-05
6.665468769373743448e-05
5.106801966515127513e-05
1.428507102842412838e-04
1.160598360563232234e-02
7.732574075117695789e-03
8.330937751706087062e-06
5.538723324638536974e-06
1.557796015692091394e-21
-2.605801801202562849e-20
-3.512379634076986422e-18
3.737416068655438696e-18
-6.182298875814839411e-22
-1.127468209714381697e-20
1.314198954356812744e-04
2.266576912648209357e-03
3.842081765715118385e-04
1.484062909013212543e-03
1.730374973443897082e-05
-9.827412899055532770e-07
6.724923888318542044e-04
1.955682931381809084e-02
-6.284081327813903527e-05
1.031470368456568251e-03
5.389607203135295566e-05
1.170814192950221232e-05
1.235286443447641391e-03
3.839260396694663818e-02
-4.550754048602257914e-05
-8.597728209413763752e-06
6.996979795667249277e-05
5.608768296411227979e-05
1.316234500844508338e-03
2.993024329708732223e-02
4.943081815457555858e-04
-2.548080425491035944e-04
8.766592226153518898e-05
6.153787540469510752e-05
1.639277791924588642e-04
1.395787611845910638e-02
4.987066939771432400e-04
1.281513572029155997e-03
4.612208733535207476e-05
7.570778630132836141e-06
3.966490576916672698e-05
5.599075433820743531e-05
3.613026633224065282e-04
-1.706012046161749143e-03
2.257070299751749470e-07
-2.488835896977040414e-07
1.709115982015482153e-03
2.105196561070624139e-02
1.608369481887611530e-04
-5.089788307527158507e-04
7.325728201715808708e-05
5.126206416925895487e-05
3.159109116258059825e-03
4.197558260560699250e-02
2.028002696821874936e-04
1.707087280900493982e-03
1.885645726428915802e-04
1.575026699383403554e-04
2.844538868338080013e-03
3.793927509463632108e-02
1.014923743217785966e-03
3.245005596869199056e-03
2.567661970441814418e-04
1.753515981118936940e-04
1.752685166095022638e-03
1.163060913961617635e-02
1.690227832800350258e-03
3.672024994588583661e-03
2.750324440801326709e-04
1.545105222602972473e-04
7.232791913552391204e-04
1.731640390771030987e-03
4.510613633583231141e-03
3.699526711635809165e-03
1.908140050939874670e-04
1.047544195053078179e-04
2.326944609502325787e-04
2.826825979663944734e-04
1.103043355920274061e-02
5.597164525030157330e-03
7.438657103180523094e-05
6.668691656728276986e-05
3.285920974176214423e-05
3.389998410397590338e-05
1.793495543354564625e-02
1.017377605592025350e-02
9.589546810596370931e-06
9.740815304972604325e-06
-4.742886905559928253e-21
-1.666377860420068167e-21
9.211903197850847468e-18
4.198132752341641907e-17
4.101230886989876239e-21
7.259081820493782375e-20
5.103003119583008967e-05
1.428038940444868482e-04
1.160942464523050631e-02
7.748300813663496454e-03
8.265098885678980709e-06
5.533418528119379673e-06
3.717195219690114260e-04
2.270391237485378660e-03
3.429728363367132767e-03
4.901171424885075213e-03
6.981818683473332767e-05
1.084483038765480827e-05
1.127070312134327915e-03
1.607944301665270928e-02
1.035147688801263573e-03
3.672843810801986603e-03
1.253875180329012951e-04
4.332837210547459594e-05
1.894952755877140271e-03
4.325392781510179613e-02
6.653051570322631293e-05
1.236698405197595579e-03
1.431671491657434574e-04
9.278531309627172823e-05
2.098004889705630018e-03
3.690775550892724105e-02
-2.346804320986353851e-07
3.187904899130445421e-04
1.154725964282866908e-04
1.046522473730179711e-04
6.628428857069476382e-04
1.730866828090754303e-02
1.954205248060672247e-04
-8.578309037968915392e-05
3.674768181808197968e-05
5.808815460585813517e-05
3.966503770675534153e-05
5.599068713234233542e-05
3.613027747997768859e-04
-1.706012046161746324e-03
2.257199140777287903e-07
-2.488816706197427323e-07
6.628433726779377547e-04
1.730867006029564170e-02
1.954205793737558898e-04
-8.578304016178843396e-05
3.674768181808207455e-05
5.808815460585806741e-05
2.098005820126657133e-03
3.690774768478470580e-02
-2.346739986140168505e-07
3.187903624085278317e-04
1.154725964282865688e-04
1.046522473730178491e-04
1.894952755877142656e-03
4.325392781510183776e-02
6.653047993747772805e-05
1.236698136040801504e-03
1.431671641498663951e-04
9.278531309627136231e-05
1.127070232754008323e-03
1.607944301665270928e-02
1.035147622063529310e-03
3.672844049032102359e-03
1.253875314208820961e-04
4.332837210547473824e-05
3.717194971169202294e-04
2.270391237485381263e-03
3.429727952982419142e-03
4.901171977974005771e-03
6.981820964731440260e-05
1.084482775129599513e-05
5.103003119583007612e-05
1.428038940444872819e-04
1.160942634618927251e-02
7.748300813663490383e-03
8.265107354313003306e-06
5.533414882837526508e-06
-4.736795343270265045e-21
-1.689688853250916822e-21
9.313675717638744626e-18
4.241022378857661543e-17
4.108404121521462834e-21
7.255005358731527420e-20
3.285920974176138529e-05
3.389998640585071285e-05
1.793495736606382646e-02
1.017377676385428087e-02
9.589543967764225501e-06
9.740811514589071634e-06
2.326944406108667263e-04
2.826825979663944734e-04
1.103043355920274235e-02
5.597163349403846619e-03
7.438656296300045134e-05
6.668693480918095554e-05
7.232791913552395540e-04
1.731640577150448529e-03
4.510613351814809178e-03
3.699525455901905586e-03
1.908140311009072292e-04
1.047544447585249243e-04
1.752685166095016784e-03
1.163060913961616073e-02
1.690227953685643570e-03
3.672024994588578457e-03
2.750324440801319120e-04
1.545105356182247501e-04
2.844538868338081315e-03
3.793927509463634884e-02
1.014923660879443659e-03
3.245005814657949631e-03
2.567661782533301341e-04
1.753515981118939921e-04
3.159107957739239452e-03
4.197559059750759214e-02
2.028002696821876562e-04
1.707087280900492898e-03
1.885645726428913634e-04
1.575026699383403283e-04
1.709115366738153067e-03
2.105196182444963107e-02
1.608369616455556153e-04
-5.089787462294278510e-04
7.325728201715795156e-05
5.126206416925879901e-05
4.495543946244987812e-04
6.621784323020349101e-04
9.214043897434293865e-04
2.946193590497438002e-03
6.748312700176091534e-06
3.681060887600230899e-09
1.639281125882143116e-04
1.395787611845913240e-02
4.987066506885515617e-04
1.281513495469904220e-03
4.612208351843604645e-05
7.570778630132881034e-06
1.316235051358270085e-03
2.993024329708731876e-02
4.943082202179264117e-04
-2.548079945505779217e-04
8.766591703606472846e-05
6.153787540469518884e-05
1.235286218757668166e-03
3.839260396694664512e-02
-4.550746258288611599e-05
-8.597725864973837677e-06
6.996980333562807450e-05
5.608767903128251671e-05
6.724923323815104560e-04
1.955682931381811859e-02
-6.284080114971801929e-05
1.031470262108108047e-03
5.389607658262959502e-05
1.170814095222380059e-05
1.314198954356807865e-04
2.266576912648203719e-03
3.842081765715133022e-04
1.484062909013213844e-03
1.730375580198384095e-05
-9.827417867422897969e-07
1.430652054296530028e-21
-2.585151786775306165e-20
-3.519685348755269307e-18
3.743589603058674896e-18
-6.138927867949157265e-22
-1.127028868689832365e-20
5.106801966515119381e-05
1.428507102842406062e-04
1.160598445611171065e-02
7.732572804218781036e-03
8.330941456733474384e-06
5.538718768036185577e-06
2.330932955986600506e-04
2.826531672705806931e-04
1.101943573218492657e-02
5.590735024714531091e-03
7.460409794444737195e-05
6.665465577041526733e-05
6.407077563791612525e-04
6.414432608782228915e-04
7.298118729166298661e-03
3.309096030428531742e-03
2.790022319685243413e-04
2.743171220888876070e-04
1.521241014589627466e-03
1.879510763428413186e-03
7.094620448880520694e-03
2.122579544973264305e-03
3.532139467400182580e-04
3.673209849902799593e-04
3.196549328935299489e-03
7.653345879187124778e-03
5.776225852658530002e-03
2.270785260099114546e-03
3.794006030856844798e-04
3.328825700437413790e-04
4.975905154480289756e-03
2.787332214984810860e-02
4.700997525562578862e-03
2.738828938214694312e-03
3.185676194887416234e-04
3.119506215908889155e-04
5.989533921311590396e-03
4.442284338092315071e-02
3.147904705544426682e-03
2.952167167063265464e-03
2.439124201877828344e-04
1.996622254149755312e-04
4.064396191216004470e-03
2.723918445067287364e-02
1.461389373765432020e-03
3.046295043823268010e-03
1.151777450241362274e-04
5.691528675776363205e-05
2.222744870633365337e-03
3.792207048799433374e-03
5.128677009361458546e-03
2.432562133962069394e-03
2.898166945118635921e-05
6.985099503853613378e-06
3.312903769240354754e-05
1.218856846182639168e-02
3.203629068987511389e-03
2.335493351671940384e-03
3.862701448419568419e-05
-6.138311778785719736e-07
5.240059693492634231e-04
2.213355009790910280e-02
1.631052692578840004e-03
1.357357120071907286e-03
8.723584573858403823e-05
1.624087086519440792e-05
5.639247192733666059e-04
2.600879043575187941e-02
8.006074217582504491e-04
1.532372365558887521e-04
5.153380311002579126e-05
2.580493282438630685e-05
2.102214000875780766e-04
9.665676521461132736e-03
1.753226599797636832e-04
-1.025081736877711511e-05
1.140019745728717394e-05
7.125580276815010059e-06
2.181013832000210938e-20
1.350970451884250187e-20
-3.910257843155930756e-19
-2.365735405221055129e-18
-1.359236495469271394e-22
8.492254833897103096e-21
1.316310155629206902e-04
2.265689743154082961e-03
3.841420706559180425e-04
1.482449944783738273e-03
1.730552267106636791e-05
-9.915733579778565299e-07
3.718907777337489761e-04
2.269498547452416300e-03
3.426751022194340999e-03
4.899624988277510168e-03
6.992553827812300789e-05
1.086373110373072317e-05
7.231701349839538950e-04
1.732789047143004765e-03
4.505890631370007733e-03
3.699878819423042201e-03
1.909330387654237422e-04
1.047842435557362530e-04
1.524365192743873344e-03
1.879574281291067654e-03
7.089611896952589462e-03
2.122381691707878049e-03
3.529154430300300116e-04
3.671769621442292882e-04
3.304488942358397002e-03
3.307049810181044488e-03
1.212961456741785786e-02
1.460567073713677595e-03
3.885950160962958885e-04
3.886804413406320892e-04
6.158913048895573589e-03
7.781255570076069626e-03
1.661711176306784887e-02
9.451190368115137052e-04
3.799009088779248169e-04
4.649423457185955511e-04
1.019360697180310416e-02
2.187098373310896252e-02
2.053534532007067828e-02
1.236818674022375228e-03
3.695255201092834921e-04
4.219719985241595587e-04
1.404164651581908327e-02
4.546863049367991239e-02
1.253963802756300795e-02
1.682706235556707995e-03
3.029224402898981388e-04
2.651084737100646745e-04
1.281535938557680325e-02
5.181457880923216741e-02
7.897923701402614211e-03
2.098472452776607971e-03
1.726084195343663245e-04
8.414581047857604514e-05
6.585100961542516597e-03
1.222706083642580849e-02
1.018927891358470568e-02
8.859689839313167380e-04
6.055606604590099473e-05
1.733002806543496385e-05
1.915820201822786934e-03
1.075423693315952049e-02
6.612646088134294803e-03
1.162362048217124638e-03
2.624218646697194310e-05
1.158998513559091641e-05
3.618418747834443116e-05
1.345603632848867311e-02
3.953770265751484735e-03
8.242663519922303244e-04
5.994163308875233493e-05
1.716625746018244428e-08
1.388944238612713602e-04
7.946971851846340584e-03
1.378439003884144925e-03
1.642312759174001542e-04
2.340223870233384973e-05
2.624443349334611299e-06
-3.183050155849599698e-19
8.572414642682994649e-19
-1.418865278156943513e-20
-1.035844459586998206e-18
6.008413484525277159e-20
5.344372023516333493e-22
2.102911037953019530e-04
9.666823102310977134e-03
1.747104200548992698e-04
-1.033772917315884238e-05
1.138195267489520932e-05
7.127325143994361385e-06
6.731108023553920719e-04
1.956188442360813629e-02
-6.273689697492650758e-05
1.027967037288317039e-03
5.386908751232268082e-05
1.167269506545864574e-05
1.126739534355111890e-03
1.607699497987188919e-02
1.035884006210716557e-03
3.679333675769844939e-03
1.254169715908627430e-04
4.332508006868307759e-05
1.753208981870478609e-03
1.162948748530721020e-02
1.682206368320716917e-03
3.681057882537130347e-03
2.750809817232114339e-04
1.544627008792316453e-04
3.196387447212659452e-03
7.652254186766854413e-03
5.773353276188005791e-03
2.268961591010299188e-03
3.796492433472599556e-04
3.330633573899032408e-04
6.162348832708153951e-03
7.779594311391811561e-03
1.661358532238087216e-02
9.450566509518995876e-04
3.799497401673504558e-04
4.648357567745023617e-04
1.148289127075439141e-02
1.150444781727095848e-02
4.529512276486544198e-02
4.183353118440799492e-04
4.182619454191378460e-04
5.246428490883448502e-04
2.697103504434515339e-02
3.002197246263895586e-02
7.008160203768576402e-02
5.240821059778448142e-04
4.320266785237573764e-04
3.912801764031485253e-04
4.003764756933592128e-02
7.934229231135045413e-02
4.921594809523188035e-02
5.853893607279530035e-04
3.826937901584017928e-04
2.692040088007314038e-04
3.689640439644543968e-02
9.514193271380283479e-02
2.324046564817099092e-02
7.039133595897246630e-04
2.513985641002977308e-04
1.031887467564261880e-04
1.444130631146879791e-02
2.853676994986204321e-02
3.674103399132049030e-02
3.984296993118758255e-04
7.657491757797059797e-05
1.965473515042699934e-05
5.852344405032980888e-03
1.198726340367739333e-02
1.536721705731692277e-02
3.269412751235067937e-04
2.979643042782315532e-05
2.500842826419991943e-05
1.499180358463444442e-04
4.748112473135413306e-03
2.718518684815186392e-03
1.781870431100817276e-04
3.678399407478303706e-05
5.135573189291476162e-07
5.400114110173456646e-19
5.632904351343692399e-19
-5.311470117752376406e-19
7.247477812097546461e-20
-1.743676497337085531e-20
-2.677587066668032229e-20
1.377813310756049070e-04
7.951178238502294021e-03
1.376836332258009289e-03
1.641153445265585646e-04
2.340638989821076937e-05
2.594380435298585425e-06
5.617576993737432396e-04
2.600161478573367879e-02
8.010118739625641214e-04
1.523089016052092529e-04
5.152423895555838061e-05
2.580854209948575797e-05
1.235104669261228791e-03
3.835982017709401587e-02
-4.489072377496834286e-05
-8.611975944603839482e-06
6.994772272314067846e-05
5.607182579552053941e-05
1.899767975708953859e-03
4.322607485062482380e-02
6.663589948161516893e-05
1.239065459772937519e-03
1.431238150828267452e-04
9.273606825317417754e-05
2.844672781816869837e-03
3.792960924323525440e-02
1.014070306291219980e-03
3.236102828219099455e-03
2.568091717211008675e-04
1.752663253288834196e-04
4.978128864024340856e-03
2.788952457372903884e-02
4.709837784580018713e-03
2.736316362439936492e-03
3.184081750171247668e-04
3.121537333212697201e-04
1.019674234306284892e-02
2.186756542871477402e-02
2.052021795392818329e-02
1.237869761605978319e-03
3.696545162924327649e-04
4.220545531639082284e-04
2.696977108952743757e-02
3.002314921500900957e-02
7.007346879070622259e-02
5.238146479947604394e-04
4.321017616941220572e-04
3.909028316761647233e-04
5.950396350488524472e-02
5.958479774237824406e-02
1.499443341665267770e-01
4.987161448229433108e-04
4.986597000510013637e-04
3.882050023315608079e-04
8.608203981391326920e-02
1.145267870443030106e-01
1.523285623336375627e-01
5.000554256827923014e-04
4.658535690708530083e-04
2.494110476281162958e-04
1.283942012566414159e-01
7.360690926947355273e-02
7.556639578380654199e-02
4.683635423771728115e-04
3.046319757663626523e-04
1.053505035471476360e-04
5.328321988120244407e-02
1.047040927473756183e-01
1.126716198367105071e-01
2.485947046167062756e-04
6.016326478700875227e-05
1.832632512223646921e-05
1.121529714221794830e-02
6.381026636647478371e-03
1.808315006688220039e-02
1.612148325925352179e-04
2.045622248586605313e-05
1.402161454873224429e-05
2.398333757972570613e-18
-1.868461239434078849e-18
1.040662033305281443e-18
-8.321844561979316747e-19
2.470438835168520435e-19
2.387588342854863218e-20
1.474822050186482393e-04
4.751709846108803474e-03
2.718741780842993342e-03
1.787756417225342645e-04
3.673550553962078529e-05
4.933129545522155962e-07
3.517014423010071932e-05
1.346585142249526537e-02
3.954861526429443060e-03
8.208885374914355604e-04
5.999509576264499671e-05
1.589958752008699522e-08
5.233203544087728070e-04
2.218102275222504777e-02
1.631231199120860556e-03
1.358869646554719231e-03
8.723300301273815378e-05
1.622714890443695336e-05
1.315295049110568656e-03
2.994293335037572293e-02
4.941072796219430361e-04
-2.544345660252004485e-04
8.765978233411119867e-05
6.150093538685243741e-05
2.090424005245608216e-03
3.695662249494360840e-02
-2.845993047410177317e-07
3.198495211766595888e-04
1.154400294307198301e-04
1.046412417117871719e-04
3.155810581488000758e-03
4.204965686855098583e-02
2.035094682379147966e-04
1.702772088426969706e-03
1.885650134039166430e-04
1.575294903595013515e-04
5.992979130592860151e-03
4.443879480956599431e-02
3.147159998483341214e-03
2.953955877726421788e-03
2.436542260930709097e-04
1.996171492653701885e-04
1.405415530038696750e-02
4.546765562286542162e-02
1.253889597804732497e-02
1.679644341704893433e-03
3.026676100058011418e-04
2.652532010950469353e-04
4.004294144343070738e-02
7.932824262593438092e-02
4.920755410038220312e-02
5.855123514739032052e-04
3.824795764036281374e-04
2.697370833086172029e-04
8.604787038650496545e-02
1.145153062889979201e-01
1.523280146825589099e-01
4.998427567859809037e-04
4.661487610264753410e-04
2.491156450145513759e-04
1.431813065236709204e-01
1.433004056570074680e-01
3.849952371933691442e-01
4.216739328096450780e-04
4.217929434642489895e-04
2.151988345005990163e-04
3.268467150041025060e-01
2.704462378631398156e-01
3.911601880707658019e-01
3.176922947585490643e-04
2.467690187015245768e-04
9.775191618280175019e-05
2.125473484083728604e-01
4.498631840353816136e-01
6.936435623624399582e-01
6.437317804054172978e-05
2.810135608082766292e-05
9.010260337403195685e-06
-1.121172403029405917e-17
5.621171484402309223e-18
3.057519001010045709e-17
-4.864791509100821734e-19
-1.829337408834699386e-19
1.730744557076649687e-21
1.117379054722469206e-02
6.375535347948547461e-03
1.805238405512973876e-02
1.610529031004698025e-04
2.047079296770562012e-05
1.413320389799838302e-05
5.877053713462481940e-03
1.191219571037640916e-02
1.535098565883184947e-02
3.267442872123978680e-04
2.980000576713820739e-05
2.485268341350344669e-05
1.929919342716581235e-03
1.094987631053696321e-02
6.616648783287665779e-03
1.162106098017701801e-03
2.624595036347886540e-05
1.159640380367478030e-05
3.322061841012335904e-05
1.218512582182435140e-02
3.203040115382222320e-03
2.337937150409193348e-03
3.863139764308347595e-05
-5.979486324919066994e-07
1.691866333742787949e-04
1.391785503644305151e-02
4.985341889402707853e-04
1.280905691584835557e-03
4.607649808954452129e-05
7.573504616439351976e-06
6.718343180126210706e-04
1.728614656608886552e-02
1.956904165989841696e-04
-8.590910143654933919e-05
3.672414424412738065e-05
5.807849497461939906e-05
1.711136552766332961e-03
2.103840134625609495e-02
1.612601105345689222e-04
-5.052607358166519638e-04
7.321980264458303198e-05
5.126445729527385505e-05
4.074635883969317078e-03
2.721741167459100150e-02
1.461363766757854937e-03
3.045232215143670387e-03
1.152060534868383252e-04
5.696539003325107228e-05
1.282765323781068223e-02
5.178814046190911152e-02
7.897165932421538678e-03
2.096857989320937386e-03
1.725022557294648897e-04
8.423985731644457900e-05
3.700494251083604608e-02
9.500787796337351043e-02
2.325395964623533374e-02
7.047416283257164826e-04
2.512740826077016648e-04
1.034169249306133963e-04
1.284675758368559739e-01
7.366271561557317937e-02
7.556872555436988659e-02
4.681311652173220767e-04
3.046897761400326919e-04
1.051666939154876544e-04
3.269461696668929385e-01
2.704749671976047209e-01
3.910444891086080621e-01
3.175784457090986986e-04
2.468894514462139896e-04
9.776576225365572650e-05
1.063792751819160110e+00
1.064691722796629270e+00
1.627553434704513746e+00
1.470084983397911308e-04
1.471126322731549447e-04
5.883112612427406958e-05
2.168652442156918103e-01
4.410397368898181236e-01
6.937787368583173686e-01
5.781221174828979543e-05
2.412084851251109391e-05
7.429992573540407938e-06
-4.409075775826582922e-17
4.354423712528607534e-16
-2.256800583903859138e-16
-6.458668688299846731e-20
-1.008828941146964600e-17
5.817441613363572345e-18
2.748176366826891523e-03
7.172053083557078206e-03
7.948514102417787719e-02
1.168055400412836958e-04
2.333462840057669461e-06
2.019186177692489900e-06
3.498872011666181135e-03
3.137301148221677879e-03
3.006221806916251071e-02
2.915389175459160765e-04
2.887466008238087653e-06
1.627199462412245407e-05
1.438749049956603542e-03
1.124002793612045034e-03
1.237411719290766252e-02
5.416074458105250454e-04
6.792343956395008054e-07
2.062184616418010359e-05
2.363788270184166457e-04
2.636240671913886314e-05
6.083523317068603546e-03
1.835150335455203131e-03
6.898890828246000712e-07
1.312352121467731030e-05
8.993908420635793973e-07
9.815969788450704808e-04
1.784564779270132349e-03
2.815910816986037877e-03
6.761040189682624839e-06
1.729904505831375632e-06
1.666757498709410296e-04
2.419390605751852753e-03
3.365978214426712111e-04
-1.637265981606335168e-04
1.738209014329592146e-05
1.433040915341171223e-07
5.644135759131311408e-04
3.879237215276072799e-03
3.615702860790159681e-05
-6.482556531077679062e-05
2.342404722496235553e-05
7.284434668860747317e-06
1.549138008850816598e-03
5.655990878649768891e-03
1.437500237386652195e-04
1.789719734800119567e-03
1.731983443078987720e-05
2.293800028109912496e-05
4.250987239853648569e-03
1.014010442960615668e-02
3.470687364410158376e-03
3.057465461952396137e-03
4.901261693293144212e-05
3.822799073570571959e-05
1.302257984509293254e-02
2.268763199865992189e-02
8.885504819589327627e-03
1.582777971614109970e-03
8.910979709862219106e-05
6.148990911339486905e-05
2.475018864322308873e-02
5.130069859285497219e-02
2.798388076824298229e-02
5.002870301087039171e-04
1.277237190802407425e-04
6.797577518115210959e-05
6.652878823099379890e-02
7.625645160416179291e-02
7.340023361527828194e-02
3.701939617703191450e-04
1.600890422729417438e-04
4.586247873498859780e-05
1.498186378952373055e-01
2.617021149193231033e-01
3.976685215177316879e-01
1.880895011699827734e-04
1.197106773142202034e-04
2.963401577772060597e-05
-3.587714725595067400e-17
3.505678032989741574e-15
1.063644104001067742e-16
-6.298436314742457228e-20
1.019791303967677619e-18
-5.698059259995427919e-19
2.188786733076706070e-01
4.532213109250552985e-01
7.477135484162469314e-01
5.609844565554994959e-05
2.407456848365746018e-05
7.006966745854318239e-06
1.505755988202028828e-01
2.672282462022772531e-01
3.838057991199995689e-01
1.935542247777145321e-04
1.200546484385400857e-04
2.948861723220411871e-05
6.640416207896412959e-02
7.803187336129804863e-02
7.261247327325666412e-02
3.690392766679180016e-04
1.590325377959875437e-04
4.674274087533081197e-05
2.527453560134352781e-02
5.176154984159287570e-02
2.776671666341421971e-02
4.971455717501847924e-04
1.255061689639562169e-04
7.558351377947652115e-05
1.282608607066478175e-02
2.349493855317146690e-02
8.802043938087556266e-03
1.581832846811936357e-03
9.079265795576908543e-05
6.088222398535839542e-05
4.244856954582784322e-03
1.004414231941596833e-02
3.443336565160533790e-03
3.052539164878427264e-03
5.110744487525482297e-05
3.948525995839205786e-05
1.499718991025275876e-03
5.639629282777904561e-03
1.322867766385795515e-04
1.773483906411555582e-03
1.758417103844705668e-05
2.368296760130922100e-05
5.408239826167311011e-04
3.873268511684810431e-03
3.612694580582031297e-05
-6.947307211712127923e-05
2.343043400616045521e-05
7.211508660273164714e-06
1.603107527220437546e-04
2.355584480033486028e-03
3.336862261445983579e-04
-8.295175770929804108e-05
1.690650973960564180e-05
1.748875977848367652e-07
3.900620917869475021e-07
9.739553328142627839e-04
1.780642082058194039e-03
2.859900813848421236e-03
7.071983248889309649e-06
1.803400868103022011e-06
2.505941295169640819e-04
1.911894700581536172e-05
6.187312058739860565e-03
1.804750617650379557e-03
6.143140806096189593e-07
1.178471286698451051e-05
1.384264165040429524e-03
1.104790780916005714e-03
1.234884401423104461e-02
5.399293698916796504e-04
9.507732566818229183e-07
2.007132255669827838e-05
3.542135218393380712e-03
3.119610824609439417e-03
2.951094597584115464e-02
2.921192729533044624e-04
2.586464267223916344e-06
1.604401614658024886e-05
2.799878256977114069e-03
7.225351789006268823e-03
8.029704713265010951e-02
1.161096206850942731e-04
2.321593749156175107e-06
1.881798379426443051e-06
2.736864884762170089e-03
7.199207110609545830e-03
7.971179244052098434e-02
1.168063211114454234e-04
2.334664691889645685e-06
2.004734037192350342e-06
1.520891801222592488e-01
2.672502556426653575e-01
3.852211688650106214e-01
1.936118989813844784e-04
1.201107372936644624e-04
2.948031935561574939e-05
3.225773449076753674e-01
2.693453282142919680e-01
3.813984215302091973e-01
3.236198529467201770e-04
2.579967043309642398e-04
1.006930361869751487e-04
1.690678997667215133e-01
1.063122987615874454e-01
1.406043000838312351e-01
4.410520505513865815e-04
3.329545205536763876e-04
1.517851314745619887e-04
9.369907774778662990e-02
5.960019827690148791e-02
5.472095722610177682e-02
5.103449011958273050e-04
3.064263625728597530e-04
1.920212741523845336e-04
4.838510548715528603e-02
3.040209119497815776e-02
1.560606130195528116e-02
1.172612219044786176e-03
2.374585541842176291e-04
1.954547636073819322e-04
1.592857112995551758e-02
2.506331346597433229e-02
5.319116259229004183e-03
2.868054048752349903e-03
1.653714872629432502e-04
1.515694574489444453e-04
6.269628347169617887e-03
2.466546652790859231e-02
6.383599360097531221e-04
3.221695056719963909e-03
1.177904876119209695e-04
1.107710205715771570e-04
3.316217212087195672e-03
2.318338907268185575e-02
9.936291145795529548e-05
-7.263806829616850300e-04
1.070107306084475005e-04
8.674002732730250274e-05
1.879322671682247909e-03
2.026734381841795857e-02
3.996017540945170530e-04
-6.188323292265760552e-04
8.529749253916874550e-05
3.956660153375844631e-05
7.962529182592050078e-04
1.566003254989469656e-02
9.279303727065834652e-04
1.858273007962551755e-03
6.511706332991582197e-05
1.433570804385360537e-05
3.646592488139454463e-05
1.008864867369134270e-02
3.754077911834850876e-03
1.652127261078319099e-03
5.298528379784626837e-05
8.657467802216235494e-08
7.095504112369500731e-04
7.327841979470784729e-03
3.736364369858805740e-03
5.887868656449909066e-04
4.151261138341110651e-05
2.573533991722249498e-06
1.966343998513342926e-03
4.245872000962106624e-03
6.332425370517253196e-03
1.541635908585210399e-04
3.439886010795496324e-05
3.679460520256215636e-06
5.620216977679135749e-18
8.075690268772597694e-17
-8.508226376861096925e-18
-3.633532976801868013e-18
-1.686725320884883562e-18
-3.332154611351964908e-20
3.498295639519423319e-03
3.108911606912046887e-03
3.020499776960752086e-02
2.918077499081077179e-04
2.917593183214099615e-06
1.610498447949543305e-05
6.650082034751045312e-02
7.810956831844277637e-02
7.281155250344098495e-02
3.692944357664974223e-04
1.589074335330524902e-04
4.665931839699246177e-05
1.690391692820004121e-01
1.063391831870920679e-01
1.406875263425486355e-01
4.412815763886281974e-04
3.330661375204081731e-04
1.517924202778101253e-04
8.549829343602291520e-02
1.156823654404817575e-01
1.539120148352696449e-01
5.020962332234274938e-04
4.621793304049371417e-04
2.559680403600558189e-04
7.030669992341537222e-02
4.336595457429600481e-02
8.618429136316349548e-02
5.341215670674509704e-04
4.137387969860903251e-04
3.156024577012970069e-04
3.494822574464426929e-02
1.933613952849073947e-02
2.993626366133329830e-02
9.285106568974891075e-04
3.185598785136880629e-04
3.832611723986933320e-04
1.342672802962162695e-02
2.508173737454169258e-02
8.441625715601872373e-03
2.420985721600662968e-03
2.523989409160895948e-04
3.031283645214372883e-04
6.742358995535713273e-03
3.303460193813887585e-02
1.157042213368780379e-03
3.431019214219197498e-03
2.132456653582640179e-04
2.179595512183577063e-04
4.107827396893399749e-03
3.752218692788129861e-02
1.723295186628237996e-04
3.118553793375445997e-04
1.583544668094513999e-04
1.271631717159165938e-04
2.682734717951172024e-03
3.333682798723138635e-02
3.637080482814786497e-05
1.307543217246100761e-04
1.030498966428907359e-04
7.795357666621826687e-05
1.375893191961225989e-03
2.481188773616650398e-02
4.858643381671213352e-04
1.534900312647393826e-04
6.691007862967714550e-05
4.452621179606105654e-05
4.943477924732809147e-04
1.444513114276352837e-02
1.880817213625856493e-03
6.722365448239840972e-04
5.991477349928722029e-05
1.042546979379295283e-05
3.800463970233230174e-05
4.018348248175031452e-03
1.077162953560853757e-03
2.486997912702143478e-04
2.757423457175779075e-05
4.056330344344891709e-08
4.137398627087306822e-18
3.854995224947709268e-18
3.469028143331400006e-18
-7.202416495297609324e-19
-1.603279009152555293e-18
-2.232668900184658315e-19
1.962032492190346478e-03
4.185659639757086277e-03
6.501905512278454563e-03
1.540215637098076007e-04
3.338169802138209359e-05
4.260525725202237744e-06
1.412064048310480166e-03
1.112024502480053311e-03
1.236446244245277722e-02
5.415896875375544308e-04
7.327915946135759476e-07
1.997754994906497121e-05
2.522360349737980817e-02
5.163053445743085584e-02
2.787539766976880953e-02
4.977143595690979245e-04
1.253255450083218627e-04
7.434533965407859237e-05
9.362149388772918190e-02
5.958517139238652532e-02
5.483918881560419928e-02
5.110882095225340168e-04
3.064715357157922569e-04
1.902473862314929922e-04
7.013610705381990995e-02
4.336828350737498283e-02
8.629089053255278863e-02
5.346467033007277180e-04
4.137919214796274077e-04
3.142104815516872404e-04
2.680835200421480963e-02
2.994859497203677598e-02
6.989823980547196780e-02
5.173462183673138313e-04
4.306573600434794396e-04
3.904307643531025542e-04
1.513481780884791406e-02
1.048762809903026200e-02
3.091552482543377320e-02
8.412226632921505649e-04
3.480980444636422137e-04
5.056323906681163462e-04
8.847521984286964986e-03
9.666767383867430619e-03
9.683540032194669703e-03
2.023447216036792888e-03
2.966665857321077902e-04
4.427345071686213020e-04
5.082739113113163981e-03
1.469226671481863554e-02
2.415977154813845045e-03
3.216986888090024501e-03
2.720810333083173937e-04
2.422568219567889205e-04
3.057899574304734618e-03
2.237997606277305346e-02
2.740985680005106838e-04
3.023664943283659642e-03
1.722001878727677016e-04
1.014786526426908871e-04
1.907548797854811094e-03
2.631056748190482505e-02
6.134517717485442128e-05
1.308255500691755772e-03
9.247439797511787659e-05
4.236725003365013207e-05
1.010399276338275762e-03
2.098416808568367986e-02
1.435476806069550717e-04
-5.567495582672870181e-05
3.365502021650030353e-05
2.743421720743526409e-05
2.658643176186647008e-04
7.420841974956069072e-03
4.314160550831779863e-04
3.076052353721256188e-05
1.188025331285927642e-05
8.384193860583594990e-06
5.942905400464288130e-19
-5.113051981550723295e-18
6.307686721287133862e-18
8.080983239218330898e-19
-3.363623292552768625e-18
5.089127221677747755e-19
3.683215609766846463e-05
4.041819843449328924e-03
1.126856062877013790e-03
2.544800674984647334e-04
2.743289341665399266e-05
-2.212387820946882018e-08
7.360552185115267973e-04
7.193856621012558426e-03
3.802124610443657904e-03
5.795053935087827578e-04
4.234512255737677219e-05
2.834536495219691614e-06
2.215978280526029664e-04
3.214258865295783785e-05
6.085060922799662847e-03
1.838244579645215886e-03
6.936262535657881091e-07
1.299592105450362703e-05
1.286129789398787748e-02
2.314564768006768455e-02
8.808881312995583621e-03
1.582865751159530984e-03
9.085236470941755000e-05
6.060649179459146231e-05
4.822959788485784577e-02
3.043520555502064046e-02
1.563849259057462776e-02
1.177853805354680053e-03
2.378642203412773806e-04
1.952256721942928648e-04
3.490026763521331121e-02
1.935655545368403230e-02
2.995227979207603503e-02
9.325908997339514735e-04
3.182615313819704564e-04
3.824265718525318540e-04
1.508555080758315799e-02
1.049004672782499238e-02
3.093335427029130294e-02
8.423956208582803829e-04
3.481675484496211427e-04
5.044127122377406632e-04
6.209394085775601924e-03
7.801350194485914651e-03
1.671316184531194612e-02
9.469193144754485623e-04
3.808806543001118654e-04
4.666281091531623848e-04
4.929643649552769256e-03
3.254051975334390934e-03
8.418479002738472189e-03
1.887906356206132041e-03
3.027405751389442468e-04
5.203658311891115260e-04
2.694493953695775625e-03
2.987945134168396542e-03
4.565055681234143035e-03
3.009262276627815234e-03
2.313466610121151109e-04
2.532076758410403889e-04
1.488469161939183494e-03
4.666137547126630349e-03
2.250101949340838157e-03
4.129884859757093976e-03
1.331102490478900627e-04
5.989981789192771127e-05
8.132866394132796809e-04
7.355387324157891191e-03
8.731528312822260836e-04
2.759181646952618087e-03
5.721683136932597102e-05
1.192229320212108408e-05
2.783610382214960909e-04
4.806493074366961597e-03
-4.595185861682102844e-05
1.794447063667123127e-04
1.198607680959176130e-05
2.393796348444718709e-06
1.670252142219019290e-19
6.676341199796684712e-18
-3.338486166146932457e-18
4.930724402027925877e-18
2.905878519257284997e-20
5.053580796950490030e-19
2.648504951619538796e-04
7.466088167898319444e-03
4.311361142272440239e-04
3.790025896621769839e-05
1.162921800217026067e-05
8.222130638457012376e-06
4.913396062442150188e-04
1.446064018943346748e-02
1.899481266134887738e-03
6.630092308182791976e-04
5.945200017468699893e-05
1.001511539097722802e-05
3.143731250146427828e-05
1.001865069390835486e-02
3.750308264623294138e-03
1.648898552156069118e-03
5.349721259872659352e-05
1.113746124838222666e-07
1.109332594333076418e-06
9.898275449185033135e-04
1.784129080739689857e-03
2.816271245319911486e-03
6.606616168514978010e-06
1.666081820167567190e-06
4.245494350145910360e-03
9.924596818844163421e-03
3.440886440363105127e-03
3.053644293438778808e-03
5.159624620294366460e-05
3.944153755474097905e-05
1.580324931219712764e-02
2.513791605787675520e-02
5.321952261138140211e-03
2.866414682724243747e-03
1.657091396781036326e-04
1.516999333731705135e-04
1.340908908233545693e-02
2.506570024693847987e-02
8.456000400377064810e-03
2.421889054672500020e-03
2.528342000275510672e-04
3.031072468349219106e-04
8.841692703424464464e-03
9.672201757008206183e-03
9.689362725555034431e-03
2.031278679129981495e-03
2.964843016149049429e-04
4.429184734001117446e-04
4.923094532705020107e-03
3.258145898057398029e-03
8.430900317210904965e-03
1.888435957681450792e-03
3.009159394056077881e-04
5.176322453769903941e-04
1.537617881910667127e-03
1.916269574953586435e-03
7.251428749231084159e-03
2.158637245516754205e-03
3.463957972427870796e-04
3.659970503525939063e-04
1.188940581751296533e-03
4.709456518325513255e-04
5.991226232067263513e-03
2.940907015814527188e-03
1.588336355502074210e-04
2.379100456017771328e-04
5.167612529091871040e-04
4.777558597189478424e-04
6.977697338370834543e-03
4.668845075958637410e-03
5.444604031055258486e-05
4.272802149020541617e-05
1.572177993149710055e-04
4.413135986855779274e-04
3.994992605201838458e-03
3.870260763816192086e-03
1.558680052258298862e-05
1.226201106215593652e-07
-3.327502439717210649e-19
-3.083891861201750154e-18
4.757370630377595169e-18
2.256068717419504083e-17
-3.361181691207421748e-20
-1.078771815505414045e-18
2.753648492596367917e-04
4.784036394312148228e-03
-4.748204333950807257e-05
1.726216879921695275e-04
1.155419950856784217e-05
2.391458177373548418e-06
1.020522395278539336e-03
2.102806583844774382e-02
1.138372941964003424e-04
-5.596788980190608098e-05
3.345717380635879266e-05
2.816058438957382947e-05
1.375173760493925579e-03
2.493545517961039820e-02
5.234205338538552464e-04
1.508923055735392552e-04
6.638988101311434087e-05
4.349042342566852935e-05
7.831906597184090397e-04
1.550162565421906932e-02
9.487813022427634725e-04
1.872966425342678827e-03
6.461137402213702817e-05
1.414525084447016925e-05
1.739794963112223944e-04
2.430128564270768714e-03
3.363215778269133187e-04
-1.659528380521251185e-04
1.735199643057985591e-05
1.446139614398301872e-07
1.483959388706746450e-03
5.611899101890018178e-03
1.304445212075206243e-04
1.773952404586933264e-03
1.760019372401809364e-05
2.360952844647815595e-05
6.223136493764182091e-03
2.475445392178641027e-02
6.376141993624608907e-04
3.231314140811260976e-03
1.178069698963342702e-04
1.108115208233130593e-04
6.751726475372487463e-03
3.301553281415116337e-02
1.156054824521766727e-03
3.437442693354038868e-03
2.129147466807665618e-04
2.185298628368809041e-04
5.090183837877173753e-03
1.468945465615371232e-02
2.418952262726000498e-03
3.215793970371947936e-03
2.716746439601253646e-04
2.426413734568706900e-04
2.694007028924457446e-03
2.989129754702877974e-03
4.573413757697943581e-03
3.021673261445182238e-03
2.305917508617075695e-04
2.540518071738579560e-04
1.184810394592530208e-03
4.743334730533427680e-04
5.997801162189248664e-03
2.955023235440198785e-03
1.573397554131005817e-04
2.387268498507783780e-04
2.316488547690517244e-04
2.771866394768612873e-04
1.091250938624617646e-02
5.569092332077268774e-03
7.323320798352231300e-05
6.346533804962989074e-05
2.246670476078503696e-04
-3.161397491227744611e-08
1.557066599908001753e-02
9.050913068261143973e-03
4.595353124821786152e-06
2.981206743323257355e-05
-9.422232576302379377e-19
5.990217084705119416e-19
3.698535410952960940e-17
2.111786304356995010e-16
2.958011403467739556e-20
1.929814838209597550e-18
1.541261002424049880e-04
4.405233127298533629e-04
3.961591131338938407e-03
3.905807536907991012e-03
1.421879645645843454e-05
6.450617572368387249e-07
8.212001933585066265e-04
7.321485307147829712e-03
8.809741415033459045e-04
2.776989931558135859e-03
5.741698321993182980e-05
1.166710359298547961e-05
1.889360755618791580e-03
2.633507624103116271e-02
6.130973251424078454e-05
1.319415268126657810e-03
9.069087835176000551e-05
4.167826552645379374e-05
2.653540840584254785e-03
3.320665748305866305e-02
4.061062363581491758e-05
1.347583889173209959e-04
1.014737526269621454e-04
7.581245634910468946e-05
1.866435386192435292e-03
2.034239202707775404e-02
4.129007127273510492e-04
-6.276505941059728555e-04
8.467481925946501937e-05
3.979336535214607562e-05
5.750257754963884098e-04
3.893669695885559456e-03
3.619080885346796604e-05
-6.460166709737262221e-05
2.342991909688118166e-05
7.292139987739136541e-06
5.302365221875685866e-04
3.866685132876942002e-03
3.595706969412448291e-05
-7.038089724665213935e-05
2.341801278013130478e-05
7.190004829531809876e-06
3.307610777193222430e-03
2.329842021620955050e-02
9.989971947084107207e-05
-7.269629150599823736e-04
1.071136345392734092e-04
8.676206644235818718e-05
4.129325501060788876e-03
3.750842077255511081e-02
1.732218340534079229e-04
3.126470186464821890e-04
1.585748043277589951e-04
1.269995584035783765e-04
3.067602487972614575e-03
2.236208466201293141e-02
2.743065218039192322e-04
3.028284619767621349e-03
1.716794634873057936e-04
1.013265173387147260e-04
1.489531747428987510e-03
4.662612876525369654e-03
2.251662112746340670e-03
4.140720162396311320e-03
1.327516183505727209e-04
6.016194492657194083e-05
5.161030717258190386e-04
4.766629036728989733e-04
6.973826287660136840e-03
4.681896830643466831e-03
5.407454955352815644e-05
4.283492092076146665e-05
2.229957259288795914e-04
2.471878674367361932e-07
1.555791211909411491e-02
9.073150411681074959e-03
4.628659065190384518e-06
2.964220408393082422e-05
3.033979131364977444e-19
-2.475958437960145810e-18
-2.643823719905736797e-17
3.287553807771369877e-17
-1.825710919172741709e-22
-2.092305003588896780e-18
2.188052359400613283e-04
-3.576792488403708569e-07
1.556594565213629405e-02
8.802300505584465667e-03
4.863224017534005636e-06
3.017375729436281570e-05
5.269114305862627416e-04
4.594500444842644984e-04
6.975424020004837231e-03
4.422246010827305535e-03
5.630469272383190472e-05
4.280260703935732654e-05
1.487016627320720836e-03
4.668059840691357251e-03
2.253416188248458761e-03
3.988824900712634874e-03
1.311343991269490290e-04
5.914609396081543899e-05
3.049875285498190695e-03
2.252874426476111219e-02
2.806288544333292623e-04
3.037666029778870840e-03
1.718243455190389987e-04
1.023154672807650382e-04
4.032968395452907889e-03
3.727674603656423724e-02
1.441474639110962655e-04
2.806652876544433800e-04
1.602852238335014852e-04
1.261422858061433320e-04
3.380900128198529100e-03
2.337986169368451439e-02
9.339961921990292413e-05
-6.615917986201845253e-04
1.041575885470063904e-04
8.508738302525503411e-05
1.568978462468991657e-03
5.661627871784583564e-03
1.460988003335986251e-04
1.788367449471648177e-03
1.728008234378583307e-05
2.295357452108230464e-05
1.562974836092575505e-04
2.346256564870979108e-03
3.333887942754434853e-04
-8.405680464271456901e-05
1.693600327369252699e-05
1.725859539454055233e-07
1.883267916486853523e-03
2.035171192936819501e-02
4.002810320753500241e-04
-6.172145286158301890e-04
8.553670051054340043e-05
3.944682546069070144e-05
2.702505147185247508e-03
3.331883038065745761e-02
3.725760392523414812e-05
1.302127670141900017e-04
1.031950585976940295e-04
7.784025013570645935e-05
1.912768091765554160e-03
2.631966776671336439e-02
6.125386271519293565e-05
1.307839394807466978e-03
9.265925035941749140e-05
4.225970112184000487e-05
8.137616256430225004e-04
7.358732956040467919e-03
8.740141958889092576e-04
2.764474496543187915e-03
5.709792988213956974e-05
1.189149451436918841e-05
1.571103852343822276e-04
4.409226005049647688e-04
3.985282933944191662e-03
3.873676172182888983e-03
1.561784373949710262e-05
1.325763716599504523e-07
-8.738818964422582361e-19
5.389521210997377868e-19
-4.214494822112453365e-17
-1.855976082181627080e-16
-1.637174372418021310e-19
-1.455837792817531876e-18
2.171596120034781949e-04
-6.148070050338206218e-08
1.553740172891998096e-02
8.834033750740537261e-03
4.923149144464145151e-06
3.019086530703820849e-05
2.342518056063523429e-04
2.824257184633784112e-04
1.107006279554943219e-02
5.600741368091724862e-03
7.271897497528279032e-05
6.576065226015035813e-05
1.193690038207491063e-03
4.870747395244676972e-04
6.030976524343049407e-03
2.870917060815760587e-03
1.584686788150064174e-04
2.374589509199881399e-04
2.661735574072933430e-03
2.969410376101557902e-03
4.530017708654470940e-03
2.988780201852905393e-03
2.304696351481208029e-04
2.505348488431868316e-04
5.120955734357733428e-03
1.450178901801550506e-02
2.446851734333448103e-03
3.227681914137197402e-03
2.650522211874151678e-04
2.454988556412541112e-04
6.723788244978523218e-03
3.342911606127774854e-02
1.144920449156523615e-03
3.416265444597753071e-03
2.160299137139131125e-04
2.192773684974098946e-04
6.290527243007825418e-03
2.466386735809398406e-02
6.413351303617747991e-04
3.181394413071629568e-03
1.189016219443318973e-04
1.116483562085308104e-04
4.263895728109144342e-03
1.021235660214687979e-02
3.472738347617341115e-03
3.053217546303646848e-03
4.871645084755920892e-05
3.827455392911867897e-05
1.098243877399442448e-07
9.637969783106311271e-04
1.781896286379522137e-03
2.859592069560159492e-03
7.198743084742843881e-06
1.848513421805970744e-06
8.065415042627564713e-04
1.569249359711804084e-02
9.277156068125206592e-04
1.859222832927877930e-03
6.529347687671076782e-05
1.433411759253402122e-05
1.388957655365544077e-03
2.480325585788486012e-02
4.866994801230895571e-04
1.524575020349663542e-04
6.719991251525092070e-05
4.434619593009834999e-05
1.015648459005935762e-03
2.098207074249636844e-02
1.451125516588223853e-04
-5.579744710113865178e-05
3.380564222180441544e-05
2.731666726757937358e-05
2.784384169775144129e-04
4.805271029498401833e-03
-4.546241084346506930e-05
1.766744113985901715e-04
1.196817931291699570e-05
2.392485478956558132e-06
-9.400015999553402602e-19
4.037869330254585941e-19
-1.114276659679590850e-17
-1.557672417762009892e-17
-1.061104960172592418e-20
1.169147115037932375e-18
1.540927554211448693e-04
4.402166809281251930e-04
3.942869055788921114e-03
3.915794298050233151e-03
1.429084969141915889e-05
6.508996176221302138e-07
5.259960901381461164e-04
4.588933337794622795e-04
6.971944219390145692e-03
4.433703485505089033e-03
5.645094811588504731e-05
4.294432014737081338e-05
1.189446214494747087e-03
4.906657136525202634e-04
6.036250564360912986e-03
2.874960724003991931e-03
1.565671570075928608e-04
2.379083441972499387e-04
1.533571903764768601e-03
1.878035714743787931e-03
7.054101033037232793e-03
2.140230127706101680e-03
3.436211292505009902e-04
3.686010153474500125e-04
4.921283045119883778e-03
3.166923352299174082e-03
8.286113304545771746e-03
1.892417495874134476e-03
2.958379128062906980e-04
5.211183006094379433e-04
8.785754878923014016e-03
9.645217887134831941e-03
9.566359728892769032e-03
2.024613595819777824e-03
2.947239745839882086e-04
4.429969775544967403e-04
1.343148646967813956e-02
2.506704760933111883e-02
8.570266959930291500e-03
2.395187204054077899e-03
2.515590293810690244e-04
3.049956933310630429e-04
1.630485923391824035e-02
2.545320209728970176e-02
5.413648005917369097e-03
2.811307198923934918e-03
1.664798506118890335e-04
1.554910579152560658e-04
1.297700215816558790e-02
2.319205696750608475e-02
8.881754113080356228e-03
1.582899811565623323e-03
8.900660145086237529e-05
6.162167291452402764e-05
2.663237659442732890e-04
1.809443896292951576e-05
6.180393015982278172e-03
1.806663252333039031e-03
6.204636694623905811e-07
1.191952314958697688e-05
4.087326239614483080e-05
1.007527553586075146e-02
3.749324233930758504e-03
1.655264065889856329e-03
5.308852233499896772e-05
8.189257089294748592e-08
5.005616379533092729e-04
1.442981349570765168e-02
1.883493906294778347e-03
6.709408664393584892e-04
6.003462561805277339e-05
1.042795162112477779e-05
2.671823331606774628e-04
7.412914166090437025e-03
4.332367691764904961e-04
3.026801750219753221e-05
1.192823473044505396e-05
8.352384898019454571e-06
1.633899523113819890e-18
-1.317234909790660004e-18
2.481513589578714718e-18
-6.595259765018749022e-18
7.093629804527021092e-20
-1.981034182587357794e-18
2.754758104139720014e-04
4.782246464270258936e-03
-4.685960052935109340e-05
1.709577766566622780e-04
1.152491783481583384e-05
2.368104443085605338e-06
8.221552653153856331e-04
7.321593200267534698e-03
8.750788929515922795e-04
2.773029549961327552e-03
5.716748562095185431e-05
1.164093961769381553e-05
1.487971221630620148e-03
4.664768881623987916e-03
2.252143269926536271e-03
3.981341870288375440e-03
1.308228034346910933e-04
5.936089110194459431e-05
2.661573757396444584e-03
2.970980043357810199e-03
4.535799727685890792e-03
2.990449926191190207e-03
2.298893528651379007e-04
2.515246562922513786e-04
4.913586997131700294e-03
3.170408301436978236e-03
8.298144642283584310e-03
1.896782211395448307e-03
2.946237135309173359e-04
5.168408007928047528e-04
6.220285287439611052e-03
7.819057637951787668e-03
1.672707748983516193e-02
9.562144096936450472e-04
3.753547777092802198e-04
4.659428553237573555e-04
1.516223896295605666e-02
1.049007240864894934e-02
3.101125292325652635e-02
8.451230740154873486e-04
3.471852700454128608e-04
4.898963541914224751e-04
3.541514782778165671e-02
1.932670246924163629e-02
2.993705277676342313e-02
9.267441401078359937e-04
3.189020226505623920e-04
3.870583650290872180e-04
4.879896390636617037e-02
3.035474077705502607e-02
1.550018909401957266e-02
1.177986935927854322e-03
2.383194926642459804e-04
1.924438240410256422e-04
2.481026600406177965e-02
5.128778931855611234e-02
2.792853843801646960e-02
4.996559912757905092e-04
1.273309566926495145e-04
6.899602899843603236e-05
1.426982893497176236e-03
1.130770081227331627e-03
1.235627754911106102e-02
5.389865448988562669e-04
8.928407382285311006e-07
2.065763734681949840e-05
6.849321987843848616e-04
7.329748293886097395e-03
3.749226528122226541e-03
5.865790245039487249e-04
4.173081211522397532e-05
2.679355730355685917e-06
3.907730612089163472e-05
4.014048781824310248e-03
1.077790256249417863e-03
2.485473373246271651e-04
2.766699226376426678e-05
4.678348035075745874e-08
6.081981400335825004e-18
7.073196539871449520e-19
-3.347438133071795488e-18
-1.357931925539775925e-18
1.766746348310985427e-18
5.816142962094158264e-19
2.681061119033576715e-04
7.456285129189265184e-03
4.322857767499095898e-04
3.736962816952976707e-05
1.168198748693253653e-05
8.180089413528667425e-06
1.027688526383887992e-03
2.102210250526163546e-02
1.159541706438897875e-04
-5.621972521834421089e-05
3.355290931971423920e-05
2.806283730896819622e-05
1.894309250932751411e-03
2.634440840920389271e-02
6.124769278190217621e-05
1.318515380069991676e-03
9.082333707825634690e-05
4.159285164278721383e-05
3.057633691763516834e-03
2.251172442261727830e-02
2.804777348237562644e-04
3.037510601359763411e-03
1.712874232181648337e-04
1.022797708782199422e-04
5.127290838670124293e-03
1.450933986504645591e-02
2.446127871271576350e-03
3.233534128062866449e-03
2.645164167332338719e-04
2.461558073925490487e-04
8.779953938994784768e-03
9.653240394284253248e-03
9.570600071886337448e-03
2.029491547679583997e-03
2.943988828234833394e-04
4.432078983012394786e-04
1.512218847693442419e-02
1.049054595463458882e-02
3.102397763728072938e-02
8.468938533467200392e-04
3.469347863137901443e-04
4.890261700516587793e-04
2.732223365780574176e-02
2.967388711899217671e-02
7.031821731143821086e-02
5.253605628788656943e-04
4.325416157109951464e-04
3.928441199587715893e-04
7.047074599496772063e-02
4.297473499276521780e-02
8.679549301311391407e-02
5.399012514307086844e-04
4.148711275997325710e-04
3.119169831971330565e-04
9.352274677462671382e-02
5.953337020601821156e-02
5.460201447370535005e-02
5.153076183361457452e-04
3.062966053741450283e-04
1.825504983986552920e-04
6.663557385646531883e-02
7.616874350192438803e-02
7.323254339738001495e-02
3.703076668786252422e-04
1.601051483827417078e-04
4.595855662813534454e-05
3.563959711438401470e-03
3.137782858183537672e-03
2.942251201581231462e-02
2.923927237269317251e-04
2.577565990062694603e-06
1.621445848918429236e-05
1.922405371594008028e-03
4.242924454893874653e-03
6.330220352045785003e-03
1.545663145701605258e-04
3.439864979205893043e-05
3.711218619893236082e-06
5.482016434348481959e-18
-4.620519179854079461e-19
-3.635849357299390240e-18
9.722637595934108433e-19
1.304237205963410443e-18
1.894020583459808022e-19
3.894043576424696901e-05
4.042485082567615247e-03
1.122888031762579383e-03
2.541241249505861140e-04
2.746648837348323612e-05
-3.157577612226030453e-08
5.010372269425290804e-04
1.444743833781089032e-02
1.901729045151456582e-03
6.636874820742104560e-04
5.956198097741727965e-05
9.919718958900351581e-06
1.386168237202518166e-03
2.491977405638818796e-02
5.242168513154282913e-04
1.495928559295755481e-04
6.672055856090669957e-05
4.332870017001322501e-05
2.667464114122713482e-03
3.316745719517920354e-02
4.126166481525653321e-05
1.353049239660752718e-04
1.015509408518238738e-04
7.561565227686113200e-05
4.051647752116572382e-03
3.727087033404619804e-02
1.439804105328274734e-04
2.893621262996998503e-04
1.602676052731956478e-04
1.259666588877777051e-04
6.728477193789130645e-03
3.344175843825204775e-02
1.140814495704018609e-03
3.424640688154368187e-03
2.158092743933900286e-04
2.197438842296276147e-04
1.341055658962383816e-02
2.507114852306934968e-02
8.566286494315743932e-03
2.392978840132506564e-03
2.515893778844013754e-04
3.054437776319816715e-04
3.536409317265436225e-02
1.934740606086490095e-02
2.996092329847570637e-02
9.315404005350744155e-04
3.186614240643443263e-04
3.860302670020412334e-04
7.034105582555011393e-02
4.297825554877576781e-02
8.683247446793171398e-02
5.402404354026841670e-04
4.146008954981492069e-04
3.106912483532406799e-04
8.640312495232886636e-02
1.137411233119810239e-01
1.495039231351903142e-01
5.030506467735081262e-04
4.618374858114883581e-04
2.504086920763911282e-04
1.673187268920419968e-01
1.053508396030007899e-01
1.420196601253845836e-01
4.438384271414436361e-04
3.301934337459057844e-04
1.487195235703947592e-04
1.483821246733011412e-01
2.616716721910835042e-01
3.966056557049250086e-01
1.881236023709787007e-04
1.196644995283267007e-04
2.962621601721664749e-05
2.809486937726152298e-03
7.199983773720335274e-03
8.010558689388859455e-02
1.161860385871317421e-04
2.321201893188177995e-06
1.875653085337737935e-06
-2.114114731348775481e-17
-3.141052332720565884e-17
7.070189694683297943e-18
1.932436995853913733e-18
4.097152821591478711e-19
-4.173015455603965978e-19
1.946648143310401348e-03
4.197191739178044584e-03
6.507539311412816226e-03
1.537294886993677485e-04
3.349753912523457586e-05
4.331512221975753285e-06
7.105329656447093153e-04
7.210998216405591944e-03
3.809912600565438894e-03
5.815309305351223966e-04
4.250584258909549440e-05
2.922208219731974967e-06
3.587846783827604470e-05
1.005898145360848567e-02
3.747975300652943691e-03
1.646138626551891214e-03
5.365010102242432239e-05
1.021126209779896346e-07
7.862762593491736795e-04
1.554914048095741921e-02
9.480502202587797259e-04
1.871818613960560262e-03
6.472793434520570310e-05
1.417279499504391253e-05
1.864445867066402132e-03
2.042107160652123846e-02
4.156020581413929008e-04
-6.272496306986681753e-04
8.483366606161202555e-05
3.960817241196315573e-05
3.370350009796058317e-03
2.343429497412992737e-02
9.396403039288313979e-05
-6.605393512716987124e-04
1.041984467987201810e-04
8.502099968768549263e-05
6.255103453555893936e-03
2.467181069741228999e-02
6.394262060472219412e-04
3.180497132227802070e-03
1.191212108175416601e-04
1.116718882110074245e-04
1.618202835275706075e-02
2.540872405965134001e-02
5.414175871733640372e-03
2.814206904363384613e-03
1.668291501344010437e-04
1.556133083665181950e-04
4.854437125286970023e-02
3.030383293284028695e-02
1.552035560110194209e-02
1.182110109532969388e-03
2.386157364227729327e-04
1.922568693324235359e-04
9.336438097561952643e-02
5.950243094181211639e-02
5.470220695187207050e-02
5.160760332895323417e-04
3.063312071518891938e-04
1.818073602982487854e-04
1.673502284442222598e-01
1.053485259587701867e-01
1.421138265960359692e-01
4.439679028081965008e-04
3.299255325679093789e-04
1.486576164176761086e-04
3.276628437016470552e-01
2.657206600152519638e-01
3.939937331221884387e-01
3.296701751658398473e-04
2.550737901835752855e-04
9.842639489787248172e-05
5.160875826208597555e-02
1.044436503274150801e-01
1.124361217859304596e-01
2.482886867299564210e-04
6.135126887296637446e-05
1.793102098947881305e-05
2.750554063851063866e-03
7.349670229138452991e-03
7.914225095168216095e-02
1.250728127958943350e-04
2.698192714385338469e-06
2.464537010788247668e-06
4.818788722556848435e-17
3.941064056946687399e-18
3.810443872232537391e-17
5.265896062633578971e-20
-3.602200911954663789e-18
1.479335429762854622e-17
2.894669345844115929e-04
1.393739888445333537e-03
8.638238878923900146e-03
1.450156499710966588e-04
-7.292762291282655228e-09
7.027284848128958782e-07
8.766377454662997628e-05
1.194319638730073499e-03
7.846840644238094187e-03
3.385954506038439714e-04
1.781822975172516307e-06
-8.020573225886754014e-08
1.970861024958192422e-05
3.527755241973801672e-06
3.445521501992819709e-03
1.286536902789096317e-03
6.577234108041499486e-06
6.028776084612142716e-07
2.174943532476334167e-04
6.741662700632166045e-04
2.315993371924231995e-03
2.536229815438123796e-03
1.766489548005533387e-05
-1.282946771803141947e-07
5.451204307545207692e-04
3.333275810538026147e-03
3.383616165093801900e-04
1.409888431476853362e-03
4.028202886950719942e-05
2.261630460842713116e-06
1.066464952467961313e-03
6.527793236828934552e-03
1.185033883772419473e-04
1.106722659055824786e-05
6.324797109069510643e-05
6.588329555996629813e-06
2.058356604136902732e-03
9.455135272041632205e-03
2.534675801706088791e-04
2.564445920250619897e-04
1.725166523454443659e-05
7.525246726740345774e-05
4.289127298825852301e-03
1.192066502553206300e-02
1.675802653777127595e-03
3.713513865809393681e-03
3.507566927865274055e-05
8.239436767889867733e-05
1.377479182691847270e-02
1.458425601626382566e-02
5.909506655525932281e-03
2.544278268766503488e-03
7.557657588791242664e-05
1.043115857559329053e-04
2.887537466449431253e-02
1.888596121490515242e-02
1.477514916568155486e-02
9.025544320339696537e-04
1.188609237099788374e-04
1.134420742174003892e-04
4.599430941646517196e-02
4.861671257387985973e-02
4.043965651345984152e-02
4.706465002709176479e-04
1.741732324488427135e-04
8.448627763076428871e-05
6.668562730892041435e-02
7.623813630687796550e-02
7.335616330855737610e-02
3.680220914162910624e-04
1.573881933196386496e-04
4.553791769604808741e-05
2.742994257853506243e-03
7.374312907344937953e-03
7.933519420627559160e-02
1.250435311137425331e-04
2.699133305391060422e-06
2.454308743070159744e-06
-2.079776810051866241e-18
2.158281930312125129e-15
1.133660714086889198e-15
1.663182720263422182e-17
-8.763401748223979266e-18
5.626045194929206577e-20
2.803896104336923815e-03
7.277021567470011790e-03
7.696280003739904008e-02
1.257551252499460395e-04
2.979338617870485815e-06
2.787409945416674733e-06
-5.923637317324583103e-06
4.109406984520084377e-02
4.366828736269118272e-02
2.490364082460645636e-04
5.926173015827115978e-05
1.230653355310796736e-06
5.890889024564794274e-04
3.103358294617531224e-02
2.151623943039387282e-02
3.875372474730202389e-04
5.603809827276027156e-05
1.280779535108349731e-05
2.980774393174100319e-04
1.241609697997744614e-02
6.732360204786818313e-03
1.058379321299964849e-03
2.713476562418036850e-05
2.458378792082791903e-05
9.633938066645069982e-05
5.086420478377284317e-03
4.171727213024514769e-03
2.874610364888913888e-03
4.574785228111082447e-06
2.286698832034441182e-05
3.165337745950554284e-05
1.541458335430612864e-03
7.528045291097583240e-04
3.286796760747876401e-03
3.303612536221072596e-07
1.608553918301202948e-05
6.032616816458961064e-06
1.460223545919548847e-04
2.571404870652257112e-04
-6.324735297985271390e-04
1.927512845586839332e-06
6.795859304067009826e-06
3.099408084254808285e-06
1.439855643105170005e-04
2.548992025031699402e-04
-5.638612509588185329e-04
2.341953774467526620e-06
6.077834901119312995e-06
3.061265801223133628e-05
1.514455767421749467e-03
7.206399769424028665e-04
3.278948558400436412e-03
1.975377702812019860e-07
1.615418121168058079e-05
9.879511858581902623e-05
5.079402194500832329e-03
4.257705647859866098e-03
2.822656474026036949e-03
4.833548118760519361e-06
2.327788777233696796e-05
2.896319840879728867e-04
1.234854412821053196e-02
6.654979889582982901e-03
1.068732567516840785e-03
2.754828781266176608e-05
2.365148607707123361e-05
5.949202152461758935e-04
3.088349783195640588e-02
2.134662333259325015e-02
3.884227118414015001e-04
5.479024681630371188e-05
1.054014797513630048e-05
-3.870699308162108557e-05
4.060352027653107987e-02
4.417868673155774667e-02
2.497949659741879143e-04
5.939488917847113563e-05
1.032436351798570696e-06
3.182734888280352604e-17
4.619936064295308316e-17
7.974478361502527452e-17
5.515844535786466092e-20
3.465823923392484334e-19
-1.361067901343991739e-18
2.787314307175338922e-03
7.303296302693864685e-03
7.753360367823441957e-02
1.257571486983173538e-04
2.987558348069707094e-06
2.780672459017174920e-06
5.238579441950205057e-02
1.077097348034823099e-01
1.116499075994579898e-01
2.446805154552283545e-04
6.212180090539442406e-05
1.840489923091545343e-05
6.699194008115237631e-02
7.842352383672666905e-02
7.366632910243979537e-02
3.728320735038316265e-04
1.586657427674067707e-04
4.591354213467011556e-05
4.591928135087089413e-02
4.896419124978949877e-02
4.100410976392045853e-02
4.640599949452993357e-04
1.741942717800559455e-04
8.911799636258798285e-05
2.982747011929922851e-02
1.894040520629168209e-02
1.486017185590234220e-02
9.027407528778778455e-04
1.159010758384987978e-04
1.148240827858173829e-04
1.362868603247739327e-02
1.447105864906216705e-02
5.918206138877988610e-03
2.609094433094895187e-03
7.534188426511421164e-05
1.046090015466381981e-04
4.306774375626975029e-03
1.219617001784277163e-02
1.708630043873245576e-03
3.698572119331431252e-03
3.495835570662303741e-05
8.277950577063884535e-05
2.090133148286082293e-03
9.633102699231425523e-03
2.462969010296416463e-04
7.630230400600438671e-05
1.662484820136185786e-05
7.463658163492722800e-05
1.086228932175673520e-03
6.597668698048650242e-03
1.080840847634082917e-04
2.356185292542160547e-05
6.503441562844251183e-05
7.033632157554439346e-06
5.389707105597573529e-04
3.432467406748849256e-03
2.948674674132946818e-04
1.386494668634824208e-03
4.191519186627243684e-05
2.475156974470236295e-06
2.207128694160119455e-04
7.161094535622572347e-04
2.293394341562683333e-03
2.550268675738231062e-03
1.827549093396964162e-05
-1.608071026208898589e-07
2.286681048347775642e-05
3.567899841299825866e-06
3.481747350266862270e-03
1.301850764759820154e-03
7.045062277423074279e-06
6.529413290695547712e-07
8.002887170302112668e-05
1.165438744829481923e-03
7.809641464435448412e-03
3.369067222055120714e-04
1.814325373995889424e-06
-5.734733728372184713e-08
2.830938764644205124e-04
1.329778972078404960e-03
8.560710694974556223e-03
1.420805506415234211e-04
-7.885585460479699720e-09
4.322264972515217732e-07
2.950688107844134044e-04
1.373791349597167262e-03
8.640274002731528416e-03
1.450132956703729123e-04
-7.003042995978552645e-09
7.451378090467680841e-07
-2.283527125960602218e-05
4.109262353736222589e-02
4.362130525520743762e-02
2.490311583773033321e-04
5.921374521390581941e-05
1.223993866659779200e-06
6.691061134583826953e-02
7.847521683050208419e-02
7.381763239527636133e-02
3.728255729553406382e-04
1.587629661450760336e-04
4.574010479694569728e-05
1.305423741338246346e-01
7.400433375380983947e-02
7.779914479382121772e-02
4.753840936404357654e-04
2.990607898404775539e-04
1.048557742724348614e-04
9.387445764611980492e-02
5.920126710857832875e-02
5.489725427118761353e-02
5.068968952906452831e-04
3.065166084516560336e-04
1.854821491375895093e-04
6.844287663434302227e-02
1.740784000700942163e-02
2.593945488523939635e-02
8.727975761008943375e-04
2.183669986834110908e-04
2.606028374374991436e-04
3.194103458608352902e-02
1.532783571879970178e-02
9.280238888544232664e-03
2.373618566665190548e-03
1.570200284379163124e-04
2.401837690728630254e-04
1.352791591940332404e-02
1.646974804113197910e-02
3.054457999168244241e-03
3.561264914239923099e-03
1.050519898221312218e-04
1.917962319890531488e-04
7.861472226335562696e-03
1.823139428441849022e-02
3.843287610123571050e-04
2.225931978490187750e-03
1.105719248630657664e-04
1.220757437008752422e-04
5.137374440092697635e-03
1.660799988703590829e-02
1.984937740986715542e-08
1.252055208049172364e-04
1.160466667048425039e-04
4.142404392829034197e-05
3.085355768150334268e-03
1.127478410212139591e-02
2.067491383684195549e-04
-2.588395605390857624e-04
7.439414604261229528e-05
2.800893538639386002e-05
1.524094678185742300e-03
5.652594765150387862e-03
1.073259251106230012e-03
1.444587340618802042e-03
5.188754351225042388e-05
1.519996294783769240e-05
3.623661533676386095e-04
1.935323237405334401e-03
1.631333979521785733e-03
8.997084486913348861e-04
4.040049432330555481e-05
6.334567775704902069e-08
2.001651523769342841e-05
4.197443257541207790e-04
1.032878642795125165e-03
2.002979758829160858e-04
2.466513345426979946e-05
-1.639520088224501061e-07
3.065607879939533343e-18
-7.381052095717996217e-17
1.205224048483224701e-17
-1.986881269112984093e-19
3.874406483343718012e-18
1.711754486292640899e-18
8.737755692433024808e-05
1.187459500189935995e-03
7.839858385901047125e-03
3.391275834751382619e-04
1.760352271855473514e-06
-7.416258894424392897e-08
5.766798015593231196e-04
3.099276178584575714e-02
2.153057546738877323e-02
3.879683582103626675e-04
5.605936611679892585e-05
1.245127177575710463e-05
4.584520262896169679e-02
4.899465182877656838e-02
4.111943792470717368e-02
4.649605804313466971e-04
1.741553273837032653e-04
8.763654586948149217e-05
9.376745726162546979e-02
5.917489201901170864e-02
5.501804435721310144e-02
5.077556157884658252e-04
3.065381584381042415e-04
1.842789045200698332e-04
4.007925023277446319e-02
7.871401496887506233e-02
4.956327684821394686e-02
5.921052428710685224e-04
3.872076300947559203e-04
2.608222750307419052e-04
3.502933531720290455e-02
1.950003997647967169e-02
2.987131976856443813e-02
9.251857419338368766e-04
3.173557182600684058e-04
3.820509423749569216e-04
2.141877527248971236e-02
1.015766238418816698e-02
1.290129916044081664e-02
2.170944285962968755e-03
2.170503260649491199e-04
3.624315451628912568e-04
1.567879045938949320e-02
9.826618657135934715e-03
4.267980605386374054e-03
3.504679227676684924e-03
1.521566195726502897e-04
2.881841724509818028e-04
1.043809170411833312e-02
1.418615070116930992e-02
7.782307411477980622e-04
3.618597909341558522e-03
1.399375415841727708e-04
1.469387413064012415e-04
6.942992559356339285e-03
1.634706730055589252e-02
3.728568479817974336e-05
9.932676267464587028e-04
1.187939225218672052e-04
6.123546668821265733e-05
4.281781704693724509e-03
1.300117246987612767e-02
-3.146453151769137361e-05
-5.391347412492435636e-05
5.801299150374965405e-05
3.744188680833560989e-05
2.045875107222908020e-03
6.211809351004816786e-03
3.860446681270261900e-04
1.655034404147512762e-04
2.451615752629093833e-05
2.724479547518968140e-05
4.181981344042706955e-04
1.220215110263281983e-03
3.080319998940849076e-04
1.868983798872200547e-04
1.425542904096693662e-05
2.691271396726747035e-06
6.829610507381023015e-18
1.044378299582942033e-18
4.525536826335427117e-18
7.995334490115659372e-18
-1.601883500569672060e-18
-1.011990364862730388e-18
1.679538678570035901e-05
4.231450358203166446e-04
1.017158882157766751e-03
2.000368407383877969e-04
2.404233855243467386e-05
-1.668161531752134789e-07
2.024138163097721465e-05
3.279419067138874146e-06
3.463892722713788654e-03
1.286684083958041652e-03
6.469647580053701124e-06
5.890035374035928948e-07
3.021784087045936663e-04
1.241881032913680870e-02
6.737581976617892758e-03
1.061138666866578333e-03
2.737214190955241576e-05
2.438637897193372597e-05
2.962955874321026792e-02
1.893030543652331893e-02
1.494031569977707224e-02
9.082496065261030753e-04
1.164752876927593845e-04
1.139110068871760788e-04
6.852518661348065698e-02
1.744892291456989070e-02
2.602547425947838999e-02
8.792281301238343613e-04
2.184386867559687956e-04
2.579303002657425733e-04
3.497657152923288465e-02
1.952014326372927475e-02
2.985811009478851058e-02
9.298635383856939480e-04
3.173486425438754315e-04
3.809477068497260730e-04
1.023312052711715034e-02
2.175937855367550411e-02
2.043432108831641503e-02
1.182335774007271106e-03
3.623746179034505167e-04
4.289084790258706537e-04
8.815999194520670115e-03
9.672753270191047567e-03
9.769273938294471826e-03
2.037855894285917763e-03
2.939307647412982001e-04
4.476503160766032163e-04
1.051913274578259588e-02
3.591224636098710229e-03
3.544604753397807492e-03
3.282090888596407054e-03
1.818085648841833931e-04
2.989431885884239848e-04
7.939586008108599074e-03
3.738181061617924447e-03
1.346186374879299345e-03
3.988236020216808300e-03
1.223873907227016760e-04
1.504076152620603733e-04
5.029935303427276495e-03
6.018649043334407291e-03
7.882052438918953335e-04
2.655318258626173690e-03
8.372901489076766638e-05
3.850074363174505620e-05
2.641126715873276607e-03
5.993764960672673739e-03
2.424354415631302837e-05
5.682210697482941017e-04
3.133070538765743044e-05
1.287327486418423595e-05
7.492809955068463999e-04
2.223193918868774516e-03
5.607922372139386439e-05
-9.005480656519951102e-07
2.134071105303548374e-06
1.233930513056220154e-05
2.221539929122751839e-18
4.066965466768610941e-19
-2.275894805529683869e-18
-1.606878407681676707e-17
7.374995875396617480e-18
-3.645887176955203629e-19
4.282091941440222351e-04
1.211440162275423393e-03
3.048891713039752647e-04
1.805406059954034915e-04
1.436445762852578246e-05
3.096977199652038484e-06
3.773529617484782349e-04
1.938101386631702798e-03
1.666269273989887806e-03
9.235685428688347829e-04
3.970541817015062685e-05
1.045941815605395094e-07
2.195921461731696318e-04
6.921726256528068109e-04
2.315226307499042811e-03
2.537882973511967639e-03
1.735779282787875728e-05
-9.726099312019551141e-08
9.767838659889021180e-05
5.103071368618573855e-03
4.172459171336821357e-03
2.877340533528820448e-03
4.593874161284496285e-06
2.281541580617923648e-05
1.359308561512571900e-02
1.451736711028097163e-02
5.921962217113115046e-03
2.610073429323699935e-03
7.550351086024803722e-05
1.046480339681605647e-04
3.190550287020172543e-02
1.530980186735805305e-02
9.288214487984343404e-03
2.373799359480227925e-03
1.579131651675794602e-04
2.408499366830545358e-04
2.140991290561285176e-02
1.015800389777638847e-02
1.286420250589527178e-02
2.176941561843733376e-03
2.175746553300129667e-04
3.638137727545389549e-04
8.807534308128620384e-03
9.680124059256211069e-03
9.772131725009887068e-03
2.045627506906963836e-03
2.938806174695027186e-04
4.477610168774531275e-04
3.210609876479092982e-03
7.645955747303962054e-03
5.829747165929739273e-03
2.277363886202429712e-03
3.789182153011281151e-04
3.370211690987159436e-04
2.664531211462586521e-03
2.957687753516635449e-03
4.444601297703963325e-03
3.023027603722661018e-03
2.325214839993526323e-04
2.582538427530757215e-04
4.385158552840434133e-03
2.727705401077682758e-04
2.706390618976501489e-03
3.999139483535646931e-03
6.475811049498701299e-05
1.368229826454879408e-04
2.576167244096962128e-03
4.073040667365771363e-04
2.749183996664063875e-03
4.059802571752035849e-03
3.527537168565679775e-05
2.173204061848272344e-05
7.439936609171184274e-04
6.104237434400192020e-04
4.552888705634611992e-04
8.710803616242198148e-04
8.818465481323868100e-06
1.471551711585316579e-06
1.591346543518991141e-20
3.220365730146335064e-18
-1.160170622111197614e-17
-7.352875289664541585e-18
8.345032181111432415e-20
1.966314636346533185e-20
7.581283632657197539e-04
2.232225128015079881e-03
5.065271969895144465e-05
-2.825120851876298146e-06
2.181414772184445444e-06
1.226404240400017692e-05
2.019796083605241137e-03
6.204841496920152598e-03
3.786119867965768494e-04
1.861594851344732069e-04
2.411649532543784586e-05
2.680241162949209053e-05
1.531974727035715451e-03
5.648454684150987400e-03
1.068250251997296049e-03
1.426419490581825114e-03
5.184987330561954930e-05
1.440923698259922471e-05
5.457277663982521270e-04
3.389972193991586894e-03
3.367245550909385432e-04
1.413294651595030154e-03
4.016825067407695383e-05
2.283162603824019893e-06
3.124492586213393672e-05
1.571382235681181893e-03
7.525787878203279123e-04
3.295689752959078418e-03
3.308322052960518951e-07
1.594891232574896476e-05
4.298273465199910735e-03
1.216264277154134425e-02
1.706263757950699129e-03
3.706891842633424326e-03
3.491152687236477928e-05
8.270891357684426941e-05
1.351637825247189659e-02
1.646285790042152988e-02
3.050830598949971686e-03
3.572303586323208498e-03
1.048889957559192508e-04
1.922503729780674687e-04
1.567780662104155745e-02
9.816910669830869463e-03
4.260487314262851287e-03
3.511707836152394048e-03
1.518293542221568412e-04
2.891055249020563407e-04
1.052082604274474920e-02
3.597590325415668706e-03
3.543689850480876737e-03
3.280939259831089447e-03
1.814822375320578876e-04
3.001712397708873993e-04
2.664206129903479159e-03
2.959474188871219144e-03
4.453227166073591217e-03
3.038728999792362703e-03
2.318242017488899686e-04
2.590345369594322135e-04
7.391545133377816837e-04
1.737620933632632193e-03
4.471831873908357902e-03
3.668068819177684910e-03
1.959541947499736901e-04
1.131620932595877135e-04
5.359108865122655168e-04
4.582784515745939131e-04
6.991641013046540239e-03
4.605271284585718897e-03
5.340400505902890546e-05
4.172201998834627613e-05
1.618973523319314428e-03
2.112682843063522480e-04
8.094560220236315939e-03
6.309543901347012575e-03
1.690082919908719502e-06
1.865549974921819080e-05
-9.727052554769566596e-19
1.542487014431514487e-18
-3.422277011005972128e-17
-4.559161431135381070e-18
-8.069060004184324995e-20
-8.512493620855729629e-19
7.507223822933693780e-04
6.111140785813618534e-04
4.482016933406680415e-04
8.783810455455219081e-04
9.789164557185339581e-06
1.466388981552953060e-06
2.643692396087692596e-03
5.940558853459267964e-03
2.297140956824046838e-05
5.306016761204558575e-04
3.000181639530219755e-05
1.347912518042774117e-05
4.301498808964829106e-03
1.302957388755444749e-02
-4.173467161502487612e-05
-5.862564987581619469e-05
5.912479432824845245e-05
3.578067557699940552e-05
3.075375812139190517e-03
1.126525124658323516e-02
1.964038399480358443e-04
-2.207647267407422404e-04
7.321395176215626148e-05
2.916667260243112973e-05
1.066455503622427622e-03
6.572333529973284523e-03
1.174965228017573718e-04
1.088412990123898405e-05
6.330926478356544817e-05
6.659425231941310971e-06
5.897830291064905986e-06
1.590745178742544817e-04
2.567280163565500246e-04
-6.326300057099388348e-04
1.948176575602881294e-06
6.773033802705096273e-06
2.084554335125009955e-03
9.649714832792505304e-03
2.457585721769096941e-04
7.737105496215879511e-05
1.656414044394530127e-05
7.462488935436384417e-05
7.854675058512807645e-03
1.821493601249710853e-02
3.837578503705529236e-04
2.227536400092408435e-03
1.103632096496473742e-04
1.219879019973525648e-04
1.044448261950001004e-02
1.416958728213105895e-02
7.795595491726233731e-04
3.629055504696889270e-03
1.393404559560740350e-04
1.472154620644169399e-04
7.946161626125844077e-03
3.738925870726502766e-03
1.344022526966934337e-03
3.999329936602981188e-03
1.217162994319189823e-04
1.510767384018804811e-04
4.384387402722542820e-03
2.743917843342359828e-04
2.709714874356891796e-03
4.035517092414477730e-03
6.376760440531347818e-05
1.374717026810337063e-04
5.352033174632098459e-04
4.576183961245859546e-04
6.986398641334391410e-03
4.619058542829419106e-03
5.315140305951118868e-05
4.181638640051403018e-05
5.614429701418946435e-05
1.460820577458669955e-04
1.178262902475573325e-02
7.536533470328751413e-03
9.229766281630338306e-06
6.499980969768182143e-06
-8.803615851113911410e-20
-4.180014473465918457e-18
-4.373632956029091559e-18
4.134884910824381935e-17
-6.402306888113346349e-21
-2.838462531975703500e-18
1.577059865615307093e-03
2.159834122695841350e-04
8.045711374931896823e-03
6.264744928928571259e-03
1.790086854932620525e-06
1.934552268010401036e-05
2.606795821151362477e-03
3.997066360494916110e-04
2.704517494361813237e-03
4.100950523030060142e-03
3.588619386466230116e-05
1.936796746909475201e-05
5.034448303127683072e-03
6.001326540820910160e-03
8.014364697005115466e-04
2.716122685370531229e-03
8.442174199040834801e-05
3.913349910035345957e-05
6.942411361201731614e-03
1.633029318073615788e-02
2.050298768262043134e-05
9.356419708834528117e-04
1.175951058257305857e-04
6.056025992043244979e-05
5.089199569397825744e-03
1.644586244050506504e-02
1.980211693893181150e-08
1.119285014394053821e-04
1.155186702269007400e-04
4.164777817705308562e-05
2.054783814549805774e-03
9.476594487915239104e-03
2.538558677348865368e-04
2.519321106996030347e-04
1.729529374933919721e-05
7.529445739286110906e-05
3.402124652046361145e-06
1.322220736380605021e-04
2.551306480245195754e-04
-5.612677288439455424e-04
2.327022765917298790e-06
6.091038005273673284e-06
1.079730792694535329e-03
6.587555692596424803e-03
1.089197583507643517e-04
2.429345723220615032e-05
6.495731669622478157e-05
6.980454142248052968e-06
5.143903012013302696e-03
1.657448434508606780e-02
1.876206060824800547e-08
1.251319449020537147e-04
1.161836910220053729e-04
4.125304374151819248e-05
6.954830389061435365e-03
1.634163834800745133e-02
3.642477988515066979e-05
9.915515224223866216e-04
1.189162609650334213e-04
6.101785542011748043e-05
5.034867409283880386e-03
6.010994653480471531e-03
7.835206598797661787e-04
2.664859203366190966e-03
8.381817509627237719e-05
3.850967959569254656e-05
2.577389988666132278e-03
4.070991868066463370e-04
2.744666820661023719e-03
4.099810481981694746e-03
3.524283866504425737e-05
2.178455607714448899e-05
1.613005166378705989e-03
2.109008223446655382e-04
8.089147281529785252e-03
6.338379398497747709e-03
1.712305799769846930e-06
1.871378535687106000e-05
-1.654308480382895438e-19
-4.226701331108610383e-18
2.094540214305241102e-17
-5.130181263126888598e-17
2.974638138329488275e-19
-1.040181020027102898e-18
5.284727133909039451e-05
1.371979869511509944e-04
1.133313706113510920e-02
7.773074446082751943e-03
1.067462428185318127e-05
6.399612689459103156e-06
5.106000750667628613e-04
4.636671465610321544e-04
6.961036003749488006e-03
4.341530337322190708e-03
5.353365401050658271e-05
4.183371182760483280e-05
4.421456560371715867e-03
2.823133626155150538e-04
2.808949644715515604e-03
3.798063518280737298e-03
6.197655985949190069e-05
1.304894270937985228e-04
7.937790567974641401e-03
3.720757091486210418e-03
1.387486973667072590e-03
3.882993034949106491e-03
1.201724187197014497e-04
1.512783972205526987e-04
1.034012833896020764e-02
1.417699769684739770e-02
7.622789182519263415e-04
3.534974579144456973e-03
1.398167371687681574e-04
1.466256520737627697e-04
7.708386073363514279e-03
1.787297301018287571e-02
3.623752323959459785e-04
2.256167284763317855e-03
1.108570252953736644e-04
1.166155375045121388e-04
4.286766579978796773e-03
1.200375161084474632e-02
1.678515077756794925e-03
3.709701889445013012e-03
3.512856549121744405e-05
8.233561670072636455e-05
3.127816604183298043e-05
1.499487051284827165e-03
7.213190557613899682e-04
3.277457836941578655e-03
2.015706661964732410e-07
1.622782883617075324e-05
5.347062351334017083e-04
3.401996248589976308e-03
2.969106909430543461e-04
1.379508507336509818e-03
4.207876192895691785e-05
2.429323617502666822e-06
3.094364557779318015e-03
1.124955136163290938e-02
2.115012915342048242e-04
-2.582930072133047573e-04
7.464872482423704229e-05
2.776289597649699784e-05
4.295044671638196913e-03
1.299827923214762898e-02
-3.045511557783887356e-05
-5.417514158814903756e-05
5.830661642202208950e-05
3.710490818095620860e-05
2.644504596132407539e-03
5.990360018416446448e-03
2.415397839939758583e-05
5.665872922402087185e-04
3.132328781112723743e-05
1.280373688624172212e-05
7.458484278405311425e-04
6.088831648377114646e-04
4.495958463526686204e-04
8.693453274793304288e-04
8.787916800905030271e-06
1.486167693581077382e-06
-1.925406029576844672e-18
1.937292107112720606e-18
8.041048290089898479e-17
3.025681728983394311e-17
-1.783465644309531223e-19
1.350417693750589155e-18
1.572963330265613391e-03
2.154657937759830381e-04
8.024036488617198801e-03
6.303408238348825847e-03
1.815065394120558445e-06
1.950916347765059827e-05
5.096198947325452158e-04
4.632362278357093455e-04
6.954850773014401889e-03
4.360472023487491251e-03
5.332260643991456369e-05
4.192455907604384946e-05
7.134059545439163123e-04
1.763334584076212824e-03
4.520157975188006209e-03
3.755792632058795912e-03
1.878706069408074563e-04
1.092260130940374789e-04
2.706618983349718538e-03
3.024786650754964466e-03
4.563080675618461958e-03
2.971879542823381050e-03
2.241247038877357744e-04
2.565209666337117580e-04
1.055225006042284641e-02
3.593607298389606824e-03
3.653610689131719415e-03
3.215629615429883500e-03
1.823756487772454696e-04
3.012102359050845813e-04
1.552519960563577932e-02
9.611372313211123675e-03
4.218056492420321942e-03
3.446285090851947380e-03
1.534152270330697604e-04
2.907566472786673843e-04
1.346845255889838125e-02
1.682771789656948430e-02
3.055103449948094827e-03
3.544605710346954586e-03
1.045903169410776170e-04
1.919296125345551669e-04
1.377653075958965717e-02
1.457469930065343269e-02
5.906692988275282635e-03
2.543144346990637832e-03
7.540789030643307389e-05
1.041813646213492922e-04
9.975060319095990682e-05
5.089837575297823970e-03
4.257514764252861086e-03
2.822134314577606599e-03
4.797796940129885255e-06
2.337055027002312880e-05
2.172529718415579659e-04
7.043901642921147942e-04
2.295203284551063701e-03
2.551206551808671546e-03
1.859520994056948007e-05
-1.813261227489468341e-07
1.533796729384919464e-03
5.634731880748532727e-03
1.068375438986297063e-03
1.440434832584461212e-03
5.205179820058961591e-05
1.506902680998471583e-05
2.056714143032762569e-03
6.206724556984139635e-03
3.894083570273918589e-04
1.657307750337366791e-04
2.459138489099772410e-05
2.711749417485431851e-05
7.527935251174974187e-04
2.221370102740201184e-03
5.733924428085367743e-05
-9.421648608523027244e-07
2.172585789962024207e-06
1.219737860777571563e-05
9.764266186590456578e-20
1.899610444692519900e-18
1.688536160943074840e-17
3.830323404693840257e-18
2.626757974216812949e-20
-4.636526944464206767e-18
7.511598895743874012e-04
6.097972454565154946e-04
4.420835590075100564e-04
8.792495819652366594e-04
9.753315220140303397e-06
1.459588419280253548e-06
2.609014596504135360e-03
3.999577743825241346e-04
2.699322355775144247e-03
4.134571324213966517e-03
3.570512291698842757e-05
1.938734654438740675e-05
4.419577627753399664e-03
2.837624458584291271e-04
2.807383173450403446e-03
3.835686966509032573e-03
6.107648738112978100e-05
1.313316752976568169e-04
2.707265002425730555e-03
3.027014442091093081e-03
4.567276076276305906e-03
2.971657206324259705e-03
2.229839371698763735e-04
2.573212099405014237e-04
3.196984831493848538e-03
7.677479235159817908e-03
5.807738769093561196e-03
2.249446141169924706e-03
3.822627049882690092e-04
3.394437593510969036e-04
8.842998377386959707e-03
9.616598680802869448e-03
9.719380602760008259e-03
1.989595081637519046e-03
2.994948684623379895e-04
4.512280808478198366e-04
2.144745012266715406e-02
1.006507055870192562e-02
1.274623689921217801e-02
2.174579337249634304e-03
2.176853952503728367e-04
3.665213207280652234e-04
3.191222100266039030e-02
1.523646095130660495e-02
9.159837394423284498e-03
2.369625637985393451e-03
1.580815372877549972e-04
2.425372521816076534e-04
2.895824977716351945e-02
1.888913085275776768e-02
1.470661464837491952e-02
8.992403011928553139e-04
1.184943952141975576e-04
1.144570417265686305e-04
2.921456857519602103e-04
1.234936117317282818e-02
6.640787722574620355e-03
1.066249110847462735e-03
2.738083524750965393e-05
2.393607946550065300e-05
2.222774092862840362e-05
3.862271756740991932e-06
3.463378671314722591e-03
1.296936416584386397e-03
7.165660839732887412e-06
6.673463297125894175e-07
3.681023716443785005e-04
1.926779109601493237e-03
1.624916523398177784e-03
8.982545850882794978e-04
4.056084126959450550e-05
3.811211048406056831e-08
4.216546168399095394e-04
1.215818698679634784e-03
3.050229763797131992e-04
1.872926412404145899e-04
1.430346313903521174e-05
2.688557409939008820e-06
1.114730329296978925e-17
-1.466148717583621287e-18
7.306783198288430848e-19
1.604711213237225449e-17
5.165180750704755569e-19
-1.554498858384396675e-19
7.618242148441842481e-04
2.230525231934600561e-03
5.187015063223691155e-05
-2.110071889952297455e-06
2.217497590778601040e-06
1.196769129018656679e-05
2.648077200202991754e-03
5.937523930048584260e-03
2.276256683434505935e-05
5.294252716596612720e-04
3.001168653995918152e-05
1.331404434447885721e-05
5.038848420909713618e-03
5.995196394276753118e-03
7.991527856466505144e-04
2.728001988372414591e-03
8.456732636732326811e-05
3.908285317489324493e-05
7.945770695334702580e-03
3.722459111703515372e-03
1.378172052932665186e-03
3.889072733515170407e-03
1.194307336796479596e-04
1.518718774409923513e-04
1.055452359454483666e-02
3.601779389874859658e-03
3.649749995132092924e-03
3.208375303309412164e-03
1.819376867443042354e-04
3.022654289016175845e-04
8.842766637066198573e-03
9.627085630063795044e-03
9.721497980576518372e-03
1.996407520886103737e-03
2.994278242234466058e-04
4.508025776661826679e-04
1.013399032856240889e-02
2.194668237095245139e-02
2.038090262435329064e-02
1.245637815230271487e-03
3.626670665001140116e-04
4.271235511314733680e-04
3.514654851721263351e-02
1.935340641022127370e-02
2.973596037331205713e-02
9.416477915599206832e-04
3.129150352055794812e-04
3.799846041457744092e-04
6.761321716608853505e-02
1.746904070786829688e-02
2.584837203659709828e-02
8.734369640439942689e-04
2.189767629969178835e-04
2.634208761505572112e-04
4.598125556153190296e-02
4.859847080037977413e-02
4.028159013028238811e-02
4.700167689339361304e-04
1.743163929361007199e-04
8.549090895547295141e-05
6.071033096334145073e-04
3.093459620953934591e-02
2.126445277896797659e-02
3.883537627694212202e-04
5.485512375087183676e-05
1.068889833692813906e-05
8.050522555323066346e-05
1.172757849559474819e-03
7.803234357853770960e-03
3.375968520040391091e-04
1.816997601290478949e-06
-5.858087126801941802e-08
1.858566941336637870e-05
4.164685080560669682e-04
1.035942508769017783e-03
2.002365058493183370e-04
2.467875302880468322e-05
-1.800863099813412422e-07
2.228259365479289807e-17
-2.296717290229769089e-18
-3.369019217585083603e-19
-6.248813917680626894e-18
7.839397483624543494e-19
-1.026636152607907693e-18
4.317583483199673470e-04
1.209753355263029108e-03
3.018063066702045337e-04
1.793670866713066526e-04
1.438285785869213539e-05
2.964441193439029221e-06
2.029853623879980529e-03
6.198770687630050270e-03
3.798434935951522070e-04
1.841813624230770677e-04
2.429137553408960214e-05
2.675975045097309140e-05
4.315938683050159902e-03
1.303124943352367872e-02
-3.967998374283831283e-05
-5.892413660546312056e-05
5.936777099109060086e-05
3.543639598904249800e-05
6.958576237583007258e-03
1.632834630646842408e-02
2.003381674411991965e-05
9.384662088717291538e-04
1.174581982762856346e-04
6.032612886079160317e-05
1.034768950245512631e-02
1.416154087031039864e-02
7.626152715504724454e-04
3.539690314414957895e-03
1.392629677118589651e-04
1.468248360844312235e-04
1.551595162146268692e-02
9.602542245314323044e-03
4.211350411228665692e-03
3.456494788088828631e-03
1.532073801235714122e-04
2.916647493089038969e-04
2.143018285273956894e-02
1.005741280073503725e-02
1.272268749998056551e-02
2.180047005219289905e-03
2.180505999867122916e-04
3.672402667050303623e-04
3.509172606684303475e-02
1.938575771221124830e-02
2.978165421221689452e-02
9.461334447470170356e-04
3.127071456780626166e-04
3.790907775300410613e-04
3.993616744821975456e-02
7.869921556705071486e-02
4.852123859395221506e-02
5.922710784529686308e-04
3.867151003332014773e-04
2.525225216424327869e-04
9.411267641762276204e-02
5.952663689910426409e-02
5.452544503729150893e-02
5.195729859676028557e-04
3.069962639174247791e-04
1.783835844056427236e-04
6.655745564851980878e-02
7.617792395795397464e-02
7.320579311965012825e-02
3.678830620220716161e-04
1.573703432490148701e-04
4.550456323346425920e-05
-2.831406127412242042e-05
4.062521607395320339e-02
4.406790538582409933e-02
2.497839375859708336e-04
5.951486489599601529e-05
1.031209856798261784e-06
2.790973284257343228e-04
1.345286931935281340e-03
8.568914889820073919e-03
1.422459212551865752e-04
-8.008847018072395860e-09
4.268764469325761747e-07
-2.003013023147035807e-18
-4.889213606229578771e-17
-4.393682167597095310e-19
-1.394851614205157185e-18
-1.301745727291032985e-18
2.814757900917297226e-18
1.582290220552594394e-05
4.213128231230539502e-04
1.017799414310877277e-03
2.000197565426849004e-04
2.415419355264847680e-05
-1.788062302346046282e-07
3.808099744993870750e-04
1.931645144341001671e-03
1.650023304357781193e-03
9.213405287782205216e-04
3.979848657420815834e-05
5.412178503096249608e-08
1.535767301926044444e-03
5.627806303717433969e-03
1.065282819094884662e-03
1.427772566900565232e-03
5.197998976071870796e-05
1.419255714848805981e-05
3.080231879824469905e-03
1.124621580160940076e-02
1.980711269635456828e-04
-2.205772273109200723e-04
7.353825527293676744e-05
2.892069006847168544e-05
5.091049545537325652e-03
1.643197435959368319e-02
1.897960026093306884e-08
1.121652197038143397e-04
1.156112922391023309e-04
4.150900587060387401e-05
7.700493486411511858e-03
1.787159212599848807e-02
3.617944139898866146e-04
2.262787453761055251e-03
1.107542991626534075e-04
1.164978896857118816e-04
1.344124417937996550e-02
1.682807633892629412e-02
3.050405850981816654e-03
3.553240541971721886e-03
1.044688990665496600e-04
1.923118883203201574e-04
3.185245317479781790e-02
1.523256073854748448e-02
9.168846194017107529e-03
2.369929219159073053e-03
1.585548850950660189e-04
2.431512234358783775e-04
6.758198734110973382e-02
1.749239630709287577e-02
2.591951612777730618e-02
8.784286211417633491e-04
2.187698420548321988e-04
2.594811261145617645e-04
9.394469364929775024e-02
5.950507255874874779e-02
5.463376981781951219e-02
5.203010273203706069e-04
3.068198504374830267e-04
1.772542361861439736e-04
1.273648862314120944e-01
7.362842583100620564e-02
7.388886960534632453e-02
4.771586505318206194e-04
2.964793481415655893e-04
1.038004525911421919e-04
1.458045858729385344e-02
2.862637404743881286e-02
3.687360220060043742e-02
4.040857627857034613e-04
7.326572251363606199e-05
1.854940036483970512e-05
3.519458332836128064e-03
3.073594953094188880e-03
3.015391555017155750e-02
2.960937177751793935e-04
2.337064447648379080e-06
1.529898276300642286e-05
2.632550479825115182e-04
1.377676745308793835e-03
8.837782727558609469e-03
1.395887033797263226e-04
-1.339834703273928259e-08
8.847655567770609059e-07
-6.604666622363201910e-18
2.525443702227400734e-19
-2.332687280881970249e-17
3.753862825253603392e-19
2.423024562720526701e-17
-3.430121564341160137e-17
6.892946502618489927e-06
1.646516032990281942e-03
7.922434186963655395e-04
1.780054018934714788e-04
1.640467679479158038e-06
1.528610936829477441e-05
1.070219078916834405e-04
1.813187785404229025e-03
8.221052275663877753e-04
7.761525916344710202e-04
8.481575855260679904e-06
-2.713913395354193141e-06
2.749015062979246219e-04
5.611667148883588922e-04
8.720181409064551355e-04
2.085516007647017500e-03
2.338380737381714455e-05
6.694656371828379653e-07
5.138002077011560994e-04
2.093545142233079251e-04
4.194900121259727624e-04
2.192224480680670610e-03
4.720588757184905875e-05
8.137869145224029872e-06
9.508666523731444100e-04
3.511995233822330816e-03
1.365209134535301017e-04
2.687190342498096398e-04
7.837419725024352875e-05
6.996208665471213342e-06
1.741045426771920847e-03
8.708065120136491977e-03
1.338209280451563917e-04
1.720310079060535042e-04
9.248259914324831986e-05
7.880324797707877950e-06
3.216516666840588384e-03
1.286387472235756002e-02
5.840317416291038784e-04
3.700038362655337296e-03
9.546862244770567754e-06
1.133381605284836856e-04
6.688576688115450801e-03
1.467829030416629640e-02
3.601619106324466940e-03
3.851639460081002393e-03
2.994426592063049300e-05
1.302792937024139694e-04
1.919795673319927426e-02
1.500953404908866515e-02
6.601208459908414206e-03
2.392172935893809634e-03
7.483017966591026901e-05
1.378040612651537818e-04
2.914662991050327029e-02
1.889503078720632112e-02
1.477316147766051004e-02
9.111857020650033665e-04
1.171224799815084449e-04
1.149651344378487737e-04
2.475938946770136692e-02
5.117221652554090894e-02
2.797688276992082654e-02
5.024486365643173824e-04
1.253604486110377822e-04
6.700454838459855204e-05
3.513638218683735968e-03
3.047476740038807929e-03
3.021284306786164303e-02
2.959906191416251660e-04
2.324520967718492600e-06
1.526707771800831677e-05
1.151660540775843906e-02
6.564242132577394022e-03
1.810239304601291704e-02
1.528511039027824459e-04
2.235222806965734936e-05
1.319083812068346685e-05
3.676197717738593422e-17
-1.441495386480922066e-16
-8.593451980043102007e-17
4.786970488662231247e-18
-1.012509792010493093e-18
2.578697512419972141e-18
2.883152355772090327e-04
1.417810196189706658e-03
8.904897199131353927e-03
1.452825851759663000e-04
-3.084709116810753035e-09
8.050987633813149519e-07
2.727242540082191482e-04
1.463513896172846315e-02
7.938032875180507306e-03
2.889714357839826388e-04
1.288646192248661443e-05
4.361904359176214133e-06
5.893994644400536080e-05
8.940392694649195934e-03
3.166352587453023174e-03
7.729700699787020804e-04
3.424050434182828619e-06
-5.238847768151824925e-06
-3.016976263608816422e-06
5.325580284020192678e-03
2.072413928378382363e-03
2.419718527728272062e-03
-1.941749162597753068e-06
7.204481051297325496e-07
-1.189562860203200966e-05
1.171235151940344058e-03
1.066291507535976164e-03
3.509209207312063896e-03
6.563895347980583060e-06
2.295165580270096081e-06
-4.108510976582702480e-06
4.811721864497929898e-05
2.142428565052383017e-04
5.064791643633333824e-04
2.536380956637908062e-05
1.941270776917760861e-06
1.304050584297507864e-06
2.017537798894296873e-03
1.512205073489346288e-05
4.799030099815488747e-05
1.900851897549242779e-05
-1.048055907053881544e-07
6.469382422469707793e-05
5.704247990518997516e-03
1.689595453402983026e-04
2.416284657586514634e-03
-3.973037281966648336e-06
3.630887774322619086e-05
2.547596887589390069e-04
1.026724899593095194e-02
2.680893190143966709e-03
3.809354767914407882e-03
-2.471232608394583381e-06
4.485502995019706348e-05
9.608323160624301397e-04
1.381429365182711318e-02
3.505378479456297113e-03
2.398851360849557288e-03
1.752688589445963876e-05
4.320589397993843399e-05
2.028185177259643219e-03
1.525334430027509673e-02
9.050789688444940001e-03
7.851302973324302556e-04
3.793942948669480175e-05
3.364771291063990309e-05
6.018953655224933185e-04
3.083690934759891408e-02
2.149655920985108284e-02
3.878677210884609334e-04
5.469229873606714460e-05
1.022766148129183404e-05
2.669036001403256482e-04
1.359378856443893297e-03
8.833497456342468204e-03
1.395147473403061554e-04
-1.394723548994411721e-08
8.946583843441816802e-07
-1.187479806499050481e-17
-2.442973088761763170e-16
-6.207601928082713290e-17
7.118278445031792136e-18
-2.784651951690547428e-18
-2.512049625869479217e-18
1.120238873191911448e-02
6.606565713822736170e-03
1.823644766330214176e-02
1.581904866440318226e-04
2.165761719803099451e-05
1.313265392767462607e-05
3.694339233195861102e-03
3.167074687441294618e-03
3.100859231582162728e-02
3.007397045889493681e-04
2.654925970643706245e-06
1.639160769088064793e-05
6.120783512624316343e-04
3.088907906583067756e-02
2.165529542298346918e-02
3.853098715847950799e-04
5.353504480523958465e-05
1.179150666975626155e-05
2.164573841426959289e-03
1.516523582509552576e-02
9.250464500113931079e-03
7.741350171842140268e-04
3.835783577044664356e-05
3.406965015502270283e-05
9.388458643370619933e-04
1.387793964867733119e-02
3.484110264755718115e-03
2.419544239108896346e-03
1.770081793291643145e-05
4.192068740926104914e-05
2.582047906016722875e-04
1.000383895831980126e-02
2.682934938691635806e-03
3.802348449158150442e-03
-2.532174533541011300e-06
4.417166145403291850e-05
7.030676248936290932e-05
5.826341594033013389e-03
2.083604004607491874e-04
2.368708679036275744e-03
-4.240795513573710072e-06
3.714177896799683869e-05
1.279791932569891146e-06
2.020876305896783607e-03
2.057966557779070742e-05
4.239881599289532663e-05
1.886518129133249794e-05
-9.386725314717071128e-08
-3.936352274777076923e-06
4.828374695275835192e-05
2.175588388548696202e-04
3.588316886753624988e-04
2.544067272125549885e-05
2.498261669886162532e-06
-1.117909540903397281e-05
1.208324775336316621e-03
1.040339102257268125e-03
3.497860062611115716e-03
8.571378879807303651e-06
2.354504850222369109e-06
-3.146543148790464376e-06
5.333069339318919494e-03
2.097162920476259521e-03
2.375892334927436154e-03
-2.143593320739015937e-06
7.644025802455137481e-07
6.257373248012201969e-05
8.941493939109711880e-03
3.160186080896479777e-03
7.796461641418199777e-04
3.554923806049198434e-06
-4.841954593118076718e-06
3.010273785937247191e-04
1.448227028828667946e-02
7.856076341810588545e-03
2.933218206129233497e-04
1.284290814076030840e-05
4.611515859132697720e-06
-2.611877116599988890e-18
1.448515486395230813e-17
-4.906612782765618352e-17
3.127672455583503900e-19
-2.386918305039936171e-18
3.175576215095175150e-18
2.935274223598161990e-04
1.395640977006580531e-03
8.843142955075176947e-03
1.452145201723979760e-04
-2.504407762640262896e-09
8.349373486503956240e-07
3.669288438180408340e-03
3.138164272007706434e-03
3.114419326384491871e-02
3.007988923661350489e-04
2.689474510760287360e-06
1.613094401127799504e-05
1.496442600463866734e-02
2.889925555414938479e-02
3.634805967953345235e-02
3.960793114685303568e-04
7.794952020101925940e-05
2.038805260986289281e-05
2.498390267630224218e-02
5.179613658888525957e-02
2.733374268383128095e-02
5.048472929767310914e-04
1.287400313213838993e-04
7.002903036408891844e-05
2.960609206854381351e-02
1.899135019499706423e-02
1.459500989818505665e-02
8.921959600142562738e-04
1.198482472095682271e-04
1.145753408382229948e-04
1.897754684632010219e-02
1.511861777446363297e-02
6.500982276191856479e-03
2.388120149525828437e-03
7.351142995987082918e-05
1.339451835889092447e-04
6.735647383155911501e-03
1.498013964243669928e-02
3.532525808260689616e-03
3.871724761480104665e-03
3.014300125270574272e-05
1.286333958989164465e-04
3.202849915903668247e-03
1.265755455919231713e-02
6.066349857428169007e-04
3.777952165801403209e-03
9.254887849416939657e-06
1.120148946008038923e-04
1.788224437927591259e-03
8.594544141600324316e-03
1.419041753035340744e-04
1.954318582018622289e-04
9.589517625239045201e-05
7.986077756178805968e-06
9.619292782073143215e-04
3.478433113187184844e-03
1.135315272556179308e-04
3.435165544963647674e-04
7.777047140441357422e-05
7.250025320621255879e-06
5.190354118724281379e-04
2.160556064933147346e-04
3.939548018438730542e-04
2.177491903117226551e-03
4.684758778033446230e-05
8.279828308346487824e-06
2.679347545533043869e-04
5.487564472270716354e-04
8.716943499588321017e-04
2.057351656119435490e-03
2.266341763574247293e-05
-3.318936208482319673e-07
1.000450782966605997e-04
1.811454758298258272e-03
8.576218276698128204e-04
7.825834417547106094e-04
8.983498053367655576e-06
-3.740914484712494964e-06
7.247305041168424899e-06
1.640546549327704740e-03
8.302524063793190493e-04
1.771873669665563543e-04
1.619833189524648337e-06
1.603321378422806288e-05
6.787767560393960637e-06
1.638710187680131021e-03
7.921513206385527627e-04
1.780296771115490802e-04
1.635801960382669355e-06
1.545189604721273823e-05
2.831567060153900419e-04
1.462158474701134685e-02
7.911092913955116226e-03
2.889825162423130230e-04
1.282997078523204318e-05
4.661353995164209242e-06
6.024313725553651988e-04
3.085355903340793876e-02
2.168652197632006326e-02
3.856538845967864078e-04
5.352226186381451391e-05
1.150672488451051813e-05
2.492352957242952374e-02
5.173501480260325747e-02
2.735214770454896457e-02
5.059662762434170846e-04
1.289788039658325714e-04
6.911567833325456191e-05
3.684309139691822887e-02
9.601048916129899247e-02
2.351703172938340858e-02
7.083802574668151110e-04
2.512721262024138376e-04
1.054555655964612803e-04
4.894856156497134902e-02
3.039579661679587055e-02
1.566924906345310703e-02
1.134000626371652705e-03
2.371886538710675811e-04
1.950221229400748047e-04
3.123538020061732146e-02
1.514333925386445769e-02
9.319773358003472299e-03
2.369397014116871817e-03
1.566681517755574794e-04
2.364068265051958123e-04
1.692779855691501148e-02
1.152499222515068929e-02
4.987578559605050123e-03
3.785590240944948157e-03
8.291770184533268451e-05
2.294997784669521479e-04
1.286022536158749376e-02
1.024501222558222950e-02
1.141546713359298509e-03
4.510262502199543361e-03
5.300820932698607454e-05
1.724567681898136573e-04
8.794310339790533879e-03
7.378433563372829504e-03
3.184846712601376527e-04
1.506911251672212902e-03
1.340904843290418637e-04
2.814694689682557474e-05
6.062921705905781507e-03
3.161323066306692513e-03
-2.567189130037618512e-05
2.142386075849807923e-05
9.041461479884306594e-05
2.885651554023831338e-05
4.087797978248985942e-03
2.158767380268255436e-04
9.163465229535153287e-05
4.634955566423187932e-04
4.078316422532485958e-05
2.957926046904749349e-05
2.341195324170556192e-03
3.405326410743980464e-04
2.533616703391348567e-04
8.165586043139008926e-04
2.227560097068358326e-05
8.359532946047381374e-06
6.459227948436750905e-04
5.999926908767135155e-04
1.100028142055435983e-04
3.103885289666145257e-04
1.200371757639082287e-05
2.834999993460946690e-06
-8.559567574717696692e-19
-3.328070500496282285e-18
5.165809590765321051e-18
-2.327322454532449549e-18
2.159596175131833400e-18
-4.523698572320937398e-18
1.075549521237915458e-04
1.806600338274640290e-03
8.275323720118788395e-04
7.768167599334880420e-04
8.448910266539406974e-06
-2.235040669290145021e-06
6.178876250262725341e-05
8.923672781345905192e-03
3.169507835372470644e-03
7.745074679196376237e-04
3.403908887758974427e-06
-5.069577205999603833e-06
2.162612093308439055e-03
1.518068385997792605e-02
9.289921050450641524e-03
7.773235631232016177e-04
3.834679885563851542e-05
3.316025455642036368e-05
2.951801191451972409e-02
1.900526648821543318e-02
1.466317569076637690e-02
8.965228282300441920e-04
1.205582872962485249e-04
1.139071591357552110e-04
4.871514224630287687e-02
3.040082687943555795e-02
1.568885236480898129e-02
1.137312234940483432e-03
2.381637429750290238e-04
1.949844392911694827e-04
1.420914574176726508e-02
4.511321528516984425e-02
1.249248426498851712e-02
1.598864629267781950e-03
3.025387516112894651e-04
2.591791538948022902e-04
1.334604934483587038e-02
2.494374449477528358e-02
8.552604881383717855e-03
2.449841198939868396e-03
2.519060976690710020e-04
3.042418618815562669e-04
1.574692679897497088e-02
9.734099072683717949e-03
4.196960579899983515e-03
3.524155507654461606e-03
1.531474586155555145e-04
2.962658594352272326e-04
1.608461678582768367e-02
4.639035415214385998e-03
1.308945086322600487e-03
4.320770470806695532e-03
7.517985224843112151e-05
2.051263539594437601e-04
1.349260876104498193e-02
2.162991032510162923e-03
5.334621305992005716e-04
2.957077294834055837e-03
1.154346764787946049e-04
4.127441667525681652e-05
9.998773929991029361e-03
5.195883130909391065e-04
2.289745795276756381e-04
-7.375085548767233723e-05
5.062328496912816232e-05
2.911616267547465379e-05
6.194346593844253165e-03
2.054922023189526716e-05
-7.592966564967920880e-06
5.017222589026394582e-05
4.105944068782853392e-06
3.231244998960232763e-05
2.152906584008016863e-03
3.131692293295540138e-04
3.107023239180906272e-05
8.126085490889640582e-05
-8.238466036166900238e-06
1.045367253232779779e-05
-5.053263096059064981e-19
-8.623891059414592662e-18
-4.610207820526716596e-19
-3.020371769988258967e-18
-1.816499197462759176e-18
1.853958910785682884e-18
6.504549247171648911e-04
6.087203928291072281e-04
1.084020344496729692e-04
3.103534253017325539e-04
1.213449178694486111e-05
2.737075516104111925e-06
2.754006985961018916e-04
5.500493162184847112e-04
8.700072748290037456e-04
2.093509043525598832e-03
2.333746704411999244e-05
8.740320871258712654e-07
-3.166113080577233123e-06
5.301909977436287773e-03
2.086441679245954264e-03
2.423538001870749470e-03
-2.033697781985600765e-06
7.131349309905530158e-07
9.400535300928606047e-04
1.386695548243546856e-02
3.486629858991870893e-03
2.421268006575443606e-03
1.792158078104484883e-05
4.198278666474532006e-05
1.886078896310175099e-02
1.509469796724352206e-02
6.533653684701686351e-03
2.389686459593445139e-03
7.403660946284537875e-05
1.344921365530465929e-04
3.116598669501198168e-02
1.513619929090785285e-02
9.333055377293692639e-03
2.370773710249670773e-03
1.574777434407144774e-04
2.373177246912227666e-04
1.332089910687702695e-02
2.493357579847545885e-02
8.557827476661578753e-03
2.450611715415140866e-03
2.525122178074837298e-04
3.048045802803226443e-04
5.034364767845092570e-03
2.814214848184334525e-02
4.455312221272405247e-03
2.682160421055194022e-03
3.179141406339374169e-04
3.128268244029658047e-04
5.075816958113810000e-03
1.470606216361001507e-02
2.450723588586456621e-03
3.283363992848438960e-03
2.653179396010066945e-04
2.473239818802796955e-04
7.919223684411313621e-03
3.706775124594791342e-03
1.334358225837978858e-03
3.994596342857385275e-03
1.198284413225167715e-04
1.526073539898313959e-04
1.162334534021647325e-02
1.012679315263695411e-04
1.127144208131871175e-03
3.492612759669888600e-03
7.573751830752520526e-05
3.378373725218713396e-05
9.219705896985969790e-03
3.163186656047347429e-04
6.237190712524228083e-04
7.495764273691780857e-04
1.762644536160882529e-05
1.629906994499885658e-05
3.322996993729470175e-03
3.935515794040986607e-04
-1.921883541360709153e-05
6.972154523301316281e-05
-2.058073205202740656e-06
1.326341882804524346e-05
4.506754203639423603e-18
2.302385389178143921e-17
2.527641173972804785e-18
1.204690749417284974e-17
6.917962243125353650e-17
-1.129856731071766029e-16
2.170024216316500301e-03
3.098691619559847533e-04
3.121213719370957078e-05
8.088775729923026949e-05
-7.673576536069315362e-06
1.042496407542494070e-05
2.320501104042000263e-03
3.443299959403567584e-04
2.436536463543493897e-04
7.846221486999506922e-04
2.234263551221064294e-05
7.736119111474869443e-06
5.126716870331724570e-04
2.134839567835711152e-04
4.192518670152375871e-04
2.201711916564109191e-03
4.723707548925068272e-05
8.246536558066337502e-06
-1.228763356404257282e-05
1.163175645771517006e-03
1.067052770514810350e-03
3.516542389608855700e-03
6.525724279667894508e-06
2.229800809099080506e-06
2.583941140527189900e-04
1.002643461239048281e-02
2.680879569581148900e-03
3.812708264353005354e-03
-2.528070836687320723e-06
4.422316631268915208e-05
6.709657051122475124e-03
1.496874783833696161e-02
3.530046910044827915e-03
3.888381411380875327e-03
3.007722791740478110e-05
1.291522230523228136e-04
1.689554010361643197e-02
1.158931215625230195e-02
4.993110204103241509e-03
3.793286967642687645e-03
8.284593742866004423e-05
2.302124631729063711e-04
1.574007321903578629e-02
9.728393364658445910e-03
4.187077081236434233e-03
3.532391123447061777e-03
1.528684206453624693e-04
2.969189694134846723e-04
5.080237433676536123e-03
1.471180051559587212e-02
2.449279957594010983e-03
3.285293621137439120e-03
2.649091764585454422e-04
2.481511646870702991e-04
1.771115661439742793e-03
1.155174064492920163e-02
1.641096906845773695e-03
3.526413440399590871e-03
2.721800462878033017e-04
1.576557532085522313e-04
1.503044394936736130e-03
4.673300957323423682e-03
2.177489664253156720e-03
4.220756064845390329e-03
1.295836175409149254e-04
5.909781190089478844e-05
2.591071280379384553e-03
3.969046428053161438e-04
2.733815948494690458e-03
3.965871513093439417e-03
3.548129103282401475e-05
2.025077186736704718e-05
6.815701376588213269e-03
2.278334358484027100e-03
2.728171419562029371e-03
2.098793612478141828e-03
2.617492653935293208e-06
-1.142757957687258549e-06
-1.410908791996435385e-18
-2.871442967074382839e-19
-2.401258926305122361e-18
1.055370553704606900e-17
1.257185213766757173e-18
-3.165760066540421224e-18
3.343023857745078611e-03
3.952227551947476978e-04
-2.515664786993917208e-05
6.193144793439121245e-05
-1.946061876452757400e-06
1.327246083713612212e-05
6.182657542922190969e-03
2.132951167234642850e-05
-1.041504498641800710e-05
2.576791184742505692e-05
4.006988876016915898e-06
3.114465433073283117e-05
4.038211548200538667e-03
2.148095922545254746e-04
8.368573292919774347e-05
4.811014013637746815e-04
4.015219092797074434e-05
2.964214604206041491e-05
9.498048970454041600e-04
3.513180934418505107e-03
1.348693679185608780e-04
2.721507976244594024e-04
7.829772333993510833e-05
7.137605455587142967e-06
-3.986278172552135327e-06
4.730908338743853935e-05
2.131802460650437632e-04
5.101622534915215956e-04
2.547155148323058320e-05
1.925893183788271308e-06
6.978840912272457977e-05
5.819572824627652040e-03
2.082366454495746639e-04
2.374022343146157694e-03
-4.189046217997750054e-06
3.703918357393482349e-05
3.187212845064740438e-03
1.267564134353870234e-02
6.066457732702851009e-04
3.789624652204468067e-03
9.198695872998215593e-06
1.121041322986592471e-04
1.284183685897979064e-02
1.024878283580352850e-02
1.143462671898310898e-03
4.528473294221900189e-03
5.294328970314616118e-05
1.726296032554940779e-04
1.608197210448265163e-02
4.642984417818339996e-03
1.310165498678937624e-03
4.354634492777793853e-03
7.491367385989738568e-05
2.058851228201394464e-04
7.923236279024326381e-03
3.711119265863530112e-03
1.329411746763474586e-03
4.004161254642331531e-03
1.190345926029906580e-04
1.531553924463876495e-04
1.505109680351599194e-03
4.667475654395881156e-03
2.176647417154709517e-03
4.228748551226740524e-03
1.292424251505920119e-04
5.938029045866706425e-05
3.800687313284228496e-04
2.280266564792168740e-03
3.348519382243467235e-03
4.698498075967213160e-03
6.825206209074812099e-05
1.010993150448346301e-05
1.541208184555746031e-04
4.474696393181112897e-04
4.034438174610644086e-03
3.811217449149319290e-03
1.403957309435303595e-05
-6.314916126425967508e-07
-8.590346448737747687e-19
-1.163359390874296050e-18
2.014107254704306776e-18
-7.397288853115848860e-18
-1.278649577768656516e-18
-3.917906595307900114e-18
6.794004889002988601e-03
2.280633288847400651e-03
2.751114503598228039e-03
2.265487114902998630e-03
2.741729053135907052e-06
-6.447729874512842304e-07
9.263716358877314982e-03
3.117226596562077583e-04
6.363012906016697135e-04
7.378425765077723485e-04
1.745025152619409268e-05
1.646644180781317465e-05
1.003131759144568029e-02
5.140990383866813783e-04
2.197767540199835540e-04
-7.236445882454805776e-05
5.056859972836300071e-05
3.298480796262031906e-05
6.018862790852627133e-03
3.164852018613425154e-03
-2.323501870339826988e-05
1.994282889304404950e-05
8.791386991430221061e-05
2.730284799881526538e-05
1.747905927731640109e-03
8.684292755242911319e-03
1.333100023131648330e-04
1.729823217874475638e-04
9.248717841188897884e-05
7.917846662657532082e-06
1.300101363034639435e-06
2.024456060885852348e-03
1.558397119727026600e-05
4.800209424983901800e-05
1.907537713712442311e-05
-1.073855972112323883e-07
1.277744125069444353e-06
2.023071067575313818e-03
2.012677571749259037e-05
4.333307696533165022e-05
1.882223624949895118e-05
-9.123711435177840941e-08
1.783059010127336719e-03
8.612087007838997721e-03
1.421678287650890633e-04
1.978857320813394720e-04
9.588970783262986037e-05
7.914397878601431630e-06
8.785120812280240027e-03
7.389109933003773674e-03
3.155048821584746665e-04
1.514439054839548720e-03
1.341970359123340767e-04
2.787614472150955864e-05
1.348929795236657875e-02
2.163166620237571593e-03
5.272877735922311621e-04
2.993023146683555531e-03
1.158857493668321562e-04
4.102244652231791478e-05
1.162500179136065522e-02
1.013414648577093505e-04
1.114896437659546394e-03
3.550149283271775234e-03
7.587609224139254670e-05
3.360621697635268669e-05
2.591714067376798322e-03
3.971420477754841576e-04
2.728811373687384679e-03
4.006062960084794990e-03
3.550034833853417393e-05
2.031314733786865478e-05
1.542068175815884700e-04
4.474793804133094985e-04
4.031240348478629804e-03
3.819959615119172119e-03
1.409929583245558850e-05
-6.653494330060996630e-07
-2.572356687278442405e-20
-1.058119603578042186e-17
-3.430113972255933499e-17
-2.600963449338270498e-17
1.172511617230614994e-20
-3.326280614922221619e-18
1.587422789478125135e-04
4.311181035267283969e-04
4.037105463193958917e-03
3.722805647623048542e-03
1.490318716049106386e-05
6.277186973594380046e-07
2.584136117063228367e-03
4.034450362421464881e-04
2.706358413536667437e-03
4.049811749211657506e-03
3.507923728741649602e-05
2.026479357780293581e-05
1.160843960099858067e-02
1.034855621748928084e-04
1.056906170559395418e-03
3.591650369604700195e-03
7.876136638212972703e-05
3.535788518501330841e-05
1.360416569914334878e-02
2.157396856166377604e-03
5.553296596662034117e-04
2.880950764785708031e-03
1.139533306632114639e-04
4.229928607734792327e-05
8.804427674374254442e-03
7.317559719472462899e-03
3.040227058391913322e-04
1.441821356977729309e-03
1.348689068659707018e-04
2.834534777389701539e-05
3.225935683916125642e-03
1.284657346614962760e-02
5.911262848372116291e-04
3.690422873181773474e-03
9.599655656307213601e-06
1.131564279358697900e-04
6.410827820145764255e-05
5.716543063494902190e-03
1.688560516882922343e-04
2.401250947313433599e-03
-4.009158855604128479e-06
3.640134723156413226e-05
-3.775493470323963767e-06
4.919150596594670864e-05
2.206396331355163314e-04
3.582324870733491506e-04
2.533607455870243237e-05
2.535543890460416492e-06
9.594338035995391128e-04
3.472795358616450213e-03
1.139834702639921449e-04
3.397169125003131557e-04
7.785489257804588858e-05
7.111533614902282976e-06
6.059186143004646578e-03
3.158855037801944644e-03
-2.550793995974039147e-05
2.138973092980169828e-05
9.065753349144825264e-05
2.852392163349275358e-05
9.997624417398411067e-03
5.190608444099947339e-04
2.283694389728500081e-04
-7.252226967417251360e-05
5.057761996674197953e-05
2.868794323462812759e-05
9.228411721682776639e-03
3.177070952983957202e-04
6.180580142583382139e-04
7.585181842400170321e-04
1.757133470714235788e-05
1.602996989114274622e-05
6.815414278100187517e-03
2.282005424631961682e-03
2.716907995409613853e-03
2.150787967080148091e-03
2.601536148826173322e-06
-1.298231766491470273e-06
1.234531179494046104e-18
-7.224511755145248960e-19
3.148557084264481683e-17
5.280427418009241706e-17
2.162849039697784663e-18
-3.896275968171928425e-18
1.587378456818524489e-04
4.309700474527749202e-04
4.017774707313952198e-03
3.736889037609458265e-03
1.499346690747312721e-05
6.437206955120228168e-07
3.776881494529527191e-04
2.248489496555079823e-03
3.292474371629882778e-03
4.858665988678662236e-03
6.793283652066413889e-05
8.651979557623510887e-06
1.494123646523366506e-03
4.707444576413608549e-03
2.258371641644622754e-03
3.925061806862451506e-03
1.264408014779898673e-04
5.968381247789156279e-05
7.918180974084094992e-03
3.750896929957517768e-03
1.280367779601942818e-03
3.867267412041968441e-03
1.202447353647353144e-04
1.512744615143759392e-04
1.605710612917658764e-02
4.648082073878099379e-03
1.293080739608534410e-03
4.280947246352384897e-03
7.622881301432913432e-05
2.056088980223406265e-04
1.265376314193648877e-02
1.020105160186297703e-02
1.143318072727217633e-03
4.367619659751026916e-03
5.550971285350515409e-05
1.708799497151283189e-04
6.706199709396697128e-03
1.466970323963540275e-02
3.609195325961909312e-03
3.836849057756229302e-03
2.999213225320518988e-05
1.299116918874288027e-04
2.549681100512051846e-04
1.026625456484358927e-02
2.688373706069900008e-03
3.802565191473563939e-03
-2.471998089648109334e-06
4.480130338118117978e-05
-1.026966201880479245e-05
1.213709391530953807e-03
1.036787680516422028e-03
3.490980239461104022e-03
8.648481525851174173e-06
2.383155034452937791e-06
5.182493343697926278e-04
2.123390066111903289e-04
3.973245192432120184e-04
2.170748765000969378e-03
4.694124263061926015e-05
8.222404545458708268e-06
4.089762870085714673e-03
2.144726305490541620e-04
9.376519945544400361e-05
4.566526186184835783e-04
4.060321776335716208e-05
2.927310229909332537e-05
6.205091720362165136e-03
2.076357833859509709e-05
-7.305126149109797110e-06
4.888501908926394610e-05
4.132494945825710176e-06
3.175969419832729999e-05
3.330019990106415726e-03
3.924793480034362292e-04
-1.782958988670000443e-05
6.994645652040892977e-05
-2.066184441406241243e-06
1.313952069928076004e-05
-4.581462152927439470e-18
-3.400704948439835340e-18
1.677772326029942760e-17
-3.035588883566441724e-17
1.283974733110804465e-19
-1.704503063087128804e-18
6.794195149293677516e-03
2.283855962248314015e-03
2.730531326590845530e-03
2.304111094835015888e-03
2.724198718480443345e-06
-7.625998120840039292e-07
2.585912804321108087e-03
4.029209117724903786e-04
2.701928300912935337e-03
4.086574471566717902e-03
3.498273990341513263e-05
2.030729443437883239e-05
1.495037131543531768e-03
4.705002460279237263e-03
2.256856074371947629e-03
3.927482857478421102e-03
1.261261606820834750e-04
5.988249746613572222e-05
1.785094629646392624e-03
1.166935086759915245e-02
1.679137574281058722e-03
3.596509327923577953e-03
2.715733084885955592e-04
1.586867447866365302e-04
5.140245441952561237e-03
1.449481489745768278e-02
2.503438167227109087e-03
3.230060367766560137e-03
2.655042189853662558e-04
2.487244267608411017e-04
1.557165140829320886e-02
9.618923547836080029e-03
4.168468521430076894e-03
3.436952641394333974e-03
1.513223206317652642e-04
2.915155803163380641e-04
1.690151451660516085e-02
1.152033496520355610e-02
5.035027284168123139e-03
3.710261271030086249e-03
8.385721157994144033e-05
2.327532548880564746e-04
1.927689060189361273e-02
1.501281306848257883e-02
6.574867006140687649e-03
2.386828869619645084e-03
7.462381753370179419e-05
1.374763336947076181e-04
9.632278404220511641e-04
1.383259244577573002e-02
3.499838568687637687e-03
2.391085609945762559e-03
1.740258818123184250e-05
4.312973454348592524e-05
-2.940941618485849273e-06
5.339715262437220479e-03
2.092174133003337540e-03
2.366444742463763747e-03
-2.018853210153186067e-06
7.699819224380148196e-07
2.677074030657683196e-04
5.587898949289233589e-04
8.593240314201827136e-04
2.053739605003259035e-03
2.272658241532199668e-05
-6.607523740353213994e-07
2.346423169668229378e-03
3.445114098662423272e-04
2.553768681494393566e-04
8.190617449937976063e-04
2.234095607380710155e-05
7.825794170464295523e-06
2.158677703080420611e-03
3.147957947952111828e-04
3.052042157951816783e-05
7.875977600515974392e-05
-8.318343949176811898e-06
1.009634967948370887e-05
2.178148137151570658e-17
3.752312385036913555e-17
-1.795228714217967405e-18
-1.655606276295213786e-17
1.716557506463560065e-17
-3.062008147254783914e-17
3.351174103658278308e-03
3.953581260012064354e-04
-2.393393754048488221e-05
6.052334218827623238e-05
-1.947065624145812260e-06
1.320523909109143957e-05
9.276029569605624692e-03
3.132780337848241185e-04
6.302489803360438163e-04
7.507238118800032374e-04
1.739708871519972326e-05
1.638943538161847854e-05
1.161175233152121969e-02
1.034979941753397514e-04
1.047231497133753898e-03
3.640358610163188860e-03
7.889651717264249155e-05
3.501788530807847447e-05
7.925964664309639168e-03
3.753972193028321143e-03
1.271989251560503393e-03
3.874866650657267896e-03
1.194564951480409662e-04
1.517403218279177028e-04
5.143889885466931995e-03
1.450658970988944786e-02
2.504234231058302413e-03
3.232721179325430839e-03
2.649639986900071613e-04
2.494920256328683078e-04
5.013095097614449040e-03
2.784089498471499155e-02
4.712848803235869695e-03
2.751712608739635430e-03
3.138786731909508116e-04
3.067956438951244540e-04
1.343853554595306546e-02
2.530093028468368907e-02
8.384058693284835578e-03
2.420629910274176445e-03
2.547460935393319097e-04
3.103757626679975448e-04
3.201266267227548257e-02
1.527014946218563200e-02
9.119079669112102951e-03
2.369263469372795330e-03
1.561934297847476132e-04
2.420482418908186789e-04
2.923183408739032929e-02
1.889883355301585563e-02
1.470425472211788799e-02
9.076666655525130649e-04
1.168697400141917927e-04
1.164506805420044753e-04
2.038693253622242841e-03
1.524605732934796593e-02
9.013606408405943141e-03
7.840013567663655725e-04
3.804368186324506065e-05
3.492970789194179841e-05
5.922252760992623112e-05
8.959622265449456238e-03
3.160766916261347360e-03
7.797682630531740976e-04
3.595956057660502433e-06
-5.142592247678524258e-06
1.002081819535909204e-04
1.816626683870076675e-03
8.513947234951463891e-04
7.817716897377625712e-04
8.958985630298851725e-06
-4.391445067307811884e-06
6.484926870895020177e-04
6.039907947819575821e-04
1.100487820553704556e-04
3.085340354039331056e-04
1.207031172075346591e-05
2.687514173398020946e-06
-6.202326224975541368e-18
-1.613111265172868035e-17
-5.311332519799829975e-22
1.880671604725760244e-18
2.989891728249746925e-19
4.000450631739927566e-19
2.175194228877513816e-03
3.115402102923195437e-04
3.075356672603107551e-05
7.844810892408648464e-05
-7.788870249073323460e-06
1.015534111914318305e-05
6.193520562448561785e-03
2.163020113215236376e-05
-9.893186021051950650e-06
2.506342020014421502e-05
4.026975421329358846e-06
3.049621336166689361e-05
1.003097846583626308e-02
5.128819154579132220e-04
2.196114754316887368e-04
-6.472297636231441078e-05
5.054715604911867060e-05
3.247343009904180938e-05
1.360539561794121138e-02
2.157440352605862529e-03
5.482692621627410518e-04
2.918784560238440497e-03
1.145268862914049121e-04
4.212416296551458949e-05
1.605525972308238097e-02
4.649091380154775875e-03
1.292386112318447914e-03
4.310695354827299292e-03
7.590572558314573033e-05
2.064489936702791964e-04
1.556962828053380307e-02
9.618231140123516612e-03
4.161389877573863118e-03
3.445066588983086795e-03
1.511701738609431435e-04
2.924444065886779216e-04
1.341703024087002351e-02
2.528596412354434594e-02
8.391064799178176922e-03
2.418943581500293018e-03
2.551055693717608304e-04
3.106691192223280445e-04
1.423668741280733653e-02
4.449866496802970528e-02
1.250609298854371901e-02
1.670764678287353731e-03
3.042956950490526545e-04
2.661689903062088394e-04
4.826440435679244662e-02
3.041068551114449112e-02
1.541562540317194252e-02
1.181821313888742472e-03
2.389832199860092660e-04
1.997133513821627772e-04
2.489863897715973579e-02
5.126186410735775884e-02
2.793603976954809470e-02
5.021960753826468487e-04
1.252665131946719150e-04
6.794628978858730818e-05
6.109860248885325270e-04
3.086763808726907324e-02
2.140458100258828267e-02
3.877804392369100313e-04
5.481609458583927449e-05
1.045263555479916849e-05
2.901464763234717372e-04
1.449466505183737847e-02
7.855781058464440803e-03
2.934296753594585147e-04
1.291364442230663430e-05
4.419089197839137177e-06
7.289097638414174041e-06
1.647834655339716885e-03
8.298824583466983713e-04
1.774932522503401121e-04
1.618668797576374638e-06
1.590965296066918646e-05
1.762659011049506766e-18
-8.904588892373318891e-18
1.171281277433261388e-18
4.258474351389732359e-19
-4.963002735790621665e-19
-4.328613029316173617e-18
6.527756873186646262e-04
6.122564396960546726e-04
1.084332975600457732e-04
3.105067550999168367e-04
1.219136431549788862e-05
2.752261158092969299e-06
2.326829810652158124e-03
3.473690571662466043e-04
2.432774279275307539e-04
7.832940015160057712e-04
2.239509136076728066e-05
7.070410825914162726e-06
4.044032928901233198e-03
2.129496214737621926e-04
8.583099313947995272e-05
4.742961419447445058e-04
3.998848375262043767e-05
2.941539791430764267e-05
6.017247492057703484e-03
3.159100199317985483e-03
-2.303118468052670387e-05
1.974441724681357292e-05
8.818590837841060106e-05
2.706748216135655303e-05
8.791804934877398003e-03
7.328276835353577864e-03
3.025632651958095362e-04
1.453201163521941315e-03
1.350652774413177990e-04
2.808778270980918126e-05
1.263990728665682906e-02
1.020080926239362758e-02
1.142720772055539355e-03
4.377151764247041651e-03
5.544697773192838302e-05
1.712711021598033699e-04
1.688029090869941004e-02
1.157469554523181399e-02
5.041912413977547511e-03
3.714620522714375764e-03
8.380574311292827625e-05
2.334920654230331950e-04
3.198609869629373548e-02
1.524701298326243230e-02
9.126338676858202631e-03
2.370278378054704697e-03
1.566826128917985124e-04
2.425083227117374085e-04
4.808967530382524114e-02
3.042534852421778513e-02
1.544323174160027248e-02
1.186467797638735520e-03
2.395686174322839374e-04
1.989923148390160723e-04
3.656156417408233661e-02
9.568868711211034328e-02
2.333351812012981683e-02
7.129162390483440156e-04
2.505172243102243802e-04
1.027716832321307386e-04
6.528036729466986030e-03
1.226376611893719749e-02
1.018021300973476553e-02
9.000673440157005295e-04
6.089929911619761831e-05
1.635000868012393901e-05
1.419009992502607382e-03
1.122553553799624957e-03
1.236832964735658930e-02
5.427938442844788824e-04
7.003697244959914404e-07
2.165800542074931050e-05
7.300208134925357650e-05
1.182636663741274546e-03
7.814987056968519114e-03
3.393969405468359453e-04
1.896124772069145219e-06
-7.221157875765469522e-08
7.194947781616767815e-06
1.686898119609967156e-03
8.162776006694765244e-04
1.767855703743619674e-04
1.712592725924540588e-06
1.608169738036512958e-05
-3.064213339431872685e-18
6.588118722972413654e-20
8.141631188075841464e-18
1.107941664890334875e-19
1.945495480774305310e-17
9.552984804655170159e-18
3.424170296450579858e-05
1.976371913579368176e-03
2.839423589042212770e-05
4.340792923611306144e-04
4.731300700312646127e-06
4.511495277543671445e-05
1.691567607495998488e-04
4.662724736529208318e-03
6.115460461771862771e-06
1.415394776896619676e-03
1.630504779028049548e-05
1.682271111917082461e-05
3.534791991546178407e-04
3.992372971365460398e-03
2.590376415048543780e-06
2.109733885157918671e-03
3.426218852760408944e-05
1.885314365491895804e-05
6.192408926443792715e-04
4.427136780310515665e-04
-1.186755987996363586e-05
1.374781159242757702e-03
7.063696836072754816e-05
1.733290095130304663e-05
1.130163182243971868e-03
9.343974702314694365e-04
1.882013217333031760e-04
-1.274558583866491196e-04
9.532299241494944693e-05
6.984064428740963988e-06
2.234782650418474983e-03
6.502909190918818375e-03
7.659844662300382360e-04
2.565330140616510837e-03
1.163618541792310423e-04
1.528642864697772740e-08
3.846633154562940481e-03
1.337062144029013688e-02
1.830543557421290997e-03
4.712072041686781072e-03
1.737426769942764710e-06
1.280361148365728328e-04
6.722072843075781873e-03
1.468838105875743504e-02
3.577782256685207215e-03
3.853460042106123234e-03
3.030934993770277461e-05
1.308225389512026519e-04
1.389248512892972583e-02
1.457594251563529807e-02
5.847820154389735472e-03
2.573878488123210184e-03
7.623971152954756123e-05
1.023586971125058212e-04
1.306454186499766447e-02
2.261636471157066341e-02
8.774953348190993666e-03
1.583530669047554865e-03
9.102863985998832757e-05
6.259786708640938395e-05
1.383971341522433280e-03
1.106838224397321000e-03
1.236324719399399530e-02
5.427715761594642660e-04
7.664723687880398760e-07
2.100309691627434800e-05
6.029806606156897647e-03
1.212032080802125274e-02
1.539678492499349689e-02
3.222396761975782260e-04
3.049463506442771812e-05
2.890197603292106012e-05
1.930279116084597036e-03
4.224117397205574310e-03
6.364743756459343045e-03
1.567873352363236472e-04
3.543277076735860427e-05
3.379715282435309895e-06
6.729801470856989325e-18
9.060669301675648477e-19
1.173699960383689301e-17
1.616818792729556342e-18
-1.637004890822756490e-18
-6.753327640388016850e-18
7.181725997599556561e-06
1.638986979256872034e-03
7.861852938155981622e-04
1.750722565956651735e-04
1.746410721598853300e-06
1.575604485929298339e-05
4.962028054032284666e-07
5.731631116884480445e-03
4.903223997018906844e-04
6.358021162774020766e-04
-1.138608973199265807e-06
2.343521509813174584e-06
2.672054232142584995e-05
7.624998651939162396e-03
3.473073813199102590e-04
2.086283424670351810e-03
-2.942854805157736677e-06
3.914724036347208467e-06
1.063136183367278183e-04
5.053172774664054130e-03
1.926742590043512698e-04
3.367106553066618029e-03
1.617383411181664036e-05
6.816088622475507801e-08
1.612248142808491152e-04
7.577040145895151376e-04
1.527517645757363223e-05
2.465801422295082253e-03
4.446233277986864576e-05
9.120971226367415173e-07
9.656823137534546557e-05
9.501498110247927472e-04
-2.743184057266156311e-06
3.518495672779335020e-04
4.606459854726528409e-05
-5.800667288495257997e-08
-1.284797722222387189e-06
6.922124766585342932e-03
4.099561675709229068e-04
1.315248220276520313e-03
4.310121725297122772e-05
-2.735198681099261105e-06
6.095842806802450340e-05
1.475056278891884003e-02
1.188568072838382551e-03
4.467362130232654417e-03
-9.504615799368449855e-06
5.604883600218765868e-05
3.690041402294649549e-04
1.730756338105238212e-02
2.208276619064229469e-03
3.998644338068544496e-03
-6.520882016292232816e-06
5.593122813096500950e-05
9.750440247229052526e-04
1.380303036243917675e-02
3.434703702668187846e-03
2.417550565838093909e-03
1.722949560780451169e-05
4.150663486766431815e-05
2.788580814781994508e-04
1.232531783104893509e-02
6.784339897415311675e-03
1.073170475711224129e-03
2.678821922852886651e-05
2.363483798020844166e-05
7.204249497962092919e-05
1.172409098155687479e-03
7.831523045457896084e-03
3.387929568713664080e-04
1.927813039577532860e-06
-6.722802962492720791e-08
1.963926897458745293e-03
4.215675004327610643e-03
6.385600884987111328e-03
1.565300262658517107e-04
3.542495832594849561e-05
3.311512612464273565e-06
-4.217714302966679464e-18
2.022825992122668263e-16
-1.216980959311308930e-16
5.924550408955133504e-18
-1.119923942919617123e-17
5.670845993354859312e-19
1.936416323265742565e-03
3.993221394111578365e-03
6.587019351899500372e-03
1.572137758726666924e-04
3.313454751039999173e-05
4.109224921751864199e-06
8.786490865561855958e-05
1.163546671954461802e-03
7.902458607678301133e-03
3.397712018738395273e-04
1.744407710145896124e-06
-6.582863460839475101e-08
5.495419037839019275e-05
8.937805961692321319e-03
3.131986197600481348e-03
7.738868890477810288e-04
3.933133211598047576e-06
-5.059244758340138501e-06
-1.654736459567360905e-06
1.354987319142522857e-02
1.360150706460799223e-03
2.293922549566207968e-03
-5.247833206208946443e-06
5.964224160721262506e-07
-8.962565553729865679e-07
1.314024011801229533e-02
1.174523792438102133e-03
3.958283647414718130e-03
-1.014791550113270219e-05
7.222314531955123413e-06
1.117780444774799159e-06
7.216804220369664631e-03
2.953829487634158793e-04
3.736477080443507091e-03
2.755998879845099401e-06
8.899688044319785363e-06
6.485056008206618489e-07
9.192169804317126391e-04
9.406036300474248020e-05
5.646244788760391986e-04
1.301990437244577717e-06
1.042432513521806026e-06
4.094957056804312460e-07
9.221841949618868502e-04
8.630660128268070603e-05
6.158678292657023077e-04
1.269757149615713746e-06
1.129932410716460080e-06
4.898193807096029920e-08
7.260249997281623471e-03
2.769120841578331352e-04
3.674027798577505187e-03
2.826500028000859798e-06
8.696911855525373905e-06
-1.048705245202376587e-06
1.297146806942976217e-02
1.204931113284982104e-03
3.923280085087590095e-03
-9.898324503856373397e-06
6.941209783881261703e-06
-1.610956215557855689e-06
1.337073695527200845e-02
1.329418209763133692e-03
2.280623378987795859e-03
-5.406657103712260028e-06
5.906211522525802227e-07
5.749016408977745111e-05
8.958920639743944009e-03
3.144998235785827038e-03
7.915902451190337964e-04
3.456653034601144756e-06
-4.787569496420521372e-06
7.073792854829521023e-06
1.677693964751797396e-03
8.177284837962888256e-04
1.765947058581881937e-04
1.714508765883410456e-06
1.617262616490267412e-05
-3.395117075707526425e-18
-3.417300900577056156e-18
2.786653475550326620e-17
3.380889816712844564e-18
-1.121968922047065596e-17
6.138982151360639853e-18
1.972527506642184764e-03
3.991164160864685458e-03
6.577716425533733195e-03
1.572709121581758050e-04
3.304230774589877144e-05
4.038453551387284770e-06
5.961264145194614117e-03
1.199134188675965960e-02
1.496305820416289796e-02
3.257832783114435063e-04
2.899302776801559726e-05
2.699212926486095959e-05
1.403322948055026661e-03
1.120187449974219263e-03
1.250809273801903147e-02
5.425887059099746695e-04
5.780195496629683357e-07
2.172132678224524975e-05
3.026768803491610153e-04
1.239076000971859118e-02
6.777217923922666983e-03
1.028658024363354002e-03
2.694968341056008554e-05
2.397993275181998428e-05
9.127933764388203959e-04
1.368327225972362955e-02
3.553535045042654095e-03
2.410873178247963707e-03
1.723352183528289032e-05
4.126905413166810898e-05
4.008251525126840125e-04
1.728011413966548671e-02
2.158825503996150003e-03
4.074624141423306874e-03
-6.529892476573521102e-06
5.590437556052931585e-05
5.873512369048743744e-05
1.487286300059085381e-02
1.179181366641269060e-03
4.616320330726461120e-03
-9.064241455462339063e-06
5.777951523569996089e-05
-4.219408321567999760e-06
6.968290552768251558e-03
4.070060566666744580e-04
1.424319523640034391e-03
4.376876456385286689e-05
-2.313262798581735758e-06
8.676482319142507136e-05
9.406895748140801016e-04
-4.636583368945535698e-06
3.707770171863073675e-04
4.904124870442418170e-05
-5.710984376917029667e-08
1.490783726986286031e-04
7.433563654430290577e-04
1.205450871928693276e-05
2.510649253307268170e-03
4.678609604377138121e-05
1.631778328606864525e-06
1.159201989787520556e-04
4.976464504685670746e-03
2.030554207690010216e-04
3.425807213728371704e-03
1.832832983827535639e-05
-5.164865184846994201e-07
2.554149188664073443e-05
7.580352067597826912e-03
3.497802715324841620e-04
2.067433781710335816e-03
-2.054546090639981767e-06
3.406268210841509855e-06
4.954246965130514163e-07
5.741585929184668015e-03
5.035751092606338816e-04
6.455260380501109127e-04
-1.057671398891220601e-06
8.895461429765850296e-06
-6.654393231205833464e-19
4.787682928213994827e-19
1.248804035530096014e-17
6.762375581117980342e-20
-2.013787927094764076e-18
-8.301622181880996584e-19
7.155242111761516171e-06
1.631629870002976671e-03
7.912003618868732654e-04
1.749424673316927732e-04
1.742749411732315085e-06
1.600157946971697293e-05
8.705618600095244800e-05
1.160615281055582060e-03
7.904855703496747529e-03
3.397370200791689082e-04
1.723991371166918077e-06
-6.032414863163905867e-08
1.374185361702002107e-03
1.130468945717638457e-03
1.247933779590718051e-02
5.428176659907658083e-04
6.408197947203688951e-07
2.120777611546188147e-05
6.811243992591361346e-03
1.258010729533283120e-02
1.079397162185588045e-02
8.672074677805897015e-04
5.833368248878822028e-05
1.616730330032991583e-05
1.325264463384706777e-02
2.321509417827479285e-02
8.656857185530121221e-03
1.497658965461706043e-03
8.654198657979826810e-05
5.887455091324845054e-05
1.373375943674010925e-02
1.446110028506861732e-02
5.976341343561349106e-03
2.607771476081236980e-03
7.626662106760940076e-05
1.010457785246775649e-04
6.828851152684960527e-03
1.479971703096977578e-02
3.619083245857952855e-03
3.940280250883856222e-03
3.049182012380416488e-05
1.300743033713243064e-04
3.935996248605130171e-03
1.339448691089988909e-02
1.811554534034753861e-03
4.749774443240278692e-03
1.665166892819767092e-06
1.293013983134794090e-04
2.248842517181188962e-03
6.588431212606694898e-03
7.526597657714636331e-04
2.615671752407352970e-03
1.159443481488362030e-04
1.760194856286735066e-08
1.139091480914819748e-03
9.251724328270615567e-04
1.912742937175825216e-04
-1.258363558623182841e-04
9.759016981537385897e-05
7.280246043577885295e-06
6.230436115536657719e-04
4.183610149806773039e-04
-1.217365721975037287e-05
1.472646683613701869e-03
7.146101722323607421e-05
1.755090674387742064e-05
3.456352093162605660e-04
4.024699350348311631e-03
2.603839223734637646e-06
2.036000212697802996e-03
3.802229678040246847e-05
2.254226503666473616e-05
1.655585235875236551e-04
4.666129005710368573e-03
6.111875957815081817e-06
1.403221065205295876e-03
1.693661399572194632e-05
1.849426065257276717e-05
3.503679231676301510e-05
1.976481419999810522e-03
2.510692667224537729e-05
4.430453431539372157e-04
4.458379130772986019e-06
4.585744099025939002e-05
3.499989708109234099e-05
1.973000390932259582e-03
2.804301458638290890e-05
4.345611874862313762e-04
4.733643326493493805e-06
4.575447899699038317e-05
5.610230163788444446e-07
5.734158606926721170e-03
4.869433103354410368e-04
6.359547808779007425e-04
-1.132747651190808496e-06
3.305777710774600199e-06
5.775429997196445319e-05
8.930277516110415176e-03
3.127683200687264142e-03
7.749547150007260595e-04
3.921811469043454774e-06
-4.852692883245643632e-06
3.049692811150553199e-04
1.239255373571302409e-02
6.784133037244072760e-03
1.030580766455651024e-03
2.731863660429968604e-05
2.379941250046189592e-05
1.326358211485459578e-02
2.271253657681666233e-02
8.658293358454079852e-03
1.497992990447989973e-03
8.653451398744400501e-05
5.890508859553428951e-05
1.284914727045958528e-02
5.153043346551425263e-02
7.937944861768367333e-03
2.084575215947550610e-03
1.724343294164845241e-04
8.164748859033985756e-05
1.608739929578142588e-02
2.503989798413331844e-02
5.487592266297232867e-03
2.788206007392935760e-03
1.680668284445158145e-04
1.509784266759640816e-04
1.358732448403278392e-02
1.685124104765966385e-02
3.089298915582845955e-03
3.601911837843632756e-03
1.042625393012675152e-04
1.902675674741709385e-04
1.288911073922672373e-02
1.020605779627270851e-02
1.101083246430893583e-03
4.486697325181298983e-03
5.534729624754849612e-05
1.740144097851697503e-04
1.084136730643880768e-02
2.976599528790879051e-03
7.464794596679849700e-04
2.869216223419262211e-03
1.364462562042134718e-04
2.045921807546840091e-05
8.017598702893723173e-03
-2.285219777880119917e-07
2.836572624310325103e-04
-5.647574932256198385e-05
8.617219396828514674e-05
2.388087737957770413e-05
5.892785414559204883e-03
2.898755803608841185e-03
7.544411998908179913e-05
3.763652682948593980e-04
3.437502908975447884e-05
3.447042764157595967e-05
4.198289118497518235e-03
5.909981776178597872e-03
1.516993006808731431e-05
5.557014782538808586e-04
1.675423667309070535e-06
3.948355675629510743e-05
2.364948683636149390e-03
4.420494658939699319e-03
1.539722376066781639e-05
2.386694251316383091e-04
-1.917872589963424038e-06
3.708958162071379509e-06
-4.150961375853018143e-18
2.085785245598003600e-18
2.523961733144527680e-18
1.025306411745781004e-17
7.484098054758310890e-18
3.128774213043621996e-18
1.687485576036019681e-04
4.650184078473487172e-03
6.237150960651808963e-06
1.418332915398002204e-03
1.638244999561927874e-05
1.758119473195902252e-05
2.531890820559366757e-05
7.611834816636089962e-03
3.472813077423434467e-04
2.089827837999788315e-03
-2.963891836340556944e-06
4.412055493093742710e-06
-1.739351276114677346e-06
1.353579164441757500e-02
1.352956734143968701e-03
2.298782926943851185e-03
-5.294378127840115693e-06
5.949998132287145435e-07
9.093329177301542410e-04
1.368875505586793391e-02
3.561466054674683294e-03
2.414999982016542441e-03
1.740136973923384672e-05
4.140255167005101175e-05
1.369765375073441621e-02
1.449836059802049777e-02
5.981980321947262709e-03
2.610022552093157686e-03
7.647461250955928059e-05
1.013420119220906135e-04
1.595652736057426996e-02
2.506711133655202886e-02
5.488581993130467809e-03
2.789557592950203061e-03
1.683539053485041113e-04
1.510625923314057241e-04
6.045525221994369446e-03
4.472278002123833418e-02
3.128884810954136488e-03
2.916060540262715474e-03
2.401057955815605435e-04
2.034821695859585040e-04
6.759266443608013056e-03
3.329249419460850179e-02
1.144896171078560888e-03
3.387795981748286268e-03
2.116755025341624582e-04
2.175616001767554481e-04
1.042259079599621233e-02
1.412356080469709743e-02
7.666482665242667230e-04
3.714107012657687310e-03
1.396979833844796558e-04
1.465752388510181453e-04
1.364168138424927922e-02
2.148431136139761482e-03
5.362370531079309853e-04
2.953951794920870247e-03
1.176022099407585608e-04
4.310255587949582363e-05
1.526742199177036526e-02
8.664474821801389226e-04
3.129257061651123640e-04
4.464776386941873019e-04
4.335271643040072332e-05
3.291126945251381277e-05
1.264399560760119494e-02
7.301716590277412648e-03
3.572588501871637803e-04
-2.517531459499367744e-04
-4.934482570114441798e-06
4.870624266636405141e-05
7.233105764457596273e-03
6.984741771808511239e-03
2.491725653701428993e-05
9.999862322662829114e-05
-1.260901827097691390e-05
5.533599062272590317e-05
-2.926106321158554894e-18
5.824464695885986910e-19
1.020737356529566218e-18
-8.142288447730237457e-19
3.628968975627558144e-17
-1.364165375417178558e-18
2.349406886108500875e-03
4.394452662882165038e-03
1.606253509203290107e-05
2.513060025307512933e-04
-1.532075243936951630e-06
4.783923336827153934e-06
3.531282239115187457e-04
3.977876243873858589e-03
2.701459736931732794e-06
2.116704233880736894e-03
3.464619254433059744e-05
1.946180244377376060e-05
1.049617635143745408e-04
5.026643588951202821e-03
1.946753407794974506e-04
3.377833716038477867e-03
1.640745428700369636e-05
1.295989339572183446e-07
-1.074618611620408343e-06
1.311167816899044304e-02
1.178208388799655915e-03
3.970395915385099145e-03
-1.007545887990225605e-05
7.270081384270030172e-06
3.952712679444581696e-04
1.733151390511421253e-02
2.166572367511776075e-03
4.084292249528565129e-03
-6.530326095082227709e-06
5.602225043270022558e-05
6.808161445963227358e-03
1.481746195602480151e-02
3.613665312858259544e-03
3.957979036535048782e-03
3.042988493493796999e-05
1.303059235147078425e-04
1.356664464868171521e-02
1.685362554788119235e-02
3.086076950215643679e-03
3.610322518947695156e-03
1.040760057408875264e-04
1.905417240386877737e-04
6.770733318755106644e-03
3.330361615889475269e-02
1.140541458215934287e-03
3.393316899529643434e-03
2.114014648092823491e-04
2.182057936593306542e-04
2.908044555788982799e-03
3.778525744727027902e-02
1.055563973273254122e-03
3.147483060053387575e-03
2.563929543648399033e-04
1.821556612732623374e-04
3.035484102997988796e-03
2.244270030251159162e-02
2.317836633284842357e-04
3.034754391542568951e-03
1.747955335578337617e-04
1.017218524054207951e-04
5.046129423531029584e-03
5.972072683945194027e-03
7.725857089227515604e-04
2.589367969653050966e-03
8.276468127720115287e-05
3.770060169288447617e-05
9.216224125182472318e-03
3.174782381719639204e-04
6.780631185009506050e-04
7.706066538096264075e-04
1.776190525632881961e-05
1.613368187089073380e-05
1.383835976524639723e-02
1.074375811061173761e-02
1.317473021022547413e-03
1.674520779869595856e-03
-6.330163253519058800e-06
3.201993117633015508e-05
2.679874973336278922e-18
-2.488089155155771369e-19
1.774477810998903405e-19
1.505174486245501624e-17
1.293264053856187483e-17
-7.469735764897187035e-18
7.273305131366861707e-03
6.992425886675668681e-03
2.310779404454848439e-05
8.842314458062723213e-05
-1.406779794812365239e-05
5.094899844747739325e-05
4.201161067985422111e-03
5.851438876265617831e-03
1.438042683172836280e-05
5.880183628414686154e-04
1.686401561093316254e-06
3.837059010037955796e-05
6.190065728422168741e-04
4.393739894055006807e-04
-1.201833800967077037e-05
1.374467867268679925e-03
7.102343430906644028e-05
1.761690917932641113e-05
1.603468510359202419e-04
7.498477182655530378e-04
1.356596561517560232e-05
2.485512900580893331e-03
4.442429420421724931e-05
1.012224382214952141e-06
7.419154224292949113e-07
7.198137906640987398e-03
2.960032237235515440e-04
3.759489220347966409e-03
2.950719426483501154e-06
8.790209105797038122e-06
5.716008975384234686e-05
1.486590611960049435e-02
1.182147305194481378e-03
4.640042988665317621e-03
-8.956499863750799585e-06
5.755151078025876521e-05
3.927791493212219251e-03
1.346056864026166922e-02
1.813772972848639057e-03
4.800304833444510484e-03
1.650141124958286469e-06
1.294012453364597420e-04
1.286911924324193532e-02
1.019920504626924650e-02
1.098897925447569644e-03
4.502560801520992875e-03
5.525191505582884927e-05
1.744081981774111959e-04
1.042687613486329920e-02
1.411496020929913116e-02
7.680408105184198487e-04
3.715800484056984172e-03
1.393960865321189997e-04
1.468647867637102743e-04
3.045653902553793150e-03
2.242665187331657761e-02
2.314112133730817061e-04
3.033428623350028618e-03
1.740287933812419239e-04
1.017189880420630329e-04
1.114825025113838587e-03
1.635713466460558124e-02
1.022790129713873090e-03
3.558241305032782201e-03
1.226753674773739837e-04
4.269443403940752555e-05
8.071352980287409577e-04
7.359573981334742096e-03
8.880096230386806937e-04
2.769971756341976440e-03
5.522930149385320118e-05
1.035524710293870177e-05
7.566782142255185041e-04
6.256587872473651354e-04
4.559489697150398944e-04
8.175608698913340404e-04
8.788545172832138477e-06
5.422711044321118256e-07
-1.122676785616754202e-18
-5.837048783295965595e-18
1.532114298502255809e-18
-2.122437403630881121e-18
-9.946582482888323886e-19
-1.355548148157725846e-18
1.387998601857314343e-02
1.073061206218354699e-02
1.294670700488802749e-03
1.655395155245189143e-03
-5.139907467044613856e-06
2.886050166912239973e-05
1.276751614200409904e-02
7.227173800617520127e-03
3.917762219922558877e-04
-2.501622626696204917e-04
-4.949738633074699070e-06
4.488042980283007629e-05
5.899001529552496542e-03
2.904367710907116741e-03
6.621839132324170958e-05
3.931330962540703525e-04
3.318220727620933429e-05
3.409802056666739903e-05
1.134286785548404728e-03
9.350259649345140462e-04
1.877403979126513031e-04
-1.294786668907652765e-04
9.534244077882165493e-05
7.139285798834389210e-06
9.541247815041298166e-05
9.544198925708442457e-04
-2.775115713587313214e-06
3.543985189555506421e-04
4.632657930986420889e-05
-9.751062428446723204e-08
4.441754264183241373e-07
9.161542610457215760e-04
9.276790543833062278e-05
5.698348117179305753e-04
1.342162882436246394e-06
1.013673868922455936e-06
-2.749648330566078139e-06
6.971050656493173528e-03
4.040021393759470210e-04
1.436371450031847380e-03
4.345801589227279131e-05
-2.225239572294141371e-06
2.243678110222376617e-03
6.591086846643923712e-03
7.515373431624356804e-04
2.652650477009318650e-03
1.160836444583676185e-04
1.495807884538182102e-08
1.083133310961424504e-02
2.976875289151652629e-03
7.446532754390674559e-04
2.915005462291118173e-03
1.370816612496593282e-04
2.023706401713674838e-05
1.364703466909074521e-02
2.149894327717214327e-03
5.275310248620679451e-04
2.984751439857106798e-03
1.180707036481333982e-04
4.279391014932552303e-05
5.050347733199076275e-03
5.966586471731641882e-03
7.677715273913706924e-04
2.597878274031397046e-03
8.289367353191579458e-05
3.758800997309565925e-05
8.076355659454447118e-04
7.358030169694001685e-03
8.843273513988608205e-04
2.772136456348940105e-03
5.505412129721172092e-05
1.032652762661752449e-05
1.342748397638675025e-04
2.300142325038745297e-03
3.862126647710482485e-04
1.529625774036339099e-03
1.773688021282474769e-05
-1.481275128313807809e-06
-1.359281000227843958e-19
-3.691338459607661016e-18
-5.841637804136273964e-18
-1.763126939914716679e-17
-1.079733053335672922e-18
4.683550862002291087e-19
7.347546000507422818e-04
6.082406785624701199e-04
4.157244699773258480e-04
7.307167169878001469e-04
1.001449927376340942e-05
7.511848893713546302e-07
9.214958978965700695e-03
3.170561853720415234e-04
6.306851686708126381e-04
6.370329538799796108e-04
1.833581058656317942e-05
1.891932637039120217e-05
1.517744970834481594e-02
8.586120259585146601e-04
2.498907274493316830e-04
3.163845563891888569e-04
4.484740929576084374e-05
3.372773468819420376e-05
8.077649067796583565e-03
2.363852865819239041e-07
3.131289966657675771e-04
-3.837543006854597926e-05
8.302068828723010909e-05
2.496333776741907698e-05
2.240153453268636970e-03
6.502260801138110002e-03
7.676179292349231183e-04
2.531865378144124417e-03
1.161455060171469870e-04
1.804769816946274862e-08
-1.849403695683323700e-06
6.920336462906673085e-03
4.115060402770946615e-04
1.306442206063811303e-03
4.327397418859640031e-05
-2.792751609936019982e-06
5.691790376872481948e-07
9.243806190516717231e-04
8.718997917832820412e-05
6.097817246974398565e-04
1.243479571357357000e-06
1.170977302171782650e-06
8.972309615364878555e-05
9.344932709104505388e-04
-4.640320840032920425e-06
3.688357537119153371e-04
4.862765372431468517e-05
-2.563304317066115024e-08
1.137453437789479656e-03
9.251281475798184793e-04
1.912196003367873213e-04
-1.248590597383719149e-04
9.764516980812532911e-05
7.052692024720893768e-06
8.017910430323332144e-03
-3.351107468997891708e-07
2.798807553624142025e-04
-4.241069585492992014e-05
8.623958033072169551e-05
2.335107227348693260e-05
1.526898402526319885e-02
8.662385977091921138e-04
3.046388475217266605e-04
4.698525927101521041e-04
4.328492621088986611e-05
3.238147126312721625e-05
9.216863724648588149e-03
3.187959430805582263e-04
6.692505557284988407e-04
7.912213092631237288e-04
1.770419528099112730e-05
1.587107521119834414e-05
7.578224618480654436e-04
6.235498876340943080e-04
4.509763631645593109e-04
8.152062146062514581e-04
8.736023695526290330e-06
5.508492531887313577e-07
8.904954700872421595e-21
-2.831829437155565919e-18
-7.764349193445973719e-18
-4.738950755018876119e-17
1.563312613557577763e-18
5.983087406498718443e-19
1.355155597647170879e-04
2.277549790771610759e-03
3.390752046567588676e-04
1.552498990287566388e-03
1.745192524817719065e-05
-1.184003693901094154e-06
8.104774166623179149e-04
7.314390930528972060e-03
8.973121632136828478e-04
2.773888914681377476e-03
5.633646127213735931e-05
1.178214330021453076e-05
5.045230082073950441e-03
5.971550038647304923e-03
8.079319905227378470e-04
2.681557610601525716e-03
8.419253498937819306e-05
3.920270772951878343e-05
1.361420123288556265e-02
2.170407793612671304e-03
5.534782762674553529e-04
2.916120655324685486e-03
1.165613393241727344e-04
4.196752299036718610e-05
1.074323647897108824e-02
3.015189691003447321e-03
7.920451140878859587e-04
2.742780095301620112e-03
1.337239006720902475e-04
2.019108491635031549e-05
3.852994542817627863e-03
1.333387810693963983e-02
1.830247477001414836e-03
4.667692029825427046e-03
1.752373193239761573e-06
1.278068797997253443e-04
6.190287369223813625e-05
1.476978778031736057e-02
1.189004766341910952e-03
4.442129848527845599e-03
-9.588450515930159844e-06
5.604670374470635427e-05
3.439052742300509417e-07
7.279395531862922764e-03
2.783413789688016899e-04
3.655285647140996477e-03
2.729835490539936377e-06
8.741330016790502917e-06
1.521703202355300711e-04
7.510807706414191669e-04
1.399828508529822705e-05
2.487586119812314981e-03
4.687952081198177391e-05
1.564580606484685566e-06
6.222805304826436101e-04
4.219781690621195462e-04
-1.219524867853636870e-05
1.476857017081069888e-03
7.123508112477251329e-05
1.717278778034035506e-05
5.895460162686870856e-03
2.899946525945917928e-03
7.931759692536655766e-05
3.734467030328343022e-04
3.433495252852691344e-05
3.375746456869713284e-05
1.264865841260185385e-02
7.296721990384330038e-03
3.587676809312484146e-04
-2.505302246030600565e-04
-4.929566478682386622e-06
4.833929948228967452e-05
1.384801522797615876e-02
1.072222930764782714e-02
1.291734092137932595e-03
1.681768745263425993e-03
-6.365107667787037834e-06
3.188668723460799269e-05
4.140691067774135347e-18
6.453361107890533516e-18
-2.878591371978730536e-18
-1.972176745079117005e-17
6.361954995963787342e-19
1.247695551439785947e-18
7.361737170822472195e-04
6.075244404200463725e-04
4.084399438091872950e-04
7.344011643861833539e-04
9.978931735575151361e-06
7.617068805328069320e-07
8.106373013885273190e-04
7.312941316456831112e-03
8.940943897059896008e-04
2.772862796395929742e-03
5.607919689140837902e-05
1.177560027206663830e-05
1.121808190946170080e-03
1.607825745785740335e-02
1.062938482143749872e-03
3.814814669381123586e-03
1.217173235653046633e-04
4.564453762687091135e-05
3.052491673597531111e-03
2.250709837927741819e-02
2.783610354436769920e-04
3.170690507224614620e-03
1.724266096374117794e-04
1.031990405437935548e-04
1.039582391137116105e-02
1.422647561282413230e-02
7.517455662575718177e-04
3.531140276376358751e-03
1.359588065527713634e-04
1.482708347596530451e-04
1.268941923997812804e-02
1.015007962347665160e-02
1.153619205975232789e-03
4.411006308210969201e-03
5.434865109253467290e-05
1.709340542095449478e-04
6.739889482805102097e-03
1.467892826137921942e-02
3.582144883065894927e-03
3.839439530139064204e-03
3.033535299195691637e-05
1.302890884132208488e-04
3.719846295443131725e-04
1.726342370579506819e-02
2.198573666215299181e-03
3.993366594831763636e-03
-6.516035775803659593e-06
5.577035476519667410e-05
-8.559301476579843182e-07
1.299521938738640997e-02
1.200888155152536217e-03
3.913302527152200810e-03
-9.906612913781551251e-06
6.936801474114970605e-06
1.177086261857969999e-04
5.002043054822382165e-03
2.034235961493018735e-04
3.419828120654222915e-03
1.835800950267086639e-05
-6.452287753298190303e-07
3.456316502068163378e-04
4.040969004046607825e-03
2.622066452809406176e-06
2.024688162473012223e-03
3.765671422553260506e-05
2.205297113153532399e-05
4.202173877895417839e-03
5.913904432194917217e-03
1.565377000623943820e-05
5.510239392296108468e-04
1.676101482761256895e-06
3.886487823331025935e-05
7.243130639996668910e-03
6.986960854670077291e-03
2.623917997398344035e-05
1.015047464573131931e-04
-1.292160080464454214e-05
5.475036135427119489e-05
2.311276162355137217e-17
7.803661161715202226e-18
2.918474101538624203e-18
-4.109944241658011663e-17
-3.486113516793512979e-19
-4.560166078539332947e-20
1.389555358393444393e-02
1.071648233118757676e-02
1.271070340101174232e-03
1.659977276298015263e-03
-5.141511995102667405e-06
2.868751498823287301e-05
9.219778318944027093e-03
3.180707598975235362e-04
6.216906482534434843e-04
6.474940911078950773e-04
1.830438410455522286e-05
1.881308726714335525e-05
5.050841422091614623e-03
5.964450877207649881e-03
8.041207133845730591e-04
2.696401649504866303e-03
8.421658795273002181e-05
3.918585703657777888e-05
3.062691566219686353e-03
2.249095120241685272e-02
2.770927962504674664e-04
3.168319910047032693e-03
1.718923256301986818e-04
1.031624638876187604e-04
2.832619843575850862e-03
3.824891731896623570e-02
1.019320528403354700e-03
3.169699255182427053e-03
2.484883196942707273e-04
1.807002402162466892e-04
6.720939707532531254e-03
3.337017922375945522e-02
1.229919400882092820e-03
3.405006128581206364e-03
2.138768996886377684e-04
2.115326387314047697e-04
1.337137815220151502e-02
1.682873315109721310e-02
3.039553029251090659e-03
3.544187175924939839e-03
1.044608273438719324e-04
1.907654844043518835e-04
1.394399309060175007e-02
1.455336391803812440e-02
5.845300055186557903e-03
2.574357104959315752e-03
7.608785112429302484e-05
1.021538391329297637e-04
9.781516182247667560e-04
1.380512798628612606e-02
3.426608906134546561e-03
2.409503180703885788e-03
1.709966407075031391e-05
4.155227455439040348e-05
-1.410806452808202852e-06
1.339979943654039107e-02
1.330301091006096418e-03
2.272548027363174329e-03
-5.374075410778187257e-06
5.995577635373818835e-07
2.689962369431716100e-05
7.589138988249888654e-03
3.500104052301111226e-04
2.061174255360257498e-03
-2.020875924901457685e-06
2.692056455258988938e-06
1.657849002434395381e-04
4.676318418992541671e-03
6.205613249962996442e-06
1.392453297704925475e-03
1.690702931307581369e-05
1.729388885594712307e-05
2.371013218037726269e-03
4.430378272600296943e-03
1.519558220363218025e-05
2.339850130094049989e-04
-1.781581077980896855e-06
3.339466578388919048e-06
-3.451483802802069123e-17
3.869587105011258566e-18
-3.474140224572422034e-19
-1.520207412399685753e-19
-7.506699543456273756e-19
-5.425258193602443296e-20
7.282834512683441022e-03
6.991967641340791212e-03
2.380304340424929291e-05
9.182265353521776687e-05
-1.421691441921157876e-05
4.997585785576755718e-05
1.277369352387083996e-02
7.220521136580626727e-03
3.896159974805635359e-04
-2.496387661032970092e-04
-4.937722856216928602e-06
4.417952118256134676e-05
1.517994092582253436e-02
8.579774526941593956e-04
2.376715222441532589e-04
3.286350346310698491e-04
4.473981171713744788e-05
3.318857710019171883e-05
1.361715813406404012e-02
2.171051657717257190e-03
5.474664351238194959e-04
2.952761911062623708e-03
1.169763550022223338e-04
4.163000072831723379e-05
1.040517641607587203e-02
1.420943396778449365e-02
7.515042313880250123e-04
3.533725629613168606e-03
1.354948650245526936e-04
1.484803288782159895e-04
6.727818445519556136e-03
3.339302887067623071e-02
1.226134321952320957e-03
3.415126488033333463e-03
2.136829819260911689e-04
2.120665947604605391e-04
5.966772872683538675e-03
4.479101845349146155e-02
3.163744768761640302e-03
2.962535405245706865e-03
2.391946290043154308e-04
1.966915561664662928e-04
1.591637272851734522e-02
2.515856495041011651e-02
5.340477665727874461e-03
2.861280103440519938e-03
1.645431051170703079e-04
1.502885032792061737e-04
1.308042383631818732e-02
2.292113080610752932e-02
8.773567130270132700e-03
1.580494760083559456e-03
9.078519345511040306e-05
6.310279562124689750e-05
2.757383298368596834e-04
1.233511352161298716e-02
6.767949159038109605e-03
1.069651898134989796e-03
2.652549229887502674e-05
2.398515594305131017e-05
5.504491101489511051e-05
8.973940642049380370e-03
3.143779109093064635e-03
7.916570083649516077e-04
3.501337398906303835e-06
-4.946491698605133198e-06
4.410005195785428474e-07
5.738342341362582741e-03
5.040086815542924037e-04
6.460789293821188068e-04
-1.066305930357125373e-06
8.232989481719013290e-06
3.439973564141982375e-05
1.979199659832287395e-03
2.555558109605366948e-05
4.435765243361120143e-04
4.457863957142021733e-06
4.466963645316992669e-05
-5.904993386832089482e-17
1.430739884429180297e-17
1.626296219315534722e-18
-1.148957500397089851e-17
-1.352681040190316639e-18
3.284359835434778914e-18
2.355690542240574618e-03
4.401712354539338325e-03
1.590153976193618894e-05
2.428985516423109233e-04
-1.427674366989335840e-06
4.137870804979462511e-06
4.206497633065467250e-03
5.857053836118377745e-03
1.471985831533807030e-05
5.808378103125203798e-04
1.684494496219396007e-06
3.782446382472771923e-05
5.902007859783540283e-03
2.907425589915221213e-03
7.120478422002254339e-05
3.904778777830646272e-04
3.311005162787559910e-05
3.333712472361371657e-05
8.074922972153912928e-03
1.262331117482634745e-07
3.071591763881689817e-04
-2.498748820941801155e-05
8.300725129469592174e-05
2.439146821457329419e-05
1.073051331955497158e-02
3.014029872401527421e-03
7.902283229780408206e-04
2.781950484817381601e-03
1.342828580249632805e-04
1.998120964110709370e-05
1.266848666844518426e-02
1.015750347501811514e-02
1.153018997020115134e-03
4.417725119454122759e-03
5.422121026074061653e-05
1.712655670974439902e-04
1.334710075449716329e-02
1.682148245678032061e-02
3.035720515461936154e-03
3.556572022243644458e-03
1.044170696188134132e-04
1.913117368990265520e-04
1.580579299627978343e-02
2.517147743157245252e-02
5.340006485882732058e-03
2.860307331262637847e-03
1.648743567472472427e-04
1.505614657775322771e-04
1.279872931174124914e-02
5.199658283382708329e-02
7.871687630358677190e-03
2.097450205510306091e-03
1.727833823290782840e-04
8.241023797182118213e-05
2.228800298637026965e-03
3.707310931140607446e-03
5.044148040031396635e-03
2.467209982391884143e-03
2.959913030917295292e-05
7.264323165328350755e-06
2.364866559900029037e-04
3.046284927807401478e-05
6.097915501667620398e-03
1.792829280879720648e-03
7.802965474543152668e-07
1.301368945474795771e-05
2.018210879398378164e-05
3.874820027461628360e-06
3.424452906756346796e-03
1.282478504627300106e-03
6.887192040485464043e-06
6.025575588013481718e-07
1.020071233327602789e-04
1.818060430893390662e-03
8.368301507771053150e-04
7.937158636478904667e-04
9.179800973402964709e-06
-1.774972611393941696e-06
3.363372497488227261e-05
1.981192217680268451e-03
2.603429035943534295e-05
4.489307421377833015e-04
4.022642423687405858e-06
4.710516151649824575e-05
-3.007128955208111553e-18
-9.622833738297109110e-20
-2.620446894963791495e-18
-9.946715326689897404e-18
1.086405071099001395e-18
-1.010789839227080816e-17
3.465275245994329834e-05
2.772542622304207966e-03
3.656129811202727618e-05
7.071498525113693477e-04
4.529461164842401949e-06
6.903700401406534883e-05
1.007170494090173419e-04
7.648956086310882210e-03
1.845106054784699404e-04
1.657395145922236192e-03
2.469383136927063590e-05
3.560388261954262911e-05
2.399978347221788145e-04
8.944308365359022323e-03
3.037168853806423269e-04
2.089501499081197929e-03
4.706979776996885937e-05
4.358491467944331296e-05
5.177235261606097545e-04
4.203423829988473318e-03
6.730907986768060007e-04
8.123625546805446178e-04
7.586378266239482946e-05
1.551349018887456340e-05
1.126553982117659090e-03
4.997429759672484379e-05
6.554522629625789566e-04
-2.069492624257172517e-04
1.018583096926007465e-04
4.561696763611605323e-06
2.229654120959603629e-03
6.549670022922843803e-03
7.616071334916684312e-04
2.574435923567943828e-03
1.160310173005730844e-04
1.532040708512098279e-08
3.210442007952260361e-03
1.282419283208896012e-02
6.005785290546418334e-04
3.683532537798081454e-03
9.182232669388458384e-06
1.096687187260441553e-04
4.321826541101529869e-03
1.181434358592964133e-02
1.722170539505084568e-03
3.705533189042031599e-03
3.480012824473119895e-05
8.119017864445076792e-05
4.320914183424062749e-03
1.008463195822177291e-02
3.411053215567559291e-03
3.092145558848230849e-03
4.862342180438363571e-05
3.846412178095670055e-05
2.248065334060850642e-04
3.150141123496305649e-05
6.102448553262885059e-03
1.792957192025569028e-03
7.551832926983351954e-07
1.272264027808537219e-05
1.951092931305739965e-03
1.123885672335088286e-02
6.584319706445871355e-03
1.160342885529418210e-03
2.823027735872558533e-05
1.130184212147196735e-05
6.776032027709109938e-04
7.235355961929056980e-03
3.921957139505856740e-03
5.914875446327999293e-04
4.515478568983264708e-05
2.924268553770489397e-06
1.978224923539439217e-05
4.117304616832815202e-04
1.058450853071957751e-03
2.016198596327093578e-04
2.476909318861102925e-05
-1.461475094110766683e-07
-1.686402069024612610e-17
-2.418273989359952781e-17
-6.765929617365993427e-18
-1.198677195974610061e-19
6.729102001639816071e-20
-1.555341809778077259e-18
3.457107954593948140e-05
1.960704847871824578e-03
2.895986407554089378e-05
4.376940307857487612e-04
4.234955300336306129e-06
4.343727285781965610e-05
2.397964351517676120e-04
5.292943635012423327e-03
-3.232238524358915954e-06
1.826136098149357470e-03
1.294346922252296385e-06
5.277905989909143506e-05
6.661636091702439772e-04
8.320920711384290763e-03
1.867292638083161284e-04
3.122404924100708780e-03
2.637399261105223124e-05
2.930366568196996944e-05
8.176157903934139649e-04
7.234395704020683132e-03
1.291685172887265638e-04
3.424515162741461737e-03
7.031643147296023433e-05
1.883926639496241159e-05
7.017473135307544883e-04
1.781093285652762814e-03
1.107833568117121343e-04
1.695136650388310998e-03
6.788786863556845819e-05
1.819342120024881803e-06
3.716167343425595942e-04
9.527108136391591441e-04
5.283923420455825370e-04
-1.243925204907228934e-04
6.778759739188652161e-05
5.567286942723382551e-07
3.653736153807257740e-05
9.642921996072471510e-03
7.243966747086926514e-04
3.124129921542234678e-03
6.435748953821029625e-05
7.913870316006045114e-07
5.979854818717533299e-05
1.478234282193562239e-02
1.197498242612815653e-03
4.554885358441335477e-03
-9.516363079312754701e-06
5.549793401881865536e-05
2.631631960409976860e-04
1.021003490387772765e-02
2.661940259139154372e-03
3.792857785369475789e-03
-2.528582375248895060e-06
4.462930153507639044e-05
1.008583803200894022e-04
5.158306367159835176e-03
4.149134905731865879e-03
2.849275230301520547e-03
4.830943509488177224e-06
2.350285242665674690e-05
2.052537581613514704e-05
3.538033673388754149e-06
3.442669813614403478e-03
1.289138973881422340e-03
6.780774462132852302e-06
5.808558436431735405e-07
7.058966411348065054e-04
7.226529887655954582e-03
3.919349511589048825e-03
5.930087631125752039e-04
4.498357930798921962e-05
2.837072650416954943e-06
1.500909368447604273e-04
4.754850433584514348e-03
2.702447444293182288e-03
1.807826595712684430e-04
3.734818958712868606e-05
6.472399617181941885e-07
1.203984816199743188e-17
-1.019169694138775432e-17
-3.420933429167022693e-17
3.892647481635302251e-18
2.785889862261903464e-19
1.732759227846094868e-18
1.816202251006610038e-05
4.242796740166998831e-04
9.449309065322047388e-04
2.002340311872583770e-04
2.402922231372140715e-05
-1.155397048611132414e-07
1.050890998473622267e-04
1.816063930198330394e-03
8.583757591762427924e-04
7.599286751284749274e-04
8.495146910914457941e-06
-3.621050220208717170e-06
2.850239151344887418e-05
7.669487349682562426e-03
3.521749893625710556e-04
2.071940238481909547e-03
-2.555253056618303012e-06
2.123768642454356376e-06
1.042797382498852373e-04
1.356903650224397344e-02
3.773428727117935310e-05
3.816213456874776883e-03
-7.424522052760303310e-06
3.173497670462566810e-06
2.761073457093056829e-04
1.258362959770457576e-02
7.211765392232032881e-08
4.298083533325873333e-03
1.819699869618382980e-05
1.510191267392326698e-07
4.929063162256234728e-04
3.453839368026762925e-03
7.196177403557060645e-06
2.140091686634064492e-03
2.423455779157358266e-05
-1.302759827136878944e-07
5.230882332426477471e-04
6.835548349218338810e-04
9.748848464430094054e-05
-7.429229363834072004e-05
1.799646617236043717e-05
2.493571699588367802e-06
3.241500302823470967e-04
1.028451896022034018e-02
2.928178804904012504e-04
2.559477581978869716e-03
9.125643921409055826e-06
6.103983110046144086e-06
8.137725623129027168e-05
1.827756882245145167e-02
4.889258405152411462e-04
4.691731448870263207e-03
-5.823752984401255347e-06
1.713364284580869628e-05
-1.199526134492694978e-06
1.290601740512134499e-02
1.195195897280678819e-03
3.890344799867036327e-03
-9.968350434237816055e-06
6.789826013756405513e-06
-3.008045113006463602e-06
5.311580233722025014e-03
2.134968316213022455e-03
2.375106008550251745e-03
-2.082376884767422189e-06
7.230622697046209168e-07
1.019153278035317308e-04
1.811445957740063324e-03
8.438931142321788028e-04
7.940653801984276939e-04
9.203291075527081036e-06
-1.348000993936037848e-06
2.074252364161005232e-05
4.136642212952634746e-04
1.061397194396393679e-03
2.018058933199431341e-04
2.474145746196334237e-05
-1.340323391703635556e-07
-1.283776473174605856e-17
-2.134228187512547304e-17
-3.093589568232346785e-17
3.630201109306933265e-18
7.996313402210325946e-19
-2.518003876630702065e-18
1.375477897138893235e-04
4.840924296310433576e-03
2.590417061286783614e-03
1.807681440053732875e-04
3.727800761076376941e-05
3.245589702889886480e-07
7.228147263487101366e-04
7.192692343123518843e-03
3.823710391431487179e-03
5.764647669824934147e-04
4.276171296023613633e-05
2.570792046723704702e-06
2.039513863478988357e-05
4.015712984784329668e-06
3.465835585001174248e-03
1.232534189171608473e-03
6.743094152648879580e-06
6.154160662264730100e-07
-2.982132599260430431e-06
5.324646207989624375e-03
2.102047640839348284e-03
2.424431648757935723e-03
-1.988619852291533409e-06
7.829071760634033150e-07
-5.731334636485436004e-07
1.304908183394671607e-02
1.165229246421439508e-03
3.992471244080696667e-03
-1.028143337635204753e-05
7.539401671443656376e-06
9.151956648777615118e-05
1.829934438374046513e-02
5.086887183753393367e-04
4.746535873650033037e-03
-5.182034345203654746e-06
1.696299517537060573e-05
3.072328777420715732e-04
1.037503350397544002e-02
2.740342704245865720e-04
2.643606240066054876e-03
9.127146682946245037e-06
5.305967452054646106e-06
5.184051603403109013e-04
6.830552297710840073e-04
1.119102708343038677e-04
-6.434857980843200758e-05
1.742967989851867543e-05
2.091311987841931439e-06
4.812851644035963925e-04
3.457586278659288692e-03
3.676146676998037493e-06
2.322421039543253948e-03
2.414771247795755667e-05
-6.501058225869513585e-10
2.716789444734105281e-04
1.256084027476418383e-02
-2.249156134231068374e-06
4.238963133462831170e-03
2.200526091650757362e-05
6.012408743881315629e-07
1.000000987064897097e-04
1.364942747944758797e-02
3.793423156315418323e-05
3.714950375231562251e-03
-5.689948057448673867e-06
3.163221513123942580e-06
2.628800011729184015e-05
7.622082920504129160e-03
3.506317342344987867e-04
2.052723483722465950e-03
-2.437791103102658485e-06
4.012208029288173846e-06
3.404865522759440040e-05
1.979438614093982293e-03
2.561161877591490205e-05
4.486658922398224455e-04
4.021345503955175694e-06
4.760700515307895916e-05
4.067031182955569633e-18
1.205432582891788840e-17
-5.112672081628440227e-18
6.687295113189542294e-19
-3.735369790451901206e-18
1.436923372380693854e-18
1.952422865202179029e-05
4.260683283160450192e-04
9.439012907362657112e-04
1.998711326734711790e-04
2.399539533634407481e-05
-1.053201905437787082e-07
7.568842059037194075e-04
7.194138635837530292e-03
3.819614932233479036e-03
5.762982035972945586e-04
4.265718662057735099e-05
2.509817857749333592e-06
1.940673791332651931e-03
1.071964684632475615e-02
6.514411322661096092e-03
1.107375009266688614e-03
2.687993542884321548e-05
1.049023507383865623e-05
2.495125901201951336e-04
4.592083556521139249e-06
6.190848249737980827e-03
1.811397442009994758e-03
6.496725123360383255e-07
1.235496552126037967e-05
9.328150727516735065e-05
5.086367549985156000e-03
4.311031115727961827e-03
2.824678933190125606e-03
5.031087873438333139e-06
2.230828479703956591e-05
2.689916594000562591e-04
1.034395938773665681e-02
2.684077403117796513e-03
3.868139792308206495e-03
-2.455389718169271066e-06
4.538888737020081097e-05
5.629730972274406763e-05
1.479167877318607154e-02
1.197759939566660214e-03
4.608740011599982318e-03
-9.618447345627524574e-06
5.711281092598066711e-05
2.138107136632829032e-05
9.637165091737636205e-03
6.904824170537583565e-04
3.150308532738578179e-03
6.567142365456873085e-05
1.222933247261540460e-06
3.821736455869616310e-04
9.646734022218637645e-04
5.451702213887602835e-04
-1.227177241915878799e-04
6.959059088358795185e-05
9.873170045684119551e-07
6.805691923552545635e-04
1.805099498365210107e-03
1.126393371366426354e-04
1.698387848717717837e-03
7.157516115371231446e-05
3.270858180675542038e-06
8.373094427727264177e-04
7.288193666558114361e-03
1.341350654870539195e-04
3.335587040734808856e-03
7.051133492391026400e-05
2.223768030053207119e-05
6.712937068303252795e-04
8.365375506080054147e-03
1.978341814927170718e-04
3.058534455510860707e-03
2.492243279254498266e-05
2.875459425265628182e-05
2.410015696816609132e-04
5.245007127337945191e-03
-4.432877881807576528e-06
1.797060337347540808e-03
2.117059965365315528e-06
5.506567526669596904e-05
-2.164182207830845688e-19
-1.725043271077659019e-18
-2.938186482592303410e-18
1.047338788139871466e-18
3.186220670129103519e-19
9.930408902879307013e-19
3.510851911177116397e-05
1.957936386311282841e-03
2.843827345933215177e-05
4.377186176412417801e-04
4.233443900086052189e-06
4.403348926871310595e-05
1.061983862538962061e-04
1.807494353929831824e-03
8.604507650889843713e-04
7.601977179904179874e-04
8.438545929391977021e-06
-3.261441519538820281e-06
2.105944525557437374e-05
3.714308725807329918e-06
3.485800609439792738e-03
1.235214712027923704e-03
6.675956986870661505e-06
6.016685624225516885e-07
2.358641839990094325e-04
1.363617705189695354e-05
6.195537304821574325e-03
1.812959362119245885e-03
6.485464272528270295e-07
1.226461494907421298e-05
2.241676270042017565e-03
3.756262984799685171e-03
5.140081658889838860e-03
2.450358631162095815e-03
2.858928789208768203e-05
6.562691679620666635e-06
4.308169265299628334e-03
1.024070622635905869e-02
3.383684317729674686e-03
3.028162437657706124e-03
4.766303268848923864e-05
3.871080521667939230e-05
4.323434473478167395e-03
1.181438138921500798e-02
1.724320959729080385e-03
3.642288968582189316e-03
3.462838438371283512e-05
8.176783620372802413e-05
3.229939160496983572e-03
1.267652506288082480e-02
6.630355743778650101e-04
3.808682713665651181e-03
9.218261721610514941e-06
1.118571721505013701e-04
2.263066640877509691e-03
6.442875828841187341e-03
7.651174122671153570e-04
2.587370831605731187e-03
1.152544465796923387e-04
1.849251843855684801e-08
1.127145964888912229e-03
5.280199581894263772e-05
6.422626531350973276e-04
-1.734960682887989663e-04
1.027100724218153819e-04
4.155611493549593671e-06
5.349100499572450327e-04
4.298704654342027157e-03
5.829147672330081600e-04
8.545230169778060330e-04
7.775351479540083268e-05
1.754407003589474390e-05
2.333351504514828570e-04
9.001752719702740130e-03
2.830184311954613420e-04
2.006193364917690548e-03
4.951981816739530872e-05
4.522957341109297793e-05
1.042715621002524977e-04
7.721488031590317477e-03
1.791384910164916177e-04
1.662724024337238794e-03
2.568223256874335942e-05
3.698003769647133948e-05
3.439486167607192185e-05
2.741093982896645152e-03
3.664555918031394262e-05
7.063320056850595731e-04
5.420768001191808191e-06
8.035965959690502959e-05
3.504310128360468206e-05
2.768646747974998820e-03
3.659469035661116711e-05
7.092167820440350339e-04
4.581941806936258921e-06
7.059551709685015896e-05
2.359813255357509328e-04
5.296040848673245517e-03
-2.955227226764175730e-06
1.828639780068159549e-03
1.710114299468356527e-06
5.576788545027031838e-05
2.655841954651382806e-05
7.650359456740753530e-03
3.510697722624216231e-04
2.077723260414006401e-03
-2.566854673503659922e-06
2.625352093598099767e-06
-3.173775004255637472e-06
5.297731863643010373e-03
2.113313952081473900e-03
2.431027140969206461e-03
-2.067480408448858620e-06
7.782135871523933705e-07
9.267499727991923694e-05
5.081838021470375805e-03
4.311716146924235091e-03
2.827976186374445665e-03
5.053336222105836626e-06
2.221991031219342484e-05
4.297049317115702455e-03
1.017379479439987564e-02
3.380938995369872895e-03
3.029641777526082165e-03
4.792109096480483884e-05
3.858308990977793928e-05
3.928999740860477860e-03
2.756363365881302901e-02
1.487970959530400148e-03
3.056905876098935972e-03
1.123986989937862771e-04
5.365497350805276724e-05
6.320144156374223228e-03
2.511361993332646148e-02
6.434619918986233611e-04
3.058791866350891574e-03
1.186232429911089159e-04
1.107012583290070803e-04
7.877779709887254567e-03
1.765966143286368945e-02
3.627465735617946838e-04
2.244778612450697586e-03
1.096800779572524497e-04
1.209053782182955043e-04
8.867814014112178345e-03
7.256617698824968307e-03
2.870849689735273966e-04
1.358105522376583472e-03
1.345766568014481563e-04
2.834373825915865961e-05
8.079680656632648103e-03
9.541845057137342293e-07
2.906348477308067315e-04
-7.391973747390634603e-05
8.543239224522262162e-05
2.275957839345157236e-05
6.707508387410061543e-03
7.702718027834158480e-03
1.085666253802304365e-03
-4.476428317767097318e-04
2.932408989750728744e-05
4.525987303219462755e-05
5.422919503765842413e-03
1.233878565026523717e-02
5.910963539088289398e-04
4.787725708017847746e-04
-8.184731077864921156e-06
9.505200674290130566e-05
3.858306647025261642e-03
8.780688520298871730e-03
8.758246605993313494e-05
3.992444929826804902e-04
-9.342979448480768427e-06
4.659112691389749735e-05
-1.439593002110301200e-17
1.703734474012092922e-18
4.532691972601626257e-19
-1.527359027340533886e-17
2.373164570802522405e-17
-1.517441987370149956e-17
1.003175615433570022e-04
7.636491556638477091e-03
1.842017039000531204e-04
1.664613262901285060e-03
2.494857180779469244e-05
3.638898257542653113e-05
6.643122698839036555e-04
8.313152754765486957e-03
1.875737421340375609e-04
3.146603544629460007e-03
2.565967541541854313e-05
2.960193046861657419e-05
1.017275399446098126e-04
1.354889904412215351e-02
3.781033746030972210e-05
3.834396797085128702e-03
-7.440099832537574916e-06
3.150647624498209026e-06
-7.082890368734423711e-07
1.302477120272355592e-02
1.168610177981568984e-03
4.003482052677568084e-03
-1.024067090673067029e-05
7.521734230523791827e-06
2.681290677058107731e-04
1.033911613981100541e-02
2.680996246931749514e-03
3.874036521282873177e-03
-2.448871569611958499e-06
4.538014067650625381e-05
4.310526019866451654e-03
1.178071817988692732e-02
1.722200250191844141e-03
3.645455578806446051e-03
3.458620363369832709e-05
8.184307686623155562e-05
6.271669398752055362e-03
2.522489348809376156e-02
6.414821049821153084e-04
3.062841075793115882e-03
1.187446354176512216e-04
1.107966384026690544e-04
3.213301382574845072e-03
4.114647885896324797e-02
2.215353923934813406e-04
1.704184651201531148e-03
1.929478758070359240e-04
1.563264680794712136e-04
4.139316513345726693e-03
3.751546011831482369e-02
1.352282752221511811e-04
3.168957125212617533e-04
1.577798381958332794e-04
1.289854031487613353e-04
6.981946003972974019e-03
1.617846339809370093e-02
2.288893196184218001e-05
1.100738785295701056e-03
1.182836904353050308e-04
6.019963014598591922e-05
1.004021883066374098e-02
5.176337064231429459e-04
2.145057977790043504e-04
-1.450756231182724371e-04
5.010509460881565021e-05
3.141727572649768535e-05
1.279063247494687493e-02
7.295437208904543072e-03
3.659752770903021380e-04
-2.622383667825283187e-04
-4.979404373099211918e-06
4.550437442178661529e-05
1.301999800261331025e-02
1.441088129408905731e-02
1.550266147022109778e-03
5.558037873791063640e-04
-8.814824406602043586e-06
7.533149116094478863e-05
-7.064673191996726469e-18
-1.198940336814692546e-19
2.924858053924841888e-18
6.257527101034620702e-18
6.288252524598768543e-17
-1.344893989392139747e-18
3.867921228542995152e-03
8.803893444409675861e-03
8.603114471882571243e-05
3.746362461597608378e-04
-7.482058285491329180e-06
4.891220317157992411e-05
2.401936174976868901e-04
8.937695740795538468e-03
3.008302367299479593e-04
2.091883986338884810e-03
4.769571079158977425e-05
4.436929565325056074e-05
8.163305578052304848e-04
7.221898702324325466e-03
1.283575547366575746e-04
3.451175934401913819e-03
7.078946865586903880e-05
1.961732423754195871e-05
2.729079930936931307e-04
1.256543806235395008e-02
1.613332616205437222e-07
4.330943614863628187e-03
1.843496801091588095e-05
2.373120750974862744e-07
9.284794957260034717e-05
1.827195785236848669e-02
5.100414200698227081e-04
4.784120648905240518e-03
-4.806551502147743198e-06
1.677421159975937741e-05
5.493873462002093729e-05
1.476938040390003530e-02
1.197947931444946984e-03
4.632527246140957441e-03
-9.504912306411511267e-06
5.709629468361460402e-05
3.219531680384882851e-03
1.268105686720840883e-02
6.572607452419352257e-04
3.817541688051444195e-03
9.164849688302376091e-06
1.120571296104914624e-04
7.871851691314551633e-03
1.765869872040324098e-02
3.620330943202258863e-04
2.250453072618445027e-03
1.096169562486526921e-04
1.208542648845975921e-04
4.157691321242537597e-03
3.749567821698318593e-02
1.358542884772497147e-04
3.235372023291513063e-04
1.578628852564137070e-04
1.287695703728001650e-04
1.918073732653035202e-03
4.337592732204989532e-02
5.775022708565219725e-05
1.358277337040779799e-03
1.424459183865212325e-04
9.400912549250550732e-05
1.888651122558591619e-03
2.620890881202914136e-02
5.936845986070788799e-05
1.318602143901058052e-03
9.174606406318873972e-05
4.167437904810503179e-05
2.659597989565516424e-03
5.972306578295010979e-03
2.254863912638660218e-05
5.921400902094050558e-04
3.125363368084781927e-05
1.293410797693734158e-05
3.352055948152557387e-03
3.863254353316493352e-04
-1.702254090980533026e-05
6.506981578864309628e-05
-1.761282595843955302e-06
1.392074690356097972e-05
-1.080055183640907430e-18
-5.290470036909578111e-18
-3.091649053825780827e-18
6.058684678020347511e-18
-2.275725642987399595e-17
-9.538763290678738201e-17
1.315081288358938873e-02
1.425710147613943983e-02
1.556447272981936183e-03
5.745249056514737133e-04
-1.480421461787620439e-05
7.353779192443978625e-05
5.442370862945521658e-03
1.226235481989160735e-02
5.405652243808554882e-04
4.586328910272470440e-04
-7.728634539597909581e-06
9.175469973701976748e-05
5.192879629579264010e-04
4.208319093195384865e-03
6.727890023284518019e-04
8.159609235231406795e-04
7.626303598422030808e-05
1.607933074504050297e-05
7.008224287942054712e-04
1.777441395311305005e-03
1.058910553091082791e-04
1.702882570038581839e-03
6.822263471212976313e-05
2.158999246624322165e-06
4.884785077623050560e-04
3.451931469035819395e-03
6.878710761057163990e-06
2.155397829090693104e-03
2.461129399591607087e-05
-6.038713862010012281e-08
3.112314555541120407e-04
1.037687780375811872e-02
2.743803781292121447e-04
2.668913213644233569e-03
8.915541995959609976e-06
5.663484407149645251e-06
2.345032707439470923e-05
9.640822125739053131e-03
6.894371051732206025e-04
3.193570336275414808e-03
6.556389960418642759e-05
1.525248723672860582e-06
2.256773267346547790e-03
6.445282107463649185e-03
7.648030203610198252e-04
2.621337354672163659e-03
1.153990432438952650e-04
1.573062435037638925e-08
8.862380405880932593e-03
7.273545796806613929e-03
2.849216604755073394e-04
1.358919534560988889e-03
1.347149855679945370e-04
2.808341715791785062e-05
7.001699585390205177e-03
1.616074590066299277e-02
2.208515459970410806e-05
1.094280007213814391e-03
1.183952794438146531e-04
5.995496600265704554e-05
1.896492283621137699e-03
2.621092158520358165e-02
5.928197027342639992e-05
1.320113613909673893e-03
9.191259949337521318e-05
4.164744392861181665e-05
6.699611553871565430e-04
1.938222452607299071e-02
-6.012342256152891298e-05
1.002930056032100368e-03
5.327705289897938462e-05
1.131702339444772740e-05
2.736841251355928099e-04
4.829381802298328245e-03
-4.566609000683064890e-05
1.845423457731073808e-04
1.094192946173946595e-05
2.903802767042207255e-06
-2.470042326713557798e-19
-2.925976182120263798e-17
3.483237493220809093e-19
1.798782195805240992e-18
-9.963966134346374389e-19
-1.775445146772148381e-18
3.338077357081647295e-03
4.007928475272699571e-04
-3.012788775011425609e-05
6.311584779618460901e-05
-2.039298208351523293e-06
1.355486727991655658e-05
1.272517229499205149e-02
7.325318186433200408e-03
3.680547703767752675e-04
-2.285966692782153049e-04
-5.284508735100931599e-06
4.934616602940683478e-05
6.716154291244664024e-03
7.596391922242848142e-03
1.051735605633063271e-03
-4.287749032919108182e-04
2.868124559609157840e-05
4.559165266061591140e-05
1.130383335080923507e-03
4.995920571644789848e-05
6.575224941242919499e-04
-2.124531246819790224e-04
1.021339856093144793e-04
4.781994331775083423e-06
3.687612953283824109e-04
9.520311196293870099e-04
5.248295457182211403e-04
-1.283669517974032729e-04
6.827999801833378897e-05
4.786420809375906470e-07
5.207970450963239541e-04
6.834353675248578015e-04
9.703018679210071915e-05
-7.574226990215612019e-05
1.828629796138450580e-05
2.294147273168583743e-06
5.216772238745597456e-04
6.821186675853787998e-04
1.120820468120094573e-04
-6.325438096492025592e-05
1.713956693613152780e-05
2.298433222170230233e-06
3.854995607665040631e-04
9.650508379076591214e-04
5.477550217712883612e-04
-1.165625333678596575e-04
6.937010571392606534e-05
1.110946724067074957e-06
1.123577532649158673e-03
5.293957562504794846e-05
6.410337518040371560e-04
-1.633533070182570965e-04
1.022810753182694084e-04
3.929837874544702332e-06
8.076090357462310798e-03
8.718183445335103811e-07
2.880512082346845383e-04
-5.824611939438613969e-05
8.531282450072023328e-05
2.231042232916090565e-05
1.004060781459254620e-02
5.161490098497960354e-04
2.141937162592904859e-04
-1.376881271183838127e-04
5.007829266064729376e-05
3.103148227844117668e-05
2.663737188808887584e-03
5.969152938132107726e-03
2.237830380147980375e-05
5.892031261525745552e-04
3.120601861407574070e-05
1.280971120078056152e-05
2.738688896373441808e-04
4.827084506926924631e-03
-4.508040310925198101e-05
1.826766597963241814e-04
1.090369024280460450e-05
2.873059159236527855e-06
3.868862705835964230e-19
-5.031065085694310930e-18
-4.094986673889448866e-18
-9.776244085524286208e-19
5.517692868807003486e-20
2.550135539156358663e-18
2.711043932037121964e-04
4.834372221064050720e-03
-4.519828012671354295e-05
1.668036317781670897e-04
1.126714505581808448e-05
2.512745071504173292e-06
2.639834789949542602e-03
5.892009223811338521e-03
2.548875370808879702e-05
5.262401517474316536e-04
3.121941534235551371e-05
1.172064891051369820e-05
1.004956545302882268e-02
5.207702251675548925e-04
2.232381824605230694e-04
-1.229932018399504672e-04
5.116341610628317603e-05
3.315258165408073893e-05
8.040378548494498887e-03
5.211974309967817844e-07
3.332523791544892994e-04
-8.567402152948488025e-05
8.491304126251325449e-05
2.471656368460765953e-05
2.234159524146771877e-03
6.546492572729600834e-03
7.629649327057508312e-04
2.535765076205405855e-03
1.158540934835316041e-04
1.794863904385876864e-08
3.452033464660440138e-05
9.637333934333466162e-03
7.256825671602371323e-04
3.085470935054898840e-03
6.442876653885448604e-05
4.595326795974362298e-07
3.222305443102969858e-04
1.028538672217703918e-02
2.939267676320692015e-04
2.523772944473162087e-03
9.224324709356777568e-06
5.775232867217760415e-06
4.845038636488563756e-04
3.460612313031314908e-03
3.850687158574375199e-06
2.317156612779155446e-03
2.375141831798071549e-05
-7.947592955506077996e-08
6.832510057208193884e-04
1.807842068402886696e-03
1.163030734719885175e-04
1.688301092463191959e-03
7.140829580887661174e-05
2.983928007590641139e-06
5.334306110022732925e-04
4.293702941230680137e-03
5.887768879176421373e-04
8.507430111625898916e-04
7.716256775986186120e-05
1.690020189352976106e-05
6.704406215732283160e-03
7.696812289620935665e-03
1.062734144296406278e-03
-4.456269959422496968e-04
2.919676839037117368e-05
4.451706263044711437e-05
1.279508431727079641e-02
7.287853196402217792e-03
3.586353097158337063e-04
-2.640560720223305712e-04
-4.967542534645964906e-06
4.498360004558808647e-05
3.356259378957470764e-03
3.852155210399177041e-04
-1.574673006684552094e-05
6.468345350262290979e-05
-1.775939066885764435e-06
1.375544548486336700e-05
3.526017900186845540e-19
-1.532004484106999584e-17
-1.677288350570176721e-19
5.360175941362903063e-18
7.199735188790019044e-19
6.220162713684010462e-18
2.715153884198006143e-04
4.834828438563869464e-03
-4.445054708240705544e-05
1.659366295488692714e-04
1.122208150551334244e-05
2.487315220008155696e-06
6.805346436030181023e-04
1.961648060602526333e-02
-6.387594967742238903e-05
1.008672979544032429e-03
5.393382487088697479e-05
1.120682255239945446e-05
1.904893250472954177e-03
2.649743667729758528e-02
6.304057891086493068e-05
1.290373212987007412e-03
8.854190483655524223e-05
4.371520820604924123e-05
6.942687894208187001e-03
1.629701964837266398e-02
2.251732409274760494e-05
1.094705077785963071e-03
1.176770494663230106e-04
6.188763243788542642e-05
8.812139531308209317e-03
7.377284146059231995e-03
3.182855590366042461e-04
1.397476579567179331e-03
1.358383480988639388e-04
2.788849128032243116e-05
3.219103936125314921e-03
1.280545131091060350e-02
6.060855355132241731e-04
3.672439552157283436e-03
9.241449649759475305e-06
1.095541354004028869e-04
6.076302844415171824e-05
1.479744467542028381e-02
1.196259537836333276e-03
4.531019941232295942e-03
-9.631210412765659631e-06
5.561895467274088667e-05
7.992715732083647509e-05
1.831031807981941401e-02
4.887740600654416406e-04
4.659615121454321190e-03
-6.134181628969009421e-06
1.730286713743085482e-05
2.743931032271169045e-04
1.258156551364770538e-02
-2.260269987256390370e-06
4.205190398825446770e-03
2.173761874484956500e-05
5.031541919069186645e-07
8.394089220115458173e-04
7.301316018730053502e-03
1.350735476600203194e-04
3.314661753550473319e-03
7.008272209036356111e-05
2.164444867454212818e-05
2.332315334418908967e-04
9.007455072144537889e-03
2.864982669644153030e-04
1.994837754189752489e-03
4.866543986814194002e-05
4.418499439134363632e-05
5.425133665300440125e-03
1.235016152209255681e-02
5.904625294975229073e-04
4.801825858064457829e-04
-8.173943155315094297e-06
9.373958087692242733e-05
1.303460096724877622e-02
1.440903460258750879e-02
1.517042173700226641e-03
5.605146543240111185e-04
-8.960794343248262977e-06
7.475664413785297450e-05
8.370521713337737232e-18
3.167128720011234007e-17
-2.444767401957764343e-18
3.787381433123732805e-17
5.266146705464809779e-18
3.024507750371576635e-17
3.344704749079244373e-03
4.002223670586943028e-04
-2.858546569358539052e-05
6.358605773338546604e-05
-2.038138324345443455e-06
1.337262119301071136e-05
2.644451622840663079e-03
5.890100973545041134e-03
2.535699513228016397e-05
5.268606693288025410e-04
3.124696033783222471e-05
1.160956223734815839e-05
1.913833945643315156e-03
2.650240152589574544e-02
6.298262083530687088e-05
1.294066254716455576e-03
8.871043616327014278e-05
4.368125622166832341e-05
1.915970965799702495e-03
4.289758599505295866e-02
9.036895942108320152e-05
1.412023732245053318e-03
1.399505824605770167e-04
9.257570707989384959e-05
4.151343670730282126e-03
3.735279188610967499e-02
1.570103900178008408e-04
1.256145504994980039e-04
1.555356848321674226e-04
1.279147447720187106e-04
7.702003316865232638e-03
1.796502922732006943e-02
3.475943058211893423e-04
2.322267251651942161e-03
1.118027443575033265e-04
1.196769740036558163e-04
4.336315180560357772e-03
1.185610758883988425e-02
1.724059794345939728e-03
3.692427153151892072e-03
3.485328137694837270e-05
8.105350489927450053e-05
2.647873866128267113e-04
1.020023195328841233e-02
2.668065014243121286e-03
3.784369761526365939e-03
-2.528371521278385147e-06
4.441150310712282853e-05
-1.020945366177012170e-06
1.292994311372349867e-02
1.192842936059123607e-03
3.880290645551535619e-03
-9.936242639840173706e-06
6.708252608985283795e-06
1.020322222481337979e-04
1.366752914958977230e-02
3.823727802876527324e-05
3.694941905934170760e-03
-5.658794628688788058e-06
3.264400798223105690e-06
6.732245204927590721e-04
8.375513555032527979e-03
1.963107464824889097e-04
3.038847773453525521e-03
2.627709653210033282e-05
2.814895017859288969e-05
1.047328765259619194e-04
7.733509324646416043e-03
1.790801031549028594e-04
1.660805570864076720e-03
2.555360153797598649e-05
3.571881390813312325e-05
3.865660996912363354e-03
8.791649586528978502e-03
8.900032887990420773e-05
3.991980246530505111e-04
-8.842665933596612779e-06
4.471615182981720913e-05
2.751582074218463625e-16
-3.249857582871374720e-17
1.469956088182032922e-17
-6.938857668789169066e-18
-5.353988606106376626e-18
1.402897720641371077e-19
1.316425679349801474e-02
1.425360110066833767e-02
1.531120547797534728e-03
5.786317762436790592e-04
-1.492256305774340037e-05
7.313618435505814166e-05
1.272881352646895899e-02
7.317893082057267025e-03
3.674407264967931904e-04
-2.301515368178870167e-04
-5.271904341762098256e-06
4.889587507116347186e-05
1.005015864965062324e-02
5.196799661329215992e-04
2.230381496213690339e-04
-1.178034340691103506e-04
5.119615668334894881e-05
3.289324948528032667e-05
6.963042165323657558e-03
1.629113383721535885e-02
2.199916013291467362e-05
1.096524953665961068e-03
1.176975875388137926e-04
6.175408612991668074e-05
4.173374564585029430e-03
3.734008983633528567e-02
1.572582834582700578e-04
1.271570310844093003e-04
1.555430791780880071e-04
1.277752785744492908e-04
3.144241380896013391e-03
4.223448289036088599e-02
1.879597696016809883e-04
1.685597169280351288e-03
1.881765396900215092e-04
1.548703596742525526e-04
6.298979524173290399e-03
2.474418812699563999e-02
6.462275089545164216e-04
3.182973095623282695e-03
1.174850293587643524e-04
1.110749064869596470e-04
4.331883685528309380e-03
1.016341466588585422e-02
3.413427895459156172e-03
3.091899858554153935e-03
4.840665140582183119e-05
3.832973882014355829e-05
9.866169507260932848e-05
5.163743425804340724e-03
4.148795038154217026e-03
2.850869930111702300e-03
4.790457344047558759e-06
2.350599739523859721e-05
-2.877036369897881867e-06
5.326021125573093817e-03
2.125544476390783203e-03
2.365764409316205297e-03
-1.997797271870501381e-06
7.364311478483847745e-07
2.746310329985763855e-05
7.637627810787099049e-03
3.504106875988153430e-04
2.045570454618023375e-03
-2.488496490836004315e-06
3.254601884908597199e-06
2.443605163446567539e-04
5.240323754616144601e-03
-4.822994422538317937e-06
1.796077098119037941e-03
1.785100133233142030e-06
5.058922383951925983e-05
3.431913507799644433e-05
2.745061754405584038e-03
3.613017197608259343e-05
7.047857327097994994e-04
5.388354311203516513e-06
7.943857675239232607e-05
2.280576890240186985e-16
-7.186799631879823655e-17
-1.241090470138873798e-20
2.042980008355699960e-17
-2.898583512019375656e-18
-1.567395805372311480e-18
3.874347211740978691e-03
8.815863671819997374e-03
8.662733327872384180e-05
3.771193015945195734e-04
-7.404778221320443054e-06
4.714259667690317527e-05
5.445567194228670589e-03
1.227621328572329508e-02
5.366417161855422139e-04
4.610567595238150422e-04
-7.740084214649402725e-06
9.003189374424234331e-05
6.717089729439014271e-03
7.591970101365495827e-03
1.024331471439548710e-03
-4.257162517914571788e-04
2.864896361121310828e-05
4.435571155857871933e-05
8.039577005185599354e-03
4.941098759509339181e-07
3.296812287843850085e-04
-7.300484017320468398e-05
8.496006145407101193e-05
2.421863469046340827e-05
8.807518997481084133e-03
7.390640241645732474e-03
3.169588286970590504e-04
1.412390835632184672e-03
1.360934608218506759e-04
2.762918340108571288e-05
7.689498581035085836e-03
1.794324653349531340e-02
3.475436406265507388e-04
2.318631074449055245e-03
1.116118808379840398e-04
1.196473962127083958e-04
6.247765271283803323e-03
2.480125049750757371e-02
6.446885279968501579e-04
3.187795084851827165e-03
1.174934246502270591e-04
1.110914738165863866e-04
4.114158538914372033e-03
2.683083190357083217e-02
1.463325112356477333e-03
3.055116218309894549e-03
1.130981901793773396e-04
5.334754020568673158e-05
4.376190656653685816e-04
6.481246011504365355e-04
9.156072272942789156e-04
2.927449601479430435e-03
6.944581747817627705e-06
1.260609416461052913e-08
6.999144313925152844e-07
9.895951639065511066e-04
1.790954869926863384e-03
2.825618626101490758e-03
7.074779179064096226e-06
1.325029511692008157e-06
2.103637941290922701e-04
6.890566666653741203e-04
2.298979840255412164e-03
2.533628905636679373e-03
1.890820540375743114e-05
-1.332095452090685137e-07
2.621974457955034143e-04
5.602013656549797906e-04
8.822810983858726417e-04
2.035300704546285332e-03
2.274244449563288045e-05
-1.164473978002603649e-07
1.646917286430892371e-04
4.677553640214842171e-03
5.788264152350785676e-06
1.371671809646437873e-03
1.680563654752743915e-05
1.539847844776098403e-05
3.189735215043943393e-05
2.778672755040188617e-03
3.633691183659828512e-05
7.225612042849285281e-04
5.587397820462664852e-06
7.526871010392722301e-05
1.332125472601155443e-18
5.328352204591032991e-20
8.990199063295152443e-19
7.058388894123088562e-17
-1.243100380690768966e-18
-3.193801646110176746e-18
1.421387674198266134e-05
3.311605196724434069e-03
1.540761786979572359e-04
8.370334396920629718e-04
5.695813227984808335e-06
8.301967903595356356e-05
6.012333629240085487e-05
9.715719080494397003e-03
9.093126479056086236e-04
1.801398086846642569e-03
1.872626812083480279e-05
8.326355875068685122e-05
1.847103857547399849e-04
1.221859215433258872e-02
2.300221436374802475e-03
1.199501479407967921e-03
4.175615305311971621e-05
5.458835912590083108e-05
5.180638264023436140e-04
4.197064652734687831e-03
6.113457607487344158e-04
8.223687866676927631e-04
7.793141872995497572e-05
1.518997945478898371e-05
1.130830761649680811e-03
9.355429644443458191e-04
1.975095083516467567e-04
-1.316393970182362302e-04
9.940942790317754141e-05
7.163319834238253682e-06
1.731079775544741659e-03
8.681165918158919789e-03
1.424330718194747073e-04
2.051555150551283996e-04
9.442729249712600282e-05
7.735063561520184235e-06
2.079170719205331985e-03
9.406620862573895209e-03
2.508766715778103186e-04
2.862022812736172940e-04
1.668436436967465211e-05
7.696181114087398889e-05
1.530060337088921850e-03
5.697569778550317515e-03
1.530940320326697516e-04
1.844553418198512356e-03
1.784912793172540888e-05
2.333465713209007634e-05
8.945281896368653841e-07
9.896620307810165013e-04
1.790067387449713592e-03
2.826856929569431399e-03
7.021208596301616633e-06
1.350765404699511064e-06
3.371290423104415855e-05
1.204397758153262846e-02
3.111380840167521020e-03
2.313149805807319763e-03
4.105094523844039810e-05
-6.421019106184704296e-07
3.616198939484917914e-05
1.010303966107399358e-02
3.739774690159416992e-03
1.612792848253154178e-03
5.359398555594109754e-05
1.199625961795903248e-07
3.757846493097114046e-04
1.930582902215952253e-03
1.693750770189043778e-03
8.755466347472511211e-04
3.968548667799578594e-05
-3.020160299495760350e-08
6.389363914027896239e-04
6.054837991125245006e-04
9.945223193951702677e-05
3.093356299664739434e-04
1.239028982158541497e-05
2.131558766383599392e-06
-9.016448570947217555e-17
-4.705154694144970490e-17
-1.456111927638589161e-19
1.245001862294501076e-17
6.829535430132063293e-19
1.017694084692397125e-17
3.591498177106538679e-05
2.777545831946117653e-03
3.535758923892524480e-05
7.144477777462972679e-04
4.059815206007417435e-06
7.118479791402936550e-05
1.052603145043249592e-03
4.722398542938484149e-03
3.651937036254093868e-04
2.469386900238046498e-03
3.427559378443455120e-05
1.186319057942252392e-04
1.920212448145182989e-03
8.718692747357663711e-03
5.539376814074980322e-04
3.735197338374984712e-03
6.906221017715237194e-05
2.519917800489415710e-05
1.789808424437930702e-03
9.242208678688005122e-03
1.073260046125335465e-03
3.117622344933509721e-03
7.813705989407593289e-05
1.794387638685736923e-05
1.158722327450678602e-03
2.953121619382916008e-03
1.355253351553096369e-03
8.533259250433648715e-04
8.638017547527749326e-05
-4.632730323106713141e-06
3.707270767700467573e-04
9.573924142958207921e-04
5.882646497008824126e-04
-1.155806377523315370e-04
7.005397722681326578e-05
6.900151391907560843e-07
7.316678139392956346e-07
6.948910322704202752e-03
4.080812500382986849e-04
1.457217871809149195e-03
4.395501774077145951e-05
-2.555853979545734845e-06
6.848379246128412227e-05
5.668392620456095751e-03
1.716424833083455279e-04
2.472884487128198302e-03
-3.733600637538035972e-06
3.639573745794686782e-05
3.919227743056253200e-05
1.529074414131995465e-03
7.509711984668148311e-04
3.266316474497882403e-03
1.143526303106820363e-07
1.573174578384739657e-05
2.118404214645227916e-04
7.087911353069718551e-04
2.298109074163252798e-03
2.531745846914454107e-03
1.875524101262469583e-05
-1.267603252226019452e-07
3.111349905583829918e-05
1.009591715472246687e-02
3.742675176671901062e-03
1.609826539955576960e-03
5.336157037860999745e-05
1.298716955469988345e-07
3.436379430438223976e-05
1.348277801008031934e-02
3.956776341514205327e-03
7.988562955492135983e-04
5.936795383739236677e-05
3.216043433543076210e-08
3.809581062789919756e-05
4.054339041378116765e-03
1.098284917042872564e-03
2.431048250974929693e-04
2.964069533536045438e-05
3.511043865184754075e-08
-1.274711394309695713e-18
-3.231140667902576363e-18
-4.148026251001644282e-18
7.256051292087587010e-19
-2.450580903737071044e-20
-1.154612106860740578e-18
6.505725810066387196e-04
6.024750250390623974e-04
1.179891577805637995e-04
3.150337421999853805e-04
1.197514395347994963e-05
2.441025005439101007e-06
1.678095963926439752e-04
4.662901271100285128e-03
6.117330930625289923e-06
1.395845520043788356e-03
1.615465922667710014e-05
1.508241699387081671e-05
6.686177459587978097e-04
8.305127075192464056e-03
1.792192209493066409e-04
3.178399853810688104e-03
2.405737853634116487e-05
2.750180991448026939e-05
1.419519212381777258e-03
1.284512125140368187e-02
3.031371391158844291e-04
4.355842089902133875e-03
4.227495813013292707e-05
1.011205615821074743e-05
2.599023381345213005e-03
9.356694859980396392e-03
2.309386609162618809e-04
3.292530593635771725e-03
4.505891317551902864e-05
6.621649189494655251e-06
2.742605083916356459e-03
1.203408798992498027e-03
3.767834334009794394e-04
9.212531533567780385e-04
3.981274550443174445e-05
-1.380270680539669773e-06
1.586247034787624218e-03
2.925269213867032030e-03
4.196238499260798098e-04
-1.009517531029625089e-04
3.291329936545685036e-05
1.517116448726603456e-05
3.208027189986162016e-04
1.031612160972091886e-02
2.866921114631941557e-04
2.503123407672908345e-03
9.149396614815957654e-06
5.640347381610009254e-06
5.243124975948046605e-07
7.196587209911228106e-03
2.941007839025187366e-04
3.669604522031970958e-03
2.792254016442932999e-06
8.671903487182475864e-06
-1.097978924281321012e-05
1.218516712650714916e-03
1.037512493161015263e-03
3.527536722327725797e-03
9.748635703365823106e-06
2.139675639486646543e-06
2.619804460859576512e-04
5.508230089220966580e-04
8.821533528077263884e-04
2.038285951412193309e-03
2.274255369663818121e-05
3.030860704074658155e-07
3.721370682813970074e-04
1.936107232108882524e-03
1.704747342324347201e-03
8.775445506525577982e-04
3.951218857801162886e-05
7.490064405760666690e-08
3.646241226485283479e-05
4.063406472691330831e-03
1.100567660775721894e-03
2.432475740591724417e-04
2.958370759403595781e-05
3.758032741726384650e-08
2.801878002846863081e-18
-2.838859514183371736e-18
-1.630442561998965097e-17
3.161854028469192180e-18
-3.708256505639152338e-18
1.728832946259894849e-19
4.193174680288817472e-05
4.057442335310516845e-03
1.099298440685302124e-03
2.510701680485123276e-04
2.692553892270074391e-05
6.530487185580185256e-08
3.661645282023980388e-04
1.924008522520073055e-03
1.691120141748623639e-03
9.221092942251006130e-04
4.032676129348982980e-05
3.454251355137452532e-07
2.730330512171026615e-04
5.731585079388703706e-04
8.716722526376891825e-04
2.046225969052122440e-03
2.253723569115557873e-05
-4.788823612664226584e-08
1.169882005269172541e-04
5.029515955683168914e-03
2.059353998338071757e-04
3.465580726238933797e-03
1.770997294130135976e-05
-4.056917016026274183e-07
2.775303283809182767e-04
1.251782002052804176e-02
7.578171198792969852e-07
4.324411664273079478e-03
2.147541494285605600e-05
2.823293798380314072e-07
1.025637334614285491e-05
1.416679189801374646e-02
2.154125991396409086e-06
3.118302950045674822e-03
8.612709640401472823e-07
4.456392428212790549e-05
3.819751312029837407e-06
3.029316489647982096e-03
1.767504677378218021e-05
2.662248029304495767e-04
1.391028122663263206e-08
8.325997301282458217e-06
3.923998231875493334e-06
3.076148157312168837e-03
1.798478312922868730e-05
1.972671737584974115e-04
-8.765825881034167633e-08
9.415564074943157656e-06
7.992027579956541684e-06
1.410245070610897586e-02
2.477887931807130470e-06
3.294271622426037452e-03
3.928124149373520209e-07
4.798677794739760654e-05
2.680687913345305051e-04
1.245952451517777677e-02
-8.357570180619421924e-07
4.255117110434565239e-03
2.165457002686995076e-05
3.517364758750403263e-07
1.105748428354003782e-04
4.980932925758094730e-03
1.874414365289290218e-04
3.416031226568051141e-03
1.771044985207549338e-05
1.466419504918691748e-07
1.640066771755607040e-04
4.667595870284112214e-03
5.803143227657368475e-06
1.381812192895261670e-03
1.675306891594047990e-05
1.644867374349655940e-05
6.365781306749706842e-04
6.012650658069076904e-04
9.943122819114160490e-05
3.117758283804931909e-04
1.238653065180327885e-05
2.166854196164357246e-06
-7.872682876354451629e-19
1.278287395922761353e-17
-3.811706098227211620e-18
7.792039495690629866e-19
-6.523708473980356145e-20
1.513134934966426111e-18
3.894000126559902478e-05
4.052605958045307939e-03
1.102347853857072986e-03
2.517773022715443410e-04
2.689396472481346066e-05
6.911472189678516207e-08
3.112478421460560256e-05
1.354523170063847912e-02
4.065521081088689474e-03
8.540984369968067629e-04
6.156505046623367435e-05
3.447334175078830574e-08
3.845310275840386994e-05
1.006916328441206411e-02
3.854527386803786003e-03
1.668912097933874595e-03
5.342313357128112438e-05
1.222424075060439105e-07
2.132159934608893431e-04
6.131997449845641998e-04
2.275076537347969080e-03
2.575089749064423793e-03
1.892897979754852057e-05
-1.008601227104592842e-07
-1.163696501442839969e-05
1.188300034843719046e-03
1.093458715674128310e-03
3.487074147475428734e-03
8.633772280579281238e-06
2.426122698500070374e-06
1.420453028535469735e-06
7.231386343974843638e-03
2.827553053812122195e-04
3.841813688401670215e-03
1.758624990540597182e-06
8.739148663486569527e-06
3.081209738819662793e-04
1.030224968597172157e-02
2.760605036330277613e-04
2.635959664310032115e-03
9.331622731820573462e-06
6.982725392216493011e-06
1.623001897542047630e-03
2.909100606787868616e-03
4.244747118548547818e-04
-3.279123312827286264e-05
3.192583688993074484e-05
1.623085432338028424e-05
2.713442427618385951e-03
1.223148270995972698e-03
3.396035611895502956e-04
9.126917887850049572e-04
4.203758095655977319e-05
-1.384879959286404399e-06
2.603632157583849870e-03
9.464726318233312660e-03
2.117687740599153768e-04
3.287254873187421544e-03
4.668531096620268930e-05
7.518321489636157320e-06
1.428090475370276695e-03
1.288287971431230187e-02
3.021056646418712657e-04
4.215031668164579380e-03
4.395010047269293436e-05
1.167015058410044792e-05
6.760230782630893571e-04
8.365594499019694125e-03
2.019258718408153508e-04
3.077415889343033690e-03
2.612375290094450135e-05
3.110353040397017193e-05
3.215819028022026346e-05
2.774612085196850094e-03
3.665658885824464586e-05
7.262367427891690437e-04
5.594447547036673946e-06
7.640564128698417942e-05
2.192529498194807614e-17
1.349497371554574147e-17
-2.504210376776148900e-19
1.527371781466710464e-17
-3.766052683039742905e-18
-1.608326637325125003e-17
6.482078380063136837e-04
5.977021321543303164e-04
1.172185425688422594e-04
3.151500082766243299e-04
1.193019725981581814e-05
2.514515906511600824e-06
3.600745788318892616e-04
1.934051265005771883e-03
1.704598515363685849e-03
9.251632571897483448e-04
4.021092438250601535e-05
4.202909063420327158e-07
3.237678945106080736e-05
1.009248560887899410e-02
3.858124779278356790e-03
1.669790651132532647e-03
5.328321869882727494e-05
1.307111939280066470e-07
3.469831677969066673e-05
1.224362358330490994e-02
3.148395114692118229e-03
2.381815212471382302e-03
3.931238803561201668e-05
-4.893254044983044592e-07
1.101421778608991592e-08
9.654903476183695826e-04
1.774486119226651587e-03
2.861010056382944523e-03
7.255820848302657872e-06
1.522546203776260197e-06
3.055557044227566547e-05
1.560386125182052636e-03
7.821396429258706913e-04
3.116334939646020399e-03
2.506882091287236483e-09
1.609554199988063970e-05
7.430295629935110269e-05
5.682224505943613869e-03
1.707488749819676842e-04
2.388846647171007781e-03
-4.136812207863576197e-06
3.701005509392672814e-05
-3.712119506440513280e-06
6.880580317184051449e-03
3.830183237260801200e-04
1.287910205126750838e-03
4.440250695409873535e-05
-2.236446262261041351e-06
3.806309288427493168e-04
9.385191709603507657e-04
5.483486981941231107e-04
-1.359405173896690612e-04
7.009335608364338725e-05
9.269378661908835353e-07
1.126914850221481020e-03
2.967256771156393663e-03
1.413661251374482728e-03
8.570949611978383132e-04
8.292566389937458592e-05
-3.600686754808399048e-06
1.793102312952279519e-03
9.303156706862542383e-03
1.085845685113650920e-03
3.200751783918047606e-03
7.838105479291760627e-05
1.860716672160897455e-05
1.885202184428083801e-03
8.638353526555323306e-03
5.445738101445440254e-04
3.559173339202837804e-03
7.748025632119255287e-05
3.070471779606152412e-05
1.066911559480716561e-03
4.783240453650099491e-03
3.617029322189796231e-04
2.368279288777260828e-03
3.506304883158394470e-05
1.234447725559751447e-04
-1.756457796594932110e-19
5.259127680188835269e-19
2.505530468468246251e-18
-1.364887670257605361e-17
-5.888190940236250944e-20
9.683180781021871109e-19
3.615020285485183086e-05
2.773866445091421450e-03
3.584726493104162720e-05
7.162780626794253321e-04
4.042284482492447660e-06
7.285564920514379201e-05
1.676205229872899201e-04
4.654106131704732925e-03
6.160931774431016125e-06
1.400891579320259111e-03
1.621170551661450825e-05
1.593179627376225258e-05
2.748855351506547420e-04
5.584820003295677638e-04
8.714137895549962801e-04
2.052418221046376379e-03
2.264586843067714644e-05
2.982485615036734068e-07
2.171150890803878796e-04
6.356493820171136471e-04
2.272959868848261310e-03
2.574456087271104112e-03
1.867069016586960344e-05
-7.054310639851000877e-08
3.367790329561403312e-07
9.773950757735469855e-04
1.773644464382543922e-03
2.858527052923986837e-03
7.099506050588831988e-06
1.478003170343314879e-06
4.388597102297020838e-04
6.497402619835333879e-04
9.818247594132988032e-04
2.873810968825346850e-03
7.207896372387147444e-06
1.207175219866027670e-07
1.559276867358469400e-03
5.769761354975428379e-03
9.699418639692134890e-05
1.798526665995547934e-03
1.781725482113740566e-05
2.389852738141683770e-05
2.074244193968067997e-03
9.263844463258969625e-03
2.430604483340864023e-04
1.477931859843683541e-04
1.755531729346987991e-05
7.521273274433676174e-05
1.769705837928398865e-03
8.448523713048258776e-03
1.396177613577023356e-04
1.767126211131947423e-04
9.619594272018500635e-05
7.996414052640448330e-06
1.125582649359190305e-03
9.278275939588997425e-04
1.816575323746516860e-04
-1.323872562291955536e-04
9.786703184282936137e-05
7.519495934334999448e-06
5.355020089261549373e-04
4.319862137358928753e-03
6.078765074850440379e-04
8.059310191256280212e-04
7.680273754695107183e-05
1.751309664845256695e-05
1.822411830931082259e-04
1.248919911563235383e-02
2.388706034581335180e-03
1.269900492124060492e-03
4.152505553040029184e-05
5.951658062168844831e-05
6.168459270272475079e-05
9.716684898227988254e-03
9.242432216999618222e-04
1.769727459667065281e-03
2.212156741885622861e-05
9.283452036713085405e-05
1.337377199955217097e-05
3.323417952040922177e-03
1.604921290193251249e-04
7.991144339937104012e-04
8.542371799908606765e-06
8.193397290791346944e-05
1.443090047498066002e-05
3.307712405837576631e-03
1.533356947675738706e-04
8.360680986008051790e-04
6.039650793865632598e-06
8.372975923093877652e-05
1.049741525973807562e-03
4.722849328502874526e-03
3.645223468020741364e-04
2.478284855103754600e-03
3.294806302069775420e-05
1.203300862737694004e-04
6.660822013141812778e-04
8.293786714798646528e-03
1.801729680932857749e-04
3.203612379384870954e-03
2.369923042975102958e-05
2.806381331621196423e-05
1.142005355569612708e-04
5.001019930459522575e-03
2.074152572101071275e-04
3.473282066266590584e-03
1.779466259732493774e-05
-2.312227292976286122e-07
-1.241330123117226038e-05
1.183197022468273317e-03
1.094618832226467971e-03
3.494410321587543364e-03
8.614955528504526845e-06
2.365707732499319733e-06
2.987033327684654349e-05
1.593703217519306303e-03
7.818292296886081381e-04
3.118876249035530072e-03
-1.010776475468074017e-09
1.604832119909252360e-05
1.513606210984862416e-03
5.758488807382919177e-03
9.439981506436126121e-05
1.799685596141949910e-03
1.784424926423111649e-05
2.390778870170186211e-05
1.703905352129510145e-03
2.083617169908560246e-02
1.318829602298360966e-04
-4.141437010965853100e-04
7.196175923537212005e-05
5.220335657747171364e-05
3.392337780742901796e-03
2.353185018416067975e-02
7.311703518537604094e-05
-5.831368334808016782e-04
1.051972314282219935e-04
8.548441590963417626e-05
5.157058775060193063e-03
1.623270268616991766e-02
1.932580948588478584e-08
1.787220412463130066e-04
1.162846426024941656e-04
4.184701571250061720e-05
5.991908938443498041e-03
3.158471630660572745e-03
-2.512934694943791186e-05
2.050955403579613254e-05
8.931746145950503321e-05
2.769202593954194557e-05
5.931456105975829556e-03
2.912518333912374538e-03
7.211557464776833127e-05
3.783059653006051867e-04
3.410020293992970148e-05
3.841274383480459346e-05
5.408046331016836891e-03
1.233716724544661053e-02
5.561413705595966931e-04
4.599160786779260914e-04
-8.252838343148046813e-06
9.658895823481750749e-05
4.709047136126974335e-03
1.133849829649581989e-02
1.710848884340989817e-03
3.474000695160936203e-05
-1.007889624551893559e-05
1.395580970890080515e-04
-2.272317577508411592e-17
-4.849033965236401871e-17
-8.732705573920401565e-19
-3.045848707404492233e-17
1.989577945877411777e-16
-2.144749992478042335e-17
6.029856213390335427e-05
9.712333281860541928e-03
9.178288559805908601e-04
1.814286755925098582e-03
1.903508037493532453e-05
8.564481362036477493e-05
1.919112806891566311e-03
8.716217117981053808e-03
5.519844216723049759e-04
3.760744577004042962e-03
7.090832840931278480e-05
2.739420321852312738e-05
1.413516763426513057e-03
1.283948760324933602e-02
3.032466042840610662e-04
4.367882486313150354e-03
4.297378643123192748e-05
1.072123963179784852e-05
2.740066026710968709e-04
1.249478186194297527e-02
8.125646780300385880e-07
4.356953531131134948e-03
2.167082263298505108e-05
3.682157386371366434e-07
1.083018157299199093e-06
7.199100192209664795e-03
2.829197157795532158e-04
3.861018232425602551e-03
1.905627757561849039e-06
8.681142884755524495e-06
7.396667456820590306e-05
5.658268081563737686e-03
1.706851045244014325e-04
2.399561495396973151e-03
-4.086848139160752259e-06
3.695478897332395488e-05
2.071491594100826651e-03
9.271395380354510024e-03
2.428492329005934832e-04
1.537328587369576937e-04
1.749001682326561342e-05
7.512507479989651135e-05
3.384078197753145022e-03
2.374560656011071719e-02
7.334545761752722898e-05
-5.853206829099048001e-04
1.051672538799886377e-04
8.541261629502960525e-05
2.142288836835275125e-03
3.609112628375242549e-02
1.368322397332222971e-06
3.813569986860066807e-04
1.151440506681304790e-04
1.067874818060820163e-04
2.747567290520616483e-03
3.287849438592943541e-02
5.053451991073221086e-05
1.072414838929508540e-04
9.990444957661352417e-05
7.662155108101081826e-05
4.320379378116107928e-03
1.310425616692105673e-02
-4.169958106386321902e-05
-4.790784961279885009e-05
5.869668921840884800e-05
3.736311871575518408e-05
6.206073542168092858e-03
1.649298338905654378e-05
-1.328631363824033446e-05
2.690240435300798682e-05
4.055805344464258861e-06
3.491965182412631310e-05
7.231397552731023796e-03
6.925956656692450024e-03
2.181497964862081523e-05
9.864859901063666029e-05
-1.056847549289626689e-05
5.478009158600979320e-05
-2.052150595332389827e-17
2.294482307746833582e-17
-1.978464373174649829e-17
-2.379262749362764198e-19
6.127027280306141026e-17
-7.389925475963344252e-17
4.699126136371589886e-03
1.126192158288857707e-02
1.730017571245227913e-03
3.857536003588887466e-05
-1.175611890648863949e-05
1.490447967152287343e-04
1.850799391914520074e-04
1.223259163595323377e-02
2.347245430835535624e-03
1.222039547788472420e-03
4.192356886709198039e-05
5.605002716531553642e-05
1.787549858233363972e-03
9.250163118868708761e-03
1.067542991270316799e-03
3.119541432983393911e-03
7.935574399973383875e-05
1.871456174030565613e-05
2.594962518702134766e-03
9.351183225905035021e-03
2.257686969829645045e-04
3.317390145867816012e-03
4.595673113850361365e-05
7.279621662882529299e-06
9.759663964605156823e-06
1.416038536051336671e-02
2.110212940258963031e-06
3.143716285105090536e-03
7.695394619792454706e-07
4.551099953537676517e-05
3.104493345978509133e-04
1.030528519447383544e-02
2.749817774897715000e-04
2.666347138268073975e-03
9.196288384462671998e-06
7.314105390591958563e-06
-2.486883992203586718e-06
6.881119109302901576e-03
3.805524309739573524e-04
1.295503868328154321e-03
4.411397311722681637e-05
-2.119088339408376092e-06
1.766190085202815237e-03
8.472373523677630830e-03
1.399509618449965129e-04
1.736739242544826835e-04
9.605371697012676552e-05
7.924285928849072894e-06
5.157578624595468564e-03
1.622007546831382915e-02
1.848946006382300817e-08
1.771522571156888750e-04
1.163855206175046372e-04
4.168718986804337539e-05
2.769366791140917636e-03
3.285079290273070635e-02
5.092990891655409485e-05
1.072314258407320247e-04
1.000055236493008844e-04
7.644771705963304708e-05
1.265216795346629048e-03
3.786967056756323363e-02
-3.134210836496394679e-05
-8.621254056119026908e-06
6.907244831925038128e-05
5.550212790446043830e-05
1.033316363117475377e-03
2.090116101115208416e-02
1.077351546422802343e-04
-5.958525398499324032e-05
3.310454524557568607e-05
2.927545527679333983e-05
7.631207071789513014e-04
2.258530066963235650e-03
5.135079617990529052e-05
-3.561591916695739972e-06
2.025970549875421212e-06
1.341581509062409456e-05
-4.572284438937806964e-18
-1.002542092241192460e-18
8.042840056185244200e-18
-1.153674637270870372e-18
7.837299695740850954e-17
-1.052282997081929398e-16
7.249971187241237291e-03
6.886056884414489335e-03
2.545614331781559066e-05
9.930767973675633242e-05
-9.641112577966586667e-06
5.591513586153879823e-05
5.441267572448645409e-03
1.220478743199920023e-02
5.577497550750557193e-04
4.599847937021699930e-04
-7.967478376292104253e-06
9.099589124982810826e-05
5.191428158392164937e-04
4.201725476537694626e-03
6.060623944122439525e-04
8.249963058101038435e-04
7.821043322996166884e-05
1.604687630165347231e-05
1.155229437323621782e-03
2.952351623903098216e-03
1.374387832096774648e-03
8.594227525769737065e-04
8.732409763870982694e-05
-4.395147507948480523e-06
2.741534240246052551e-03
1.205038953876410223e-03
3.724453428326772344e-04
9.228353479682053530e-04
4.065002188098106170e-05
-1.237371986034782163e-06
4.027957415106312393e-06
3.031352579990812934e-03
1.898302952322216894e-05
2.691084370604234421e-04
-3.410692384533291579e-09
8.800533836973240204e-06
1.627900212789034923e-03
2.910402810696041849e-03
4.238365102804922033e-04
-2.282760048348760716e-05
3.166725386501929781e-05
1.679239828604044103e-05
3.847284671037101830e-04
9.391466269007322501e-04
5.496943750670251665e-04
-1.284616012333856573e-04
6.943463551796910064e-05
1.067688731933741013e-06
1.122745768716925481e-03
9.274045837753219735e-04
1.819220613252733616e-04
-1.306667100756182440e-04
9.784842885543182758e-05
7.290353511324015653e-06
5.987327060675897220e-03
3.156928674611133700e-03
-2.492808283653686751e-05
2.051918257164885389e-05
8.948759525499531129e-05
2.739708467249931333e-05
4.337659774851402444e-03
1.311655623223025383e-02
-4.023290279636526368e-05
-4.840593169831128350e-05
5.895959862944580743e-05
3.697410405883301782e-05
1.038188828347758660e-03
2.089133558948066613e-02
1.094750203981612058e-04
-5.998859635122261066e-05
3.320667952256049451e-05
2.913132497164987685e-05
2.137857818957435727e-04
9.551567031818542983e-03
1.817873010596819715e-04
-1.256870225369176425e-05
1.135631035003516168e-05
7.879529741512282035e-06
-2.291136929893831711e-18
-2.154618978588470960e-17
4.648082260502916181e-18
3.605774500752773538e-19
-2.018359456482066784e-19
-3.853902117766097046e-19
7.378927392761391955e-04
2.221895614064810492e-03
4.648320560855490985e-05
-5.880383227354234146e-06
2.036747968212868549e-06
1.106455183441424516e-05
6.167140280453629712e-03
1.999246004049120320e-05
-5.910979648072875010e-06
3.956173074324871049e-05
4.004880841198244500e-06
2.948598887721391270e-05
5.899173693590976063e-03
2.916650814829957646e-03
7.694423069051744342e-05
3.840532505350993165e-04
3.595828863761159789e-05
3.493820823489729877e-05
1.134644235138004094e-03
9.348276295443221084e-04
1.977563113695532100e-04
-1.333885158175243722e-04
9.940513550943552875e-05
7.419721810160394587e-06
3.678615029630674963e-04
9.571043441963402289e-04
5.861440834650491396e-04
-1.205136176394562791e-04
7.038468815493663518e-05
5.940128484688401127e-07
1.580794002269846369e-03
2.924559620572765670e-03
4.180790416729529774e-04
-1.038104073250675931e-04
3.324273900140896077e-05
1.482327344232054441e-05
3.807035817352588842e-06
3.073631749026498657e-03
1.710655697586085073e-05
1.899948670992316333e-04
-6.932309625135527572e-08
8.987718776109223067e-06
2.715954059693899587e-03
1.221829119503215063e-03
3.463313908974275605e-04
9.068395096763385644e-04
4.129544138147104887e-05
-1.519679352566394724e-06
1.131907715253900734e-03
2.967855694282760769e-03
1.398996803175503326e-03
8.530704912986499184e-04
8.191259222380406566e-05
-3.886173656877378218e-06
5.341803945455066019e-04
4.314771601483035485e-03
5.983592325043037008e-04
8.028020887390412098e-04
7.659493391618905835e-05
1.698041954818449336e-05
5.932203635988965093e-03
2.914313951886060832e-03
7.916626219867824968e-05
3.783008796548179876e-04
3.404860694233978089e-05
3.780322588773983881e-05
6.213117452527651408e-03
1.640164010845796279e-05
-1.297003969239924210e-05
2.641266246073539078e-05
4.071228783651287862e-06
3.442030392960203876e-05
7.668155410746577442e-04
2.256968797879818894e-03
5.263869887914198343e-05
-3.384803399505564660e-06
2.050695976083061666e-06
1.324462559780179694e-05
1.374039097836207910e-18
-1.636363208203499937e-17
4.519528946782254076e-18
2.449704616967716003e-19
2.069093663901429958e-19
5.812184585862076513e-18
2.146488060101854427e-04
9.677272275743459967e-03
1.593116988455835410e-04
-1.034853437524851859e-05
1.162154344757077419e-05
6.121670022262136445e-06
1.011671771163101486e-03
2.106267800054566555e-02
1.251228531794559568e-04
-5.442410719896232561e-05
3.187442394577787700e-05
2.631233080157361143e-05
4.302716495755663784e-03
1.302409056707188283e-02
-2.495063561336407248e-05
-6.169772040802529666e-05
5.743855345669039096e-05
3.597788167353785301e-05
6.009583298374601701e-03
3.185153792236475670e-03
-2.674295996129238512e-05
1.914553924809545381e-05
8.901010549613784333e-05
2.656718201299337643e-05
1.738462602187194938e-03
8.660779352815147283e-03
1.421111108325457729e-04
2.017700227663174646e-04
9.442116067782951741e-05
7.827964191420250811e-06
-7.944420676682486368e-07
6.947999502780315487e-03
4.099714290345693956e-04
1.441210527848667614e-03
4.415184475714572284e-05
-2.647281264402018200e-06
3.183509349102197836e-04
1.031286634014667684e-02
2.878797054173913832e-04
2.467624171423370150e-03
9.308593224946680548e-06
5.295261534901168043e-06
8.440189963208815862e-06
1.410683013002810883e-02
2.433571734576323378e-06
3.270959567414933981e-03
4.629773571146052271e-07
4.696313906336062354e-05
2.608058797913479984e-03
9.468919769357481489e-03
2.176742309246485201e-04
3.260016693315934307e-03
4.617030141303363129e-05
6.909500362621660265e-06
1.796213530107955208e-03
9.295995702685425077e-03
1.096172570512014008e-03
3.197370643425758146e-03
7.686361470634417512e-05
1.767930516965120135e-05
1.819153956222235890e-04
1.248054794325000397e-02
2.337011602266604159e-03
1.254798786209129812e-03
4.143694627253296814e-05
5.811609487450336521e-05
5.411342978773264235e-03
1.235270793914993066e-02
5.537295015454377599e-04
4.665951787321293985e-04
-8.273056423647342006e-06
9.535764950262608198e-05
7.238300249285379261e-03
6.928828706490354657e-03
2.334762553875198397e-05
1.026342775199217907e-04
-1.070174656154560885e-05
5.409853587637818644e-05
8.566941914485779729e-18
1.298284731976779140e-18
4.800152129277037191e-18
1.828361447462578185e-19
-4.118321779323175002e-17
6.205114633403748360e-17
7.419273431810798807e-04
2.220149779327205020e-03
4.836934283796016671e-05
-5.216883315433628049e-06
2.074468588802026043e-06
1.087238530199096948e-05
1.019929781963766890e-03
2.104621806727907662e-02
1.262201358039577003e-04
-5.466132668295919835e-05
3.205805488851752231e-05
2.613130386137565099e-05
1.291982613689962676e-03
3.896665432397793810e-02
-7.682135985124145816e-05
-8.134953793035945991e-06
6.848543214294762558e-05
5.541439434259395398e-05
2.681832495157959219e-03
3.350699373434866402e-02
3.368479692184430204e-05
1.386747159685412160e-04
1.000662119158036176e-04
7.400170168492363747e-05
5.104919469632320309e-03
1.654530680665942596e-02
2.924696623926305050e-08
1.103140525709843780e-04
1.165765279337995853e-04
4.224369027642985565e-05
2.086593705304424107e-03
9.390460583730959182e-03
2.510879291418879845e-04
2.839381040167353472e-04
1.673374125177790511e-05
7.699321427991856980e-05
6.921160718766387540e-05
5.675821595449498901e-03
1.721862980617949528e-04
2.467158042492048620e-03
-3.793158558475374977e-06
3.651107037825583872e-05
7.359148523446145091e-07
7.216359216638196412e-03
2.942400887357075586e-04
3.650710623073445422e-03
2.608889410964870517e-06
8.789692855900013073e-06
2.705533995003796461e-04
1.248072342582378161e-02
-9.683666148278228035e-07
4.229913847043646237e-03
2.149713297927494506e-05
2.414581346795127005e-07
1.433002724621842625e-03
1.289043423675364369e-02
3.019299359831621667e-04
4.205884841217046553e-03
4.363268679755949588e-05
1.098524906811758341e-05
1.886132062338011055e-03
8.640025404176182935e-03
5.473284707070618987e-04
3.523273677576171763e-03
7.545726561940355355e-05
2.847249580849382081e-05
6.150799217702251280e-05
9.718508357568850231e-03
9.166310375094987618e-04
1.778185224193565674e-03
2.198262317935261784e-05
9.046042782713780957e-05
4.706960068242974256e-03
1.133964617062805519e-02
1.700450475762402833e-03
3.614574566915759193e-05
-1.101769808193996232e-05
1.378642178852964684e-04
1.233594447317121514e-16
-1.439013289229953858e-16
-1.545996305075059648e-17
-1.855402757181291991e-19
-1.549797184331416986e-17
1.393552335850675992e-17
7.259002557445410654e-03
6.888070680842461012e-03
2.554391855435729765e-05
1.018037142259644641e-04
-9.743240467121251595e-06
5.536405763848908842e-05
6.180761279185054309e-03
2.028734429817451515e-05
-5.752471240575100905e-06
3.851639961828299912e-05
4.026199336883257808e-06
2.866435265321038735e-05
4.325462956369484878e-03
1.302294311959950601e-02
-2.324203084705963300e-05
-6.203959963451702796e-05
5.771508068738237930e-05
3.546409813587862595e-05
2.704547094507667171e-03
3.344946937182496915e-02
3.430132122558573169e-05
1.388938693757040899e-04
1.001877122415206799e-04
7.387707660359470803e-05
2.117831231412981800e-03
3.737709712900123826e-02
-3.127126770286635533e-06
3.069068989643179896e-04
1.177098179852037490e-04
1.070554188725538408e-04
3.302463836237860047e-03
2.348793845204902656e-02
1.000019817671201087e-04
-6.095611169776238769e-04
1.057405333456860435e-04
8.639368755822312207e-05
1.544629803856185229e-03
5.723528717103893923e-03
1.556040895859756240e-04
1.844763913413580798e-03
1.781314179568643281e-05
2.347544864384139521e-05
3.925055897387058645e-05
1.512196976053198057e-03
7.518594771886195774e-04
3.259438331697864840e-03
1.000437572017821981e-07
1.579713168577583091e-05
-1.055178104673278217e-05
1.220403669932273397e-03
1.037668983835905593e-03
3.517695565794398248e-03
9.773461842908517342e-06
2.147274202865774378e-06
1.119845096034060406e-04
5.004522631132602740e-03
1.863791070329289597e-04
3.409465423141735171e-03
1.782239885856795223e-05
1.752360908551268009e-07
6.781616802094123835e-04
8.374823373762888684e-03
2.004048721825043883e-04
3.058690939311817757e-03
2.689707825800933267e-05
3.068986968892527001e-05
1.069450290250132957e-03
4.781379392959352222e-03
3.604758882322152847e-04
2.362721520037004263e-03
3.574494182600643455e-05
1.224421176477845580e-04
1.314040582755710762e-05
3.326671667006374841e-03
1.613779630232772355e-04
7.997076369822595605e-04
8.030106751211778590e-06
8.047127970537340112e-05
1.330737924679354601e-16
3.192059193242709774e-16
-7.497657693878936056e-18
6.305594584914820562e-17
-2.746791368746024977e-17
2.269090147526220639e-18
4.697447473509743128e-03
1.126005164607412484e-02
1.727338096108006022e-03
4.115000359621593984e-05
-1.243463311800905350e-05
1.466951187621389483e-04
5.444671988980537107e-03
1.222440446705446403e-02
5.557555096180756115e-04
4.626205656630398046e-04
-7.970835742083283922e-06
8.898960464172038401e-05
5.899237807583532049e-03
2.917825595654870239e-03
8.097777240192915375e-05
3.826772895458583137e-04
3.590286228182636158e-05
3.418311462258175878e-05
6.010907314341052549e-03
3.182876911994603382e-03
-2.661700981969434976e-05
1.903411907438702286e-05
8.927040336772191858e-05
2.635527185002644189e-05
5.110614531947064824e-03
1.651074701695861430e-02
2.839898816393683568e-08
1.111812030834152153e-04
1.166631917242653065e-04
4.211817734210278699e-05
3.280201322632643208e-03
2.354507629100155083e-02
1.003506169265736692e-04
-6.089444567532387902e-04
1.057945122588875949e-04
8.633901690319658998e-05
1.706769621918437663e-03
2.070321540362464810e-02
1.719347797002363388e-04
-4.701766824561636761e-04
7.095135753545838493e-05
5.265755815098525650e-05
3.430128175097977466e-05
5.445083191568979433e-05
3.727296512439119084e-04
-1.661937049392046492e-03
1.208632847530614838e-07
-4.077285433873242059e-07
1.662807834697304580e-04
2.415352594340133916e-03
3.236554910357178957e-04
-1.255132515651524467e-04
1.730488664938410008e-05
1.440084998639902144e-07
5.337167230445243700e-04
3.400563665840893382e-03
3.122012545216164715e-04
1.411494517326442434e-03
4.150810889037961281e-05
1.892567706097519594e-06
5.114053684221695492e-04
2.064689052804177295e-04
3.985395542452905594e-04
2.137160989740630526e-03
4.780048102670784213e-05
8.397630790614458833e-06
3.397335787777761343e-04
4.008307855197799745e-03
2.192147593869078994e-06
2.087274054972843192e-03
3.954415314414950832e-05
2.054259695719891078e-05
9.998303936270627214e-05
7.632024333441267058e-03
1.811300721520855170e-04
1.639006004632608459e-03
2.478298377015035166e-05
3.217306414594987564e-05
1.355845491169580485e-05
3.314084190095955597e-03
1.611970997921808885e-04
7.924780736861152582e-04
8.375207259680867160e-06
8.265440353753262506e-05
-8.856414473215536408e-19
-6.982291677486665960e-20
4.861060521689132307e-18
1.226302820436330024e-17
-1.015294333354183105e-18
7.829444378300910666e-19
6.951851791003456339e-06
3.476593513696611334e-03
1.172531957878396270e-03
2.106085702376928536e-04
5.262754221314035445e-06
5.034849242383782330e-05
5.733148034480921350e-05
9.688759692570138304e-03
9.227810892592412878e-04
1.738834221395541739e-03
2.135003465442136190e-05
8.650243300790456296e-05
2.371138090196228915e-04
8.914696779529548282e-03
3.024174117511390183e-04
2.107154895712367963e-03
5.071514335893570285e-05
4.041060780267893582e-05
6.122390923569637558e-04
4.570778982261919539e-04
-1.017979521461843838e-05
1.421738802368078744e-03
7.166221037377321741e-05
1.582719620854073701e-05
9.411112604728503290e-04
3.527515833328167053e-03
1.354999385083044080e-04
3.188821920371806866e-04
7.832827822390177547e-05
7.634892306591119086e-06
1.059487470169349866e-03
6.460774783243810812e-03
1.152184671811254439e-04
2.002547123781851389e-05
6.376445165660307637e-05
6.834926354216230652e-06
5.532390104061369641e-04
3.906180870597484710e-03
3.635830861351338613e-05
-6.426482030243484491e-05
2.397148476890897622e-05
7.145795159300001452e-06
1.696557352580623618e-04
2.412682076455299751e-03
3.239386738995013752e-04
-1.260047961462831584e-04
1.724344434394893140e-05
1.474826663365442727e-07
1.367176701446464935e-04
1.389286426064749273e-02
4.877684028237515919e-04
1.261999461358399811e-03
4.545455069627922273e-05
7.507582281312901925e-06
7.821120036082837654e-04
1.557483064325700627e-02
9.385967830635129957e-04
1.836803505907708004e-03
6.583372463942816551e-05
1.401313024178427759e-05
1.524179171410176272e-03
5.537162250212122709e-03
1.082429860201592452e-03
1.446347650423497134e-03
5.499507082031009043e-05
1.392676104693217643e-05
2.316122186623570649e-03
3.404305018951036209e-04
2.465588315129671709e-04
8.218515284083680213e-04
2.282024047877713509e-05
7.024408099578326864e-06
2.336912836392499547e-03
4.396816820395252172e-03
1.594403019959382103e-05
2.329098755718309966e-04
-1.719574264867259506e-06
5.243170147595773609e-06
-2.101342953262440430e-16
9.171424020278440297e-17
3.178366546907528868e-18
1.140568976582076964e-17
-2.242555833717419857e-17
1.124841664156568222e-17
1.331632398652575787e-05
3.299304535425037072e-03
1.546046016864576823e-04
8.293640256422113053e-04
7.384270080182037187e-06
7.973088380088026944e-05
2.367171593410224550e-03
3.889249249833756552e-03
1.165624674850744384e-03
2.751804534779587422e-03
5.896798445735395395e-05
6.529828614443571218e-05
2.637705337519730218e-03
8.974790912147864036e-03
3.046275706360512814e-03
2.529154032059202986e-03
3.414356782960072383e-05
2.030596673340191754e-05
1.791941020815523153e-03
9.257112418768717252e-03
1.068981919888710658e-03
3.138393901351705251e-03
8.104122911473185130e-05
1.763181997486998345e-05
6.927169206479600076e-04
1.784514575312296349e-03
1.180650106531613928e-04
1.679927676531512131e-03
7.322061819719404485e-05
2.098913696499532657e-06
9.331141839557705628e-05
9.301348268321788914e-04
-3.871098427941222581e-06
3.388163094396690685e-04
4.800039269430266133e-05
4.495413109939428757e-09
1.279206340369615627e-06
1.990671777485629977e-03
1.765708902869031100e-05
4.040706667496048263e-05
1.835302349294847061e-05
-1.022990817673514439e-07
5.450806793993405267e-06
1.475540347234975593e-04
2.541373172557676464e-04
-5.831266332911324256e-04
1.907728607003489008e-06
6.976443572446686114e-06
5.351440983495615519e-04
3.440926133170877071e-03
3.105186152711230285e-04
1.417646056418055177e-03
4.131819812673237984e-05
1.961913235590556511e-06
7.771531821576915366e-04
1.556221737645352605e-02
9.391930214981301581e-04
1.838487529354965438e-03
6.555845684202416923e-05
1.398239181637934383e-05
5.220924878988570999e-04
2.250539581473406936e-02
1.717506976863470043e-03
1.352332447672391705e-03
9.035866092707530762e-05
1.689774137720655118e-05
4.933861863215207753e-04
1.419887875917929219e-02
1.857066790009160185e-03
6.762102049492368407e-04
5.829459087098576016e-05
1.061260197363065425e-05
4.170961270299455826e-04
1.234181026171345032e-03
3.010521599282867090e-04
1.757392504307999097e-04
1.462955180586863235e-05
2.687369932788056241e-06
2.061990752238601835e-17
-4.802531848621985180e-18
-6.130179362272584205e-18
3.252032921445272832e-18
-1.547251871196419747e-18
-4.962817983045730323e-19
2.343892937103344339e-03
4.409812509134131489e-03
1.362477577500509266e-05
2.523090213911271910e-04
-1.805951558214720505e-06
2.100240244123201051e-06
1.015789599404029871e-04
7.675161024133616769e-03
1.839695798547928978e-04
1.641348972795392356e-03
2.397517082953485088e-05
3.250672989129004366e-05
1.890224797630736661e-03
8.690472403495450027e-03
5.644292866250859428e-04
3.726363259080787103e-03
7.387799868745730100e-05
2.483204063994511951e-05
4.997346823669800500e-03
9.863308344876791506e-03
1.254028324928635777e-03
4.266039024884229341e-03
6.941421443782240801e-05
3.276324510464012749e-05
5.503836012461892427e-03
6.729495047846898587e-03
1.855551772784322850e-03
2.010331081869503548e-03
4.316137910442932227e-05
1.040842036684900709e-05
2.756420092685726159e-03
1.186346070676557720e-03
3.591753163488388780e-04
9.293710315714049036e-04
3.988527412102011490e-05
-1.664849765226832171e-06
5.160146337037825603e-04
6.870853193478086533e-04
1.032606324519077232e-04
-6.174478225279431620e-05
1.814235461702221953e-05
2.148794783052414716e-06
2.439807011066207951e-07
9.201712207735255559e-04
8.762206215669024500e-05
5.167095789999677242e-04
9.991279432428982682e-07
1.192943096726595551e-06
-5.871600473742159419e-06
4.894675206862600532e-05
2.031669466947824210e-04
5.413561964625140076e-04
2.478729810831833294e-05
2.204248948986137889e-06
5.106176600032682859e-04
2.116950210808162089e-04
3.972625766001536426e-04
2.147724976254471955e-03
4.781299111991983453e-05
8.402475483799384508e-06
1.517117147075477783e-03
5.563111762380779091e-03
1.083845226803591263e-03
1.448561081063368377e-03
5.477837545177626643e-05
1.398664701141701932e-05
4.840682187128683331e-04
1.422638688808317182e-02
1.858843502942549800e-03
6.764574070229585146e-04
5.814077551506613477e-05
1.064608671310262312e-05
1.377852559070896234e-04
8.145437389512353091e-03
1.401794230188683262e-03
1.610351655149739518e-04
2.368599135654028958e-05
2.562826251473789877e-06
-3.868116110984444147e-18
2.600855285176056614e-18
1.848528853608946899e-19
2.979558283962613508e-18
1.052987907761202388e-18
3.562540981626961833e-19
4.290927575505282254e-04
1.241584895778874258e-03
3.143543162033397495e-04
1.966098504194849011e-04
1.470065770829513426e-05
2.799740715567801814e-06
2.330851023558411401e-03
3.413154436155544681e-04
2.359965406409994526e-04
8.301083206218285403e-04
2.189395110846596726e-05
6.734880264972383736e-06
3.538757054973938718e-04
3.992396857019554768e-03
4.434970581056189417e-06
2.034685204630677473e-03
3.764712369396599979e-05
2.040275759607715925e-05
8.294636296971993417e-04
7.193104265316689269e-03
1.441223868065510093e-04
3.550093667822993779e-03
7.167953442776773545e-05
1.933065016109462904e-05
2.606237144530725892e-03
9.383637630965618523e-03
2.264742133307401449e-04
3.325920449944338737e-03
4.673298624362094272e-05
8.711962862546215064e-06
1.463810301844254737e-03
7.231102910059011325e-03
1.433976110875657723e-04
1.338359220948795404e-03
1.783946449134906110e-06
3.552980051899072052e-05
1.312142306558027093e-03
1.123742064826847330e-07
1.597193168065166825e-04
6.276823161960073979e-06
1.007562591597623917e-05
1.125456950076720189e-06
3.249263906292497948e-06
3.016611707003158047e-03
1.430215666159304531e-05
2.249307503719941170e-04
-4.866550789128082891e-08
8.433507944478889384e-06
4.894694218851587241e-04
3.451363253751250307e-03
4.373628511452112009e-06
2.247013194867199595e-03
2.352586686134926927e-05
-1.249939566590861698e-07
1.573903621268286956e-04
7.577746295860624415e-04
1.058869113870066034e-05
2.560005175020065027e-03
4.734462493865957046e-05
9.089816800175637941e-07
3.393596275360195283e-04
3.992993801937762093e-03
2.274589604516020711e-06
2.094722059251762167e-03
3.959893530668613437e-05
2.068065212171226694e-05
2.309118647685543847e-03
3.368662611797108982e-04
2.461281801606568184e-04
8.202215122251606087e-04
2.276235215092784690e-05
7.646212487921068534e-06
4.126955585452847628e-04
1.238371001033780529e-03
3.041162430130317355e-04
1.759394259298747141e-04
1.457073718410602342e-05
2.769044587132842442e-06
5.120901728064446556e-18
7.446957956516444064e-18
-3.259014704608024531e-19
2.770607041146301656e-18
3.738434428782693068e-18
-6.332705896223618600e-19
1.402380304240462522e-04
8.074523129319844880e-03
1.431600882551863942e-03
1.788862048805575959e-04
2.334305002333120750e-05
2.739019109755623821e-06
5.026623599866728151e-04
1.450616529779885124e-02
1.916122687724188065e-03
7.052427328060399377e-04
5.882569552221324178e-05
1.044128643009026533e-05
1.548117179236032379e-03
5.686348382798365846e-03
1.085274480430715397e-03
1.414857491779778842e-03
5.361748078936715239e-05
1.516787230893077401e-05
5.284321526840489013e-04
2.022634465106773341e-04
4.341111806890812557e-04
2.072310633311343422e-03
4.647809999983674431e-05
8.535851872799123699e-06
1.617542590359411447e-04
7.600302330163412204e-04
2.111135908154534958e-05
2.472032665987924406e-03
4.784527093260933515e-05
1.105562585772010989e-06
4.849420274067097478e-04
3.426317583557748469e-03
4.913097340178777004e-06
2.098292221233749068e-03
2.264862772145424721e-05
-3.175948646232811498e-08
4.408021924566628929e-06
3.049617136342718492e-03
1.729425963264130119e-05
2.564141561347487407e-04
-2.947961975251989356e-08
9.588818294076908126e-06
1.285313772948671164e-03
8.489453257856465873e-07
1.767901215377264633e-04
7.557886730338558247e-06
1.089741867249299691e-05
8.343022395092969514e-07
1.461934531410778032e-03
7.225047125864889758e-03
1.196243330366109081e-04
1.408857635777253231e-03
1.207638656023742679e-06
3.338141168079597747e-05
2.598734768151130057e-03
9.379327967380996292e-03
2.089097796058472334e-04
3.274171053984639874e-03
4.266613454737739101e-05
7.230851042697217967e-06
8.213357639319092364e-04
7.179932193160436411e-03
1.361883197958276275e-04
3.314552723767423721e-03
7.356817848734725491e-05
2.081503485988516733e-05
9.950255541791487731e-05
7.620328453102553738e-03
1.812739230760572386e-04
1.647835184272043209e-03
2.471519564660360987e-05
3.390109166180837167e-05
2.330697242117971569e-03
4.387695518067035935e-03
1.607533443863649766e-05
2.364447311231232670e-04
-1.817183730709397295e-06
5.937458162326072923e-06
-8.162301828335918976e-18
4.122439304535412902e-18
-7.847451083596921404e-18
5.586018414784041421e-18
9.890859803095310408e-18
2.394793375951622225e-19
4.238707834861136256e-04
1.243448244780970095e-03
3.180600101929831770e-04
1.960763857056201369e-04
1.467809104323013370e-05
2.875253829934205278e-06
4.954248496210721239e-04
1.452699560766191993e-02
1.916372620790852271e-03
7.037605721738541924e-04
5.870598595791787011e-05
1.049488441747990325e-05
5.169154115683968287e-04
2.250629119393662489e-02
1.678700145113544645e-03
1.327261897184286001e-03
8.694977070462601087e-05
1.699942485566806281e-05
8.177407039913924848e-04
1.576216936648352010e-02
9.998559057767864890e-04
1.763448888001687082e-03
6.548622111253895293e-05
1.531754221067741111e-05
5.329100071084509182e-04
3.396639985355102108e-03
3.038016029146532347e-04
1.422711590864966878e-03
4.068837901566331716e-05
2.318959768260479055e-06
-1.593870394988060827e-06
4.366232938056189774e-05
2.180195387317164512e-04
4.931240689890416425e-04
2.425835685423703125e-05
2.022774159556529339e-06
4.756892339013071295e-07
8.907750693516533350e-04
8.689034539316443061e-05
6.644371659924210157e-04
1.074239234754310623e-06
1.041770012077918330e-06
5.233095411882532962e-04
6.751730277467624022e-04
1.003597460388173582e-04
-7.899417021296721163e-05
1.722680833478058143e-05
2.473947132311980889e-06
2.747000408047159739e-03
1.219369964930176655e-03
3.546321056394362336e-04
9.327102716195185498e-04
4.299422849534651999e-05
-9.016778397675400243e-07
5.437460855060419034e-03
6.767432646554732804e-03
1.818728032950658619e-03
2.066815973050173481e-03
5.225105522657633498e-05
1.394194314374257916e-05
4.963557242778220656e-03
9.795539527553394007e-03
1.253068071884555794e-03
4.172760902505836741e-03
7.509708881603924279e-05
3.978941634836785895e-05
1.893689216090538091e-03
8.670741125022208770e-03
5.468322719543772291e-04
3.540237402767195795e-03
7.510309933935282686e-05
2.919893540055482496e-05
1.375786614200584222e-05
3.310059550506316492e-03
1.605542073905893020e-04
7.860250099612196579e-04
8.730621227781672417e-06
8.422919805610726361e-05
5.543964380982304821e-17
-2.546248017835217119e-17
7.379234029977572935e-18
1.294137745038111490e-17
8.914491565766053744e-17
-3.552260513658458034e-17
2.338803906807546996e-03
4.399979274980965124e-03
1.374903870533072073e-05
2.601301834588449764e-04
-1.900087125169252234e-06
2.625640861569391850e-06
2.328711120810266107e-03
3.370057300344061124e-04
2.362138928356003300e-04
8.304892550700317295e-04
2.192720920928200410e-05
7.395387943078804080e-06
1.542359944652399147e-03
5.701758352314495633e-03
1.090263743046229533e-03
1.413879183151416389e-03
5.349361548491650279e-05
1.532609197928894699e-05
8.042356658531590007e-04
1.575667490066010729e-02
1.001296717790134449e-03
1.763621976523118383e-03
6.538576678916404965e-05
1.531088951427434221e-05
1.505747138776197499e-04
1.435374369171857865e-02
4.282213090421880587e-04
1.299060722449274985e-03
4.637435495399773341e-05
8.244668338914834700e-06
1.629847955478716081e-04
2.387262417318088310e-03
3.041181835851223419e-04
-8.424230573006455326e-05
1.699836920519511547e-05
1.532044653811776038e-07
7.017128161644716688e-06
1.410786821680062668e-04
2.378173705947171082e-04
-4.999863923277938485e-04
1.996336673911930702e-06
6.429613366200371382e-06
1.313411666791151393e-06
1.947100745045905615e-03
2.038164013260893465e-05
8.174708186671539431e-05
1.809787535314477300e-05
-9.764818413689804169e-08
8.798711113871240583e-05
9.511981802249947545e-04
-3.775722335700779511e-06
3.524361568228295957e-04
4.872490782569955932e-05
-1.496800440725116336e-07
6.669804212227904401e-04
1.794665224460166575e-03
1.110527990828186115e-04
1.702695547317694801e-03
6.914724063246314079e-05
3.431672401717699325e-06
1.803110284215984427e-03
9.309704741700485994e-03
1.058410014050253879e-03
3.108549750932757764e-03
7.395626663467777821e-05
2.249258717643217874e-05
2.610345875201852423e-03
8.969451300042322398e-03
3.047575562946436278e-03
2.597876156160291126e-03
3.741286220392479303e-05
1.579984457621552227e-05
2.341001848800637955e-03
3.835273733048202155e-03
1.173531063773855347e-03
2.700884647223491999e-03
7.107425046861148594e-05
7.430133921543624999e-05
1.278066246072672423e-18
-7.582330514845005642e-19
-4.428237230268557265e-18
-5.811342378783529394e-18
6.578869084678147807e-20
-1.497896927600352418e-19
1.350337276907045786e-05
3.295496141663065148e-03
1.522975683211437491e-04
8.255409180913667521e-04
7.668405310629912273e-06
8.137496890745600031e-05
1.012621951367566277e-04
7.661406944530937783e-03
1.840469032866142004e-04
1.651635834136953775e-03
2.413789150885201759e-05
3.386219173076835569e-05
3.538365604958201177e-04
3.983242893618905121e-03
4.522272212793317809e-06
2.039978220617599727e-03
3.793581685116970099e-05
2.093779557270625789e-05
5.279592795960409181e-04
2.037152071620095624e-04
4.327905256723970587e-04
2.080832356380585973e-03
4.650730578083087286e-05
8.582803491733574866e-06
5.336855269746651823e-04
3.439512649792171497e-03
3.019765166539018137e-04
1.427580454771959148e-03
4.047324356860099479e-05
2.346459596742091785e-06
1.703579493078838706e-04
2.414859182532707368e-03
3.043122139075587086e-04
-8.292526683394108814e-05
1.699785256971832176e-05
1.557210090937807630e-07
3.901071855607129377e-05
5.212743399291414726e-05
3.250683261755593525e-04
-1.839929916520225946e-03
2.665312227842707481e-07
-2.545157564351607306e-07
5.819200392966801527e-04
3.934600724428501464e-03
3.908158444589272416e-05
1.404268874896132869e-05
2.350328258544385010e-05
6.928451682902493792e-06
1.082601925463813099e-03
6.452547162436482985e-03
1.246144306760856924e-04
5.010092388443400174e-05
6.401153018950961272e-05
6.955220368553143118e-06
9.534737921258784913e-04
3.474928323426196806e-03
1.235290715920593098e-04
3.463792486829622556e-04
7.741759164850454272e-05
7.139235613761550902e-06
6.274014929042219741e-04
4.595763303623871918e-04
-1.307181688927294335e-05
1.393158627485081499e-03
7.123379924298043318e-05
1.804471640123302627e-05
2.295041322041919333e-04
8.923736098271451561e-03
3.026238429681125421e-04
1.995901525523849276e-03
4.898066490234906915e-05
4.556798068214961545e-05
6.231715719734457122e-05
9.772276719689342722e-03
9.135569048893786440e-04
1.755135563649192973e-03
2.247577178776774586e-05
7.900630158427715945e-05
6.374885504164860226e-06
3.517671823233666124e-03
1.173678949743403111e-03
2.188488341225361541e-04
5.818459699353197377e-06
6.230733186962936416e-05
7.143430547328903775e-06
3.475725714563771690e-03
1.179668328338854622e-03
2.225659857742939341e-04
5.414093805815719669e-06
5.300362307926273243e-05
2.364972617081472633e-03
3.885540205281787923e-03
1.170260035583760554e-03
2.757947150585975723e-03
6.206695799328216709e-05
6.786593120172983596e-05
1.888733859670620359e-03
8.688734560218357855e-03
5.610468368245950192e-04
3.755563054522103802e-03
7.572745913415005338e-05
2.720741269126847656e-05
8.272720730612721915e-04
7.177516029674761884e-03
1.431521902737781390e-04
3.577655999665908110e-03
7.223612598527547968e-05
1.988643335978620611e-05
1.603537981292996715e-04
7.543040029946642159e-04
1.947867779147508126e-05
2.489841426585032505e-03
4.778589274065354149e-05
1.170378061738762426e-06
-1.751864269488093411e-06
4.471179223471976775e-05
2.168494343142786027e-04
4.983536015525761882e-04
2.438174934616190942e-05
1.967748195046428673e-06
6.569338990558830963e-06
1.711769945435396342e-04
2.373629928085831153e-04
-5.018040410495934207e-04
2.013383927321234173e-06
6.344912818113246327e-06
5.588624214957256140e-04
3.916216418377698079e-03
3.917846159678147876e-05
1.291735535449227164e-05
2.344813240654989976e-05
6.937455132306830427e-06
6.622859532213912302e-04
1.761507534808561676e-02
1.967992866196475554e-04
-3.683145717835164737e-05
3.666406208900638091e-05
5.731365023064168750e-05
1.840765485046266890e-03
2.050851737801206651e-02
3.893636889415605850e-04
-5.630993773806517496e-04
8.365304798167496887e-05
4.051875214341687874e-05
3.102672294893053448e-03
1.115568674118215010e-02
1.879833735302260565e-04
-2.047048804018089345e-04
7.244271669066355748e-05
2.963145435903095747e-05
4.063913550996223201e-03
2.123495881679971853e-04
1.034343283738851709e-04
4.691940764114689295e-04
4.245389945445904203e-05
3.145434054812461277e-05
4.201435420885427097e-03
5.850977666445870105e-03
1.836241778358438452e-05
6.178905466994685271e-04
1.748747548887749382e-06
3.915646421552034900e-05
3.862836594087469023e-03
8.807592865477793104e-03
9.154957939840322508e-05
3.865671980247209027e-04
-7.189287152281565520e-06
4.859207070383787683e-05
-3.346319748886892273e-17
1.213130362434847866e-16
-6.312944748194697833e-18
1.051577906732580097e-17
-2.277770279178198513e-16
2.126989515730290512e-16
5.741309190909528470e-05
9.685151986468626753e-03
9.273285419292736417e-04
1.734551742133426519e-03
2.154371985300741662e-05
8.906713547502269942e-05
2.635581902225865320e-03
8.969896479204092846e-03
3.030565790191609883e-03
2.552858320644629201e-03
3.702432768306897589e-05
2.211045506891487643e-05
4.986456460336585045e-03
9.866751228778652266e-03
1.248960491959043512e-03
4.248109768042690991e-03
7.116887187314925958e-05
3.496431481953872359e-05
2.601529553479405531e-03
9.380241315150878584e-03
2.216512251172477962e-04
3.338965059754077716e-03
4.752828748494772928e-05
9.280405532704126911e-06
4.800599708777395511e-04
3.423661541147626861e-03
4.678479944435619156e-06
2.112351411779282272e-03
2.302208699700032646e-05
4.387935408507841027e-08
3.457273230386138926e-07
8.895815906462077984e-04
8.585005099499525417e-05
6.654464547914090526e-04
1.130339531725612827e-06
9.957110150071884407e-07
1.301441309051346260e-06
1.942756846439571989e-03
2.010424321216859109e-05
8.123691251750211873e-05
1.805347758246899560e-05
-9.582565596779988050e-08
1.080213728550936166e-03
6.446545681428101152e-03
1.249791655184849016e-04
5.081011160197138754e-05
6.406928498788620806e-05
6.898036128486971566e-06
1.842731232452524039e-03
2.064449458829331271e-02
3.910838198501126808e-04
-5.630461183879431012e-04
8.391103161859298767e-05
4.024231622211027677e-05
1.248417811563548281e-03
3.026647920505323719e-02
4.764657317002144420e-04
-2.944830474609125390e-04
8.867085857524184339e-05
6.171579641518204072e-05
1.399672986497764796e-03
2.461676428808652964e-02
5.043369469697741659e-04
1.514926645561413235e-04
6.851342303152773512e-05
4.467023524828763761e-05
2.047861002908711245e-03
6.198033709118247123e-03
3.942623585821171113e-04
1.899233274764424383e-04
2.479985028229648376e-05
2.755437599282236749e-05
2.177979646699221110e-03
3.166394939277736970e-04
3.677472508558280004e-05
8.224278852038474565e-05
-8.060634317623004835e-06
1.182085295417310897e-05
2.592540480651733900e-18
1.590504173739255650e-17
7.699195842723903315e-18
1.513628433236008305e-18
-2.095663546075468329e-17
6.002248719065991344e-18
3.891618047545440575e-03
8.772675806863017983e-03
8.350710555253971611e-05
3.761173719475541135e-04
-9.357578508747923694e-06
4.784939892385567530e-05
2.373041161927499237e-04
8.912176861724213639e-03
3.009267967806716318e-04
2.112139927735635133e-03
5.126641605845189180e-05
4.211973081670963327e-05
1.789863932666214486e-03
9.263656327638850399e-03
1.059950877136809841e-03
3.141098902710339792e-03
8.250897766635022430e-05
1.847315040226939870e-05
5.498471843151858662e-03
6.736939589414330659e-03
1.825413005934643307e-03
2.038799469565861448e-03
4.472859281390616844e-05
1.173190656323231535e-05
1.463443176162583037e-03
7.228660258504418859e-03
1.392792321209195103e-04
1.360985392834248740e-03
2.088023357730344504e-06
3.679937916644697633e-05
4.679224006168915384e-06
3.051784793718658600e-03
1.802977696944303417e-05
2.702319974096593219e-04
-4.722887360920560535e-08
1.003706786660510267e-05
5.271820506000644575e-04
6.743087254321216903e-04
1.005259426111412450e-04
-7.740229955021932088e-05
1.686386815603567503e-05
2.664254251984490949e-06
9.108504014988278049e-05
9.470654674905193589e-04
-3.770456087421184375e-06
3.512989855594801062e-04
4.839616713030051379e-05
-1.202037990404665964e-07
9.505621693400356570e-04
3.478981888731354048e-03
1.251845349617269074e-04
3.422571358550905774e-04
7.757269037188454640e-05
6.978759113249581026e-06
3.107543499143689859e-03
1.112177654579142930e-02
1.905822775518449638e-04
-2.031937439233155046e-04
7.274883221680394907e-05
2.931536510264322028e-05
1.409213633281018426e-03
2.457865620347111923e-02
5.043955639106363241e-04
1.506269645823549391e-04
6.874938405998189854e-05
4.452882144245002194e-05
5.525023787121505778e-04
2.584593973614527501e-02
8.212358096991417399e-04
1.585644920996056478e-04
5.350266246657010252e-05
2.559942727453282238e-05
2.711500438062180974e-04
7.414064811530696533e-03
4.420070434554741485e-04
3.991573746804917924e-05
1.272285912861756129e-05
8.627117649186590264e-06
5.032661775841719687e-18
1.895208526050527390e-17
-1.461015706689057422e-18
4.865488788897360492e-18
1.518519759298054079e-17
-3.571314489211678725e-18
2.157127550303129023e-03
3.173781246447516559e-04
2.870703831756589821e-05
8.521023349443604498e-05
-8.017030579574686158e-06
1.183530648012874880e-05
4.197190247580659048e-03
5.825876112309795810e-03
1.449795493321578994e-05
5.643099400560981031e-04
1.774341214754218573e-06
3.919672218303820626e-05
6.123194947709567930e-04
4.541889022171087574e-04
-1.020925528243948984e-05
1.428766440144918926e-03
7.186540664521384367e-05
1.642921640898824476e-05
6.910409658767295875e-04
1.782354307588412522e-03
1.134222519481964766e-04
1.685435456384353587e-03
7.353068628108206165e-05
2.415208555047870052e-06
2.754121239702580701e-03
1.186131256811377276e-03
3.537317124271261142e-04
9.342373461048899532e-04
4.064100660608086180e-05
-1.541459925002682110e-06
1.309589226987016315e-03
-1.158612425996442947e-07
1.561033386925757412e-04
6.527148442004220671e-06
1.053981674181197757e-05
1.035738582422099255e-06
1.288319844836968405e-03
9.206541273167773692e-07
1.751820714420124800e-04
7.400767555785683708e-06
1.042048648867256334e-05
9.037210416894889611e-07
2.749824769282893135e-03
1.218110087766703523e-03
3.505699637144458754e-04
9.324650380776289922e-04
4.208048633230412346e-05
-1.015597188866939312e-06
6.701468401344683320e-04
1.798784985642339334e-03
1.185409885409733629e-04
1.697464737151280862e-03
6.889699020081068207e-05
3.160629164049530871e-06
6.267985638904319864e-04
4.633115290708077769e-04
-1.293469171459678323e-05
1.391620060819423162e-03
7.089442701873679292e-05
1.765837072779905488e-05
4.066740536719935101e-03
2.112258013287119881e-04
1.055231196586388722e-04
4.630722909339772954e-04
4.236503952544439183e-05
3.119894492473604061e-05
2.057504791561657297e-03
6.185514238711545786e-03
3.965454616908305782e-04
1.869363250042692251e-04
2.486847882562669062e-05
2.746125788624496520e-05
2.721354116436940757e-04
7.406246183629377339e-03
4.433006340243141031e-04
3.902296031162707997e-05
1.276095457536625658e-05
8.584539002578628065e-06
-1.091243831093830518e-19
1.795836903644946875e-17
-8.289516332381378191e-18
-1.522163453940770990e-18
3.930500572340070102e-18
-2.096425557055762901e-19
2.701222866223364064e-04
7.477092486197238139e-03
4.371466440378522561e-04
3.824369646200122941e-05
1.119766335624008388e-05
7.927147123313991548e-06
2.037820000963792063e-03
6.161585325248330677e-03
3.799245253689565805e-04
1.714485175841190534e-04
2.402146762952777489e-05
2.601905060889053150e-05
4.072586997789163360e-03
2.149603736138634951e-04
9.234478396594333286e-05
5.058164244890588903e-04
4.191802769312362654e-05
2.993915113932125535e-05
9.424318878246913450e-04
3.532178583534064352e-03
1.341453347135027475e-04
3.218323384386225904e-04
7.823754830166251264e-05
7.722380973733666346e-06
9.160026978516278733e-05
9.354381759474515116e-04
-3.802621891924179567e-06
3.427401088162456344e-04
4.829070153364305336e-05
-2.925391639273921861e-08
5.141398493328878114e-04
6.863814752194191682e-04
1.031923916383730827e-04
-6.385663689045127298e-05
1.837683354220353681e-05
2.013872366287864809e-06
3.109731732854217874e-06
3.013518220042570289e-03
1.305599435961500054e-05
2.180021044002076265e-04
-3.242337399327895767e-08
7.914610842280290554e-06
1.463927336649247174e-03
7.224751043444608764e-03
1.240382383264524390e-04
1.397186041613319258e-03
9.473460415597697251e-07
3.237628805986028343e-05
5.440790441933787344e-03
6.758081304894683269e-03
1.840726530977466850e-03
2.028617458928126324e-03
5.077531424484341810e-05
1.279482319625387246e-05
1.805800981034560429e-03
9.301661109631004926e-03
1.061452092062749840e-03
3.118389088490298045e-03
7.283067095112421467e-05
2.131922263197184874e-05
2.294017529527206617e-04
8.931478049075335449e-03
3.053022985392048303e-04
1.990294636811168558e-03
4.818373697387941349e-05
4.453323006727857121e-05
4.205464368441156828e-03
5.854212005173295950e-03
1.880146962254063871e-05
6.112109304671057598e-04
1.742855700382611237e-06
3.857665803348301378e-05
2.182040977015112584e-03
3.180142928036542964e-04
3.659191445106919780e-05
7.979076191946242469e-05
-8.120360155955635054e-06
1.144339158736112791e-05
-5.181484748009333252e-18
4.757007451868404128e-19
-1.652327525626143733e-18
3.203287448477108504e-18
-5.834886770736629817e-18
2.269040892801385787e-18
2.739142324587770473e-04
7.467179714982417026e-03
4.386869559665811037e-04
3.791568517072770928e-05
1.124236893801964090e-05
7.893581052080753994e-06
5.440431052286774649e-04
2.560844502513700410e-02
7.777460135983097107e-04
1.570876288614061003e-04
5.110473074403117354e-05
2.466617186063771103e-05
1.377416369891684136e-03
2.515954146958641890e-02
5.222633195283834856e-04
1.484108853645055022e-04
6.743204049895403114e-05
4.364660755599520043e-05
3.077788979742140853e-03
1.127469988598171075e-02
1.836136238570911276e-04
-1.820998727286872703e-04
7.242799886168768751e-05
2.818534771537562240e-05
1.061370893716012502e-03
6.481237804381353128e-03
1.148649301785387980e-04
2.023847798873991595e-05
6.376904655085397031e-05
6.864403333025660861e-06
1.312381382677214210e-06
1.993907116515354714e-03
1.772703052708336175e-05
3.864443114158243499e-05
1.842988231235692670e-05
-1.051207298818208171e-07
3.582150729420040332e-07
9.231865789659469013e-04
8.896279703886874940e-05
5.075358856316443401e-04
9.817124121283674018e-07
1.233126978662857836e-06
4.921107251329462319e-04
3.452694312566213872e-03
4.735662388570565386e-06
2.229662520863618172e-03
2.309666232926821670e-05
-1.961821410163580174e-07
2.602147456680513251e-03
9.382231194931532278e-03
2.135036229985035126e-04
3.251913549737757425e-03
4.190756854661961147e-05
6.774463822401396580e-06
4.973059380479169164e-03
9.792990864508070714e-03
1.250729297231118744e-03
4.193241634362840364e-03
7.305012726936927858e-05
3.789574338881613046e-05
2.613165254723603080e-03
8.974493141874676991e-03
3.052734021712425350e-03
2.578904169721258667e-03
3.457596059619405315e-05
1.345470824829204041e-05
6.213550173653904871e-05
9.776138145426114048e-03
9.113933547554526953e-04
1.739115770880646705e-03
2.203615752046689228e-05
7.672544038968895765e-05
3.868546266825608100e-03
8.817904085378996948e-03
9.329554569843281876e-05
3.877172151138770571e-04
-6.970819673201752162e-06
4.702778467383702393e-05
-4.059845416847636354e-18
-4.204893842553362768e-17
4.045281311226570049e-18
5.012118435695059133e-19
7.255451197200797690e-18
-1.670646746633144249e-18
2.163260319007683733e-03
3.183849474536627321e-04
2.813072877162962855e-05
8.473701954126862629e-05
-8.115121320751507821e-06
1.158976157613697448e-05
2.052921652651065222e-03
6.153595870980875515e-03
3.823975053235415065e-04
1.712307467156880063e-04
2.422797146415516605e-05
2.600910183966318544e-05
1.391781535204884672e-03
2.512433962682287733e-02
5.228472456589325443e-04
1.475704311724088103e-04
6.772401680199129385e-05
4.346149817592266320e-05
1.267859342687381596e-03
3.068322341260552172e-02
4.976711521338927089e-04
-2.979790440399101474e-04
8.804901716292872198e-05
6.022377312572158730e-05
1.838599959216185003e-03
2.027073753461839170e-02
3.872291509812772871e-04
-6.183458819113382991e-04
8.691686100133527075e-05
4.053179841677043724e-05
5.607371798150951681e-04
3.914102820170549564e-03
3.638570849277283659e-05
-6.437724736807377563e-05
2.396856672385281822e-05
7.165979335305862517e-06
5.824911478800750478e-06
1.358281151413999964e-04
2.545780187949830812e-04
-5.820953267553578272e-04
1.892352987618984689e-06
6.980261846332110379e-06
-5.462476937399478831e-06
4.825103605849434145e-05
2.055992067224122403e-04
5.372826774488664641e-04
2.467423782550834884e-05
2.233863066663595228e-06
1.585580624337229005e-04
7.648581833576102241e-04
1.247029832903518409e-05
2.542061424080502025e-03
4.744469510521941825e-05
7.884663606548655203e-07
8.225495139454489174e-04
7.195773434372712204e-03
1.366625289647728763e-04
3.296258230817856408e-03
7.333665450147846307e-05
2.008135654772726222e-05
1.894306448009805801e-03
8.671309854911338211e-03
5.484211304804221480e-04
3.514317038033549709e-03
7.339848633277425453e-05
2.724824828226237171e-05
2.342964959652621589e-03
3.838669829748965132e-03
1.172798835804257254e-03
2.703475645231717336e-03
6.849182241167180944e-05
7.155553605003868282e-05
6.192960021302366587e-06
3.518311145891932744e-03
1.168723184413842904e-03
2.142797464946552067e-04
5.613419923370009264e-06
6.005300583999001349e-05
1.403133842643660921e-16
-5.135220756538969918e-16
-2.840449450893335875e-18
-1.412644484638617614e-17
4.929552341819126092e-17
-4.071765816701575645e-17
3.898001382229445474e-03
8.784193832946783631e-03
8.414010693657461690e-05
3.798206156741598259e-04
-9.322804043769212083e-06
4.623259176918642204e-05
4.203466431620379515e-03
5.833565541461172531e-03
1.457926960229817927e-05
5.604376103354653284e-04
1.777127913745874164e-06
3.898864791754019674e-05
4.082628939143373784e-03
2.127663738482034003e-04
9.460913080014991480e-05
5.006455672357377389e-04
4.177793146814692767e-05
2.960792973057069517e-05
3.087034534073205584e-03
1.122576564193416941e-02
1.871572216448773892e-04
-1.832914600049992924e-04
7.286840674464701803e-05
2.773358384068745928e-05
1.832870078416832388e-03
2.031410728511216790e-02
3.887412449071701295e-04
-6.179760638496553877e-04
8.712758887135485758e-05
4.039145390878084193e-05
6.747446730626149901e-04
1.721063467448867915e-02
1.863045284298762831e-04
-8.266531929133411733e-05
3.667058023648140009e-05
6.176411767640230060e-05
3.430112231172748722e-05
5.445104966696992944e-05
3.727296289484377935e-04
-1.661937049392047359e-03
1.208435472088196061e-07
-4.077338375158023620e-07
5.532388352808951821e-04
3.906182670050231676e-03
3.635830602313744721e-05
-6.426485207017085613e-05
2.397148476890705176e-05
7.145795734468849921e-06
1.059486490185884179e-03
6.460777634995788603e-03
1.152184671811253220e-04
2.002548042335000649e-05
6.376445165660375399e-05
6.834926354215966377e-06
9.411113575037685685e-04
3.527515102362242978e-03
1.354999293512499259e-04
3.188822191378107491e-04
7.832827822390168060e-05
7.634891481592197436e-06
6.122391303600303782e-04
4.570779429784449640e-04
-1.017979185951627054e-05
1.421738802368080262e-03
7.166221037377325806e-05
1.582719298775776915e-05
2.371138090196248972e-04
8.914696779529563894e-03
3.024175434901522712e-04
2.107155387569178018e-03
5.071512722026871449e-05
4.041060478799075954e-05
5.733148653656401145e-05
9.688759692570136570e-03
9.227806893079026386e-04
1.738833645629723904e-03
2.135002310633999257e-05
8.650244165440187233e-05
6.951853673734031413e-06
3.476593766576726620e-03
1.172531824513312103e-03
2.106085852810320408e-04
5.262754221314129465e-06
5.034849242383771488e-05
-8.989264299873378521e-19
-7.386942171191311869e-20
4.860920456327972425e-18
1.227950995987488102e-17
-1.015189234661697332e-18
7.835633574520022499e-19
1.355845656155006081e-05
3.314084190095956464e-03
1.611970899882324369e-04
7.924773319479059934e-04
8.375207259680319977e-06
8.265433388016396609e-05
9.998304780164058369e-05
7.632025023153791131e-03
1.811301425324533376e-04
1.639005700903256894e-03
2.478296962211898595e-05
3.217304561761050397e-05
3.397335787777753212e-04
4.008307855197802347e-03
2.192142474748457650e-06
2.087274054972837987e-03
3.954414488357053346e-05
2.054259246855033916e-05
5.114052947574717267e-04
2.064690172915733157e-04
3.985394183262128088e-04
2.137160989740629659e-03
4.780048102670751009e-05
8.397630790614482550e-06
5.337173107023662462e-04
3.400561247299379621e-03
3.122012355038103698e-04
1.411494517326444169e-03
4.150810486196550200e-05
1.892568166538797476e-06
1.662808197951622699e-04
2.415351905200883043e-03
3.236554910357183294e-04
-1.255132232731718720e-04
1.730488551864453817e-05
1.440084998640045346e-07
5.607374600241816793e-04
3.914103719891972796e-03
3.638571108314570587e-05
-6.437728548931221425e-05
2.396856949218222074e-05
7.165979910352357077e-06
6.747442943074023584e-04
1.721063289510062211e-02
1.863045284298768794e-04
-8.266529776937837741e-05
3.667057698228902689e-05
6.176411767640238191e-05
1.832870078416821329e-03
2.031410728511221647e-02
3.887413010315368938e-04
-6.179760221514007295e-04
8.712758887135520994e-05
4.039145390878069286e-05
3.087034141831104372e-03
1.122576495729547992e-02
1.871574441904542182e-04
-1.832915002733786895e-04
7.286840674464720776e-05
2.773358031335468907e-05
4.082628939143391131e-03
2.127663207329470122e-04
9.460915694937441060e-05
5.006455672357389315e-04
4.177792823704179270e-05
2.960792541400408012e-05
4.203466431620388188e-03
5.833565541461188143e-03
1.457925719645759987e-05
5.604377071416062313e-04
1.777127389935457083e-06
3.898865097993354644e-05
3.898001382229450244e-03
8.784193832946790570e-03
8.414014744105688566e-05
3.798206776600522648e-04
-9.322778745964081253e-06
4.623261474920509396e-05
1.400619894632596699e-16
-5.126306344178501293e-16
-2.825143193116777177e-18
-1.418432302083984894e-17
4.907464472571021943e-17
-4.049654508294230677e-17
6.192960648879405928e-06
3.518311145891925805e-03
1.168723051048753967e-03
2.142797916246680790e-04
5.613418699098115718e-06
6.005300202513813671e-05
2.342964959652624624e-03
3.838669829748968601e-03
1.172799330955299384e-03
2.703476968404601530e-03
6.849182945674874717e-05
7.155547860786442887e-05
1.894306448009804500e-03
8.671309854911345150e-03
5.484210441723836324e-04
3.514316131857957680e-03
7.339849331654020993e-05
2.724823369979292344e-05
8.225495769270061699e-04
7.195774041002061389e-03
1.366625590739426995e-04
3.296258005171114232e-03
7.333664806178452438e-05
2.008135654772732998e-05
1.585580932350928729e-04
7.648580434318925101e-04
1.247026115423997817e-05
2.542061424080502893e-03
4.744468959546288783e-05
7.884665866626169033e-07
-5.462467224397324003e-06
4.825118256053978786e-05
2.055990190864910355e-04
5.372826345432747328e-04
2.467423590360344609e-05
2.233863290139280953e-06
5.824977396231223777e-06
1.358273527785902612e-04
2.545779559128409880e-04
-5.820953877848564478e-04
1.892352645467322623e-06
6.980262300484451113e-06
1.061370893715989734e-03
6.481239515484844664e-03
1.148649301785388928e-04
2.023848487766322972e-05
6.376905126724184084e-05
6.864403333025719306e-06
1.838598609605189343e-03
2.027074734304676676e-02
3.872291790433031347e-04
-6.183458819113410096e-04
8.691686100133548759e-05
4.053179841677053211e-05
1.267860994228668355e-03
3.068322094899588945e-02
4.976711134617225335e-04
-2.979790680391736072e-04
8.804901716292908790e-05
6.022377312572162796e-05
1.391781393968534366e-03
2.512434174660736069e-02
5.228472865573335297e-04
1.475704422628777669e-04
6.772401244545578933e-05
4.346149399014384411e-05
2.052921652651061319e-03
6.153595870980905873e-03
3.823976158294155976e-04
1.712308166874345293e-04
2.422796949140937391e-05
2.600910183966301603e-05
2.163260319007687203e-03
3.183849474536645211e-04
2.813074562549547244e-05
8.473702983563503269e-05
-8.115119155272380969e-06
1.158976575562896257e-05
-4.053404816174970540e-18
-4.191472157451828361e-17
4.045809073878027782e-18
5.073631818013772071e-19
7.254491926738766847e-18
-1.670998236722251557e-18
3.868546266825618942e-03
8.817904085379010826e-03
9.329557810201884519e-05
3.877170911420988473e-04
-6.970807814855574428e-06
4.702780382385258161e-05
6.213550173653969923e-05
9.776138145426093232e-03
9.113930347943809520e-04
1.739115339056283979e-03
2.203615238798597198e-05
7.672544038968933712e-05
2.613165254723604815e-03
8.974493141874670052e-03
3.052733304812183489e-03
2.578904169721264305e-03
3.457595339510885924e-05
1.345470923907117476e-05
4.973059380479176970e-03
9.792990864508093266e-03
1.250729618815568135e-03
4.193244925235344554e-03
7.305014199986196955e-05
3.789573413924921810e-05
2.602147456680515419e-03
9.382231194931523605e-03
2.135034639254968197e-04
3.251912815491335516e-03
4.190757151192705442e-05
6.774462983099533335e-06
4.921107251329487255e-04
3.452694312566206500e-03
4.735656569713152333e-06
2.229662114694574461e-03
2.309666232926849792e-05
-1.961820483829552866e-07
3.582144981663829339e-07
9.231864823138350232e-04
8.896281916894053165e-05
5.075357857116448738e-04
9.817126463927085987e-07
1.233126866545697315e-06
1.312383133742529449e-06
1.993907420412400263e-03
1.772703052708362264e-05
3.864439777829354423e-05
1.842988371499984821e-05
-1.051207386788717424e-07
9.424319848469102714e-04
3.532178583534061316e-03
1.341453072425642732e-04
3.218323655387422648e-04
7.823754830166249909e-05
7.722381798712470963e-06
3.077788195354786305e-03
1.127469920129778314e-02
1.836137192331534272e-04
-1.820998458833507697e-04
7.242799886168748422e-05
2.818535124291666785e-05
1.377416228660540386e-03
2.515954358938750010e-02
5.222632786301921850e-04
1.484109297262802538e-04
6.743203614277459216e-05
4.364660755599548503e-05
5.440429193340710077e-04
2.560844707884334104e-02
7.777459307527115990e-04
1.570876925179331442e-04
5.110472693361143393e-05
2.466617186063773813e-05
2.739141755811048788e-04
7.467179714982431771e-03
4.386870055051780154e-04
3.791575771205869718e-05
1.124236746593103592e-05
7.893581583185007994e-06
-5.220635445259267941e-18
2.815172890031407226e-19
-1.647266044037524599e-18
3.160848653844228798e-18
-5.811961330197310245e-18
2.258766150159609279e-18
2.182040977015110416e-03
3.180142928036574406e-04
3.659190602413529668e-05
7.979066412298438274e-05
-8.120360697325362557e-06
1.144338218350423178e-05
4.205464368441169838e-03
5.854212005173317634e-03
1.880147153113156250e-05
6.112107368548272066e-04
1.742855351175872840e-06
3.857665190869651766e-05
2.294017770440884513e-04
8.931477363621959098e-03
3.053023314739592006e-04
1.990294472858896227e-03
4.818372890454590915e-05
4.453321499383760168e-05
1.805800981034560862e-03
9.301661109631013599e-03
1.061451883312568636e-03
3.118389293447139474e-03
7.283067095112435020e-05
2.131921503960471120e-05
5.440790441933798620e-03
6.758081304894694545e-03
1.840726056930003240e-03
2.028617458928128059e-03
5.077531424484352652e-05
1.279482220364198073e-05
1.463927472894653624e-03
7.224750477122665430e-03
1.240381838919864168e-04
1.397186430134835866e-03
9.473467058967150639e-07
3.237628589286258235e-05
3.109732304371744477e-06
3.013518220042579396e-03
1.305599615176564508e-05
2.180020553103200083e-04
-3.242349165342381366e-08
7.914609389096959508e-06
5.141397620282709335e-04
6.863814752194231797e-04
1.031923916383737332e-04
-6.385666426738405212e-05
1.837683194240912962e-05
2.013871519962548784e-06
9.160024520050003124e-05
9.354382727420821990e-04
-3.802621891924083005e-06
3.427401088162428697e-04
4.829070153364316178e-05
-2.925400608955792877e-08
6.123194947709526730e-04
4.541889022170993791e-04
-1.020925595363185822e-05
1.428766590829461244e-03
7.186540664521359973e-05
1.642921962979758245e-05
4.072586997789193718e-03
2.149603381775758290e-04
9.234477524924866265e-05
5.058165908141608021e-04
4.191802769312378917e-05
2.993915329774136548e-05
2.037819839100922601e-03
6.161585822348537161e-03
3.799246082486806603e-04
1.714486225420077607e-04
2.402146762952837798e-05
2.601905060889037904e-05
2.701222581841172332e-04
7.477093034822158805e-03
4.371466935761394112e-04
3.824376473644014760e-05
1.119766114863755286e-05
7.927147654508581612e-06
-1.070420986394015616e-19
1.827269809699864588e-17
-8.374919092562670630e-18
-1.538032293608185073e-18
3.961407237486946853e-18
-2.092306792221715604e-19
2.721353263271817573e-04
7.406246183629373002e-03
4.433006340243133983e-04
3.902286216747283162e-05
1.276095604745450581e-05
8.584535815953712234e-06
2.057504953447096378e-03
6.185514735766192360e-03
3.965454893172967970e-04
1.869361325819664428e-04
2.486847685288050885e-05
2.746125376660063887e-05
4.066740992183832601e-03
2.112258367388779171e-04
1.055231283750469607e-04
4.630720968873495709e-04
4.236503629433863345e-05
3.119894276645280423e-05
6.267985258873603766e-04
4.633115738230656117e-04
-1.293469037255560642e-05
1.391620060819424680e-03
7.089442178796370286e-05
1.765836911740765566e-05
6.701468401344716930e-04
1.798784985642342370e-03
1.185410331729663699e-04
1.697464895513755906e-03
6.889699020081068207e-05
3.160628490899714666e-06
2.749824574108791862e-03
1.218109980701070254e-03
3.505700759142708813e-04
9.324652356073359931e-04
4.208048374836373759e-05
-1.015597347741404630e-06
1.288319844836962767e-03
9.206535742950877199e-07
1.751821731820395818e-04
7.400765824470896163e-06
1.042048648867254301e-05
9.037210416894858906e-07
1.309589353691581991e-03
-1.158701139562708996e-07
1.561038346732796498e-04
6.527141949839741863e-06
1.053981550423804907e-05
1.035738385963955152e-06
2.754121239702595012e-03
1.186131363875865844e-03
3.537316750276142956e-04
9.342370498156990716e-04
4.064100660608092956e-05
-1.541459289508739637e-06
6.910409085800249887e-04
1.782354307588404933e-03
1.134223188935538695e-04
1.685435614743979998e-03
7.353069259872450220e-05
2.415209003806493867e-06
2.373041161927496798e-04
8.912177547162778921e-03
3.009267967806701139e-04
2.112140255636973159e-03
5.126641605845175628e-05
4.211973986084084057e-05
4.197190247580665987e-03
5.825876671351991158e-03
1.449793966833910290e-05
5.643100368625128755e-04
1.774341040610307467e-06
3.919671912043122807e-05
2.157127550303149840e-03
3.173780896103372672e-04
2.870704955465742689e-05
8.521027981958540930e-05
-8.017029495404094449e-06
1.183530857060127519e-05
5.060639081565706273e-18
1.900015576777968571e-17
-1.463721929631376264e-18
4.808344072630149442e-18
1.515014633405352556e-17
-3.566164160388204229e-18
2.711499869297843588e-04
7.414064811530686992e-03
4.420070434554743653e-04
3.991564785784851755e-05
1.272285912861808137e-05
8.627117117991842652e-06
5.525021463438949728e-04
2.584593973614520215e-02
8.212357268535425440e-04
1.585643488724219809e-04
5.350266246657057686e-05
2.559942425926547884e-05
1.409213774517374370e-03
2.457865832325569280e-02
5.043955639106346978e-04
1.506268425871887999e-04
6.874938405998180368e-05
4.452881725667139258e-05
3.107543499143701569e-03
1.112177654579142062e-02
1.905823570324080725e-04
-2.031937573461075437e-04
7.274882725602822169e-05
2.931536510264319317e-05
9.505621693400382590e-04
3.478981888731357951e-03
1.251845715899447544e-04
3.422571629557198268e-04
7.757268479851048162e-05
6.978759938248558580e-06
9.108503400354012256e-05
9.470652739023373073e-04
-3.770453226703354659e-06
3.512990189119011915e-04
4.839616181268148123e-05
-1.202039783341935491e-07
5.271820069466607575e-04
6.743086451993150722e-04
1.005259243880156947e-04
-7.740232692691114964e-05
1.686386815603569536e-05
2.664253687768916477e-06
4.679224006169462567e-06
3.051784793718669443e-03
1.802978772237251565e-05
2.702320137730619253e-04
-4.722883081466573152e-08
1.003706689780016459e-05
1.463443176162577616e-03
7.228660258504411920e-03
1.392792457295271593e-04
1.360985587094929849e-03
2.088023136284682082e-06
3.679937483245290911e-05
5.498471843151875142e-03
6.736939589414344537e-03
1.825415376156233485e-03
2.038799654023301221e-03
4.472859281390603969e-05
1.173190557062207873e-05
1.789863932666213185e-03
9.263656327638853868e-03
1.059951085883417731e-03
3.141097672986443729e-03
8.250899118726865865e-05
1.847315166766062949e-05
5.741309190909528470e-05
9.685151986468652774e-03
9.273287818950701157e-04
1.734551310314063483e-03
2.154371985300734547e-05
8.906710953563429906e-05
3.891618047545417590e-03
8.772675806862995432e-03
8.350712985408218392e-05
3.761174029405798050e-04
-9.357564275791028922e-06
4.784941041474929333e-05
2.594740579030386989e-18
1.588877299747829888e-17
7.682756611035764762e-18
1.530219315446948668e-18
-2.105524617598289728e-17
6.029614309501732206e-18
2.177979646699254070e-03
3.166394238589377639e-04
3.677471665776376304e-05
8.224271645903972246e-05
-8.060631065110082825e-06
1.182085818035414712e-05
2.047861002908728158e-03
6.198033709118174264e-03
3.942623585821157018e-04
1.899231700396103396e-04
2.479984633809315190e-05
2.755437805297047740e-05
1.399672986497762627e-03
2.461676640788757614e-02
5.043368651733917815e-04
1.514925647421493451e-04
6.851342303152785709e-05
4.467023524828771892e-05
1.248417949191991862e-03
3.026647427783402469e-02
4.764657703723849426e-04
-2.944830474609129185e-04
8.867084812430172194e-05
6.171579641518201362e-05
1.842731682356914258e-03
2.064449458829335435e-02
3.910839040366639657e-04
-5.630460766896887683e-04
8.391103161859306899e-05
4.024231622211030387e-05
1.080213238559205383e-03
6.446545681428103754e-03
1.249791899383318784e-04
5.081014834409691071e-05
6.406928027151290650e-05
6.898036128487135043e-06
1.301441418137476459e-06
1.942756086688300111e-03
2.010423920876226069e-05
8.123689583587465806e-05
1.805347477715425858e-05
-9.582566476401310340e-08
3.457299666195417570e-07
8.895815906462139783e-04
8.585005099499514575e-05
6.654465214056203785e-04
1.130340468781101225e-06
9.957109028976787446e-07
4.800599708777359732e-04
3.423661541147619489e-03
4.678479944435659814e-06
2.112351411779283573e-03
2.302208699700018077e-05
4.387964584481839534e-08
2.601529553479409434e-03
9.380241315150878584e-03
2.216511455805454038e-04
3.338964815004568862e-03
4.752828748494747856e-05
9.280408050590547444e-06
4.986456460336590249e-03
9.866751228778650532e-03
1.248960706347721763e-03
4.248109768042690991e-03
7.116887187314905629e-05
3.496432098590507097e-05
2.635581902225856213e-03
8.969896479204054682e-03
3.030567223982037848e-03
2.552858520360853662e-03
3.702436008734910855e-05
2.211043525344931368e-05
7.143433057845568461e-06
3.475725714563770389e-03
1.179668461702882342e-03
2.225656849145954245e-04
5.414092581658990417e-06
5.300362689407785475e-05
-3.368790047436768263e-17
1.220991923968244133e-16
-6.301587793740368753e-18
1.054300427272675441e-17
-2.281519980160831629e-16
2.130543059244658432e-16
3.862836594087471626e-03
8.807592129421072322e-03
9.154956319737533334e-05
3.865670740526094633e-04
-7.189275291484106623e-06
4.859212432800819368e-05
4.201435420885428831e-03
5.850977666445886585e-03
1.836241778358467590e-05
6.178904014898462058e-04
1.748747026453928130e-06
3.915647340334105317e-05
4.063913550996170292e-03
2.123495704498758088e-04
1.034343283738853607e-04
4.691939100863647951e-04
4.245389622366869161e-05
3.145433838970439422e-05
3.102671902699362730e-03
1.115568605649819127e-02
1.879834212182571250e-04
-2.047049340924795235e-04
7.244271669066313735e-05
2.963145435903102862e-05
1.840765335089497232e-03
2.050852326306904297e-02
3.893637450656103828e-04
-5.630993356827837179e-04
8.365304798167479269e-05
4.051875214341704815e-05
6.622859532213936154e-04
1.761507712747374318e-02
1.967993275454149962e-04
-3.683142489541655349e-05
3.666406208900644867e-05
5.731364660329258147e-05
5.588626316459868477e-04
3.916214618925003589e-03
3.917845123527693703e-05
1.291730929127574386e-05
2.344813240654711133e-05
6.937455132308886176e-06
6.569379436724432226e-06
1.711764282112891971e-04
2.373629718477257978e-04
-5.018040715646601311e-04
2.013384611754720164e-06
6.344912363905214024e-06
-1.751832066026222831e-06
4.471179528812796813e-05
2.168494075088926211e-04
4.983537302712599034e-04
2.438175126827588361e-05
1.967747077315163396e-06
1.603538443405617834e-04
7.543040029946789611e-04
1.947866539958931884e-05
2.489841632049789259e-03
4.778589274065349405e-05
1.170379869520566097e-06
8.272720730612682883e-04
7.177516029674783568e-03
1.431521802374879535e-04
3.577655999665919385e-03
7.223611954535479366e-05
1.988644500247555846e-05
1.888733859670624479e-03
8.688734560218375202e-03
5.610467936706484571e-04
3.755563054522108139e-03
7.572745215033808714e-05
2.720744367902105587e-05
2.364972617081476536e-03
3.885540205281784020e-03
1.170260200632995034e-03
2.757947150585976590e-03
6.206695799328231617e-05
6.786593940769875357e-05
1.262482400271943876e-18
-7.616996770735905732e-19
-4.428600322142735659e-18
-5.790064173708792539e-18
6.574115034299238905e-20
-1.491045175769069364e-19
6.374887387052454032e-06
3.517671823233669594e-03
1.173678949743402243e-03
2.188487288216417394e-04
5.818457863118118321e-06
6.230733568444443227e-05
6.231716338948802177e-05
9.772276719689327110e-03
9.135569048893784272e-04
1.755134987890035825e-03
2.247576922175718061e-05
7.900631023074003185e-05
2.295041562956181343e-04
8.923736098271441153e-03
3.026239088344508045e-04
1.995901361573168119e-03
4.898066086791789378e-05
4.556796560859788789e-05
6.274014929042260940e-04
4.595763303623933717e-04
-1.307181823165659929e-05
1.393158476800537230e-03
7.123379924298037897e-05
1.804471157001914341e-05
9.534737921258772987e-04
3.474928323426226297e-03
1.235290715920594725e-04
3.463792486829615509e-04
7.741758607519332101e-05
7.139234788782757296e-06
1.082601631493448338e-03
6.452546592068610261e-03
1.246144550955930158e-04
5.010095603274141471e-05
6.401153018950985667e-05
6.955220368552993193e-06
5.819206347409531426e-04
3.934600274567744312e-03
3.908156631328438073e-05
1.404263156710412817e-05
2.350327981711413926e-05
6.928451682902935096e-06
3.901054759403478080e-05
5.212753710017033974e-05
3.250682592891376041e-04
-1.839930034163042008e-03
2.665055809613490195e-07
-2.545202694267837462e-07
1.703575864346806509e-04
2.414859527175138715e-03
3.043122139075588170e-04
-8.292520081894394913e-05
1.699785483126726142e-05
1.557210675894249759e-07
5.336855960701576392e-04
3.439513456114704978e-03
3.019765737073451637e-04
1.427580619466888717e-03
4.047324356860091348e-05
2.346460517666717134e-06
5.279592795960452549e-04
2.037151623304580867e-04
4.327904984884091964e-04
2.080832356380585540e-03
4.650730578083078477e-05
8.582805152059561941e-06
3.538365604958195213e-04
3.983243344257072528e-03
4.522273188037774737e-06
2.039978220617605798e-03
3.793582098165319285e-05
2.093779108374432474e-05
1.012621951367544186e-04
7.661407634230265815e-03
1.840469032866138481e-04
1.651635530400850232e-03
2.413789433858009407e-05
3.386216208425520601e-05
1.350337194423407167e-05
3.295496141663080761e-03
1.522975683211438033e-04
8.255406531833312488e-04
7.668404643348749019e-06
8.137493020866733346e-05
1.375786284265936233e-05
3.310059550506300446e-03
1.605542171945013787e-04
7.860252748692574381e-04
8.730620560500453259e-06
8.422920579586482893e-05
2.341001848800641858e-03
3.835273733048204757e-03
1.173531063773856215e-03
2.700884269175906575e-03
7.107425046861133686e-05
7.430134742140542510e-05
2.610345875201842882e-03
8.969451300042332806e-03
3.047577474667005452e-03
2.597876955025205450e-03
3.741288380677817641e-05
1.579982872384307139e-05
1.803110284215981825e-03
9.309704741700501607e-03
1.058410014050255397e-03
3.108549341024792554e-03
7.395625987421875077e-05
2.249258464564980525e-05
6.669804212227890307e-04
1.794665224460180670e-03
1.110527656101399895e-04
1.702695547317696970e-03
6.914724063246326276e-05
3.431671279821162659e-06
8.798709884638211199e-05
9.511982770196315135e-04
-3.775719761142487158e-06
3.524361901742135874e-04
4.872490250806321341e-05
-1.496799415618462170e-07
1.313413855627988071e-06
1.947100593097388912e-03
2.038162945687916762e-05
8.174704294287825910e-05
1.809787395050149912e-05
-9.764817533965796340e-08
7.017165614731541183e-06
1.410781702958294605e-04
2.378173077125745000e-04
-4.999864228425440803e-04
1.996337358215336573e-06
6.429612912048036577e-06
1.629847410597666892e-04
2.387264140166073679e-03
3.041181495287774124e-04
-8.424227743808382948e-05
1.699837146667426639e-05
1.532045043891884535e-07
1.505746269048135414e-04
1.435374369171859600e-02
4.282213523307792490e-04
1.299060875567772900e-03
4.637435877091366685e-05
8.244668979870906826e-06
8.042355735990238969e-04
1.575667137337397050e-02
1.001296717790133147e-03
1.763622120843647651e-03
6.538577154371488797e-05
1.531089054602027927e-05
1.542360223035417607e-03
5.701757850972662134e-03
1.090263743046233219e-03
1.413879183151416389e-03
5.349361548491629272e-05
1.532609197928895716e-05
2.328711120810256566e-03
3.370057668044663078e-04
2.362138491419126104e-04
8.304891522270254831e-04
2.192720251609036922e-05
7.395384609393969346e-06
2.338803906807562175e-03
4.399979788558925665e-03
1.374903539757866873e-05
2.601300872898261560e-04
-1.900082114159473378e-06
2.625639391900939142e-06
5.661154716758612042e-17
-2.600504813774662454e-17
7.362045249908101999e-18
1.314228887162906293e-17
8.972154413594527944e-17
-3.573034054977620594e-17
9.950254698082269301e-05
7.620328453102530319e-03
1.812739113460725250e-04
1.647835488008141331e-03
2.471519564660342691e-05
3.390108795599413818e-05
1.893689400840242775e-03
8.670741125022205301e-03
5.468322288004311008e-04
3.540236949678494689e-03
7.510307140410409457e-05
2.919897550235236205e-05
4.963557242778201574e-03
9.795539527553366252e-03
1.253068071884554492e-03
4.172760143075898535e-03
7.509708881603905305e-05
3.978942251473413180e-05
5.437460855060420768e-03
6.767432646554737141e-03
1.818730995727652847e-03
2.066816526422507547e-03
5.225106126357961615e-05
1.394194612157300444e-05
2.747000408047176653e-03
1.219369857865681365e-03
3.546321804384580819e-04
9.327102716195180077e-04
4.299423107926014640e-05
-9.016779986410002315e-07
5.233095411882560067e-04
6.751730277467462476e-04
1.003597278158263844e-04
-7.899417705719805505e-05
1.722680993457505639e-05
2.473947132311815294e-06
4.756917629145890980e-07
8.907749726995511062e-04
8.689033063978364902e-05
6.644370993790859421e-04
1.074239703283052521e-06
1.041769899960977191e-06
-1.593847731320758377e-06
4.366243620497952944e-05
2.180194851214536293e-04
4.931240689890418593e-04
2.425835877614153081e-05
2.022773936080739853e-06
5.329103182214264692e-04
3.396639179174580896e-03
3.038016029146531263e-04
1.422711755557938378e-03
4.068838304407738053e-05
2.318960228701732374e-06
8.177405194464952174e-04
1.576216936648352010e-02
9.998559057767871395e-04
1.763449176640874503e-03
6.548622111253892583e-05
1.531754324231679820e-05
5.169154115683949856e-04
2.250629338849349792e-02
1.678700145113545730e-03
1.327262017483856220e-03
8.694976514156127218e-05
1.699942885478225704e-05
4.954248867110916561e-04
1.452699391914293904e-02
1.916372620790847067e-03
7.037605721738550597e-04
5.870597700479838110e-05
1.049488631693461108e-05
4.238708552772579982e-04
1.243448121310144735e-03
3.180600468611502149e-04
1.960763482566534120e-04
1.467808626102371369e-05
2.875254631164125854e-06
-8.197785945789776256e-18
4.139277263105745977e-18
-7.823918079940807662e-18
5.641844160642088208e-18
9.938278000840229760e-18
2.401976442858886736e-19
2.330697242117985447e-03
4.387696031644970455e-03
1.607533940026463156e-05
2.364448272921454756e-04
-1.817182477956846119e-06
5.937449932182742670e-06
3.393595987523795603e-04
3.992993351299603359e-03
2.274580583504218570e-06
2.094722225995611798e-03
3.959893530668601240e-05
2.068066334411711846e-05
8.213357639319175847e-04
7.179932193160475443e-03
1.361883197958289556e-04
3.314552272469549650e-03
7.356816560750622169e-05
2.081504068122986553e-05
2.598734768151123552e-03
9.379327967380987618e-03
2.089097318838264810e-04
3.274170809235132321e-03
4.266611675536788036e-05
7.230856078469980259e-06
1.461934531410771744e-03
7.225047125864847257e-03
1.196243602538273173e-04
1.408857635777249762e-03
1.207638656023743102e-06
3.338141168079581484e-05
1.285313772948670297e-03
8.489421920076679652e-07
1.767902741471741117e-04
7.557885864716967287e-06
1.089741743491911077e-05
8.343021412801980065e-07
4.408022686589449702e-06
3.049617136342707216e-03
1.729425963264111485e-05
2.564142706778193529e-04
-2.947957482773586231e-08
9.588819262865620437e-06
4.849420274067019416e-04
3.426317583557756275e-03
4.913090992334225604e-06
2.098292221233744297e-03
2.264862983264389167e-05
-3.175907192795329970e-08
1.617542898373085420e-04
7.600300930906249159e-04
2.111133960903362531e-05
2.472032871449666644e-03
4.784527644236584524e-05
1.105562698775887528e-06
5.284321895164007400e-04
2.022634689129134604e-04
4.341111535052670284e-04
2.072310802798483023e-03
4.647810466104857695e-05
8.535851319401125157e-06
1.548117179236030427e-03
5.686347380253935560e-03
1.085274634899517946e-03
1.414857619979287360e-03
5.361748078936708463e-05
1.516787506332305745e-05
5.026623228950334848e-04
1.450616529779890154e-02
1.916122687724188499e-03
7.052427778069672928e-04
5.882569104560698162e-05
1.044129022863987665e-05
1.402381968789623463e-04
8.074523129319834472e-03
1.431600882551864375e-03
1.788861928457390873e-04
2.334304561809994147e-05
2.739020512423535773e-06
5.131499936211509280e-18
7.423652142475683105e-18
-3.251512712389171657e-19
2.789500593816950443e-18
3.755678277994001300e-18
-6.343981523241230174e-19
4.126957021275739416e-04
1.238370630621312253e-03
3.041162430130323318e-04
1.759394633788440953e-04
1.457073622766470351e-05
2.769045788977813726e-06
2.309118647685562929e-03
3.368664450300425583e-04
2.461280927732770424e-04
8.202216150681652289e-04
2.276234768880035797e-05
7.646215345365225177e-06
5.106175495538934879e-04
2.116949762492605048e-04
3.972623863122417501e-04
2.147724806764037681e-03
4.781298645852251523e-05
8.402476590683393397e-06
1.573904083380933824e-04
7.577747694949617946e-04
1.058868140221895550e-05
2.560004764090553688e-03
4.734461942852866503e-05
9.089812845652819193e-07
4.894694659806637493e-04
3.451363253751264185e-03
4.373633801476937193e-06
2.247012991780707961e-03
2.352586263883366902e-05
-1.249939751835254932e-07
3.249262382215733023e-06
3.016611707003162817e-03
1.430219071253575789e-05
2.249309958230411911e-04
-4.866557208311148460e-08
8.433506006869391012e-06
1.312142306558023840e-03
1.123725243751704041e-07
1.597193040890140944e-04
6.276821430645892062e-06
1.007562591597629338e-05
1.125456950076779482e-06
1.463810301844255170e-03
7.231102343737112227e-03
1.433977063478805453e-04
1.338358929557657189e-03
1.783947002749036755e-06
3.552980051899066631e-05
2.606237144530709846e-03
9.383637630965597706e-03
2.264741019796341018e-04
3.325920939441953921e-03
4.673299513954247875e-05
8.711963701848126590e-06
8.294636926787599552e-04
7.193104871946018504e-03
1.441223868065502232e-04
3.550093893469732486e-03
7.167954086746178256e-05
1.933064433972475025e-05
3.538757054973929502e-04
3.992397307692210212e-03
4.434968630915040185e-06
2.034685037891033246e-03
3.764712369396599979e-05
2.040274637445538969e-05
2.330851023558418340e-03
3.413155171951463775e-04
2.359965260766619507e-04
8.301083206218297329e-04
2.189394887691126386e-05
6.734882645597654727e-06
4.290927216464474644e-04
1.241584895778887485e-03
3.143543162033414842e-04
1.966098129714985931e-04
1.470065388195145476e-05
2.799743118557043578e-06
-3.824437950861412192e-18
2.580649231105034691e-18
1.841876026971827381e-19
3.001100479351747910e-18
1.064701493469088594e-18
3.582691661457750961e-19
1.377853259933701797e-04
8.145437389512342682e-03
1.401794230188685431e-03
1.610352016194241105e-04
2.368599135654012695e-05
2.562826719029769280e-06
4.840683299829355492e-04
1.422638519956420482e-02
1.858843502942552619e-03
6.764574520243674723e-04
5.814077551506596536e-05
1.064608766283008546e-05
1.517117703841538772e-03
5.563110258355158030e-03
1.083845226803589312e-03
1.448561081063373581e-03
5.477837545177695761e-05
1.398664838888267083e-05
5.351440983495638288e-04
3.440925730009610113e-03
3.105186342889381290e-04
1.417645891723123656e-03
4.131819409818988595e-05
1.961912775128208685e-06
-5.871567662667609812e-06
4.894673985498694931e-05
2.031667724597738115e-04
5.413561535562873674e-04
2.478729618620419950e-05
2.204249396078657214e-06
2.439798965383864612e-07
9.201710274692466137e-04
8.762207691029519894e-05
5.167095456928631455e-04
9.991278651549348842e-07
1.192943320945606049e-06
5.160145900503605373e-04
6.870853193478087617e-04
1.032606415634713319e-04
-6.174481647366040658e-05
1.814235301721068194e-05
2.148794077783014706e-06
2.756420092685722689e-03
1.186346070676568996e-03
3.591756903482573897e-04
9.293711303362576451e-04
3.988527412102008102e-05
-1.664849765226863087e-06
5.503836012461885488e-03
6.729495047846891648e-03
1.855551535760589527e-03
2.010330897410161650e-03
4.316138212295487630e-05
1.040841738901325059e-05
4.997346823669798765e-03
9.863308344876803649e-03
1.254028753707903945e-03
4.266042568900765310e-03
6.941422916831518030e-05
3.276323893826225367e-05
1.890224797630728855e-03
8.690473134611386916e-03
5.644291571630274647e-04
3.726363259080788838e-03
7.387800567122324285e-05
2.483201329781488452e-05
1.015789599404048302e-04
7.675161713846152985e-03
1.839695563946699747e-04
1.641348365336702236e-03
2.397516517032261969e-05
3.250665577793271962e-05
2.343892937103363855e-03
4.409813022777446002e-03
1.362477412097231983e-05
2.523089412538730451e-04
-1.805950724408940652e-06
2.100222172109549510e-06
2.057616128572750808e-17
-4.786341087962715353e-18
-6.163629540427270507e-18
3.250198668592246340e-18
-1.547849677760672486e-18
-4.967652053406785863e-19
4.170960911258620569e-04
1.234181026171357826e-03
3.010521599282874137e-04
1.757393003614498564e-04
1.462955084928277812e-05
2.687372135528076469e-06
4.933862975964292252e-04
1.419887875917940148e-02
1.857066617178985968e-03
6.762102499501599674e-04
5.829458639437892401e-05
1.061260292326789233e-05
5.220918969533819287e-04
2.250539581473408671e-02
1.717506976863471995e-03
1.352332327372819968e-03
9.035866092707533473e-05
1.689774137720652069e-05
7.771536434282109301e-04
1.556221208552419945e-02
9.391931154898241433e-04
1.838487385034436603e-03
6.555845684202403370e-05
1.398239181637932180e-05
1.696555901087742381e-04
2.412681731812926517e-03
3.239387079558927627e-04
-1.260047961462834295e-04
1.724344321317442430e-05
1.474826273394472043e-07
5.450873205597527406e-06
1.475531961161242914e-04
2.541372962949113318e-04
-5.831266943212671475e-04
1.907727751461457559e-06
6.976444480862370404e-06
1.279205685840271238e-06
1.990671017734355931e-03
1.765708369081562732e-05
4.040704721306255553e-05
1.835302489560609662e-05
-1.022990905635207402e-07
9.331136922481482715e-05
9.301347300380976776e-04
-3.871098427941215804e-06
3.388163761445016440e-04
4.800039269430279686e-05
4.495488749486379743e-09
6.927168633499692198e-04
1.784514714326947485e-03
1.180649771791664410e-04
1.679927834893988909e-03
7.322061819719399064e-05
2.098912125816584414e-06
1.791941020815532044e-03
9.257113098807936633e-03
1.068982233013984198e-03
3.138393901351700047e-03
8.104122911473176998e-05
1.763181997487002750e-05
2.637705337519729350e-03
8.974790912147891792e-03
3.046275706360518018e-03
2.529153632621728136e-03
3.414357143014345292e-05
2.030596078872720289e-05
2.367171593410225417e-03
3.889249249833752215e-03
1.165625087476613621e-03
2.751805479903071672e-03
5.896800911512335800e-05
6.529822459924905411e-05
1.331632563637963775e-05
3.299304535425039674e-03
1.546045624706650682e-04
8.293636547731076487e-04
7.384268078361308894e-06
7.973075996555916225e-05
-2.101891218361426149e-16
9.172341265535085027e-17
3.194099302050537621e-18
1.152021695523857232e-17
-2.251776065599863425e-17
1.130430829785561995e-17
2.336912836392519063e-03
4.396817334038552808e-03
1.594403185362583492e-05
2.329098114620275931e-04
-1.719574681770274793e-06
5.243174261550132398e-06
2.316122012530006432e-03
3.404306858440744226e-04
2.465588023842915167e-04
8.218515284083673707e-04
2.282023601566686771e-05
7.024410956328722018e-06
1.524179449877289356e-03
5.537161247667673342e-03
1.082429937435995786e-03
1.446347650423500603e-03
5.499507082031077483e-05
1.392675966973580686e-05
7.821119113358272713e-04
1.557483240684336828e-02
9.385968770555522993e-04
1.836803505907715160e-03
6.583372939408350737e-05
1.401312921014543260e-05
1.367177281265153927e-04
1.389286751889720097e-02
4.877684028237518630e-04
1.261999461358400678e-03
4.545454687936312666e-05
7.507582281312845173e-06
4.376184922560449235e-04
6.481254387516676395e-04
9.156072272942764219e-04
2.927449780626593251e-03
6.944565362930387657e-06
1.261004116805762819e-08
1.530059898680484259e-03
5.697572479987477422e-03
1.530940136473492774e-04
1.844553418198513874e-03
1.784912916558207061e-05
2.333465875925964649e-05
2.079169381262089243e-03
9.406622955847631848e-03
2.508766188313006846e-04
2.862022812736176192e-04
1.668436613272121578e-05
7.696181642489578485e-05
1.731079903191682636e-03
8.681165326876665728e-03
1.424330718194753308e-04
2.051554834009276275e-04
9.442729249712563690e-05
7.735063561520277408e-06
1.130830863213565934e-03
9.355428746157488928e-04
1.975095218810072229e-04
-1.316393970182346581e-04
9.940942790317746009e-05
7.163318447612085689e-06
5.180638264023430719e-04
4.197064652734689566e-03
6.113461104748085795e-04
8.223687191273882507e-04
7.793141348951648079e-05
1.518997230000444029e-05
1.847104068761049500e-04
1.221859215433258351e-02
2.300221436374803776e-03
1.199501376299636369e-03
4.175615305311966877e-05
5.458835253364724616e-05
6.012334248415420948e-05
9.715719080494384860e-03
9.093131278472158050e-04
1.801397798963732134e-03
1.872627966891657531e-05
8.326354145769155485e-05
1.421388004169042788e-05
3.311605196724428865e-03
1.540761296782174983e-04
8.370326979538642237e-04
5.695812560711491148e-06
8.301960937858521631e-05
1.338115986806293385e-18
5.391713988040191185e-20
8.977972349873635122e-19
7.061588527713671211e-17
-1.242465031731798254e-18
-3.194174962614515247e-18
3.189735451509233423e-05
2.778672755040166500e-03
3.633691438077542079e-05
7.225611479346348478e-04
5.587388508711584220e-06
7.526869440448238642e-05
1.646917187443133735e-04
4.677553640214869059e-03
5.788264152350514626e-06
1.371671531081686095e-03
1.680561815518072843e-05
1.539849916809197633e-05
2.621973947615506345e-04
5.602016193493260287e-04
8.822814997647718347e-04
2.035300550271684859e-03
2.274242359009067695e-05
-1.164403035470446912e-07
2.103640372936893164e-04
6.890557698006272635e-04
2.298979840255412598e-03
2.533628740530998076e-03
1.890820081543516547e-05
-1.332093882540264413e-07
6.999117048557838159e-07
9.895949562584694346e-04
1.790954869926862951e-03
2.825618626101489457e-03
7.074779943075641939e-06
1.325030703266420141e-06
1.544630242400877327e-03
5.723530337785257341e-03
1.556040712007698585e-04
1.844763913413580581e-03
1.781314179568674113e-05
2.347545027087923140e-05
1.706768391363784696e-03
2.070321351049634120e-02
1.719347797002360135e-04
-4.701766401945188631e-04
7.095135753545865598e-05
5.265756196777329474e-05
3.280200723636737380e-03
2.354507629100156471e-02
1.003506100027915106e-04
-6.089444567532386818e-04
1.057945122588887198e-04
8.633901690319561420e-05
5.110614048299715224e-03
1.651074701695862471e-02
2.839897459013296306e-08
1.111811848721828885e-04
1.166631917242655640e-04
4.211817734210295639e-05
6.010907314341066426e-03
3.182876911994600780e-03
-2.661700770951149882e-05
1.903412478618341178e-05
8.927040336772199989e-05
2.635526855726111662e-05
5.899237807583509498e-03
2.917825595654871974e-03
8.097776324234072856e-05
3.826773787868894368e-04
3.590286228182674782e-05
3.418310977750075734e-05
5.444671988980530168e-03
1.222440446705445882e-02
5.557555096180751778e-04
4.626203830607372226e-04
-7.970832195578595489e-06
8.898960464172000454e-05
4.697447473509750067e-03
1.126005164607413525e-02
1.727338257959747016e-03
4.115003148588839744e-05
-1.243463415275609605e-05
1.466951275727404751e-04
1.330625869012070581e-16
3.192120395499260520e-16
-7.455652615967135636e-18
6.297365812429465753e-17
-2.739922242042497233e-17
2.263511094333901378e-18
1.314040747741101800e-05
3.326671667006366167e-03
1.613779630232772355e-04
7.997068952440601619e-04
8.030101413023792663e-06
8.047117134946781350e-05
1.069450290250131006e-03
4.781379105218421313e-03
3.604759450172642784e-04
2.362720363488545697e-03
3.574491699764344296e-05
1.224420367906695279e-04
6.781616237911817276e-04
8.374823373762883480e-03
2.004049070940184163e-04
3.058690307913484400e-03
2.689704124434482313e-05
3.068986683938001070e-05
1.119845166067372916e-04
5.004522115306456187e-03
1.863790953330337838e-04
3.409465214770916741e-03
1.782238441273266023e-05
1.752354318273285477e-07
-1.055177392147779104e-05
1.220402696006592843e-03
1.037669053186181549e-03
3.517695565794407789e-03
9.773460246680164599e-06
2.147274399357678462e-06
3.925069122002503664e-05
1.512195306678294337e-03
7.518595599934844304e-04
3.259438331697862238e-03
1.000436400399398766e-07
1.579713168577598337e-05
2.086593705304434516e-03
9.390464072374206730e-03
2.510879027690148067e-04
2.839380819419923263e-04
1.673374125177741045e-05
7.699321956304337820e-05
3.302461240583189246e-03
2.348795307536606647e-02
1.000019886908839984e-04
-6.095611169776246358e-04
1.057405333456861655e-04
8.639368755822346088e-05
2.117833650507654208e-03
3.737708669681126528e-02
-3.127126066853057887e-06
3.069068777135672645e-04
1.177098179852038303e-04
1.070554188725536375e-04
2.704546895642513660e-03
3.344947171097149841e-02
3.430132522156663924e-05
1.388938693757052012e-04
1.001877062191555375e-04
7.387707660359484356e-05
4.325462956369487480e-03
1.302294311959953724e-02
-2.324203323969561180e-05
-6.203960373738435228e-05
5.771508068738271811e-05
3.546409813587888345e-05
6.180761279185053442e-03
2.028735670638049843e-05
-5.752473005538083392e-06
3.851642570504803078e-05
4.026199336883218844e-06
2.866435016149658524e-05
7.259002557445395042e-03
6.888070680842463614e-03
2.554393813422232664e-05
1.018037275915336949e-04
-9.743233086332800204e-06
5.536406414240278157e-05
1.231487213489306003e-16
-1.436696035676652521e-16
-1.548114187285634615e-17
-1.855111885927919803e-19
-1.542927349251696546e-17
1.387132489349110944e-17
4.706960068242982062e-03
1.133964617062805692e-02
1.700450799465886989e-03
3.614573637260041551e-05
-1.101770325567538345e-05
1.378642178852970918e-04
6.150799217702434239e-05
9.718508357568845027e-03
9.166314374608382784e-04
1.778185512076470472e-03
2.198262574559254945e-05
9.046041918064036467e-05
1.886132062338014307e-03
8.640025404176202017e-03
5.473284707070611398e-04
3.523273677576166125e-03
7.545725165187153432e-05
2.847245752951145726e-05
1.433002724621848262e-03
1.289043423675364716e-02
3.019299359831625462e-04
4.205884841217053492e-03
4.363269754818428542e-05
1.098523488460126824e-05
2.705533328009279118e-04
1.248072342582377640e-02
-9.683684474953657387e-07
4.229913847043642768e-03
2.149713297927481292e-05
2.414577639270767976e-07
7.359110988932504953e-07
7.216358647579739806e-03
2.942400408592035278e-04
3.650710623073445422e-03
2.608889179411967123e-06
8.789693790899049682e-06
6.921161288693057688e-05
5.675822127429452045e-03
1.721862499493619157e-04
2.467157835194010943e-03
-3.793158558475038705e-06
3.651107432882549393e-05
1.738462602187193420e-03
8.660779944079549306e-03
1.421111265273153129e-04
2.017699119758467813e-04
9.442116701642703808e-05
7.827964191420506615e-06
5.104918502343152274e-03
1.654530516612343072e-02
2.924696344975414823e-08
1.103140161467650515e-04
1.165765279337995853e-04
4.224369355007862986e-05
2.681832495157966591e-03
3.350699607352532194e-02
3.368479692184415296e-05
1.386747022140143203e-04
1.000662179377803039e-04
7.400170623009317606e-05
1.291982463896647988e-03
3.896665432397792422e-02
-7.682137339961288085e-05
-8.134954379146792331e-06
6.848542138503654344e-05
5.541439827542394745e-05
1.019929597413374344e-03
2.104621982190381033e-02
1.262200687854294408e-04
-5.466134049903835203e-05
3.205805131884381122e-05
2.613130672991459077e-05
7.419272931567668468e-04
2.220149779327208056e-03
4.836933125681068193e-05
-5.216903805307630628e-06
2.074468384264283472e-06
1.087238596081166951e-05
8.573959780085330673e-18
1.293735193535220955e-18
4.825386271440359565e-18
1.776314058804930075e-19
-4.124704197123165148e-17
6.217065598121517102e-17
7.238300249285379261e-03
6.928828706490347718e-03
2.334765001358325072e-05
1.026342307404232894e-04
-1.070174656154558513e-05
5.409853912833520581e-05
5.411342978773264235e-03
1.235270793914993240e-02
5.537291720894202797e-04
4.665951787321288564e-04
-8.273054650395328979e-06
9.535764950262597356e-05
1.819153956222260013e-04
1.248054794325002131e-02
2.337011602266605460e-03
1.254798683100795224e-03
4.143694239122155140e-05
5.811610146675685526e-05
1.796213530107953690e-03
9.295995702685432016e-03
1.096172466136920588e-03
3.197370438468918885e-03
7.686360794571738095e-05
1.767931276201827452e-05
2.608058797913468275e-03
9.468919769357446795e-03
2.176741195735428023e-04
3.260016693315926934e-03
4.617030437834054570e-05
6.909500362621736498e-06
8.440184663267266051e-06
1.410683013002810363e-02
2.433572348721928663e-06
3.270959081605536063e-03
4.629776206981602658e-07
4.696314750288053979e-05
3.183509349102191873e-04
1.031286634014670807e-02
2.878796685224513179e-04
2.467623953261437186e-03
9.308593224947073571e-06
5.295262515566090344e-06
-7.944438621935054632e-07
6.947999502780312017e-03
4.099713308775596943e-04
1.441210350213171674e-03
4.415184475714577027e-05
-2.647280736446030657e-06
1.134644235138007129e-03
9.348276295443209158e-04
1.977562978403490587e-04
-1.333885282866668714e-04
9.940513550943570493e-05
7.419721116802980698e-06
6.009583298374580017e-03
3.185153792236500823e-03
-2.674295785111161449e-05
1.914554305253830872e-05
8.901010549613814148e-05
2.656718036657837407e-05
4.302716495755607405e-03
1.302409056707197130e-02
-2.495065475453474949e-05
-6.169772040802627244e-05
5.743855345669033675e-05
3.597788575732578729e-05
1.011671771163103438e-03
2.106267800054573147e-02
1.251227727569307908e-04
-5.442411756036094758e-05
3.187442394577818871e-05
2.631233653789295603e-05
2.146487774606436430e-04
9.677272275743475580e-03
1.593116679721926746e-04
-1.034854950999789377e-05
1.162154238087401648e-05
6.121672041005289604e-06
1.363710802275709326e-18
-1.650495978684568876e-17
4.532139928133288243e-18
2.417239363104494632e-19
2.069588655753480526e-19
5.814773292323009662e-18
7.668154910503386388e-04
2.256968655584652358e-03
5.263870466971679019e-05
-3.384796499854153828e-06
2.050696180620910963e-06
1.324462559780175120e-05
6.213117452527640999e-03
1.640163833585735537e-05
-1.297003686845835899e-05
2.641268637360327887e-05
4.071228783651176053e-06
3.442030642131616274e-05
5.932203635988966828e-03
2.914313951886076445e-03
7.916629883703345477e-05
3.783009986428610390e-04
3.404860694233981477e-05
3.780322831028044118e-05
5.341803945455088787e-04
4.314771601483049362e-03
5.983590826217004104e-04
8.028021562793481074e-04
7.659493391618890927e-05
1.698042312557683622e-05
1.131907715253902252e-03
2.967855694282775514e-03
1.398996803175503326e-03
8.530705524072069350e-04
8.191259222380386238e-05
-3.886173172044956104e-06
2.715954059693890046e-03
1.221829119503210943e-03
3.463312412976581934e-04
9.068394109114891839e-04
4.129544396541084522e-05
-1.519679193691961170e-06
3.807033912295068500e-06
3.073631749026537255e-03
1.710655876801131400e-05
1.899948507359367996e-04
-6.932316042961545775e-08
8.987719744898104785e-06
1.580794002269855910e-03
2.924559620572770875e-03
4.180789985536530174e-04
-1.038101880692860124e-04
3.324273666597094511e-05
1.482327344232052238e-05
3.678614621838992055e-04
9.571042501275410378e-04
5.861440322999732742e-04
-1.205136659670708401e-04
7.038468815493660808e-05
5.940129310650915715e-07
5.191428158392193126e-04
4.201725476537700697e-03
6.060623944122438440e-04
8.249961707490463449e-04
7.821043322996189923e-05
1.604687451293854418e-05
5.899173693590989941e-03
2.916650814829943768e-03
7.694427648186157574e-05
3.840532207912483254e-04
3.595828614501551609e-05
3.493821308000480218e-05
6.167140280453637519e-03
1.999246889293371135e-05
-5.910977882729629787e-06
3.956171770070590924e-05
4.004880473496557158e-06
2.948599635204673478e-05
7.378926392391847808e-04
2.221895614064823936e-03
4.648316217711178912e-05
-5.880404552822221714e-06
2.036747968213043885e-06
1.106455446814212315e-05
-2.283700630017061287e-18
-2.169176059698419792e-17
4.658065654943646867e-18
3.574629020774196485e-19
-2.012266990038034776e-19
-3.927993401313127618e-19
2.137857818957428408e-04
9.551567031818532574e-03
1.817872804774210596e-04
-1.256869418182562970e-05
1.135631248342875165e-05
7.879528395683546579e-06
1.038188582280570116e-03
2.089133558948063837e-02
1.094750338018665839e-04
-5.998858253514245410e-05
3.320668309223412428e-05
2.913132210311084221e-05
4.337659774851396373e-03
1.311655623223022954e-02
-4.023285494364406813e-05
-4.840591938970899885e-05
5.895959862944548895e-05
3.697410405883278065e-05
5.987327594226140269e-03
3.156928674611126761e-03
-2.492807861617083020e-05
2.051918828344778052e-05
8.948759525499570431e-05
2.739708796526481817e-05
1.122745768716935672e-03
9.274044939467331787e-04
1.819220613252732531e-04
-1.306667100756185151e-04
9.784842885543165139e-05
7.290355591263314653e-06
3.847285078893655807e-04
9.391466269007176133e-04
5.496943750670271181e-04
-1.284615722378359081e-04
6.943462929342926904e-05
1.067688153668019810e-06
1.627900212789025382e-03
2.910402810696050523e-03
4.238365534005830888e-04
-2.282760426379289620e-05
3.166725386501929781e-05
1.679239708787086301e-05
4.027963130393943268e-06
3.031352579990772601e-03
1.898305282123577951e-05
2.691086661480657986e-04
-3.410722608181817960e-09
8.800531899363638494e-06
2.741534240246066428e-03
1.205038953876421065e-03
3.724453428326779392e-04
9.228353479682057867e-04
4.065001929706742851e-05
-1.237372462655155903e-06
1.155229437323626119e-03
2.952351623903112961e-03
1.374387577236756142e-03
8.594227525769755497e-04
8.732409763871020641e-05
-4.395146538264074916e-06
1.850799603159793193e-04
1.223259163595324765e-02
2.347245187123096072e-03
1.222039341589063743e-03
4.192356886709193973e-05
5.605002716531548899e-05
5.441267572448653216e-03
1.220478743199921758e-02
5.577498282832716843e-04
4.599845198158907769e-04
-7.967477489155145443e-06
9.099591319593162563e-05
7.249971187241236424e-03
6.886056884414473722e-03
2.545612618854712464e-05
9.930759286261134258e-05
-9.641106118812352313e-06
5.591514236579207706e-05
-4.525478750993284778e-18
-9.984080201183080750e-19
8.050113099095061237e-18
-1.156821748439853315e-18
7.841538501087723856e-17
-1.052839644858706981e-16
7.631207071789546624e-04
2.258529924652053281e-03
5.135079617990522953e-05
-3.561586062645602550e-06
2.025970549875527938e-06
1.341581245689587268e-05
1.033316240087906856e-03
2.090116101115209110e-02
1.077351278347715881e-04
-5.958524707739332779e-05
3.310455238546773687e-05
2.927545240863355233e-05
1.265216645553311325e-03
3.786967056756321282e-02
-3.134205755857068817e-05
-8.621252297793098135e-06
6.907245907716128724e-05
5.550212397163110890e-05
2.769366990006052066e-03
3.285079290273063696e-02
5.092992490047817229e-05
1.072313983340699020e-04
1.000055236493007895e-04
7.644770796975395623e-05
5.157579108242825103e-03
1.622007710882984385e-02
1.848945463439264817e-08
1.771522024819928702e-04
1.163855206175046778e-04
4.168718986804320598e-05
1.766190212849708726e-03
8.472372932395423606e-03
1.399509461501406975e-04
1.736738926002819115e-04
9.605371063111884722e-05
7.924285928849340556e-06
-2.486881216766604107e-06
6.881119109302919791e-03
3.805523818942738385e-04
1.295503957147452374e-03
4.411396832984616008e-05
-2.119088471446330423e-06
3.104492680343640403e-04
1.030528519447385973e-02
2.749817405941049650e-04
2.666347356434663803e-03
9.196288384463346236e-06
7.314106044513226893e-06
9.759657339595044311e-06
1.416038536051341008e-02
2.110213400688869496e-06
3.143716285105095740e-03
7.695392862366629094e-07
4.551099953537687359e-05
2.594962518702129128e-03
9.351183225905007265e-03
2.257687447049849859e-04
3.317390390617319662e-03
4.595674003450846384e-05
7.279617466405161460e-06
1.787549858233359636e-03
9.250162438835968573e-03
1.067543200016923604e-03
3.119541228029408704e-03
7.935574399973374389e-05
1.871455667874073636e-05
6.029856213390357789e-05
9.712333281860545398e-03
9.178290959463871173e-04
1.814286180165945337e-03
1.903507780892495241e-05
8.564482226682744405e-05
4.699126136371583815e-03
1.126192076536394575e-02
1.730018218644629579e-03
3.857539025468340949e-05
-1.175609717569955223e-05
1.490448143362665555e-04
-2.062949868233766193e-17
2.306377103028141424e-17
-1.975686299443398654e-17
-2.396764878424449557e-19
6.133526669420258728e-17
-7.398136488607371571e-17
7.231397552731007317e-03
6.925957241124654044e-03
2.181496007231418182e-05
9.864856559750502377e-05
-1.056847457015988211e-05
5.478009158600972544e-05
6.206073542168121480e-03
1.649298515954560309e-05
-1.328632211188781463e-05
2.690236305162356875e-05
4.055805344464164841e-06
3.491964434929317594e-05
4.320378902271315540e-03
1.310425616692108448e-02
-4.169957149327786696e-05
-4.790784140878565702e-05
5.869669325161897455e-05
3.736311463196790710e-05
2.747567290520616483e-03
3.287849906428282065e-02
5.053453589442669493e-05
1.072414563838917771e-04
9.990444957661376811e-05
7.662155108101072339e-05
2.142289395087892002e-03
3.609112367570491142e-02
1.368328376516095173e-06
3.813569136829961909e-04
1.151440506681305467e-04
1.067874818060818266e-04
3.384078597083769145e-03
2.374560656011069984e-02
7.334543684618148531e-05
-5.853207514497756276e-04
1.051672538799881091e-04
8.541260727035834973e-05
2.071491058923496682e-03
9.271395380354593291e-03
2.428492329005928598e-04
1.537328918495974397e-04
1.749001682326344840e-05
7.512507479989966909e-05
7.396669165299105488e-05
5.658267017558813589e-03
1.706851205622401599e-04
2.399561702700336863e-03
-4.086847854840452919e-06
3.695478502282068672e-05
1.083024456452692560e-06
7.199100192209637039e-03
2.829196918407604275e-04
3.861018232425596480e-03
1.905625789174018124e-06
8.681140079554445745e-06
2.740066193470116975e-04
1.249478186194297180e-02
8.125631413228471143e-07
4.356953531131139284e-03
2.167081397416446603e-05
3.682182594677512691e-07
1.413516611436526488e-03
1.283948760324934643e-02
3.032466042840612289e-04
4.367882486313151222e-03
4.297378643123186650e-05
1.072124399593107934e-05
1.919112806891564793e-03
8.716217117981053808e-03
5.519844216723048674e-04
3.760744350459689373e-03
7.090832840931273059e-05
2.739419045886025018e-05
1.443090212465396434e-05
3.307712405837586172e-03
1.533356457480131618e-04
8.360683105272377451e-04
6.039653462991376592e-06
8.372981340924275020e-05
-2.297400262818399368e-17
-4.903428100989468191e-17
-8.558269985543219832e-19
-3.045861327013559364e-17
1.992043710299258915e-16
-2.147373399906699822e-17
4.709047136126976937e-03
1.133849829649577999e-02
1.710848722491142707e-03
3.473995348758897398e-05
-1.007887658432881644e-05
1.395580970890082954e-04
5.408046882938052219e-03
1.233716724544661573e-02
5.561415169760293821e-04
4.599160786779228388e-04
-8.252837456011652127e-06
9.658894360408181118e-05
5.931456105975826086e-03
2.912518512846384508e-03
7.211553343555876939e-05
3.783059355567541414e-04
3.410020044733379587e-05
3.841273656714324009e-05
5.991908938443504112e-03
3.158471301129128078e-03
-2.512934061889567791e-05
2.050955784024014958e-05
8.931746145950519584e-05
2.769202593954206415e-05
5.157058775060180920e-03
1.623270268616995929e-02
1.932578856618076293e-08
1.787219866099851553e-04
1.162846426024941520e-04
4.184701243885174135e-05
3.392337381411411612e-03
2.353185854034186772e-02
7.311701441408494106e-05
-5.831369020205940095e-04
1.051972314282244872e-04
8.548441590963179102e-05
1.703905198310173971e-03
2.083617548534217115e-02
1.318829736866301795e-04
-4.141437010965853642e-04
7.196175923537214715e-05
5.220335276068383803e-05
1.513606539791115908e-03
5.758487186520735990e-03
9.439985183500267032e-05
1.799685596141947092e-03
1.784424926422941565e-05
2.390778707453355235e-05
2.987047341944101613e-05
1.593701548088773470e-03
7.818293124942813721e-04
3.118876249035530072e-03
-1.010434733669371308e-09
1.604831991604973267e-05
-1.241326734117914855e-05
1.183196657292378585e-03
1.094618832226469055e-03
3.494410321587548135e-03
8.614959519844242721e-06
2.365707339457097632e-06
1.142005635798011380e-04
5.001019930459492217e-03
2.074152572101071003e-04
3.473282066266584946e-03
1.779467945287680072e-05
-2.312241372308381838e-07
6.660822013141871325e-04
8.293786714798630916e-03
1.801729680932859917e-04
3.203612379384874424e-03
2.369927314072258243e-05
2.806379336923432797e-05
1.049741456424307939e-03
4.722849328502877995e-03
3.645223468020753832e-04
2.478284855103754600e-03
3.294807405579019038e-05
1.203300862737694004e-04
-1.704825252711737356e-19
5.266615632743186359e-19
2.510044435439675874e-18
-1.360082992942688108e-17
-5.842592922814567170e-20
9.636978380607098891e-19
1.337377364922548376e-05
3.323417952040927815e-03
1.604921780388854542e-04
7.991142750488896629e-04
8.542377805441376591e-06
8.193394968864061085e-05
6.168459270272616025e-05
9.716684898227957029e-03
9.242434616657568868e-04
1.769727171787492236e-03
2.212156485284587343e-05
9.283449442774233172e-05
1.822411830931111804e-04
1.248919911563237291e-02
2.388705790868896929e-03
1.269900182824950730e-03
4.152505164962105573e-05
5.951658062168840765e-05
5.355020089261529857e-04
4.319862137358926150e-03
6.078766573621969356e-04
8.059309515951018198e-04
7.680273230718074359e-05
1.751309664845264149e-05
1.125582649359185101e-03
9.278275939589135119e-04
1.816575188454475889e-04
-1.323872686983392725e-04
9.786702560677705098e-05
7.519495934334968955e-06
1.769705837928407756e-03
8.448523713048281328e-03
1.396177613577023085e-04
1.767125261499341256e-04
9.619594272018542648e-05
7.996414052640375485e-06
2.074243658702636193e-03
9.263845160987584093e-03
2.430604219612132516e-04
1.477931639096253060e-04
1.755531729346922600e-05
7.521272746121385069e-05
1.559277963720121472e-03
5.769761895202659384e-03
9.699421397472982108e-05
1.798526850079339547e-03
1.781725358710624499e-05
2.389852575437886937e-05
4.388595132458945089e-04
6.497403269761116559e-04
9.818247594132981527e-04
2.873810968825345983e-03
7.207935924533805596e-06
1.207077372084686224e-07
3.367746767805858453e-07
9.773953874762026425e-04
1.773644664554685805e-03
2.858527052923989873e-03
7.099506814623077337e-06
1.478002905582926092e-06
2.171151497682685986e-04
6.356490828890430265e-04
2.272959868848269983e-03
2.574456087271101076e-03
1.867069169534339972e-05
-7.054319618446410362e-08
2.748855351506524110e-04
5.584818735362767281e-04
8.714138898984917286e-04
2.052418221046372043e-03
2.264587017287932364e-05
2.982462805735220043e-07
1.676205229872876974e-04
4.654106131704708639e-03
6.160932163256864915e-06
1.400891579320258894e-03
1.621170693151456911e-05
1.593178720719078776e-05
3.615020285484642340e-05
2.773866445091392394e-03
3.584726238670987752e-05
7.162780063262238215e-04
4.042288207570205138e-06
7.285566490584910850e-05
3.215818082587544504e-05
2.774612085196860936e-03
3.665659140257626679e-05
7.262367991423694701e-04
5.594451644623709216e-06
7.640575904226687702e-05
1.066911559480725451e-03
4.783240453650107298e-03
3.617029606121629354e-04
2.368279096018048591e-03
3.506304607281096440e-05
1.234447725559759308e-04
1.885202184428089005e-03
8.638353526555300754e-03
5.445738532984913463e-04
3.559174018835905510e-03
7.748028425644121740e-05
3.070467769426406496e-05
1.793102312952278869e-03
9.303156706862580547e-03
1.085845893860258376e-03
3.200750964102122825e-03
7.838107507429517649e-05
1.860716798700025955e-05
1.126914850221477117e-03
2.967256771156399735e-03
1.413661123944473042e-03
8.570949000961461395e-04
8.292566389937426066e-05
-3.600686754808408789e-06
3.806309288427487747e-04
9.385191709603448026e-04
5.483485958639722473e-04
-1.359405077241457153e-04
7.009335608364353632e-05
9.269380313834782503e-07
-3.712122442936282573e-06
6.880580317184025428e-03
3.830182746475748628e-04
1.287910116309005796e-03
4.440250695409887088e-05
-2.236445470327143894e-06
7.430299049498944838e-05
5.682224505943610400e-03
1.707488589444899961e-04
2.388846854469043289e-03
-4.136811639247373762e-06
3.701005509392565071e-05
3.055566036965349277e-05
1.560385012265496198e-03
7.821396429258706913e-04
3.116335133504194270e-03
2.507384910870881220e-09
1.609554199988075151e-05
1.101114917285864872e-08
9.654913858582673918e-04
1.774486119226647467e-03
2.861010229202789329e-03
7.255821612314303535e-06
1.522546336173464494e-06
3.469833354197292312e-05
1.224362501060172019e-02
3.148395114692114759e-03
2.381815212471382302e-03
3.931238803561198279e-05
-4.893265165248389413e-07
3.237683548686530932e-05
1.009248410743690885e-02
3.858124779278352453e-03
1.669790651132533298e-03
5.328321388044666290e-05
1.307114132145292795e-07
3.600747697434325632e-04
1.934050954389743109e-03
1.704598376919999646e-03
9.251632571897536574e-04
4.021091620451500257e-05
4.202915339057434635e-07
6.482078380063168279e-04
5.977022267722936289e-04
1.172185511710684228e-04
3.151499755000972862e-04
1.193019346169073804e-05
2.514518857340208165e-06
2.187543567383118306e-17
1.348032855437614962e-17
-2.497509405715178384e-19
1.534194751942031713e-17
-3.773296556306541738e-18
-1.610150926770580342e-17
1.640066573906813214e-04
4.667595870284073183e-03
5.803140505876884342e-06
1.381812192895261670e-03
1.675306608614034803e-05
1.644866338170058073e-05
6.760231346860440986e-04
8.365594499019699329e-03
2.019258892980242063e-04
3.077415889343038027e-03
2.612375859574080688e-05
3.110352755440192076e-05
1.428090627360260878e-03
1.288287971431230708e-02
3.021056646418720788e-04
4.215031416165464229e-03
4.395009688907372026e-05
1.167014731100050025e-05
2.603632157583845533e-03
9.464726318233300517e-03
2.117688535966171187e-04
3.287255607435942036e-03
4.668533172354724940e-05
7.518316453863302700e-06
2.713442427618392890e-03
1.223148270995973348e-03
3.396035985890599458e-04
9.126915912588732215e-04
4.203758095655963766e-05
-1.384879641539490549e-06
1.623001897542031800e-03
2.909100606787876856e-03
4.244746256162544823e-04
-3.279102521330765660e-05
3.192583688993072452e-05
1.623085552150906576e-05
3.081209406037334624e-04
1.030224968597170596e-02
2.760604667380879671e-04
2.635959664310035585e-03
9.331622731821195184e-06
6.982727353546405376e-06
1.420457136085924652e-06
7.231386343974843638e-03
2.827553053812125448e-04
3.841813920248021361e-03
1.758629390044932215e-06
8.739150533484966313e-06
-1.163694987326915858e-05
1.188299304399420900e-03
1.093458785024405133e-03
3.487074147475430035e-03
8.633775473036213729e-06
2.426123680959401480e-06
2.132161960980753996e-04
6.131994460296397989e-04
2.275076537347969947e-03
2.575089749064426396e-03
1.892897979754852057e-05
-1.008603805651873860e-07
3.845298635630563000e-05
1.006916253370567123e-02
3.854527386803788605e-03
1.668912097933880883e-03
5.342312393441681301e-05
1.222427059965695004e-07
3.112477980923713074e-05
1.354523170063849993e-02
4.065521081088695546e-03
8.540984369968035103e-04
6.156503410344784646e-05
3.447340286249520563e-08
3.894005326685856506e-05
4.052605478043739065e-03
1.102347853857066264e-03
2.517773022715413052e-04
2.689395598624102040e-05
6.911480532607777504e-08
-7.943076882119491679e-19
1.280339115226341026e-17
-3.793377351665170333e-18
7.810163139139674546e-19
-6.536543512543065904e-20
1.514400393139580932e-18
6.365781306749662390e-04
6.012652077338346071e-04
9.943123679336806644e-05
3.117758939335519403e-04
1.238652780320893430e-05
2.166855917481048673e-06
2.619803696068178441e-04
5.508230089220972001e-04
8.821539548686750101e-04
2.038286105692930367e-03
2.274255195443573973e-05
3.030857988681618666e-07
1.105748708582403675e-04
4.980932409952829043e-03
1.874413546316551743e-04
3.416031434944629720e-03
1.771045105604347609e-05
1.466436130512994901e-07
2.680688413622876699e-04
1.245952451517779065e-02
-8.357608598300062152e-07
4.255117110434571311e-03
2.165455559550258458e-05
3.517369800411484389e-07
7.992032879963931367e-06
1.410245070610896545e-02
2.477887931807560339e-06
3.294271622426040054e-03
3.928124149373546150e-07
4.798677794739752522e-05
3.923997850857335907e-06
3.076147815859040478e-03
1.798475983121560867e-05
1.972672719389165013e-04
-8.765815610345848347e-08
9.415565043748204150e-06
3.819754360121486417e-06
3.029316148196669993e-03
1.767499838572316511e-05
2.662247047506741777e-04
1.391015714865208913e-08
8.325996332493452832e-06
1.025636738371013010e-05
1.416679189801373431e-02
2.154125684324022972e-06
3.118302464236273434e-03
8.612710519013215485e-07
4.456392709530106183e-05
2.775302950311966379e-04
1.251782002052805043e-02
7.578159966314562593e-07
4.324412161386691038e-03
2.147542937344510392e-05
2.823278968282559790e-07
1.169881935235863012e-04
5.029515955683178455e-03
2.059354232335973379e-04
3.465580726238929026e-03
1.770997655276016497e-05
-4.056977526760498554e-07
2.730331022510566340e-04
5.731585925036507875e-04
8.716724533271419774e-04
2.046225969052120272e-03
2.253723394902699853e-05
-4.789156155783619759e-08
3.661645282024121877e-04
1.924008367244183469e-03
1.691120141748622121e-03
9.221092942250984446e-04
4.032674902600489610e-05
3.454248034640341734e-07
4.193171708480256381e-05
4.057442815325070125e-03
1.099298440685308846e-03
2.510701382459629019e-04
2.692553018432065806e-05
6.530477456956813022e-08
2.800008757794291729e-18
-2.858503436788772177e-18
-1.644311549602866091e-17
3.178971045165517856e-18
-3.729240203653406618e-18
1.731848825880370513e-19
3.646243083673018107e-05
4.063405992689787111e-03
1.100567779202614102e-03
2.432476038624016622e-04
2.958370060317911692e-05
3.758047341851785915e-08
3.721373228300851248e-04
1.936106144952980763e-03
1.704747065436981951e-03
8.775445506525594245e-04
3.951218040001994522e-05
7.490143312669917423e-08
2.118404416938210087e-04
7.087906866148358919e-04
2.298109257153073577e-03
2.531745846914454107e-03
1.875524101262467550e-05
-1.267603476690918851e-07
-1.097975089360771729e-05
1.218516225749544058e-03
1.037512423809988822e-03
3.527536722327725364e-03
9.748632510293997211e-06
2.139675246444425713e-06
5.243092772414784911e-07
7.196586640848222187e-03
2.941006642085543070e-04
3.669604290179757314e-03
2.792249384942126075e-06
8.671904422249456374e-06
3.208027189986201590e-04
1.031612096215221361e-02
2.866921114631951857e-04
2.503123625839492970e-03
9.149397167127258664e-06
5.640346727689292342e-06
1.586247034787625519e-03
2.925269213867028994e-03
4.196238499260795929e-04
-1.009517682241840175e-04
3.291330170098335047e-05
1.517116568543572946e-05
2.742605279090448624e-03
1.203408798992488052e-03
3.767830594015594099e-04
9.212528570622197056e-04
3.981274808837201513e-05
-1.380270998288568433e-06
2.599023381345208234e-03
9.356694859980401596e-03
2.309384859359527216e-04
3.292529369891725524e-03
4.505891614082635640e-05
6.621648350192714926e-06
1.419519212381782462e-03
1.284512125140368360e-02
3.031371391158839412e-04
4.355842089902128671e-03
4.227497963138266199e-05
1.011204197469435094e-05
6.686176895405568539e-04
8.305127075192465791e-03
1.792192209493058007e-04
3.178399222412353880e-03
2.405737284193118429e-05
2.750177287039265727e-05
1.678095963926448696e-04
4.662901271100297271e-03
6.117330930625064613e-06
1.395845241479031591e-03
1.615465356749357659e-05
1.508240792872601117e-05
6.505726274318066830e-04
6.024749777097025650e-04
1.179891405755235370e-04
3.150337094256552015e-04
1.197514110440131568e-05
2.441020089695160292e-06
-1.275515943030641880e-18
-3.275313038391660867e-18
-4.121241200437679278e-18
7.247968427327492614e-19
-2.445791740846256282e-20
-1.153464212707455039e-18
3.809583291646480334e-05
4.054339041378098550e-03
1.098284798612904909e-03
2.431048549000483581e-04
2.964068834465673333e-05
3.511094593007104291e-08
3.436380311512034891e-05
1.348277801008034363e-02
3.956776341514205327e-03
7.988562955492131646e-04
5.936793747460704710e-05
3.216055910516147732e-08
3.111364200913182285e-05
1.009591340111731621e-02
3.742675603006121159e-03
1.609826539955578045e-03
5.336157037861008555e-05
1.298719048658924624e-07
8.945235330339942877e-07
9.896617190783395940e-04
1.790067387449711641e-03
2.826856929569431399e-03
7.021207068233217415e-06
1.350765404699493065e-06
3.919247045715321500e-05
1.529072327343826551e-03
7.509711984668154816e-04
3.266316474497890643e-03
1.143519529332526312e-07
1.573174706689021122e-05
6.848375829171914476e-05
5.668391556451177725e-03
1.716424672705069089e-04
2.472884487128194399e-03
-3.733601490499097891e-06
3.639573745794750479e-05
7.316549163201300233e-07
6.948909787046662727e-03
4.080812991179834457e-04
1.457217871809149195e-03
4.395501774077240141e-05
-2.555854243622135210e-06
3.707270359843896790e-04
9.573924142958226352e-04
5.882646497008818705e-04
-1.155805797612322148e-04
7.005398345135300251e-05
6.900155522376770668e-07
1.158722327450675566e-03
2.953121619382912972e-03
1.355253224120734398e-03
8.533259250433622694e-04
8.638018201074913359e-05
-4.632731292771656472e-06
1.789808424437925281e-03
9.242208678687984305e-03
1.073259941750245080e-03
3.117621730062971122e-03
7.813706665470238825e-05
1.794386626370116664e-05
1.920212632893745358e-03
8.718692747357674119e-03
5.539375087914192664e-04
3.735196658743288305e-03
6.906222414468409301e-05
2.519915795399865302e-05
1.052603145043246556e-03
4.722398542938473741e-03
3.651936752328855946e-04
2.469385936447664361e-03
3.427556895607150540e-05
1.186318249371106563e-04
3.591498650037183114e-05
2.777545831946086861e-03
3.535758415057012642e-05
7.144476650457263871e-04
4.059811853777035184e-06
7.118476651514016665e-05
-9.025151393223714730e-17
-4.709859911913438597e-17
-1.453915856911323122e-19
1.242991598064922996e-17
6.839608656446184133e-19
1.017134640746341913e-17
6.389362985524584676e-04
6.054837991125253680e-04
9.945229215715935495e-05
3.093356299664704197e-04
1.239028697250642358e-05
2.131564173701975174e-06
3.757847129927522332e-04
1.930582591664254180e-03
1.693750631742204282e-03
8.755465810550137245e-04
3.968547032134894114e-05
-3.019611495139957366e-08
3.616193119380033361e-05
1.010304116248680883e-02
3.739775116497368480e-03
1.612792713145527919e-03
5.359397110064309565e-05
1.199630240160763756e-07
3.371291261218503941e-05
1.204398329072005683e-02
3.111380840167523188e-03
2.313149805807324533e-03
4.105094523844044554e-05
-6.421020165257623169e-07
2.228799683432690273e-03
3.707312262687943380e-03
5.044148040031389696e-03
2.467209982391884576e-03
2.959919710268281036e-05
7.264286177973604441e-06
4.320912906750121706e-03
1.008463706659570337e-02
3.411053215567554087e-03
3.092145558848231716e-03
4.862342180438393387e-05
3.846412560556036601e-05
4.321825457603703687e-03
1.181434358592961184e-02
1.722170539505084568e-03
3.705533189042038971e-03
3.480012824473163941e-05
8.119017864445019872e-05
3.210442346071970977e-03
1.282419131066076141e-02
6.005786400875315302e-04
3.683532537798081020e-03
9.182233579159309838e-06
1.096687257069864011e-04
2.229654396169104217e-03
6.549670022922841200e-03
7.616070664174151615e-04
2.574436131022044168e-03
1.160310173005726914e-04
1.532040708504411786e-08
1.126553982117651067e-03
4.997430204187093149e-05
6.554521949359737743e-04
-2.069492069252252728e-04
1.018583160798497390e-04
4.561696203869338477e-06
5.177235261606079114e-04
4.203423829988472450e-03
6.730906487942015176e-04
8.123626222208452270e-04
7.586378790283333795e-05
1.551349018887436689e-05
2.399978106308104286e-04
8.944308365359010179e-03
3.037167207068756794e-04
2.089501171176662807e-03
4.706981794330266766e-05
4.358489960600248574e-05
1.007170494090178569e-04
7.648956086310880476e-03
1.845105937484082755e-04
1.657394994057565830e-03
2.469382288045263301e-05
3.560385667986753859e-05
3.465275245994479589e-05
2.772542622304219675e-03
3.656129556784953064e-05
7.071497961610864009e-04
4.529451108151842190e-06
6.903699616434307961e-05
-3.007484142017112379e-18
-9.994597351865170350e-20
-2.638261466750560524e-18
-9.946863973209537614e-18
1.085444995826160259e-18
-1.010862044825681392e-17
3.363370619361047387e-05
1.981192217680276257e-03
2.603429292379384497e-05
4.489307421377767963e-04
4.022643098749058012e-06
4.710513693816899218e-05
1.020070904691396677e-04
1.818060430893397384e-03
8.368303173750147195e-04
7.937158636478894910e-04
9.179793691398526311e-06
-1.774967260159669501e-06
2.018216689282753451e-05
3.874826389557293952e-06
3.424452906756357204e-03
1.282478364368163986e-03
6.887177010743101297e-06
6.025564418298387318e-07
2.364865593689760776e-04
3.046293464845410503e-05
6.097915501667624735e-03
1.792829125680739594e-03
7.802932990074150427e-07
1.301367524921016149e-05
4.331884643325532858e-03
1.016341530434780073e-02
3.413427895459157906e-03
3.091899674111127979e-03
4.840665140582231231e-05
3.832974264446024220e-05
4.114155171702020206e-03
2.683083389467968982e-02
1.463325112356477333e-03
3.055116218309896284e-03
1.130981901793774345e-04
5.334754470611569174e-05
6.247763717352352794e-03
2.480125264118953829e-02
6.446885672772893023e-04
3.187795084851824563e-03
1.174934246502283195e-04
1.110914738165852075e-04
7.689498581035122265e-03
1.794324473989310567e-02
3.475436720939639409e-04
2.318630862434321784e-03
1.116118808379864522e-04
1.196473962127055904e-04
8.807518997481080664e-03
7.390640241645736810e-03
3.169588020879834846e-04
1.412391027080765835e-03
1.360934608218507843e-04
2.762918340108572304e-05
8.039577005185599354e-03
4.941088263156508496e-07
3.296812861114424434e-04
-7.300479457113929300e-05
8.496006145407113391e-05
2.421863183649412637e-05
6.717089729439023812e-03
7.591970101365502765e-03
1.024331286378913058e-03
-4.257162119533949678e-04
2.864896578750299457e-05
4.435570656859655732e-05
5.445567194228675793e-03
1.227621328572334539e-02
5.366417893979907958e-04
4.610567899575301605e-04
-7.740087761154064054e-06
9.003188642885535898e-05
3.874347211740986931e-03
8.815863671820002578e-03
8.662730087513828971e-05
3.771192706015692340e-04
-7.404807471907623247e-06
4.714257369688444236e-05
2.276534673722468639e-16
-7.170828293238342520e-17
-1.678966911883914558e-20
2.044351392864731540e-17
-2.888517195915527755e-18
-1.588555925608726126e-18
3.431913744264948016e-05
2.745061754405577099e-03
3.613018215279261336e-05
7.047856763595143842e-04
5.388347979213048499e-06
7.943855320322565393e-05
2.443605001320881941e-04
5.240323754616138530e-03
-4.822992871606243823e-06
1.796077098119037291e-03
1.785100344033452554e-06
5.058926027983209710e-05
2.746309731685025137e-05
7.637627810787088641e-03
3.504107540100052584e-04
2.045570454618019906e-03
-2.488507305203226185e-06
3.254612074126687863e-06
-2.877035213987780904e-06
5.326020067130022781e-03
2.125544333032604143e-03
2.365764409316204429e-03
-1.997803619574392372e-06
7.364306930007315287e-07
9.866193458059182642e-05
5.163741941830644194e-03
4.148795038154205750e-03
2.850869748184291664e-03
4.790460088026927367e-06
2.350599480448640626e-05
4.336314819311020904e-03
1.185610999593542277e-02
1.724059794345937776e-03
3.692427153151888602e-03
3.485328439667286459e-05
8.105350489927464961e-05
6.298975380136447554e-03
2.474420098895126902e-02
6.462275089545167469e-04
3.182973095623282261e-03
1.174850293587640949e-04
1.110749064869606364e-04
3.144244161341185236e-03
4.223447223449334348e-02
1.879597850066501181e-04
1.685597169280350421e-03
1.881765396900217532e-04
1.548703596742526611e-04
4.173374314341824799e-03
3.734008983633520934e-02
1.572583053913009430e-04
1.271571169577226704e-04
1.555430791780878987e-04
1.277752785744498058e-04
6.963042165323653221e-03
1.629113383721540395e-02
2.199915253706915123e-05
1.096524953665963887e-03
1.176975875388144296e-04
6.175409344246174078e-05
1.005015864965062497e-02
5.196799661329127087e-04
2.230381345280158716e-04
-1.178033986374899309e-04
5.119615668334867776e-05
3.289324948528002851e-05
1.272881352646897286e-02
7.317893082057264423e-03
3.674408871414707096e-04
-2.301514094120685910e-04
-5.271904869273390960e-06
4.889587507116366838e-05
1.316425679349802341e-02
1.425360279389909120e-02
1.531120547797537330e-03
5.786321348237178763e-04
-1.492256525150023597e-05
7.313619146848432276e-05
2.741723692815947701e-16
-3.237358242855603417e-17
1.472796585091480009e-17
-6.923348250495497011e-18
-5.389505765773522230e-18
1.421447794184479378e-19
3.865660996912347741e-03
8.791649586528966359e-03
8.900032077900755882e-05
3.991981176318879225e-04
-8.842661190258217240e-06
4.471612501979555171e-05
1.047328849648964885e-04
7.733509324646408237e-03
1.790801266150251320e-04
1.660804963405384431e-03
2.555359304915697056e-05
3.571876944011874238e-05
6.732245204927647100e-04
8.375514261461634163e-03
1.963107639382465877e-04
3.038847352521305018e-03
2.627709653210033282e-05
2.814892738223133696e-05
1.020321781385413951e-04
1.366752914958978271e-02
3.823727802876583567e-05
3.694941680300505363e-03
-5.658802688242912471e-06
3.264399390657393433e-06
-1.020951530330802985e-06
1.292994225792179659e-02
1.192843125164842755e-03
3.880290645551536487e-03
-9.936248077627509600e-06
6.708252608985283795e-06
2.647871928909702839e-04
1.020023195328845049e-02
2.668064850143087811e-03
3.784369761526362036e-03
-2.528371912514476776e-06
4.441149891891957074e-05
3.219103597936721906e-03
1.280545131091062432e-02
6.060854614932550911e-04
3.672439552157284737e-03
9.241449649759085670e-06
1.095541423805087249e-04
7.702002735451806553e-03
1.796502922732003821e-02
3.475943372881134066e-04
2.322267251651942161e-03
1.118027443575040042e-04
1.196769740036552335e-04
4.151343670730268248e-03
3.735279428768391308e-02
1.570104777495034130e-04
1.256146486406476976e-04
1.555356848321677208e-04
1.279147447720191985e-04
1.915970965799709651e-03
4.289759102720556994e-02
9.036894749916704269e-05
1.412023732245055053e-03
1.399505824605771251e-04
9.257571642603943827e-05
1.913833764283119849e-03
2.650240152589578707e-02
6.298261254795550204e-05
1.294066254716456877e-03
8.871043616327000726e-05
4.368126256186786121e-05
2.644451429507468573e-03
5.890100973545028124e-03
2.535698998178427250e-05
5.268605787212167621e-04
3.124695702083267696e-05
1.160956681799944467e-05
3.344704749079243505e-03
4.002223670586989106e-04
-2.858547113968692061e-05
6.358595875000340122e-05
-2.038138082401735328e-06
1.337262874962853199e-05
8.333455837091927223e-18
3.151923624153786502e-17
-2.459174869355600958e-18
3.802326069582258035e-17
5.275305999719744183e-18
3.031134120444689899e-17
1.303460096724875714e-02
1.440903460258750185e-02
1.517042173700226641e-03
5.605146095015083128e-04
-8.960787761978088216e-06
7.475663702442652235e-05
5.425133665300432319e-03
1.235016152209256028e-02
5.904627125286431152e-04
4.801826466738811695e-04
-8.173943155315184083e-06
9.373958819231022481e-05
2.332315334418898667e-04
9.007455072144534419e-03
2.864982998991689143e-04
1.994837590237483627e-03
4.866543179880865929e-05
4.418500042071997534e-05
8.394089849931066476e-04
7.301316018730063910e-03
1.350735777691900071e-04
3.314661753550474620e-03
7.008272209036324940e-05
2.164443897225911770e-05
2.743930865522510977e-04
1.258156551364771232e-02
-2.260270223729681473e-06
4.205190398825440698e-03
2.173762596014389584e-05
5.031522343340353371e-07
7.992717330273425998e-05
1.831031807981940707e-02
4.887740600654405564e-04
4.659614618949614942e-03
-6.134178286846572026e-06
1.730286985877956815e-05
6.076301114493675381e-05
1.479744467542026994e-02
1.196259668442336286e-03
4.531019454096564016e-03
-9.631210412765683348e-06
5.561895467274123226e-05
2.234159661780049481e-03
6.546493079051450732e-03
7.629648656335964686e-04
2.535764868752590512e-03
1.158540934835315770e-04
1.794863773285843571e-08
8.812138924171018101e-03
7.377284146059226791e-03
3.182855324279941825e-04
1.397476483841398297e-03
1.358383480988638304e-04
2.788848902609958110e-05
6.942687295651918215e-03
1.629701964837263276e-02
2.251731080008167321e-05
1.094704991796517039e-03
1.176770494663233223e-04
6.188763243788504695e-05
1.904893250472954394e-03
2.649743667729763733e-02
6.304057476722869089e-05
1.290373212987006761e-03
8.854190483655520157e-05
4.371521137609719882e-05
6.805345871526745707e-04
1.961648060602525986e-02
-6.387594361321194880e-05
1.008673085892501957e-03
5.393382031961047095e-05
1.120682743879146230e-05
2.715153718125175742e-04
4.834828438563884209e-03
-4.445055005303361458e-05
1.659366813186101094e-04
1.122207592586875713e-05
2.487317703744743813e-06
3.552228847707120518e-19
-1.525513900628225948e-17
-1.676886299177438109e-19
5.420289799177026034e-18
7.213461936986217528e-19
6.200616161481351720e-18
3.356259378957475968e-03
3.852155525657158979e-04
-1.574670283634236316e-05
6.468341579466726891e-05
-1.775939308829562983e-06
1.375544095089299649e-05
1.279508431727079988e-02
7.287853196402224731e-03
3.586351089099853030e-04
-2.640560560966046639e-04
-4.967542007134940712e-06
4.498360004558815423e-05
6.704406215732299640e-03
7.696812289620972962e-03
1.062734020922647803e-03
-4.456269959422499679e-04
2.919676403779063878e-05
4.451706263044717535e-05
5.334305763414213045e-04
4.293702941230691413e-03
5.887768379567733619e-04
8.507430111625947705e-04
7.716255727898442410e-05
1.690020368222588845e-05
6.832510057208139673e-04
1.807841929388226887e-03
1.163030957879848041e-04
1.688300934100712795e-03
7.140829580887677437e-05
2.983929578273566936e-06
4.845039077430292958e-04
3.460612313031289754e-03
3.850679223768761970e-06
2.317156612779153278e-03
2.375142042917107146e-05
-7.947555902152615598e-08
3.222305443102910769e-04
1.028538672217706174e-02
2.939267491845978949e-04
2.523772944473169893e-03
9.224324709357710998e-06
5.775234828547786282e-06
3.452035327538700670e-05
9.637333934333471366e-03
7.256825071796457836e-04
3.085470717516301895e-03
6.442877260325887648e-05
4.595340085538179010e-07
1.130383335080924374e-03
4.995920127165093066e-05
6.575224941242914078e-04
-2.124530275492718986e-04
1.021339856093145336e-04
4.781993771946608104e-06
8.040378548494479805e-03
5.211985243621674930e-07
3.332523791544903294e-04
-8.567418115139807449e-05
8.491304126251325449e-05
2.471656368460768325e-05
1.004956545302884176e-02
5.207702251675491462e-04
2.232381673679190907e-04
-1.229931734923385303e-04
5.116341965312709269e-05
3.315258165408087445e-05
2.639834596634272994e-03
5.892009223811340256e-03
2.548875113350123036e-05
5.262402423595642512e-04
3.121941865969332576e-05
1.172065120014120407e-05
2.711043765972427416e-04
4.834372221064069802e-03
-4.519829498140536038e-05
1.668037482625072483e-04
1.126714282391138468e-05
2.512747329079692827e-06
3.978408449041481931e-19
-4.998775991534597364e-18
-4.096212309757899533e-18
-1.015054029195487702e-18
5.396734425178558392e-20
2.533692014898972386e-18
2.738688730300607613e-04
4.827084506926913356e-03
-4.508039419737173439e-05
1.826766727387580357e-04
1.090369582244923725e-05
2.873056901294210867e-06
2.663737188808887150e-03
5.969152938132079970e-03
2.237829865098499310e-05
5.892030808487850810e-04
3.120602193107537654e-05
1.280970891045485994e-05
1.004060781459254793e-02
5.161490098497963606e-04
2.141937313526448680e-04
-1.376880704277914881e-04
5.007828911338152081e-05
3.103148590351139817e-05
8.076089754474049046e-03
8.718180821246124281e-07
2.880512942252712598e-04
-5.824597118767458123e-05
8.531281444619418744e-05
2.231042518313023498e-05
1.123577432049255483e-03
5.293957562504830082e-05
6.410338198306438562e-04
-1.633532792680112832e-04
1.022810689310204294e-04
3.929838714158058555e-06
3.854996015521574009e-04
9.650509319799270005e-04
5.477550729375088188e-04
-1.165624657115783776e-04
6.937010571392626863e-05
1.110946311020165939e-06
5.216772675279750466e-04
6.821186675853739209e-04
1.120820650351356040e-04
-6.325433305570886779e-05
1.713956853594307217e-05
2.298432657954448238e-06
5.207969141393903973e-04
6.834353675248605120e-04
9.703016856910879674e-05
-7.574229043485427475e-05
1.828629796138471925e-05
2.294147696331344035e-06
3.687613361075525449e-04
9.520310255605893366e-04
5.248295457182224413e-04
-1.283669228008340213e-04
6.827999801833388384e-05
4.786422874283438609e-07
5.192879629579268347e-04
4.208319093195355375e-03
6.727891022465552155e-04
8.159608559926089487e-04
7.626303598422038939e-05
1.607933074504053008e-05
6.716154291244642340e-03
7.596392469123116643e-03
1.051735605633061319e-03
-4.287748634393198643e-04
2.868124777150121111e-05
4.559165266061585042e-05
1.272517309714116945e-02
7.325318186433220358e-03
3.680546900595499035e-04
-2.285964622190600557e-04
-5.284509263102360765e-06
4.934616602940676024e-05
3.338077357081666377e-03
4.007928790357077431e-04
-3.012782513115925192e-05
6.311590907466349575e-05
-2.039298690899869396e-06
1.355487332202076842e-05
-2.452417678729308945e-19
-2.935736039533891700e-17
3.478264290877599541e-19
1.761294016679189897e-18
-9.955129516062174982e-19
-1.778298124953650528e-18
2.736841417420606383e-04
4.829381802298328245e-03
-4.566608703589221223e-05
1.845423846012218512e-04
1.094193280959956138e-05
2.903800735224142561e-06
6.699610989368092167e-04
1.938222452607292826e-02
-6.012341649731718526e-05
1.002929949683630841e-03
5.327705745025589524e-05
1.131702046261276494e-05
1.896492102260941524e-03
2.621092158520354695e-02
5.928196198607549864e-05
1.320113467430543636e-03
9.191259949337536226e-05
4.164744075851225781e-05
7.001700183959779292e-03
1.616074590066304828e-02
2.208513940801289048e-05
1.094280007213816125e-03
1.183952794438145311e-04
5.995496234638404118e-05
8.862380405880958614e-03
7.273545796806597449e-03
2.849216870845843689e-04
1.358919438836696464e-03
1.347149713319596600e-04
2.808341715791794888e-05
2.256773267346544320e-03
6.445282107463660461e-03
7.648030203610166810e-04
2.621337354672156287e-03
1.153990432438946144e-04
1.573062435045929260e-08
2.345033743018967292e-05
9.640822125739034049e-03
6.894371051732202773e-04
3.193570553818527238e-03
6.556389960418615654e-05
1.525248148910892860e-06
3.112314222723689566e-04
1.037687845132687255e-02
2.743804334727124893e-04
2.668913213644234870e-03
8.915541443648110760e-06
5.663482445387066763e-06
4.884783754757983289e-04
3.451931469035808553e-03
6.878713406069574041e-06
2.155398032177189074e-03
2.461129610717381001e-05
-6.038764804186333762e-08
7.008224287941982071e-04
1.777441395311296114e-03
1.058910106788688065e-04
1.702882728398204780e-03
6.822263471212972248e-05
2.158997675969143050e-06
2.401936174976856161e-04
8.937695740795531529e-03
3.008302696631168466e-04
2.091883822388215363e-03
4.769571079158977425e-05
4.436928359440906621e-05
5.442371414866740455e-03
1.226235481989161082e-02
5.405654440055055517e-04
4.586328910272494293e-04
-7.728633652460730543e-06
9.175468510628369170e-05
1.315081288358936618e-02
1.425710147613942422e-02
1.556446912545412023e-03
5.745248160014648341e-04
-1.480422119951820628e-05
7.353779192443989467e-05
-1.076871626160834447e-18
-5.289194117029112447e-18
-3.090224419776410750e-18
6.052053051873950235e-18
-2.277124648397917549e-17
-9.544887208953099077e-17
3.352055948152544377e-03
3.863254668400856033e-04
-1.702253818724213093e-05
6.506982992983066617e-05
-1.761282233932695513e-06
1.392074086145669843e-05
2.659597796250248117e-03
5.972306578295019652e-03
2.254864170097487357e-05
5.921401355154749324e-04
3.125363699818536027e-05
1.293410568730993396e-05
1.888650941205903110e-03
2.620891078139517966e-02
5.936845157343602505e-05
1.318601997418588452e-03
9.174607004893755582e-05
4.167437587805670828e-05
1.918073535598696644e-03
4.337592732204990226e-02
5.775020920277810132e-05
1.358277157602916360e-03
1.424459183865212325e-04
9.400912549250541245e-05
4.157691571485769982e-03
3.749567821698318593e-02
1.358543433098264534e-04
3.235371041882225459e-04
1.578628852564135173e-04
1.287695593671792441e-04
7.871852272686420682e-03
1.765870051400540708e-02
3.620331572550521278e-04
2.250453072618442425e-03
1.096169562486516485e-04
1.208542648845989067e-04
3.219531680384832978e-03
1.268105762792254114e-02
6.572608192638619432e-04
3.817541917187627747e-03
9.164849688300929359e-06
1.120571226295508430e-04
5.493875189459954188e-05
1.476938040390003704e-02
1.197947931444947852e-03
4.632527246140964380e-03
-9.504914238053532082e-06
5.709628946713520172e-05
9.284792559362995367e-05
1.827195785236848322e-02
5.100414553721296842e-04
4.784120648905240518e-03
-4.806551502147731340e-06
1.677421159975937403e-05
2.729079097140915135e-04
1.256543806235395008e-02
1.613369408522664509e-07
4.330943117741703832e-03
1.843497234032617516e-05
2.373104291433869482e-07
8.163305578052283164e-04
7.221898702324328935e-03
1.283575346640777187e-04
3.451175483104031508e-03
7.078947509578964350e-05
1.961731453530080521e-05
1.003175615433570699e-04
7.636491556638491836e-03
1.842016804400831782e-04
1.664613718505442977e-03
2.494857180779470939e-05
3.638902704519628953e-05
3.867921228543015101e-03
8.803893444409714025e-03
8.603114471882554980e-05
3.746360911946246285e-04
-7.482059866931031307e-06
4.891224913515480281e-05
-6.805159746590126984e-18
-1.537498952864139780e-19
2.898492380339599257e-18
6.250189721541290553e-18
6.285076206916333210e-17
-1.343461656364163836e-18
1.301999800261326168e-02
1.441088129408901741e-02
1.550265606367316057e-03
5.558035632540843287e-04
-8.814820018840718589e-06
7.533148404760691579e-05
1.279063247494690615e-02
7.295436685448303780e-03
3.659753975661405364e-04
-2.622384464206656577e-04
-4.979403845098215586e-06
4.550436908664661135e-05
1.004021883066374618e-02
5.176337064231438133e-04
2.145057977790051907e-04
-1.450757223349151241e-04
5.010509106197195717e-05
3.141727572649757015e-05
6.981945405416674875e-03
1.617846339809377379e-02
2.288891107336718896e-05
1.100738527327357972e-03
1.182836904353052612e-04
6.019963014598623093e-05
4.139316263108401041e-03
3.751546492146347334e-02
1.352283410209279815e-04
3.168956143801117072e-04
1.577798381958325205e-04
1.289854031487625279e-04
3.213302309389904667e-03
4.114647353102943161e-02
2.215354386083888654e-04
1.704184651201533099e-03
1.929478758070360595e-04
1.563264680794715930e-04
6.271669916729191371e-03
2.522489563177566022e-02
6.414821442625561875e-04
3.062841075793116315e-03
1.187446354176498799e-04
1.107966263813292660e-04
4.310525297534575917e-03
1.178071817988695334e-02
1.722200428100148549e-03
3.645455578806438678e-03
3.458620363369877432e-05
8.184307105411530510e-05
2.681291645153977042e-04
1.033911465166273413e-02
2.680996411034910262e-03
3.874036521282872309e-03
-2.448870981411249791e-06
4.538014067650625381e-05
-7.082841635486501336e-07
1.302477120272357326e-02
1.168610272533110710e-03
4.003482052677565482e-03
-1.024066391369472871e-05
7.521734931887650819e-06
1.017275289158088255e-04
1.354889904412215004e-02
3.781034050648596873e-05
3.834396797085129569e-03
-7.440096112378866411e-06
3.150649594930067238e-06
6.643122134609559613e-04
8.313152754765507774e-03
1.875737072196198769e-04
3.146603755099015420e-03
2.565964694143744239e-05
2.960195611473089575e-05
3.504310601077845330e-05
2.768646747974997952e-03
3.659469798960617899e-05
7.092168947504250446e-04
4.581946277030610254e-06
7.059552494720199728e-05
-1.382625172809414330e-17
1.533945843151797771e-18
4.555534945275295554e-19
-1.522104072505181846e-17
2.365778592420843024e-17
-1.512967039161296780e-17
3.858306647025265112e-03
8.780688520298871730e-03
8.758246605993325691e-05
3.992445239757071575e-04
-9.342962052644601540e-06
4.659113457449342340e-05
5.422919503765836341e-03
1.233878565026523717e-02
5.910965369293699366e-04
4.787723577791228187e-04
-8.184728416454625791e-06
9.505200674290145474e-05
6.707508387410063277e-03
7.702718027834166287e-03
1.085666377172572793e-03
-4.476427520715398046e-04
2.932408989750728406e-05
4.525986804220188102e-05
8.079680656632677593e-03
9.541890541136764862e-07
2.906349050559300581e-04
-7.391990469686320899e-05
8.543239224522259452e-05
2.275957839345172143e-05
8.867814014112187018e-03
7.256617698824968307e-03
2.870849689735271255e-04
1.358105426650797884e-03
1.345766568014482105e-04
2.834373825915870705e-05
7.877779709887197321e-03
1.765966143286375883e-02
3.627466050287189649e-04
2.244778824463136875e-03
1.096800779572539676e-04
1.209053670009126874e-04
6.320143638369573637e-03
2.511362636430434711e-02
6.434620311787463522e-04
3.058791866350894176e-03
1.186232429911079672e-04
1.107012583290078122e-04
3.928995531845051736e-03
2.756363564992192483e-02
1.487970959530398847e-03
3.056905876098929033e-03
1.123986989937863720e-04
5.365496900762396971e-05
4.297049955452659532e-03
1.017379479439987564e-02
3.380938995369865523e-03
3.029641961972115698e-03
4.792108672562204254e-05
3.858309373438184191e-05
9.267524415582738110e-05
5.081836537416593164e-03
4.311716146924235091e-03
2.827976186374445665e-03
5.053333479834771690e-06
2.221991549403904922e-05
-3.173771508003249630e-06
5.297730276012720119e-03
2.113313952081467828e-03
2.431027140969205594e-03
-2.067477383906442479e-06
7.782138903745073665e-07
2.655841954651349941e-05
7.650359456740724040e-03
3.510697501281114506e-04
2.077723438522031257e-03
-2.566846124722221962e-06
2.625349058498695688e-06
2.359812931070120394e-04
5.296040848673241180e-03
-2.955226063151284623e-06
1.828639780068162801e-03
1.710114088645933149e-06
5.576788545027043357e-05
-2.168687106025211534e-19
-1.727688655150320062e-18
-2.941946748290000717e-18
1.049882477842914744e-18
3.186223542893345221e-19
9.956157580997477292e-19
3.439486167607412414e-05
2.741093982896660765e-03
3.664555409165043648e-05
7.063320056850595731e-04
5.420761296050661933e-06
8.035959679408707045e-05
1.042715705373456849e-04
7.721488031590355641e-03
1.791385262064471679e-04
1.662723872469190926e-03
2.568222973901567935e-05
3.698003028484304867e-05
2.333351504514852694e-04
9.001752719702724517e-03
2.830184970617986829e-04
2.006193528868363031e-03
4.951981816739533583e-05
4.522956738167224761e-05
5.349100846233878189e-04
4.298704654342027157e-03
5.829149171101627924e-04
8.545229494472723506e-04
7.775351479540077847e-05
1.754406824717980899e-05
1.127145964888920902e-03
5.280199581894416916e-05
6.422625851107170367e-04
-1.734960960410013851e-04
1.027100724218156665e-04
4.155610933721113270e-06
2.263066640877523569e-03
6.442875828841190811e-03
7.651174122671136222e-04
2.587370624152914977e-03
1.152544465796924742e-04
1.849251712746530684e-08
3.229938822308397062e-03
1.267652506288081266e-02
6.630355743778642511e-04
3.808682942796326118e-03
9.218261721610670795e-06
1.118571721505010313e-04
4.323433750979439015e-03
1.181438138921500278e-02
1.724320959729082336e-03
3.642288968582187147e-03
3.462838438371312649e-05
8.176783620372782085e-05
4.308171180894016308e-03
1.024070622635909686e-02
3.383684317729669915e-03
3.028162437657708293e-03
4.766302844878463616e-05
3.871080904099642180e-05
2.241676563639894912e-03
3.756262063332894714e-03
5.140081658889829319e-03
2.450358631162094514e-03
2.858923731398772930e-05
6.562714594749719949e-06
2.358648627822460008e-04
1.363657773948232750e-05
6.195537304821569988e-03
1.812959517320403583e-03
6.485470238545875493e-07
1.226461385649293478e-05
2.105944985880562546e-05
3.714312029159008486e-06
3.485800609439786233e-03
1.235214852291316619e-03
6.675956531441454178e-06
6.016684512039379055e-07
1.061983796941927150e-04
1.807494353929819464e-03
8.604507650889872987e-04
7.601977788486417214e-04
8.438547489816038713e-06
-3.261435536561554859e-06
3.510853318228180329e-05
1.957936386311274167e-03
2.843827345933192815e-05
4.377186176412368470e-04
4.233444912720027411e-06
4.403348619586375115e-05
3.404866226285370451e-05
1.979438614093996605e-03
2.561163159401291532e-05
4.486658922398224997e-04
4.021345503955109626e-06
4.760697749742679710e-05
2.410016021103974213e-04
5.245007127337937385e-03
-4.432880984775237584e-06
1.797060337347544060e-03
2.117060176187734248e-06
5.506572385330988143e-05
6.712937068303291826e-04
8.365375506080035065e-03
1.978341814927173971e-04
3.058534455510859406e-03
2.492242140295257151e-05
2.875459710222448895e-05
8.373094427727315135e-04
7.288193666558118698e-03
1.341350755233448096e-04
3.335587040734805820e-03
7.051134780375128367e-05
2.223766865784269174e-05
6.805691923552580330e-04
1.805099498365214444e-03
1.126393706093226804e-04
1.698387848717721523e-03
7.157516747135489053e-05
3.270857731916960152e-06
3.821736455869605468e-04
9.646734022218662582e-04
5.451702213887606088e-04
-1.227177628536813448e-04
6.959059088358796540e-05
9.873175001463067435e-07
2.138110241429886098e-05
9.637165091737629266e-03
6.904824170537575976e-04
3.150308315199980801e-03
6.567142971897312130e-05
1.222935114984017526e-06
5.629728377391919169e-05
1.479167877318604551e-02
1.197759939566663033e-03
4.608740498735711642e-03
-9.618444448222855615e-06
5.711281614243293725e-05
2.689916594000575601e-04
1.034395864369416253e-02
2.684077567217831722e-03
3.868139792308208664e-03
-2.455389326932782601e-06
4.538889155840417040e-05
9.328165696765642711e-05
5.086367055327253688e-03
4.311031115727956622e-03
2.824678933190119100e-03
5.031087324642632212e-06
2.230828738779176704e-05
2.495122229606534857e-04
4.592314056592321896e-06
6.190848249737981694e-03
1.811397442009992373e-03
6.496717167978824819e-07
1.235495896485766076e-05
1.940674401817197442e-03
1.071964684632475094e-02
6.514410823447429159e-03
1.107375144048253863e-03
2.687992574305689671e-05
1.049022781290191437e-05
7.568835363849486884e-04
7.194137480039102840e-03
3.819614932233480770e-03
5.762982583545957910e-04
4.265717754485828610e-05
2.509815134604914232e-06
1.952420443647711733e-05
4.260680631682350070e-04
9.439011144237375488e-04
1.998711499797973102e-04
2.399539697938150957e-05
-1.053198430286760943e-07
4.072738020389830181e-18
1.207260600321340347e-17
-5.113180223699435859e-18
6.696044919990997012e-19
-3.737892752484384182e-18
1.437241768776764611e-18
1.019152818856202357e-04
1.811446109473873519e-03
8.438933641162374519e-04
7.940653801984253086e-04
9.203286914395739942e-06
-1.348006504573014542e-06
2.628800610324604818e-05
7.622082920504118751e-03
3.506318227717442472e-04
2.052723305614439792e-03
-2.437795639190743073e-06
4.012207162116952203e-06
1.000000987064901027e-04
1.364942747944758276e-02
3.793422851697774686e-05
3.714950375231564853e-03
-5.689948677475140390e-06
3.163223202065536362e-06
2.716789611493245957e-04
1.256084106530538924e-02
-2.249155897814634357e-06
4.238963133462832038e-03
2.200526668905460547e-05
6.012389170373161338e-07
4.812852525946055213e-04
3.457586278659288692e-03
3.676146941499292644e-06
2.322420836456761881e-03
2.414771881173066227e-05
-6.503666117977710724e-10
5.184051603403141539e-04
6.830552297710811883e-04
1.119102708343042607e-04
-6.434860034113102951e-05
1.742967989851890582e-05
2.091311846787832309e-06
3.072329110203053117e-04
1.037503350397544696e-02
2.740342704245872767e-04
2.643606021904122347e-03
9.127146682946145088e-06
5.305968432719351566e-06
9.151959845158580203e-05
1.829934438374048247e-02
5.086887889805501422e-04
4.746535873650023496e-03
-5.182026546917982173e-06
1.696299789671936988e-05
-5.731332581770020502e-07
1.304908183394672821e-02
1.165229435527158439e-03
3.992471244080695800e-03
-1.028143104587177669e-05
7.539403073863551576e-06
-2.982132368075385399e-06
5.324645678768104469e-03
2.102047784197529946e-03
2.424431648757934422e-03
-1.988619398884111142e-06
7.829073276792860715e-07
2.039519905759457251e-05
4.015715211534155660e-06
3.465835585001174682e-03
1.232534189171609340e-03
6.743091419968606075e-06
6.154156939026891872e-07
7.228155502132736212e-04
7.192691765213675599e-03
3.823709982523241808e-03
5.764648217388089989e-04
4.276170842240119155e-05
2.570789928283884267e-06
1.375479843856875091e-04
4.840924296310457862e-03
2.590417061286793589e-03
1.807681440053705228e-04
3.727800345970231006e-05
3.245582850064050664e-07
-1.290729240682946780e-17
-2.130365309745139417e-17
-3.094749039034832995e-17
3.635009275563458281e-18
8.012360417488463692e-19
-2.523080722569831295e-18
2.074249502324901782e-05
4.136640697822414024e-04
1.061396841771334535e-03
2.018059106262702412e-04
2.474145417588980439e-05
-1.340323203857132491e-07
2.052539192745053690e-05
3.538037877647006028e-06
3.442669813614404346e-03
1.289138833618024439e-03
6.780768996982574445e-06
5.808559919345503407e-07
-3.008040917496052907e-06
5.311578646091775525e-03
2.134968029498988430e-03
2.375105828941668096e-03
-2.082377035994480612e-06
7.230625729265767295e-07
-1.199528596804034257e-06
1.290601654929979421e-02
1.195196086383770078e-03
3.890344799867037628e-03
-9.968349657233739538e-06
6.789826715120285680e-06
8.137728820325393602e-05
1.827756882245151066e-02
4.889257699106312055e-04
4.691730946353577826e-03
-5.823755212699588857e-06
1.713364420664642188e-05
3.241500635640853019e-04
1.028451896022035926e-02
2.928178251469009058e-04
2.559478018312042434e-03
9.125642816786575778e-06
6.103983110046108510e-06
5.230881895892310366e-04
6.835548349218313873e-04
9.748847553273720992e-05
-7.429226626164666867e-05
1.799646777217250670e-05
2.493572263804051965e-06
4.929063162256188107e-04
3.453839368026779405e-03
7.196165765842038027e-06
2.140091280465027720e-03
2.423455990276397252e-05
-1.302764366172426112e-07
2.761072790098586106e-04
1.258362959770459311e-02
7.211583603438629117e-08
4.298083533325873333e-03
1.819700591147834022e-05
1.510184890450266665e-07
1.042796941402996378e-04
1.356903650224395783e-02
3.773429641358279438e-05
3.816213456874780786e-03
-7.424530112314499721e-06
3.173496544409991414e-06
2.850237356442799334e-05
7.669487349682565895e-03
3.521749893625715977e-04
2.071940060378695946e-03
-2.555250789089698689e-06
2.123768208870592933e-06
1.050891458564288597e-04
1.816063930198338417e-03
8.583757591762398650e-04
7.599286751284722169e-04
8.495147951200381073e-06
-3.621048961094841623e-06
1.816204884610430562e-05
4.242797118886693867e-04
9.449306420517586229e-04
2.002340484925885873e-04
2.402922231372089216e-05
-1.155395924928521455e-07
1.200862188874612478e-17
-1.045413792273916366e-17
-3.451637957623700847e-17
3.877099715357505847e-18
2.771777089737866743e-19
1.728784884267002378e-18
1.500910449957592176e-04
4.754850433584505674e-03
2.702447444293179686e-03
1.807826595712683617e-04
3.734818543606843966e-05
6.472382865829865133e-07
7.058963321261199197e-04
7.226526998159786205e-03
3.919349511589051427e-03
5.930088178698753520e-04
4.498355208083123211e-05
2.837072347845270771e-06
2.248069212822390028e-04
3.150153716535174556e-05
6.102448553262874650e-03
1.792957192025569028e-03
7.551842207455707071e-07
1.272263918550444127e-05
1.008586496392697762e-04
5.158304883106040392e-03
4.149134905731865879e-03
2.849275412234228162e-03
4.830941864125293131e-06
2.350285501757980473e-05
2.631630750290199039e-04
1.021003415980361283e-02
2.661940587345486275e-03
3.792857785369484029e-03
-2.528582179182136295e-06
4.462930572376499133e-05
5.979854386852681260e-05
1.478234282193563627e-02
1.197498112003221550e-03
4.554884871291823775e-03
-9.516365010954448562e-06
5.549793401881843174e-05
3.653735325343603725e-05
9.642921996072469776e-03
7.243966147262462327e-04
3.124130139085349710e-03
6.435748953821030980e-05
7.913875345173331506e-07
3.716168159138754853e-04
9.527108136391550242e-04
5.283922397131382608e-04
-1.243925688166380760e-04
6.778759739188650805e-05
5.567289007958090695e-07
7.017473708287470108e-04
1.781093146638100836e-03
1.107834795496925580e-04
1.695136492025832269e-03
6.788786863556863437e-05
1.819340324958671303e-06
8.176158533749771804e-04
7.234395704020662315e-03
1.291685574342856955e-04
3.424515162741460870e-03
7.031643791265456604e-05
1.883926251404921892e-05
6.661635527520112614e-04
8.320920711384266477e-03
1.867292638083149086e-04
3.122404503168486542e-03
2.637396413900269427e-05
2.930366283242482532e-05
2.397963703014936439e-04
5.292943635012418990e-03
-3.232238330492393878e-06
1.826136098149355735e-03
1.294345130449772228e-06
5.277906799693876536e-05
3.457109363189435027e-05
1.960704847871828048e-03
2.895986151118265265e-05
4.376940307857452375e-04
4.234956650461327372e-06
4.343726978552756089e-05
-1.690857773070397152e-17
-2.425319600273347867e-17
-6.737375489777695111e-18
-1.199448209045861859e-19
6.832101819266758098e-20
-1.555776345042639091e-18
1.978224045672399156e-05
4.117304995552458196e-04
1.058450853071958618e-03
2.016198596327092494e-04
2.476908990261796279e-05
-1.461471161223836767e-07
6.776039236523983102e-04
7.235355961929063918e-03
3.921957139505867149e-03
5.914875446327996040e-04
4.515475392498644801e-05
2.924263106353887717e-06
1.951093541790299788e-03
1.123886260161991932e-02
6.584319706445866151e-03
1.160342885529421462e-03
2.823025217568194325e-05
1.130183023993910717e-05
6.528030159590647759e-03
1.226377765802458449e-02
1.018021300973474819e-02
9.000672718540808593e-04
6.089920818494976923e-05
1.635007438384506899e-05
1.306454011636166111e-02
2.261636772683520841e-02
8.774953348190997135e-03
1.583530506793316608e-03
9.102862130861348155e-05
6.259788004740861474e-05
1.389248512892971715e-02
1.457594161939763933e-02
5.847820154389717258e-03
2.573878679390996082e-03
7.623970141953954275e-05
1.023587155561089113e-04
6.722073714237153212e-03
1.468837928377861313e-02
3.577782256685197674e-03
3.853460042106122800e-03
3.030934993770274412e-05
1.308225389512023538e-04
3.846633154562913159e-03
1.337061993343495285e-02
1.830543392115684988e-03
4.712071548551272082e-03
1.737426769942865295e-06
1.280361148365725347e-04
2.234782512813701921e-03
6.502909190918795823e-03
7.659843991557883274e-04
2.565330555524716720e-03
1.163618541792308254e-04
1.528642864711285894e-08
1.130163080680092599e-03
9.343975600600549786e-04
1.882013082039428453e-04
-1.274558209899980497e-04
9.532299865161126867e-05
6.984064428740997022e-06
6.192408926443821989e-04
4.427136332787967674e-04
-1.186756122200445691e-05
1.374781008556376144e-03
7.063697882227385025e-05
1.733289934091156948e-05
3.534791703617706110e-04
3.992372971365489021e-03
2.590368126948529099e-06
2.109733885157923875e-03
3.426218233217015983e-05
1.885314141059464682e-05
1.691567409520384449e-04
4.662724736529195307e-03
6.115463184433995547e-06
1.415394498331863562e-03
1.630503505711719311e-05
1.682271629925353966e-05
3.424175696065871153e-05
1.976371913579326976e-03
2.839423589042189730e-05
4.340792923611326744e-04
4.731300362781846308e-06
4.511494970314516812e-05
-3.064069083303461845e-18
6.978030167552280420e-20
8.178233978019773406e-18
1.107537020925392090e-19
1.946202356341917230e-17
9.556583114646926706e-18
7.194950729890133405e-06
1.686898119610077311e-03
8.162776577064460729e-04
1.767855703743684184e-04
1.712592150159599882e-06
1.608169577175127643e-05
7.300194712560578226e-05
1.182637328453166412e-03
7.814987056968500032e-03
3.393969405468365416e-04
1.896123678617565014e-06
-7.221154604465038152e-08
1.419007928793906276e-03
1.122554092750762365e-03
1.236832964735660664e-02
5.427938442844794245e-04
7.003735723817735828e-07
2.165799845883878381e-05
1.308042733434140736e-02
2.292111723884546204e-02
8.773567130270139638e-03
1.580494760083559240e-03
9.078520582379425254e-05
6.310279130115271549e-05
1.279872353781101590e-02
5.199658701446380205e-02
7.871687630358663312e-03
2.097450033704043731e-03
1.727833288998864136e-04
8.241025416538785202e-05
1.580579027576221526e-02
2.517147957101096081e-02
5.340006485882718180e-03
2.860307520673111264e-03
1.648743400408967470e-04
1.505614953958162310e-04
1.334710215937132648e-02
1.682148245678031367e-02
3.035720515461940491e-03
3.556572022243644458e-03
1.044170582651553144e-04
1.913117537664086091e-04
1.266848666844512528e-02
1.015750347501810126e-02
1.153018997020115568e-03
4.417725119454120157e-03
5.422121026074005410e-05
1.712655829572240864e-04
1.073051331955495770e-02
3.014029872401529590e-03
7.902282430171848502e-04
2.781950710826532232e-03
1.342828580249630095e-04
1.998120964110672101e-05
8.074922972153897316e-03
1.262316575660112529e-07
3.071590903975826938e-04
-2.498744260735270189e-05
8.300725129469646384e-05
2.439146821457359912e-05
5.902007859783529875e-03
2.907425589915237692e-03
7.120484375735039711e-05
3.904777885420345884e-04
3.311005412108903239e-05
3.333712472361378433e-05
4.206497633065479393e-03
5.857053836118403765e-03
1.471986308681535266e-05
5.808377135063832715e-04
1.684495020029988000e-06
3.782445157515488963e-05
2.355690542240608878e-03
4.401712868182690135e-03
1.590154141596934802e-05
2.428985516423128206e-04
-1.427673811118464631e-06
4.137868454148380622e-06
-5.899303963077855217e-17
1.429793817413611285e-17
1.629534697636647882e-18
-1.154159243108630240e-17
-1.349637850785732057e-18
3.315009926753219760e-18
3.439974737970146899e-05
1.979199832213696889e-03
2.555558109605331711e-05
4.435765243361117975e-04
4.457866319860752792e-06
4.466961801942250540e-05
4.410012358769041183e-07
5.738342341362599221e-03
5.040087365426887270e-04
6.460789293821192405e-04
-1.066305680271947256e-06
8.232955928121326455e-06
5.504489787586456362e-05
8.973940642049389044e-03
3.143779109093056828e-03
7.916570809440406139e-04
3.501338690138592163e-06
-4.946488914601934021e-06
2.757386467146291501e-04
1.233511352161292644e-02
6.767949159038107003e-03
1.069651898134990446e-03
2.652550875838150722e-05
2.398515126486842704e-05
1.394399120265996453e-02
1.455336571040023903e-02
5.845300055186561372e-03
2.574357104959315752e-03
7.608785618029016327e-05
1.021538329855411082e-04
1.591636728705358994e-02
2.515856922916420713e-02
5.340478130824137179e-03
2.861279914033706354e-03
1.645430884097541404e-04
1.502885032792060924e-04
5.966776342179275390e-03
4.479100786157329261e-02
3.163744556956444524e-03
2.962535405245708599e-03
2.391946290043157832e-04
1.966915718943625460e-04
6.727818445519556136e-03
3.339302887067623071e-02
1.226134415330394460e-03
3.415126488033338233e-03
2.136829819260900034e-04
2.120666105818341286e-04
1.040517641607585295e-02
1.420943396778453702e-02
7.515043988894584172e-04
3.533725394003878716e-03
1.354948780895062451e-04
1.484803418618636480e-04
1.361715813406408522e-02
2.171051657717250685e-03
5.474663959844346204e-04
2.952762146837978677e-03
1.169763550022221034e-04
4.163000072831690175e-05
1.517994092582254304e-02
8.579774526941618892e-04
2.376715575011733813e-04
3.286350107106528239e-04
4.473981475492045859e-05
3.318857343554332723e-05
1.277369352387085558e-02
7.220521136580670962e-03
3.896158769970567925e-04
-2.496387979547528353e-04
-4.937723383728230623e-06
4.417951851492539142e-05
7.282834512683444492e-03
6.991967641340808559e-03
2.380301892941797534e-05
9.182264016964718082e-05
-1.421692364519723109e-05
4.997585135185397245e-05
-3.440451939889467862e-17
3.856423682135188517e-18
-3.586718667018654649e-19
-1.517338474245658772e-19
-7.926001091746193575e-19
-5.367271287421440422e-20
2.371013218037687671e-03
4.430378272600247504e-03
1.519558054959977503e-05
2.339848847897967011e-04
-1.781578993466124503e-06
3.339451591841004412e-06
1.657849101422160794e-04
4.676318418992526059e-03
6.205609360445815040e-06
1.392453158422543190e-03
1.690702365389212412e-05
1.729389274100903907e-05
2.689960973396739502e-05
7.589138988249886919e-03
3.500104495042376967e-04
2.061174255360260534e-03
-2.020874529499243159e-06
2.692062525431462418e-06
-1.410810286092337123e-06
1.339979943654037373e-02
1.330301200336529580e-03
2.272548027363174763e-03
-5.374075410778321089e-06
5.995576353809505274e-07
9.781509567814757750e-04
1.380512888817958007e-02
3.426608906134551331e-03
2.409503180703886221e-03
1.709966763112872947e-05
4.155227095080218436e-05
6.739889047137047513e-03
1.467892826137921249e-02
3.582144492902146829e-03
3.839439530139064204e-03
3.033535299195708917e-05
1.302890884132209030e-04
1.337137815220146297e-02
1.682873315109718881e-02
3.039552825831365150e-03
3.544187175924932032e-03
1.044608273438718917e-04
1.907654844043522901e-04
6.720939086665583123e-03
3.337017922375946216e-02
1.229919400882090218e-03
3.405006128581207232e-03
2.138768996886373076e-04
2.115326387314058810e-04
2.832619843575853464e-03
3.824891974635239583e-02
1.019320693080042134e-03
3.169699255182428788e-03
2.484883009034192028e-04
1.807002402162466621e-04
3.062691333331098598e-03
2.249095120241691864e-02
2.770927962504668701e-04
3.168319910047031826e-03
1.718923409550463552e-04
1.031624740563080831e-04
5.050841422091612888e-03
5.964450877207632534e-03
8.041207133845727339e-04
2.696401649504868037e-03
8.421658795273023865e-05
3.918586312985807138e-05
9.219778318944020154e-03
3.180707598975229399e-04
6.216904529855338951e-04
6.474943632900805046e-04
1.830438410455507379e-05
1.881309016182169450e-05
1.389555358393443178e-02
1.071648233118757676e-02
1.271070340101172497e-03
1.659977276298010927e-03
-5.141512536494896338e-06
2.868751273816909025e-05
2.306319738370299105e-17
7.787610584706556217e-18
2.928382412910340994e-18
-4.113713911234294252e-17
-3.549333151251356778e-19
-4.177093694352019464e-20
7.243130639996695798e-03
6.986960854670107648e-03
2.623917507901744653e-05
1.015047464573131254e-04
-1.292160357244014957e-05
5.475035485035731201e-05
4.202173877895430849e-03
5.913904432194946707e-03
1.565377764060347894e-05
5.510240844388204122e-04
1.676101657365081903e-06
3.886487517091677412e-05
3.456316214139622234e-04
4.040969004046600019e-03
2.622063040062376384e-06
2.024687995733364960e-03
3.765671009524314473e-05
2.205295766558926693e-05
1.177086121791355279e-04
5.002043054822404716e-03
2.034235961493017109e-04
3.419827912283407954e-03
1.835800829885119576e-05
-6.452334484360228906e-07
-8.559300449216785359e-07
1.299522024318811551e-02
1.200888249705399152e-03
3.913302977445215491e-03
-9.906612136954746870e-06
6.936802175324919475e-06
3.719845470350991389e-04
1.726342370579507166e-02
2.198574263458264767e-03
3.993367056142316761e-03
-6.516036479689740451e-06
5.577035950392775590e-05
3.852994542817634368e-03
1.333387961372175905e-02
1.830247642301344180e-03
4.667692029825427046e-03
1.752373358094343025e-06
1.278068797997249919e-04
1.268941923997811763e-02
1.015007895285449657e-02
1.153619295965038110e-03
4.411006308210971803e-03
5.434865109253299916e-05
1.709340542095478751e-04
1.039582391137116972e-02
1.422647561282414271e-02
7.517457337553958051e-04
3.531140276376351812e-03
1.359588065527702521e-04
1.482708347596549154e-04
3.052491673597518967e-03
2.250709837927741125e-02
2.783609799061589939e-04
3.170690507224608982e-03
1.724266096374117523e-04
1.031990405437942053e-04
1.121808190946172682e-03
1.607825745785743110e-02
1.062938482143748788e-03
3.814814669381124887e-03
1.217173235653050428e-04
4.564454447814426453e-05
8.106373013885279696e-04
7.312941316456854531e-03
8.940942694555848065e-04
2.772862796395927139e-03
5.607919689140854165e-05
1.177560399925868065e-05
7.361737692305552437e-04
6.075244774798788973e-04
4.084397621741878820e-04
7.344007332152724214e-04
9.978928028329073043e-06
7.617083584476182490e-07
4.130172145023302484e-18
6.420499159167422869e-18
-2.878922773867674836e-18
-1.971996039773376231e-17
6.359197577317519861e-19
1.247211378985575885e-18
1.384801522797616050e-02
1.072222930764783581e-02
1.291733742163865941e-03
1.681768745263421440e-03
-6.365107667786976001e-06
3.188668723460799946e-05
1.264865841260183650e-02
7.296721990384336110e-03
3.587676809312486314e-04
-2.505302883059662877e-04
-4.929565951171127799e-06
4.833930481756182237e-05
5.895460162686881264e-03
2.899946525945939612e-03
7.931761524454518343e-05
3.734465840447929313e-04
3.433495252852710318e-05
3.375746456869715316e-05
6.222804924795710246e-04
4.219780795576193806e-04
-1.219525673078099858e-05
1.476857017081071406e-03
7.123508635554607769e-05
1.717279100112334325e-05
1.521703356362142713e-04
7.510806307157048139e-04
1.399825322118800141e-05
2.487586119812313680e-03
4.687952632173832465e-05
1.564579928461422735e-06
3.439096650598178534e-07
7.279395531862969601e-03
2.783413310922981470e-04
3.655285647141005151e-03
2.729837342962732391e-06
8.741332821787814339e-06
6.190286504263133505e-05
1.476978778031738486e-02
1.189004766341914638e-03
4.442129848527849936e-03
-9.588449550128551574e-06
5.604670374470618487e-05
2.240153453268630898e-03
6.502260801138124748e-03
7.676179292349224678e-04
2.531865170691311243e-03
1.161455060171468244e-04
1.804769685867871681e-08
1.074323647897105875e-02
3.015189691003449489e-03
7.920450341303260713e-04
2.742779869290346180e-03
1.337239006720900578e-04
2.019108491635024773e-05
1.361420123288559388e-02
2.170407793612679111e-03
5.534782371294664962e-04
2.916120419544664111e-03
1.165613393241726802e-04
4.196752299036705735e-05
5.045230082073953043e-03
5.971550038647299719e-03
8.079319905227373049e-04
2.681557371370359155e-03
8.419254039265497739e-05
3.920271077634389118e-05
8.104774166623134697e-04
7.314390930528998080e-03
8.973119828398432854e-04
2.773889143741559756e-03
5.633646127213729155e-05
1.178214609551642863e-05
1.355155459858304191e-04
2.277549790771630708e-03
3.390750554815818822e-04
1.552498315407152031e-03
1.745192039414148564e-05
-1.184002203390856007e-06
1.122109252384991212e-20
-2.828828564423036755e-18
-7.748174980287275006e-18
-4.722011406612105428e-17
1.562168453492958039e-18
5.996833945047093361e-19
7.578224618480662025e-04
6.235498876340912723e-04
4.509761815295591390e-04
8.152062146062511328e-04
8.736026475960923608e-06
5.508485142313342224e-07
9.216863724648567333e-03
3.187959430805576842e-04
6.692504906391956443e-04
7.912216358817452007e-04
1.770419528099081559e-05
1.587107665853741890e-05
1.526898402526319885e-02
8.662385977092047990e-04
3.046388122647051286e-04
4.698525448693134459e-04
4.328492317310610323e-05
3.238147492777560785e-05
8.017909827335051309e-03
-3.351102439495740370e-07
2.798807840259431639e-04
-4.241073765682288124e-05
8.623958033072147867e-05
2.335107370047160235e-05
1.137453437789475537e-03
9.251282374084002268e-04
1.912196003367877008e-04
-1.248590597383706681e-04
9.764516980812509872e-05
7.052692024720979319e-06
8.972310229999359832e-05
9.344934644986222904e-04
-4.640323414679043318e-06
3.688357537119171803e-04
4.862765372431494267e-05
-2.563307038489106097e-08
5.691824863421392493e-07
9.243805223995545323e-04
8.718996442494781555e-05
6.097815914707726366e-04
1.243479571357453774e-06
1.170976965819917169e-06
-1.849414462835146297e-06
6.920336998544971557e-03
4.115059911985895127e-04
1.306442117246064743e-03
4.327397418859603440e-05
-2.792750818001992506e-06
1.134286785548400392e-03
9.350259649345126368e-04
1.877403573250396624e-04
-1.294786668907657373e-04
9.534244077882173625e-05
7.139285798834462902e-06
8.077649067796600912e-03
2.363862050088355983e-07
3.131289966657684444e-04
-3.837552508158968343e-05
8.302068828723028527e-05
2.496333776741913797e-05
1.517744970834485584e-02
8.586120259585176958e-04
2.498906745658488796e-04
3.163843410932351574e-04
4.484741233259393071e-05
3.372773102348065161e-05
9.214958978965711103e-03
3.170561853720385960e-04
6.306849734089403203e-04
6.370328450033613862e-04
1.833581263287816727e-05
1.891932492342629236e-05
7.347545479095149651e-04
6.082407156314281575e-04
4.157242883444829673e-04
7.307159408605661596e-04
1.001450020060522567e-05
7.511855144404854796e-07
-1.363208680356951306e-19
-3.686963262070229302e-18
-5.861086151574421632e-18
-1.800548854669535677e-17
-1.075985277046769606e-18
4.676677046306724073e-19
1.342748397638680446e-04
2.300142325038753537e-03
3.862126221495684438e-04
1.529625605316229384e-03
1.773688385335173820e-05
-1.481276221354672537e-06
8.076355659454448202e-04
7.358030169694029440e-03
8.843273513988591942e-04
2.772136685406028939e-03
5.505412573259857282e-05
1.032652576302160919e-05
5.050347733199078010e-03
5.966586471731675709e-03
7.677714579923657036e-04
2.597878513257545485e-03
8.289366812787593521e-05
3.758800997309588965e-05
1.364703466909075735e-02
2.149894327717220398e-03
5.275310640014502185e-04
2.984751439857102895e-03
1.180707036481330052e-04
4.279391014932557046e-05
1.083133310961423290e-02
2.976875289151640052e-03
7.446532754390683233e-04
2.915005462291111668e-03
1.370816612496593553e-04
2.023706401713675515e-05
2.243678110222363173e-03
6.591086846643918508e-03
7.515373431624345962e-04
2.652650477009318650e-03
1.160836444583675101e-04
1.495807998070002974e-08
-2.749641800125924909e-06
6.971051192150746513e-03
4.040021639157882088e-04
1.436371450031848898e-03
4.345801589227410591e-05
-2.225240364522961725e-06
4.441728594630269948e-07
9.161544543500026866e-04
9.276791281513269995e-05
5.698348117179309006e-04
1.342162882436356085e-06
1.013674205251109115e-06
9.541244741958602733e-05
9.544198925708362227e-04
-2.775111994780996994e-06
3.543985189555519432e-04
4.632657399222769358e-05
-9.751052177381838552e-08
6.190065728422167656e-04
4.393739894054991628e-04
-1.201833532490252505e-05
1.374467716584132403e-03
7.102343430906669778e-05
1.761690434811234531e-05
5.899001529552492205e-03
2.904367710907119343e-03
6.621834095276344051e-05
3.931331259979213978e-04
3.318220727620971376e-05
3.409801329900612020e-05
1.276751614200411986e-02
7.227173800617516658e-03
3.917762219922571888e-04
-2.501622308143688737e-04
-4.949739689076832341e-06
4.488042446769010624e-05
1.387998518322459268e-02
1.073061206218355393e-02
1.294669417277180285e-03
1.655394188855517082e-03
-5.139910174312581807e-06
2.886050166912231842e-05
-1.106974145608630307e-18
-5.786043509136745908e-18
1.528733516628540594e-18
-2.109123932537518688e-18
-9.939145999371141910e-19
-1.355659828100691517e-18
7.566782663667472302e-04
6.256587872473707733e-04
4.559487426739888415e-04
8.175606974186162921e-04
8.788547026515752350e-06
5.422707634853300922e-07
8.071352354234907637e-04
7.359573981334750770e-03
8.880096230386785253e-04
2.769971756341973838e-03
5.522930592905627405e-05
1.035524710293884237e-05
1.114824945733521380e-03
1.635713466460561941e-02
1.022790062976139261e-03
3.558241543262902293e-03
1.226753674773739023e-04
4.269443746504448335e-05
3.045653902553791849e-03
2.242665187331660884e-02
2.314112503985079694e-04
3.033428623350024281e-03
1.740288087060906273e-04
1.017189880420628161e-04
1.042687684996361670e-02
1.411496020929910340e-02
7.680408942691372559e-04
3.715800484056982437e-03
1.393960734671659360e-04
1.468647867637098135e-04
1.286911924324190930e-02
1.019920504626922741e-02
1.098898015440273471e-03
4.502560801520996345e-03
5.525191505583082794e-05
1.744081981774091902e-04
3.927791493212220986e-03
1.346056864026169697e-02
1.813773138154252222e-03
4.800304340308993688e-03
1.650141124958339408e-06
1.294012453364597149e-04
5.716008975384476599e-05
1.486590611960051690e-02
1.182147435804078084e-03
4.640042501515823266e-03
-8.956498897929997548e-06
5.755151078025922599e-05
7.419105388165170470e-07
7.198137906640977857e-03
2.960032716011370664e-04
3.759488988495744092e-03
2.950721279083813674e-06
8.790210975931134668e-06
1.603467432096390536e-04
7.498476716292485191e-04
1.356599305435122031e-05
2.485512695116135276e-03
4.442429144915205070e-05
1.012223365337667327e-06
3.531282814788018801e-04
3.977876243873853385e-03
2.701465100776530923e-06
2.116704233880733425e-03
3.464619047908900398e-05
1.946180693273571408e-05
4.201161067985432519e-03
5.851439435307820985e-03
1.438042301550916309e-05
5.880180724222329718e-04
1.686401386949014667e-06
3.837060235080704381e-05
7.273305131366880789e-03
6.992426471107911733e-03
2.310780627974013790e-05
8.842308443698854625e-05
-1.406779241170573675e-05
5.094899844747739325e-05
2.643710556683716590e-18
-2.468176267401472048e-19
1.747600699772719180e-19
1.504577636524260206e-17
1.293022226338528041e-17
-7.469066862923217069e-18
1.383835892989784822e-02
1.074375811061173414e-02
1.317471737810924082e-03
1.674520006757856082e-03
-6.330163253518968167e-06
3.201992667629195493e-05
9.216224125182479257e-03
3.174782099447783575e-04
6.780629883263711560e-04
7.706061638648484084e-04
1.776190525632881284e-05
1.613368331785551148e-05
5.046129423531046931e-03
5.972072683945172343e-03
7.725856395254198207e-04
2.589367730421885706e-03
8.276468127720107155e-05
3.770060473970960425e-05
3.035483870119654124e-03
2.244270220244018454e-02
2.317837188660016104e-04
3.034754391542566349e-03
1.747955488814511367e-04
1.017218524054202259e-04
2.908044555788987569e-03
3.778525744727032065e-02
1.055564137949940688e-03
3.147483060053388442e-03
2.563929731556909941e-04
1.821556612732625543e-04
6.770733939630010217e-03
3.330361383401080760e-02
1.140541551594009308e-03
3.393316899529646036e-03
2.114014648092828099e-04
2.182057936593311421e-04
1.356664464868169613e-02
1.685362554788117848e-02
3.086076950215639776e-03
3.610322518947691687e-03
1.040759943872288584e-04
1.905417240386892102e-04
6.808161881543933411e-03
1.481746106853544000e-02
3.613665312858260845e-03
3.957979036535050517e-03
3.042988270907363393e-05
1.303059381223941595e-04
3.952713229234708857e-04
1.733151390511419518e-02
2.166572367511770004e-03
4.084292249528565996e-03
-6.530326095082256508e-06
5.602224569343633296e-05
-1.074620458354615575e-06
1.311167816899046386e-02
1.178208294248108117e-03
3.970395915385103482e-03
-1.007546509593418379e-05
7.270079280178482842e-06
1.049616654344457458e-04
5.026643588951204555e-03
1.946754109771597224e-04
3.377833507661907961e-03
1.640743743145189776e-05
1.296035172291594652e-07
1.687485773884784775e-04
4.650184078473488039e-03
6.237149405348700947e-06
1.418333054687999058e-03
1.638245565521970513e-05
1.758120379853045346e-05
2.349406886108506079e-03
4.394452149304232252e-03
1.606253343815714442e-05
2.513061307561133165e-04
-1.532078167025872211e-06
4.783937445644240810e-06
-2.817005091152133014e-18
5.749898744376651989e-19
1.025351815604892273e-18
-8.168062053573446656e-19
3.633544215889342929e-17
-1.365761799433130920e-18
7.233105764457630101e-03
6.984741771808532056e-03
2.491722961959269694e-05
9.999852966985589521e-05
-1.260900996635014886e-05
5.533599712697936495e-05
1.264399560760115677e-02
7.301716066821142999e-03
3.572587698699396090e-04
-2.517530663118008449e-04
-4.934482570114829739e-06
4.870623733122435918e-05
1.526742199177031495e-02
8.664474821801337184e-04
3.129257414207677469e-04
4.464771602587352386e-04
4.335271339356766345e-05
3.291126945251394829e-05
1.364168138424925666e-02
2.148431136139772758e-03
5.362371313839071809e-04
2.953951559140853642e-03
1.176021974254807384e-04
4.310255587949603370e-05
1.042259008087774962e-02
1.412356080469709223e-02
7.666484340220922284e-04
3.714107012657689045e-03
1.396979964458294277e-04
1.465752388510175761e-04
6.759266443607995709e-03
3.329249884445753538e-02
1.144896171078559370e-03
3.387796194164159787e-03
2.116755025341630274e-04
2.175616001767551771e-04
6.045526378492960783e-03
4.472277472527924624e-02
3.128884599148941577e-03
2.916060734202936128e-03
2.401057754274668447e-04
2.034821695859581516e-04
1.595652736057438792e-02
2.506711347599063430e-02
5.488581993130465207e-03
2.789557592950199592e-03
1.683538719358027675e-04
1.510625923314057512e-04
1.369765280695299688e-02
1.449835970178292403e-02
5.981980321947259240e-03
2.610022743360940548e-03
7.647459734454729353e-05
1.013420242178261695e-04
9.093328442622342338e-04
1.368875415393897010e-02
3.561465677802835763e-03
2.415000174789868389e-03
1.740136618076289853e-05
4.140255527403981646e-05
-1.739351276114910068e-06
1.353579164441755939e-02
1.352956734143967400e-03
2.298783117014583776e-03
-5.294377171949004663e-06
5.949997490018701001e-07
2.531888226646345980e-05
7.611834816636102972e-03
3.472812856080293169e-04
2.089828016107813172e-03
-2.963898466007781538e-06
4.412063731220693916e-06
3.499987363023564663e-05
1.973000390932268255e-03
2.804301202276311109e-05
4.345611364751984134e-04
4.733641976314488612e-06
4.575449128839057384e-05
-4.114306042757748551e-18
2.075234692212892183e-18
2.524283568284479509e-18
1.022523488706983592e-17
7.464640723096830282e-18
3.120558951381586214e-18
2.364948683636185385e-03
4.420494658939753962e-03
1.539722210679214445e-05
2.386693770471261342e-04
-1.917872868353295889e-06
3.708954340933485731e-06
4.198289118497522572e-03
5.909981776178595270e-03
1.516994437890932212e-05
5.557015750602919447e-04
1.675423144875261988e-06
3.948355369368833253e-05
5.892785414559204883e-03
2.898755803608844654e-03
7.544416578042705630e-05
3.763652088071535126e-04
3.437502659715820053e-05
3.447042521902221135e-05
8.017598702893749193e-03
-2.285207532188215545e-07
2.836572624310327272e-04
-5.647581393143165010e-05
8.617219396828498411e-05
2.388087595252761633e-05
1.084136795695376382e-02
2.976599528790875582e-03
7.464795396255446405e-04
2.869215997407993050e-03
1.364462562042134447e-04
2.045921807546847545e-05
1.288911211622903626e-02
1.020605779627271371e-02
1.101083336420701723e-03
4.486697809991650569e-03
5.534730265729775336e-05
1.740143939233989776e-04
1.358732448403279607e-02
1.685124104765966732e-02
3.089298915582852027e-03
3.601912056971601998e-03
1.042625393012674881e-04
1.902675506076375136e-04
1.608739793541539079e-02
2.503990012351030997e-02
5.487592266297221591e-03
2.788206007392933158e-03
1.680668117371994302e-04
1.509784266759639189e-04
1.284914265131538447e-02
5.153043346551427345e-02
7.937944861768377741e-03
2.084575215947554079e-03
1.724342937970230151e-04
8.164749398819557682e-05
1.326358211485456455e-02
2.271254109971337573e-02
8.658293358454078117e-03
1.497992990447989106e-03
8.653448925228010959e-05
5.890508859553321886e-05
3.049690831541381842e-04
1.239255235705233674e-02
6.784133037244081434e-03
1.030580843180319960e-03
2.731863166747459790e-05
2.379941016126069244e-05
5.775428683894268350e-05
8.930276132050316007e-03
3.127682909291372784e-03
7.749547150007258427e-04
3.921809662533758641e-06
-4.852691027336575204e-06
5.610232509660499312e-07
5.734158606926711629e-03
4.869433103354362663e-04
6.359547808779008509e-04
-1.132747484354881242e-06
3.305774807166319533e-06
-6.666273893498887953e-19
4.792869214879563830e-19
1.249818204084145817e-17
6.772696347389252763e-20
-2.008572580252375834e-18
-8.281097294655307894e-19
3.503678059133267570e-05
1.976481419999789706e-03
2.510692923586507007e-05
4.430453431539343968e-04
4.458379805862733408e-06
4.585741640745728072e-05
1.655585235875225438e-04
4.666129005710365103e-03
6.111879068421271592e-06
1.403220925915304226e-03
1.693661541062217659e-05
1.849426842391986044e-05
3.456352093162547655e-04
4.024699350348309029e-03
2.603837029434438881e-06
2.036000379441648290e-03
3.802229678040255657e-05
2.254225830322187539e-05
6.230436115536682655e-04
4.183610149806782255e-04
-1.217365721975015603e-05
1.472646683613701001e-03
7.146102245385245640e-05
1.755090352306801181e-05
1.139091379337784987e-03
9.251724328270625325e-04
1.912742937175840124e-04
-1.258363683314612440e-04
9.759016981537395384e-05
7.280244656863263345e-06
2.248842517181194166e-03
6.588431212606707041e-03
7.526597657714636331e-04
2.615671544954538495e-03
1.159443481488365148e-04
1.760194594116367904e-08
3.935995888515651971e-03
1.339448691089989256e-02
1.811554864634620570e-03
4.749774443240274355e-03
1.665166727965214438e-06
1.293013983134793006e-04
6.828850717016916351e-03
1.479971614352178742e-02
3.619083245857948519e-03
3.940280250883857957e-03
3.049181789702112673e-05
1.300742887650647723e-04
1.373375849276919566e-02
1.446110028506861732e-02
5.976341343561344770e-03
2.607771667342912315e-03
7.626661095561511035e-05
1.010457846720661798e-04
1.325264725736455609e-02
2.321508965585410839e-02
8.656857185530105608e-03
1.497658965461706477e-03
8.654196802677262940e-05
5.887454227305978835e-05
6.811249929816261435e-03
1.258009924028470616e-02
1.079397162185589606e-02
8.672075399422104558e-04
5.833380079887253133e-05
1.616722814805626333e-05
1.374186637621641581e-03
1.130467767917667406e-03
1.247933673824963390e-02
5.428177297388044487e-04
6.408198530340440405e-07
2.120776497774605048e-05
8.705608962054115993e-05
1.160615413841829769e-03
7.904855703496737121e-03
3.397370467235355258e-04
1.723992620580276063e-06
-6.032404868871512433e-08
7.155247959508572689e-06
1.631629985628293934e-03
7.912004189193010909e-04
1.749424673316970558e-04
1.742749987454044617e-06
1.600158429668055627e-05
7.073796948242300001e-06
1.677693964751660787e-03
8.177283697314304640e-04
1.765947058581883564e-04
1.714508573976504186e-06
1.617262938287867643e-05
4.954246574142174589e-07
5.741585929184684495e-03
5.035751642421504000e-04
6.455260380501137317e-04
-1.057671649145110105e-06
8.895436265160805965e-06
2.554149986791117092e-05
7.580352067597797422e-03
3.497802936667974787e-04
2.067433781710333214e-03
-2.054544345990694193e-06
3.406268861219945993e-06
1.159202129901713049e-04
4.976465020490935566e-03
2.030554207690013198e-04
3.425807213728370403e-03
1.832832743033935370e-05
-5.164875369895735012e-07
1.490783726986268413e-04
7.433561788978470869e-04
1.205450163820932446e-05
2.510649253307271206e-03
4.678609604377157095e-05
1.631777085756804435e-06
8.676482319142578964e-05
9.406896716087170774e-04
-4.636583368945534004e-06
3.707770505376899498e-04
4.904124870442394454e-05
-5.710974766543011761e-08
-4.219409952954426024e-06
6.968290552768257630e-03
4.070060075881693634e-04
1.424319434822289565e-03
4.376876456385214183e-05
-2.313262270625597867e-06
5.873510206647576058e-05
1.487286300059085728e-02
1.179181497247266865e-03
4.616320330726463722e-03
-9.064240489660864623e-06
5.777951523569965596e-05
4.008249874942121436e-04
1.728011413966546242e-02
2.158826101239133370e-03
4.074624602733847856e-03
-6.529892476573412682e-06
5.590437556052918711e-05
9.127932294514315556e-04
1.368327135783015992e-02
3.553535045042658432e-03
2.410873178247964575e-03
1.723352005509367068e-05
4.126906133884503510e-05
3.026770189831818909e-04
1.239076000971858077e-02
6.777217923922656574e-03
1.028658101085649836e-03
2.694968176460912850e-05
2.397992807363735188e-05
1.403319931867122840e-03
1.120188096713526336e-03
1.250809273801906790e-02
5.425887059099746695e-04
5.780194330604905320e-07
2.172131703556967958e-05
5.961266799883044136e-03
1.199134454895493286e-02
1.496305820416291184e-02
3.257833045800014190e-04
2.899302776801585476e-05
2.699211089025259602e-05
1.972527352135627042e-03
3.991163829419325584e-03
6.577715850812441804e-03
1.572709298408357474e-04
3.304231140075664802e-05
4.038448752074989501e-06
-3.339462091573097689e-18
-3.405065618512165745e-18
2.798960831725798374e-17
3.382202480266893220e-18
-1.122986937139771441e-17
6.145942918090512598e-18
7.204229739976540365e-05
1.172409230941852789e-03
7.831522345538492400e-03
3.387929302269986520e-04
1.927812883400856044e-06
-6.722813789646063394e-08
5.749013344603109450e-05
8.958919255683884739e-03
3.144997652994033915e-03
7.915901725375524981e-04
3.456653808819463317e-06
-4.787569960397685352e-06
-1.610957109168151143e-06
1.337073604310561395e-02
1.329418319088535288e-03
2.280623188917063702e-03
-5.406657103712315085e-06
5.906212807061687361e-07
-1.048707604917246753e-06
1.297146892525130601e-02
1.204931113284982971e-03
3.923280085087594432e-03
-9.898326834868355616e-06
6.941209082517474709e-06
4.898390655617502197e-08
7.260250566344683167e-03
2.769121320354192540e-04
3.674027566725295013e-03
2.826503038476378285e-06
8.696913725659516191e-06
4.094965485612762501e-07
9.221841949618905365e-04
8.630660128268021814e-05
6.158679624941234415e-04
1.269757071527682599e-06
1.129932410716221217e-06
6.485059073679170759e-07
9.192170770838151931e-04
9.406037038143323691e-05
5.646244122627093291e-04
1.301991452389734788e-06
1.042432737756228924e-06
1.117776620503137586e-06
7.216803651311217566e-03
2.953829487634160962e-04
3.736476848597153778e-03
2.756000500715132205e-06
8.899688979319245489e-06
-8.962648769805599216e-07
1.314023926221060540e-02
1.174523981543820414e-03
3.958283647414724202e-03
-1.014791860843974692e-05
7.222313129535157910e-06
-1.654740037299328826e-06
1.354987319142524418e-02
1.360150706460793585e-03
2.293922549566202330e-03
-5.247833206208994724e-06
5.964225442285439483e-07
5.495420351742466309e-05
8.937805961692347340e-03
3.131985906194425379e-03
7.738868890477799446e-04
3.933132178612145762e-06
-5.059243366338426680e-06
8.786468814541201601e-05
1.163546937839001882e-03
7.902457907737928111e-03
3.397712285173459389e-04
1.744408491182950613e-06
-6.582854464793508718e-08
1.936418022723970572e-03
3.993221062645430433e-03
6.587018777160799296e-03
1.572137758726654185e-04
3.313455116513103020e-05
4.109220441907846853e-06
-4.375231355697800395e-18
2.052589753602953749e-16
-1.236836100203926569e-16
5.891991656475765407e-18
-1.114684945356591646e-17
5.652039601082651169e-19
1.963927979004848404e-03
4.215674672882209137e-03
6.385601459708447822e-03
1.565300085831887325e-04
3.542496198080848639e-05
3.311516451914135784e-06
1.383971341522195623e-03
1.106837581961653185e-03
1.236324719399400744e-02
5.427715761594644828e-04
7.664745847090323402e-07
2.100310944620481710e-05
2.788579824977494752e-04
1.232531783104905826e-02
6.784339897415319481e-03
1.073170245537223393e-03
2.678822416535329057e-05
2.363484031941019741e-05
9.750436573832545846e-04
1.380302946051019213e-02
3.434703702668186979e-03
2.417550373064772731e-03
1.722949560780424403e-05
4.150664207564221895e-05
3.690039752924425816e-04
1.730756338105240294e-02
2.208276619064233805e-03
3.998644799391911156e-03
-6.520882016292278555e-06
5.593122339170125240e-05
6.095839783751847769e-05
1.475056278891883309e-02
1.188568072838382767e-03
4.467361643083150521e-03
-9.504615799368365151e-06
5.604883600218781454e-05
-1.284773151441519819e-06
6.922124766585334259e-03
4.099560939513982594e-04
1.315248397915115336e-03
4.310121725297155976e-05
-2.735198417023130944e-06
9.656826210706867563e-05
9.501499078188640948e-04
-2.743181196548271537e-06
3.518495005730956139e-04
4.606459854726534508e-05
-5.800661525481768368e-08
1.612248296815321769e-04
7.577038746637883163e-04
1.527514282323515042e-05
2.465801216833340449e-03
4.446233553474681949e-05
9.120967271231796674e-07
1.063135973267364777e-04
5.053172258837892832e-03
1.926742824041418115e-04
3.367106553066615427e-03
1.617382327744006887e-05
6.816084877999334860e-08
2.672052237806971662e-05
7.624998651939134640e-03
3.473074034569723534e-04
2.086283246567133872e-03
-2.942864224122746561e-06
3.914726204265939285e-06
4.962038002610685013e-07
5.731631116884466567e-03
4.903222897250950020e-04
6.358021162774020766e-04
-1.138608639752381346e-06
2.343515379828985722e-06
7.181735432050396752e-06
1.638986979256921257e-03
7.861849515937728485e-04
1.750722768203478877e-04
1.746411105442706499e-06
1.575605290236021966e-05
6.726282551621076488e-18
9.125906742742327800e-19
1.175253244901029905e-17
1.611212972713881720e-18
-1.628901434774669717e-18
-6.744951399415346302e-18
1.930280970039076338e-03
4.224118060137967319e-03
6.364743756459428914e-03
1.567873352363222106e-04
3.543277442208942591e-05
3.379717522357302898e-06
6.029815101159703011e-03
1.212032435761486483e-02
1.539678492499350036e-02
3.222396761975783344e-04
3.049462450732362448e-05
2.890196935124541414e-05
1.458043821769316670e-02
2.862641179712717768e-02
3.687360220060042354e-02
4.040857627857032987e-04
7.326563855881428901e-05
1.854945597093349402e-05
2.475938273374813856e-02
5.117222700816820985e-02
2.797688276992083695e-02
5.024486031200027904e-04
1.253604486110367793e-04
6.700458818553281536e-05
2.914662757844883878e-02
1.889503078720633847e-02
1.477316147766049442e-02
9.111855390663063615e-04
1.171224799815082958e-04
1.149651224136259833e-04
1.919795673319922916e-02
1.500953404908867556e-02
6.601207978114210714e-03
2.392172935893810935e-03
7.483017966591040454e-05
1.378040612651539173e-04
6.688576252534737809e-03
1.467829030416630161e-02
3.601619106324466073e-03
3.851639460081006730e-03
2.994426814649461222e-05
1.302792790947277337e-04
3.216516328720887309e-03
1.286387472235751492e-02
5.840317416291048542e-04
3.700038133519153311e-03
9.546862244770689727e-06
1.133381605284835772e-04
1.741045299124985291e-03
8.708065711418707874e-03
1.338209594348665858e-04
1.720311186957571145e-04
9.248259914324867222e-05
7.880324797707754283e-06
9.508666523731430006e-04
3.511995599305295888e-03
1.365209042964758365e-04
2.687190071491797399e-04
7.837419725024351519e-05
6.996208665471235364e-06
5.138002077011479679e-04
2.093546486366977945e-04
4.194899577583417597e-04
2.192224311193525371e-03
4.720589223306032218e-05
8.137868038428237771e-06
2.749014807809447083e-04
5.611670108650868277e-04
8.720182412511813703e-04
2.085516007647015765e-03
2.338379169466015990e-05
6.694698358225010292e-07
1.070219144644142306e-04
1.813187633636797287e-03
8.221052275663902689e-04
7.761525916344695023e-04
8.481570133685598849e-06
-2.713906785005967259e-06
6.892950630176842441e-06
1.646515917341829539e-03
7.922433616593991352e-04
1.780053816687878431e-04
1.640467487557235144e-06
1.528611097690769243e-05
-6.618918307547250723e-18
2.457514051351821531e-19
-2.320907359784277615e-17
3.756166126033232686e-19
2.426149245032511574e-17
-3.434406585636780876e-17
2.632549867714714296e-04
1.377677211318267900e-03
8.837780717992876900e-03
1.395887033797285181e-04
-1.339827694848500220e-08
8.847646801320020107e-07
3.519460258522725225e-03
3.073594518922871058e-03
3.015391768381243953e-02
2.960937177751798814e-04
2.337063669143818001e-06
1.529898392582291580e-05
2.489863673219690210e-02
5.126187808321297501e-02
2.793603976954808429e-02
5.021960419389254237e-04
1.252665360088918564e-04
6.794630747719372003e-05
3.656155177787250021e-02
9.568869594312184867e-02
2.333351812012984805e-02
7.129161654767752565e-04
2.505172034974021029e-04
1.027717683868580294e-04
4.808966831189141061e-02
3.042534852421764635e-02
1.544323174160028116e-02
1.186467632113957392e-03
2.395685969057885034e-04
1.989923481010497975e-04
3.198610205026052727e-02
1.524701298326241496e-02
9.126338676858197427e-03
2.370278378054703830e-03
1.566826128917981329e-04
2.425083417066176486e-04
1.688029090869942045e-02
1.157469554523181225e-02
5.041912413977554450e-03
3.714620752363233420e-03
8.380574311292767994e-05
2.334920654230338997e-04
1.263990728665678569e-02
1.020080926239361370e-02
1.142720772055539789e-03
4.377151279430152760e-03
5.544697773192721750e-05
1.712711021598054028e-04
8.791804327781755149e-03
7.328277368005363390e-03
3.025632918048845599e-04
1.453201259246224633e-03
1.350652774413177990e-04
2.808778270980919481e-05
6.017246958507473445e-03
3.159100528836127856e-03
-2.303118257034440181e-05
1.974440963108486688e-05
8.818590837841068237e-05
2.706748380773903271e-05
4.044032928901237535e-03
2.129496745890232970e-04
8.583095827384804608e-05
4.742961973866378239e-04
3.998849021483216450e-05
2.941539575602427755e-05
2.326829636558562248e-03
3.473691675356151967e-04
2.432774133631942007e-04
7.832941043556870949e-04
2.239508689765847018e-05
7.070414158789388970e-06
6.527756408935019754e-04
6.122563923667063328e-04
1.084333233676065735e-04
3.105067878742464736e-04
1.219136241611204796e-05
2.752264599113818262e-06
1.762235393382031822e-18
-8.918829364980497354e-18
1.178593082994691298e-18
4.262318067072816243e-19
-4.951863349585766629e-19
-4.338348303686415201e-18
7.289103534931032911e-06
1.647834655339592202e-03
8.298824013097314250e-04
1.774932724750233413e-04
1.618669181420183156e-06
1.590965778650986839e-05
2.901463061565102150e-04
1.449466505183734030e-02
7.855779870686868324e-03
2.934297024404775825e-04
1.291364332839951575e-05
4.419090835778834584e-06
6.109868198177996869e-04
3.086763808726919467e-02
2.140458100258830695e-02
3.877804392369101939e-04
5.481609458583896956e-05
1.045263867884213922e-05
2.923182475776345268e-02
1.889883355301591808e-02
1.470425472211789840e-02
9.076666655525127397e-04
1.168697614091576426e-04
1.164506925654938436e-04
4.826440086053947892e-02
3.041068551114472704e-02
1.541562540317197895e-02
1.181821231128217043e-03
2.389832405138707133e-04
1.997133846430255641e-04
1.423669182300286128e-02
4.449865980998309045e-02
1.250609298854371554e-02
1.670764678287356333e-03
3.042956709948436175e-04
2.661690286293606745e-04
1.341703024087004606e-02
2.528596412354445003e-02
8.391064799178168249e-03
2.418943581500296487e-03
2.551055275205583138e-04
3.106691608394489810e-04
1.556962995400721847e-02
9.618230394595347899e-03
4.161389877573870057e-03
3.445066588983086795e-03
1.511701605428228011e-04
2.924444065886780300e-04
1.605525972308240179e-02
4.649090907369910798e-03
1.292386004721096529e-03
4.310695354827293220e-03
7.590572558314507981e-05
2.064489936702793862e-04
1.360539561794117669e-02
2.157440352605873371e-03
5.482692230233566100e-04
2.918784560238450038e-03
1.145268862914052238e-04
4.212416296551431844e-05
1.003097846583625094e-02
5.128819765936658238e-04
2.196114603383342192e-04
-6.472294801701785542e-05
5.054715604911868415e-05
3.247343009904175517e-05
6.193520562448542703e-03
2.163018872394620768e-05
-9.893176843244280445e-06
2.506337672220261418e-05
4.026975789141623799e-06
3.049621585338085835e-05
2.175193887044315350e-03
3.115402102923213326e-04
3.075356110807578970e-05
7.844807804098712989e-05
-7.788872955922323505e-06
1.015533798452416572e-05
-6.211509670710662786e-18
-1.620835085270591479e-17
-6.227855821146832949e-22
1.884006859751331475e-18
2.977246796189663980e-19
4.022289557574518675e-19
6.484926870894967051e-04
6.039907474526011108e-04
1.100487820553708892e-04
3.085339698552737775e-04
1.207030887167561631e-05
2.687511961313159279e-06
1.002082016717752405e-04
1.816626835637542023e-03
8.513948067941043982e-04
7.817717505926629002e-04
8.958984590012195062e-06
-4.391450103763674908e-06
5.922254074895049640e-05
8.959622265449451034e-03
3.160766916261334349e-03
7.797684082113557963e-04
3.595955024674754780e-06
-5.142591319677463794e-06
2.038693084960756588e-03
1.524605732934795552e-02
9.013606408405930998e-03
7.840014356737261443e-04
3.804367800305424782e-05
3.492969730326011320e-05
1.927688849218976708e-02
1.501281306848257883e-02
6.574867006140670302e-03
2.386829069106726018e-03
7.462382215049058411e-05
1.374763336947076452e-04
3.201266267227567686e-02
1.527014946218560598e-02
9.119079669112096012e-03
2.369263469372798799e-03
1.561934297847481553e-04
2.420482608844604349e-04
1.343853554595306546e-02
2.530093028468369254e-02
8.384058693284819966e-03
2.420629719285812432e-03
2.547460726126939373e-04
3.103757626679977616e-04
5.013095097614440367e-03
2.784089275297615962e-02
4.712848803235867960e-03
2.751712413966318164e-03
3.138786276808971324e-04
3.067956637012417037e-04
5.143889885466919852e-03
1.450658801226285301e-02
2.504234484869910862e-03
3.232721179325427803e-03
2.649639986900061855e-04
2.494920432396367273e-04
7.925964664309628760e-03
3.753972193028317673e-03
1.271989365228573142e-03
3.874866650657264860e-03
1.194564951480403563e-04
1.517403357831113115e-04
1.161175310521230485e-02
1.034979849569999283e-04
1.047231497133752597e-03
3.640358345531239694e-03
7.889651717264239668e-05
3.501788530807852868e-05
9.276028870997201844e-03
3.132780620218468103e-04
6.302490454253471212e-04
7.507235396978171596e-04
1.739708871519966566e-05
1.638943393427942411e-05
3.351173893087873879e-03
3.953581575270046834e-04
-2.393389124862975724e-05
6.052343645816507707e-05
-1.947065624145988867e-06
1.320523757976787714e-05
2.179865892738533921e-17
3.758855732943304857e-17
-1.784126500836624133e-18
-1.655268576663298598e-17
1.715149315652561628e-17
-3.060373739977500564e-17
2.158677703080412805e-03
3.147957947952037560e-04
3.052041596156318017e-05
7.875981203544158359e-05
-8.318343407807201286e-06
1.009635490384878123e-05
2.346422995574683808e-03
3.445114834458366760e-04
2.553768681494382724e-04
8.190616421541193183e-04
2.234095161069821314e-05
7.825797027214559387e-06
2.677074285827306692e-04
5.587899372112986596e-04
8.593243324543593581e-04
2.053739450728650755e-03
2.272657544680765216e-05
-6.607496955927709572e-07
-2.940941156123489232e-06
5.339714733215690165e-03
2.092174276361519637e-03
2.366444742463764180e-03
-2.018853965832188733e-06
7.699816192062697412e-07
9.632277669283661765e-04
1.383259154388228641e-02
3.499838568687644192e-03
2.391085802713115421e-03
1.740258818123189671e-05
4.312973093989757060e-05
6.706199273728696321e-03
1.466970235218743347e-02
3.609195325961913215e-03
3.836849057756224965e-03
2.999213225320556257e-05
1.299116918874287756e-04
1.690151451660510187e-02
1.152033655173393366e-02
5.035027284168117935e-03
3.710261271030087550e-03
8.385721157994144033e-05
2.327532548880563933e-04
1.557165140829314121e-02
9.618923547836083499e-03
4.168468521430077761e-03
3.436952641394328337e-03
1.513223206317656708e-04
2.915155803163375762e-04
5.140245441952549961e-03
1.449481319976525691e-02
2.503438674844842091e-03
3.230060367766553631e-03
2.655042012613525386e-04
2.487244267608408306e-04
1.785094629646390022e-03
1.166935086759916633e-02
1.679137695166353986e-03
3.596509559785792710e-03
2.715732912276981495e-04
1.586867447866363405e-04
1.495037131543534804e-03
4.705002460279253743e-03
2.256856074371947195e-03
3.927482597425636240e-03
1.261261606820838815e-04
5.988249290372877855e-05
2.585912804321114158e-03
4.029209117724919507e-04
2.701928104859281990e-03
4.086574756543037354e-03
3.498274333267076426e-05
2.030729313344450672e-05
6.794195149293699200e-03
2.283855962248314449e-03
2.730531326590841194e-03
2.304111094835017623e-03
2.724198718480352289e-06
-7.625995652789412074e-07
-4.591378931606423127e-18
-3.408471413906971826e-18
1.677625219285948554e-17
-3.030674557433742998e-17
1.298765658269392663e-19
-1.698605993135571715e-18
3.330019990106413124e-03
3.924793480034370423e-04
-1.782958716364952060e-05
6.994648951486937861e-05
-2.066184199462555139e-06
1.313952221060434111e-05
6.205091720362154728e-03
2.076358011119641941e-05
-7.305140974799090385e-06
4.888501908926407485e-05
4.132494945825722882e-06
3.175969419832737453e-05
4.089762870085723347e-03
2.144726305490422087e-04
9.376517330621919610e-05
4.566526463394304271e-04
4.060322099446298823e-05
2.927310229909332537e-05
5.182492975374410060e-04
2.123390962201139901e-04
3.973244648755805820e-04
2.170748765000966342e-03
4.694124263061900265e-05
8.222401778469350835e-06
-1.026964865895713369e-05
1.213708661086666720e-03
1.036787819216974590e-03
3.490980239461102721e-03
8.648481525851191114e-06
2.383156409896064359e-06
2.549681100512035583e-04
1.026625456484359447e-02
2.688373870169932615e-03
3.802565191473568276e-03
-2.471998089648234271e-06
4.480131175758776311e-05
3.225935683916108295e-03
1.284657346614962066e-02
5.911262478272276844e-04
3.690422873181779546e-03
9.599655656307352515e-06
1.131564279358690311e-04
1.265376314193644020e-02
1.020105093124079078e-02
1.143318162717025556e-03
4.367619659751026916e-03
5.550971926325237846e-05
1.708799338533608259e-04
1.605710612917661193e-02
4.648081128366123374e-03
1.293080739608533326e-03
4.280947742659971939e-03
7.622881301432899879e-05
2.056088980223407079e-04
7.918180974084126217e-03
3.750896929957512997e-03
1.280367779601944336e-03
3.867267663021467343e-03
1.202447353647365070e-04
1.512744615143746924e-04
1.494123470244903109e-03
4.707444576413613753e-03
2.258371641644623621e-03
3.925061546807662172e-03
1.264408014779903010e-04
5.968381247789150858e-05
3.776881494529558633e-04
2.248489496555087629e-03
3.292473756052804318e-03
4.858665988678660501e-03
6.793282739563211007e-05
8.651980875802956422e-06
1.587378309679528081e-04
4.309700474527777391e-04
4.017774707313968678e-03
3.736887942565569366e-03
1.499346797827646498e-05
6.437224431828840128e-07
1.254028129206047431e-18
-7.250247092160925045e-19
3.124717720829032967e-17
5.234861431083121842e-17
2.169179198266379444e-18
-3.897154355715675103e-18
6.815413686131191993e-03
2.282005424631970356e-03
2.716907995409619490e-03
2.150787675791221085e-03
2.601536148826164852e-06
-1.298230285661125071e-06
9.228411721682776639e-03
3.177070952983970212e-04
6.180579491690342585e-04
7.585176943120831980e-04
1.757133470714235788e-05
1.602997278582108547e-05
9.997624417398435354e-03
5.190608444099855182e-04
2.283694389728488426e-04
-7.252236888270913596e-05
5.057761996674165427e-05
2.868794323462850367e-05
6.059185609454382712e-03
3.158855367320106966e-03
-2.550794629028899850e-05
2.138972902587069237e-05
9.065753349144822554e-05
2.852392163349281456e-05
9.594337065686013577e-04
3.472795724099426995e-03
1.139834336357743792e-04
3.397167769971639272e-04
7.785489815141956034e-05
7.111533614902292293e-06
-3.775476877281845531e-06
4.919164941587158028e-05
2.206395527201210143e-04
3.582323583565692401e-04
2.533607455870284233e-05
2.535544113936270776e-06
6.410828390072846399e-05
5.716543063494921272e-03
1.688560035758598205e-04
2.401250947313432731e-03
-4.009158571296500753e-06
3.640134723156466758e-05
1.747906183056704369e-03
8.684292755242913053e-03
1.333099709236269456e-04
1.729820685520854677e-04
9.248717841188861292e-05
7.917846662657889530e-06
8.804427067237018123e-03
7.317559719472486318e-03
3.040226260133630930e-04
1.441821165526160084e-03
1.348689068659707289e-04
2.834534777389731693e-05
1.360416569914335051e-02
2.157396856166384977e-03
5.553296205282154223e-04
2.880950529005691426e-03
1.139533431784894759e-04
4.229928607734820110e-05
1.160843882727739286e-02
1.034855713919382837e-04
1.056906075508902334e-03
3.591650104968072913e-03
7.876136638212976769e-05
3.535788817134269965e-05
2.584136117063233137e-03
4.034450362421412840e-04
2.706357825383578705e-03
4.049812034191477630e-03
3.507924071592005049e-05
2.026479487888012884e-05
1.587422642353153424e-04
4.311181035267292643e-04
4.037105125005975223e-03
3.722804278807417388e-03
1.490318394833426598e-05
6.277199353119964743e-07
-2.506088066541696707e-20
-1.055453516518349556e-17
-3.419320860747928818e-17
-2.587924134378543168e-17
1.430467540289690725e-20
-3.330868899189746459e-18
1.542068175815886598e-04
4.474793804133097696e-04
4.031241024855108067e-03
3.819959615119168650e-03
1.409930225727524238e-05
-6.653512534965455413e-07
2.591714067376802225e-03
3.971420870431379563e-04
2.728811177633722659e-03
4.006063245061114442e-03
3.550034833853415360e-05
2.031314473599988822e-05
1.162500101766956485e-02
1.013414648577085780e-04
1.114896342606227662e-03
3.550149547903731773e-03
7.587609224139174710e-05
3.360621697635305939e-05
1.348929795236658569e-02
2.163166620237567690e-03
5.272878127316146281e-04
2.993023382458912234e-03
1.158857493668321562e-04
4.102244652231798932e-05
8.785120205184635336e-03
7.389109933003763266e-03
3.155048555493983418e-04
1.514439150563841579e-03
1.341970359123338327e-04
2.787614697527917830e-05
1.783058882480389237e-03
8.612088190403460741e-03
1.421678444599441739e-04
1.978857637355401356e-04
9.588970149362238931e-05
7.914397878601817877e-06
1.277742925100842900e-06
2.023071979276873118e-03
2.012678639324238803e-05
4.333309364695845360e-05
1.882223624949950005e-05
-9.123712314814007484e-08
1.300103989636240135e-06
2.024456212834381628e-03
1.558395518367595935e-05
4.800201640216462560e-05
1.907537573448115601e-05
-1.073855884139780428e-07
9.498048970453968958e-04
3.513180568917452940e-03
1.348693953894989728e-04
2.721508789248225997e-04
7.829772333993483728e-05
7.137604630608378161e-06
6.018862790852615857e-03
3.164851689081996967e-03
-2.323501026267532629e-05
1.994283269748760575e-05
8.791386991430227837e-05
2.730284635240035450e-05
1.003131759144569590e-02
5.140990995369301968e-04
2.197767238347752173e-04
-7.236454386738461371e-05
5.056859972836290584e-05
3.298480796262006834e-05
9.263716358877342738e-03
3.117226314290272369e-04
6.363011604270892886e-04
7.378423587545368751e-04
1.745025152619408929e-05
1.646644325477792861e-05
6.794004889002966049e-03
2.280633288847378533e-03
2.751114503598229340e-03
2.265485367150440934e-03
2.741729677711713419e-06
-6.447723704641820923e-07
-8.396455395483867705e-19
-1.151866264783802563e-18
2.070902215139401469e-18
-7.152786131529302548e-18
-1.278828773726888102e-18
-3.934629941217249100e-18
1.541208331680728584e-04
4.474696393181111270e-04
4.034438512798628647e-03
3.811217175386191237e-03
1.403957630650989989e-05
-6.314916126426007742e-07
3.800687064763298099e-04
2.280266564792167005e-03
3.348519177051114109e-03
4.698498629056122901e-03
6.825208490332906040e-05
1.010993150448353416e-05
1.505109504060835740e-03
4.667475153698002165e-03
2.176647194705710192e-03
4.228748811279525385e-03
1.292424251505915511e-04
5.938029502107479397e-05
7.923235601501276565e-03
3.711119265863527077e-03
1.329411746763473718e-03
4.004161254642322858e-03
1.190345926029915389e-04
1.531554064015798217e-04
1.608197210448264122e-02
4.642984417818347802e-03
1.310165606276288358e-03
4.354634492777801659e-03
7.491367385989777870e-05
2.058851228201382538e-04
1.284183548212469543e-02
1.024878283580352156e-02
1.143462761891015159e-03
4.528473294221908863e-03
5.294328970314459587e-05
1.726296032554967071e-04
3.187212506945025919e-03
1.267564286496689237e-02
6.066457732702848840e-04
3.789624652204465032e-03
9.198695872997864921e-06
1.121041322986599383e-04
6.978838634301244895e-05
5.819574420635065075e-03
2.082366775252521458e-04
2.374022343146156826e-03
-4.189046217997503567e-06
3.703918752443748855e-05
-3.986331237376546778e-06
4.730909560107863891e-05
2.131802996758161602e-04
5.101622534915223545e-04
2.547154956111657512e-05
1.925893407334530547e-06
5.126717974825527845e-04
2.134839343677961770e-04
4.192519757511882234e-04
2.201711747073676218e-03
4.723707548925069628e-05
8.246536004624320352e-06
4.038212003619104373e-03
2.148095568182496263e-04
8.368575036258702967e-05
4.811012904803744009e-04
4.015219092797108315e-05
2.964214604206049283e-05
6.182657542922166682e-03
2.132950813136825905e-05
-1.041504569255559894e-05
2.576789228361163432e-05
4.006988876017052270e-06
3.114465183912169962e-05
3.343024068288214488e-03
3.952227867031777859e-04
-2.515663153455959325e-05
6.193147621676574235e-05
-1.946061997089867219e-06
1.327245781608404669e-05
-1.427182001832305220e-18
-2.878293807150247677e-19
-2.416332816016129340e-18
1.057794466839650618e-17
1.257075843063135992e-18
-3.167363701174600750e-18
6.815701376588203728e-03
2.278334510690736142e-03
2.728171916359143235e-03
2.098792010371634906e-03
2.617492497791414355e-06
-1.142758081084675102e-06
2.591071280379391925e-03
3.969046428053108313e-04
2.733815556392627400e-03
3.965871228113623630e-03
3.548129446132739303e-05
2.025077056628971862e-05
1.503044394936737865e-03
4.673300957323427152e-03
2.177489441806091178e-03
4.220756584954959457e-03
1.295836417716882106e-04
5.909780277557636762e-05
1.771115459894624959e-03
1.155174064492922939e-02
1.641097027731068742e-03
3.526413672261805628e-03
2.721800462878035728e-04
1.576557398506247827e-04
5.080237433676561276e-03
1.471180051559586865e-02
2.449280211405618132e-03
3.285293621137445625e-03
2.649091764585469601e-04
2.481511646870697028e-04
1.574007489250916700e-02
9.728393364658433767e-03
4.187077081236429896e-03
3.532391123447053971e-03
1.528684206453621169e-04
2.969189694134846181e-04
1.689553856048804301e-02
1.158931215625229501e-02
4.993110204103258856e-03
3.793286967642692416e-03
8.284593742865980028e-05
2.302124631729064524e-04
6.709656615541833256e-03
1.496874961331579566e-02
3.530046910044826181e-03
3.888381411380877062e-03
3.007723014326931706e-05
1.291522230523227052e-04
2.583940656479407575e-04
1.002643610053872980e-02
2.680879569581142829e-03
3.812707827358413799e-03
-2.528071424888039171e-06
4.422316212400095777e-05
-1.228769420929332133e-05
1.163176254398017549e-03
1.067052770514810784e-03
3.516542389608850495e-03
6.525720687462142257e-06
2.229800612577996984e-06
2.754007750752338925e-04
5.500494007473462690e-04
8.700072748290046129e-04
2.093509043525599699e-03
2.333746181751283403e-05
8.740404143311863649e-07
2.320501104042008503e-03
3.443299591702876725e-04
2.436536900480401450e-04
7.846223029644617966e-04
2.234263774327460933e-05
7.736122921400414456e-06
2.170024216316486856e-03
3.098691619559786276e-04
3.121214562152840449e-05
8.088768009064741286e-05
-7.673575451898261173e-06
1.042496930160590263e-05
4.512015152390661258e-18
2.297441002631266634e-17
2.515092057182626379e-18
1.203525677347254558e-17
6.927794348069486935e-17
-1.131576663936684572e-16
3.322996993729452828e-03
3.935515794040939986e-04
-1.921882588463545173e-05
6.972154994674109238e-05
-2.058073205202818583e-06
1.326342033857144465e-05
9.219705896985916013e-03
3.163186656047234130e-04
6.237189410778416244e-04
7.495764818074857885e-04
1.762644740792340995e-05
1.629906994499900227e-05
1.162334534021650621e-02
1.012679407434161684e-04
1.127144208131869874e-03
3.492612759669882962e-03
7.573751830752469027e-05
3.378373725218785902e-05
7.919223684411291070e-03
3.706774901493733315e-03
1.334358566834580257e-03
3.994596593836886346e-03
1.198284522037451849e-04
1.526073260770222876e-04
5.075816958113820408e-03
1.470606216360997864e-02
2.450723842395326809e-03
3.283364212445300055e-03
2.653179218769938989e-04
2.473239466662370220e-04
5.034364767845080427e-03
2.814214848184329668e-02
4.455311948188908459e-03
2.682160810601822917e-03
3.179140951238839546e-04
3.128268244029671599e-04
1.332089910687699573e-02
2.493357579847553518e-02
8.557827476661580487e-03
2.450611906406788710e-03
2.525121759562820264e-04
3.048045802803225901e-04
3.116599004897900940e-02
1.513619929090783550e-02
9.333055377293690905e-03
2.370773907514581776e-03
1.574777281729380137e-04
2.373177246912226311e-04
1.886078896310183078e-02
1.509469796724349604e-02
6.533653684701697627e-03
2.389686659086087163e-03
7.403660946284566335e-05
1.344921225072667000e-04
9.400533831570115914e-04
1.386695638436446359e-02
3.486629858991876097e-03
2.421268006575443606e-03
1.792158078104489965e-05
4.198277945676765643e-05
-3.166118208415548053e-06
5.301911565066649151e-03
2.086441679245955565e-03
2.423538001870749470e-03
-2.033698991802510724e-06
7.131343245463621872e-07
1.075549914820009051e-04
1.806600338274640940e-03
8.275322887171924786e-04
7.768166990752643081e-04
8.448910786680945525e-06
-2.235041141630429091e-06
6.504549247171501460e-04
6.087202982111420725e-04
1.084020000407661337e-04
3.103534253017330960e-04
1.213449653460179315e-05
2.737075024299370293e-06
-5.122417199637704104e-19
-8.661790729655441246e-18
-4.603860205667236017e-19
-3.014174220120180261e-18
-1.812719310310009557e-18
1.849675249989468644e-18
2.152906584008017297e-03
3.131691592607084855e-04
3.107021834544471030e-05
8.126087035061371441e-05
-8.238463867823778809e-06
1.045367566803617911e-05
6.194346593844244492e-03
2.054921846140749534e-05
-7.592976450890089214e-06
5.017220850020761159e-05
4.105943701080857729e-06
3.231244749799129772e-05
9.998773929991025891e-03
5.195883130909444191e-04
2.289745644350689761e-04
-7.375089092218730573e-05
5.062328496912858245e-05
2.911615905067805444e-05
1.349261036058811182e-02
2.162991176827591591e-03
5.334621697371885610e-04
2.957077059054033161e-03
1.154346764787942661e-04
4.127441667525705369e-05
1.608461678582773571e-02
4.639034942458384117e-03
1.308945409103260543e-03
4.320770967114279104e-03
7.517985963028040374e-05
2.051263539594439769e-04
1.574692679897493966e-02
9.734099072683728357e-03
4.196960579899986984e-03
3.524155731545480178e-03
1.531474586155558940e-04
2.962658594352277747e-04
1.334604934483586691e-02
2.494374663895349703e-02
8.552605450779201743e-03
2.449841198939866228e-03
2.519060558157952740e-04
3.042418826895346541e-04
1.420914574176729284e-02
4.511321012712316003e-02
1.249248426498853794e-02
1.598864629267782817e-03
3.025387035028726922e-04
2.591791730563783162e-04
4.871514224630296708e-02
3.040082900105217992e-02
1.568885236480898129e-02
1.137312317702873906e-03
2.381637019220363670e-04
1.949844392911693743e-04
2.951801191451955061e-02
1.900526455068663606e-02
1.466317569076638037e-02
8.965229097293935618e-04
1.205582730347861526e-04
1.139071471115323257e-04
2.162611418830870640e-03
1.518068293485046183e-02
9.289921050450641524e-03
7.773236420325062724e-04
3.834679885563855607e-05
3.316025190894566273e-05
6.178877563566672270e-05
8.923674165406047729e-03
3.169507835372474113e-03
7.745074679196362142e-04
3.403910436196032102e-06
-5.069576742022444088e-06
6.787764636515714828e-06
1.638710187680143598e-03
7.921512636061215761e-04
1.780296771115497307e-04
1.635801576568756018e-06
1.545189122024854503e-05
-8.927820200320269341e-19
-3.382394518018482286e-18
5.108290452044694924e-18
-2.309417737069907644e-18
2.143935688105992333e-18
-4.489342309923401475e-18
6.459228412451782815e-04
5.999925962587421800e-04
1.100028228077698294e-04
3.103884634135503011e-04
1.200371947545289028e-05
2.834993599998973012e-06
2.341195324170573105e-03
3.405325307642055881e-04
2.533616994682608885e-04
8.165586043138977485e-04
2.227560320174668906e-05
8.359529136121834667e-06
4.087797978248974666e-03
2.158767203086894490e-04
9.163460871187904919e-05
4.634956120840183101e-04
4.078316422532480537e-05
2.957925831062721057e-05
6.062921705905777170e-03
3.161323066306709860e-03
-2.567188919019645126e-05
2.142386266072312690e-05
9.041462511072568002e-05
2.885651554023842857e-05
8.794310339790556430e-03
7.378433563372824300e-03
3.184846712601371648e-04
1.506911155946432735e-03
1.340904843290415384e-04
2.814694464260307705e-05
1.286022536158749896e-02
1.024501155496007621e-02
1.141546893338911536e-03
4.510262502199547698e-03
5.300821253185940550e-05
1.724567681898148499e-04
1.692779855691506005e-02
1.152499381168107205e-02
4.987578089997036189e-03
3.785590470588935576e-03
8.291770184533223727e-05
2.294997593751247993e-04
3.123538020061721043e-02
1.514333925386448718e-02
9.319773358003512198e-03
2.369397014116872251e-03
1.566681517755574252e-04
2.364068454988368364e-04
4.894856156497108535e-02
3.039579661679595035e-02
1.566924906345309315e-02
1.134000626371651404e-03
2.371886333432073534e-04
1.950221395705065098e-04
3.684308209976072668e-02
9.601050682332142039e-02
2.351702908246343718e-02
7.083803310383848459e-04
2.512720845767686868e-04
1.054555899263836209e-04
2.492352732777866273e-02
5.173501480260304236e-02
2.735214770454894723e-02
5.059663096877326524e-04
1.289787735487497649e-04
6.911568275558032162e-05
6.024316530404591171e-04
3.085355590729351935e-02
2.168652197632011183e-02
3.856538845967859741e-04
5.352225225069430465e-05
1.150672566557833516e-05
2.831566493059338462e-04
1.462158474701133991e-02
7.911092320092997024e-03
2.889824891607601482e-04
1.282996969153392324e-05
4.661351265384439975e-06
-2.664946256105991911e-18
1.447909936297603915e-17
-4.897098533521460765e-17
3.126336598945919477e-19
-2.377401149911664042e-18
3.168365953631209418e-18
7.247302117291523331e-06
1.640546433702335652e-03
8.302525204441834825e-04
1.771873669665541588e-04
1.619833573338388032e-06
1.603321539321600982e-05
1.000451110951670506e-04
1.811454606564439187e-03
8.576217443751266763e-04
7.825834417547098505e-04
8.983501174215958532e-06
-3.740923931518704483e-06
2.679347290602575858e-04
5.487564049626255692e-04
8.716945506458160598e-04
2.057351656119433322e-03
2.266341763574255424e-05
-3.318926433067381536e-07
5.190353750559604032e-04
2.160556513248730950e-04
3.939548290278611876e-04
2.177492072607657356e-03
4.684758778033441487e-05
8.279824434252471113e-06
9.619291811851074297e-04
3.478433478688252190e-03
1.135315180986383265e-04
3.435165544963627074e-04
7.777047140441349291e-05
7.250024495642361477e-06
1.788224310265060756e-03
8.594544732864738482e-03
1.419041753035347249e-04
1.954318107202331132e-04
9.589517625239053333e-05
7.986077756178983845e-06
3.202849915903697737e-03
1.265755455919231366e-02
6.066349487328328476e-04
3.777952165801406244e-03
9.254887849416893917e-06
1.120148946008041633e-04
6.735646511819832691e-03
1.498013964243668367e-02
3.532525808260693519e-03
3.871724761480105532e-03
3.014300347948857759e-05
1.286333958989164736e-04
1.897754262691265723e-02
1.511861777446362777e-02
6.500982276191871224e-03
2.388120149525826269e-03
7.351142995987086984e-05
1.339451835889094616e-04
2.960608740373017397e-02
1.899134825755689066e-02
1.459500989818503583e-02
8.921958785174282161e-04
1.198482329462584962e-04
1.145753408382228593e-04
2.498390043133903726e-02
5.179613658888550243e-02
2.733374268383126013e-02
5.048473264204532754e-04
1.287400161119037938e-04
7.002903478624070437e-05
1.496441437545334256e-02
2.889927394742950253e-02
3.634805967953345235e-02
3.960793400314782621e-04
7.794963965633680460e-05
2.038798097663424038e-05
3.669288823963914609e-03
3.138163838419186745e-03
3.114419326384480768e-02
3.007988923661356452e-04
2.689472694115245701e-06
1.613094052318815623e-05
2.935273302065221431e-04
1.395640860690280840e-03
8.843140945596241267e-03
1.452145201723985181e-04
-2.504498422008065494e-09
8.349385628696735645e-07
2.669036001406958490e-04
1.359378856442873930e-03
8.833497456342468204e-03
1.395147473403063451e-04
-1.394716534473075165e-08
8.946589239971374057e-07
3.010272840780306197e-04
1.448227028828666212e-02
7.856075747948533528e-03
2.933218476944761703e-04
1.284291032815661605e-05
4.611515313176706936e-06
6.257364930426288871e-05
8.941494631139771873e-03
3.160186372292358124e-03
7.796462367232991075e-04
3.554924322194815434e-06
-4.841953201186139237e-06
-3.146538953288947950e-06
5.333069868529028389e-03
2.097162777119245761e-03
2.375892334927434853e-03
-2.143594076874596890e-06
7.644022770234412566e-07
-1.117907757219183496e-05
1.208325018786939346e-03
1.040339310310345712e-03
3.497860062611117017e-03
8.571378879807378190e-06
2.354505636306810345e-06
-3.936345793577431147e-06
4.828379275390167288e-05
2.175588120494838826e-04
3.588316243160214001e-04
2.544067272125573263e-05
2.498262340524975824e-06
1.279791604245295920e-06
2.020877065639351076e-03
2.057966824672349392e-05
4.239879097042906344e-05
1.886518129133274188e-05
-9.386725314722640370e-08
7.030673399300027754e-05
5.826342126012944850e-03
2.083603683857944346e-04
2.368708679036270540e-03
-4.240794944958120041e-06
3.714177896799717750e-05
2.582045242341257782e-04
1.000383821427729136e-02
2.682935266891704924e-03
3.802348449158143070e-03
-2.532174729159017093e-06
4.417166145403304725e-05
9.388449824126456848e-04
1.387793874678387197e-02
3.484110264755722018e-03
2.419544239108899382e-03
1.770082149329484702e-05
4.192068020208440763e-05
2.164573166780570188e-03
1.516523675018655558e-02
9.250465382773222223e-03
7.741349382768526960e-04
3.835783191025589171e-05
3.406965015502294000e-05
6.120786318257216826e-04
3.088907906583064286e-02
2.165529542298343102e-02
3.853098715847951884e-04
5.353503999809975712e-05
1.179150276470254518e-05
3.694342314289357759e-03
3.167072299513968257e-03
3.100859018218076260e-02
3.007397279342074949e-04
2.654925970643663047e-06
1.639159955116923598e-05
1.120239964350848785e-02
6.606566258107366557e-03
1.823644614631510924e-02
1.581905032097088212e-04
2.165761871737234212e-05
1.313264782729583834e-05
-1.226491446980563854e-17
-2.433289369572807522e-16
-6.190963918380948443e-17
7.113817639559254526e-18
-2.783460031959955528e-18
-2.509647244112039427e-18
3.513638218681915809e-03
3.047475656070108407e-03
3.021284306786173671e-02
2.959906191416252202e-04
2.324520967718340981e-06
1.526708004340226319e-05
6.018950382898955289e-04
3.083690934759900429e-02
2.149655714788484620e-02
3.878677210884603371e-04
5.469229873606826946e-05
1.022767163517325556e-05
2.028184840020899344e-03
1.525334430027511061e-02
9.050789688444924388e-03
7.851302184231241914e-04
3.793942948669467300e-05
3.364770496821568505e-05
9.608318752548656444e-04
1.381429545568510671e-02
3.505378479456305353e-03
2.398851360849555119e-03
1.752688767369499088e-05
4.320588677196073648e-05
2.547596161517627677e-04
1.026724974000503901e-02
2.680892861937632203e-03
3.809354767914407015e-03
-2.471233000528288954e-06
4.485502576150863878e-05
6.469383561455708035e-05
5.704248522521439616e-03
1.689595453402983568e-04
2.416284450283149188e-03
-3.973036997646568378e-06
3.630887774322683460e-05
1.304050802471952972e-06
2.017538558645605180e-03
1.512205206936223460e-05
4.799033436141009342e-05
1.900852037815071787e-05
-1.048055907058274998e-07
-4.108503691832865129e-06
4.811737735553385140e-05
2.142428699078040072e-04
5.064791643633333824e-04
2.536381148828396304e-05
1.941271447344948900e-06
-1.189563038334371737e-05
1.171234421496066078e-03
1.066291576886253855e-03
3.509209207312065197e-03
6.563894549866347396e-06
2.295165973253900013e-06
-3.016976032429170378e-06
5.325579754798623333e-03
2.072414215094743953e-03
2.419718527728264689e-03
-1.941753092128684924e-06
7.204475744742682627e-07
5.893993768465109593e-05
8.940392694649215016e-03
3.166352587453030547e-03
7.729700699787037067e-04
3.424050950675692281e-06
-5.238846840150811895e-06
2.727242351007710583e-04
1.463513896172852213e-02
7.938031687402908806e-03
2.889714357839824762e-04
1.288646082857947555e-05
4.361909000004995952e-06
2.883151131567941359e-04
1.417810312691824290e-03
8.904895189565675134e-03
1.452825851759662729e-04
-3.084798044414170646e-09
8.051011235792109498e-07
3.648067568666205077e-17
-1.436622871701522671e-16
-8.582147618306666845e-17
4.773002766970575674e-18
-1.009945502402343237e-18
2.572505197920630744e-18
1.151661850166566838e-02
6.564243765431415287e-03
1.810239456299973446e-02
1.528511039027841264e-04
2.235222958899915776e-05
1.319084178091073102e-05
5.160814828305778507e-02
1.044444569583287685e-01
1.124361217859299322e-01
2.482886867299561500e-04
6.135089418015532165e-05
1.793122784744137897e-05
6.668557853717917150e-02
7.623814404137879697e-02
7.335616330855730671e-02
3.680220914162912792e-04
1.573882089225533889e-04
4.553790598637035854e-05
4.599429337945312030e-02
4.861671257387974177e-02
4.043965651345986928e-02
4.706465333360888002e-04
1.741732489816823182e-04
8.448630381148240461e-05
2.887537000038535584e-02
1.888596121490519059e-02
1.477514916568152883e-02
9.025544320339703042e-04
1.188609451021722198e-04
1.134420621931775310e-04
1.377479182691846230e-02
1.458425601626383954e-02
5.909506190662100825e-03
2.544278460034280279e-03
7.557659105292503711e-05
1.043115611644611292e-04
4.289128382323660268e-03
1.192066502553209423e-02
1.675802653777130847e-03
3.713513865809388911e-03
3.507566927865326232e-05
8.239436186678233195e-05
2.058357808285784032e-03
9.455133876525839004e-03
2.534675801706083912e-04
2.564446361752482093e-04
1.725166347150402916e-05
7.525246726739371348e-05
1.066465834453086004e-03
6.527788674025692545e-03
1.185034005871653815e-04
1.106720821949541513e-05
6.324797109069521485e-05
6.588330184335977630e-06
5.451209147080381123e-04
3.333271779635530677e-03
3.383615404381549703e-04
1.409888431476852494e-03
4.028203289792106628e-05
2.261630230622096410e-06
2.174945558847988462e-04
6.741651240693570090e-04
2.315993371924230260e-03
2.536229650332432958e-03
1.766489089173281410e-05
-1.282945426474186793e-07
1.970866370052045422e-05
3.527760649762182908e-06
3.445521122077295755e-03
1.286536902789096751e-03
6.577226365446517789e-06
6.028767893482537397e-07
8.766364991032364151e-05
1.194320303442175917e-03
7.846841344178446392e-03
3.385954239603390778e-04
1.781822975172738654e-06
-8.020560958535975512e-08
2.894669039803483097e-04
1.393740354449818971e-03
8.638237874141028658e-03
1.450156499710964419e-04
-7.292750390199672662e-09
7.027290917209682179e-07
4.843667613344679211e-17
4.293701106806443311e-18
3.952459473255013085e-17
5.285909702570986230e-20
-3.607754654004931151e-18
1.481543273912631774e-17
2.750555469526921697e-03
7.349670229135739016e-03
7.914223659250109455e-02
1.250728127958943621e-04
2.698193378023826369e-06
2.464537914251075357e-06
6.655743397009372675e-02
7.617792395795384974e-02
7.320579311965037805e-02
3.678830366659312516e-04
1.573703432490145449e-04
4.550456323346415078e-05
1.273648862314119556e-01
7.362842583100652483e-02
7.388886960534638004e-02
4.771586505318206194e-04
2.964793481415656977e-04
1.038004714073877778e-04
9.394468515811836562e-02
5.950507255874848411e-02
5.463377614697270679e-02
5.203010620671017069e-04
3.068198734346253573e-04
1.772542870842510189e-04
6.758198734110944239e-02
1.749239630709289658e-02
2.591951612777728883e-02
8.784286211417635659e-04
2.187698420548323886e-04
2.594811070878910090e-04
3.185244982083097059e-02
1.523256073854750356e-02
9.168846194017138754e-03
2.369929219159073053e-03
1.585549003628428078e-04
2.431512044409977038e-04
1.344124277450583702e-02
1.682807633892623861e-02
3.050406054405174240e-03
3.553240541971717549e-03
1.044689104202072439e-04
1.923118714529382088e-04
7.700493486411522266e-03
1.787159212599849153e-02
3.617943825224725993e-04
2.262787453761055251e-03
1.107542991626542884e-04
1.164978896857112717e-04
5.091050029184652700e-03
1.643197435959366931e-02
1.897960704765781149e-08
1.121652743375099650e-04
1.156112922391020192e-04
4.150900587060394177e-05
3.080232075945514656e-03
1.124621580160939729e-02
1.980710951713207158e-04
-2.205772004653336088e-04
7.353826023371193917e-05
2.892068830480530034e-05
1.535767301926035337e-03
5.627805802445195842e-03
1.065282973563685476e-03
1.427772438701058232e-03
5.197998976071910776e-05
1.419255990288021111e-05
3.808100700239663698e-04
1.931644989065164995e-03
1.650023581251467341e-03
9.213405287782157511e-04
3.979847430672220820e-05
5.412439531050348390e-08
1.582289671885350757e-05
4.213128231230462524e-04
1.017799502471022910e-03
2.000197911533545909e-04
2.415419355264869364e-05
-1.788055560254549255e-07
-2.001324607307880991e-18
-4.900709093681931192e-17
-4.343690080147282776e-19
-1.397107819297147963e-18
-1.302929807352283543e-18
2.817657288144529473e-18
2.790972672162535338e-04
1.345287164937121818e-03
8.568912880254350023e-03
1.422459212551872528e-04
-8.008829827599921193e-09
4.268779304855168801e-07
-2.831377095226453045e-05
4.062521607395327972e-02
4.406790107917764321e-02
2.497839375859697494e-04
5.951486954664361912e-05
1.031209521468712977e-06
4.598124486894895890e-02
4.859847080037983658e-02
4.028159013028248525e-02
4.700167689339374857e-04
1.743163929361009638e-04
8.549094560678746244e-05
9.411266792588317276e-02
5.952663689910418776e-02
5.452544503729155750e-02
5.195729512217364069e-04
3.069962639174253754e-04
1.783836353023572738e-04
3.993617485742073647e-02
7.869921056894146894e-02
4.852123859395220812e-02
5.922710417393126439e-04
3.867151273122643412e-04
2.525226067063829740e-04
3.509172606684289597e-02
1.938575771221125871e-02
2.978165728273424184e-02
9.461333616970369481e-04
3.127071456780626708e-04
3.790908013646338893e-04
2.143018285273962098e-02
1.005741200444063357e-02
1.272268749998057419e-02
2.180046808610020242e-03
2.180505999867128608e-04
3.672402667050299286e-04
1.551595162146267130e-02
9.602542245314354269e-03
4.211350922482932045e-03
3.456495011982388139e-03
1.532073934416922426e-04
2.916647493089037885e-04
1.034768950245512457e-02
1.416154087031037956e-02
7.626151040490392573e-04
3.539689843196378114e-03
1.392629546469027031e-04
1.468248360844335275e-04
6.958576237583009860e-03
1.632834630646836510e-02
2.003383763269521973e-05
9.384662948586435741e-04
1.174581982762856617e-04
6.032612886079165738e-05
4.315938207169607056e-03
1.303124943352367178e-02
-3.967997656493025107e-05
-5.892414070833192888e-05
5.936777099109045855e-05
3.543640007309789818e-05
2.029853623879981830e-03
6.198770687630033790e-03
3.798434383422158661e-04
1.841813274372044703e-04
2.429137750683646154e-05
2.675975045097287795e-05
4.317582765118047950e-04
1.209753355263035396e-03
3.018063250045540345e-04
1.793671490846183677e-04
1.438285785869195920e-05
2.964442595182693973e-06
2.228424434214504198e-17
-2.289262647194017790e-18
-3.508541443975643659e-19
-6.265739530208086070e-18
7.854034650966164052e-19
-1.028243767919070667e-18
1.858569574939705212e-05
4.164685080560709797e-04
1.035942420608871933e-03
2.002365231546511493e-04
2.467875138580778407e-05
-1.800862537972717799e-07
8.050499545558252080e-05
1.172758115444180130e-03
7.803233657913397070e-03
3.375968786475453038e-04
1.816998538535105780e-06
-5.858090806992467817e-08
6.071037304783354852e-04
3.093459620953941877e-02
2.126445277896793842e-02
3.883537928005101640e-04
5.485511894373254455e-05
1.068890224198183849e-05
2.895824511235037604e-02
1.888913085275778156e-02
1.470661464837489871e-02
8.992403826896808779e-04
1.184943880825427938e-04
1.144570176795899345e-04
6.761321716608816035e-02
1.746904267510396291e-02
2.584837203659709481e-02
8.734369640439935099e-04
2.189767629969182087e-04
2.634208761505572654e-04
3.514654851721280698e-02
1.935340641022124247e-02
2.973596037331202938e-02
9.416477085117894857e-04
3.129150352055801317e-04
3.799846756470168902e-04
1.013398958540736444e-02
2.194668032160923543e-02
2.038090262435332534e-02
1.245637648655378068e-03
3.626670665001142284e-04
4.271236533346798778e-04
8.842766637066207247e-03
9.627084865215133208e-03
9.721497980576518372e-03
1.996407520886102436e-03
2.994278029542978914e-04
4.508026276532126455e-04
1.055452359454481584e-02
3.601779389874852286e-03
3.649749995132091189e-03
3.208375303309413031e-03
1.819376867443037204e-04
3.022654289016171508e-04
7.945770695334725131e-03
3.722459111703502795e-03
1.378172052932664102e-03
3.889072231560052745e-03
1.194307227960527871e-04
1.518718774409921616e-04
5.038848420909711884e-03
5.995196394276766129e-03
7.991527856466470450e-04
2.728001749146263116e-03
8.456732096328300216e-05
3.908285317489313651e-05
2.648077393536182357e-03
5.937523930048608546e-03
2.276256940959240369e-05
5.294253169634504210e-04
3.001168985695875637e-05
1.331404319931605386e-05
7.618242148441858744e-04
2.230525231934607500e-03
5.187016800396161643e-05
-2.110042409623473970e-06
2.217497795316328788e-06
1.196769260782810744e-05
1.119139479945614251e-17
-1.483037922956792611e-18
7.212334746375178095e-19
1.605658654711208230e-17
5.195979894303088091e-19
-1.558435915739075683e-19
4.216545450317484510e-04
1.215818698679635868e-03
3.050229947140613448e-04
1.872925788271018177e-04
1.430345931269165252e-05
2.688559412430018000e-06
3.681023079613264504e-04
1.926778954325652007e-03
1.624916384951339155e-03
8.982545313960400412e-04
4.056082491294795886e-05
3.811273768903595522e-08
2.222782226698790650e-05
3.862274301567025996e-06
3.463378671314722591e-03
1.296936556843524034e-03
7.165654918924970147e-06
6.673455850644443072e-07
2.921462204831683620e-04
1.234936117317288022e-02
6.640787722574624692e-03
1.066249264292057439e-03
2.738083689346008920e-05
2.393606777004346213e-05
1.377652981561867593e-02
1.457469930065343269e-02
5.906692988275274829e-03
2.543144538252310998e-03
7.540789030643285705e-05
1.041813646213490211e-04
3.191222100266051520e-02
1.523646001209694699e-02
9.159837394423305315e-03
2.369625637985394752e-03
1.580815372877552411e-04
2.425372521816077619e-04
2.144745012266708467e-02
1.006507135496473478e-02
1.274623424237597731e-02
2.174579337249626931e-03
2.176853952503737040e-04
3.665213444171327496e-04
8.842998377386989198e-03
9.616599445674622187e-03
9.719380602759990911e-03
1.989595081637515143e-03
2.994948897325797423e-04
4.512281308326600510e-04
3.196984831493852441e-03
7.677479235159832653e-03
5.807739447067711974e-03
2.249446532347339819e-03
3.822627049882693345e-04
3.394437593510965783e-04
2.707265234577816305e-03
3.027014206083254808e-03
4.567276380031707814e-03
2.971657206324264042e-03
2.229839226736958317e-04
2.573212099405004479e-04
4.419577627753410939e-03
2.837624217008262884e-04
2.807383173450406916e-03
3.835686700856974062e-03
6.107649429179614253e-05
1.313316752976573048e-04
2.609014393236325658e-03
3.999577351148746727e-04
2.699322355775143813e-03
4.134570469284981273e-03
3.570511948773280950e-05
1.938734914625619702e-05
7.511598895743926054e-04
6.097972083966900171e-04
4.420836952337588708e-04
8.792502718386909204e-04
9.753318927386461337e-06
1.459587509794228568e-06
9.767678316126640899e-20
1.894475950554480011e-18
1.690205824195208684e-17
3.827929942026163965e-18
2.629731715732510008e-20
-4.633624296582289461e-18
7.527936251661309676e-04
2.221370245035363383e-03
5.733922690912944011e-05
-9.421885914716086410e-07
2.172585585423996185e-06
1.219737992541729016e-05
2.056714143032756063e-03
6.206724059929432345e-03
3.894083570273911541e-04
1.657308974842923964e-04
2.459138686374339087e-05
2.711749623467660873e-05
1.533796590151332564e-03
5.634731379476343172e-03
1.068375670689501213e-03
1.440434960783972766e-03
5.205179391914182711e-05
1.506902818718083976e-05
2.172532555336187756e-04
7.043899151630004293e-04
2.295203467541455638e-03
2.551206551808672413e-03
1.859520382280665569e-05
-1.813261563821670535e-07
9.975097742218541012e-05
5.089835596666208647e-03
4.257514764252864556e-03
2.822134314577608334e-03
4.797798037721854621e-06
2.337055027002278999e-05
4.286765857480081404e-03
1.200375321557516084e-02
1.678515077756794491e-03
3.709701889445010409e-03
3.512856851094196982e-05
8.233562251231384967e-05
1.346845255889845237e-02
1.682771789656945655e-02
3.055103246528376258e-03
3.544605929474927298e-03
1.045903282958307600e-04
1.919296125345547604e-04
1.552519960563578973e-02
9.611373058717545895e-03
4.218056236799045192e-03
3.446285314742961615e-03
1.534152270330698688e-04
2.907566472786677096e-04
1.055225006042285509e-02
3.593607298389608993e-03
3.653610988067224671e-03
3.215630063016711344e-03
1.823756487772470146e-04
3.012102359050845813e-04
2.706618983349727212e-03
3.024786414730594279e-03
4.563080979372023324e-03
2.971879998010947942e-03
2.241246893921601362e-04
2.565209481445714177e-04
7.134060244518485115e-04
1.763334397696796367e-03
4.520158538724851002e-03
3.755793134352364629e-03
1.878705809338883446e-04
1.092260004674290477e-04
5.096198947325492274e-04
4.632361760068663160e-04
6.954850773014402757e-03
4.360472604387592710e-03
5.332261377447872631e-05
4.192454664478433647e-05
1.572963330265613174e-03
2.154658154373018542e-04
8.024036488617200535e-03
6.303407578378640574e-03
1.815065394120618373e-06
1.950916203971003507e-05
-1.923655950020824031e-18
1.943965839176473635e-18
8.160650821362834658e-17
3.069988482671098105e-17
-1.798773907615548985e-19
1.350114486941664858e-18
7.458484278405268057e-04
6.088831648377149340e-04
4.495958917614150448e-04
8.693453274793242489e-04
8.787914020470324148e-06
1.486168716752845505e-06
2.644504789465589034e-03
5.990360018416466398e-03
2.415398354989241003e-05
5.665872922402038396e-04
3.132328781112718322e-05
1.280373803140462712e-05
4.295044195757638864e-03
1.299827786822086231e-02
-3.045517539374064414e-05
-5.417516620535325450e-05
5.830661642202168292e-05
3.710490818095635768e-05
3.094364361658278467e-03
1.124955136163297877e-02
2.115011484691918357e-04
-2.582930072133050284e-04
7.464872978501225467e-05
2.776289597649697752e-05
5.347066499506984314e-04
3.401995845499730664e-03
2.969106338896358244e-04
1.379508589682996653e-03
4.207876595737078472e-05
2.429323157061471949e-06
3.127837234582595981e-05
1.499484268993345540e-03
7.213190557613921366e-04
3.277457836941584293e-03
2.015708614662104522e-07
1.622783011907642309e-05
2.054783279284300677e-03
9.476597278829868715e-03
2.538558413620127085e-04
2.519320224006313847e-04
1.729529374934081674e-05
7.529445739285860184e-05
7.708385491950075184e-03
1.787297121662372729e-02
3.623752009290224564e-04
2.256167284763310917e-03
1.108570252953721465e-04
1.166155375045145105e-04
1.034012762384174666e-02
1.417699769684738730e-02
7.622790020008392026e-04
3.534974814753578595e-03
1.398167502301192304e-04
1.466256390873560064e-04
7.937790567974650074e-03
3.720757091486199576e-03
1.387486973667073024e-03
3.882993285928607562e-03
1.201724404821589949e-04
1.512783832641476566e-04
4.421456829024951810e-03
2.823133143032980339e-04
2.808949390145765342e-03
3.798063783935524962e-03
6.197657368154838291e-05
1.304894127064493278e-04
5.106000750667631866e-04
4.636670947252251318e-04
6.961035512221198582e-03
4.341530627773951441e-03
5.353364667721376911e-05
4.183371182760507674e-05
5.284727673594653358e-05
1.371979869511507776e-04
1.133313706113513696e-02
7.773073175183862343e-03
1.067463063332868594e-05
6.399610411157891459e-06
-1.677078005568211023e-19
-4.228443644028203503e-18
2.095920125660238205e-17
-5.135340507402171113e-17
2.958789331873418035e-19
-1.038733826736019308e-18
1.613005166378705772e-03
2.109008223446628819e-04
8.089147281529788722e-03
6.338379398497748576e-03
1.712305682152792427e-06
1.871378248098998782e-05
2.577389785398320407e-03
4.070991868066518664e-04
2.744667016714677065e-03
4.099809912029040229e-03
3.524283523578841567e-05
2.178455737807884855e-05
5.034867409283876050e-03
6.010994653480511429e-03
7.835207292787681318e-04
2.664859203366187496e-03
8.381817509627221456e-05
3.850967959569253979e-05
6.954829790491845638e-03
1.634163834800748602e-02
3.642480647061017095e-05
9.915516084093040777e-04
1.189162609650341260e-04
6.101785542011753464e-05
5.143903012013294022e-03
1.657448434508609555e-02
1.876208232628144475e-08
1.251319904301345046e-04
1.161836910220053729e-04
4.125304374151778590e-05
1.079731380684622721e-03
6.587555122245994724e-03
1.089197339309174562e-04
2.429339982263488569e-05
6.495731669622536433e-05
6.980454142247975888e-06
3.402191568228548677e-06
1.322209300938335258e-04
2.551305641816633066e-04
-5.612679119324404282e-04
2.327023108069144451e-06
6.091037551121767077e-06
1.066455405632303361e-03
6.572333529973272380e-03
1.174965594310180858e-04
1.088417353108504944e-05
6.330926478356561080e-05
6.659425231941212715e-06
5.089199569397836152e-03
1.644586079996920164e-02
1.980208346722130664e-08
1.119283648485839649e-04
1.155186702269008078e-04
4.164777817705320081e-05
6.942410762645429001e-03
1.633029318073619951e-02
2.050294210776585521e-05
9.356416269256672726e-04
1.175951058257305179e-04
6.056025992043180604e-05
5.034447760047089555e-03
6.001326540820898017e-03
8.014364697005103540e-04
2.716122685370527326e-03
8.442174739368492906e-05
3.913349910035368996e-05
2.606795617905264140e-03
3.997065967690316499e-04
2.704517102259752347e-03
4.100950523030063612e-03
3.588620072166930845e-05
1.936796616801730826e-05
1.577059865615300371e-03
2.159834339312009983e-04
8.045711374931893353e-03
6.264741629063192048e-03
1.790088148574541405e-06
1.934551980439728127e-05
-8.823904848077305973e-20
-4.160524073014434102e-18
-4.292507463415317771e-18
4.093893760919098303e-17
-6.417530144189263577e-21
-2.842238467784576800e-18
5.614429161733356922e-05
1.460820436784878980e-04
1.178263072571450291e-02
7.536532834879295338e-03
9.229772633105864994e-06
6.499978235806729800e-06
5.352033174632106049e-04
4.576184479534268156e-04
6.986398641334387941e-03
4.619058542829419974e-03
5.315141772863876853e-05
4.181637811300743069e-05
4.384387402722537616e-03
2.743918084918381710e-04
2.709714874356896133e-03
4.035517358066548384e-03
6.376760440531374923e-05
1.374717026810340858e-04
7.946161626125859689e-03
3.738925870726526619e-03
1.344022640635007555e-03
3.999330187580548042e-03
1.217162994319183860e-04
1.510767384018811045e-04
1.044448190439971683e-02
1.416958882981560197e-02
7.795595491726234815e-04
3.629055504696893173e-03
1.393404559560758782e-04
1.472154620644158015e-04
7.854674477140917779e-03
1.821493780609927809e-02
3.837578503705524899e-04
2.227536612107142329e-03
1.103632096496417499e-04
1.219879019973587583e-04
2.084555004096610292e-03
9.649715530550447007e-03
2.457586512966747957e-04
7.737104944338530081e-05
1.656414044394482015e-05
7.462488935436450825e-05
5.897784851547468618e-06
1.590756505387538921e-04
2.567280792391222208e-04
-6.326299446798045465e-04
1.948176404494482373e-06
6.773034256912937147e-06
5.457276627550091590e-04
3.389971387669075964e-03
3.367245550909388143e-04
1.413294486900096248e-03
4.016825067407689284e-05
2.283162834055168184e-06
3.075375616042368143e-03
1.126525056189923643e-02
1.964039035320773864e-04
-2.207646864727376521e-04
7.321395176215571938e-05
2.916667083866063072e-05
4.301498333120051462e-03
1.302957388755448739e-02
-4.173463333268372539e-05
-5.862562526377996294e-05
5.912479836145914820e-05
3.578067557699942584e-05
2.643692396087683923e-03
5.940558853459280975e-03
2.297140699365213940e-05
5.306016761204523880e-04
3.000181639530226192e-05
1.347912403561395943e-05
7.507224344345972368e-04
6.111141156503194574e-04
4.482016025242476311e-04
8.783806143637262363e-04
9.789167337710913703e-06
1.466388867904026416e-06
-9.731489531472589877e-19
1.556563990862297414e-18
-3.380234923935941448e-17
-4.519433732927916883e-18
-8.082929847741711506e-20
-8.518439026830492413e-19
1.618973523319320283e-03
2.112682843063561240e-04
8.094561048983510074e-03
6.309540601481629894e-03
1.690083390324012144e-06
1.865549687351156674e-05
5.359108865122672516e-04
4.582783997387861858e-04
6.991640521518240406e-03
4.605271284585713693e-03
5.340401972561478337e-05
4.172199926783564847e-05
7.391545832457139913e-04
1.737620933632631759e-03
4.471832155676779864e-03
3.668069823764814538e-03
1.959541427361343282e-04
1.131620427531519150e-04
2.664206129903483929e-03
2.959473952863370897e-03
4.453227469828979247e-03
3.038729454976187797e-03
2.318242017488915407e-04
2.590345184701591127e-04
1.052082604274475787e-02
3.597590325415671308e-03
3.543690149421208427e-03
3.280939259831083376e-03
1.814822375320582128e-04
3.001712178362342495e-04
1.567780662104149500e-02
9.816911415359041646e-03
4.260487569889980994e-03
3.511707612258828468e-03
1.518293542221571394e-04
2.891055044514913254e-04
1.351637684759779238e-02
1.646285790042157499e-02
3.050830598949976023e-03
3.572303586323203294e-03
1.048889957559191830e-04
1.922503729780676042e-04
4.298274187531814228e-03
1.216264437638114003e-02
1.706263757950701081e-03
3.706891842633426061e-03
3.491152687236460987e-05
8.270891357684448625e-05
3.124485711293978720e-05
1.571384878946170509e-03
7.525787878203282375e-04
3.295689752959076249e-03
3.308321271371115970e-07
1.594891232574884618e-05
2.195921461731808533e-04
6.921728749261997536e-04
2.315226307499044546e-03
2.537882973511969807e-03
1.735778823945721596e-05
-9.726075743206584698e-08
1.531974170269686771e-03
5.648455686834706439e-03
1.068250251997298001e-03
1.426419490581824680e-03
5.184987330561911562e-05
1.440923698259934160e-05
2.019795921742341752e-03
6.204841994020412858e-03
3.786120420497270491e-04
1.861593801765857735e-04
2.411649532543798139e-05
2.680241574978821210e-05
7.581283632657072856e-04
2.232225128015087254e-03
5.065274286238763386e-05
-2.825106634897639767e-06
2.181414772184641532e-06
1.226403977027201433e-05
1.610187165162522277e-20
3.215504127238416374e-18
-1.158775721827129386e-17
-7.360865087593436281e-18
8.346260057476038339e-20
1.940556770523931516e-20
7.439937130583488883e-04
6.104237805089745292e-04
4.552885981142000766e-04
8.710797579697071536e-04
8.818464554482033211e-06
1.471552052532142041e-06
2.576167244096961260e-03
4.073040667365805515e-04
2.749183212459943397e-03
4.059803141711676097e-03
3.527537168565679097e-05
2.173204061848279798e-05
4.385158821493678749e-03
2.727704917955495753e-04
2.706390364406752094e-03
3.999139749190435029e-03
6.475812431704380692e-05
1.368229682581386373e-04
2.664531211462593894e-03
2.957687517492265262e-03
4.444601601457520354e-03
3.023028514097786997e-03
2.325214550082012744e-04
2.582538242639358691e-04
3.210609876479090380e-03
7.645955747303972462e-03
5.829747843903894389e-03
2.277364472968546744e-03
3.789181725059020392e-04
3.370211469786443814e-04
8.807534308128618650e-03
9.680124059256230151e-03
9.772131725009869721e-03
2.045627886219592885e-03
2.938805962003532995e-04
4.477610168774532901e-04
2.140991290561287258e-02
1.015800389777637806e-02
1.286420117745266066e-02
2.176941758453001738e-03
2.175746368560517821e-04
3.638137727545387380e-04
3.190550287020185727e-02
1.530980186735806867e-02
9.288214487984371159e-03
2.373799359480233129e-03
1.579131804353566557e-04
2.408499176881742415e-04
1.359308561512572421e-02
1.451736800651865812e-02
5.921962217113113311e-03
2.610073429323699502e-03
7.550352097025589306e-05
1.046480216724248867e-04
9.767828934474504497e-05
5.103073842041576727e-03
4.172459171336823959e-03
2.877340351596113701e-03
4.593877726237043926e-06
2.281540803341077449e-05
2.024137702774080619e-05
3.279415763784566811e-06
3.463892722713796460e-03
1.286683943694647220e-03
6.469651223486843895e-06
5.890033149662004751e-07
3.773527708369379691e-04
1.938101852555705086e-03
1.666269412433575960e-03
9.235685428688327229e-04
3.970542634814220884e-05
1.045973101502793081e-07
4.282090864573039144e-04
1.211440285746246586e-03
3.048892263062264450e-04
1.805406808933411968e-04
1.436446336717422373e-05
3.096976799037087725e-06
2.231073549112355514e-18
4.062074976717508025e-19
-2.263797906095010551e-18
-1.606024090373990158e-17
7.371599759401058648e-18
-3.644211882452720753e-19
7.492810455253172104e-04
2.223193918868766276e-03
5.607919476709827890e-05
-9.005709591691214650e-07
2.134070694774056639e-06
1.233930513056246073e-05
2.641126715873260561e-03
5.993764960672679810e-03
2.424354673090016812e-05
5.682211150543568226e-04
3.133070538765738978e-05
1.287327600899805157e-05
5.029935303427297312e-03
6.018649043334393413e-03
7.882053132892249047e-04
2.655318258626163282e-03
8.372902029404430163e-05
3.850074058491984681e-05
7.939586008108604279e-03
3.738181061617916207e-03
1.346186602210366293e-03
3.988236271196311973e-03
1.223873907227011882e-04
1.504076152620614846e-04
1.051913274578260282e-02
3.591224636098708060e-03
3.544605052333317519e-03
3.282091112389826613e-03
1.818085515804744828e-04
2.989431666557657128e-04
8.815999194520640625e-03
9.672753270191057975e-03
9.769273938294478765e-03
2.037856083941166300e-03
2.939307647412990675e-04
4.476503160766037584e-04
1.023312052711713126e-02
2.175937855367544513e-02
2.043432108831639074e-02
1.182335857294718575e-03
3.623745910683801095e-04
4.289085301274732039e-04
3.497657152923276669e-02
1.952014326372928169e-02
2.985811316530583709e-02
9.298635383856923217e-04
3.173486176640969098e-04
3.809477068497258020e-04
6.852519433215842337e-02
1.744892291456989070e-02
2.602547425947837959e-02
8.792281301238340360e-04
2.184386867559689311e-04
2.579302812390723058e-04
2.962955874320994179e-02
1.893030543652338832e-02
1.494031569977711561e-02
9.082496065261024248e-04
1.164752948234898795e-04
1.139109948629534103e-04
3.021785076850800711e-04
1.241881308645814697e-02
6.737581976617867605e-03
1.061138666866577032e-03
2.737214190955172119e-05
2.438637429353149519e-05
8.737757620044857439e-05
1.187459500189799169e-03
7.839858385901045390e-03
3.391275834751398340e-04
1.760351022442199809e-06
-7.416260560134412923e-08
1.679540219559917308e-05
4.231451494551085961e-04
1.017158970314032676e-03
2.000368234320628854e-04
2.404233855243458238e-05
-1.668164725134178718e-07
6.747029179546675754e-18
1.039925181262523122e-18
4.510582246678386660e-18
7.997885282027273099e-18
-1.603085769773152566e-18
-1.013024430913797446e-18
4.181981344042644071e-04
1.220215480675745272e-03
3.080320732304156765e-04
1.868983174722685110e-04
1.425542904096600827e-05
2.691269794266860143e-06
2.045875107222909755e-03
6.211809848105018933e-03
3.860446405004499247e-04
1.655035103866766384e-04
2.451615752629089090e-05
2.724479341504160875e-05
4.281781704693695886e-03
1.300117383388625820e-02
-3.146454348092300100e-05
-5.391347412492304854e-05
5.801299150374988444e-05
3.744188680833527785e-05
6.942992559356364439e-03
1.634706730055587517e-02
3.728566580865719671e-05
9.932676267464597870e-04
1.187939355536167670e-04
6.123546668821267089e-05
1.043809170411828455e-02
1.418615070116928910e-02
7.782309923945369707e-04
3.618598144950677543e-03
1.399375415841721474e-04
1.469387413064006994e-04
1.567879045938944810e-02
9.826618657135938184e-03
4.267980349765099907e-03
3.504679227676684924e-03
1.521566195726498560e-04
2.881841520017314369e-04
2.141877527248963603e-02
1.015766318045096400e-02
1.290129783202271542e-02
2.170944089356812920e-03
2.170503260649495265e-04
3.624315925410295076e-04
3.502933531720314048e-02
1.950003997647966128e-02
2.987132283905253455e-02
9.251856588857051370e-04
3.173557182600683516e-04
3.820509662087041803e-04
4.007925393737507558e-02
7.871400997076588579e-02
4.956328009792163036e-02
5.921052428710687392e-04
3.872076031156940863e-04
2.608222962967300077e-04
9.376744027926650626e-02
5.917489201901161844e-02
5.501804435721310838e-02
5.077556157884658252e-04
3.065381354409610435e-04
1.842789045200693182e-04
4.584520262896144699e-02
4.899465182877639491e-02
4.111943792470715286e-02
4.649605473661753280e-04
1.741553273837034821e-04
8.763655110562523190e-05
5.766799885493700470e-04
3.099276178584563224e-02
2.153057546738878711e-02
3.879683281783960621e-04
5.605937572991871498e-05
1.245127255682496232e-05
2.950688415014858447e-04
1.373791349598906322e-03
8.640274002731566580e-03
1.450132956703723702e-04
-7.003015202598992177e-09
7.451361900877937577e-07
3.055372474173132184e-18
-7.383594207045013646e-17
1.205970023599629309e-17
-1.994020105653375415e-19
3.887277822138631739e-18
1.716492721926861230e-18
2.001654165465289578e-05
4.197444772671622584e-04
1.032878819107652243e-03
2.002979585765884908e-04
2.466513509730623811e-05
-1.639527226372931468e-07
3.623660579118892391e-04
1.935324013945236444e-03
1.631334117965467598e-03
8.997083949972499006e-04
4.040049841230157620e-05
6.334575620251500820e-08
1.524094399802748126e-03
5.652596269175917849e-03
1.073259405573861189e-03
1.444587468820519730e-03
5.188754779344233420e-05
1.519995881544028386e-05
3.085355179859837656e-03
1.127478478680546230e-02
2.067491065763989600e-04
-2.588395605390856539e-04
7.439414604261188871e-05
2.800893538639389729e-05
5.137373956448069816e-03
1.660799988703602278e-02
1.984938438325858376e-08
1.252054934867539613e-04
1.160466667048431951e-04
4.142404392829038940e-05
7.861471644922174776e-03
1.823139428441849369e-02
3.843287924792805729e-04
2.225931978490191653e-03
1.105719248630627983e-04
1.220757324834972229e-04
1.352791591940329281e-02
1.646974989378624868e-02
3.054457999168247711e-03
3.561264914239923966e-03
1.050519898221315607e-04
1.917962319890532843e-04
3.194103794040053373e-02
1.532783571879972433e-02
9.280238888544230930e-03
2.373618369405596472e-03
1.570200284379158788e-04
2.401837690728629170e-04
6.844287663434253655e-02
1.740784197424508420e-02
2.593945488523941023e-02
8.727974916151716661e-04
2.183669986834110908e-04
2.606028564632611750e-04
9.387444915438022952e-02
5.920126279235597699e-02
5.489725427118766904e-02
5.068969300365114066e-04
3.065166084516558710e-04
1.854821491375893195e-04
1.305423646342671329e-01
7.400432580532004256e-02
7.779914479382134262e-02
4.753840936404355485e-04
2.990607683293600139e-04
1.048557742724350104e-04
6.691060050767463907e-02
7.847521683050159846e-02
7.381763239527633358e-02
3.728255729553406382e-04
1.587629349392467447e-04
4.574010870017160464e-05
-2.283522156242982475e-05
4.109262353736232998e-02
4.362130525520721558e-02
2.490311366923909486e-04
5.921374521390575842e-05
1.223994285941486832e-06
3.179741355878301069e-17
4.618709956935961443e-17
7.974832458298214980e-17
5.493283760842364730e-20
3.469362263737123119e-19
-1.362171012435219147e-18
2.830937843109019724e-04
1.329779088394812204e-03
8.560709690235104863e-03
1.420805672414648675e-04
-7.885586122235733895e-09
4.322278126557026079e-07
8.002894880736225413e-05
1.165438744829528110e-03
7.809641464435458820e-03
3.369067222055109872e-04
1.814325061642298624e-06
-5.734736643381837434e-08
2.286677826084281947e-05
3.567895336729124044e-06
3.481747350266860535e-03
1.301850764759821455e-03
7.045066831714723184e-06
6.529411807780937971e-07
2.207128087281224715e-04
7.161098523997053286e-04
2.293394158572864723e-03
2.550268675738233664e-03
1.827549246344330238e-05
-1.608073607555120175e-07
5.389706069165194806e-04
3.432467406748825403e-03
2.948674293776652397e-04
1.386494668634825943e-03
4.191519186627232842e-05
2.475156283776746530e-06
1.086228736195404831e-03
6.597669268416476128e-03
1.080840847634085628e-04
2.356187588849860878e-05
6.503441562844253893e-05
7.033631529249833432e-06
2.090133014469722390e-03
9.633104094688729052e-03
2.462969010296413210e-04
7.630229296863279493e-05
1.662484820136300305e-05
7.463658163492531709e-05
4.306774014377580048e-03
1.219617162257321911e-02
1.708630043873244709e-03
3.698572119331424313e-03
3.495835570662308485e-05
8.277950577063884535e-05
1.362868414453550364e-02
1.447105954524325125e-02
5.918206138877986876e-03
2.609094433094898656e-03
7.534188932111137718e-05
1.046089769570848635e-04
2.982746078967230680e-02
1.894040520629173413e-02
1.486017185590233526e-02
9.027406713810495710e-04
1.159010829701547136e-04
1.148240948093066834e-04
4.591927600457913761e-02
4.896419124978955428e-02
4.100410976392051404e-02
4.640599949452995526e-04
1.741942883141960508e-04
8.911799636258803706e-05
6.699194008115376409e-02
7.842352383672687721e-02
7.366632910243957333e-02
3.728320988599722620e-04
1.586657427674071502e-04
4.591353042535928071e-05
5.238625091815915513e-02
1.077090888101050609e-01
1.116499075994586282e-01
2.446805154552280292e-04
6.212264042362255253e-05
1.840442595608864714e-05
2.787314541584886250e-03
7.303296302695830994e-03
7.753361085768759042e-02
1.257571486983163509e-04
2.987557463194177176e-06
2.780672097688714668e-06
2.742995429907781491e-03
7.374312907344219778e-03
7.933519420627622998e-02
1.250435311137429125e-04
2.699134411485697708e-06
2.454308743070169061e-06
-3.870695729965257191e-05
4.060352027653126028e-02
4.417868242495942566e-02
2.497950093440086156e-04
5.939488917847122372e-05
1.032435345523219293e-06
5.949213371865669621e-04
3.088349783195631221e-02
2.134662333259326056e-02
3.884227418733675634e-04
5.479025162286411466e-05
1.054014641300065794e-05
2.896318851075102259e-04
1.234854274954991227e-02
6.654980359719744887e-03
1.068732567516840785e-03
2.754828781266191177e-05
2.365148139866802367e-05
9.879465475834198955e-05
5.079403183870021335e-03
4.257705647859866098e-03
2.822656474026040852e-03
4.833550312577290164e-06
2.327788259049135035e-05
3.061233541984820504e-05
1.514457436852284034e-03
7.206399769424056854e-04
3.278948170675333521e-03
1.975380959434233964e-07
1.615418249472323959e-05
3.099309215853165242e-06
1.439862831168293512e-04
2.548992025031692897e-04
-5.638611899286832688e-04
2.341953774467388977e-06
6.077835355327070859e-06
6.032690723885670546e-06
1.460216902472082708e-04
2.571404870652258738e-04
-6.324735908280248921e-04
1.927513187738521515e-06
6.795859758218871139e-06
3.165351235057733211e-05
1.541457083399459631e-03
7.528045291097592998e-04
3.286796760747875534e-03
3.303613838019212851e-07
1.608554046591764513e-05
9.633953784357963729e-05
5.086419489061403364e-03
4.171727213024518238e-03
2.874610182961510191e-03
4.574788520886366282e-06
2.286698313883949119e-05
2.980776967805925872e-04
1.241609697997744614e-02
6.732360674924522254e-03
1.058379321299963548e-03
2.713476891608152365e-05
2.458378792082783432e-05
5.890895571041353902e-04
3.103358294617525326e-02
2.151624149237658934e-02
3.875372474730189379e-04
5.603810307990011942e-05
1.280779378906223980e-05
-5.923335064424925760e-06
4.109406984520070499e-02
4.366828305604494170e-02
2.490364082460636962e-04
5.926173015827134274e-05
1.230652433154437039e-06
2.803896807175968158e-03
7.277021567466722754e-03
7.696278567821812633e-02
1.257551252499465545e-04
2.979337733019680788e-06
2.787408861260565593e-06
-2.112401656958256147e-18
2.163466727811490235e-15
1.136250668034304121e-15
1.657575275400609952e-17
-8.733216282553423036e-18
5.619700601232891576e-20
2.168742489866818390e-01
4.410267585549388913e-01
6.937786897756055282e-01
5.781221174828980898e-05
2.411767874434722538e-05
7.431786032420168877e-06
1.498186378952422459e-01
2.617021149193187735e-01
3.976684947033277684e-01
1.880895182280565312e-04
1.197106773142203525e-04
2.963401856940927305e-05
6.652878281191197674e-02
7.625645160416213986e-02
7.340023361527790724e-02
3.701939871269366669e-04
1.600890578758574047e-04
4.586246312208477183e-05
2.475019986647846587e-02
5.130069859285479178e-02
2.798388076824297188e-02
5.002870635530192681e-04
1.277237342887818476e-04
6.797573980254496123e-05
1.302258509100132598e-02
2.268761239943974453e-02
8.885504819589318953e-03
1.582778133868351696e-03
8.910982183378637108e-05
6.148988751173149921e-05
4.250988197359191305e-03
1.014009932123210826e-02
3.470687364410152739e-03
3.057465461952399606e-03
4.901262541129769202e-05
3.822798691110100382e-05
1.549138008850732247e-03
5.655990878649886852e-03
1.437499961606843592e-04
1.789719734800121953e-03
1.731983319693379146e-05
2.293800353543870571e-05
5.644135408881011725e-04
3.879238115002396192e-03
3.615703378865380669e-05
-6.482552718949380485e-05
2.342404722495431888e-05
7.284434668866656219e-06
1.666758043590811850e-04
2.419391639460716052e-03
3.365978214426717532e-04
-1.637265792993134860e-04
1.738209127403536139e-05
1.433040720300454700e-07
8.993849880161971618e-07
9.815977056130194712e-04
1.784564779270135168e-03
2.815910644166196974e-03
6.761040953693991828e-06
1.729904505831346197e-06
2.363785951280930522e-04
2.636267136735735730e-05
6.083523317068605281e-03
1.835150490654180282e-03
6.898862984412771763e-07
1.312351138007335051e-05
1.438746510006187534e-03
1.124003332564530539e-03
1.237411719290767639e-02
5.416074458105260211e-04
6.792370191979130851e-07
2.062183920226998347e-05
3.498875092758273100e-03
3.137300279885127212e-03
3.006222020280344479e-02
2.915389175459156428e-04
2.887468603253506819e-06
1.627198764722464499e-05
2.748177303946077593e-03
7.172053083552460372e-03
7.948512666499628343e-02
1.168055400412845631e-04
2.333462618844368928e-06
2.019185997000285452e-06
-4.450030779907935801e-17
4.249743302799913284e-16
-2.211067476908351919e-16
-6.458362573989849727e-20
-1.007472199715496165e-17
5.808982747049886710e-18
1.483821732697592488e-01
2.616716721910841703e-01
3.966056825191611179e-01
1.881236023709790259e-04
1.196644995283267007e-04
2.962621880883303894e-05
3.276628227063618226e-01
2.657206600152508535e-01
3.939937331221890493e-01
3.296701751658398473e-04
2.550737901835752313e-04
9.842640079232616230e-05
1.673502284442213439e-01
1.053485259587701867e-01
1.421138416460009102e-01
4.439679306431805472e-04
3.299255325679094873e-04
1.486575852375419233e-04
9.336439795797822627e-02
5.950243094181179027e-02
5.470220062271892447e-02
5.160761027829949754e-04
3.063312301490321208e-04
1.818073602982484059e-04
4.854437474883675774e-02
3.030383293284000940e-02
1.552035684948505426e-02
1.182110109532970689e-03
2.386157774757652643e-04
1.922568360703887265e-04
1.618202835275707463e-02
2.540872192021279355e-02
5.414175871733653382e-03
2.814207093773864101e-03
1.668291835471013846e-04
1.556132787482362198e-04
6.255103971533009129e-03
2.467180855373046419e-02
6.394262060472210739e-04
3.180496729137351295e-03
1.191212108175402371e-04
1.116719002323495440e-04
3.370350409126656420e-03
2.343429497412996554e-02
9.396403731666490527e-05
-6.605392827318283186e-04
1.041984467987191782e-04
8.502100871235850998e-05
1.864445867066413841e-03
2.042107160652117601e-02
4.156020581413942018e-04
-6.272496723969268450e-04
8.483366606161167319e-05
3.960817241196327770e-05
7.862761670767103549e-04
1.554914224454379337e-02
9.480502202587797259e-04
1.871818469640972515e-03
6.472793909986142443e-05
1.417279499504399215e-05
3.587846298818651034e-05
1.005898070290212575e-02
3.747975300652947161e-03
1.646138626551886443e-03
5.365008656712535150e-05
1.021128896195524722e-07
7.105334805600388741e-04
7.210998216405553780e-03
3.809912600565437159e-03
5.815309305351235893e-04
4.250582443775569497e-05
2.922202469681294974e-06
1.946649688272396924e-03
4.197191739177948307e-03
6.507539886151490413e-03
1.537294886993698356e-04
3.349754277996765399e-05
4.331504862232183599e-06
-2.088773020090117058e-17
-3.164528585318906564e-17
7.120773976986739794e-18
1.926865174667899789e-18
4.086223430195654139e-19
-4.155985617921240698e-19
2.809488109121389618e-03
7.199982953628452850e-03
8.010557971429743684e-02
1.161860385871328535e-04
2.321202114400471406e-06
1.875652904645671977e-06
6.663557927607198506e-02
7.616874350192479048e-02
7.323253742500297758e-02
3.703076922347657693e-04
1.601051327790904428e-04
4.595855272503165386e-05
1.673187073983058160e-01
1.053508396030007621e-01
1.420196751752016429e-01
4.438384271414439614e-04
3.301934337459060554e-04
1.487195235703944339e-04
8.640312495232901902e-02
1.137411233119816623e-01
1.495039392425736580e-01
5.030506467735082346e-04
4.618374858114883039e-04
2.504086920763908030e-04
7.034105582555014169e-02
4.297825554877546944e-02
8.683247446793165847e-02
5.402404709035664573e-04
4.146009230949978955e-04
3.106912483532408426e-04
3.536409317265441776e-02
1.934740606086489401e-02
2.996092022795834170e-02
9.315404835850545030e-04
3.186614489441231190e-04
3.860302193328557399e-04
1.341055658962381041e-02
2.507114852306933581e-02
8.566285924914984751e-03
2.392978840132504829e-03
2.515894197356030788e-04
3.054437568234219893e-04
6.728477193789120236e-03
3.344176076313595813e-02
1.140814495704014922e-03
3.424640688154363850e-03
2.158092743933903810e-04
2.197438842296274520e-04
4.051647501873362547e-03
3.727087033404614252e-02
1.439802570016128220e-04
2.893621508349318236e-04
1.602676052731955394e-04
1.259666698933985176e-04
2.667464114122696135e-03
3.316745485603272287e-02
4.126167680319969632e-05
1.353049377194047475e-04
1.015509528965543890e-04
7.561565227686091516e-05
1.386168237202522070e-03
2.491977405638821919e-02
5.242168513154297008e-04
1.495928781105149250e-04
6.672056291744197370e-05
4.332870017001340119e-05
5.010372640341714465e-04
1.444743833781088338e-02
1.901729045151455064e-03
6.636874820742075286e-04
5.956198097741656814e-05
9.919720858175407115e-06
3.894040976092168931e-05
4.042485082567629992e-03
1.122888031762581769e-03
2.541241547531374913e-04
2.746648487813068950e-05
-3.157541129888036498e-08
5.453395134265436411e-18
-4.695433749122907391e-19
-3.685672401754800548e-18
9.698106779331314679e-19
1.300253747742596109e-18
1.887193201590021538e-19
1.922407534540864589e-03
4.242924454893930164e-03
6.330219777307103876e-03
1.545663145701610408e-04
3.439865344679074818e-05
3.711223739714900856e-06
3.563961637121397345e-03
3.137781338593669672e-03
2.942250988217165464e-02
2.923927470721906651e-04
2.577563914050813788e-06
1.621445848918489206e-05
2.481026824902503314e-02
5.128779630648371002e-02
2.792853843801653205e-02
4.996560581632355277e-04
1.273309490879102478e-04
6.899605553134552816e-05
9.352274677462600605e-02
5.953337020601846136e-02
5.460201447370532229e-02
5.153076183361469378e-04
3.062966053741449199e-04
1.825505492953695440e-04
7.047074154577785687e-02
4.297473499276511372e-02
8.679550045372634581e-02
5.399012514307085760e-04
4.148711551980321390e-04
3.119170074681059291e-04
2.732223365780578339e-02
2.967388512449671209e-02
7.031821731143832188e-02
5.253605628788669954e-04
4.325416456126951318e-04
3.928441199587700172e-04
1.512218847693443807e-02
1.049054595463454025e-02
3.102397763728072938e-02
8.468939339876612295e-04
3.469347863137891143e-04
4.890262285055036254e-04
8.779953938994750073e-03
9.653240394284291412e-03
9.570600775973759494e-03
2.029491547679583129e-03
2.943989253617806056e-04
4.432078983012394786e-04
5.127290838670125160e-03
1.450933986504655479e-02
2.446127617459962697e-03
3.233534128062860811e-03
2.645164344578468819e-04
2.461557897857811713e-04
3.057633691763506859e-03
2.251172442261730952e-02
2.804776977983288355e-04
3.037510367381891611e-03
1.712874232181648337e-04
1.022797708782195898e-04
1.894309432292951272e-03
2.634440643987796468e-02
6.124769278190037372e-05
1.318515380069983436e-03
9.082333707825640111e-05
4.159285164278717995e-05
1.027688710934276852e-03
2.102210250526163199e-02
1.159542510661236013e-04
-5.621972176432547618e-05
3.355291288938771989e-05
2.806283730896838257e-05
2.681061687810281052e-04
7.456285129189292073e-03
4.322857767499117040e-04
3.736956842961021289e-05
1.168198822297680006e-05
8.180088351320340690e-06
6.065939126276939877e-18
7.375713199015908385e-19
-3.425113578746210937e-18
-1.357146895213149684e-18
1.765043027535667573e-18
5.800784820904541782e-19
3.907732840945624440e-05
4.014049021831554362e-03
1.077790256249416562e-03
2.485473373246243462e-04
2.766698177770728420e-05
4.678317111950860084e-08
6.849329711573966554e-04
7.329747715976183027e-03
3.749226528122224806e-03
5.865790792602609480e-04
4.173079396388364734e-05
2.679351493476153890e-06
1.426979401066909812e-03
1.130771051339551567e-03
1.235627754911106622e-02
5.389866086460193056e-04
8.928416127482053954e-07
2.065763734681890548e-05
1.297700390717705481e-02
2.319205093761184111e-02
8.881754113080347554e-03
1.582899973816953533e-03
8.900660763520405608e-05
6.162165131405295492e-05
4.879896041011348717e-02
3.035474289858449207e-02
1.550018784564435870e-02
1.177986935927853671e-03
2.383194721363855089e-04
1.924438074105945333e-04
3.541514782778158038e-02
1.932670048499875518e-02
2.993705584725154384e-02
9.267441401078366442e-04
3.189020226505630967e-04
3.870584126965821150e-04
1.516223896295609830e-02
1.049007320484101995e-02
3.101125292325654717e-02
8.451229933751703335e-04
3.471852438365974152e-04
4.898964418681111925e-04
6.220285934723708901e-03
7.819057637951798076e-03
1.672707748983518969e-02
9.562144096936479746e-04
3.753547777092806534e-04
4.659428553237560545e-04
4.913587290022731167e-03
3.170408301436982573e-03
8.298144642283610331e-03
1.896782211395442452e-03
2.946237135309180948e-04
5.168407476257644295e-04
2.661573757396450655e-03
2.970980279365658012e-03
4.535799423930501027e-03
2.990449926191193243e-03
2.298893673613190659e-04
2.515246562922520291e-04
1.487971221630622750e-03
4.664768881624010467e-03
2.252143269926536705e-03
3.981341610235589711e-03
1.308228034346913373e-04
5.936090022675948453e-05
8.221553279245862262e-04
7.321593200267578067e-03
8.750790733271922609e-04
2.773029320904223972e-03
5.716749005633884852e-05
1.164093868589576894e-05
2.754758270212561799e-04
4.782246464270267609e-03
-4.685959755872525932e-05
1.709577766566617901e-04
1.152492118260266939e-05
2.368103088320213197e-06
1.642383596528605275e-18
-1.309513052991718071e-18
2.473457928366854244e-18
-6.604143655265714684e-18
7.118615757973514467e-20
-1.984302276006047711e-18
2.671824469160238055e-04
7.412914166090404065e-03
4.332368187150841552e-04
3.026810071137080442e-05
1.192823399440079212e-05
8.352388084644028201e-06
5.005616008616743879e-04
1.442981349570759096e-02
1.883493733464600443e-03
6.709408664393564292e-04
6.003462114144515798e-05
1.042795636931211339e-05
4.087315084413548148e-05
1.007527478515434123e-02
3.749324233930767612e-03
1.655264065889860015e-03
5.308850787970116234e-05
8.189296390554258415e-08
2.663236499990891712e-04
1.809452148764042028e-05
6.180393015982285979e-03
1.806663252333041416e-03
6.204617469120003405e-07
1.191951112951550341e-05
4.263896366640586473e-03
1.021235596368500094e-02
3.472738347617345886e-03
3.053217546303645981e-03
4.871645084755961549e-05
3.827455775343511216e-05
1.630485787355235444e-02
2.545320637604362585e-02
5.413648005917376035e-03
2.811307388330744599e-03
1.664798339045734624e-04
1.554910579152557948e-04
1.343148646967815690e-02
2.506704760933111883e-02
8.570267529325792735e-03
2.395187395042441911e-03
2.515590084544314857e-04
3.049956933310635308e-04
8.785754878923008812e-03
9.645217887134842349e-03
9.566360432974386693e-03
2.024613785475025927e-03
2.947239745839883712e-04
4.429969775544983124e-04
4.921283045119878574e-03
3.166923352299182322e-03
8.286113304545761338e-03
1.892417495874134910e-03
2.958379128062908064e-04
5.211182474464150227e-04
1.533571998629440275e-03
1.878035714743794002e-03
7.054101732262695046e-03
2.140230127706106451e-03
3.436211637995428402e-04
3.686010153474491451e-04
1.189446214494748822e-03
4.906657136525203718e-04
6.036250564360924262e-03
2.874960724003995400e-03
1.565671570075924271e-04
2.379083441972502098e-04
5.259961452217686755e-04
4.588933337794660200e-04
6.971944710920116063e-03
4.433702904604979768e-03
5.645093711403947423e-05
4.294433672238416144e-05
1.540927554211449235e-04
4.402166414051689419e-04
3.942869393977157209e-03
3.915795393094133325e-03
1.429084647900925910e-05
6.508993263436457951e-07
-9.441741115036442315e-19
3.987101791114297226e-19
-1.111954427695453319e-17
-1.556587764494052250e-17
-1.059985923800936816e-20
1.169926312327838611e-18
2.784384667993657016e-04
4.805271438235446911e-03
-4.546241381409297014e-05
1.766743596288479240e-04
1.196817596513020250e-05
2.392486156339312647e-06
1.015648828106705242e-03
2.098207074249640661e-02
1.451124712365887341e-04
-5.579746091721809683e-05
3.380563865213086699e-05
2.731667013611778142e-05
1.388957655365540824e-03
2.480325373810029349e-02
4.866994801230898823e-04
1.524575685777835091e-04
6.719991687178662851e-05
4.434619593009794342e-05
8.065412274454029267e-04
1.569249183353167015e-02
9.277157008045570355e-04
1.859222977247470231e-03
6.529347687671018506e-05
1.433411759253430921e-05
1.098273849324234749e-07
9.637974974305355252e-04
1.781896286379524089e-03
2.859592069560164262e-03
7.198743084742687180e-06
1.848513951394495920e-06
1.568979120286041404e-03
5.661627331557427152e-03
1.460988003335984896e-04
1.788367449471651429e-03
1.728008357781674981e-05
2.295357452108243000e-05
6.290526206998607768e-03
2.466387378907185929e-02
6.413351303617756665e-04
3.181394413071631302e-03
1.189016353234331638e-04
1.116483562085305664e-04
6.723788244978544035e-03
3.342911838620215431e-02
1.144920355779298609e-03
3.416265444597744831e-03
2.160299313205840080e-04
2.192773684974092712e-04
5.120956315758273987e-03
1.450178732032304969e-02
2.446851988142314388e-03
3.227682133734065869e-03
2.650522034634013964e-04
2.454988556412533523e-04
2.661735574072929961e-03
2.969410376101571779e-03
4.530017708654470940e-03
2.988780884634248142e-03
2.304696061569674122e-04
2.505348488431868859e-04
1.193690038207491063e-03
4.870747395244673719e-04
6.030977129444014401e-03
2.870918308849030199e-03
1.584686584479810768e-04
2.374589007239919359e-04
2.342518462850864058e-04
2.824257184633778149e-04
1.107006279554942352e-02
5.600743131531181820e-03
7.271897497528258703e-05
6.576062945777760231e-05
2.171596120034773004e-04
-6.148103906591649003e-08
1.553740172892000004e-02
8.834033750740519914e-03
4.923149576442643939e-06
3.019086530703830675e-05
-8.711154179207883816e-19
5.290197022013465061e-19
-4.125532662675065092e-17
-1.819817550334105573e-16
-1.634458428557067244e-19
-1.455761807285869626e-18
1.571103999482821394e-04
4.409226005049654193e-04
3.985282595755933015e-03
3.873676172182873804e-03
1.561783410226739139e-05
1.325775185689447610e-07
8.137616882522209251e-04
7.358733477395342990e-03
8.740142560141097574e-04
2.764474038429003307e-03
5.709792544675248744e-05
1.189149451436923923e-05
1.912768454485942390e-03
2.631966776671333663e-02
6.125387100254500923e-05
1.307839394807461773e-03
9.265924437347247537e-05
4.225969795174071031e-05
2.702504749454954797e-03
3.331883038065758945e-02
3.725757595336720573e-05
1.302128082741807328e-04
1.031950585976941921e-04
7.784025013570639159e-05
1.883267766518723595e-03
2.035170996772790730e-02
4.002809198266176881e-04
-6.172146537105988257e-04
8.553670051054346819e-05
3.944682546069074210e-05
1.562973201448420444e-04
2.346256737155732412e-03
3.333887602190998569e-04
-8.405686122667620631e-05
1.693600327369259475e-05
1.725859734494387150e-07
5.750262308361448697e-04
3.893670145746231173e-03
3.619079072085941255e-05
-6.460176240046823764e-05
2.342992186521035378e-05
7.292140562785738674e-06
3.380899329535517507e-03
2.337986587177514133e-02
9.339957767732073792e-05
-6.615920042395642296e-04
1.041575885470076102e-04
8.508738302525366531e-05
4.032968395452914828e-03
3.727675083971274117e-02
1.441475187434099767e-04
2.806650668368551528e-04
1.602852238335010515e-04
1.261422858061432778e-04
3.049875285498193297e-03
2.252874616468959063e-02
2.806288174083167576e-04
3.037666029778866069e-03
1.718243608426560755e-04
1.023154672807650111e-04
1.487016627320728208e-03
4.668059840691371129e-03
2.253415965801387581e-03
3.988825420822201401e-03
1.311344233577229376e-04
5.914608027283739441e-05
5.269114305862614405e-04
4.594499926484572048e-04
6.975423528476526122e-03
4.422246882182589468e-03
5.630471105706408779e-05
4.280259460705142292e-05
2.188052359400616536e-04
-3.576797709415613181e-07
1.556594750325274688e-02
8.802299140312766154e-03
4.863226609394188533e-06
3.017374093511585080e-05
2.881436634571177301e-19
-2.476883704816592010e-18
-3.134641860852359402e-17
3.641573212858076158e-17
-1.395542057124874823e-22
-2.088823435205914322e-18
2.229957087166065349e-04
2.471886343012693434e-07
1.555791397021233542e-02
9.073151094315667908e-03
4.628658633212130522e-06
2.964220408393057350e-05
5.161030717258175207e-04
4.766629036729005996e-04
6.973826287660126431e-03
4.681896540193408729e-03
5.407453121711890186e-05
4.283492920826784930e-05
1.489531923719742508e-03
4.662612876525392205e-03
2.251662335195332623e-03
4.140719902343523856e-03
1.327516183505727209e-04
6.016194492657183919e-05
3.067602487972619345e-03
2.236208466201287590e-02
2.743065773420590744e-04
3.028284853745493582e-03
1.716794481624581473e-04
1.013265071700260132e-04
4.129325250817578175e-03
3.750842317409214949e-02
1.732218230868917892e-04
3.126471658578757634e-04
1.585748043277599979e-04
1.269995584035773736e-04
3.307610777193235874e-03
2.329841812717844268e-02
9.989977486109668668e-05
-7.269628465201111124e-04
1.071136345392742630e-04
8.676206644235685903e-05
5.302358567116699159e-04
3.866685132877018764e-03
3.595709300751026425e-05
-7.038085277182167757e-05
2.341801554821885229e-05
7.190004829536269505e-06
1.739799317590406600e-04
2.430129081234411615e-03
3.363216118833051399e-04
-1.659528191906971826e-04
1.735199529980528443e-05
1.446139614398379163e-07
1.866434786365292042e-03
2.034239398876362334e-02
4.129007969134282667e-04
-6.276504690123720131e-04
8.467481925946500581e-05
3.979336535214610273e-05
2.653540641725368830e-03
3.320665982223535567e-02
4.061066759097489107e-05
1.347583476537350233e-04
1.014737646709152876e-04
7.581245634910410670e-05
1.889360755618786376e-03
2.633507821039717325e-02
6.130972008333259371e-05
1.319415268126659328e-03
9.069088433750832016e-05
4.167826552645373275e-05
8.212001933585040244e-04
7.321485307147853130e-03
8.809740212541215896e-04
2.776989931558136726e-03
5.741699209033834144e-05
1.166710452475268233e-05
1.541261149549031349e-04
4.405233127298549350e-04
3.961591469526914294e-03
3.905806989381737510e-03
1.421880181005315018e-05
6.450615387746217957e-07
-9.476657241362335428e-19
5.981133294874408674e-19
3.715115077470110437e-17
2.118837093485163383e-16
2.948593426831653073e-20
1.928870109406324890e-18
2.246670648202748078e-04
-3.161427267310604910e-08
1.557066970131291105e-02
9.050912385625300288e-03
4.595354420751740382e-06
2.981204125843761336e-05
2.316488547690513720e-04
2.771866394768609620e-04
1.091251047621911476e-02
5.569094095516738743e-03
7.323320798352235365e-05
6.346529244488450106e-05
1.184810311386570508e-03
4.743335336919128338e-04
5.997801162189251266e-03
2.955023235440195749e-03
1.573397655961527913e-04
2.387268331175547117e-04
2.694006796772357385e-03
2.989129754702894021e-03
4.573414061453329009e-03
3.021673033853260800e-03
2.305917508617064311e-04
2.540517886845852888e-04
5.090183837877187631e-03
1.468945635378036269e-02
2.418952262726001366e-03
3.215793750774778061e-03
2.716746262355107283e-04
2.426413734568699852e-04
6.751726475372471850e-03
3.301553281415120500e-02
1.156054917899843265e-03
3.437442693354038868e-03
2.129147466807662366e-04
2.185298628368828285e-04
6.223137011741336315e-03
2.475445177810454631e-02
6.376141600820205537e-04
3.231314140811260976e-03
1.178069698963353680e-04
1.108115208233118124e-04
1.483958292685643365e-03
5.611899642177516079e-03
1.304445028221998791e-04
1.773952404586933264e-03
1.760019372401686375e-05
2.360952844647937229e-05
1.109338152208919220e-06
9.898276488194480190e-04
1.784129080739693977e-03
2.816271245319915822e-03
6.606616168514947517e-06
1.666081820167565284e-06
7.831903829560979457e-04
1.550162741786224180e-02
9.487813022427648820e-04
1.872966425342677526e-03
6.461137402213747540e-05
1.414525084447001848e-05
1.375173619262782913e-03
2.493545729941148287e-02
5.234204929556648131e-04
1.508922612117652353e-04
6.638988101311401561e-05
4.349042342566865810e-05
1.020522395278541071e-03
2.102806759309444953e-02
1.138372941964002475e-04
-5.596787598671022681e-05
3.345717737630463171e-05
2.816058152141427237e-05
2.753648658661061923e-04
4.784036394312187260e-03
-4.748204036857035418e-05
1.726217268202836456e-04
1.155420174047458940e-05
2.391457274343335606e-06
-3.346023434123327665e-19
-3.078244592672280092e-18
4.747989049515477506e-18
2.253357904647872723e-17
-3.359450855511772530e-20
-1.078620869044893650e-18
1.572177993149700297e-04
4.413136382117352312e-04
3.994992267013857366e-03
3.870259942526809230e-03
1.558679838114511660e-05
1.226199376723067050e-07
5.167612529091876461e-04
4.777558078831366998e-04
6.977696846842536445e-03
4.668845947313925680e-03
5.444603664390620517e-05
4.272801734610300333e-05
1.188940664959765511e-03
4.709456215144338970e-04
5.991226837168235446e-03
2.940908513454445952e-03
1.588336151831822160e-04
2.379099954057800343e-04
1.537617881910667344e-03
1.916269574953585134e-03
7.251428749231095434e-03
2.158637456898441533e-03
3.463957626937470185e-04
3.659969663252624268e-04
4.923094532705018372e-03
3.258146153543767937e-03
8.430900317210892822e-03
1.888435957681448406e-03
3.009159394056080050e-04
5.176321922099516972e-04
8.841692703424443647e-03
9.672202521856824650e-03
9.689362725555046574e-03
2.031278679129981928e-03
2.964843228840539826e-04
4.429184734001101183e-04
1.340908908233543785e-02
2.506570024693852150e-02
8.456000400377063075e-03
2.421888863680853043e-03
2.528342209531521086e-04
3.031072260263620115e-04
1.580324931219713805e-02
2.513791177899937779e-02
5.321952261138136742e-03
2.866414493313767728e-03
1.657091563844543180e-04
1.516999185640285366e-04
4.245493073471977123e-03
9.924595541750645677e-03
3.440886229247101108e-03
3.053644293438774471e-03
5.159625468130937240e-05
3.944153373013689347e-05
2.215973626012286105e-04
3.214231675780785454e-05
6.085060922799656775e-03
1.838244424444054935e-03
6.936248614950400326e-07
1.299591559159806611e-05
3.143723739040798761e-05
1.001865144462944779e-02
3.750308264623301510e-03
1.648898552156069985e-03
5.349721259872712884e-05
1.113746025162309152e-07
4.913395691541932097e-04
1.446064187795243795e-02
1.899481266134888172e-03
6.630092758196865291e-04
5.945200912780610169e-05
1.001511349152251002e-05
2.648505236001711012e-04
7.466088167898326383e-03
4.311361142272452165e-04
3.790019922608404816e-05
1.162921726630295248e-05
8.222129576067784814e-06
1.761670376003191295e-19
6.620751866841265065e-18
-3.310633279127108001e-18
4.926548759557656557e-18
2.902161631143386256e-20
5.035852222258213014e-19
2.783610382214959282e-04
4.806493483116136729e-03
-4.595187050057425335e-05
1.794447451948254007e-04
1.198607457768503440e-05
2.393797702990068208e-06
8.132866394132793556e-04
7.355387324157918079e-03
8.731527711576110530e-04
2.759181876012815546e-03
5.721683136932612009e-05
1.192229413388818686e-05
1.488469161939187180e-03
4.666137547126652033e-03
2.250101949340833386e-03
4.129884859757090507e-03
1.331102490478910114e-04
5.989981332926784356e-05
2.694493953695767385e-03
2.987944898144028524e-03
4.565055984987700065e-03
3.009262959409155815e-03
2.313466465165386866e-04
2.532076388627620394e-04
4.929643649552802216e-03
3.254051975334394838e-03
8.418479002738479128e-03
1.887906545853404753e-03
3.027405751389451683e-04
5.203658311891121765e-04
6.209394733059674619e-03
7.801350194485918987e-03
1.671316184531194959e-02
9.469193144754468276e-04
3.808806285180165482e-04
4.666280481929455299e-04
1.508555080758318401e-02
1.049004672782505310e-02
3.093335427029126478e-02
8.423956208582813587e-04
3.481675484496207632e-04
5.044127122377419642e-04
3.490026763521333203e-02
1.935655545368398026e-02
2.995227979207605584e-02
9.325908997339500640e-04
3.182615562617490865e-04
3.824265480179394054e-04
4.822959788485754740e-02
3.043520555502072025e-02
1.563849383895772258e-02
1.177853888117069443e-03
2.378642408677737361e-04
1.952256389322584620e-04
1.286129789398798851e-02
2.314564315717072829e-02
8.808881312995580151e-03
1.582865913413772927e-03
9.085238326079281615e-05
6.060647019292639162e-05
1.412063091370328047e-03
1.112024823699056964e-03
1.236446244245275987e-02
5.415896237895176336e-04
7.327903700255523417e-07
1.997755551792347963e-05
7.360552185115057638e-04
7.193857198911706233e-03
3.802124610443652266e-03
5.795053387514804413e-04
4.234514070881413626e-05
2.834540428650486827e-06
3.683214124016497216e-05
4.041820323450865705e-03
1.126856062877015525e-03
2.544800674984649502e-04
2.743290215522570108e-05
-2.212341761026348805e-08
6.075607098910505410e-19
-5.063392604555820206e-18
6.205225968739366271e-18
8.069045210488058864e-19
-3.364672879205851058e-18
5.100772820542178401e-19
2.658642607422265713e-04
7.420842523580899533e-03
4.314160550831753842e-04
3.076057687661746951e-05
1.188025257699155489e-05
8.384194391778102044e-06
1.010399214823489659e-03
2.098416808568365904e-02
1.435475733769206767e-04
-5.567496618812632766e-05
3.365502021650039840e-05
2.743422007559481781e-05
1.907548797854808709e-03
2.631056748190480771e-02
6.134517717485396050e-05
1.308255500691754471e-03
9.247439797511801212e-05
4.236725003364965095e-05
3.057899341426405151e-03
2.237997796270157352e-02
2.740986420505336332e-04
3.023665177262943506e-03
1.722002031963849953e-04
1.014786526426908058e-04
5.082739113113175257e-03
1.469226671481864942e-02
2.415977408622713065e-03
3.216986888090024067e-03
2.720810155843040017e-04
2.422568219567883512e-04
8.847521984286961516e-03
9.666767383867439292e-03
9.683539328113055511e-03
2.023447216036792888e-03
2.966665644618662542e-04
4.427345071686210852e-04
1.513481780884793140e-02
1.048762889522229964e-02
3.091552482543382524e-02
8.412226632921515406e-04
3.480980444636420511e-04
5.056323906681181894e-04
2.680835200421483738e-02
2.994859497203678292e-02
6.989823980547188453e-02
5.173462183673132892e-04
4.306573301417791831e-04
3.904307643531033673e-04
7.013610705382002097e-02
4.336828350737494120e-02
8.629089053255280251e-02
5.346466677998447771e-04
4.137919214796278414e-04
3.142105058232649894e-04
9.362150237890963511e-02
5.958517139238667798e-02
5.483919514475735224e-02
5.110881400290718168e-04
3.064715587129359970e-04
1.902473862314929380e-04
2.522360574203075245e-02
5.163053445743080727e-02
2.787539766976879566e-02
4.977143595690981413e-04
1.253255526125920765e-04
7.434533080942773702e-05
3.498295253739647573e-03
3.108911823703698792e-03
3.020499990322144182e-02
2.918077265625562060e-04
2.917594221296623660e-06
1.610498564219260955e-05
1.962031874163997196e-03
4.185659639757057654e-03
6.501906086999764169e-03
1.540215637098085494e-04
3.338169802138244596e-05
4.260521245844224186e-06
4.118419198765154969e-18
3.852586101806919167e-18
3.456258764539159814e-18
-7.189357504542133014e-19
-1.601451985005011675e-18
-2.226973074262937447e-19
3.800458398669623783e-05
4.018348728176576040e-03
1.077162835133956562e-03
2.486997614669886510e-04
2.757423806718703452e-05
4.056309834643991199e-08
4.943476812032168970e-04
1.444513283128249712e-02
1.880817386453961619e-03
6.722365448239820372e-04
5.991477797584680555e-05
1.042546884406569209e-05
1.375893191961219918e-03
2.481188985596764068e-02
4.858642563707394387e-04
1.534900645360699246e-04
6.691007862967732168e-05
4.452621179606092779e-05
2.682734717951177229e-03
3.333683032640809285e-02
3.637078484852989541e-05
1.307543079700798736e-04
1.030498966428908307e-04
7.795357666621844305e-05
4.107826896418709413e-03
3.752219173102987193e-02
1.723296721933034975e-04
3.118554038728326263e-04
1.583544820665638679e-04
1.271631717159170817e-04
6.742358374668755601e-03
3.303460658798797189e-02
1.157042119991558843e-03
3.431019426635070584e-03
2.132456477515956160e-04
2.179595512183566763e-04
1.342672802962164257e-02
2.508173951871994420e-02
8.441626284997389221e-03
2.420985721600662534e-03
2.523989199894520019e-04
3.031283437134591721e-04
3.494822574464407500e-02
1.933613952849071518e-02
2.993626366133326361e-02
9.285105738493581269e-04
3.185598785136888218e-04
3.832612677336832345e-04
7.030669992341537222e-02
4.336595457429601869e-02
8.618429880377551089e-02
5.341215670674501030e-04
4.137387969860910298e-04
3.156024577012971695e-04
8.549829343602335929e-02
1.156823654404819379e-01
1.539120309426538769e-01
5.020962332234273854e-04
4.621793304049381175e-04
2.559680403600555479e-04
1.690391692820000236e-01
1.063391831870915683e-01
1.406875263425483302e-01
4.412815763886281432e-04
3.330661375204082273e-04
1.517924202778105590e-04
6.650083118567513829e-02
7.810956831844323434e-02
7.281155847583607732e-02
3.692944104098788705e-04
1.589074491359674193e-04
4.665933010667050235e-05
2.736864884762627188e-03
7.199207110608956024e-03
7.971179244052080393e-02
1.168063211114458842e-04
2.334664470670621751e-06
2.004734217856552304e-06
5.698066316936576954e-18
8.079607161472709707e-17
-8.507553079838252492e-18
-3.634128202609414023e-18
-1.687093624574665973e-18
-3.330486907827891152e-20
1.966344153019941848e-03
4.245872000962126573e-03
6.332424795795941856e-03
1.541635731758581702e-04
3.439886010795482771e-05
3.679466599384961390e-06
7.095510807557661118e-04
7.327844291067729839e-03
3.736364369858807474e-03
5.887868656449878708e-04
4.151263861056761001e-05
2.573538832867874457e-06
3.646572135466999784e-05
1.008865167657545248e-02
3.754077911834849141e-03
1.652127261078316714e-03
5.298528861622573522e-05
8.657455841138515267e-08
7.962519957181416093e-04
1.566004136811027792e-02
9.279303727065840073e-04
1.858273007962553056e-03
6.511706332991656736e-05
1.433570701210742267e-05
1.879321022157695803e-03
2.026735951190336213e-02
3.996017260324920186e-04
-6.188322875287093246e-04
8.529749253916847445e-05
3.956660153375864282e-05
3.316215015764061025e-03
2.318340578504402005e-02
9.936292530548199067e-05
-7.263807515014773612e-04
1.070107306084465111e-04
8.674001830075143038e-05
6.269625757146558148e-03
2.466547938986412072e-02
6.383599360097543148e-04
3.221695258262479659e-03
1.177904876119211322e-04
1.107710205715776991e-04
1.592856840922368331e-02
2.506331988410542486e-02
5.319116259228999846e-03
2.868054048752348168e-03
1.653714705556272996e-04
1.515694426402255511e-04
4.838510548715565379e-02
3.040209331650767580e-02
1.560606130195529677e-02
1.172612053523732715e-03
2.374585131284953578e-04
1.954547968682446106e-04
9.369906925604748471e-02
5.960019827690163363e-02
5.472095722610170743e-02
5.103448664499632415e-04
3.064263855712997110e-04
1.920213080835273954e-04
1.690678802729851660e-01
1.063122987615879311e-01
1.406043000838309298e-01
4.410520505513867442e-04
3.329545205536764961e-04
1.517851158847697006e-04
3.225773449076719812e-01
2.693453282142883043e-01
3.813984532807477845e-01
3.236198529467200144e-04
2.579966852751499132e-04
1.006930361869751351e-04
1.520891922704312171e-01
2.672502556426664122e-01
3.852211688650136190e-01
1.936118819233103954e-04
1.201107372936644895e-04
2.948031935561594929e-05
-3.656715795439538361e-17
3.508765732705447382e-15
1.064067672125277859e-16
-6.317664916369932253e-20
1.020999477380376172e-18
-5.711814749707776370e-19
2.799878022565454715e-03
7.225351789008083343e-03
8.029704713264919358e-02
1.161096206850938800e-04
2.321593749156253457e-06
1.881798198762206995e-06
3.542135604178179784e-03
3.119610391019906649e-03
2.951094384222723715e-02
2.921192962988577633e-04
2.586465564826859323e-06
1.604401614658112978e-05
1.384264484020420599e-03
1.104790566770373498e-03
1.234884401423106369e-02
5.399293698916800841e-04
9.507706908784540029e-07
2.007133369441467858e-05
2.505943816364741383e-04
1.911881105824429690e-05
6.187312058739877912e-03
1.804750772851539207e-03
6.143129536952589018e-07
1.178470849666006347e-05
3.900529287947254953e-07
9.739557484178591349e-04
1.780642082058194690e-03
2.859900813848420369e-03
7.071984012923456742e-06
1.803401397623827537e-06
1.603107345783737301e-04
2.355585686281939147e-03
3.336861580318150407e-04
-8.295173884787009153e-05
1.690650973960547917e-05
1.748875782863346987e-07
5.408241927735678040e-04
3.873269861266943111e-03
3.612694321544763343e-05
-6.947310388481984481e-05
2.343043123783035474e-05
7.211508660274030382e-06
1.499719319933767682e-03
5.639630363232199170e-03
1.322867858311826104e-04
1.773484090495352399e-03
1.758417103844706346e-05
2.368296597427104600e-05
4.244857273848456382e-03
1.004414231941607935e-02
3.443336565160533790e-03
3.052539164878424228e-03
5.110744487525477553e-05
3.948526378270897895e-05
1.282608694517058459e-02
2.349493704569786609e-02
8.802043938087556266e-03
1.581832846811937658e-03
9.079266414011140319e-05
6.088221534516947574e-05
2.527452662149082263e-02
5.176155333555648025e-02
2.776671666341422665e-02
4.971455383064639095e-04
1.255061765686959986e-04
7.558353146808302787e-05
6.640416207896467082e-02
7.803187336129835394e-02
7.261247327325669187e-02
3.690392766679186521e-04
1.590325533996386732e-04
4.674272916602018719e-05
1.505756595657792019e-01
2.672282462022799177e-01
3.838057991200021224e-01
1.935542247777151013e-04
1.200546358575557763e-04
2.948861444058721226e-05
2.188822857500820063e-01
4.532160713792812712e-01
7.477135484162399370e-01
5.609844565554984795e-05
2.407567442283466236e-05
7.006360631270786665e-06
