# (24300,)
0.000000000000000000e+00
0.000000000000000000e+00
0.000000000000000000e+00
-8.890464187061297707e-07
-1.032214868246228434e-06
-1.170970222119649407e-06
-1.102947408071486279e-06
-9.800277211979846470e-07
-9.854047675617039204e-07
-9.473043292018701322e-07
-1.154316919382836204e-06
-9.105890512728365138e-07
1.436937255859375000e+02
-1.652154541015625000e+02
-9.342865753173828125e+01
4.232069492340087891e+00
-7.679818630218505859e+00
8.210772275924682617e-01
1.261724829673767090e-01
2.488358914852142334e-01
8.086568117141723633e-01
9.921708106994628906e-01
-4.669177532196044922e-01
-1.877420209348201752e-02
-4.188176155090332031e+00
-4.063132476806640625e+01
9.067856788635253906e+00
5.797711849212646484e+00
-1.023245525360107422e+01
3.124395571649074554e-02
5.841693282127380371e-01
2.355799674987792969e-01
1.760588735342025757e-01
7.630665898323059082e-01
-2.623631060123443604e-01
-4.693705141544342041e-01
-2.120691299438476562e+01
1.378513145446777344e+01
2.599109649658203125e+00
-7.125905036926269531e+00
1.376992583274841309e+00
6.147128343582153320e-01
3.728025257587432861e-01
-1.742617040872573853e-01
2.484086155891418457e-01
4.818669557571411133e-01
-1.080432057380676270e+00
7.021583318710327148e-01
7.398960113525390625e+00
-4.413306713104248047e+00
-2.350021600723266602e+00
9.973515510559082031e+00
2.402284145355224609e+00
-9.509213268756866455e-02
-5.741400718688964844e-01
-3.291030824184417725e-01
5.597212910652160645e-01
3.373658061027526855e-01
-5.850695967674255371e-01
7.480515837669372559e-01
-7.398977756500244141e+00
4.413323402404785156e+00
2.350014925003051758e+00
-9.973513603210449219e+00
-2.402285814285278320e+00
9.509076178073883057e-02
5.741379261016845703e-01
3.291012942790985107e-01
-5.597214102745056152e-01
-3.373696208000183105e-01
5.850675702095031738e-01
-7.480536699295043945e-01
2.120674896240234375e+01
-1.378498649597167969e+01
-2.599115133285522461e+00
7.125905990600585938e+00
-1.376994490623474121e+00
-6.147149205207824707e-01
-3.727957606315612793e-01
1.742512136697769165e-01
-2.484117597341537476e-01
-4.818677306175231934e-01
1.080430030822753906e+00
-7.021604180335998535e-01
4.188701152801513672e+00
4.063078308105468750e+01
-9.067863464355468750e+00
-5.797713279724121094e+00
1.023245334625244141e+01
-3.124547377228736877e-02
-5.841835141181945801e-01
-2.355696558952331543e-01
-1.760597229003906250e-01
-7.630696892738342285e-01
2.623611986637115479e-01
4.693684279918670654e-01
-1.436854858398437500e+02
1.651989898681640625e+02
9.342864990234375000e+01
-4.232071876525878906e+00
7.679816722869873047e+00
-8.210796117782592773e-01
-1.262080371379852295e-01
-2.488037496805191040e-01
-8.086589574813842773e-01
-9.921728968620300293e-01
4.669156968593597412e-01
1.877239905297756195e-02
9.882337890625000000e+03
1.837761914062500000e+04
1.614390234375000000e+04
3.183295898437500000e+02
1.192146728515625000e+03
-3.661835861206054688e+01
6.748273849487304688e+00
9.772992134094238281e+00
1.685313224792480469e+01
-3.071051120758056641e+00
6.107196426391601562e+01
3.101908569335937500e+02
1.037610937500000000e+04
5.516604980468750000e+03
9.420040039062500000e+03
3.646691894531250000e+02
1.235034912109375000e+03
-3.856261825561523438e+01
-4.135386657714843750e+01
8.879111289978027344e+00
1.284883117675781250e+01
-5.671848058700561523e-01
-3.183653354644775391e+00
2.502654876708984375e+02
4.147078613281250000e+03
2.433400634765625000e+03
1.894765014648437500e+03
4.175021972656250000e+02
1.304433593750000000e+03
-3.874851226806640625e+01
1.976710557937622070e+00
-3.749524307250976562e+01
-3.214640855789184570e+00
-2.876243829727172852e+00
-3.209895849227905273e+00
9.097508239746093750e+01
1.904463500976562500e+03
1.695057495117187500e+03
5.559644775390625000e+02
1.465864990234375000e+03
2.805748596191406250e+02
-1.707179069519042969e+01
7.368224620819091797e+00
-9.288445472717285156e+00
-6.258708000183105469e+00
-1.403163337707519531e+01
-1.818998146057128906e+01
3.587751770019531250e+01
9.770630493164062500e+02
1.509761718750000000e+03
7.577186279296875000e+02
1.577673095703125000e+03
8.903212738037109375e+01
1.445061302185058594e+01
6.571226119995117188e+00
-2.812441885471343994e-01
-1.082077312469482422e+01
-1.346198940277099609e+01
-3.009024238586425781e+01
-1.011850643157958984e+01
9.743625488281250000e+02
1.520188476562500000e+03
7.465916137695312500e+02
1.584701782226562500e+03
8.317712402343750000e+01
1.592532062530517578e+01
7.184597969055175781e+00
-6.144124269485473633e-01
-8.378585815429687500e+00
-1.662753486633300781e+01
-2.700139999389648438e+01
-1.123308658599853516e+01
1.946242797851562500e+03
1.732957153320312500e+03
5.343717041015625000e+02
1.497747436523437500e+03
2.804104614257812500e+02
-1.763899421691894531e+01
8.142616271972656250e+00
-7.283736228942871094e+00
-6.974294662475585938e+00
-1.816799354553222656e+01
-1.533112049102783203e+01
3.315330123901367188e+01
4.076817871093750000e+03
2.577101562500000000e+03
1.885272460937500000e+03
3.969154357910156250e+02
1.308884277343750000e+03
-4.034663009643554688e+01
2.465433835983276367e+00
-3.337547302246093750e+01
-6.668056964874267578e+00
-4.327339172363281250e+00
-2.374145269393920898e+00
8.522895050048828125e+01
1.052174902343750000e+04
6.242062500000000000e+03
9.057798828125000000e+03
3.537775878906250000e+02
1.239636108398437500e+03
-4.232048034667968750e+01
-3.942264556884765625e+01
9.067431449890136719e+00
9.944674491882324219e+00
-1.644982933998107910e+00
-2.044613122940063477e+00
2.445247650146484375e+02
8.831192382812500000e+03
6.073069335937500000e+03
4.229604980468750000e+03
5.283833007812500000e+02
1.001654113769531250e+03
-7.295615386962890625e+01
6.820272922515869141e+00
1.568233585357666016e+01
4.585972785949707031e+00
8.647048950195312500e+00
1.438554096221923828e+01
2.083285217285156250e+02
5.544542968750000000e+03
7.140421875000000000e+03
2.997208007812500000e+03
5.525988159179687500e+02
1.081810668945312500e+03
-6.175283432006835938e+01
-6.973667621612548828e+00
1.609379196166992188e+01
6.119022369384765625e+00
1.022290134429931641e+01
-7.864510536193847656e+00
1.546728515625000000e+02
3.855625000000000000e+03
1.299309570312500000e+03
2.538582763671875000e+03
6.335632934570312500e+02
1.250468750000000000e+03
-5.122360610961914062e+01
-2.967630767822265625e+01
1.417384910583496094e+01
3.171724796295166016e+00
2.637511491775512695e+00
-1.367819023132324219e+01
7.179106140136718750e+01
1.852144897460937500e+03
6.103002929687500000e+02
7.553354492187500000e+02
1.169849609375000000e+03
1.047934936523437500e+03
5.439488410949707031e+00
1.206657695770263672e+01
-3.668480682373046875e+01
3.359819889068603516e+00
-6.367543220520019531e+00
-4.021818923950195312e+01
5.007186889648437500e+00
1.256757080078125000e+03
9.822379150390625000e+02
8.922409667968750000e+02
1.055930786132812500e+03
2.751362609863281250e+02
6.897396087646484375e+01
1.553238582611083984e+01
1.076017951965332031e+01
-2.698717498779296875e+01
-1.455384731292724609e+01
-6.241846847534179688e+01
-3.865829086303710938e+01
1.226399047851562500e+03
9.906397705078125000e+02
8.817338256835937500e+02
1.074593627929687500e+03
2.583493041992187500e+02
7.561904907226562500e+01
1.686623001098632812e+01
1.036223793029785156e+01
-2.071188545227050781e+01
-1.962573814392089844e+01
-5.788624191284179688e+01
-3.919624328613281250e+01
1.843199707031250000e+03
6.259394531250000000e+02
7.468840332031250000e+02
1.192859008789062500e+03
9.948707275390625000e+02
8.802242279052734375e+00
1.325577545166015625e+01
-2.895331192016601562e+01
3.043115377426147461e+00
-9.910461425781250000e+00
-3.730516815185546875e+01
4.125928878784179688e+00
3.864057128906250000e+03
1.375976440429687500e+03
2.490834716796875000e+03
6.237374267578125000e+02
1.240336791992187500e+03
-5.178673553466796875e+01
-2.381085014343261719e+01
1.495719623565673828e+01
2.457952260971069336e+00
8.227975368499755859e-01
-1.248939228057861328e+01
6.858606719970703125e+01
5.446878417968750000e+03
7.171269531250000000e+03
3.039492187500000000e+03
5.452628173828125000e+02
1.065731567382812500e+03
-6.714502716064453125e+01
-4.818394660949707031e+00
1.648751640319824219e+01
5.704382419586181641e+00
9.243483543395996094e+00
-8.832511901855468750e+00
1.505036926269531250e+02
4.735608886718750000e+03
3.132899902343750000e+03
2.041553222656250000e+03
4.732302551269531250e+02
6.783362426757812500e+02
-7.275263214111328125e+01
1.665672683715820312e+01
2.971503448486328125e+01
1.406066036224365234e+01
-2.651556015014648438e+01
-8.170034027099609375e+01
1.661466217041015625e+01
3.794322265625000000e+03
3.453918457031250000e+03
4.865160522460937500e+02
1.729361083984375000e+03
6.699774780273437500e+02
-6.201351928710937500e+01
1.503122997283935547e+01
3.548713684082031250e+01
1.537144374847412109e+01
-1.716084861755371094e+01
-5.596654891967773438e+01
2.460293531417846680e+00
1.536836181640625000e+03
2.287680908203125000e+03
5.493843994140625000e+02
1.246066040039062500e+03
6.862167358398437500e+02
-1.127464675903320312e+01
-1.223022651672363281e+01
2.348371696472167969e+01
2.009907531738281250e+01
-6.397032260894775391e+00
-2.762800788879394531e+01
-2.689400863647460938e+01
1.352456298828125000e+03
4.680890197753906250e+02
6.210242309570312500e+02
5.808855590820312500e+02
8.291507568359375000e+02
1.076830444335937500e+02
2.210551071166992188e+01
-2.412123107910156250e+01
2.087546157836914062e+01
-1.519735527038574219e+01
-6.383253479003906250e+01
-6.989885711669921875e+01
1.038372436523437500e+03
8.392639160156250000e+02
2.950208129882812500e+02
4.736680908203125000e+02
4.258096008300781250e+02
1.936199493408203125e+02
2.386941909790039062e+01
1.827140235900878906e+01
-2.780584335327148438e+01
-1.935561752319335938e+01
-9.558263397216796875e+01
-8.738149261474609375e+01
1.014443359375000000e+03
8.490421752929687500e+02
2.919100646972656250e+02
4.786443481445312500e+02
4.089083862304687500e+02
2.029683074951171875e+02
2.621707153320312500e+01
1.723224830627441406e+01
-1.864630126953125000e+01
-2.597813034057617188e+01
-9.268379211425781250e+01
-8.910995483398437500e+01
1.336876708984375000e+03
4.675697021484375000e+02
6.185935668945312500e+02
5.747333374023437500e+02
8.044840698242187500e+02
1.146774368286132812e+02
2.367212295532226562e+01
-1.474799823760986328e+01
2.019565773010253906e+01
-1.916480255126953125e+01
-6.223629379272460938e+01
-6.795430755615234375e+01
1.482429321289062500e+03
2.297307617187500000e+03
5.483904418945312500e+02
1.202190795898437500e+03
6.813351440429687500e+02
-7.004030704498291016e+00
-6.981279373168945312e+00
2.466663932800292969e+01
1.989092063903808594e+01
-8.647241592407226562e+00
-2.825958442687988281e+01
-2.475837135314941406e+01
3.811442382812500000e+03
2.919598144531250000e+03
4.860652465820312500e+02
1.708203247070312500e+03
6.714278564453125000e+02
-6.458068847656250000e+01
1.722151756286621094e+01
3.601782608032226562e+01
1.548845863342285156e+01
-1.924464607238769531e+01
-5.705021667480468750e+01
3.130084276199340820e+00
2.487229492187500000e+03
1.728685058593750000e+03
3.465095520019531250e+02
8.004472656250000000e+02
4.993408813476562500e+02
-6.100440216064453125e+01
1.594412517547607422e+01
4.412850570678710938e+01
1.662749862670898438e+01
-3.113776779174804688e+01
-6.038431930541992188e+01
-1.285055236816406250e+02
2.042079223632812500e+03
1.768831298828125000e+03
3.674506835937500000e+02
7.614916381835937500e+02
4.152872009277343750e+02
-1.656165122985839844e+01
1.915056037902832031e+01
5.547751617431640625e+01
1.656603240966796875e+01
-3.933242416381835938e+01
-7.578266143798828125e+01
-1.375327453613281250e+02
1.169207519531250000e+03
1.366982299804687500e+03
4.166353149414062500e+02
5.854931640625000000e+02
3.276827087402343750e+02
1.066513366699218750e+02
3.294064521789550781e+00
3.477877807617187500e+01
3.073376464843750000e+01
-2.548422241210937500e+01
-6.818032073974609375e+01
-1.494145660400390625e+02
4.564850158691406250e+02
8.879108886718750000e+02
4.986103515625000000e+02
1.305936737060546875e+02
5.240648193359375000e+02
3.001027526855468750e+02
-1.087656497955322266e+01
2.719392204284667969e+01
3.346928024291992188e+01
-1.775024795532226562e+01
-8.251462554931640625e+01
-1.610231933593750000e+02
7.952065429687500000e+02
1.109117584228515625e+02
6.107085571289062500e+02
9.616654968261718750e+01
4.757075805664062500e+02
4.269979553222656250e+02
2.478989219665527344e+01
2.492023658752441406e+01
-2.895337486267089844e+01
-2.208822250366210938e+01
-1.205472869873046875e+02
-1.445133209228515625e+02
7.862954711914062500e+02
1.014415893554687500e+02
6.121842041015625000e+02
9.473553466796875000e+01
4.698678588867187500e+02
4.337986755371093750e+02
2.629787445068359375e+01
2.358722114562988281e+01
-2.446235466003417969e+01
-2.915244674682617188e+01
-1.204174346923828125e+02
-1.458699645996093750e+02
4.163461914062500000e+02
8.669663696289062500e+02
5.045085449218750000e+02
1.303058471679687500e+02
5.189118652343750000e+02
3.061710815429687500e+02
-6.814292907714843750e+00
2.769756698608398438e+01
3.265495681762695312e+01
-2.600086593627929688e+01
-8.604410552978515625e+01
-1.610610504150390625e+02
1.130068359375000000e+03
1.350611816406250000e+03
4.224009094238281250e+02
5.813806152343750000e+02
3.317542724609375000e+02
1.144849700927734375e+02
5.822000980377197266e+00
3.453263092041015625e+01
3.041650581359863281e+01
-3.333076477050781250e+01
-7.128787994384765625e+01
-1.467238006591796875e+02
2.051046142578125000e+03
1.738682617187500000e+03
3.714928588867187500e+02
7.544412841796875000e+02
4.186777954101562500e+02
-1.484596157073974609e+01
2.069836044311523438e+01
5.574296569824218750e+01
1.615776443481445312e+01
-4.522618865966796875e+01
-7.625891876220703125e+01
-1.356646118164062500e+02
1.276009155273437500e+03
1.206308715820312500e+03
2.661550903320312500e+02
5.005270996093750000e+02
8.028060913085937500e+01
-1.323943853378295898e+00
8.306715011596679688e+00
-1.223985433578491211e+00
2.222507095336914062e+01
-1.315258312225341797e+01
-4.686246109008789062e+01
-2.109545440673828125e+02
1.116657104492187500e+03
1.132666137695312500e+03
2.727673034667968750e+02
4.044465332031250000e+02
9.985459899902343750e+01
7.022636413574218750e+01
1.827114677429199219e+01
1.201731014251708984e+01
2.071211242675781250e+01
5.743836984038352966e-02
-6.336789321899414062e+01
-2.042770385742187500e+02
8.154734497070312500e+02
1.030630371093750000e+03
2.918595581054687500e+02
-4.174160003662109375e+01
5.083768615722656250e+02
1.954136505126953125e+02
-1.014534831047058105e+00
1.683123779296875000e+01
2.646370506286621094e+01
9.165492057800292969e+00
-9.127667236328125000e+01
-2.011983795166015625e+02
4.145739440917968750e+02
6.349852905273437500e+02
3.434432983398437500e+02
-6.520640563964843750e+01
5.604569702148437500e+02
3.599949035644531250e+02
-1.552038860321044922e+01
2.387388801574707031e+01
2.579529571533203125e+01
1.194990253448486328e+01
-9.869888305664062500e+01
-1.899714965820312500e+02
7.012653350830078125e+01
5.365369873046875000e+02
4.368660888671875000e+02
-2.670810127258300781e+01
5.407695312500000000e+02
4.685903015136718750e+02
2.647548103332519531e+01
2.739092826843261719e+01
-8.957115173339843750e+00
4.366836845874786377e-01
-1.175667419433593750e+02
-1.640683441162109375e+02
5.792621994018554688e+01
5.333609619140625000e+02
4.377648620605468750e+02
-1.923679161071777344e+01
5.245870971679687500e+02
4.916688232421875000e+02
2.659748840332031250e+01
2.691715049743652344e+01
-5.774985313415527344e+00
-9.397364616394042969e+00
-1.166625747680664062e+02
-1.684954223632812500e+02
3.691946716308593750e+02
6.221409912109375000e+02
3.474560241699218750e+02
-6.817704010009765625e+01
5.534454345703125000e+02
3.777141418457031250e+02
-1.713425064086914062e+01
2.406385040283203125e+01
2.579495239257812500e+01
-2.635574817657470703e+00
-1.047912750244140625e+02
-1.961797027587890625e+02
8.002315063476562500e+02
1.011153137207031250e+03
2.986786804199218750e+02
-4.571249771118164062e+01
5.010261535644531250e+02
1.980422668457031250e+02
-1.673728704452514648e+00
1.683100891113281250e+01
2.694740867614746094e+01
-3.688508987426757812e+00
-9.566290283203125000e+01
-2.093902587890625000e+02
1.113715576171875000e+03
1.152445312500000000e+03
2.774437255859375000e+02
3.999573059082031250e+02
1.010334777832031250e+02
6.895636749267578125e+01
1.875196838378906250e+01
1.113489151000976562e+01
2.129116439819335938e+01
-1.088463211059570312e+01
-6.395672225952148438e+01
-2.090988464355468750e+02
6.248930664062500000e+02
8.435331420898437500e+02
1.725028533935546875e+02
-9.690272521972656250e+01
4.229017333984375000e+02
-2.540632009506225586e+00
5.271689414978027344e+00
-7.804716587066650391e+00
2.987377357482910156e+01
1.203858566284179688e+02
-4.546580505371093750e+01
-1.403816070556640625e+02
5.816159667968750000e+02
8.303422241210937500e+02
1.724276275634765625e+02
-1.036953964233398438e+02
4.190183715820312500e+02
3.118603897094726562e+01
8.063839912414550781e+00
-4.613937377929687500e+00
3.189815330505371094e+01
9.063162231445312500e+01
-4.671698379516601562e+01
-1.470081329345703125e+02
4.660703125000000000e+02
6.379294433593750000e+02
1.786466217041015625e+02
-1.200762710571289062e+02
4.261039428710937500e+02
1.116165771484375000e+02
-1.536486625671386719e+00
2.223514795303344727e+00
2.667610549926757812e+01
6.269109344482421875e+01
-6.380941772460937500e+01
-1.546879730224609375e+02
3.061253967285156250e+02
3.818927917480468750e+02
2.024373474121093750e+02
-1.187362136840820312e+02
4.290857238769531250e+02
2.213292694091796875e+02
-1.266746640205383301e+00
3.994488954544067383e+00
2.204235267639160156e+01
3.822408294677734375e+01
-9.911519622802734375e+01
-1.624610748291015625e+02
6.374075317382812500e+01
3.127560119628906250e+02
-6.371678161621093750e+01
2.471334075927734375e+02
4.046861267089843750e+02
3.250540161132812500e+02
4.481317043304443359e+00
3.561473131179809570e+00
-7.205631732940673828e-01
1.527211570739746094e+01
-1.230699615478515625e+02
-1.417915954589843750e+02
5.209616851806640625e+01
3.134239501953125000e+02
-5.547517395019531250e+01
2.463568725585937500e+02
3.912257690429687500e+02
3.469176940917968750e+02
5.355043411254882812e+00
5.284791469573974609e+00
9.021483361721038818e-02
9.341838836669921875e+00
-1.281310882568359375e+02
-1.407879180908203125e+02
2.682049255371093750e+02
3.776013488769531250e+02
2.027022399902343750e+02
-1.141955566406250000e+02
4.211249084472656250e+02
2.408639373779296875e+02
-3.083807945251464844e+00
4.026915550231933594e+00
2.476368522644042969e+01
3.328467559814453125e+01
-1.084285659790039062e+02
-1.645335388183593750e+02
4.616417846679687500e+02
6.199486694335937500e+02
1.819990997314453125e+02
-1.236530990600585938e+02
4.188909606933593750e+02
1.177246932983398438e+02
3.192624449729919434e-01
2.337802886962890625e+00
2.850828361511230469e+01
5.871087646484375000e+01
-7.116331481933593750e+01
-1.587471160888671875e+02
5.790746459960937500e+02
8.284959716796875000e+02
1.757557067871093750e+02
-1.056407852172851562e+02
4.196097717285156250e+02
3.071875000000000000e+01
1.089417266845703125e+01
-4.491428852081298828e+00
3.277981567382812500e+01
8.496588134765625000e+01
-4.771168518066406250e+01
-1.494805755615234375e+02
2.084078674316406250e+02
3.085473632812500000e+02
8.394067382812500000e+01
-5.419175720214843750e+01
2.064891815185546875e+02
-5.969807052612304688e+01
1.124648380279541016e+01
-7.090070724487304688e+00
1.328297901153564453e+01
6.331669998168945312e+01
8.260832786560058594e+00
-1.185253601074218750e+02
1.894754333496093750e+02
3.086439514160156250e+02
6.739117431640625000e+01
-8.731724548339843750e+01
1.968457946777343750e+02
-5.716192626953125000e+01
9.013102531433105469e+00
-1.370054244995117188e+01
1.423003768920898438e+01
5.900542068481445312e+01
-9.519982337951660156e-01
-1.045498886108398438e+02
1.566842651367187500e+02
2.353317260742187500e+02
6.368683624267578125e+01
-9.194493865966796875e+01
1.877212677001953125e+02
-7.776962757110595703e+00
1.030633068084716797e+01
-1.654251289367675781e+01
5.542087554931640625e+00
4.493415451049804688e+01
3.117551803588867188e+00
-9.146718597412109375e+01
1.135052490234375000e+02
1.269550628662109375e+02
-7.252426910400390625e+01
6.596759796142578125e+01
1.633056488037109375e+02
4.104582214355468750e+01
4.555830478668212891e+00
-1.546320724487304688e+01
-1.763595044612884521e-01
1.700812911987304688e+01
-6.331164932250976562e+01
-9.935431671142578125e+01
3.708526611328125000e+01
1.036890640258789062e+02
-3.223177337646484375e+01
8.040609741210937500e+01
1.391115722656250000e+02
1.047535858154296875e+02
-7.479114532470703125e+00
3.002644181251525879e-01
6.815455913543701172e+00
1.608584403991699219e+01
-7.611213684082031250e+01
-1.419020690917968750e+02
3.517848205566406250e+01
1.038826370239257812e+02
-3.366515350341796875e+01
7.846729278564453125e+01
1.458420867919921875e+02
1.059262542724609375e+02
-9.041917800903320312e+00
3.358494043350219727e+00
9.755773544311523438e+00
1.648406600952148438e+01
-8.508760070800781250e+01
-1.393160552978515625e+02
1.037893218994140625e+02
1.279178237915039062e+02
-3.865398406982421875e+01
6.430891418457031250e+01
1.779964294433593750e+02
3.575126266479492188e+01
9.135364532470703125e+00
-1.530489826202392578e+01
1.743430733680725098e+00
1.758452033996582031e+01
-7.454322814941406250e+01
-1.007941131591796875e+02
1.613887176513671875e+02
2.376110534667968750e+02
6.637274932861328125e+01
-5.032559967041015625e+01
1.998786621093750000e+02
-1.381552410125732422e+01
1.210779190063476562e+01
-1.460547065734863281e+01
6.621214866638183594e+00
4.367396163940429688e+01
-1.712034702301025391e+00
-9.289687347412109375e+01
1.918618621826171875e+02
3.168578186035156250e+02
7.006084442138671875e+01
-6.634522247314453125e+01
2.029340362548828125e+02
-5.843975830078125000e+01
8.845510482788085938e+00
-1.172119235992431641e+01
1.491727256774902344e+01
5.758895492553710938e+01
-2.710819959640502930e+00
-1.042084960937500000e+02
-2.084078521728515625e+02
-3.085473632812500000e+02
-8.394067382812500000e+01
5.419175338745117188e+01
-2.064891967773437500e+02
5.969807052612304688e+01
-1.124648475646972656e+01
7.090068817138671875e+00
-1.328297901153564453e+01
-6.331670379638671875e+01
-8.260834693908691406e+00
1.185253524780273438e+02
-1.918618469238281250e+02
-3.168578186035156250e+02
-7.006084442138671875e+01
6.634522247314453125e+01
-2.029340362548828125e+02
5.843975830078125000e+01
-8.845512390136718750e+00
1.172119045257568359e+01
-1.491727256774902344e+01
-5.758895492553710938e+01
2.710817575454711914e+00
1.042084884643554688e+02
-1.613887023925781250e+02
-2.376110839843750000e+02
-6.637274932861328125e+01
5.032559585571289062e+01
-1.998786621093750000e+02
1.381552124023437500e+01
-1.210779476165771484e+01
1.460546779632568359e+01
-6.621214866638183594e+00
-4.367396163940429688e+01
1.712031722068786621e+00
9.289686584472656250e+01
-1.037893371582031250e+02
-1.279178314208984375e+02
3.865399169921875000e+01
-6.430891418457031250e+01
-1.779964294433593750e+02
-3.575126647949218750e+01
-9.135367393493652344e+00
1.530489540100097656e+01
-1.743430852890014648e+00
-1.758452033996582031e+01
7.454322814941406250e+01
1.007941131591796875e+02
-3.517848205566406250e+01
-1.038826446533203125e+02
3.366516494750976562e+01
-7.846730041503906250e+01
-1.458420867919921875e+02
-1.059262542724609375e+02
9.041914939880371094e+00
-3.358495950698852539e+00
-9.755776405334472656e+00
-1.648406982421875000e+01
8.508759307861328125e+01
1.393160400390625000e+02
-3.708526611328125000e+01
-1.036890640258789062e+02
3.223178482055664062e+01
-8.040610504150390625e+01
-1.391115722656250000e+02
-1.047535858154296875e+02
7.479112625122070312e+00
-3.002658784389495850e-01
-6.815459251403808594e+00
-1.608584976196289062e+01
7.611213684082031250e+01
1.419020690917968750e+02
-1.135052566528320312e+02
-1.269550704956054688e+02
7.252427673339843750e+01
-6.596759796142578125e+01
-1.633056488037109375e+02
-4.104582214355468750e+01
-4.555833339691162109e+00
1.546320533752441406e+01
1.763593256473541260e-01
-1.700813102722167969e+01
6.331164550781250000e+01
9.935431671142578125e+01
-1.566842498779296875e+02
-2.353317413330078125e+02
-6.368684005737304688e+01
9.194493103027343750e+01
-1.877212829589843750e+02
7.776960372924804688e+00
-1.030633449554443359e+01
1.654251098632812500e+01
-5.542087554931640625e+00
-4.493415451049804688e+01
-3.117554903030395508e+00
9.146717834472656250e+01
-1.894754180908203125e+02
-3.086439819335937500e+02
-6.739117431640625000e+01
8.731724548339843750e+01
-1.968457946777343750e+02
5.716192245483398438e+01
-9.013104438781738281e+00
1.370054149627685547e+01
-1.423003864288330078e+01
-5.900542068481445312e+01
9.519958496093750000e-01
1.045498886108398438e+02
-6.248930664062500000e+02
-8.435332031250000000e+02
-1.725028533935546875e+02
9.690272521972656250e+01
-4.229017333984375000e+02
2.540631055831909180e+00
-5.271691322326660156e+00
7.804714679718017578e+00
-2.987377357482910156e+01
-1.203858566284179688e+02
4.546580505371093750e+01
1.403816070556640625e+02
-5.790746459960937500e+02
-8.284959716796875000e+02
-1.757557067871093750e+02
1.056407852172851562e+02
-4.196097717285156250e+02
-3.071875381469726562e+01
-1.089417362213134766e+01
4.491426944732666016e+00
-3.277981567382812500e+01
-8.496588134765625000e+01
4.771168518066406250e+01
1.494805603027343750e+02
-4.616417846679687500e+02
-6.199486694335937500e+02
-1.819990997314453125e+02
1.236530914306640625e+02
-4.188909606933593750e+02
-1.177246932983398438e+02
-3.192649483680725098e-01
-2.337805271148681641e+00
-2.850828552246093750e+01
-5.871087646484375000e+01
7.116330718994140625e+01
1.587471160888671875e+02
-2.682049255371093750e+02
-3.776013488769531250e+02
-2.027022399902343750e+02
1.141955566406250000e+02
-4.211249084472656250e+02
-2.408639373779296875e+02
3.083805322647094727e+00
-4.026917934417724609e+00
-2.476368713378906250e+01
-3.328467559814453125e+01
1.084285583496093750e+02
1.645335388183593750e+02
-5.209616851806640625e+01
-3.134239501953125000e+02
5.547517776489257812e+01
-2.463568725585937500e+02
-3.912257690429687500e+02
-3.469176940917968750e+02
-5.355045318603515625e+00
-5.284792900085449219e+00
-9.021744877099990845e-02
-9.341841697692871094e+00
1.281310882568359375e+02
1.407879180908203125e+02
-6.374075317382812500e+01
-3.127560119628906250e+02
6.371678161621093750e+01
-2.471334075927734375e+02
-4.046861267089843750e+02
-3.250540161132812500e+02
-4.481318950653076172e+00
-3.561474800109863281e+00
7.205606102943420410e-01
-1.527211856842041016e+01
1.230699615478515625e+02
1.417915802001953125e+02
-3.061253967285156250e+02
-3.818927917480468750e+02
-2.024373474121093750e+02
1.187362060546875000e+02
-4.290857238769531250e+02
-2.213292694091796875e+02
1.266744136810302734e+00
-3.994491100311279297e+00
-2.204235458374023438e+01
-3.822408676147460938e+01
9.911518859863281250e+01
1.624610748291015625e+02
-4.660703125000000000e+02
-6.379294433593750000e+02
-1.786466217041015625e+02
1.200762710571289062e+02
-4.261039428710937500e+02
-1.116165771484375000e+02
1.536484003067016602e+00
-2.223517417907714844e+00
-2.667610549926757812e+01
-6.269109725952148438e+01
6.380941772460937500e+01
1.546879730224609375e+02
-5.816159057617187500e+02
-8.303422241210937500e+02
-1.724276275634765625e+02
1.036953887939453125e+02
-4.190183715820312500e+02
-3.118604087829589844e+01
-8.063841819763183594e+00
4.613936424255371094e+00
-3.189815330505371094e+01
-9.063162994384765625e+01
4.671698379516601562e+01
1.470081329345703125e+02
-1.276009033203125000e+03
-1.206308715820312500e+03
-2.661550903320312500e+02
-5.005270996093750000e+02
-8.028060913085937500e+01
1.323941707611083984e+00
-8.306716918945312500e+00
1.223983407020568848e+00
-2.222507095336914062e+01
1.315258026123046875e+01
4.686246109008789062e+01
2.109545440673828125e+02
-1.113715576171875000e+03
-1.152445312500000000e+03
-2.774437255859375000e+02
-3.999573059082031250e+02
-1.010334777832031250e+02
-6.895636749267578125e+01
-1.875197029113769531e+01
-1.113489341735839844e+01
-2.129116630554199219e+01
1.088463020324707031e+01
6.395672225952148438e+01
2.090988464355468750e+02
-8.002315063476562500e+02
-1.011153137207031250e+03
-2.986786804199218750e+02
4.571249771118164062e+01
-5.010261535644531250e+02
-1.980422668457031250e+02
1.673726558685302734e+00
-1.683101081848144531e+01
-2.694741058349609375e+01
3.688507556915283203e+00
9.566289520263671875e+01
2.093902587890625000e+02
-3.691946716308593750e+02
-6.221409912109375000e+02
-3.474560241699218750e+02
6.817705535888671875e+01
-5.534454345703125000e+02
-3.777141418457031250e+02
1.713424873352050781e+01
-2.406385231018066406e+01
-2.579495429992675781e+01
2.635573148727416992e+00
1.047912750244140625e+02
1.961797027587890625e+02
-5.792622375488281250e+01
-5.333609619140625000e+02
-4.377648925781250000e+02
1.923679161071777344e+01
-5.245870971679687500e+02
-4.916688232421875000e+02
-2.659749031066894531e+01
-2.691715240478515625e+01
5.774983406066894531e+00
9.397362709045410156e+00
1.166625747680664062e+02
1.684954223632812500e+02
-7.012653350830078125e+01
-5.365369873046875000e+02
-4.368660888671875000e+02
2.670810127258300781e+01
-5.407695312500000000e+02
-4.685903015136718750e+02
-2.647548294067382812e+01
-2.739093017578125000e+01
8.957113265991210938e+00
-4.366860091686248779e-01
1.175667419433593750e+02
1.640683441162109375e+02
-4.145739440917968750e+02
-6.349852905273437500e+02
-3.434432983398437500e+02
6.520640563964843750e+01
-5.604570312500000000e+02
-3.599949035644531250e+02
1.552038669586181641e+01
-2.387388992309570312e+01
-2.579529762268066406e+01
-1.194990444183349609e+01
9.869888305664062500e+01
1.899714965820312500e+02
-8.154734497070312500e+02
-1.030630371093750000e+03
-2.918595581054687500e+02
4.174160003662109375e+01
-5.083768615722656250e+02
-1.954136505126953125e+02
1.014532566070556641e+00
-1.683123970031738281e+01
-2.646370697021484375e+01
-9.165493965148925781e+00
9.127667236328125000e+01
2.011983642578125000e+02
-1.116657104492187500e+03
-1.132666137695312500e+03
-2.727673034667968750e+02
-4.044465332031250000e+02
-9.985459899902343750e+01
-7.022636413574218750e+01
-1.827114868164062500e+01
-1.201731109619140625e+01
-2.071211624145507812e+01
-5.744030326604843140e-02
6.336789321899414062e+01
2.042770385742187500e+02
-2.487229492187500000e+03
-1.728685058593750000e+03
-3.465095520019531250e+02
-8.004472656250000000e+02
-4.993408813476562500e+02
6.100439834594726562e+01
-1.594412708282470703e+01
-4.412850570678710938e+01
-1.662750053405761719e+01
3.113776397705078125e+01
6.038431549072265625e+01
1.285055236816406250e+02
-2.051046142578125000e+03
-1.738682617187500000e+03
-3.714928588867187500e+02
-7.544412841796875000e+02
-4.186777954101562500e+02
1.484595966339111328e+01
-2.069836235046386719e+01
-5.574296569824218750e+01
-1.615776634216308594e+01
4.522618484497070312e+01
7.625891113281250000e+01
1.356646118164062500e+02
-1.130068359375000000e+03
-1.350611816406250000e+03
-4.224009094238281250e+02
-5.813806762695312500e+02
-3.317542724609375000e+02
-1.144849700927734375e+02
-5.822003364562988281e+00
-3.453263092041015625e+01
-3.041650772094726562e+01
3.333076095581054688e+01
7.128787994384765625e+01
1.467237854003906250e+02
-4.163461914062500000e+02
-8.669663696289062500e+02
-5.045085449218750000e+02
-1.303058471679687500e+02
-5.189118652343750000e+02
-3.061711120605468750e+02
6.814290523529052734e+00
-2.769756889343261719e+01
-3.265496063232421875e+01
2.600086402893066406e+01
8.604410552978515625e+01
1.610610504150390625e+02
-7.862954711914062500e+02
-1.014415817260742188e+02
-6.121842041015625000e+02
-9.473553466796875000e+01
-4.698678588867187500e+02
-4.337986755371093750e+02
-2.629787635803222656e+01
-2.358722305297851562e+01
2.446235275268554688e+01
2.915244483947753906e+01
1.204174346923828125e+02
1.458699645996093750e+02
-7.952065429687500000e+02
-1.109117507934570312e+02
-6.107085571289062500e+02
-9.616654968261718750e+01
-4.757075805664062500e+02
-4.269979553222656250e+02
-2.478989410400390625e+01
-2.492023849487304688e+01
2.895337295532226562e+01
2.208822250366210938e+01
1.205472869873046875e+02
1.445133056640625000e+02
-4.564850158691406250e+02
-8.879108886718750000e+02
-4.986103515625000000e+02
-1.305936737060546875e+02
-5.240648193359375000e+02
-3.001027832031250000e+02
1.087656211853027344e+01
-2.719392395019531250e+01
-3.346928405761718750e+01
1.775024604797363281e+01
8.251462554931640625e+01
1.610231781005859375e+02
-1.169207519531250000e+03
-1.366982299804687500e+03
-4.166353149414062500e+02
-5.854931640625000000e+02
-3.276827087402343750e+02
-1.066513366699218750e+02
-3.294066905975341797e+00
-3.477877807617187500e+01
-3.073376655578613281e+01
2.548422050476074219e+01
6.818032073974609375e+01
1.494145660400390625e+02
-2.042079223632812500e+03
-1.768831420898437500e+03
-3.674506835937500000e+02
-7.614916381835937500e+02
-4.152872009277343750e+02
1.656164932250976562e+01
-1.915056228637695312e+01
-5.547751998901367188e+01
-1.656603431701660156e+01
3.933242034912109375e+01
7.578266143798828125e+01
1.375327453613281250e+02
-4.735608886718750000e+03
-3.132899902343750000e+03
-2.041553222656250000e+03
-4.732302551269531250e+02
-6.783362426757812500e+02
7.275263214111328125e+01
-1.665672874450683594e+01
-2.971503639221191406e+01
-1.406066036224365234e+01
2.651555633544921875e+01
8.170034027099609375e+01
-1.661466407775878906e+01
-3.811442382812500000e+03
-2.919598144531250000e+03
-4.860652465820312500e+02
-1.708203247070312500e+03
-6.714278564453125000e+02
6.458068847656250000e+01
-1.722151947021484375e+01
-3.601782608032226562e+01
-1.548845958709716797e+01
1.924464416503906250e+01
5.705021667480468750e+01
-3.130086183547973633e+00
-1.482429321289062500e+03
-2.297307617187500000e+03
-5.483904418945312500e+02
-1.202190795898437500e+03
-6.813351440429687500e+02
7.004029273986816406e+00
6.981276988983154297e+00
-2.466664123535156250e+01
-1.989092254638671875e+01
8.647239685058593750e+00
2.825958251953125000e+01
2.475836944580078125e+01
-1.336876708984375000e+03
-4.675696716308593750e+02
-6.185935668945312500e+02
-5.747333374023437500e+02
-8.044840698242187500e+02
-1.146774368286132812e+02
-2.367212486267089844e+01
1.474799633026123047e+01
-2.019565963745117188e+01
1.916479873657226562e+01
6.223629379272460938e+01
6.795429992675781250e+01
-1.014443359375000000e+03
-8.490421752929687500e+02
-2.919100646972656250e+02
-4.786443481445312500e+02
-4.089083862304687500e+02
-2.029683074951171875e+02
-2.621707344055175781e+01
-1.723225212097167969e+01
1.864629936218261719e+01
2.597812843322753906e+01
9.268379211425781250e+01
8.910994720458984375e+01
-1.038372436523437500e+03
-8.392639160156250000e+02
-2.950208435058593750e+02
-4.736680908203125000e+02
-4.258096313476562500e+02
-1.936199493408203125e+02
-2.386942100524902344e+01
-1.827140617370605469e+01
2.780584335327148438e+01
1.935561561584472656e+01
9.558262634277343750e+01
8.738149261474609375e+01
-1.352456298828125000e+03
-4.680889892578125000e+02
-6.210242309570312500e+02
-5.808855590820312500e+02
-8.291507568359375000e+02
-1.076830444335937500e+02
-2.210551261901855469e+01
2.412122917175292969e+01
-2.087546157836914062e+01
1.519735336303710938e+01
6.383253479003906250e+01
6.989885711669921875e+01
-1.536836181640625000e+03
-2.287680908203125000e+03
-5.493843994140625000e+02
-1.246066040039062500e+03
-6.862167358398437500e+02
1.127464485168457031e+01
1.223022365570068359e+01
-2.348371887207031250e+01
-2.009907531738281250e+01
6.397030830383300781e+00
2.762800598144531250e+01
2.689400672912597656e+01
-3.794322509765625000e+03
-3.453918457031250000e+03
-4.865160522460937500e+02
-1.729361083984375000e+03
-6.699774780273437500e+02
6.201351547241210938e+01
-1.503123188018798828e+01
-3.548713684082031250e+01
-1.537144470214843750e+01
1.716084671020507812e+01
5.596654510498046875e+01
-2.460295438766479492e+00
-8.831192382812500000e+03
-6.073069335937500000e+03
-4.229604980468750000e+03
-5.283833007812500000e+02
-1.001654113769531250e+03
7.295615386962890625e+01
-6.820275783538818359e+00
-1.568233871459960938e+01
-4.585974693298339844e+00
-8.647050857543945312e+00
-1.438554286956787109e+01
-2.083285217285156250e+02
-5.446878417968750000e+03
-7.171269531250000000e+03
-3.039492187500000000e+03
-5.452628173828125000e+02
-1.065731567382812500e+03
6.714502716064453125e+01
4.818393230438232422e+00
-1.648751831054687500e+01
-5.704384326934814453e+00
-9.243485450744628906e+00
8.832509994506835938e+00
-1.505037078857421875e+02
-3.864057128906250000e+03
-1.375976440429687500e+03
-2.490834716796875000e+03
-6.237374267578125000e+02
-1.240336791992187500e+03
5.178673553466796875e+01
2.381084823608398438e+01
-1.495719814300537109e+01
-2.457954883575439453e+00
-8.227987885475158691e-01
1.248939037322998047e+01
-6.858606719970703125e+01
-1.843199707031250000e+03
-6.259394531250000000e+02
-7.468840332031250000e+02
-1.192859008789062500e+03
-9.948707275390625000e+02
-8.802245140075683594e+00
-1.325577831268310547e+01
2.895330810546875000e+01
-3.043116569519042969e+00
9.910459518432617188e+00
3.730516433715820312e+01
-4.125930786132812500e+00
-1.226399047851562500e+03
-9.906397705078125000e+02
-8.817338256835937500e+02
-1.074593627929687500e+03
-2.583493041992187500e+02
-7.561904907226562500e+01
-1.686623382568359375e+01
-1.036223983764648438e+01
2.071188354492187500e+01
1.962573623657226562e+01
5.788623809814453125e+01
3.919623947143554688e+01
-1.256757080078125000e+03
-9.822379150390625000e+02
-8.922409667968750000e+02
-1.055930786132812500e+03
-2.751362609863281250e+02
-6.897396087646484375e+01
-1.553238773345947266e+01
-1.076018142700195312e+01
2.698717308044433594e+01
1.455384540557861328e+01
6.241846466064453125e+01
3.865829086303710938e+01
-1.852144897460937500e+03
-6.103002929687500000e+02
-7.553354492187500000e+02
-1.169849609375000000e+03
-1.047934936523437500e+03
-5.439491271972656250e+00
-1.206657981872558594e+01
3.668480682373046875e+01
-3.359820842742919922e+00
6.367541790008544922e+00
4.021818923950195312e+01
-5.007188796997070312e+00
-3.855625000000000000e+03
-1.299309570312500000e+03
-2.538582763671875000e+03
-6.335632934570312500e+02
-1.250468750000000000e+03
5.122360610961914062e+01
2.967630577087402344e+01
-1.417385101318359375e+01
-3.171727418899536133e+00
-2.637513160705566406e+00
1.367818927764892578e+01
-7.179106903076171875e+01
-5.544542968750000000e+03
-7.140421875000000000e+03
-2.997208007812500000e+03
-5.525988159179687500e+02
-1.081810668945312500e+03
6.175283432006835938e+01
6.973665714263916016e+00
-1.609379386901855469e+01
-6.119024276733398438e+00
-1.022290325164794922e+01
7.864509105682373047e+00
-1.546728515625000000e+02
-9.882337890625000000e+03
-1.837761914062500000e+04
-1.614390234375000000e+04
-3.183295898437500000e+02
-1.192146728515625000e+03
3.661835861206054688e+01
-6.748276233673095703e+00
-9.772994041442871094e+00
-1.685313415527343750e+01
3.071047306060791016e+00
-6.107196807861328125e+01
-3.101908569335937500e+02
-1.052174902343750000e+04
-6.242062500000000000e+03
-9.057798828125000000e+03
-3.537776184082031250e+02
-1.239636108398437500e+03
4.232047653198242188e+01
3.942264175415039062e+01
-9.067432403564453125e+00
-9.944677352905273438e+00
1.644981026649475098e+00
2.044611454010009766e+00
-2.445247650146484375e+02
-4.076817871093750000e+03
-2.577101562500000000e+03
-1.885272460937500000e+03
-3.969154357910156250e+02
-1.308884277343750000e+03
4.034663009643554688e+01
-2.465435028076171875e+00
3.337547302246093750e+01
6.668054580688476562e+00
4.327337265014648438e+00
2.374143362045288086e+00
-8.522895812988281250e+01
-1.946242797851562500e+03
-1.732957153320312500e+03
-5.343717651367187500e+02
-1.497747436523437500e+03
-2.804104614257812500e+02
1.763899230957031250e+01
-8.142617225646972656e+00
7.283733844757080078e+00
6.974291801452636719e+00
1.816799354553222656e+01
1.533111763000488281e+01
-3.315330505371093750e+01
-9.743625488281250000e+02
-1.520188476562500000e+03
-7.465916137695312500e+02
-1.584701782226562500e+03
-8.317712402343750000e+01
-1.592532253265380859e+01
-7.184599399566650391e+00
6.144102811813354492e-01
8.378582954406738281e+00
1.662753295898437500e+01
2.700139617919921875e+01
1.123308467864990234e+01
-9.770630493164062500e+02
-1.509761718750000000e+03
-7.577186889648437500e+02
-1.577673095703125000e+03
-8.903212738037109375e+01
-1.445061397552490234e+01
-6.571227550506591797e+00
2.812418639659881592e-01
1.082077026367187500e+01
1.346198749542236328e+01
3.009024047851562500e+01
1.011850452423095703e+01
-1.904463378906250000e+03
-1.695057495117187500e+03
-5.559644775390625000e+02
-1.465864990234375000e+03
-2.805748596191406250e+02
1.707178878784179688e+01
-7.368225097656250000e+00
9.288442611694335938e+00
6.258705615997314453e+00
1.403163146972656250e+01
1.818997955322265625e+01
-3.587752151489257812e+01
-4.147078613281250000e+03
-2.433400634765625000e+03
-1.894765014648437500e+03
-4.175021972656250000e+02
-1.304433593750000000e+03
3.874851226806640625e+01
-1.976711750030517578e+00
3.749523925781250000e+01
3.214638948440551758e+00
2.876241445541381836e+00
3.209894180297851562e+00
-9.097508239746093750e+01
-1.037610937500000000e+04
-5.516604980468750000e+03
-9.420040039062500000e+03
-3.646692199707031250e+02
-1.235034912109375000e+03
3.856261825561523438e+01
4.135386657714843750e+01
-8.879112243652343750e+00
-1.284883308410644531e+01
5.671824812889099121e-01
3.183651924133300781e+00
-2.502654876708984375e+02
5.551581054687500000e+03
8.075512207031250000e+03
9.174493164062500000e+03
1.717928771972656250e+02
6.084100952148437500e+02
-1.769244003295898438e+01
3.446543693542480469e+00
3.376353502273559570e+00
8.746150970458984375e+00
-2.698979616165161133e+00
3.159446716308593750e+01
1.545856781005859375e+02
4.887017578125000000e+03
3.166673339843750000e+03
4.800608398437500000e+03
1.887225646972656250e+02
6.361469116210937500e+02
-1.896188163757324219e+01
-1.980376434326171875e+01
3.780311346054077148e+00
6.860928535461425781e+00
-1.548503637313842773e+00
-1.576624155044555664e+00
1.241158218383789062e+02
1.977210693359375000e+03
1.290357177734375000e+03
9.554734497070312500e+02
2.136387481689453125e+02
6.636478881835937500e+02
-1.945770072937011719e+01
8.851516842842102051e-01
-1.706643104553222656e+01
-1.428672432899475098e+00
-2.883503437042236328e+00
-1.866713047027587891e+00
4.498822402954101562e+01
9.350936889648437500e+02
8.633038940429687500e+02
2.874962463378906250e+02
7.467073974609375000e+02
1.381564483642578125e+02
-7.992843151092529297e+00
3.169391393661499023e+00
-3.892942905426025391e+00
-2.883466958999633789e+00
-7.524090290069580078e+00
-8.708533287048339844e+00
1.905746459960937500e+01
4.979206848144531250e+02
7.609439697265625000e+02
3.958129577636718750e+02
7.878903198242187500e+02
4.534476089477539062e+01
6.970293521881103516e+00
3.537256002426147461e+00
1.019487857818603516e+00
-4.828910827636718750e+00
-6.866648197174072266e+00
-1.402781200408935547e+01
-3.370288372039794922e+00
5.036315002441406250e+02
7.636016845703125000e+02
3.834738769531250000e+02
7.988300781250000000e+02
4.142312240600585938e+01
7.493617534637451172e+00
4.381581783294677734e+00
1.007433906197547913e-01
-3.975615978240966797e+00
-8.094816207885742188e+00
-1.269170761108398438e+01
-4.526307106018066406e+00
9.460477905273437500e+02
8.725651855468750000e+02
2.849931945800781250e+02
7.510211791992187500e+02
1.419765167236328125e+02
-8.505634307861328125e+00
2.951911211013793945e+00
-3.790966033935546875e+00
-3.283398628234863281e+00
-9.000671386718750000e+00
-7.334433078765869141e+00
1.708824157714843750e+01
1.949890380859375000e+03
1.300860229492187500e+03
9.500381469726562500e+02
2.150777130126953125e+02
6.615034179687500000e+02
-1.926591110229492188e+01
8.846597373485565186e-02
-1.687285804748535156e+01
-1.887112855911254883e+00
-2.973324537277221680e+00
-1.431405067443847656e+00
4.214881896972656250e+01
4.760690917968750000e+03
3.350320312500000000e+03
4.774736816406250000e+03
1.918836059570312500e+02
6.324254760742187500e+02
-2.025104522705078125e+01
-2.001562309265136719e+01
3.209449291229248047e+00
5.729184627532958984e+00
-1.527194857597351074e+00
-1.043418288230895996e+00
1.221237258911132812e+02
5.233103515625000000e+03
8.085242187500000000e+03
5.768395019531250000e+03
5.286142578125000000e+02
9.939437255859375000e+02
-5.895831298828125000e+01
7.567280292510986328e+00
1.401726818084716797e+01
1.509165191650390625e+01
2.504483461380004883e+00
2.139010429382324219e+01
2.021208496093750000e+02
4.735736328125000000e+03
6.378770019531250000e+03
3.508034179687500000e+03
5.485615844726562500e+02
1.031023559570312500e+03
-4.606451416015625000e+01
-1.289153766632080078e+01
1.611561203002929688e+01
1.405230998992919922e+01
2.204391002655029297e+00
-3.742837160825729370e-02
1.537390136718750000e+02
3.694411621093750000e+03
1.156873168945312500e+03
2.199547607421875000e+03
6.216320800781250000e+02
1.142900756835937500e+03
-4.687374496459960938e+01
-3.230717086791992188e+01
3.996798038482666016e+00
9.369504928588867188e+00
-4.554647445678710938e+00
-1.064792156219482422e+01
7.336833953857421875e+01
1.825717895507812500e+03
6.653955688476562500e+02
7.320018310546875000e+02
1.062030151367187500e+03
7.177317504882812500e+02
-4.980837821960449219e+00
-1.024079418182373047e+01
3.702312231063842773e+00
-1.259479522705078125e+01
-8.947142601013183594e+00
-3.207640075683593750e+01
1.669464874267578125e+01
1.246152709960937500e+03
8.959599609375000000e+02
9.963535156250000000e+02
1.144000976562500000e+03
1.836474304199218750e+02
3.828945541381835938e+01
-1.035394787788391113e+00
4.167994976043701172e+00
-1.509661769866943359e+01
-1.004945278167724609e+01
-4.609288024902343750e+01
-2.646861839294433594e+01
1.242492797851562500e+03
8.770123901367187500e+02
9.842540283203125000e+02
1.160379882812500000e+03
1.748597259521484375e+02
4.176632308959960938e+01
4.188345074653625488e-01
4.197264194488525391e+00
-1.433392906188964844e+01
-1.180541229248046875e+01
-4.293611145019531250e+01
-2.654705047607421875e+01
1.827574707031250000e+03
6.731891479492187500e+02
7.365292358398437500e+02
1.088489501953125000e+03
7.141602172851562500e+02
-3.893943548202514648e+00
-7.395924091339111328e+00
3.821430683135986328e+00
-1.273842144012451172e+01
-1.072509479522705078e+01
-2.915126800537109375e+01
1.498027801513671875e+01
3.678365234375000000e+03
1.196280761718750000e+03
2.161177001953125000e+03
6.267408447265625000e+02
1.144855957031250000e+03
-4.810241699218750000e+01
-2.742345619201660156e+01
3.152632236480712891e+00
9.104990959167480469e+00
-6.474616527557373047e+00
-8.622362136840820312e+00
6.927978515625000000e+01
4.781825683593750000e+03
6.153192871093750000e+03
3.633166748046875000e+03
5.464745483398437500e+02
1.029241088867187500e+03
-5.026213455200195312e+01
-1.173429965972900391e+01
1.600350570678710938e+01
1.390137100219726562e+01
-1.797822117805480957e-01
7.134770750999450684e-01
1.481648406982421875e+02
3.676179931640625000e+03
4.057375732421875000e+03
3.060429687500000000e+03
5.400256347656250000e+02
7.266359863281250000e+02
-6.961814117431640625e+01
1.243115711212158203e+01
2.397738075256347656e+01
1.931407737731933594e+01
-1.515861320495605469e+01
-2.820742607116699219e+01
7.537839508056640625e+01
3.920247070312500000e+03
3.264724121093750000e+03
2.322848632812500000e+03
5.585627441406250000e+02
7.576151123046875000e+02
-6.780954742431640625e+01
6.106363773345947266e+00
2.667672920227050781e+01
2.833805084228515625e+01
-9.344891548156738281e+00
-3.495163726806640625e+01
4.961066055297851562e+01
1.360220703125000000e+03
2.051336425781250000e+03
5.923507690429687500e+02
1.580965942382812500e+03
7.839678955078125000e+02
-3.086718940734863281e+01
-2.002701377868652344e+01
1.954050445556640625e+01
1.737638473510742188e+01
-2.687858819961547852e+00
-1.638348579406738281e+01
6.495553970336914062e+00
1.240398437500000000e+03
5.773665771484375000e+02
7.171850585937500000e+02
7.833637084960937500e+02
8.717301025390625000e+02
5.196909713745117188e+01
-1.869452476501464844e+01
4.691696166992187500e+00
1.584981441497802734e+01
-1.393284034729003906e+01
-4.793986511230468750e+01
-3.520040130615234375e+01
1.070987060546875000e+03
7.169190063476562500e+02
5.467561645507812500e+02
6.452823486328125000e+02
3.539575500488281250e+02
1.113368682861328125e+02
7.450456023216247559e-01
7.133242607116699219e+00
-9.757315635681152344e+00
-1.136123371124267578e+01
-7.835995483398437500e+01
-6.913902282714843750e+01
1.046618774414062500e+03
7.129343261718750000e+02
5.539406127929687500e+02
6.479104614257812500e+02
3.327518615722656250e+02
1.211855239868164062e+02
4.069677352905273438e+00
5.430668830871582031e+00
-4.679275989532470703e+00
-1.675852394104003906e+01
-7.613771057128906250e+01
-6.821820831298828125e+01
1.216314453125000000e+03
5.875847778320312500e+02
7.224745483398437500e+02
7.876257934570312500e+02
8.410475463867187500e+02
5.857068252563476562e+01
-1.228084659576416016e+01
4.952586650848388672e+00
1.586160278320312500e+01
-1.698322868347167969e+01
-4.612364196777343750e+01
-3.383309173583984375e+01
1.368898193359375000e+03
2.099816894531250000e+03
5.942748413085937500e+02
1.519595703125000000e+03
7.825850830078125000e+02
-2.831860160827636719e+01
-1.386937808990478516e+01
1.921723175048828125e+01
1.623092460632324219e+01
-4.683033466339111328e+00
-1.487788772583007812e+01
6.605667114257812500e+00
3.657152832031250000e+03
3.332620117187500000e+03
2.305951416015625000e+03
5.564982910156250000e+02
7.567500610351562500e+02
-7.216596221923828125e+01
7.612425804138183594e+00
2.619810485839843750e+01
2.797514533996582031e+01
-1.038712120056152344e+01
-3.605639648437500000e+01
4.885221481323242188e+01
2.238677001953125000e+03
2.074078125000000000e+03
4.138082580566406250e+02
1.152452270507812500e+03
5.923446655273437500e+02
-7.692757415771484375e+01
1.992808151245117188e+01
2.865441894531250000e+01
1.005285167694091797e+01
-7.792986392974853516e+00
-7.712857818603515625e+01
-6.701682281494140625e+01
2.166162353515625000e+03
2.178672119140625000e+03
4.296312255859375000e+02
1.000767761230468750e+03
5.538859863281250000e+02
-4.269114303588867188e+01
2.014058876037597656e+01
3.548154067993164062e+01
1.683955574035644531e+01
-2.315767478942871094e+01
-8.038545989990234375e+01
-7.884262847900390625e+01
1.394484497070312500e+03
1.514428466796875000e+03
4.846811523437500000e+02
7.862482299804687500e+02
4.296311035156250000e+02
4.566903686523437500e+01
-2.265480995178222656e+00
2.924540519714355469e+01
2.948905944824218750e+01
-2.642889022827148438e+01
-4.896231079101562500e+01
-1.014137725830078125e+02
4.275278930664062500e+02
9.378938598632812500e+02
5.770454101562500000e+02
2.995116271972656250e+02
6.123258056640625000e+02
2.046818084716796875e+02
-1.622482681274414062e+01
1.502352333068847656e+01
2.612657737731933594e+01
-1.706221580505371094e+01
-6.199814987182617188e+01
-1.249479598999023438e+02
6.023977661132812500e+02
3.061758422851562500e+02
5.818428955078125000e+02
2.312299346923828125e+02
3.913118591308593750e+02
3.067400817871093750e+02
-8.261313438415527344e+00
8.435651779174804688e+00
-2.029807567596435547e+00
-1.543352794647216797e+01
-1.121868591308593750e+02
-1.216884307861328125e+02
5.931252441406250000e+02
3.058132934570312500e+02
5.987246093750000000e+02
2.302181396484375000e+02
3.783638916015625000e+02
3.197196350097656250e+02
-3.092785596847534180e+00
5.774991512298583984e+00
4.124776840209960938e+00
-2.151910591125488281e+01
-1.116648406982421875e+02
-1.212597961425781250e+02
4.122488403320312500e+02
9.191439819335937500e+02
5.836089477539062500e+02
2.959739379882812500e+02
5.943597412109375000e+02
2.127868499755859375e+02
-9.034971237182617188e+00
1.568981361389160156e+01
2.619279670715332031e+01
-2.179626846313476562e+01
-6.175564575195312500e+01
-1.214379882812500000e+02
1.365743774414062500e+03
1.460481811523437500e+03
4.890143432617187500e+02
7.722120971679687500e+02
4.244135742187500000e+02
5.287365341186523438e+01
2.260954856872558594e+00
2.936425018310546875e+01
2.743483161926269531e+01
-2.845284080505371094e+01
-4.914997863769531250e+01
-9.770225524902343750e+01
2.070507812500000000e+03
1.949900024414062500e+03
4.325016174316406250e+02
9.936166992187500000e+02
5.536404418945312500e+02
-4.205591201782226562e+01
2.206217765808105469e+01
3.472407531738281250e+01
1.492147350311279297e+01
-2.534957313537597656e+01
-8.014786529541015625e+01
-7.697171020507812500e+01
1.331972534179687500e+03
1.493556884765625000e+03
3.292358093261718750e+02
6.098243408203125000e+02
2.687834777832031250e+02
-2.499384307861328125e+01
1.643238258361816406e+01
2.043186187744140625e+01
-2.017425918579101562e+01
-1.536252689361572266e+01
-5.057611846923828125e+01
-1.735214691162109375e+02
1.291880371093750000e+03
1.540082031250000000e+03
3.363344421386718750e+02
5.832831420898437500e+02
1.563333740234375000e+02
3.812176513671875000e+01
2.208594322204589844e+01
1.829382133483886719e+01
-1.297106146812438965e+00
-9.871853828430175781e+00
-5.919610595703125000e+01
-1.772464752197265625e+02
1.046308349609375000e+03
1.045718750000000000e+03
3.572849121093750000e+02
6.049709320068359375e+01
5.154788208007812500e+02
1.665851898193359375e+02
7.506041526794433594e-01
2.216026115417480469e+01
1.397790241241455078e+01
-7.241337299346923828e+00
-8.299139404296875000e+01
-1.772154388427734375e+02
4.218024902343750000e+02
7.293367309570312500e+02
4.088101806640625000e+02
9.378531455993652344e+00
5.191936035156250000e+02
3.346918334960937500e+02
-9.302013397216796875e+00
2.294103050231933594e+01
2.175671195983886719e+01
-1.668757915496826172e+00
-8.269784545898437500e+01
-1.720451202392578125e+02
1.142631378173828125e+02
4.532397766113281250e+02
3.857039489746093750e+02
9.764240264892578125e+01
5.285424194335937500e+02
4.516537170410156250e+02
-1.069686126708984375e+01
1.032275390625000000e+01
1.268513393402099609e+01
5.680843353271484375e+00
-1.032384185791015625e+02
-1.492251281738281250e+02
1.068483505249023438e+02
4.454730529785156250e+02
3.950740356445312500e+02
9.284713745117187500e+01
5.310490722656250000e+02
4.586788635253906250e+02
-7.668457984924316406e+00
7.792296886444091797e+00
1.552373600006103516e+01
-2.370890974998474121e-01
-1.044579696655273438e+02
-1.504700775146484375e+02
3.970836486816406250e+02
6.909274902343750000e+02
4.099506530761718750e+02
4.278181076049804688e+00
5.188800048828125000e+02
3.435206909179687500e+02
-6.414620876312255859e+00
2.295734786987304688e+01
2.154529190063476562e+01
-8.317346572875976562e+00
-8.609258270263671875e+01
-1.722500305175781250e+02
1.047327636718750000e+03
9.684813842773437500e+02
3.599932861328125000e+02
5.865299224853515625e+01
5.178298339843750000e+02
1.686526489257812500e+02
3.830882310867309570e+00
2.055361557006835938e+01
1.086493206024169922e+01
-1.363846588134765625e+01
-8.488043975830078125e+01
-1.760821990966796875e+02
1.314431640625000000e+03
1.444667968750000000e+03
3.389317932128906250e+02
5.837221679687500000e+02
1.598625488281250000e+02
3.836117553710937500e+01
2.377154731750488281e+01
1.582756328582763672e+01
-4.388484477996826172e+00
-1.257119178771972656e+01
-5.763636398315429688e+01
-1.770893554687500000e+02
8.197064208984375000e+02
1.056803466796875000e+03
2.379392852783203125e+02
3.261276855468750000e+02
8.668436431884765625e+01
7.966873168945312500e+00
1.924148678779602051e+00
-1.236544895172119141e+01
1.259196662902832031e+01
5.440769577026367188e+01
-3.926414489746093750e+01
-1.717471313476562500e+02
7.382799072265625000e+02
1.011405456542968750e+03
2.404643554687500000e+02
-6.576820373535156250e+01
4.317329711914062500e+02
6.086548614501953125e+01
6.984057903289794922e+00
-1.010997390747070312e+01
2.213137626647949219e+01
6.702172851562500000e+01
-3.964905166625976562e+01
-1.723583831787109375e+02
6.971679687500000000e+02
7.270905151367187500e+02
2.398646850585937500e+02
-9.163367462158203125e+01
4.927379455566406250e+02
1.713249053955078125e+02
-1.184942436218261719e+01
4.822740077972412109e+00
1.428452491760253906e+01
5.792286682128906250e+01
-7.053804016113281250e+01
-1.754721527099609375e+02
3.427573547363281250e+02
4.747290649414062500e+02
1.965596771240234375e+02
-4.835069656372070312e+01
4.880795593261718750e+02
3.104042968750000000e+02
-3.610175848007202148e+00
3.336930036544799805e+00
1.492892074584960938e+01
3.532775115966796875e+01
-9.872747039794921875e+01
-1.646200714111328125e+02
7.559184265136718750e+01
1.121475830078125000e+02
1.497882843017578125e+02
2.178866271972656250e+02
4.786706848144531250e+02
4.134974670410156250e+02
5.747604846954345703e+00
1.803994774818420410e+00
8.204649925231933594e+00
1.541349601745605469e+01
-1.150286102294921875e+02
-1.435617218017578125e+02
6.422078704833984375e+01
1.145809936523437500e+02
1.534717864990234375e+02
2.158441772460937500e+02
4.740014648437500000e+02
4.263203735351562500e+02
5.730844020843505859e+00
3.354518651962280273e+00
6.124922752380371094e+00
1.232582473754882812e+01
-1.182163543701171875e+02
-1.431737670898437500e+02
3.154802551269531250e+02
4.586100769042968750e+02
1.955339050292968750e+02
-5.360668945312500000e+01
4.853262939453125000e+02
3.181003112792968750e+02
-5.347534179687500000e+00
6.015213489532470703e+00
1.019176006317138672e+01
3.140202903747558594e+01
-1.056673660278320312e+02
-1.642280883789062500e+02
7.031837768554687500e+02
6.941568603515625000e+02
2.381468505859375000e+02
-9.787209320068359375e+01
4.861257019042968750e+02
1.702169342041015625e+02
-9.621629714965820312e+00
6.325283527374267578e+00
9.850914001464843750e+00
5.340774536132812500e+01
-7.375292968750000000e+01
-1.759326629638671875e+02
7.367875976562500000e+02
1.015116699218750000e+03
2.404390411376953125e+02
-6.900665283203125000e+01
4.307453308105468750e+02
5.885754776000976562e+01
9.339735984802246094e+00
-8.025520324707031250e+00
1.813779640197753906e+01
6.371747589111328125e+01
-3.709447479248046875e+01
-1.736272125244140625e+02
4.025249328613281250e+02
5.705821533203125000e+02
1.294921875000000000e+02
-9.121490478515625000e+01
3.377397766113281250e+02
-3.392380523681640625e+01
6.047785282135009766e+00
-4.824331283569335938e+00
5.078596115112304688e+01
8.122512817382812500e+01
-3.723635101318359375e+01
-1.215840835571289062e+02
3.501510620117187500e+02
5.672900390625000000e+02
1.264286041259765625e+02
-1.022407531738281250e+02
3.205427551269531250e+02
-2.007068061828613281e+01
6.839453697204589844e+00
-5.563156127929687500e+00
3.566572570800781250e+01
7.449577331542968750e+01
-5.537297058105468750e+01
-1.223983764648437500e+02
3.123112792968750000e+02
4.310938415527343750e+02
9.447145843505859375e+01
-8.985384368896484375e+01
3.273903503417968750e+02
4.407734680175781250e+01
1.421124219894409180e+00
9.345300674438476562e+00
6.172577857971191406e+00
5.157795715332031250e+01
-4.463746643066406250e+01
-1.351481933593750000e+02
2.144497222900390625e+02
2.471211547851562500e+02
-6.172539901733398438e+01
5.750637817382812500e+01
3.076737365722656250e+02
1.282136535644531250e+02
-4.847310543060302734e+00
1.124933433532714844e+01
-3.092199087142944336e+00
2.416140174865722656e+01
-6.410552978515625000e+01
-1.662291412353515625e+02
5.529065704345703125e+01
-4.074836730957031250e+01
1.584920196533203125e+02
1.314996337890625000e+02
2.707811584472656250e+02
2.145196838378906250e+02
-1.350340938568115234e+01
-9.152439117431640625e+00
1.172139644622802734e+01
1.831687545776367188e+01
-1.302899627685546875e+02
-1.536657104492187500e+02
4.737696456909179688e+01
-4.015811920166015625e+01
1.539399719238281250e+02
1.353176879882812500e+02
2.785858764648437500e+02
2.207787170410156250e+02
-1.837556457519531250e+01
-3.476196765899658203e+00
1.007141876220703125e+01
2.283455657958984375e+01
-1.429395446777343750e+02
-1.432731475830078125e+02
1.891054687500000000e+02
2.425662231445312500e+02
-4.288394927978515625e+01
6.339438247680664062e+01
3.220918273925781250e+02
1.336794128417968750e+02
-6.812747001647949219e+00
2.136703109741210938e+01
-6.647594928741455078e+00
3.066706085205078125e+01
-7.925742340087890625e+01
-1.601891937255859375e+02
3.063363647460937500e+02
4.223061218261718750e+02
9.620602416992187500e+01
-8.627343750000000000e+01
3.353747253417968750e+02
4.333265686035156250e+01
3.494357585906982422e+00
1.722551727294921875e+01
1.676430344581604004e+00
5.463685989379882812e+01
-4.748162078857421875e+01
-1.329841613769531250e+02
3.461644897460937500e+02
5.681375122070312500e+02
1.270379409790039062e+02
-1.008157424926757812e+02
3.248663635253906250e+02
-2.341525650024414062e+01
9.708130836486816406e+00
-1.359517931938171387e+00
3.229934310913085938e+01
7.289378356933593750e+01
-5.358469390869140625e+01
-1.218774108886718750e+02
1.153271293640136719e+01
-5.444680690765380859e+00
6.227561473846435547e+00
-6.313878893852233887e-01
4.854346275329589844e+00
1.399852335453033447e-01
-7.888511419296264648e-01
7.053694128990173340e-01
-2.932082414627075195e+00
-1.531334280967712402e+00
-5.908670425415039062e-01
-1.061629891395568848e+00
1.135960578918457031e+01
-1.043343830108642578e+01
1.636659622192382812e+00
-1.327484989166259766e+01
3.468294620513916016e+00
-1.051638603210449219e+00
-9.377087950706481934e-01
-1.366589784622192383e+00
-3.417333126068115234e+00
-1.684166431427001953e+00
7.457032799720764160e-01
-2.036162614822387695e+00
1.137421035766601562e+01
-1.261424732208251953e+01
-1.420322608947753906e+01
-2.669265174865722656e+01
-6.366679191589355469e+00
5.410817146301269531e+00
-1.636404991149902344e+00
-1.536257863044738770e+00
-2.205004453659057617e+00
-1.540088057518005371e+00
2.351463079452514648e+00
-3.814996957778930664e+00
3.502845048904418945e+00
1.051351189613342285e+00
-6.056982517242431641e+00
-1.058224773406982422e+01
-7.549804687500000000e+00
-1.745485544204711914e+00
-1.227318882942199707e+00
-2.482980012893676758e+00
-2.077965259552001953e+00
-3.312419056892395020e-01
2.303446769714355469e+00
6.168525293469429016e-02
-2.975521087646484375e+00
4.747110903263092041e-01
5.843352794647216797e+00
-3.646681070327758789e+00
-6.409601211547851562e+00
5.683747529983520508e-01
5.642886161804199219e-01
-2.782765626907348633e+00
8.129692077636718750e-01
-3.502428829669952393e-01
9.081438064575195312e+00
1.063317894935607910e+00
-3.234439134597778320e+00
-4.376420497894287109e+00
-2.994631975889205933e-02
2.215662002563476562e+00
1.192638874053955078e+00
-6.099811553955078125e+00
-1.855410039424896240e-01
1.334354519844055176e+00
1.309514284133911133e+00
1.041410207748413086e+00
1.870212107896804810e-01
4.947278797626495361e-01
-2.416157722473144531e+00
1.591440916061401367e+00
5.347266674041748047e+00
3.580337285995483398e+00
1.128769016265869141e+01
-7.164391040802001953e+00
1.214919686317443848e+00
2.888340651988983154e-01
-9.644889235496520996e-01
1.696453571319580078e+00
-3.727666378021240234e+00
-4.105610847473144531e+00
3.385115146636962891e+00
2.595406055450439453e+00
1.156843757629394531e+01
2.313019752502441406e+01
7.050307273864746094e+00
-4.964933395385742188e+00
-9.164133071899414062e-01
1.112921118736267090e+00
-1.627959132194519043e+00
9.645602107048034668e-02
-2.994436264038085938e+00
-3.243271350860595703e+00
5.651392459869384766e+00
4.499367237091064453e+00
1.019879722595214844e+01
1.046849250793457031e+01
7.578392505645751953e+00
-1.814091324806213379e+00
-2.468347549438476562e+00
6.772168874740600586e-01
-3.672668457031250000e+00
-8.965490460395812988e-01
4.551192820072174072e-01
-4.744011759757995605e-01
-3.831871643066406250e+02
-5.781755371093750000e+02
-1.194592437744140625e+02
8.909935760498046875e+01
-3.336740722656250000e+02
3.626395034790039062e+01
-6.069068431854248047e+00
2.057442188262939453e+00
-5.315339279174804688e+01
-7.954714965820312500e+01
3.905950546264648438e+01
1.192031860351562500e+02
-3.321522521972656250e+02
-5.695533447265625000e+02
-1.149372406005859375e+02
9.558494567871093750e+01
-3.172409057617187500e+02
2.448912620544433594e+01
-6.210148811340332031e+00
5.751303434371948242e-01
-3.544070053100585938e+01
-7.130890655517578125e+01
5.421949386596679688e+01
1.215412292480468750e+02
-2.948252563476562500e+02
-4.331453247070312500e+02
-8.798263549804687500e+01
7.943640899658203125e+01
-3.289987487792968750e+02
-4.464443588256835938e+01
-1.540766954421997070e+00
-1.410439491271972656e+01
-4.792350292205810547e+00
-5.136514663696289062e+01
4.723976135253906250e+01
1.315962219238281250e+02
-1.924695892333984375e+02
-2.464792480468750000e+02
3.846762084960937500e+01
-6.515776824951171875e+01
-3.141035156250000000e+02
-1.378502044677734375e+02
8.207936286926269531e+00
-2.066676902770996094e+01
6.677474498748779297e+00
-2.824143028259277344e+01
8.352645111083984375e+01
1.570471496582031250e+02
-5.219736480712890625e+01
3.621596527099609375e+01
-1.550505828857421875e+02
-1.348498687744140625e+02
-2.678147277832031250e+02
-2.189064636230468750e+02
1.532492542266845703e+01
6.282666683197021484e+00
-8.328530311584472656e+00
-1.919068908691406250e+01
1.373492889404296875e+02
1.534817504882812500e+02
-6.373803329467773438e+01
4.059244155883789062e+01
-1.565055694580078125e+02
-1.315377807617187500e+02
-2.713348388671875000e+02
-2.076451110839843750e+02
1.603844833374023438e+01
5.908071517944335938e+00
-9.607933044433593750e+00
-2.113587951660156250e+01
1.368772735595703125e+02
1.529286499023437500e+02
-2.094060668945312500e+02
-2.456116943359375000e+02
5.797112655639648438e+01
-5.433123397827148438e+01
-3.124646606445312500e+02
-1.286089935302734375e+02
7.099985122680664062e+00
-1.972443199157714844e+01
5.873571395874023438e+00
-3.004603958129882812e+01
7.461998748779296875e+01
1.561035461425781250e+02
-3.026048583984375000e+02
-4.352398681640625000e+02
-8.525953674316406250e+01
9.251190185546875000e+01
-3.276668395996093750e+02
-4.058035659790039062e+01
-2.654199361801147461e+00
-1.504242897033691406e+01
-3.990466117858886719e+00
-5.259694290161132812e+01
4.040456390380859375e+01
1.317843627929687500e+02
-3.377695312500000000e+02
-5.666376342773437500e+02
-1.144503173828125000e+02
1.051041793823242188e+02
-3.143874816894531250e+02
2.609111404418945312e+01
-7.113334655761718750e+00
9.232054352760314941e-01
-3.595465850830078125e+01
-7.348622131347656250e+01
5.183311843872070312e+01
1.231961746215820312e+02
-8.209808349609375000e+02
-1.064525146484375000e+03
-2.284795684814453125e+02
-3.251380920410156250e+02
-8.421709442138671875e+01
-5.361660003662109375e+00
-2.374452590942382812e+00
7.867522716522216797e+00
-1.009845066070556641e+01
-4.805111694335937500e+01
4.074348449707031250e+01
1.773444366455078125e+02
-7.363931274414062500e+02
-1.017294860839843750e+03
-2.327788696289062500e+02
6.752716064453125000e+01
-4.255163574218750000e+02
-5.609626007080078125e+01
-8.485595703125000000e+00
4.667741298675537109e+00
-1.594037532806396484e+01
-5.782532882690429688e+01
3.787189483642578125e+01
1.778468780517578125e+02
-6.912354125976562500e+02
-7.076324462890625000e+02
-2.382373809814453125e+02
9.581327819824218750e+01
-4.784499206542968750e+02
-1.676710815429687500e+02
9.151687622070312500e+00
-7.495171070098876953e+00
-1.179272937774658203e+01
-4.541901397705078125e+01
7.718914031982421875e+01
1.772811126708984375e+02
-3.153938293457031250e+02
-4.679090270996093750e+02
-1.964195404052734375e+02
5.258524703979492188e+01
-4.724942321777343750e+02
-3.158059997558593750e+02
5.445606708526611328e+00
-7.808902263641357422e+00
-1.204736042022705078e+01
-2.562000846862792969e+01
1.079274368286132812e+02
1.669505310058593750e+02
-6.300453948974609375e+01
-1.172472076416015625e+02
-1.580137481689453125e+02
-2.148106536865234375e+02
-4.528725585937500000e+02
-4.278947448730468750e+02
-9.192340850830078125e+00
-5.857210636138916016e+00
-7.739919185638427734e+00
-7.487907886505126953e+00
1.163974533081054688e+02
1.472708129882812500e+02
-7.717694854736328125e+01
-1.064766311645507812e+02
-1.495229034423828125e+02
-2.130997924804687500e+02
-4.810527038574218750e+02
-3.964094543457031250e+02
-7.829405784606933594e+00
-8.668850898742675781e+00
-6.040649890899658203e+00
-1.645182418823242188e+01
1.170019302368164062e+02
1.414512481689453125e+02
-3.478238830566406250e+02
-4.711448364257812500e+02
-1.901832122802734375e+02
4.787207412719726562e+01
-4.949870605468750000e+02
-2.934228515625000000e+02
3.395070314407348633e+00
-7.883535385131835938e+00
-1.324593448638916016e+01
-3.559112930297851562e+01
1.012785110473632812e+02
1.627447052001953125e+02
-7.015247192382812500e+02
-7.236517333984375000e+02
-2.323759002685546875e+02
9.067839050292968750e+01
-4.957536926269531250e+02
-1.602977294921875000e+02
8.163185119628906250e+00
-7.827793598175048828e+00
-1.295104312896728516e+01
-5.515273666381835938e+01
7.090065765380859375e+01
1.735408935546875000e+02
-7.387655029296875000e+02
-1.022873229980468750e+03
-2.286769714355468750e+02
6.509961700439453125e+01
-4.331394348144531250e+02
-5.625582504272460938e+01
-9.024820327758789062e+00
3.707697868347167969e+00
-1.820755386352539062e+01
-6.297314834594726562e+01
3.697506713867187500e+01
1.749059600830078125e+02
-1.338264038085937500e+03
-1.490097534179687500e+03
-3.223703002929687500e+02
-6.058955078125000000e+02
-2.713193664550781250e+02
2.219464492797851562e+01
-1.763548088073730469e+01
-2.519558525085449219e+01
1.622228431701660156e+01
1.546084499359130859e+01
5.324705886840820312e+01
1.725086669921875000e+02
-1.321001220703125000e+03
-1.465472167968750000e+03
-3.413805541992187500e+02
-5.776558837890625000e+02
-1.603465118408203125e+02
-3.690365600585937500e+01
-2.358616256713867188e+01
-2.106458854675292969e+01
1.426139712333679199e+00
1.748974227905273438e+01
5.931175994873046875e+01
1.785566101074218750e+02
-1.047656860351562500e+03
-9.887910156250000000e+02
-3.636602478027343750e+02
-5.663649368286132812e+01
-5.147075195312500000e+02
-1.666981964111328125e+02
-4.733751773834228516e+00
-2.352934455871582031e+01
-1.177336502075195312e+01
2.158027267456054688e+01
8.554191589355468750e+01
1.816327667236328125e+02
-3.905476379394531250e+02
-6.994556884765625000e+02
-4.127828369140625000e+02
-8.883196830749511719e+00
-5.074522705078125000e+02
-3.436489868164062500e+02
7.671496868133544922e+00
-2.518327522277832031e+01
-2.158462333679199219e+01
1.399673652648925781e+01
8.755489349365234375e+01
1.767125244140625000e+02
-1.029650726318359375e+02
-4.421396179199218750e+02
-3.934087219238281250e+02
-9.073609161376953125e+01
-5.147899169921875000e+02
-4.611293334960937500e+02
8.182517051696777344e+00
-1.039524745941162109e+01
-1.267153739929199219e+01
3.268631935119628906e+00
1.070068740844726562e+02
1.531401367187500000e+02
-1.206396102905273438e+02
-4.512370300292968750e+02
-3.808333435058593750e+02
-9.347023010253906250e+01
-5.293889160156250000e+02
-4.394527282714843750e+02
8.491841316223144531e+00
-1.223387241363525391e+01
-1.071256065368652344e+01
-4.125389099121093750e+00
1.074370574951171875e+02
1.490732421875000000e+02
-4.346780395507812500e+02
-7.153539428710937500e+02
-4.012107849121093750e+02
-1.001566886901855469e+01
-5.210320434570312500e+02
-3.273825073242187500e+02
7.998429298400878906e+00
-2.557438850402832031e+01
-2.191892433166503906e+01
2.517157793045043945e+00
8.216613006591796875e+01
1.725768127441406250e+02
-1.064250854492187500e+03
-1.013855468750000000e+03
-3.512199707031250000e+02
-5.539510726928710938e+01
-5.173428344726562500e+02
-1.632206115722656250e+02
-4.419277667999267578e+00
-2.493492507934570312e+01
-1.158745574951171875e+01
1.001786708831787109e+01
8.086968231201171875e+01
1.782536010742187500e+02
-1.300154541015625000e+03
-1.515484130859375000e+03
-3.338358764648437500e+02
-5.786511840820312500e+02
-1.542542419433593750e+02
-3.734020614624023438e+01
-2.381807518005371094e+01
-2.292373275756835938e+01
2.561537027359008789e+00
1.098284149169921875e+01
5.857224273681640625e+01
1.761352691650390625e+02
-2.278763671875000000e+03
-2.038117797851562500e+03
-4.073286743164062500e+02
-1.177139038085937500e+03
-5.897655029296875000e+02
7.951853942871093750e+01
-2.051080131530761719e+01
-3.128548240661621094e+01
-1.333108043670654297e+01
5.569695472717285156e+00
7.654047393798828125e+01
6.885321044921875000e+01
-2.084812988281250000e+03
-1.972562988281250000e+03
-4.347697448730468750e+02
-9.960090942382812500e+02
-5.563894653320312500e+02
4.241241455078125000e+01
-2.040097236633300781e+01
-3.683114624023437500e+01
-1.943579673767089844e+01
2.482609939575195312e+01
8.020829010009765625e+01
7.900060272216796875e+01
-1.341180908203125000e+03
-1.487979858398437500e+03
-4.899962158203125000e+02
-7.768871459960937500e+02
-4.286818542480468750e+02
-5.242225646972656250e+01
-3.004314661026000977e+00
-3.000383567810058594e+01
-2.967677307128906250e+01
3.256366729736328125e+01
5.024364852905273438e+01
9.997122192382812500e+01
-4.031057739257812500e+02
-9.271303100585937500e+02
-5.794259033203125000e+02
-3.037352905273437500e+02
-5.978033447265625000e+02
-2.125592651367187500e+02
8.967988014221191406e+00
-1.417572498321533203e+01
-2.562544250488281250e+01
2.408713722229003906e+01
6.408766937255859375e+01
1.252087707519531250e+02
-5.916334838867187500e+02
-3.061345520019531250e+02
-5.869172973632812500e+02
-2.375170898437500000e+02
-3.776775512695312500e+02
-3.137709350585937500e+02
3.966271162033081055e+00
-5.603428363800048828e+00
1.599653244018554688e+00
2.343097877502441406e+01
1.113023605346679688e+02
1.248912506103515625e+02
-6.019524536132812500e+02
-3.118464050292968750e+02
-5.780871582031250000e+02
-2.320343017578125000e+02
-3.843386840820312500e+02
-3.083233947753906250e+02
6.943655967712402344e+00
-6.737683773040771484e+00
3.625445127487182617e+00
1.865824699401855469e+01
1.119821166992187500e+02
1.222196273803710938e+02
-4.420612487792968750e+02
-9.350487670898437500e+02
-5.706348266601562500e+02
-2.972775573730468750e+02
-6.067553100585937500e+02
-2.102679443359375000e+02
1.265011310577392578e+01
-1.365232753753662109e+01
-2.622366714477539062e+01
1.808928298950195312e+01
6.299232482910156250e+01
1.253339767456054688e+02
-1.412284423828125000e+03
-1.483727172851562500e+03
-4.797821044921875000e+02
-7.903468017578125000e+02
-4.234306640625000000e+02
-4.928995513916015625e+01
-4.070135951042175293e-01
-3.088619613647460938e+01
-2.872060775756835938e+01
2.714280509948730469e+01
4.684325408935546875e+01
1.020865020751953125e+02
-2.228480712890625000e+03
-2.085528808593750000e+03
-4.271209411621093750e+02
-1.005347595214843750e+03
-5.495771484375000000e+02
4.177115249633789062e+01
-1.901839637756347656e+01
-3.840733718872070312e+01
-1.913912773132324219e+01
2.149328994750976562e+01
7.991693878173828125e+01
8.030345153808593750e+01
-3.791081298828125000e+03
-3.979527343750000000e+03
-3.011082763671875000e+03
-5.263863525390625000e+02
-7.400055541992187500e+02
6.945970916748046875e+01
-1.244456100463867188e+01
-2.096509170532226562e+01
-2.291143989562988281e+01
1.345062637329101562e+01
2.504347229003906250e+01
-7.505915069580078125e+01
-3.726410644531250000e+03
-3.223323242187500000e+03
-2.293941406250000000e+03
-5.401564331054687500e+02
-7.621744384765625000e+02
7.017037963867187500e+01
-7.881185531616210938e+00
-2.364694976806640625e+01
-2.791828536987304688e+01
1.077243137359619141e+01
3.706827545166015625e+01
-4.986165618896484375e+01
-1.363936279296875000e+03
-2.081594482421875000e+03
-5.723811645507812500e+02
-1.534730346679687500e+03
-7.848501586914062500e+02
2.996504783630371094e+01
1.471152305603027344e+01
-1.400300693511962891e+01
-1.560606765747070312e+01
5.791991233825683594e+00
1.652747535705566406e+01
-6.293498992919921875e+00
-1.212211425781250000e+03
-5.804129638671875000e+02
-7.069746704101562500e+02
-7.801089477539062500e+02
-8.497980957031250000e+02
-5.913348007202148438e+01
1.501365089416503906e+01
-1.819559216499328613e+00
-1.288974189758300781e+01
1.676027870178222656e+01
4.678858566284179688e+01
3.545406341552734375e+01
-1.045598876953125000e+03
-7.075441284179687500e+02
-5.414744262695312500e+02
-6.521148071289062500e+02
-3.352608642578125000e+02
-1.177429962158203125e+02
-1.617121934890747070e+00
-6.076457977294921875e+00
5.924370288848876953e+00
1.615077400207519531e+01
7.808067321777343750e+01
7.172037506103515625e+01
-1.058386840820312500e+03
-7.124381713867187500e+02
-5.490176391601562500e+02
-6.476309204101562500e+02
-3.525389709472656250e+02
-1.124930114746093750e+02
-1.255394220352172852e-01
-5.908231258392333984e+00
8.850082397460937500e+00
1.211855125427246094e+01
8.153732299804687500e+01
6.997129821777343750e+01
-1.227025268554687500e+03
-5.863405761718750000e+02
-7.093012084960937500e+02
-7.797233276367187500e+02
-8.812069091796875000e+02
-5.456859588623046875e+01
1.994741439819335938e+01
-1.666487932205200195e+00
-1.259244441986083984e+01
1.379494857788085938e+01
4.785105133056640625e+01
3.536666107177734375e+01
-1.415203369140625000e+03
-2.035425170898437500e+03
-5.780713500976562500e+02
-1.592756835937500000e+03
-7.859163208007812500e+02
3.052401542663574219e+01
2.011724472045898438e+01
-1.537510204315185547e+01
-1.451836204528808594e+01
4.350672721862792969e+00
1.527041435241699219e+01
-5.913425922393798828e+00
-4.066682861328125000e+03
-3.232303955078125000e+03
-2.306426025390625000e+03
-5.447827148437500000e+02
-7.605258178710937500e+02
6.662896728515625000e+01
-5.753710269927978516e+00
-2.500200271606445312e+01
-2.658399200439453125e+01
9.474572181701660156e+00
3.461613845825195312e+01
-5.013287734985351562e+01
-5.590321777343750000e+03
-8.060263671875000000e+03
-5.819843750000000000e+03
-5.086271667480468750e+02
-9.893663940429687500e+02
6.021769332885742188e+01
-6.259438991546630859e+00
-1.321696662902832031e+01
-2.016782569885253906e+01
-1.680712938308715820e+00
-2.520235061645507812e+01
-2.046088562011718750e+02
-4.822541992187500000e+03
-6.109216796875000000e+03
-3.640063964843750000e+03
-5.270767822265625000e+02
-1.022685241699218750e+03
4.944719696044921875e+01
1.090205383300781250e+01
-1.309346103668212891e+01
-1.624149513244628906e+01
6.507725119590759277e-01
2.302895784378051758e-01
-1.526576538085937500e+02
-3.637297851562500000e+03
-1.187770996093750000e+03
-2.121639892578125000e+03
-6.029694824218750000e+02
-1.129166870117187500e+03
4.794191360473632812e+01
2.738234710693359375e+01
-1.281484603881835938e+00
-1.381780910491943359e+01
8.380628585815429688e+00
8.306143760681152344e+00
-7.148890686035156250e+01
-1.811999511718750000e+03
-6.601220703125000000e+02
-7.056172485351562500e+02
-1.087804199218750000e+03
-7.047853393554687500e+02
4.826566219329833984e+00
9.346328735351562500e+00
-4.602158069610595703e+00
1.302234172821044922e+01
1.382727432250976562e+01
3.065368843078613281e+01
-1.427944755554199219e+01
-1.218790161132812500e+03
-8.541103515625000000e+02
-9.718961181640625000e+02
-1.142035888671875000e+03
-1.706377258300781250e+02
-4.414441680908203125e+01
2.449133247137069702e-01
-5.637437343597412109e+00
1.469013690948486328e+01
1.248509120941162109e+01
4.709574508666992188e+01
2.897341728210449219e+01
-1.216409301757812500e+03
-8.758941040039062500e+02
-9.807297973632812500e+02
-1.142124267578125000e+03
-1.855328979492187500e+02
-3.991407394409179688e+01
5.317327380180358887e-01
-4.800959110260009766e+00
1.615792083740234375e+01
1.054479217529296875e+01
4.938545989990234375e+01
2.822553062438964844e+01
-1.804317504882812500e+03
-6.598027954101562500e+02
-7.119146728515625000e+02
-1.083354614257812500e+03
-7.282500000000000000e+02
6.302332878112792969e+00
1.029893398284912109e+01
-4.106925487518310547e+00
1.321934318542480469e+01
1.270874214172363281e+01
3.196758270263671875e+01
-1.560523223876953125e+01
-3.639101074218750000e+03
-1.140345947265625000e+03
-2.158988769531250000e+03
-6.139320068359375000e+02
-1.136971679687500000e+03
4.677947616577148438e+01
3.136452865600585938e+01
-3.284107685089111328e+00
-1.329378509521484375e+01
6.630373001098632812e+00
8.007222175598144531e+00
-7.281201171875000000e+01
-4.729726074218750000e+03
-6.182435058593750000e+03
-3.522518066406250000e+03
-5.324375000000000000e+02
-1.026843872070312500e+03
4.612090301513671875e+01
1.294420337677001953e+01
-1.425971508026123047e+01
-1.613818550109863281e+01
-1.331098079681396484e+00
-1.381957173347473145e+00
-1.562776794433593750e+02
-4.796506835937500000e+03
-4.924870117187500000e+03
-1.075647753906250000e+04
-1.533211669921875000e+02
-6.025109863281250000e+02
1.835352516174316406e+01
-3.046573400497436523e+00
-3.796025991439819336e+00
-9.569008827209472656e+00
9.935767650604248047e-01
-2.990995597839355469e+01
-1.541375885009765625e+02
-4.229180664062500000e+03
-3.333680175781250000e+03
-5.004074218750000000e+03
-1.791954803466796875e+02
-6.169750366210937500e+02
2.111223793029785156e+01
2.014825248718261719e+01
-2.463327407836914062e+00
-6.327590942382812500e+00
-3.041587471961975098e-01
1.287339806556701660e+00
-1.234393920898437500e+02
-1.931764770507812500e+03
-1.302476318359375000e+03
-9.393830566406250000e+02
-2.024886627197265625e+02
-6.431955566406250000e+02
1.983927917480468750e+01
7.350271940231323242e-01
1.826491737365722656e+01
2.967080593109130859e+00
6.039583086967468262e-01
1.239851117134094238e+00
-4.477959442138671875e+01
-9.205329589843750000e+02
-8.724661254882812500e+02
-2.769148559570312500e+02
-7.281962280273437500e+02
-1.428153381347656250e+02
8.816973686218261719e+00
-3.179392576217651367e+00
4.602337837219238281e+00
4.042226314544677734e+00
8.890254974365234375e+00
8.552967071533203125e+00
-1.624040412902832031e+01
-4.858544311523437500e+02
-7.556849365234375000e+02
-3.841644592285156250e+02
-7.851547851562500000e+02
-3.863011932373046875e+01
-8.043176651000976562e+00
-3.530174255371093750e+00
1.279428720474243164e+00
4.715909481048583984e+00
7.322748661041259766e+00
1.493989562988281250e+01
7.041834354400634766e+00
-4.826084289550781250e+02
-7.641175537109375000e+02
-3.781192626953125000e+02
-7.815187988281250000e+02
-4.602194976806640625e+01
-7.132431030273437500e+00
-2.865567922592163086e+00
-6.140968203544616699e-01
4.265779018402099609e+00
7.749358654022216797e+00
1.582132434844970703e+01
6.261119365692138672e+00
-9.391940917968750000e+02
-8.641671752929687500e+02
-2.641487731933593750e+02
-7.336990966796875000e+02
-1.436165466308593750e+02
8.368968009948730469e+00
-4.283758163452148438e+00
4.217100620269775391e+00
1.929654717445373535e+00
9.203783988952636719e+00
9.371219635009765625e+00
-1.729642868041992188e+01
-1.884730957031250000e+03
-1.317444213867187500e+03
-9.617028198242187500e+02
-1.935235290527343750e+02
-6.512022094726562500e+02
2.010079193115234375e+01
-1.248983740806579590e+00
1.871384239196777344e+01
2.946042060852050781e+00
-9.243924617767333984e-01
5.704320669174194336e-01
-4.527471923828125000e+01
-4.178877929687500000e+03
-3.129398437500000000e+03
-4.981300781250000000e+03
-1.722417907714843750e+02
-6.198121337890625000e+02
1.971745681762695312e+01
2.020915794372558594e+01
-4.225404262542724609e+00
-6.614207744598388672e+00
-1.518248200416564941e+00
1.495586514472961426e+00
-1.227480392456054688e+02
4.242193359375000000e+03
3.016169189453125000e+03
2.209536621093750000e+03
2.732745056152343750e+02
5.113900146484375000e+02
-3.508721542358398438e+01
3.346700429916381836e+00
6.043733119964599609e+00
2.576818466186523438e+00
6.733208179473876953e+00
7.479805946350097656e+00
1.020129547119140625e+02
2.819134765625000000e+03
3.499183349609375000e+03
1.565711914062500000e+03
2.802681579589843750e+02
5.489424438476562500e+02
-3.177986335754394531e+01
-2.697273969650268555e+00
6.907393455505371094e+00
3.055217504501342773e+00
7.183872222900390625e+00
-2.998857259750366211e+00
7.907574462890625000e+01
1.915492187500000000e+03
6.996151123046875000e+02
1.292067260742187500e+03
3.244516601562500000e+02
6.300837402343750000e+02
-2.494637107849121094e+01
-1.394718551635742188e+01
6.392807483673095703e+00
2.000190496444702148e+00
3.216511726379394531e+00
-7.865067958831787109e+00
3.711100006103515625e+01
9.356420288085937500e+02
3.116058349609375000e+02
3.861670227050781250e+02
5.944028930664062500e+02
5.065399475097656250e+02
2.735750436782836914e+00
5.583404064178466797e+00
-1.711515998840332031e+01
2.676135063171386719e+00
-2.282390356063842773e+00
-1.959134483337402344e+01
3.498025417327880859e+00
6.320374755859375000e+02
5.044444885253906250e+02
4.529350280761718750e+02
5.322360229492187500e+02
1.386783142089843750e+02
3.382328796386718750e+01
8.033255577087402344e+00
5.834877014160156250e+00
-1.199283409118652344e+01
-7.482678890228271484e+00
-2.912891387939453125e+01
-1.779323387145996094e+01
6.351838989257812500e+02
5.027528991699218750e+02
4.506841125488281250e+02
5.385104370117187500e+02
1.273606719970703125e+02
3.590771484375000000e+01
8.401463508605957031e+00
4.968577861785888672e+00
-9.611794471740722656e+00
-9.383838653564453125e+00
-2.858325386047363281e+01
-1.755344390869140625e+01
9.409631958007812500e+02
3.064851989746093750e+02
3.850625305175781250e+02
6.050352172851562500e+02
4.939996948242187500e+02
4.160756111145019531e+00
5.853550910949707031e+00
-1.451127243041992188e+01
1.853956937789916992e+00
-2.614553928375244141e+00
-1.941732788085937500e+01
2.844733715057373047e+00
1.893981567382812500e+03
6.679486694335937500e+02
1.251920776367187500e+03
3.274403381347656250e+02
6.382913208007812500e+02
-2.450308799743652344e+01
-1.277834606170654297e+01
6.160701751708984375e+00
1.149985074996948242e+00
3.193886041641235352e+00
-7.528711318969726562e+00
3.543174362182617188e+01
2.728299316406250000e+03
3.433079589843750000e+03
1.558875488281250000e+03
2.834850463867187500e+02
5.503649902343750000e+02
-3.136798667907714844e+01
-2.982264995574951172e+00
6.483619689941406250e+00
2.884377241134643555e+00
6.059678077697753906e+00
-3.728610992431640625e+00
7.712078094482421875e+01
2.851612548828125000e+03
4.267056152343750000e+03
2.282876220703125000e+03
5.270390625000000000e+02
5.568253173828125000e+02
-5.028945541381835938e+01
1.189842224121093750e+01
3.342720413208007812e+01
1.277069759368896484e+01
-1.383747577667236328e+01
-2.711718368530273438e+01
5.736775588989257812e+01
3.052374755859375000e+03
3.434017822265625000e+03
1.754400024414062500e+03
5.476952514648437500e+02
5.762880859375000000e+02
-5.472036361694335938e+01
1.731930494308471680e+00
3.883546829223632812e+01
2.209131813049316406e+01
-1.180840778350830078e+01
-2.909846687316894531e+01
3.842974472045898438e+01
1.033576782226562500e+03
2.132245117187500000e+03
5.723627929687500000e+02
1.185008422851562500e+03
5.803483276367187500e+02
-2.698379135131835938e+01
-2.823453521728515625e+01
3.240530776977539062e+01
8.363955497741699219e+00
-2.466020345687866211e+00
-1.209471988677978516e+01
3.454346418380737305e+00
1.326169433593750000e+03
3.823879699707031250e+02
7.346694946289062500e+02
5.704089355468750000e+02
6.408042602539062500e+02
3.817956161499023438e+01
-3.705525970458984375e+01
2.053819656372070312e+01
8.121754646301269531e+00
-1.675930213928222656e+01
-3.880183410644531250e+01
-2.873067665100097656e+01
1.138358520507812500e+03
6.661154785156250000e+02
4.364892883300781250e+02
4.386587524414062500e+02
2.632751464843750000e+02
8.179881286621093750e+01
-1.656318473815917969e+01
-1.600371122360229492e+00
1.994711637496948242e+00
-9.375333786010742188e+00
-6.044602966308593750e+01
-5.669401168823242188e+01
1.123968872070312500e+03
6.854696655273437500e+02
4.411805114746093750e+02
4.453299865722656250e+02
2.460252075195312500e+02
8.835827636718750000e+01
-1.476662158966064453e+01
-2.512773275375366211e+00
2.267738580703735352e+00
-1.182303810119628906e+01
-6.025008392333984375e+01
-5.502246856689453125e+01
1.322050537109375000e+03
3.721877136230468750e+02
7.428006591796875000e+02
5.742239990234375000e+02
6.246777343750000000e+02
4.212308120727539062e+01
-3.137797546386718750e+01
1.910231399536132812e+01
6.632356643676757812e+00
-1.728041267395019531e+01
-3.804862213134765625e+01
-2.729226303100585938e+01
1.017113647460937500e+03
2.128171875000000000e+03
5.778003540039062500e+02
1.151880859375000000e+03
5.850238037109375000e+02
-2.439424705505371094e+01
-2.433153152465820312e+01
3.177269554138183594e+01
7.056114673614501953e+00
-4.569475173950195312e+00
-1.101757335662841797e+01
3.776687383651733398e+00
2.895583984375000000e+03
3.438042480468750000e+03
1.735693603515625000e+03
5.484810180664062500e+02
5.778993530273437500e+02
-5.582663726806640625e+01
1.887088418006896973e+00
3.917154693603515625e+01
2.066204452514648438e+01
-1.416265487670898438e+01
-2.946558570861816406e+01
3.814737319946289062e+01
1.827300781250000000e+03
2.340883300781250000e+03
1.071917724609375000e+03
4.425439758300781250e+02
5.362254028320312500e+02
-7.109656524658203125e+01
2.173931694030761719e+01
3.866046905517578125e+01
1.307034969329833984e+01
7.659066200256347656e+00
-6.434422302246093750e+01
-4.421589660644531250e+01
2.093077636718750000e+03
2.061763427734375000e+03
4.836930541992187500e+02
1.060755859375000000e+03
5.089658813476562500e+02
-3.976038360595703125e+01
1.368321323394775391e+01
3.821714019775390625e+01
2.937959861755371094e+01
-2.339505195617675781e+01
-7.164644622802734375e+01
-5.327608871459960938e+01
1.205800781250000000e+03
1.608099365234375000e+03
5.667268676757812500e+02
7.541925659179687500e+02
4.402073669433593750e+02
1.845489311218261719e+01
-1.482913208007812500e+01
1.357466506958007812e+01
4.316075515747070312e+01
-2.825673103332519531e+01
-3.255364608764648438e+01
-7.666153717041015625e+01
2.763206176757812500e+02
1.231318847656250000e+03
6.964033813476562500e+02
3.396220092773437500e+02
5.366755371093750000e+02
1.390527038574218750e+02
-3.588701248168945312e+01
-1.853133201599121094e+00
3.408423995971679688e+01
-1.643319129943847656e+01
-5.813955307006835938e+01
-1.025831909179687500e+02
1.331517639160156250e+02
1.014462829589843750e+03
8.093753051757812500e+02
2.534716491699218750e+02
3.187776489257812500e+02
2.200321655273437500e+02
-3.733858489990234375e+01
-1.672678565979003906e+01
1.708031654357910156e+01
-6.234261989593505859e+00
-9.952310943603515625e+01
-1.073318786621093750e+02
1.299920959472656250e+02
9.919033813476562500e+02
8.156189575195312500e+02
2.507003326416015625e+02
3.031465454101562500e+02
2.318148803710937500e+02
-3.214823913574218750e+01
-1.994215583801269531e+01
1.818461990356445312e+01
-8.693469047546386719e+00
-9.919901275634765625e+01
-1.066983718872070312e+02
2.677040405273437500e+02
1.211137695312500000e+03
7.025502319335937500e+02
3.391655578613281250e+02
5.185334472656250000e+02
1.477944030761718750e+02
-2.754928207397460938e+01
-5.185075283050537109e+00
3.348925781250000000e+01
-1.881617736816406250e+01
-5.660372161865234375e+01
-9.958683013916015625e+01
1.192007446289062500e+03
1.619949829101562500e+03
5.741999511718750000e+02
7.450270996093750000e+02
4.426555786132812500e+02
2.359518814086914062e+01
-1.054520416259765625e+01
1.034825229644775391e+01
4.231043243408203125e+01
-2.956050682067871094e+01
-3.168605804443359375e+01
-7.482497406005859375e+01
1.947584716796875000e+03
2.108330566406250000e+03
4.856850280761718750e+02
1.052284912109375000e+03
5.110590820312500000e+02
-3.948018264770507812e+01
1.459297657012939453e+01
3.779371643066406250e+01
2.701725578308105469e+01
-2.419243621826171875e+01
-7.144967651367187500e+01
-5.244808959960937500e+01
1.578870117187500000e+03
1.616463867187500000e+03
3.789709777832031250e+02
6.339184570312500000e+02
3.775487976074218750e+02
-4.367748260498046875e+01
2.295186614990234375e+01
-4.291351699829101562e+01
1.589826011657714844e+01
4.799234390258789062e+00
-7.131883239746093750e+01
-1.242972488403320312e+02
1.568697021484375000e+03
1.489444213867187500e+03
3.945278015136718750e+02
6.006610717773437500e+02
2.726962585449218750e+02
5.228346824645996094e+00
2.218312835693359375e+01
-2.291211509704589844e+01
2.175320053100585938e+01
-5.633142948150634766e+00
-5.776234054565429688e+01
-1.330322113037109375e+02
1.086950195312500000e+03
1.179026000976562500e+03
4.413399047851562500e+02
1.895448608398437500e+02
4.749355773925781250e+02
1.231207046508789062e+02
-2.412854433059692383e+00
-2.090089559555053711e+00
2.812963485717773438e+01
-1.051450729370117188e+01
-7.028546142578125000e+01
-1.489454650878906250e+02
3.412463989257812500e+02
9.370373535156250000e+02
5.016491394042968750e+02
1.001393432617187500e+02
4.538225708007812500e+02
2.713539123535156250e+02
-2.445702171325683594e+01
2.971410036087036133e+00
3.407942962646484375e+01
-6.875432014465332031e+00
-6.756435394287109375e+01
-1.536686401367187500e+02
5.344265747070312500e+01
4.894841918945312500e+02
3.284083862304687500e+02
4.058359985351562500e+02
4.237830505371093750e+02
3.890302124023437500e+02
-3.518747329711914062e+01
-7.496593475341796875e+00
2.458655548095703125e+01
1.112181472778320312e+01
-1.061781387329101562e+02
-1.375847167968750000e+02
4.529955291748046875e+01
4.805996704101562500e+02
3.393860778808593750e+02
3.957204589843750000e+02
4.130572509765625000e+02
3.999312438964843750e+02
-2.842481422424316406e+01
-1.420582962036132812e+01
2.761921691894531250e+01
6.986645698547363281e+00
-1.059615173339843750e+02
-1.360517120361328125e+02
3.326189880371093750e+02
9.088594970703125000e+02
5.084916992187500000e+02
9.443642425537109375e+01
4.442383117675781250e+02
2.796361694335937500e+02
-1.742594337463378906e+01
-4.568068504333496094e+00
3.668744277954101562e+01
-9.657386779785156250e+00
-6.803694152832031250e+01
-1.512254943847656250e+02
1.097253906250000000e+03
1.146033081054687500e+03
4.486711425781250000e+02
1.906211242675781250e+02
4.680791320800781250e+02
1.317910308837890625e+02
1.282926201820373535e+00
-1.077367401123046875e+01
2.946079444885253906e+01
-9.838171005249023438e+00
-6.961841583251953125e+01
-1.467870788574218750e+02
1.582460083007812500e+03
1.469641235351562500e+03
4.007981872558593750e+02
5.954572753906250000e+02
2.780961303710937500e+02
6.911704063415527344e+00
2.386894226074218750e+01
-2.958452224731445312e+01
2.192162132263183594e+01
-3.775902986526489258e+00
-5.581343841552734375e+01
-1.318406524658203125e+02
1.052708862304687500e+03
1.100400756835937500e+03
2.951491088867187500e+02
4.316858825683593750e+02
8.415854454040527344e+00
1.241806125640869141e+01
2.336812734603881836e+00
-4.051020431518554688e+01
-1.577156352996826172e+01
3.028208923339843750e+01
-2.555359077453613281e+01
-1.334513702392578125e+02
1.023230651855468750e+03
1.053510864257812500e+03
3.005204467773437500e+02
3.604733886718750000e+02
4.809882736206054688e+01
6.493507385253906250e+01
1.183892345428466797e+01
-2.713714790344238281e+01
-1.159992027282714844e+01
3.513234710693359375e+01
-3.256152725219726562e+01
-1.335189819335937500e+02
8.126887817382812500e+02
7.976156005859375000e+02
2.958902893066406250e+02
-4.835782241821289062e+01
4.468384399414062500e+02
1.691878967285156250e+02
-6.259122371673583984e+00
-2.256406784057617188e+01
1.055321311950683594e+01
3.715522766113281250e+01
-7.669733428955078125e+01
-1.415721893310546875e+02
3.533848571777343750e+02
5.276894531250000000e+02
6.977880096435546875e+01
1.578323669433593750e+02
4.773252868652343750e+02
3.116402587890625000e+02
-2.137657737731933594e+01
-1.267751979827880859e+01
2.364433288574218750e+01
3.992605590820312500e+01
-9.122167968750000000e+01
-1.404545593261718750e+02
5.229927062988281250e+01
-2.642313194274902344e+01
3.800111389160156250e+02
3.705169372558593750e+02
4.534050903320312500e+02
4.151858215332031250e+02
-1.102023315429687500e+01
-7.103570938110351562e+00
2.104541397094726562e+01
2.452277183532714844e+01
-9.785780334472656250e+01
-1.169167556762695312e+02
3.965831375122070312e+01
-1.529864215850830078e+01
3.792774963378906250e+02
3.654342346191406250e+02
4.578073730468750000e+02
4.194521484375000000e+02
-7.504827499389648438e+00
-1.110981655120849609e+01
2.044806098937988281e+01
2.198708343505859375e+01
-9.996463775634765625e+01
-1.139208526611328125e+02
3.418985290527343750e+02
5.124771118164062500e+02
6.974443817138671875e+01
1.480230560302734375e+02
4.836355285644531250e+02
3.119028015136718750e+02
-2.044630241394042969e+01
-1.663711929321289062e+01
2.191852188110351562e+01
3.846986770629882812e+01
-9.238980102539062500e+01
-1.357291564941406250e+02
8.294441528320312500e+02
7.312857055664062500e+02
2.924638366699218750e+02
-5.308483123779296875e+01
4.484652404785156250e+02
1.662394561767578125e+02
-3.116144895553588867e+00
-2.817355537414550781e+01
1.041061496734619141e+01
3.559489440917968750e+01
-7.714715576171875000e+01
-1.383621063232421875e+02
1.046267578125000000e+03
9.629718627929687500e+02
2.995125122070312500e+02
3.598747558593750000e+02
5.152137756347656250e+01
6.375274658203125000e+01
1.421257877349853516e+01
-3.176059150695800781e+01
-9.656207084655761719e+00
3.277850341796875000e+01
-3.035303688049316406e+01
-1.328902893066406250e+02
4.633776855468750000e+02
7.541306762695312500e+02
1.870794525146484375e+02
-9.997209930419921875e+01
3.535939025878906250e+02
-2.559852838516235352e+00
-5.758008480072021484e+00
4.801294326782226562e+01
2.956114768981933594e+01
6.441259765625000000e+01
-5.069351196289062500e+01
-1.327673187255859375e+02
5.395479125976562500e+02
6.498717651367187500e+02
1.732933654785156250e+02
-8.913994598388671875e+01
3.743732910156250000e+02
1.542977333068847656e+01
-2.494971454143524170e-01
3.043927955627441406e+01
1.380619144439697266e+01
6.155048751831054688e+01
-5.066741943359375000e+01
-1.387297210693359375e+02
5.161604003906250000e+02
4.435715026855468750e+02
-2.493421745300292969e+01
4.744680404663085938e+01
3.819674072265625000e+02
8.569960021972656250e+01
-5.342557430267333984e+00
-5.364660620689392090e-01
1.044257164001464844e+01
5.110121154785156250e+01
-4.716970443725585938e+01
-1.589879760742187500e+02
2.832937011718750000e+02
1.783957366943359375e+02
-5.053054046630859375e+01
1.836645355224609375e+02
3.878788146972656250e+02
1.918636779785156250e+02
-2.575270414352416992e+00
-5.960307598114013672e+00
9.095519065856933594e+00
3.621775054931640625e+01
-8.928782653808593750e+01
-1.382071990966796875e+02
6.621242523193359375e+01
-6.987757110595703125e+01
2.279461669921875000e+02
2.139949188232421875e+02
3.557953491210937500e+02
2.940400695800781250e+02
-1.017445182800292969e+01
-1.541376972198486328e+01
1.545443916320800781e+01
2.361385536193847656e+01
-1.283666076660156250e+02
-1.404233245849609375e+02
4.895169448852539062e+01
-5.950727462768554688e+01
2.211227264404296875e+02
2.135496215820312500e+02
3.628049926757812500e+02
2.896109924316406250e+02
-1.279827690124511719e+01
-9.611060142517089844e+00
9.551381111145019531e+00
3.089034461975097656e+01
-1.344668579101562500e+02
-1.328825225830078125e+02
2.593755493164062500e+02
1.879044647216796875e+02
-4.158953475952148438e+01
1.817854156494140625e+02
3.954607238769531250e+02
1.884784851074218750e+02
-3.085884809494018555e+00
-1.329156756401062012e+00
5.704790115356445312e+00
4.370696258544921875e+01
-9.649018096923828125e+01
-1.321582031250000000e+02
5.126742553710937500e+02
4.263364562988281250e+02
-3.144328308105468750e+01
4.406708145141601562e+01
3.880618896484375000e+02
8.295862579345703125e+01
-2.436429500579833984e+00
2.955514430999755859e+00
7.648339271545410156e+00
5.361609268188476562e+01
-4.688677597045898438e+01
-1.502321624755859375e+02
5.387268066406250000e+02
6.434090576171875000e+02
1.667422332763671875e+02
-9.215485382080078125e+01
3.781107482910156250e+02
1.353068733215332031e+01
2.352546453475952148e+00
3.090886878967285156e+01
1.218670845031738281e+01
6.062485122680664062e+01
-4.724619293212890625e+01
-1.363757934570312500e+02
1.447808227539062500e+02
2.774324951171875000e+02
4.210496139526367188e+01
-4.308390045166015625e+01
2.113805694580078125e+02
-5.914790725708007812e+01
9.283925056457519531e+00
3.889778900146484375e+01
-4.261654615402221680e-01
2.874753379821777344e+01
-6.422211170196533203e+00
-1.134158706665039062e+02
1.540498657226562500e+02
2.715552368164062500e+02
-1.355019855499267578e+01
-2.155610084533691406e+01
1.880193939208984375e+02
-4.399059295654296875e+01
6.149895191192626953e+00
2.484582328796386719e+01
1.952699899673461914e+00
2.820505905151367188e+01
-1.272996330261230469e+01
-1.239336166381835938e+02
1.823723602294921875e+02
1.985454559326171875e+02
-8.766582489013671875e+01
4.281837844848632812e+01
1.794164276123046875e+02
1.984127283096313477e+00
1.857813835144042969e+00
3.089072227478027344e+00
1.397907447814941406e+01
1.738195800781250000e+01
-3.609791183471679688e+01
-1.127712860107421875e+02
1.052753143310546875e+02
-1.616284751892089844e+01
1.679021453857421875e+01
6.079315185546875000e+01
1.591006469726562500e+02
1.918420028686523438e+01
-9.458438873291015625e+00
-7.346567153930664062e+00
1.712727165222167969e+01
1.815158367156982422e+00
-3.550634765625000000e+01
-1.211238479614257812e+02
2.999768066406250000e+01
-3.534252548217773438e+01
7.592076110839843750e+01
6.380568695068359375e+01
1.243240203857421875e+02
8.869113159179687500e+01
-1.501621150970458984e+01
-1.244813632965087891e+01
1.832046699523925781e+01
1.082831668853759766e+01
-3.200202560424804688e+01
-1.112744140625000000e+02
2.070316696166992188e+01
-3.573154067993164062e+01
6.705289459228515625e+01
7.263046264648437500e+01
1.368833160400390625e+02
8.578318786621093750e+01
-2.406851387023925781e+01
2.181300163269042969e+00
1.537163925170898438e+01
1.658220863342285156e+01
-4.546367263793945312e+01
-1.005700531005859375e+02
8.432958984375000000e+01
-1.449058055877685547e+01
1.245865535736083984e+01
6.829966735839843750e+01
1.791985321044921875e+02
1.247826385498046875e+01
-1.150424957275390625e+01
4.466559886932373047e+00
1.587267875671386719e+01
8.782170295715332031e+00
-4.347205352783203125e+01
-1.178864822387695312e+02
1.681554870605468750e+02
2.060304718017578125e+02
-6.298588180541992188e+01
4.793788146972656250e+01
1.890101013183593750e+02
-5.074590206146240234e+00
2.379577398300170898e+00
1.160379409790039062e+01
1.590316963195800781e+01
1.934150886535644531e+01
-3.579674911499023438e+01
-1.099330749511718750e+02
1.405550994873046875e+02
2.850721740722656250e+02
-8.568799972534179688e+00
-1.402988338470458984e+01
1.932524871826171875e+02
-4.522097015380859375e+01
6.199799537658691406e+00
2.867012596130371094e+01
2.325688600540161133e+00
2.818143463134765625e+01
-8.729856491088867188e+00
-1.190436477661132812e+02
-1.206014022827148438e+02
-2.862348022460937500e+02
-3.216914749145507812e+01
4.192493057250976562e+01
-1.998803100585937500e+02
6.649350738525390625e+01
-1.120529270172119141e+01
-4.260990142822265625e+01
-1.481673359870910645e+00
-3.198227500915527344e+01
3.299064397811889648e+00
1.148417739868164062e+02
-1.325081329345703125e+02
-2.969614562988281250e+02
6.157261848449707031e+00
9.808028221130371094e+00
-1.855780792236328125e+02
4.658177947998046875e+01
-5.587068557739257812e+00
-3.002870941162109375e+01
-6.138306140899658203e+00
-3.060304069519042969e+01
1.007309055328369141e+01
1.161792221069335938e+02
-1.785845184326171875e+02
-2.019124298095703125e+02
5.296421813964843750e+01
-4.800419616699218750e+01
-1.821248474121093750e+02
7.766434192657470703e+00
-3.993968963623046875e+00
-1.238317489624023438e+01
-1.996256256103515625e+01
-2.010626411437988281e+01
3.295907592773437500e+01
1.110877075195312500e+02
-1.049359054565429688e+02
6.891387939453125000e+00
-1.208123207092285156e+01
-6.353654861450195312e+01
-1.708964538574218750e+02
-1.482320022583007812e+01
1.027842712402343750e+01
-6.347238063812255859e+00
-1.926518440246582031e+01
-7.823458671569824219e+00
2.671318054199218750e+01
1.148396377563476562e+02
-3.532056427001953125e+01
3.004232788085937500e+01
-6.887651062011718750e+01
-7.175009918212890625e+01
-1.289781036376953125e+02
-8.586167907714843750e+01
2.227541160583496094e+01
-3.807078003883361816e-01
-1.803379821777343750e+01
-1.321275615692138672e+01
3.855976867675781250e+01
1.062672576904296875e+02
-3.761538696289062500e+01
3.068426895141601562e+01
-7.254782104492187500e+01
-6.750267791748046875e+01
-1.198343734741210938e+02
-9.205162811279296875e+01
1.611330604553222656e+01
8.178114891052246094e+00
-1.731902694702148438e+01
-1.338186550140380859e+01
4.249126052856445312e+01
1.006964721679687500e+02
-1.127101821899414062e+02
1.561922264099121094e+01
-1.299769878387451172e+01
-5.844548034667968750e+01
-1.607060089111328125e+02
-2.039665603637695312e+01
9.043704986572265625e+00
-1.113571882247924805e+00
-1.759675979614257812e+01
-6.940444469451904297e+00
2.809232330322265625e+01
1.126190414428710938e+02
-1.821558685302734375e+02
-1.899837341308593750e+02
9.339875030517578125e+01
-4.346554183959960938e+01
-1.736737976074218750e+02
3.606054306030273438e+00
-6.076209545135498047e+00
-1.122073459625244141e+01
-1.704645919799804688e+01
-1.918185997009277344e+01
2.842399597167968750e+01
1.125661163330078125e+02
-1.423152465820312500e+02
-2.790843811035156250e+02
2.034830474853515625e+01
2.263860130310058594e+01
-1.816197814941406250e+02
4.749211502075195312e+01
-7.292655467987060547e+00
-2.962982559204101562e+01
-4.553940773010253906e+00
-3.000831413269042969e+01
9.502559661865234375e+00
1.184218978881835938e+02
-4.487030334472656250e+02
-7.587168579101562500e+02
-1.758372802734375000e+02
9.962307739257812500e+01
-3.495736999511718750e+02
5.290387153625488281e+00
4.961133956909179688e+00
-4.884958648681640625e+01
-2.905965995788574219e+01
-5.816646194458007812e+01
4.933474731445312500e+01
1.315939941406250000e+02
-5.326898193359375000e+02
-6.413139038085937500e+02
-1.579131164550781250e+02
9.028632354736328125e+01
-3.762160339355468750e+02
-9.940959930419921875e+00
1.534754753112792969e+00
-2.778028678894042969e+01
-1.309333801269531250e+01
-5.595661544799804688e+01
4.385565948486328125e+01
1.360590667724609375e+02
-5.092749938964843750e+02
-4.324963989257812500e+02
2.927285957336425781e+01
-4.237192916870117188e+01
-3.758734436035156250e+02
-8.127667236328125000e+01
4.680917739868164062e+00
-1.285087823867797852e+00
-9.484604835510253906e+00
-4.728468322753906250e+01
5.010961151123046875e+01
1.493624420166015625e+02
-2.693177490234375000e+02
-1.864968872070312500e+02
3.823346710205078125e+01
-1.744117736816406250e+02
-3.813596191406250000e+02
-1.900702667236328125e+02
3.132998228073120117e+00
5.070723056793212891e+00
-6.718647956848144531e+00
-3.457515716552734375e+01
9.554031372070312500e+01
1.323578186035156250e+02
-5.585622406005859375e+01
5.886537933349609375e+01
-2.236588897705078125e+02
-2.039553680419921875e+02
-3.462877502441406250e+02
-2.919631042480468750e+02
7.382957935333251953e+00
1.288906192779541016e+01
-1.242722892761230469e+01
-2.229112243652343750e+01
1.317793731689453125e+02
1.347599792480468750e+02
-6.819735717773437500e+01
6.940985870361328125e+01
-2.214636993408203125e+02
-2.081431884765625000e+02
-3.580828857421875000e+02
-2.795691223144531250e+02
8.311050415039062500e+00
1.057307529449462891e+01
-1.053273677825927734e+01
-2.625355339050292969e+01
1.335756530761718750e+02
1.343526763916015625e+02
-2.821585693359375000e+02
-1.717536468505859375e+02
4.208071136474609375e+01
-1.780561218261718750e+02
-3.936114501953125000e+02
-1.799561767578125000e+02
1.756923437118530273e+00
1.452084422111511230e+00
-5.920102596282958984e+00
-4.023798751831054688e+01
8.958652496337890625e+01
1.309543151855468750e+02
-5.148024291992187500e+02
-4.310182800292968750e+02
3.253390884399414062e+01
-4.451283264160156250e+01
-3.808287353515625000e+02
-7.914945220947265625e+01
2.471224069595336914e+00
-4.666524887084960938e+00
-7.691763877868652344e+00
-5.389462661743164062e+01
4.441833877563476562e+01
1.524676208496093750e+02
-5.317106933593750000e+02
-6.462810668945312500e+02
-1.570879364013671875e+02
9.086698913574218750e+01
-3.751669921875000000e+02
-8.993226051330566406e+00
1.912242025136947632e-01
-3.186688423156738281e+01
-1.145888710021972656e+01
-6.065233230590820312e+01
4.186032104492187500e+01
1.368244018554687500e+02
-1.050697387695312500e+03
-1.109824462890625000e+03
-2.902491455078125000e+02
-4.311499328613281250e+02
-5.653473854064941406e+00
-1.266882133483886719e+01
-3.819854974746704102e+00
3.622513961791992188e+01
1.392250633239746094e+01
-2.353262138366699219e+01
2.910405158996582031e+01
1.346616210937500000e+02
-1.040047851562500000e+03
-9.807261352539062500e+02
-2.944234008789062500e+02
-3.536485595703125000e+02
-4.660121536254882812e+01
-6.168145370483398438e+01
-1.260082340240478516e+01
2.954375076293945312e+01
9.511267662048339844e+00
-2.483183670043945312e+01
3.108627128601074219e+01
1.386850891113281250e+02
-8.197103881835937500e+02
-7.499793701171875000e+02
-2.888508300781250000e+02
5.014751052856445312e+01
-4.391282043457031250e+02
-1.659265747070312500e+02
3.972214221954345703e+00
2.546902465820312500e+01
-1.260018539428710938e+01
-2.837192535400390625e+01
7.919857788085937500e+01
1.427599945068359375e+02
-3.390376586914062500e+02
-5.075901794433593750e+02
-7.247214508056640625e+01
-1.471090087890625000e+02
-4.619820556640625000e+02
-3.097537841796875000e+02
1.878776931762695312e+01
1.233592891693115234e+01
-2.162871742248535156e+01
-2.968815994262695312e+01
9.601558685302734375e+01
1.387043914794921875e+02
-4.260213470458984375e+01
1.893356323242187500e+01
-3.735747070312500000e+02
-3.578883361816406250e+02
-4.371508789062500000e+02
-4.186829833984375000e+02
4.325830459594726562e+00
7.310058593750000000e+00
-2.119676589965820312e+01
-1.658242607116699219e+01
9.823358154296875000e+01
1.201191024780273438e+02
-5.702939987182617188e+01
3.111882972717285156e+01
-3.770906372070312500e+02
-3.560006103515625000e+02
-4.592840576171875000e+02
-3.958182067871093750e+02
5.851262092590332031e+00
2.565237045288085938e+00
-1.750949096679687500e+01
-2.420119094848632812e+01
9.875690460205078125e+01
1.181220703125000000e+02
-3.646661987304687500e+02
-5.105255126953125000e+02
-6.593780517578125000e+01
-1.520806274414062500e+02
-4.818194885253906250e+02
-2.961827392578125000e+02
1.908819770812988281e+01
7.362783908843994141e+00
-2.002291107177734375e+01
-3.765549468994140625e+01
9.204273223876953125e+01
1.388056488037109375e+02
-8.304533081054687500e+02
-7.565145263671875000e+02
-2.811165771484375000e+02
4.754087066650390625e+01
-4.501668090820312500e+02
-1.643752899169921875e+02
3.748412132263183594e+00
1.918634796142578125e+01
-1.272148418426513672e+01
-3.428317642211914062e+01
7.348126983642578125e+01
1.415202789306640625e+02
-1.033541625976562500e+03
-1.005842590332031250e+03
-2.883417968750000000e+02
-3.569239807128906250e+02
-4.875415802001953125e+01
-6.262716293334960938e+01
-1.242801380157470703e+01
2.510394287109375000e+01
7.698331356048583984e+00
-2.872463417053222656e+01
2.903761291503906250e+01
1.365407562255859375e+02
-1.595997192382812500e+03
-1.611984497070312500e+03
-3.795453186035156250e+02
-6.381618652343750000e+02
-3.769640197753906250e+02
4.316432189941406250e+01
-2.379811477661132812e+01
3.377220535278320312e+01
-1.774951744079589844e+01
-3.058557748794555664e+00
6.953008270263671875e+01
1.255926895141601562e+02
-1.590619750976562500e+03
-1.501937011718750000e+03
-4.004471740722656250e+02
-5.968538818359375000e+02
-2.758411560058593750e+02
-7.019040107727050781e+00
-2.594634437561035156e+01
2.082711029052734375e+01
-2.211888694763183594e+01
5.648782730102539062e+00
5.882284164428710938e+01
1.359117431640625000e+02
-1.078005981445312500e+03
-1.185259033203125000e+03
-4.512298278808593750e+02
-1.889299011230468750e+02
-4.705617065429687500e+02
-1.320897064208984375e+02
-2.515789747238159180e+00
6.667860507965087891e+00
-2.929518127441406250e+01
1.546654510498046875e+01
7.014286041259765625e+01
1.490406494140625000e+02
-3.150617370605468750e+02
-9.122134399414062500e+02
-5.152677612304687500e+02
-9.187233734130859375e+01
-4.424584350585937500e+02
-2.771753540039062500e+02
1.895726394653320312e+01
2.656780779361724854e-01
-3.502993011474609375e+01
1.425966072082519531e+01
6.863576507568359375e+01
1.548627929687500000e+02
-4.030387878417968750e+01
-4.792850646972656250e+02
-3.548089294433593750e+02
-3.942709045410156250e+02
-4.058803405761718750e+02
-3.958479919433593750e+02
3.052505302429199219e+01
1.041843891143798828e+01
-2.494297790527343750e+01
-4.591564655303955078e+00
1.077089080810546875e+02
1.384149780273437500e+02
-5.328274154663085938e+01
-4.823184204101562500e+02
-3.393102111816406250e+02
-3.961364746093750000e+02
-4.172363586425781250e+02
-3.823938293457031250e+02
3.183756065368652344e+01
7.675498962402343750e+00
-2.284267807006835938e+01
-9.379848480224609375e+00
1.074426269531250000e+02
1.373441772460937500e+02
-3.482148437500000000e+02
-9.252919311523437500e+02
-4.977038879394531250e+02
-8.910362243652343750e+01
-4.527674865722656250e+02
-2.690591430664062500e+02
1.989461326599121094e+01
-3.251623630523681641e+00
-3.384690856933593750e+01
7.515207290649414062e+00
6.523576354980468750e+01
1.537381896972656250e+02
-1.111472412109375000e+03
-1.170569458007812500e+03
-4.375072021484375000e+02
-1.826130676269531250e+02
-4.651911621093750000e+02
-1.275089797973632812e+02
-1.613420605659484863e+00
2.068686962127685547e+00
-2.938706588745117188e+01
1.065027809143066406e+01
6.714741516113281250e+01
1.474976501464843750e+02
-1.591069580078125000e+03
-1.470133911132812500e+03
-3.907739562988281250e+02
-5.972658691406250000e+02
-2.655227661132812500e+02
-6.566607952117919922e+00
-2.512291908264160156e+01
1.683538436889648438e+01
-2.159707069396972656e+01
3.907656669616699219e+00
5.782979965209960938e+01
1.346014709472656250e+02
-1.889764892578125000e+03
-2.332631835937500000e+03
-1.074349609375000000e+03
-4.438106384277343750e+02
-5.289808349609375000e+02
7.227856445312500000e+01
-2.048619651794433594e+01
-3.698560333251953125e+01
-1.401933574676513672e+01
-7.342507362365722656e+00
6.498335266113281250e+01
4.558618545532226562e+01
-1.994816162109375000e+03
-2.094117187500000000e+03
-4.865427246093750000e+02
-1.079127929687500000e+03
-5.085175781250000000e+02
4.183556747436523438e+01
-1.594083690643310547e+01
-3.548163604736328125e+01
-2.491747093200683594e+01
2.351214027404785156e+01
6.978859710693359375e+01
5.368354797363281250e+01
-1.183395263671875000e+03
-1.622357299804687500e+03
-5.669067382812500000e+02
-7.505497436523437500e+02
-4.360082397460937500e+02
-2.333422088623046875e+01
1.072806167602539062e+01
-1.365900897979736328e+01
-4.238560104370117188e+01
2.846667480468750000e+01
3.093329811096191406e+01
7.714649963378906250e+01
-2.655821838378906250e+02
-1.218616210937500000e+03
-6.939140014648437500e+02
-3.323597106933593750e+02
-5.252675781250000000e+02
-1.440283203125000000e+02
2.925892639160156250e+01
4.031009197235107422e+00
-3.290352249145507812e+01
1.855776977539062500e+01
5.913349151611328125e+01
1.050014038085937500e+02
-1.381800537109375000e+02
-1.006825134277343750e+03
-7.998380737304687500e+02
-2.416326141357421875e+02
-3.077411499023437500e+02
-2.247331695556640625e+02
3.411435317993164062e+01
2.010337448120117188e+01
-1.547920799255371094e+01
1.136946392059326172e+01
9.855371093750000000e+01
1.105945053100585938e+02
-1.498047027587890625e+02
-1.014756591796875000e+03
-7.912598266601562500e+02
-2.432516174316406250e+02
-3.127517395019531250e+02
-2.221890106201171875e+02
3.698507690429687500e+01
1.840885925292968750e+01
-1.572432613372802734e+01
9.166971206665039062e+00
9.853598785400390625e+01
1.087201309204101562e+02
-2.930528259277343750e+02
-1.215900024414062500e+03
-6.857880249023437500e+02
-3.239345703125000000e+02
-5.331834716796875000e+02
-1.415609588623046875e+02
3.245441436767578125e+01
3.217246532440185547e+00
-3.434046936035156250e+01
1.525214862823486328e+01
5.797637557983398438e+01
1.042652816772460938e+02
-1.244793701171875000e+03
-1.618024047851562500e+03
-5.631979370117187500e+02
-7.562270507812500000e+02
-4.270859375000000000e+02
-2.133877944946289062e+01
1.345772838592529297e+01
-1.411897850036621094e+01
-4.410408401489257812e+01
2.465120887756347656e+01
2.885640716552734375e+01
7.713302612304687500e+01
-2.147120361328125000e+03
-2.105317626953125000e+03
-4.915247497558593750e+02
-1.081175170898437500e+03
-5.026829528808593750e+02
4.207826995849609375e+01
-1.440201187133789062e+01
-3.729764556884765625e+01
-2.659372711181640625e+01
2.128902435302734375e+01
6.896722412109375000e+01
5.390004730224609375e+01
-2.978431884765625000e+03
-4.332204589843750000e+03
-2.232641845703125000e+03
-5.179813842773437500e+02
-5.551553955078125000e+02
5.115185928344726562e+01
-9.783367156982421875e+00
-3.340736389160156250e+01
-1.245451831817626953e+01
1.466672420501708984e+01
2.243860816955566406e+01
-5.710684204101562500e+01
-3.010821777343750000e+03
-3.410090820312500000e+03
-1.691751220703125000e+03
-5.376111450195312500e+02
-5.684755859375000000e+02
5.660781860351562500e+01
-2.745893955230712891e+00
-3.829515075683593750e+01
-1.846548271179199219e+01
1.384360885620117188e+01
2.997992134094238281e+01
-3.864529800415039062e+01
-1.033591796875000000e+03
-2.074227050781250000e+03
-5.587661132812500000e+02
-1.167708618164062500e+03
-5.758244018554687500e+02
2.216026687622070312e+01
2.464183807373046875e+01
-3.111588287353515625e+01
-4.827578544616699219e+00
6.313017845153808594e+00
1.229946422576904297e+01
-3.278298139572143555e+00
-1.325015747070312500e+03
-3.447620849609375000e+02
-7.213574829101562500e+02
-5.617540893554687500e+02
-6.262409057617187500e+02
-4.381153106689453125e+01
3.269497680664062500e+01
-2.065298843383789062e+01
-5.558003902435302734e+00
1.863499641418457031e+01
3.941695404052734375e+01
2.977003860473632812e+01
-1.116338378906250000e+03
-6.545200805664062500e+02
-4.369190979003906250e+02
-4.361489257812500000e+02
-2.490913391113281250e+02
-8.736708068847656250e+01
1.568700122833251953e+01
2.241925001144409180e+00
-1.392344355583190918e+00
1.232479381561279297e+01
6.364500045776367188e+01
5.897722244262695312e+01
-1.121994384765625000e+03
-6.607366333007812500e+02
-4.356205139160156250e+02
-4.380400085449218750e+02
-2.619301452636718750e+02
-8.359464263916015625e+01
1.737804985046386719e+01
1.505051255226135254e+00
-5.305809378623962402e-01
1.001164531707763672e+01
6.476122283935546875e+01
5.784990310668945312e+01
-1.306672729492187500e+03
-3.804672241210937500e+02
-7.219975585937500000e+02
-5.621357421875000000e+02
-6.521062622070312500e+02
-4.104774093627929688e+01
3.660805130004882812e+01
-1.829164505004882812e+01
-8.715759277343750000e+00
1.770759010314941406e+01
3.885763549804687500e+01
2.862068176269531250e+01
-1.052905517578125000e+03
-2.117029785156250000e+03
-5.652482299804687500e+02
-1.201703002929687500e+03
-5.734509887695312500e+02
2.280511665344238281e+01
2.874658203125000000e+01
-3.057234764099121094e+01
-6.859252452850341797e+00
5.169101715087890625e+00
1.079235267639160156e+01
-3.750645399093627930e+00
-3.146943115234375000e+03
-3.446545410156250000e+03
-1.712869384765625000e+03
-5.430537719726562500e+02
-5.676102294921875000e+02
5.597231292724609375e+01
-6.525616645812988281e-01
-3.843932342529296875e+01
-1.922059822082519531e+01
1.212318325042724609e+01
2.788656997680664062e+01
-3.832924652099609375e+01
-3.738197021484375000e+03
-3.003983642578125000e+03
-2.177966064453125000e+03
-2.715870361328125000e+02
-5.004373474121093750e+02
3.748677825927734375e+01
-3.345558404922485352e+00
-5.735301017761230469e+00
-4.033730030059814453e+00
-5.370759010314941406e+00
-6.556371688842773438e+00
-1.080715408325195312e+02
-2.762727294921875000e+03
-3.239145019531250000e+03
-1.522380615234375000e+03
-2.807574157714843750e+02
-5.343002319335937500e+02
3.128153038024902344e+01
3.068699836730957031e+00
-6.251335620880126953e+00
-4.613642215728759766e+00
-4.995406150817871094e+00
5.849521636962890625e+00
-7.958782958984375000e+01
-1.854957031250000000e+03
-7.107352294921875000e+02
-1.260032470703125000e+03
-3.198078613281250000e+02
-6.218980712890625000e+02
2.504929733276367188e+01
1.278537940979003906e+01
-6.620696544647216797e+00
-2.466044902801513672e+00
-5.210669636726379395e-01
6.609321117401123047e+00
-3.610003280639648438e+01
-9.233556518554687500e+02
-3.054173278808593750e+02
-3.781996154785156250e+02
-5.976541748046875000e+02
-5.053402709960937500e+02
-4.745894432067871094e+00
-5.987702369689941406e+00
1.537594509124755859e+01
-1.870336294174194336e+00
4.452158451080322266e+00
2.113702583312988281e+01
-1.425602793693542480e+00
-6.239867553710937500e+02
-4.931541137695312500e+02
-4.457122802734375000e+02
-5.267511596679687500e+02
-1.279494705200195312e+02
-3.830422210693359375e+01
-7.197399616241455078e+00
-3.965974569320678711e+00
1.187431335449218750e+01
9.436652183532714844e+00
3.200012588500976562e+01
2.097070884704589844e+01
-6.068225708007812500e+02
-4.955504760742187500e+02
-4.542621459960937500e+02
-5.327124023437500000e+02
-1.381348419189453125e+02
-3.521330642700195312e+01
-6.710769653320312500e+00
-6.148527622222900391e+00
1.367633724212646484e+01
8.682361602783203125e+00
3.181280326843261719e+01
2.091984367370605469e+01
-9.017275390625000000e+02
-3.199319152832031250e+02
-3.747359313964843750e+02
-6.052915649414062500e+02
-5.216127929687500000e+02
-3.487731695175170898e+00
-5.765223503112792969e+00
1.735526657104492188e+01
-4.812370777130126953e+00
4.959666252136230469e+00
2.015824508666992188e+01
-2.348809719085693359e+00
-1.826199707031250000e+03
-7.072893066406250000e+02
-1.283680297851562500e+03
-3.159693298339843750e+02
-6.243153686523437500e+02
2.542974662780761719e+01
1.455793380737304688e+01
-7.851615428924560547e+00
-5.723736286163330078e+00
-1.675370037555694580e-01
4.829824447631835938e+00
-3.642724990844726562e+01
-2.741937500000000000e+03
-3.228852294921875000e+03
-1.534147338867187500e+03
-2.763681335449218750e+02
-5.353858642578125000e+02
3.171428298950195312e+01
3.905754804611206055e+00
-7.998560428619384766e+00
-6.751961231231689453e+00
-4.970242023468017578e+00
4.379363536834716797e+00
-7.889235687255859375e+01
5.788135910034179688e+01
1.608105316162109375e+02
1.539203548431396484e+01
-1.160867309570312500e+01
4.348428249359130859e+00
2.235215902328491211e+00
4.879452288150787354e-01
1.099406480789184570e+00
-1.332245826721191406e+00
-9.064160585403442383e-01
2.909566402435302734e+00
3.773126363754272461e+00
9.229281616210937500e+01
1.020125122070312500e+02
8.756518363952636719e+00
-9.559609413146972656e+00
6.716738700866699219e+00
5.656592845916748047e-01
8.865360021591186523e-01
1.947729349136352539e+00
-1.740090012550354004e+00
-2.556155435740947723e-02
1.045125603675842285e+00
1.118807911872863770e+00
3.488683319091796875e+01
1.235781669616699219e+01
-7.188894271850585938e+00
-1.165724396705627441e+00
1.009156322479248047e+01
-8.473041057586669922e-01
8.058795928955078125e-01
2.891357421875000000e+00
-6.612623333930969238e-01
-4.231019318103790283e-02
-2.213526219129562378e-01
2.519135713577270508e+00
1.238121223449707031e+01
-7.501572370529174805e-01
-7.305672645568847656e+00
7.131595611572265625e+00
1.105049252510070801e+00
1.001257672905921936e-01
1.412672996520996094e+00
3.318089619278907776e-02
1.344477415084838867e+00
-6.064890027046203613e-01
1.354161620140075684e+00
1.520468950271606445e+00
1.450008511543273926e+00
-6.427216529846191406e+00
-1.036877059936523438e+01
6.983228206634521484e+00
2.562656402587890625e+00
-6.115578413009643555e-01
4.859445989131927490e-01
1.395548939704895020e+00
6.744470596313476562e-01
2.025824040174484253e-01
1.472789645195007324e+00
2.548542261123657227e+00
-1.480973911285400391e+01
-1.293661296367645264e-01
-9.283257126808166504e-01
-1.813107728958129883e+00
-3.278844118118286133e+00
5.164137482643127441e-01
7.065017819404602051e-01
-3.294034302234649658e-01
8.946271538734436035e-01
4.167264699935913086e-01
1.273253560066223145e+00
2.070457935333251953e+00
-3.258226776123046875e+01
-1.892446517944335938e+00
-7.453074455261230469e+00
-2.954061031341552734e+00
2.706453084945678711e+00
1.589204818010330200e-01
-1.315668344497680664e+00
-2.575717866420745850e-01
5.547584891319274902e-01
-4.318506717681884766e-01
2.636251449584960938e-01
5.546632409095764160e-01
1.631879329681396484e+00
-1.188712978363037109e+01
-7.499554157257080078e+00
-6.143558025360107422e-01
9.736533761024475098e-01
1.790409088134765625e-01
3.013595342636108398e-01
2.404176257550716400e-02
2.394781708717346191e-01
1.971378475427627563e-01
-2.004037141799926758e+00
1.471855640411376953e+00
6.139875030517578125e+01
7.283163452148437500e+01
1.061221981048583984e+01
-2.684014797210693359e+00
2.444524765014648438e+00
1.382709622383117676e+00
7.310217022895812988e-01
-2.047437429428100586e+00
-7.699056267738342285e-01
3.861089646816253662e-01
2.415780276060104370e-01
2.036555260419845581e-01
2.359748779296875000e+03
1.358691528320312500e+03
1.051345825195312500e+03
2.467986450195312500e+02
3.433262634277343750e+02
-3.538252639770507812e+01
8.727551460266113281e+00
1.480647659301757812e+01
8.652474403381347656e+00
-1.131762313842773438e+01
-4.007714843750000000e+01
9.333778381347656250e+00
1.920538208007812500e+03
1.623004150390625000e+03
2.562287292480468750e+02
8.845977172851562500e+02
3.376577453613281250e+02
-3.149605751037597656e+01
8.546229362487792969e+00
1.794846343994140625e+01
9.545085906982421875e+00
-5.945583820343017578e+00
-2.742501068115234375e+01
2.184817314147949219e+00
7.828721313476562500e+02
1.157969848632812500e+03
2.857847900390625000e+02
6.257011108398437500e+02
3.381655883789062500e+02
-5.412433147430419922e+00
-4.150866031646728516e+00
1.262430763244628906e+01
1.214286899566650391e+01
-1.131822347640991211e+00
-1.393411636352539062e+01
-1.261702442169189453e+01
6.774512329101562500e+02
2.430562133789062500e+02
3.194338989257812500e+02
2.818733215332031250e+02
4.110916442871093750e+02
5.340271377563476562e+01
1.134893798828125000e+01
-1.028987216949462891e+01
1.125626945495605469e+01
-6.117698669433593750e+00
-3.074247932434082031e+01
-3.352708816528320312e+01
5.179115600585937500e+02
4.261239624023437500e+02
1.551647033691406250e+02
2.333666381835937500e+02
2.136102447509765625e+02
9.479972839355468750e+01
1.204479026794433594e+01
9.266465187072753906e+00
-1.237398624420166016e+01
-7.584535121917724609e+00
-4.665516662597656250e+01
-4.306186294555664062e+01
5.210623779296875000e+02
4.294921875000000000e+02
1.487642059326171875e+02
2.429947204589843750e+02
2.027956390380859375e+02
1.000154113769531250e+02
1.226136589050292969e+01
8.730178833007812500e+00
-8.001795768737792969e+00
-1.112930107116699219e+01
-4.654039001464843750e+01
-4.313333129882812500e+01
6.827993164062500000e+02
2.296501007080078125e+02
3.163370056152343750e+02
2.885815734863281250e+02
3.989762573242187500e+02
5.646469879150390625e+01
1.219354820251464844e+01
-6.819298744201660156e+00
1.022870063781738281e+01
-7.896274566650390625e+00
-3.111579132080078125e+01
-3.269609451293945312e+01
7.293530273437500000e+02
1.165497070312500000e+03
2.796235046386718750e+02
6.129389648437500000e+02
3.429675903320312500e+02
-1.870924830436706543e+00
-2.805618286132812500e+00
1.321850299835205078e+01
1.118641948699951172e+01
-3.221265316009521484e+00
-1.494790077209472656e+01
-1.237102127075195312e+01
1.913525146484375000e+03
1.466854492187500000e+03
2.527946929931640625e+02
8.719634399414062500e+02
3.383829956054687500e+02
-2.920549011230468750e+01
8.390018463134765625e+00
1.786371803283691406e+01
8.974040031433105469e+00
-8.210738182067871094e+00
-2.833765792846679688e+01
2.427024602890014648e+00
3.005915527343750000e+03
1.455302124023437500e+03
4.317769165039062500e+02
7.387820434570312500e+02
3.954346618652343750e+02
-5.566102981567382812e+01
1.865134048461914062e+01
5.224720001220703125e+01
-7.123460769653320312e+00
1.404523181915283203e+01
-5.177769851684570312e+01
-4.959112167358398438e+01
1.659689331054687500e+03
2.340319335937500000e+03
4.623679199218750000e+02
6.270247802734375000e+02
3.584804382324218750e+02
-3.373171615600585938e+01
1.018091297149658203e+01
5.704947280883789062e+01
3.133917808532714844e+00
-7.999931812286376953e+00
-5.752337265014648438e+01
-5.657379150390625000e+01
8.794379272460937500e+02
1.789776000976562500e+03
5.425863037109375000e+02
4.786080932617187500e+02
2.628839111328125000e+02
2.774543952941894531e+01
-2.145844459533691406e+01
4.798566818237304688e+01
8.352555274963378906e+00
-1.570857715606689453e+01
-3.288261413574218750e+01
-7.224764251708984375e+01
2.295359954833984375e+02
1.111588378906250000e+03
6.669215087890625000e+02
1.691620788574218750e+02
3.671264953613281250e+02
1.283304290771484375e+02
-4.057886123657226562e+01
1.793155288696289062e+01
2.213843154907226562e+01
-1.014695358276367188e+01
-4.569731903076171875e+01
-9.067336273193359375e+01
6.951447753906250000e+02
2.319366149902343750e+02
7.054475097656250000e+02
1.203411026000976562e+02
2.400439605712890625e+02
1.919837341308593750e+02
-3.961591720581054688e+01
-1.594127655029296875e+01
2.278764343261718750e+01
-1.984082937240600586e+00
-8.166552734375000000e+01
-9.271915435791015625e+01
6.782506713867187500e+02
2.359105987548828125e+02
7.103597412109375000e+02
1.161237106323242188e+02
2.316653747558593750e+02
2.015591125488281250e+02
-3.673561477661132812e+01
-1.728589248657226562e+01
2.234821891784667969e+01
-4.279432296752929688e+00
-8.136708068847656250e+01
-9.226217651367187500e+01
2.110586547851562500e+02
1.099172973632812500e+03
6.826218261718750000e+02
1.735667724609375000e+02
3.610347900390625000e+02
1.349568481445312500e+02
-3.576736450195312500e+01
1.584305381774902344e+01
2.058804321289062500e+01
-1.287884807586669922e+01
-4.556236267089843750e+01
-8.891434478759765625e+01
8.331436157226562500e+02
1.791115478515625000e+03
5.512597045898437500e+02
4.795528259277343750e+02
2.700122680664062500e+02
3.367811584472656250e+01
-1.960917282104492188e+01
4.748677444458007812e+01
6.113067150115966797e+00
-1.898103332519531250e+01
-3.285644149780273438e+01
-7.123332977294921875e+01
1.553637207031250000e+03
2.313832031250000000e+03
4.630690002441406250e+02
6.308955688476562500e+02
3.644253234863281250e+02
-3.137980461120605469e+01
1.003716754913330078e+01
5.757203674316406250e+01
2.864378929138183594e+00
-1.198318672180175781e+01
-5.726493453979492188e+01
-5.617985153198242188e+01
1.388566040039062500e+03
2.184606445312500000e+03
4.401014404296875000e+02
4.982255554199218750e+02
3.209898071289062500e+02
-4.656228256225585938e+01
2.545410346984863281e+01
-3.706841278076171875e+01
3.690647125244140625e+01
2.787166357040405273e+00
-6.034741210937500000e+01
-1.075772857666015625e+02
1.423544311523437500e+03
1.908508911132812500e+03
4.612337341308593750e+02
4.585812377929687500e+02
2.201180114746093750e+02
-3.952042758464813232e-02
1.890190696716308594e+01
-1.903516197204589844e+01
3.440560531616210938e+01
-3.941244125366210938e+00
-4.652832031250000000e+01
-1.166678390502929688e+02
9.463090209960937500e+02
1.495942382812500000e+03
5.363731689453125000e+02
1.393281402587890625e+02
3.490266723632812500e+02
9.773646545410156250e+01
-1.045944786071777344e+01
-1.400582218170166016e+01
3.490610885620117188e+01
-4.043344974517822266e+00
-5.475146865844726562e+01
-1.302865600585937500e+02
2.595284729003906250e+02
1.185993896484375000e+03
6.563419799804687500e+02
6.577981567382812500e+01
3.427163391113281250e+02
2.143174285888671875e+02
-3.511814117431640625e+01
-1.730149459838867188e+01
3.871390914916992188e+01
-6.334541320800781250e+00
-5.248174285888671875e+01
-1.360174713134765625e+02
2.918514060974121094e+01
5.892579956054687500e+02
5.351792602539062500e+02
3.578198852539062500e+02
3.202512817382812500e+02
2.966384582519531250e+02
-5.747980117797851562e+01
-3.196462631225585938e+01
3.600278854370117188e+01
1.545844936370849609e+01
-9.456005096435546875e+01
-1.215744247436523438e+02
2.504596900939941406e+01
5.835925903320312500e+02
5.308031616210937500e+02
3.680007934570312500e+02
3.106361694335937500e+02
3.067560729980468750e+02
-5.053305435180664062e+01
-3.767644119262695312e+01
3.229259490966796875e+01
1.646156311035156250e+01
-9.328832244873046875e+01
-1.214490737915039062e+02
2.463414611816406250e+02
1.141736694335937500e+03
6.717937011718750000e+02
6.284755325317382812e+01
3.369443054199218750e+02
2.224929351806640625e+02
-3.001268005371093750e+01
-2.470204925537109375e+01
3.486192321777343750e+01
-4.653594493865966797e+00
-5.212912368774414062e+01
-1.344591217041015625e+02
9.276481323242187500e+02
1.465552368164062500e+03
5.502510375976562500e+02
1.479822540283203125e+02
3.519411315917968750e+02
1.038408584594726562e+02
-8.588679313659667969e+00
-2.332492828369140625e+01
3.360374450683593750e+01
-1.845597863197326660e+00
-5.356359481811523438e+01
-1.297008972167968750e+02
1.413941406250000000e+03
1.921842895507812500e+03
4.679572753906250000e+02
4.617593383789062500e+02
2.295428161621093750e+02
1.970122456550598145e+00
1.905716133117675781e+01
-2.608112144470214844e+01
3.441911315917968750e+01
-2.532274723052978516e+00
-4.542951202392578125e+01
-1.168391876220703125e+02
1.126984985351562500e+03
1.359819946289062500e+03
3.344124145507812500e+02
4.059966735839843750e+02
4.874697113037109375e+01
1.093766880035400391e+01
1.603684616088867188e+01
-7.451040649414062500e+01
-1.603236198425292969e+01
4.104489517211914062e+01
-2.018937492370605469e+01
-8.727368164062500000e+01
1.068532592773437500e+03
1.238959106445312500e+03
3.586932678222656250e+02
3.812915649414062500e+02
-5.923679828643798828e+00
4.562164306640625000e+01
2.262149238586425781e+01
-5.794002532958984375e+01
-1.044659519195556641e+01
4.120787048339843750e+01
-2.684118652343750000e+01
-9.226679229736328125e+01
8.006944580078125000e+02
9.409985351562500000e+02
3.965602722167968750e+02
-5.726148605346679688e+01
3.435284423828125000e+02
1.406906738281250000e+02
-2.369193792343139648e+00
-4.179545593261718750e+01
3.801324367523193359e+00
4.051173400878906250e+01
-7.731770324707031250e+01
-1.047061538696289062e+02
3.035322265625000000e+02
6.336715698242187500e+02
-9.153451919555664062e+00
4.521208801269531250e+02
3.730294494628906250e+02
2.515771179199218750e+02
-2.830144119262695312e+01
-3.094662666320800781e+01
1.074329280853271484e+01
4.018275451660156250e+01
-8.584157562255859375e+01
-1.221363143920898438e+02
1.891030311584472656e+01
-4.572477340698242188e+01
5.593510131835937500e+02
5.276824951171875000e+02
3.826091613769531250e+02
3.303139953613281250e+02
-3.064653396606445312e+01
-2.528717422485351562e+01
2.075020027160644531e+01
3.450313568115234375e+01
-8.102487945556640625e+01
-1.083053894042968750e+02
1.162678241729736328e+01
-3.604037094116210938e+01
5.569603271484375000e+02
5.315161743164062500e+02
3.793291015625000000e+02
3.349663085937500000e+02
-2.366151237487792969e+01
-3.320859527587890625e+01
2.020714569091796875e+01
3.357693099975585938e+01
-7.919783020019531250e+01
-1.070111083984375000e+02
2.982194824218750000e+02
6.312293701171875000e+02
-1.280591964721679688e+01
4.544892578125000000e+02
3.693696594238281250e+02
2.549440155029296875e+02
-2.370100021362304688e+01
-3.977579116821289062e+01
9.893566131591796875e+00
3.860416412353515625e+01
-8.528764343261718750e+01
-1.189730758666992188e+02
8.101470947265625000e+02
9.209159545898437500e+02
3.994450073242187500e+02
-5.674291992187500000e+01
3.424837036132812500e+02
1.414068298339843750e+02
1.391408801078796387e+00
-4.965211105346679688e+01
2.978221178054809570e+00
3.998539733886718750e+01
-7.825633239746093750e+01
-1.032840652465820312e+02
1.077118286132812500e+03
1.226217407226562500e+03
3.619757080078125000e+02
3.831009826660156250e+02
-1.601984024047851562e+00
4.450267791748046875e+01
2.379049110412597656e+01
-6.188420104980468750e+01
-9.947634696960449219e+00
4.208311080932617188e+01
-2.555174636840820312e+01
-9.161783599853515625e+01
8.245710449218750000e+02
6.733850097656250000e+02
2.527434539794921875e+02
-1.004732513427734375e+02
3.036092834472656250e+02
7.317700862884521484e+00
5.651455402374267578e+00
1.666724205017089844e+01
1.407285118103027344e+01
5.070499420166015625e+01
-5.732757568359375000e+01
-1.153762283325195312e+02
7.494692993164062500e+02
6.399695434570312500e+02
2.295478210449218750e+02
-8.823666381835937500e+01
3.200771179199218750e+02
3.842106246948242188e+01
1.467835998535156250e+01
-1.325726890563964844e+01
2.397998619079589844e+01
5.049973297119140625e+01
-5.458881378173828125e+01
-1.215328521728515625e+02
5.797386474609375000e+02
4.747584228515625000e+02
-1.116125183105468750e+02
2.641960144042968750e+02
3.603219299316406250e+02
1.000375137329101562e+02
3.831525087356567383e+00
-3.297344207763671875e+01
8.835362434387207031e+00
3.789054107666015625e+01
-5.593672561645507812e+01
-1.346101379394531250e+02
3.174472656250000000e+02
-2.400785064697265625e+01
1.990647888183593750e+02
3.048905944824218750e+02
3.552864990234375000e+02
1.878273773193359375e+02
-6.527226924896240234e+00
-2.764940452575683594e+01
1.390236473083496094e+01
3.441030883789062500e+01
-7.818110656738281250e+01
-1.317441101074218750e+02
4.851592636108398438e+01
-9.967645263671875000e+01
3.415471191406250000e+02
3.301694335937500000e+02
3.322138061523437500e+02
2.813890380859375000e+02
-2.310930633544921875e+01
-3.732310104370117188e+01
1.449130249023437500e+01
1.666037940979003906e+01
-1.101433334350585938e+02
-1.272314987182617188e+02
3.601453018188476562e+01
-8.748495483398437500e+01
3.402493896484375000e+02
3.267914733886718750e+02
3.354992065429687500e+02
2.801813964843750000e+02
-1.959475326538085938e+01
-3.953137207031250000e+01
1.258998203277587891e+01
1.718074798583984375e+01
-1.096300201416015625e+02
-1.260018005371093750e+02
3.118936157226562500e+02
-1.632528543472290039e+00
1.969278106689453125e+02
3.007703552246093750e+02
3.570969238281250000e+02
1.877925262451171875e+02
-4.000006198883056641e+00
-2.938691329956054688e+01
1.222305583953857422e+01
3.337643432617187500e+01
-7.850356292724609375e+01
-1.277624130249023438e+02
5.891065063476562500e+02
4.712148132324218750e+02
-1.141514968872070312e+02
2.602810058593750000e+02
3.620537414550781250e+02
9.870806121826171875e+01
6.929331302642822266e+00
-3.321952819824218750e+01
7.892318248748779297e+00
3.740685653686523438e+01
-5.535217666625976562e+01
-1.306373138427734375e+02
7.607568969726562500e+02
6.223409423828125000e+02
2.292153778076171875e+02
-9.050351715087890625e+01
3.197971191406250000e+02
3.773043060302734375e+01
1.603136634826660156e+01
-1.270144176483154297e+01
2.285470199584960938e+01
4.952191925048828125e+01
-5.321350479125976562e+01
-1.205786437988281250e+02
4.798967895507812500e+02
2.352948760986328125e+02
-1.022664718627929688e+02
9.507151794433593750e+01
2.617854919433593750e+02
-2.370913314819335938e+01
-4.091809749603271484e+00
5.160842132568359375e+01
3.848031616210937500e+01
3.917224121093750000e+01
-4.556676483154296875e+01
-1.330534210205078125e+02
4.009356994628906250e+02
3.154106140136718750e+02
-1.271893615722656250e+02
1.221179275512695312e+02
2.699868164062500000e+02
-4.600244045257568359e+00
-2.614566802978515625e+00
3.871018981933593750e+01
3.990155029296875000e+01
3.096376419067382812e+01
-5.417982864379882812e+01
-1.369814758300781250e+02
3.495267028808593750e+02
1.791576538085937500e+02
-1.251206893920898438e+02
1.349454498291015625e+02
2.603610229492187500e+02
1.963550376892089844e+01
-9.520842552185058594e+00
1.820151329040527344e+01
1.926475715637207031e+01
9.927697181701660156e+00
-6.316693878173828125e+01
-1.463018646240234375e+02
1.976368560791015625e+02
-1.094028167724609375e+02
1.543893890380859375e+02
1.425920410156250000e+02
2.349081878662109375e+02
5.817590332031250000e+01
-1.509007740020751953e+01
-1.171128034591674805e+00
1.616310310363769531e+01
1.427731037139892578e+00
-6.320228576660156250e+01
-1.431570587158203125e+02
5.292121124267578125e+01
-7.278375244140625000e+01
1.587869873046875000e+02
1.466214752197265625e+02
1.801334075927734375e+02
1.253746032714843750e+02
-2.739295196533203125e+01
-2.837979316711425781e+01
1.562720108032226562e+01
-1.378995180130004883e+00
-8.904878234863281250e+01
-1.290189666748046875e+02
4.010359954833984375e+01
-6.259023666381835938e+01
1.519355773925781250e+02
1.528820800781250000e+02
1.954209442138671875e+02
1.173105773925781250e+02
-3.649255752563476562e+01
-1.518383789062500000e+01
1.003475761413574219e+01
4.980484485626220703e+00
-9.220668792724609375e+01
-1.271364212036132812e+02
1.800535736083984375e+02
-1.007173995971679688e+02
1.443776550292968750e+02
1.439362792968750000e+02
2.461664276123046875e+02
5.585935211181640625e+01
-1.785365867614746094e+01
9.860947608947753906e+00
1.345923995971679688e+01
5.379382610321044922e+00
-6.303482818603515625e+01
-1.413385772705078125e+02
3.431145324707031250e+02
1.946812438964843750e+02
-1.062779159545898438e+02
1.362995452880859375e+02
2.662667236328125000e+02
1.720899963378906250e+01
-7.978272914886474609e+00
2.461525917053222656e+01
1.947151947021484375e+01
9.883669853210449219e+00
-6.000163650512695312e+01
-1.423906097412109375e+02
4.045764160156250000e+02
3.245568542480468750e+02
-1.289326477050781250e+02
1.255880279541015625e+02
2.735879516601562500e+02
-5.855135917663574219e+00
-5.204699039459228516e-01
4.224887084960937500e+01
4.108762741088867188e+01
2.893358230590820312e+01
-5.176591873168945312e+01
-1.352888641357421875e+02
6.564282894134521484e+00
-4.321995735168457031e+00
-7.008285999298095703e+00
1.995559930801391602e+00
2.712815284729003906e+00
3.651657581329345703e+00
-3.284932971000671387e-01
-5.437876582145690918e-01
-7.212089896202087402e-01
-5.942874550819396973e-01
1.811475515365600586e+00
2.635053157806396484e+00
-1.870705634355545044e-01
-2.022140979766845703e+00
-1.007757854461669922e+01
2.357030868530273438e+00
-1.141206622123718262e-01
2.055105209350585938e+00
3.678492307662963867e-01
-4.877080917358398438e+00
-2.491548061370849609e+00
-2.005579233169555664e+00
-1.144359350204467773e+00
2.307947427034378052e-01
-2.197933912277221680e+00
-1.075063037872314453e+01
1.722727537155151367e+00
1.365321397781372070e+00
9.286831617355346680e-01
-6.984737396240234375e+00
-1.278259605169296265e-01
-5.869343280792236328e+00
-5.189366340637207031e+00
-3.567946910858154297e+00
-4.959017276763916016e+00
-1.776609718799591064e-01
4.152864933013916016e+00
-3.255474328994750977e+00
3.774852991104125977e+00
-2.576126098632812500e+00
-5.594695091247558594e+00
1.315436840057373047e+00
9.843717217445373535e-01
-9.436506271362304688e+00
-7.192599177360534668e-01
-1.318196177482604980e+00
-5.674650192260742188e+00
-8.242914676666259766e-01
-2.982080355286598206e-02
-1.955815434455871582e+00
2.413883686065673828e+00
-6.959996700286865234e+00
-2.235898733139038086e+00
7.570141553878784180e-01
9.775473594665527344e+00
-1.286590480804443359e+01
-1.961346983909606934e+00
8.889804482460021973e-01
-7.436738967895507812e+00
9.147660255432128906e+00
-5.233898162841796875e+00
-1.876625657081604004e+00
-4.136601448059082031e+00
2.306579828262329102e+00
4.412880420684814453e+00
-1.852147340774536133e+00
-9.196119308471679688e+00
1.099274921417236328e+01
9.675865620374679565e-02
-1.721545457839965820e+00
5.549355030059814453e+00
-1.635305285453796387e+00
-1.517706108093261719e+01
2.737985849380493164e+00
2.096820592880249023e+00
2.273735284805297852e+00
9.223242759704589844e+00
4.283477962017059326e-01
-3.866414546966552734e+00
7.354088306427001953e+00
1.242359995841979980e+00
-3.360942602157592773e-01
2.831023931503295898e+00
-5.022211074829101562e+00
-8.654951095581054688e+00
7.099043846130371094e+00
5.705420494079589844e+00
1.315906047821044922e+00
6.639278411865234375e+00
-4.902087211608886719e+00
-7.534944415092468262e-01
3.397728204727172852e+00
-2.279639959335327148e+00
9.555911421775817871e-01
4.726478755474090576e-01
-1.655699968338012695e+00
-3.251731157302856445e+00
6.843885421752929688e+00
1.200468349456787109e+01
1.522404551506042480e+00
3.776032686233520508e+00
4.192790985107421875e+00
9.101029634475708008e-01
1.134688377380371094e+00
-9.486872553825378418e-01
-1.172024607658386230e-01
3.916060924530029297e+00
1.270385384559631348e+00
-4.870733642578125000e+02
-2.252109680175781250e+02
9.765106964111328125e+01
-8.912943267822265625e+01
-2.572315673828125000e+02
2.959945869445800781e+01
2.758230209350585938e+00
-5.527743530273437500e+01
-4.003184509277343750e+01
-4.277201843261718750e+01
4.568076324462890625e+01
1.320575714111328125e+02
-4.065487670898437500e+02
-3.145789489746093750e+02
1.252254791259765625e+02
-1.183909301757812500e+02
-2.713501586914062500e+02
1.630009078979492188e+01
3.558737993240356445e+00
-4.359097290039062500e+01
-4.287280273437500000e+01
-3.038753700256347656e+01
4.956848907470703125e+01
1.363048858642578125e+02
-3.553642272949218750e+02
-1.825855255126953125e+02
1.055454330444335938e+02
-1.311018218994140625e+02
-2.604165649414062500e+02
-1.668189239501953125e+01
1.033386325836181641e+01
-2.548950004577636719e+01
-2.488623046875000000e+01
-7.596842765808105469e+00
5.711748886108398438e+01
1.457389678955078125e+02
-1.905400695800781250e+02
9.806465911865234375e+01
-1.468320617675781250e+02
-1.395623626708984375e+02
-2.395455780029296875e+02
-5.403684997558593750e+01
1.920731544494628906e+01
-1.185635566711425781e+01
-1.385531044006347656e+01
-3.034323453903198242e+00
5.904015350341796875e+01
1.469684448242187500e+02
-4.753448867797851562e+01
6.426008605957031250e+01
-1.576562805175781250e+02
-1.467238922119140625e+02
-1.880202178955078125e+02
-1.163416290283203125e+02
3.132398414611816406e+01
1.509099388122558594e+01
-1.357222366333007812e+01
-1.724427342414855957e+00
8.973448944091796875e+01
1.299183959960937500e+02
-5.356471633911132812e+01
7.010951232910156250e+01
-1.557387847900390625e+02
-1.469594268798828125e+02
-1.806593017578125000e+02
-1.200647201538085938e+02
2.332596588134765625e+01
2.529917144775390625e+01
-1.248705291748046875e+01
-3.588302850723266602e+00
9.190256500244140625e+01
1.272573242187500000e+02
-2.000106353759765625e+02
1.096225662231445312e+02
-1.483645782470703125e+02
-1.421581115722656250e+02
-2.340288085937500000e+02
-5.542910766601562500e+01
1.447107982635498047e+01
-5.429480552673339844e+00
-1.176891136169433594e+01
-5.795778274536132812e+00
6.068899917602539062e+01
1.451954193115234375e+02
-3.551446533203125000e+02
-1.704166717529296875e+02
1.155764617919921875e+02
-1.337279205322265625e+02
-2.583561706542968750e+02
-1.683341026306152344e+01
7.271168231964111328e+00
-2.296026420593261719e+01
-2.018320083618164062e+01
-9.884033203125000000e+00
5.741100692749023438e+01
1.464653778076171875e+02
-4.027031860351562500e+02
-3.031894531250000000e+02
1.296517181396484375e+02
-1.200945968627929688e+02
-2.694588623046875000e+02
1.480587863922119141e+01
2.325998544692993164e+00
-4.271187591552734375e+01
-3.835153961181640625e+01
-3.274024963378906250e+01
4.948793411254882812e+01
1.354577178955078125e+02
-8.214255371093750000e+02
-6.611159667968750000e+02
-2.465368499755859375e+02
1.027560348510742188e+02
-3.063200683593750000e+02
-4.778102397918701172e+00
-5.056033134460449219e+00
-2.148388481140136719e+01
-1.307341289520263672e+01
-4.830450439453125000e+01
6.078753662109375000e+01
1.162074813842773438e+02
-7.593473510742187500e+02
-6.108131713867187500e+02
-2.236213531494140625e+02
8.956000518798828125e+01
-3.210974731445312500e+02
-3.287804031372070312e+01
-1.360158538818359375e+01
8.051627159118652344e+00
-1.833939170837402344e+01
-4.270459747314453125e+01
5.270002365112304688e+01
1.200316162109375000e+02
-5.836353759765625000e+02
-4.551225280761718750e+02
1.117290573120117188e+02
-2.549422149658203125e+02
-3.566805114746093750e+02
-9.161241149902343750e+01
-4.928903102874755859e+00
3.367493057250976562e+01
-7.743516921997070312e+00
-3.197829246520996094e+01
5.910651016235351562e+01
1.308954925537109375e+02
-3.099361572265625000e+02
1.778203773498535156e+01
-2.097328033447265625e+02
-2.964139099121093750e+02
-3.494400634765625000e+02
-1.796553039550781250e+02
4.956022262573242188e+00
2.887481689453125000e+01
-1.328798770904541016e+01
-3.123231315612792969e+01
7.639858245849609375e+01
1.327402954101562500e+02
-3.572631072998046875e+01
8.776910400390625000e+01
-3.404413757324218750e+02
-3.270498962402343750e+02
-3.209989013671875000e+02
-2.760386352539062500e+02
2.069536590576171875e+01
3.645175170898437500e+01
-1.155510330200195312e+01
-1.248909950256347656e+01
1.083847274780273438e+02
1.306507415771484375e+02
-4.439330291748046875e+01
9.782914733886718750e+01
-3.358860168457031250e+02
-3.310748901367187500e+02
-3.317485046386718750e+02
-2.673039245605468750e+02
2.217356681823730469e+01
3.514307785034179688e+01
-9.036461830139160156e+00
-1.635696601867675781e+01
1.110113830566406250e+02
1.274042739868164062e+02
-3.188867492675781250e+02
3.063646888732910156e+01
-2.067486267089843750e+02
-2.983362121582031250e+02
-3.587981872558593750e+02
-1.776179199218750000e+02
5.644096374511718750e+00
2.557132720947265625e+01
-1.100512886047363281e+01
-3.715644073486328125e+01
7.348954772949218750e+01
1.310936584472656250e+02
-5.912918701171875000e+02
-4.553406677246093750e+02
1.080217742919921875e+02
-2.556432800292968750e+02
-3.626919555664062500e+02
-9.043537902832031250e+01
-4.563499450683593750e+00
2.942700576782226562e+01
-6.693217754364013672e+00
-3.742592239379882812e+01
5.518576812744140625e+01
1.306252136230468750e+02
-7.590251464843750000e+02
-6.115515747070312500e+02
-2.224677581787109375e+02
8.749383544921875000e+01
-3.234357910156250000e+02
-3.398213195800781250e+01
-1.354943561553955078e+01
4.331143379211425781e+00
-1.802055549621582031e+01
-4.646391677856445312e+01
5.139494705200195312e+01
1.197758102416992188e+02
-1.129472900390625000e+03
-1.355291992187500000e+03
-3.373857727050781250e+02
-4.074105529785156250e+02
-4.700122451782226562e+01
-1.339951419830322266e+01
-1.397615718841552734e+01
6.736127471923828125e+01
1.892663955688476562e+01
-4.159681701660156250e+01
2.554615974426269531e+01
9.118299865722656250e+01
-1.080657592773437500e+03
-1.222071533203125000e+03
-3.679433898925781250e+02
-3.865878295898437500e+02
-1.537217378616333008e+00
-4.406406021118164062e+01
-2.386528015136718750e+01
6.009362411499023438e+01
1.626740455627441406e+01
-4.071706008911132812e+01
2.810277557373046875e+01
9.467590332031250000e+01
-8.014189453125000000e+02
-9.188652954101562500e+02
-4.057666015625000000e+02
5.061798858642578125e+01
-3.417144470214843750e+02
-1.407690124511718750e+02
-3.921841681003570557e-01
4.916386795043945312e+01
-2.914585113525390625e+00
-3.819354248046875000e+01
8.007654571533203125e+01
1.063405227661132812e+02
-2.950464172363281250e+02
-6.177574462890625000e+02
9.495168685913085938e+00
-4.566555786132812500e+02
-3.658961791992187500e+02
-2.519045562744140625e+02
2.554197120666503906e+01
3.680897521972656250e+01
-8.737583160400390625e+00
-3.814533615112304688e+01
8.676304626464843750e+01
1.209232177734375000e+02
-9.703410148620605469e+00
3.985142517089843750e+01
-5.609683837890625000e+02
-5.373647460937500000e+02
-3.676605224609375000e+02
-3.352771911621093750e+02
2.773136520385742188e+01
3.034068107604980469e+01
-1.906022834777832031e+01
-3.295434951782226562e+01
8.057726287841796875e+01
1.066572341918945312e+02
-1.955784988403320312e+01
4.934245300292968750e+01
-5.631814575195312500e+02
-5.290906982421875000e+02
-3.765617675781250000e+02
-3.276662597656250000e+02
2.894523239135742188e+01
2.742089080810546875e+01
-2.073266601562500000e+01
-3.246160125732421875e+01
8.369842529296875000e+01
1.048722610473632812e+02
-3.167645874023437500e+02
-6.269973144531250000e+02
6.323812484741210938e+00
-4.478955078125000000e+02
-3.737331237792968750e+02
-2.500192413330078125e+02
2.629960823059082031e+01
2.994762611389160156e+01
-9.545269012451171875e+00
-3.851458358764648438e+01
8.647717285156250000e+01
1.209178695678710938e+02
-8.186409301757812500e+02
-9.350135498046875000e+02
-3.976291198730468750e+02
5.511780166625976562e+01
-3.432693176269531250e+02
-1.393994445800781250e+02
1.530545353889465332e-01
4.053264236450195312e+01
-3.782962799072265625e+00
-3.955897903442382812e+01
7.705277252197265625e+01
1.056864929199218750e+02
-1.084725463867187500e+03
-1.226354003906250000e+03
-3.643565673828125000e+02
-3.834320983886718750e+02
4.904558181762695312e+00
-4.496791076660156250e+01
-2.336884117126464844e+01
5.285379028320312500e+01
1.573550701141357422e+01
-4.160099411010742188e+01
2.700437736511230469e+01
9.349635314941406250e+01
-1.399226806640625000e+03
-2.169529785156250000e+03
-4.494070129394531250e+02
-5.017269897460937500e+02
-3.113804931640625000e+02
4.712549972534179688e+01
-2.255616950988769531e+01
3.343810653686523438e+01
-3.544491577148437500e+01
-2.849627017974853516e+00
6.152831649780273438e+01
1.060579757690429688e+02
-1.436752441406250000e+03
-1.894338012695312500e+03
-4.715847167968750000e+02
-4.597382507324218750e+02
-2.227630157470703125e+02
-2.637821435928344727e+00
-1.931080436706542969e+01
2.327760887145996094e+01
-3.086046028137207031e+01
-4.497819244861602783e-01
4.911746978759765625e+01
1.182676696777343750e+02
-9.195640869140625000e+02
-1.478607055664062500e+03
-5.509943847656250000e+02
-1.468642730712890625e+02
-3.519410705566406250e+02
-1.049247817993164062e+02
8.070328712463378906e+00
2.161506271362304688e+01
-3.389335632324218750e+01
3.287445545196533203e+00
5.335196685791015625e+01
1.293480072021484375e+02
-2.348310852050781250e+02
-1.137932006835937500e+03
-6.783074951171875000e+02
-5.685707092285156250e+01
-3.361125488281250000e+02
-2.170714263916015625e+02
3.230527496337890625e+01
2.316047859191894531e+01
-3.463932800292968750e+01
4.960797309875488281e+00
5.173041534423828125e+01
1.356667785644531250e+02
-2.129114913940429688e+01
-5.812661743164062500e+02
-5.317260742187500000e+02
-3.697040710449218750e+02
-3.120733947753906250e+02
-3.029298706054687500e+02
5.432839202880859375e+01
3.770245742797851562e+01
-3.155411338806152344e+01
-1.391245841979980469e+01
9.417076110839843750e+01
1.212532958984375000e+02
-2.986213302612304688e+01
-5.895010986328125000e+02
-5.340869140625000000e+02
-3.653330688476562500e+02
-3.158932495117187500e+02
-2.957646484375000000e+02
5.653211212158203125e+01
3.563484573364257812e+01
-3.363084030151367188e+01
-1.423221683502197266e+01
9.529003143310546875e+01
1.206711273193359375e+02
-2.633078613281250000e+02
-1.173713256835937500e+03
-6.638222045898437500e+02
-5.595100402832031250e+01
-3.387216186523437500e+02
-2.130960083007812500e+02
3.315699768066406250e+01
1.756644439697265625e+01
-3.790156555175781250e+01
4.764092922210693359e+00
5.155150222778320312e+01
1.344587554931640625e+02
-9.622372436523437500e+02
-1.512685180664062500e+03
-5.431145629882812500e+02
-1.366290588378906250e+02
-3.464118652343750000e+02
-1.026571197509765625e+02
8.836251258850097656e+00
1.479347324371337891e+01
-3.610686874389648438e+01
1.957523941993713379e+00
5.306929779052734375e+01
1.281525573730468750e+02
-1.445939575195312500e+03
-1.921719726562500000e+03
-4.724726867675781250e+02
-4.540065917968750000e+02
-2.131008605957031250e+02
-1.479983925819396973e+00
-1.876005363464355469e+01
1.891795921325683594e+01
-3.321601104736328125e+01
-3.235980570316314697e-01
4.809199905395507812e+01
1.169246749877929688e+02
-2.958909912109375000e+03
-1.476021118164062500e+03
-4.429925231933593750e+02
-7.544289550781250000e+02
-3.802534790039062500e+02
5.786456680297851562e+01
-1.640064239501953125e+01
-5.589971160888671875e+01
6.038376331329345703e+00
-1.270099544525146484e+01
5.491757202148437500e+01
4.945804214477539062e+01
-1.584067260742187500e+03
-2.325449218750000000e+03
-4.754065856933593750e+02
-6.315081176757812500e+02
-3.508365173339843750e+02
3.184416007995605469e+01
-1.006378650665283203e+01
-5.994274139404296875e+01
1.656758785247802734e+00
1.120909881591796875e+01
5.733448791503906250e+01
5.743323135375976562e+01
-8.415900878906250000e+02
-1.790901489257812500e+03
-5.521398925781250000e+02
-4.863151245117187500e+02
-2.609489135742187500e+02
-3.357435607910156250e+01
1.814662170410156250e+01
-4.854638671875000000e+01
-3.773443937301635742e+00
1.840819549560546875e+01
3.272497940063476562e+01
7.480001068115234375e+01
-2.096609649658203125e+02
-1.099512939453125000e+03
-6.787773437500000000e+02
-1.713625488281250000e+02
-3.592973327636718750e+02
-1.346459808349609375e+02
3.694847106933593750e+01
-1.796602439880371094e+01
-1.950832939147949219e+01
1.245333957672119141e+01
4.715957260131835938e+01
9.250865173339843750e+01
-6.850209960937500000e+02
-2.243945312500000000e+02
-7.096788940429687500e+02
-1.191972656250000000e+02
-2.315901794433593750e+02
-1.961303558349609375e+02
3.748789978027343750e+01
1.765307044982910156e+01
-2.272870826721191406e+01
6.148438453674316406e+00
7.892025756835937500e+01
9.493561553955078125e+01
-7.002673950195312500e+02
-2.308585510253906250e+02
-7.050050659179687500e+02
-1.247594146728515625e+02
-2.359027099609375000e+02
-1.918674011230468750e+02
3.935806274414062500e+01
1.587945747375488281e+01
-2.224934768676757812e+01
3.737954854965209961e+00
7.929984283447265625e+01
9.397863006591796875e+01
-2.260625457763671875e+02
-1.103428710937500000e+03
-6.759512329101562500e+02
-1.687383728027343750e+02
-3.614556274414062500e+02
-1.302466125488281250e+02
3.927297210693359375e+01
-1.782376098632812500e+01
-2.175553703308105469e+01
1.011779308319091797e+01
4.637390899658203125e+01
9.093608856201171875e+01
-8.795157470703125000e+02
-1.827968872070312500e+03
-5.546305541992187500e+02
-4.855541992187500000e+02
-2.534139862060546875e+02
-3.004709815979003906e+01
2.010772514343261719e+01
-4.803369522094726562e+01
-6.988168239593505859e+00
1.510365962982177734e+01
3.210303497314453125e+01
7.308609771728515625e+01
-1.682805664062500000e+03
-2.331739013671875000e+03
-4.821776733398437500e+02
-6.295333862304687500e+02
-3.478905944824218750e+02
3.397804641723632812e+01
-8.728878021240234375e+00
-6.011447143554687500e+01
-1.094490528106689453e+00
8.893119812011718750e+00
5.737335968017578125e+01
5.646563720703125000e+01
-2.319146484375000000e+03
-1.472345581054687500e+03
-1.057521362304687500e+03
-2.484538574218750000e+02
-3.397121276855468750e+02
3.673847961425781250e+01
-7.111047267913818359e+00
-1.434162807464599609e+01
-1.011997509002685547e+01
1.137641620635986328e+01
4.082034683227539062e+01
-7.348622322082519531e+00
-1.905116088867187500e+03
-1.537828247070312500e+03
-2.563191223144531250e+02
-8.773146362304687500e+02
-3.333566894531250000e+02
2.983314704895019531e+01
-7.763000011444091797e+00
-1.913024520874023438e+01
-9.494197845458984375e+00
8.137022018432617188e+00
2.823981094360351562e+01
-4.808421432971954346e-01
-7.504051513671875000e+02
-1.156073120117187500e+03
-2.816906127929687500e+02
-6.118895874023437500e+02
-3.393932495117187500e+02
1.205306291580200195e+00
4.382793426513671875e+00
-1.138567638397216797e+01
-9.918213844299316406e+00
2.516964197158813477e+00
1.377253246307373047e+01
1.443373680114746094e+01
-6.771846923828125000e+02
-2.317318267822265625e+02
-3.145299072265625000e+02
-2.853245239257812500e+02
-4.018721923828125000e+02
-5.915620040893554688e+01
-1.130813789367675781e+01
8.486646652221679688e+00
-9.531512260437011719e+00
8.398798942565917969e+00
3.259693145751953125e+01
3.688697433471679688e+01
-5.168358764648437500e+02
-4.322154541015625000e+02
-1.468818664550781250e+02
-2.358289642333984375e+02
-2.053474731445312500e+02
-1.003042831420898438e+02
-1.269295310974121094e+01
-7.686394691467285156e+00
1.041884422302246094e+01
1.249752998352050781e+01
4.735420989990234375e+01
4.534253692626953125e+01
-5.114712219238281250e+02
-4.288820495605468750e+02
-1.543343505859375000e+02
-2.343618621826171875e+02
-2.118890075683593750e+02
-9.764836120605468750e+01
-1.125648021697998047e+01
-1.009880542755126953e+01
1.297689342498779297e+01
1.030115985870361328e+01
4.816506195068359375e+01
4.442917633056640625e+01
-6.602643432617187500e+02
-2.497828369140625000e+02
-3.139912719726562500e+02
-2.874328613281250000e+02
-4.097132568359375000e+02
-5.677790069580078125e+01
-8.911069869995117188e+00
1.093153476715087891e+01
-1.221862316131591797e+01
7.258489608764648438e+00
3.205727386474609375e+01
3.477537155151367188e+01
-7.681481933593750000e+02
-1.128632446289062500e+03
-2.864568786621093750e+02
-6.202814331054687500e+02
-3.395810852050781250e+02
2.586472988128662109e+00
6.469960689544677734e+00
-1.013924026489257812e+01
-1.245004463195800781e+01
1.658430457115173340e+00
1.265176582336425781e+01
1.262224960327148438e+01
-1.876576049804687500e+03
-1.608725708007812500e+03
-2.569384765625000000e+02
-8.828703002929687500e+02
-3.341204833984375000e+02
3.165562438964843750e+01
-6.772601127624511719e+00
-1.915920257568359375e+01
-1.080081558227539062e+01
6.942002296447753906e+00
2.699832725524902344e+01
-1.162446022033691406e+00
-6.915319213867187500e+02
3.815422363281250000e+02
-8.542166748046875000e+02
-1.593241310119628906e+01
-1.764424896240234375e+02
1.819050598144531250e+01
-7.129236459732055664e-01
1.306590557098388672e+01
-1.252089309692382812e+01
-1.395662903785705566e+00
3.533701896667480469e+00
-1.770262908935546875e+01
-7.919564208984375000e+02
1.936187896728515625e+02
-6.234909057617187500e+02
-1.620670509338378906e+01
-1.847490844726562500e+02
1.012915897369384766e+01
-5.080113887786865234e+00
1.577395534515380859e+01
-1.152193164825439453e+01
-4.060082435607910156e+00
7.774373054504394531e+00
-1.026189136505126953e+01
-3.575492248535156250e+02
5.437033081054687500e+01
-2.411399269104003906e+01
-3.965600280761718750e+02
-2.039749298095703125e+02
3.305465221405029297e+00
-1.032193660736083984e+01
1.727094841003417969e+01
-1.144707870483398438e+01
-6.295740008354187012e-01
3.864528894424438477e+00
-1.960929393768310547e+00
1.223416366577148438e+02
-2.215216979980468750e+02
3.493998050689697266e+00
-2.142997589111328125e+02
-2.245148925781250000e+02
-1.704588127136230469e+01
-1.904106140136718750e+01
1.625271034240722656e+01
-5.940621376037597656e+00
-1.824210166931152344e+00
1.054794502258300781e+01
8.155893325805664062e+00
7.509520721435546875e+01
-7.489836883544921875e+01
-1.159180908203125000e+02
-2.077020416259765625e+02
-8.518454742431640625e+01
-3.150812339782714844e+01
-1.822697448730468750e+01
-6.777216434478759766e+00
8.998119354248046875e+00
3.707903385162353516e+00
1.782485198974609375e+01
1.372293090820312500e+01
4.486134719848632812e+01
-5.224992752075195312e+01
-1.128127365112304688e+02
-2.100449523925781250e+02
-8.953744506835937500e+01
-3.023299789428710938e+01
-1.647598266601562500e+01
-8.374720573425292969e+00
8.888697624206542969e+00
3.695199966430664062e+00
1.785942459106445312e+01
1.360537528991699219e+01
9.548288726806640625e+01
-2.346638488769531250e+02
1.607766723632812500e+01
-2.198354034423828125e+02
-2.229392242431640625e+02
-1.655882072448730469e+01
-1.684611511230468750e+01
1.760287857055664062e+01
-9.272387504577636719e+00
-1.526163816452026367e+00
9.846497535705566406e+00
6.486508369445800781e+00
-3.642562561035156250e+02
2.301238250732421875e+01
-1.892130279541015625e+01
-3.886989135742187500e+02
-2.063029632568359375e+02
3.411305904388427734e+00
-8.133599281311035156e+00
1.506098937988281250e+01
-1.302756500244140625e+01
4.020067751407623291e-01
2.548954486846923828e+00
-3.966969013214111328e+00
-7.828996582031250000e+02
1.841000061035156250e+02
-6.237747802734375000e+02
-9.915021896362304688e+00
-1.857053527832031250e+02
1.322166156768798828e+01
-4.230863094329833984e+00
1.248144149780273438e+01
-1.295333766937255859e+01
-3.179605484008789062e+00
5.820083618164062500e+00
-1.126823425292968750e+01
7.222982788085937500e+02
-3.423343505859375000e+02
8.394274902343750000e+02
2.046960830688476562e+01
1.830795440673828125e+02
-1.764135169982910156e+01
1.617956757545471191e+00
-1.321495628356933594e+01
1.091345024108886719e+01
2.633175134658813477e+00
4.414116144180297852e-01
1.917502975463867188e+01
8.032089843750000000e+02
-1.482197570800781250e+02
6.352033081054687500e+02
1.689608001708984375e+01
1.932794342041015625e+02
-1.298823738098144531e+01
5.455619335174560547e+00
-1.402565002441406250e+01
8.545585632324218750e+00
4.756225109100341797e+00
-5.356940746307373047e+00
1.303752517700195312e+01
3.614165954589843750e+02
-1.643577194213867188e+01
2.247290039062500000e+01
4.000079040527343750e+02
2.085740051269531250e+02
-6.980703830718994141e+00
9.306861877441406250e+00
-1.508484363555908203e+01
9.911108016967773438e+00
3.048528671264648438e+00
-3.995515823364257812e+00
4.118605136871337891e+00
-9.337003326416015625e+01
2.318818817138671875e+02
-1.128303718566894531e+01
2.195863494873046875e+02
2.248799591064453125e+02
1.413817119598388672e+01
1.749361419677734375e+01
-1.692589950561523438e+01
7.354022502899169922e+00
4.688614845275878906e+00
-7.460138320922851562e+00
-4.988319873809814453e+00
-5.340323638916015625e+01
5.461512374877929688e+01
1.103622283935546875e+02
2.059911956787109375e+02
9.384555053710937500e+01
2.800115966796875000e+01
1.856582260131835938e+01
9.830040931701660156e+00
-9.016248703002929688e+00
-1.398826122283935547e+00
-1.505094432830810547e+01
-1.155672740936279297e+01
-7.216932678222656250e+01
6.298133850097656250e+01
1.123498382568359375e+02
2.071873474121093750e+02
8.732847595214843750e+01
2.923967170715332031e+01
1.939370727539062500e+01
9.055444717407226562e+00
-6.916849613189697266e+00
-2.642678260803222656e+00
-1.482966518402099609e+01
-1.164880084991455078e+01
-1.141406021118164062e+02
2.153270721435546875e+02
-6.638464927673339844e+00
2.185550384521484375e+02
2.191918640136718750e+02
1.459672737121582031e+01
1.785630989074707031e+01
-1.575359439849853516e+01
6.339648723602294922e+00
3.745786428451538086e+00
-8.108056068420410156e+00
-5.693277359008789062e+00
3.358548583984375000e+02
-3.393792724609375000e+01
2.112805747985839844e+01
3.979076843261718750e+02
2.076214752197265625e+02
-6.202775478363037109e+00
1.042870235443115234e+01
-1.696607017517089844e+01
1.040940761566162109e+01
2.925614833831787109e+00
-5.429144382476806641e+00
2.682509899139404297e+00
7.885744018554687500e+02
-1.722708282470703125e+02
6.316835937500000000e+02
1.725652122497558594e+01
1.930075531005859375e+02
-1.049439525604248047e+01
5.640703201293945312e+00
-1.673828506469726562e+01
9.003016471862792969e+00
4.796497344970703125e+00
-7.707523822784423828e+00
1.216016674041748047e+01
1.252893066406250000e+03
8.559049072265625000e+02
1.810424652099609375e+02
4.077146301269531250e+02
2.547174072265625000e+02
-2.885598373413085938e+01
6.842108249664306641e+00
2.152740287780761719e+01
1.211970806121826172e+01
-1.421735668182373047e+01
-2.747525787353515625e+01
-6.534825134277343750e+01
1.046621582031250000e+03
8.938046264648437500e+02
1.909955902099609375e+02
3.800955810546875000e+02
2.084439544677734375e+02
-8.248546600341796875e+00
9.366774559020996094e+00
2.687782859802246094e+01
1.108672332763671875e+01
-1.820150947570800781e+01
-3.748106765747070312e+01
-6.861364746093750000e+01
5.777889404296875000e+02
6.814199829101562500e+02
2.157484283447265625e+02
2.943159179687500000e+02
1.535694580078125000e+02
5.524921798706054688e+01
2.179213762283325195e+00
1.586442852020263672e+01
1.638980674743652344e+01
-1.050052356719970703e+01
-3.382742309570312500e+01
-7.390773010253906250e+01
2.178191528320312500e+02
4.418777770996093750e+02
2.543503112792968750e+02
6.125827789306640625e+01
2.626316223144531250e+02
1.552676239013671875e+02
-5.153597831726074219e+00
1.365156745910644531e+01
1.663413810729980469e+01
-6.544082164764404297e+00
-4.090978622436523438e+01
-8.077454376220703125e+01
3.942229614257812500e+02
5.294910049438476562e+01
3.000514831542968750e+02
4.813263320922851562e+01
2.412951965332031250e+02
2.171109466552734375e+02
1.242344188690185547e+01
1.267431640625000000e+01
-1.493943786621093750e+01
-9.067683219909667969e+00
-5.960919570922851562e+01
-6.991222381591796875e+01
3.935140380859375000e+02
5.144745635986328125e+01
3.078103332519531250e+02
4.650342178344726562e+01
2.347609710693359375e+02
2.229222412109375000e+02
1.253734207153320312e+01
1.188803958892822266e+01
-1.062981891632080078e+01
-1.303745937347412109e+01
-5.887395477294921875e+01
-7.097737121582031250e+01
2.086728363037109375e+02
4.387265319824218750e+02
2.528347167968750000e+02
6.620671844482421875e+01
2.585433654785156250e+02
1.612474517822265625e+02
-2.410727739334106445e+00
1.463624668121337891e+01
1.659893417358398438e+01
-1.115015506744384766e+01
-4.293228530883789062e+01
-8.301073455810546875e+01
5.637198486328125000e+02
6.806181640625000000e+02
2.120033111572265625e+02
2.971949157714843750e+02
1.612108612060546875e+02
6.170792770385742188e+01
3.722734689712524414e+00
1.704440498352050781e+01
1.601594161987304688e+01
-1.559027957916259766e+01
-3.595975112915039062e+01
-7.547755432128906250e+01
1.044526733398437500e+03
8.697742309570312500e+02
1.884575653076171875e+02
3.863511657714843750e+02
2.120365600585937500e+02
-4.481833934783935547e+00
9.582675933837890625e+00
2.847066688537597656e+01
1.095270824432373047e+01
-2.180033874511718750e+01
-3.770672607421875000e+01
-6.930336761474609375e+01
2.216329101562500000e+03
1.025867187500000000e+03
3.972730712890625000e+02
3.419420166015625000e+02
1.610492248535156250e+02
-2.796104812622070312e+01
1.796199035644531250e+01
3.161108970642089844e+01
-5.012826919555664062e+01
1.380332565307617188e+01
-4.220404434204101562e+01
-1.017522277832031250e+02
1.647341186523437500e+03
1.292431762695312500e+03
4.119472045898437500e+02
3.178416748046875000e+02
8.385883331298828125e+01
1.563314437866210938e+01
1.205219745635986328e+01
3.544786834716796875e+01
-3.126550483703613281e+01
9.403422355651855469e+00
-3.686853790283203125e+01
-1.094775390625000000e+02
6.336817626953125000e+02
1.461015625000000000e+03
4.636235351562500000e+02
1.628526115417480469e+01
2.747048950195312500e+02
9.531817626953125000e+01
-1.424100494384765625e+01
4.041838073730468750e+01
-1.378758621215820312e+01
4.306447029113769531e+00
-5.044246673583984375e+01
-1.170050048828125000e+02
1.403322448730468750e+02
1.084519287109375000e+03
5.387668457031250000e+02
-1.223541641235351562e+01
2.739511413574218750e+02
1.882091217041015625e+02
-3.923079299926757812e+01
1.576456069946289062e+01
2.511206054687500000e+01
5.954247474670410156e+00
-5.128199386596679688e+01
-1.163893814086914062e+02
1.217793560028076172e+01
6.407868041992187500e+02
5.324617919921875000e+02
1.086833343505859375e+02
2.841769714355468750e+02
2.451635589599609375e+02
-5.006695175170898438e+01
-2.479383850097656250e+01
3.724015808105468750e+01
2.133635902404785156e+01
-7.067430877685546875e+01
-1.048041763305664062e+02
8.953763961791992188e+00
6.412252197265625000e+02
5.451577758789062500e+02
1.026156082153320312e+02
2.795529174804687500e+02
2.497642211914062500e+02
-4.658312988281250000e+01
-2.613364219665527344e+01
3.667752838134765625e+01
1.921697235107421875e+01
-7.025051116943359375e+01
-1.038953018188476562e+02
1.224644088745117188e+02
1.077911010742187500e+03
5.550855102539062500e+02
-1.168882083892822266e+01
2.733194274902343750e+02
1.923251953125000000e+02
-3.820779800415039062e+01
1.470860195159912109e+01
2.220726585388183594e+01
3.641222715377807617e+00
-5.165456008911132812e+01
-1.155197830200195312e+02
6.012770385742187500e+02
1.470171997070312500e+03
4.739022521972656250e+02
2.545251846313476562e+01
2.800124206542968750e+02
1.008057937622070312e+02
-1.427664279937744141e+01
3.850545120239257812e+01
-1.844676971435546875e+01
1.821906566619873047e+00
-5.110020828247070312e+01
-1.168891601562500000e+02
1.575898071289062500e+03
1.308491699218750000e+03
4.160723266601562500e+02
3.244050903320312500e+02
8.985638427734375000e+01
1.911731338500976562e+01
1.215237331390380859e+01
3.381300735473632812e+01
-3.500815582275390625e+01
8.546154975891113281e+00
-3.755529403686523438e+01
-1.099726257324218750e+02
1.346120971679687500e+03
1.446578735351562500e+03
4.170961914062500000e+02
2.600713806152343750e+02
-1.294389438629150391e+01
-1.015759587287902832e+00
1.452451801300048828e+01
-6.505616760253906250e+01
3.215123367309570312e+01
1.705822181701660156e+01
-1.634934234619140625e+01
-6.806198883056640625e+01
9.752516479492187500e+02
1.652385131835937500e+03
4.244985351562500000e+02
2.115170745849609375e+02
8.730149269104003906e+00
2.978785514831542969e+01
1.679383468627929688e+01
-5.443942642211914062e+01
2.174733924865722656e+01
2.624413299560546875e+01
-1.759294509887695312e+01
-7.114707946777343750e+01
6.568677368164062500e+02
1.320919921875000000e+03
4.509491577148437500e+02
-6.509359741210937500e+01
2.560862731933593750e+02
1.031578979492187500e+02
-8.621978759765625000e+00
-5.244017410278320312e+01
2.159150886535644531e+01
3.076749420166015625e+01
-4.823888015747070312e+01
-8.782945251464843750e+01
2.237612762451171875e+02
9.283692626953125000e+02
2.147343750000000000e+02
1.939218597412109375e+02
2.712208557128906250e+02
1.909717864990234375e+02
-3.397280883789062500e+01
-4.233433914184570312e+01
2.707892608642578125e+01
2.861874961853027344e+01
-6.726873016357421875e+01
-1.000202636718750000e+02
-1.754029989242553711e+00
-1.281948375701904297e+01
7.025947265625000000e+02
5.791605224609375000e+02
2.603551940917968750e+02
2.480805358886718750e+02
-4.165665054321289062e+01
-3.617527008056640625e+01
3.242432403564453125e+01
2.602996635437011719e+01
-6.322790527343750000e+01
-8.882672119140625000e+01
-8.033377647399902344e+00
-6.155409336090087891e+00
6.997055664062500000e+02
5.955864868164062500e+02
2.646876220703125000e+02
2.469288024902343750e+02
-3.796875381469726562e+01
-4.155312347412109375e+01
2.861158943176269531e+01
2.889505386352539062e+01
-6.193971633911132812e+01
-8.764996337890625000e+01
2.092281036376953125e+02
9.010659179687500000e+02
2.178038330078125000e+02
2.018167572021484375e+02
2.725916442871093750e+02
1.917943878173828125e+02
-3.184148788452148438e+01
-5.213766479492187500e+01
2.242714309692382812e+01
3.005315399169921875e+01
-6.662389373779296875e+01
-9.642755889892578125e+01
6.461381225585937500e+02
1.279623413085937500e+03
4.619013061523437500e+02
-5.759522247314453125e+01
2.583820800781250000e+02
1.036567230224609375e+02
-7.655688285827636719e+00
-6.107861328125000000e+01
1.671575546264648438e+01
3.131890106201171875e+01
-5.043525314331054688e+01
-8.572264862060546875e+01
9.573962402343750000e+02
1.647735595703125000e+03
4.306075744628906250e+02
2.162897949218750000e+02
1.630385398864746094e+01
2.946367263793945312e+01
1.633478164672851562e+01
-5.908207702636718750e+01
2.029512214660644531e+01
2.646064758300781250e+01
-1.769338035583496094e+01
-7.033119964599609375e+01
7.578967895507812500e+02
1.135530029296875000e+03
2.972656860351562500e+02
-1.115391006469726562e+02
2.309285430908203125e+02
9.206535816192626953e-01
2.047639083862304688e+01
-1.256925487518310547e+01
2.124688720703125000e+01
2.781129646301269531e+01
-4.393862152099609375e+01
-8.230780029296875000e+01
7.294951171875000000e+02
9.812925415039062500e+02
3.107267456054687500e+02
-1.080371856689453125e+02
2.334176330566406250e+02
2.908699607849121094e+01
2.705225372314453125e+01
-3.728888320922851562e+01
2.984891891479492188e+01
2.796016693115234375e+01
-4.010243988037109375e+01
-8.647666931152343750e+01
5.486986083984375000e+02
7.243710327148437500e+02
-5.958265686035156250e+01
2.915233764648437500e+02
2.533672943115234375e+02
7.333546447753906250e+01
1.198140144348144531e+01
-5.489686203002929688e+01
9.496547698974609375e+00
2.578700828552246094e+01
-4.394955062866210938e+01
-1.030982360839843750e+02
2.733155517578125000e+02
1.744900512695312500e+01
3.855000610351562500e+02
3.922715759277343750e+02
2.536375579833984375e+02
1.436846160888671875e+02
-5.704182624816894531e+00
-4.321080780029296875e+01
1.377496147155761719e+01
2.949890708923339844e+01
-6.121181488037109375e+01
-9.653711700439453125e+01
1.692944526672363281e+01
-1.049242248535156250e+02
5.356248168945312500e+02
4.691731567382812500e+02
2.359014892578125000e+02
2.006828002929687500e+02
-3.008053016662597656e+01
-3.948030090332031250e+01
1.210427188873291016e+01
1.071065807342529297e+01
-9.435197448730468750e+01
-1.015403900146484375e+02
1.154990959167480469e+01
-9.861793518066406250e+01
5.365383300781250000e+02
4.755221557617187500e+02
2.370086059570312500e+02
2.015959930419921875e+02
-2.446399688720703125e+01
-4.678569793701171875e+01
1.059279251098632812e+01
9.585056304931640625e+00
-9.233062744140625000e+01
-1.026040725708007812e+02
2.693512573242187500e+02
1.999878883361816406e+01
3.830532226562500000e+02
4.005806579589843750e+02
2.559644775390625000e+02
1.438525695800781250e+02
-2.670618057250976562e+00
-5.087496948242187500e+01
1.050202369689941406e+01
2.813664054870605469e+01
-6.109581375122070312e+01
-9.499745178222656250e+01
5.465139160156250000e+02
7.174656982421875000e+02
-6.040918731689453125e+01
3.005894775390625000e+02
2.561137084960937500e+02
7.308406066894531250e+01
1.365247344970703125e+01
-5.980350494384765625e+01
3.348992347717285156e+00
2.665984153747558594e+01
-4.642748641967773438e+01
-1.007701950073242188e+02
7.269468383789062500e+02
9.736663208007812500e+02
3.135645751953125000e+02
-1.073169784545898438e+02
2.341399993896484375e+02
2.894594192504882812e+01
2.718879508972167969e+01
-3.767060089111328125e+01
2.463019943237304688e+01
3.002738380432128906e+01
-4.105010223388671875e+01
-8.524005889892578125e+01
5.447006835937500000e+02
5.756905517578125000e+02
-1.571439819335937500e+02
1.958368377685546875e+02
2.225162200927734375e+02
1.115175724029541016e+00
1.039231681823730469e+01
5.109309387207031250e+01
6.373691177368164062e+01
3.221662902832031250e+01
-7.051461791992187500e+01
-1.118896865844726562e+02
5.145651245117187500e+02
4.959539794921875000e+02
-1.461764831542968750e+02
1.926621704101562500e+02
2.298644561767578125e+02
5.273026943206787109e+00
1.324599933624267578e+01
2.319665718078613281e+01
4.626684570312500000e+01
2.281572341918945312e+01
-6.931642913818359375e+01
-1.229634399414062500e+02
4.056467895507812500e+02
3.880125427246093750e+01
1.230426712036132812e+02
2.230083618164062500e+02
2.363551330566406250e+02
1.796180725097656250e+01
4.122967243194580078e+00
-1.076507210731506348e+00
2.805101394653320312e+01
1.544400930404663086e+00
-6.776188659667968750e+01
-1.462245941162109375e+02
2.280505218505859375e+02
-1.516452941894531250e+02
3.514768371582031250e+02
2.463698883056640625e+02
1.904588317871093750e+02
3.223959732055664062e+01
-1.038042926788330078e+01
-1.933354187011718750e+01
6.177562236785888672e+00
-1.960172653198242188e+01
-6.579960632324218750e+01
-1.472227478027343750e+02
5.228347396850585938e+01
-9.830440521240234375e+01
3.204692077636718750e+02
2.924049377441406250e+02
1.580907135009765625e+02
9.205489349365234375e+01
-1.912018203735351562e+01
-3.237901687622070312e+01
-8.559442520141601562e+00
-1.329570865631103516e+01
-8.590964508056640625e+01
-1.195574951171875000e+02
4.698681640625000000e+01
-8.990623474121093750e+01
3.240486450195312500e+02
2.870707092285156250e+02
1.586134643554687500e+02
9.443894958496093750e+01
-1.479324722290039062e+01
-3.482371520996093750e+01
-9.758743286132812500e+00
-1.413182926177978516e+01
-8.346508789062500000e+01
-1.252702941894531250e+02
2.322451019287109375e+02
-1.459631958007812500e+02
3.555454711914062500e+02
2.455311737060546875e+02
1.930552978515625000e+02
3.615455627441406250e+01
-6.434331893920898438e+00
-1.880717849731445312e+01
5.318486213684082031e+00
-2.081532478332519531e+01
-6.342073822021484375e+01
-1.524068756103515625e+02
4.102386779785156250e+02
5.219684982299804688e+01
1.260347366333007812e+02
2.245167694091796875e+02
2.379524536132812500e+02
1.824861717224121094e+01
6.801796913146972656e+00
-3.591529369354248047e+00
2.759278869628906250e+01
1.201406240463256836e+00
-6.868450164794921875e+01
-1.486751861572265625e+02
5.230900878906250000e+02
4.966564025878906250e+02
-1.458312988281250000e+02
1.954476623535156250e+02
2.303531036376953125e+02
1.892552018165588379e+00
1.502427196502685547e+01
2.309553527832031250e+01
4.590114593505859375e+01
2.287308502197265625e+01
-7.009942626953125000e+01
-1.249422607421875000e+02
2.634893493652343750e+02
1.700273284912109375e+02
-1.101844177246093750e+02
9.783565521240234375e+01
1.498805694580078125e+02
-7.507599639892578125e+01
-1.258034420013427734e+01
5.138248825073242188e+01
5.801246643066406250e+01
-1.582304859161376953e+01
-2.461000442504882812e+01
-1.051851196289062500e+02
2.431543121337890625e+02
1.610729675292968750e+02
-1.613910675048828125e+02
9.199964141845703125e+01
1.493476867675781250e+02
-2.758685874938964844e+01
-1.589302635192871094e+01
3.864178085327148438e+01
5.030290603637695312e+01
-2.872604751586914062e+01
-2.539640808105468750e+01
-8.622729492187500000e+01
2.230709075927734375e+02
-1.200160903930664062e+02
1.129943542480468750e+02
1.109417037963867188e+02
1.287002563476562500e+02
-3.576643753051757812e+01
-8.994289398193359375e+00
2.438815307617187500e+01
5.002066040039062500e+01
-3.113602066040039062e+01
-5.019124221801757812e+01
-6.553067779541015625e+01
1.368469238281250000e+02
-1.143741912841796875e+02
1.214447784423828125e+02
1.033364944458007812e+02
9.933774566650390625e+01
-5.552465057373046875e+01
-1.626588058471679688e+01
6.563499450683593750e+00
2.111922454833984375e+01
-2.566515731811523438e+01
-4.885033798217773438e+01
-6.344824218750000000e+01
4.583889770507812500e+01
-5.693997573852539062e+01
1.097749252319335938e+02
9.101336669921875000e+01
5.522775268554687500e+01
3.373775959014892578e+00
-2.641493225097656250e+01
-2.475916481018066406e+01
1.763966798782348633e+00
-1.220484828948974609e+01
-4.334002304077148438e+01
-5.464288711547851562e+01
4.407130432128906250e+01
-5.166622161865234375e+01
1.061385116577148438e+02
9.497822570800781250e+01
5.599288558959960938e+01
6.659819126129150391e+00
-4.337818145751953125e+01
-4.286809444427490234e+00
-7.150161266326904297e-01
-1.030852317810058594e+01
-3.534635925292968750e+01
-6.127761840820312500e+01
1.355989227294921875e+02
-1.093272628784179688e+02
1.232725906372070312e+02
1.016833496093750000e+02
1.043462371826171875e+02
-5.024005889892578125e+01
-2.023423957824707031e+01
2.330025482177734375e+01
1.948904228210449219e+01
-2.412657546997070312e+01
-4.360924148559570312e+01
-6.804235076904296875e+01
2.225589904785156250e+02
-1.117863006591796875e+02
1.174290161132812500e+02
1.118785324096679688e+02
1.307643737792968750e+02
-3.168457031250000000e+01
-6.727727413177490234e+00
3.529534149169921875e+01
5.046548461914062500e+01
-2.886794090270996094e+01
-4.549458312988281250e+01
-6.850655364990234375e+01
2.471022949218750000e+02
1.683238067626953125e+02
-1.461851501464843750e+02
9.386683654785156250e+01
1.524196777343750000e+02
-2.643130874633789062e+01
-1.289144802093505859e+01
4.600362014770507812e+01
5.200329971313476562e+01
-2.813635444641113281e+01
-2.211085510253906250e+01
-8.627950286865234375e+01
-2.601927185058593750e+02
-1.648715667724609375e+02
1.053098526000976562e+02
-9.198960113525390625e+01
-1.465892181396484375e+02
7.462151336669921875e+01
1.195881080627441406e+01
-5.228361511230468750e+01
-5.723575592041015625e+01
1.717652702331542969e+01
2.621150207519531250e+01
1.126750793457031250e+02
-2.425354156494140625e+02
-1.658358306884765625e+02
1.551081085205078125e+02
-8.941297912597656250e+01
-1.536512603759765625e+02
3.063079643249511719e+01
1.255111122131347656e+01
-4.509637832641601562e+01
-5.302553558349609375e+01
2.786070442199707031e+01
2.445791625976562500e+01
9.141245269775390625e+01
-2.265481414794921875e+02
1.120369873046875000e+02
-1.106023559570312500e+02
-1.040902404785156250e+02
-1.307061614990234375e+02
3.157931900024414062e+01
5.935529708862304688e+00
-3.727774047851562500e+01
-4.951390457153320312e+01
2.728466224670410156e+01
4.640270996093750000e+01
7.265355682373046875e+01
-1.361319580078125000e+02
1.104798660278320312e+02
-1.137456359863281250e+02
-9.382310485839843750e+01
-1.004096832275390625e+02
4.885136795043945312e+01
2.170435142517089844e+01
-2.673785781860351562e+01
-2.204970932006835938e+01
2.319509315490722656e+01
4.869247436523437500e+01
7.788582611083984375e+01
-4.173048782348632812e+01
5.154925155639648438e+01
-9.917233276367187500e+01
-9.488825988769531250e+01
-5.574498367309570312e+01
-1.299344599246978760e-01
4.538406372070312500e+01
4.976343631744384766e+00
3.065330743789672852e+00
9.745886802673339844e+00
3.442753601074218750e+01
6.172581863403320312e+01
-4.662664794921875000e+01
5.762894439697265625e+01
-1.017444686889648438e+02
-9.251854705810546875e+01
-5.040707015991210938e+01
-1.664740085601806641e+00
2.588732337951660156e+01
2.715247917175292969e+01
9.204001426696777344e-01
1.225718688964843750e+01
4.161464691162109375e+01
5.519328308105468750e+01
-1.434706268310546875e+02
1.151867446899414062e+02
-1.141182250976562500e+02
-9.706635284423828125e+01
-9.360820770263671875e+01
5.035203933715820312e+01
1.794339942932128906e+01
-9.352327346801757812e+00
-2.278016090393066406e+01
2.591890144348144531e+01
5.255376052856445312e+01
7.453085327148437500e+01
-2.290281524658203125e+02
1.180504608154296875e+02
-1.141592636108398438e+02
-1.093914947509765625e+02
-1.276727142333984375e+02
3.278137969970703125e+01
8.380306243896484375e+00
-2.538301658630371094e+01
-4.695002746582031250e+01
2.786034011840820312e+01
4.953150939941406250e+01
7.005740356445312500e+01
-2.433177032470703125e+02
-1.554963836669921875e+02
1.536078491210937500e+02
-9.149767303466796875e+01
-1.509801635742187500e+02
3.123136711120605469e+01
1.482307243347167969e+01
-3.938984298706054688e+01
-5.008909988403320312e+01
2.572124099731445312e+01
2.588469505310058594e+01
8.883972930908203125e+01
-5.472130126953125000e+02
-5.716149902343750000e+02
1.567074279785156250e+02
-2.023428344726562500e+02
-2.270307769775390625e+02
2.169993400573730469e+00
-9.868535041809082031e+00
-5.685663223266601562e+01
-5.899335861206054688e+01
-3.468728637695312500e+01
7.360211944580078125e+01
1.167295303344726562e+02
-5.213571166992187500e+02
-4.927560119628906250e+02
1.486556091308593750e+02
-1.951778564453125000e+02
-2.343099822998046875e+02
-6.391236931085586548e-02
-1.407558250427246094e+01
-3.092647171020507812e+01
-4.704507827758789062e+01
-2.504788017272949219e+01
7.315370941162109375e+01
1.274756546020507812e+02
-4.117133483886718750e+02
-3.870655059814453125e+01
-1.225425949096679688e+02
-2.253460388183593750e+02
-2.404212951660156250e+02
-1.351545906066894531e+01
-7.611186504364013672e+00
-7.822814941406250000e+00
-2.386556625366210938e+01
-3.841124534606933594e+00
6.717539215087890625e+01
1.551002807617187500e+02
-2.325118255615234375e+02
1.455718994140625000e+02
-3.511552124023437500e+02
-2.453122100830078125e+02
-1.933546295166015625e+02
-3.113513946533203125e+01
6.610770702362060547e+00
1.691416931152343750e+01
-5.361806392669677734e+00
1.751436233520507812e+01
6.212220764160156250e+01
1.578297271728515625e+02
-4.827483367919921875e+01
9.198372650146484375e+01
-3.205787658691406250e+02
-2.855173950195312500e+02
-1.563734741210937500e+02
-9.196929931640625000e+01
1.673134422302246094e+01
3.502884292602539062e+01
9.891394615173339844e+00
1.335198497772216797e+01
8.560556793212890625e+01
1.272935485839843750e+02
-5.491710281372070312e+01
1.007754745483398438e+02
-3.139132080078125000e+02
-2.941986083984375000e+02
-1.547680969238281250e+02
-9.337697601318359375e+01
1.641173171997070312e+01
3.745903778076171875e+01
1.104239559173583984e+01
1.245078563690185547e+01
8.898830413818359375e+01
1.199456405639648438e+02
-2.367022399902343750e+02
1.503361206054687500e+02
-3.504329223632812500e+02
-2.519723510742187500e+02
-1.933290710449218750e+02
-3.165849113464355469e+01
7.516261577606201172e+00
1.950810050964355469e+01
-3.429534673690795898e+00
1.615596008300781250e+01
6.387779998779296875e+01
1.497625274658203125e+02
-4.158561096191406250e+02
-3.718134307861328125e+01
-1.311873779296875000e+02
-2.291387939453125000e+02
-2.407359466552734375e+02
-1.394711589813232422e+01
-6.082474231719970703e+00
-9.560434341430664062e+00
-2.297145271301269531e+01
-3.223019838333129883e+00
6.768356323242187500e+01
1.483635101318359375e+02
-5.200572509765625000e+02
-4.905789794921875000e+02
1.436992340087890625e+02
-1.978068237304687500e+02
-2.341158142089843750e+02
-2.923994541168212891e+00
-1.293207836151123047e+01
-3.011403465270996094e+01
-4.679454040527343750e+01
-2.420046043395996094e+01
7.232878875732421875e+01
1.232684936523437500e+02
-7.599478149414062500e+02
-1.145784423828125000e+03
-3.073822631835937500e+02
1.115970611572265625e+02
-2.329221649169921875e+02
-8.131454586982727051e-01
-1.903705406188964844e+01
6.784378051757812500e+00
-2.401928329467773438e+01
-3.044211387634277344e+01
4.807162094116210938e+01
7.975677490234375000e+01
-7.216840820312500000e+02
-9.927702636718750000e+02
-3.166552734375000000e+02
1.053193893432617188e+02
-2.375410003662109375e+02
-2.282126426696777344e+01
-2.564336776733398438e+01
3.411206817626953125e+01
-2.467985725402832031e+01
-3.091148376464843750e+01
4.201950073242187500e+01
8.413295745849609375e+01
-5.490903930664062500e+02
-7.118770751953125000e+02
5.760737609863281250e+01
-2.981752929687500000e+02
-2.565943908691406250e+02
-6.511743164062500000e+01
-1.102865409851074219e+01
5.363941955566406250e+01
-3.165323019027709961e+00
-2.797566795349121094e+01
4.413609313964843750e+01
9.896857452392578125e+01
-2.656020507812500000e+02
-1.284241676330566406e+01
-3.867493591308593750e+02
-3.999279174804687500e+02
-2.580075378417968750e+02
-1.396870727539062500e+02
7.374896049499511719e+00
4.961530685424804688e+01
-1.139403724670410156e+01
-3.018479537963867188e+01
6.062284851074218750e+01
9.930274200439453125e+01
-9.998369216918945312e+00
9.588152313232421875e+01
-5.369307250976562500e+02
-4.770194702148437500e+02
-2.354715881347656250e+02
-2.003254699707031250e+02
2.728811454772949219e+01
4.581512069702148438e+01
-1.372192764282226562e+01
-1.450454521179199219e+01
8.926125335693359375e+01
1.068359375000000000e+02
-1.508607578277587891e+01
1.025838928222656250e+02
-5.303443603515625000e+02
-4.821367797851562500e+02
-2.351749267578125000e+02
-1.990585937500000000e+02
3.041675567626953125e+01
4.330339813232421875e+01
-1.523143291473388672e+01
-1.317543697357177734e+01
9.554543304443359375e+01
9.988151550292968750e+01
-2.747772827148437500e+02
-1.000942230224609375e+01
-3.885856018066406250e+02
-4.032496948242187500e+02
-2.549093780517578125e+02
-1.381500549316406250e+02
9.135293960571289062e+00
4.626866531372070312e+01
-1.243755245208740234e+01
-3.068088912963867188e+01
6.479987335205078125e+01
9.381453704833984375e+01
-5.561206054687500000e+02
-7.159236450195312500e+02
5.772795104980468750e+01
-2.996357727050781250e+02
-2.550627593994140625e+02
-6.529754638671875000e+01
-1.021789550781250000e+01
5.227330780029296875e+01
-7.294507503509521484e+00
-2.801928710937500000e+01
4.508136749267578125e+01
9.528636932373046875e+01
-7.290501708984375000e+02
-9.872200927734375000e+02
-3.175562744140625000e+02
1.068378982543945312e+02
-2.376161346435546875e+02
-2.297069358825683594e+01
-2.552759170532226562e+01
3.371598052978515625e+01
-2.816061401367187500e+01
-3.067357063293457031e+01
4.260476684570312500e+01
8.290129852294921875e+01
-1.332271728515625000e+03
-1.441520019531250000e+03
-4.199813842773437500e+02
-2.609237365722656250e+02
8.383928298950195312e+00
5.000893592834472656e+00
-1.398114871978759766e+01
6.501089477539062500e+01
-3.086442565917968750e+01
-1.707841300964355469e+01
1.968173599243164062e+01
7.146389770507812500e+01
-9.593495483398437500e+02
-1.642553344726562500e+03
-4.315805053710937500e+02
-2.163855590820312500e+02
-1.525339031219482422e+01
-2.850459289550781250e+01
-1.618858146667480469e+01
5.763946151733398438e+01
-2.247491836547851562e+01
-2.760535430908203125e+01
1.761842918395996094e+01
7.732128906250000000e+01
-6.468389282226562500e+02
-1.303610351562500000e+03
-4.608749694824218750e+02
5.216752243041992188e+01
-2.595310974121093750e+02
-1.026467285156250000e+02
9.907501220703125000e+00
5.973223114013671875e+01
-2.171037292480468750e+01
-3.444905853271484375e+01
4.953383255004882812e+01
9.153279113769531250e+01
-2.123143463134765625e+02
-9.070664062500000000e+02
-2.197249298095703125e+02
-2.023856048583984375e+02
-2.764740905761718750e+02
-1.876207885742187500e+02
3.506499481201171875e+01
5.015337753295898438e+01
-2.540856170654296875e+01
-3.433997726440429688e+01
6.526065826416015625e+01
1.022614135742187500e+02
7.901453018188476562e+00
5.436831474304199219e+00
-7.075255737304687500e+02
-5.962404174804687500e+02
-2.676769104003906250e+02
-2.435089569091796875e+02
4.098072814941406250e+01
3.988285064697265625e+01
-2.986871147155761719e+01
-3.240143203735351562e+01
6.126204681396484375e+01
8.933951568603515625e+01
-3.843410611152648926e-01
1.200194740295410156e+01
-7.082600708007812500e+02
-5.879294433593750000e+02
-2.595374450683593750e+02
-2.487088165283203125e+02
4.251451110839843750e+01
3.674543762207031250e+01
-3.522666931152343750e+01
-2.672792243957519531e+01
6.732111358642578125e+01
8.500332641601562500e+01
-2.292997589111328125e+02
-9.242396240234375000e+02
-2.209850311279296875e+02
-1.940315093994140625e+02
-2.688633728027343750e+02
-1.901257324218750000e+02
3.681790161132812500e+01
4.199717330932617188e+01
-2.881838989257812500e+01
-3.134583854675292969e+01
6.988327789306640625e+01
1.001533889770507812e+02
-6.618788452148437500e+02
-1.331052490234375000e+03
-4.546599426269531250e+02
6.231034469604492188e+01
-2.569195556640625000e+02
-1.016366729736328125e+02
9.863894462585449219e+00
5.085187911987304688e+01
-2.346673202514648438e+01
-3.403464889526367188e+01
5.100410842895507812e+01
9.021479797363281250e+01
-9.700167236328125000e+02
-1.641036865234375000e+03
-4.304188842773437500e+02
-2.117995452880859375e+02
-7.033800601959228516e+00
-2.729329299926757812e+01
-1.625859642028808594e+01
5.038657379150390625e+01
-2.115197563171386719e+01
-2.812455558776855469e+01
1.802308464050292969e+01
7.571191406250000000e+01
-2.175966796875000000e+03
-1.027993408203125000e+03
-3.957002868652343750e+02
-3.352878723144531250e+02
-1.612352905273437500e+02
2.888006401062011719e+01
-1.704191589355468750e+01
-2.950904083251953125e+01
5.142362976074218750e+01
-1.205506801605224609e+01
4.896595001220703125e+01
1.034951095581054688e+02
-1.569781127929687500e+03
-1.312877319335937500e+03
-4.166581420898437500e+02
-3.205427246093750000e+02
-8.949658203125000000e+01
-1.667422485351562500e+01
-1.241913414001464844e+01
-3.229599380493164062e+01
3.313766860961914062e+01
-8.885557174682617188e+00
3.701650619506835938e+01
1.099848251342773438e+02
-5.984331665039062500e+02
-1.446879150390625000e+03
-4.679505615234375000e+02
-2.305130195617675781e+01
-2.815754394531250000e+02
-9.591219329833984375e+01
1.536186313629150391e+01
-3.796682739257812500e+01
1.708053016662597656e+01
-4.575993537902832031e+00
4.904644012451171875e+01
1.176215362548828125e+02
-1.219751358032226562e+02
-1.071573364257812500e+03
-5.662114257812500000e+02
3.338930606842041016e+00
-2.743724060058593750e+02
-1.905381927490234375e+02
4.093007659912109375e+01
-1.275774955749511719e+01
-2.637135124206542969e+01
-3.059237718582153320e+00
4.988316726684570312e+01
1.193310165405273438e+02
-9.347982406616210938e+00
-6.422313842773437500e+02
-5.479812011718750000e+02
-1.073593063354492188e+02
-2.852322082519531250e+02
-2.431240234375000000e+02
4.707559204101562500e+01
2.820396995544433594e+01
-3.678437805175781250e+01
-1.997010803222656250e+01
6.967645263671875000e+01
1.041064071655273438e+02
-1.076008701324462891e+01
-6.420146484375000000e+02
-5.433949584960937500e+02
-1.089911575317382812e+02
-2.799008178710937500e+02
-2.463248291015625000e+02
5.000864791870117188e+01
2.390461349487304688e+01
-3.844461822509765625e+01
-1.960449218750000000e+01
7.280480194091796875e+01
1.037191238403320312e+02
-1.365468750000000000e+02
-1.094215698242187500e+03
-5.524000244140625000e+02
9.387819290161132812e+00
-2.697877197265625000e+02
-1.908948516845703125e+02
4.189414978027343750e+01
-1.903337287902832031e+01
-2.886601257324218750e+01
-1.863986730575561523e+00
5.315927886962890625e+01
1.177412414550781250e+02
-6.259927368164062500e+02
-1.463001464843750000e+03
-4.608786010742187500e+02
-1.533486843109130859e+01
-2.744799194335937500e+02
-9.282548522949218750e+01
1.563727378845214844e+01
-4.234471511840820312e+01
1.264411830902099609e+01
-4.134770870208740234e+00
5.146880722045898438e+01
1.158702392578125000e+02
-1.621730957031250000e+03
-1.289800537109375000e+03
-4.157580566406250000e+02
-3.162270202636718750e+02
-8.495175933837890625e+01
-1.348102760314941406e+01
-1.283500957489013672e+01
-3.488125610351562500e+01
3.030203056335449219e+01
-8.828042984008789062e+00
3.668380355834960938e+01
1.082019500732421875e+02
-1.207774902343750000e+03
-8.797658081054687500e+02
-1.778196258544921875e+02
-4.073093566894531250e+02
-2.524301605224609375e+02
3.175624275207519531e+01
-7.278488636016845703e+00
-2.507830429077148438e+01
-1.036477375030517578e+01
1.291208744049072266e+01
3.100808525085449219e+01
6.556333923339843750e+01
-9.942413330078125000e+02
-8.870526123046875000e+02
-1.889654083251953125e+02
-3.818036499023437500e+02
-2.083125610351562500e+02
5.946656703948974609e+00
-9.747913360595703125e+00
-3.176076507568359375e+01
-8.952687263488769531e+00
2.141577911376953125e+01
3.683700942993164062e+01
7.077983093261718750e+01
-5.633763427734375000e+02
-6.590965576171875000e+02
-2.155892486572265625e+02
-2.917885437011718750e+02
-1.609282379150390625e+02
-6.035446548461914062e+01
-2.263433694839477539e+00
-2.063390350341796875e+01
-1.637824249267578125e+01
1.577724933624267578e+01
3.377675628662109375e+01
7.702453613281250000e+01
-2.144828338623046875e+02
-4.298868103027343750e+02
-2.574207763671875000e+02
-6.742146301269531250e+01
-2.615592651367187500e+02
-1.577326354980468750e+02
3.589616775512695312e+00
-1.488260364532470703e+01
-1.696818923950195312e+01
1.174879932403564453e+01
4.088832855224609375e+01
8.211138153076171875e+01
-3.913784790039062500e+02
-5.533573150634765625e+01
-3.134662170410156250e+02
-5.010856628417968750e+01
-2.358767852783203125e+02
-2.202181549072265625e+02
-1.341382312774658203e+01
-1.050499439239501953e+01
1.240271949768066406e+01
1.355339908599853516e+01
5.878110885620117188e+01
7.409887695312500000e+01
-3.948179321289062500e+02
-5.581233596801757812e+01
-3.134902343750000000e+02
-5.264132308959960938e+01
-2.369247436523437500e+02
-2.167665252685546875e+02
-1.214551448822021484e+01
-1.336149311065673828e+01
1.379808425903320312e+01
1.185530471801757812e+01
6.049221801757812500e+01
7.261640167236328125e+01
-2.187517852783203125e+02
-4.377029724121093750e+02
-2.547601318359375000e+02
-6.531288909912109375e+01
-2.617142028808593750e+02
-1.527580718994140625e+02
4.786051750183105469e+00
-1.330590534210205078e+01
-1.882125663757324219e+01
9.651330947875976562e+00
4.131006240844726562e+01
7.937626647949218750e+01
-5.808697509765625000e+02
-6.610665893554687500e+02
-2.124306182861328125e+02
-2.912014160156250000e+02
-1.568115081787109375e+02
-5.504648590087890625e+01
-1.394894242286682129e+00
-1.934744453430175781e+01
-1.826998710632324219e+01
1.264298439025878906e+01
3.401015472412109375e+01
7.375157928466796875e+01
-9.910454101562500000e+02
-9.011988525390625000e+02
-1.891488494873046875e+02
-3.799039611816406250e+02
-2.093027038574218750e+02
1.073708629608154297e+01
-9.085323333740234375e+00
-3.347513198852539062e+01
-1.028464889526367188e+01
1.960734176635742188e+01
3.742586898803710938e+01
6.903527069091796875e+01
7.192522583007812500e+02
-5.146398925781250000e+02
1.374995517730712891e+01
-4.485241088867187500e+02
-2.067272949218750000e+02
2.130648422241210938e+01
-2.692243099212646484e+00
2.604607200622558594e+01
-2.148304748535156250e+01
1.861584281921386719e+01
2.315823554992675781e+01
1.961107635498046875e+01
-4.855890502929687500e+02
2.845914611816406250e+02
2.661366844177246094e+01
-3.823064575195312500e+02
-2.000396881103515625e+02
7.412300586700439453e+00
-1.091860294342041016e+01
2.130974960327148438e+01
-1.930775833129882812e+01
1.251992893218994141e+01
2.250491905212402344e+01
2.379005050659179688e+01
-5.196231689453125000e+02
2.987973327636718750e+02
5.106549835205078125e+01
-2.996207275390625000e+02
-1.647755126953125000e+02
-2.290168380737304688e+01
-2.190782356262207031e+01
1.827709007263183594e+01
-2.384224319458007812e+01
9.966750144958496094e+00
1.513421440124511719e+01
3.033978843688964844e+01
-1.949494018554687500e+02
1.658529205322265625e+02
8.255834197998046875e+01
-1.270858383178710938e+02
-2.365536956787109375e+02
-8.067150878906250000e+01
-2.835178756713867188e+01
9.889451265335083008e-01
-2.706723928451538086e+00
7.361496448516845703e+00
1.600496864318847656e+01
3.542928695678710938e+01
9.526084899902343750e+01
-8.956727600097656250e+01
1.107868270874023438e+02
-1.153728408813476562e+02
-1.477307128906250000e+02
-1.176874542236328125e+02
-3.424317169189453125e+01
-2.279326820373535156e+01
2.220292282104492188e+01
1.577358531951904297e+01
2.908771705627441406e+01
2.952799224853515625e+01
8.268855285644531250e+01
-8.221094512939453125e+01
1.051321716308593750e+02
-1.112700271606445312e+02
-1.498439483642578125e+02
-1.170093994140625000e+02
-3.128948593139648438e+01
-2.436741828918457031e+01
2.221914672851562500e+01
1.504698848724365234e+01
3.146371078491210938e+01
2.722848701477050781e+01
-1.949625701904296875e+02
1.458638000488281250e+02
9.377818298339843750e+01
-1.279261398315429688e+02
-2.365485992431640625e+02
-7.854193115234375000e+01
-2.424348831176757812e+01
2.936369657516479492e+00
-5.716404438018798828e+00
6.102657318115234375e+00
1.692344856262207031e+01
3.299491500854492188e+01
-5.196607055664062500e+02
2.889355468750000000e+02
5.631697845458984375e+01
-2.976561889648437500e+02
-1.659378814697265625e+02
-2.145157623291015625e+01
-1.878870201110839844e+01
1.931383132934570312e+01
-2.517959022521972656e+01
9.520248413085937500e+00
1.437743282318115234e+01
2.793195533752441406e+01
-5.100653381347656250e+02
2.805135803222656250e+02
2.629400253295898438e+01
-3.819609069824218750e+02
-2.027093353271484375e+02
1.080779647827148438e+01
-9.958518981933593750e+00
2.149381637573242188e+01
-1.982614707946777344e+01
1.270766735076904297e+01
2.118939590454101562e+01
2.259527206420898438e+01
-1.647753238677978516e+00
-3.757903337478637695e+00
-2.431787729263305664e+00
1.858987808227539062e+00
3.266799747943878174e-01
6.501536965370178223e-01
-9.668650627136230469e-01
-1.128637194633483887e+00
3.183193683624267578e+00
1.530615091323852539e+00
-1.382350206375122070e+00
-6.394383311271667480e-01
9.278379678726196289e-01
8.897176384925842285e-01
2.006827116012573242e+00
-1.283473014831542969e+00
2.439664363861083984e+00
-8.401793837547302246e-01
-5.001165866851806641e-01
-1.359991636127233505e-02
1.896932601928710938e+00
1.972947120666503906e+00
1.389936089515686035e+00
-6.461709737777709961e-02
2.407422780990600586e+00
5.592140197753906250e+00
-2.228505134582519531e+00
-6.336225986480712891e+00
-1.700011610984802246e+00
5.361316204071044922e-01
-1.148085832595825195e+00
9.277207851409912109e-01
1.575443625450134277e+00
3.655758798122406006e-01
-4.054223299026489258e-01
1.589804530143737793e+00
8.484662055969238281e+00
1.042242908477783203e+01
-5.809697151184082031e+00
-3.233733654022216797e+00
-1.640167713165283203e+00
-9.200776815414428711e-01
-9.077877402305603027e-01
5.588713288307189941e-01
8.934188485145568848e-01
4.436789155006408691e-01
1.255650758743286133e+00
-5.929460525512695312e-01
9.296236634254455566e-01
1.171446704864501953e+01
-9.690916061401367188e+00
-3.132312059402465820e+00
1.208731293678283691e+00
2.789565026760101318e-01
-2.364057540893554688e+00
1.864124774932861328e+00
-9.908921718597412109e-01
-7.465533614158630371e-01
-7.383090257644653320e-01
1.846032030880451202e-02
-2.710311174392700195e+00
-9.805091857910156250e+00
1.529613113403320312e+01
4.133127257227897644e-02
-7.131072133779525757e-02
6.764729022979736328e-01
1.813747167587280273e+00
2.766412794589996338e-01
-2.155713319778442383e+00
-1.050464510917663574e+00
2.003113269805908203e+00
-2.369613647460937500e+00
4.735267460346221924e-01
-1.230785846710205078e+01
1.507649612426757812e+01
-7.914621829986572266e-01
2.141590356826782227e+00
-5.560228824615478516e-01
2.925190925598144531e+00
2.116996049880981445e+00
-2.306700468063354492e+00
-6.274985074996948242e-01
1.591563582420349121e+00
-2.406639099121093750e+00
-2.496526718139648438e+00
-7.443758964538574219e+00
7.282076835632324219e+00
2.424978733062744141e+00
-1.987302184104919434e+00
8.430450409650802612e-02
1.584326267242431641e+00
3.238781213760375977e+00
-2.034277439117431641e+00
2.492693439126014709e-02
-1.043903708457946777e+00
-8.838826417922973633e-01
7.146693468093872070e-01
-6.224313735961914062e+00
3.093500614166259766e+00
7.301977157592773438e+00
1.974095463752746582e+00
1.969013333320617676e+00
8.327475786209106445e-01
-3.588634729385375977e+00
3.232071638107299805e+00
1.922303676605224609e+00
-2.301169157028198242e+00
-1.505967378616333008e+00
-7.380938720703125000e+02
5.149677734375000000e+02
-1.063930511474609375e+01
4.488688049316406250e+02
2.071810150146484375e+02
-2.054162788391113281e+01
1.932800412178039551e+00
-2.473683357238769531e+01
2.357949638366699219e+01
-1.851251983642578125e+01
-2.145354461669921875e+01
-2.066358757019042969e+01
5.157647094726562500e+02
-3.071324768066406250e+02
-2.154459190368652344e+01
3.786285705566406250e+02
1.981281890869140625e+02
-8.854690551757812500e+00
1.025741577148437500e+01
-2.293935775756835938e+01
2.033960151672363281e+01
-1.133953094482421875e+01
-2.049197387695312500e+01
-2.341178894042968750e+01
5.209387207031250000e+02
-3.130792236328125000e+02
-5.092879486083984375e+01
2.973757019042968750e+02
1.633105773925781250e+02
2.191942405700683594e+01
1.925968170166015625e+01
-1.729754066467285156e+01
2.443065071105957031e+01
-8.342654228210449219e+00
-1.484087276458740234e+01
-2.719559860229492188e+01
2.015978393554687500e+02
-1.560045166015625000e+02
-8.432480621337890625e+01
1.266543502807617188e+02
2.412719726562500000e+02
8.203443908691406250e+01
2.501740646362304688e+01
-1.381305098533630371e+00
4.633578777313232422e+00
-4.372779846191406250e+00
-1.483120250701904297e+01
-3.409145736694335938e+01
-7.743256378173828125e+01
8.215863037109375000e+01
-1.158201141357421875e+02
1.077521591186523438e+02
1.499815063476562500e+02
1.167938995361328125e+02
3.217516708374023438e+01
2.493490600585937500e+01
-2.467565155029296875e+01
-1.240833568572998047e+01
-3.133016395568847656e+01
-2.776161003112792969e+01
-8.342218017578125000e+01
8.437102508544921875e+01
-1.119604644775390625e+02
1.150456314086914062e+02
1.449674224853515625e+02
1.187505722045898438e+02
3.500532150268554688e+01
2.451900863647460938e+01
-2.244635200500488281e+01
-1.528415870666503906e+01
-2.931270790100097656e+01
-3.038149070739746094e+01
1.941786956787109375e+02
-1.688656005859375000e+02
-8.030173492431640625e+01
1.322514038085937500e+02
2.397834167480468750e+02
8.251506042480468750e+01
2.929135894775390625e+01
1.529897004365921021e-01
3.501781702041625977e+00
-7.977493286132812500e+00
-1.530764961242675781e+01
-3.653781127929687500e+01
5.050296936035156250e+02
-3.290765991210937500e+02
-5.058248519897460938e+01
3.011967163085937500e+02
1.660233459472656250e+02
2.349952125549316406e+01
2.196531677246093750e+01
-1.723996162414550781e+01
2.479367446899414062e+01
-1.060928726196289062e+01
-1.706881141662597656e+01
-2.916862106323242188e+01
4.906143188476562500e+02
-3.356610107421875000e+02
-2.347565460205078125e+01
3.827701110839843750e+02
1.983191070556640625e+02
-5.492630481719970703e+00
1.088193988800048828e+01
-2.394435119628906250e+01
2.069228935241699219e+01
-1.250617027282714844e+01
-2.328391838073730469e+01
-2.428099441528320312e+01
6.455607299804687500e+02
6.023910522460937500e+02
1.372308197021484375e+02
2.533092651367187500e+02
3.823133087158203125e+01
2.176382064819335938e+00
2.901788473129272461e+00
4.906540736556053162e-02
1.481423282623291016e+01
-8.141633987426757812e+00
-2.070904159545898438e+01
-1.057797393798828125e+02
5.620095825195312500e+02
5.737178344726562500e+02
1.403599090576171875e+02
1.999296875000000000e+02
4.396035385131835938e+01
3.506412124633789062e+01
7.038784027099609375e+00
5.849606990814208984e+00
1.366269874572753906e+01
-2.563080310821533203e+00
-3.025464630126953125e+01
-1.042271118164062500e+02
4.063873291015625000e+02
5.068786315917968750e+02
1.463620452880859375e+02
-2.645861816406250000e+01
2.540183715820312500e+02
1.014625854492187500e+02
-3.680025815963745117e+00
8.857232093811035156e+00
1.652624130249023438e+01
4.535197734832763672e+00
-4.588857269287109375e+01
-1.018337783813476562e+02
1.897873687744140625e+02
3.127763366699218750e+02
1.681225891113281250e+02
-3.351166915893554688e+01
2.840879821777343750e+02
1.879576873779296875e+02
-9.749201774597167969e+00
1.230314254760742188e+01
1.507139205932617188e+01
6.707277297973632812e+00
-4.972594070434570312e+01
-9.464067840576171875e+01
3.366009902954101562e+01
2.710108947753906250e+02
2.140518646240234375e+02
-1.103422260284423828e+01
2.719292297363281250e+02
2.448438873291015625e+02
1.342597103118896484e+01
1.414428520202636719e+01
-5.346041679382324219e+00
-2.560370564460754395e-01
-5.775648498535156250e+01
-7.982430267333984375e+01
3.125717926025390625e+01
2.677641601562500000e+02
2.167431640625000000e+02
-1.493653392791748047e+01
2.742213745117187500e+02
2.478400878906250000e+02
1.371643829345703125e+01
1.405614948272705078e+01
-3.013239383697509766e+00
-5.149607658386230469e+00
-5.688599777221679688e+01
-8.060392761230468750e+01
1.911990814208984375e+02
3.124224243164062500e+02
1.711186370849609375e+02
-3.474672317504882812e+01
2.898462829589843750e+02
1.924796447753906250e+02
-8.695428848266601562e+00
1.420703220367431641e+01
1.488811588287353516e+01
-7.629415392875671387e-01
-5.049722290039062500e+01
-9.572339630126953125e+01
4.000888671875000000e+02
5.200805053710937500e+02
1.465476226806640625e+02
-2.142094612121582031e+01
2.560208740234375000e+02
1.069208374023437500e+02
-1.780262351036071777e+00
1.049786949157714844e+01
1.632007408142089844e+01
-1.743990302085876465e+00
-4.742955780029296875e+01
-1.021117477416992188e+02
5.610014038085937500e+02
5.863565673828125000e+02
1.398759460449218750e+02
2.035264739990234375e+02
4.627285003662109375e+01
3.888352584838867188e+01
8.022667884826660156e+00
6.108390808105468750e+00
1.348239707946777344e+01
-5.283920288085937500e+00
-3.108273696899414062e+01
-1.049911346435546875e+02
1.788140625000000000e+03
6.907365112304687500e+02
3.502759399414062500e+02
1.519288482666015625e+02
2.641901969909667969e+01
1.961182475090026855e+00
6.277465820312500000e+00
1.171123600006103516e+01
-5.301653671264648438e+01
4.183123397827148438e+01
-1.416585922241210938e+01
-6.544910430908203125e+01
1.452698486328125000e+03
7.226940307617187500e+02
3.516746520996093750e+02
-5.621392440795898438e+01
1.991819305419921875e+02
1.518768119812011719e+01
4.457437992095947266e+00
1.233537292480468750e+01
-3.552230453491210938e+01
5.794181442260742188e+01
-1.196274566650390625e+01
-6.874353027343750000e+01
4.905907592773437500e+02
1.095238281250000000e+03
3.608538818359375000e+02
-6.943702697753906250e+01
2.183345794677734375e+02
6.966999816894531250e+01
-2.289811515808105469e+01
2.042596054077148438e+01
-2.387519073486328125e+01
5.108103561401367188e+01
-3.886735153198242188e+01
-8.600888824462890625e+01
9.210186004638671875e+01
9.560088500976562500e+02
3.055941772460937500e+02
1.224316406250000000e+01
2.185081176757812500e+02
1.449210357666015625e+02
-3.513437652587890625e+01
-1.425449085235595703e+01
2.847406768798828125e+01
3.604879379272460938e+01
-5.997851562500000000e+01
-9.052129364013671875e+01
-4.011859512329101562e+01
1.712840423583984375e+02
3.403933105468750000e+02
4.757237854003906250e+02
2.193763732910156250e+02
1.972092132568359375e+02
-4.309553527832031250e+01
-3.141573715209960938e+01
3.815296554565429688e+01
3.109384155273437500e+01
-5.575093841552734375e+01
-7.737882232666015625e+01
-4.476925659179687500e+01
1.768768920898437500e+02
3.557760620117187500e+02
4.739885559082031250e+02
2.237410583496093750e+02
1.982641296386718750e+02
-4.570077514648437500e+01
-3.329170989990234375e+01
3.827575683593750000e+01
2.884293556213378906e+01
-5.681877136230468750e+01
-7.506136322021484375e+01
8.165148162841796875e+01
9.564232177734375000e+02
3.196259460449218750e+02
7.527037143707275391e+00
2.253378753662109375e+02
1.484784851074218750e+02
-3.990271377563476562e+01
-1.663808631896972656e+01
2.479292488098144531e+01
3.493078231811523438e+01
-6.088428115844726562e+01
-8.795914459228515625e+01
4.661986083984375000e+02
1.115731567382812500e+03
3.708378601074218750e+02
-6.430226135253906250e+01
2.240744018554687500e+02
7.371279907226562500e+01
-2.635292243957519531e+01
2.119600486755371094e+01
-3.324263000488281250e+01
5.220663070678710938e+01
-4.196928024291992188e+01
-8.283687591552734375e+01
1.400127319335937500e+03
7.384080810546875000e+02
3.553973083496093750e+02
-5.144928741455078125e+01
1.995225830078125000e+02
1.741172027587890625e+01
3.549528598785400391e+00
1.328473567962646484e+01
-4.210007476806640625e+01
5.966293334960937500e+01
-1.563628387451171875e+01
-6.791206359863281250e+01
1.580797851562500000e+03
6.108325195312500000e+02
3.875435180664062500e+02
-8.623491668701171875e+01
1.579916534423828125e+02
-1.074256420135498047e+01
7.099842071533203125e+00
-3.550745010375976562e+01
4.734770202636718750e+01
2.932278633117675781e+01
-3.818199157714843750e+01
-4.458290863037109375e+01
1.005913574218750000e+03
9.094343261718750000e+02
3.780291137695312500e+02
-7.890759277343750000e+01
1.668104248046875000e+02
-8.447542190551757812e+00
9.550153732299804688e+00
-4.606916046142578125e+01
4.430180740356445312e+01
3.295149230957031250e+01
-3.163437080383300781e+01
-5.255936050415039062e+01
4.536067810058593750e+02
1.039111206054687500e+03
9.632295227050781250e+01
1.337993011474609375e+02
1.605212707519531250e+02
2.339551162719726562e+01
4.922688603401184082e-01
-6.441290283203125000e+01
3.725775146484375000e+01
2.650783729553222656e+01
-2.481042098999023438e+01
-7.078519439697265625e+01
1.692294921875000000e+02
4.816583862304687500e+02
1.064160156250000000e+02
4.154015197753906250e+02
1.615883483886718750e+02
7.370623779296875000e+01
-1.526772594451904297e+01
-5.226540756225585938e+01
2.664592552185058594e+01
2.941056442260742188e+01
-5.332662963867187500e+01
-7.273522186279296875e+01
-8.955648422241210938e+00
-1.020296554565429688e+02
6.696038208007812500e+02
5.425693359375000000e+02
1.516916503906250000e+02
1.233900833129882812e+02
-4.129106140136718750e+01
-4.942570877075195312e+01
3.196846771240234375e+01
2.764478874206542969e+01
-8.091852569580078125e+01
-7.941683197021484375e+01
-1.741146469116210938e+01
-9.369161224365234375e+01
6.639208984375000000e+02
5.562498779296875000e+02
1.570391998291015625e+02
1.235542449951171875e+02
-4.319784164428710938e+01
-5.127719497680664062e+01
2.711434173583984375e+01
2.998883819580078125e+01
-8.060145568847656250e+01
-8.030165863037109375e+01
1.567377166748046875e+02
4.657997131347656250e+02
1.075815582275390625e+02
4.253978881835937500e+02
1.696599731445312500e+02
7.498248291015625000e+01
-1.840042114257812500e+01
-5.645161056518554688e+01
1.950910949707031250e+01
3.055348968505859375e+01
-5.424917984008789062e+01
-7.082380676269531250e+01
4.392789611816406250e+02
1.018385986328125000e+03
1.004462509155273438e+02
1.396377868652343750e+02
1.666797180175781250e+02
2.630404853820800781e+01
-3.002815246582031250e+00
-6.432095336914062500e+01
2.530052566528320312e+01
2.702787017822265625e+01
-3.003627014160156250e+01
-6.494540405273437500e+01
9.587523803710937500e+02
9.340807495117187500e+02
3.825985107421875000e+02
-7.623238372802734375e+01
1.690181274414062500e+02
-5.527176856994628906e+00
6.200945854187011719e+00
-4.405749893188476562e+01
3.496413421630859375e+01
3.456447982788085938e+01
-3.557828521728515625e+01
-4.958185577392578125e+01
4.812897338867187500e+02
9.178931884765625000e+02
-3.336006927490234375e+01
1.280350494384765625e+02
1.368727569580078125e+02
-3.306944274902343750e+01
1.721805191040039062e+01
1.896187067031860352e+00
4.777951049804687500e+01
-3.746176242828369141e+00
-3.615389251708984375e+01
-8.106475067138671875e+01
5.164516601562500000e+02
7.990919189453125000e+02
-9.856066894531250000e+01
2.067270355224609375e+02
1.328421020507812500e+02
-8.453100204467773438e+00
1.728337478637695312e+01
-2.237131500244140625e+01
5.170458221435546875e+01
-1.096640872955322266e+01
-4.236827468872070312e+01
-8.622968292236328125e+01
3.872696533203125000e+02
4.115791015625000000e+02
1.958236312866210938e+01
2.765034179687500000e+02
1.264202041625976562e+02
-5.427136421203613281e+00
7.599255084991455078e+00
-4.482493209838867188e+01
2.765280723571777344e+01
-2.262891006469726562e+01
-4.228406524658203125e+01
-9.869491577148437500e+01
1.842918701171875000e+02
-1.395458221435546875e+02
5.571252441406250000e+02
3.381867370605468750e+02
1.063464584350585938e+02
3.980695247650146484e+00
-4.058717250823974609e+00
-4.467739105224609375e+01
1.413870525360107422e+01
-1.645320129394531250e+01
-4.186921691894531250e+01
-1.049490890502929688e+02
2.182175827026367188e+01
-1.113810729980468750e+02
5.046032409667968750e+02
4.082361145019531250e+02
7.536297607421875000e+01
2.767386245727539062e+01
-2.822135734558105469e+01
-4.761097335815429688e+01
8.320549964904785156e+00
-1.137502765655517578e+01
-6.946846771240234375e+01
-1.020518188476562500e+02
1.566684722900390625e+01
-1.033954467773437500e+02
5.027197265625000000e+02
4.179833068847656250e+02
7.586972808837890625e+01
3.019458389282226562e+01
-2.642318916320800781e+01
-5.087673187255859375e+01
5.608539104461669922e+00
-1.092824077606201172e+01
-6.635330200195312500e+01
-1.073743515014648438e+02
1.806970062255859375e+02
-1.389452514648437500e+02
5.616715087890625000e+02
3.465175476074218750e+02
1.110609893798828125e+02
6.486832618713378906e+00
-4.084006309509277344e+00
-4.583243560791015625e+01
9.859505653381347656e+00
-1.843451309204101562e+01
-4.144643783569335938e+01
-1.103920822143554688e+02
3.791869812011718750e+02
3.972305297851562500e+02
7.557788848876953125e+00
2.837745666503906250e+02
1.322643585205078125e+02
-4.976039409637451172e+00
6.967184066772460938e+00
-4.311805343627929688e+01
1.784509086608886719e+01
-2.243163871765136719e+01
-4.332571029663085938e+01
-1.008916397094726562e+02
5.118507690429687500e+02
7.941295776367187500e+02
-1.019151687622070312e+02
2.133791809082031250e+02
1.380363311767578125e+02
-1.197441196441650391e+01
1.689403915405273438e+01
-1.889871406555175781e+01
4.234345626831054688e+01
-9.054636955261230469e+00
-4.428011322021484375e+01
-8.621764373779296875e+01
3.444882812500000000e+02
5.325660400390625000e+02
-1.471614685058593750e+02
1.037172088623046875e+02
1.090403594970703125e+02
-9.571981811523437500e+01
2.006532287597656250e+01
1.543447494506835938e+01
6.388862991333007812e+01
-3.444752454757690430e+00
-5.388815689086914062e+01
-9.910976409912109375e+01
3.664499816894531250e+02
2.781554260253906250e+02
-1.043383865356445312e+02
1.413870849609375000e+02
1.069854278564453125e+02
-3.344886016845703125e+01
1.798831939697265625e+01
-9.710548073053359985e-02
6.294404983520507812e+01
-8.072564125061035156e+00
-5.214000701904296875e+01
-9.594375610351562500e+01
3.357000122070312500e+02
-1.839794464111328125e+02
3.935041809082031250e+02
1.884332885742187500e+02
1.255652313232421875e+02
-5.089556503295898438e+01
1.624301338195800781e+01
-8.583852767944335938e+00
4.040136337280273438e+01
-3.402397537231445312e+01
-6.313909530639648438e+01
-7.301236724853515625e+01
1.897339019775390625e+02
-1.750570983886718750e+02
3.466393127441406250e+02
2.211390533447265625e+02
7.636920928955078125e+01
-7.964431762695312500e+01
-6.529243946075439453e+00
-8.790086746215820312e+00
-1.861202865839004517e-01
-4.099418640136718750e+01
-5.838895797729492188e+01
-7.005500793457031250e+01
5.297669601440429688e+01
-9.481443786621093750e+01
2.887663879394531250e+02
2.407017822265625000e+02
1.987845230102539062e+01
-2.911854934692382812e+01
-9.882683753967285156e+00
-1.425490474700927734e+01
-2.271662902832031250e+01
-3.128628158569335938e+01
-4.621091079711914062e+01
-6.177616500854492188e+01
5.248937606811523438e+01
-8.876177978515625000e+01
2.928159484863281250e+02
2.427075042724609375e+02
1.827554893493652344e+01
-2.317360496520996094e+01
-2.242004632949829102e+00
-1.603562927246093750e+01
-2.061568260192871094e+01
-3.503995132446289062e+01
-4.278849792480468750e+01
-6.723892974853515625e+01
1.955903625488281250e+02
-1.735773925781250000e+02
3.556296386718750000e+02
2.287944183349609375e+02
7.747272491455078125e+01
-7.222838592529296875e+01
1.317748308181762695e+00
-8.782200813293457031e+00
-5.127608180046081543e-01
-4.382088470458984375e+01
-5.647450637817382812e+01
-7.890421295166015625e+01
3.407076416015625000e+02
-1.920378723144531250e+02
4.010021362304687500e+02
1.960867156982421875e+02
1.289057312011718750e+02
-4.925714492797851562e+01
2.209587287902832031e+01
-7.330832481384277344e+00
3.816108322143554688e+01
-3.598738479614257812e+01
-6.242745971679687500e+01
-8.104673004150390625e+01
3.705045776367187500e+02
2.815900268554687500e+02
-1.058140792846679688e+02
1.429647827148437500e+02
1.084809875488281250e+02
-3.387601470947265625e+01
2.076739501953125000e+01
1.109682202339172363e+00
6.111661148071289062e+01
-9.276844978332519531e+00
-5.202753448486328125e+01
-1.006365509033203125e+02
-1.081975698471069336e+00
5.204012870788574219e+00
-3.209179043769836426e-01
4.516643285751342773e-01
-4.250472545623779297e+00
-1.402633666992187500e+00
-7.035496830940246582e-01
-1.284850597381591797e+00
2.616876363754272461e+00
-1.135557413101196289e+00
4.565047264099121094e+00
7.795802116394042969e+00
1.679735565185546875e+01
-1.350302124023437500e+01
-2.339020490646362305e+00
2.719895601272583008e+00
-7.002533435821533203e+00
5.646692276000976562e+00
-5.001543998718261719e+00
-8.485145568847656250e-01
1.695308685302734375e+00
-1.423806905746459961e+00
1.933941006660461426e+00
2.943359136581420898e+00
2.624701538085937500e+02
-2.661464233398437500e+02
-3.332093000411987305e+00
-2.882595777511596680e+00
-2.537883996963500977e+00
-3.792211771011352539e+00
-8.492369651794433594e+00
-4.443978786468505859e+00
3.086289882659912109e+00
-1.751821160316467285e+00
-1.266425728797912598e+00
5.470407485961914062e+00
2.210981750488281250e+01
-2.792192268371582031e+01
2.421883106231689453e+00
3.614956617355346680e+00
2.261388301849365234e+00
-6.054707050323486328e+00
-9.759943962097167969e+00
5.741992473602294922e+00
4.878910064697265625e+00
-1.875392794609069824e+00
-4.141010940074920654e-01
-2.463543653488159180e+00
5.547997951507568359e+00
-5.259194374084472656e+00
3.423773288726806641e+00
9.033541679382324219e+00
2.991784334182739258e+00
-6.672049999237060547e+00
-1.285945415496826172e+01
1.768325042724609375e+01
3.789429187774658203e+00
-9.987407922744750977e-01
-1.780402779579162598e+00
1.536957859992980957e+00
-7.396015644073486328e+00
1.063322734832763672e+01
3.812360763549804688e+00
9.837265968322753906e+00
-1.320688009262084961e+00
-1.276573300361633301e+00
1.380373096466064453e+01
-9.724805831909179688e+00
1.114019989967346191e+00
6.106194257736206055e-01
-3.928608000278472900e-01
1.136032342910766602e+00
-2.189928627014160156e+01
2.373063278198242188e+01
5.726604938507080078e+00
4.968539237976074219e+00
3.306733608245849609e+00
2.025555610656738281e+00
1.012622451782226562e+01
-3.818595170974731445e+00
-9.909118413925170898e-01
-8.393592387437820435e-02
1.268215417861938477e+00
-4.601694583892822266e+00
-2.554228668212890625e+02
2.574112548828125000e+02
4.570962905883789062e+00
3.420764505863189697e-01
7.715526103973388672e+00
-4.468965530395507812e+00
8.668099403381347656e+00
-1.657016038894653320e+00
-9.191578626632690430e-01
-2.208323955535888672e+00
-3.377980887889862061e-01
2.033600091934204102e+00
-2.115493202209472656e+01
2.279565429687500000e+01
1.017630100250244141e+01
4.533029556274414062e+00
2.292660474777221680e+00
-2.692953109741210938e+00
5.198390483856201172e+00
-2.282137423753738403e-01
-2.765862345695495605e-01
-1.061764359474182129e+00
3.309887647628784180e+00
4.281499385833740234e-01
-3.460589294433593750e+02
-5.312686767578125000e+02
1.477813873291015625e+02
-1.085327987670898438e+02
-1.125370178222656250e+02
9.235714721679687500e+01
-2.012185096740722656e+01
-1.752412986755371094e+01
-6.269275665283203125e+01
2.713603496551513672e+00
5.437744522094726562e+01
1.013904418945312500e+02
-3.684481506347656250e+02
-2.821631774902343750e+02
1.015560607910156250e+02
-1.503412933349609375e+02
-1.108238906860351562e+02
3.704809570312500000e+01
-2.200470161437988281e+01
-5.503777503967285156e+00
-6.265568923950195312e+01
7.876278877258300781e+00
5.300812911987304688e+01
1.061431045532226562e+02
-3.371723022460937500e+02
1.863737030029296875e+02
-3.982633666992187500e+02
-1.958551330566406250e+02
-1.262638854980468750e+02
4.876422882080078125e+01
-2.013011169433593750e+01
3.289459705352783203e+00
-4.098244476318359375e+01
3.198382377624511719e+01
6.540244293212890625e+01
8.387150573730468750e+01
-1.923264923095703125e+02
1.667873687744140625e+02
-3.486528625488281250e+02
-2.186074523925781250e+02
-7.359809875488281250e+01
7.264041137695312500e+01
3.137176275253295898e+00
9.921778678894042969e+00
1.338436603546142578e+00
4.586392974853515625e+01
5.982379150390625000e+01
8.147628784179687500e+01
-4.801977920532226562e+01
8.303825378417968750e+01
-2.848534851074218750e+02
-2.370107574462890625e+02
-1.801304626464843750e+01
3.025432777404785156e+01
6.513582229614257812e+00
1.798563003540039062e+01
2.220874595642089844e+01
3.158158493041992188e+01
4.119658279418945312e+01
6.796140289306640625e+01
-5.776422119140625000e+01
9.588693237304687500e+01
-2.795802917480468750e+02
-2.428319702148437500e+02
-1.711642265319824219e+01
2.562842559814453125e+01
1.169534778594970703e+01
1.618558311462402344e+01
2.246338081359863281e+01
3.362162017822265625e+01
4.186008071899414062e+01
6.416178131103515625e+01
-1.956426239013671875e+02
1.734508361816406250e+02
-3.463121032714843750e+02
-2.205439910888671875e+02
-7.236608886718750000e+01
7.373299407958984375e+01
8.411030769348144531e+00
9.974370002746582031e+00
3.192930698394775391e+00
4.938488388061523438e+01
6.019132232666015625e+01
7.297470855712890625e+01
-3.403162841796875000e+02
1.817281951904296875e+02
-3.996977539062500000e+02
-1.945935058593750000e+02
-1.241402816772460938e+02
5.091910934448242188e+01
-1.332856082916259766e+01
8.754369735717773438e+00
-4.015193939208984375e+01
3.314577484130859375e+01
6.531968688964843750e+01
7.579311370849609375e+01
-3.680328369140625000e+02
-2.777693176269531250e+02
1.037838211059570312e+02
-1.453739318847656250e+02
-1.130996170043945312e+02
3.766365432739257812e+01
-1.669438934326171875e+01
-1.258400827646255493e-01
-6.178216552734375000e+01
6.496387481689453125e+00
5.225761413574218750e+01
1.016122665405273438e+02
-4.817284851074218750e+02
-9.252951660156250000e+02
2.972151756286621094e+01
-1.382722015380859375e+02
-1.404643249511718750e+02
3.559339141845703125e+01
-1.968982505798339844e+01
-1.506523013114929199e+00
-5.421955871582031250e+01
2.437631189823150635e-01
3.609059143066406250e+01
8.368092346191406250e+01
-5.105487976074218750e+02
-8.078472900390625000e+02
1.018189468383789062e+02
-2.197159271240234375e+02
-1.389499511718750000e+02
2.053129959106445312e+01
-1.794141387939453125e+01
1.709401321411132812e+01
-4.766281509399414062e+01
5.088768005371093750e+00
4.226688385009765625e+01
9.037311553955078125e+01
-3.844062194824218750e+02
-4.037612915039062500e+02
-4.390631198883056641e+00
-2.816964721679687500e+02
-1.334783172607421875e+02
9.831773757934570312e+00
-9.460717201232910156e+00
4.175493621826171875e+01
-2.560003662109375000e+01
1.918607330322265625e+01
4.334430694580078125e+01
1.075079040527343750e+02
-1.858569641113281250e+02
1.346856231689453125e+02
-5.613625488281250000e+02
-3.425270996093750000e+02
-1.128129119873046875e+02
-1.601147651672363281e+00
5.562042713165283203e+00
4.533483886718750000e+01
-1.655294990539550781e+01
1.527836704254150391e+01
4.560155105590820312e+01
1.125601272583007812e+02
-1.844239997863769531e+01
9.742154693603515625e+01
-5.043007202148437500e+02
-4.069934692382812500e+02
-7.760101318359375000e+01
-2.910352897644042969e+01
3.001986694335937500e+01
5.405303573608398438e+01
-7.227718353271484375e+00
6.076524734497070312e+00
6.369336318969726562e+01
1.104570541381835938e+02
-2.726679992675781250e+01
1.063543548583984375e+02
-4.963151550292968750e+02
-4.199960632324218750e+02
-7.499649047851562500e+01
-3.268690109252929688e+01
3.455004119873046875e+01
5.022542953491210938e+01
-7.928884029388427734e+00
7.234148979187011719e+00
7.251088714599609375e+01
9.882949829101562500e+01
-1.889459075927734375e+02
1.327437591552734375e+02
-5.611445312500000000e+02
-3.536878662109375000e+02
-1.085890731811523438e+02
-3.328335285186767578e+00
8.373451232910156250e+00
4.582462310791015625e+01
-1.780764961242675781e+01
1.563796520233154297e+01
5.025170898437500000e+01
1.009514083862304688e+02
-3.923335266113281250e+02
-4.110402832031250000e+02
-1.396210193634033203e+01
-2.887558898925781250e+02
-1.302295227050781250e+02
9.018839836120605469e+00
-6.820337772369384766e+00
4.666254425048828125e+01
-3.047565841674804688e+01
1.920310211181640625e+01
4.430183029174804688e+01
9.657794189453125000e+01
-5.131877441406250000e+02
-8.093571166992187500e+02
9.548287963867187500e+01
-2.219239807128906250e+02
-1.368370056152343750e+02
2.076712608337402344e+01
-1.622724342346191406e+01
2.260672378540039062e+01
-5.201113128662109375e+01
5.281833171844482422e+00
4.152191543579101562e+01
8.463626098632812500e+01
-1.570225952148437500e+03
-6.122258911132812500e+02
-3.928126831054687500e+02
8.301347351074218750e+01
-1.631003723144531250e+02
1.408698940277099609e+01
-7.586272239685058594e+00
3.592720413208007812e+01
-5.601745605468750000e+01
-3.414250564575195312e+01
3.766114807128906250e+01
4.965428924560546875e+01
-9.609465942382812500e+02
-9.341464233398437500e+02
-3.808875732421875000e+02
7.008412170410156250e+01
-1.697402801513671875e+02
1.232637691497802734e+01
-5.751271724700927734e+00
4.544027328491210938e+01
-4.561703872680664062e+01
-3.642890548706054688e+01
3.139261817932128906e+01
5.575767517089843750e+01
-4.445383605957031250e+02
-1.042215454101562500e+03
-9.963868713378906250e+01
-1.430430297851562500e+02
-1.661547393798828125e+02
-2.087350654602050781e+01
3.205410718917846680e+00
6.653328704833984375e+01
-3.387929534912109375e+01
-3.005830192565917969e+01
2.819348526000976562e+01
7.324353790283203125e+01
-1.627426757812500000e+02
-4.781958007812500000e+02
-1.115871124267578125e+02
-4.238773193359375000e+02
-1.757693328857421875e+02
-7.581171417236328125e+01
1.851995658874511719e+01
5.986675643920898438e+01
-2.719608497619628906e+01
-3.380637359619140625e+01
4.848069763183593750e+01
7.821051025390625000e+01
9.458958625793457031e+00
9.003672790527343750e+01
-6.752972412109375000e+02
-5.414003906250000000e+02
-1.676939086914062500e+02
-1.273973083496093750e+02
4.450595855712890625e+01
5.632382965087890625e+01
-3.202870559692382812e+01
-3.587158584594726562e+01
7.684477233886718750e+01
8.656494903564453125e+01
7.371280670166015625e+00
9.312391662597656250e+01
-6.766884765625000000e+02
-5.451046142578125000e+02
-1.592337341308593750e+02
-1.330368652343750000e+02
4.772196197509765625e+01
5.291017532348632812e+01
-3.415501785278320312e+01
-3.327276611328125000e+01
8.589679718017578125e+01
7.518150329589843750e+01
-1.697620544433593750e+02
-4.783291625976562500e+02
-1.153687820434570312e+02
-4.250508728027343750e+02
-1.676276092529296875e+02
-7.939056396484375000e+01
1.890033531188964844e+01
5.720629501342773438e+01
-2.914896392822265625e+01
-3.348034286499023438e+01
5.688276290893554688e+01
6.854986572265625000e+01
-4.503298645019531250e+02
-1.043401855468750000e+03
-1.008713455200195312e+02
-1.392180023193359375e+02
-1.590117492675781250e+02
-2.380054092407226562e+01
1.275555014610290527e+00
6.700814819335937500e+01
-3.721696472167968750e+01
-3.205841064453125000e+01
3.191864204406738281e+01
6.776156616210937500e+01
-9.764121704101562500e+02
-9.264298095703125000e+02
-3.804384155273437500e+02
7.238803100585937500e+01
-1.697352142333984375e+02
1.112625980377197266e+01
-7.894979953765869141e+00
4.724758911132812500e+01
-4.770063018798828125e+01
-3.790547180175781250e+01
3.237277221679687500e+01
5.331118774414062500e+01
-1.721062866210937500e+03
-6.888701782226562500e+02
-3.454307861328125000e+02
-1.543639526367187500e+02
-2.748791885375976562e+01
7.321101427078247070e-01
-6.803260803222656250e+00
-1.391219043731689453e+01
5.392487335205078125e+01
-4.557625198364257812e+01
1.569693851470947266e+01
7.015637207031250000e+01
-1.382906372070312500e+03
-7.279564819335937500e+02
-3.548990478515625000e+02
4.628442382812500000e+01
-2.057718353271484375e+02
-1.652404403686523438e+01
-3.358588695526123047e+00
-1.271522712707519531e+01
3.932997131347656250e+01
-6.110727691650390625e+01
1.212930488586425781e+01
7.454850769042968750e+01
-4.685618591308593750e+02
-1.087095336914062500e+03
-3.777455139160156250e+02
6.037747573852539062e+01
-2.281895599365234375e+02
-7.382595825195312500e+01
2.528802871704101562e+01
-2.242433929443359375e+01
3.026010704040527344e+01
-5.332573318481445312e+01
4.013482284545898438e+01
8.746583557128906250e+01
-7.860150909423828125e+01
-9.437204589843750000e+02
-3.305922851562500000e+02
-1.481397056579589844e+01
-2.327927093505859375e+02
-1.472220001220703125e+02
3.895365905761718750e+01
1.688651657104492188e+01
-2.837225723266601562e+01
-3.852683639526367188e+01
5.725393676757812500e+01
9.000664520263671875e+01
4.142992401123046875e+01
-1.781681671142578125e+02
-3.588377685546875000e+02
-4.811722106933593750e+02
-2.319241485595703125e+02
-1.986325073242187500e+02
4.350859069824218750e+01
3.547203063964843750e+01
-4.174133682250976562e+01
-3.304472732543945312e+01
5.223647308349609375e+01
7.874694061279296875e+01
4.459989929199218750e+01
-1.727484893798828125e+02
-3.541471557617187500e+02
-4.746777343750000000e+02
-2.172476806640625000e+02
-2.104404754638671875e+02
4.717448425292968750e+01
2.945428466796875000e+01
-4.430154800415039062e+01
-3.045344352722167969e+01
6.014418792724609375e+01
7.275437164306640625e+01
-8.711677551269531250e+01
-9.528450317382812500e+02
-3.224971923828125000e+02
-9.325179100036621094e+00
-2.202387695312500000e+02
-1.539460754394531250e+02
3.966226196289062500e+01
8.742511749267578125e+00
-2.917344093322753906e+01
-3.482963562011718750e+01
6.415653228759765625e+01
8.669435882568359375e+01
-4.836654357910156250e+02
-1.100098999023437500e+03
-3.694031066894531250e+02
6.776726531982421875e+01
-2.196226348876953125e+02
-7.569976806640625000e+01
2.289115905761718750e+01
-2.524197959899902344e+01
2.718665504455566406e+01
-5.203895568847656250e+01
4.412587738037109375e+01
8.610563659667968750e+01
-1.421760131835937500e+03
-7.232126464843750000e+02
-3.515515747070312500e+02
5.295441055297851562e+01
-2.038212738037109375e+02
-1.531685256958007812e+01
-5.336511135101318359e+00
-1.536039638519287109e+01
3.865790176391601562e+01
-6.178818130493164062e+01
1.437506771087646484e+01
7.335643768310546875e+01
-5.994074096679687500e+02
-6.036034545898437500e+02
-1.321259613037109375e+02
-2.552470855712890625e+02
-4.013405227661132812e+01
4.009001255035400391e+00
-3.312388896942138672e+00
4.799247980117797852e-01
-1.660008239746093750e+01
1.008833217620849609e+01
2.235585212707519531e+01
1.055208358764648438e+02
-5.215873413085937500e+02
-5.864731445312500000e+02
-1.382500915527343750e+02
-2.049826507568359375e+02
-5.167023468017578125e+01
-3.531927871704101562e+01
-8.293853759765625000e+00
-5.906631469726562500e+00
-1.634770393371582031e+01
5.765729427337646484e+00
2.924236869812011719e+01
1.041706466674804688e+02
-3.792899169921875000e+02
-5.167946166992187500e+02
-1.513826141357421875e+02
1.962062835693359375e+01
-2.594741821289062500e+02
-1.013996810913085938e+02
1.754894971847534180e+00
-8.546971321105957031e+00
-1.652670097351074219e+01
1.178941011428833008e+00
4.385512924194335938e+01
1.031710052490234375e+02
-1.951143188476562500e+02
-2.975674133300781250e+02
-1.763217468261718750e+02
3.010464477539062500e+01
-2.912278442382812500e+02
-1.869734649658203125e+02
1.060790920257568359e+01
-1.440856170654296875e+01
-1.485742855072021484e+01
-2.105071544647216797e+00
4.855574798583984375e+01
9.619482421875000000e+01
-3.713961410522460938e+01
-2.573241271972656250e+02
-2.177691345214843750e+02
7.390013694763183594e+00
-2.801799316406250000e+02
-2.415948944091796875e+02
-1.613773918151855469e+01
-1.557285690307617188e+01
3.083771467208862305e+00
9.682953357696533203e-01
5.554149627685546875e+01
8.458112335205078125e+01
-3.594338989257812500e+01
-2.599762268066406250e+02
-2.116234283447265625e+02
9.925762176513671875e+00
-2.700585327148437500e+02
-2.507220153808593750e+02
-1.517389202117919922e+01
-1.774131965637207031e+01
3.370601654052734375e+00
9.720447659492492676e-02
5.929231262207031250e+01
8.240277862548828125e+01
-1.997796630859375000e+02
-3.076108703613281250e+02
-1.666157684326171875e+02
3.309640502929687500e+01
-2.810598754882812500e+02
-1.894747467041015625e+02
1.066165065765380859e+01
-1.529674816131591797e+01
-1.610701751708984375e+01
-4.252372741699218750e+00
5.315792465209960938e+01
9.481806945800781250e+01
-3.894993591308593750e+02
-5.209946289062500000e+02
-1.419752807617187500e+02
2.485730361938476562e+01
-2.522765655517578125e+02
-9.780873107910156250e+01
1.755171418190002441e+00
-1.266417121887207031e+01
-1.865837860107421875e+01
-1.899587988853454590e+00
4.698830795288085938e+01
1.019079055786132812e+02
-5.282144775390625000e+02
-5.828303833007812500e+02
-1.343464813232421875e+02
-2.025085449218750000e+02
-4.609566497802734375e+01
-3.097916030883789062e+01
-8.493059158325195312e+00
-8.275372505187988281e+00
-1.751661491394042969e+01
4.608785629272460938e+00
3.121398925781250000e+01
1.024815750122070312e+02
8.633945922851562500e+02
-4.800765380859375000e+02
6.733807373046875000e+01
-2.787691040039062500e+02
-1.097174377441406250e+02
-1.945786237716674805e+00
1.834055542945861816e+00
6.916729927062988281e+00
-3.817718124389648438e+01
2.622078895568847656e+01
3.728586196899414062e+00
7.216410064697265625e+01
2.976880798339843750e+02
-1.931367797851562500e+02
7.228759765625000000e+01
-2.688230285644531250e+02
-7.112075805664062500e+01
-2.351856803894042969e+01
-1.051484680175781250e+01
1.211073684692382812e+01
-3.628188323974609375e+01
2.332152748107910156e+01
1.841766166687011719e+01
7.052635192871093750e+01
-4.428740844726562500e+02
4.605022277832031250e+02
1.012837600708007812e+02
-3.848820877075195312e+01
-2.435099792480468750e+02
-7.591419982910156250e+01
-1.829477310180664062e+01
1.404873752593994141e+01
-3.180952644348144531e+01
1.806100082397460938e+01
3.144593048095703125e+01
6.509342193603515625e+01
-2.814191894531250000e+02
3.719566650390625000e+02
1.383041687011718750e+02
-1.843573379516601562e+01
-2.491111450195312500e+02
-1.575649871826171875e+02
-3.331715393066406250e+01
-1.175026607513427734e+01
3.981553792953491211e+00
8.862236976623535156e+00
3.087149429321289062e+01
5.701015853881835938e+01
-1.039263000488281250e+02
1.952683563232421875e+02
1.539060516357421875e+02
1.350909423828125000e+01
-2.576868286132812500e+02
-2.165717926025390625e+02
-4.274596786499023438e+01
-3.742521667480468750e+01
2.231488800048828125e+01
1.552910518646240234e+01
3.322679901123046875e+01
4.478261566162109375e+01
-1.018986282348632812e+02
1.933056182861328125e+02
1.481604309082031250e+02
1.253156566619873047e+01
-2.559464416503906250e+02
-2.170580444335937500e+02
-4.089097595214843750e+01
-3.878255844116210938e+01
2.276089859008789062e+01
1.496707153320312500e+01
3.582500457763671875e+01
4.288932800292968750e+01
-2.766873168945312500e+02
3.611365966796875000e+02
1.427187500000000000e+02
-1.956151580810546875e+01
-2.479192962646484375e+02
-1.563588562011718750e+02
-3.118447113037109375e+01
-9.872707366943359375e+00
4.658678054809570312e+00
5.273759841918945312e+00
3.145034599304199219e+01
5.533558654785156250e+01
-4.455109863281250000e+02
4.474148559570312500e+02
1.066788253784179688e+02
-3.837958145141601562e+01
-2.402197418212890625e+02
-6.890496826171875000e+01
-1.646019363403320312e+01
1.629133605957031250e+01
-3.054096031188964844e+01
1.179335880279541016e+01
3.228143310546875000e+01
6.220705795288085938e+01
3.001400451660156250e+02
-1.968398284912109375e+02
7.318498992919921875e+01
-2.684732055664062500e+02
-7.174153137207031250e+01
-1.702565574645996094e+01
-9.687294960021972656e+00
1.422610759735107422e+01
-3.432630157470703125e+01
1.910448074340820312e+01
1.911064529418945312e+01
6.869379425048828125e+01
-1.912216949462890625e+02
5.591203613281250000e+02
6.272378921508789062e+01
-1.460689849853515625e+02
-6.712912750244140625e+01
-2.921330928802490234e+00
1.515431851148605347e-01
4.962465763092041016e+00
2.009909057617187500e+01
-5.235884189605712891e+00
8.023447036743164062e+00
1.756237602233886719e+01
-1.598913421630859375e+02
4.196495971679687500e+02
6.753197479248046875e+01
-1.455242156982421875e+02
-5.793616867065429688e+01
-5.974898338317871094e+00
-5.578537940979003906e+00
-2.619461119174957275e-01
1.501441574096679688e+01
1.635234713554382324e+00
9.573054313659667969e+00
1.632529258728027344e+01
-1.577859497070312500e+02
3.210723876953125000e+02
9.452755737304687500e+01
-5.078022766113281250e+01
-1.180590209960937500e+02
-2.918429183959960938e+01
-1.075298976898193359e+01
-1.601659584045410156e+01
8.564223289489746094e+00
9.278919219970703125e+00
1.546888446807861328e+01
1.939115524291992188e+01
-8.061500549316406250e+01
2.386125946044921875e+02
1.538919677734375000e+02
-4.355114364624023438e+01
-1.109228744506835938e+02
-6.325605392456054688e+01
-1.423714351654052734e+01
-2.291752624511718750e+01
5.053068161010742188e+00
3.708931446075439453e+00
1.431658363342285156e+01
2.077181243896484375e+01
-2.354590797424316406e+01
1.045469970703125000e+02
1.945204315185546875e+02
-3.905070495605468750e+01
-1.029983291625976562e+02
-9.380831909179687500e+01
-2.515920829772949219e+01
-2.492575645446777344e+01
9.327954292297363281e+00
4.974727153778076172e+00
1.022546863555908203e+01
1.590335273742675781e+01
-2.186695098876953125e+01
9.896509552001953125e+01
1.872361145019531250e+02
-3.148519134521484375e+01
-1.020349884033203125e+02
-9.432821655273437500e+01
-2.115457534790039062e+01
-2.677441215515136719e+01
7.542723655700683594e+00
5.476938247680664062e+00
1.357051658630371094e+01
1.173579311370849609e+01
-8.030386352539062500e+01
2.310050201416015625e+02
1.626701965332031250e+02
-4.191723632812500000e+01
-1.105445022583007812e+02
-6.156861877441406250e+01
-9.325489044189453125e+00
-2.018490982055664062e+01
2.381881475448608398e+00
1.287355184555053711e+00
1.569646739959716797e+01
1.760225296020507812e+01
-1.562908477783203125e+02
3.150236816406250000e+02
9.987805175781250000e+01
-5.318546295166015625e+01
-1.139679794311523438e+02
-2.777164459228515625e+01
-7.459618091583251953e+00
-1.028779315948486328e+01
5.450354576110839844e+00
6.485336780548095703e+00
1.407465076446533203e+01
1.663088989257812500e+01
-1.619544525146484375e+02
4.150348205566406250e+02
6.882894897460937500e+01
-1.445580291748046875e+02
-5.919007492065429688e+01
-2.496389865875244141e+00
-4.510714530944824219e+00
4.518039226531982422e+00
1.236456775665283203e+01
3.746595084667205811e-01
6.837691307067871094e+00
1.481035709381103516e+01
1.873124084472656250e+02
-5.901365966796875000e+02
-6.376942825317382812e+01
1.482316741943359375e+02
6.609487915039062500e+01
4.089890956878662109e+00
-2.374226331710815430e+00
3.330539226531982422e+00
-2.479989242553710938e+01
2.903449773788452148e+00
-7.520718097686767578e+00
-2.165682029724121094e+01
1.590757598876953125e+02
-4.465764160156250000e+02
-7.029288482666015625e+01
1.435933532714843750e+02
5.566914749145507812e+01
6.071353912353515625e+00
4.258180618286132812e+00
3.058778285980224609e+00
-1.392763805389404297e+01
-2.534110844135284424e-01
-7.176820755004882812e+00
-2.054893684387207031e+01
1.511560668945312500e+02
-3.317072448730468750e+02
-9.815953826904296875e+01
5.361880111694335938e+01
1.146083602905273438e+02
3.047740936279296875e+01
7.276830673217773438e+00
1.527495670318603516e+01
-6.849064350128173828e+00
-6.283581733703613281e+00
-1.329874992370605469e+01
-2.063581275939941406e+01
8.338108825683593750e+01
-2.410630950927734375e+02
-1.598874206542968750e+02
4.393158340454101562e+01
1.115941543579101562e+02
6.500160217285156250e+01
1.027912235260009766e+01
2.398132133483886719e+01
-4.458277702331542969e+00
-7.730026245117187500e-01
-1.587412834167480469e+01
-1.791089439392089844e+01
2.256923103332519531e+01
-9.505185699462890625e+01
-1.941274566650390625e+02
2.708528518676757812e+01
1.043527755737304688e+02
9.837375640869140625e+01
2.147387695312500000e+01
2.825823402404785156e+01
-9.775436401367187500e+00
-4.207228183746337891e+00
-1.321533775329589844e+01
-1.460927677154541016e+01
2.180395126342773438e+01
-9.649843597412109375e+01
-1.910070648193359375e+02
3.639758682250976562e+01
1.027482910156250000e+02
9.802348327636718750e+01
2.723488044738769531e+01
2.483077812194824219e+01
-1.005528450012207031e+01
-7.011741161346435547e+00
-9.455341339111328125e+00
-1.945311164855957031e+01
8.037099456787109375e+01
-2.478499450683593750e+02
-1.487214050292968750e+02
4.807447433471679688e+01
1.104379272460937500e+02
6.474606323242187500e+01
1.598018550872802734e+01
2.546774101257324219e+01
-6.484867095947265625e+00
-7.198641300201416016e+00
-1.541187477111816406e+01
-2.139480209350585938e+01
1.492773590087890625e+02
-3.356204528808593750e+02
-9.220745849609375000e+01
5.484218978881835938e+01
1.169754409790039062e+02
3.075940322875976562e+01
1.118926620483398438e+01
1.987577629089355469e+01
-8.561985969543457031e+00
-1.233885765075683594e+01
-1.629521751403808594e+01
-2.381792449951171875e+01
1.555396881103515625e+02
-4.534123840332031250e+02
-7.133583831787109375e+01
1.476392669677734375e+02
5.600285339355468750e+01
7.166596889495849609e+00
5.226773738861083984e+00
7.773890018463134766e+00
-1.510378456115722656e+01
-3.290045738220214844e+00
-1.106385707855224609e+01
-2.199979972839355469e+01
-8.627192382812500000e+02
4.704177856445312500e+02
-6.402369689941406250e+01
2.821214599609375000e+02
1.108858184814453125e+02
7.561512470245361328e+00
-4.307149350643157959e-01
-9.549202919006347656e+00
3.838687896728515625e+01
-2.819699859619140625e+01
-3.500403642654418945e+00
-7.468659210205078125e+01
-2.944228515625000000e+02
1.788735961914062500e+02
-7.291476440429687500e+01
2.681678161621093750e+02
6.759588623046875000e+01
2.194958114624023438e+01
9.132934570312500000e+00
-1.785828399658203125e+01
3.229851150512695312e+01
-1.958727645874023438e+01
-1.925440979003906250e+01
-7.136503601074218750e+01
4.390279235839843750e+02
-4.732425231933593750e+02
-1.080590744018554688e+02
3.495177078247070312e+01
2.390140686035156250e+02
7.609179687500000000e+01
1.503745555877685547e+01
-1.886075019836425781e+01
2.837327003479003906e+01
-1.577249526977539062e+01
-2.991585540771484375e+01
-6.306967544555664062e+01
2.776727600097656250e+02
-3.686448364257812500e+02
-1.420900268554687500e+02
1.899757385253906250e+01
2.512712860107421875e+02
1.574424133300781250e+02
2.751189804077148438e+01
1.255004692077636719e+01
-6.352439880371093750e+00
-5.926939964294433594e+00
-3.175171089172363281e+01
-5.495402526855468750e+01
1.057081375122070312e+02
-1.899865417480468750e+02
-1.477356262207031250e+02
-2.015616989135742188e+01
2.611329956054687500e+02
2.174291839599609375e+02
3.860867309570312500e+01
3.827262496948242188e+01
-2.463465499877929688e+01
-1.690645027160644531e+01
-3.447376632690429688e+01
-4.327511978149414062e+01
1.064454193115234375e+02
-1.858114318847656250e+02
-1.505518341064453125e+02
-1.725356864929199219e+01
2.583780822753906250e+02
2.209596252441406250e+02
4.314475631713867188e+01
3.670613861083984375e+01
-2.523482704162597656e+01
-1.910790443420410156e+01
-3.181233787536621094e+01
-4.707264328002929688e+01
2.786863403320312500e+02
-3.729620666503906250e+02
-1.399344940185546875e+02
1.992658042907714844e+01
2.484553375244140625e+02
1.594473266601562500e+02
3.430019378662109375e+01
1.449741172790527344e+01
-7.715959548950195312e+00
-1.204092502593994141e+01
-3.373399353027343750e+01
-5.873796844482421875e+01
4.409652709960937500e+02
-4.832685241699218750e+02
-1.066498641967773438e+02
3.643288040161132812e+01
2.417097015380859375e+02
7.892092132568359375e+01
1.956635475158691406e+01
-1.536219024658203125e+01
2.925095558166503906e+01
-2.235879135131835938e+01
-3.240447998046875000e+01
-6.680157470703125000e+01
-2.948061218261718750e+02
1.842769165039062500e+02
-7.534346771240234375e+01
2.724141845703125000e+02
6.775598144531250000e+01
2.516860198974609375e+01
1.024226379394531250e+01
-1.456277656555175781e+01
3.509183502197265625e+01
-2.364049530029296875e+01
-2.027149963378906250e+01
-7.313179016113281250e+01
3.119046630859375000e+02
4.285376892089843750e+02
8.561996459960937500e+01
-5.573772811889648438e+01
2.009302825927734375e+02
-6.222781538963317871e-01
3.151300191879272461e+00
-2.345512390136718750e+00
1.403249454498291016e+01
5.627122497558593750e+01
-2.194904327392578125e+01
-6.681642150878906250e+01
2.900861206054687500e+02
4.153929748535156250e+02
8.460784912109375000e+01
-5.574635696411132812e+01
2.044569549560546875e+02
1.647012329101562500e+01
5.397749423980712891e+00
-2.057940244674682617e+00
1.587923812866210938e+01
4.106212234497070312e+01
-2.028108024597167969e+01
-7.164709472656250000e+01
2.339833374023437500e+02
3.099662475585937500e+02
8.568111419677734375e+01
-6.185837173461914062e+01
2.037658843994140625e+02
5.857179641723632812e+01
7.239171117544174194e-02
8.134964108467102051e-01
1.311208438873291016e+01
2.820092964172363281e+01
-2.988354682922363281e+01
-7.650045013427734375e+01
1.384381408691406250e+02
1.874047088623046875e+02
9.502842712402343750e+01
-5.481312561035156250e+01
2.078152008056640625e+02
1.145140304565429688e+02
-3.641269683837890625e+00
2.696572780609130859e+00
1.177148342132568359e+01
1.773556137084960938e+01
-5.188772583007812500e+01
-7.777201843261718750e+01
3.033653831481933594e+01
1.567341003417968750e+02
-3.216609954833984375e+01
1.191874847412109375e+02
1.980520172119140625e+02
1.663213195800781250e+02
2.041179656982421875e+00
5.158228397369384766e+00
-2.597585916519165039e+00
6.193976402282714844e+00
-6.116365051269531250e+01
-6.823497772216796875e+01
2.844791793823242188e+01
1.538622283935546875e+02
-2.821125793457031250e+01
1.216660614013671875e+02
1.943061065673828125e+02
1.728731079101562500e+02
4.267877578735351562e+00
2.253895282745361328e+00
-2.891638040542602539e+00
3.559459447860717773e+00
-5.959878540039062500e+01
-7.076909637451171875e+01
1.458592376708984375e+02
1.903700866699218750e+02
9.676116180419921875e+01
-6.233685684204101562e+01
2.105157928466796875e+02
1.195628433227539062e+02
-5.019381046295166016e+00
4.505458354949951172e+00
1.031573486328125000e+01
1.525131702423095703e+01
-5.109638595581054688e+01
-7.996215057373046875e+01
2.274004364013671875e+02
3.252738647460937500e+02
8.704857635498046875e+01
-6.345039367675781250e+01
2.086956634521484375e+02
6.198182296752929688e+01
-1.270910739898681641e+00
2.809100866317749023e+00
1.269132423400878906e+01
2.861092758178710938e+01
-3.478063964843750000e+01
-7.792093658447265625e+01
2.905015563964843750e+02
4.266737365722656250e+02
8.539505004882812500e+01
-5.620056533813476562e+01
2.018081207275390625e+02
1.855233573913574219e+01
4.422492504119873047e+00
-6.089498996734619141e-01
1.577375030517578125e+01
4.376635360717773438e+01
-2.480607604980468750e+01
-7.264268493652343750e+01
1.444361816406250000e+03
3.992176818847656250e+02
3.111344909667968750e+02
-6.819994354248046875e+01
1.354030914306640625e+02
-2.914330482482910156e+01
6.224527359008789062e+00
2.987853622436523438e+01
-4.385256195068359375e+01
5.824781799316406250e+01
-1.196755981445312500e+01
-5.294448471069335938e+01
1.195588745117187500e+03
4.137138671875000000e+02
3.051226501464843750e+02
-6.371398162841796875e+01
1.176288299560546875e+02
-3.128791046142578125e+01
3.877862930297851562e+00
3.558140563964843750e+01
-4.432269287109375000e+01
6.255290222167968750e+01
-2.098478889465332031e+01
-5.102061080932617188e+01
4.716207580566406250e+02
6.191956176757812500e+02
2.380091247558593750e+02
-2.484840583801269531e+01
1.307212524414062500e+02
-8.114387512207031250e+00
-7.942592144012451172e+00
2.433427810668945312e+01
-3.300622177124023438e+01
6.245579910278320312e+01
-1.325513267517089844e+01
-5.798712921142578125e+01
3.079277420043945312e+01
7.837062988281250000e+02
-5.750716400146484375e+01
2.938784179687500000e+02
1.207945251464843750e+02
3.698709106445312500e+01
-3.177988052368164062e+01
-4.449304199218750000e+01
3.660142135620117188e+01
4.480373001098632812e+01
-3.433977127075195312e+01
-7.671792602539062500e+01
-4.667011642456054688e+01
-1.065191726684570312e+02
6.305761108398437500e+02
4.904178466796875000e+02
1.060237960815429688e+02
7.553398895263671875e+01
-5.532059860229492188e+01
-5.226298141479492188e+01
4.995112609863281250e+01
4.039400482177734375e+01
-7.814670562744140625e+01
-8.688467407226562500e+01
-5.325245666503906250e+01
-9.705322265625000000e+01
6.408074340820312500e+02
4.883699340820312500e+02
1.061121597290039062e+02
7.960572814941406250e+01
-5.860408782958984375e+01
-5.019406509399414062e+01
4.871484375000000000e+01
4.106560897827148438e+01
-7.880146026611328125e+01
-8.662554931640625000e+01
2.562236404418945312e+01
7.862370605468750000e+02
-5.079280471801757812e+01
2.862815856933593750e+02
1.272218017578125000e+02
4.173764038085937500e+01
-3.792209243774414062e+01
-4.235467529296875000e+01
3.337233734130859375e+01
4.751756286621093750e+01
-3.713274002075195312e+01
-7.554688262939453125e+01
4.481103820800781250e+02
6.432833862304687500e+02
2.447821197509765625e+02
-2.845234489440917969e+01
1.363819732666015625e+02
-4.730799198150634766e+00
-1.370545959472656250e+01
3.134571266174316406e+01
-4.516389846801757812e+01
6.446966552734375000e+01
-2.107632827758789062e+01
-5.496323776245117188e+01
1.158254638671875000e+03
4.218269653320312500e+02
3.087593078613281250e+02
-6.272092819213867188e+01
1.184729080200195312e+02
-2.972887039184570312e+01
3.991222679615020752e-01
3.821489334106445312e+01
-5.211123275756835938e+01
6.361365890502929688e+01
-2.656779670715332031e+01
-4.956201553344726562e+01
1.332997680664062500e+03
3.145142517089843750e+02
2.990956420898437500e+02
-2.634915924072265625e+01
6.509902954101562500e+01
-5.025522994995117188e+01
5.953531742095947266e+00
-3.767829895019531250e+01
4.045209121704101562e+01
-1.625403165817260742e+00
-1.388149452209472656e+01
-3.326232147216796875e+01
9.582952270507812500e+02
4.684880981445312500e+02
1.437520294189453125e+02
6.583762359619140625e+01
5.058147811889648438e+01
-4.437883758544921875e+01
8.065255165100097656e+00
-5.404470443725585938e+01
4.444012832641601562e+01
1.142254590988159180e+00
-1.696144485473632812e+01
-4.838409805297851562e+01
3.372474060058593750e+02
8.298725585937500000e+02
-5.683298873901367188e+01
2.884508666992187500e+02
4.916242599487304688e+01
-3.989153289794921875e+01
3.247763633728027344e+00
-7.518774414062500000e+01
5.303457260131835938e+01
1.249887466430664062e+01
-2.725046920776367188e+01
-5.462665176391601562e+01
8.397644042968750000e+01
-4.217048645019531250e+01
5.897576904296875000e+02
3.869214782714843750e+02
3.608261489868164062e+01
-4.069119644165039062e+01
-1.785565757751464844e+01
-7.024058532714843750e+01
5.036702728271484375e+01
2.295282745361328125e+01
-2.957739067077636719e+01
-6.871437072753906250e+01
-1.572102165222167969e+01
-1.072598495483398438e+02
5.865014038085937500e+02
4.895552062988281250e+02
1.694635200500488281e+01
-4.320297241210937500e+00
-4.417992401123046875e+01
-5.689754104614257812e+01
3.938428497314453125e+01
2.556593513488769531e+01
-2.747225379943847656e+01
-7.071917724609375000e+01
-2.875891876220703125e+01
-9.304380798339843750e+01
5.812394409179687500e+02
4.975466308593750000e+02
2.063912010192871094e+01
-4.508280754089355469e+00
-4.958310317993164062e+01
-5.252409362792968750e+01
3.335081863403320312e+01
2.900739479064941406e+01
-2.870306777954101562e+01
-7.198884582519531250e+01
7.567639923095703125e+01
-4.189614486694335938e+01
6.014834594726562500e+02
3.929240112304687500e+02
4.089258575439453125e+01
-4.042052078247070312e+01
-2.275215530395507812e+01
-6.664965057373046875e+01
4.100939559936523438e+01
2.071124076843261719e+01
-3.109683036804199219e+01
-7.071955108642578125e+01
3.220633239746093750e+02
8.286525268554687500e+02
-6.846913909912109375e+01
2.908641662597656250e+02
5.409751892089843750e+01
-3.772235107421875000e+01
-8.368638157844543457e-01
-6.972467041015625000e+01
4.059042739868164062e+01
9.496335983276367188e+00
-2.854129409790039062e+01
-5.580480194091796875e+01
9.175923461914062500e+02
4.786365356445312500e+02
1.427053222656250000e+02
6.777226257324218750e+01
5.405229187011718750e+01
-4.493424606323242188e+01
5.125480175018310547e+00
-4.960976409912109375e+01
3.655426788330078125e+01
6.753706932067871094e-01
-1.901141357421875000e+01
-4.479710769653320312e+01
7.771335449218750000e+02
2.561817321777343750e+02
-4.535643386840820312e+01
1.546980133056640625e+02
-1.978870773315429688e+01
-4.841833114624023438e+01
1.146906471252441406e+01
-1.309680557250976562e+01
4.161780166625976562e+01
-5.392057037353515625e+01
-2.923975372314453125e+01
-6.397409439086914062e+00
3.608457641601562500e+02
5.889874267578125000e+02
-6.019983291625976562e+01
1.885026092529296875e+02
-2.249427604675292969e+01
-3.211594772338867188e+01
5.345066547393798828e+00
-3.290571212768554688e+01
4.027199935913085938e+01
-5.205369186401367188e+01
-3.179218864440917969e+01
-5.199248790740966797e+00
2.146913757324218750e+02
-9.687373352050781250e+01
5.957576293945312500e+02
2.372070617675781250e+02
-4.393525123596191406e+00
-4.895193862915039062e+01
1.709017944335937500e+01
-5.479965591430664062e+01
3.512202835083007812e+01
-5.692945480346679688e+01
-3.239859008789062500e+01
-1.311621284484863281e+01
9.236128997802734375e+01
-1.119893875122070312e+02
5.288103027343750000e+02
2.801840515136718750e+02
-2.012004661560058594e+01
-6.086210632324218750e+01
9.852158546447753906e+00
-4.667315673828125000e+01
2.673136711120605469e+01
-3.850132751464843750e+01
-2.670094299316406250e+01
-4.000593566894531250e+01
1.863541126251220703e+00
-9.086756896972656250e+01
4.392285461425781250e+02
3.456041259765625000e+02
-4.441025924682617188e+01
-5.016800689697265625e+01
-4.101844310760498047e+00
-4.188557434082031250e+01
1.051172539591789246e-01
-1.931797409057617188e+01
-2.668354988098144531e+01
-2.557004165649414062e+01
-7.205402374267578125e+00
-7.766751098632812500e+01
4.376049194335937500e+02
3.534040527343750000e+02
-4.296388626098632812e+01
-4.780053329467773438e+01
-3.531169176101684570e+00
-4.169459915161132812e+01
-5.947051048278808594e+00
-1.322847843170166016e+01
-2.394120788574218750e+01
-2.948128318786621094e+01
9.293283081054687500e+01
-1.117936477661132812e+02
5.280446777343750000e+02
2.868884887695312500e+02
-1.484549617767333984e+01
-5.644044494628906250e+01
1.112156486511230469e+01
-4.609176254272460938e+01
1.802930641174316406e+01
-3.682360839843750000e+01
-2.648128509521484375e+01
-4.348185729980468750e+01
2.114615783691406250e+02
-1.141441192626953125e+02
6.000682983398437500e+02
2.451243438720703125e+02
-1.801016092300415039e+00
-4.672429275512695312e+01
1.881313514709472656e+01
-5.388586807250976562e+01
2.681349182128906250e+01
-5.840267562866210938e+01
-3.447599411010742188e+01
-1.516463088989257812e+01
3.582132263183593750e+02
5.947734375000000000e+02
-7.996044921875000000e+01
1.927931213378906250e+02
-1.892723083496093750e+01
-3.024413681030273438e+01
6.813065528869628906e+00
-3.168613243103027344e+01
3.563019943237304688e+01
-5.328644180297851562e+01
-3.325202560424804688e+01
-5.107058048248291016e+00
8.331956481933593750e+01
3.703659362792968750e+02
-4.663375854492187500e+01
1.046572113037109375e+01
-3.416234970092773438e+01
-1.770425224304199219e+01
3.336130523681640625e+01
-3.555035018920898438e+01
3.373334169387817383e+00
1.747022819519042969e+01
-2.996045112609863281e+01
1.180588626861572266e+01
1.235974884033203125e+02
1.200896377563476562e+02
5.073986816406250000e+01
5.080193710327148438e+01
-4.080605697631835938e+01
-7.114807605743408203e+00
3.172159004211425781e+01
-4.144807815551757812e+01
9.593244552612304688e+00
2.450931549072265625e+01
-2.925254631042480469e+01
-1.098522377014160156e+01
1.098630981445312500e+02
-6.549906158447265625e+01
2.783752136230468750e+02
8.399565887451171875e+01
-2.878155231475830078e+00
-1.600395011901855469e+01
1.992259216308593750e+01
-3.702361297607421875e+01
-8.543964385986328125e+00
9.531483650207519531e-01
-1.957938575744628906e+01
-7.115021228790283203e+00
5.183777618408203125e+01
-5.954161071777343750e+01
2.272379455566406250e+02
1.266998443603515625e+02
-2.831791496276855469e+01
-2.150146102905273438e+01
7.285778522491455078e+00
-2.272358131408691406e+01
-2.128596687316894531e+01
-1.176719188690185547e+01
-1.204819774627685547e+01
-1.814300060272216797e+00
9.365745544433593750e+00
-4.117291259765625000e+01
1.876781005859375000e+02
1.491285095214843750e+02
-3.887650680541992188e+01
-2.784729194641113281e+01
2.317808914184570312e+01
2.760113000869750977e+00
-1.962734985351562500e+01
-1.833128929138183594e+01
-5.179215431213378906e+00
-5.721896171569824219e+00
8.006236076354980469e+00
-3.431904220581054688e+01
1.894878387451171875e+02
1.499355010986328125e+02
-3.508384704589843750e+01
-3.225683593750000000e+01
3.237239456176757812e+01
-3.507200479507446289e+00
-2.131617164611816406e+01
-1.962135124206542969e+01
-2.089357852935791016e+00
-7.102906227111816406e+00
6.015604782104492188e+01
-5.939390563964843750e+01
2.342095794677734375e+02
1.286922454833984375e+02
-2.170895576477050781e+01
-2.076176834106445312e+01
1.975929260253906250e+01
-2.645721435546875000e+01
-2.599141883850097656e+01
-1.929394340515136719e+01
-9.649192810058593750e+00
-2.678562402725219727e+00
1.159599456787109375e+02
-7.790282440185546875e+01
2.884440002441406250e+02
8.571430969238281250e+01
-2.480980396270751953e+00
-8.406164169311523438e+00
3.167826080322265625e+01
-3.962959671020507812e+01
-1.348964405059814453e+01
-5.909030437469482422e+00
-1.787353134155273438e+01
-8.562203407287597656e+00
1.262107696533203125e+02
1.109220809936523438e+02
4.968768310546875000e+01
4.956696701049804688e+01
-4.284961318969726562e+01
-3.442069053649902344e+00
3.703847122192382812e+01
-4.243468856811523438e+01
8.207505226135253906e+00
2.055977249145507812e+01
-2.965995407104492188e+01
-1.082365608215332031e+01
-8.525007629394531250e+01
-3.670779724121093750e+02
4.394762802124023438e+01
-1.372196292877197266e+01
3.634851455688476562e+01
1.806559181213378906e+01
-3.216856002807617188e+01
3.529543304443359375e+01
-6.938950419425964355e-01
-1.584777832031250000e+01
3.016832351684570312e+01
-4.594919681549072266e+00
-1.244385223388671875e+02
-1.167644271850585938e+02
-4.836094665527343750e+01
-5.629952239990234375e+01
3.866218185424804688e+01
3.537210226058959961e+00
-3.774969100952148438e+01
3.893674468994140625e+01
-4.308806896209716797e+00
-1.898599815368652344e+01
3.019333267211914062e+01
1.709742355346679688e+01
-1.103798675537109375e+02
7.343061065673828125e+01
-2.835517272949218750e+02
-8.425814056396484375e+01
4.990853309631347656e+00
9.530903816223144531e+00
-3.189720344543457031e+01
3.686829757690429688e+01
1.566786956787109375e+01
2.097647428512573242e+00
1.855134201049804688e+01
8.408455848693847656e+00
-5.707950973510742188e+01
5.949640274047851562e+01
-2.290293884277343750e+02
-1.175917205810546875e+02
2.087799644470214844e+01
2.253076934814453125e+01
-1.827426528930664062e+01
3.011345291137695312e+01
2.906409645080566406e+01
2.085813522338867188e+01
1.192044162750244141e+01
7.303541183471679688e+00
-5.167509078979492188e+00
3.298816299438476562e+01
-1.784683074951171875e+02
-1.422199096679687500e+02
3.183163452148437500e+01
3.080038261413574219e+01
-2.793932342529296875e+01
4.676924228668212891e+00
2.202108192443847656e+01
2.357159042358398438e+01
4.261436939239501953e+00
3.127583980560302734e+00
-9.040316581726074219e+00
4.053775405883789062e+01
-1.760470428466796875e+02
-1.448742370605468750e+02
3.251371765136718750e+01
3.216286087036132812e+01
-2.135190200805664062e+01
-2.772232294082641602e+00
2.450079727172851562e+01
2.055682754516601562e+01
5.253844261169433594e+00
2.609793186187744141e+00
-5.488890838623046875e+01
6.060349655151367188e+01
-2.265012969970703125e+02
-1.169164505004882812e+02
2.430928802490234375e+01
2.506679344177246094e+01
-1.147823047637939453e+01
2.617829322814941406e+01
3.011102867126464844e+01
1.715537261962890625e+01
1.149366569519042969e+01
6.487920761108398438e+00
-1.115502090454101562e+02
6.718823242187500000e+01
-2.776153564453125000e+02
-8.079258728027343750e+01
4.241236209869384766e+00
1.346024513244628906e+01
-2.224221611022949219e+01
3.804979324340820312e+01
1.351775646209716797e+01
-1.176627874374389648e+00
1.743201255798339844e+01
5.933444023132324219e+00
-1.259434738159179688e+02
-1.208059616088867188e+02
-4.919655609130859375e+01
-5.652460861206054688e+01
3.639867401123046875e+01
7.092259407043457031e+00
-3.214311218261718750e+01
4.153079223632812500e+01
-5.532369613647460938e+00
-2.208263587951660156e+01
2.869988059997558594e+01
1.305999088287353516e+01
-7.962174682617187500e+02
-2.628836669921875000e+02
3.840703964233398438e+01
-1.613862304687500000e+02
2.389435768127441406e+01
5.641630935668945312e+01
-1.367176246643066406e+01
1.710416030883789062e+01
-4.768659591674804688e+01
5.411941146850585938e+01
3.009358978271484375e+01
4.914383888244628906e+00
-3.604289855957031250e+02
-5.878702392578125000e+02
7.085705566406250000e+01
-1.958022613525390625e+02
1.769715499877929688e+01
3.709958648681640625e+01
-7.736475467681884766e+00
3.029100418090820312e+01
-4.010316085815429688e+01
5.136588668823242188e+01
3.427898025512695312e+01
4.903283119201660156e+00
-2.173593750000000000e+02
1.068139495849609375e+02
-6.000069580078125000e+02
-2.453144531250000000e+02
6.557675838470458984e+00
4.710511398315429688e+01
-1.808481979370117188e+01
5.039141464233398438e+01
-3.186018562316894531e+01
5.923755645751953125e+01
3.534577178955078125e+01
1.401925468444824219e+01
-9.714394378662109375e+01
1.063458328247070312e+02
-5.359846801757812500e+02
-2.806224365234375000e+02
2.533067893981933594e+01
5.957770919799804688e+01
-8.105866432189941406e+00
4.610533523559570312e+01
-2.003030395507812500e+01
3.799100875854492188e+01
3.042818450927734375e+01
3.773238372802734375e+01
6.537628650665283203e+00
7.039536285400390625e+01
-4.429557189941406250e+02
-3.422759399414062500e+02
4.615921020507812500e+01
5.564762115478515625e+01
4.142508506774902344e+00
4.717988204956054688e+01
2.916488647460937500e+00
1.495211410522460938e+01
2.067081451416015625e+01
3.118313217163085938e+01
-7.467918395996093750e+00
8.276945495605468750e+01
-4.373204650878906250e+02
-3.534252319335937500e+02
4.723167037963867188e+01
5.406922912597656250e+01
9.889122009277343750e+00
4.235463714599609375e+01
3.366189599037170410e-01
1.791930961608886719e+01
2.282752037048339844e+01
2.364437675476074219e+01
-1.008227767944335938e+02
1.057098159790039062e+02
-5.359016113281250000e+02
-2.890314636230468750e+02
2.380314445495605469e+01
5.986273193359375000e+01
-4.425761699676513672e+00
4.632781219482421875e+01
-2.236481857299804688e+01
3.976660919189453125e+01
2.981343650817871094e+01
2.989765930175781250e+01
-2.252978363037109375e+02
8.993766784667968750e+01
-6.022002563476562500e+02
-2.484776458740234375e+02
7.418698310852050781e+00
4.824306869506835938e+01
-1.395055198669433594e+01
5.592044067382812500e+01
-3.483021926879882812e+01
5.689113998413085938e+01
3.116790390014648438e+01
7.266839504241943359e+00
-3.595443115234375000e+02
-5.940579833984375000e+02
5.245140838623046875e+01
-1.967676086425781250e+02
1.948225784301757812e+01
3.883082580566406250e+01
-4.757366180419921875e+00
3.513349151611328125e+01
-4.241911315917968750e+01
4.852890396118164062e+01
3.052778053283691406e+01
1.408252477645874023e+00
-1.311502929687500000e+03
-3.165693969726562500e+02
-3.000466613769531250e+02
1.890194320678710938e+01
-6.292086410522460938e+01
5.619052886962890625e+01
-8.139426231384277344e+00
3.740135192871093750e+01
-5.261189651489257812e+01
6.181722283363342285e-01
1.135544395446777344e+01
3.562741088867187500e+01
-9.326340942382812500e+02
-4.818919067382812500e+02
-1.438309783935546875e+02
-7.069174957275390625e+01
-5.594439315795898438e+01
4.912165069580078125e+01
-8.001718521118164062e+00
4.779421615600585938e+01
-4.673070907592773438e+01
-4.720387458801269531e+00
1.677061653137207031e+01
4.754243087768554688e+01
-3.272053527832031250e+02
-8.371540527343750000e+02
7.056332397460937500e+01
-2.934631652832031250e+02
-5.207010269165039062e+01
4.598016738891601562e+01
-2.137476682662963867e+00
6.674877929687500000e+01
-5.225642013549804688e+01
-1.056804084777832031e+01
2.476356315612792969e+01
5.797308349609375000e+01
-8.409062194824218750e+01
3.961807250976562500e+01
-6.036497192382812500e+02
-3.824137573242187500e+02
-4.034671783447265625e+01
4.348637771606445312e+01
1.977624702453613281e+01
6.899383544921875000e+01
-4.923799514770507812e+01
-2.556463241577148438e+01
2.679640388488769531e+01
7.637522888183593750e+01
2.084376335144042969e+01
8.687107086181640625e+01
-5.838300781250000000e+02
-4.891661682128906250e+02
-1.272183418273925781e+01
8.915691375732421875e+00
4.868185043334960938e+01
6.273292922973632812e+01
-4.087159729003906250e+01
-3.227841567993164062e+01
2.824027824401855469e+01
7.439109802246093750e+01
1.390265846252441406e+01
9.549178314208984375e+01
-5.824301147460937500e+02
-4.954325561523437500e+02
-1.316718387603759766e+01
8.236112594604492188e+00
5.217341613769531250e+01
6.065465927124023438e+01
-4.197727584838867188e+01
-3.109899902343750000e+01
3.593267440795898438e+01
6.483567047119140625e+01
-8.693980407714843750e+01
3.599570083618164062e+01
-6.061459350585937500e+02
-3.919222106933593750e+02
-3.830938720703125000e+01
4.345100784301757812e+01
2.197096633911132812e+01
7.054138946533203125e+01
-5.077476882934570312e+01
-2.460385513305664062e+01
2.858803749084472656e+01
6.518780517578125000e+01
-3.339106445312500000e+02
-8.431139526367187500e+02
4.785607147216796875e+01
-2.986197204589843750e+02
-4.950799942016601562e+01
4.429904556274414062e+01
-1.518623590469360352e+00
7.473970794677734375e+01
-5.466765213012695312e+01
-1.168262386322021484e+01
2.363387489318847656e+01
4.871393966674804688e+01
-9.328039550781250000e+02
-4.861247558593750000e+02
-1.504951171875000000e+02
-7.422022247314453125e+01
-5.370670700073242188e+01
4.766961288452148438e+01
-8.301961898803710938e+00
5.392393493652343750e+01
-4.819992828369140625e+01
-6.184545516967773438e+00
1.447388935089111328e+01
4.306530761718750000e+01
-1.408743774414062500e+03
-3.953997497558593750e+02
-3.085152893066406250e+02
5.876894760131835938e+01
-1.378886718750000000e+02
2.797746658325195312e+01
-4.205731868743896484e+00
-3.630474853515625000e+01
3.602656555175781250e+01
-6.134309005737304688e+01
9.939311981201171875e+00
5.720634078979492188e+01
-1.155380981445312500e+03
-4.158158569335937500e+02
-3.060521850585937500e+02
6.135369491577148438e+01
-1.249398651123046875e+02
3.047603034973144531e+01
9.540587663650512695e-01
-4.200243759155273438e+01
4.290247344970703125e+01
-6.473841857910156250e+01
2.366000556945800781e+01
5.892750549316406250e+01
-4.437654724121093750e+02
-6.249462890625000000e+02
-2.475261077880859375e+02
2.327748870849609375e+01
-1.389561614990234375e+02
4.716806888580322266e+00
1.436703968048095703e+01
-3.540009307861328125e+01
3.410623550415039062e+01
-6.206794357299804688e+01
1.730805397033691406e+01
6.567530822753906250e+01
-2.668985176086425781e+01
-7.792711791992187500e+02
5.183725738525390625e+01
-2.904299926757812500e+02
-1.335417022705078125e+02
-4.128832244873046875e+01
3.593366622924804688e+01
4.031847381591796875e+01
-4.109365844726562500e+01
-4.747228240966796875e+01
3.931565093994140625e+01
8.295235443115234375e+01
4.364447402954101562e+01
9.851358795166015625e+01
-6.319442138671875000e+02
-4.997232360839843750e+02
-1.127042236328125000e+02
-8.122948455810546875e+01
5.734990310668945312e+01
5.649476242065429688e+01
-5.498071670532226562e+01
-4.311183166503906250e+01
7.653553771972656250e+01
9.447602081298828125e+01
4.746243667602539062e+01
9.860338592529296875e+01
-6.371154785156250000e+02
-4.960515136718750000e+02
-1.075129928588867188e+02
-8.429565429687500000e+01
6.130530548095703125e+01
5.097948837280273438e+01
-5.418065261840820312e+01
-4.328184127807617188e+01
8.563717651367187500e+01
8.245749664306640625e+01
-2.675829505920410156e+01
-7.780978393554687500e+02
4.040993499755859375e+01
-2.926392822265625000e+02
-1.268203582763671875e+02
-4.459400177001953125e+01
3.472778701782226562e+01
3.779883575439453125e+01
-3.959637451171875000e+01
-4.863900756835937500e+01
4.776786422729492188e+01
7.315403747558593750e+01
-4.497838745117187500e+02
-6.339669189453125000e+02
-2.447647857666015625e+02
2.134033966064453125e+01
-1.310879516601562500e+02
8.682023286819458008e-01
1.141832828521728516e+01
-3.039552688598632812e+01
3.255223846435546875e+01
-6.452707672119140625e+01
2.104840469360351562e+01
5.836119842529296875e+01
-1.169484497070312500e+03
-4.171696472167968750e+02
-3.043889770507812500e+02
5.952328491210937500e+01
-1.213155746459960938e+02
2.908027839660644531e+01
-1.598176479339599609e+00
-3.862675476074218750e+01
4.194652938842773438e+01
-6.799964141845703125e+01
2.436351013183593750e+01
5.464385604858398438e+01
-2.945422973632812500e+02
-4.318109130859375000e+02
-8.568864440917968750e+01
4.749698638916015625e+01
-2.091658782958984375e+02
1.392749249935150146e-01
-5.572617053985595703e-01
7.194724082946777344e-01
-2.298289871215820312e+01
-6.027742767333984375e+01
2.286318969726562500e+01
7.288813781738281250e+01
-2.700162963867187500e+02
-4.230106201171875000e+02
-8.762558746337890625e+01
5.160562133789062500e+01
-2.083142700195312500e+02
-1.742870140075683594e+01
-1.079945921897888184e+00
-1.060657620429992676e+00
-2.062700462341308594e+01
-4.123640441894531250e+01
2.261422348022460938e+01
7.505023193359375000e+01
-2.154818267822265625e+02
-3.206519775390625000e+02
-9.284544372558593750e+01
6.145067214965820312e+01
-2.173087005615234375e+02
-6.108624649047851562e+01
4.980239868164062500e+00
-5.046102523803710938e+00
-1.683858489990234375e+01
-2.688486099243164062e+01
3.222303009033203125e+01
7.780358886718750000e+01
-1.478352355957031250e+02
-1.817480010986328125e+02
-1.061620635986328125e+02
5.618820190429687500e+01
-2.249574432373046875e+02
-1.207967224121093750e+02
3.792901277542114258e+00
-4.580414295196533203e+00
-1.585626029968261719e+01
-1.570932483673095703e+01
4.836510467529296875e+01
8.064375305175781250e+01
-3.537550735473632812e+01
-1.506040802001953125e+02
2.459971427917480469e+01
-1.222877044677734375e+02
-2.146825866699218750e+02
-1.725192718505859375e+02
-4.807476043701171875e+00
-6.414251327514648438e+00
2.104641437530517578e+00
-2.923709869384765625e+00
5.851280975341796875e+01
7.018819427490234375e+01
-3.330193328857421875e+01
-1.541114807128906250e+02
2.602626037597656250e+01
-1.167728195190429688e+02
-2.056860198974609375e+02
-1.823122100830078125e+02
-6.280410766601562500e+00
-8.326692581176757812e+00
3.421388626098632812e+00
-3.878962755203247070e+00
6.634078216552734375e+01
6.181202316284179688e+01
-1.464967956542968750e+02
-1.852624053955078125e+02
-9.820074462890625000e+01
5.526006698608398438e+01
-2.118472290039062500e+02
-1.290684051513671875e+02
3.577379226684570312e+00
-4.744678497314453125e+00
-1.823974418640136719e+01
-1.612254333496093750e+01
5.518652343750000000e+01
7.542671966552734375e+01
-2.258559265136718750e+02
-3.201299743652343750e+02
-8.574474334716796875e+01
6.211621093750000000e+01
-2.058281250000000000e+02
-6.481557464599609375e+01
2.560910224914550781e+00
-4.934688568115234375e+00
-2.015170288085937500e+01
-2.893112373352050781e+01
3.581561279296875000e+01
7.517411804199218750e+01
-2.787733764648437500e+02
-4.242485046386718750e+02
-8.394430541992187500e+01
5.309571456909179688e+01
-2.070308990478515625e+02
-1.654785346984863281e+01
-3.492808818817138672e+00
-7.750642299652099609e-01
-2.238422966003417969e+01
-4.232768630981445312e+01
2.361365890502929688e+01
7.414470672607421875e+01
9.397568969726562500e+02
-3.893305053710937500e+02
1.127919158935546875e+02
-1.644681549072265625e+02
-5.822436904907226562e+01
-4.544892787933349609e+00
6.761430740356445312e+00
2.054014396667480469e+01
-6.523063659667968750e+01
-1.354327678680419922e+01
2.272857666015625000e+01
1.097243652343750000e+02
6.838411865234375000e+02
-3.058082275390625000e+02
1.185436248779296875e+02
1.953592300415039062e+01
-2.303027343750000000e+02
-4.295797348022460938e+01
-6.800091862678527832e-01
1.783951568603515625e+01
-6.338387298583984375e+01
-5.920875549316406250e+00
1.981465911865234375e+01
1.060543823242187500e+02
-2.194636535644531250e+02
3.888776855468750000e+02
1.321323547363281250e+02
2.902852058410644531e+01
-2.739707031250000000e+02
-1.006914138793945312e+02
-1.055105781555175781e+01
1.399165534973144531e+01
-4.635518264770507812e+01
1.729911923408508301e+00
2.783257865905761719e+01
9.171552276611328125e+01
-2.459969787597656250e+02
4.890054626464843750e+02
1.236891479492187500e+02
5.882789230346679688e+01
-2.735462341308593750e+02
-1.704337768554687500e+02
-3.070108032226562500e+01
-2.442838859558105469e+01
1.174844455718994141e+01
5.460872173309326172e+00
4.006845092773437500e+01
7.526979064941406250e+01
-1.210631713867187500e+02
5.699053955078125000e+01
2.041996154785156250e+02
2.608486938476562500e+02
-2.641489868164062500e+02
-2.243335876464843750e+02
-5.082968139648437500e+01
-4.007766342163085938e+01
3.117096519470214844e+01
1.610705947875976562e+01
5.548598861694335938e+01
6.452139282226562500e+01
-1.184920272827148438e+02
6.083536529541015625e+01
1.967653045654296875e+02
2.621797485351562500e+02
-2.549520568847656250e+02
-2.303184814453125000e+02
-5.122600936889648438e+01
-4.057728195190429688e+01
3.408460235595703125e+01
1.271065807342529297e+01
5.942797851562500000e+01
6.284729003906250000e+01
-2.434075775146484375e+02
4.839825134277343750e+02
1.267590103149414062e+02
5.645349502563476562e+01
-2.636940002441406250e+02
-1.713784484863281250e+02
-3.009709548950195312e+01
-2.524362373352050781e+01
1.842964744567871094e+01
-1.654131054878234863e+00
4.507234954833984375e+01
7.427365112304687500e+01
-2.149204101562500000e+02
3.822919921875000000e+02
1.383536071777343750e+02
3.084100341796875000e+01
-2.661235961914062500e+02
-9.824794769287109375e+01
-1.028409862518310547e+01
1.226128482818603516e+01
-3.813867187500000000e+01
-6.006201267242431641e+00
3.123598098754882812e+01
9.095928955078125000e+01
6.785331420898437500e+02
-3.073074645996093750e+02
1.213239135742187500e+02
2.008561325073242188e+01
-2.282111358642578125e+02
-3.946655654907226562e+01
-7.616162300109863281e-01
1.346118354797363281e+01
-5.775801086425781250e+01
-1.077503776550292969e+01
2.181271553039550781e+01
1.048617019653320312e+02
2.906215209960937500e+02
3.148384704589843750e+02
1.225129241943359375e+02
-1.750349731445312500e+02
-1.583658027648925781e+01
-1.342401885986328125e+01
1.135612583160400391e+01
-2.525217819213867188e+01
4.971990585327148438e+01
-1.632330322265625000e+01
5.239812850952148438e+00
6.336693572998046875e+01
-7.810460662841796875e+01
6.592113037109375000e+02
1.293111724853515625e+02
-1.472134399414062500e+02
-3.605402755737304688e+01
-3.488984298706054688e+01
3.590755701065063477e+00
-2.842914581298828125e+01
3.568521881103515625e+01
-8.135495185852050781e+00
9.246527671813964844e+00
6.243095016479492188e+01
-1.780250091552734375e+02
5.616250610351562500e+02
1.616596527099609375e+02
-8.293434143066406250e+00
-1.925812683105468750e+02
-6.755833435058593750e+01
-4.288156032562255859e+00
-3.634834671020507812e+01
1.359924030303955078e+01
-2.953696966171264648e+00
2.416353225708007812e+01
5.255094146728515625e+01
-1.308714599609375000e+02
4.063750305175781250e+02
1.473439636230468750e+02
4.650383758544921875e+01
-2.147659454345703125e+02
-1.231613464355468750e+02
-1.419790744781494141e+01
-3.532749176025390625e+01
4.549847126007080078e+00
-7.127356052398681641e+00
2.331450653076171875e+01
4.035873794555664062e+01
-5.884793853759765625e+01
7.606842041015625000e+00
3.325931396484375000e+02
2.274704589843750000e+02
-1.977611083984375000e+02
-1.705935516357421875e+02
-3.334391021728515625e+01
-3.093159294128417969e+01
8.141352653503417969e+00
3.476334810256958008e+00
3.091577911376953125e+01
2.932436561584472656e+01
-5.409264373779296875e+01
7.657920360565185547e+00
3.214193725585937500e+02
2.289880828857421875e+02
-1.956383056640625000e+02
-1.691164093017578125e+02
-3.232090377807617188e+01
-3.190472793579101562e+01
9.610005378723144531e+00
1.439687490463256836e+00
3.296856689453125000e+01
2.773904800415039062e+01
-1.252128219604492188e+02
4.034429321289062500e+02
1.411654968261718750e+02
4.415996170043945312e+01
-2.116232910156250000e+02
-1.160119552612304688e+02
-1.062527275085449219e+01
-3.315890884399414062e+01
5.459734916687011719e+00
-1.317638301849365234e+01
2.491680526733398438e+01
3.918826293945312500e+01
-1.735242919921875000e+02
5.543626098632812500e+02
1.619450378417968750e+02
-9.130429267883300781e+00
-1.919838562011718750e+02
-6.005822372436523438e+01
-1.881299853324890137e+00
-2.980390357971191406e+01
1.231937217712402344e+01
-8.079046249389648438e+00
2.352336692810058594e+01
5.056161880493164062e+01
-7.432326507568359375e+01
6.389046630859375000e+02
1.282309112548828125e+02
-1.479161224365234375e+02
-3.475600051879882812e+01
-3.052388954162597656e+01
5.111548423767089844e+00
-2.169643592834472656e+01
3.341264343261718750e+01
-9.268793106079101562e+00
9.179474830627441406e+00
6.147756195068359375e+01
-1.506568431854248047e+00
-1.254039001464843750e+01
-1.040883183479309082e+00
-9.527063369750976562e-01
-3.086748838424682617e+00
2.209391832351684570e+00
-4.591395854949951172e-01
4.431942939758300781e+00
-2.168614715337753296e-01
7.255596518516540527e-01
-5.273403525352478027e-01
-1.483951807022094727e+00
-1.509199976921081543e+00
-1.277027893066406250e+01
1.215653538703918457e+00
-8.983314633369445801e-01
5.951644778251647949e-01
-4.338357746601104736e-01
-6.660240888595581055e-01
1.328860640525817871e+00
1.711492776870727539e+00
1.878282785415649414e+00
9.216554164886474609e-01
-1.747604370117187500e+00
-7.506377696990966797e+00
-9.322050094604492188e+00
-9.618334472179412842e-02
2.477917432785034180e+00
1.407327055931091309e+00
-7.700822353363037109e-01
-8.578332066535949707e-01
-5.204778909683227539e-01
2.504934310913085938e+00
4.033326506614685059e-01
5.151429772377014160e-01
-2.261958360671997070e+00
-2.498974561691284180e+00
-3.461762905120849609e+00
1.571706652641296387e+00
1.253912568092346191e+00
5.047638416290283203e-01
1.213108539581298828e+00
-1.166194677352905273e+00
2.639860868453979492e+00
-2.033848762512207031e-01
3.022076785564422607e-01
1.845956295728683472e-01
-2.094866514205932617e+00
-3.574071645736694336e+00
-3.048007965087890625e+00
-2.915333271026611328e+00
-7.543771862983703613e-01
-5.586727261543273926e-01
3.309496119618415833e-02
-2.757444679737091064e-01
4.569840431213378906e+00
-1.492566704750061035e+00
1.021368622779846191e+00
-4.840242862701416016e+00
2.097327947616577148e+00
1.290349513292312622e-01
-1.690795779228210449e+00
-3.432501852512359619e-01
-3.527285814285278320e+00
7.395743131637573242e-01
-8.037194609642028809e-01
3.876663684844970703e+00
1.327801465988159180e+00
-3.892149031162261963e-01
-2.152980327606201172e+00
-2.058191537857055664e+00
-1.548778295516967773e+00
4.101407051086425781e+00
-2.615755081176757812e+00
-7.235957980155944824e-01
8.987234830856323242e-01
1.126397728919982910e+00
2.427925586700439453e+00
3.687763214111328125e+00
3.245983362197875977e+00
-1.587843060493469238e+00
-3.597359418869018555e+00
1.462091952562332153e-01
-3.961646556854248047e+00
-1.045108914375305176e+00
-7.166829586029052734e+00
3.669402599334716797e-01
-4.300945997238159180e-01
2.072775125503540039e+00
2.118564844131469727e+00
2.127164125442504883e+00
4.677032470703125000e+00
-2.950117826461791992e+00
-2.860840320587158203e+00
-3.206618070602416992e+00
-3.450196027755737305e+00
3.303030490875244141e+00
-1.241557788848876953e+01
1.018780708312988281e+00
-1.493170380592346191e+00
-7.377540469169616699e-01
2.541645526885986328e+00
7.168861627578735352e-01
7.058291912078857422e+00
-2.103667974472045898e+00
-1.187436357140541077e-01
-2.937234878540039062e+00
-2.459477663040161133e+00
-3.049124145507812500e+02
-3.288640136718750000e+02
-1.265111694335937500e+02
1.741550750732421875e+02
1.166029644012451172e+01
1.744544219970703125e+01
-1.148717403411865234e+01
2.996714591979980469e+01
-5.022352600097656250e+01
1.433033466339111328e+01
-6.597970008850097656e+00
-6.972006225585937500e+01
8.093647766113281250e+01
-6.778788452148437500e+02
-1.330535736083984375e+02
1.452010498046875000e+02
3.104896545410156250e+01
3.436206817626953125e+01
-4.560614109039306641e+00
2.451168632507324219e+01
-3.492268753051757812e+01
9.029296875000000000e+00
-9.773671150207519531e+00
-6.652006530761718750e+01
1.630577697753906250e+02
-5.817581176757812500e+02
-1.692990570068359375e+02
1.066545963287353516e+01
1.900106048583984375e+02
6.760622406005859375e+01
1.686154365539550781e+00
3.158919906616210938e+01
-1.171789741516113281e+01
8.174859046936035156e+00
-2.415985679626464844e+01
-5.677630996704101562e+01
1.258803176879882812e+02
-4.146243286132812500e+02
-1.474502410888671875e+02
-4.635797882080078125e+01
2.156277465820312500e+02
1.242464370727539062e+02
1.085593986511230469e+01
3.723325729370117188e+01
-7.446186542510986328e+00
1.296654319763183594e+01
-2.546832656860351562e+01
-3.890320205688476562e+01
5.433269119262695312e+01
-1.328069496154785156e+01
-3.280896911621093750e+02
-2.312444152832031250e+02
1.943657226562500000e+02
1.718348846435546875e+02
3.066637611389160156e+01
3.638076782226562500e+01
-1.360978317260742188e+01
-1.676531434059143066e+00
-3.871985626220703125e+01
-2.715318298339843750e+01
5.625675964355468750e+01
-8.533593177795410156e+00
-3.293616027832031250e+02
-2.317879180908203125e+02
1.954086303710937500e+02
1.724438476562500000e+02
3.640708541870117188e+01
3.121051979064941406e+01
-1.219667911529541016e+01
-5.967498779296875000e+00
-3.560247421264648438e+01
-3.195183944702148438e+01
1.289268188476562500e+02
-4.082116394042968750e+02
-1.462158508300781250e+02
-4.785712432861328125e+01
2.177091217041015625e+02
1.252435913085937500e+02
1.672797203063964844e+01
3.699850463867187500e+01
-8.026206016540527344e+00
5.986073493957519531e+00
-2.532617568969726562e+01
-4.218085098266601562e+01
1.681542968750000000e+02
-5.770742797851562500e+02
-1.682839355468750000e+02
7.908003807067871094e+00
1.904582214355468750e+02
7.088543701171875000e+01
5.654923915863037109e+00
3.756196975708007812e+01
-1.381709480285644531e+01
1.406818985939025879e+00
-2.709204673767089844e+01
-5.940156936645507812e+01
7.973936462402343750e+01
-6.808826293945312500e+02
-1.348417968750000000e+02
1.472767944335937500e+02
3.066186141967773438e+01
3.687062072753906250e+01
-3.811843633651733398e+00
3.267048263549804688e+01
-3.717766952514648438e+01
6.707980632781982422e+00
-1.220809173583984375e+01
-6.846816253662109375e+01
-9.635025634765625000e+02
3.797219238281250000e+02
-1.237154693603515625e+02
1.597210388183593750e+02
5.235570526123046875e+01
9.260138511657714844e+00
-4.695102691650390625e+00
-2.828463363647460938e+01
6.288055419921875000e+01
9.821804046630859375e+00
-2.024620628356933594e+01
-1.092091827392578125e+02
-6.935129394531250000e+02
2.921624145507812500e+02
-1.223044967651367188e+02
-2.343431854248046875e+01
2.229383697509765625e+02
4.258541488647460938e+01
2.159509181976318359e+00
-2.348861694335937500e+01
5.212690734863281250e+01
3.220167636871337891e+00
-2.132987022399902344e+01
-1.051026916503906250e+02
2.160566406250000000e+02
-3.920668945312500000e+02
-1.357337646484375000e+02
-2.938362312316894531e+01
2.690129089355468750e+02
9.931246185302734375e+01
9.359027862548828125e+00
-1.479083442687988281e+01
3.853365707397460938e+01
2.111069679260253906e+00
-2.890805625915527344e+01
-8.788659667968750000e+01
2.385380706787109375e+02
-4.864139404296875000e+02
-1.271407470703125000e+02
-6.107857131958007812e+01
2.634997863769531250e+02
1.680129241943359375e+02
2.960569763183593750e+01
2.253569793701171875e+01
-1.601055145263671875e+01
-1.410827636718750000e+00
-4.316137313842773438e+01
-7.120777893066406250e+01
1.159330673217773438e+02
-6.197601318359375000e+01
-1.973391113281250000e+02
-2.646842651367187500e+02
2.560020141601562500e+02
2.192046051025390625e+02
5.030571746826171875e+01
4.344108581542968750e+01
-3.247486114501953125e+01
-1.456986045837402344e+01
-6.101217269897460938e+01
-6.419962310791015625e+01
1.171956787109375000e+02
-5.512566375732421875e+01
-2.040174713134765625e+02
-2.616024169921875000e+02
2.569490051269531250e+02
2.197572784423828125e+02
5.445585250854492188e+01
4.024926376342773438e+01
-3.339424514770507812e+01
-1.845049476623535156e+01
-5.765343093872070312e+01
-6.817118835449218750e+01
2.450659332275390625e+02
-4.845714721679687500e+02
-1.289616699218750000e+02
-6.488531494140625000e+01
2.699109497070312500e+02
1.699629364013671875e+02
3.574953079223632812e+01
2.497301101684570312e+01
-1.578386783599853516e+01
-9.025200843811035156e+00
-4.164310073852539062e+01
-7.498134613037109375e+01
2.219401550292968750e+02
-3.957510986328125000e+02
-1.351574554443359375e+02
-3.134401512145996094e+01
2.761464233398437500e+02
9.980536651611328125e+01
1.355660057067871094e+01
-1.072614955902099609e+01
4.232162094116210938e+01
-5.290702819824218750e+00
-2.976435089111328125e+01
-9.131737518310546875e+01
-6.906781005859375000e+02
3.064249572753906250e+02
-1.228005218505859375e+02
-2.351798248291015625e+01
2.228130493164062500e+02
4.455112838745117188e+01
2.953828334808349609e+00
-1.974936866760253906e+01
5.703282165527343750e+01
-2.191951572895050049e-01
-2.237740707397460938e+01
-1.079918441772460938e+02
9.907977294921875000e+01
1.594098205566406250e+02
3.914304351806640625e+01
-2.945627021789550781e+01
9.834108734130859375e+01
-3.109973907470703125e+01
2.684946775436401367e+00
-4.332661628723144531e+00
7.808113098144531250e+00
3.088631629943847656e+01
6.463553905487060547e+00
-5.799280548095703125e+01
9.121105957031250000e+01
1.606387481689453125e+02
3.265414428710937500e+01
-3.903931045532226562e+01
9.565816497802734375e+01
-2.851712608337402344e+01
3.278290748596191406e+00
-6.514975070953369141e+00
7.928450584411621094e+00
2.749748229980468750e+01
3.502104043960571289e+00
-5.238549423217773438e+01
7.777748107910156250e+01
1.199639053344726562e+02
3.062771987915039062e+01
-3.120438957214355469e+01
9.547424316406250000e+01
-1.009332847595214844e+01
5.708084106445312500e+00
-7.032326221466064453e+00
4.430196762084960938e+00
2.120166206359863281e+01
4.121416091918945312e+00
-4.597845077514648438e+01
5.027553558349609375e+01
6.247764587402343750e+01
-2.876127433776855469e+01
2.913183784484863281e+01
8.496541595458984375e+01
1.313613414764404297e+01
3.276465415954589844e+00
-1.017708301544189453e+01
2.172069072723388672e+00
5.727873802185058594e+00
-2.977620124816894531e+01
-4.696095657348632812e+01
1.731553268432617188e+01
5.117456436157226562e+01
-1.866875648498535156e+01
3.731451034545898438e+01
7.186151885986328125e+01
4.877743148803710938e+01
-6.311861038208007812e+00
2.894062042236328125e+00
3.615028142929077148e+00
5.492428302764892578e+00
-3.870088195800781250e+01
-6.880810546875000000e+01
1.720331764221191406e+01
4.794401550292968750e+01
-1.539395904541015625e+01
4.028289794921875000e+01
7.155113983154296875e+01
5.298249435424804688e+01
3.712371885776519775e-01
-3.440710544586181641e+00
-1.319340765476226807e-01
6.478997230529785156e+00
-3.886289596557617188e+01
-7.150366210937500000e+01
6.081310272216796875e+01
6.654172515869140625e+01
-3.507624816894531250e+01
3.105466461181640625e+01
8.646853637695312500e+01
1.852534675598144531e+01
3.232609987258911133e+00
-3.900071859359741211e+00
-2.660569906234741211e+00
6.180087566375732422e+00
-3.144003105163574219e+01
-4.877854919433593750e+01
7.816043090820312500e+01
1.288788299560546875e+02
3.004578971862792969e+01
-4.471963119506835938e+01
9.573577880859375000e+01
-7.269065380096435547e+00
3.961529731750488281e+00
-2.437713623046875000e+00
1.995067596435546875e+00
2.143816184997558594e+01
-1.136093378067016602e+00
-4.720516967773437500e+01
9.643490600585937500e+01
1.633787384033203125e+02
3.299113464355468750e+01
-4.248153305053710938e+01
9.561766052246093750e+01
-2.856749153137207031e+01
2.228208780288696289e+00
-4.340950012207031250e+00
8.080667495727539062e+00
2.894764900207519531e+01
-1.290960907936096191e+00
-5.398344802856445312e+01
1.184487792968750000e+03
8.338162231445312500e+01
2.572642211914062500e+02
-1.539691162109375000e+01
-1.809432411193847656e+01
-1.279313564300537109e+01
1.626656293869018555e+00
4.190737152099609375e+01
-5.573495483398437500e+01
1.053044605255126953e+01
6.005469322204589844e+00
2.121845245361328125e+01
9.887974853515625000e+02
1.154360198974609375e+02
2.379481658935546875e+02
1.950422763824462891e+00
-2.405078506469726562e+01
-1.959801673889160156e+01
-2.516312837600708008e+00
4.750516891479492188e+01
-6.814948272705078125e+01
2.483716964721679688e+01
-4.910911083221435547e+00
7.739281177520751953e+00
3.853074645996093750e+02
3.040773010253906250e+02
1.103496704101562500e+02
9.094376373291015625e+01
-2.652119445800781250e+01
-3.730769348144531250e+01
-1.289900398254394531e+01
5.488254547119140625e+01
-7.541196441650390625e+01
3.310630035400390625e+01
3.654142022132873535e-01
-4.017448902130126953e+00
-6.601158905029296875e+01
6.853369140625000000e+02
-7.284733581542968750e+01
3.128119506835937500e+02
-3.505178833007812500e+01
-3.095067024230957031e+01
-2.843026733398437500e+01
-6.735872650146484375e+01
5.389429092407226562e+01
4.005519866943359375e+01
-8.007985115051269531e+00
-9.890743255615234375e+00
-6.397320556640625000e+01
-9.720964050292968750e+01
5.757913208007812500e+02
4.078684692382812500e+02
-3.236292648315429688e+01
-3.094022560119628906e+01
-5.524842071533203125e+01
-5.745089340209960938e+01
5.192522430419921875e+01
3.778350448608398438e+01
-2.400580793619155884e-01
-5.410223484039306641e+00
-7.087109375000000000e+01
-8.991053009033203125e+01
5.790036621093750000e+02
4.072392883300781250e+02
-2.892810249328613281e+01
-3.050982284545898438e+01
-5.453627395629882812e+01
-5.958617019653320312e+01
5.085521697998046875e+01
3.775092697143554688e+01
3.156937360763549805e+00
-5.779594898223876953e+00
-6.142966461181640625e+01
6.941399536132812500e+02
-7.120773315429687500e+01
3.071137695312500000e+02
-3.083860588073730469e+01
-2.823039817810058594e+01
-2.883596992492675781e+01
-6.756819152832031250e+01
5.233385848999023438e+01
3.657249450683593750e+01
-1.125916862487792969e+01
-9.827585220336914062e+00
3.775632324218750000e+02
3.123384399414062500e+02
1.067634048461914062e+02
8.063402557373046875e+01
-2.435556030273437500e+01
-3.407449340820312500e+01
-1.283757400512695312e+01
5.303199005126953125e+01
-7.382048034667968750e+01
3.062377357482910156e+01
-4.621599197387695312e+00
-7.210794448852539062e+00
9.728281250000000000e+02
1.162473983764648438e+02
2.390973968505859375e+02
-1.903854250907897949e+00
-2.491615104675292969e+01
-1.960171318054199219e+01
-2.794986248016357422e+00
4.633180618286132812e+01
-6.683840179443359375e+01
2.346021080017089844e+01
-7.392333030700683594e+00
1.198695087432861328e+01
1.202002929687500000e+03
3.052379989624023438e+01
2.676639404296875000e+02
1.700098800659179688e+01
-1.352948455810546875e+02
1.574588966369628906e+01
-2.378146171569824219e+00
-7.497801971435546875e+01
3.990827941894531250e+01
-3.307109832763671875e+01
-1.104580020904541016e+01
8.086719512939453125e+01
8.074187622070312500e+02
1.899581298828125000e+02
1.680212554931640625e+02
8.737985992431640625e+01
-1.273903884887695312e+02
3.610727071762084961e+00
2.546026468276977539e+00
-8.041621398925781250e+01
3.576969909667968750e+01
-2.633023834228515625e+01
-1.150028610229492188e+01
7.569268035888671875e+01
1.549933013916015625e+02
6.320085449218750000e+02
2.603064155578613281e+01
2.463415527343750000e+02
-1.274663391113281250e+02
-3.350112152099609375e+01
3.370504975318908691e-01
-8.317236328125000000e+01
3.095033454895019531e+01
-6.912011146545410156e+00
3.999710798263549805e+00
5.909708786010742188e+01
-2.252518463134765625e+01
-3.057953453063964844e+01
5.827560424804687500e+02
3.308495788574218750e+02
-1.319866790771484375e+02
-5.591801834106445312e+01
-8.636394500732421875e+00
-7.513768005371093750e+01
2.864253234863281250e+01
1.893281173706054688e+01
2.269903719425201416e-01
4.696772766113281250e+01
-4.815442276000976562e+01
-7.171615600585937500e+01
5.155509643554687500e+02
4.246657409667968750e+02
-1.106800231933593750e+02
-8.991568756103515625e+01
-2.734621620178222656e+01
-5.414055633544921875e+01
1.992455291748046875e+01
1.482820320129394531e+01
7.018947124481201172e+00
3.350851058959960938e+01
-5.717070007324218750e+01
-6.219374465942382812e+01
5.100920104980468750e+02
4.288066101074218750e+02
-1.078334960937500000e+02
-9.042981719970703125e+01
-2.698545455932617188e+01
-5.272735977172851562e+01
1.838027381896972656e+01
1.396006679534912109e+01
8.978288650512695312e+00
3.452773666381835938e+01
-2.505084419250488281e+01
-3.006097793579101562e+01
5.737043457031250000e+02
3.323705749511718750e+02
-1.283048248291015625e+02
-5.341054153442382812e+01
-8.109380722045898438e+00
-7.154055023193359375e+01
2.615943527221679688e+01
1.499123096466064453e+01
-3.004978001117706299e-01
4.672247314453125000e+01
1.481451110839843750e+02
6.392315673828125000e+02
1.272896385192871094e+01
2.466740875244140625e+02
-1.258765106201171875e+02
-3.080725288391113281e+01
-1.305101960897445679e-01
-7.911064910888671875e+01
2.773892784118652344e+01
-1.072817993164062500e+01
2.607266426086425781e+00
5.783468246459960938e+01
7.875603027343750000e+02
1.913849334716796875e+02
1.638879699707031250e+02
8.607462310791015625e+01
-1.283795166015625000e+02
4.119106292724609375e+00
1.603686809539794922e+00
-7.934214019775390625e+01
3.637546920776367188e+01
-2.870740509033203125e+01
-1.226683139801025391e+01
7.454653930664062500e+01
-2.099938392639160156e+00
7.048276977539062500e+02
7.008371734619140625e+01
3.988198852539062500e+01
-1.186531906127929688e+02
-5.538432598114013672e+00
2.140762519836425781e+01
-4.729666137695312500e+01
5.806425571441650391e+00
-4.244880676269531250e+01
4.115785598754882812e+00
5.224882888793945312e+01
1.125357666015625000e+02
4.996748046875000000e+02
3.578543853759765625e+01
9.139510345458984375e+01
-1.317469940185546875e+02
-4.220960140228271484e+00
1.901534843444824219e+01
-5.949171829223632812e+01
3.555714607238769531e+00
-3.587089538574218750e+01
5.546458721160888672e+00
5.122248840332031250e+01
3.353273391723632812e+01
2.375016326904296875e+02
1.344642181396484375e+02
1.461877441406250000e+02
-1.289758605957031250e+02
-2.466925621032714844e+01
1.568804645538330078e+01
-6.835810852050781250e+01
3.375027894973754883e+00
-2.779275894165039062e+01
1.194903087615966797e+01
4.706418991088867188e+01
-1.276780128479003906e+01
-3.031125068664550781e+01
4.086777343750000000e+02
2.045021209716796875e+02
-1.289558410644531250e+02
-4.993577194213867188e+01
1.039422416687011719e+01
-5.165774917602539062e+01
1.016799062490463257e-01
-2.038593482971191406e+01
1.420983123779296875e+01
4.118698883056640625e+01
-2.873236274719238281e+01
-4.205611801147460938e+01
3.476654968261718750e+02
2.676896972656250000e+02
-1.086068878173828125e+02
-8.599736022949218750e+01
-1.835371851921081543e+00
-2.892431831359863281e+01
-6.933115482330322266e+00
-1.322439384460449219e+01
2.266859626770019531e+01
2.542616271972656250e+01
-3.057186698913574219e+01
-3.531177902221679688e+01
3.470244750976562500e+02
2.689192504882812500e+02
-1.059505691528320312e+02
-8.778134918212890625e+01
-3.843830227851867676e-01
-2.968711090087890625e+01
-9.097625732421875000e+00
-1.345243930816650391e+01
2.295356369018554688e+01
2.491701698303222656e+01
-8.105267524719238281e+00
-3.320643997192382812e+01
4.070464172363281250e+02
2.053492736816406250e+02
-1.244191513061523438e+02
-4.980790710449218750e+01
1.361289691925048828e+01
-5.150053787231445312e+01
-3.739287376403808594e+00
-2.299427413940429688e+01
1.462610340118408203e+01
4.098207473754882812e+01
3.446182250976562500e+01
2.345116424560546875e+02
1.266678390502929688e+02
1.484235992431640625e+02
-1.262534103393554688e+02
-1.960930061340332031e+01
2.101292228698730469e+01
-6.572700500488281250e+01
1.895551204681396484e+00
-3.222148132324218750e+01
1.111015033721923828e+01
4.977737045288085938e+01
1.129816665649414062e+02
4.982403564453125000e+02
2.745293807983398438e+01
9.208119964599609375e+01
-1.319581756591796875e+02
-3.654417991638183594e-01
2.150667190551757812e+01
-5.742506027221679688e+01
2.867793321609497070e+00
-3.926482772827148438e+01
4.028843879699707031e+00
5.330430984497070312e+01
-6.778338551521301270e-01
-3.555701971054077148e-01
-1.658870577812194824e+00
3.697729855775833130e-02
1.765172839164733887e+00
-9.536130428314208984e-01
-2.699728488922119141e+00
-1.328280806541442871e+00
2.413056612014770508e+00
2.401368856430053711e+00
1.805721163749694824e+00
1.705324292182922363e+00
-8.590957522392272949e-02
-2.417689323425292969e+00
-3.818376660346984863e-01
2.707672595977783203e+00
2.084139823913574219e+00
-3.243536233901977539e+00
-4.017719745635986328e+00
1.234676092863082886e-01
2.656885862350463867e+00
1.484051346778869629e+00
1.041094213724136353e-01
1.425930142402648926e+00
-1.376634597778320312e+00
5.033876895904541016e+00
5.432808399200439453e+00
1.776329874992370605e+00
-2.111166000366210938e+00
-4.877642691135406494e-01
-4.632552623748779297e+00
2.793600559234619141e+00
1.422446489334106445e+00
1.866092801094055176e+00
1.889765143394470215e+00
8.557497262954711914e-01
-5.452704429626464844e+00
2.900861263275146484e+00
1.533743619918823242e+00
3.362798929214477539e+00
-6.008718967437744141e+00
-1.619559049606323242e+00
-3.994738817214965820e+00
3.174572229385375977e+00
2.079668760299682617e+00
8.738306045532226562e+00
-5.305981040000915527e-01
6.760313510894775391e-01
-4.552038386464118958e-02
-6.023219227790832520e-01
-2.394039779901504517e-01
7.419074535369873047e+00
3.765684962272644043e-01
-3.057771682739257812e+00
-1.119535565376281738e+00
1.779716014862060547e+00
2.139282703399658203e+00
2.585882186889648438e+00
-1.283798336982727051e+00
-1.510869264602661133e+00
3.497549533843994141e+00
2.929072380065917969e+00
4.969449043273925781e+00
1.867221117019653320e+00
2.587114095687866211e+00
-1.568754673004150391e+00
3.057309389114379883e+00
3.083231449127197266e-01
3.529571771621704102e+00
2.180350422859191895e-01
7.183768153190612793e-01
-2.773335874080657959e-01
3.871901988983154297e+00
-5.047345757484436035e-01
6.916292667388916016e+00
-5.437623262405395508e-01
-4.265338897705078125e+00
3.287720918655395508e+00
3.326000928878784180e+00
9.881758093833923340e-01
2.440906047821044922e+00
5.126136302947998047e+00
6.584987044334411621e-02
1.995971560478210449e+00
1.986136198043823242e+00
-6.403285264968872070e-02
5.599195957183837891e+00
-1.089038491249084473e+00
-4.097843170166015625e+00
4.092125892639160156e+00
4.753101825714111328e+00
-1.056986451148986816e+00
1.159331798553466797e+00
-2.590640068054199219e+00
7.258268594741821289e-01
1.065045714378356934e+00
1.767299652099609375e+00
5.861283540725708008e-01
-1.782544970512390137e+00
5.228284597396850586e-01
1.823199242353439331e-01
4.484705328941345215e-01
1.834022760391235352e+00
-2.240232706069946289e+00
1.935850143432617188e+00
-9.882901906967163086e-01
-1.181883215904235840e+00
1.838670134544372559e+00
3.509341478347778320e+00
-7.006814575195312500e+02
-7.444866943359375000e+01
-4.391701507568359375e+01
1.194236755371093750e+02
3.359839439392089844e+00
-2.639766502380371094e+01
4.737070083618164062e+01
-6.136224746704101562e+00
4.190388488769531250e+01
-7.867278099060058594e+00
-4.981134414672851562e+01
-1.080988464355468750e+02
-4.959312438964843750e+02
-2.976111030578613281e+01
-9.142961120605468750e+01
1.320085449218750000e+02
7.375360727310180664e-01
-2.395993804931640625e+01
5.562640762329101562e+01
-2.586330175399780273e+00
3.970460891723632812e+01
-7.382342338562011719e+00
-4.980021286010742188e+01
-3.584047317504882812e+01
-2.299584655761718750e+02
-1.270177917480468750e+02
-1.453254241943359375e+02
1.297212371826171875e+02
2.308238792419433594e+01
-2.131213760375976562e+01
6.294091796875000000e+01
7.164896726608276367e-01
3.512039184570312500e+01
-1.423669433593750000e+01
-4.592794418334960938e+01
6.765510082244873047e+00
3.080701065063476562e+01
-4.074567260742187500e+02
-2.019743957519531250e+02
1.258118515014648438e+02
5.220975494384765625e+01
-1.298859977722167969e+01
5.168760681152343750e+01
3.944533586502075195e+00
2.519056320190429688e+01
-1.444338035583496094e+01
-3.820659255981445312e+01
3.180965614318847656e+01
3.420888519287109375e+01
-3.470655212402343750e+02
-2.647946472167968750e+02
1.119287872314453125e+02
8.835067749023437500e+01
-2.393929213285446167e-01
3.221269607543945312e+01
1.042474555969238281e+01
1.573037719726562500e+01
-2.383184242248535156e+01
-2.689898300170898438e+01
3.003839874267578125e+01
4.094513320922851562e+01
-3.476353149414062500e+02
-2.680442810058593750e+02
1.098037643432617188e+02
9.052126312255859375e+01
2.784369945526123047e+00
3.007674217224121094e+01
1.018085193634033203e+01
1.330354785919189453e+01
-2.271721267700195312e+01
-2.717186164855957031e+01
9.189279556274414062e+00
3.071531105041503906e+01
-4.112089538574218750e+02
-2.050769042968750000e+02
1.265204696655273438e+02
5.442373275756835938e+01
-9.797610282897949219e+00
5.091672134399414062e+01
1.747522592544555664e+00
2.024705886840820312e+01
-1.286477279663085938e+01
-3.944051742553710938e+01
-3.809140014648437500e+01
-2.344277496337890625e+02
-1.371007385253906250e+02
-1.486465606689453125e+02
1.329960021972656250e+02
2.697703742980957031e+01
-1.741400909423828125e+01
6.564997100830078125e+01
-7.323080301284790039e-01
2.845100975036621094e+01
-1.461187934875488281e+01
-4.840893554687500000e+01
-1.081703796386718750e+02
-5.005468444824218750e+02
-3.629006958007812500e+01
-9.548956298828125000e+01
1.331268920898437500e+02
4.498633384704589844e+00
-2.112099075317382812e+01
5.865253067016601562e+01
-3.162308454513549805e+00
3.481136703491210938e+01
-8.224970817565917969e+00
-5.127859878540039062e+01
-1.192020874023437500e+03
-2.751524353027343750e+01
-2.692030944824218750e+02
-2.159955215454101562e+01
1.371878662109375000e+02
-1.518112659454345703e+01
-1.485111713409423828e+00
7.782202148437500000e+01
-4.718682861328125000e+01
3.491043472290039062e+01
9.662563323974609375e+00
-8.104419708251953125e+01
-7.895450439453125000e+02
-1.979889526367187500e+02
-1.631826934814453125e+02
-8.236309051513671875e+01
1.268264160156250000e+02
-4.081196784973144531e+00
-5.694741249084472656e+00
7.752259826660156250e+01
-3.961745071411132812e+01
2.949743461608886719e+01
7.649529457092285156e+00
-7.465098571777343750e+01
-1.501955566406250000e+02
-6.356379394531250000e+02
-1.455612564086914062e+01
-2.464885406494140625e+02
1.260498275756835938e+02
3.767681884765625000e+01
-1.789065718650817871e+00
7.957668304443359375e+01
-3.035200881958007812e+01
1.134006881713867188e+01
-6.148020744323730469e+00
-5.752019119262695312e+01
1.850058937072753906e+01
2.424321174621582031e+01
-5.940700683593750000e+02
-3.220263061523437500e+02
1.302850494384765625e+02
5.988354110717773438e+01
7.860957145690917969e+00
6.975852966308593750e+01
-2.882108116149902344e+01
-1.335779571533203125e+01
-5.202746391296386719e+00
-4.665353775024414062e+01
5.412437820434570312e+01
5.943276977539062500e+01
-5.129039916992187500e+02
-4.267214050292968750e+02
1.150066146850585938e+02
9.522648620605468750e+01
2.831327056884765625e+01
5.550635528564453125e+01
-2.167012214660644531e+01
-1.604166030883789062e+01
-9.929811477661132812e+00
-3.399196624755859375e+01
4.675037765502929688e+01
6.730461120605468750e+01
-5.159807128906250000e+02
-4.282117614746093750e+02
1.135706253051757812e+02
9.778372192382812500e+01
3.377907562255859375e+01
5.336366271972656250e+01
-2.345233345031738281e+01
-1.616418838500976562e+01
-4.738530635833740234e+00
-3.832432556152343750e+01
1.441778564453125000e+01
2.832382011413574219e+01
-5.977716674804687500e+02
-3.268436584472656250e+02
1.304190216064453125e+02
6.152590179443359375e+01
1.144147014617919922e+01
7.096263885498046875e+01
-3.065072441101074219e+01
-1.615443801879882812e+01
-4.113546371459960938e+00
-5.144798278808593750e+01
-1.574751281738281250e+02
-6.408470458984375000e+02
-3.189249801635742188e+01
-2.530236053466796875e+02
1.304408416748046875e+02
3.681626892089843750e+01
1.131136119365692139e-01
8.330870819091796875e+01
-3.318556976318359375e+01
8.988169670104980469e+00
-7.936396598815917969e+00
-6.222402572631835938e+01
-7.927404174804687500e+02
-1.995243530273437500e+02
-1.690211486816406250e+02
-9.196526336669921875e+01
1.301497039794921875e+02
-3.283258914947509766e+00
-4.708712577819824219e+00
8.054850006103515625e+01
-4.058407974243164062e+01
2.749193382263183594e+01
5.294312000274658203e+00
-7.799595642089843750e+01
-1.167216552734375000e+03
-9.143152618408203125e+01
-2.511389465332031250e+02
1.197740459442138672e+01
1.699157142639160156e+01
1.433417606353759766e+01
-1.504546761512756348e+00
-3.892871475219726562e+01
5.292652130126953125e+01
-1.512625885009765625e+01
-5.057414054870605469e+00
-2.220515060424804688e+01
-9.632196044921875000e+02
-1.165897598266601562e+02
-2.371495361328125000e+02
3.782634735107421875e+00
2.429735183715820312e+01
2.070932197570800781e+01
3.289705991744995117e+00
-4.584208679199218750e+01
6.031415557861328125e+01
-2.342185401916503906e+01
9.923340797424316406e+00
-1.259997367858886719e+01
-3.750874938964843750e+02
-3.083671264648437500e+02
-1.067744140625000000e+02
-7.653927612304687500e+01
2.263739395141601562e+01
3.282028961181640625e+01
1.291702175140380859e+01
-5.277980422973632812e+01
6.898890686035156250e+01
-3.146909904479980469e+01
6.116526126861572266e+00
7.919672012329101562e+00
5.782888031005859375e+01
-6.856597900390625000e+02
7.204792785644531250e+01
-3.103754882812500000e+02
3.972998046875000000e+01
2.786594390869140625e+01
2.855053520202636719e+01
6.440628051757812500e+01
-5.555313491821289062e+01
-3.949485015869140625e+01
1.054741668701171875e+01
8.897477149963378906e+00
7.068801116943359375e+01
8.765767669677734375e+01
-5.773223266601562500e+02
-4.115782775878906250e+02
3.376910781860351562e+01
3.176168823242187500e+01
5.283596038818359375e+01
5.976247406005859375e+01
-5.350517654418945312e+01
-3.804066848754882812e+01
1.132333874702453613e+00
8.964001655578613281e+00
6.559809875488281250e+01
9.229716491699218750e+01
-5.795375366210937500e+02
-4.103656311035156250e+02
3.230769729614257812e+01
3.364895629882812500e+01
5.628797149658203125e+01
5.653622055053710938e+01
-5.351231765747070312e+01
-3.836557769775390625e+01
-3.984150663018226624e-02
7.880918979644775391e+00
6.228686141967773438e+01
-6.866563720703125000e+02
7.138312530517578125e+01
-3.167703247070312500e+02
3.836134719848632812e+01
3.014943122863769531e+01
3.148948287963867188e+01
6.282691955566406250e+01
-5.509271621704101562e+01
-4.106550216674804688e+01
7.450518131256103516e+00
3.744639396667480469e+00
-3.708424377441406250e+02
-3.136004943847656250e+02
-1.153713226318359375e+02
-9.992234802246093750e+01
2.566324996948242188e+01
3.520632171630859375e+01
1.551323509216308594e+01
-5.239014434814453125e+01
7.008092498779296875e+01
-3.358475875854492188e+01
1.806325316429138184e+00
1.154064774513244629e+00
-9.635269775390625000e+02
-1.196682510375976562e+02
-2.379334869384765625e+02
-6.138268470764160156e+00
2.685241699218750000e+01
2.332030296325683594e+01
4.129127502441406250e+00
-4.561663055419921875e+01
6.259218215942382812e+01
-2.558662033081054688e+01
4.721640110015869141e+00
-1.564118385314941406e+01
-1.021459808349609375e+02
-1.599614562988281250e+02
-3.926710510253906250e+01
2.628931999206542969e+01
-1.010163955688476562e+02
3.049401283264160156e+01
-4.324123859405517578e+00
-1.161659479141235352e+00
-7.259490966796875000e+00
-3.050788879394531250e+01
-2.927233695983886719e+00
5.973402023315429688e+01
-9.589395904541015625e+01
-1.570330505371093750e+02
-3.517746734619140625e+01
4.174049377441406250e+01
-1.000259552001953125e+02
2.816973686218261719e+01
-2.980677604675292969e+00
1.557172775268554688e+00
-7.465240478515625000e+00
-2.731052589416503906e+01
2.801948308944702148e+00
5.294596862792968750e+01
-7.245569610595703125e+01
-1.239136276245117188e+02
-3.447240829467773438e+01
4.708820724487304688e+01
-9.902728271484375000e+01
5.975826740264892578e+00
-3.298168897628784180e+00
2.641020536422729492e+00
-2.137498140335083008e+00
-2.064980697631835938e+01
1.122436761856079102e+00
4.883391189575195312e+01
-5.816292572021484375e+01
-6.064846801757812500e+01
3.383793640136718750e+01
-3.545758438110351562e+01
-8.979949188232421875e+01
-2.052345657348632812e+01
-2.586001157760620117e+00
-4.463280141353607178e-01
2.376562654972076416e-01
-5.998890876770019531e+00
3.247257995605468750e+01
5.265700531005859375e+01
-2.006027221679687500e+01
-4.871686553955078125e+01
1.313946437835693359e+01
-4.269850921630859375e+01
-7.350830078125000000e+01
-5.659069824218750000e+01
-2.001664876937866211e+00
2.865679264068603516e-01
-1.795925736427307129e+00
-6.519413471221923828e+00
3.683836364746093750e+01
7.176162719726562500e+01
-1.952535820007324219e+01
-5.499513244628906250e+01
1.698233795166015625e+01
-3.656850433349609375e+01
-7.448474121093750000e+01
-5.475447082519531250e+01
2.302769184112548828e+00
-5.001452445983886719e+00
-2.875971078872680664e+00
-6.623757362365722656e+00
4.295675659179687500e+01
6.458944702148437500e+01
-5.269476318359375000e+01
-6.213278961181640625e+01
2.161187362670898438e+01
-3.085979461669921875e+01
-8.790370941162109375e+01
-1.935438346862792969e+01
-1.395544648170471191e+00
5.272311210632324219e+00
-4.468933105468750000e+00
-8.065742492675781250e+00
3.524893188476562500e+01
4.520691680908203125e+01
-7.980500030517578125e+01
-1.229583282470703125e+02
-3.145762252807617188e+01
2.887771987915039062e+01
-9.409573364257812500e+01
5.880303382873535156e+00
-3.711120843887329102e+00
6.769878387451171875e+00
-5.513751029968261719e+00
-2.262966346740722656e+01
-2.986903786659240723e-01
4.186597824096679688e+01
-9.290609741210937500e+01
-1.624805450439453125e+02
-3.451086425781250000e+01
3.499465179443359375e+01
-9.670553588867187500e+01
2.910128021240234375e+01
-3.323967695236206055e+00
3.188502550125122070e+00
-8.591876983642578125e+00
-2.921024131774902344e+01
2.662928700447082520e-01
4.839384078979492188e+01
1.039894042968750000e+03
-1.910530853271484375e+02
1.883174133300781250e+02
2.851957893371582031e+01
-1.915744628906250000e+02
6.261409759521484375e+00
2.626736640930175781e+00
3.119142150878906250e+01
-9.008621978759765625e+01
-2.488169288635253906e+01
2.564423561096191406e+01
6.363443756103515625e+01
8.292706909179687500e+02
-1.619818267822265625e+02
1.877543792724609375e+02
4.466252899169921875e+01
-1.921962890625000000e+02
-6.429089069366455078e+00
-4.306097984313964844e+00
3.673299026489257812e+01
-8.270612335205078125e+01
-9.815839767456054688e+00
2.945486640930175781e+01
6.744824218750000000e+01
1.537856750488281250e+02
1.928463745117187500e+02
1.552078247070312500e+02
6.950782775878906250e+01
-1.974667205810546875e+02
-5.035055923461914062e+01
-1.248414230346679688e+01
1.592212104797363281e+01
-4.437513351440429688e+01
1.110516643524169922e+01
2.534564590454101562e+01
7.314750671386718750e+01
-1.767099609375000000e+02
5.327260131835937500e+02
5.373425483703613281e+00
2.340568695068359375e+02
-1.970410919189453125e+02
-9.637614440917968750e+01
-2.896586990356445312e+01
-5.900310516357421875e+01
3.994888305664062500e+01
2.054175949096679688e+01
3.024018478393554688e+01
8.185055541992187500e+01
-1.067876510620117188e+02
-6.892073059082031250e+01
4.873735656738281250e+02
3.674216308593750000e+02
-1.765908660888671875e+02
-1.450696105957031250e+02
-4.355175399780273438e+01
-4.676004791259765625e+01
4.181218338012695312e+01
2.378432655334472656e+01
5.065080642700195312e+01
6.183404541015625000e+01
-1.078327560424804688e+02
-6.353293609619140625e+01
4.833070983886718750e+02
3.672453613281250000e+02
-1.744721069335937500e+02
-1.486501770019531250e+02
-4.000195693969726562e+01
-4.907237625122070312e+01
4.325959396362304688e+01
2.209040832519531250e+01
5.934275436401367188e+01
5.399943542480468750e+01
-1.706382904052734375e+02
5.369618530273437500e+02
3.368136882781982422e-01
2.275699157714843750e+02
-1.912780609130859375e+02
-1.004734039306640625e+02
-2.538848114013671875e+01
-6.591462707519531250e+01
4.460472106933593750e+01
1.619623374938964844e+01
3.619705581665039062e+01
7.729117584228515625e+01
1.553175659179687500e+02
1.897779998779296875e+02
1.566733398437500000e+02
6.096485519409179688e+01
-1.883397216796875000e+02
-5.364460372924804688e+01
-1.048489284515380859e+01
2.699103116989135742e+00
-3.297031784057617188e+01
6.242255687713623047e+00
2.648472976684570312e+01
6.932410430908203125e+01
8.222776489257812500e+02
-1.631358947753906250e+02
1.892796325683593750e+02
3.893609619140625000e+01
-1.890368804931640625e+02
-6.148446559906005859e+00
-3.655780076980590820e+00
2.996293830871582031e+01
-7.491919708251953125e+01
-1.313197898864746094e+01
2.814706802368164062e+01
6.568924713134765625e+01
1.119129272460937500e+03
-1.522115020751953125e+02
2.149326477050781250e+02
1.918779945373535156e+01
-1.877376708984375000e+02
-3.791350841522216797e+00
1.454828548431396484e+01
-7.963086700439453125e+01
1.527380847930908203e+01
-3.577203369140625000e+01
9.198677062988281250e+00
8.826593780517578125e+01
4.359396362304687500e+02
2.847001342773437500e+02
2.203351745605468750e+02
2.338215637207031250e+01
-2.023908691406250000e+02
-2.034790229797363281e+01
9.011826515197753906e+00
-7.470397186279296875e+01
2.706089019775390625e+01
-2.800511360168457031e+01
1.073775100708007812e+01
8.688511657714843750e+01
-6.372589111328125000e+01
6.294467163085937500e+02
1.308637847900390625e+02
9.693139648437500000e+01
-2.218511962890625000e+02
-6.311288070678710938e+01
4.302007675170898438e+00
-7.055609893798828125e+01
2.274750137329101562e+01
-2.403257560729980469e+01
1.236883640289306641e+01
8.665718078613281250e+01
-1.115938873291015625e+02
2.978307495117187500e+02
1.609465637207031250e+02
2.461990966796875000e+02
-2.247602844238281250e+02
-1.185749664306640625e+02
-1.381861972808837891e+01
-5.536713409423828125e+01
1.655030059814453125e+01
-7.363150119781494141e+00
3.456637191772460938e+01
6.200080871582031250e+01
-7.861712646484375000e+01
-3.945024490356445312e+01
4.559343261718750000e+02
3.382610473632812500e+02
-2.027696838378906250e+02
-1.665600433349609375e+02
-3.443781661987304688e+01
-4.125937652587890625e+01
1.540706920623779297e+01
5.520083904266357422e+00
4.862065124511718750e+01
5.564505004882812500e+01
-7.638438415527343750e+01
-3.567334747314453125e+01
4.493641662597656250e+02
3.400932312011718750e+02
-2.002929229736328125e+02
-1.671568603515625000e+02
-3.407474899291992188e+01
-4.168031311035156250e+01
1.832134056091308594e+01
1.764572978019714355e+00
5.213720321655273438e+01
5.315851211547851562e+01
-1.087189025878906250e+02
3.025466613769531250e+02
1.516272888183593750e+02
2.439279174804687500e+02
-2.183877868652343750e+02
-1.180528564453125000e+02
-1.227302265167236328e+01
-5.502036285400390625e+01
1.858865547180175781e+01
-1.420734024047851562e+01
3.965613174438476562e+01
6.020919418334960938e+01
-6.418241882324218750e+01
6.205383911132812500e+02
1.288850250244140625e+02
8.959697723388671875e+01
-2.151107788085937500e+02
-6.102791213989257812e+01
5.717967033386230469e+00
-6.922283935546875000e+01
2.497392463684082031e+01
-3.080245971679687500e+01
1.541757011413574219e+01
8.481989288330078125e+01
4.340996398925781250e+02
2.792629699707031250e+02
2.206809387207031250e+02
1.903492546081542969e+01
-2.032867889404296875e+02
-1.679496765136718750e+01
9.680976867675781250e+00
-7.417320251464843750e+01
2.909333801269531250e+01
-3.117953681945800781e+01
1.126822280883789062e+01
8.589417266845703125e+01
-6.020391082763671875e+01
4.901759338378906250e+02
5.369449996948242188e+01
-5.801878452301025391e+00
-7.129426574707031250e+01
-3.629819154739379883e+00
1.494178485870361328e+01
-2.312241935729980469e+01
8.182434082031250000e+00
-2.093034362792968750e+01
1.019783020019531250e+01
3.848102188110351562e+01
-3.216034317016601562e+01
3.797292785644531250e+02
8.779647064208984375e+01
-1.402837848663330078e+01
-8.504393005371093750e+01
-1.244692420959472656e+01
1.108362197875976562e+01
-2.329981422424316406e+01
5.147923946380615234e+00
-1.729556083679199219e+01
9.740997314453125000e+00
3.804504394531250000e+01
-3.961497497558593750e+01
2.592261047363281250e+02
5.465204238891601562e+01
3.926641464233398438e+01
-1.049590454101562500e+02
-3.186974716186523438e+01
5.698261260986328125e+00
-2.179054832458496094e+01
-2.047645330429077148e+00
-9.898517608642578125e+00
1.066005897521972656e+01
3.365321350097656250e+01
-5.028176116943359375e+01
3.204899978637695312e+01
1.785837402343750000e+02
1.006786346435546875e+02
-1.010178985595703125e+02
-4.896022796630859375e+01
-2.559342145919799805e+00
-2.004356193542480469e+01
-2.484037637710571289e+00
-3.585001230239868164e+00
1.327414417266845703e+01
3.739513778686523438e+01
-3.466482925415039062e+01
-1.107728290557861328e+01
1.946237182617187500e+02
1.499141082763671875e+02
-9.190337371826171875e+01
-8.054779052734375000e+01
-6.722789287567138672e+00
-7.758563518524169922e+00
2.736839056015014648e-01
-3.659348487854003906e+00
1.766314697265625000e+01
2.592208671569824219e+01
-2.847605133056640625e+01
-9.476136207580566406e+00
1.958917388916015625e+02
1.466632843017578125e+02
-9.188387298583984375e+01
-7.628296661376953125e+01
-5.209816932678222656e+00
-8.225670814514160156e+00
1.440809369087219238e+00
-6.599903106689453125e+00
1.802749633789062500e+01
2.502677154541015625e+01
-3.927686691284179688e+01
3.149796676635742188e+01
1.734430084228515625e+02
9.602631378173828125e+01
-9.809670257568359375e+01
-4.253909301757812500e+01
7.440820336341857910e-01
-1.925016212463378906e+01
-2.757413148880004883e+00
-8.309897422790527344e+00
1.294115447998046875e+01
3.568609619140625000e+01
-3.392329406738281250e+01
2.600584716796875000e+02
4.865229034423828125e+01
3.553464889526367188e+01
-1.042839889526367188e+02
-2.617290115356445312e+01
9.609701156616210938e+00
-1.911488723754882812e+01
-2.402172327041625977e+00
-1.392606925964355469e+01
8.424890518188476562e+00
3.365752410888671875e+01
-2.743958091735839844e+01
3.785564575195312500e+02
8.601843261718750000e+01
-1.660171508789062500e+01
-8.541716003417968750e+01
-8.467761993408203125e+00
1.375848579406738281e+01
-2.034782409667968750e+01
5.277085781097412109e+00
-2.021490859985351562e+01
7.692933559417724609e+00
3.875613784790039062e+01
6.740729522705078125e+01
-4.980187988281250000e+02
-5.435409164428710938e+01
5.346073627471923828e+00
7.298442077636718750e+01
7.048932075500488281e+00
-1.511533737182617188e+01
2.821251869201660156e+01
-5.184057235717773438e+00
2.189652824401855469e+01
-1.163225746154785156e+01
-3.856402587890625000e+01
3.118544769287109375e+01
-3.911525878906250000e+02
-8.818581390380859375e+01
1.849527549743652344e+01
8.329569244384765625e+01
1.119846916198730469e+01
-1.376436710357666016e+01
2.461362838745117188e+01
-4.622740268707275391e+00
1.875973892211914062e+01
-7.036972522735595703e+00
-3.980219650268554688e+01
3.671375656127929688e+01
-2.715314025878906250e+02
-4.903173446655273438e+01
-3.704842758178710938e+01
1.076013641357421875e+02
2.634964370727539062e+01
-9.622236251831054688e+00
2.161809158325195312e+01
4.563601016998291016e+00
1.123056888580322266e+01
-8.244627952575683594e+00
-3.655635833740234375e+01
3.583155822753906250e+01
-3.908633804321289062e+01
-1.844384918212890625e+02
-9.866819000244140625e+01
9.770547485351562500e+01
4.073199844360351562e+01
-2.211207866668701172e+00
1.888117599487304688e+01
3.458163499832153320e+00
5.822903633117675781e+00
-1.356212615966796875e+01
-3.635134506225585938e+01
2.408096504211425781e+01
7.061890602111816406e+00
-2.014407806396484375e+02
-1.511921844482421875e+02
9.420485687255859375e+01
7.571219635009765625e+01
5.864488124847412109e+00
8.273523330688476562e+00
6.091232895851135254e-01
5.209923744201660156e+00
-1.794680213928222656e+01
-2.833305358886718750e+01
3.002425575256347656e+01
8.813556671142578125e+00
-1.988434295654296875e+02
-1.549477386474609375e+02
9.764416503906250000e+01
7.607734680175781250e+01
9.403942108154296875e+00
5.015354156494140625e+00
2.036143541336059570e+00
1.084744334220886230e+00
-1.654825019836425781e+01
-3.053125381469726562e+01
4.467605209350585938e+01
-4.027493286132812500e+01
-1.848293914794921875e+02
-1.027077865600585938e+02
1.022033081054687500e+02
4.388177108764648438e+01
2.479797601699829102e+00
1.814118003845214844e+01
2.389549016952514648e+00
6.615981459617614746e-01
-1.383379268646240234e+01
-3.857064819335937500e+01
4.138834381103515625e+01
-2.693674926757812500e+02
-5.338792800903320312e+01
-4.064416503906250000e+01
1.093405380249023438e+02
3.066802597045898438e+01
-4.458842754364013672e+00
2.418237876892089844e+01
3.426340341567993164e+00
6.607347011566162109e+00
-1.201504039764404297e+01
-3.725830841064453125e+01
3.476867294311523438e+01
-3.875308532714843750e+02
-9.013219451904296875e+01
1.633730506896972656e+01
8.432147979736328125e+01
1.491494655609130859e+01
-1.080306720733642578e+01
2.758969306945800781e+01
-3.825169563293457031e+00
1.632653045654296875e+01
-1.002934265136718750e+01
-3.996089172363281250e+01
-1.132968383789062500e+03
1.523845520019531250e+02
-2.106114654541015625e+02
-1.995621490478515625e+01
1.801782989501953125e+02
7.789885997772216797e+00
-1.492731189727783203e+01
8.107175445556640625e+01
-1.974024009704589844e+01
3.026962661743164062e+01
-8.527698516845703125e+00
-8.953538513183593750e+01
-4.367099914550781250e+02
-2.818522338867187500e+02
-2.231699371337890625e+02
-1.559372329711914062e+01
2.006533508300781250e+02
1.976486778259277344e+01
-1.046161460876464844e+01
7.219820404052734375e+01
-2.903178596496582031e+01
2.739019393920898438e+01
-9.314380645751953125e+00
-9.062815093994140625e+01
6.490474700927734375e+01
-6.166317138671875000e+02
-1.311693115234375000e+02
-9.104589843750000000e+01
2.089889831542968750e+02
6.230347824096679688e+01
-6.881749629974365234e+00
6.902068328857421875e+01
-2.273628234863281250e+01
2.920688247680664062e+01
-1.498278427124023438e+01
-9.079323577880859375e+01
1.056856765747070312e+02
-3.074719543457031250e+02
-1.524757995605468750e+02
-2.459499206542968750e+02
2.172753295898437500e+02
1.161353988647460938e+02
1.028288078308105469e+01
5.419768524169921875e+01
-1.653040885925292969e+01
1.150926971435546875e+01
-4.059545516967773438e+01
-6.388269042968750000e+01
7.253536224365234375e+01
3.195662689208984375e+01
-4.448965454101562500e+02
-3.464313964843750000e+02
1.934407043457031250e+02
1.663164672851562500e+02
3.078778457641601562e+01
4.405827713012695312e+01
-1.829585456848144531e+01
-3.201241016387939453e+00
-5.322561264038085938e+01
-5.564859390258789062e+01
7.353089141845703125e+01
3.480427551269531250e+01
-4.479054870605468750e+02
-3.459507751464843750e+02
1.948832397460937500e+02
1.636745758056640625e+02
3.417484283447265625e+01
4.015189743041992188e+01
-1.590730667114257812e+01
-7.042078971862792969e+00
-5.048768615722656250e+01
-6.062993621826171875e+01
1.087560119628906250e+02
-3.000263977050781250e+02
-1.588687133789062500e+02
-2.472627258300781250e+02
2.219862823486328125e+02
1.138901977539062500e+02
1.410367679595947266e+01
5.470555496215820312e+01
-1.543412876129150391e+01
5.678560256958007812e+00
-3.777316665649414062e+01
-6.762657165527343750e+01
6.391181564331054688e+01
-6.150706787109375000e+02
-1.355411987304687500e+02
-9.552069854736328125e+01
2.135966796875000000e+02
6.082473373413085938e+01
-4.342097759246826172e+00
7.401416015625000000e+01
-2.076156806945800781e+01
2.303258705139160156e+01
-1.453556632995605469e+01
-9.116383361816406250e+01
-4.457406616210937500e+02
-2.809053649902343750e+02
-2.235856628417968750e+02
-1.856446456909179688e+01
2.002655944824218750e+02
2.287679672241210938e+01
-9.018898963928222656e+00
7.706370544433593750e+01
-2.743451881408691406e+01
2.443356323242187500e+01
-1.038808631896972656e+01
-9.178196716308593750e+01
-1.055302368164062500e+03
1.921598510742187500e+02
-1.920591888427734375e+02
-2.860942268371582031e+01
1.918060302734375000e+02
-7.542830467224121094e+00
-4.386962890625000000e+00
-2.895947647094726562e+01
9.205746459960937500e+01
2.217717552185058594e+01
-2.475696945190429688e+01
-6.388639831542968750e+01
-8.417127075195312500e+02
1.569953765869140625e+02
-1.922602081298828125e+02
-3.949697113037109375e+01
1.877515106201171875e+02
6.286058902740478516e+00
6.805129051208496094e-01
-3.405367279052734375e+01
7.659114837646484375e+01
1.129044437408447266e+01
-2.532889938354492188e+01
-6.945187377929687500e+01
-1.580520477294921875e+02
-1.912461700439453125e+02
-1.594375457763671875e+02
-6.113311767578125000e+01
1.854236297607421875e+02
5.007412719726562500e+01
9.144508361816406250e+00
-8.598391532897949219e+00
3.640232467651367188e+01
-1.009521770477294922e+01
-2.353667259216308594e+01
-7.243151092529296875e+01
1.700252227783203125e+02
-5.395734863281250000e+02
-3.037150144577026367e+00
-2.303136444091796875e+02
1.880638122558593750e+02
9.211143493652343750e+01
2.314994239807128906e+01
6.464023590087890625e+01
-4.344112014770507812e+01
-2.073639678955078125e+01
-3.743223953247070312e+01
-7.877552032470703125e+01
1.062767944335937500e+02
6.429627990722656250e+01
-4.812039184570312500e+02
-3.624767150878906250e+02
1.655820770263671875e+02
1.327644805908203125e+02
3.993506240844726562e+01
4.782099533081054688e+01
-4.333221054077148438e+01
-2.567545318603515625e+01
-5.635457992553710938e+01
-6.058174514770507812e+01
1.050038375854492188e+02
6.682518768310546875e+01
-4.841988830566406250e+02
-3.614311828613281250e+02
1.641775054931640625e+02
1.364262847900390625e+02
4.602239990234375000e+01
4.424982833862304688e+01
-4.294422531127929688e+01
-2.500758552551269531e+01
-5.302167892456054688e+01
-6.280385971069335938e+01
1.793344421386718750e+02
-5.348394775390625000e+02
-8.811509132385253906e+00
-2.354687194824218750e+02
1.873685913085937500e+02
9.373781585693359375e+01
2.942162513732910156e+01
6.421992492675781250e+01
-3.970093917846679688e+01
-2.318663787841796875e+01
-3.486033630371093750e+01
-8.250416564941406250e+01
-1.542940063476562500e+02
-1.913586578369140625e+02
-1.625474090576171875e+02
-7.062626647949218750e+01
1.888398437500000000e+02
4.943454742431640625e+01
1.257886505126953125e+01
-1.316570472717285156e+01
4.598733520507812500e+01
-1.306842899322509766e+01
-2.600050735473632812e+01
-7.697061157226562500e+01
-8.386810302734375000e+02
1.597967376708984375e+02
-1.924076080322265625e+02
-4.290190887451171875e+01
1.862562866210937500e+02
6.185856342315673828e+00
1.477638244628906250e+00
-3.622156143188476562e+01
8.470073699951171875e+01
9.229602813720703125e+00
-2.896124458312988281e+01
-7.174285888671875000e+01
-9.907978057861328125e+01
-1.594098205566406250e+02
-3.914304733276367188e+01
2.945626831054687500e+01
-9.834109497070312500e+01
3.109973716735839844e+01
-2.684948682785034180e+00
4.332660198211669922e+00
-7.808115482330322266e+00
-3.088631820678710938e+01
-6.463555812835693359e+00
5.799280548095703125e+01
-9.643491363525390625e+01
-1.633787231445312500e+02
-3.299113845825195312e+01
4.248153305053710938e+01
-9.561766052246093750e+01
2.856748962402343750e+01
-2.228210210800170898e+00
4.340948104858398438e+00
-8.080670356750488281e+00
-2.894765281677246094e+01
1.290959835052490234e+00
5.398344802856445312e+01
-7.816043853759765625e+01
-1.288788146972656250e+02
-3.004579162597656250e+01
4.471963119506835938e+01
-9.573577880859375000e+01
7.269062995910644531e+00
-3.961530685424804688e+00
2.437712430953979492e+00
-1.995070099830627441e+00
-2.143816375732421875e+01
1.136092305183410645e+00
4.720516967773437500e+01
-6.081309890747070312e+01
-6.654173278808593750e+01
3.507623672485351562e+01
-3.105466651916503906e+01
-8.646854400634765625e+01
-1.852535057067871094e+01
-3.232610940933227539e+00
3.900070428848266602e+00
2.660567283630371094e+00
-6.180090904235839844e+00
3.144002914428710938e+01
4.877854537963867188e+01
-1.720331954956054688e+01
-4.794401550292968750e+01
1.539394760131835938e+01
-4.028290176391601562e+01
-7.155113983154296875e+01
-5.298249435424804688e+01
-3.712391555309295654e-01
3.440708398818969727e+00
1.319332271814346313e-01
-6.478998661041259766e+00
3.886289215087890625e+01
7.150366210937500000e+01
-1.731553459167480469e+01
-5.117456436157226562e+01
1.866874313354492188e+01
-3.731451034545898438e+01
-7.186151885986328125e+01
-4.877743530273437500e+01
6.311859130859375000e+00
-2.894064426422119141e+00
-3.615029573440551758e+00
-5.492428779602050781e+00
3.870087814331054688e+01
6.880810546875000000e+01
-5.027552795410156250e+01
-6.247764968872070312e+01
2.876126289367675781e+01
-2.913183975219726562e+01
-8.496541595458984375e+01
-1.313613700866699219e+01
-3.276466131210327148e+00
1.017708110809326172e+01
-2.172071456909179688e+00
-5.727877140045166016e+00
2.977619934082031250e+01
4.696095657348632812e+01
-7.777748870849609375e+01
-1.199638977050781250e+02
-3.062772178649902344e+01
3.120438766479492188e+01
-9.547424316406250000e+01
1.009332561492919922e+01
-5.708085060119628906e+00
7.032324314117431641e+00
-4.430199623107910156e+00
-2.120166587829589844e+01
-4.121418476104736328e+00
4.597845077514648438e+01
-9.121106719970703125e+01
-1.606387481689453125e+02
-3.265414810180664062e+01
3.903931045532226562e+01
-9.565816497802734375e+01
2.851712226867675781e+01
-3.278292655944824219e+00
6.514973163604736328e+00
-7.928452968597412109e+00
-2.749748420715332031e+01
-3.502106428146362305e+00
5.238549041748046875e+01
1.055302246093750000e+03
-1.921598358154296875e+02
1.920591888427734375e+02
2.860942077636718750e+01
-1.918060302734375000e+02
7.542828559875488281e+00
4.386960506439208984e+00
2.895947265625000000e+01
-9.205746459960937500e+01
-2.217717552185058594e+01
2.475696754455566406e+01
6.388639831542968750e+01
8.386810302734375000e+02
-1.597967376708984375e+02
1.924076080322265625e+02
4.290190887451171875e+01
-1.862562866210937500e+02
-6.185857295989990234e+00
-1.477640032768249512e+00
3.622155761718750000e+01
-8.470073699951171875e+01
-9.229604721069335938e+00
2.896124267578125000e+01
7.174285125732421875e+01
1.542940216064453125e+02
1.913586425781250000e+02
1.625474090576171875e+02
7.062626647949218750e+01
-1.888398437500000000e+02
-4.943454742431640625e+01
-1.257886505126953125e+01
1.316570281982421875e+01
-4.598733520507812500e+01
1.306842517852783203e+01
2.600050544738769531e+01
7.697060394287109375e+01
-1.793344421386718750e+02
5.348394775390625000e+02
8.811504364013671875e+00
2.354687194824218750e+02
-1.873685913085937500e+02
-9.373781585693359375e+01
-2.942162513732910156e+01
-6.421993255615234375e+01
3.970093917846679688e+01
2.318663406372070312e+01
3.486033630371093750e+01
8.250416564941406250e+01
-1.050038375854492188e+02
-6.682519531250000000e+01
4.841988830566406250e+02
3.614311828613281250e+02
-1.641775054931640625e+02
-1.364262847900390625e+02
-4.602239990234375000e+01
-4.424982833862304688e+01
4.294422149658203125e+01
2.500758361816406250e+01
5.302167510986328125e+01
6.280385971069335938e+01
-1.062767944335937500e+02
-6.429628753662109375e+01
4.812039184570312500e+02
3.624767150878906250e+02
-1.655820770263671875e+02
-1.327644805908203125e+02
-3.993506240844726562e+01
-4.782099533081054688e+01
4.333220672607421875e+01
2.567545318603515625e+01
5.635457992553710938e+01
6.058174133300781250e+01
-1.700252075195312500e+02
5.395734863281250000e+02
3.037143945693969727e+00
2.303136444091796875e+02
-1.880638122558593750e+02
-9.211143493652343750e+01
-2.314994239807128906e+01
-6.464023590087890625e+01
4.344112014770507812e+01
2.073639297485351562e+01
3.743223953247070312e+01
7.877552032470703125e+01
1.580520629882812500e+02
1.912461700439453125e+02
1.594375305175781250e+02
6.113311386108398438e+01
-1.854236297607421875e+02
-5.007413101196289062e+01
-9.144509315490722656e+00
8.598388671875000000e+00
-3.640232849121093750e+01
1.009521389007568359e+01
2.353667068481445312e+01
7.243150329589843750e+01
8.417127075195312500e+02
-1.569953765869140625e+02
1.922601928710937500e+02
3.949696731567382812e+01
-1.877515106201171875e+02
-6.286060810089111328e+00
-6.805149912834167480e-01
3.405366897583007812e+01
-7.659114837646484375e+01
-1.129044723510742188e+01
2.532889747619628906e+01
6.945186614990234375e+01
1.132968383789062500e+03
-1.523845520019531250e+02
2.106114501953125000e+02
1.995621299743652344e+01
-1.801782989501953125e+02
-7.789888381958007812e+00
1.492730903625488281e+01
-8.107175445556640625e+01
1.974023628234863281e+01
-3.026962852478027344e+01
8.527696609497070312e+00
8.953538513183593750e+01
4.457406616210937500e+02
2.809053649902343750e+02
2.235856628417968750e+02
1.856446456909179688e+01
-2.002655944824218750e+02
-2.287679862976074219e+01
9.018897056579589844e+00
-7.706370544433593750e+01
2.743451499938964844e+01
-2.443356513977050781e+01
1.038808441162109375e+01
9.178196716308593750e+01
-6.391181182861328125e+01
6.150706787109375000e+02
1.355411987304687500e+02
9.552069854736328125e+01
-2.135966796875000000e+02
-6.082473373413085938e+01
4.342095851898193359e+00
-7.401416015625000000e+01
2.076156616210937500e+01
-2.303258895874023438e+01
1.453556442260742188e+01
9.116383361816406250e+01
-1.087560043334960938e+02
3.000263977050781250e+02
1.588687133789062500e+02
2.472627258300781250e+02
-2.219862823486328125e+02
-1.138901977539062500e+02
-1.410367774963378906e+01
-5.470555496215820312e+01
1.543412685394287109e+01
-5.678562641143798828e+00
3.777316284179687500e+01
6.762657165527343750e+01
-7.353089141845703125e+01
-3.480428314208984375e+01
4.479054870605468750e+02
3.459507751464843750e+02
-1.948832397460937500e+02
-1.636745758056640625e+02
-3.417484283447265625e+01
-4.015189743041992188e+01
1.590730476379394531e+01
7.042076110839843750e+00
5.048768615722656250e+01
6.062993621826171875e+01
-7.253536224365234375e+01
-3.195663070678710938e+01
4.448965454101562500e+02
3.464313964843750000e+02
-1.934407043457031250e+02
-1.663164672851562500e+02
-3.078778648376464844e+01
-4.405828094482421875e+01
1.829585266113281250e+01
3.201238393783569336e+00
5.322560882568359375e+01
5.564859008789062500e+01
-1.056856765747070312e+02
3.074719238281250000e+02
1.524757995605468750e+02
2.459499206542968750e+02
-2.172753448486328125e+02
-1.161353988647460938e+02
-1.028288173675537109e+01
-5.419768905639648438e+01
1.653040695190429688e+01
-1.150927162170410156e+01
4.059545135498046875e+01
6.388268661499023438e+01
-6.490474700927734375e+01
6.166317138671875000e+02
1.311693115234375000e+02
9.104589843750000000e+01
-2.089889831542968750e+02
-6.230347824096679688e+01
6.881748199462890625e+00
-6.902068328857421875e+01
2.273628044128417969e+01
-2.920688438415527344e+01
1.498278236389160156e+01
9.079323577880859375e+01
4.367099914550781250e+02
2.818522338867187500e+02
2.231699218750000000e+02
1.559372234344482422e+01
-2.006533508300781250e+02
-1.976486968994140625e+01
1.046161270141601562e+01
-7.219821166992187500e+01
2.903178405761718750e+01
-2.739019584655761719e+01
9.314378738403320312e+00
9.062815093994140625e+01
-6.740730285644531250e+01
4.980187988281250000e+02
5.435409164428710938e+01
-5.346075057983398438e+00
-7.298442077636718750e+01
-7.048934459686279297e+00
1.511533641815185547e+01
-2.821252059936523438e+01
5.184053897857666016e+00
-2.189652824401855469e+01
1.163225555419921875e+01
3.856402587890625000e+01
-3.476868438720703125e+01
3.875308532714843750e+02
9.013219451904296875e+01
-1.633730697631835938e+01
-8.432147979736328125e+01
-1.491494941711425781e+01
1.080306529998779297e+01
-2.758969497680664062e+01
3.825166702270507812e+00
-1.632653236389160156e+01
1.002933979034423828e+01
3.996089172363281250e+01
-4.138834762573242188e+01
2.693674926757812500e+02
5.338792419433593750e+01
4.064416503906250000e+01
-1.093405380249023438e+02
-3.066802787780761719e+01
4.458840370178222656e+00
-2.418237876892089844e+01
-3.426342248916625977e+00
-6.607347965240478516e+00
1.201503753662109375e+01
3.725830841064453125e+01
-4.467605590820312500e+01
4.027492904663085938e+01
1.848293914794921875e+02
1.027077865600585938e+02
-1.022033157348632812e+02
-4.388177490234375000e+01
-2.479799509048461914e+00
-1.814118194580078125e+01
-2.389551162719726562e+00
-6.615989804267883301e-01
1.383378887176513672e+01
3.857064819335937500e+01
-3.002425956726074219e+01
-8.813560485839843750e+00
1.988434295654296875e+02
1.549477386474609375e+02
-9.764416503906250000e+01
-7.607734680175781250e+01
-9.403943061828613281e+00
-5.015355110168457031e+00
-2.036145687103271484e+00
-1.084745883941650391e+00
1.654824829101562500e+01
3.053125000000000000e+01
-2.408096885681152344e+01
-7.061893463134765625e+00
2.014407806396484375e+02
1.511921844482421875e+02
-9.420485687255859375e+01
-7.571220397949218750e+01
-5.864485263824462891e+00
-8.273527145385742188e+00
-6.091257929801940918e-01
-5.209925174713134766e+00
1.794680023193359375e+01
2.833305168151855469e+01
-3.583156204223632812e+01
3.908633422851562500e+01
1.844384918212890625e+02
9.866819000244140625e+01
-9.770547485351562500e+01
-4.073199844360351562e+01
2.211205482482910156e+00
-1.888117790222167969e+01
-3.458166122436523438e+00
-5.822904109954833984e+00
1.356212329864501953e+01
3.635134124755859375e+01
-3.671376037597656250e+01
2.715314025878906250e+02
4.903173065185546875e+01
3.704842758178710938e+01
-1.076013641357421875e+02
-2.634964561462402344e+01
9.622235298156738281e+00
-2.161809349060058594e+01
-4.563602447509765625e+00
-1.123056983947753906e+01
8.244624137878417969e+00
3.655635833740234375e+01
-3.118545722961425781e+01
3.911525878906250000e+02
8.818580627441406250e+01
-1.849527740478515625e+01
-8.329569244384765625e+01
-1.119847106933593750e+01
1.376436519622802734e+01
-2.461363029479980469e+01
4.622736454010009766e+00
-1.875973892211914062e+01
7.036970138549804688e+00
3.980219650268554688e+01
6.020390701293945312e+01
-4.901759338378906250e+02
-5.369450378417968750e+01
5.801877021789550781e+00
7.129426574707031250e+01
3.629816532135009766e+00
-1.494178581237792969e+01
2.312241744995117188e+01
-8.182437896728515625e+00
2.093034172058105469e+01
-1.019783210754394531e+01
-3.848102188110351562e+01
2.743957138061523438e+01
-3.785564575195312500e+02
-8.601843261718750000e+01
1.660171318054199219e+01
8.541715240478515625e+01
8.467759132385253906e+00
-1.375848770141601562e+01
2.034782409667968750e+01
-5.277088165283203125e+00
2.021490669250488281e+01
-7.692935943603515625e+00
-3.875614166259765625e+01
3.392329406738281250e+01
-2.600584716796875000e+02
-4.865229034423828125e+01
-3.553464889526367188e+01
1.042839889526367188e+02
2.617289733886718750e+01
-9.609703063964843750e+00
1.911488533020019531e+01
2.402170658111572266e+00
1.392606830596923828e+01
-8.424893379211425781e+00
-3.365752410888671875e+01
3.927686309814453125e+01
-3.149796867370605469e+01
-1.734430084228515625e+02
-9.602632141113281250e+01
9.809670257568359375e+01
4.253908920288085938e+01
-7.440840601921081543e-01
1.925016212463378906e+01
2.757411241531372070e+00
8.309896469116210938e+00
-1.294115829467773438e+01
-3.568609619140625000e+01
2.847604942321777344e+01
9.476133346557617188e+00
-1.958917388916015625e+02
-1.466632843017578125e+02
9.188387298583984375e+01
7.628296661376953125e+01
5.209815502166748047e+00
8.225668907165527344e+00
-1.440811514854431152e+00
6.599901676177978516e+00
-1.802750015258789062e+01
-2.502677345275878906e+01
3.466482543945312500e+01
1.107728004455566406e+01
-1.946237182617187500e+02
-1.499141082763671875e+02
9.190337371826171875e+01
8.054779052734375000e+01
6.722794532775878906e+00
7.758563041687011719e+00
-2.736861109733581543e-01
3.659346818923950195e+00
-1.766314888000488281e+01
-2.592208862304687500e+01
5.028175735473632812e+01
-3.204900360107421875e+01
-1.785837402343750000e+02
-1.006786346435546875e+02
1.010178985595703125e+02
4.896022796630859375e+01
2.559339761734008789e+00
2.004356002807617188e+01
2.484035015106201172e+00
3.585000753402709961e+00
-1.327414798736572266e+01
-3.739513778686523438e+01
3.961497116088867188e+01
-2.592261047363281250e+02
-5.465204620361328125e+01
-3.926641464233398438e+01
1.049590454101562500e+02
3.186974525451660156e+01
-5.698262691497802734e+00
2.179054641723632812e+01
2.047643184661865234e+00
9.898516654968261719e+00
-1.066006183624267578e+01
-3.365321350097656250e+01
3.216033554077148438e+01
-3.797292785644531250e+02
-8.779647064208984375e+01
1.402837657928466797e+01
8.504392242431640625e+01
1.244692134857177734e+01
-1.108362388610839844e+01
2.329981422424316406e+01
-5.147928237915039062e+00
1.729555892944335938e+01
-9.740999221801757812e+00
-3.804504394531250000e+01
-1.119129272460937500e+03
1.522115020751953125e+02
-2.149326477050781250e+02
-1.918780136108398438e+01
1.877376708984375000e+02
3.791348218917846680e+00
-1.454828739166259766e+01
7.963086700439453125e+01
-1.527381229400634766e+01
3.577202987670898438e+01
-9.198678970336914062e+00
-8.826593780517578125e+01
-4.340996398925781250e+02
-2.792630004882812500e+02
-2.206809539794921875e+02
-1.903492736816406250e+01
2.032867889404296875e+02
1.679496574401855469e+01
-9.680978775024414062e+00
7.417320251464843750e+01
-2.909333992004394531e+01
3.117953491210937500e+01
-1.126822471618652344e+01
-8.589417266845703125e+01
6.418242645263671875e+01
-6.205383911132812500e+02
-1.288850250244140625e+02
-8.959698486328125000e+01
2.151107788085937500e+02
6.102791213989257812e+01
-5.717968940734863281e+00
6.922283935546875000e+01
-2.497392654418945312e+01
3.080245971679687500e+01
-1.541757297515869141e+01
-8.481989288330078125e+01
1.087189102172851562e+02
-3.025466918945312500e+02
-1.516272888183593750e+02
-2.439279174804687500e+02
2.183877868652343750e+02
1.180528564453125000e+02
1.227302169799804688e+01
5.502036285400390625e+01
-1.858865737915039062e+01
1.420733833312988281e+01
-3.965613555908203125e+01
-6.020919799804687500e+01
7.638438415527343750e+01
3.567334365844726562e+01
-4.493641662597656250e+02
-3.400932617187500000e+02
2.002929229736328125e+02
1.671568603515625000e+02
3.407474899291992188e+01
4.168031311035156250e+01
-1.832134246826171875e+01
-1.764575004577636719e+00
-5.213720703125000000e+01
-5.315851211547851562e+01
7.861712646484375000e+01
3.945024108886718750e+01
-4.559343261718750000e+02
-3.382610473632812500e+02
2.027696838378906250e+02
1.665600433349609375e+02
3.443781661987304688e+01
4.125937652587890625e+01
-1.540707206726074219e+01
-5.520086288452148438e+00
-4.862065505981445312e+01
-5.564505386352539062e+01
1.115938949584960938e+02
-2.978307495117187500e+02
-1.609465637207031250e+02
-2.461990966796875000e+02
2.247602844238281250e+02
1.185749664306640625e+02
1.381861782073974609e+01
5.536713409423828125e+01
-1.655030250549316406e+01
7.363147735595703125e+00
-3.456637573242187500e+01
-6.200080871582031250e+01
6.372589111328125000e+01
-6.294467163085937500e+02
-1.308637847900390625e+02
-9.693140411376953125e+01
2.218511962890625000e+02
6.311287689208984375e+01
-4.302009105682373047e+00
7.055609893798828125e+01
-2.274750328063964844e+01
2.403257369995117188e+01
-1.236883831024169922e+01
-8.665718078613281250e+01
-4.359396362304687500e+02
-2.847001342773437500e+02
-2.203351745605468750e+02
-2.338215827941894531e+01
2.023908538818359375e+02
2.034790039062500000e+01
-9.011828422546386719e+00
7.470397186279296875e+01
-2.706089401245117188e+01
2.800511169433593750e+01
-1.073775291442871094e+01
-8.688511657714843750e+01
-1.039894042968750000e+03
1.910530853271484375e+02
-1.883174133300781250e+02
-2.851958084106445312e+01
1.915744628906250000e+02
-6.261411666870117188e+00
-2.626738786697387695e+00
-3.119142341613769531e+01
9.008621978759765625e+01
2.488169097900390625e+01
-2.564423751831054688e+01
-6.363443756103515625e+01
-8.222776489257812500e+02
1.631358947753906250e+02
-1.892796325683593750e+02
-3.893609619140625000e+01
1.890368804931640625e+02
6.148445129394531250e+00
3.655777454376220703e+00
-2.996294212341308594e+01
7.491919708251953125e+01
1.313197708129882812e+01
-2.814706993103027344e+01
-6.568924713134765625e+01
-1.553175659179687500e+02
-1.897779998779296875e+02
-1.566733398437500000e+02
-6.096485900878906250e+01
1.883397216796875000e+02
5.364459991455078125e+01
1.048489189147949219e+01
-2.699105024337768555e+00
3.297031784057617188e+01
-6.242258071899414062e+00
-2.648473167419433594e+01
-6.932410430908203125e+01
1.706382904052734375e+02
-5.369618530273437500e+02
-3.368175029754638672e-01
-2.275699157714843750e+02
1.912780609130859375e+02
1.004733963012695312e+02
2.538847923278808594e+01
6.591461944580078125e+01
-4.460472106933593750e+01
-1.619623565673828125e+01
-3.619705581665039062e+01
-7.729117584228515625e+01
1.078327560424804688e+02
6.353292846679687500e+01
-4.833070983886718750e+02
-3.672453613281250000e+02
1.744721069335937500e+02
1.486501617431640625e+02
4.000195693969726562e+01
4.907237625122070312e+01
-4.325959777832031250e+01
-2.209041023254394531e+01
-5.934275817871093750e+01
-5.399943923950195312e+01
1.067876510620117188e+02
6.892072296142578125e+01
-4.873735656738281250e+02
-3.674216308593750000e+02
1.765908660888671875e+02
1.450696105957031250e+02
4.355175399780273438e+01
4.676004791259765625e+01
-4.181218338012695312e+01
-2.378432846069335938e+01
-5.065081024169921875e+01
-6.183404922485351562e+01
1.767099761962890625e+02
-5.327260131835937500e+02
-5.373429298400878906e+00
-2.340568847656250000e+02
1.970410919189453125e+02
9.637614440917968750e+01
2.896586990356445312e+01
5.900310134887695312e+01
-3.994888305664062500e+01
-2.054176330566406250e+01
-3.024018669128417969e+01
-8.185055541992187500e+01
-1.537856597900390625e+02
-1.928463897705078125e+02
-1.552078247070312500e+02
-6.950782775878906250e+01
1.974667205810546875e+02
5.035055923461914062e+01
1.248414134979248047e+01
-1.592212295532226562e+01
4.437513351440429688e+01
-1.110516929626464844e+01
-2.534564590454101562e+01
-7.314750671386718750e+01
-8.292706909179687500e+02
1.619818267822265625e+02
-1.877543792724609375e+02
-4.466253280639648438e+01
1.921962890625000000e+02
6.429087638854980469e+00
4.306096076965332031e+00
-3.673299407958984375e+01
8.270612335205078125e+01
9.815837860107421875e+00
-2.945486831665039062e+01
-6.744824218750000000e+01
1.021459808349609375e+02
1.599614562988281250e+02
3.926710510253906250e+01
-2.628932380676269531e+01
1.010163955688476562e+02
-3.049401283264160156e+01
4.324121475219726562e+00
1.161657691001892090e+00
7.259489059448242188e+00
3.050788688659667969e+01
2.927232027053833008e+00
-5.973402023315429688e+01
9.290608978271484375e+01
1.624805450439453125e+02
3.451086425781250000e+01
-3.499465560913085938e+01
9.670553588867187500e+01
-2.910128402709960938e+01
3.323966026306152344e+00
-3.188504934310913086e+00
8.591875076293945312e+00
2.921023941040039062e+01
-2.662945389747619629e-01
-4.839384460449218750e+01
7.980499267578125000e+01
1.229583358764648438e+02
3.145762062072753906e+01
-2.887772178649902344e+01
9.409572601318359375e+01
-5.880305290222167969e+00
3.711119890213012695e+00
-6.769879817962646484e+00
5.513748645782470703e+00
2.262966156005859375e+01
2.986890077590942383e-01
-4.186598205566406250e+01
5.269476699829101562e+01
6.213278579711914062e+01
-2.161188125610351562e+01
3.085979270935058594e+01
8.790370941162109375e+01
1.935437965393066406e+01
1.395543575286865234e+00
-5.272312164306640625e+00
4.468931198120117188e+00
8.065739631652832031e+00
-3.524893569946289062e+01
-4.520692062377929688e+01
1.952535629272460938e+01
5.499513244628906250e+01
-1.698234939575195312e+01
3.656850051879882812e+01
7.448474121093750000e+01
5.475447082519531250e+01
-2.302771091461181641e+00
5.001451015472412109e+00
2.875969648361206055e+00
6.623757362365722656e+00
-4.295676040649414062e+01
-6.458944702148437500e+01
2.006026840209960938e+01
4.871686172485351562e+01
-1.313947296142578125e+01
4.269850540161132812e+01
7.350830078125000000e+01
5.659069824218750000e+01
2.001663208007812500e+00
-2.865697443485260010e-01
1.795924067497253418e+00
6.519413948059082031e+00
-3.683836746215820312e+01
-7.176163482666015625e+01
5.816292953491210938e+01
6.064846801757812500e+01
-3.383794784545898438e+01
3.545758056640625000e+01
8.979948425292968750e+01
2.052345466613769531e+01
2.586000204086303711e+00
4.463270902633666992e-01
-2.376584559679031372e-01
5.998887538909912109e+00
-3.247258377075195312e+01
-5.265700912475585938e+01
7.245568847656250000e+01
1.239136352539062500e+02
3.447240447998046875e+01
-4.708820724487304688e+01
9.902728271484375000e+01
-5.975829124450683594e+00
3.298167943954467773e+00
-2.641021490097045898e+00
2.137495994567871094e+00
2.064980316162109375e+01
-1.122439026832580566e+00
-4.883391189575195312e+01
9.589395904541015625e+01
1.570330505371093750e+02
3.517746734619140625e+01
-4.174049377441406250e+01
1.000259552001953125e+02
-2.816973876953125000e+01
2.980675697326660156e+00
-1.557174324989318848e+00
7.465238571166992188e+00
2.731052398681640625e+01
-2.801950454711914062e+00
-5.294597244262695312e+01
1.167216552734375000e+03
9.143152618408203125e+01
2.511389465332031250e+02
-1.197740650177001953e+01
-1.699157333374023438e+01
-1.433417892456054688e+01
1.504544377326965332e+00
3.892871093750000000e+01
-5.292652130126953125e+01
1.512625694274902344e+01
5.057412147521972656e+00
2.220514869689941406e+01
9.635269775390625000e+02
1.196682510375976562e+02
2.379334869384765625e+02
6.138266086578369141e+00
-2.685241889953613281e+01
-2.332030487060546875e+01
-4.129128932952880859e+00
4.561662673950195312e+01
-6.259218597412109375e+01
2.558661842346191406e+01
-4.721642494201660156e+00
1.564118289947509766e+01
3.708424377441406250e+02
3.136004943847656250e+02
1.153713150024414062e+02
9.992234802246093750e+01
-2.566325187683105469e+01
-3.520632553100585938e+01
-1.551323604583740234e+01
5.239014434814453125e+01
-7.008092498779296875e+01
3.358475494384765625e+01
-1.806328177452087402e+00
-1.154065251350402832e+00
-6.228686141967773438e+01
6.866563720703125000e+02
-7.138313293457031250e+01
3.167703247070312500e+02
-3.836134719848632812e+01
-3.014943313598632812e+01
-3.148948287963867188e+01
-6.282692337036132812e+01
5.509271621704101562e+01
4.106549835205078125e+01
-7.450520515441894531e+00
-3.744640827178955078e+00
-6.559809875488281250e+01
-9.229717254638671875e+01
5.795375366210937500e+02
4.103656311035156250e+02
-3.230769729614257812e+01
-3.364895629882812500e+01
-5.628797149658203125e+01
-5.653622055053710938e+01
5.351231384277343750e+01
3.836557769775390625e+01
3.983959928154945374e-02
-7.880920886993408203e+00
-7.068801116943359375e+01
-8.765768432617187500e+01
5.773223266601562500e+02
4.115782775878906250e+02
-3.376910781860351562e+01
-3.176169013977050781e+01
-5.283596038818359375e+01
-5.976247787475585938e+01
5.350517654418945312e+01
3.804066467285156250e+01
-1.132335305213928223e+00
-8.964004516601562500e+00
-5.782887649536132812e+01
6.856597900390625000e+02
-7.204794311523437500e+01
3.103754882812500000e+02
-3.972998428344726562e+01
-2.786594772338867188e+01
-2.855053520202636719e+01
-6.440628814697265625e+01
5.555313491821289062e+01
3.949484634399414062e+01
-1.054741859436035156e+01
-8.897479057312011719e+00
3.750874938964843750e+02
3.083671264648437500e+02
1.067744140625000000e+02
7.653927612304687500e+01
-2.263739585876464844e+01
-3.282028961181640625e+01
-1.291702270507812500e+01
5.277980041503906250e+01
-6.898890686035156250e+01
3.146909713745117188e+01
-6.116528034210205078e+00
-7.919673919677734375e+00
9.632196044921875000e+02
1.165897598266601562e+02
2.371495361328125000e+02
-3.782636880874633789e+00
-2.429735565185546875e+01
-2.070932579040527344e+01
-3.289708614349365234e+00
4.584208297729492188e+01
-6.031415939331054688e+01
2.342185211181640625e+01
-9.923342704772949219e+00
1.259997177124023438e+01
1.192020874023437500e+03
2.751524353027343750e+01
2.692030944824218750e+02
2.159955024719238281e+01
-1.371878814697265625e+02
1.518112468719482422e+01
1.485109090805053711e+00
-7.782202148437500000e+01
4.718682479858398438e+01
-3.491043853759765625e+01
-9.662565231323242188e+00
8.104419708251953125e+01
7.927404174804687500e+02
1.995243530273437500e+02
1.690211486816406250e+02
9.196525573730468750e+01
-1.301497039794921875e+02
3.283256769180297852e+00
4.708711147308349609e+00
-8.054850769042968750e+01
4.058407592773437500e+01
-2.749193572998046875e+01
-5.294313430786132812e+00
7.799595642089843750e+01
1.574751281738281250e+02
6.408470458984375000e+02
3.189249610900878906e+01
2.530235900878906250e+02
-1.304408416748046875e+02
-3.681627273559570312e+01
-1.131148189306259155e-01
-8.330871582031250000e+01
3.318556594848632812e+01
-8.988171577453613281e+00
7.936395168304443359e+00
6.222402572631835938e+01
-1.441778373718261719e+01
-2.832383155822753906e+01
5.977716674804687500e+02
3.268436584472656250e+02
-1.304190216064453125e+02
-6.152590179443359375e+01
-1.144147205352783203e+01
-7.096263885498046875e+01
3.065072250366210938e+01
1.615443611145019531e+01
4.113544464111328125e+00
5.144797897338867188e+01
-4.675037765502929688e+01
-6.730461883544921875e+01
5.159807128906250000e+02
4.282117614746093750e+02
-1.135706253051757812e+02
-9.778372192382812500e+01
-3.377907562255859375e+01
-5.336366653442382812e+01
2.345233154296875000e+01
1.616418647766113281e+01
4.738528728485107422e+00
3.832432174682617188e+01
-5.412437820434570312e+01
-5.943277359008789062e+01
5.129039916992187500e+02
4.267214050292968750e+02
-1.150066223144531250e+02
-9.522648620605468750e+01
-2.831327056884765625e+01
-5.550635910034179688e+01
2.167012023925781250e+01
1.604165840148925781e+01
9.929809570312500000e+00
3.399196243286132812e+01
-1.850058746337890625e+01
-2.424322128295898438e+01
5.940700683593750000e+02
3.220263061523437500e+02
-1.302850494384765625e+02
-5.988354492187500000e+01
-7.860958099365234375e+00
-6.975852966308593750e+01
2.882107925415039062e+01
1.335779285430908203e+01
5.202744483947753906e+00
4.665353775024414062e+01
1.501955566406250000e+02
6.356379394531250000e+02
1.455612373352050781e+01
2.464885406494140625e+02
-1.260498275756835938e+02
-3.767682266235351562e+01
1.789064049720764160e+00
-7.957668304443359375e+01
3.035200691223144531e+01
-1.134007072448730469e+01
6.148019313812255859e+00
5.752018737792968750e+01
7.895450439453125000e+02
1.979889526367187500e+02
1.631826934814453125e+02
8.236309051513671875e+01
-1.268264160156250000e+02
4.081194400787353516e+00
5.694737434387207031e+00
-7.752259826660156250e+01
3.961744689941406250e+01
-2.949743652343750000e+01
-7.649531364440917969e+00
7.465097808837890625e+01
-3.509344339370727539e+00
7.006814575195312500e+02
7.444866180419921875e+01
4.391701507568359375e+01
-1.194236831665039062e+02
-3.359841823577880859e+00
2.639766311645507812e+01
-4.737070083618164062e+01
6.136221408843994141e+00
-4.190388488769531250e+01
7.867275714874267578e+00
4.981134033203125000e+01
1.081703720092773438e+02
5.005468444824218750e+02
3.629006576538085938e+01
9.548956298828125000e+01
-1.331268920898437500e+02
-4.498635768890380859e+00
2.112098884582519531e+01
-5.865253448486328125e+01
3.162303686141967773e+00
-3.481136703491210938e+01
8.224967956542968750e+00
5.127859497070312500e+01
3.809139633178710938e+01
2.344277496337890625e+02
1.371007385253906250e+02
1.486465606689453125e+02
-1.329960021972656250e+02
-2.697703933715820312e+01
1.741400718688964844e+01
-6.564997100830078125e+01
7.323043346405029297e-01
-2.845100975036621094e+01
1.461187648773193359e+01
4.840893173217773438e+01
-9.189281463623046875e+00
-3.071531486511230469e+01
4.112089538574218750e+02
2.050769042968750000e+02
-1.265204696655273438e+02
-5.442373657226562500e+01
9.797608375549316406e+00
-5.091672515869140625e+01
-1.747526049613952637e+00
-2.024705886840820312e+01
1.286476993560791016e+01
3.944051361083984375e+01
-3.003840065002441406e+01
-4.094513320922851562e+01
3.476353149414062500e+02
2.680442810058593750e+02
-1.098037643432617188e+02
-9.052126312255859375e+01
-2.784371137619018555e+00
-3.007674026489257812e+01
-1.018085384368896484e+01
-1.330354976654052734e+01
2.271720886230468750e+01
2.717185783386230469e+01
-3.180965805053710938e+01
-3.420888519287109375e+01
3.470655212402343750e+02
2.647946472167968750e+02
-1.119287872314453125e+02
-8.835068511962890625e+01
2.393918633460998535e-01
-3.221269607543945312e+01
-1.042474746704101562e+01
-1.573037815093994141e+01
2.383184051513671875e+01
2.689897918701171875e+01
-6.765511512756347656e+00
-3.080701637268066406e+01
4.074567260742187500e+02
2.019743957519531250e+02
-1.258118515014648438e+02
-5.220975875854492188e+01
1.298859786987304688e+01
-5.168761062622070312e+01
-3.944535970687866211e+00
-2.519056320190429688e+01
1.444337749481201172e+01
3.820658874511718750e+01
3.584046936035156250e+01
2.299584655761718750e+02
1.270177917480468750e+02
1.453254241943359375e+02
-1.297212371826171875e+02
-2.308238983154296875e+01
2.131213569641113281e+01
-6.294092178344726562e+01
-7.164919376373291016e-01
-3.512039184570312500e+01
1.423669242858886719e+01
4.592794036865234375e+01
1.080988464355468750e+02
4.959312438964843750e+02
2.976110649108886719e+01
9.142961120605468750e+01
-1.320085449218750000e+02
-7.375383377075195312e-01
2.395993423461914062e+01
-5.562640762329101562e+01
2.586327552795410156e+00
-3.970460891723632812e+01
7.382339954376220703e+00
4.980020904541015625e+01
6.778280138969421387e-01
3.555849492549896240e-01
1.658865928649902344e+00
-3.697730973362922668e-02
-1.765174984931945801e+00
9.536104798316955566e-01
2.699725866317749023e+00
1.328280925750732422e+00
-2.413060665130615234e+00
-2.401367187500000000e+00
-1.805723905563354492e+00
-1.705327272415161133e+00
-1.767310023307800293e+00
-5.861257910728454590e-01
1.782538652420043945e+00
-5.228292346000671387e-01
-1.823223680257797241e-01
-4.484730064868927002e-01
-1.834025025367736816e+00
2.240232467651367188e+00
-1.935854911804199219e+00
9.882916808128356934e-01
1.181880593299865723e+00
-1.838673472404479980e+00
-1.986140489578247070e+00
6.403201073408126831e-02
-5.599200725555419922e+00
1.089038014411926270e+00
4.097840785980224609e+00
-4.092127323150634766e+00
-4.753104686737060547e+00
1.056987047195434570e+00
-1.159335851669311523e+00
2.590641260147094727e+00
-7.258298397064208984e-01
-1.065048813819885254e+00
-3.871904850006103516e+00
5.047316551208496094e-01
-6.916296482086181641e+00
5.437621474266052246e-01
4.265336990356445312e+00
-3.287722587585449219e+00
-3.326003789901733398e+00
-9.881761074066162109e-01
-2.440909862518310547e+00
-5.126134395599365234e+00
-6.585312634706497192e-02
-1.995975732803344727e+00
-3.497552871704101562e+00
-2.929072618484497070e+00
-4.969450950622558594e+00
-1.867222070693969727e+00
-2.587116718292236328e+00
1.568752765655517578e+00
-3.057304143905639648e+00
-3.083264529705047607e-01
-3.529573678970336914e+00
-2.180352360010147095e-01
-7.183797955513000488e-01
2.773299515247344971e-01
4.551805928349494934e-02
6.023217439651489258e-01
2.394028156995773315e-01
-7.419075965881347656e+00
-3.765704035758972168e-01
3.057769298553466797e+00
1.119534134864807129e+00
-1.779718160629272461e+00
-2.139284372329711914e+00
-2.585882663726806641e+00
1.283795714378356934e+00
1.510865211486816406e+00
5.452702522277832031e+00
-2.900864362716674805e+00
-1.533746123313903809e+00
-3.362799882888793945e+00
6.008717060089111328e+00
1.619556427001953125e+00
3.994736671447753906e+00
-3.174573659896850586e+00
-2.079671382904052734e+00
-8.738305091857910156e+00
5.305952429771423340e-01
-6.760357022285461426e-01
1.376630187034606934e+00
-5.033875942230224609e+00
-5.432811260223388672e+00
-1.776330590248107910e+00
2.111163616180419922e+00
4.877621233463287354e-01
4.632550239562988281e+00
-2.793600797653198242e+00
-1.422449946403503418e+00
-1.866091012954711914e+00
-1.889768123626708984e+00
-8.557528257369995117e-01
8.589936792850494385e-02
2.417691230773925781e+00
3.818316757678985596e-01
-2.707673549652099609e+00
-2.084141731262207031e+00
3.243534088134765625e+00
4.017717361450195312e+00
-1.234672740101814270e-01
-2.656889677047729492e+00
-1.484049558639526367e+00
-1.041122227907180786e-01
-1.425933122634887695e+00
2.099936246871948242e+00
-7.048276977539062500e+02
-7.008371734619140625e+01
-3.988199234008789062e+01
1.186531906127929688e+02
5.538430213928222656e+00
-2.140762710571289062e+01
4.729665756225585938e+01
-5.806428909301757812e+00
4.244881057739257812e+01
-4.115787982940673828e+00
-5.224883270263671875e+01
-1.129816741943359375e+02
-4.982403564453125000e+02
-2.745294189453125000e+01
-9.208119964599609375e+01
1.319581756591796875e+02
3.654393851757049561e-01
-2.150667381286621094e+01
5.742505645751953125e+01
-2.867797136306762695e+00
3.926482772827148438e+01
-4.028846263885498047e+00
-5.330431365966796875e+01
-3.446182632446289062e+01
-2.345116424560546875e+02
-1.266678466796875000e+02
-1.484235992431640625e+02
1.262534103393554688e+02
1.960929870605468750e+01
-2.101292228698730469e+01
6.572699737548828125e+01
-1.895553827285766602e+00
3.222148132324218750e+01
-1.111015319824218750e+01
-4.977737426757812500e+01
8.105266571044921875e+00
3.320643615722656250e+01
-4.070464172363281250e+02
-2.053492736816406250e+02
1.244191513061523438e+02
4.980790710449218750e+01
-1.361289882659912109e+01
5.150053787231445312e+01
3.739283323287963867e+00
2.299427413940429688e+01
-1.462610530853271484e+01
-4.098207855224609375e+01
3.057186317443847656e+01
3.531177520751953125e+01
-3.470244750976562500e+02
-2.689192504882812500e+02
1.059505615234375000e+02
8.778134918212890625e+01
3.843827247619628906e-01
2.968711090087890625e+01
9.097623825073242188e+00
1.345243835449218750e+01
-2.295356750488281250e+01
-2.491701889038085938e+01
2.873236083984375000e+01
4.205611419677734375e+01
-3.476654968261718750e+02
-2.676897277832031250e+02
1.086068801879882812e+02
8.599735260009765625e+01
1.835370421409606934e+00
2.892431640625000000e+01
6.933113098144531250e+00
1.322439193725585938e+01
-2.266859817504882812e+01
-2.542616653442382812e+01
1.276780033111572266e+01
3.031124496459960938e+01
-4.086777343750000000e+02
-2.045021209716796875e+02
1.289558410644531250e+02
4.993576812744140625e+01
-1.039422607421875000e+01
5.165774917602539062e+01
-1.016824617981910706e-01
2.038593292236328125e+01
-1.420983409881591797e+01
-4.118699264526367188e+01
-3.353273773193359375e+01
-2.375016326904296875e+02
-1.344642181396484375e+02
-1.461877441406250000e+02
1.289758605957031250e+02
2.466925430297851562e+01
-1.568804740905761719e+01
6.835810852050781250e+01
-3.375031232833862305e+00
2.779275894165039062e+01
-1.194903373718261719e+01
-4.706418991088867188e+01
-1.125357742309570312e+02
-4.996748046875000000e+02
-3.578544616699218750e+01
-9.139510345458984375e+01
1.317469787597656250e+02
4.220957756042480469e+00
-1.901535224914550781e+01
5.949171447753906250e+01
-3.555718183517456055e+00
3.587089538574218750e+01
-5.546460628509521484e+00
-5.122249221801757812e+01
-1.202002929687500000e+03
-3.052379608154296875e+01
-2.676639404296875000e+02
-1.700098800659179688e+01
1.352948455810546875e+02
-1.574589157104492188e+01
2.378143548965454102e+00
7.497801208496093750e+01
-3.990828323364257812e+01
3.307109832763671875e+01
1.104579925537109375e+01
-8.086719512939453125e+01
-7.875603027343750000e+02
-1.913849334716796875e+02
-1.638879699707031250e+02
-8.607462310791015625e+01
1.283795166015625000e+02
-4.119108676910400391e+00
-1.603688716888427734e+00
7.934213256835937500e+01
-3.637546920776367188e+01
2.870740509033203125e+01
1.226682949066162109e+01
-7.454654693603515625e+01
-1.481451110839843750e+02
-6.392315673828125000e+02
-1.272896766662597656e+01
-2.466740875244140625e+02
1.258765106201171875e+02
3.080724906921386719e+01
1.305091381072998047e-01
7.911064910888671875e+01
-2.773892974853515625e+01
1.072817707061767578e+01
-2.607267141342163086e+00
-5.783468246459960938e+01
2.505084991455078125e+01
3.006096649169921875e+01
-5.737043457031250000e+02
-3.323705749511718750e+02
1.283048248291015625e+02
5.341053771972656250e+01
8.109379768371582031e+00
7.154055023193359375e+01
-2.615943717956542969e+01
-1.499123477935791016e+01
3.004966974258422852e-01
-4.672247695922851562e+01
5.717070007324218750e+01
6.219373703002929688e+01
-5.100920104980468750e+02
-4.288066101074218750e+02
1.078334960937500000e+02
9.042981719970703125e+01
2.698545265197753906e+01
5.272735595703125000e+01
-1.838027572631835938e+01
-1.396006965637207031e+01
-8.978291511535644531e+00
-3.452774047851562500e+01
4.815441894531250000e+01
7.171614837646484375e+01
-5.155509643554687500e+02
-4.246657409667968750e+02
1.106800231933593750e+02
8.991567993164062500e+01
2.734621620178222656e+01
5.414055633544921875e+01
-1.992455482482910156e+01
-1.482820606231689453e+01
-7.018949508666992188e+00
-3.350851440429687500e+01
2.252519035339355469e+01
3.057952117919921875e+01
-5.827560424804687500e+02
-3.308495788574218750e+02
1.319866790771484375e+02
5.591801834106445312e+01
8.636393547058105469e+00
7.513768005371093750e+01
-2.864253425598144531e+01
-1.893281555175781250e+01
-2.269923985004425049e-01
-4.696773147583007812e+01
-1.549933013916015625e+02
-6.320085449218750000e+02
-2.603064346313476562e+01
-2.463415527343750000e+02
1.274663391113281250e+02
3.350112152099609375e+01
-3.370516896247863770e-01
8.317236328125000000e+01
-3.095033645629882812e+01
6.912008762359619141e+00
-3.999712467193603516e+00
-5.909709167480468750e+01
-8.074187622070312500e+02
-1.899581298828125000e+02
-1.680212554931640625e+02
-8.737985992431640625e+01
1.273903808593750000e+02
-3.610728740692138672e+00
-2.546029329299926758e+00
8.041621398925781250e+01
-3.576970291137695312e+01
2.633023643493652344e+01
1.150028419494628906e+01
-7.569268035888671875e+01
-1.184487792968750000e+03
-8.338162231445312500e+01
-2.572642211914062500e+02
1.539690971374511719e+01
1.809432220458984375e+01
1.279313278198242188e+01
-1.626658558845520020e+00
-4.190737533569335938e+01
5.573495101928710938e+01
-1.053044795989990234e+01
-6.005471229553222656e+00
-2.121845436096191406e+01
-9.728281250000000000e+02
-1.162473907470703125e+02
-2.390974121093750000e+02
1.903852701187133789e+00
2.491614913940429688e+01
1.960171127319335938e+01
2.794984817504882812e+00
-4.633180999755859375e+01
6.683840179443359375e+01
-2.346021270751953125e+01
7.392330646514892578e+00
-1.198695182800292969e+01
-3.775632324218750000e+02
-3.123384399414062500e+02
-1.067634048461914062e+02
-8.063402557373046875e+01
2.435556030273437500e+01
3.407449340820312500e+01
1.283757400512695312e+01
-5.303199005126953125e+01
7.382048034667968750e+01
-3.062377738952636719e+01
4.621596813201904297e+00
7.210793495178222656e+00
6.142966842651367188e+01
-6.941399536132812500e+02
7.120771789550781250e+01
-3.071137695312500000e+02
3.083860588073730469e+01
2.823039245605468750e+01
2.883596992492675781e+01
6.756819152832031250e+01
-5.233386230468750000e+01
-3.657249832153320312e+01
1.125916671752929688e+01
9.827583312988281250e+00
7.087109375000000000e+01
8.991052246093750000e+01
-5.790036621093750000e+02
-4.072392883300781250e+02
2.892810058593750000e+01
3.050982093811035156e+01
5.453627395629882812e+01
5.958617019653320312e+01
-5.085521697998046875e+01
-3.775093078613281250e+01
-3.156939029693603516e+00
5.779592990875244141e+00
6.397320556640625000e+01
9.720963287353515625e+01
-5.757913208007812500e+02
-4.078684692382812500e+02
3.236292648315429688e+01
3.094022369384765625e+01
5.524841690063476562e+01
5.745088958740234375e+01
-5.192522811889648438e+01
-3.778350830078125000e+01
2.400563806295394897e-01
5.410221099853515625e+00
6.601159667968750000e+01
-6.853369140625000000e+02
7.284732055664062500e+01
-3.128119506835937500e+02
3.505178833007812500e+01
3.095066642761230469e+01
2.843026733398437500e+01
6.735871887207031250e+01
-5.389429473876953125e+01
-4.005520248413085938e+01
8.007983207702636719e+00
9.890742301940917969e+00
-3.853074645996093750e+02
-3.040773010253906250e+02
-1.103496704101562500e+02
-9.094377136230468750e+01
2.652119255065917969e+01
3.730768966674804688e+01
1.289900302886962891e+01
-5.488254928588867188e+01
7.541195678710937500e+01
-3.310630416870117188e+01
-3.654163479804992676e-01
4.017447471618652344e+00
-9.887974853515625000e+02
-1.154360198974609375e+02
-2.379481811523437500e+02
-1.950424313545227051e+00
2.405078315734863281e+01
1.959801292419433594e+01
2.516311168670654297e+00
-4.750516891479492188e+01
6.814948272705078125e+01
-2.483717346191406250e+01
4.910908699035644531e+00
-7.739282131195068359e+00
-3.119046936035156250e+02
-4.285376892089843750e+02
-8.561996459960937500e+01
5.573772430419921875e+01
-2.009302825927734375e+02
6.222752928733825684e-01
-3.151302099227905273e+00
2.345510482788085938e+00
-1.403249645233154297e+01
-5.627122497558593750e+01
2.194904136657714844e+01
6.681642150878906250e+01
-2.905015869140625000e+02
-4.266737365722656250e+02
-8.539505767822265625e+01
5.620056533813476562e+01
-2.018081207275390625e+02
-1.855233955383300781e+01
-4.422493934631347656e+00
6.089475750923156738e-01
-1.577375221252441406e+01
-4.376635742187500000e+01
2.480607414245605469e+01
7.264268493652343750e+01
-2.274004364013671875e+02
-3.252738647460937500e+02
-8.704857635498046875e+01
6.345038986206054688e+01
-2.086956634521484375e+02
-6.198182296752929688e+01
1.270909428596496582e+00
-2.809102296829223633e+00
-1.269132709503173828e+01
-2.861092948913574219e+01
3.478063964843750000e+01
7.792092895507812500e+01
-1.458592376708984375e+02
-1.903700866699218750e+02
-9.676116180419921875e+01
6.233685302734375000e+01
-2.105157928466796875e+02
-1.195628433227539062e+02
5.019379615783691406e+00
-4.505460262298583984e+00
-1.031573772430419922e+01
-1.525131893157958984e+01
5.109638595581054688e+01
7.996215057373046875e+01
-2.844792175292968750e+01
-1.538622283935546875e+02
2.821125030517578125e+01
-1.216660614013671875e+02
-1.943061065673828125e+02
-1.728731079101562500e+02
-4.267879486083984375e+00
-2.253897428512573242e+00
2.891636610031127930e+00
-3.559461116790771484e+00
5.959878540039062500e+01
7.076909637451171875e+01
-3.033654212951660156e+01
-1.567341003417968750e+02
3.216609191894531250e+01
-1.191874847412109375e+02
-1.980520172119140625e+02
-1.663213195800781250e+02
-2.041181564331054688e+00
-5.158230781555175781e+00
2.597584009170532227e+00
-6.193978786468505859e+00
6.116365051269531250e+01
6.823497772216796875e+01
-1.384381408691406250e+02
-1.874047088623046875e+02
-9.502842712402343750e+01
5.481311798095703125e+01
-2.078152008056640625e+02
-1.145140304565429688e+02
3.641268253326416016e+00
-2.696574687957763672e+00
-1.177148532867431641e+01
-1.773556518554687500e+01
5.188772583007812500e+01
7.777201843261718750e+01
-2.339833374023437500e+02
-3.099662475585937500e+02
-8.568111419677734375e+01
6.185837173461914062e+01
-2.037658843994140625e+02
-5.857180023193359375e+01
-7.239318639039993286e-02
-8.134981989860534668e-01
-1.311208629608154297e+01
-2.820093345642089844e+01
2.988354301452636719e+01
7.650044250488281250e+01
-2.900861206054687500e+02
-4.153929748535156250e+02
-8.460784912109375000e+01
5.574635696411132812e+01
-2.044569549560546875e+02
-1.647012519836425781e+01
-5.397752285003662109e+00
2.057938814163208008e+00
-1.587924003601074219e+01
-4.106212615966796875e+01
2.028107833862304688e+01
7.164709472656250000e+01
9.635025634765625000e+02
-3.797219238281250000e+02
1.237154693603515625e+02
-1.597210388183593750e+02
-5.235570907592773438e+01
-9.260141372680664062e+00
4.695100784301757812e+00
2.828463172912597656e+01
-6.288055419921875000e+01
-9.821805953979492188e+00
2.024620437622070312e+01
1.092091827392578125e+02
6.906781005859375000e+02
-3.064249572753906250e+02
1.228005218505859375e+02
2.351798057556152344e+01
-2.228130493164062500e+02
-4.455112838745117188e+01
-2.953829765319824219e+00
1.974936485290527344e+01
-5.703282165527343750e+01
2.191930860280990601e-01
2.237740516662597656e+01
1.079918441772460938e+02
-2.219401550292968750e+02
3.957510681152343750e+02
1.351574554443359375e+02
3.134401130676269531e+01
-2.761464233398437500e+02
-9.980536651611328125e+01
-1.355660152435302734e+01
1.072614765167236328e+01
-4.232162094116210938e+01
5.290699958801269531e+00
2.976434898376464844e+01
9.131736755371093750e+01
-2.450659332275390625e+02
4.845714721679687500e+02
1.289616699218750000e+02
6.488531494140625000e+01
-2.699109497070312500e+02
-1.699629364013671875e+02
-3.574953460693359375e+01
-2.497301292419433594e+01
1.578386592864990234e+01
9.025197982788085938e+00
4.164310073852539062e+01
7.498134613037109375e+01
-1.171956787109375000e+02
5.512564849853515625e+01
2.040174713134765625e+02
2.616024169921875000e+02
-2.569490051269531250e+02
-2.197572784423828125e+02
-5.445585250854492188e+01
-4.024926376342773438e+01
3.339424514770507812e+01
1.845049285888671875e+01
5.765343093872070312e+01
6.817118072509765625e+01
-1.159330673217773438e+02
6.197600173950195312e+01
1.973391113281250000e+02
2.646842651367187500e+02
-2.560020141601562500e+02
-2.192046051025390625e+02
-5.030571746826171875e+01
-4.344108963012695312e+01
3.247485733032226562e+01
1.456986808776855469e+01
6.101216888427734375e+01
6.419962310791015625e+01
-2.385380554199218750e+02
4.864139099121093750e+02
1.271407470703125000e+02
6.107856750488281250e+01
-2.634997863769531250e+02
-1.680129241943359375e+02
-2.960569763183593750e+01
-2.253569984436035156e+01
1.601054954528808594e+01
1.410824656486511230e+00
4.316137313842773438e+01
7.120777893066406250e+01
-2.160566253662109375e+02
3.920668945312500000e+02
1.357337646484375000e+02
2.938362121582031250e+01
-2.690129089355468750e+02
-9.931246185302734375e+01
-9.359029769897460938e+00
1.479083251953125000e+01
-3.853366088867187500e+01
-2.111072778701782227e+00
2.890805435180664062e+01
8.788659667968750000e+01
6.935129394531250000e+02
-2.921624145507812500e+02
1.223044891357421875e+02
2.343431663513183594e+01
-2.229383697509765625e+02
-4.258541870117187500e+01
-2.159511804580688477e+00
2.348861503601074219e+01
-5.212690734863281250e+01
-3.220169782638549805e+00
2.132986831665039062e+01
1.051026840209960938e+02
3.049124145507812500e+02
3.288640136718750000e+02
1.265111694335937500e+02
-1.741550903320312500e+02
-1.166029834747314453e+01
-1.744544410705566406e+01
1.148717308044433594e+01
-2.996714973449707031e+01
5.022352218627929688e+01
-1.433033657073974609e+01
6.597968101501464844e+00
6.972006225585937500e+01
-7.973936462402343750e+01
6.808826293945312500e+02
1.348417968750000000e+02
-1.472767944335937500e+02
-3.066186332702636719e+01
-3.687062454223632812e+01
3.811842679977416992e+00
-3.267048263549804688e+01
3.717766952514648438e+01
-6.707983016967773438e+00
1.220808982849121094e+01
6.846816253662109375e+01
-1.681542968750000000e+02
5.770742797851562500e+02
1.682839355468750000e+02
-7.908005237579345703e+00
-1.904582214355468750e+02
-7.088544464111328125e+01
-5.654925346374511719e+00
-3.756196975708007812e+01
1.381709289550781250e+01
-1.406821250915527344e+00
2.709204483032226562e+01
5.940156555175781250e+01
-1.289268188476562500e+02
4.082116394042968750e+02
1.462158660888671875e+02
4.785712432861328125e+01
-2.177091217041015625e+02
-1.252435913085937500e+02
-1.672797203063964844e+01
-3.699850845336914062e+01
8.026203155517578125e+00
-5.986076354980468750e+00
2.532617378234863281e+01
4.218084716796875000e+01
-5.625676345825195312e+01
8.533584594726562500e+00
3.293616027832031250e+02
2.317879180908203125e+02
-1.954086303710937500e+02
-1.724438476562500000e+02
-3.640708541870117188e+01
-3.121052169799804688e+01
1.219667720794677734e+01
5.967495918273925781e+00
3.560247039794921875e+01
3.195183753967285156e+01
-5.433269500732421875e+01
1.328068828582763672e+01
3.280896911621093750e+02
2.312444152832031250e+02
-1.943657226562500000e+02
-1.718348846435546875e+02
-3.066637611389160156e+01
-3.638076782226562500e+01
1.360978126525878906e+01
1.676529049873352051e+00
3.871985626220703125e+01
2.715318107604980469e+01
-1.258803100585937500e+02
4.146243286132812500e+02
1.474502410888671875e+02
4.635797500610351562e+01
-2.156277465820312500e+02
-1.242464370727539062e+02
-1.085594081878662109e+01
-3.723326110839843750e+01
7.446185588836669922e+00
-1.296654510498046875e+01
2.546832466125488281e+01
3.890320205688476562e+01
-1.630577697753906250e+02
5.817581176757812500e+02
1.692990570068359375e+02
-1.066546058654785156e+01
-1.900106048583984375e+02
-6.760622406005859375e+01
-1.686155796051025391e+00
-3.158920097351074219e+01
1.171789550781250000e+01
-8.174861907958984375e+00
2.415985298156738281e+01
5.677630615234375000e+01
-8.093647766113281250e+01
6.778788452148437500e+02
1.330535736083984375e+02
-1.452010650634765625e+02
-3.104896736145019531e+01
-3.436207580566406250e+01
4.560611724853515625e+00
-2.451168823242187500e+01
3.492268753051757812e+01
-9.029298782348632812e+00
9.773669242858886719e+00
6.652006530761718750e+01
1.506562590599060059e+00
1.254039382934570312e+01
1.040882229804992676e+00
9.527043104171752930e-01
3.086747169494628906e+00
-2.209394216537475586e+00
4.591386020183563232e-01
-4.431946277618408203e+00
2.168593853712081909e-01
-7.255623340606689453e-01
5.273379683494567871e-01
1.483949542045593262e+00
-3.303039550781250000e+00
1.241558170318603516e+01
-1.018781900405883789e+00
1.493168234825134277e+00
7.377525568008422852e-01
-2.541648149490356445e+00
-7.168874144554138184e-01
-7.058293819427490234e+00
2.103666782379150391e+00
1.187405958771705627e-01
2.937232255935668945e+00
2.459475278854370117e+00
1.045109510421752930e+00
7.166830539703369141e+00
-3.669412434101104736e-01
4.300910830497741699e-01
-2.072776556015014648e+00
-2.118567228317260742e+00
-2.127166032791137695e+00
-4.677034378051757812e+00
2.950116634368896484e+00
2.860837221145629883e+00
3.206614971160888672e+00
3.450194120407104492e+00
-4.101409912109375000e+00
2.615752696990966797e+00
7.235980033874511719e-01
-8.987247943878173828e-01
-1.126399517059326172e+00
-2.427927732467651367e+00
-3.687765121459960938e+00
-3.245985269546508789e+00
1.587841749191284180e+00
3.597356319427490234e+00
-1.462117284536361694e-01
3.961644887924194336e+00
-1.290431618690490723e-01
1.690788626670837402e+00
3.432486653327941895e-01
3.527282953262329102e+00
-7.395758628845214844e-01
8.037174344062805176e-01
-3.876664161682128906e+00
-1.327803134918212891e+00
3.892132639884948730e-01
2.152977943420410156e+00
2.058189392089843750e+00
1.548776865005493164e+00
3.574064254760742188e+00
3.048000812530517578e+00
2.915331363677978516e+00
7.543754577636718750e-01
5.586705207824707031e-01
-3.309639543294906616e-02
2.757463753223419189e-01
-4.569842815399169922e+00
1.492565155029296875e+00
-1.021371006965637207e+00
4.840240955352783203e+00
-2.097329378128051758e+00
2.498970031738281250e+00
3.461760997772216797e+00
-1.571710586547851562e+00
-1.253913283348083496e+00
-5.047659277915954590e-01
-1.213110327720642090e+00
1.166193246841430664e+00
-2.639862537384033203e+00
2.033829689025878906e-01
-3.022103905677795410e-01
-1.845981031656265259e-01
2.094864845275878906e+00
7.506374835968017578e+00
9.322049140930175781e+00
9.618269652128219604e-02
-2.477919101715087891e+00
-1.407328963279724121e+00
7.700797319412231445e-01
8.578315973281860352e-01
5.204760432243347168e-01
-2.504935741424560547e+00
-4.033351838588714600e-01
-5.151458382606506348e-01
2.261956214904785156e+00
1.509190082550048828e+00
1.277028083801269531e+01
-1.215654611587524414e+00
8.983291983604431152e-01
-5.951658487319946289e-01
4.338313639163970947e-01
6.660216450691223145e-01
-1.328862905502319336e+00
-1.711495518684387207e+00
-1.878285408020019531e+00
-9.216576218605041504e-01
1.747601866722106934e+00
-2.906215209960937500e+02
-3.148385009765625000e+02
-1.225129241943359375e+02
1.750349731445312500e+02
1.583657836914062500e+01
1.342401599884033203e+01
-1.135612678527832031e+01
2.525217628479003906e+01
-4.971990966796875000e+01
1.632330131530761719e+01
-5.239815235137939453e+00
-6.336693954467773438e+01
7.432326507568359375e+01
-6.389046630859375000e+02
-1.282309265136718750e+02
1.479161224365234375e+02
3.475600051879882812e+01
3.052388572692871094e+01
-5.111549854278564453e+00
2.169643402099609375e+01
-3.341264343261718750e+01
9.268791198730468750e+00
-9.179476737976074219e+00
-6.147756576538085938e+01
1.735242919921875000e+02
-5.543626098632812500e+02
-1.619450378417968750e+02
9.130427360534667969e+00
1.919838562011718750e+02
6.005822372436523438e+01
1.881298303604125977e+00
2.980390167236328125e+01
-1.231937408447265625e+01
8.079044342041015625e+00
-2.352336883544921875e+01
-5.056161880493164062e+01
1.252128219604492188e+02
-4.034429321289062500e+02
-1.411654968261718750e+02
-4.415996551513671875e+01
2.116232910156250000e+02
1.160119476318359375e+02
1.062527179718017578e+01
3.315890884399414062e+01
-5.459736824035644531e+00
1.317638015747070312e+01
-2.491680717468261719e+01
-3.918826293945312500e+01
5.409263992309570312e+01
-7.657927513122558594e+00
-3.214193725585937500e+02
-2.289880828857421875e+02
1.956383056640625000e+02
1.691164093017578125e+02
3.232090377807617188e+01
3.190472793579101562e+01
-9.610007286071777344e+00
-1.439689397811889648e+00
-3.296856689453125000e+01
-2.773904991149902344e+01
5.884793472290039062e+01
-7.606849670410156250e+00
-3.325931396484375000e+02
-2.274704742431640625e+02
1.977611083984375000e+02
1.705935516357421875e+02
3.334391021728515625e+01
3.093159103393554688e+01
-8.141355514526367188e+00
-3.476337194442749023e+00
-3.091578102111816406e+01
-2.932436752319335938e+01
1.308714599609375000e+02
-4.063750305175781250e+02
-1.473439483642578125e+02
-4.650384140014648438e+01
2.147659454345703125e+02
1.231613388061523438e+02
1.419790554046630859e+01
3.532748794555664062e+01
-4.549849033355712891e+00
7.127353668212890625e+00
-2.331451034545898438e+01
-4.035873794555664062e+01
1.780250091552734375e+02
-5.616250610351562500e+02
-1.616596527099609375e+02
8.293433189392089844e+00
1.925812683105468750e+02
6.755832672119140625e+01
4.288154602050781250e+00
3.634834671020507812e+01
-1.359924221038818359e+01
2.953695058822631836e+00
-2.416353607177734375e+01
-5.255094146728515625e+01
7.810459899902343750e+01
-6.592113037109375000e+02
-1.293111724853515625e+02
1.472134399414062500e+02
3.605402374267578125e+01
3.488983535766601562e+01
-3.590758085250854492e+00
2.842914390563964844e+01
-3.568522262573242188e+01
8.135493278503417969e+00
-9.246529579162597656e+00
-6.243095397949218750e+01
-9.397569580078125000e+02
3.893305053710937500e+02
-1.127919235229492188e+02
1.644681549072265625e+02
5.822436523437500000e+01
4.544890403747558594e+00
-6.761433124542236328e+00
-2.054014778137207031e+01
6.523062896728515625e+01
1.354327487945556641e+01
-2.272857856750488281e+01
-1.097243652343750000e+02
-6.785331420898437500e+02
3.073074645996093750e+02
-1.213239135742187500e+02
-2.008561515808105469e+01
2.282111358642578125e+02
3.946655273437500000e+01
7.616143226623535156e-01
-1.346118545532226562e+01
5.775800704956054688e+01
1.077503585815429688e+01
-2.181271743774414062e+01
-1.048617095947265625e+02
2.149204101562500000e+02
-3.822919921875000000e+02
-1.383536224365234375e+02
-3.084100532531738281e+01
2.661235961914062500e+02
9.824794769287109375e+01
1.028409767150878906e+01
-1.226128578186035156e+01
3.813866806030273438e+01
6.006198883056640625e+00
-3.123598289489746094e+01
-9.095928955078125000e+01
2.434075775146484375e+02
-4.839825134277343750e+02
-1.267590103149414062e+02
-5.645349502563476562e+01
2.636940002441406250e+02
1.713784484863281250e+02
3.009709548950195312e+01
2.524362182617187500e+01
-1.842964935302734375e+01
1.654128670692443848e+00
-4.507235336303710938e+01
-7.427365112304687500e+01
1.184920272827148438e+02
-6.083537673950195312e+01
-1.967653045654296875e+02
-2.621797485351562500e+02
2.549520568847656250e+02
2.303184814453125000e+02
5.122600555419921875e+01
4.057727813720703125e+01
-3.408460617065429688e+01
-1.271065998077392578e+01
-5.942797851562500000e+01
-6.284729003906250000e+01
1.210631713867187500e+02
-5.699055099487304688e+01
-2.041996154785156250e+02
-2.608486938476562500e+02
2.641489868164062500e+02
2.243335876464843750e+02
5.082968139648437500e+01
4.007765960693359375e+01
-3.117096710205078125e+01
-1.610706710815429688e+01
-5.548599243164062500e+01
-6.452139282226562500e+01
2.459969940185546875e+02
-4.890054931640625000e+02
-1.236891479492187500e+02
-5.882789611816406250e+01
2.735462341308593750e+02
1.704337768554687500e+02
3.070108032226562500e+01
2.442838668823242188e+01
-1.174844646453857422e+01
-5.460875034332275391e+00
-4.006845474243164062e+01
-7.526979064941406250e+01
2.194636535644531250e+02
-3.888776855468750000e+02
-1.321323547363281250e+02
-2.902852249145507812e+01
2.739707031250000000e+02
1.006914062500000000e+02
1.055105590820312500e+01
-1.399165725708007812e+01
4.635518264770507812e+01
-1.729914426803588867e+00
-2.783258056640625000e+01
-9.171552276611328125e+01
-6.838411865234375000e+02
3.058082275390625000e+02
-1.185436248779296875e+02
-1.953592491149902344e+01
2.303027343750000000e+02
4.295796966552734375e+01
6.800068020820617676e-01
-1.783951759338378906e+01
6.338386917114257812e+01
5.920873641967773438e+00
-1.981466102600097656e+01
-1.060543823242187500e+02
2.945422973632812500e+02
4.318109130859375000e+02
8.568863677978515625e+01
-4.749698638916015625e+01
2.091658782958984375e+02
-1.392780691385269165e-01
5.572595596313476562e-01
-7.194741964340209961e-01
2.298289680480957031e+01
6.027742767333984375e+01
-2.286319351196289062e+01
-7.288814544677734375e+01
2.787733764648437500e+02
4.242485046386718750e+02
8.394430541992187500e+01
-5.309571838378906250e+01
2.070308990478515625e+02
1.654784965515136719e+01
3.492806911468505859e+00
7.750617265701293945e-01
2.238422775268554688e+01
4.232768630981445312e+01
-2.361366081237792969e+01
-7.414470672607421875e+01
2.258559265136718750e+02
3.201299743652343750e+02
8.574474334716796875e+01
-6.211621093750000000e+01
2.058281250000000000e+02
6.481556701660156250e+01
-2.560911655426025391e+00
4.934687614440917969e+00
2.015170097351074219e+01
2.893112182617187500e+01
-3.581561660766601562e+01
-7.517411804199218750e+01
1.464968109130859375e+02
1.852624053955078125e+02
9.820073699951171875e+01
-5.526007080078125000e+01
2.118472290039062500e+02
1.290683898925781250e+02
-3.577380657196044922e+00
4.744677066802978516e+00
1.823974227905273438e+01
1.612254142761230469e+01
-5.518652343750000000e+01
-7.542671966552734375e+01
3.330193328857421875e+01
1.541114807128906250e+02
-2.602626800537109375e+01
1.167728195190429688e+02
2.056860198974609375e+02
1.823122100830078125e+02
6.280408859252929688e+00
8.326690673828125000e+00
-3.421390533447265625e+00
3.878961801528930664e+00
-6.634078216552734375e+01
-6.181202316284179688e+01
3.537550354003906250e+01
1.506040802001953125e+02
-2.459972000122070312e+01
1.222877044677734375e+02
2.146825866699218750e+02
1.725192718505859375e+02
4.807474136352539062e+00
6.414249420166015625e+00
-2.104643106460571289e+00
2.923708915710449219e+00
-5.851281356811523438e+01
-7.018819427490234375e+01
1.478352355957031250e+02
1.817480010986328125e+02
1.061620559692382812e+02
-5.618820953369140625e+01
2.249574432373046875e+02
1.207967224121093750e+02
-3.792902708053588867e+00
4.580412864685058594e+00
1.585625839233398438e+01
1.570932197570800781e+01
-4.836510467529296875e+01
-8.064376068115234375e+01
2.154818267822265625e+02
3.206519775390625000e+02
9.284543609619140625e+01
-6.145067214965820312e+01
2.173087005615234375e+02
6.108624649047851562e+01
-4.980241298675537109e+00
5.046101093292236328e+00
1.683858489990234375e+01
2.688485717773437500e+01
-3.222303009033203125e+01
-7.780359649658203125e+01
2.700162963867187500e+02
4.230106201171875000e+02
8.762558746337890625e+01
-5.160562133789062500e+01
2.083142700195312500e+02
1.742869758605957031e+01
1.079943060874938965e+00
1.060656070709228516e+00
2.062700271606445312e+01
4.123640060424804688e+01
-2.261422538757324219e+01
-7.505023193359375000e+01
1.408743774414062500e+03
3.953997497558593750e+02
3.085152893066406250e+02
-5.876895141601562500e+01
1.378886718750000000e+02
-2.797747039794921875e+01
4.205729961395263672e+00
3.630474472045898438e+01
-3.602656555175781250e+01
6.134309005737304688e+01
-9.939313888549804688e+00
-5.720634460449218750e+01
1.169484497070312500e+03
4.171696472167968750e+02
3.043889770507812500e+02
-5.952328491210937500e+01
1.213155746459960938e+02
-2.908028030395507812e+01
1.598175406455993652e+00
3.862675476074218750e+01
-4.194652938842773438e+01
6.799963378906250000e+01
-2.436351203918457031e+01
-5.464385604858398438e+01
4.497838745117187500e+02
6.339669189453125000e+02
2.447647857666015625e+02
-2.134034156799316406e+01
1.310879364013671875e+02
-8.682059049606323242e-01
-1.141832923889160156e+01
3.039552497863769531e+01
-3.255223846435546875e+01
6.452707672119140625e+01
-2.104840660095214844e+01
-5.836120223999023438e+01
2.675829696655273438e+01
7.780978393554687500e+02
-4.040993881225585938e+01
2.926392517089843750e+02
1.268203582763671875e+02
4.459400177001953125e+01
-3.472778701782226562e+01
-3.779883956909179688e+01
3.959637451171875000e+01
4.863900756835937500e+01
-4.776786422729492188e+01
-7.315403747558593750e+01
-4.746244049072265625e+01
-9.860339355468750000e+01
6.371154785156250000e+02
4.960515136718750000e+02
1.075129928588867188e+02
8.429565429687500000e+01
-6.130530929565429688e+01
-5.097948837280273438e+01
5.418064880371093750e+01
4.328184127807617188e+01
-8.563717651367187500e+01
-8.245749664306640625e+01
-4.364447784423828125e+01
-9.851359558105468750e+01
6.319442138671875000e+02
4.997232360839843750e+02
1.127042236328125000e+02
8.122947692871093750e+01
-5.734990310668945312e+01
-5.649476242065429688e+01
5.498071289062500000e+01
4.311183166503906250e+01
-7.653553771972656250e+01
-9.447602081298828125e+01
2.668985366821289062e+01
7.792711791992187500e+02
-5.183726119995117188e+01
2.904299621582031250e+02
1.335417022705078125e+02
4.128831863403320312e+01
-3.593366622924804688e+01
-4.031847763061523438e+01
4.109365844726562500e+01
4.747227859497070312e+01
-3.931565093994140625e+01
-8.295235443115234375e+01
4.437654724121093750e+02
6.249462890625000000e+02
2.475260925292968750e+02
-2.327749252319335938e+01
1.389561614990234375e+02
-4.716808795928955078e+00
-1.436704063415527344e+01
3.540008926391601562e+01
-3.410623931884765625e+01
6.206793975830078125e+01
-1.730805397033691406e+01
-6.567531585693359375e+01
1.155380981445312500e+03
4.158158569335937500e+02
3.060521850585937500e+02
-6.135369873046875000e+01
1.249398651123046875e+02
-3.047603416442871094e+01
-9.540617465972900391e-01
4.200243377685546875e+01
-4.290247726440429688e+01
6.473841094970703125e+01
-2.366000556945800781e+01
-5.892750930786132812e+01
1.311502929687500000e+03
3.165693969726562500e+02
3.000466613769531250e+02
-1.890194511413574219e+01
6.292086410522460938e+01
-5.619053268432617188e+01
8.139423370361328125e+00
-3.740135192871093750e+01
5.261189270019531250e+01
-6.181749105453491211e-01
-1.135544490814208984e+01
-3.562741088867187500e+01
9.328039550781250000e+02
4.861247558593750000e+02
1.504951171875000000e+02
7.422022247314453125e+01
5.370670700073242188e+01
-4.766961288452148438e+01
8.301959991455078125e+00
-5.392393875122070312e+01
4.819992446899414062e+01
6.184542655944824219e+00
-1.447389125823974609e+01
-4.306531143188476562e+01
3.339106445312500000e+02
8.431139526367187500e+02
-4.785607528686523438e+01
2.986197204589843750e+02
4.950799560546875000e+01
-4.429904937744140625e+01
1.518622159957885742e+00
-7.473970794677734375e+01
5.466764831542968750e+01
1.168262004852294922e+01
-2.363387680053710938e+01
-4.871393966674804688e+01
8.693980407714843750e+01
-3.599570846557617188e+01
6.061458740234375000e+02
3.919221801757812500e+02
3.830938339233398438e+01
-4.345101165771484375e+01
-2.197096633911132812e+01
-7.054138946533203125e+01
5.077476882934570312e+01
2.460385322570800781e+01
-2.858803749084472656e+01
-6.518780517578125000e+01
-1.390265941619873047e+01
-9.549179077148437500e+01
5.824301147460937500e+02
4.954325561523437500e+02
1.316718006134033203e+01
-8.236115455627441406e+00
-5.217341613769531250e+01
-6.065465927124023438e+01
4.197727584838867188e+01
3.109899520874023438e+01
-3.593267822265625000e+01
-6.483567047119140625e+01
-2.084376525878906250e+01
-8.687107849121093750e+01
5.838300781250000000e+02
4.891661682128906250e+02
1.272183227539062500e+01
-8.915694236755371094e+00
-4.868185043334960938e+01
-6.273292922973632812e+01
4.087159347534179688e+01
3.227841186523437500e+01
-2.824028015136718750e+01
-7.439109802246093750e+01
8.409062194824218750e+01
-3.961808013916015625e+01
6.036497192382812500e+02
3.824137573242187500e+02
4.034671783447265625e+01
-4.348637771606445312e+01
-1.977624893188476562e+01
-6.899384307861328125e+01
4.923799133300781250e+01
2.556462860107421875e+01
-2.679640579223632812e+01
-7.637522888183593750e+01
3.272053527832031250e+02
8.371540527343750000e+02
-7.056333160400390625e+01
2.934631652832031250e+02
5.207010269165039062e+01
-4.598016738891601562e+01
2.137475728988647461e+00
-6.674878692626953125e+01
5.225642013549804688e+01
1.056803703308105469e+01
-2.476356506347656250e+01
-5.797308349609375000e+01
9.326340942382812500e+02
4.818919067382812500e+02
1.438309783935546875e+02
7.069174194335937500e+01
5.594438934326171875e+01
-4.912165451049804688e+01
8.001715660095214844e+00
-4.779421997070312500e+01
4.673070907592773438e+01
4.720384597778320312e+00
-1.677061843872070312e+01
-4.754243087768554688e+01
7.962174682617187500e+02
2.628836669921875000e+02
-3.840704345703125000e+01
1.613862304687500000e+02
-2.389435768127441406e+01
-5.641630935668945312e+01
1.367175960540771484e+01
-1.710416030883789062e+01
4.768659591674804688e+01
-5.411941528320312500e+01
-3.009359169006347656e+01
-4.914385795593261719e+00
3.595443115234375000e+02
5.940579833984375000e+02
-5.245141220092773438e+01
1.967676086425781250e+02
-1.948225975036621094e+01
-3.883082962036132812e+01
4.757363796234130859e+00
-3.513349151611328125e+01
4.241910934448242188e+01
-4.852890777587890625e+01
-3.052778244018554688e+01
-1.408254384994506836e+00
2.252978363037109375e+02
-8.993766784667968750e+01
6.022002563476562500e+02
2.484776458740234375e+02
-7.418699264526367188e+00
-4.824306869506835938e+01
1.395055007934570312e+01
-5.592044067382812500e+01
3.483021545410156250e+01
-5.689114379882812500e+01
-3.116790580749511719e+01
-7.266841888427734375e+00
1.008227767944335938e+02
-1.057098312377929688e+02
5.359016113281250000e+02
2.890314636230468750e+02
-2.380314445495605469e+01
-5.986273574829101562e+01
4.425758838653564453e+00
-4.632781219482421875e+01
2.236481666564941406e+01
-3.976660919189453125e+01
-2.981343841552734375e+01
-2.989766120910644531e+01
7.467931747436523438e+00
-8.276946258544921875e+01
4.373204650878906250e+02
3.534252319335937500e+02
-4.723167419433593750e+01
-5.406922912597656250e+01
-9.889124870300292969e+00
-4.235463714599609375e+01
-3.366211950778961182e-01
-1.791931343078613281e+01
-2.282752227783203125e+01
-2.364437866210937500e+01
-6.537618637084960938e+00
-7.039536285400390625e+01
4.429557189941406250e+02
3.422759399414062500e+02
-4.615921401977539062e+01
-5.564762496948242188e+01
-4.142509937286376953e+00
-4.717988204956054688e+01
-2.916490793228149414e+00
-1.495211601257324219e+01
-2.067081642150878906e+01
-3.118313407897949219e+01
9.714394378662109375e+01
-1.063458480834960938e+02
5.359846801757812500e+02
2.806224365234375000e+02
-2.533068084716796875e+01
-5.957770919799804688e+01
8.105864524841308594e+00
-4.610533905029296875e+01
2.003030014038085938e+01
-3.799101257324218750e+01
-3.042818641662597656e+01
-3.773238372802734375e+01
2.173593750000000000e+02
-1.068139495849609375e+02
6.000069580078125000e+02
2.453144531250000000e+02
-6.557677745819091797e+00
-4.710511779785156250e+01
1.808481788635253906e+01
-5.039141464233398438e+01
3.186018180847167969e+01
-5.923755645751953125e+01
-3.534577178955078125e+01
-1.401925659179687500e+01
3.604289855957031250e+02
5.878702392578125000e+02
-7.085706329345703125e+01
1.958022460937500000e+02
-1.769715690612792969e+01
-3.709959030151367188e+01
7.736474037170410156e+00
-3.029100418090820312e+01
4.010316085815429688e+01
-5.136588668823242188e+01
-3.427898025512695312e+01
-4.903285503387451172e+00
8.525006866455078125e+01
3.670779724121093750e+02
-4.394763565063476562e+01
1.372196197509765625e+01
-3.634851837158203125e+01
-1.806559562683105469e+01
3.216856002807617188e+01
-3.529543304443359375e+01
6.938911676406860352e-01
1.584777927398681641e+01
-3.016832733154296875e+01
4.594916820526123047e+00
1.259434661865234375e+02
1.208059692382812500e+02
4.919654846191406250e+01
5.652460861206054688e+01
-3.639867401123046875e+01
-7.092261791229248047e+00
3.214310836791992188e+01
-4.153079223632812500e+01
5.532365798950195312e+00
2.208263587951660156e+01
-2.869988441467285156e+01
-1.305999374389648438e+01
1.115502090454101562e+02
-6.718824005126953125e+01
2.776153259277343750e+02
8.079258728027343750e+01
-4.241238117218017578e+00
-1.346024703979492188e+01
2.224221420288085938e+01
-3.804979324340820312e+01
-1.351775932312011719e+01
1.176627635955810547e+00
-1.743201637268066406e+01
-5.933446884155273438e+00
5.488890457153320312e+01
-6.060349655151367188e+01
2.265012969970703125e+02
1.169164505004882812e+02
-2.430928993225097656e+01
-2.506679534912109375e+01
1.147822761535644531e+01
-2.617829322814941406e+01
-3.011103439331054688e+01
-1.715537261962890625e+01
-1.149366760253906250e+01
-6.487923145294189453e+00
9.040311813354492188e+00
-4.053775405883789062e+01
1.760470275878906250e+02
1.448742370605468750e+02
-3.251371765136718750e+01
-3.216286087036132812e+01
2.135190010070800781e+01
2.772230625152587891e+00
-2.450079917907714844e+01
-2.055682754516601562e+01
-5.253846645355224609e+00
-2.609795331954956055e+00
5.167502403259277344e+00
-3.298816299438476562e+01
1.784683074951171875e+02
1.422199096679687500e+02
-3.183163642883300781e+01
-3.080038261413574219e+01
2.793932151794433594e+01
-4.676926136016845703e+00
-2.202108383178710938e+01
-2.357159233093261719e+01
-4.261438846588134766e+00
-3.127586364746093750e+00
5.707950973510742188e+01
-5.949640274047851562e+01
2.290293884277343750e+02
1.175917205810546875e+02
-2.087799835205078125e+01
-2.253077125549316406e+01
1.827426338195800781e+01
-3.011345481872558594e+01
-2.906410026550292969e+01
-2.085813713073730469e+01
-1.192044353485107422e+01
-7.303543567657470703e+00
1.103798675537109375e+02
-7.343061065673828125e+01
2.835517272949218750e+02
8.425814056396484375e+01
-4.990855216979980469e+00
-9.530906677246093750e+00
3.189720153808593750e+01
-3.686829757690429688e+01
-1.566787242889404297e+01
-2.097647666931152344e+00
-1.855134582519531250e+01
-8.408458709716796875e+00
1.244385147094726562e+02
1.167644271850585938e+02
4.836094284057617188e+01
5.629952239990234375e+01
-3.866218185424804688e+01
-3.537212610244750977e+00
3.774969100952148438e+01
-3.893674468994140625e+01
4.308803558349609375e+00
1.898599815368652344e+01
-3.019333648681640625e+01
-1.709742546081542969e+01
-8.331956481933593750e+01
-3.703659057617187500e+02
4.663375091552734375e+01
-1.046572113037109375e+01
3.416234970092773438e+01
1.770425033569335938e+01
-3.336130523681640625e+01
3.555035018920898438e+01
-3.373337984085083008e+00
-1.747022819519042969e+01
2.996044731140136719e+01
-1.180589008331298828e+01
-1.262107772827148438e+02
-1.109220809936523438e+02
-4.968768692016601562e+01
-4.956696701049804688e+01
4.284961318969726562e+01
3.442066669464111328e+00
-3.703847122192382812e+01
4.243468856811523438e+01
-8.207508087158203125e+00
-2.055977249145507812e+01
2.965995216369628906e+01
1.082365322113037109e+01
-1.159599533081054688e+02
7.790282440185546875e+01
-2.884440002441406250e+02
-8.571430969238281250e+01
2.480978488922119141e+00
8.406162261962890625e+00
-3.167826461791992188e+01
3.962959671020507812e+01
1.348964118957519531e+01
5.909029483795166016e+00
1.787352943420410156e+01
8.562200546264648438e+00
-6.015605163574218750e+01
5.939390182495117188e+01
-2.342095794677734375e+02
-1.286922454833984375e+02
2.170895385742187500e+01
2.076176643371582031e+01
-1.975929450988769531e+01
2.645721244812011719e+01
2.599141502380371094e+01
1.929394531250000000e+01
9.649189949035644531e+00
2.678560256958007812e+00
-8.006237983703613281e+00
3.431903839111328125e+01
-1.894878387451171875e+02
-1.499355010986328125e+02
3.508384704589843750e+01
3.225683593750000000e+01
-3.237239456176757812e+01
3.507196426391601562e+00
2.131616973876953125e+01
1.962134933471679688e+01
2.089355707168579102e+00
7.102904319763183594e+00
-9.365749359130859375e+00
4.117291259765625000e+01
-1.876781005859375000e+02
-1.491285095214843750e+02
3.887650680541992188e+01
2.784729003906250000e+01
-2.317809104919433594e+01
-2.760114908218383789e+00
1.962734794616699219e+01
1.833128738403320312e+01
5.179213523864746094e+00
5.721893310546875000e+00
-5.183777618408203125e+01
5.954160690307617188e+01
-2.272379455566406250e+02
-1.266998443603515625e+02
2.831791305541992188e+01
2.150145912170410156e+01
-7.285780429840087891e+00
2.272357940673828125e+01
2.128596305847167969e+01
1.176719093322753906e+01
1.204819583892822266e+01
1.814297556877136230e+00
-1.098631057739257812e+02
6.549906158447265625e+01
-2.783752136230468750e+02
-8.399565887451171875e+01
2.878153085708618164e+00
1.600394821166992188e+01
-1.992259216308593750e+01
3.702361297607421875e+01
8.543960571289062500e+00
-9.531486630439758301e-01
1.957938194274902344e+01
7.115018367767333984e+00
-1.235974960327148438e+02
-1.200896377563476562e+02
-5.073987197875976562e+01
-5.080193710327148438e+01
4.080605316162109375e+01
7.114805221557617188e+00
-3.172159194946289062e+01
4.144807815551757812e+01
-9.593247413635253906e+00
-2.450931549072265625e+01
2.925254249572753906e+01
1.098522090911865234e+01
-7.771335449218750000e+02
-2.561817321777343750e+02
4.535643005371093750e+01
-1.546980133056640625e+02
1.978870582580566406e+01
4.841832733154296875e+01
-1.146906757354736328e+01
1.309680461883544922e+01
-4.161780548095703125e+01
5.392056655883789062e+01
2.923975181579589844e+01
6.397407531738281250e+00
-3.582132263183593750e+02
-5.947734375000000000e+02
7.996044158935546875e+01
-1.927931365966796875e+02
1.892722892761230469e+01
3.024413490295410156e+01
-6.813067436218261719e+00
3.168613243103027344e+01
-3.563020324707031250e+01
5.328643798828125000e+01
3.325202560424804688e+01
5.107056140899658203e+00
-2.114615783691406250e+02
1.141441192626953125e+02
-6.000682983398437500e+02
-2.451243438720703125e+02
1.801014661788940430e+00
4.672428894042968750e+01
-1.881313705444335938e+01
5.388586807250976562e+01
-2.681349372863769531e+01
5.840267562866210938e+01
3.447599029541015625e+01
1.516462898254394531e+01
-9.293283081054687500e+01
1.117936325073242188e+02
-5.280446777343750000e+02
-2.868884887695312500e+02
1.484549427032470703e+01
5.644044113159179688e+01
-1.112156677246093750e+01
4.609175872802734375e+01
-1.802930831909179688e+01
3.682360458374023438e+01
2.648128318786621094e+01
4.348185348510742188e+01
7.205419540405273438e+00
7.766750335693359375e+01
-4.376049194335937500e+02
-3.534040527343750000e+02
4.296388244628906250e+01
4.780053329467773438e+01
3.531166076660156250e+00
4.169459915161132812e+01
5.947048664093017578e+00
1.322847557067871094e+01
2.394120597839355469e+01
2.948128128051757812e+01
-1.863524794578552246e+00
9.086756896972656250e+01
-4.392285461425781250e+02
-3.456041259765625000e+02
4.441025924682617188e+01
5.016800689697265625e+01
4.101842880249023438e+00
4.188557052612304688e+01
-1.051196083426475525e-01
1.931797027587890625e+01
2.668354797363281250e+01
2.557003974914550781e+01
-9.236128997802734375e+01
1.119893722534179688e+02
-5.288103027343750000e+02
-2.801840515136718750e+02
2.012004470825195312e+01
6.086210632324218750e+01
-9.852160453796386719e+00
4.667315673828125000e+01
-2.673136901855468750e+01
3.850132751464843750e+01
2.670094108581542969e+01
4.000593185424804688e+01
-2.146913757324218750e+02
9.687373352050781250e+01
-5.957576293945312500e+02
-2.372070617675781250e+02
4.393523216247558594e+00
4.895193481445312500e+01
-1.709017944335937500e+01
5.479965591430664062e+01
-3.512202835083007812e+01
5.692945480346679688e+01
3.239859008789062500e+01
1.311621093750000000e+01
-3.608457641601562500e+02
-5.889874267578125000e+02
6.019982910156250000e+01
-1.885026092529296875e+02
2.249427413940429688e+01
3.211594390869140625e+01
-5.345068454742431641e+00
3.290571212768554688e+01
-4.027199935913085938e+01
5.205369186401367188e+01
3.179218673706054688e+01
5.199246406555175781e+00
-1.332997680664062500e+03
-3.145142211914062500e+02
-2.990956726074218750e+02
2.634915924072265625e+01
-6.509902954101562500e+01
5.025522613525390625e+01
-5.953534126281738281e+00
3.767829513549804688e+01
-4.045209503173828125e+01
1.625400424003601074e+00
1.388149261474609375e+01
3.326232147216796875e+01
-9.175924072265625000e+02
-4.786365051269531250e+02
-1.427053222656250000e+02
-6.777226257324218750e+01
-5.405229187011718750e+01
4.493424224853515625e+01
-5.125482082366943359e+00
4.960976409912109375e+01
-3.655426788330078125e+01
-6.753738522529602051e-01
1.901141166687011719e+01
4.479710769653320312e+01
-3.220633239746093750e+02
-8.286525268554687500e+02
6.846913909912109375e+01
-2.908641662597656250e+02
-5.409752273559570312e+01
3.772235107421875000e+01
8.368628025054931641e-01
6.972467041015625000e+01
-4.059042739868164062e+01
-9.496339797973632812e+00
2.854129219055175781e+01
5.580480194091796875e+01
-7.567639160156250000e+01
4.189613342285156250e+01
-6.014834594726562500e+02
-3.929240112304687500e+02
-4.089258956909179688e+01
4.042051696777343750e+01
2.275215530395507812e+01
6.664965057373046875e+01
-4.100939941406250000e+01
-2.071124267578125000e+01
3.109682846069335938e+01
7.071955108642578125e+01
2.875891685485839844e+01
9.304380035400390625e+01
-5.812394409179687500e+02
-4.975466308593750000e+02
-2.063912200927734375e+01
4.508279323577880859e+00
4.958310317993164062e+01
5.252409362792968750e+01
-3.335081863403320312e+01
-2.900739860534667969e+01
2.870306777954101562e+01
7.198884582519531250e+01
1.572101974487304688e+01
1.072598419189453125e+02
-5.865014038085937500e+02
-4.895552062988281250e+02
-1.694635391235351562e+01
4.320294380187988281e+00
4.417992401123046875e+01
5.689753723144531250e+01
-3.938428878784179688e+01
-2.556593894958496094e+01
2.747225189208984375e+01
7.071917724609375000e+01
-8.397643280029296875e+01
4.217047500610351562e+01
-5.897576904296875000e+02
-3.869214782714843750e+02
-3.608261871337890625e+01
4.069119644165039062e+01
1.785565567016601562e+01
7.024058532714843750e+01
-5.036703109741210938e+01
-2.295283126831054688e+01
2.957739067077636719e+01
6.871437072753906250e+01
-3.372474060058593750e+02
-8.298725585937500000e+02
5.683298110961914062e+01
-2.884508666992187500e+02
-4.916242980957031250e+01
3.989152908325195312e+01
-3.247764825820922852e+00
7.518774414062500000e+01
-5.303457260131835938e+01
-1.249887847900390625e+01
2.725046730041503906e+01
5.462665176391601562e+01
-9.582952270507812500e+02
-4.684880981445312500e+02
-1.437520294189453125e+02
-6.583762359619140625e+01
-5.058148193359375000e+01
4.437883758544921875e+01
-8.065257072448730469e+00
5.404470062255859375e+01
-4.444013214111328125e+01
-1.142257571220397949e+00
1.696144294738769531e+01
4.838409805297851562e+01
-1.444361816406250000e+03
-3.992176818847656250e+02
-3.111344909667968750e+02
6.819994354248046875e+01
-1.354030914306640625e+02
2.914330291748046875e+01
-6.224529266357421875e+00
-2.987853813171386719e+01
4.385256195068359375e+01
-5.824781799316406250e+01
1.196755886077880859e+01
5.294448089599609375e+01
-1.158254638671875000e+03
-4.218269653320312500e+02
-3.087593078613281250e+02
6.272092437744140625e+01
-1.184729080200195312e+02
2.972886848449707031e+01
-3.991234898567199707e-01
-3.821489334106445312e+01
5.211122894287109375e+01
-6.361366271972656250e+01
2.656779479980468750e+01
4.956201171875000000e+01
-4.481103820800781250e+02
-6.432833862304687500e+02
-2.447821197509765625e+02
2.845234107971191406e+01
-1.363819732666015625e+02
4.730797767639160156e+00
1.370545959472656250e+01
-3.134571456909179688e+01
4.516389846801757812e+01
-6.446967315673828125e+01
2.107632637023925781e+01
5.496323394775390625e+01
-2.562235832214355469e+01
-7.862370605468750000e+02
5.079280090332031250e+01
-2.862815856933593750e+02
-1.272218093872070312e+02
-4.173764038085937500e+01
3.792209243774414062e+01
4.235467147827148438e+01
-3.337233734130859375e+01
-4.751756668090820312e+01
3.713273620605468750e+01
7.554688262939453125e+01
5.325245666503906250e+01
9.705320739746093750e+01
-6.408074951171875000e+02
-4.883699340820312500e+02
-1.061121597290039062e+02
-7.960572814941406250e+01
5.860408782958984375e+01
5.019406509399414062e+01
-4.871484375000000000e+01
-4.106561279296875000e+01
7.880146026611328125e+01
8.662554931640625000e+01
4.667011642456054688e+01
1.065191574096679688e+02
-6.305761718750000000e+02
-4.904178466796875000e+02
-1.060238037109375000e+02
-7.553398895263671875e+01
5.532059860229492188e+01
5.226297760009765625e+01
-4.995112991333007812e+01
-4.039400863647460938e+01
7.814669799804687500e+01
8.688467407226562500e+01
-3.079277038574218750e+01
-7.837062988281250000e+02
5.750715637207031250e+01
-2.938784179687500000e+02
-1.207945327758789062e+02
-3.698709487915039062e+01
3.177988052368164062e+01
4.449303817749023438e+01
-3.660142517089843750e+01
-4.480373001098632812e+01
3.433977127075195312e+01
7.671792602539062500e+01
-4.716207580566406250e+02
-6.191956176757812500e+02
-2.380091247558593750e+02
2.484840202331542969e+01
-1.307212524414062500e+02
8.114384651184082031e+00
7.942591190338134766e+00
-2.433428001403808594e+01
3.300621795654296875e+01
-6.245580291748046875e+01
1.325513172149658203e+01
5.798712921142578125e+01
-1.195588867187500000e+03
-4.137138671875000000e+02
-3.051226501464843750e+02
6.371398162841796875e+01
-1.176288299560546875e+02
3.128790664672851562e+01
-3.877865076065063477e+00
-3.558140563964843750e+01
4.432268905639648438e+01
-6.255290603637695312e+01
2.098478698730468750e+01
5.102060699462890625e+01
-6.455607299804687500e+02
-6.023910522460937500e+02
-1.372308197021484375e+02
-2.533092651367187500e+02
-3.823133468627929688e+01
-2.176384687423706055e+00
-2.901790618896484375e+00
-4.906707257032394409e-02
-1.481423568725585938e+01
8.141633033752441406e+00
2.070903968811035156e+01
1.057797393798828125e+02
-5.610014038085937500e+02
-5.863565673828125000e+02
-1.398759460449218750e+02
-2.035264739990234375e+02
-4.627285003662109375e+01
-3.888352966308593750e+01
-8.022669792175292969e+00
-6.108393192291259766e+00
-1.348239994049072266e+01
5.283918380737304688e+00
3.108273506164550781e+01
1.049911346435546875e+02
-4.000888671875000000e+02
-5.200805053710937500e+02
-1.465476226806640625e+02
2.142094230651855469e+01
-2.560208740234375000e+02
-1.069208374023437500e+02
1.780260801315307617e+00
-1.049787139892578125e+01
-1.632007598876953125e+01
1.743988156318664551e+00
4.742955780029296875e+01
1.021117477416992188e+02
-1.911990966796875000e+02
-3.124224243164062500e+02
-1.711186370849609375e+02
3.474671554565429688e+01
-2.898462829589843750e+02
-1.924796447753906250e+02
8.695426940917968750e+00
-1.420703411102294922e+01
-1.488811779022216797e+01
7.629394531250000000e-01
5.049722290039062500e+01
9.572339630126953125e+01
-3.125717926025390625e+01
-2.677641601562500000e+02
-2.167431640625000000e+02
1.493652725219726562e+01
-2.742213745117187500e+02
-2.478400878906250000e+02
-1.371644020080566406e+01
-1.405615139007568359e+01
3.013237476348876953e+00
5.149605751037597656e+00
5.688599777221679688e+01
8.060392761230468750e+01
-3.366009902954101562e+01
-2.710108947753906250e+02
-2.140518646240234375e+02
1.103421783447265625e+01
-2.719292297363281250e+02
-2.448439025878906250e+02
-1.342597293853759766e+01
-1.414428710937500000e+01
5.346039772033691406e+00
2.560350596904754639e-01
5.775648498535156250e+01
7.982429504394531250e+01
-1.897873687744140625e+02
-3.127763366699218750e+02
-1.681226043701171875e+02
3.351165390014648438e+01
-2.840879821777343750e+02
-1.879576873779296875e+02
9.749199867248535156e+00
-1.230314445495605469e+01
-1.507139396667480469e+01
-6.707279682159423828e+00
4.972593688964843750e+01
9.464067077636718750e+01
-4.063873291015625000e+02
-5.068786315917968750e+02
-1.463620452880859375e+02
2.645861625671386719e+01
-2.540183715820312500e+02
-1.014625930786132812e+02
3.680024147033691406e+00
-8.857234001159667969e+00
-1.652624320983886719e+01
-4.535200119018554688e+00
4.588856887817382812e+01
1.018337707519531250e+02
-5.620095825195312500e+02
-5.737178344726562500e+02
-1.403599090576171875e+02
-1.999296875000000000e+02
-4.396035766601562500e+01
-3.506412506103515625e+01
-7.038786888122558594e+00
-5.849608421325683594e+00
-1.366270065307617188e+01
2.563078165054321289e+00
3.025464439392089844e+01
1.042271118164062500e+02
8.627192382812500000e+02
-4.704177856445312500e+02
6.402369689941406250e+01
-2.821214599609375000e+02
-1.108858184814453125e+02
-7.561516284942626953e+00
4.307132065296173096e-01
9.549200057983398438e+00
-3.838688278198242188e+01
2.819699668884277344e+01
3.500401735305786133e+00
7.468659210205078125e+01
2.948061218261718750e+02
-1.842769165039062500e+02
7.534346771240234375e+01
-2.724141845703125000e+02
-6.775598907470703125e+01
-2.516860389709472656e+01
-1.024226474761962891e+01
1.456277465820312500e+01
-3.509183883666992188e+01
2.364049339294433594e+01
2.027149772644042969e+01
7.313179016113281250e+01
-4.409652709960937500e+02
4.832685241699218750e+02
1.066498565673828125e+02
-3.643288421630859375e+01
-2.417097015380859375e+02
-7.892092132568359375e+01
-1.956635665893554688e+01
1.536218833923339844e+01
-2.925095939636230469e+01
2.235878944396972656e+01
3.240447998046875000e+01
6.680157470703125000e+01
-2.786863403320312500e+02
3.729620666503906250e+02
1.399344940185546875e+02
-1.992658615112304688e+01
-2.484553375244140625e+02
-1.594473419189453125e+02
-3.430019378662109375e+01
-1.449741363525390625e+01
7.715957641601562500e+00
1.204092311859130859e+01
3.373399353027343750e+01
5.873796463012695312e+01
-1.064454269409179688e+02
1.858114166259765625e+02
1.505518341064453125e+02
1.725357246398925781e+01
-2.583780822753906250e+02
-2.209596252441406250e+02
-4.314475631713867188e+01
-3.670614242553710938e+01
2.523482322692871094e+01
1.910790252685546875e+01
3.181233787536621094e+01
4.707263946533203125e+01
-1.057081451416015625e+02
1.899865264892578125e+02
1.477356262207031250e+02
2.015617561340332031e+01
-2.611329956054687500e+02
-2.174291839599609375e+02
-3.860867309570312500e+01
-3.827262878417968750e+01
2.463464927673339844e+01
1.690644264221191406e+01
3.447376632690429688e+01
4.327511978149414062e+01
-2.776727600097656250e+02
3.686448364257812500e+02
1.420900115966796875e+02
-1.899758338928222656e+01
-2.512712860107421875e+02
-1.574424133300781250e+02
-2.751189994812011719e+01
-1.255004882812500000e+01
6.352437496185302734e+00
5.926938056945800781e+00
3.175170898437500000e+01
5.495402526855468750e+01
-4.390278930664062500e+02
4.732425231933593750e+02
1.080590744018554688e+02
-3.495177459716796875e+01
-2.390140686035156250e+02
-7.609180450439453125e+01
-1.503745746612548828e+01
1.886074829101562500e+01
-2.837327194213867188e+01
1.577249336242675781e+01
2.991585350036621094e+01
6.306967163085937500e+01
2.944228515625000000e+02
-1.788736114501953125e+02
7.291476440429687500e+01
-2.681678161621093750e+02
-6.759589385986328125e+01
-2.194958305358886719e+01
-9.132937431335449219e+00
1.785828208923339844e+01
-3.229851531982421875e+01
1.958727455139160156e+01
1.925440597534179688e+01
7.136503601074218750e+01
-1.873124237060546875e+02
5.901365966796875000e+02
6.376942825317382812e+01
-1.482316741943359375e+02
-6.609488677978515625e+01
-4.089895248413085938e+00
2.374225139617919922e+00
-3.330542564392089844e+00
2.479988861083984375e+01
-2.903451442718505859e+00
7.520716667175292969e+00
2.165681838989257812e+01
-1.555396881103515625e+02
4.534123535156250000e+02
7.133583831787109375e+01
-1.476392669677734375e+02
-5.600285720825195312e+01
-7.166599750518798828e+00
-5.226774215698242188e+00
-7.773891925811767578e+00
1.510378170013427734e+01
3.290043830871582031e+00
1.106385517120361328e+01
2.199979591369628906e+01
-1.492773590087890625e+02
3.356204528808593750e+02
9.220745849609375000e+01
-5.484218978881835938e+01
-1.169754409790039062e+02
-3.075940513610839844e+01
-1.118926715850830078e+01
-1.987577819824218750e+01
8.561984062194824219e+00
1.233885574340820312e+01
1.629521560668945312e+01
2.381792259216308594e+01
-8.037100982666015625e+01
2.478499450683593750e+02
1.487213897705078125e+02
-4.807447433471679688e+01
-1.104379272460937500e+02
-6.474606323242187500e+01
-1.598018741607666016e+01
-2.546774291992187500e+01
6.484864711761474609e+00
7.198639869689941406e+00
1.541187286376953125e+01
2.139480018615722656e+01
-2.180397033691406250e+01
9.649843597412109375e+01
1.910070495605468750e+02
-3.639759063720703125e+01
-1.027482986450195312e+02
-9.802349090576171875e+01
-2.723488044738769531e+01
-2.483078002929687500e+01
1.005528068542480469e+01
7.011739730834960938e+00
9.455339431762695312e+00
1.945310974121093750e+01
-2.256924819946289062e+01
9.505185699462890625e+01
1.941274414062500000e+02
-2.708528900146484375e+01
-1.043527755737304688e+02
-9.837375640869140625e+01
-2.147387886047363281e+01
-2.825823402404785156e+01
9.775434494018554688e+00
4.207226753234863281e+00
1.321533489227294922e+01
1.460927486419677734e+01
-8.338109588623046875e+01
2.410630950927734375e+02
1.598874206542968750e+02
-4.393158721923828125e+01
-1.115941619873046875e+02
-6.500160217285156250e+01
-1.027912425994873047e+01
-2.398132324218750000e+01
4.458275794982910156e+00
7.730008959770202637e-01
1.587412643432617188e+01
1.791089248657226562e+01
-1.511560668945312500e+02
3.317072448730468750e+02
9.815953826904296875e+01
-5.361880111694335938e+01
-1.146083679199218750e+02
-3.047741127014160156e+01
-7.276832103729248047e+00
-1.527495861053466797e+01
6.849062442779541016e+00
6.283579826354980469e+00
1.329874706268310547e+01
2.063581085205078125e+01
-1.590757598876953125e+02
4.465764160156250000e+02
7.029288482666015625e+01
-1.435933532714843750e+02
-5.566914749145507812e+01
-6.071356296539306641e+00
-4.258183479309082031e+00
-3.058780193328857422e+00
1.392763519287109375e+01
2.534085810184478760e-01
7.176818370819091797e+00
2.054893493652343750e+01
1.912216949462890625e+02
-5.591203613281250000e+02
-6.272379302978515625e+01
1.460689849853515625e+02
6.712911987304687500e+01
2.921326875686645508e+00
-1.515444368124008179e-01
-4.962468624114990234e+00
-2.009909248352050781e+01
5.235882282257080078e+00
-8.023448944091796875e+00
-1.756237792968750000e+01
1.619544372558593750e+02
-4.150348205566406250e+02
-6.882895660400390625e+01
1.445580291748046875e+02
5.919007110595703125e+01
2.496386766433715820e+00
4.510713577270507812e+00
-4.518041133880615234e+00
-1.236456966400146484e+01
-3.746610581874847412e-01
-6.837693214416503906e+00
-1.481035900115966797e+01
1.562908630371093750e+02
-3.150236816406250000e+02
-9.987805175781250000e+01
5.318546295166015625e+01
1.139679718017578125e+02
2.777164268493652344e+01
7.459616661071777344e+00
1.028779220581054688e+01
-5.450356960296630859e+00
-6.485338687896728516e+00
-1.407465267181396484e+01
-1.663089179992675781e+01
8.030385589599609375e+01
-2.310050201416015625e+02
-1.626701965332031250e+02
4.191723632812500000e+01
1.105445022583007812e+02
6.156861877441406250e+01
9.325487136840820312e+00
2.018490791320800781e+01
-2.381883859634399414e+00
-1.287356734275817871e+00
-1.569646930694580078e+01
-1.760225486755371094e+01
2.186693572998046875e+01
-9.896509552001953125e+01
-1.872361297607421875e+02
3.148518943786621094e+01
1.020349884033203125e+02
9.432821655273437500e+01
2.115457344055175781e+01
2.677441024780273438e+01
-7.542726993560791016e+00
-5.476939678192138672e+00
-1.357051849365234375e+01
-1.173579502105712891e+01
2.354589271545410156e+01
-1.045469970703125000e+02
-1.945204315185546875e+02
3.905070114135742188e+01
1.029983291625976562e+02
9.380831909179687500e+01
2.515921211242675781e+01
2.492575073242187500e+01
-9.327956199645996094e+00
-4.974729061126708984e+00
-1.022547054290771484e+01
-1.590335464477539062e+01
8.061499023437500000e+01
-2.386125946044921875e+02
-1.538919677734375000e+02
4.355113983154296875e+01
1.109228744506835938e+02
6.325605010986328125e+01
1.423714160919189453e+01
2.291752433776855469e+01
-5.053070545196533203e+00
-3.708933115005493164e+00
-1.431658554077148438e+01
-2.077181434631347656e+01
1.577859497070312500e+02
-3.210723876953125000e+02
-9.452756500244140625e+01
5.078022766113281250e+01
1.180590209960937500e+02
2.918428802490234375e+01
1.075298881530761719e+01
1.601659393310546875e+01
-8.564226150512695312e+00
-9.278921127319335938e+00
-1.546888732910156250e+01
-1.939115715026855469e+01
1.598913421630859375e+02
-4.196495971679687500e+02
-6.753197479248046875e+01
1.455242156982421875e+02
5.793616867065429688e+01
5.974895954132080078e+00
5.578535079956054688e+00
2.619443833827972412e-01
-1.501441860198974609e+01
-1.635237216949462891e+00
-9.573056221008300781e+00
-1.632529449462890625e+01
-8.633945922851562500e+02
4.800765380859375000e+02
-6.733808135986328125e+01
2.787691040039062500e+02
1.097174301147460938e+02
1.945782542228698730e+00
-1.834057569503784180e+00
-6.916733264923095703e+00
3.817717742919921875e+01
-2.622079086303710938e+01
-3.728588104248046875e+00
-7.216410064697265625e+01
-3.001400451660156250e+02
1.968398284912109375e+02
-7.318498992919921875e+01
2.684732055664062500e+02
7.174153137207031250e+01
1.702565193176269531e+01
9.687293052673339844e+00
-1.422610950469970703e+01
3.432629776000976562e+01
-1.910448265075683594e+01
-1.911064720153808594e+01
-6.869379425048828125e+01
4.455110168457031250e+02
-4.474148864746093750e+02
-1.066788253784179688e+02
3.837958145141601562e+01
2.402197418212890625e+02
6.890496826171875000e+01
1.646019363403320312e+01
-1.629133796691894531e+01
3.054095840454101562e+01
-1.179336071014404297e+01
-3.228143692016601562e+01
-6.220705795288085938e+01
2.766873168945312500e+02
-3.611365966796875000e+02
-1.427187500000000000e+02
1.956151008605957031e+01
2.479192962646484375e+02
1.563588562011718750e+02
3.118446922302246094e+01
9.872705459594726562e+00
-4.658680438995361328e+00
-5.273761749267578125e+00
-3.145034790039062500e+01
-5.533559036254882812e+01
1.018986206054687500e+02
-1.933056335449218750e+02
-1.481604309082031250e+02
-1.253155612945556641e+01
2.559464416503906250e+02
2.170580444335937500e+02
4.089097213745117188e+01
3.878255462646484375e+01
-2.276090049743652344e+01
-1.496707344055175781e+01
-3.582500839233398438e+01
-4.288932800292968750e+01
1.039262924194335938e+02
-1.952683715820312500e+02
-1.539060516357421875e+02
-1.350908374786376953e+01
2.576868286132812500e+02
2.165717926025390625e+02
4.274596786499023438e+01
3.742521667480468750e+01
-2.231488990783691406e+01
-1.552910232543945312e+01
-3.322680282592773438e+01
-4.478261947631835938e+01
2.814191894531250000e+02
-3.719566650390625000e+02
-1.383041687011718750e+02
1.843572425842285156e+01
2.491111450195312500e+02
1.575649871826171875e+02
3.331715393066406250e+01
1.175026416778564453e+01
-3.981555938720703125e+00
-8.862238883972167969e+00
-3.087149620056152344e+01
-5.701016235351562500e+01
4.428740844726562500e+02
-4.605022583007812500e+02
-1.012837677001953125e+02
3.848820495605468750e+01
2.435099792480468750e+02
7.591419982910156250e+01
1.829477119445800781e+01
-1.404873943328857422e+01
3.180952453613281250e+01
-1.806100082397460938e+01
-3.144593238830566406e+01
-6.509342956542968750e+01
-2.976880798339843750e+02
1.931367797851562500e+02
-7.228759765625000000e+01
2.688230285644531250e+02
7.112075042724609375e+01
2.351856613159179688e+01
1.051484394073486328e+01
-1.211073875427246094e+01
3.628187942504882812e+01
-2.332152938842773438e+01
-1.841766357421875000e+01
-7.052635955810546875e+01
5.994074096679687500e+02
6.036034545898437500e+02
1.321259613037109375e+02
2.552470855712890625e+02
4.013405227661132812e+01
-4.009003639221191406e+00
3.312386512756347656e+00
-4.799266755580902100e-01
1.660008049011230469e+01
-1.008833312988281250e+01
-2.235585403442382812e+01
-1.055208358764648438e+02
5.282144775390625000e+02
5.828303833007812500e+02
1.343464813232421875e+02
2.025085449218750000e+02
4.609566497802734375e+01
3.097915840148925781e+01
8.493057250976562500e+00
8.275370597839355469e+00
1.751661300659179688e+01
-4.608787536621093750e+00
-3.121399116516113281e+01
-1.024815750122070312e+02
3.894993591308593750e+02
5.209946289062500000e+02
1.419752807617187500e+02
-2.485730552673339844e+01
2.522765655517578125e+02
9.780873107910156250e+01
-1.755173087120056152e+00
1.266416931152343750e+01
1.865837669372558594e+01
1.899585843086242676e+00
-4.698830795288085938e+01
-1.019079055786132812e+02
1.997796630859375000e+02
3.076108398437500000e+02
1.666157684326171875e+02
-3.309641647338867188e+01
2.810598754882812500e+02
1.894747467041015625e+02
-1.066165256500244141e+01
1.529674625396728516e+01
1.610701560974121094e+01
4.252370834350585938e+00
-5.315792846679687500e+01
-9.481806945800781250e+01
3.594338607788085938e+01
2.599762268066406250e+02
2.116234283447265625e+02
-9.925764083862304688e+00
2.700585327148437500e+02
2.507220153808593750e+02
1.517389011383056641e+01
1.774131774902343750e+01
-3.370603799819946289e+00
-9.720652550458908081e-02
-5.929231643676757812e+01
-8.240277862548828125e+01
3.713961029052734375e+01
2.573241271972656250e+02
2.177691192626953125e+02
-7.390016078948974609e+00
2.801799316406250000e+02
2.415948944091796875e+02
1.613773727416992188e+01
1.557285499572753906e+01
-3.083773612976074219e+00
-9.682971239089965820e-01
-5.554149627685546875e+01
-8.458112335205078125e+01
1.951143188476562500e+02
2.975674133300781250e+02
1.763217468261718750e+02
-3.010465812683105469e+01
2.912278442382812500e+02
1.869734649658203125e+02
-1.060791110992431641e+01
1.440855979919433594e+01
1.485742664337158203e+01
2.105069398880004883e+00
-4.855574798583984375e+01
-9.619482421875000000e+01
3.792899169921875000e+02
5.167946166992187500e+02
1.513826141357421875e+02
-1.962063026428222656e+01
2.594741821289062500e+02
1.013996810913085938e+02
-1.754896759986877441e+00
8.546969413757324219e+00
1.652669906616210938e+01
-1.178943157196044922e+00
-4.385512924194335938e+01
-1.031710052490234375e+02
5.215873413085937500e+02
5.864731445312500000e+02
1.382500915527343750e+02
2.049826507568359375e+02
5.167023468017578125e+01
3.531927490234375000e+01
8.293850898742675781e+00
5.906630039215087891e+00
1.634770202636718750e+01
-5.765731334686279297e+00
-2.924237060546875000e+01
-1.041706466674804688e+02
1.721062866210937500e+03
6.888701782226562500e+02
3.454307861328125000e+02
1.543639373779296875e+02
2.748791694641113281e+01
-7.321119904518127441e-01
6.803258419036865234e+00
1.391218852996826172e+01
-5.392487335205078125e+01
4.557625198364257812e+01
-1.569694042205810547e+01
-7.015637207031250000e+01
1.421760131835937500e+03
7.232126464843750000e+02
3.515515747070312500e+02
-5.295441436767578125e+01
2.038212738037109375e+02
1.531685638427734375e+01
5.336510181427001953e+00
1.536039352416992188e+01
-3.865790176391601562e+01
6.178818130493164062e+01
-1.437506961822509766e+01
-7.335644531250000000e+01
4.836654357910156250e+02
1.100098999023437500e+03
3.694031066894531250e+02
-6.776726531982421875e+01
2.196226348876953125e+02
7.569976806640625000e+01
-2.289115905761718750e+01
2.524197769165039062e+01
-2.718665695190429688e+01
5.203895187377929688e+01
-4.412587738037109375e+01
-8.610564422607421875e+01
8.711677551269531250e+01
9.528450317382812500e+02
3.224971618652343750e+02
9.325178146362304688e+00
2.202387695312500000e+02
1.539460754394531250e+02
-3.966226577758789062e+01
-8.742513656616210938e+00
2.917343902587890625e+01
3.482963180541992188e+01
-6.415653228759765625e+01
-8.669436645507812500e+01
-4.459989929199218750e+01
1.727484893798828125e+02
3.541471557617187500e+02
4.746777343750000000e+02
2.172476806640625000e+02
2.104404602050781250e+02
-4.717448425292968750e+01
-2.945428657531738281e+01
4.430154418945312500e+01
3.045344543457031250e+01
-6.014418792724609375e+01
-7.275437164306640625e+01
-4.142992401123046875e+01
1.781681671142578125e+02
3.588377380371093750e+02
4.811722106933593750e+02
2.319241485595703125e+02
1.986325073242187500e+02
-4.350859451293945312e+01
-3.547203063964843750e+01
4.174133682250976562e+01
3.304472732543945312e+01
-5.223647689819335938e+01
-7.874694061279296875e+01
7.860150909423828125e+01
9.437204589843750000e+02
3.305922851562500000e+02
1.481396675109863281e+01
2.327927093505859375e+02
1.472220001220703125e+02
-3.895365905761718750e+01
-1.688651847839355469e+01
2.837225532531738281e+01
3.852683258056640625e+01
-5.725393676757812500e+01
-9.000664520263671875e+01
4.685618591308593750e+02
1.087095336914062500e+03
3.777454833984375000e+02
-6.037747573852539062e+01
2.281895599365234375e+02
7.382595825195312500e+01
-2.528802871704101562e+01
2.242433738708496094e+01
-3.026010894775390625e+01
5.332572937011718750e+01
-4.013482284545898438e+01
-8.746583557128906250e+01
1.382906250000000000e+03
7.279564819335937500e+02
3.548990173339843750e+02
-4.628442764282226562e+01
2.057718353271484375e+02
1.652404212951660156e+01
3.358585596084594727e+00
1.271522617340087891e+01
-3.932997512817382812e+01
6.110727310180664062e+01
-1.212930679321289062e+01
-7.454851531982421875e+01
1.570225952148437500e+03
6.122258911132812500e+02
3.928126831054687500e+02
-8.301348114013671875e+01
1.631003723144531250e+02
-1.408699131011962891e+01
7.586269378662109375e+00
-3.592720794677734375e+01
5.601745223999023438e+01
3.414250564575195312e+01
-3.766115188598632812e+01
-4.965429306030273438e+01
9.764121704101562500e+02
9.264298095703125000e+02
3.804384155273437500e+02
-7.238803100585937500e+01
1.697352142333984375e+02
-1.112626171112060547e+01
7.894978523254394531e+00
-4.724759292602539062e+01
4.770062637329101562e+01
3.790546798706054688e+01
-3.237277221679687500e+01
-5.331119155883789062e+01
4.503298645019531250e+02
1.043401855468750000e+03
1.008713455200195312e+02
1.392180023193359375e+02
1.590117492675781250e+02
2.380053710937500000e+01
-1.275556445121765137e+00
-6.700814819335937500e+01
3.721696090698242188e+01
3.205841064453125000e+01
-3.191864204406738281e+01
-6.776156616210937500e+01
1.697620544433593750e+02
4.783291625976562500e+02
1.153687744140625000e+02
4.250508728027343750e+02
1.676276092529296875e+02
7.939055633544921875e+01
-1.890033721923828125e+01
-5.720629501342773438e+01
2.914896202087402344e+01
3.348033905029296875e+01
-5.688276290893554688e+01
-6.854986572265625000e+01
-7.371282577514648438e+00
-9.312391662597656250e+01
6.766884765625000000e+02
5.451046142578125000e+02
1.592337341308593750e+02
1.330368499755859375e+02
-4.772196197509765625e+01
-5.291017150878906250e+01
3.415501403808593750e+01
3.327276229858398438e+01
-8.589679718017578125e+01
-7.518150329589843750e+01
-9.458962440490722656e+00
-9.003672790527343750e+01
6.752972412109375000e+02
5.414003906250000000e+02
1.676939086914062500e+02
1.273973007202148438e+02
-4.450595855712890625e+01
-5.632382965087890625e+01
3.202870178222656250e+01
3.587158584594726562e+01
-7.684477996826171875e+01
-8.656494903564453125e+01
1.627426757812500000e+02
4.781958007812500000e+02
1.115870971679687500e+02
4.238773193359375000e+02
1.757693328857421875e+02
7.581171417236328125e+01
-1.851995849609375000e+01
-5.986676025390625000e+01
2.719608116149902344e+01
3.380636978149414062e+01
-4.848069763183593750e+01
-7.821051025390625000e+01
4.445383605957031250e+02
1.042215454101562500e+03
9.963867950439453125e+01
1.430430297851562500e+02
1.661547241210937500e+02
2.087350463867187500e+01
-3.205411911010742188e+00
-6.653328704833984375e+01
3.387929153442382812e+01
3.005829811096191406e+01
-2.819348526000976562e+01
-7.324353790283203125e+01
9.609465942382812500e+02
9.341464233398437500e+02
3.808875732421875000e+02
-7.008412933349609375e+01
1.697402801513671875e+02
-1.232637977600097656e+01
5.751269340515136719e+00
-4.544027328491210938e+01
4.561703872680664062e+01
3.642890167236328125e+01
-3.139262008666992188e+01
-5.575767898559570312e+01
4.817284545898437500e+02
9.252951660156250000e+02
-2.972151947021484375e+01
1.382722015380859375e+02
1.404643249511718750e+02
-3.559339141845703125e+01
1.968982315063476562e+01
1.506522059440612793e+00
5.421955871582031250e+01
-2.437664568424224854e-01
-3.609059143066406250e+01
-8.368092346191406250e+01
5.131877441406250000e+02
8.093571166992187500e+02
-9.548287963867187500e+01
2.219239654541015625e+02
1.368370056152343750e+02
-2.076712799072265625e+01
1.622724151611328125e+01
-2.260672378540039062e+01
5.201112747192382812e+01
-5.281836509704589844e+00
-4.152191925048828125e+01
-8.463626098632812500e+01
3.923335266113281250e+02
4.110402832031250000e+02
1.396210193634033203e+01
2.887558593750000000e+02
1.302295227050781250e+02
-9.018841743469238281e+00
6.820336341857910156e+00
-4.666254425048828125e+01
3.047565650939941406e+01
-1.920310592651367188e+01
-4.430183410644531250e+01
-9.657794189453125000e+01
1.889459075927734375e+02
-1.327437591552734375e+02
5.611445312500000000e+02
3.536878662109375000e+02
1.085890731811523438e+02
3.328333616256713867e+00
-8.373454093933105469e+00
-4.582462310791015625e+01
1.780764770507812500e+01
-1.563796997070312500e+01
-5.025170898437500000e+01
-1.009514083862304688e+02
2.726679992675781250e+01
-1.063543624877929688e+02
4.963151550292968750e+02
4.199960632324218750e+02
7.499648284912109375e+01
3.268690109252929688e+01
-3.455004501342773438e+01
-5.022542953491210938e+01
7.928880691528320312e+00
-7.234152317047119141e+00
-7.251088714599609375e+01
-9.882949829101562500e+01
1.844239616394042969e+01
-9.742154693603515625e+01
5.043007202148437500e+02
4.069934692382812500e+02
7.760101318359375000e+01
2.910352706909179688e+01
-3.001986885070800781e+01
-5.405303573608398438e+01
7.227715015411376953e+00
-6.076528072357177734e+00
-6.369336700439453125e+01
-1.104570541381835938e+02
1.858569641113281250e+02
-1.346856384277343750e+02
5.613625488281250000e+02
3.425270996093750000e+02
1.128129119873046875e+02
1.601145505905151367e+00
-5.562044620513916016e+00
-4.533483886718750000e+01
1.655294609069824219e+01
-1.527837181091308594e+01
-4.560155105590820312e+01
-1.125601272583007812e+02
3.844062194824218750e+02
4.037612915039062500e+02
4.390629291534423828e+00
2.816964721679687500e+02
1.334783172607421875e+02
-9.831775665283203125e+00
9.460716247558593750e+00
-4.175493621826171875e+01
2.560003280639648438e+01
-1.918607711791992188e+01
-4.334431076049804688e+01
-1.075079040527343750e+02
5.105487976074218750e+02
8.078472900390625000e+02
-1.018189468383789062e+02
2.197159271240234375e+02
1.389499511718750000e+02
-2.053130149841308594e+01
1.794141197204589844e+01
-1.709401512145996094e+01
4.766281509399414062e+01
-5.088771343231201172e+00
-4.226688385009765625e+01
-9.037311553955078125e+01
3.460589294433593750e+02
5.312686767578125000e+02
-1.477813873291015625e+02
1.085327987670898438e+02
1.125370101928710938e+02
-9.235714721679687500e+01
2.012184715270996094e+01
1.752412986755371094e+01
6.269275665283203125e+01
-2.713607549667358398e+00
-5.437744522094726562e+01
-1.013904495239257812e+02
3.680328369140625000e+02
2.777693176269531250e+02
-1.037838211059570312e+02
1.453739318847656250e+02
1.130996170043945312e+02
-3.766365814208984375e+01
1.669438743591308594e+01
1.258402466773986816e-01
6.178216171264648438e+01
-6.496391773223876953e+00
-5.225761795043945312e+01
-1.016122665405273438e+02
3.403162841796875000e+02
-1.817281951904296875e+02
3.996977539062500000e+02
1.945935058593750000e+02
1.241402816772460938e+02
-5.091910934448242188e+01
1.332855987548828125e+01
-8.754370689392089844e+00
4.015193939208984375e+01
-3.314577865600585938e+01
-6.531968688964843750e+01
-7.579312133789062500e+01
1.956426086425781250e+02
-1.734508514404296875e+02
3.463121032714843750e+02
2.205439910888671875e+02
7.236608886718750000e+01
-7.373299407958984375e+01
-8.411033630371093750e+00
-9.974370956420898438e+00
-3.192931652069091797e+00
-4.938488769531250000e+01
-6.019132232666015625e+01
-7.297470855712890625e+01
5.776424407958984375e+01
-9.588693237304687500e+01
2.795802917480468750e+02
2.428319702148437500e+02
1.711642265319824219e+01
-2.562842750549316406e+01
-1.169534969329833984e+01
-1.618558502197265625e+01
-2.246338272094726562e+01
-3.362162399291992188e+01
-4.186008071899414062e+01
-6.416178131103515625e+01
4.801979446411132812e+01
-8.303825378417968750e+01
2.848534851074218750e+02
2.370107574462890625e+02
1.801304435729980469e+01
-3.025432968139648438e+01
-6.513584136962890625e+00
-1.798563194274902344e+01
-2.220874786376953125e+01
-3.158158683776855469e+01
-4.119658279418945312e+01
-6.796140289306640625e+01
1.923264923095703125e+02
-1.667873840332031250e+02
3.486528625488281250e+02
2.186074523925781250e+02
7.359809112548828125e+01
-7.264041137695312500e+01
-3.137177944183349609e+00
-9.921780586242675781e+00
-1.338438034057617188e+00
-4.586393356323242188e+01
-5.982379150390625000e+01
-8.147628784179687500e+01
3.371723022460937500e+02
-1.863736877441406250e+02
3.982633666992187500e+02
1.958551330566406250e+02
1.262638854980468750e+02
-4.876423263549804688e+01
2.013010978698730469e+01
-3.289460897445678711e+00
4.098244476318359375e+01
-3.198382759094238281e+01
-6.540245056152343750e+01
-8.387150573730468750e+01
3.684481506347656250e+02
2.821631774902343750e+02
-1.015560607910156250e+02
1.503412933349609375e+02
1.108238906860351562e+02
-3.704809951782226562e+01
2.200469970703125000e+01
5.503777027130126953e+00
6.265568923950195312e+01
-7.876283168792724609e+00
-5.300812911987304688e+01
-1.061431045532226562e+02
1.081931233406066895e+00
-5.203970909118652344e+00
3.209162354469299316e-01
-4.516659975051879883e-01
4.250503540039062500e+00
1.402599215507507324e+00
7.035473585128784180e-01
1.284850239753723145e+00
-2.616873264312744141e+00
1.135551095008850098e+00
-4.565049648284912109e+00
-7.795804500579833984e+00
2.115500831604003906e+01
-2.279573249816894531e+01
-1.017630290985107422e+01
-4.533031463623046875e+00
-2.292632818222045898e+00
2.692922353744506836e+00
-5.198391437530517578e+00
2.282114475965499878e-01
2.765845358371734619e-01
1.061762690544128418e+00
-3.309890031814575195e+00
-4.281521439552307129e-01
2.554227447509765625e+02
-2.574111633300781250e+02
-4.570965290069580078e+00
-3.420782983303070068e-01
-7.715509414672851562e+00
4.468945503234863281e+00
-8.668106079101562500e+00
1.657019853591918945e+00
9.191557168960571289e-01
2.208322525024414062e+00
3.377958834171295166e-01
-2.033602237701416016e+00
2.189938163757324219e+01
-2.373073196411132812e+01
-5.726606845855712891e+00
-4.968541145324707031e+00
-3.306722164154052734e+00
-2.025570869445800781e+00
-1.012623214721679688e+01
3.818598747253417969e+00
9.909090399742126465e-01
8.393501490354537964e-02
-1.268217444419860840e+00
4.601692199707031250e+00
7.396032810211181641e+00
-1.063325023651123047e+01
-3.812362670898437500e+00
-9.837267875671386719e+00
1.320691227912902832e+00
1.276565909385681152e+00
-1.380366992950439453e+01
9.724740028381347656e+00
-1.114056468009948730e+00
-6.105866432189941406e-01
3.928587138652801514e-01
-1.136034369468688965e+00
-5.548000812530517578e+00
5.259192943572998047e+00
-3.423775196075439453e+00
-9.033543586730957031e+00
-2.991783380508422852e+00
6.672044754028320312e+00
1.285945701599121094e+01
-1.768325805664062500e+01
-3.789423465728759766e+00
9.987307190895080566e-01
1.780400753021240234e+00
-1.536960005760192871e+00
-2.210980415344238281e+01
2.792190551757812500e+01
-2.421884775161743164e+00
-3.614958763122558594e+00
-2.261363983154296875e+00
6.054678916931152344e+00
9.759946823120117188e+00
-5.741998672485351562e+00
-4.878910064697265625e+00
1.875388860702514648e+00
4.140990972518920898e-01
2.463541269302368164e+00
-2.624703979492187500e+02
2.661466674804687500e+02
3.332090616226196289e+00
2.882593631744384766e+00
2.537902116775512695e+00
3.792190551757812500e+00
8.492366790771484375e+00
4.443978309631347656e+00
-3.086289644241333008e+00
1.751817345619201660e+00
1.266423702239990234e+00
-5.470409870147705078e+00
-1.679717636108398438e+01
1.350284004211425781e+01
2.339018583297729492e+00
-2.719897508621215820e+00
7.002568721771240234e+00
-5.646729946136474609e+00
5.001538753509521484e+00
8.485171198844909668e-01
-1.695307254791259766e+00
1.423801898956298828e+00
-1.933943271636962891e+00
-2.943361520767211914e+00
-3.444882812500000000e+02
-5.325660400390625000e+02
1.471614532470703125e+02
-1.037172088623046875e+02
-1.090403594970703125e+02
9.571981811523437500e+01
-2.006532478332519531e+01
-1.543447589874267578e+01
-6.388862991333007812e+01
3.444748878479003906e+00
5.388815307617187500e+01
9.910975646972656250e+01
-3.705045776367187500e+02
-2.815900268554687500e+02
1.058140792846679688e+02
-1.429647827148437500e+02
-1.084809875488281250e+02
3.387601089477539062e+01
-2.076739692687988281e+01
-1.109682083129882812e+00
-6.111661529541015625e+01
9.276842117309570312e+00
5.202753448486328125e+01
1.006365432739257812e+02
-3.407076416015625000e+02
1.920378723144531250e+02
-4.010021667480468750e+02
-1.960867156982421875e+02
-1.289057312011718750e+02
4.925714111328125000e+01
-2.209587287902832031e+01
7.330831050872802734e+00
-3.816108322143554688e+01
3.598738479614257812e+01
6.242745971679687500e+01
8.104673004150390625e+01
-1.955903625488281250e+02
1.735773773193359375e+02
-3.556296386718750000e+02
-2.287944335937500000e+02
-7.747272491455078125e+01
7.222838592529296875e+01
-1.317750215530395508e+00
8.782199859619140625e+00
5.127601027488708496e-01
4.382088088989257812e+01
5.647450637817382812e+01
7.890421295166015625e+01
-5.248935699462890625e+01
8.876177978515625000e+01
-2.928159484863281250e+02
-2.427075042724609375e+02
-1.827555274963378906e+01
2.317360305786132812e+01
2.242002725601196289e+00
1.603562736511230469e+01
2.061568069458007812e+01
3.503994750976562500e+01
4.278849792480468750e+01
6.723892211914062500e+01
-5.297667312622070312e+01
9.481443023681640625e+01
-2.887664184570312500e+02
-2.407017822265625000e+02
-1.987845420837402344e+01
2.911854743957519531e+01
9.882681846618652344e+00
1.425490283966064453e+01
2.271662712097167969e+01
3.128627967834472656e+01
4.621091079711914062e+01
6.177616500854492188e+01
-1.897339019775390625e+02
1.750570831298828125e+02
-3.466393127441406250e+02
-2.211390533447265625e+02
-7.636921691894531250e+01
7.964431762695312500e+01
6.529242038726806641e+00
8.790084838867187500e+00
1.861185431480407715e-01
4.099418258666992188e+01
5.838895797729492188e+01
7.005500793457031250e+01
-3.357000122070312500e+02
1.839794464111328125e+02
-3.935041809082031250e+02
-1.884332885742187500e+02
-1.255652313232421875e+02
5.089556503295898438e+01
-1.624301528930664062e+01
8.583850860595703125e+00
-4.040136718750000000e+01
3.402397155761718750e+01
6.313909530639648438e+01
7.301235961914062500e+01
-3.664499816894531250e+02
-2.781554565429687500e+02
1.043383789062500000e+02
-1.413870849609375000e+02
-1.069854278564453125e+02
3.344885635375976562e+01
-1.798832130432128906e+01
9.710471332073211670e-02
-6.294404983520507812e+01
8.072560310363769531e+00
5.214000320434570312e+01
9.594375610351562500e+01
-4.812897338867187500e+02
-9.178931884765625000e+02
3.336006546020507812e+01
-1.280350646972656250e+02
-1.368727569580078125e+02
3.306944274902343750e+01
-1.721805572509765625e+01
-1.896188616752624512e+00
-4.777951431274414062e+01
3.746173143386840820e+00
3.615388870239257812e+01
8.106475067138671875e+01
-5.118507690429687500e+02
-7.941296386718750000e+02
1.019151687622070312e+02
-2.133791809082031250e+02
-1.380363464355468750e+02
1.197440910339355469e+01
-1.689404296875000000e+01
1.889871406555175781e+01
-4.234346008300781250e+01
9.054634094238281250e+00
4.428010940551757812e+01
8.621764373779296875e+01
-3.791869812011718750e+02
-3.972305297851562500e+02
-7.557790756225585938e+00
-2.837745666503906250e+02
-1.322643585205078125e+02
4.976037025451660156e+00
-6.967185974121093750e+00
4.311805343627929688e+01
-1.784509468078613281e+01
2.243163681030273438e+01
4.332571029663085938e+01
1.008916320800781250e+02
-1.806970062255859375e+02
1.389452362060546875e+02
-5.616715087890625000e+02
-3.465175476074218750e+02
-1.110609970092773438e+02
-6.486835002899169922e+00
4.084004402160644531e+00
4.583243560791015625e+01
-9.859507560729980469e+00
1.843450927734375000e+01
4.144643783569335938e+01
1.103920822143554688e+02
-1.566684722900390625e+01
1.033954467773437500e+02
-5.027197265625000000e+02
-4.179833068847656250e+02
-7.586973571777343750e+01
-3.019458770751953125e+01
2.642318534851074219e+01
5.087673187255859375e+01
-5.608541965484619141e+00
1.092823791503906250e+01
6.635330200195312500e+01
1.073743515014648438e+02
-2.182176017761230469e+01
1.113810653686523438e+02
-5.046032409667968750e+02
-4.082361145019531250e+02
-7.536297607421875000e+01
-2.767386436462402344e+01
2.822135543823242188e+01
4.761097335815429688e+01
-8.320553779602050781e+00
1.137502479553222656e+01
6.946846771240234375e+01
1.020518188476562500e+02
-1.842918701171875000e+02
1.395458221435546875e+02
-5.571252441406250000e+02
-3.381867370605468750e+02
-1.063464660644531250e+02
-3.980696916580200195e+00
4.058715820312500000e+00
4.467739105224609375e+01
-1.413870906829833984e+01
1.645319747924804688e+01
4.186921310424804688e+01
1.049490814208984375e+02
-3.872696533203125000e+02
-4.115791015625000000e+02
-1.958236885070800781e+01
-2.765034179687500000e+02
-1.264202041625976562e+02
5.427134513854980469e+00
-7.599256515502929688e+00
4.482493209838867188e+01
-2.765280914306640625e+01
2.262890625000000000e+01
4.228406524658203125e+01
9.869491577148437500e+01
-5.164516601562500000e+02
-7.990919189453125000e+02
9.856066131591796875e+01
-2.067270355224609375e+02
-1.328421173095703125e+02
8.453098297119140625e+00
-1.728337669372558594e+01
2.237131309509277344e+01
-5.170458602905273438e+01
1.096640586853027344e+01
4.236827468872070312e+01
8.622968292236328125e+01
-1.580797851562500000e+03
-6.108325195312500000e+02
-3.875435180664062500e+02
8.623491668701171875e+01
-1.579916534423828125e+02
1.074256229400634766e+01
-7.099844455718994141e+00
3.550744628906250000e+01
-4.734770202636718750e+01
-2.932278823852539062e+01
3.818198776245117188e+01
4.458290481567382812e+01
-9.587523803710937500e+02
-9.340807495117187500e+02
-3.825985107421875000e+02
7.623237609863281250e+01
-1.690181274414062500e+02
5.527174472808837891e+00
-6.200947761535644531e+00
4.405749893188476562e+01
-3.496413421630859375e+01
-3.456448364257812500e+01
3.557828140258789062e+01
4.958185195922851562e+01
-4.392789611816406250e+02
-1.018385986328125000e+03
-1.004462509155273438e+02
-1.396377868652343750e+02
-1.666797180175781250e+02
-2.630405044555664062e+01
3.002813816070556641e+00
6.432095336914062500e+01
-2.530052757263183594e+01
-2.702787208557128906e+01
3.003626823425292969e+01
6.494540405273437500e+01
-1.567377014160156250e+02
-4.657997131347656250e+02
-1.075815734863281250e+02
-4.253978881835937500e+02
-1.696599731445312500e+02
-7.498248291015625000e+01
1.840042114257812500e+01
5.645161056518554688e+01
-1.950911140441894531e+01
-3.055349349975585938e+01
5.424917984008789062e+01
7.082380676269531250e+01
1.741146278381347656e+01
9.369160461425781250e+01
-6.639208984375000000e+02
-5.562498779296875000e+02
-1.570391998291015625e+02
-1.235542449951171875e+02
4.319783782958984375e+01
5.127719879150390625e+01
-2.711434364318847656e+01
-2.998884010314941406e+01
8.060145568847656250e+01
8.030165863037109375e+01
8.955647468566894531e+00
1.020296478271484375e+02
-6.696038208007812500e+02
-5.425693359375000000e+02
-1.516916503906250000e+02
-1.233900909423828125e+02
4.129105758666992188e+01
4.942570877075195312e+01
-3.196847152709960938e+01
-2.764479064941406250e+01
8.091852569580078125e+01
7.941683197021484375e+01
-1.692294921875000000e+02
-4.816583862304687500e+02
-1.064160385131835938e+02
-4.154015502929687500e+02
-1.615883483886718750e+02
-7.370623779296875000e+01
1.526772499084472656e+01
5.226540756225585938e+01
-2.664592742919921875e+01
-2.941056632995605469e+01
5.332662582397460938e+01
7.273521423339843750e+01
-4.536067810058593750e+02
-1.039111206054687500e+03
-9.632295227050781250e+01
-1.337993011474609375e+02
-1.605212707519531250e+02
-2.339551353454589844e+01
-4.922700226306915283e-01
6.441290283203125000e+01
-3.725775527954101562e+01
-2.650783920288085938e+01
2.481042098999023438e+01
7.078519439697265625e+01
-1.005913574218750000e+03
-9.094343261718750000e+02
-3.780291137695312500e+02
7.890759277343750000e+01
-1.668104248046875000e+02
8.447539329528808594e+00
-9.550155639648437500e+00
4.606916046142578125e+01
-4.430181121826171875e+01
-3.295149230957031250e+01
3.163436889648437500e+01
5.255935668945312500e+01
-1.788140625000000000e+03
-6.907365112304687500e+02
-3.502759399414062500e+02
-1.519288482666015625e+02
-2.641902160644531250e+01
-1.961185574531555176e+00
-6.277468204498291016e+00
-1.171123790740966797e+01
5.301653289794921875e+01
-4.183123397827148438e+01
1.416585731506347656e+01
6.544910430908203125e+01
-1.400127319335937500e+03
-7.384080810546875000e+02
-3.553973083496093750e+02
5.144928741455078125e+01
-1.995225830078125000e+02
-1.741172218322753906e+01
-3.549530029296875000e+00
-1.328473758697509766e+01
4.210007095336914062e+01
-5.966293716430664062e+01
1.563628196716308594e+01
6.791206359863281250e+01
-4.661986083984375000e+02
-1.115731567382812500e+03
-3.708378601074218750e+02
6.430226135253906250e+01
-2.240744018554687500e+02
-7.371280670166015625e+01
2.635292053222656250e+01
-2.119600677490234375e+01
3.324263000488281250e+01
-5.220663452148437500e+01
4.196927642822265625e+01
8.283687591552734375e+01
-8.165148162841796875e+01
-9.564232177734375000e+02
-3.196259460449218750e+02
-7.527039051055908203e+00
-2.253378753662109375e+02
-1.484784851074218750e+02
3.990270996093750000e+01
1.663808441162109375e+01
-2.479292678833007812e+01
-3.493078613281250000e+01
6.088427734375000000e+01
8.795913696289062500e+01
4.476926040649414062e+01
-1.768768920898437500e+02
-3.557760620117187500e+02
-4.739885559082031250e+02
-2.237410583496093750e+02
-1.982641296386718750e+02
4.570077133178710938e+01
3.329170608520507812e+01
-3.827575683593750000e+01
-2.884293556213378906e+01
5.681876754760742188e+01
7.506136322021484375e+01
4.011859893798828125e+01
-1.712840423583984375e+02
-3.403933105468750000e+02
-4.757237854003906250e+02
-2.193763885498046875e+02
-1.972092132568359375e+02
4.309553146362304688e+01
3.141573715209960938e+01
-3.815296936035156250e+01
-3.109384346008300781e+01
5.575093841552734375e+01
7.737881469726562500e+01
-9.210186004638671875e+01
-9.560088500976562500e+02
-3.055941772460937500e+02
-1.224317073822021484e+01
-2.185081176757812500e+02
-1.449210357666015625e+02
3.513437652587890625e+01
1.425448894500732422e+01
-2.847406959533691406e+01
-3.604879760742187500e+01
5.997851562500000000e+01
9.052128601074218750e+01
-4.905907592773437500e+02
-1.095238281250000000e+03
-3.608538818359375000e+02
6.943702697753906250e+01
-2.183345794677734375e+02
-6.966999816894531250e+01
2.289811325073242188e+01
-2.042596244812011719e+01
2.387518882751464844e+01
-5.108103561401367188e+01
3.886734771728515625e+01
8.600888061523437500e+01
-1.452698486328125000e+03
-7.226940307617187500e+02
-3.516746520996093750e+02
5.621392059326171875e+01
-1.991819305419921875e+02
-1.518768501281738281e+01
-4.457440853118896484e+00
-1.233537483215332031e+01
3.552230453491210938e+01
-5.794181823730468750e+01
1.196274375915527344e+01
6.874352264404296875e+01
-1.252893066406250000e+03
-8.559049072265625000e+02
-1.810424652099609375e+02
-4.077146301269531250e+02
-2.547174224853515625e+02
2.885598182678222656e+01
-6.842110633850097656e+00
-2.152740478515625000e+01
-1.211971092224121094e+01
1.421735477447509766e+01
2.747525596618652344e+01
6.534825134277343750e+01
-1.044526733398437500e+03
-8.697742309570312500e+02
-1.884575653076171875e+02
-3.863511657714843750e+02
-2.120365600585937500e+02
4.481831550598144531e+00
-9.582676887512207031e+00
-2.847067070007324219e+01
-1.095271110534667969e+01
2.180033683776855469e+01
3.770672225952148438e+01
6.930336761474609375e+01
-5.637198486328125000e+02
-6.806181640625000000e+02
-2.120033111572265625e+02
-2.971949157714843750e+02
-1.612108612060546875e+02
-6.170793151855468750e+01
-3.722736358642578125e+00
-1.704440689086914062e+01
-1.601594352722167969e+01
1.559027767181396484e+01
3.595975112915039062e+01
7.547755432128906250e+01
-2.086728363037109375e+02
-4.387265319824218750e+02
-2.528347167968750000e+02
-6.620671844482421875e+01
-2.585433654785156250e+02
-1.612474517822265625e+02
2.410726070404052734e+00
-1.463624858856201172e+01
-1.659893608093261719e+01
1.115015316009521484e+01
4.293228149414062500e+01
8.301072692871093750e+01
-3.935140380859375000e+02
-5.144747161865234375e+01
-3.078103332519531250e+02
-4.650342941284179688e+01
-2.347609710693359375e+02
-2.229222564697265625e+02
-1.253734397888183594e+01
-1.188804149627685547e+01
1.062981605529785156e+01
1.303745841979980469e+01
5.887395095825195312e+01
7.097737121582031250e+01
-3.942229614257812500e+02
-5.294911193847656250e+01
-3.000514831542968750e+02
-4.813264083862304688e+01
-2.412951965332031250e+02
-2.171109466552734375e+02
-1.242344379425048828e+01
-1.267431831359863281e+01
1.493943691253662109e+01
9.067681312561035156e+00
5.960919570922851562e+01
6.991221618652343750e+01
-2.178191680908203125e+02
-4.418777770996093750e+02
-2.543503112792968750e+02
-6.125827789306640625e+01
-2.626316223144531250e+02
-1.552676239013671875e+02
5.153596401214599609e+00
-1.365156936645507812e+01
-1.663414001464843750e+01
6.544080257415771484e+00
4.090978240966796875e+01
8.077454376220703125e+01
-5.777890014648437500e+02
-6.814199829101562500e+02
-2.157484283447265625e+02
-2.943159179687500000e+02
-1.535694580078125000e+02
-5.524922180175781250e+01
-2.179215192794799805e+00
-1.586443042755126953e+01
-1.638980865478515625e+01
1.050052165985107422e+01
3.382741928100585938e+01
7.390773010253906250e+01
-1.046621582031250000e+03
-8.938046264648437500e+02
-1.909955902099609375e+02
-3.800955810546875000e+02
-2.084439544677734375e+02
8.248543739318847656e+00
-9.366777420043945312e+00
-2.687783050537109375e+01
-1.108672523498535156e+01
1.820150756835937500e+01
3.748106765747070312e+01
6.861364746093750000e+01
7.380938720703125000e+02
-5.149677734375000000e+02
1.063930225372314453e+01
-4.488688049316406250e+02
-2.071810150146484375e+02
2.054162406921386719e+01
-1.932802200317382812e+00
2.473683166503906250e+01
-2.357950019836425781e+01
1.851251792907714844e+01
2.145354270935058594e+01
2.066358757019042969e+01
-4.906143493652343750e+02
3.356610107421875000e+02
2.347565078735351562e+01
-3.827701416015625000e+02
-1.983191070556640625e+02
5.492628097534179688e+00
-1.088194084167480469e+01
2.394434928894042969e+01
-2.069229125976562500e+01
1.250616836547851562e+01
2.328391838073730469e+01
2.428099250793457031e+01
-5.050296630859375000e+02
3.290765991210937500e+02
5.058248519897460938e+01
-3.011967163085937500e+02
-1.660233459472656250e+02
-2.349952507019042969e+01
-2.196531867980957031e+01
1.723995971679687500e+01
-2.479367637634277344e+01
1.060928535461425781e+01
1.706881141662597656e+01
2.916861915588378906e+01
-1.941786956787109375e+02
1.688655853271484375e+02
8.030173492431640625e+01
-1.322514038085937500e+02
-2.397834167480468750e+02
-8.251506042480468750e+01
-2.929136085510253906e+01
-1.529918164014816284e-01
-3.501783370971679688e+00
7.977491378784179688e+00
1.530764770507812500e+01
3.653781127929687500e+01
8.342218017578125000e+01
-8.437104797363281250e+01
1.119604644775390625e+02
-1.150456314086914062e+02
-1.449674224853515625e+02
-1.187505722045898438e+02
-3.500532531738281250e+01
-2.451901054382324219e+01
2.244635009765625000e+01
1.528415775299072266e+01
2.931270599365234375e+01
3.038149070739746094e+01
7.743255615234375000e+01
-8.215864562988281250e+01
1.158201141357421875e+02
-1.077521591186523438e+02
-1.499815063476562500e+02
-1.167939071655273438e+02
-3.217516708374023438e+01
-2.493490982055664062e+01
2.467564964294433594e+01
1.240833377838134766e+01
3.133016204833984375e+01
2.776160812377929688e+01
-2.015978393554687500e+02
1.560045013427734375e+02
8.432480621337890625e+01
-1.266543502807617188e+02
-2.412719726562500000e+02
-8.203443908691406250e+01
-2.501740837097167969e+01
1.381303310394287109e+00
-4.633580684661865234e+00
4.372777938842773438e+00
1.483120059967041016e+01
3.409145355224609375e+01
-5.209386596679687500e+02
3.130792236328125000e+02
5.092879104614257812e+01
-2.973757019042968750e+02
-1.633105773925781250e+02
-2.191942787170410156e+01
-1.925968360900878906e+01
1.729753875732421875e+01
-2.443065261840820312e+01
8.342652320861816406e+00
1.484087085723876953e+01
2.719559669494628906e+01
-5.157647094726562500e+02
3.071324768066406250e+02
2.154458999633789062e+01
-3.786285705566406250e+02
-1.981281890869140625e+02
8.854687690734863281e+00
-1.025741958618164062e+01
2.293935585021972656e+01
-2.033960342407226562e+01
1.133952808380126953e+01
2.049197196960449219e+01
2.341178703308105469e+01
1.647751331329345703e+00
3.757901668548583984e+00
2.431786060333251953e+00
-1.858990073204040527e+00
-3.266814947128295898e-01
-6.501570343971252441e-01
9.668636918067932129e-01
1.128635406494140625e+00
-3.183197259902954102e+00
-1.530616760253906250e+00
1.382347226142883301e+00
6.394365429878234863e-01
-7.146733403205871582e-01
6.224311828613281250e+00
-3.093502998352050781e+00
-7.301979541778564453e+00
-1.974097132682800293e+00
-1.969015479087829590e+00
-8.327487111091613770e-01
3.588632822036743164e+00
-3.232074022293090820e+00
-1.922305583953857422e+00
2.301167488098144531e+00
1.505965709686279297e+00
2.496515274047851562e+00
7.443757057189941406e+00
-7.282080173492431641e+00
-2.424980640411376953e+00
1.987300276756286621e+00
-8.430686593055725098e-02
-1.584328055381774902e+00
-3.238783359527587891e+00
2.034275531768798828e+00
-2.492884919047355652e-02
1.043902397155761719e+00
8.838806748390197754e-01
-4.735057353973388672e-01
1.230785560607910156e+01
-1.507649898529052734e+01
7.914622426033020020e-01
-2.141591072082519531e+00
5.560203790664672852e-01
-2.925192832946777344e+00
-2.116998195648193359e+00
2.306698322296142578e+00
6.274967193603515625e-01
-1.591565489768981934e+00
2.406637430191040039e+00
2.710279226303100586e+00
9.805091857910156250e+00
-1.529613208770751953e+01
-4.132989421486854553e-02
7.130918651819229126e-02
-6.764749884605407715e-01
-1.813748478889465332e+00
-2.766431868076324463e-01
2.155709981918334961e+00
1.050463199615478516e+00
-2.003114938735961914e+00
2.369611978530883789e+00
-9.296541810035705566e-01
-1.171446800231933594e+01
9.690915107727050781e+00
3.132313251495361328e+00
-1.208733201026916504e+00
-2.789586186408996582e-01
2.364061117172241211e+00
-1.864126443862915039e+00
9.908902049064636230e-01
7.465509176254272461e-01
7.383069396018981934e-01
-1.846248470246791840e-02
-8.484641075134277344e+00
-1.042243099212646484e+01
5.809694290161132812e+00
3.233731746673583984e+00
1.640165686607360840e+00
9.200752973556518555e-01
9.077857732772827148e-01
-5.588730573654174805e-01
-8.934208750724792480e-01
-4.436807930469512939e-01
-1.255652666091918945e+00
5.929440855979919434e-01
-2.407435178756713867e+00
-5.592141628265380859e+00
2.228502273559570312e+00
6.336223125457763672e+00
1.700009226799011230e+00
-5.361343026161193848e-01
1.148084044456481934e+00
-9.277225136756896973e-01
-1.575445413589477539e+00
-3.655778765678405762e-01
4.054204523563385010e-01
-1.589806437492370605e+00
-9.278416633605957031e-01
-8.897212147712707520e-01
-2.006829500198364258e+00
1.283470749855041504e+00
-2.439666032791137695e+00
8.401772379875183105e-01
5.001131892204284668e-01
1.359821390360593796e-02
-1.896934747695922852e+00
-1.972950100898742676e+00
-1.389938473701477051e+00
6.461521238088607788e-02
-7.192522583007812500e+02
5.146398925781250000e+02
-1.374995708465576172e+01
4.485240783691406250e+02
2.067272949218750000e+02
-2.130648803710937500e+01
2.692241191864013672e+00
-2.604607391357421875e+01
2.148304557800292969e+01
-1.861584472656250000e+01
-2.315823745727539062e+01
-1.961107826232910156e+01
5.100653381347656250e+02
-2.805135803222656250e+02
-2.629400634765625000e+01
3.819609069824218750e+02
2.027093353271484375e+02
-1.080779933929443359e+01
9.958518028259277344e+00
-2.149381828308105469e+01
1.982614517211914062e+01
-1.270766925811767578e+01
-2.118939781188964844e+01
-2.259527397155761719e+01
5.196607055664062500e+02
-2.889355468750000000e+02
-5.631697845458984375e+01
2.976561889648437500e+02
1.659378814697265625e+02
2.145157432556152344e+01
1.878870010375976562e+01
-1.931383323669433594e+01
2.517958831787109375e+01
-9.520250320434570312e+00
-1.437743377685546875e+01
-2.793195724487304688e+01
1.949625854492187500e+02
-1.458638000488281250e+02
-9.377819061279296875e+01
1.279261474609375000e+02
2.365485992431640625e+02
7.854193115234375000e+01
2.424348640441894531e+01
-2.936371326446533203e+00
5.716402053833007812e+00
-6.102658748626708984e+00
-1.692345046997070312e+01
-3.299491500854492188e+01
-8.268855285644531250e+01
8.221092987060546875e+01
-1.051321716308593750e+02
1.112700271606445312e+02
1.498439483642578125e+02
1.170093917846679688e+02
3.128948402404785156e+01
2.436741638183593750e+01
-2.221915054321289062e+01
-1.504698944091796875e+01
-3.146371269226074219e+01
-2.722848892211914062e+01
-9.526084899902343750e+01
8.956725311279296875e+01
-1.107868270874023438e+02
1.153728332519531250e+02
1.477307128906250000e+02
1.176874542236328125e+02
3.424316787719726562e+01
2.279326820373535156e+01
-2.220292472839355469e+01
-1.577358818054199219e+01
-2.908771896362304688e+01
-2.952799415588378906e+01
1.949494018554687500e+02
-1.658529357910156250e+02
-8.255834960937500000e+01
1.270858383178710938e+02
2.365536956787109375e+02
8.067150878906250000e+01
2.835178565979003906e+01
-9.889471530914306641e-01
2.706722021102905273e+00
-7.361498355865478516e+00
-1.600497055053710938e+01
-3.542929077148437500e+01
5.196231689453125000e+02
-2.987973327636718750e+02
-5.106550216674804688e+01
2.996207275390625000e+02
1.647755126953125000e+02
2.290168190002441406e+01
2.190782356262207031e+01
-1.827709197998046875e+01
2.384224128723144531e+01
-9.966752052307128906e+00
-1.513421535491943359e+01
-3.033979034423828125e+01
4.855890502929687500e+02
-2.845914611816406250e+02
-2.661367225646972656e+01
3.823064575195312500e+02
2.000396881103515625e+02
-7.412302970886230469e+00
1.091859912872314453e+01
-2.130975151062011719e+01
1.930775642395019531e+01
-1.251993179321289062e+01
-2.250492095947265625e+01
-2.379005241394042969e+01
1.207774902343750000e+03
8.797658081054687500e+02
1.778196258544921875e+02
4.073093566894531250e+02
2.524301452636718750e+02
-3.175624656677246094e+01
7.278486251831054688e+00
2.507830238342285156e+01
1.036477088928222656e+01
-1.291208934783935547e+01
-3.100808715820312500e+01
-6.556333923339843750e+01
9.910454101562500000e+02
9.011988525390625000e+02
1.891488494873046875e+02
3.799039611816406250e+02
2.093027038574218750e+02
-1.073708820343017578e+01
9.085321426391601562e+00
3.347512817382812500e+01
1.028464698791503906e+01
-1.960734367370605469e+01
-3.742586898803710938e+01
-6.903527832031250000e+01
5.808697509765625000e+02
6.610665893554687500e+02
2.124306030273437500e+02
2.912013854980468750e+02
1.568115081787109375e+02
5.504648208618164062e+01
1.394892573356628418e+00
1.934744262695312500e+01
1.826998519897460938e+01
-1.264298629760742188e+01
-3.401015853881835938e+01
-7.375157928466796875e+01
2.187517852783203125e+02
4.377029724121093750e+02
2.547601318359375000e+02
6.531288909912109375e+01
2.617142028808593750e+02
1.527580718994140625e+02
-4.786053657531738281e+00
1.330590343475341797e+01
1.882125473022460938e+01
-9.651332855224609375e+00
-4.131006622314453125e+01
-7.937627410888671875e+01
3.948179321289062500e+02
5.581232070922851562e+01
3.134902343750000000e+02
5.264131927490234375e+01
2.369247436523437500e+02
2.167665100097656250e+02
1.214551258087158203e+01
1.336149120330810547e+01
-1.379808712005615234e+01
-1.185530567169189453e+01
-6.049222183227539062e+01
-7.261640167236328125e+01
3.913784790039062500e+02
5.533572006225585938e+01
3.134662170410156250e+02
5.010856246948242188e+01
2.358767852783203125e+02
2.202181549072265625e+02
1.341382122039794922e+01
1.050499248504638672e+01
-1.240272140502929688e+01
-1.355339622497558594e+01
-5.878110885620117188e+01
-7.409887695312500000e+01
2.144828186035156250e+02
4.298868103027343750e+02
2.574207763671875000e+02
6.742145538330078125e+01
2.615592346191406250e+02
1.577326354980468750e+02
-3.589618682861328125e+00
1.488260173797607422e+01
1.696818733215332031e+01
-1.174880123138427734e+01
-4.088832855224609375e+01
-8.211138153076171875e+01
5.633763427734375000e+02
6.590965576171875000e+02
2.155892486572265625e+02
2.917885437011718750e+02
1.609282379150390625e+02
6.035446548461914062e+01
2.263432025909423828e+00
2.063390159606933594e+01
1.637824058532714844e+01
-1.577725124359130859e+01
-3.377676010131835938e+01
-7.702453613281250000e+01
9.942413330078125000e+02
8.870526123046875000e+02
1.889654083251953125e+02
3.818036499023437500e+02
2.083125610351562500e+02
-5.946659088134765625e+00
9.747910499572753906e+00
3.176076316833496094e+01
8.952684402465820312e+00
-2.141578102111816406e+01
-3.683701324462890625e+01
-7.077983093261718750e+01
2.175966796875000000e+03
1.027993408203125000e+03
3.957002868652343750e+02
3.352878723144531250e+02
1.612352905273437500e+02
-2.888006591796875000e+01
1.704191398620605469e+01
2.950903892517089844e+01
-5.142362976074218750e+01
1.205506610870361328e+01
-4.896595001220703125e+01
-1.034951095581054688e+02
1.621730957031250000e+03
1.289800537109375000e+03
4.157580566406250000e+02
3.162270202636718750e+02
8.495175933837890625e+01
1.348102569580078125e+01
1.283500862121582031e+01
3.488125228881835938e+01
-3.030203247070312500e+01
8.828041076660156250e+00
-3.668380737304687500e+01
-1.082019500732421875e+02
6.259927368164062500e+02
1.463001464843750000e+03
4.608786010742187500e+02
1.533486747741699219e+01
2.744799194335937500e+02
9.282548522949218750e+01
-1.563727569580078125e+01
4.234471130371093750e+01
-1.264412021636962891e+01
4.134768009185791016e+00
-5.146881103515625000e+01
-1.158702392578125000e+02
1.365468597412109375e+02
1.094215698242187500e+03
5.524000244140625000e+02
-9.387813568115234375e+00
2.697877197265625000e+02
1.908948516845703125e+02
-4.189415359497070312e+01
1.903337097167968750e+01
2.886601066589355469e+01
1.863984346389770508e+00
-5.315928268432617188e+01
-1.177412414550781250e+02
1.076008224487304688e+01
6.420146484375000000e+02
5.433949584960937500e+02
1.089911422729492188e+02
2.799008178710937500e+02
2.463248291015625000e+02
-5.000865173339843750e+01
-2.390461540222167969e+01
3.844461441040039062e+01
1.960449218750000000e+01
-7.280480957031250000e+01
-1.037191238403320312e+02
9.347977638244628906e+00
6.422313842773437500e+02
5.479812011718750000e+02
1.073592910766601562e+02
2.852322082519531250e+02
2.431240081787109375e+02
-4.707559204101562500e+01
-2.820397186279296875e+01
3.678437805175781250e+01
1.997010612487792969e+01
-6.967645263671875000e+01
-1.041064071655273438e+02
1.219751205444335938e+02
1.071573364257812500e+03
5.662114257812500000e+02
-3.338925600051879883e+00
2.743724060058593750e+02
1.905381927490234375e+02
-4.093008041381835938e+01
1.275774765014648438e+01
2.637134933471679688e+01
3.059235334396362305e+00
-4.988317108154296875e+01
-1.193310165405273438e+02
5.984331665039062500e+02
1.446879150390625000e+03
4.679505615234375000e+02
2.305130004882812500e+01
2.815754394531250000e+02
9.591219329833984375e+01
-1.536186408996582031e+01
3.796682739257812500e+01
-1.708053207397460938e+01
4.575991153717041016e+00
-4.904644393920898438e+01
-1.176215362548828125e+02
1.569781127929687500e+03
1.312877319335937500e+03
4.166581420898437500e+02
3.205427246093750000e+02
8.949658203125000000e+01
1.667422294616699219e+01
1.241913127899169922e+01
3.229598999023437500e+01
-3.313766860961914062e+01
8.885554313659667969e+00
-3.701651000976562500e+01
-1.099848251342773438e+02
1.332271728515625000e+03
1.441520019531250000e+03
4.199813842773437500e+02
2.609237365722656250e+02
-8.383931159973144531e+00
-5.000895500183105469e+00
1.398114585876464844e+01
-6.501089477539062500e+01
3.086442375183105469e+01
1.707841110229492188e+01
-1.968173789978027344e+01
-7.146390533447265625e+01
9.700167236328125000e+02
1.641036743164062500e+03
4.304188842773437500e+02
2.117995452880859375e+02
7.033798217773437500e+00
2.729334640502929688e+01
1.625859642028808594e+01
-5.038657760620117188e+01
2.115197372436523438e+01
2.812455368041992188e+01
-1.802308654785156250e+01
-7.571192169189453125e+01
6.618788452148437500e+02
1.331052490234375000e+03
4.546599426269531250e+02
-6.231034469604492188e+01
2.569195556640625000e+02
1.016366653442382812e+02
-9.863896369934082031e+00
-5.085188293457031250e+01
2.346673011779785156e+01
3.403464508056640625e+01
-5.100410842895507812e+01
-9.021479797363281250e+01
2.292997589111328125e+02
9.242396240234375000e+02
2.209850311279296875e+02
1.940315093994140625e+02
2.688633728027343750e+02
1.901257324218750000e+02
-3.681790161132812500e+01
-4.199717330932617188e+01
2.881838798522949219e+01
3.134583663940429688e+01
-6.988327789306640625e+01
-1.001533966064453125e+02
3.843380808830261230e-01
-1.200194549560546875e+01
7.082600708007812500e+02
5.879294433593750000e+02
2.595374450683593750e+02
2.487088165283203125e+02
-4.251451492309570312e+01
-3.674544143676757812e+01
3.522666931152343750e+01
2.672791862487792969e+01
-6.732111358642578125e+01
-8.500332641601562500e+01
-7.901456356048583984e+00
-5.436831474304199219e+00
7.075255737304687500e+02
5.962404174804687500e+02
2.676769104003906250e+02
2.435089569091796875e+02
-4.098072814941406250e+01
-3.988285064697265625e+01
2.986870956420898438e+01
3.240142822265625000e+01
-6.126204681396484375e+01
-8.933951568603515625e+01
2.123143463134765625e+02
9.070664062500000000e+02
2.197249145507812500e+02
2.023856048583984375e+02
2.764740905761718750e+02
1.876207733154296875e+02
-3.506499862670898438e+01
-5.015337753295898438e+01
2.540855979919433594e+01
3.433997726440429688e+01
-6.526065826416015625e+01
-1.022614135742187500e+02
6.468389282226562500e+02
1.303610351562500000e+03
4.608749694824218750e+02
-5.216752624511718750e+01
2.595310974121093750e+02
1.026467285156250000e+02
-9.907503128051757812e+00
-5.973223114013671875e+01
2.171037101745605469e+01
3.444905471801757812e+01
-4.953383636474609375e+01
-9.153279113769531250e+01
9.593495483398437500e+02
1.642553344726562500e+03
4.315805053710937500e+02
2.163855590820312500e+02
1.525338840484619141e+01
2.850459098815917969e+01
1.618857765197753906e+01
-5.763946533203125000e+01
2.247491645812988281e+01
2.760535240173339844e+01
-1.761843109130859375e+01
-7.732128906250000000e+01
7.599478149414062500e+02
1.145784423828125000e+03
3.073822631835937500e+02
-1.115970611572265625e+02
2.329221649169921875e+02
8.131435513496398926e-01
1.903705024719238281e+01
-6.784378528594970703e+00
2.401928138732910156e+01
3.044211006164550781e+01
-4.807162094116210938e+01
-7.975677490234375000e+01
7.290501708984375000e+02
9.872200927734375000e+02
3.175562744140625000e+02
-1.068378982543945312e+02
2.376161346435546875e+02
2.297069168090820312e+01
2.552758979797363281e+01
-3.371598052978515625e+01
2.816061210632324219e+01
3.067356872558593750e+01
-4.260476684570312500e+01
-8.290129852294921875e+01
5.561206054687500000e+02
7.159236450195312500e+02
-5.772795104980468750e+01
2.996357727050781250e+02
2.550627593994140625e+02
6.529754638671875000e+01
1.021789360046386719e+01
-5.227330780029296875e+01
7.294504642486572266e+00
2.801928329467773438e+01
-4.508137130737304688e+01
-9.528637695312500000e+01
2.747772827148437500e+02
1.000941944122314453e+01
3.885856018066406250e+02
4.032496948242187500e+02
2.549093780517578125e+02
1.381500549316406250e+02
-9.135295867919921875e+00
-4.626866531372070312e+01
1.243754959106445312e+01
3.068088531494140625e+01
-6.479987335205078125e+01
-9.381453704833984375e+01
1.508607482910156250e+01
-1.025839004516601562e+02
5.303443603515625000e+02
4.821367797851562500e+02
2.351749114990234375e+02
1.990585937500000000e+02
-3.041675949096679688e+01
-4.330339431762695312e+01
1.523143005371093750e+01
1.317543411254882812e+01
-9.554543304443359375e+01
-9.988151550292968750e+01
9.998367309570312500e+00
-9.588153076171875000e+01
5.369307250976562500e+02
4.770194702148437500e+02
2.354715881347656250e+02
2.003254699707031250e+02
-2.728811645507812500e+01
-4.581512069702148438e+01
1.372192478179931641e+01
1.450454235076904297e+01
-8.926125335693359375e+01
-1.068359451293945312e+02
2.656020507812500000e+02
1.284241390228271484e+01
3.867493591308593750e+02
3.999279174804687500e+02
2.580075378417968750e+02
1.396870727539062500e+02
-7.374897480010986328e+00
-4.961530685424804688e+01
1.139403438568115234e+01
3.018479156494140625e+01
-6.062284851074218750e+01
-9.930274200439453125e+01
5.490903930664062500e+02
7.118770751953125000e+02
-5.760737991333007812e+01
2.981752929687500000e+02
2.565943603515625000e+02
6.511743164062500000e+01
1.102865314483642578e+01
-5.363941955566406250e+01
3.165320396423339844e+00
2.797566413879394531e+01
-4.413609695434570312e+01
-9.896857452392578125e+01
7.216840820312500000e+02
9.927702636718750000e+02
3.166552734375000000e+02
-1.053193893432617188e+02
2.375410003662109375e+02
2.282126235961914062e+01
2.564336585998535156e+01
-3.411206817626953125e+01
2.467985534667968750e+01
3.091148185729980469e+01
-4.201950454711914062e+01
-8.413296508789062500e+01
5.472130126953125000e+02
5.716149902343750000e+02
-1.567074279785156250e+02
2.023428344726562500e+02
2.270307617187500000e+02
-2.169995307922363281e+00
9.868534088134765625e+00
5.685663223266601562e+01
5.899335861206054688e+01
3.468727874755859375e+01
-7.360211944580078125e+01
-1.167295379638671875e+02
5.200572509765625000e+02
4.905789794921875000e+02
-1.436992340087890625e+02
1.978068084716796875e+02
2.341158142089843750e+02
2.923992395401000977e+00
1.293207645416259766e+01
3.011403465270996094e+01
4.679453659057617188e+01
2.420045661926269531e+01
-7.232878875732421875e+01
-1.232684936523437500e+02
4.158561096191406250e+02
3.718134307861328125e+01
1.311873779296875000e+02
2.291387786865234375e+02
2.407359466552734375e+02
1.394711399078369141e+01
6.082472801208496094e+00
9.560433387756347656e+00
2.297145080566406250e+01
3.223015546798706055e+00
-6.768356323242187500e+01
-1.483635101318359375e+02
2.367022399902343750e+02
-1.503361206054687500e+02
3.504329223632812500e+02
2.519723510742187500e+02
1.933290710449218750e+02
3.165848922729492188e+01
-7.516263008117675781e+00
-1.950810241699218750e+01
3.429533004760742188e+00
-1.615596389770507812e+01
-6.387779998779296875e+01
-1.497625274658203125e+02
5.491710281372070312e+01
-1.007754745483398438e+02
3.139132080078125000e+02
2.941986083984375000e+02
1.547680816650390625e+02
9.337697601318359375e+01
-1.641174316406250000e+01
-3.745903778076171875e+01
-1.104239845275878906e+01
-1.245078849792480469e+01
-8.898830413818359375e+01
-1.199456405639648438e+02
4.827483367919921875e+01
-9.198373413085937500e+01
3.205787658691406250e+02
2.855173950195312500e+02
1.563734741210937500e+02
9.196929931640625000e+01
-1.673134613037109375e+01
-3.502884292602539062e+01
-9.891397476196289062e+00
-1.335198783874511719e+01
-8.560556793212890625e+01
-1.272935562133789062e+02
2.325118255615234375e+02
-1.455719146728515625e+02
3.511552124023437500e+02
2.453122100830078125e+02
1.933546295166015625e+02
3.113513755798339844e+01
-6.610772609710693359e+00
-1.691417121887207031e+01
5.361804485321044922e+00
-1.751436614990234375e+01
-6.212220764160156250e+01
-1.578297271728515625e+02
4.117133483886718750e+02
3.870654678344726562e+01
1.225425949096679688e+02
2.253460388183593750e+02
2.404212951660156250e+02
1.351545715332031250e+01
7.611185073852539062e+00
7.822813510894775391e+00
2.386556625366210938e+01
3.841120243072509766e+00
-6.717539215087890625e+01
-1.551002807617187500e+02
5.213571166992187500e+02
4.927559814453125000e+02
-1.486556091308593750e+02
1.951778564453125000e+02
2.343099670410156250e+02
6.391031295061111450e-02
1.407558155059814453e+01
3.092647171020507812e+01
4.704507827758789062e+01
2.504787635803222656e+01
-7.315371704101562500e+01
-1.274756546020507812e+02
2.601927185058593750e+02
1.648715667724609375e+02
-1.053098526000976562e+02
9.198959350585937500e+01
1.465892181396484375e+02
-7.462151336669921875e+01
-1.195881175994873047e+01
5.228361511230468750e+01
5.723575592041015625e+01
-1.717652893066406250e+01
-2.621150398254394531e+01
-1.126750793457031250e+02
2.433177032470703125e+02
1.554963836669921875e+02
-1.536078491210937500e+02
9.149766540527343750e+01
1.509801635742187500e+02
-3.123136901855468750e+01
-1.482307338714599609e+01
3.938984298706054688e+01
5.008909988403320312e+01
-2.572124290466308594e+01
-2.588469696044921875e+01
-8.883973693847656250e+01
2.290281524658203125e+02
-1.180504684448242188e+02
1.141592636108398438e+02
1.093914947509765625e+02
1.276727066040039062e+02
-3.278137969970703125e+01
-8.380308151245117188e+00
2.538301467895507812e+01
4.695002365112304688e+01
-2.786034202575683594e+01
-4.953150939941406250e+01
-7.005740356445312500e+01
1.434706268310546875e+02
-1.151867370605468750e+02
1.141182250976562500e+02
9.706635284423828125e+01
9.360820770263671875e+01
-5.035204315185546875e+01
-1.794340324401855469e+01
9.352324485778808594e+00
2.278015899658203125e+01
-2.591890335083007812e+01
-5.255376434326171875e+01
-7.453085327148437500e+01
4.662663269042968750e+01
-5.762894439697265625e+01
1.017444610595703125e+02
9.251854705810546875e+01
5.040707015991210938e+01
1.664737820625305176e+00
-2.588732337951660156e+01
-2.715248107910156250e+01
-9.204021096229553223e-01
-1.225718975067138672e+01
-4.161465072631835938e+01
-5.519328689575195312e+01
4.173047256469726562e+01
-5.154925537109375000e+01
9.917233276367187500e+01
9.488825988769531250e+01
5.574497985839843750e+01
1.299322396516799927e-01
-4.538406753540039062e+01
-4.976345539093017578e+00
-3.065332889556884766e+00
-9.745888710021972656e+00
-3.442753982543945312e+01
-6.172581863403320312e+01
1.361319580078125000e+02
-1.104798660278320312e+02
1.137456359863281250e+02
9.382310485839843750e+01
1.004096832275390625e+02
-4.885136795043945312e+01
-2.170435333251953125e+01
2.673785591125488281e+01
2.204970741271972656e+01
-2.319509696960449219e+01
-4.869247436523437500e+01
-7.788582611083984375e+01
2.265481262207031250e+02
-1.120369949340820312e+02
1.106023559570312500e+02
1.040902328491210938e+02
1.307061614990234375e+02
-3.157932090759277344e+01
-5.935531616210937500e+00
3.727774047851562500e+01
4.951390457153320312e+01
-2.728466415405273438e+01
-4.640271377563476562e+01
-7.265356445312500000e+01
2.425354156494140625e+02
1.658358306884765625e+02
-1.551081085205078125e+02
8.941297149658203125e+01
1.536512603759765625e+02
-3.063079833984375000e+01
-1.255111217498779297e+01
4.509637832641601562e+01
5.302553558349609375e+01
-2.786070632934570312e+01
-2.445791816711425781e+01
-9.141245269775390625e+01
-2.634893493652343750e+02
-1.700273437500000000e+02
1.101844253540039062e+02
-9.783565521240234375e+01
-1.498805847167968750e+02
7.507599639892578125e+01
1.258034324645996094e+01
-5.138249206542968750e+01
-5.801246643066406250e+01
1.582304668426513672e+01
2.461000251770019531e+01
1.051851196289062500e+02
-2.471022949218750000e+02
-1.683238067626953125e+02
1.461851501464843750e+02
-9.386684417724609375e+01
-1.524196777343750000e+02
2.643130683898925781e+01
1.289144706726074219e+01
-4.600362396240234375e+01
-5.200330352783203125e+01
2.813635253906250000e+01
2.211085319519042969e+01
8.627950286865234375e+01
-2.225589904785156250e+02
1.117862930297851562e+02
-1.174290161132812500e+02
-1.118785324096679688e+02
-1.307643737792968750e+02
3.168456840515136719e+01
6.727725505828857422e+00
-3.529534149169921875e+01
-5.046548461914062500e+01
2.886793899536132812e+01
4.549458312988281250e+01
6.850655364990234375e+01
-1.355989227294921875e+02
1.093272705078125000e+02
-1.232725906372070312e+02
-1.016833496093750000e+02
-1.043462371826171875e+02
5.024005889892578125e+01
2.023423957824707031e+01
-2.330025672912597656e+01
-1.948904418945312500e+01
2.412657356262207031e+01
4.360924148559570312e+01
6.804235076904296875e+01
-4.407131958007812500e+01
5.166621780395507812e+01
-1.061385192871093750e+02
-9.497822570800781250e+01
-5.599288558959960938e+01
-6.659821510314941406e+00
4.337818145751953125e+01
4.286807537078857422e+00
7.150142192840576172e-01
1.030852031707763672e+01
3.534635925292968750e+01
6.127761840820312500e+01
-4.583891296386718750e+01
5.693997573852539062e+01
-1.097749328613281250e+02
-9.101336669921875000e+01
-5.522775650024414062e+01
-3.373778343200683594e+00
2.641493034362792969e+01
2.475916290283203125e+01
-1.763968825340270996e+00
1.220484638214111328e+01
4.334001922607421875e+01
5.464288711547851562e+01
-1.368469238281250000e+02
1.143741989135742188e+02
-1.214447784423828125e+02
-1.033364944458007812e+02
-9.933774566650390625e+01
5.552465057373046875e+01
1.626587867736816406e+01
-6.563500881195068359e+00
-2.111922645568847656e+01
2.566515541076660156e+01
4.885033416748046875e+01
6.344823837280273438e+01
-2.230709228515625000e+02
1.200160827636718750e+02
-1.129943542480468750e+02
-1.109417114257812500e+02
-1.287002563476562500e+02
3.576643371582031250e+01
8.994287490844726562e+00
-2.438815498352050781e+01
-5.002066421508789062e+01
3.113601875305175781e+01
5.019123840332031250e+01
6.553067779541015625e+01
-2.431543121337890625e+02
-1.610729675292968750e+02
1.613910675048828125e+02
-9.199964141845703125e+01
-1.493476867675781250e+02
2.758685684204101562e+01
1.589302539825439453e+01
-3.864178466796875000e+01
-5.030290603637695312e+01
2.872604560852050781e+01
2.539640617370605469e+01
8.622728729248046875e+01
-5.447006835937500000e+02
-5.756905517578125000e+02
1.571439819335937500e+02
-1.958368377685546875e+02
-2.225162200927734375e+02
-1.115177631378173828e+00
-1.039231681823730469e+01
-5.109309387207031250e+01
-6.373691177368164062e+01
-3.221663284301757812e+01
7.051461791992187500e+01
1.118896865844726562e+02
-5.230900878906250000e+02
-4.966564025878906250e+02
1.458312988281250000e+02
-1.954476776123046875e+02
-2.303531036376953125e+02
-1.892553925514221191e+00
-1.502427387237548828e+01
-2.309553718566894531e+01
-4.590114974975585938e+01
-2.287308883666992188e+01
7.009942626953125000e+01
1.249422607421875000e+02
-4.102386779785156250e+02
-5.219684982299804688e+01
-1.260347366333007812e+02
-2.245167694091796875e+02
-2.379524536132812500e+02
-1.824862098693847656e+01
-6.801798343658447266e+00
3.591527462005615234e+00
-2.759279060363769531e+01
-1.201409220695495605e+00
6.868450164794921875e+01
1.486751861572265625e+02
-2.322451019287109375e+02
1.459631805419921875e+02
-3.555454711914062500e+02
-2.455311737060546875e+02
-1.930552978515625000e+02
-3.615456008911132812e+01
6.434330940246582031e+00
1.880717658996582031e+01
-5.318487644195556641e+00
2.081532096862792969e+01
6.342073440551757812e+01
1.524068756103515625e+02
-4.698681640625000000e+01
8.990622711181640625e+01
-3.240486450195312500e+02
-2.870707092285156250e+02
-1.586134643554687500e+02
-9.443895721435546875e+01
1.479323959350585938e+01
3.482371139526367188e+01
9.758741378784179688e+00
1.413182640075683594e+01
8.346508789062500000e+01
1.252702865600585938e+02
-5.228347778320312500e+01
9.830440521240234375e+01
-3.204692077636718750e+02
-2.924049377441406250e+02
-1.580907135009765625e+02
-9.205490112304687500e+01
1.912018013000488281e+01
3.237901687622070312e+01
8.559439659118652344e+00
1.329570579528808594e+01
8.590964508056640625e+01
1.195574951171875000e+02
-2.280505371093750000e+02
1.516452941894531250e+02
-3.514768371582031250e+02
-2.463698883056640625e+02
-1.904588317871093750e+02
-3.223959732055664062e+01
1.038042736053466797e+01
1.933353996276855469e+01
-6.177564620971679688e+00
1.960172462463378906e+01
6.579959869384765625e+01
1.472227478027343750e+02
-4.056467895507812500e+02
-3.880125808715820312e+01
-1.230426712036132812e+02
-2.230083618164062500e+02
-2.363551330566406250e+02
-1.796180915832519531e+01
-4.122968673706054688e+00
1.076506018638610840e+00
-2.805101585388183594e+01
-1.544405102729797363e+00
6.776188659667968750e+01
1.462245788574218750e+02
-5.145651245117187500e+02
-4.959540100097656250e+02
1.461764831542968750e+02
-1.926621704101562500e+02
-2.298644561767578125e+02
-5.273029327392578125e+00
-1.324600028991699219e+01
-2.319665908813476562e+01
-4.626684570312500000e+01
-2.281572723388671875e+01
6.931642150878906250e+01
1.229634399414062500e+02
-7.578967895507812500e+02
-1.135530029296875000e+03
-2.972656860351562500e+02
1.115390930175781250e+02
-2.309285430908203125e+02
-9.206556081771850586e-01
-2.047639274597167969e+01
1.256925487518310547e+01
-2.124688911437988281e+01
-2.781129837036132812e+01
4.393862152099609375e+01
8.230780029296875000e+01
-7.269468383789062500e+02
-9.736663208007812500e+02
-3.135645751953125000e+02
1.073169784545898438e+02
-2.341399993896484375e+02
-2.894594383239746094e+01
-2.718879699707031250e+01
3.767060089111328125e+01
-2.463019943237304688e+01
-3.002738571166992188e+01
4.105009841918945312e+01
8.524005889892578125e+01
-5.465139160156250000e+02
-7.174656982421875000e+02
6.040918731689453125e+01
-3.005894775390625000e+02
-2.561137084960937500e+02
-7.308406829833984375e+01
-1.365247535705566406e+01
5.980350494384765625e+01
-3.348995208740234375e+00
-2.665984344482421875e+01
4.642748641967773438e+01
1.007701950073242188e+02
-2.693512573242187500e+02
-1.999879264831542969e+01
-3.830532226562500000e+02
-4.005806579589843750e+02
-2.559644775390625000e+02
-1.438525695800781250e+02
2.670616865158081055e+00
5.087496948242187500e+01
-1.050202655792236328e+01
-2.813664436340332031e+01
6.109581375122070312e+01
9.499744415283203125e+01
-1.154991149902343750e+01
9.861793518066406250e+01
-5.365383300781250000e+02
-4.755221557617187500e+02
-2.370086212158203125e+02
-2.015960083007812500e+02
2.446399497985839844e+01
4.678569793701171875e+01
-1.059279537200927734e+01
-9.585059165954589844e+00
9.233062744140625000e+01
1.026040725708007812e+02
-1.692944717407226562e+01
1.049242248535156250e+02
-5.356248168945312500e+02
-4.691731567382812500e+02
-2.359014892578125000e+02
-2.006828002929687500e+02
3.008052825927734375e+01
3.948030090332031250e+01
-1.210427474975585938e+01
-1.071066093444824219e+01
9.435197448730468750e+01
1.015403900146484375e+02
-2.733155517578125000e+02
-1.744900894165039062e+01
-3.855000610351562500e+02
-3.922715759277343750e+02
-2.536375732421875000e+02
-1.436846160888671875e+02
5.704180717468261719e+00
4.321080398559570312e+01
-1.377496433258056641e+01
-2.949891090393066406e+01
6.121181106567382812e+01
9.653711700439453125e+01
-5.486986083984375000e+02
-7.243710327148437500e+02
5.958265304565429688e+01
-2.915234069824218750e+02
-2.533672943115234375e+02
-7.333546447753906250e+01
-1.198140239715576172e+01
5.489686203002929688e+01
-9.496550559997558594e+00
-2.578701019287109375e+01
4.394955062866210938e+01
1.030982360839843750e+02
-7.294951171875000000e+02
-9.812925415039062500e+02
-3.107267456054687500e+02
1.080371856689453125e+02
-2.334176330566406250e+02
-2.908699798583984375e+01
-2.705225563049316406e+01
3.728888320922851562e+01
-2.984892082214355469e+01
-2.796016883850097656e+01
4.010243606567382812e+01
8.647666931152343750e+01
-1.346120971679687500e+03
-1.446578735351562500e+03
-4.170961914062500000e+02
-2.600713806152343750e+02
1.294389152526855469e+01
1.015757322311401367e+00
-1.452452087402343750e+01
6.505616760253906250e+01
-3.215123367309570312e+01
-1.705822372436523438e+01
1.634934043884277344e+01
6.806198120117187500e+01
-9.573962402343750000e+02
-1.647735595703125000e+03
-4.306075744628906250e+02
-2.162897949218750000e+02
-1.630385589599609375e+01
-2.946372795104980469e+01
-1.633478355407714844e+01
5.908207702636718750e+01
-2.029512405395507812e+01
-2.646064949035644531e+01
1.769337844848632812e+01
7.033119201660156250e+01
-6.461381225585937500e+02
-1.279623413085937500e+03
-4.619013061523437500e+02
5.759522247314453125e+01
-2.583820800781250000e+02
-1.036567306518554688e+02
7.655686855316162109e+00
6.107861328125000000e+01
-1.671575736999511719e+01
-3.131890296936035156e+01
5.043525314331054688e+01
8.572264862060546875e+01
-2.092281036376953125e+02
-9.010659179687500000e+02
-2.178038482666015625e+02
-2.018167572021484375e+02
-2.725916442871093750e+02
-1.917943878173828125e+02
3.184148597717285156e+01
5.213766479492187500e+01
-2.242714500427246094e+01
-3.005315589904785156e+01
6.662389373779296875e+01
9.642755889892578125e+01
8.033373832702636719e+00
6.155408859252929688e+00
-6.997055664062500000e+02
-5.955864868164062500e+02
-2.646876220703125000e+02
-2.469288024902343750e+02
3.796875000000000000e+01
4.155312347412109375e+01
-2.861159133911132812e+01
-2.889505767822265625e+01
6.193971252441406250e+01
8.764996337890625000e+01
1.754026651382446289e+00
1.281948471069335938e+01
-7.025947265625000000e+02
-5.791605224609375000e+02
-2.603552246093750000e+02
-2.480805358886718750e+02
4.165664672851562500e+01
3.617526626586914062e+01
-3.242432785034179688e+01
-2.602996826171875000e+01
6.322790145874023438e+01
8.882672119140625000e+01
-2.237612762451171875e+02
-9.283692626953125000e+02
-2.147343902587890625e+02
-1.939218597412109375e+02
-2.712208557128906250e+02
-1.909717864990234375e+02
3.397280883789062500e+01
4.233433532714843750e+01
-2.707892799377441406e+01
-2.861875152587890625e+01
6.726873016357421875e+01
1.000202560424804688e+02
-6.568677368164062500e+02
-1.320919921875000000e+03
-4.509491577148437500e+02
6.509359741210937500e+01
-2.560862731933593750e+02
-1.031579055786132812e+02
8.621977806091308594e+00
5.244017410278320312e+01
-2.159150886535644531e+01
-3.076749610900878906e+01
4.823888015747070312e+01
8.782945251464843750e+01
-9.752516479492187500e+02
-1.652385131835937500e+03
-4.244985351562500000e+02
-2.115170745849609375e+02
-8.730151176452636719e+00
-2.978785896301269531e+01
-1.679383850097656250e+01
5.443942642211914062e+01
-2.174733924865722656e+01
-2.624413490295410156e+01
1.759294319152832031e+01
7.114707183837890625e+01
-2.216329101562500000e+03
-1.025867187500000000e+03
-3.972730712890625000e+02
-3.419420166015625000e+02
-1.610492401123046875e+02
2.796104812622070312e+01
-1.796199226379394531e+01
-3.161109161376953125e+01
5.012826538085937500e+01
-1.380332851409912109e+01
4.220404052734375000e+01
1.017522277832031250e+02
-1.575898071289062500e+03
-1.308491699218750000e+03
-4.160723266601562500e+02
-3.244050903320312500e+02
-8.985638427734375000e+01
-1.911731529235839844e+01
-1.215237426757812500e+01
-3.381301116943359375e+01
3.500815582275390625e+01
-8.546157836914062500e+00
3.755529022216796875e+01
1.099726257324218750e+02
-6.012770385742187500e+02
-1.470171997070312500e+03
-4.739022521972656250e+02
-2.545252037048339844e+01
-2.800124206542968750e+02
-1.008057937622070312e+02
1.427664089202880859e+01
-3.850545120239257812e+01
1.844676780700683594e+01
-1.821909070014953613e+00
5.110020828247070312e+01
1.168891601562500000e+02
-1.224644165039062500e+02
-1.077911010742187500e+03
-5.550855102539062500e+02
1.168882751464843750e+01
-2.733194274902343750e+02
-1.923252105712890625e+02
3.820779800415039062e+01
-1.470860385894775391e+01
-2.220726776123046875e+01
-3.641225099563598633e+00
5.165455627441406250e+01
1.155197830200195312e+02
-8.953769683837890625e+00
-6.412252197265625000e+02
-5.451577758789062500e+02
-1.026156158447265625e+02
-2.795529174804687500e+02
-2.497642211914062500e+02
4.658312988281250000e+01
2.613364028930664062e+01
-3.667753219604492188e+01
-1.921697425842285156e+01
7.025051116943359375e+01
1.038953018188476562e+02
-1.217794227600097656e+01
-6.407868041992187500e+02
-5.324617919921875000e+02
-1.086833419799804688e+02
-2.841769714355468750e+02
-2.451635589599609375e+02
5.006695175170898438e+01
2.479383659362792969e+01
-3.724016189575195312e+01
-2.133636283874511719e+01
7.067430877685546875e+01
1.048041763305664062e+02
-1.403322448730468750e+02
-1.084519287109375000e+03
-5.387668457031250000e+02
1.223541831970214844e+01
-2.739511413574218750e+02
-1.882091217041015625e+02
3.923079299926757812e+01
-1.576456260681152344e+01
-2.511206054687500000e+01
-5.954249858856201172e+00
5.128199386596679688e+01
1.163893814086914062e+02
-6.336817626953125000e+02
-1.461015625000000000e+03
-4.636235351562500000e+02
-1.628526306152343750e+01
-2.747048950195312500e+02
-9.531818389892578125e+01
1.424100303649902344e+01
-4.041838073730468750e+01
1.378758525848388672e+01
-4.306449413299560547e+00
5.044246292114257812e+01
1.170050048828125000e+02
-1.647341186523437500e+03
-1.292431762695312500e+03
-4.119472351074218750e+02
-3.178416748046875000e+02
-8.385883331298828125e+01
-1.563314723968505859e+01
-1.205220127105712891e+01
-3.544787216186523438e+01
3.126550292968750000e+01
-9.403425216674804688e+00
3.686853408813476562e+01
1.094775390625000000e+02
-2.359748779296875000e+03
-1.358691528320312500e+03
-1.051345825195312500e+03
-2.467986450195312500e+02
-3.433262634277343750e+02
3.538252258300781250e+01
-8.727554321289062500e+00
-1.480647850036621094e+01
-8.652477264404296875e+00
1.131762123107910156e+01
4.007714462280273438e+01
-9.333780288696289062e+00
-1.913525146484375000e+03
-1.466854492187500000e+03
-2.527946929931640625e+02
-8.719634399414062500e+02
-3.383829956054687500e+02
2.920548629760742188e+01
-8.390020370483398438e+00
-1.786371994018554688e+01
-8.974042892456054688e+00
8.210736274719238281e+00
2.833765792846679688e+01
-2.427026510238647461e+00
-7.293530273437500000e+02
-1.165497070312500000e+03
-2.796235351562500000e+02
-6.129389648437500000e+02
-3.429675903320312500e+02
1.870922207832336426e+00
2.805616378784179688e+00
-1.321850490570068359e+01
-1.118642139434814453e+01
3.221263170242309570e+00
1.494789791107177734e+01
1.237101936340332031e+01
-6.827993164062500000e+02
-2.296501159667968750e+02
-3.163370056152343750e+02
-2.885815734863281250e+02
-3.989762573242187500e+02
-5.646470260620117188e+01
-1.219355010986328125e+01
6.819296360015869141e+00
-1.022870349884033203e+01
7.896272659301757812e+00
3.111578941345214844e+01
3.269609069824218750e+01
-5.210623779296875000e+02
-4.294921875000000000e+02
-1.487642059326171875e+02
-2.429947204589843750e+02
-2.027956390380859375e+02
-1.000154190063476562e+02
-1.226136779785156250e+01
-8.730179786682128906e+00
8.001793861389160156e+00
1.112930011749267578e+01
4.654038619995117188e+01
4.313333129882812500e+01
-5.179115600585937500e+02
-4.261239624023437500e+02
-1.551647033691406250e+02
-2.333666381835937500e+02
-2.136102447509765625e+02
-9.479972839355468750e+01
-1.204479217529296875e+01
-9.266468048095703125e+00
1.237398529052734375e+01
7.584532260894775391e+00
4.665516662597656250e+01
4.306185913085937500e+01
-6.774512329101562500e+02
-2.430562286376953125e+02
-3.194338989257812500e+02
-2.818733215332031250e+02
-4.110916442871093750e+02
-5.340271759033203125e+01
-1.134893989562988281e+01
1.028987121582031250e+01
-1.125627136230468750e+01
6.117696762084960938e+00
3.074247741699218750e+01
3.352708816528320312e+01
-7.828720703125000000e+02
-1.157969848632812500e+03
-2.857847900390625000e+02
-6.257011108398437500e+02
-3.381655883789062500e+02
5.412430286407470703e+00
4.150864124298095703e+00
-1.262430953979492188e+01
-1.214287090301513672e+01
1.131820082664489746e+00
1.393411540985107422e+01
1.261702251434326172e+01
-1.920538208007812500e+03
-1.623004150390625000e+03
-2.562287292480468750e+02
-8.845977172851562500e+02
-3.376577453613281250e+02
3.149605560302734375e+01
-8.546232223510742188e+00
-1.794846534729003906e+01
-9.545087814331054688e+00
5.945581436157226562e+00
2.742500877380371094e+01
-2.184819221496582031e+00
-7.222982788085937500e+02
3.423343505859375000e+02
-8.394274902343750000e+02
-2.046961212158203125e+01
-1.830795440673828125e+02
1.764134979248046875e+01
-1.617958664894104004e+00
1.321495437622070312e+01
-1.091345310211181641e+01
-2.633177280426025391e+00
-4.414135813713073730e-01
-1.917502975463867188e+01
-7.885744018554687500e+02
1.722708282470703125e+02
-6.316836547851562500e+02
-1.725652503967285156e+01
-1.930075683593750000e+02
1.049439239501953125e+01
-5.640705108642578125e+00
1.673828315734863281e+01
-9.003018379211425781e+00
-4.796499252319335938e+00
7.707520008087158203e+00
-1.216016864776611328e+01
-3.358548278808593750e+02
3.393791961669921875e+01
-2.112805938720703125e+01
-3.979076843261718750e+02
-2.076214752197265625e+02
6.202750682830810547e+00
-1.042870426177978516e+01
1.696606826782226562e+01
-1.040941047668457031e+01
-2.925617218017578125e+00
5.429141998291015625e+00
-2.682511568069458008e+00
1.141406021118164062e+02
-2.153270874023437500e+02
6.638461589813232422e+00
-2.185550384521484375e+02
-2.191918792724609375e+02
-1.459673023223876953e+01
-1.785631179809570312e+01
1.575359249114990234e+01
-6.339650630950927734e+00
-3.745788574218750000e+00
8.108053207397460938e+00
5.693275451660156250e+00
7.216931915283203125e+01
-6.298133468627929688e+01
-1.123498306274414062e+02
-2.071873474121093750e+02
-8.732847595214843750e+01
-2.923964881896972656e+01
-1.939370918273925781e+01
-9.055445671081542969e+00
6.916846275329589844e+00
2.642676353454589844e+00
1.482966327667236328e+01
1.164879894256591797e+01
5.340323257446289062e+01
-5.461512756347656250e+01
-1.103622283935546875e+02
-2.059911956787109375e+02
-9.384555053710937500e+01
-2.800113677978515625e+01
-1.856582450866699219e+01
-9.830042839050292969e+00
9.016246795654296875e+00
1.398823618888854980e+00
1.505094242095947266e+01
1.155672550201416016e+01
9.337002563476562500e+01
-2.318819122314453125e+02
1.128303337097167969e+01
-2.195863647460937500e+02
-2.248799591064453125e+02
-1.413817405700683594e+01
-1.749361610412597656e+01
1.692589759826660156e+01
-7.354024410247802734e+00
-4.688617229461669922e+00
7.460136890411376953e+00
4.988317489624023438e+00
-3.614165649414062500e+02
1.643576812744140625e+01
-2.247290229797363281e+01
-4.000079345703125000e+02
-2.085740051269531250e+02
6.980679512023925781e+00
-9.306863784790039062e+00
1.508484172821044922e+01
-9.911109924316406250e+00
-3.048531055450439453e+00
3.995514154434204102e+00
-4.118607044219970703e+00
-8.032089843750000000e+02
1.482197570800781250e+02
-6.352033081054687500e+02
-1.689608192443847656e+01
-1.932794342041015625e+02
1.298823451995849609e+01
-5.455623149871826172e+00
1.402564811706542969e+01
-8.545587539672851562e+00
-4.756227493286132812e+00
5.356938362121582031e+00
-1.303752708435058594e+01
6.915319213867187500e+02
-3.815422363281250000e+02
8.542166748046875000e+02
1.593241024017333984e+01
1.764424896240234375e+02
-1.819050788879394531e+01
7.129216790199279785e-01
-1.306590747833251953e+01
1.252089023590087891e+01
1.395660638809204102e+00
-3.533704042434692383e+00
1.770262718200683594e+01
7.828996582031250000e+02
-1.841000061035156250e+02
6.237747802734375000e+02
9.915019035339355469e+00
1.857053527832031250e+02
-1.322166347503662109e+01
4.230860710144042969e+00
-1.248144340515136719e+01
1.295333576202392578e+01
3.179603099822998047e+00
-5.820087432861328125e+00
1.126823329925537109e+01
3.642562866210937500e+02
-2.301238632202148438e+01
1.892130088806152344e+01
3.886989135742187500e+02
2.063029632568359375e+02
-3.411328077316284180e+00
8.133597373962402344e+00
-1.506099128723144531e+01
1.302756309509277344e+01
-4.020092487335205078e-01
-2.548956394195556641e+00
3.966967344284057617e+00
-9.548289489746093750e+01
2.346638183593750000e+02
-1.607766914367675781e+01
2.198353881835937500e+02
2.229392242431640625e+02
1.655881690979003906e+01
1.684611320495605469e+01
-1.760288047790527344e+01
9.272385597229003906e+00
1.526161670684814453e+00
-9.846499443054199219e+00
-6.486510276794433594e+00
-4.486135101318359375e+01
5.224993133544921875e+01
1.128127365112304688e+02
2.100449523925781250e+02
8.953744506835937500e+01
3.023301696777343750e+01
1.647598266601562500e+01
8.374718666076660156e+00
-8.888700485229492188e+00
-3.695201873779296875e+00
-1.785942649841308594e+01
-1.360537719726562500e+01
-7.509521484375000000e+01
7.489836883544921875e+01
1.159180908203125000e+02
2.077020416259765625e+02
8.518454742431640625e+01
3.150814437866210938e+01
1.822697257995605469e+01
6.777215003967285156e+00
-8.998121261596679688e+00
-3.707906246185302734e+00
-1.782485389709472656e+01
-1.372293281555175781e+01
-1.223416366577148438e+02
2.215216674804687500e+02
-3.494001150131225586e+00
2.142997589111328125e+02
2.245148925781250000e+02
1.704587745666503906e+01
1.904105949401855469e+01
-1.625271224975585938e+01
5.940619468688964844e+00
1.824208140373229980e+00
-1.054794692993164062e+01
-8.155896186828613281e+00
3.575492553710937500e+02
-5.437033843994140625e+01
2.411399078369140625e+01
3.965600280761718750e+02
2.039749298095703125e+02
-3.305489301681518555e+00
1.032193470001220703e+01
-1.727095031738281250e+01
1.144707584381103516e+01
6.295718550682067871e-01
-3.864530563354492188e+00
1.960927605628967285e+00
7.919564208984375000e+02
-1.936187896728515625e+02
6.234909057617187500e+02
1.620670318603515625e+01
1.847490844726562500e+02
-1.012916183471679688e+01
5.080110073089599609e+00
-1.577395725250244141e+01
1.152192974090576172e+01
4.060079574584960938e+00
-7.774375438690185547e+00
1.026188945770263672e+01
2.319146484375000000e+03
1.472345581054687500e+03
1.057521362304687500e+03
2.484538574218750000e+02
3.397121276855468750e+02
-3.673848342895507812e+01
7.111044883728027344e+00
1.434162616729736328e+01
1.011997222900390625e+01
-1.137641811370849609e+01
-4.082035064697265625e+01
7.348620414733886719e+00
1.876576049804687500e+03
1.608725708007812500e+03
2.569384765625000000e+02
8.828703002929687500e+02
3.341204833984375000e+02
-3.165562629699707031e+01
6.772599220275878906e+00
1.915920066833496094e+01
1.080081367492675781e+01
-6.942004680633544922e+00
-2.699832725524902344e+01
1.162444114685058594e+00
7.681481933593750000e+02
1.128632446289062500e+03
2.864568786621093750e+02
6.202814331054687500e+02
3.395810852050781250e+02
-2.586474895477294922e+00
-6.469962596893310547e+00
1.013923835754394531e+01
1.245004272460937500e+01
-1.658432841300964355e+00
-1.265176868438720703e+01
-1.262225151062011719e+01
6.602643432617187500e+02
2.497828216552734375e+02
3.139912719726562500e+02
2.874328613281250000e+02
4.097132568359375000e+02
5.677789688110351562e+01
8.911067962646484375e+00
-1.093153667449951172e+01
1.221862125396728516e+01
-7.258491992950439453e+00
-3.205727767944335938e+01
-3.477537536621093750e+01
5.114712219238281250e+02
4.288820190429687500e+02
1.543343505859375000e+02
2.343618621826171875e+02
2.118890075683593750e+02
9.764836120605468750e+01
1.125647830963134766e+01
1.009880447387695312e+01
-1.297689628601074219e+01
-1.030116176605224609e+01
-4.816506576538085938e+01
-4.442918014526367188e+01
5.168358764648437500e+02
4.322154541015625000e+02
1.468818511962890625e+02
2.358289642333984375e+02
2.053474731445312500e+02
1.003042755126953125e+02
1.269295024871826172e+01
7.686392784118652344e+00
-1.041884613037109375e+01
-1.249753284454345703e+01
-4.735421371459960938e+01
-4.534254074096679688e+01
6.771846923828125000e+02
2.317318115234375000e+02
3.145299072265625000e+02
2.853245239257812500e+02
4.018721923828125000e+02
5.915620040893554688e+01
1.130813598632812500e+01
-8.486648559570312500e+00
9.531510353088378906e+00
-8.398800849914550781e+00
-3.259693527221679688e+01
-3.688697814941406250e+01
7.504051513671875000e+02
1.156073120117187500e+03
2.816905822753906250e+02
6.118895874023437500e+02
3.393932495117187500e+02
-1.205308675765991211e+00
-4.382795333862304688e+00
1.138567543029785156e+01
9.918210983276367188e+00
-2.516966581344604492e+00
-1.377253437042236328e+01
-1.443373870849609375e+01
1.905116088867187500e+03
1.537828247070312500e+03
2.563191223144531250e+02
8.773146362304687500e+02
3.333566894531250000e+02
-2.983314895629882812e+01
7.762997150421142578e+00
1.913024330139160156e+01
9.494195938110351562e+00
-8.137024879455566406e+00
-2.823981285095214844e+01
4.808402061462402344e-01
2.958909912109375000e+03
1.476021118164062500e+03
4.429925231933593750e+02
7.544289550781250000e+02
3.802534790039062500e+02
-5.786457061767578125e+01
1.640063858032226562e+01
5.589971160888671875e+01
-6.038378715515136719e+00
1.270099353790283203e+01
-5.491757583618164062e+01
-4.945804214477539062e+01
1.682805664062500000e+03
2.331739013671875000e+03
4.821776733398437500e+02
6.295333862304687500e+02
3.478905639648437500e+02
-3.397804641723632812e+01
8.728876113891601562e+00
6.011447143554687500e+01
1.094488382339477539e+00
-8.893120765686035156e+00
-5.737335968017578125e+01
-5.646564102172851562e+01
8.795156860351562500e+02
1.827968872070312500e+03
5.546305541992187500e+02
4.855541992187500000e+02
2.534139862060546875e+02
3.004709625244140625e+01
-2.010772705078125000e+01
4.803369140625000000e+01
6.988166332244873047e+00
-1.510366153717041016e+01
-3.210303878784179688e+01
-7.308609771728515625e+01
2.260625457763671875e+02
1.103428710937500000e+03
6.759512329101562500e+02
1.687383728027343750e+02
3.614556274414062500e+02
1.302466125488281250e+02
-3.927297210693359375e+01
1.782375907897949219e+01
2.175553512573242188e+01
-1.011779499053955078e+01
-4.637390899658203125e+01
-9.093608856201171875e+01
7.002673950195312500e+02
2.308585510253906250e+02
7.050050659179687500e+02
1.247594146728515625e+02
2.359027099609375000e+02
1.918674011230468750e+02
-3.935806655883789062e+01
-1.587945938110351562e+01
2.224934577941894531e+01
-3.737956762313842773e+00
-7.929984283447265625e+01
-9.397863006591796875e+01
6.850209960937500000e+02
2.243945312500000000e+02
7.096788940429687500e+02
1.191972656250000000e+02
2.315901794433593750e+02
1.961303558349609375e+02
-3.748789978027343750e+01
-1.765307235717773438e+01
2.272870635986328125e+01
-6.148439407348632812e+00
-7.892025756835937500e+01
-9.493561553955078125e+01
2.096609649658203125e+02
1.099512939453125000e+03
6.787773437500000000e+02
1.713625488281250000e+02
3.592973327636718750e+02
1.346459808349609375e+02
-3.694847488403320312e+01
1.796602058410644531e+01
1.950832748413085938e+01
-1.245334148406982422e+01
-4.715957641601562500e+01
-9.250865936279296875e+01
8.415900878906250000e+02
1.790901489257812500e+03
5.521398925781250000e+02
4.863151245117187500e+02
2.609489135742187500e+02
3.357435226440429688e+01
-1.814662361145019531e+01
4.854638290405273438e+01
3.773442268371582031e+00
-1.840819740295410156e+01
-3.272498321533203125e+01
-7.480001068115234375e+01
1.584067260742187500e+03
2.325449218750000000e+03
4.754065856933593750e+02
6.315081176757812500e+02
3.508365173339843750e+02
-3.184416198730468750e+01
1.006378364562988281e+01
5.994273757934570312e+01
-1.656760573387145996e+00
-1.120910167694091797e+01
-5.733449172973632812e+01
-5.743323135375976562e+01
1.399226806640625000e+03
2.169529785156250000e+03
4.494070129394531250e+02
5.017269897460937500e+02
3.113804931640625000e+02
-4.712549972534179688e+01
2.255616569519042969e+01
-3.343811035156250000e+01
3.544491577148437500e+01
2.849624872207641602e+00
-6.152832031250000000e+01
-1.060579757690429688e+02
1.445939575195312500e+03
1.921719726562500000e+03
4.724726867675781250e+02
4.540065917968750000e+02
2.131008605957031250e+02
1.479982256889343262e+00
1.876005172729492188e+01
-1.891796112060546875e+01
3.321601104736328125e+01
3.235961198806762695e-01
-4.809199905395507812e+01
-1.169246749877929688e+02
9.622372436523437500e+02
1.512685180664062500e+03
5.431145629882812500e+02
1.366290588378906250e+02
3.464118652343750000e+02
1.026571121215820312e+02
-8.836253166198730469e+00
-1.479347610473632812e+01
3.610686874389648438e+01
-1.957526683807373047e+00
-5.306930160522460938e+01
-1.281525573730468750e+02
2.633078613281250000e+02
1.173713256835937500e+03
6.638222045898437500e+02
5.595100021362304688e+01
3.387216186523437500e+02
2.130960083007812500e+02
-3.315700149536132812e+01
-1.756644630432128906e+01
3.790156555175781250e+01
-4.764095783233642578e+00
-5.155150604248046875e+01
-1.344587554931640625e+02
2.986213493347167969e+01
5.895010986328125000e+02
5.340869140625000000e+02
3.653330688476562500e+02
3.158932495117187500e+02
2.957646484375000000e+02
-5.653211593627929688e+01
-3.563484573364257812e+01
3.363084030151367188e+01
1.423221492767333984e+01
-9.529003906250000000e+01
-1.206711273193359375e+02
2.129115104675292969e+01
5.812661743164062500e+02
5.317260742187500000e+02
3.697040710449218750e+02
3.120733947753906250e+02
3.029298706054687500e+02
-5.432839584350585938e+01
-3.770245742797851562e+01
3.155410957336425781e+01
1.391245651245117188e+01
-9.417076873779296875e+01
-1.212533035278320312e+02
2.348310852050781250e+02
1.137932006835937500e+03
6.783074951171875000e+02
5.685706710815429688e+01
3.361125488281250000e+02
2.170714263916015625e+02
-3.230527496337890625e+01
-2.316048049926757812e+01
3.463932800292968750e+01
-4.960799694061279297e+00
-5.173041915893554688e+01
-1.356667785644531250e+02
9.195640869140625000e+02
1.478607055664062500e+03
5.509943847656250000e+02
1.468642730712890625e+02
3.519410400390625000e+02
1.049247817993164062e+02
-8.070330619812011719e+00
-2.161506462097167969e+01
3.389335250854492188e+01
-3.287448167800903320e+00
-5.335196685791015625e+01
-1.293480072021484375e+02
1.436752441406250000e+03
1.894338012695312500e+03
4.715847167968750000e+02
4.597382507324218750e+02
2.227630157470703125e+02
2.637820005416870117e+00
1.931080055236816406e+01
-2.327761077880859375e+01
3.086045837402343750e+01
4.497793316841125488e-01
-4.911747360229492188e+01
-1.182676696777343750e+02
1.129472900390625000e+03
1.355291992187500000e+03
3.373857727050781250e+02
4.074105529785156250e+02
4.700122451782226562e+01
1.339951133728027344e+01
1.397615528106689453e+01
-6.736127471923828125e+01
-1.892664146423339844e+01
4.159681701660156250e+01
-2.554616165161132812e+01
-9.118299865722656250e+01
1.084725463867187500e+03
1.226354003906250000e+03
3.643565673828125000e+02
3.834320983886718750e+02
-4.904560565948486328e+00
4.496791458129882812e+01
2.336883926391601562e+01
-5.285379028320312500e+01
-1.573550891876220703e+01
4.160099029541015625e+01
-2.700438117980957031e+01
-9.349635314941406250e+01
8.186408691406250000e+02
9.350135498046875000e+02
3.976291198730468750e+02
-5.511780166625976562e+01
3.432693176269531250e+02
1.393994445800781250e+02
-1.530561745166778564e-01
-4.053264617919921875e+01
3.782960414886474609e+00
3.955897521972656250e+01
-7.705277252197265625e+01
-1.056864929199218750e+02
3.167645874023437500e+02
6.269973144531250000e+02
-6.323813438415527344e+00
4.478954772949218750e+02
3.737331237792968750e+02
2.500192260742187500e+02
-2.629961013793945312e+01
-2.994762802124023438e+01
9.545266151428222656e+00
3.851458358764648438e+01
-8.647717285156250000e+01
-1.209178695678710938e+02
1.955784988403320312e+01
-4.934245300292968750e+01
5.631814575195312500e+02
5.290906982421875000e+02
3.765617675781250000e+02
3.276662597656250000e+02
-2.894523620605468750e+01
-2.742089271545410156e+01
2.073266410827636719e+01
3.246159744262695312e+01
-8.369843292236328125e+01
-1.048722686767578125e+02
9.703411102294921875e+00
-3.985142898559570312e+01
5.609683837890625000e+02
5.373647460937500000e+02
3.676605224609375000e+02
3.352771911621093750e+02
-2.773136711120605469e+01
-3.034068298339843750e+01
1.906022644042968750e+01
3.295434570312500000e+01
-8.057726287841796875e+01
-1.066572418212890625e+02
2.950464172363281250e+02
6.177574462890625000e+02
-9.495170593261718750e+00
4.566555786132812500e+02
3.658961791992187500e+02
2.519045562744140625e+02
-2.554197311401367188e+01
-3.680897903442382812e+01
8.737580299377441406e+00
3.814533615112304688e+01
-8.676304626464843750e+01
-1.209232177734375000e+02
8.014189453125000000e+02
9.188652954101562500e+02
4.057666015625000000e+02
-5.061799240112304688e+01
3.417144470214843750e+02
1.407690124511718750e+02
3.921823501586914062e-01
-4.916387176513671875e+01
2.914582490921020508e+00
3.819353866577148438e+01
-8.007654571533203125e+01
-1.063405303955078125e+02
1.080657592773437500e+03
1.222071533203125000e+03
3.679433898925781250e+02
3.865878295898437500e+02
1.537215113639831543e+00
4.406405639648437500e+01
2.386527824401855469e+01
-6.009362411499023438e+01
-1.626740646362304688e+01
4.071706008911132812e+01
-2.810277748107910156e+01
-9.467590332031250000e+01
8.214255371093750000e+02
6.611159667968750000e+02
2.465368499755859375e+02
-1.027560348510742188e+02
3.063200683593750000e+02
4.778100490570068359e+00
5.056032180786132812e+00
2.148388481140136719e+01
1.307341098785400391e+01
4.830450057983398438e+01
-6.078754043579101562e+01
-1.162074813842773438e+02
7.590251464843750000e+02
6.115515747070312500e+02
2.224677581787109375e+02
-8.749384307861328125e+01
3.234357910156250000e+02
3.398212814331054688e+01
1.354943370819091797e+01
-4.331142902374267578e+00
1.802055549621582031e+01
4.646391296386718750e+01
-5.139494705200195312e+01
-1.197758102416992188e+02
5.912918701171875000e+02
4.553406677246093750e+02
-1.080217742919921875e+02
2.556432800292968750e+02
3.626919555664062500e+02
9.043537902832031250e+01
4.563498020172119141e+00
-2.942700576782226562e+01
6.693215847015380859e+00
3.742592239379882812e+01
-5.518577194213867188e+01
-1.306252136230468750e+02
3.188867492675781250e+02
-3.063647079467773438e+01
2.067486267089843750e+02
2.983362121582031250e+02
3.587981872558593750e+02
1.776179046630859375e+02
-5.644098281860351562e+00
-2.557132911682128906e+01
1.100512695312500000e+01
3.715643692016601562e+01
-7.348954772949218750e+01
-1.310936584472656250e+02
4.439330291748046875e+01
-9.782915496826171875e+01
3.358860168457031250e+02
3.310748901367187500e+02
3.317485046386718750e+02
2.673039245605468750e+02
-2.217356872558593750e+01
-3.514308166503906250e+01
9.036459922790527344e+00
1.635696411132812500e+01
-1.110113830566406250e+02
-1.274042739868164062e+02
3.572631072998046875e+01
-8.776910400390625000e+01
3.404413757324218750e+02
3.270498962402343750e+02
3.209989013671875000e+02
2.760386352539062500e+02
-2.069536781311035156e+01
-3.645175170898437500e+01
1.155510139465332031e+01
1.248909664154052734e+01
-1.083847351074218750e+02
-1.306507415771484375e+02
3.099361572265625000e+02
-1.778203964233398438e+01
2.097328033447265625e+02
2.964139099121093750e+02
3.494400634765625000e+02
1.796553039550781250e+02
-4.956024169921875000e+00
-2.887481880187988281e+01
1.328798580169677734e+01
3.123230934143066406e+01
-7.639858245849609375e+01
-1.327402954101562500e+02
5.836353759765625000e+02
4.551225280761718750e+02
-1.117290573120117188e+02
2.549422149658203125e+02
3.566805114746093750e+02
9.161241149902343750e+01
4.928902149200439453e+00
-3.367493057250976562e+01
7.743515014648437500e+00
3.197828865051269531e+01
-5.910651397705078125e+01
-1.308954925537109375e+02
7.593473510742187500e+02
6.108131713867187500e+02
2.236213531494140625e+02
-8.956000518798828125e+01
3.210974731445312500e+02
3.287804031372070312e+01
1.360158348083496094e+01
-8.051627159118652344e+00
1.833938980102539062e+01
4.270459365844726562e+01
-5.270002746582031250e+01
-1.200316238403320312e+02
4.870733642578125000e+02
2.252109527587890625e+02
-9.765106964111328125e+01
8.912943267822265625e+01
2.572315673828125000e+02
-2.959946060180664062e+01
-2.758230209350585938e+00
5.527743530273437500e+01
4.003184509277343750e+01
4.277201461791992188e+01
-4.568076705932617188e+01
-1.320575714111328125e+02
4.027031860351562500e+02
3.031894531250000000e+02
-1.296517181396484375e+02
1.200945968627929688e+02
2.694588623046875000e+02
-1.480588054656982422e+01
-2.325999975204467773e+00
4.271187210083007812e+01
3.835153961181640625e+01
3.274024581909179688e+01
-4.948793411254882812e+01
-1.354577178955078125e+02
3.551446533203125000e+02
1.704166717529296875e+02
-1.155764617919921875e+02
1.337279205322265625e+02
2.583561706542968750e+02
1.683340835571289062e+01
-7.271170616149902344e+00
2.296026229858398438e+01
2.018320083618164062e+01
9.884029388427734375e+00
-5.741101074218750000e+01
-1.464653778076171875e+02
2.000106353759765625e+02
-1.096225662231445312e+02
1.483645782470703125e+02
1.421581115722656250e+02
2.340288085937500000e+02
5.542910385131835938e+01
-1.447108173370361328e+01
5.429478168487548828e+00
1.176891040802001953e+01
5.795775890350341797e+00
-6.068899917602539062e+01
-1.451954193115234375e+02
5.356471252441406250e+01
-7.010950469970703125e+01
1.557387847900390625e+02
1.469594268798828125e+02
1.806593017578125000e+02
1.200647201538085938e+02
-2.332596778869628906e+01
-2.529917526245117188e+01
1.248705196380615234e+01
3.588300704956054688e+00
-9.190256500244140625e+01
-1.272573242187500000e+02
4.753448867797851562e+01
-6.426008605957031250e+01
1.576562805175781250e+02
1.467238922119140625e+02
1.880202178955078125e+02
1.163416290283203125e+02
-3.132398605346679688e+01
-1.509099578857421875e+01
1.357222270965576172e+01
1.724425196647644043e+00
-8.973449707031250000e+01
-1.299183959960937500e+02
1.905400695800781250e+02
-9.806465148925781250e+01
1.468320617675781250e+02
1.395623626708984375e+02
2.395455780029296875e+02
5.403684616088867188e+01
-1.920731735229492188e+01
1.185635471343994141e+01
1.385530948638916016e+01
3.034320592880249023e+00
-5.904015731811523438e+01
-1.469684448242187500e+02
3.553642272949218750e+02
1.825855255126953125e+02
-1.055454330444335938e+02
1.311018066406250000e+02
2.604165649414062500e+02
1.668188858032226562e+01
-1.033386421203613281e+01
2.548950004577636719e+01
2.488623046875000000e+01
7.596839427947998047e+00
-5.711749267578125000e+01
-1.457389678955078125e+02
4.065487670898437500e+02
3.145789489746093750e+02
-1.252254791259765625e+02
1.183909301757812500e+02
2.713501586914062500e+02
-1.630009269714355469e+01
-3.558738470077514648e+00
4.359097290039062500e+01
4.287279891967773438e+01
3.038753318786621094e+01
-4.956849288940429688e+01
-1.363048858642578125e+02
-6.564287185668945312e+00
4.321994304656982422e+00
7.008288383483886719e+00
-1.995566010475158691e+00
-2.712818384170532227e+00
-3.651658773422241211e+00
3.284934759140014648e-01
5.437862873077392578e-01
7.212064862251281738e-01
5.942851305007934570e-01
-1.811478018760681152e+00
-2.635055541992187500e+00
3.251730442047119141e+00
-6.843888759613037109e+00
-1.200468063354492188e+01
-1.522407412528991699e+00
-3.776035308837890625e+00
-4.192792415618896484e+00
-9.101040959358215332e-01
-1.134689807891845703e+00
9.486865997314453125e-01
1.171996742486953735e-01
-3.916063070297241211e+00
-1.270387887954711914e+00
8.654948234558105469e+00
-7.099045753479003906e+00
-5.705412387847900391e+00
-1.315909385681152344e+00
-6.639281272888183594e+00
4.902084827423095703e+00
7.534922957420349121e-01
-3.397730588912963867e+00
2.279640197753906250e+00
-9.555943012237548828e-01
-4.726500511169433594e-01
1.655698060989379883e+00
1.517705631256103516e+01
-2.737974405288696289e+00
-2.096819877624511719e+00
-2.273738622665405273e+00
-9.223244667053222656e+00
-4.283491373062133789e-01
3.866413593292236328e+00
-7.354090690612792969e+00
-1.242362260818481445e+00
3.360936045646667480e-01
-2.831026792526245117e+00
5.022208690643310547e+00
5.233874797821044922e+00
1.876627206802368164e+00
4.136600971221923828e+00
-2.306582450866699219e+00
-4.412882328033447266e+00
1.852145075798034668e+00
9.196119308471679688e+00
-1.099275302886962891e+01
-9.676089882850646973e-02
1.721543788909912109e+00
-5.549357414245605469e+00
1.635302901268005371e+00
2.979403547942638397e-02
1.955816507339477539e+00
-2.413886070251464844e+00
6.959994792938232422e+00
2.235896348953247070e+00
-7.570163607597351074e-01
-9.775475502014160156e+00
1.286590290069580078e+01
1.961344838142395020e+00
-8.889823555946350098e-01
7.436737060546875000e+00
-9.147663116455078125e+00
-4.152870655059814453e+00
3.255484104156494141e+00
-3.774855136871337891e+00
2.576122999191284180e+00
5.594692707061767578e+00
-1.315438508987426758e+00
-9.843738079071044922e-01
9.436504364013671875e+00
7.192583680152893066e-01
1.318194746971130371e+00
5.674648284912109375e+00
8.242889642715454102e-01
2.197930574417114258e+00
1.075062561035156250e+01
-1.722721815109252930e+00
-1.365324497222900391e+00
-9.286853075027465820e-01
6.984735488891601562e+00
1.278240531682968140e-01
5.869341373443603516e+00
5.189364433288574219e+00
3.567945241928100586e+00
4.959014415740966797e+00
1.776585280895233154e-01
1.870697587728500366e-01
2.022138118743896484e+00
1.007758331298828125e+01
-2.357033729553222656e+00
1.141184717416763306e-01
-2.055106878280639648e+00
-3.678506016731262207e-01
4.877079486846923828e+00
2.491545677185058594e+00
2.005577087402343750e+00
1.144356727600097656e+00
-2.307970076799392700e-01
-4.798968200683593750e+02
-2.352948913574218750e+02
1.022664718627929688e+02
-9.507151794433593750e+01
-2.617854919433593750e+02
2.370913124084472656e+01
4.091809272766113281e+00
-5.160842132568359375e+01
-3.848031616210937500e+01
-3.917224502563476562e+01
4.556676101684570312e+01
1.330534210205078125e+02
-4.045764160156250000e+02
-3.245568542480468750e+02
1.289326477050781250e+02
-1.255880355834960938e+02
-2.735879821777343750e+02
5.855133533477783203e+00
5.204682946205139160e-01
-4.224887084960937500e+01
-4.108762741088867188e+01
-2.893358421325683594e+01
5.176591491699218750e+01
1.352888641357421875e+02
-3.431145324707031250e+02
-1.946812438964843750e+02
1.062779159545898438e+02
-1.362995605468750000e+02
-2.662667541503906250e+02
-1.720900344848632812e+01
7.978270530700683594e+00
-2.461526298522949219e+01
-1.947151947021484375e+01
-9.883672714233398438e+00
6.000163269042968750e+01
1.423906097412109375e+02
-1.800535736083984375e+02
1.007173995971679688e+02
-1.443776550292968750e+02
-1.439362792968750000e+02
-2.461664276123046875e+02
-5.585935592651367188e+01
1.785365867614746094e+01
-9.860950469970703125e+00
-1.345924091339111328e+01
-5.379384517669677734e+00
6.303482437133789062e+01
1.413385772705078125e+02
-4.010359954833984375e+01
6.259023666381835938e+01
-1.519355773925781250e+02
-1.528820800781250000e+02
-1.954209442138671875e+02
-1.173105850219726562e+02
3.649255752563476562e+01
1.518383502960205078e+01
-1.003475952148437500e+01
-4.980486869812011719e+00
9.220668029785156250e+01
1.271364212036132812e+02
-5.292121124267578125e+01
7.278375244140625000e+01
-1.587869873046875000e+02
-1.466214752197265625e+02
-1.801334075927734375e+02
-1.253746032714843750e+02
2.739295005798339844e+01
2.837979125976562500e+01
-1.562720203399658203e+01
1.378993272781372070e+00
8.904878234863281250e+01
1.290189666748046875e+02
-1.976368560791015625e+02
1.094028167724609375e+02
-1.543893890380859375e+02
-1.425920410156250000e+02
-2.349082031250000000e+02
-5.817590332031250000e+01
1.509007549285888672e+01
1.171126484870910645e+00
-1.616310501098632812e+01
-1.427733540534973145e+00
6.320228195190429688e+01
1.431570587158203125e+02
-3.495267028808593750e+02
-1.791576690673828125e+02
1.251206893920898438e+02
-1.349454498291015625e+02
-2.603610229492187500e+02
-1.963550567626953125e+01
9.520840644836425781e+00
-1.820151329040527344e+01
-1.926475906372070312e+01
-9.927700042724609375e+00
6.316693496704101562e+01
1.463018646240234375e+02
-4.009356994628906250e+02
-3.154106140136718750e+02
1.271893692016601562e+02
-1.221179275512695312e+02
-2.699868164062500000e+02
4.600242137908935547e+00
2.614566802978515625e+00
-3.871018981933593750e+01
-3.990155029296875000e+01
-3.096376609802246094e+01
5.417982864379882812e+01
1.369814758300781250e+02
-8.245710449218750000e+02
-6.733850097656250000e+02
-2.527434692382812500e+02
1.004732437133789062e+02
-3.036092834472656250e+02
-7.317702770233154297e+00
-5.651456832885742188e+00
-1.666724205017089844e+01
-1.407285213470458984e+01
-5.070499801635742188e+01
5.732757568359375000e+01
1.153762283325195312e+02
-7.607568969726562500e+02
-6.223409423828125000e+02
-2.292153778076171875e+02
9.050351715087890625e+01
-3.197971191406250000e+02
-3.773043060302734375e+01
-1.603136825561523438e+01
1.270144176483154297e+01
-2.285470199584960938e+01
-4.952192306518554688e+01
5.321350097656250000e+01
1.205786437988281250e+02
-5.891065063476562500e+02
-4.712148132324218750e+02
1.141514968872070312e+02
-2.602810058593750000e+02
-3.620537414550781250e+02
-9.870806121826171875e+01
-6.929333209991455078e+00
3.321952819824218750e+01
-7.892319202423095703e+00
-3.740686035156250000e+01
5.535217285156250000e+01
1.306372985839843750e+02
-3.118936157226562500e+02
1.632528185844421387e+00
-1.969278106689453125e+02
-3.007703857421875000e+02
-3.570969238281250000e+02
-1.877925415039062500e+02
4.000004768371582031e+00
2.938691139221191406e+01
-1.222305679321289062e+01
-3.337643432617187500e+01
7.850356292724609375e+01
1.277624130249023438e+02
-3.601453399658203125e+01
8.748495483398437500e+01
-3.402493896484375000e+02
-3.267914733886718750e+02
-3.354992065429687500e+02
-2.801813964843750000e+02
1.959474945068359375e+01
3.953136825561523438e+01
-1.258998298645019531e+01
-1.718075180053710938e+01
1.096300125122070312e+02
1.260018005371093750e+02
-4.851593017578125000e+01
9.967645263671875000e+01
-3.415471191406250000e+02
-3.301694335937500000e+02
-3.322138061523437500e+02
-2.813890380859375000e+02
2.310930442810058594e+01
3.732310104370117188e+01
-1.449130439758300781e+01
-1.666038322448730469e+01
1.101433334350585938e+02
1.272314910888671875e+02
-3.174472656250000000e+02
2.400785064697265625e+01
-1.990647888183593750e+02
-3.048905944824218750e+02
-3.552864990234375000e+02
-1.878273773193359375e+02
6.527225017547607422e+00
2.764940261840820312e+01
-1.390236663818359375e+01
-3.441030883789062500e+01
7.818110656738281250e+01
1.317441101074218750e+02
-5.797386474609375000e+02
-4.747584228515625000e+02
1.116125183105468750e+02
-2.641960144042968750e+02
-3.603219299316406250e+02
-1.000375137329101562e+02
-3.831525564193725586e+00
3.297344207763671875e+01
-8.835363388061523438e+00
-3.789054489135742188e+01
5.593672180175781250e+01
1.346101226806640625e+02
-7.494692993164062500e+02
-6.399695434570312500e+02
-2.295478210449218750e+02
8.823666381835937500e+01
-3.200771179199218750e+02
-3.842106246948242188e+01
-1.467836189270019531e+01
1.325726890563964844e+01
-2.397998809814453125e+01
-5.049973678588867188e+01
5.458880996704101562e+01
1.215328521728515625e+02
-1.126984985351562500e+03
-1.359819946289062500e+03
-3.344124145507812500e+02
-4.059966735839843750e+02
-4.874697113037109375e+01
-1.093767070770263672e+01
-1.603684997558593750e+01
7.451040649414062500e+01
1.603236007690429688e+01
-4.104489517211914062e+01
2.018937301635742188e+01
8.727368164062500000e+01
-1.077118286132812500e+03
-1.226217407226562500e+03
-3.619757080078125000e+02
-3.831009826660156250e+02
1.601981759071350098e+00
-4.450267791748046875e+01
-2.379049110412597656e+01
6.188420104980468750e+01
9.947633743286132812e+00
-4.208311462402343750e+01
2.555174446105957031e+01
9.161783599853515625e+01
-8.101470947265625000e+02
-9.209159545898437500e+02
-3.994450073242187500e+02
5.674291992187500000e+01
-3.424837341308593750e+02
-1.414068298339843750e+02
-1.391410589218139648e+00
4.965211105346679688e+01
-2.978223323822021484e+00
-3.998539733886718750e+01
7.825633239746093750e+01
1.032840576171875000e+02
-2.982194824218750000e+02
-6.312293701171875000e+02
1.280592060089111328e+01
-4.544892578125000000e+02
-3.693696594238281250e+02
-2.549440307617187500e+02
2.370099830627441406e+01
3.977579116821289062e+01
-9.893567085266113281e+00
-3.860416793823242188e+01
8.528764343261718750e+01
1.189730682373046875e+02
-1.162678337097167969e+01
3.604037094116210938e+01
-5.569603271484375000e+02
-5.315161743164062500e+02
-3.793291015625000000e+02
-3.349663085937500000e+02
2.366150856018066406e+01
3.320859146118164062e+01
-2.020714759826660156e+01
-3.357693099975585938e+01
7.919783020019531250e+01
1.070111083984375000e+02
-1.891030502319335938e+01
4.572476959228515625e+01
-5.593510131835937500e+02
-5.276824951171875000e+02
-3.826091613769531250e+02
-3.303139953613281250e+02
3.064653205871582031e+01
2.528717422485351562e+01
-2.075020408630371094e+01
-3.450313949584960938e+01
8.102487945556640625e+01
1.083053894042968750e+02
-3.035322265625000000e+02
-6.336715698242187500e+02
9.153448104858398438e+00
-4.521208801269531250e+02
-3.730294494628906250e+02
-2.515771331787109375e+02
2.830143928527832031e+01
3.094662475585937500e+01
-1.074329566955566406e+01
-4.018275451660156250e+01
8.584156799316406250e+01
1.221363143920898438e+02
-8.006944580078125000e+02
-9.409985351562500000e+02
-3.965603027343750000e+02
5.726148605346679688e+01
-3.435284423828125000e+02
-1.406906738281250000e+02
2.369192123413085938e+00
4.179545211791992188e+01
-3.801326990127563477e+00
-4.051173400878906250e+01
7.731769561767578125e+01
1.047061462402343750e+02
-1.068532592773437500e+03
-1.238959106445312500e+03
-3.586932678222656250e+02
-3.812915649414062500e+02
5.923677444458007812e+00
-4.562164688110351562e+01
-2.262149620056152344e+01
5.794002532958984375e+01
1.044659233093261719e+01
-4.120787429809570312e+01
2.684118461608886719e+01
9.226679229736328125e+01
-1.388566040039062500e+03
-2.184606445312500000e+03
-4.401014404296875000e+02
-4.982255554199218750e+02
-3.209898071289062500e+02
4.656228637695312500e+01
-2.545410537719726562e+01
3.706841278076171875e+01
-3.690647125244140625e+01
-2.787168979644775391e+00
6.034741210937500000e+01
1.075772857666015625e+02
-1.413941406250000000e+03
-1.921842895507812500e+03
-4.679572753906250000e+02
-4.617593383789062500e+02
-2.295428161621093750e+02
-1.970124363899230957e+00
-1.905716323852539062e+01
2.608111953735351562e+01
-3.441911315917968750e+01
2.532272577285766602e+00
4.542951202392578125e+01
1.168391799926757812e+02
-9.276481323242187500e+02
-1.465552368164062500e+03
-5.502510375976562500e+02
-1.479822540283203125e+02
-3.519411315917968750e+02
-1.038408660888671875e+02
8.588677406311035156e+00
2.332492637634277344e+01
-3.360374832153320312e+01
1.845595359802246094e+00
5.356359100341796875e+01
1.297008972167968750e+02
-2.463414764404296875e+02
-1.141736694335937500e+03
-6.717937011718750000e+02
-6.284755325317382812e+01
-3.369443054199218750e+02
-2.224929351806640625e+02
3.001267814636230469e+01
2.470204544067382812e+01
-3.486192321777343750e+01
4.653591632843017578e+00
5.212912368774414062e+01
1.344591217041015625e+02
-2.504597282409667969e+01
-5.835925903320312500e+02
-5.308031616210937500e+02
-3.680007934570312500e+02
-3.106361694335937500e+02
-3.067560729980468750e+02
5.053304672241210938e+01
3.767644119262695312e+01
-3.229259490966796875e+01
-1.646156501770019531e+01
9.328832244873046875e+01
1.214490737915039062e+02
-2.918514442443847656e+01
-5.892579956054687500e+02
-5.351792602539062500e+02
-3.578198852539062500e+02
-3.202512817382812500e+02
-2.966384582519531250e+02
5.747979736328125000e+01
3.196462440490722656e+01
-3.600278854370117188e+01
-1.545845222473144531e+01
9.456005096435546875e+01
1.215744247436523438e+02
-2.595284729003906250e+02
-1.185993896484375000e+03
-6.563419799804687500e+02
-6.577981567382812500e+01
-3.427163391113281250e+02
-2.143174285888671875e+02
3.511813735961914062e+01
1.730149269104003906e+01
-3.871391296386718750e+01
6.334538459777832031e+00
5.248173904418945312e+01
1.360174713134765625e+02
-9.463090209960937500e+02
-1.495942382812500000e+03
-5.363731689453125000e+02
-1.393281402587890625e+02
-3.490266723632812500e+02
-9.773647308349609375e+01
1.045944499969482422e+01
1.400582027435302734e+01
-3.490610885620117188e+01
4.043342590332031250e+00
5.475146484375000000e+01
1.302865600585937500e+02
-1.423544311523437500e+03
-1.908508911132812500e+03
-4.612337341308593750e+02
-4.585812377929687500e+02
-2.201180114746093750e+02
3.951896354556083679e-02
-1.890191078186035156e+01
1.903516197204589844e+01
-3.440560531616210938e+01
3.941241502761840820e+00
4.652832031250000000e+01
1.166678390502929688e+02
-3.005915527343750000e+03
-1.455302124023437500e+03
-4.317769165039062500e+02
-7.387820434570312500e+02
-3.954346618652343750e+02
5.566102600097656250e+01
-1.865134239196777344e+01
-5.224720001220703125e+01
7.123458862304687500e+00
-1.404523372650146484e+01
5.177769851684570312e+01
4.959112167358398438e+01
-1.553637207031250000e+03
-2.313832031250000000e+03
-4.630690002441406250e+02
-6.308955688476562500e+02
-3.644253234863281250e+02
3.137980270385742188e+01
-1.003716850280761719e+01
-5.757203674316406250e+01
-2.864380836486816406e+00
1.198318481445312500e+01
5.726493072509765625e+01
5.617984771728515625e+01
-8.331436767578125000e+02
-1.791115478515625000e+03
-5.512597045898437500e+02
-4.795528259277343750e+02
-2.700122680664062500e+02
-3.367811584472656250e+01
1.960917091369628906e+01
-4.748677825927734375e+01
-6.113069057464599609e+00
1.898102951049804688e+01
3.285643768310546875e+01
7.123332214355468750e+01
-2.110586547851562500e+02
-1.099172973632812500e+03
-6.826218261718750000e+02
-1.735667724609375000e+02
-3.610348205566406250e+02
-1.349568481445312500e+02
3.576736450195312500e+01
-1.584305572509765625e+01
-2.058804512023925781e+01
1.287884616851806641e+01
4.556236267089843750e+01
8.891434478759765625e+01
-6.782506713867187500e+02
-2.359105987548828125e+02
-7.103597412109375000e+02
-1.161237106323242188e+02
-2.316653747558593750e+02
-2.015591125488281250e+02
3.673561096191406250e+01
1.728589057922363281e+01
-2.234822082519531250e+01
4.279430866241455078e+00
8.136707305908203125e+01
9.226216888427734375e+01
-6.951447753906250000e+02
-2.319366302490234375e+02
-7.054475097656250000e+02
-1.203411026000976562e+02
-2.400439605712890625e+02
-1.919837341308593750e+02
3.961591339111328125e+01
1.594127464294433594e+01
-2.278764533996582031e+01
1.984080433845520020e+00
8.166552734375000000e+01
9.271914672851562500e+01
-2.295359954833984375e+02
-1.111588378906250000e+03
-6.669215087890625000e+02
-1.691620941162109375e+02
-3.671264953613281250e+02
-1.283304290771484375e+02
4.057886123657226562e+01
-1.793155479431152344e+01
-2.213843345642089844e+01
1.014695072174072266e+01
4.569731903076171875e+01
9.067336273193359375e+01
-8.794379272460937500e+02
-1.789776000976562500e+03
-5.425863037109375000e+02
-4.786081237792968750e+02
-2.628839111328125000e+02
-2.774544143676757812e+01
2.145844268798828125e+01
-4.798566818237304688e+01
-8.352557182312011719e+00
1.570857524871826172e+01
3.288261032104492188e+01
7.224764251708984375e+01
-1.659689331054687500e+03
-2.340319335937500000e+03
-4.623679199218750000e+02
-6.270247802734375000e+02
-3.584804382324218750e+02
3.373171615600585938e+01
-1.018091678619384766e+01
-5.704947280883789062e+01
-3.133919715881347656e+00
7.999929904937744141e+00
5.752336883544921875e+01
5.657379150390625000e+01
-4.242193359375000000e+03
-3.016169189453125000e+03
-2.209536621093750000e+03
-2.732745056152343750e+02
-5.113900146484375000e+02
3.508721160888671875e+01
-3.346702814102172852e+00
-6.043734550476074219e+00
-2.576820611953735352e+00
-6.733210563659667969e+00
-7.479807853698730469e+00
-1.020129623413085938e+02
-2.728299316406250000e+03
-3.433079589843750000e+03
-1.558875488281250000e+03
-2.834850769042968750e+02
-5.503649902343750000e+02
3.136798477172851562e+01
2.982263326644897461e+00
-6.483621597290039062e+00
-2.884378910064697266e+00
-6.059679985046386719e+00
3.728609085083007812e+00
-7.712078094482421875e+01
-1.893981567382812500e+03
-6.679486694335937500e+02
-1.251920776367187500e+03
-3.274403381347656250e+02
-6.382913208007812500e+02
2.450308609008789062e+01
1.277834415435791016e+01
-6.160703659057617188e+00
-1.149986743927001953e+00
-3.193888187408447266e+00
7.528707981109619141e+00
-3.543174362182617188e+01
-9.409632568359375000e+02
-3.064851684570312500e+02
-3.850625305175781250e+02
-6.050352783203125000e+02
-4.939996948242187500e+02
-4.160757541656494141e+00
-5.853553295135498047e+00
1.451127052307128906e+01
-1.853959083557128906e+00
2.614551782608032227e+00
1.941732597351074219e+01
-2.844735622406005859e+00
-6.351838989257812500e+02
-5.027528991699218750e+02
-4.506841125488281250e+02
-5.385104980468750000e+02
-1.273606796264648438e+02
-3.590771865844726562e+01
-8.401465415954589844e+00
-4.968580245971679688e+00
9.611792564392089844e+00
9.383836746215820312e+00
2.858325004577636719e+01
1.755344200134277344e+01
-6.320374755859375000e+02
-5.044444885253906250e+02
-4.529350280761718750e+02
-5.322360229492187500e+02
-1.386783294677734375e+02
-3.382329177856445312e+01
-8.033258438110351562e+00
-5.834878921508789062e+00
1.199283218383789062e+01
7.482676982879638672e+00
2.912891197204589844e+01
1.779323196411132812e+01
-9.356420288085937500e+02
-3.116058349609375000e+02
-3.861670227050781250e+02
-5.944028930664062500e+02
-5.065399475097656250e+02
-2.735752105712890625e+00
-5.583405971527099609e+00
1.711515808105468750e+01
-2.676136732101440430e+00
2.282388210296630859e+00
1.959134292602539062e+01
-3.498027324676513672e+00
-1.915492187500000000e+03
-6.996151123046875000e+02
-1.292067260742187500e+03
-3.244516601562500000e+02
-6.300837402343750000e+02
2.494636917114257812e+01
1.394718360900878906e+01
-6.392809391021728516e+00
-2.000193357467651367e+00
-3.216514110565185547e+00
7.865067005157470703e+00
-3.711100006103515625e+01
-2.819134765625000000e+03
-3.499183349609375000e+03
-1.565711914062500000e+03
-2.802681579589843750e+02
-5.489424438476562500e+02
3.177985954284667969e+01
2.697271585464477539e+00
-6.907395362854003906e+00
-3.055219888687133789e+00
-7.183874607086181641e+00
2.998855113983154297e+00
-7.907574462890625000e+01
-5.788136672973632812e+01
-1.608105316162109375e+02
-1.539204025268554688e+01
1.160867023468017578e+01
-4.348430156707763672e+00
-2.235218763351440430e+00
-4.879473447799682617e-01
-1.099409103393554688e+00
1.332244038581848145e+00
9.064150452613830566e-01
-2.909568548202514648e+00
-3.773128509521484375e+00
-6.139875030517578125e+01
-7.283162689208984375e+01
-1.061223220825195312e+01
2.684012174606323242e+00
-2.444526910781860352e+00
-1.382711648941040039e+00
-7.310242652893066406e-01
2.047434806823730469e+00
7.699046730995178223e-01
-3.861102759838104248e-01
-2.415803670883178711e-01
-2.036580145359039307e-01
-1.631894350051879883e+00
1.188712596893310547e+01
7.499552249908447266e+00
6.143532991409301758e-01
-9.736555218696594238e-01
-1.790424436330795288e-01
-3.013617694377899170e-01
-2.404414489865303040e-02
-2.394798845052719116e-01
-1.971394568681716919e-01
2.004034757614135742e+00
-1.471857428550720215e+00
3.258225250244140625e+01
1.892458677291870117e+00
7.453072547912597656e+00
2.954057455062866211e+00
-2.706460714340209961e+00
-1.589219868183135986e-01
1.315666437149047852e+00
2.575692534446716309e-01
-5.547605752944946289e-01
4.318485558032989502e-01
-2.636272013187408447e-01
-5.546652674674987793e-01
1.480972862243652344e+01
1.293619424104690552e-01
9.283246397972106934e-01
1.813098192214965820e+00
3.278839588165283203e+00
-5.164155960083007812e-01
-7.065037488937377930e-01
3.294012546539306641e-01
-8.946291804313659668e-01
-4.167275428771972656e-01
-1.273255348205566406e+00
-2.070460081100463867e+00
-1.450021028518676758e+00
6.427213668823242188e+00
1.036876010894775391e+01
-6.983233451843261719e+00
-2.562659502029418945e+00
6.115561127662658691e-01
-4.859465956687927246e-01
-1.395550966262817383e+00
-6.744486093521118164e-01
-2.025845497846603394e-01
-1.472791433334350586e+00
-2.548544168472290039e+00
-1.238122940063476562e+01
7.501699328422546387e-01
7.305669307708740234e+00
-7.131599426269531250e+00
-1.105056405067443848e+00
-1.001274958252906799e-01
-1.412674427032470703e+00
-3.318305686116218567e-02
-1.344478964805603027e+00
6.064867973327636719e-01
-1.354163169860839844e+00
-1.520471096038818359e+00
-3.488684463500976562e+01
-1.235782432556152344e+01
7.188891887664794922e+00
1.165722012519836426e+00
-1.009156608581542969e+01
8.473024368286132812e-01
-8.058818578720092773e-01
-2.891359567642211914e+00
6.612604856491088867e-01
4.230845347046852112e-02
2.213512659072875977e-01
-2.519137859344482422e+00
-9.229278564453125000e+01
-1.020125045776367188e+02
-8.756535530090332031e+00
9.559606552124023438e+00
-6.716741085052490234e+00
-5.656624436378479004e-01
-8.865386247634887695e-01
-1.947731614112854004e+00
1.740087628364562988e+00
2.556011267006397247e-02
-1.045127987861633301e+00
-1.118809700012207031e+00
3.738197021484375000e+03
3.003983398437500000e+03
2.177966064453125000e+03
2.715870361328125000e+02
5.004373474121093750e+02
-3.748677825927734375e+01
3.345556259155273438e+00
5.735299110412597656e+00
4.033727645874023438e+00
5.370756626129150391e+00
6.556369304656982422e+00
1.080715332031250000e+02
2.741937500000000000e+03
3.228852294921875000e+03
1.534147338867187500e+03
2.763681335449218750e+02
5.353858642578125000e+02
-3.171428489685058594e+01
-3.905756711959838867e+00
7.998558521270751953e+00
6.751959323883056641e+00
4.970240116119384766e+00
-4.379365921020507812e+00
7.889235687255859375e+01
1.826199707031250000e+03
7.072892456054687500e+02
1.283680297851562500e+03
3.159693298339843750e+02
6.243153686523437500e+02
-2.542974853515625000e+01
-1.455793571472167969e+01
7.851613521575927734e+00
5.723734378814697266e+00
1.675346940755844116e-01
-4.829826831817626953e+00
3.642724609375000000e+01
9.017275390625000000e+02
3.199319152832031250e+02
3.747359313964843750e+02
6.052915649414062500e+02
5.216127929687500000e+02
3.487730264663696289e+00
5.765221595764160156e+00
-1.735526847839355469e+01
4.812368392944335938e+00
-4.959668159484863281e+00
-2.015824699401855469e+01
2.348807811737060547e+00
6.068225708007812500e+02
4.955504760742187500e+02
4.542621459960937500e+02
5.327124023437500000e+02
1.381348419189453125e+02
3.521330642700195312e+01
6.710767269134521484e+00
6.148525238037109375e+00
-1.367633914947509766e+01
-8.682364463806152344e+00
-3.181280517578125000e+01
-2.091984748840332031e+01
6.239867553710937500e+02
4.931540832519531250e+02
4.457122802734375000e+02
5.267511596679687500e+02
1.279494628906250000e+02
3.830421829223632812e+01
7.197398185729980469e+00
3.965972423553466797e+00
-1.187431430816650391e+01
-9.436654090881347656e+00
-3.200012969970703125e+01
-2.097071075439453125e+01
9.233556518554687500e+02
3.054173278808593750e+02
3.781996154785156250e+02
5.976541748046875000e+02
5.053402709960937500e+02
4.745892524719238281e+00
5.987700462341308594e+00
-1.537594699859619141e+01
1.870334267616271973e+00
-4.452160835266113281e+00
-2.113702774047851562e+01
1.425600767135620117e+00
1.854957031250000000e+03
7.107352294921875000e+02
1.260032470703125000e+03
3.198078613281250000e+02
6.218980712890625000e+02
-2.504929924011230469e+01
-1.278538131713867188e+01
6.620694637298583984e+00
2.466042757034301758e+00
5.210645198822021484e-01
-6.609323024749755859e+00
3.610002899169921875e+01
2.762727294921875000e+03
3.239145019531250000e+03
1.522380615234375000e+03
2.807574157714843750e+02
5.343002319335937500e+02
-3.128153228759765625e+01
-3.068701982498168945e+00
6.251333713531494141e+00
4.613640785217285156e+00
4.995404243469238281e+00
-5.849524021148681641e+00
7.958782958984375000e+01
2.978431884765625000e+03
4.332204589843750000e+03
2.232641845703125000e+03
5.179813842773437500e+02
5.551553955078125000e+02
-5.115186309814453125e+01
9.783364295959472656e+00
3.340736007690429688e+01
1.245451545715332031e+01
-1.466672706604003906e+01
-2.243861007690429688e+01
5.710683822631835938e+01
3.146943115234375000e+03
3.446545410156250000e+03
1.712869384765625000e+03
5.430537719726562500e+02
5.676101684570312500e+02
-5.597231674194335938e+01
6.525601744651794434e-01
3.843932342529296875e+01
1.922059440612792969e+01
-1.212318611145019531e+01
-2.788657188415527344e+01
3.832924652099609375e+01
1.052905517578125000e+03
2.117029785156250000e+03
5.652482299804687500e+02
1.201703002929687500e+03
5.734509277343750000e+02
-2.280511665344238281e+01
-2.874658393859863281e+01
3.057234573364257812e+01
6.859250545501708984e+00
-5.169104099273681641e+00
-1.079235458374023438e+01
3.750643491744995117e+00
1.306672729492187500e+03
3.804672241210937500e+02
7.219975585937500000e+02
5.621357421875000000e+02
6.521062622070312500e+02
4.104773712158203125e+01
-3.660805130004882812e+01
1.829164314270019531e+01
8.715758323669433594e+00
-1.770759201049804688e+01
-3.885763931274414062e+01
-2.862068367004394531e+01
1.121994384765625000e+03
6.607366333007812500e+02
4.356205139160156250e+02
4.380399780273437500e+02
2.619301452636718750e+02
8.359463500976562500e+01
-1.737805175781250000e+01
-1.505053639411926270e+00
5.305790901184082031e-01
-1.001164627075195312e+01
-6.476122283935546875e+01
-5.784990692138671875e+01
1.116338378906250000e+03
6.545200805664062500e+02
4.369190979003906250e+02
4.361489257812500000e+02
2.490913391113281250e+02
8.736708068847656250e+01
-1.568700313568115234e+01
-2.241927146911621094e+00
1.392345905303955078e+00
-1.232479572296142578e+01
-6.364500427246093750e+01
-5.897722244262695312e+01
1.325015747070312500e+03
3.447620849609375000e+02
7.213574829101562500e+02
5.617540893554687500e+02
6.262409057617187500e+02
4.381152725219726562e+01
-3.269497680664062500e+01
2.065298461914062500e+01
5.558002471923828125e+00
-1.863499832153320312e+01
-3.941695404052734375e+01
-2.977004051208496094e+01
1.033591796875000000e+03
2.074227050781250000e+03
5.587661132812500000e+02
1.167708618164062500e+03
5.758244018554687500e+02
-2.216027069091796875e+01
-2.464183807373046875e+01
3.111588287353515625e+01
4.827575683593750000e+00
-6.313020229339599609e+00
-1.229946613311767578e+01
3.278296232223510742e+00
3.010821777343750000e+03
3.410090820312500000e+03
1.691751220703125000e+03
5.376111450195312500e+02
5.684755859375000000e+02
-5.660782241821289062e+01
2.745892286300659180e+00
3.829515075683593750e+01
1.846548080444335938e+01
-1.384361171722412109e+01
-2.997992515563964844e+01
3.864529418945312500e+01
1.889764892578125000e+03
2.332631835937500000e+03
1.074349487304687500e+03
4.438106384277343750e+02
5.289808349609375000e+02
-7.227856445312500000e+01
2.048619461059570312e+01
3.698560333251953125e+01
1.401933479309082031e+01
7.342504978179931641e+00
-6.498335266113281250e+01
-4.558618545532226562e+01
2.147120361328125000e+03
2.105317626953125000e+03
4.915247497558593750e+02
1.081175170898437500e+03
5.026829528808593750e+02
-4.207826995849609375e+01
1.440200996398925781e+01
3.729764175415039062e+01
2.659372520446777344e+01
-2.128902626037597656e+01
-6.896722412109375000e+01
-5.390004730224609375e+01
1.244793701171875000e+03
1.618024047851562500e+03
5.631979370117187500e+02
7.562270507812500000e+02
4.270859069824218750e+02
2.133877754211425781e+01
-1.345773029327392578e+01
1.411897659301757812e+01
4.410408020019531250e+01
-2.465121078491210938e+01
-2.885640907287597656e+01
-7.713302612304687500e+01
2.930528259277343750e+02
1.215900024414062500e+03
6.857880249023437500e+02
3.239345703125000000e+02
5.331834716796875000e+02
1.415609588623046875e+02
-3.245441436767578125e+01
-3.217248439788818359e+00
3.434046936035156250e+01
-1.525215053558349609e+01
-5.797637557983398438e+01
-1.042652816772460938e+02
1.498047027587890625e+02
1.014756530761718750e+03
7.912598266601562500e+02
2.432516174316406250e+02
3.127517395019531250e+02
2.221890106201171875e+02
-3.698508071899414062e+01
-1.840886116027832031e+01
1.572432422637939453e+01
-9.166974067687988281e+00
-9.853599548339843750e+01
-1.087201309204101562e+02
1.381800689697265625e+02
1.006825134277343750e+03
7.998380737304687500e+02
2.416325988769531250e+02
3.077411499023437500e+02
2.247331695556640625e+02
-3.411435699462890625e+01
-2.010337638854980469e+01
1.547920608520507812e+01
-1.136946582794189453e+01
-9.855371093750000000e+01
-1.105945053100585938e+02
2.655821838378906250e+02
1.218616210937500000e+03
6.939139404296875000e+02
3.323597106933593750e+02
5.252675781250000000e+02
1.440283203125000000e+02
-2.925892829895019531e+01
-4.031011104583740234e+00
3.290352249145507812e+01
-1.855777168273925781e+01
-5.913349533081054688e+01
-1.050014114379882812e+02
1.183395263671875000e+03
1.622357299804687500e+03
5.669067382812500000e+02
7.505497436523437500e+02
4.360082397460937500e+02
2.333421897888183594e+01
-1.072806358337402344e+01
1.365900707244873047e+01
4.238559722900390625e+01
-2.846667671203613281e+01
-3.093330192565917969e+01
-7.714649963378906250e+01
1.994816162109375000e+03
2.094117187500000000e+03
4.865426940917968750e+02
1.079127929687500000e+03
5.085175781250000000e+02
-4.183557128906250000e+01
1.594083499908447266e+01
3.548163604736328125e+01
2.491746902465820312e+01
-2.351214218139648438e+01
-6.978859710693359375e+01
-5.368355178833007812e+01
1.595997192382812500e+03
1.611984497070312500e+03
3.795453186035156250e+02
6.381618652343750000e+02
3.769640197753906250e+02
-4.316432189941406250e+01
2.379811286926269531e+01
-3.377220916748046875e+01
1.774951553344726562e+01
3.058555603027343750e+00
-6.953008270263671875e+01
-1.255926971435546875e+02
1.591069580078125000e+03
1.470133911132812500e+03
3.907739562988281250e+02
5.972658691406250000e+02
2.655227661132812500e+02
6.566606044769287109e+00
2.512291717529296875e+01
-1.683538627624511719e+01
2.159706878662109375e+01
-3.907658815383911133e+00
-5.782979965209960938e+01
-1.346014709472656250e+02
1.111472412109375000e+03
1.170569458007812500e+03
4.375072021484375000e+02
1.826130523681640625e+02
4.651911621093750000e+02
1.275089797973632812e+02
1.613418459892272949e+00
-2.068688631057739258e+00
2.938706398010253906e+01
-1.065027999877929688e+01
-6.714742279052734375e+01
-1.474976501464843750e+02
3.482148437500000000e+02
9.252919311523437500e+02
4.977038879394531250e+02
8.910361480712890625e+01
4.527674560546875000e+02
2.690591430664062500e+02
-1.989461517333984375e+01
3.251621961593627930e+00
3.384690475463867188e+01
-7.515209197998046875e+00
-6.523576354980468750e+01
-1.537381896972656250e+02
5.328274536132812500e+01
4.823184204101562500e+02
3.393102111816406250e+02
3.961364746093750000e+02
4.172363586425781250e+02
3.823938293457031250e+02
-3.183756446838378906e+01
-7.675501823425292969e+00
2.284267616271972656e+01
9.379846572875976562e+00
-1.074426345825195312e+02
-1.373441925048828125e+02
4.030388259887695312e+01
4.792850646972656250e+02
3.548088989257812500e+02
3.942709045410156250e+02
4.058803405761718750e+02
3.958479614257812500e+02
-3.052505493164062500e+01
-1.041844081878662109e+01
2.494297599792480469e+01
4.591562271118164062e+00
-1.077089157104492188e+02
-1.384149780273437500e+02
3.150617370605468750e+02
9.122134399414062500e+02
5.152677612304687500e+02
9.187232971191406250e+01
4.424584350585937500e+02
2.771753540039062500e+02
-1.895726585388183594e+01
-2.656798660755157471e-01
3.502992630004882812e+01
-1.425966262817382812e+01
-6.863576507568359375e+01
-1.548627929687500000e+02
1.078005981445312500e+03
1.185259033203125000e+03
4.512298278808593750e+02
1.889299011230468750e+02
4.705617065429687500e+02
1.320897064208984375e+02
2.515787601470947266e+00
-6.667862415313720703e+00
2.929517936706542969e+01
-1.546654701232910156e+01
-7.014286041259765625e+01
-1.490406494140625000e+02
1.590619750976562500e+03
1.501937011718750000e+03
4.004471435546875000e+02
5.968538818359375000e+02
2.758411560058593750e+02
7.019038677215576172e+00
2.594634246826171875e+01
-2.082711219787597656e+01
2.211888504028320312e+01
-5.648784637451171875e+00
-5.882284164428710938e+01
-1.359117431640625000e+02
1.050697387695312500e+03
1.109824462890625000e+03
2.902491455078125000e+02
4.311499328613281250e+02
5.653472900390625000e+00
1.266881942749023438e+01
3.819853782653808594e+00
-3.622513961791992188e+01
-1.392250728607177734e+01
2.353261756896972656e+01
-2.910405349731445312e+01
-1.346616210937500000e+02
1.033541625976562500e+03
1.005842590332031250e+03
2.883417968750000000e+02
3.569239807128906250e+02
4.875415420532226562e+01
6.262716674804687500e+01
1.242801189422607422e+01
-2.510394477844238281e+01
-7.698333263397216797e+00
2.872463226318359375e+01
-2.903761672973632812e+01
-1.365407562255859375e+02
8.304533081054687500e+02
7.565145263671875000e+02
2.811165771484375000e+02
-4.754087448120117188e+01
4.501668090820312500e+02
1.643752899169921875e+02
-3.748414278030395508e+00
-1.918634986877441406e+01
1.272148132324218750e+01
3.428317642211914062e+01
-7.348127746582031250e+01
-1.415202789306640625e+02
3.646661682128906250e+02
5.105255126953125000e+02
6.593780517578125000e+01
1.520806274414062500e+02
4.818194885253906250e+02
2.961827392578125000e+02
-1.908819961547851562e+01
-7.362785816192626953e+00
2.002290916442871094e+01
3.765549087524414062e+01
-9.204273986816406250e+01
-1.388056488037109375e+02
5.702939987182617188e+01
-3.111883163452148438e+01
3.770906372070312500e+02
3.560006103515625000e+02
4.592840270996093750e+02
3.958182067871093750e+02
-5.851263523101806641e+00
-2.565239667892456055e+00
1.750948905944824219e+01
2.420118904113769531e+01
-9.875690460205078125e+01
-1.181220703125000000e+02
4.260213470458984375e+01
-1.893356323242187500e+01
3.735746765136718750e+02
3.578883056640625000e+02
4.371508789062500000e+02
4.186829833984375000e+02
-4.325833797454833984e+00
-7.310060501098632812e+00
2.119676399230957031e+01
1.658242225646972656e+01
-9.823358154296875000e+01
-1.201191024780273438e+02
3.390376586914062500e+02
5.075901794433593750e+02
7.247214508056640625e+01
1.471090087890625000e+02
4.619820556640625000e+02
3.097537841796875000e+02
-1.878777122497558594e+01
-1.233592987060546875e+01
2.162871551513671875e+01
2.968815803527832031e+01
-9.601558685302734375e+01
-1.387043914794921875e+02
8.197103881835937500e+02
7.499793701171875000e+02
2.888508300781250000e+02
-5.014751052856445312e+01
4.391282043457031250e+02
1.659265747070312500e+02
-3.972216606140136719e+00
-2.546902465820312500e+01
1.260018348693847656e+01
2.837192344665527344e+01
-7.919857788085937500e+01
-1.427599945068359375e+02
1.040047851562500000e+03
9.807261352539062500e+02
2.944234008789062500e+02
3.536485595703125000e+02
4.660121154785156250e+01
6.168145370483398438e+01
1.260082244873046875e+01
-2.954375267028808594e+01
-9.511269569396972656e+00
2.483183479309082031e+01
-3.108627319335937500e+01
-1.386850891113281250e+02
4.487030334472656250e+02
7.587168579101562500e+02
1.758372802734375000e+02
-9.962308502197265625e+01
3.495736999511718750e+02
-5.290389060974121094e+00
-4.961134433746337891e+00
4.884958648681640625e+01
2.905965995788574219e+01
5.816645812988281250e+01
-4.933475112915039062e+01
-1.315939941406250000e+02
5.317106933593750000e+02
6.462810668945312500e+02
1.570879364013671875e+02
-9.086698913574218750e+01
3.751669921875000000e+02
8.993224143981933594e+00
-1.912259757518768311e-01
3.186688423156738281e+01
1.145888614654541016e+01
6.065232849121093750e+01
-4.186032485961914062e+01
-1.368244018554687500e+02
5.148024291992187500e+02
4.310182800292968750e+02
-3.253390884399414062e+01
4.451282882690429688e+01
3.808287353515625000e+02
7.914945220947265625e+01
-2.471226453781127930e+00
4.666523933410644531e+00
7.691761970520019531e+00
5.389462661743164062e+01
-4.441834259033203125e+01
-1.524676208496093750e+02
2.821585388183593750e+02
1.717536468505859375e+02
-4.208070373535156250e+01
1.780561218261718750e+02
3.936114501953125000e+02
1.799561767578125000e+02
-1.756925940513610840e+00
-1.452086567878723145e+00
5.920100688934326172e+00
4.023798370361328125e+01
-8.958653259277343750e+01
-1.309543151855468750e+02
6.819735717773437500e+01
-6.940985870361328125e+01
2.214636840820312500e+02
2.081431732177734375e+02
3.580828857421875000e+02
2.795691223144531250e+02
-8.311052322387695312e+00
-1.057308197021484375e+01
1.053273487091064453e+01
2.625355148315429688e+01
-1.335756530761718750e+02
-1.343526763916015625e+02
5.585622024536132812e+01
-5.886537933349609375e+01
2.236588745117187500e+02
2.039553680419921875e+02
3.462877502441406250e+02
2.919631042480468750e+02
-7.382961273193359375e+00
-1.288906288146972656e+01
1.242722702026367188e+01
2.229112052917480469e+01
-1.317793731689453125e+02
-1.347599792480468750e+02
2.693177490234375000e+02
1.864969024658203125e+02
-3.823345947265625000e+01
1.744117736816406250e+02
3.813596191406250000e+02
1.900702667236328125e+02
-3.133001089096069336e+00
-5.070724964141845703e+00
6.718646049499511719e+00
3.457515716552734375e+01
-9.554032135009765625e+01
-1.323578186035156250e+02
5.092749633789062500e+02
4.324964294433593750e+02
-2.927286148071289062e+01
4.237192535400390625e+01
3.758734436035156250e+02
8.127666473388671875e+01
-4.680919647216796875e+00
1.285086870193481445e+00
9.484602928161621094e+00
4.728467941284179688e+01
-5.010961532592773438e+01
-1.493624420166015625e+02
5.326898193359375000e+02
6.413139038085937500e+02
1.579131164550781250e+02
-9.028632354736328125e+01
3.762160339355468750e+02
9.940957069396972656e+00
-1.534755349159240723e+00
2.778028678894042969e+01
1.309333610534667969e+01
5.595661163330078125e+01
-4.385566329956054688e+01
-1.360590667724609375e+02
1.206014099121093750e+02
2.862348022460937500e+02
3.216914749145507812e+01
-4.192493057250976562e+01
1.998803100585937500e+02
-6.649351501464843750e+01
1.120529174804687500e+01
4.260990142822265625e+01
1.481672406196594238e+00
3.198227119445800781e+01
-3.299067497253417969e+00
-1.148417816162109375e+02
1.423152465820312500e+02
2.790843505859375000e+02
-2.034830474853515625e+01
-2.263860321044921875e+01
1.816197814941406250e+02
-4.749211883544921875e+01
7.292653560638427734e+00
2.962982559204101562e+01
4.553939819335937500e+00
3.000831222534179688e+01
-9.502563476562500000e+00
-1.184218978881835938e+02
1.821558685302734375e+02
1.899837341308593750e+02
-9.339875030517578125e+01
4.346554183959960938e+01
1.736737976074218750e+02
-3.606055736541748047e+00
6.076206684112548828e+00
1.122073459625244141e+01
1.704645729064941406e+01
1.918185806274414062e+01
-2.842399787902832031e+01
-1.125661163330078125e+02
1.127101745605468750e+02
-1.561921215057373047e+01
1.299770355224609375e+01
5.844547653198242188e+01
1.607060089111328125e+02
2.039665412902832031e+01
-9.043707847595214844e+00
1.113569736480712891e+00
1.759675788879394531e+01
6.940443992614746094e+00
-2.809232711791992188e+01
-1.126190414428710938e+02
3.761538314819335938e+01
-3.068426513671875000e+01
7.254781341552734375e+01
6.750267028808593750e+01
1.198343658447265625e+02
9.205162811279296875e+01
-1.611330986022949219e+01
-8.178117752075195312e+00
1.731902503967285156e+01
1.338186454772949219e+01
-4.249126434326171875e+01
-1.006964721679687500e+02
3.532056045532226562e+01
-3.004232406616210938e+01
6.887651062011718750e+01
7.175009155273437500e+01
1.289781036376953125e+02
8.586167907714843750e+01
-2.227541542053222656e+01
3.807054460048675537e-01
1.803379631042480469e+01
1.321275424957275391e+01
-3.855977249145507812e+01
-1.062672653198242188e+02
1.049358978271484375e+02
-6.891378879547119141e+00
1.208123683929443359e+01
6.353654861450195312e+01
1.708964538574218750e+02
1.482319831848144531e+01
-1.027842998504638672e+01
6.347236633300781250e+00
1.926518440246582031e+01
7.823457717895507812e+00
-2.671318435668945312e+01
-1.148396377563476562e+02
1.785845184326171875e+02
2.019124298095703125e+02
-5.296421813964843750e+01
4.800419616699218750e+01
1.821248474121093750e+02
-7.766437053680419922e+00
3.993966817855834961e+00
1.238317489624023438e+01
1.996256065368652344e+01
2.010626411437988281e+01
-3.295907974243164062e+01
-1.110877075195312500e+02
1.325081329345703125e+02
2.969614257812500000e+02
-6.157261848449707031e+00
-9.808029174804687500e+00
1.855780792236328125e+02
-4.658177947998046875e+01
5.587068557739257812e+00
3.002870941162109375e+01
6.138303756713867188e+00
3.060303878784179688e+01
-1.007309341430664062e+01
-1.161792221069335938e+02
-1.447808074951171875e+02
-2.774324951171875000e+02
-4.210496520996093750e+01
4.308390045166015625e+01
-2.113805694580078125e+02
5.914790344238281250e+01
-9.283925056457519531e+00
-3.889778900146484375e+01
4.261645674705505371e-01
-2.874753761291503906e+01
6.422208309173583984e+00
1.134158630371093750e+02
-1.405550842285156250e+02
-2.850721740722656250e+02
8.568799972534179688e+00
1.402988147735595703e+01
-1.932524871826171875e+02
4.522096633911132812e+01
-6.199801445007324219e+00
-2.867012405395507812e+01
-2.325689792633056641e+00
-2.818143653869628906e+01
8.729852676391601562e+00
1.190436401367187500e+02
-1.681555023193359375e+02
-2.060304718017578125e+02
6.298588180541992188e+01
-4.793788528442382812e+01
-1.890101013183593750e+02
5.074587821960449219e+00
-2.379580259323120117e+00
-1.160379409790039062e+01
-1.590317153930664062e+01
-1.934151077270507812e+01
3.579674530029296875e+01
1.099330673217773438e+02
-8.432959747314453125e+01
1.449059104919433594e+01
-1.245865058898925781e+01
-6.829966735839843750e+01
-1.791985321044921875e+02
-1.247826576232910156e+01
1.150424766540527344e+01
-4.466561794281005859e+00
-1.587267971038818359e+01
-8.782170295715332031e+00
4.347204971313476562e+01
1.178864822387695312e+02
-2.070316886901855469e+01
3.573154449462890625e+01
-6.705289459228515625e+01
-7.263047027587890625e+01
-1.368833160400390625e+02
-8.578318786621093750e+01
2.406851196289062500e+01
-2.181302309036254883e+00
-1.537164115905761719e+01
-1.658220863342285156e+01
4.546366882324218750e+01
1.005700454711914062e+02
-2.999768257141113281e+01
3.534252929687500000e+01
-7.592076110839843750e+01
-6.380569458007812500e+01
-1.243240280151367188e+02
-8.869113159179687500e+01
1.501620769500732422e+01
1.244813442230224609e+01
-1.832046890258789062e+01
-1.082831764221191406e+01
3.200202178955078125e+01
1.112744140625000000e+02
-1.052753219604492188e+02
1.616285705566406250e+01
-1.679021072387695312e+01
-6.079315185546875000e+01
-1.591006469726562500e+02
-1.918420219421386719e+01
9.458436012268066406e+00
7.346565723419189453e+00
-1.712727355957031250e+01
-1.815159440040588379e+00
3.550634765625000000e+01
1.211238403320312500e+02
-1.823723602294921875e+02
-1.985454559326171875e+02
8.766582489013671875e+01
-4.281837844848632812e+01
-1.794164276123046875e+02
-1.984128832817077637e+00
-1.857815861701965332e+00
-3.089072227478027344e+00
-1.397907733917236328e+01
-1.738195991516113281e+01
3.609790802001953125e+01
1.127712860107421875e+02
-1.540498504638671875e+02
-2.715552368164062500e+02
1.355019760131835938e+01
2.155609893798828125e+01
-1.880193939208984375e+02
4.399059295654296875e+01
-6.149894714355468750e+00
-2.484582328796386719e+01
-1.952702522277832031e+00
-2.820506286621093750e+01
1.272996044158935547e+01
1.239336166381835938e+02
-4.633776855468750000e+02
-7.541306762695312500e+02
-1.870794525146484375e+02
9.997209930419921875e+01
-3.535939025878906250e+02
2.559850692749023438e+00
5.758007526397705078e+00
-4.801294326782226562e+01
-2.956114768981933594e+01
-6.441260528564453125e+01
5.069350814819335938e+01
1.327673187255859375e+02
-5.387268066406250000e+02
-6.434090576171875000e+02
-1.667422332763671875e+02
9.215484619140625000e+01
-3.781107482910156250e+02
-1.353069019317626953e+01
-2.352547883987426758e+00
-3.090886878967285156e+01
-1.218670940399169922e+01
-6.062485504150390625e+01
4.724618911743164062e+01
1.363757781982421875e+02
-5.126742553710937500e+02
-4.263364562988281250e+02
3.144328117370605469e+01
-4.406708145141601562e+01
-3.880618896484375000e+02
-8.295863342285156250e+01
2.436427116394042969e+00
-2.955515146255493164e+00
-7.648340702056884766e+00
-5.361609649658203125e+01
4.688676834106445312e+01
1.502321624755859375e+02
-2.593755798339843750e+02
-1.879044647216796875e+02
4.158954238891601562e+01
-1.817854309082031250e+02
-3.954607238769531250e+02
-1.884784851074218750e+02
3.085881948471069336e+00
1.329154610633850098e+00
-5.704791545867919922e+00
-4.370696258544921875e+01
9.649017333984375000e+01
1.321582031250000000e+02
-4.895169830322265625e+01
5.950727462768554688e+01
-2.211227416992187500e+02
-2.135496368408203125e+02
-3.628050231933593750e+02
-2.896109924316406250e+02
1.279827404022216797e+01
9.611056327819824219e+00
-9.551383018493652344e+00
-3.089034652709960938e+01
1.344668579101562500e+02
1.328825225830078125e+02
-6.621242523193359375e+01
6.987757110595703125e+01
-2.279461669921875000e+02
-2.139949340820312500e+02
-3.557953491210937500e+02
-2.940400695800781250e+02
1.017444992065429688e+01
1.541376686096191406e+01
-1.545444107055664062e+01
-2.361385726928710938e+01
1.283666076660156250e+02
1.404233245849609375e+02
-2.832937011718750000e+02
-1.783957366943359375e+02
5.053054428100585938e+01
-1.836645355224609375e+02
-3.878788146972656250e+02
-1.918636932373046875e+02
2.575268268585205078e+00
5.960305690765380859e+00
-9.095521926879882812e+00
-3.621775436401367188e+01
8.928782653808593750e+01
1.382071990966796875e+02
-5.161604003906250000e+02
-4.435715026855468750e+02
2.493421554565429688e+01
-4.744680786132812500e+01
-3.819674072265625000e+02
-8.569960021972656250e+01
5.342555999755859375e+00
5.364655256271362305e-01
-1.044257354736328125e+01
-5.110121536254882812e+01
4.716970062255859375e+01
1.589879760742187500e+02
-5.395479125976562500e+02
-6.498717651367187500e+02
-1.732933654785156250e+02
8.913994598388671875e+01
-3.743732910156250000e+02
-1.542977523803710938e+01
2.494963556528091431e-01
-3.043927955627441406e+01
-1.380619335174560547e+01
-6.155048751831054688e+01
5.066741561889648438e+01
1.387297210693359375e+02
-1.052708862304687500e+03
-1.100400756835937500e+03
-2.951491088867187500e+02
-4.316858825683593750e+02
-8.415855407714843750e+00
-1.241806316375732422e+01
-2.336814403533935547e+00
4.051020431518554688e+01
1.577156257629394531e+01
-3.028209114074707031e+01
2.555358886718750000e+01
1.334513702392578125e+02
-1.046267578125000000e+03
-9.629718627929687500e+02
-2.995125122070312500e+02
-3.598747558593750000e+02
-5.152138137817382812e+01
-6.375274276733398438e+01
-1.421257972717285156e+01
3.176058959960937500e+01
9.656206130981445312e+00
-3.277850723266601562e+01
3.035303306579589844e+01
1.328902893066406250e+02
-8.294441528320312500e+02
-7.312857055664062500e+02
-2.924638366699218750e+02
5.308483123779296875e+01
-4.484652404785156250e+02
-1.662394561767578125e+02
3.116142749786376953e+00
2.817355346679687500e+01
-1.041061782836914062e+01
-3.559489822387695312e+01
7.714715576171875000e+01
1.383621063232421875e+02
-3.418985290527343750e+02
-5.124771118164062500e+02
-6.974443817138671875e+01
-1.480230560302734375e+02
-4.836355285644531250e+02
-3.119028015136718750e+02
2.044630050659179688e+01
1.663711738586425781e+01
-2.191852378845214844e+01
-3.846987152099609375e+01
9.238980102539062500e+01
1.357291564941406250e+02
-3.965831375122070312e+01
1.529864215850830078e+01
-3.792774963378906250e+02
-3.654342346191406250e+02
-4.578073730468750000e+02
-4.194521484375000000e+02
7.504824638366699219e+00
1.110981464385986328e+01
-2.044806480407714844e+01
-2.198708534240722656e+01
9.996463775634765625e+01
1.139208450317382812e+02
-5.229927062988281250e+01
2.642313385009765625e+01
-3.800111389160156250e+02
-3.705169372558593750e+02
-4.534050903320312500e+02
-4.151858215332031250e+02
1.102023029327392578e+01
7.103568553924560547e+00
-2.104541778564453125e+01
-2.452277374267578125e+01
9.785779571533203125e+01
1.169167556762695312e+02
-3.533848571777343750e+02
-5.276894531250000000e+02
-6.977880859375000000e+01
-1.578323822021484375e+02
-4.773252868652343750e+02
-3.116402587890625000e+02
2.137657356262207031e+01
1.267751789093017578e+01
-2.364433479309082031e+01
-3.992605590820312500e+01
9.122167968750000000e+01
1.404545440673828125e+02
-8.126887817382812500e+02
-7.976156005859375000e+02
-2.958903198242187500e+02
4.835782241821289062e+01
-4.468384399414062500e+02
-1.691878967285156250e+02
6.259120464324951172e+00
2.256406593322753906e+01
-1.055321502685546875e+01
-3.715523147583007812e+01
7.669733428955078125e+01
1.415721893310546875e+02
-1.023230651855468750e+03
-1.053510864257812500e+03
-3.005204467773437500e+02
-3.604734191894531250e+02
-4.809882736206054688e+01
-6.493507385253906250e+01
-1.183892536163330078e+01
2.713714599609375000e+01
1.159991836547851562e+01
-3.513234710693359375e+01
3.256152343750000000e+01
1.335189819335937500e+02
-1.578870117187500000e+03
-1.616463867187500000e+03
-3.789710083007812500e+02
-6.339184570312500000e+02
-3.775487976074218750e+02
4.367748260498046875e+01
-2.295186805725097656e+01
4.291351699829101562e+01
-1.589826202392578125e+01
-4.799236297607421875e+00
7.131883239746093750e+01
1.242972412109375000e+02
-1.582460083007812500e+03
-1.469641235351562500e+03
-4.007981872558593750e+02
-5.954572753906250000e+02
-2.780961303710937500e+02
-6.911705970764160156e+00
-2.386894416809082031e+01
2.958452033996582031e+01
-2.192162322998046875e+01
3.775901794433593750e+00
5.581343841552734375e+01
1.318406524658203125e+02
-1.097253906250000000e+03
-1.146033081054687500e+03
-4.486711425781250000e+02
-1.906211242675781250e+02
-4.680791320800781250e+02
-1.317910308837890625e+02
-1.282928347587585449e+00
1.077367210388183594e+01
-2.946079635620117188e+01
9.838169097900390625e+00
6.961841583251953125e+01
1.467870788574218750e+02
-3.326189575195312500e+02
-9.088594970703125000e+02
-5.084916992187500000e+02
-9.443642425537109375e+01
-4.442383117675781250e+02
-2.796361694335937500e+02
1.742594146728515625e+01
4.568067073822021484e+00
-3.668744659423828125e+01
9.657385826110839844e+00
6.803693389892578125e+01
1.512254791259765625e+02
-4.529954528808593750e+01
-4.805996704101562500e+02
-3.393860778808593750e+02
-3.957204895019531250e+02
-4.130572509765625000e+02
-3.999312438964843750e+02
2.842481040954589844e+01
1.420582580566406250e+01
-2.761921882629394531e+01
-6.986648082733154297e+00
1.059615173339843750e+02
1.360517120361328125e+02
-5.344265365600585938e+01
-4.894841918945312500e+02
-3.284083862304687500e+02
-4.058359985351562500e+02
-4.237830505371093750e+02
-3.890302124023437500e+02
3.518747329711914062e+01
7.496591091156005859e+00
-2.458655929565429688e+01
-1.112181854248046875e+01
1.061781311035156250e+02
1.375847167968750000e+02
-3.412463989257812500e+02
-9.370373535156250000e+02
-5.016491394042968750e+02
-1.001393508911132812e+02
-4.538225708007812500e+02
-2.713539123535156250e+02
2.445701789855957031e+01
-2.971411705017089844e+00
-3.407942962646484375e+01
6.875430107116699219e+00
6.756434631347656250e+01
1.536686248779296875e+02
-1.086950195312500000e+03
-1.179026000976562500e+03
-4.413399047851562500e+02
-1.895448608398437500e+02
-4.749355773925781250e+02
-1.231207046508789062e+02
2.412851810455322266e+00
2.090087890625000000e+00
-2.812963676452636719e+01
1.051450538635253906e+01
7.028546142578125000e+01
1.489454498291015625e+02
-1.568697021484375000e+03
-1.489444213867187500e+03
-3.945278015136718750e+02
-6.006610717773437500e+02
-2.726962585449218750e+02
-5.228348255157470703e+00
-2.218313026428222656e+01
2.291211318969726562e+01
-2.175320243835449219e+01
5.633140563964843750e+00
5.776234054565429688e+01
1.330322113037109375e+02
-1.827300781250000000e+03
-2.340883300781250000e+03
-1.071917724609375000e+03
-4.425439758300781250e+02
-5.362254028320312500e+02
7.109656524658203125e+01
-2.173931884765625000e+01
-3.866047286987304688e+01
-1.307035064697265625e+01
-7.659068584442138672e+00
6.434422302246093750e+01
4.421589279174804688e+01
-1.947584716796875000e+03
-2.108330566406250000e+03
-4.856850280761718750e+02
-1.052284912109375000e+03
-5.110590820312500000e+02
3.948017883300781250e+01
-1.459297752380371094e+01
-3.779371643066406250e+01
-2.701725769042968750e+01
2.419243621826171875e+01
7.144967651367187500e+01
5.244808959960937500e+01
-1.192007446289062500e+03
-1.619949829101562500e+03
-5.741999511718750000e+02
-7.450270996093750000e+02
-4.426555786132812500e+02
-2.359519004821777344e+01
1.054520225524902344e+01
-1.034825420379638672e+01
-4.231043243408203125e+01
2.956050491333007812e+01
3.168605613708496094e+01
7.482497406005859375e+01
-2.677040100097656250e+02
-1.211137695312500000e+03
-7.025502319335937500e+02
-3.391655578613281250e+02
-5.185334472656250000e+02
-1.477944183349609375e+02
2.754928016662597656e+01
5.185072898864746094e+00
-3.348925781250000000e+01
1.881617736816406250e+01
5.660371780395507812e+01
9.958683013916015625e+01
-1.299920959472656250e+02
-9.919033813476562500e+02
-8.156189575195312500e+02
-2.507003326416015625e+02
-3.031465454101562500e+02
-2.318148956298828125e+02
3.214823532104492188e+01
1.994215202331542969e+01
-1.818462181091308594e+01
8.693467140197753906e+00
9.919901275634765625e+01
1.066983718872070312e+02
-1.331517639160156250e+02
-1.014462829589843750e+03
-8.093753051757812500e+02
-2.534716491699218750e+02
-3.187776489257812500e+02
-2.200321807861328125e+02
3.733858108520507812e+01
1.672678375244140625e+01
-1.708031845092773438e+01
6.234259128570556641e+00
9.952310180664062500e+01
1.073318786621093750e+02
-2.763206176757812500e+02
-1.231318847656250000e+03
-6.964033813476562500e+02
-3.396220092773437500e+02
-5.366755371093750000e+02
-1.390527038574218750e+02
3.588700866699218750e+01
1.853131532669067383e+00
-3.408423995971679688e+01
1.643318939208984375e+01
5.813955307006835938e+01
1.025831909179687500e+02
-1.205800781250000000e+03
-1.608099365234375000e+03
-5.667268676757812500e+02
-7.541925659179687500e+02
-4.402073669433593750e+02
-1.845489501953125000e+01
1.482913017272949219e+01
-1.357466697692871094e+01
-4.316075897216796875e+01
2.825672721862792969e+01
3.255364227294921875e+01
7.666153717041015625e+01
-2.093077636718750000e+03
-2.061763427734375000e+03
-4.836930541992187500e+02
-1.060755859375000000e+03
-5.089658813476562500e+02
3.976037979125976562e+01
-1.368321609497070312e+01
-3.821714401245117188e+01
-2.937960052490234375e+01
2.339505004882812500e+01
7.164644622802734375e+01
5.327608489990234375e+01
-2.851612548828125000e+03
-4.267056152343750000e+03
-2.282876220703125000e+03
-5.270390625000000000e+02
-5.568253173828125000e+02
5.028945159912109375e+01
-1.189842510223388672e+01
-3.342720413208007812e+01
-1.277069950103759766e+01
1.383747386932373047e+01
2.711718177795410156e+01
-5.736775970458984375e+01
-2.895583984375000000e+03
-3.438042480468750000e+03
-1.735693603515625000e+03
-5.484810180664062500e+02
-5.778993530273437500e+02
5.582663726806640625e+01
-1.887089014053344727e+00
-3.917154693603515625e+01
-2.066204643249511719e+01
1.416265296936035156e+01
2.946558380126953125e+01
-3.814737701416015625e+01
-1.017113647460937500e+03
-2.128171875000000000e+03
-5.778003540039062500e+02
-1.151880859375000000e+03
-5.850238037109375000e+02
2.439424133300781250e+01
2.433152961730957031e+01
-3.177269554138183594e+01
-7.056117057800292969e+00
4.569473266601562500e+00
1.101757144927978516e+01
-3.776689291000366211e+00
-1.322050537109375000e+03
-3.721877136230468750e+02
-7.428006591796875000e+02
-5.742239990234375000e+02
-6.246777954101562500e+02
-4.212308120727539062e+01
3.137797164916992188e+01
-1.910231590270996094e+01
-6.632358551025390625e+00
1.728041076660156250e+01
3.804862213134765625e+01
2.729226112365722656e+01
-1.123968872070312500e+03
-6.854696655273437500e+02
-4.411805114746093750e+02
-4.453299865722656250e+02
-2.460252075195312500e+02
-8.835826873779296875e+01
1.476661872863769531e+01
2.512771129608154297e+00
-2.267740488052368164e+00
1.182303619384765625e+01
6.025008010864257812e+01
5.502246856689453125e+01
-1.138358520507812500e+03
-6.661154785156250000e+02
-4.364893188476562500e+02
-4.386587524414062500e+02
-2.632751464843750000e+02
-8.179881286621093750e+01
1.656318283081054688e+01
1.600368261337280273e+00
-1.994712352752685547e+00
9.375331878662109375e+00
6.044602966308593750e+01
5.669400787353515625e+01
-1.326169433593750000e+03
-3.823879699707031250e+02
-7.346694946289062500e+02
-5.704089355468750000e+02
-6.408042602539062500e+02
-3.817956161499023438e+01
3.705525970458984375e+01
-2.053819847106933594e+01
-8.121756553649902344e+00
1.675930023193359375e+01
3.880183029174804688e+01
2.873067474365234375e+01
-1.033576782226562500e+03
-2.132245117187500000e+03
-5.723627929687500000e+02
-1.185008422851562500e+03
-5.803483276367187500e+02
2.698378562927246094e+01
2.823453330993652344e+01
-3.240530776977539062e+01
-8.363957405090332031e+00
2.466018199920654297e+00
1.209471797943115234e+01
-3.454348564147949219e+00
-3.052374755859375000e+03
-3.434017822265625000e+03
-1.754400024414062500e+03
-5.476952514648437500e+02
-5.762880859375000000e+02
5.472035980224609375e+01
-1.731932759284973145e+00
-3.883546829223632812e+01
-2.209132003784179688e+01
1.180840492248535156e+01
2.909846878051757812e+01
-3.842974472045898438e+01
-5.551581054687500000e+03
-8.075512207031250000e+03
-9.174493164062500000e+03
-1.717928924560546875e+02
-6.084100952148437500e+02
1.769243812561035156e+01
-3.446545839309692383e+00
-3.376355409622192383e+00
-8.746152877807617188e+00
2.698977708816528320e+00
-3.159446907043457031e+01
-1.545856781005859375e+02
-4.760690917968750000e+03
-3.350320312500000000e+03
-4.774736816406250000e+03
-1.918836059570312500e+02
-6.324254760742187500e+02
2.025104331970214844e+01
2.001562118530273438e+01
-3.209451436996459961e+00
-5.729186058044433594e+00
1.527193427085876465e+00
1.043416261672973633e+00
-1.221237258911132812e+02
-1.949890380859375000e+03
-1.300860229492187500e+03
-9.500381469726562500e+02
-2.150777130126953125e+02
-6.615034179687500000e+02
1.926590919494628906e+01
-8.846808969974517822e-02
1.687285614013671875e+01
1.887111067771911621e+00
2.973322629928588867e+00
1.431401848793029785e+00
-4.214882278442382812e+01
-9.460477905273437500e+02
-8.725651855468750000e+02
-2.849931945800781250e+02
-7.510211791992187500e+02
-1.419765167236328125e+02
8.505632400512695312e+00
-2.951914072036743164e+00
3.790963888168334961e+00
3.283396720886230469e+00
9.000669479370117188e+00
7.334431171417236328e+00
-1.708824348449707031e+01
-5.036315307617187500e+02
-7.636016845703125000e+02
-3.834738769531250000e+02
-7.988300781250000000e+02
-4.142312240600585938e+01
-7.493618965148925781e+00
-4.381583690643310547e+00
-1.007454320788383484e-01
3.975613594055175781e+00
8.094814300537109375e+00
1.269170570373535156e+01
4.526304721832275391e+00
-4.979206848144531250e+02
-7.609439697265625000e+02
-3.958129577636718750e+02
-7.878903808593750000e+02
-4.534476089477539062e+01
-6.970294475555419922e+00
-3.537258148193359375e+00
-1.019489765167236328e+00
4.828909397125244141e+00
6.866645812988281250e+00
1.402780914306640625e+01
3.370286464691162109e+00
-9.350936889648437500e+02
-8.633038940429687500e+02
-2.874962463378906250e+02
-7.467073974609375000e+02
-1.381564636230468750e+02
7.992841243743896484e+00
-3.169392824172973633e+00
3.892941713333129883e+00
2.883464813232421875e+00
7.524088382720947266e+00
8.708531379699707031e+00
-1.905746650695800781e+01
-1.977210693359375000e+03
-1.290357055664062500e+03
-9.554734497070312500e+02
-2.136387634277343750e+02
-6.636478881835937500e+02
1.945769882202148438e+01
-8.851537108421325684e-01
1.706642913818359375e+01
1.428670406341552734e+00
2.883501291275024414e+00
1.866712212562561035e+00
-4.498822402954101562e+01
-4.887017578125000000e+03
-3.166673339843750000e+03
-4.800608398437500000e+03
-1.887225646972656250e+02
-6.361469116210937500e+02
1.896187782287597656e+01
1.980376434326171875e+01
-3.780313730239868164e+00
-6.860929965972900391e+00
1.548501133918762207e+00
1.576622128486633301e+00
-1.241158218383789062e+02
4.796506835937500000e+03
4.924870117187500000e+03
1.075647753906250000e+04
1.533211669921875000e+02
6.025109863281250000e+02
-1.835352897644042969e+01
3.046571254730224609e+00
3.796024084091186523e+00
9.569006919860839844e+00
-9.935784935951232910e-01
2.990995407104492188e+01
1.541375885009765625e+02
4.178877929687500000e+03
3.129398437500000000e+03
4.981300781250000000e+03
1.722417907714843750e+02
6.198121337890625000e+02
-1.971745872497558594e+01
-2.020915985107421875e+01
4.225402355194091797e+00
6.614206314086914062e+00
1.518246769905090332e+00
-1.495588779449462891e+00
1.227480392456054688e+02
1.884730957031250000e+03
1.317444335937500000e+03
9.617028198242187500e+02
1.935235290527343750e+02
6.512022094726562500e+02
-2.010079383850097656e+01
1.248981475830078125e+00
-1.871384429931640625e+01
-2.946044445037841797e+00
9.243906736373901367e-01
-5.704348683357238770e-01
4.527471542358398438e+01
9.391940307617187500e+02
8.641671142578125000e+02
2.641487731933593750e+02
7.336990966796875000e+02
1.436165466308593750e+02
-8.368969917297363281e+00
4.283755302429199219e+00
-4.217102050781250000e+00
-1.929656505584716797e+00
-9.203785896301269531e+00
-9.371221542358398438e+00
1.729642677307128906e+01
4.826084289550781250e+02
7.641175537109375000e+02
3.781192626953125000e+02
7.815187988281250000e+02
4.602194976806640625e+01
7.132429122924804688e+00
2.865565538406372070e+00
6.140949130058288574e-01
-4.265780448913574219e+00
-7.749360561370849609e+00
-1.582132625579833984e+01
-6.261121273040771484e+00
4.858544006347656250e+02
7.556849365234375000e+02
3.841644592285156250e+02
7.851547851562500000e+02
3.863011932373046875e+01
8.043175697326660156e+00
3.530172348022460938e+00
-1.279430747032165527e+00
-4.715911865234375000e+00
-7.322750091552734375e+00
-1.493989849090576172e+01
-7.041836261749267578e+00
9.205328979492187500e+02
8.724661254882812500e+02
2.769148559570312500e+02
7.281962280273437500e+02
1.428153228759765625e+02
-8.816975593566894531e+00
3.179390907287597656e+00
-4.602339744567871094e+00
-4.042228698730468750e+00
-8.890256881713867188e+00
-8.552968978881835938e+00
1.624040031433105469e+01
1.931764770507812500e+03
1.302476318359375000e+03
9.393830566406250000e+02
2.024886627197265625e+02
6.431955566406250000e+02
-1.983928108215332031e+01
-7.350292205810546875e-01
-1.826491928100585938e+01
-2.967082262039184570e+00
-6.039603948593139648e-01
-1.239852309226989746e+00
4.477959060668945312e+01
4.229180664062500000e+03
3.333679931640625000e+03
5.004074218750000000e+03
1.791954803466796875e+02
6.169750366210937500e+02
-2.111223983764648438e+01
-2.014825439453125000e+01
2.463325262069702148e+00
6.327589511871337891e+00
3.041565418243408203e-01
-1.287341952323913574e+00
1.234393920898437500e+02
5.590321777343750000e+03
8.060263671875000000e+03
5.819843750000000000e+03
5.086271667480468750e+02
9.893663940429687500e+02
-6.021769714355468750e+01
6.259436607360839844e+00
1.321696567535400391e+01
2.016782379150390625e+01
1.680710315704345703e+00
2.520234870910644531e+01
2.046088562011718750e+02
4.729726074218750000e+03
6.182435058593750000e+03
3.522518066406250000e+03
5.324375000000000000e+02
1.026843872070312500e+03
-4.612090301513671875e+01
-1.294420528411865234e+01
1.425971317291259766e+01
1.613818359375000000e+01
1.331095814704895020e+00
1.381955265998840332e+00
1.562776794433593750e+02
3.639101074218750000e+03
1.140345947265625000e+03
2.158988769531250000e+03
6.139320068359375000e+02
1.136971679687500000e+03
-4.677947616577148438e+01
-3.136453056335449219e+01
3.284106016159057617e+00
1.329378318786621094e+01
-6.630374908447265625e+00
-8.007224082946777344e+00
7.281201171875000000e+01
1.804317504882812500e+03
6.598027343750000000e+02
7.119146728515625000e+02
1.083354614257812500e+03
7.282500000000000000e+02
-6.302335262298583984e+00
-1.029893589019775391e+01
4.106924057006835938e+00
-1.321934509277343750e+01
-1.270874404907226562e+01
-3.196758460998535156e+01
1.560523033142089844e+01
1.216409301757812500e+03
8.758941040039062500e+02
9.807298583984375000e+02
1.142124267578125000e+03
1.855328979492187500e+02
3.991407394409179688e+01
-5.317347645759582520e-01
4.800957202911376953e+00
-1.615792274475097656e+01
-1.054479408264160156e+01
-4.938545989990234375e+01
-2.822553253173828125e+01
1.218790161132812500e+03
8.541103515625000000e+02
9.718961181640625000e+02
1.142035888671875000e+03
1.706377258300781250e+02
4.414441680908203125e+01
-2.449152916669845581e-01
5.637435436248779297e+00
-1.469013881683349609e+01
-1.248509407043457031e+01
-4.709574890136718750e+01
-2.897341918945312500e+01
1.811999511718750000e+03
6.601220092773437500e+02
7.056172485351562500e+02
1.087804199218750000e+03
7.047853393554687500e+02
-4.826568126678466797e+00
-9.346330642700195312e+00
4.602156162261962891e+00
-1.302234363555908203e+01
-1.382727622985839844e+01
-3.065369033813476562e+01
1.427944564819335938e+01
3.637297851562500000e+03
1.187770874023437500e+03
2.121639892578125000e+03
6.029694824218750000e+02
1.129166870117187500e+03
-4.794191360473632812e+01
-2.738234901428222656e+01
1.281482696533203125e+00
1.381780719757080078e+01
-8.380631446838378906e+00
-8.306145668029785156e+00
7.148890686035156250e+01
4.822541992187500000e+03
6.109216796875000000e+03
3.640063964843750000e+03
5.270767822265625000e+02
1.022685241699218750e+03
-4.944719696044921875e+01
-1.090205574035644531e+01
1.309345912933349609e+01
1.624149322509765625e+01
-6.507747173309326172e-01
-2.302917093038558960e-01
1.526576538085937500e+02
3.791081298828125000e+03
3.979527343750000000e+03
3.011082763671875000e+03
5.263863525390625000e+02
7.400055541992187500e+02
-6.945970916748046875e+01
1.244455909729003906e+01
2.096508789062500000e+01
2.291143989562988281e+01
-1.345062732696533203e+01
-2.504347419738769531e+01
7.505915069580078125e+01
4.066682861328125000e+03
3.232303955078125000e+03
2.306426025390625000e+03
5.447827148437500000e+02
7.605258178710937500e+02
-6.662896728515625000e+01
5.753708839416503906e+00
2.500199890136718750e+01
2.658399200439453125e+01
-9.474574089050292969e+00
-3.461614227294921875e+01
5.013287353515625000e+01
1.415203369140625000e+03
2.035425170898437500e+03
5.780713500976562500e+02
1.592756835937500000e+03
7.859162597656250000e+02
-3.052400207519531250e+01
-2.011724472045898438e+01
1.537510013580322266e+01
1.451836013793945312e+01
-4.350674152374267578e+00
-1.527041625976562500e+01
5.913423538208007812e+00
1.227025268554687500e+03
5.863405761718750000e+02
7.093012084960937500e+02
7.797233276367187500e+02
8.812069091796875000e+02
5.456859207153320312e+01
-1.994741630554199219e+01
1.666485905647277832e+00
1.259244251251220703e+01
-1.379495048522949219e+01
-4.785105133056640625e+01
-3.536666107177734375e+01
1.058386840820312500e+03
7.124381713867187500e+02
5.490176391601562500e+02
6.476309204101562500e+02
3.525389709472656250e+02
1.124929962158203125e+02
1.255374252796173096e-01
5.908229351043701172e+00
-8.850084304809570312e+00
-1.211855316162109375e+01
-8.153733062744140625e+01
-6.997129821777343750e+01
1.045598876953125000e+03
7.075441284179687500e+02
5.414744262695312500e+02
6.521148071289062500e+02
3.352608642578125000e+02
1.177429809570312500e+02
1.617120027542114258e+00
6.076455116271972656e+00
-5.924372196197509766e+00
-1.615077590942382812e+01
-7.808067321777343750e+01
-7.172038269042968750e+01
1.212211425781250000e+03
5.804129638671875000e+02
7.069746704101562500e+02
7.801089477539062500e+02
8.497980957031250000e+02
5.913348007202148438e+01
-1.501365280151367188e+01
1.819557309150695801e+00
1.288973999023437500e+01
-1.676028060913085938e+01
-4.678858947753906250e+01
-3.545406723022460938e+01
1.363936279296875000e+03
2.081594482421875000e+03
5.723811645507812500e+02
1.534730346679687500e+03
7.848501586914062500e+02
-2.996503829956054688e+01
-1.471152496337890625e+01
1.400300407409667969e+01
1.560606670379638672e+01
-5.791992664337158203e+00
-1.652747726440429688e+01
6.293497085571289062e+00
3.726410644531250000e+03
3.223323242187500000e+03
2.293941406250000000e+03
5.401564331054687500e+02
7.621744384765625000e+02
-7.017037963867187500e+01
7.881184101104736328e+00
2.364694786071777344e+01
2.791828536987304688e+01
-1.077243232727050781e+01
-3.706827545166015625e+01
4.986165618896484375e+01
2.278763671875000000e+03
2.038117797851562500e+03
4.073286743164062500e+02
1.177139038085937500e+03
5.897655029296875000e+02
-7.951853942871093750e+01
2.051080131530761719e+01
3.128548049926757812e+01
1.333107948303222656e+01
-5.569698333740234375e+00
-7.654047393798828125e+01
-6.885321807861328125e+01
2.228480712890625000e+03
2.085528808593750000e+03
4.271209411621093750e+02
1.005347595214843750e+03
5.495771484375000000e+02
-4.177115249633789062e+01
1.901839447021484375e+01
3.840733718872070312e+01
1.913912582397460938e+01
-2.149329185485839844e+01
-7.991693878173828125e+01
-8.030345153808593750e+01
1.412284301757812500e+03
1.483727172851562500e+03
4.797820739746093750e+02
7.903468017578125000e+02
4.234306640625000000e+02
4.928995513916015625e+01
4.070108830928802490e-01
3.088619422912597656e+01
2.872060585021972656e+01
-2.714280700683593750e+01
-4.684325790405273438e+01
-1.020865020751953125e+02
4.420612487792968750e+02
9.350487670898437500e+02
5.706348266601562500e+02
2.972775573730468750e+02
6.067553100585937500e+02
2.102679443359375000e+02
-1.265011596679687500e+01
1.365232563018798828e+01
2.622366523742675781e+01
-1.808928680419921875e+01
-6.299232482910156250e+01
-1.253339843750000000e+02
6.019524536132812500e+02
3.118464050292968750e+02
5.780871582031250000e+02
2.320342864990234375e+02
3.843386840820312500e+02
3.083233947753906250e+02
-6.943657875061035156e+00
6.737680912017822266e+00
-3.625446557998657227e+00
-1.865825080871582031e+01
-1.119821166992187500e+02
-1.222196350097656250e+02
5.916334838867187500e+02
3.061345520019531250e+02
5.869172973632812500e+02
2.375170898437500000e+02
3.776775512695312500e+02
3.137709350585937500e+02
-3.966273307800292969e+00
5.603425979614257812e+00
-1.599655985832214355e+00
-2.343097877502441406e+01
-1.113023605346679688e+02
-1.248912582397460938e+02
4.031057739257812500e+02
9.271303100585937500e+02
5.794259033203125000e+02
3.037352905273437500e+02
5.978033447265625000e+02
2.125592651367187500e+02
-8.967989921569824219e+00
1.417572307586669922e+01
2.562544059753417969e+01
-2.408713912963867188e+01
-6.408766937255859375e+01
-1.252087707519531250e+02
1.341180908203125000e+03
1.487979858398437500e+03
4.899962158203125000e+02
7.768871459960937500e+02
4.286818542480468750e+02
5.242225646972656250e+01
3.004312515258789062e+00
3.000383377075195312e+01
2.967677116394042969e+01
-3.256366729736328125e+01
-5.024365234375000000e+01
-9.997122192382812500e+01
2.084812988281250000e+03
1.972562988281250000e+03
4.347697448730468750e+02
9.960090942382812500e+02
5.563894653320312500e+02
-4.241241836547851562e+01
2.040097045898437500e+01
3.683114242553710938e+01
1.943579483032226562e+01
-2.482610130310058594e+01
-8.020829772949218750e+01
-7.900060272216796875e+01
1.338264038085937500e+03
1.490097534179687500e+03
3.223703002929687500e+02
6.058955078125000000e+02
2.713193664550781250e+02
-2.219464683532714844e+01
1.763547897338867188e+01
2.519558334350585938e+01
-1.622228622436523438e+01
-1.546084785461425781e+01
-5.324705886840820312e+01
-1.725086669921875000e+02
1.300154541015625000e+03
1.515484130859375000e+03
3.338358764648437500e+02
5.786511840820312500e+02
1.542542419433593750e+02
3.734020233154296875e+01
2.381807327270507812e+01
2.292373275756835938e+01
-2.561538934707641602e+00
-1.098284435272216797e+01
-5.857224273681640625e+01
-1.761352691650390625e+02
1.064250854492187500e+03
1.013855468750000000e+03
3.512199707031250000e+02
5.539510726928710938e+01
5.173427734375000000e+02
1.632206115722656250e+02
4.419274806976318359e+00
2.493492317199707031e+01
1.158745384216308594e+01
-1.001786899566650391e+01
-8.086968994140625000e+01
-1.782536010742187500e+02
4.346780395507812500e+02
7.153539428710937500e+02
4.012107849121093750e+02
1.001566219329833984e+01
5.210320434570312500e+02
3.273825073242187500e+02
-7.998431205749511719e+00
2.557438659667968750e+01
2.191892242431640625e+01
-2.517159700393676758e+00
-8.216613006591796875e+01
-1.725768127441406250e+02
1.206396179199218750e+02
4.512370300292968750e+02
3.808333435058593750e+02
9.347023773193359375e+01
5.293889160156250000e+02
4.394527282714843750e+02
-8.491842269897460938e+00
1.223386955261230469e+01
1.071255874633789062e+01
4.125385761260986328e+00
-1.074370574951171875e+02
-1.490732421875000000e+02
1.029650726318359375e+02
4.421396179199218750e+02
3.934087219238281250e+02
9.073609161376953125e+01
5.147899169921875000e+02
4.611293334960937500e+02
-8.182518959045410156e+00
1.039524555206298828e+01
1.267153453826904297e+01
-3.268634319305419922e+00
-1.070068817138671875e+02
-1.531401367187500000e+02
3.905476379394531250e+02
6.994556884765625000e+02
4.127828369140625000e+02
8.883191108703613281e+00
5.074522705078125000e+02
3.436489868164062500e+02
-7.671499252319335938e+00
2.518327331542968750e+01
2.158462142944335938e+01
-1.399673843383789062e+01
-8.755490112304687500e+01
-1.767125244140625000e+02
1.047656860351562500e+03
9.887910156250000000e+02
3.636602478027343750e+02
5.663648986816406250e+01
5.147075195312500000e+02
1.666981964111328125e+02
4.733749389648437500e+00
2.352934265136718750e+01
1.177336311340332031e+01
-2.158027458190917969e+01
-8.554191589355468750e+01
-1.816327667236328125e+02
1.321001220703125000e+03
1.465472167968750000e+03
3.413805236816406250e+02
5.776558837890625000e+02
1.603465118408203125e+02
3.690365600585937500e+01
2.358616065979003906e+01
2.106458663940429688e+01
-1.426141619682312012e+00
-1.748974418640136719e+01
-5.931176376342773438e+01
-1.785566101074218750e+02
8.209808959960937500e+02
1.064525146484375000e+03
2.284795684814453125e+02
3.251380615234375000e+02
8.421708679199218750e+01
5.361657619476318359e+00
2.374451160430908203e+00
-7.867523670196533203e+00
1.009844779968261719e+01
4.805111694335937500e+01
-4.074348449707031250e+01
-1.773444366455078125e+02
7.387655029296875000e+02
1.022873229980468750e+03
2.286769714355468750e+02
-6.509961700439453125e+01
4.331394348144531250e+02
5.625582504272460938e+01
9.024818420410156250e+00
-3.707698345184326172e+00
1.820755004882812500e+01
6.297314453125000000e+01
-3.697506713867187500e+01
-1.749059600830078125e+02
7.015247192382812500e+02
7.236517333984375000e+02
2.323759002685546875e+02
-9.067839050292968750e+01
4.957536926269531250e+02
1.602977142333984375e+02
-8.163187980651855469e+00
7.827792167663574219e+00
1.295104122161865234e+01
5.515273284912109375e+01
-7.090065765380859375e+01
-1.735409088134765625e+02
3.478238830566406250e+02
4.711448669433593750e+02
1.901832122802734375e+02
-4.787207412719726562e+01
4.949870605468750000e+02
2.934228515625000000e+02
-3.395073413848876953e+00
7.883533954620361328e+00
1.324593257904052734e+01
3.559112930297851562e+01
-1.012785186767578125e+02
-1.627447052001953125e+02
7.717694091796875000e+01
1.064766387939453125e+02
1.495229034423828125e+02
2.130997924804687500e+02
4.810527038574218750e+02
3.964094543457031250e+02
7.829403400421142578e+00
8.668848991394042969e+00
6.040648460388183594e+00
1.645182037353515625e+01
-1.170019378662109375e+02
-1.414512634277343750e+02
6.300453186035156250e+01
1.172472152709960938e+02
1.580137481689453125e+02
2.148106536865234375e+02
4.528725585937500000e+02
4.278947448730468750e+02
9.192337989807128906e+00
5.857208728790283203e+00
7.739917278289794922e+00
7.487905502319335938e+00
-1.163974533081054688e+02
-1.472708282470703125e+02
3.153937988281250000e+02
4.679090270996093750e+02
1.964195251464843750e+02
-5.258524703979492188e+01
4.724942321777343750e+02
3.158059997558593750e+02
-5.445610046386718750e+00
7.808900356292724609e+00
1.204735851287841797e+01
2.562000656127929688e+01
-1.079274368286132812e+02
-1.669505310058593750e+02
6.912354125976562500e+02
7.076324462890625000e+02
2.382373809814453125e+02
-9.581327819824218750e+01
4.784499206542968750e+02
1.676710815429687500e+02
-9.151690483093261719e+00
7.495169162750244141e+00
1.179272747039794922e+01
4.541901016235351562e+01
-7.718914031982421875e+01
-1.772811126708984375e+02
7.363931274414062500e+02
1.017294860839843750e+03
2.327788543701171875e+02
-6.752716827392578125e+01
4.255163574218750000e+02
5.609626007080078125e+01
8.485595703125000000e+00
-4.667743206024169922e+00
1.594037342071533203e+01
5.782532501220703125e+01
-3.787189483642578125e+01
-1.778468780517578125e+02
3.831871948242187500e+02
5.781755371093750000e+02
1.194592437744140625e+02
-8.909936523437500000e+01
3.336740722656250000e+02
-3.626395034790039062e+01
6.069067001342773438e+00
-2.057442665100097656e+00
5.315339279174804688e+01
7.954714965820312500e+01
-3.905950927734375000e+01
-1.192031860351562500e+02
3.377695617675781250e+02
5.666376342773437500e+02
1.144503097534179688e+02
-1.051041793823242188e+02
3.143874816894531250e+02
-2.609111595153808594e+01
7.113332748413085938e+00
-9.232061505317687988e-01
3.595465469360351562e+01
7.348622131347656250e+01
-5.183311843872070312e+01
-1.231961746215820312e+02
3.026048889160156250e+02
4.352398681640625000e+02
8.525953674316406250e+01
-9.251190185546875000e+01
3.276668395996093750e+02
4.058035659790039062e+01
2.654196023941040039e+00
1.504242706298828125e+01
3.990464687347412109e+00
5.259693908691406250e+01
-4.040456771850585938e+01
-1.317843627929687500e+02
2.094060516357421875e+02
2.456116943359375000e+02
-5.797112655639648438e+01
5.433123397827148438e+01
3.124646606445312500e+02
1.286089935302734375e+02
-7.099988460540771484e+00
1.972443199157714844e+01
-5.873573780059814453e+00
3.004603958129882812e+01
-7.461998748779296875e+01
-1.561035614013671875e+02
6.373802947998046875e+01
-4.059243392944335938e+01
1.565055694580078125e+02
1.315377655029296875e+02
2.713348083496093750e+02
2.076450958251953125e+02
-1.603845024108886719e+01
-5.908074378967285156e+00
9.607931137084960938e+00
2.113587760925292969e+01
-1.368772735595703125e+02
-1.529286499023437500e+02
5.219736099243164062e+01
-3.621595764160156250e+01
1.550505828857421875e+02
1.348498687744140625e+02
2.678147277832031250e+02
2.189064636230468750e+02
-1.532493019104003906e+01
-6.282668113708496094e+00
8.328529357910156250e+00
1.919068717956542969e+01
-1.373492889404296875e+02
-1.534817504882812500e+02
1.924695739746093750e+02
2.464792480468750000e+02
-3.846761703491210938e+01
6.515776824951171875e+01
3.141034851074218750e+02
1.378501892089843750e+02
-8.207939147949218750e+00
2.066676902770996094e+01
-6.677475929260253906e+00
2.824142837524414062e+01
-8.352645874023437500e+01
-1.570471496582031250e+02
2.948252563476562500e+02
4.331453247070312500e+02
8.798263549804687500e+01
-7.943640899658203125e+01
3.289987487792968750e+02
4.464443206787109375e+01
1.540763735771179199e+00
1.410439395904541016e+01
4.792348861694335938e+00
5.136514663696289062e+01
-4.723976516723632812e+01
-1.315962219238281250e+02
3.321522521972656250e+02
5.695533447265625000e+02
1.149372329711914062e+02
-9.558495330810546875e+01
3.172409057617187500e+02
-2.448912811279296875e+01
6.210148334503173828e+00
-5.751320123672485352e-01
3.544069671630859375e+01
7.130889892578125000e+01
-5.421949768066406250e+01
-1.215412292480468750e+02
-1.153268337249755859e+01
5.444665908813476562e+00
-6.227561473846435547e+00
6.313855648040771484e-01
-4.854349136352539062e+00
-1.399864405393600464e-01
7.888499498367309570e-01
-7.053703665733337402e-01
2.932081699371337891e+00
1.531332254409790039e+00
5.908650755882263184e-01
1.061627268791198730e+00
-5.651373863220214844e+00
-4.499386787414550781e+00
-1.019879817962646484e+01
-1.046849441528320312e+01
-7.578394889831542969e+00
1.814090013504028320e+00
2.468344926834106445e+00
-6.772187352180480957e-01
3.672668933868408203e+00
8.965482711791992188e-01
-4.551208019256591797e-01
4.743974208831787109e-01
-3.385102272033691406e+00
-2.595420360565185547e+00
-1.156843757629394531e+01
-2.313020133972167969e+01
-7.050310611724853516e+00
4.964931964874267578e+00
9.164096713066101074e-01
-1.112923741340637207e+00
1.627959728240966797e+00
-9.645579010248184204e-02
2.994435071945190430e+00
3.243266344070434570e+00
2.416150331497192383e+00
-1.591446161270141602e+00
-5.347255706787109375e+00
-3.580338954925537109e+00
-1.128769302368164062e+01
7.164390563964843750e+00
-1.214923501014709473e+00
-2.888347208499908447e-01
9.644864201545715332e-01
-1.696453690528869629e+00
3.727664232254028320e+00
4.105607032775878906e+00
3.234436988830566406e+00
4.376426696777343750e+00
2.994503267109394073e-02
-2.215663671493530273e+00
-1.192641258239746094e+00
6.099808216094970703e+00
1.855381876230239868e-01
-1.334356427192687988e+00
-1.309515953063964844e+00
-1.041412353515625000e+00
-1.870246976613998413e-01
-4.947308003902435303e-01
2.975518226623535156e+00
-4.747054874897003174e-01
-5.843356132507324219e+00
3.646679162979125977e+00
6.409598350524902344e+00
-5.683770775794982910e-01
-5.642914175987243652e-01
2.782763957977294922e+00
-8.129714727401733398e-01
3.502407073974609375e-01
-9.081441879272460938e+00
-1.063320398330688477e+00
-3.502854347229003906e+00
-1.051357269287109375e+00
6.056992053985595703e+00
1.058224487304687500e+01
7.549802303314208984e+00
1.745485424995422363e+00
1.227315306663513184e+00
2.482979536056518555e+00
2.077963829040527344e+00
3.312406837940216064e-01
-2.303449153900146484e+00
-6.168913468718528748e-02
-1.137419891357421875e+01
1.261423110961914062e+01
1.420322418212890625e+01
2.669265174865722656e+01
6.366676330566406250e+00
-5.410818576812744141e+00
1.636401891708374023e+00
1.536255836486816406e+00
2.205004453659057617e+00
1.540087461471557617e+00
-2.351465463638305664e+00
3.814993619918823242e+00
-1.135958862304687500e+01
1.043341827392578125e+01
-1.636660933494567871e+00
1.327484798431396484e+01
-3.468296766281127930e+00
1.051637887954711914e+00
9.377078413963317871e-01
1.366587996482849121e+00
3.417332649230957031e+00
1.684165120124816895e+00
-7.457053661346435547e-01
2.036159992218017578e+00
-4.025249023437500000e+02
-5.705822143554687500e+02
-1.294921875000000000e+02
9.121489715576171875e+01
-3.377398071289062500e+02
3.392380523681640625e+01
-6.047786712646484375e+00
4.824330329895019531e+00
-5.078596496582031250e+01
-8.122513580322265625e+01
3.723634719848632812e+01
1.215840835571289062e+02
-3.461644592285156250e+02
-5.681375122070312500e+02
-1.270379409790039062e+02
1.008157424926757812e+02
-3.248663635253906250e+02
2.341525459289550781e+01
-9.708133697509765625e+00
1.359516382217407227e+00
-3.229934310913085938e+01
-7.289378356933593750e+01
5.358469009399414062e+01
1.218774108886718750e+02
-3.063363342285156250e+02
-4.223061218261718750e+02
-9.620603179931640625e+01
8.627343750000000000e+01
-3.353747253417968750e+02
-4.333266067504882812e+01
-3.494360923767089844e+00
-1.722551918029785156e+01
-1.676431775093078613e+00
-5.463685989379882812e+01
4.748161697387695312e+01
1.329841613769531250e+02
-1.891054840087890625e+02
-2.425662231445312500e+02
4.288394927978515625e+01
-6.339438629150390625e+01
-3.220918579101562500e+02
-1.336794128417968750e+02
6.812743186950683594e+00
-2.136703300476074219e+01
6.647593021392822266e+00
-3.066706275939941406e+01
7.925742340087890625e+01
1.601891937255859375e+02
-4.737696838378906250e+01
4.015813064575195312e+01
-1.539399719238281250e+02
-1.353176879882812500e+02
-2.785858764648437500e+02
-2.207787170410156250e+02
1.837556076049804688e+01
3.476194381713867188e+00
-1.007141971588134766e+01
-2.283455848693847656e+01
1.429395446777343750e+02
1.432731475830078125e+02
-5.529066085815429688e+01
4.074837493896484375e+01
-1.584920196533203125e+02
-1.314996337890625000e+02
-2.707811584472656250e+02
-2.145196838378906250e+02
1.350340557098388672e+01
9.152437210083007812e+00
-1.172139739990234375e+01
-1.831687927246093750e+01
1.302899627685546875e+02
1.536657104492187500e+02
-2.144497375488281250e+02
-2.471211547851562500e+02
6.172539901733398438e+01
-5.750638198852539062e+01
-3.076737365722656250e+02
-1.282136535644531250e+02
4.847306728363037109e+00
-1.124933528900146484e+01
3.092197179794311523e+00
-2.416140365600585938e+01
6.410552978515625000e+01
1.662291412353515625e+02
-3.123112792968750000e+02
-4.310938415527343750e+02
-9.447146606445312500e+01
8.985384368896484375e+01
-3.273903503417968750e+02
-4.407735061645507812e+01
-1.421127438545227051e+00
-9.345301628112792969e+00
-6.172579765319824219e+00
-5.157795715332031250e+01
4.463746261596679688e+01
1.351481933593750000e+02
-3.501510314941406250e+02
-5.672900390625000000e+02
-1.264286041259765625e+02
1.022407531738281250e+02
-3.205427551269531250e+02
2.007068061828613281e+01
-6.839454650878906250e+00
5.563154697418212891e+00
-3.566572570800781250e+01
-7.449577331542968750e+01
5.537296676635742188e+01
1.223983764648437500e+02
-8.197063598632812500e+02
-1.056803466796875000e+03
-2.379393005371093750e+02
-3.261276855468750000e+02
-8.668437194824218750e+01
-7.966876029968261719e+00
-1.924150228500366211e+00
1.236544704437255859e+01
-1.259196949005126953e+01
-5.440769577026367188e+01
3.926414108276367188e+01
1.717471313476562500e+02
-7.367875976562500000e+02
-1.015116760253906250e+03
-2.404390411376953125e+02
6.900665283203125000e+01
-4.307453308105468750e+02
-5.885754394531250000e+01
-9.339736938476562500e+00
8.025518417358398438e+00
-1.813779830932617188e+01
-6.371747589111328125e+01
3.709447097778320312e+01
1.736272125244140625e+02
-7.031837768554687500e+02
-6.941568603515625000e+02
-2.381468505859375000e+02
9.787208557128906250e+01
-4.861257019042968750e+02
-1.702169342041015625e+02
9.621626853942871094e+00
-6.325284957885742188e+00
-9.850915908813476562e+00
-5.340774917602539062e+01
7.375292968750000000e+01
1.759326629638671875e+02
-3.154802856445312500e+02
-4.586100769042968750e+02
-1.955339050292968750e+02
5.360668945312500000e+01
-4.853262939453125000e+02
-3.181003112792968750e+02
5.347531318664550781e+00
-6.015214920043945312e+00
-1.019176197052001953e+01
-3.140202903747558594e+01
1.056673660278320312e+02
1.642280883789062500e+02
-6.422078704833984375e+01
-1.145809860229492188e+02
-1.534717864990234375e+02
-2.158441772460937500e+02
-4.740014648437500000e+02
-4.263203735351562500e+02
-5.730846881866455078e+00
-3.354520559310913086e+00
-6.124924659729003906e+00
-1.232582664489746094e+01
1.182163543701171875e+02
1.431737670898437500e+02
-7.559185028076171875e+01
-1.121475753784179688e+02
-1.497882995605468750e+02
-2.178866271972656250e+02
-4.786706848144531250e+02
-4.134974670410156250e+02
-5.747608184814453125e+00
-1.803996920585632324e+00
-8.204651832580566406e+00
-1.541349887847900391e+01
1.150286102294921875e+02
1.435617218017578125e+02
-3.427573547363281250e+02
-4.747290649414062500e+02
-1.965596771240234375e+02
4.835069656372070312e+01
-4.880795593261718750e+02
-3.104042968750000000e+02
3.610172510147094727e+00
-3.336931943893432617e+00
-1.492892265319824219e+01
-3.532775115966796875e+01
9.872747039794921875e+01
1.646200714111328125e+02
-6.971679687500000000e+02
-7.270905151367187500e+02
-2.398646850585937500e+02
9.163367462158203125e+01
-4.927379455566406250e+02
-1.713249206542968750e+02
1.184942150115966797e+01
-4.822741985321044922e+00
-1.428452682495117188e+01
-5.792287063598632812e+01
7.053804016113281250e+01
1.754721527099609375e+02
-7.382799072265625000e+02
-1.011405456542968750e+03
-2.404643707275390625e+02
6.576820373535156250e+01
-4.317329711914062500e+02
-6.086548995971679688e+01
-6.984059333801269531e+00
1.010997295379638672e+01
-2.213138008117675781e+01
-6.702172851562500000e+01
3.964904785156250000e+01
1.723583831787109375e+02
-1.331972534179687500e+03
-1.493556884765625000e+03
-3.292358093261718750e+02
-6.098243408203125000e+02
-2.687834777832031250e+02
2.499384117126464844e+01
-1.643238449096679688e+01
-2.043186187744140625e+01
2.017425727844238281e+01
1.536252498626708984e+01
5.057611846923828125e+01
1.735214538574218750e+02
-1.314431640625000000e+03
-1.444667968750000000e+03
-3.389317932128906250e+02
-5.837221679687500000e+02
-1.598625640869140625e+02
-3.836117553710937500e+01
-2.377154731750488281e+01
-1.582756423950195312e+01
4.388482093811035156e+00
1.257118988037109375e+01
5.763636398315429688e+01
1.770893554687500000e+02
-1.047327636718750000e+03
-9.684813842773437500e+02
-3.599932861328125000e+02
-5.865299606323242188e+01
-5.178298339843750000e+02
-1.686526641845703125e+02
-3.830884695053100586e+00
-2.055361747741699219e+01
-1.086493396759033203e+01
1.363846397399902344e+01
8.488043975830078125e+01
1.760821990966796875e+02
-3.970836486816406250e+02
-6.909274902343750000e+02
-4.099506530761718750e+02
-4.278184890747070312e+00
-5.188800048828125000e+02
-3.435206909179687500e+02
6.414618015289306641e+00
-2.295734977722167969e+01
-2.154529380798339844e+01
8.317345619201660156e+00
8.609258270263671875e+01
1.722500305175781250e+02
-1.068483505249023438e+02
-4.454730529785156250e+02
-3.950740356445312500e+02
-9.284712982177734375e+01
-5.310490722656250000e+02
-4.586788635253906250e+02
7.668455600738525391e+00
-7.792298793792724609e+00
-1.552373790740966797e+01
2.370862215757369995e-01
1.044579696655273438e+02
1.504700775146484375e+02
-1.142631378173828125e+02
-4.532397766113281250e+02
-3.857039489746093750e+02
-9.764239501953125000e+01
-5.285424194335937500e+02
-4.516537170410156250e+02
1.069685840606689453e+01
-1.032275581359863281e+01
-1.268513584136962891e+01
-5.680845737457275391e+00
1.032384185791015625e+02
1.492251281738281250e+02
-4.218024902343750000e+02
-7.293367309570312500e+02
-4.088101806640625000e+02
-9.378540039062500000e+00
-5.191936035156250000e+02
-3.346918334960937500e+02
9.302011489868164062e+00
-2.294103240966796875e+01
-2.175671386718750000e+01
1.668756008148193359e+00
8.269784545898437500e+01
1.720451202392578125e+02
-1.046308349609375000e+03
-1.045718750000000000e+03
-3.572849121093750000e+02
-6.049709701538085938e+01
-5.154788818359375000e+02
-1.665851898193359375e+02
-7.506065964698791504e-01
-2.216026306152343750e+01
-1.397790431976318359e+01
7.241335391998291016e+00
8.299139404296875000e+01
1.772154235839843750e+02
-1.291880371093750000e+03
-1.540082031250000000e+03
-3.363344421386718750e+02
-5.832831420898437500e+02
-1.563333740234375000e+02
-3.812176895141601562e+01
-2.208594512939453125e+01
-1.829382324218750000e+01
1.297104358673095703e+00
9.871851921081542969e+00
5.919610214233398438e+01
1.772464752197265625e+02
-2.238677001953125000e+03
-2.074078125000000000e+03
-4.138082580566406250e+02
-1.152452270507812500e+03
-5.923446655273437500e+02
7.692757415771484375e+01
-1.992808341979980469e+01
-2.865442085266113281e+01
-1.005285263061523438e+01
7.792983531951904297e+00
7.712857818603515625e+01
6.701682281494140625e+01
-2.070507812500000000e+03
-1.949900024414062500e+03
-4.325016174316406250e+02
-9.936166992187500000e+02
-5.536404418945312500e+02
4.205590820312500000e+01
-2.206217765808105469e+01
-3.472407531738281250e+01
-1.492147541046142578e+01
2.534957122802734375e+01
8.014786529541015625e+01
7.697171020507812500e+01
-1.365743774414062500e+03
-1.460481811523437500e+03
-4.890143432617187500e+02
-7.722120971679687500e+02
-4.244135742187500000e+02
-5.287365341186523438e+01
-2.260957241058349609e+00
-2.936425209045410156e+01
-2.743483352661132812e+01
2.845283889770507812e+01
4.914997482299804688e+01
9.770225524902343750e+01
-4.122488403320312500e+02
-9.191439819335937500e+02
-5.836089477539062500e+02
-2.959739379882812500e+02
-5.943597412109375000e+02
-2.127868499755859375e+02
9.034969329833984375e+00
-1.568981552124023438e+01
-2.619279861450195312e+01
2.179626655578613281e+01
6.175564575195312500e+01
1.214379882812500000e+02
-5.931252441406250000e+02
-3.058132934570312500e+02
-5.987246093750000000e+02
-2.302181396484375000e+02
-3.783638916015625000e+02
-3.197196350097656250e+02
3.092782020568847656e+00
-5.774993896484375000e+00
-4.124778747558593750e+00
2.151910400390625000e+01
1.116648406982421875e+02
1.212597885131835938e+02
-6.023978271484375000e+02
-3.061758422851562500e+02
-5.818428955078125000e+02
-2.312299499511718750e+02
-3.913118591308593750e+02
-3.067400817871093750e+02
8.261311531066894531e+00
-8.435653686523437500e+00
2.029805898666381836e+00
1.543352413177490234e+01
1.121868591308593750e+02
1.216884307861328125e+02
-4.275278930664062500e+02
-9.378938598632812500e+02
-5.770454101562500000e+02
-2.995116271972656250e+02
-6.123258056640625000e+02
-2.046818084716796875e+02
1.622482490539550781e+01
-1.502352523803710938e+01
-2.612657928466796875e+01
1.706221389770507812e+01
6.199814987182617188e+01
1.249479598999023438e+02
-1.394484497070312500e+03
-1.514428466796875000e+03
-4.846811523437500000e+02
-7.862482299804687500e+02
-4.296311035156250000e+02
-4.566904067993164062e+01
2.265478372573852539e+00
-2.924540710449218750e+01
-2.948905944824218750e+01
2.642888832092285156e+01
4.896231079101562500e+01
1.014137649536132812e+02
-2.166162353515625000e+03
-2.178672119140625000e+03
-4.296312255859375000e+02
-1.000767761230468750e+03
-5.538859863281250000e+02
4.269114303588867188e+01
-2.014059066772460938e+01
-3.548154449462890625e+01
-1.683955764770507812e+01
2.315767288208007812e+01
8.038545989990234375e+01
7.884262847900390625e+01
-3.676179931640625000e+03
-4.057375732421875000e+03
-3.060429687500000000e+03
-5.400256347656250000e+02
-7.266359863281250000e+02
6.961814117431640625e+01
-1.243115901947021484e+01
-2.397738265991210938e+01
-1.931407737731933594e+01
1.515861129760742188e+01
2.820742416381835938e+01
-7.537839508056640625e+01
-3.657152832031250000e+03
-3.332620117187500000e+03
-2.305951416015625000e+03
-5.564982910156250000e+02
-7.567500610351562500e+02
7.216596221923828125e+01
-7.612426757812500000e+00
-2.619810676574707031e+01
-2.797514724731445312e+01
1.038712024688720703e+01
3.605639266967773438e+01
-4.885221481323242188e+01
-1.368898193359375000e+03
-2.099816894531250000e+03
-5.942748413085937500e+02
-1.519595825195312500e+03
-7.825850830078125000e+02
2.831860923767089844e+01
1.386937618255615234e+01
-1.921723365783691406e+01
-1.623092460632324219e+01
4.683031558990478516e+00
1.487788486480712891e+01
-6.605669021606445312e+00
-1.216314453125000000e+03
-5.875847778320312500e+02
-7.224745483398437500e+02
-7.876257934570312500e+02
-8.410475463867187500e+02
-5.857068252563476562e+01
1.228084373474121094e+01
-4.952588081359863281e+00
-1.586160469055175781e+01
1.698322677612304688e+01
4.612363815307617188e+01
3.383308792114257812e+01
-1.046618774414062500e+03
-7.129343261718750000e+02
-5.539406127929687500e+02
-6.479104614257812500e+02
-3.327518615722656250e+02
-1.211855392456054688e+02
-4.069679260253906250e+00
-5.430670738220214844e+00
4.679273605346679688e+00
1.675852203369140625e+01
7.613771057128906250e+01
6.821820831298828125e+01
-1.070987060546875000e+03
-7.169190063476562500e+02
-5.467561645507812500e+02
-6.452823486328125000e+02
-3.539575500488281250e+02
-1.113368911743164062e+02
-7.450476288795471191e-01
-7.133245468139648438e+00
9.757314682006835938e+00
1.136123180389404297e+01
7.835995483398437500e+01
6.913902282714843750e+01
-1.240398437500000000e+03
-5.773665771484375000e+02
-7.171850585937500000e+02
-7.833637084960937500e+02
-8.717301025390625000e+02
-5.196910095214843750e+01
1.869452285766601562e+01
-4.691699028015136719e+00
-1.584981632232666016e+01
1.393283843994140625e+01
4.793986129760742188e+01
3.520040130615234375e+01
-1.360220703125000000e+03
-2.051336425781250000e+03
-5.923507690429687500e+02
-1.580965942382812500e+03
-7.839678955078125000e+02
3.086719894409179688e+01
2.002701187133789062e+01
-1.954050636291503906e+01
-1.737638664245605469e+01
2.687857389450073242e+00
1.638348388671875000e+01
-6.495555877685546875e+00
-3.920247070312500000e+03
-3.264724121093750000e+03
-2.322848632812500000e+03
-5.585627441406250000e+02
-7.576151123046875000e+02
6.780954742431640625e+01
-6.106365203857421875e+00
-2.667673301696777344e+01
-2.833805084228515625e+01
9.344890594482421875e+00
3.495163726806640625e+01
-4.961066436767578125e+01
-5.233103515625000000e+03
-8.085242187500000000e+03
-5.768395019531250000e+03
-5.286142578125000000e+02
-9.939437255859375000e+02
5.895830917358398438e+01
-7.567282199859619141e+00
-1.401726913452148438e+01
-1.509165382385253906e+01
-2.504485845565795898e+00
-2.139010620117187500e+01
-2.021208496093750000e+02
-4.781825683593750000e+03
-6.153192871093750000e+03
-3.633166748046875000e+03
-5.464745483398437500e+02
-1.029241088867187500e+03
5.026213073730468750e+01
1.173429870605468750e+01
-1.600350761413574219e+01
-1.390137290954589844e+01
1.797797977924346924e-01
-7.134786844253540039e-01
-1.481648406982421875e+02
-3.678365234375000000e+03
-1.196280761718750000e+03
-2.161177001953125000e+03
-6.267408447265625000e+02
-1.144855957031250000e+03
4.810241317749023438e+01
2.742345428466796875e+01
-3.152634143829345703e+00
-9.104992866516113281e+00
6.474614143371582031e+00
8.622360229492187500e+00
-6.927978515625000000e+01
-1.827574707031250000e+03
-6.731891479492187500e+02
-7.365292358398437500e+02
-1.088489501953125000e+03
-7.141602172851562500e+02
3.893941640853881836e+00
7.395921707153320312e+00
-3.821432590484619141e+00
1.273841857910156250e+01
1.072509288787841797e+01
2.915126609802246094e+01
-1.498027992248535156e+01
-1.242492797851562500e+03
-8.770123901367187500e+02
-9.842540283203125000e+02
-1.160379882812500000e+03
-1.748597412109375000e+02
-4.176632308959960938e+01
-4.188364744186401367e-01
-4.197266101837158203e+00
1.433392620086669922e+01
1.180541133880615234e+01
4.293611145019531250e+01
2.654704856872558594e+01
-1.246152709960937500e+03
-8.959599609375000000e+02
-9.963535156250000000e+02
-1.144000976562500000e+03
-1.836474304199218750e+02
-3.828945541381835938e+01
1.035392642021179199e+00
-4.167996406555175781e+00
1.509661579132080078e+01
1.004944992065429688e+01
4.609287643432617188e+01
2.646861648559570312e+01
-1.825717895507812500e+03
-6.653955688476562500e+02
-7.320018310546875000e+02
-1.062030151367187500e+03
-7.177317504882812500e+02
4.980835914611816406e+00
1.024079227447509766e+01
-3.702313661575317383e+00
1.259479236602783203e+01
8.947140693664550781e+00
3.207640075683593750e+01
-1.669465065002441406e+01
-3.694411621093750000e+03
-1.156873168945312500e+03
-2.199547607421875000e+03
-6.216320800781250000e+02
-1.142900756835937500e+03
4.687374496459960938e+01
3.230716705322265625e+01
-3.996799707412719727e+00
-9.369506835937500000e+00
4.554645061492919922e+00
1.064791965484619141e+01
-7.336834716796875000e+01
-4.735736328125000000e+03
-6.378770019531250000e+03
-3.508034179687500000e+03
-5.485615844726562500e+02
-1.031023559570312500e+03
4.606451034545898438e+01
1.289153575897216797e+01
-1.611561393737792969e+01
-1.405231285095214844e+01
-2.204393148422241211e+00
3.742612898349761963e-02
-1.537390136718750000e+02
