
     Program PHONON v.7.2 starts on 22Dec2024 at 16:44:46 

     This program is part of the open-source Quantum ESPRESSO suite
     for quantum simulation of materials; please cite
         "P. Giannozzi et al., J. Phys.:Condens. Matter 21 395502 (2009);
         "P. Giannozzi et al., J. Phys.:Condens. Matter 29 465901 (2017);
         "P. Giannozzi et al., J. Chem. Phys. 152 154105 (2020);
          URL http://www.quantum-espresso.org", 
     in publications or presentations arising from this work. More details at
     http://www.quantum-espresso.org/quote

     Parallel version (MPI), running on    16 processors

     MPI processes distributed on     1 nodes
     62155 MiB available memory on the printing compute node when the environment starts

     Waiting for input...
     Reading input from standard input
      Title line not specified: using 'default'.

     Reading xml data from directory:

     tmp/si.save/
     Message from routine volume:
     axis vectors are left-handed

     R & G space division:  proc/nbgrp/npool/nimage =      16
     Subspace diagonalization in iterative solution of the eigenvalue problem:
     a serial algorithm will be used


     IMPORTANT: XC functional enforced from input :
     Exchange-correlation= PBESOL
                           (   1   4  10   8   0   0   0)
     Any further DFT definition will be discarded
     Please, verify this is what you really want


     Parallelization info
     --------------------
     sticks:   dense  smooth     PW     G-vecs:    dense   smooth      PW
     Min          53      27      9                 1054      373      70
     Max          54      28     10                 1057      376      72
     Sum         859     433    151                16889     5985    1139

     Using Slab Decomposition

     Reading collected, re-writing distributed wavefunctions in tmp/


     Dynamical matrices for ( 8, 8, 8)  uniform grid of q-points
     (  29 q-points):
       N         xq(1)         xq(2)         xq(3) 
       1   0.000000000   0.000000000   0.000000000
       2  -0.088388348   0.088388348   0.088388348
       3  -0.176776695   0.176776695   0.176776695
       4  -0.265165043   0.265165043   0.265165043
       5   0.353553391  -0.353553391  -0.353553391
       6   0.000000000   0.000000000   0.176776695
       7  -0.088388348   0.088388348   0.265165043
       8  -0.176776695   0.176776695   0.353553391
       9   0.441941738  -0.441941738  -0.265165043
      10   0.353553391  -0.353553391  -0.176776695
      11   0.265165043  -0.265165043  -0.088388348
      12   0.176776695  -0.176776695   0.000000000
      13   0.000000000   0.000000000   0.353553391
      14  -0.088388348   0.088388348   0.441941738
      15   0.530330086  -0.530330086  -0.176776695
      16   0.441941738  -0.441941738  -0.088388348
      17   0.353553391  -0.353553391   0.000000000
      18   0.000000000  -0.000000000   0.530330086
      19   0.618718434  -0.618718434  -0.088388348
      20   0.530330086  -0.530330086   0.000000000
      21   0.000000000   0.000000000  -0.707106781
      22   0.000000000   0.176776695   0.353553391
      23   0.618718434  -0.441941738  -0.265165043
      24   0.530330086  -0.353553391  -0.176776695
      25   0.707106781  -0.530330086  -0.176776695
      26   0.618718434  -0.441941738  -0.088388348
      27   0.530330086  -0.353553391   0.000000000
      28  -0.000000000   0.176776695  -0.707106781
      29   0.000000000   0.353553391  -0.707106781

     Calculation of q =    0.0000000   0.0000000   0.0000000

     default                                                                    

     bravais-lattice index     =            0
     lattice parameter (alat)  =       7.2595  a.u.
     unit-cell volume          =     270.5223 (a.u.)^3
     number of atoms/cell      =            2
     number of atomic types    =            1
     kinetic-energy cut-off    =      30.0000  Ry
     charge density cut-off    =     240.0000  Ry
     convergence threshold     =      1.6E-19
     beta                      =       0.7000
     number of iterations used =            4
     Exchange-correlation= PBESOL
                           (   1   4  10   8   0   0   0)


     celldm(1)=    7.25949  celldm(2)=    0.00000  celldm(3)=    0.00000
     celldm(4)=    0.00000  celldm(5)=    0.00000  celldm(6)=    0.00000

     crystal axes: (cart. coord. in units of alat)
               a(1) = (  0.7071  0.7071  0.0000 )  
               a(2) = (  0.7071  0.0000  0.7071 )  
               a(3) = (  0.0000  0.7071  0.7071 )  

     reciprocal axes: (cart. coord. in units 2 pi/alat)
               b(1) = (  0.7071  0.7071 -0.7071 )  
               b(2) = (  0.7071 -0.7071  0.7071 )  
               b(3) = ( -0.7071  0.7071  0.7071 )  


     Atoms inside the unit cell: 

     Cartesian axes

     site n.  atom      mass           positions (alat units)
        1     Si  28.0855   tau(    1) = (    0.00000    0.00000    0.00000  )
        2     Si  28.0855   tau(    2) = (    0.35355    0.35355    0.35355  )

     Computing dynamical matrix for 
                    q = (   0.0000000   0.0000000   0.0000000 )

     49 Sym.Ops. (with q -> -q+G )


     G cutoff =  320.3787  (   1057 G-vectors)     FFT grid: ( 36, 36, 36)
     G cutoff =  160.1893  (    374 G-vectors)  smooth grid: ( 32, 32, 32)
     number of k points=   104

     PseudoPot. # 1 for Si read from file:
     ../pseudo/Si.pbesol-n-rrkjus_psl.1.0.0.UPF
     MD5 check sum: c4212819de858c94c3a1644338846ac9
     Pseudo is Ultrasoft + core correction, Zval =  4.0
     Generated using "atomic" code by A. Dal Corso  v.6.0 svn rev. 13079
     Using radial grid of 1141 points,  6 beta functions with: 
                l(1) =   0
                l(2) =   0
                l(3) =   1
                l(4) =   1
                l(5) =   2
                l(6) =   2
     Q(r) pseudized with 0 coefficients 


     Mode symmetry, O_h (m-3m)  point group:


     Electric field:
     Dielectric constant
     Born effective charges in two ways 


     Atomic displacements:
     There are    2 irreducible representations

     Representation     1      3 modes -  To be done

     Representation     2      3 modes -  To be done



     Alpha used in Ewald sum =   2.5000
     PHONON       :      1.17s CPU      1.05s WALL


     Electric Fields Calculation

      iter #   1 total cpu time :     4.0 secs   av.it.:   6.5
      thresh= 1.000E-02 alpha_mix =  0.700 |ddv_scf|^2 =  1.720E-07

      iter #   2 total cpu time :     5.6 secs   av.it.:  11.0
      thresh= 4.148E-05 alpha_mix =  0.700 |ddv_scf|^2 =  7.729E-09

      iter #   3 total cpu time :     6.8 secs   av.it.:  10.9
      thresh= 8.791E-06 alpha_mix =  0.700 |ddv_scf|^2 =  2.087E-10

      iter #   4 total cpu time :     8.4 secs   av.it.:  10.7
      thresh= 1.445E-06 alpha_mix =  0.700 |ddv_scf|^2 =  1.663E-12

      iter #   5 total cpu time :     9.5 secs   av.it.:  10.6
      thresh= 1.290E-07 alpha_mix =  0.700 |ddv_scf|^2 =  5.946E-16

      iter #   6 total cpu time :    11.0 secs   av.it.:  10.3
      thresh= 2.438E-09 alpha_mix =  0.700 |ddv_scf|^2 =  3.666E-17

      iter #   7 total cpu time :    12.7 secs   av.it.:  10.2
      thresh= 6.055E-10 alpha_mix =  0.700 |ddv_scf|^2 =  1.460E-20

     End of electric fields calculation

          Dielectric constant in cartesian axis 

          (      13.337213331       0.000000000       0.000000000 )
          (       0.000000000      13.337213331       0.000000000 )
          (       0.000000000      -0.000000000      13.337213331 )

          Effective charges (d Force / dE) in cartesian axis without acoustic sum rule applied (asr)

           atom      1   Si Mean Z*:       -0.00294
      Ex  (       -0.00294       -0.00000       -0.00000 )
      Ey  (       -0.00000       -0.00294       -0.00000 )
      Ez  (        0.00000       -0.00000       -0.00294 )
           atom      2   Si Mean Z*:       -0.00294
      Ex  (       -0.00294       -0.00000       -0.00000 )
      Ey  (       -0.00000       -0.00294        0.00000 )
      Ez  (       -0.00000       -0.00000       -0.00294 )

          Effective charges Sum: Mean:       -0.00588
             -0.00588       -0.00000        0.00000
             -0.00000       -0.00588       -0.00000
             -0.00000       -0.00000       -0.00588

          Effective charges (d Force / dE) in cartesian axis with asr applied: 
           atom      1   Si Mean Z*:        0.00000
      E*x (        0.00000       -0.00000       -0.00000 )
      E*y (       -0.00000        0.00000       -0.00000 )
      E*z (        0.00000       -0.00000        0.00000 )
           atom      2   Si Mean Z*:       -0.00000
      E*x (       -0.00000        0.00000        0.00000 )
      E*y (        0.00000       -0.00000        0.00000 )
      E*z (       -0.00000        0.00000       -0.00000 )


     Representation #   1 modes #   1   2   3

     Self-consistent Calculation

      iter #   1 total cpu time :    15.0 secs   av.it.:   5.4
      thresh= 1.000E-02 alpha_mix =  0.700 |ddv_scf|^2 =  1.751E-08

      iter #   2 total cpu time :    16.5 secs   av.it.:  11.0
      thresh= 1.323E-05 alpha_mix =  0.700 |ddv_scf|^2 =  1.057E-09

      iter #   3 total cpu time :    18.0 secs   av.it.:  10.7
      thresh= 3.250E-06 alpha_mix =  0.700 |ddv_scf|^2 =  5.429E-11

      iter #   4 total cpu time :    19.3 secs   av.it.:  10.6
      thresh= 7.368E-07 alpha_mix =  0.700 |ddv_scf|^2 =  8.263E-14

      iter #   5 total cpu time :    20.7 secs   av.it.:  11.4
      thresh= 2.875E-08 alpha_mix =  0.700 |ddv_scf|^2 =  1.177E-15

      iter #   6 total cpu time :    22.2 secs   av.it.:  10.8
      thresh= 3.431E-09 alpha_mix =  0.700 |ddv_scf|^2 =  4.960E-18

      iter #   7 total cpu time :    24.3 secs   av.it.:  11.1
      thresh= 2.227E-10 alpha_mix =  0.700 |ddv_scf|^2 =  1.520E-19

     End of self-consistent calculation

     Convergence has been achieved 


     Representation #   2 modes #   4   5   6

     Self-consistent Calculation

      iter #   1 total cpu time :    26.6 secs   av.it.:   5.5
      thresh= 1.000E-02 alpha_mix =  0.700 |ddv_scf|^2 =  1.634E-08

      iter #   2 total cpu time :    28.0 secs   av.it.:  11.1
      thresh= 1.278E-05 alpha_mix =  0.700 |ddv_scf|^2 =  1.131E-09

      iter #   3 total cpu time :    29.9 secs   av.it.:  10.8
      thresh= 3.364E-06 alpha_mix =  0.700 |ddv_scf|^2 =  5.152E-11

      iter #   4 total cpu time :    31.9 secs   av.it.:  11.1
      thresh= 7.178E-07 alpha_mix =  0.700 |ddv_scf|^2 =  1.272E-13

      iter #   5 total cpu time :    33.4 secs   av.it.:  11.1
      thresh= 3.566E-08 alpha_mix =  0.700 |ddv_scf|^2 =  3.407E-16

      iter #   6 total cpu time :    34.6 secs   av.it.:  11.0
      thresh= 1.846E-09 alpha_mix =  0.700 |ddv_scf|^2 =  7.660E-18

      iter #   7 total cpu time :    35.9 secs   av.it.:  10.9
      thresh= 2.768E-10 alpha_mix =  0.700 |ddv_scf|^2 =  2.683E-20

     End of self-consistent calculation

     Convergence has been achieved 

     Number of q in the star =    1
     List of q in the star:
          1   0.000000000   0.000000000   0.000000000

          Dielectric constant in cartesian axis 

          (      13.337213331       0.000000000       0.000000000 )
          (       0.000000000      13.337213331       0.000000000 )
          (       0.000000000      -0.000000000      13.337213331 )

          Effective charges (d Force / dE) in cartesian axis without acoustic sum rule applied (asr)

           atom      1   Si Mean Z*:       -0.00294
      Ex  (       -0.00294       -0.00000       -0.00000 )
      Ey  (       -0.00000       -0.00294       -0.00000 )
      Ez  (        0.00000       -0.00000       -0.00294 )
           atom      2   Si Mean Z*:       -0.00294
      Ex  (       -0.00294       -0.00000       -0.00000 )
      Ey  (       -0.00000       -0.00294        0.00000 )
      Ez  (       -0.00000       -0.00000       -0.00294 )

          Effective charges Sum: Mean:       -0.00588
             -0.00588       -0.00000        0.00000
             -0.00000       -0.00588       -0.00000
             -0.00000       -0.00000       -0.00588

          Effective charges (d Force / dE) in cartesian axis with asr applied: 
           atom      1   Si Mean Z*:        0.00000
      E*x (        0.00000       -0.00000       -0.00000 )
      E*y (       -0.00000        0.00000       -0.00000 )
      E*z (        0.00000       -0.00000        0.00000 )
           atom      2   Si Mean Z*:       -0.00000
      E*x (       -0.00000        0.00000        0.00000 )
      E*y (        0.00000       -0.00000        0.00000 )
      E*z (       -0.00000        0.00000       -0.00000 )

          Effective charges (d P / du) in cartesian axis 

           atom      1   Si 
      Px  (       -0.00294       -0.00000       -0.00000 )
      Py  (       -0.00000       -0.00294       -0.00000 )
      Pz  (       -0.00000       -0.00000       -0.00294 )
           atom      2   Si 
      Px  (       -0.00294       -0.00000       -0.00000 )
      Py  (       -0.00000       -0.00294       -0.00000 )
      Pz  (       -0.00000       -0.00000       -0.00294 )

     Diagonalizing the dynamical matrix

     q = (    0.000000000   0.000000000   0.000000000 ) 

 **************************************************************************
     freq (    1) =      -0.572477 [THz] =     -19.095783 [cm-1]
     freq (    2) =      -0.572477 [THz] =     -19.095783 [cm-1]
     freq (    3) =      -0.572477 [THz] =     -19.095783 [cm-1]
     freq (    4) =      15.266226 [THz] =     509.226475 [cm-1]
     freq (    5) =      15.266226 [THz] =     509.226475 [cm-1]
     freq (    6) =      15.266226 [THz] =     509.226475 [cm-1]
 **************************************************************************

     Mode symmetry, O_h (m-3m)  point group:

     freq (   1-   3) =        -19.1  [cm-1]   --> T_1u G_15  G_4- I  
     freq (   4-   6) =        509.2  [cm-1]   --> T_2g G_25' G_5+ R  

     Calculation of q =   -0.0883883   0.0883883   0.0883883

     Parallelization info
     --------------------
     sticks:   dense  smooth     PW     G-vecs:    dense   smooth      PW
     Min          53      27      9                 1054      373      76
     Max          54      28     10                 1057      376      79
     Sum         859     433    151                16889     5985    1243

     Using Slab Decomposition


     Title: 
     default                                                                    


     bravais-lattice index     =            0
     lattice parameter (alat)  =       7.2595  a.u.
     unit-cell volume          =     270.5223 (a.u.)^3
     number of atoms/cell      =            2
     number of atomic types    =            1
     number of electrons       =         8.00
     number of Kohn-Sham states=            4
     kinetic-energy cutoff     =      30.0000  Ry
     charge density cutoff     =     240.0000  Ry
     Exchange-correlation= PBESOL
                           (   1   4  10   8   0   0   0)

     celldm(1)=   7.259489  celldm(2)=   0.000000  celldm(3)=   0.000000
     celldm(4)=   0.000000  celldm(5)=   0.000000  celldm(6)=   0.000000

     crystal axes: (cart. coord. in units of alat)
               a(1) = (   0.707107   0.707107   0.000000 )  
               a(2) = (   0.707107   0.000000   0.707107 )  
               a(3) = (   0.000000   0.707107   0.707107 )  

     reciprocal axes: (cart. coord. in units 2 pi/alat)
               b(1) = (  0.707107  0.707107 -0.707107 )  
               b(2) = (  0.707107 -0.707107  0.707107 )  
               b(3) = ( -0.707107  0.707107  0.707107 )  


     PseudoPot. # 1 for Si read from file:
     ../pseudo/Si.pbesol-n-rrkjus_psl.1.0.0.UPF
     MD5 check sum: c4212819de858c94c3a1644338846ac9
     Pseudo is Ultrasoft + core correction, Zval =  4.0
     Generated using "atomic" code by A. Dal Corso  v.6.0 svn rev. 13079
     Using radial grid of 1141 points,  6 beta functions with: 
                l(1) =   0
                l(2) =   0
                l(3) =   1
                l(4) =   1
                l(5) =   2
                l(6) =   2
     Q(r) pseudized with 0 coefficients 


     atomic species   valence    mass     pseudopotential
        Si             4.00    28.08550     Si( 1.00)

     48 Sym. Ops., with inversion, found



   Cartesian axes

     site n.     atom                  positions (alat units)
         1           Si  tau(   1) = (   0.0000000   0.0000000   0.0000000  )
         2           Si  tau(   2) = (   0.3535534   0.3535534   0.3535534  )

     number of k points=  1120

     Number of k-points >= 100: set verbosity='high' to print them.

     Dense  grid:    16889 G-vectors     FFT dimensions: (  36,  36,  36)

     Smooth grid:     5985 G-vectors     FFT dimensions: (  32,  32,  32)

     Estimated max dynamical RAM per process >       4.71 MB

     Estimated total dynamical RAM >      75.42 MB

     The potential is recalculated from file :
     tmp/_ph0/si.save/charge-density

     Starting wfcs are    8 atomic wfcs

     Band Structure Calculation
     Davidson diagonalization with overlap

     ethr =  1.25E-10,  avg # of iterations = 13.5

     total cpu time spent up to now is        7.3 secs

     End of band structure calculation

     Number of k-points >= 100: set verbosity='high' to print the bands.

     highest occupied level (ev):     6.1438

     Writing config to output data dir tmp/_ph0/si.save/

     default                                                                    

     bravais-lattice index     =            0
     lattice parameter (alat)  =       7.2595  a.u.
     unit-cell volume          =     270.5223 (a.u.)^3
     number of atoms/cell      =            2
     number of atomic types    =            1
     kinetic-energy cut-off    =      30.0000  Ry
     charge density cut-off    =     240.0000  Ry
     convergence threshold     =      1.6E-19
     beta                      =       0.7000
     number of iterations used =            4
     Exchange-correlation= PBESOL
                           (   1   4  10   8   0   0   0)


     celldm(1)=    7.25949  celldm(2)=    0.00000  celldm(3)=    0.00000
     celldm(4)=    0.00000  celldm(5)=    0.00000  celldm(6)=    0.00000

     crystal axes: (cart. coord. in units of alat)
               a(1) = (  0.7071  0.7071  0.0000 )  
               a(2) = (  0.7071  0.0000  0.7071 )  
               a(3) = (  0.0000  0.7071  0.7071 )  

     reciprocal axes: (cart. coord. in units 2 pi/alat)
               b(1) = (  0.7071  0.7071 -0.7071 )  
               b(2) = (  0.7071 -0.7071  0.7071 )  
               b(3) = ( -0.7071  0.7071  0.7071 )  


     Atoms inside the unit cell: 

     Cartesian axes

     site n.  atom      mass           positions (alat units)
        1     Si  28.0855   tau(    1) = (    0.00000    0.00000    0.00000  )
        2     Si  28.0855   tau(    2) = (    0.35355    0.35355    0.35355  )

     Computing dynamical matrix for 
                    q = (  -0.0883883   0.0883883   0.0883883 )

      6 Sym.Ops. (no q -> -q+G )


     G cutoff =  320.3787  (   1057 G-vectors)     FFT grid: ( 36, 36, 36)
     G cutoff =  160.1893  (    374 G-vectors)  smooth grid: ( 32, 32, 32)
     number of k points=  1120

     PseudoPot. # 1 for Si read from file:
     ../pseudo/Si.pbesol-n-rrkjus_psl.1.0.0.UPF
     MD5 check sum: c4212819de858c94c3a1644338846ac9
     Pseudo is Ultrasoft + core correction, Zval =  4.0
     Generated using "atomic" code by A. Dal Corso  v.6.0 svn rev. 13079
     Using radial grid of 1141 points,  6 beta functions with: 
                l(1) =   0
                l(2) =   0
                l(3) =   1
                l(4) =   1
                l(5) =   2
                l(6) =   2
     Q(r) pseudized with 0 coefficients 


     Mode symmetry, C_3v (3m)   point group:


     Atomic displacements:
     There are    4 irreducible representations

     Representation     1      1 modes -  To be done

     Representation     2      1 modes -  To be done

     Representation     3      2 modes -  To be done

     Representation     4      2 modes -  To be done



     Alpha used in Ewald sum =   2.5000
     PHONON       :     50.67s CPU     45.80s WALL



     Representation #   1 mode #   1

     Self-consistent Calculation

      iter #   1 total cpu time :    47.7 secs   av.it.:   6.2
      thresh= 1.000E-02 alpha_mix =  0.700 |ddv_scf|^2 =  2.881E-03

      iter #   2 total cpu time :    49.7 secs   av.it.:   8.2
      thresh= 5.368E-03 alpha_mix =  0.700 |ddv_scf|^2 =  1.318E-01

      iter #   3 total cpu time :    51.6 secs   av.it.:   7.5
      thresh= 1.000E-02 alpha_mix =  0.700 |ddv_scf|^2 =  5.960E-07

      iter #   4 total cpu time :    54.1 secs   av.it.:   8.4
      thresh= 7.720E-05 alpha_mix =  0.700 |ddv_scf|^2 =  2.756E-09

      iter #   5 total cpu time :    56.5 secs   av.it.:   9.8
      thresh= 5.250E-06 alpha_mix =  0.700 |ddv_scf|^2 =  4.080E-09

      iter #   6 total cpu time :    58.1 secs   av.it.:   8.4
      thresh= 6.387E-06 alpha_mix =  0.700 |ddv_scf|^2 =  7.244E-10

      iter #   7 total cpu time :    60.3 secs   av.it.:   6.3
      thresh= 2.691E-06 alpha_mix =  0.700 |ddv_scf|^2 =  1.016E-10

      iter #   8 total cpu time :    62.3 secs   av.it.:   8.0
      thresh= 1.008E-06 alpha_mix =  0.700 |ddv_scf|^2 =  2.650E-12

      iter #   9 total cpu time :    63.8 secs   av.it.:   7.4
      thresh= 1.628E-07 alpha_mix =  0.700 |ddv_scf|^2 =  2.657E-13

      iter #  10 total cpu time :    66.0 secs   av.it.:   7.8
      thresh= 5.154E-08 alpha_mix =  0.700 |ddv_scf|^2 =  2.119E-14

      iter #  11 total cpu time :    68.2 secs   av.it.:   8.1
      thresh= 1.456E-08 alpha_mix =  0.700 |ddv_scf|^2 =  9.124E-16

      iter #  12 total cpu time :    70.0 secs   av.it.:   8.6
      thresh= 3.021E-09 alpha_mix =  0.700 |ddv_scf|^2 =  4.703E-17

      iter #  13 total cpu time :    71.8 secs   av.it.:   7.2
      thresh= 6.858E-10 alpha_mix =  0.700 |ddv_scf|^2 =  1.224E-19

     End of self-consistent calculation

     Convergence has been achieved 


     Representation #   2 mode #   2

     Self-consistent Calculation

      iter #   1 total cpu time :    73.6 secs   av.it.:   6.2
      thresh= 1.000E-02 alpha_mix =  0.700 |ddv_scf|^2 =  2.881E-03

      iter #   2 total cpu time :    75.3 secs   av.it.:   8.2
      thresh= 5.368E-03 alpha_mix =  0.700 |ddv_scf|^2 =  1.318E-01

      iter #   3 total cpu time :    76.7 secs   av.it.:   7.5
      thresh= 1.000E-02 alpha_mix =  0.700 |ddv_scf|^2 =  5.956E-07

      iter #   4 total cpu time :    78.7 secs   av.it.:   8.4
      thresh= 7.718E-05 alpha_mix =  0.700 |ddv_scf|^2 =  2.729E-09

      iter #   5 total cpu time :    81.3 secs   av.it.:   9.9
      thresh= 5.224E-06 alpha_mix =  0.700 |ddv_scf|^2 =  4.098E-09

      iter #   6 total cpu time :    83.3 secs   av.it.:   8.5
      thresh= 6.402E-06 alpha_mix =  0.700 |ddv_scf|^2 =  2.522E-09

      iter #   7 total cpu time :    85.4 secs   av.it.:   6.8
      thresh= 5.022E-06 alpha_mix =  0.700 |ddv_scf|^2 =  2.178E-10

      iter #   8 total cpu time :    87.6 secs   av.it.:   7.5
      thresh= 1.476E-06 alpha_mix =  0.700 |ddv_scf|^2 =  2.708E-12

      iter #   9 total cpu time :    89.5 secs   av.it.:   7.4
      thresh= 1.646E-07 alpha_mix =  0.700 |ddv_scf|^2 =  2.710E-13

      iter #  10 total cpu time :    90.9 secs   av.it.:   7.8
      thresh= 5.206E-08 alpha_mix =  0.700 |ddv_scf|^2 =  2.176E-14

      iter #  11 total cpu time :    93.1 secs   av.it.:   8.1
      thresh= 1.475E-08 alpha_mix =  0.700 |ddv_scf|^2 =  2.820E-16

      iter #  12 total cpu time :    95.7 secs   av.it.:   9.2
      thresh= 1.679E-09 alpha_mix =  0.700 |ddv_scf|^2 =  8.732E-18

      iter #  13 total cpu time :    97.4 secs   av.it.:   7.6
      thresh= 2.955E-10 alpha_mix =  0.700 |ddv_scf|^2 =  2.303E-20

     End of self-consistent calculation

     Convergence has been achieved 


     Representation #   3 modes #   3   4

     Self-consistent Calculation

      iter #   1 total cpu time :   101.6 secs   av.it.:   5.5
      thresh= 1.000E-02 alpha_mix =  0.700 |ddv_scf|^2 =  4.127E-08

      iter #   2 total cpu time :   106.5 secs   av.it.:  10.7
      thresh= 2.031E-05 alpha_mix =  0.700 |ddv_scf|^2 =  2.746E-09

      iter #   3 total cpu time :   111.9 secs   av.it.:  10.6
      thresh= 5.241E-06 alpha_mix =  0.700 |ddv_scf|^2 =  1.635E-10

      iter #   4 total cpu time :   116.2 secs   av.it.:  10.6
      thresh= 1.279E-06 alpha_mix =  0.700 |ddv_scf|^2 =  4.708E-13

      iter #   5 total cpu time :   121.4 secs   av.it.:  10.9
      thresh= 6.862E-08 alpha_mix =  0.700 |ddv_scf|^2 =  2.301E-14

      iter #   6 total cpu time :   126.6 secs   av.it.:  11.0
      thresh= 1.517E-08 alpha_mix =  0.700 |ddv_scf|^2 =  2.052E-16

      iter #   7 total cpu time :   131.6 secs   av.it.:  10.5
      thresh= 1.432E-09 alpha_mix =  0.700 |ddv_scf|^2 =  1.138E-17

      iter #   8 total cpu time :   137.5 secs   av.it.:  10.6
      thresh= 3.373E-10 alpha_mix =  0.700 |ddv_scf|^2 =  1.061E-19

     End of self-consistent calculation

     Convergence has been achieved 


     Representation #   4 modes #   5   6

     Self-consistent Calculation

      iter #   1 total cpu time :   141.2 secs   av.it.:   5.6
      thresh= 1.000E-02 alpha_mix =  0.700 |ddv_scf|^2 =  4.127E-08

      iter #   2 total cpu time :   146.2 secs   av.it.:  11.0
      thresh= 2.032E-05 alpha_mix =  0.700 |ddv_scf|^2 =  2.749E-09

      iter #   3 total cpu time :   151.0 secs   av.it.:  10.8
      thresh= 5.243E-06 alpha_mix =  0.700 |ddv_scf|^2 =  1.638E-10

      iter #   4 total cpu time :   156.6 secs   av.it.:  10.9
      thresh= 1.280E-06 alpha_mix =  0.700 |ddv_scf|^2 =  4.700E-13

      iter #   5 total cpu time :   161.8 secs   av.it.:  11.1
      thresh= 6.856E-08 alpha_mix =  0.700 |ddv_scf|^2 =  2.301E-14

      iter #   6 total cpu time :   167.8 secs   av.it.:  11.2
      thresh= 1.517E-08 alpha_mix =  0.700 |ddv_scf|^2 =  2.046E-16

      iter #   7 total cpu time :   173.0 secs   av.it.:  10.6
      thresh= 1.430E-09 alpha_mix =  0.700 |ddv_scf|^2 =  1.137E-17

      iter #   8 total cpu time :   178.4 secs   av.it.:  10.8
      thresh= 3.372E-10 alpha_mix =  0.700 |ddv_scf|^2 =  1.051E-19

     End of self-consistent calculation

     Convergence has been achieved 

     Number of q in the star =    8
     List of q in the star:
          1  -0.088388348   0.088388348   0.088388348
          2  -0.088388348  -0.088388348  -0.088388348
          3   0.088388348  -0.088388348   0.088388348
          4   0.088388348  -0.088388348  -0.088388348
          5  -0.088388348   0.088388348  -0.088388348
          6   0.088388348   0.088388348  -0.088388348
          7   0.088388348   0.088388348   0.088388348
          8  -0.088388348  -0.088388348   0.088388348

     Diagonalizing the dynamical matrix

     q = (   -0.088388348   0.088388348   0.088388348 ) 

 **************************************************************************
     freq (    1) =       1.657996 [THz] =      55.304800 [cm-1]
     freq (    2) =       1.657996 [THz] =      55.304800 [cm-1]
     freq (    3) =       3.517215 [THz] =     117.321668 [cm-1]
     freq (    4) =      15.037396 [THz] =     501.593548 [cm-1]
     freq (    5) =      15.037396 [THz] =     501.593548 [cm-1]
     freq (    6) =      15.049516 [THz] =     501.997809 [cm-1]
 **************************************************************************

     Mode symmetry, C_3v (3m)   point group:

     freq (   1-   2) =         55.3  [cm-1]   --> E    L_3           
     freq (   3-   3) =        117.3  [cm-1]   --> A_1  L_1           
     freq (   4-   5) =        501.6  [cm-1]   --> E    L_3           
     freq (   6-   6) =        502.0  [cm-1]   --> A_1  L_1           

     Calculation of q =   -0.1767767   0.1767767   0.1767767

     Parallelization info
     --------------------
     sticks:   dense  smooth     PW     G-vecs:    dense   smooth      PW
     Min          53      27      9                 1054      373      76
     Max          54      28     10                 1057      376      79
     Sum         859     433    151                16889     5985    1243

     Using Slab Decomposition


     Title: 
     default                                                                    


     bravais-lattice index     =            0
     lattice parameter (alat)  =       7.2595  a.u.
     unit-cell volume          =     270.5223 (a.u.)^3
     number of atoms/cell      =            2
     number of atomic types    =            1
     number of electrons       =         8.00
     number of Kohn-Sham states=            4
     kinetic-energy cutoff     =      30.0000  Ry
     charge density cutoff     =     240.0000  Ry
     Exchange-correlation= PBESOL
                           (   1   4  10   8   0   0   0)

     celldm(1)=   7.259489  celldm(2)=   0.000000  celldm(3)=   0.000000
     celldm(4)=   0.000000  celldm(5)=   0.000000  celldm(6)=   0.000000

     crystal axes: (cart. coord. in units of alat)
               a(1) = (   0.707107   0.707107   0.000000 )  
               a(2) = (   0.707107   0.000000   0.707107 )  
               a(3) = (   0.000000   0.707107   0.707107 )  

     reciprocal axes: (cart. coord. in units 2 pi/alat)
               b(1) = (  0.707107  0.707107 -0.707107 )  
               b(2) = (  0.707107 -0.707107  0.707107 )  
               b(3) = ( -0.707107  0.707107  0.707107 )  


     PseudoPot. # 1 for Si read from file:
     ../pseudo/Si.pbesol-n-rrkjus_psl.1.0.0.UPF
     MD5 check sum: c4212819de858c94c3a1644338846ac9
     Pseudo is Ultrasoft + core correction, Zval =  4.0
     Generated using "atomic" code by A. Dal Corso  v.6.0 svn rev. 13079
     Using radial grid of 1141 points,  6 beta functions with: 
                l(1) =   0
                l(2) =   0
                l(3) =   1
                l(4) =   1
                l(5) =   2
                l(6) =   2
     Q(r) pseudized with 0 coefficients 


     atomic species   valence    mass     pseudopotential
        Si             4.00    28.08550     Si( 1.00)

     48 Sym. Ops., with inversion, found



   Cartesian axes

     site n.     atom                  positions (alat units)
         1           Si  tau(   1) = (   0.0000000   0.0000000   0.0000000  )
         2           Si  tau(   2) = (   0.3535534   0.3535534   0.3535534  )

     number of k points=  1120

     Number of k-points >= 100: set verbosity='high' to print them.

     Dense  grid:    16889 G-vectors     FFT dimensions: (  36,  36,  36)

     Smooth grid:     5985 G-vectors     FFT dimensions: (  32,  32,  32)

     Estimated max dynamical RAM per process >       4.72 MB

     Estimated total dynamical RAM >      75.59 MB

     The potential is recalculated from file :
     tmp/_ph0/si.save/charge-density

     Starting wfcs are    8 atomic wfcs

     Band Structure Calculation
     Davidson diagonalization with overlap

     ethr =  1.25E-10,  avg # of iterations = 13.5

     total cpu time spent up to now is       13.5 secs

     End of band structure calculation

     Number of k-points >= 100: set verbosity='high' to print the bands.

     highest occupied level (ev):     6.1438

     Writing config to output data dir tmp/_ph0/si.save/

     default                                                                    

     bravais-lattice index     =            0
     lattice parameter (alat)  =       7.2595  a.u.
     unit-cell volume          =     270.5223 (a.u.)^3
     number of atoms/cell      =            2
     number of atomic types    =            1
     kinetic-energy cut-off    =      30.0000  Ry
     charge density cut-off    =     240.0000  Ry
     convergence threshold     =      1.6E-19
     beta                      =       0.7000
     number of iterations used =            4
     Exchange-correlation= PBESOL
                           (   1   4  10   8   0   0   0)


     celldm(1)=    7.25949  celldm(2)=    0.00000  celldm(3)=    0.00000
     celldm(4)=    0.00000  celldm(5)=    0.00000  celldm(6)=    0.00000

     crystal axes: (cart. coord. in units of alat)
               a(1) = (  0.7071  0.7071  0.0000 )  
               a(2) = (  0.7071  0.0000  0.7071 )  
               a(3) = (  0.0000  0.7071  0.7071 )  

     reciprocal axes: (cart. coord. in units 2 pi/alat)
               b(1) = (  0.7071  0.7071 -0.7071 )  
               b(2) = (  0.7071 -0.7071  0.7071 )  
               b(3) = ( -0.7071  0.7071  0.7071 )  


     Atoms inside the unit cell: 

     Cartesian axes

     site n.  atom      mass           positions (alat units)
        1     Si  28.0855   tau(    1) = (    0.00000    0.00000    0.00000  )
        2     Si  28.0855   tau(    2) = (    0.35355    0.35355    0.35355  )

     Computing dynamical matrix for 
                    q = (  -0.1767767   0.1767767   0.1767767 )

      6 Sym.Ops. (no q -> -q+G )


     G cutoff =  320.3787  (   1057 G-vectors)     FFT grid: ( 36, 36, 36)
     G cutoff =  160.1893  (    374 G-vectors)  smooth grid: ( 32, 32, 32)
     number of k points=  1120

     PseudoPot. # 1 for Si read from file:
     ../pseudo/Si.pbesol-n-rrkjus_psl.1.0.0.UPF
     MD5 check sum: c4212819de858c94c3a1644338846ac9
     Pseudo is Ultrasoft + core correction, Zval =  4.0
     Generated using "atomic" code by A. Dal Corso  v.6.0 svn rev. 13079
     Using radial grid of 1141 points,  6 beta functions with: 
                l(1) =   0
                l(2) =   0
                l(3) =   1
                l(4) =   1
                l(5) =   2
                l(6) =   2
     Q(r) pseudized with 0 coefficients 


     Mode symmetry, C_3v (3m)   point group:


     Atomic displacements:
     There are    4 irreducible representations

     Representation     1      1 modes -  To be done

     Representation     2      1 modes -  To be done

     Representation     3      2 modes -  To be done

     Representation     4      2 modes -  To be done



     Alpha used in Ewald sum =   2.5000
     PHONON       :   3m 7.10s CPU   3m 6.03s WALL



     Representation #   1 mode #   1

     Self-consistent Calculation

      iter #   1 total cpu time :   187.8 secs   av.it.:   6.2
      thresh= 1.000E-02 alpha_mix =  0.700 |ddv_scf|^2 =  2.544E-04

      iter #   2 total cpu time :   190.3 secs   av.it.:   9.0
      thresh= 1.595E-03 alpha_mix =  0.700 |ddv_scf|^2 =  4.046E-03

      iter #   3 total cpu time :   192.4 secs   av.it.:   7.4
      thresh= 6.361E-03 alpha_mix =  0.700 |ddv_scf|^2 =  1.492E-07

      iter #   4 total cpu time :   194.9 secs   av.it.:   9.6
      thresh= 3.862E-05 alpha_mix =  0.700 |ddv_scf|^2 =  1.042E-08

      iter #   5 total cpu time :   197.2 secs   av.it.:   9.7
      thresh= 1.021E-05 alpha_mix =  0.700 |ddv_scf|^2 =  3.761E-10

      iter #   6 total cpu time :   199.2 secs   av.it.:   9.6
      thresh= 1.939E-06 alpha_mix =  0.700 |ddv_scf|^2 =  3.578E-11

      iter #   7 total cpu time :   201.5 secs   av.it.:   9.1
      thresh= 5.982E-07 alpha_mix =  0.700 |ddv_scf|^2 =  7.129E-11

      iter #   8 total cpu time :   204.2 secs   av.it.:   8.1
      thresh= 8.443E-07 alpha_mix =  0.700 |ddv_scf|^2 =  1.012E-12

      iter #   9 total cpu time :   206.3 secs   av.it.:   8.8
      thresh= 1.006E-07 alpha_mix =  0.700 |ddv_scf|^2 =  6.928E-14

      iter #  10 total cpu time :   209.1 secs   av.it.:   9.2
      thresh= 2.632E-08 alpha_mix =  0.700 |ddv_scf|^2 =  3.599E-15

      iter #  11 total cpu time :   211.5 secs   av.it.:   9.3
      thresh= 5.999E-09 alpha_mix =  0.700 |ddv_scf|^2 =  8.523E-16

      iter #  12 total cpu time :   213.4 secs   av.it.:   9.1
      thresh= 2.919E-09 alpha_mix =  0.700 |ddv_scf|^2 =  7.747E-18

      iter #  13 total cpu time :   215.2 secs   av.it.:  10.1
      thresh= 2.783E-10 alpha_mix =  0.700 |ddv_scf|^2 =  6.236E-19

      iter #  14 total cpu time :   217.7 secs   av.it.:   9.9
      thresh= 7.897E-11 alpha_mix =  0.700 |ddv_scf|^2 =  1.346E-19

     End of self-consistent calculation

     Convergence has been achieved 


     Representation #   2 mode #   2

     Self-consistent Calculation

      iter #   1 total cpu time :   219.5 secs   av.it.:   6.2
      thresh= 1.000E-02 alpha_mix =  0.700 |ddv_scf|^2 =  2.544E-04

      iter #   2 total cpu time :   221.3 secs   av.it.:   9.0
      thresh= 1.595E-03 alpha_mix =  0.700 |ddv_scf|^2 =  4.046E-03

      iter #   3 total cpu time :   223.8 secs   av.it.:   7.4
      thresh= 6.361E-03 alpha_mix =  0.700 |ddv_scf|^2 =  1.491E-07

      iter #   4 total cpu time :   226.0 secs   av.it.:   9.6
      thresh= 3.862E-05 alpha_mix =  0.700 |ddv_scf|^2 =  1.041E-08

      iter #   5 total cpu time :   227.6 secs   av.it.:   9.7
      thresh= 1.020E-05 alpha_mix =  0.700 |ddv_scf|^2 =  3.760E-10

      iter #   6 total cpu time :   229.8 secs   av.it.:   9.6
      thresh= 1.939E-06 alpha_mix =  0.700 |ddv_scf|^2 =  2.888E-11

      iter #   7 total cpu time :   231.6 secs   av.it.:   9.3
      thresh= 5.374E-07 alpha_mix =  0.700 |ddv_scf|^2 =  6.116E-11

      iter #   8 total cpu time :   233.3 secs   av.it.:   8.1
      thresh= 7.821E-07 alpha_mix =  0.700 |ddv_scf|^2 =  1.037E-12

      iter #   9 total cpu time :   234.9 secs   av.it.:   8.7
      thresh= 1.018E-07 alpha_mix =  0.700 |ddv_scf|^2 =  6.737E-14

      iter #  10 total cpu time :   237.0 secs   av.it.:   9.2
      thresh= 2.596E-08 alpha_mix =  0.700 |ddv_scf|^2 =  3.549E-15

      iter #  11 total cpu time :   238.8 secs   av.it.:   9.3
      thresh= 5.957E-09 alpha_mix =  0.700 |ddv_scf|^2 =  8.472E-16

      iter #  12 total cpu time :   240.4 secs   av.it.:   9.1
      thresh= 2.911E-09 alpha_mix =  0.700 |ddv_scf|^2 =  8.011E-18

      iter #  13 total cpu time :   242.6 secs   av.it.:  10.1
      thresh= 2.830E-10 alpha_mix =  0.700 |ddv_scf|^2 =  6.993E-19

      iter #  14 total cpu time :   245.0 secs   av.it.:   9.9
      thresh= 8.362E-11 alpha_mix =  0.700 |ddv_scf|^2 =  1.287E-19

     End of self-consistent calculation

     Convergence has been achieved 


     Representation #   3 modes #   3   4

     Self-consistent Calculation

      iter #   1 total cpu time :   248.8 secs   av.it.:   5.5
      thresh= 1.000E-02 alpha_mix =  0.700 |ddv_scf|^2 =  4.825E-08

      iter #   2 total cpu time :   254.0 secs   av.it.:  10.7
      thresh= 2.197E-05 alpha_mix =  0.700 |ddv_scf|^2 =  3.513E-09

      iter #   3 total cpu time :   259.7 secs   av.it.:  10.6
      thresh= 5.927E-06 alpha_mix =  0.700 |ddv_scf|^2 =  2.396E-10

      iter #   4 total cpu time :   265.4 secs   av.it.:  10.6
      thresh= 1.548E-06 alpha_mix =  0.700 |ddv_scf|^2 =  4.722E-13

      iter #   5 total cpu time :   271.0 secs   av.it.:  10.9
      thresh= 6.871E-08 alpha_mix =  0.700 |ddv_scf|^2 =  2.314E-14

      iter #   6 total cpu time :   276.8 secs   av.it.:  11.0
      thresh= 1.521E-08 alpha_mix =  0.700 |ddv_scf|^2 =  2.241E-16

      iter #   7 total cpu time :   281.8 secs   av.it.:  10.5
      thresh= 1.497E-09 alpha_mix =  0.700 |ddv_scf|^2 =  1.213E-17

      iter #   8 total cpu time :   287.3 secs   av.it.:  10.7
      thresh= 3.483E-10 alpha_mix =  0.700 |ddv_scf|^2 =  1.121E-19

     End of self-consistent calculation

     Convergence has been achieved 


     Representation #   4 modes #   5   6

     Self-consistent Calculation

      iter #   1 total cpu time :   290.7 secs   av.it.:   5.6
      thresh= 1.000E-02 alpha_mix =  0.700 |ddv_scf|^2 =  4.825E-08

      iter #   2 total cpu time :   295.0 secs   av.it.:  11.0
      thresh= 2.197E-05 alpha_mix =  0.700 |ddv_scf|^2 =  3.514E-09

      iter #   3 total cpu time :   299.8 secs   av.it.:  10.9
      thresh= 5.928E-06 alpha_mix =  0.700 |ddv_scf|^2 =  2.396E-10

      iter #   4 total cpu time :   304.8 secs   av.it.:  10.9
      thresh= 1.548E-06 alpha_mix =  0.700 |ddv_scf|^2 =  4.707E-13

      iter #   5 total cpu time :   310.2 secs   av.it.:  11.1
      thresh= 6.861E-08 alpha_mix =  0.700 |ddv_scf|^2 =  2.308E-14

      iter #   6 total cpu time :   315.3 secs   av.it.:  11.2
      thresh= 1.519E-08 alpha_mix =  0.700 |ddv_scf|^2 =  2.236E-16

      iter #   7 total cpu time :   320.7 secs   av.it.:  10.6
      thresh= 1.495E-09 alpha_mix =  0.700 |ddv_scf|^2 =  1.210E-17

      iter #   8 total cpu time :   325.7 secs   av.it.:  10.9
      thresh= 3.479E-10 alpha_mix =  0.700 |ddv_scf|^2 =  1.124E-19

     End of self-consistent calculation

     Convergence has been achieved 

     Number of q in the star =    8
     List of q in the star:
          1  -0.176776695   0.176776695   0.176776695
          2  -0.176776695  -0.176776695  -0.176776695
          3   0.176776695  -0.176776695   0.176776695
          4   0.176776695  -0.176776695  -0.176776695
          5  -0.176776695   0.176776695  -0.176776695
          6   0.176776695   0.176776695  -0.176776695
          7   0.176776695   0.176776695   0.176776695
          8  -0.176776695  -0.176776695   0.176776695

     Diagonalizing the dynamical matrix

     q = (   -0.176776695   0.176776695   0.176776695 ) 

 **************************************************************************
     freq (    1) =       2.677169 [THz] =      89.300756 [cm-1]
     freq (    2) =       2.677169 [THz] =      89.300756 [cm-1]
     freq (    3) =       6.777557 [THz] =     226.074962 [cm-1]
     freq (    4) =      14.390101 [THz] =     480.002096 [cm-1]
     freq (    5) =      14.728660 [THz] =     491.295207 [cm-1]
     freq (    6) =      14.728660 [THz] =     491.295207 [cm-1]
 **************************************************************************

     Mode symmetry, C_3v (3m)   point group:

     freq (   1-   2) =         89.3  [cm-1]   --> E    L_3           
     freq (   3-   3) =        226.1  [cm-1]   --> A_1  L_1           
     freq (   4-   4) =        480.0  [cm-1]   --> A_1  L_1           
     freq (   5-   6) =        491.3  [cm-1]   --> E    L_3           

     Calculation of q =   -0.2651650   0.2651650   0.2651650

     Parallelization info
     --------------------
     sticks:   dense  smooth     PW     G-vecs:    dense   smooth      PW
     Min          53      27     10                 1054      373      84
     Max          54      28     11                 1057      376      86
     Sum         859     433    163                16889     5985    1363

     Using Slab Decomposition


     Title: 
     default                                                                    


     bravais-lattice index     =            0
     lattice parameter (alat)  =       7.2595  a.u.
     unit-cell volume          =     270.5223 (a.u.)^3
     number of atoms/cell      =            2
     number of atomic types    =            1
     number of electrons       =         8.00
     number of Kohn-Sham states=            4
     kinetic-energy cutoff     =      30.0000  Ry
     charge density cutoff     =     240.0000  Ry
     Exchange-correlation= PBESOL
                           (   1   4  10   8   0   0   0)

     celldm(1)=   7.259489  celldm(2)=   0.000000  celldm(3)=   0.000000
     celldm(4)=   0.000000  celldm(5)=   0.000000  celldm(6)=   0.000000

     crystal axes: (cart. coord. in units of alat)
               a(1) = (   0.707107   0.707107   0.000000 )  
               a(2) = (   0.707107   0.000000   0.707107 )  
               a(3) = (   0.000000   0.707107   0.707107 )  

     reciprocal axes: (cart. coord. in units 2 pi/alat)
               b(1) = (  0.707107  0.707107 -0.707107 )  
               b(2) = (  0.707107 -0.707107  0.707107 )  
               b(3) = ( -0.707107  0.707107  0.707107 )  


     PseudoPot. # 1 for Si read from file:
     ../pseudo/Si.pbesol-n-rrkjus_psl.1.0.0.UPF
     MD5 check sum: c4212819de858c94c3a1644338846ac9
     Pseudo is Ultrasoft + core correction, Zval =  4.0
     Generated using "atomic" code by A. Dal Corso  v.6.0 svn rev. 13079
     Using radial grid of 1141 points,  6 beta functions with: 
                l(1) =   0
                l(2) =   0
                l(3) =   1
                l(4) =   1
                l(5) =   2
                l(6) =   2
     Q(r) pseudized with 0 coefficients 


     atomic species   valence    mass     pseudopotential
        Si             4.00    28.08550     Si( 1.00)

     48 Sym. Ops., with inversion, found



   Cartesian axes

     site n.     atom                  positions (alat units)
         1           Si  tau(   1) = (   0.0000000   0.0000000   0.0000000  )
         2           Si  tau(   2) = (   0.3535534   0.3535534   0.3535534  )

     number of k points=  1120

     Number of k-points >= 100: set verbosity='high' to print them.

     Dense  grid:    16889 G-vectors     FFT dimensions: (  36,  36,  36)

     Smooth grid:     5985 G-vectors     FFT dimensions: (  32,  32,  32)

     Estimated max dynamical RAM per process >       4.73 MB

     Estimated total dynamical RAM >      75.75 MB

     The potential is recalculated from file :
     tmp/_ph0/si.save/charge-density

     Starting wfcs are    8 atomic wfcs

     Band Structure Calculation
     Davidson diagonalization with overlap

     ethr =  1.25E-10,  avg # of iterations = 13.5

     total cpu time spent up to now is       20.4 secs

     End of band structure calculation

     Number of k-points >= 100: set verbosity='high' to print the bands.

     highest occupied level (ev):     6.1438

     Writing config to output data dir tmp/_ph0/si.save/

     default                                                                    

     bravais-lattice index     =            0
     lattice parameter (alat)  =       7.2595  a.u.
     unit-cell volume          =     270.5223 (a.u.)^3
     number of atoms/cell      =            2
     number of atomic types    =            1
     kinetic-energy cut-off    =      30.0000  Ry
     charge density cut-off    =     240.0000  Ry
     convergence threshold     =      1.6E-19
     beta                      =       0.7000
     number of iterations used =            4
     Exchange-correlation= PBESOL
                           (   1   4  10   8   0   0   0)


     celldm(1)=    7.25949  celldm(2)=    0.00000  celldm(3)=    0.00000
     celldm(4)=    0.00000  celldm(5)=    0.00000  celldm(6)=    0.00000

     crystal axes: (cart. coord. in units of alat)
               a(1) = (  0.7071  0.7071  0.0000 )  
               a(2) = (  0.7071  0.0000  0.7071 )  
               a(3) = (  0.0000  0.7071  0.7071 )  

     reciprocal axes: (cart. coord. in units 2 pi/alat)
               b(1) = (  0.7071  0.7071 -0.7071 )  
               b(2) = (  0.7071 -0.7071  0.7071 )  
               b(3) = ( -0.7071  0.7071  0.7071 )  


     Atoms inside the unit cell: 

     Cartesian axes

     site n.  atom      mass           positions (alat units)
        1     Si  28.0855   tau(    1) = (    0.00000    0.00000    0.00000  )
        2     Si  28.0855   tau(    2) = (    0.35355    0.35355    0.35355  )

     Computing dynamical matrix for 
                    q = (  -0.2651650   0.2651650   0.2651650 )

      6 Sym.Ops. (no q -> -q+G )


     G cutoff =  320.3787  (   1057 G-vectors)     FFT grid: ( 36, 36, 36)
     G cutoff =  160.1893  (    374 G-vectors)  smooth grid: ( 32, 32, 32)
     number of k points=  1120

     PseudoPot. # 1 for Si read from file:
     ../pseudo/Si.pbesol-n-rrkjus_psl.1.0.0.UPF
     MD5 check sum: c4212819de858c94c3a1644338846ac9
     Pseudo is Ultrasoft + core correction, Zval =  4.0
     Generated using "atomic" code by A. Dal Corso  v.6.0 svn rev. 13079
     Using radial grid of 1141 points,  6 beta functions with: 
                l(1) =   0
                l(2) =   0
                l(3) =   1
                l(4) =   1
                l(5) =   2
                l(6) =   2
     Q(r) pseudized with 0 coefficients 


     Mode symmetry, C_3v (3m)   point group:


     Atomic displacements:
     There are    4 irreducible representations

     Representation     1      1 modes -  To be done

     Representation     2      1 modes -  To be done

     Representation     3      2 modes -  To be done

     Representation     4      2 modes -  To be done



     Alpha used in Ewald sum =   2.5000
     PHONON       :   5m31.81s CPU   5m34.15s WALL



     Representation #   1 mode #   1

     Self-consistent Calculation

      iter #   1 total cpu time :   335.5 secs   av.it.:   6.3
      thresh= 1.000E-02 alpha_mix =  0.700 |ddv_scf|^2 =  4.302E-05

      iter #   2 total cpu time :   337.6 secs   av.it.:   9.7
      thresh= 6.559E-04 alpha_mix =  0.700 |ddv_scf|^2 =  2.459E-04

      iter #   3 total cpu time :   340.1 secs   av.it.:   8.3
      thresh= 1.568E-03 alpha_mix =  0.700 |ddv_scf|^2 =  1.245E-07

      iter #   4 total cpu time :   342.4 secs   av.it.:   9.6
      thresh= 3.528E-05 alpha_mix =  0.700 |ddv_scf|^2 =  3.264E-09

      iter #   5 total cpu time :   344.6 secs   av.it.:   9.7
      thresh= 5.713E-06 alpha_mix =  0.700 |ddv_scf|^2 =  7.790E-11

      iter #   6 total cpu time :   347.1 secs   av.it.:  10.2
      thresh= 8.826E-07 alpha_mix =  0.700 |ddv_scf|^2 =  3.258E-12

      iter #   7 total cpu time :   349.0 secs   av.it.:  10.2
      thresh= 1.805E-07 alpha_mix =  0.700 |ddv_scf|^2 =  4.959E-13

      iter #   8 total cpu time :   351.5 secs   av.it.:   9.6
      thresh= 7.042E-08 alpha_mix =  0.700 |ddv_scf|^2 =  1.172E-12

      iter #   9 total cpu time :   354.0 secs   av.it.:   8.6
      thresh= 1.083E-07 alpha_mix =  0.700 |ddv_scf|^2 =  7.089E-14

      iter #  10 total cpu time :   355.9 secs   av.it.:   8.8
      thresh= 2.663E-08 alpha_mix =  0.700 |ddv_scf|^2 =  1.793E-15

      iter #  11 total cpu time :   358.4 secs   av.it.:   9.7
      thresh= 4.234E-09 alpha_mix =  0.700 |ddv_scf|^2 =  9.003E-17

      iter #  12 total cpu time :   360.8 secs   av.it.:   9.8
      thresh= 9.488E-10 alpha_mix =  0.700 |ddv_scf|^2 =  1.823E-17

      iter #  13 total cpu time :   363.2 secs   av.it.:   9.7
      thresh= 4.269E-10 alpha_mix =  0.700 |ddv_scf|^2 =  9.756E-19

      iter #  14 total cpu time :   365.9 secs   av.it.:   9.8
      thresh= 9.877E-11 alpha_mix =  0.700 |ddv_scf|^2 =  3.933E-19

      iter #  15 total cpu time :   368.6 secs   av.it.:   9.1
      thresh= 6.272E-11 alpha_mix =  0.700 |ddv_scf|^2 =  3.677E-20

     End of self-consistent calculation

     Convergence has been achieved 


     Representation #   2 mode #   2

     Self-consistent Calculation

      iter #   1 total cpu time :   370.2 secs   av.it.:   6.2
      thresh= 1.000E-02 alpha_mix =  0.700 |ddv_scf|^2 =  4.302E-05

      iter #   2 total cpu time :   372.6 secs   av.it.:   9.7
      thresh= 6.559E-04 alpha_mix =  0.700 |ddv_scf|^2 =  2.459E-04

      iter #   3 total cpu time :   374.4 secs   av.it.:   8.3
      thresh= 1.568E-03 alpha_mix =  0.700 |ddv_scf|^2 =  1.245E-07

      iter #   4 total cpu time :   376.4 secs   av.it.:   9.6
      thresh= 3.528E-05 alpha_mix =  0.700 |ddv_scf|^2 =  3.264E-09

      iter #   5 total cpu time :   378.7 secs   av.it.:   9.7
      thresh= 5.713E-06 alpha_mix =  0.700 |ddv_scf|^2 =  7.790E-11

      iter #   6 total cpu time :   381.4 secs   av.it.:  10.2
      thresh= 8.826E-07 alpha_mix =  0.700 |ddv_scf|^2 =  3.243E-12

      iter #   7 total cpu time :   384.0 secs   av.it.:  10.2
      thresh= 1.801E-07 alpha_mix =  0.700 |ddv_scf|^2 =  3.913E-13

      iter #   8 total cpu time :   386.9 secs   av.it.:   9.7
      thresh= 6.255E-08 alpha_mix =  0.700 |ddv_scf|^2 =  1.123E-12

      iter #   9 total cpu time :   389.2 secs   av.it.:   8.6
      thresh= 1.060E-07 alpha_mix =  0.700 |ddv_scf|^2 =  3.824E-14

      iter #  10 total cpu time :   390.9 secs   av.it.:   8.9
      thresh= 1.955E-08 alpha_mix =  0.700 |ddv_scf|^2 =  2.327E-15

      iter #  11 total cpu time :   393.9 secs   av.it.:   9.5
      thresh= 4.824E-09 alpha_mix =  0.700 |ddv_scf|^2 =  2.975E-17

      iter #  12 total cpu time :   396.5 secs   av.it.:   9.9
      thresh= 5.454E-10 alpha_mix =  0.700 |ddv_scf|^2 =  9.737E-18

      iter #  13 total cpu time :   399.2 secs   av.it.:   9.6
      thresh= 3.120E-10 alpha_mix =  0.700 |ddv_scf|^2 =  1.041E-18

      iter #  14 total cpu time :   401.8 secs   av.it.:   9.7
      thresh= 1.020E-10 alpha_mix =  0.700 |ddv_scf|^2 =  2.183E-19

      iter #  15 total cpu time :   403.9 secs   av.it.:   9.3
      thresh= 4.672E-11 alpha_mix =  0.700 |ddv_scf|^2 =  2.538E-20

     End of self-consistent calculation

     Convergence has been achieved 


     Representation #   3 modes #   3   4

     Self-consistent Calculation

      iter #   1 total cpu time :   408.0 secs   av.it.:   5.5
      thresh= 1.000E-02 alpha_mix =  0.700 |ddv_scf|^2 =  5.455E-08

      iter #   2 total cpu time :   412.9 secs   av.it.:  10.8
      thresh= 2.336E-05 alpha_mix =  0.700 |ddv_scf|^2 =  4.316E-09

      iter #   3 total cpu time :   417.7 secs   av.it.:  10.6
      thresh= 6.569E-06 alpha_mix =  0.700 |ddv_scf|^2 =  2.864E-10

      iter #   4 total cpu time :   423.1 secs   av.it.:  10.6
      thresh= 1.692E-06 alpha_mix =  0.700 |ddv_scf|^2 =  4.560E-13

      iter #   5 total cpu time :   428.3 secs   av.it.:  10.9
      thresh= 6.753E-08 alpha_mix =  0.700 |ddv_scf|^2 =  2.290E-14

      iter #   6 total cpu time :   433.2 secs   av.it.:  10.9
      thresh= 1.513E-08 alpha_mix =  0.700 |ddv_scf|^2 =  2.697E-16

      iter #   7 total cpu time :   438.7 secs   av.it.:  10.6
      thresh= 1.642E-09 alpha_mix =  0.700 |ddv_scf|^2 =  1.128E-17

      iter #   8 total cpu time :   444.3 secs   av.it.:  10.6
      thresh= 3.358E-10 alpha_mix =  0.700 |ddv_scf|^2 =  1.858E-19

      iter #   9 total cpu time :   449.3 secs   av.it.:  11.0
      thresh= 4.310E-11 alpha_mix =  0.700 |ddv_scf|^2 =  6.039E-21

     End of self-consistent calculation

     Convergence has been achieved 


     Representation #   4 modes #   5   6

     Self-consistent Calculation

      iter #   1 total cpu time :   452.5 secs   av.it.:   5.6
      thresh= 1.000E-02 alpha_mix =  0.700 |ddv_scf|^2 =  5.454E-08

      iter #   2 total cpu time :   457.2 secs   av.it.:  11.1
      thresh= 2.335E-05 alpha_mix =  0.700 |ddv_scf|^2 =  4.312E-09

      iter #   3 total cpu time :   463.4 secs   av.it.:  10.9
      thresh= 6.567E-06 alpha_mix =  0.700 |ddv_scf|^2 =  2.863E-10

      iter #   4 total cpu time :   467.8 secs   av.it.:  10.8
      thresh= 1.692E-06 alpha_mix =  0.700 |ddv_scf|^2 =  4.564E-13

      iter #   5 total cpu time :   473.2 secs   av.it.:  11.1
      thresh= 6.756E-08 alpha_mix =  0.700 |ddv_scf|^2 =  2.287E-14

      iter #   6 total cpu time :   479.2 secs   av.it.:  11.2
      thresh= 1.512E-08 alpha_mix =  0.700 |ddv_scf|^2 =  2.701E-16

      iter #   7 total cpu time :   484.7 secs   av.it.:  10.7
      thresh= 1.644E-09 alpha_mix =  0.700 |ddv_scf|^2 =  1.126E-17

      iter #   8 total cpu time :   490.4 secs   av.it.:  10.8
      thresh= 3.356E-10 alpha_mix =  0.700 |ddv_scf|^2 =  1.886E-19

      iter #   9 total cpu time :   495.6 secs   av.it.:  11.1
      thresh= 4.343E-11 alpha_mix =  0.700 |ddv_scf|^2 =  6.114E-21

     End of self-consistent calculation

     Convergence has been achieved 

     Number of q in the star =    8
     List of q in the star:
          1  -0.265165043   0.265165043   0.265165043
          2  -0.265165043  -0.265165043  -0.265165043
          3   0.265165043  -0.265165043   0.265165043
          4   0.265165043  -0.265165043  -0.265165043
          5  -0.265165043   0.265165043  -0.265165043
          6   0.265165043   0.265165043  -0.265165043
          7   0.265165043   0.265165043   0.265165043
          8  -0.265165043  -0.265165043   0.265165043

     Diagonalizing the dynamical matrix

     q = (   -0.265165043   0.265165043   0.265165043 ) 

 **************************************************************************
     freq (    1) =       3.018675 [THz] =     100.692147 [cm-1]
     freq (    2) =       3.018675 [THz] =     100.692147 [cm-1]
     freq (    3) =       9.446410 [THz] =     315.098315 [cm-1]
     freq (    4) =      13.319037 [THz] =     444.275261 [cm-1]
     freq (    5) =      14.589387 [THz] =     486.649575 [cm-1]
     freq (    6) =      14.589387 [THz] =     486.649575 [cm-1]
 **************************************************************************

     Mode symmetry, C_3v (3m)   point group:

     freq (   1-   2) =        100.7  [cm-1]   --> E    L_3           
     freq (   3-   3) =        315.1  [cm-1]   --> A_1  L_1           
     freq (   4-   4) =        444.3  [cm-1]   --> A_1  L_1           
     freq (   5-   6) =        486.6  [cm-1]   --> E    L_3           

     Calculation of q =    0.3535534  -0.3535534  -0.3535534

     Parallelization info
     --------------------
     sticks:   dense  smooth     PW     G-vecs:    dense   smooth      PW
     Min          53      27     10                 1054      373      87
     Max          54      28     11                 1057      376      90
     Sum         859     433    163                16889     5985    1411

     Using Slab Decomposition


     Title: 
     default                                                                    


     bravais-lattice index     =            0
     lattice parameter (alat)  =       7.2595  a.u.
     unit-cell volume          =     270.5223 (a.u.)^3
     number of atoms/cell      =            2
     number of atomic types    =            1
     number of electrons       =         8.00
     number of Kohn-Sham states=            4
     kinetic-energy cutoff     =      30.0000  Ry
     charge density cutoff     =     240.0000  Ry
     Exchange-correlation= PBESOL
                           (   1   4  10   8   0   0   0)

     celldm(1)=   7.259489  celldm(2)=   0.000000  celldm(3)=   0.000000
     celldm(4)=   0.000000  celldm(5)=   0.000000  celldm(6)=   0.000000

     crystal axes: (cart. coord. in units of alat)
               a(1) = (   0.707107   0.707107   0.000000 )  
               a(2) = (   0.707107   0.000000   0.707107 )  
               a(3) = (   0.000000   0.707107   0.707107 )  

     reciprocal axes: (cart. coord. in units 2 pi/alat)
               b(1) = (  0.707107  0.707107 -0.707107 )  
               b(2) = (  0.707107 -0.707107  0.707107 )  
               b(3) = ( -0.707107  0.707107  0.707107 )  


     PseudoPot. # 1 for Si read from file:
     ../pseudo/Si.pbesol-n-rrkjus_psl.1.0.0.UPF
     MD5 check sum: c4212819de858c94c3a1644338846ac9
     Pseudo is Ultrasoft + core correction, Zval =  4.0
     Generated using "atomic" code by A. Dal Corso  v.6.0 svn rev. 13079
     Using radial grid of 1141 points,  6 beta functions with: 
                l(1) =   0
                l(2) =   0
                l(3) =   1
                l(4) =   1
                l(5) =   2
                l(6) =   2
     Q(r) pseudized with 0 coefficients 


     atomic species   valence    mass     pseudopotential
        Si             4.00    28.08550     Si( 1.00)

     48 Sym. Ops., with inversion, found



   Cartesian axes

     site n.     atom                  positions (alat units)
         1           Si  tau(   1) = (   0.0000000   0.0000000   0.0000000  )
         2           Si  tau(   2) = (   0.3535534   0.3535534   0.3535534  )

     number of k points=   576

     Number of k-points >= 100: set verbosity='high' to print them.

     Dense  grid:    16889 G-vectors     FFT dimensions: (  36,  36,  36)

     Smooth grid:     5985 G-vectors     FFT dimensions: (  32,  32,  32)

     Estimated max dynamical RAM per process >       4.75 MB

     Estimated total dynamical RAM >      75.93 MB

     The potential is recalculated from file :
     tmp/_ph0/si.save/charge-density

     Starting wfcs are    8 atomic wfcs

     Band Structure Calculation
     Davidson diagonalization with overlap

     ethr =  1.25E-10,  avg # of iterations = 13.4

     total cpu time spent up to now is       23.5 secs

     End of band structure calculation

     Number of k-points >= 100: set verbosity='high' to print the bands.

     highest occupied level (ev):     6.1438

     Writing config to output data dir tmp/_ph0/si.save/

     default                                                                    

     bravais-lattice index     =            0
     lattice parameter (alat)  =       7.2595  a.u.
     unit-cell volume          =     270.5223 (a.u.)^3
     number of atoms/cell      =            2
     number of atomic types    =            1
     kinetic-energy cut-off    =      30.0000  Ry
     charge density cut-off    =     240.0000  Ry
     convergence threshold     =      1.6E-19
     beta                      =       0.7000
     number of iterations used =            4
     Exchange-correlation= PBESOL
                           (   1   4  10   8   0   0   0)


     celldm(1)=    7.25949  celldm(2)=    0.00000  celldm(3)=    0.00000
     celldm(4)=    0.00000  celldm(5)=    0.00000  celldm(6)=    0.00000

     crystal axes: (cart. coord. in units of alat)
               a(1) = (  0.7071  0.7071  0.0000 )  
               a(2) = (  0.7071  0.0000  0.7071 )  
               a(3) = (  0.0000  0.7071  0.7071 )  

     reciprocal axes: (cart. coord. in units 2 pi/alat)
               b(1) = (  0.7071  0.7071 -0.7071 )  
               b(2) = (  0.7071 -0.7071  0.7071 )  
               b(3) = ( -0.7071  0.7071  0.7071 )  


     Atoms inside the unit cell: 

     Cartesian axes

     site n.  atom      mass           positions (alat units)
        1     Si  28.0855   tau(    1) = (    0.00000    0.00000    0.00000  )
        2     Si  28.0855   tau(    2) = (    0.35355    0.35355    0.35355  )

     Computing dynamical matrix for 
                    q = (   0.3535534  -0.3535534  -0.3535534 )

     13 Sym.Ops. (with q -> -q+G )


     G cutoff =  320.3787  (   1057 G-vectors)     FFT grid: ( 36, 36, 36)
     G cutoff =  160.1893  (    374 G-vectors)  smooth grid: ( 32, 32, 32)
     number of k points=   576

     PseudoPot. # 1 for Si read from file:
     ../pseudo/Si.pbesol-n-rrkjus_psl.1.0.0.UPF
     MD5 check sum: c4212819de858c94c3a1644338846ac9
     Pseudo is Ultrasoft + core correction, Zval =  4.0
     Generated using "atomic" code by A. Dal Corso  v.6.0 svn rev. 13079
     Using radial grid of 1141 points,  6 beta functions with: 
                l(1) =   0
                l(2) =   0
                l(3) =   1
                l(4) =   1
                l(5) =   2
                l(6) =   2
     Q(r) pseudized with 0 coefficients 



     Atomic displacements:
     There are    4 irreducible representations

     Representation     1      1 modes -  To be done

     Representation     2      1 modes -  To be done

     Representation     3      2 modes -  To be done

     Representation     4      2 modes -  To be done



     Alpha used in Ewald sum =   2.5000
     PHONON       :   8m 9.17s CPU   8m19.70s WALL



     Representation #   1 mode #   1

     Self-consistent Calculation

      iter #   1 total cpu time :   500.5 secs   av.it.:   5.4
      thresh= 1.000E-02 alpha_mix =  0.700 |ddv_scf|^2 =  2.496E-06

      iter #   2 total cpu time :   501.6 secs   av.it.:   9.7
      thresh= 1.580E-04 alpha_mix =  0.700 |ddv_scf|^2 =  2.299E-06

      iter #   3 total cpu time :   502.9 secs   av.it.:   9.0
      thresh= 1.516E-04 alpha_mix =  0.700 |ddv_scf|^2 =  2.889E-09

      iter #   4 total cpu time :   504.2 secs   av.it.:   9.4
      thresh= 5.375E-06 alpha_mix =  0.700 |ddv_scf|^2 =  1.333E-11

      iter #   5 total cpu time :   505.0 secs   av.it.:   9.4
      thresh= 3.651E-07 alpha_mix =  0.700 |ddv_scf|^2 =  2.129E-13

      iter #   6 total cpu time :   506.4 secs   av.it.:   9.5
      thresh= 4.614E-08 alpha_mix =  0.700 |ddv_scf|^2 =  4.196E-15

      iter #   7 total cpu time :   507.9 secs   av.it.:   9.5
      thresh= 6.478E-09 alpha_mix =  0.700 |ddv_scf|^2 =  4.422E-17

      iter #   8 total cpu time :   509.3 secs   av.it.:   9.3
      thresh= 6.650E-10 alpha_mix =  0.700 |ddv_scf|^2 =  1.175E-18

      iter #   9 total cpu time :   510.5 secs   av.it.:   9.8
      thresh= 1.084E-10 alpha_mix =  0.700 |ddv_scf|^2 =  1.436E-20

     End of self-consistent calculation

     Convergence has been achieved 


     Representation #   2 mode #   2

     Self-consistent Calculation

      iter #   1 total cpu time :   511.4 secs   av.it.:   6.3
      thresh= 1.000E-02 alpha_mix =  0.700 |ddv_scf|^2 =  3.462E-05

      iter #   2 total cpu time :   512.3 secs   av.it.:   9.8
      thresh= 5.883E-04 alpha_mix =  0.700 |ddv_scf|^2 =  1.100E-04

      iter #   3 total cpu time :   513.5 secs   av.it.:   8.8
      thresh= 1.049E-03 alpha_mix =  0.700 |ddv_scf|^2 =  1.040E-08

      iter #   4 total cpu time :   514.7 secs   av.it.:   9.6
      thresh= 1.020E-05 alpha_mix =  0.700 |ddv_scf|^2 =  6.043E-10

      iter #   5 total cpu time :   516.3 secs   av.it.:  10.0
      thresh= 2.458E-06 alpha_mix =  0.700 |ddv_scf|^2 =  1.022E-11

      iter #   6 total cpu time :   517.6 secs   av.it.:  10.0
      thresh= 3.197E-07 alpha_mix =  0.700 |ddv_scf|^2 =  3.219E-13

      iter #   7 total cpu time :   518.6 secs   av.it.:   9.4
      thresh= 5.674E-08 alpha_mix =  0.700 |ddv_scf|^2 =  2.675E-16

      iter #   8 total cpu time :   520.0 secs   av.it.:   9.6
      thresh= 1.636E-09 alpha_mix =  0.700 |ddv_scf|^2 =  8.309E-18

      iter #   9 total cpu time :   521.4 secs   av.it.:   9.1
      thresh= 2.882E-10 alpha_mix =  0.700 |ddv_scf|^2 =  3.227E-19

      iter #  10 total cpu time :   522.4 secs   av.it.:   9.7
      thresh= 5.681E-11 alpha_mix =  0.700 |ddv_scf|^2 =  4.259E-21

     End of self-consistent calculation

     Convergence has been achieved 


     Representation #   3 modes #   3   4

     Self-consistent Calculation

      iter #   1 total cpu time :   524.3 secs   av.it.:   5.5
      thresh= 1.000E-02 alpha_mix =  0.700 |ddv_scf|^2 =  8.467E-08

      iter #   2 total cpu time :   526.7 secs   av.it.:  10.8
      thresh= 2.910E-05 alpha_mix =  0.700 |ddv_scf|^2 =  7.291E-09

      iter #   3 total cpu time :   529.8 secs   av.it.:  10.7
      thresh= 8.539E-06 alpha_mix =  0.700 |ddv_scf|^2 =  3.541E-10

      iter #   4 total cpu time :   532.0 secs   av.it.:  10.2
      thresh= 1.882E-06 alpha_mix =  0.700 |ddv_scf|^2 =  2.054E-13

      iter #   5 total cpu time :   535.1 secs   av.it.:  10.8
      thresh= 4.532E-08 alpha_mix =  0.700 |ddv_scf|^2 =  2.857E-15

      iter #   6 total cpu time :   537.5 secs   av.it.:  10.5
      thresh= 5.345E-09 alpha_mix =  0.700 |ddv_scf|^2 =  2.973E-17

      iter #   7 total cpu time :   539.6 secs   av.it.:  10.5
      thresh= 5.452E-10 alpha_mix =  0.700 |ddv_scf|^2 =  6.852E-19

      iter #   8 total cpu time :   542.8 secs   av.it.:  10.6
      thresh= 8.277E-11 alpha_mix =  0.700 |ddv_scf|^2 =  1.558E-20

     End of self-consistent calculation

     Convergence has been achieved 


     Representation #   4 modes #   5   6

     Self-consistent Calculation

      iter #   1 total cpu time :   544.6 secs   av.it.:   5.3
      thresh= 1.000E-02 alpha_mix =  0.700 |ddv_scf|^2 =  2.938E-08

      iter #   2 total cpu time :   547.6 secs   av.it.:  10.7
      thresh= 1.714E-05 alpha_mix =  0.700 |ddv_scf|^2 =  2.032E-09

      iter #   3 total cpu time :   550.5 secs   av.it.:  10.4
      thresh= 4.507E-06 alpha_mix =  0.700 |ddv_scf|^2 =  2.460E-11

      iter #   4 total cpu time :   552.6 secs   av.it.:  10.8
      thresh= 4.960E-07 alpha_mix =  0.700 |ddv_scf|^2 =  2.518E-13

      iter #   5 total cpu time :   555.6 secs   av.it.:  10.9
      thresh= 5.018E-08 alpha_mix =  0.700 |ddv_scf|^2 =  3.353E-15

      iter #   6 total cpu time :   558.1 secs   av.it.:  10.9
      thresh= 5.790E-09 alpha_mix =  0.700 |ddv_scf|^2 =  1.863E-17

      iter #   7 total cpu time :   560.9 secs   av.it.:  10.5
      thresh= 4.316E-10 alpha_mix =  0.700 |ddv_scf|^2 =  1.393E-18

      iter #   8 total cpu time :   563.3 secs   av.it.:  10.9
      thresh= 1.180E-10 alpha_mix =  0.700 |ddv_scf|^2 =  3.088E-21

     End of self-consistent calculation

     Convergence has been achieved 

     Number of q in the star =    4
     List of q in the star:
          1   0.353553391  -0.353553391  -0.353553391
          2   0.353553391   0.353553391   0.353553391
          3  -0.353553391  -0.353553391   0.353553391
          4  -0.353553391   0.353553391  -0.353553391

     Diagonalizing the dynamical matrix

     q = (    0.353553391  -0.353553391  -0.353553391 ) 

 **************************************************************************
     freq (    1) =       3.073319 [THz] =     102.514903 [cm-1]
     freq (    2) =       3.073319 [THz] =     102.514903 [cm-1]
     freq (    3) =      11.041558 [THz] =     368.306734 [cm-1]
     freq (    4) =      12.255845 [THz] =     408.810973 [cm-1]
     freq (    5) =      14.560573 [THz] =     485.688423 [cm-1]
     freq (    6) =      14.560573 [THz] =     485.688423 [cm-1]
 **************************************************************************

     Calculation of q =    0.0000000   0.0000000   0.1767767

     Parallelization info
     --------------------
     sticks:   dense  smooth     PW     G-vecs:    dense   smooth      PW
     Min          53      27      9                 1054      373      76
     Max          54      28     10                 1057      376      79
     Sum         859     433    151                16889     5985    1243

     Using Slab Decomposition


     Title: 
     default                                                                    


     bravais-lattice index     =            0
     lattice parameter (alat)  =       7.2595  a.u.
     unit-cell volume          =     270.5223 (a.u.)^3
     number of atoms/cell      =            2
     number of atomic types    =            1
     number of electrons       =         8.00
     number of Kohn-Sham states=            4
     kinetic-energy cutoff     =      30.0000  Ry
     charge density cutoff     =     240.0000  Ry
     Exchange-correlation= PBESOL
                           (   1   4  10   8   0   0   0)

     celldm(1)=   7.259489  celldm(2)=   0.000000  celldm(3)=   0.000000
     celldm(4)=   0.000000  celldm(5)=   0.000000  celldm(6)=   0.000000

     crystal axes: (cart. coord. in units of alat)
               a(1) = (   0.707107   0.707107   0.000000 )  
               a(2) = (   0.707107   0.000000   0.707107 )  
               a(3) = (   0.000000   0.707107   0.707107 )  

     reciprocal axes: (cart. coord. in units 2 pi/alat)
               b(1) = (  0.707107  0.707107 -0.707107 )  
               b(2) = (  0.707107 -0.707107  0.707107 )  
               b(3) = ( -0.707107  0.707107  0.707107 )  


     PseudoPot. # 1 for Si read from file:
     ../pseudo/Si.pbesol-n-rrkjus_psl.1.0.0.UPF
     MD5 check sum: c4212819de858c94c3a1644338846ac9
     Pseudo is Ultrasoft + core correction, Zval =  4.0
     Generated using "atomic" code by A. Dal Corso  v.6.0 svn rev. 13079
     Using radial grid of 1141 points,  6 beta functions with: 
                l(1) =   0
                l(2) =   0
                l(3) =   1
                l(4) =   1
                l(5) =   2
                l(6) =   2
     Q(r) pseudized with 0 coefficients 


     atomic species   valence    mass     pseudopotential
        Si             4.00    28.08550     Si( 1.00)

     48 Sym. Ops., with inversion, found



   Cartesian axes

     site n.     atom                  positions (alat units)
         1           Si  tau(   1) = (   0.0000000   0.0000000   0.0000000  )
         2           Si  tau(   2) = (   0.3535534   0.3535534   0.3535534  )

     number of k points=   896

     Number of k-points >= 100: set verbosity='high' to print them.

     Dense  grid:    16889 G-vectors     FFT dimensions: (  36,  36,  36)

     Smooth grid:     5985 G-vectors     FFT dimensions: (  32,  32,  32)

     Estimated max dynamical RAM per process >       4.72 MB

     Estimated total dynamical RAM >      75.44 MB

     The potential is recalculated from file :
     tmp/_ph0/si.save/charge-density

     Starting wfcs are    8 atomic wfcs

     Band Structure Calculation
     Davidson diagonalization with overlap

     ethr =  1.25E-10,  avg # of iterations = 13.4

     total cpu time spent up to now is       28.6 secs

     End of band structure calculation

     Number of k-points >= 100: set verbosity='high' to print the bands.

     highest occupied level (ev):     6.1438

     Writing config to output data dir tmp/_ph0/si.save/

     default                                                                    

     bravais-lattice index     =            0
     lattice parameter (alat)  =       7.2595  a.u.
     unit-cell volume          =     270.5223 (a.u.)^3
     number of atoms/cell      =            2
     number of atomic types    =            1
     kinetic-energy cut-off    =      30.0000  Ry
     charge density cut-off    =     240.0000  Ry
     convergence threshold     =      1.6E-19
     beta                      =       0.7000
     number of iterations used =            4
     Exchange-correlation= PBESOL
                           (   1   4  10   8   0   0   0)


     celldm(1)=    7.25949  celldm(2)=    0.00000  celldm(3)=    0.00000
     celldm(4)=    0.00000  celldm(5)=    0.00000  celldm(6)=    0.00000

     crystal axes: (cart. coord. in units of alat)
               a(1) = (  0.7071  0.7071  0.0000 )  
               a(2) = (  0.7071  0.0000  0.7071 )  
               a(3) = (  0.0000  0.7071  0.7071 )  

     reciprocal axes: (cart. coord. in units 2 pi/alat)
               b(1) = (  0.7071  0.7071 -0.7071 )  
               b(2) = (  0.7071 -0.7071  0.7071 )  
               b(3) = ( -0.7071  0.7071  0.7071 )  


     Atoms inside the unit cell: 

     Cartesian axes

     site n.  atom      mass           positions (alat units)
        1     Si  28.0855   tau(    1) = (    0.00000    0.00000    0.00000  )
        2     Si  28.0855   tau(    2) = (    0.35355    0.35355    0.35355  )

     Computing dynamical matrix for 
                    q = (   0.0000000   0.0000000   0.1767767 )

      8 Sym.Ops. (no q -> -q+G )


     G cutoff =  320.3787  (   1057 G-vectors)     FFT grid: ( 36, 36, 36)
     G cutoff =  160.1893  (    374 G-vectors)  smooth grid: ( 32, 32, 32)
     number of k points=   896

     PseudoPot. # 1 for Si read from file:
     ../pseudo/Si.pbesol-n-rrkjus_psl.1.0.0.UPF
     MD5 check sum: c4212819de858c94c3a1644338846ac9
     Pseudo is Ultrasoft + core correction, Zval =  4.0
     Generated using "atomic" code by A. Dal Corso  v.6.0 svn rev. 13079
     Using radial grid of 1141 points,  6 beta functions with: 
                l(1) =   0
                l(2) =   0
                l(3) =   1
                l(4) =   1
                l(5) =   2
                l(6) =   2
     Q(r) pseudized with 0 coefficients 


     Mode symmetry, C_4v (4mm)  point group:


     Atomic displacements:
     There are    4 irreducible representations

     Representation     1      1 modes -  To be done

     Representation     2      1 modes -  To be done

     Representation     3      2 modes -  To be done

     Representation     4      2 modes -  To be done



     Alpha used in Ewald sum =   2.5000
     PHONON       :   9m20.17s CPU   9m29.89s WALL



     Representation #   1 mode #   1

     Self-consistent Calculation

      iter #   1 total cpu time :   571.3 secs   av.it.:   6.3
      thresh= 1.000E-02 alpha_mix =  0.700 |ddv_scf|^2 =  4.046E-03

      iter #   2 total cpu time :   573.2 secs   av.it.:   8.3
      thresh= 6.361E-03 alpha_mix =  0.700 |ddv_scf|^2 =  1.772E-01

      iter #   3 total cpu time :   575.0 secs   av.it.:   7.7
      thresh= 1.000E-02 alpha_mix =  0.700 |ddv_scf|^2 =  2.780E-07

      iter #   4 total cpu time :   576.4 secs   av.it.:   7.8
      thresh= 5.273E-05 alpha_mix =  0.700 |ddv_scf|^2 =  2.130E-08

      iter #   5 total cpu time :   577.9 secs   av.it.:   7.5
      thresh= 1.459E-05 alpha_mix =  0.700 |ddv_scf|^2 =  8.118E-10

      iter #   6 total cpu time :   579.2 secs   av.it.:   7.6
      thresh= 2.849E-06 alpha_mix =  0.700 |ddv_scf|^2 =  8.685E-12

      iter #   7 total cpu time :   580.7 secs   av.it.:   7.2
      thresh= 2.947E-07 alpha_mix =  0.700 |ddv_scf|^2 =  1.588E-13

      iter #   8 total cpu time :   582.3 secs   av.it.:   7.3
      thresh= 3.985E-08 alpha_mix =  0.700 |ddv_scf|^2 =  5.006E-16

      iter #   9 total cpu time :   583.7 secs   av.it.:   7.8
      thresh= 2.237E-09 alpha_mix =  0.700 |ddv_scf|^2 =  3.643E-18

      iter #  10 total cpu time :   585.1 secs   av.it.:   8.1
      thresh= 1.909E-10 alpha_mix =  0.700 |ddv_scf|^2 =  2.263E-19

      iter #  11 total cpu time :   586.9 secs   av.it.:   7.6
      thresh= 4.757E-11 alpha_mix =  0.700 |ddv_scf|^2 =  4.114E-19

      iter #  12 total cpu time :   588.3 secs   av.it.:   6.8
      thresh= 6.414E-11 alpha_mix =  0.700 |ddv_scf|^2 =  4.864E-21

     End of self-consistent calculation

     Convergence has been achieved 


     Representation #   2 mode #   2

     Self-consistent Calculation

      iter #   1 total cpu time :   589.6 secs   av.it.:   5.2
      thresh= 1.000E-02 alpha_mix =  0.700 |ddv_scf|^2 =  2.234E-07

      iter #   2 total cpu time :   591.4 secs   av.it.:   9.8
      thresh= 4.727E-05 alpha_mix =  0.700 |ddv_scf|^2 =  2.754E-08

      iter #   3 total cpu time :   593.4 secs   av.it.:   9.8
      thresh= 1.660E-05 alpha_mix =  0.700 |ddv_scf|^2 =  2.395E-09

      iter #   4 total cpu time :   595.7 secs   av.it.:   9.7
      thresh= 4.894E-06 alpha_mix =  0.700 |ddv_scf|^2 =  4.829E-11

      iter #   5 total cpu time :   597.7 secs   av.it.:   9.8
      thresh= 6.949E-07 alpha_mix =  0.700 |ddv_scf|^2 =  1.656E-13

      iter #   6 total cpu time :   599.7 secs   av.it.:  10.0
      thresh= 4.069E-08 alpha_mix =  0.700 |ddv_scf|^2 =  3.070E-15

      iter #   7 total cpu time :   601.9 secs   av.it.:   9.2
      thresh= 5.541E-09 alpha_mix =  0.700 |ddv_scf|^2 =  8.984E-17

      iter #   8 total cpu time :   603.6 secs   av.it.:   9.6
      thresh= 9.478E-10 alpha_mix =  0.700 |ddv_scf|^2 =  7.841E-19

      iter #   9 total cpu time :   605.2 secs   av.it.:   9.8
      thresh= 8.855E-11 alpha_mix =  0.700 |ddv_scf|^2 =  3.996E-20

     End of self-consistent calculation

     Convergence has been achieved 


     Representation #   3 modes #   3   4

     Self-consistent Calculation

      iter #   1 total cpu time :   608.7 secs   av.it.:   5.6
      thresh= 1.000E-02 alpha_mix =  0.700 |ddv_scf|^2 =  4.757E-08

      iter #   2 total cpu time :   612.3 secs   av.it.:  11.1
      thresh= 2.181E-05 alpha_mix =  0.700 |ddv_scf|^2 =  3.645E-09

      iter #   3 total cpu time :   616.1 secs   av.it.:  11.0
      thresh= 6.037E-06 alpha_mix =  0.700 |ddv_scf|^2 =  2.602E-10

      iter #   4 total cpu time :   619.9 secs   av.it.:  10.9
      thresh= 1.613E-06 alpha_mix =  0.700 |ddv_scf|^2 =  5.697E-13

      iter #   5 total cpu time :   624.8 secs   av.it.:  11.0
      thresh= 7.548E-08 alpha_mix =  0.700 |ddv_scf|^2 =  2.384E-14

      iter #   6 total cpu time :   629.8 secs   av.it.:  11.2
      thresh= 1.544E-08 alpha_mix =  0.700 |ddv_scf|^2 =  2.302E-16

      iter #   7 total cpu time :   632.5 secs   av.it.:  10.6
      thresh= 1.517E-09 alpha_mix =  0.700 |ddv_scf|^2 =  1.206E-17

      iter #   8 total cpu time :   636.6 secs   av.it.:  10.9
      thresh= 3.472E-10 alpha_mix =  0.700 |ddv_scf|^2 =  9.982E-20

     End of self-consistent calculation

     Convergence has been achieved 


     Representation #   4 modes #   5   6

     Self-consistent Calculation

      iter #   1 total cpu time :   639.0 secs   av.it.:   5.6
      thresh= 1.000E-02 alpha_mix =  0.700 |ddv_scf|^2 =  5.425E-08

      iter #   2 total cpu time :   642.9 secs   av.it.:  11.0
      thresh= 2.329E-05 alpha_mix =  0.700 |ddv_scf|^2 =  4.204E-09

      iter #   3 total cpu time :   646.4 secs   av.it.:  10.9
      thresh= 6.483E-06 alpha_mix =  0.700 |ddv_scf|^2 =  2.817E-10

      iter #   4 total cpu time :   650.4 secs   av.it.:  10.8
      thresh= 1.679E-06 alpha_mix =  0.700 |ddv_scf|^2 =  4.649E-13

      iter #   5 total cpu time :   653.7 secs   av.it.:  11.0
      thresh= 6.819E-08 alpha_mix =  0.700 |ddv_scf|^2 =  2.120E-14

      iter #   6 total cpu time :   657.6 secs   av.it.:  11.2
      thresh= 1.456E-08 alpha_mix =  0.700 |ddv_scf|^2 =  1.989E-16

      iter #   7 total cpu time :   661.1 secs   av.it.:  10.6
      thresh= 1.410E-09 alpha_mix =  0.700 |ddv_scf|^2 =  1.094E-17

      iter #   8 total cpu time :   664.4 secs   av.it.:  10.9
      thresh= 3.308E-10 alpha_mix =  0.700 |ddv_scf|^2 =  9.364E-20

     End of self-consistent calculation

     Convergence has been achieved 

     Number of q in the star =    6
     List of q in the star:
          1  -0.000000000   0.000000000   0.176776695
          2   0.000000000  -0.176776695  -0.000000000
          3   0.176776695   0.000000000  -0.000000000
          4   0.000000000  -0.000000000  -0.176776695
          5  -0.000000000   0.176776695   0.000000000
          6  -0.176776695  -0.000000000   0.000000000

     Diagonalizing the dynamical matrix

     q = (    0.000000000   0.000000000   0.176776695 ) 

 **************************************************************************
     freq (    1) =       2.267026 [THz] =      75.619842 [cm-1]
     freq (    2) =       2.267026 [THz] =      75.619842 [cm-1]
     freq (    3) =       3.675860 [THz] =     122.613480 [cm-1]
     freq (    4) =      14.781573 [THz] =     493.060212 [cm-1]
     freq (    5) =      14.781573 [THz] =     493.060212 [cm-1]
     freq (    6) =      15.118737 [THz] =     504.306767 [cm-1]
 **************************************************************************

     Mode symmetry, C_4v (4mm)  point group:

     freq (   1-   2) =         75.6  [cm-1]   --> E    G_5 D_5       
     freq (   3-   3) =        122.6  [cm-1]   --> A_1  G_1 D_1       
     freq (   4-   5) =        493.1  [cm-1]   --> E    G_5 D_5       
     freq (   6-   6) =        504.3  [cm-1]   --> B_2  G_4 D_2'      

     Calculation of q =   -0.0883883   0.0883883   0.2651650

     Parallelization info
     --------------------
     sticks:   dense  smooth     PW     G-vecs:    dense   smooth      PW
     Min          53      27      9                 1054      373      76
     Max          54      28     10                 1057      376      79
     Sum         859     433    151                16889     5985    1243

     Using Slab Decomposition


     Title: 
     default                                                                    


     bravais-lattice index     =            0
     lattice parameter (alat)  =       7.2595  a.u.
     unit-cell volume          =     270.5223 (a.u.)^3
     number of atoms/cell      =            2
     number of atomic types    =            1
     number of electrons       =         8.00
     number of Kohn-Sham states=            4
     kinetic-energy cutoff     =      30.0000  Ry
     charge density cutoff     =     240.0000  Ry
     Exchange-correlation= PBESOL
                           (   1   4  10   8   0   0   0)

     celldm(1)=   7.259489  celldm(2)=   0.000000  celldm(3)=   0.000000
     celldm(4)=   0.000000  celldm(5)=   0.000000  celldm(6)=   0.000000

     crystal axes: (cart. coord. in units of alat)
               a(1) = (   0.707107   0.707107   0.000000 )  
               a(2) = (   0.707107   0.000000   0.707107 )  
               a(3) = (   0.000000   0.707107   0.707107 )  

     reciprocal axes: (cart. coord. in units 2 pi/alat)
               b(1) = (  0.707107  0.707107 -0.707107 )  
               b(2) = (  0.707107 -0.707107  0.707107 )  
               b(3) = ( -0.707107  0.707107  0.707107 )  


     PseudoPot. # 1 for Si read from file:
     ../pseudo/Si.pbesol-n-rrkjus_psl.1.0.0.UPF
     MD5 check sum: c4212819de858c94c3a1644338846ac9
     Pseudo is Ultrasoft + core correction, Zval =  4.0
     Generated using "atomic" code by A. Dal Corso  v.6.0 svn rev. 13079
     Using radial grid of 1141 points,  6 beta functions with: 
                l(1) =   0
                l(2) =   0
                l(3) =   1
                l(4) =   1
                l(5) =   2
                l(6) =   2
     Q(r) pseudized with 0 coefficients 


     atomic species   valence    mass     pseudopotential
        Si             4.00    28.08550     Si( 1.00)

     48 Sym. Ops., with inversion, found



   Cartesian axes

     site n.     atom                  positions (alat units)
         1           Si  tau(   1) = (   0.0000000   0.0000000   0.0000000  )
         2           Si  tau(   2) = (   0.3535534   0.3535534   0.3535534  )

     number of k points=  2940

     Number of k-points >= 100: set verbosity='high' to print them.

     Dense  grid:    16889 G-vectors     FFT dimensions: (  36,  36,  36)

     Smooth grid:     5985 G-vectors     FFT dimensions: (  32,  32,  32)

     Estimated max dynamical RAM per process >       4.72 MB

     Estimated total dynamical RAM >      75.57 MB

     The potential is recalculated from file :
     tmp/_ph0/si.save/charge-density

     Starting wfcs are    8 atomic wfcs

     Band Structure Calculation
     Davidson diagonalization with overlap

     ethr =  1.25E-10,  avg # of iterations = 13.4

     total cpu time spent up to now is       45.4 secs

     End of band structure calculation

     Number of k-points >= 100: set verbosity='high' to print the bands.

     highest occupied level (ev):     6.1438

     Writing config to output data dir tmp/_ph0/si.save/

     default                                                                    

     bravais-lattice index     =            0
     lattice parameter (alat)  =       7.2595  a.u.
     unit-cell volume          =     270.5223 (a.u.)^3
     number of atoms/cell      =            2
     number of atomic types    =            1
     kinetic-energy cut-off    =      30.0000  Ry
     charge density cut-off    =     240.0000  Ry
     convergence threshold     =      1.6E-19
     beta                      =       0.7000
     number of iterations used =            4
     Exchange-correlation= PBESOL
                           (   1   4  10   8   0   0   0)


     celldm(1)=    7.25949  celldm(2)=    0.00000  celldm(3)=    0.00000
     celldm(4)=    0.00000  celldm(5)=    0.00000  celldm(6)=    0.00000

     crystal axes: (cart. coord. in units of alat)
               a(1) = (  0.7071  0.7071  0.0000 )  
               a(2) = (  0.7071  0.0000  0.7071 )  
               a(3) = (  0.0000  0.7071  0.7071 )  

     reciprocal axes: (cart. coord. in units 2 pi/alat)
               b(1) = (  0.7071  0.7071 -0.7071 )  
               b(2) = (  0.7071 -0.7071  0.7071 )  
               b(3) = ( -0.7071  0.7071  0.7071 )  


     Atoms inside the unit cell: 

     Cartesian axes

     site n.  atom      mass           positions (alat units)
        1     Si  28.0855   tau(    1) = (    0.00000    0.00000    0.00000  )
        2     Si  28.0855   tau(    2) = (    0.35355    0.35355    0.35355  )

     Computing dynamical matrix for 
                    q = (  -0.0883883   0.0883883   0.2651650 )

      2 Sym.Ops. (no q -> -q+G )


     G cutoff =  320.3787  (   1057 G-vectors)     FFT grid: ( 36, 36, 36)
     G cutoff =  160.1893  (    374 G-vectors)  smooth grid: ( 32, 32, 32)
     number of k points=  2940

     PseudoPot. # 1 for Si read from file:
     ../pseudo/Si.pbesol-n-rrkjus_psl.1.0.0.UPF
     MD5 check sum: c4212819de858c94c3a1644338846ac9
     Pseudo is Ultrasoft + core correction, Zval =  4.0
     Generated using "atomic" code by A. Dal Corso  v.6.0 svn rev. 13079
     Using radial grid of 1141 points,  6 beta functions with: 
                l(1) =   0
                l(2) =   0
                l(3) =   1
                l(4) =   1
                l(5) =   2
                l(6) =   2
     Q(r) pseudized with 0 coefficients 


     Mode symmetry, C_s (m)     point group:


     Atomic displacements:
     There are    6 irreducible representations

     Representation     1      1 modes -  To be done

     Representation     2      1 modes -  To be done

     Representation     3      1 modes -  To be done

     Representation     4      1 modes -  To be done

     Representation     5      1 modes -  To be done

     Representation     6      1 modes -  To be done



     Alpha used in Ewald sum =   2.5000
     PHONON       :  11m24.60s CPU  11m24.86s WALL



     Representation #   1 mode #   1

     Self-consistent Calculation

      iter #   1 total cpu time :   690.1 secs   av.it.:   6.4
      thresh= 1.000E-02 alpha_mix =  0.700 |ddv_scf|^2 =  3.018E-04

      iter #   2 total cpu time :   696.6 secs   av.it.:   9.2
      thresh= 1.737E-03 alpha_mix =  0.700 |ddv_scf|^2 =  6.182E-03

      iter #   3 total cpu time :   701.0 secs   av.it.:   7.4
      thresh= 7.862E-03 alpha_mix =  0.700 |ddv_scf|^2 =  9.232E-08

      iter #   4 total cpu time :   707.8 secs   av.it.:  10.0
      thresh= 3.038E-05 alpha_mix =  0.700 |ddv_scf|^2 =  8.350E-09

      iter #   5 total cpu time :   713.5 secs   av.it.:  10.1
      thresh= 9.138E-06 alpha_mix =  0.700 |ddv_scf|^2 =  3.828E-10

      iter #   6 total cpu time :   718.7 secs   av.it.:   9.8
      thresh= 1.956E-06 alpha_mix =  0.700 |ddv_scf|^2 =  3.223E-11

      iter #   7 total cpu time :   724.9 secs   av.it.:   9.5
      thresh= 5.677E-07 alpha_mix =  0.700 |ddv_scf|^2 =  4.399E-11

      iter #   8 total cpu time :   730.4 secs   av.it.:   8.0
      thresh= 6.632E-07 alpha_mix =  0.700 |ddv_scf|^2 =  8.403E-12

      iter #   9 total cpu time :   736.1 secs   av.it.:   8.5
      thresh= 2.899E-07 alpha_mix =  0.700 |ddv_scf|^2 =  3.145E-13

      iter #  10 total cpu time :   741.9 secs   av.it.:   9.3
      thresh= 5.608E-08 alpha_mix =  0.700 |ddv_scf|^2 =  3.308E-15

      iter #  11 total cpu time :   749.0 secs   av.it.:   9.9
      thresh= 5.752E-09 alpha_mix =  0.700 |ddv_scf|^2 =  1.143E-15

      iter #  12 total cpu time :   755.1 secs   av.it.:   9.5
      thresh= 3.381E-09 alpha_mix =  0.700 |ddv_scf|^2 =  4.027E-17

      iter #  13 total cpu time :   761.7 secs   av.it.:  10.1
      thresh= 6.346E-10 alpha_mix =  0.700 |ddv_scf|^2 =  4.134E-17

      iter #  14 total cpu time :   767.1 secs   av.it.:   9.0
      thresh= 6.430E-10 alpha_mix =  0.700 |ddv_scf|^2 =  2.445E-17

      iter #  15 total cpu time :   772.6 secs   av.it.:   8.1
      thresh= 4.944E-10 alpha_mix =  0.700 |ddv_scf|^2 =  1.943E-19

      iter #  16 total cpu time :   778.6 secs   av.it.:   9.7
      thresh= 4.408E-11 alpha_mix =  0.700 |ddv_scf|^2 =  1.351E-20

     End of self-consistent calculation

     Convergence has been achieved 


     Representation #   2 mode #   2

     Self-consistent Calculation

      iter #   1 total cpu time :   783.1 secs   av.it.:   6.2
      thresh= 1.000E-02 alpha_mix =  0.700 |ddv_scf|^2 =  1.985E-04

      iter #   2 total cpu time :   789.0 secs   av.it.:   9.2
      thresh= 1.409E-03 alpha_mix =  0.700 |ddv_scf|^2 =  4.032E-03

      iter #   3 total cpu time :   793.4 secs   av.it.:   7.4
      thresh= 6.350E-03 alpha_mix =  0.700 |ddv_scf|^2 =  3.024E-08

      iter #   4 total cpu time :   799.7 secs   av.it.:  10.5
      thresh= 1.739E-05 alpha_mix =  0.700 |ddv_scf|^2 =  9.219E-09

      iter #   5 total cpu time :   806.0 secs   av.it.:   9.9
      thresh= 9.602E-06 alpha_mix =  0.700 |ddv_scf|^2 =  4.626E-10

      iter #   6 total cpu time :   812.2 secs   av.it.:   9.6
      thresh= 2.151E-06 alpha_mix =  0.700 |ddv_scf|^2 =  2.978E-11

      iter #   7 total cpu time :   818.1 secs   av.it.:   8.9
      thresh= 5.457E-07 alpha_mix =  0.700 |ddv_scf|^2 =  7.170E-11

      iter #   8 total cpu time :   823.3 secs   av.it.:   8.1
      thresh= 8.468E-07 alpha_mix =  0.700 |ddv_scf|^2 =  7.355E-14

      iter #   9 total cpu time :   829.5 secs   av.it.:   9.8
      thresh= 2.712E-08 alpha_mix =  0.700 |ddv_scf|^2 =  2.401E-14

      iter #  10 total cpu time :   834.9 secs   av.it.:   9.2
      thresh= 1.550E-08 alpha_mix =  0.700 |ddv_scf|^2 =  8.262E-15

      iter #  11 total cpu time :   841.2 secs   av.it.:   8.8
      thresh= 9.090E-09 alpha_mix =  0.700 |ddv_scf|^2 =  1.816E-16

      iter #  12 total cpu time :   847.4 secs   av.it.:   9.9
      thresh= 1.348E-09 alpha_mix =  0.700 |ddv_scf|^2 =  2.208E-17

      iter #  13 total cpu time :   852.3 secs   av.it.:   9.7
      thresh= 4.699E-10 alpha_mix =  0.700 |ddv_scf|^2 =  5.187E-18

      iter #  14 total cpu time :   858.6 secs   av.it.:   9.2
      thresh= 2.277E-10 alpha_mix =  0.700 |ddv_scf|^2 =  8.736E-18

      iter #  15 total cpu time :   864.3 secs   av.it.:   8.4
      thresh= 2.956E-10 alpha_mix =  0.700 |ddv_scf|^2 =  2.814E-20

     End of self-consistent calculation

     Convergence has been achieved 


     Representation #   3 mode #   3

     Self-consistent Calculation

      iter #   1 total cpu time :   870.0 secs   av.it.:   6.1
      thresh= 1.000E-02 alpha_mix =  0.700 |ddv_scf|^2 =  1.432E-04

      iter #   2 total cpu time :   875.9 secs   av.it.:   9.2
      thresh= 1.197E-03 alpha_mix =  0.700 |ddv_scf|^2 =  2.952E-03

      iter #   3 total cpu time :   880.5 secs   av.it.:   7.4
      thresh= 5.434E-03 alpha_mix =  0.700 |ddv_scf|^2 =  1.120E-07

      iter #   4 total cpu time :   886.1 secs   av.it.:   9.7
      thresh= 3.347E-05 alpha_mix =  0.700 |ddv_scf|^2 =  8.915E-09

      iter #   5 total cpu time :   892.3 secs   av.it.:   9.7
      thresh= 9.442E-06 alpha_mix =  0.700 |ddv_scf|^2 =  2.965E-10

      iter #   6 total cpu time :   898.4 secs   av.it.:   9.9
      thresh= 1.722E-06 alpha_mix =  0.700 |ddv_scf|^2 =  2.269E-11

      iter #   7 total cpu time :   903.7 secs   av.it.:   9.8
      thresh= 4.763E-07 alpha_mix =  0.700 |ddv_scf|^2 =  2.893E-12

      iter #   8 total cpu time :   908.1 secs   av.it.:   8.5
      thresh= 1.701E-07 alpha_mix =  0.700 |ddv_scf|^2 =  1.544E-12

      iter #   9 total cpu time :   913.4 secs   av.it.:   8.7
      thresh= 1.242E-07 alpha_mix =  0.700 |ddv_scf|^2 =  2.461E-14

      iter #  10 total cpu time :   918.1 secs   av.it.:   9.3
      thresh= 1.569E-08 alpha_mix =  0.700 |ddv_scf|^2 =  8.440E-16

      iter #  11 total cpu time :   923.3 secs   av.it.:   9.9
      thresh= 2.905E-09 alpha_mix =  0.700 |ddv_scf|^2 =  8.023E-18

      iter #  12 total cpu time :   929.1 secs   av.it.:  10.2
      thresh= 2.833E-10 alpha_mix =  0.700 |ddv_scf|^2 =  2.251E-18

      iter #  13 total cpu time :   935.7 secs   av.it.:   9.6
      thresh= 1.500E-10 alpha_mix =  0.700 |ddv_scf|^2 =  1.529E-18

      iter #  14 total cpu time :   941.4 secs   av.it.:   9.0
      thresh= 1.237E-10 alpha_mix =  0.700 |ddv_scf|^2 =  1.017E-18

      iter #  15 total cpu time :   946.5 secs   av.it.:   8.1
      thresh= 1.008E-10 alpha_mix =  0.700 |ddv_scf|^2 =  1.981E-19

      iter #  16 total cpu time :   952.9 secs   av.it.:   8.8
      thresh= 4.451E-11 alpha_mix =  0.700 |ddv_scf|^2 =  1.518E-21

     End of self-consistent calculation

     Convergence has been achieved 


     Representation #   4 mode #   4

     Self-consistent Calculation

      iter #   1 total cpu time :   958.6 secs   av.it.:   5.8
      thresh= 1.000E-02 alpha_mix =  0.700 |ddv_scf|^2 =  3.993E-05

      iter #   2 total cpu time :   963.5 secs   av.it.:   9.3
      thresh= 6.319E-04 alpha_mix =  0.700 |ddv_scf|^2 =  8.014E-04

      iter #   3 total cpu time :   969.0 secs   av.it.:   7.4
      thresh= 2.831E-03 alpha_mix =  0.700 |ddv_scf|^2 =  2.542E-08

      iter #   4 total cpu time :   975.4 secs   av.it.:  10.2
      thresh= 1.594E-05 alpha_mix =  0.700 |ddv_scf|^2 =  6.187E-09

      iter #   5 total cpu time :   980.6 secs   av.it.:   9.7
      thresh= 7.866E-06 alpha_mix =  0.700 |ddv_scf|^2 =  1.540E-10

      iter #   6 total cpu time :   986.1 secs   av.it.:  10.2
      thresh= 1.241E-06 alpha_mix =  0.700 |ddv_scf|^2 =  1.365E-11

      iter #   7 total cpu time :   993.2 secs   av.it.:   9.8
      thresh= 3.695E-07 alpha_mix =  0.700 |ddv_scf|^2 =  4.324E-11

      iter #   8 total cpu time :   998.9 secs   av.it.:   7.8
      thresh= 6.576E-07 alpha_mix =  0.700 |ddv_scf|^2 =  1.259E-12

      iter #   9 total cpu time :  1005.3 secs   av.it.:   9.3
      thresh= 1.122E-07 alpha_mix =  0.700 |ddv_scf|^2 =  9.799E-13

      iter #  10 total cpu time :  1011.2 secs   av.it.:   8.7
      thresh= 9.899E-08 alpha_mix =  0.700 |ddv_scf|^2 =  1.268E-14

      iter #  11 total cpu time :  1017.3 secs   av.it.:   9.4
      thresh= 1.126E-08 alpha_mix =  0.700 |ddv_scf|^2 =  1.668E-15

      iter #  12 total cpu time :  1022.9 secs   av.it.:   9.5
      thresh= 4.084E-09 alpha_mix =  0.700 |ddv_scf|^2 =  1.483E-16

      iter #  13 total cpu time :  1028.9 secs   av.it.:   9.7
      thresh= 1.218E-09 alpha_mix =  0.700 |ddv_scf|^2 =  2.271E-18

      iter #  14 total cpu time :  1034.8 secs   av.it.:  10.3
      thresh= 1.507E-10 alpha_mix =  0.700 |ddv_scf|^2 =  6.538E-18

      iter #  15 total cpu time :  1040.4 secs   av.it.:   8.6
      thresh= 2.557E-10 alpha_mix =  0.700 |ddv_scf|^2 =  7.917E-20

     End of self-consistent calculation

     Convergence has been achieved 


     Representation #   5 mode #   5

     Self-consistent Calculation

      iter #   1 total cpu time :  1044.7 secs   av.it.:   5.5
      thresh= 1.000E-02 alpha_mix =  0.700 |ddv_scf|^2 =  2.567E-07

      iter #   2 total cpu time :  1051.7 secs   av.it.:  10.1
      thresh= 5.066E-05 alpha_mix =  0.700 |ddv_scf|^2 =  2.442E-08

      iter #   3 total cpu time :  1056.7 secs   av.it.:  10.0
      thresh= 1.563E-05 alpha_mix =  0.700 |ddv_scf|^2 =  1.433E-09

      iter #   4 total cpu time :  1062.1 secs   av.it.:   9.9
      thresh= 3.785E-06 alpha_mix =  0.700 |ddv_scf|^2 =  1.906E-12

      iter #   5 total cpu time :  1068.4 secs   av.it.:  10.2
      thresh= 1.381E-07 alpha_mix =  0.700 |ddv_scf|^2 =  7.633E-14

      iter #   6 total cpu time :  1075.3 secs   av.it.:  10.3
      thresh= 2.763E-08 alpha_mix =  0.700 |ddv_scf|^2 =  8.774E-16

      iter #   7 total cpu time :  1081.8 secs   av.it.:   9.7
      thresh= 2.962E-09 alpha_mix =  0.700 |ddv_scf|^2 =  3.821E-17

      iter #   8 total cpu time :  1088.0 secs   av.it.:  10.1
      thresh= 6.181E-10 alpha_mix =  0.700 |ddv_scf|^2 =  3.518E-19

      iter #   9 total cpu time :  1094.1 secs   av.it.:  10.3
      thresh= 5.931E-11 alpha_mix =  0.700 |ddv_scf|^2 =  1.804E-20

     End of self-consistent calculation

     Convergence has been achieved 


     Representation #   6 mode #   6

     Self-consistent Calculation

      iter #   1 total cpu time :  1098.6 secs   av.it.:   5.5
      thresh= 1.000E-02 alpha_mix =  0.700 |ddv_scf|^2 =  2.567E-07

      iter #   2 total cpu time :  1104.6 secs   av.it.:  10.1
      thresh= 5.066E-05 alpha_mix =  0.700 |ddv_scf|^2 =  2.442E-08

      iter #   3 total cpu time :  1109.7 secs   av.it.:  10.0
      thresh= 1.563E-05 alpha_mix =  0.700 |ddv_scf|^2 =  1.433E-09

      iter #   4 total cpu time :  1115.0 secs   av.it.:   9.9
      thresh= 3.785E-06 alpha_mix =  0.700 |ddv_scf|^2 =  1.906E-12

      iter #   5 total cpu time :  1120.7 secs   av.it.:  10.2
      thresh= 1.381E-07 alpha_mix =  0.700 |ddv_scf|^2 =  7.635E-14

      iter #   6 total cpu time :  1127.1 secs   av.it.:  10.3
      thresh= 2.763E-08 alpha_mix =  0.700 |ddv_scf|^2 =  8.777E-16

      iter #   7 total cpu time :  1133.3 secs   av.it.:   9.7
      thresh= 2.963E-09 alpha_mix =  0.700 |ddv_scf|^2 =  3.823E-17

      iter #   8 total cpu time :  1139.6 secs   av.it.:  10.1
      thresh= 6.183E-10 alpha_mix =  0.700 |ddv_scf|^2 =  3.520E-19

      iter #   9 total cpu time :  1146.1 secs   av.it.:  10.3
      thresh= 5.933E-11 alpha_mix =  0.700 |ddv_scf|^2 =  1.804E-20

     End of self-consistent calculation

     Convergence has been achieved 

     Number of q in the star =   24
     List of q in the star:
          1  -0.088388348   0.088388348   0.265165043
          2   0.088388348  -0.088388348   0.265165043
          3   0.088388348   0.088388348   0.265165043
          4  -0.088388348  -0.088388348   0.265165043
          5   0.088388348  -0.265165043  -0.088388348
          6   0.265165043  -0.088388348  -0.088388348
          7  -0.088388348  -0.088388348  -0.265165043
          8   0.088388348   0.088388348  -0.265165043
          9  -0.088388348   0.265165043   0.088388348
         10   0.088388348   0.265165043  -0.088388348
         11  -0.265165043   0.088388348   0.088388348
         12   0.088388348  -0.265165043   0.088388348
         13  -0.088388348  -0.265165043  -0.088388348
         14   0.265165043  -0.088388348   0.088388348
         15   0.265165043   0.088388348  -0.088388348
         16  -0.265165043  -0.088388348  -0.088388348
         17  -0.088388348   0.088388348  -0.265165043
         18   0.088388348   0.265165043   0.088388348
         19  -0.265165043  -0.088388348   0.088388348
         20  -0.088388348   0.265165043  -0.088388348
         21   0.088388348  -0.088388348  -0.265165043
         22  -0.088388348  -0.265165043   0.088388348
         23   0.265165043   0.088388348   0.088388348
         24  -0.265165043   0.088388348  -0.088388348

     Diagonalizing the dynamical matrix

     q = (   -0.088388348   0.088388348   0.265165043 ) 

 **************************************************************************
     freq (    1) =       3.043573 [THz] =     101.522673 [cm-1]
     freq (    2) =       3.474666 [THz] =     115.902378 [cm-1]
     freq (    3) =       5.915880 [THz] =     197.332502 [cm-1]
     freq (    4) =      14.294179 [THz] =     476.802498 [cm-1]
     freq (    5) =      14.452459 [THz] =     482.082133 [cm-1]
     freq (    6) =      14.766258 [THz] =     492.549349 [cm-1]
 **************************************************************************

     Mode symmetry, C_s (m)     point group:

     freq (   1-   1) =        101.5  [cm-1]   --> A''                
     freq (   2-   2) =        115.9  [cm-1]   --> A'                 
     freq (   3-   3) =        197.3  [cm-1]   --> A'                 
     freq (   4-   4) =        476.8  [cm-1]   --> A'                 
     freq (   5-   5) =        482.1  [cm-1]   --> A''                
     freq (   6-   6) =        492.5  [cm-1]   --> A'                 

     Calculation of q =   -0.1767767   0.1767767   0.3535534

     Parallelization info
     --------------------
     sticks:   dense  smooth     PW     G-vecs:    dense   smooth      PW
     Min          53      27     10                 1054      373      84
     Max          54      28     11                 1057      376      86
     Sum         859     433    163                16889     5985    1363

     Using Slab Decomposition


     Title: 
     default                                                                    


     bravais-lattice index     =            0
     lattice parameter (alat)  =       7.2595  a.u.
     unit-cell volume          =     270.5223 (a.u.)^3
     number of atoms/cell      =            2
     number of atomic types    =            1
     number of electrons       =         8.00
     number of Kohn-Sham states=            4
     kinetic-energy cutoff     =      30.0000  Ry
     charge density cutoff     =     240.0000  Ry
     Exchange-correlation= PBESOL
                           (   1   4  10   8   0   0   0)

     celldm(1)=   7.259489  celldm(2)=   0.000000  celldm(3)=   0.000000
     celldm(4)=   0.000000  celldm(5)=   0.000000  celldm(6)=   0.000000

     crystal axes: (cart. coord. in units of alat)
               a(1) = (   0.707107   0.707107   0.000000 )  
               a(2) = (   0.707107   0.000000   0.707107 )  
               a(3) = (   0.000000   0.707107   0.707107 )  

     reciprocal axes: (cart. coord. in units 2 pi/alat)
               b(1) = (  0.707107  0.707107 -0.707107 )  
               b(2) = (  0.707107 -0.707107  0.707107 )  
               b(3) = ( -0.707107  0.707107  0.707107 )  


     PseudoPot. # 1 for Si read from file:
     ../pseudo/Si.pbesol-n-rrkjus_psl.1.0.0.UPF
     MD5 check sum: c4212819de858c94c3a1644338846ac9
     Pseudo is Ultrasoft + core correction, Zval =  4.0
     Generated using "atomic" code by A. Dal Corso  v.6.0 svn rev. 13079
     Using radial grid of 1141 points,  6 beta functions with: 
                l(1) =   0
                l(2) =   0
                l(3) =   1
                l(4) =   1
                l(5) =   2
                l(6) =   2
     Q(r) pseudized with 0 coefficients 


     atomic species   valence    mass     pseudopotential
        Si             4.00    28.08550     Si( 1.00)

     48 Sym. Ops., with inversion, found



   Cartesian axes

     site n.     atom                  positions (alat units)
         1           Si  tau(   1) = (   0.0000000   0.0000000   0.0000000  )
         2           Si  tau(   2) = (   0.3535534   0.3535534   0.3535534  )

     number of k points=  2940

     Number of k-points >= 100: set verbosity='high' to print them.

     Dense  grid:    16889 G-vectors     FFT dimensions: (  36,  36,  36)

     Smooth grid:     5985 G-vectors     FFT dimensions: (  32,  32,  32)

     Estimated max dynamical RAM per process >       4.73 MB

     Estimated total dynamical RAM >      75.73 MB

     The potential is recalculated from file :
     tmp/_ph0/si.save/charge-density

     Starting wfcs are    8 atomic wfcs

     Band Structure Calculation
     Davidson diagonalization with overlap

     ethr =  1.25E-10,  avg # of iterations = 13.4

     total cpu time spent up to now is       62.2 secs

     End of band structure calculation

     Number of k-points >= 100: set verbosity='high' to print the bands.

     highest occupied level (ev):     6.1438

     Writing config to output data dir tmp/_ph0/si.save/

     default                                                                    

     bravais-lattice index     =            0
     lattice parameter (alat)  =       7.2595  a.u.
     unit-cell volume          =     270.5223 (a.u.)^3
     number of atoms/cell      =            2
     number of atomic types    =            1
     kinetic-energy cut-off    =      30.0000  Ry
     charge density cut-off    =     240.0000  Ry
     convergence threshold     =      1.6E-19
     beta                      =       0.7000
     number of iterations used =            4
     Exchange-correlation= PBESOL
                           (   1   4  10   8   0   0   0)


     celldm(1)=    7.25949  celldm(2)=    0.00000  celldm(3)=    0.00000
     celldm(4)=    0.00000  celldm(5)=    0.00000  celldm(6)=    0.00000

     crystal axes: (cart. coord. in units of alat)
               a(1) = (  0.7071  0.7071  0.0000 )  
               a(2) = (  0.7071  0.0000  0.7071 )  
               a(3) = (  0.0000  0.7071  0.7071 )  

     reciprocal axes: (cart. coord. in units 2 pi/alat)
               b(1) = (  0.7071  0.7071 -0.7071 )  
               b(2) = (  0.7071 -0.7071  0.7071 )  
               b(3) = ( -0.7071  0.7071  0.7071 )  


     Atoms inside the unit cell: 

     Cartesian axes

     site n.  atom      mass           positions (alat units)
        1     Si  28.0855   tau(    1) = (    0.00000    0.00000    0.00000  )
        2     Si  28.0855   tau(    2) = (    0.35355    0.35355    0.35355  )

     Computing dynamical matrix for 
                    q = (  -0.1767767   0.1767767   0.3535534 )

      2 Sym.Ops. (no q -> -q+G )


     G cutoff =  320.3787  (   1057 G-vectors)     FFT grid: ( 36, 36, 36)
     G cutoff =  160.1893  (    374 G-vectors)  smooth grid: ( 32, 32, 32)
     number of k points=  2940

     PseudoPot. # 1 for Si read from file:
     ../pseudo/Si.pbesol-n-rrkjus_psl.1.0.0.UPF
     MD5 check sum: c4212819de858c94c3a1644338846ac9
     Pseudo is Ultrasoft + core correction, Zval =  4.0
     Generated using "atomic" code by A. Dal Corso  v.6.0 svn rev. 13079
     Using radial grid of 1141 points,  6 beta functions with: 
                l(1) =   0
                l(2) =   0
                l(3) =   1
                l(4) =   1
                l(5) =   2
                l(6) =   2
     Q(r) pseudized with 0 coefficients 


     Mode symmetry, C_s (m)     point group:


     Atomic displacements:
     There are    6 irreducible representations

     Representation     1      1 modes -  To be done

     Representation     2      1 modes -  To be done

     Representation     3      1 modes -  To be done

     Representation     4      1 modes -  To be done

     Representation     5      1 modes -  To be done

     Representation     6      1 modes -  To be done



     Alpha used in Ewald sum =   2.5000
     PHONON       :  19m11.36s CPU  19m26.27s WALL



     Representation #   1 mode #   1

     Self-consistent Calculation

      iter #   1 total cpu time :  1170.7 secs   av.it.:   6.4
      thresh= 1.000E-02 alpha_mix =  0.700 |ddv_scf|^2 =  5.847E-05

      iter #   2 total cpu time :  1176.3 secs   av.it.:   9.8
      thresh= 7.647E-04 alpha_mix =  0.700 |ddv_scf|^2 =  4.513E-04

      iter #   3 total cpu time :  1181.6 secs   av.it.:   8.3
      thresh= 2.124E-03 alpha_mix =  0.700 |ddv_scf|^2 =  1.283E-07

      iter #   4 total cpu time :  1186.3 secs   av.it.:   9.9
      thresh= 3.582E-05 alpha_mix =  0.700 |ddv_scf|^2 =  4.669E-09

      iter #   5 total cpu time :  1191.1 secs   av.it.:   9.9
      thresh= 6.833E-06 alpha_mix =  0.700 |ddv_scf|^2 =  1.289E-10

      iter #   6 total cpu time :  1196.6 secs   av.it.:  10.3
      thresh= 1.135E-06 alpha_mix =  0.700 |ddv_scf|^2 =  8.389E-12

      iter #   7 total cpu time :  1203.3 secs   av.it.:  10.3
      thresh= 2.896E-07 alpha_mix =  0.700 |ddv_scf|^2 =  8.251E-13

      iter #   8 total cpu time :  1209.4 secs   av.it.:   9.8
      thresh= 9.083E-08 alpha_mix =  0.700 |ddv_scf|^2 =  3.383E-12

      iter #   9 total cpu time :  1215.3 secs   av.it.:   8.7
      thresh= 1.839E-07 alpha_mix =  0.700 |ddv_scf|^2 =  2.329E-13

      iter #  10 total cpu time :  1221.5 secs   av.it.:   8.5
      thresh= 4.826E-08 alpha_mix =  0.700 |ddv_scf|^2 =  1.042E-15

      iter #  11 total cpu time :  1228.4 secs   av.it.:  10.3
      thresh= 3.228E-09 alpha_mix =  0.700 |ddv_scf|^2 =  3.220E-16

      iter #  12 total cpu time :  1234.1 secs   av.it.:   9.9
      thresh= 1.794E-09 alpha_mix =  0.700 |ddv_scf|^2 =  3.419E-17

      iter #  13 total cpu time :  1240.4 secs   av.it.:  10.0
      thresh= 5.847E-10 alpha_mix =  0.700 |ddv_scf|^2 =  1.434E-18

      iter #  14 total cpu time :  1246.1 secs   av.it.:  10.3
      thresh= 1.197E-10 alpha_mix =  0.700 |ddv_scf|^2 =  1.156E-18

      iter #  15 total cpu time :  1251.1 secs   av.it.:   8.8
      thresh= 1.075E-10 alpha_mix =  0.700 |ddv_scf|^2 =  3.310E-19

      iter #  16 total cpu time :  1257.1 secs   av.it.:   9.2
      thresh= 5.753E-11 alpha_mix =  0.700 |ddv_scf|^2 =  1.001E-19

     End of self-consistent calculation

     Convergence has been achieved 


     Representation #   2 mode #   2

     Self-consistent Calculation

      iter #   1 total cpu time :  1262.4 secs   av.it.:   6.1
      thresh= 1.000E-02 alpha_mix =  0.700 |ddv_scf|^2 =  2.822E-05

      iter #   2 total cpu time :  1268.8 secs   av.it.:   9.8
      thresh= 5.313E-04 alpha_mix =  0.700 |ddv_scf|^2 =  2.124E-04

      iter #   3 total cpu time :  1274.3 secs   av.it.:   8.3
      thresh= 1.458E-03 alpha_mix =  0.700 |ddv_scf|^2 =  7.306E-08

      iter #   4 total cpu time :  1281.5 secs   av.it.:  10.0
      thresh= 2.703E-05 alpha_mix =  0.700 |ddv_scf|^2 =  4.520E-09

      iter #   5 total cpu time :  1287.2 secs   av.it.:   9.9
      thresh= 6.723E-06 alpha_mix =  0.700 |ddv_scf|^2 =  1.579E-10

      iter #   6 total cpu time :  1293.5 secs   av.it.:  10.1
      thresh= 1.257E-06 alpha_mix =  0.700 |ddv_scf|^2 =  5.786E-12

      iter #   7 total cpu time :  1299.9 secs   av.it.:  10.2
      thresh= 2.405E-07 alpha_mix =  0.700 |ddv_scf|^2 =  7.098E-13

      iter #   8 total cpu time :  1306.5 secs   av.it.:   9.9
      thresh= 8.425E-08 alpha_mix =  0.700 |ddv_scf|^2 =  3.231E-12

      iter #   9 total cpu time :  1312.1 secs   av.it.:   8.5
      thresh= 1.797E-07 alpha_mix =  0.700 |ddv_scf|^2 =  7.423E-14

      iter #  10 total cpu time :  1318.2 secs   av.it.:   9.3
      thresh= 2.725E-08 alpha_mix =  0.700 |ddv_scf|^2 =  1.386E-14

      iter #  11 total cpu time :  1324.2 secs   av.it.:   9.6
      thresh= 1.177E-08 alpha_mix =  0.700 |ddv_scf|^2 =  6.522E-16

      iter #  12 total cpu time :  1330.0 secs   av.it.:  10.0
      thresh= 2.554E-09 alpha_mix =  0.700 |ddv_scf|^2 =  7.333E-17

      iter #  13 total cpu time :  1336.2 secs   av.it.:  10.1
      thresh= 8.563E-10 alpha_mix =  0.700 |ddv_scf|^2 =  5.827E-18

      iter #  14 total cpu time :  1341.8 secs   av.it.:  10.3
      thresh= 2.414E-10 alpha_mix =  0.700 |ddv_scf|^2 =  1.513E-17

      iter #  15 total cpu time :  1347.6 secs   av.it.:   8.8
      thresh= 3.889E-10 alpha_mix =  0.700 |ddv_scf|^2 =  2.982E-18

      iter #  16 total cpu time :  1353.9 secs   av.it.:   9.2
      thresh= 1.727E-10 alpha_mix =  0.700 |ddv_scf|^2 =  3.606E-19

      iter #  17 total cpu time :  1359.2 secs   av.it.:   9.6
      thresh= 6.005E-11 alpha_mix =  0.700 |ddv_scf|^2 =  4.491E-20

     End of self-consistent calculation

     Convergence has been achieved 


     Representation #   3 mode #   3

     Self-consistent Calculation

      iter #   1 total cpu time :  1363.5 secs   av.it.:   6.2
      thresh= 1.000E-02 alpha_mix =  0.700 |ddv_scf|^2 =  3.217E-05

      iter #   2 total cpu time :  1369.0 secs   av.it.:   9.8
      thresh= 5.672E-04 alpha_mix =  0.700 |ddv_scf|^2 =  2.497E-04

      iter #   3 total cpu time :  1373.7 secs   av.it.:   8.3
      thresh= 1.580E-03 alpha_mix =  0.700 |ddv_scf|^2 =  9.443E-08

      iter #   4 total cpu time :  1379.3 secs   av.it.:   9.9
      thresh= 3.073E-05 alpha_mix =  0.700 |ddv_scf|^2 =  4.715E-09

      iter #   5 total cpu time :  1385.0 secs   av.it.:  10.0
      thresh= 6.867E-06 alpha_mix =  0.700 |ddv_scf|^2 =  2.365E-10

      iter #   6 total cpu time :  1391.8 secs   av.it.:  10.3
      thresh= 1.538E-06 alpha_mix =  0.700 |ddv_scf|^2 =  7.190E-12

      iter #   7 total cpu time :  1398.1 secs   av.it.:  10.3
      thresh= 2.681E-07 alpha_mix =  0.700 |ddv_scf|^2 =  3.556E-13

      iter #   8 total cpu time :  1404.8 secs   av.it.:   9.7
      thresh= 5.963E-08 alpha_mix =  0.700 |ddv_scf|^2 =  1.036E-12

      iter #   9 total cpu time :  1410.6 secs   av.it.:   8.8
      thresh= 1.018E-07 alpha_mix =  0.700 |ddv_scf|^2 =  1.978E-14

      iter #  10 total cpu time :  1417.0 secs   av.it.:   9.3
      thresh= 1.406E-08 alpha_mix =  0.700 |ddv_scf|^2 =  1.810E-14

      iter #  11 total cpu time :  1422.3 secs   av.it.:   8.9
      thresh= 1.345E-08 alpha_mix =  0.700 |ddv_scf|^2 =  2.170E-16

      iter #  12 total cpu time :  1429.1 secs   av.it.:   9.7
      thresh= 1.473E-09 alpha_mix =  0.700 |ddv_scf|^2 =  8.596E-18

      iter #  13 total cpu time :  1434.9 secs   av.it.:  10.0
      thresh= 2.932E-10 alpha_mix =  0.700 |ddv_scf|^2 =  6.098E-19

      iter #  14 total cpu time :  1440.7 secs   av.it.:  10.3
      thresh= 7.809E-11 alpha_mix =  0.700 |ddv_scf|^2 =  3.559E-19

      iter #  15 total cpu time :  1447.0 secs   av.it.:   9.4
      thresh= 5.966E-11 alpha_mix =  0.700 |ddv_scf|^2 =  2.143E-19

      iter #  16 total cpu time :  1453.0 secs   av.it.:   9.0
      thresh= 4.629E-11 alpha_mix =  0.700 |ddv_scf|^2 =  5.523E-21

     End of self-consistent calculation

     Convergence has been achieved 


     Representation #   4 mode #   4

     Self-consistent Calculation

      iter #   1 total cpu time :  1457.2 secs   av.it.:   5.7
      thresh= 1.000E-02 alpha_mix =  0.700 |ddv_scf|^2 =  1.936E-06

      iter #   2 total cpu time :  1463.9 secs   av.it.:  10.1
      thresh= 1.391E-04 alpha_mix =  0.700 |ddv_scf|^2 =  1.106E-05

      iter #   3 total cpu time :  1470.4 secs   av.it.:   8.4
      thresh= 3.325E-04 alpha_mix =  0.700 |ddv_scf|^2 =  9.142E-08

      iter #   4 total cpu time :  1476.6 secs   av.it.:   9.7
      thresh= 3.024E-05 alpha_mix =  0.700 |ddv_scf|^2 =  4.655E-09

      iter #   5 total cpu time :  1482.7 secs   av.it.:  10.0
      thresh= 6.822E-06 alpha_mix =  0.700 |ddv_scf|^2 =  3.235E-10

      iter #   6 total cpu time :  1488.5 secs   av.it.:  10.2
      thresh= 1.798E-06 alpha_mix =  0.700 |ddv_scf|^2 =  4.508E-12

      iter #   7 total cpu time :  1495.0 secs   av.it.:  10.3
      thresh= 2.123E-07 alpha_mix =  0.700 |ddv_scf|^2 =  1.208E-13

      iter #   8 total cpu time :  1501.6 secs   av.it.:  10.4
      thresh= 3.476E-08 alpha_mix =  0.700 |ddv_scf|^2 =  2.554E-13

      iter #   9 total cpu time :  1506.9 secs   av.it.:   8.6
      thresh= 5.054E-08 alpha_mix =  0.700 |ddv_scf|^2 =  1.602E-14

      iter #  10 total cpu time :  1512.4 secs   av.it.:   9.5
      thresh= 1.266E-08 alpha_mix =  0.700 |ddv_scf|^2 =  4.049E-16

      iter #  11 total cpu time :  1518.4 secs   av.it.:  10.0
      thresh= 2.012E-09 alpha_mix =  0.700 |ddv_scf|^2 =  1.069E-16

      iter #  12 total cpu time :  1524.7 secs   av.it.:   9.6
      thresh= 1.034E-09 alpha_mix =  0.700 |ddv_scf|^2 =  6.333E-18

      iter #  13 total cpu time :  1531.3 secs   av.it.:   9.9
      thresh= 2.517E-10 alpha_mix =  0.700 |ddv_scf|^2 =  7.671E-19

      iter #  14 total cpu time :  1537.6 secs   av.it.:   9.8
      thresh= 8.759E-11 alpha_mix =  0.700 |ddv_scf|^2 =  5.428E-19

      iter #  15 total cpu time :  1543.0 secs   av.it.:   9.2
      thresh= 7.367E-11 alpha_mix =  0.700 |ddv_scf|^2 =  2.611E-20

     End of self-consistent calculation

     Convergence has been achieved 


     Representation #   5 mode #   5

     Self-consistent Calculation

      iter #   1 total cpu time :  1548.1 secs   av.it.:   5.6
      thresh= 1.000E-02 alpha_mix =  0.700 |ddv_scf|^2 =  2.890E-07

      iter #   2 total cpu time :  1554.4 secs   av.it.:  10.2
      thresh= 5.376E-05 alpha_mix =  0.700 |ddv_scf|^2 =  3.086E-08

      iter #   3 total cpu time :  1560.9 secs   av.it.:  10.0
      thresh= 1.757E-05 alpha_mix =  0.700 |ddv_scf|^2 =  1.575E-09

      iter #   4 total cpu time :  1566.8 secs   av.it.:   9.9
      thresh= 3.969E-06 alpha_mix =  0.700 |ddv_scf|^2 =  1.842E-12

      iter #   5 total cpu time :  1573.7 secs   av.it.:  10.2
      thresh= 1.357E-07 alpha_mix =  0.700 |ddv_scf|^2 =  7.374E-14

      iter #   6 total cpu time :  1580.0 secs   av.it.:  10.3
      thresh= 2.716E-08 alpha_mix =  0.700 |ddv_scf|^2 =  9.719E-16

      iter #   7 total cpu time :  1585.9 secs   av.it.:   9.7
      thresh= 3.118E-09 alpha_mix =  0.700 |ddv_scf|^2 =  3.443E-17

      iter #   8 total cpu time :  1592.1 secs   av.it.:  10.1
      thresh= 5.868E-10 alpha_mix =  0.700 |ddv_scf|^2 =  5.656E-19

      iter #   9 total cpu time :  1599.1 secs   av.it.:  10.3
      thresh= 7.521E-11 alpha_mix =  0.700 |ddv_scf|^2 =  2.655E-20

     End of self-consistent calculation

     Convergence has been achieved 


     Representation #   6 mode #   6

     Self-consistent Calculation

      iter #   1 total cpu time :  1603.9 secs   av.it.:   5.6
      thresh= 1.000E-02 alpha_mix =  0.700 |ddv_scf|^2 =  2.891E-07

      iter #   2 total cpu time :  1609.7 secs   av.it.:  10.2
      thresh= 5.376E-05 alpha_mix =  0.700 |ddv_scf|^2 =  3.087E-08

      iter #   3 total cpu time :  1614.8 secs   av.it.:  10.0
      thresh= 1.757E-05 alpha_mix =  0.700 |ddv_scf|^2 =  1.575E-09

      iter #   4 total cpu time :  1620.4 secs   av.it.:   9.9
      thresh= 3.969E-06 alpha_mix =  0.700 |ddv_scf|^2 =  1.842E-12

      iter #   5 total cpu time :  1625.8 secs   av.it.:  10.2
      thresh= 1.357E-07 alpha_mix =  0.700 |ddv_scf|^2 =  7.375E-14

      iter #   6 total cpu time :  1631.8 secs   av.it.:  10.3
      thresh= 2.716E-08 alpha_mix =  0.700 |ddv_scf|^2 =  9.717E-16

      iter #   7 total cpu time :  1637.6 secs   av.it.:   9.7
      thresh= 3.117E-09 alpha_mix =  0.700 |ddv_scf|^2 =  3.444E-17

      iter #   8 total cpu time :  1644.7 secs   av.it.:  10.1
      thresh= 5.869E-10 alpha_mix =  0.700 |ddv_scf|^2 =  5.652E-19

      iter #   9 total cpu time :  1651.2 secs   av.it.:  10.3
      thresh= 7.518E-11 alpha_mix =  0.700 |ddv_scf|^2 =  2.655E-20

     End of self-consistent calculation

     Convergence has been achieved 

     Number of q in the star =   24
     List of q in the star:
          1  -0.176776695   0.176776695   0.353553391
          2   0.176776695  -0.176776695   0.353553391
          3   0.176776695   0.176776695   0.353553391
          4  -0.176776695  -0.176776695   0.353553391
          5   0.176776695  -0.353553391  -0.176776695
          6   0.353553391  -0.176776695  -0.176776695
          7  -0.176776695  -0.176776695  -0.353553391
          8   0.176776695   0.176776695  -0.353553391
          9  -0.176776695   0.353553391   0.176776695
         10   0.176776695   0.353553391  -0.176776695
         11  -0.353553391   0.176776695   0.176776695
         12   0.176776695  -0.353553391   0.176776695
         13  -0.176776695  -0.353553391  -0.176776695
         14   0.353553391  -0.176776695   0.176776695
         15   0.353553391   0.176776695  -0.176776695
         16  -0.353553391  -0.176776695  -0.176776695
         17  -0.176776695   0.176776695  -0.353553391
         18   0.176776695   0.353553391   0.176776695
         19  -0.353553391  -0.176776695   0.176776695
         20  -0.176776695   0.353553391  -0.176776695
         21   0.176776695  -0.176776695  -0.353553391
         22  -0.176776695  -0.353553391   0.176776695
         23   0.353553391   0.176776695   0.176776695
         24  -0.353553391   0.176776695  -0.176776695

     Diagonalizing the dynamical matrix

     q = (   -0.176776695   0.176776695   0.353553391 ) 

 **************************************************************************
     freq (    1) =       3.377143 [THz] =     112.649363 [cm-1]
     freq (    2) =       4.229182 [THz] =     141.070313 [cm-1]
     freq (    3) =       8.253333 [THz] =     275.301546 [cm-1]
     freq (    4) =      13.381903 [THz] =     446.372234 [cm-1]
     freq (    5) =      14.308138 [THz] =     477.268121 [cm-1]
     freq (    6) =      14.515396 [THz] =     484.181482 [cm-1]
 **************************************************************************

     Mode symmetry, C_s (m)     point group:

     freq (   1-   1) =        112.6  [cm-1]   --> A''                
     freq (   2-   2) =        141.1  [cm-1]   --> A'                 
     freq (   3-   3) =        275.3  [cm-1]   --> A'                 
     freq (   4-   4) =        446.4  [cm-1]   --> A'                 
     freq (   5-   5) =        477.3  [cm-1]   --> A''                
     freq (   6-   6) =        484.2  [cm-1]   --> A'                 

     Calculation of q =    0.4419417  -0.4419417  -0.2651650

     Parallelization info
     --------------------
     sticks:   dense  smooth     PW     G-vecs:    dense   smooth      PW
     Min          53      27     10                 1054      373      90
     Max          54      28     11                 1057      376      94
     Sum         859     433    163                16889     5985    1459

     Using Slab Decomposition


     Title: 
     default                                                                    


     bravais-lattice index     =            0
     lattice parameter (alat)  =       7.2595  a.u.
     unit-cell volume          =     270.5223 (a.u.)^3
     number of atoms/cell      =            2
     number of atomic types    =            1
     number of electrons       =         8.00
     number of Kohn-Sham states=            4
     kinetic-energy cutoff     =      30.0000  Ry
     charge density cutoff     =     240.0000  Ry
     Exchange-correlation= PBESOL
                           (   1   4  10   8   0   0   0)

     celldm(1)=   7.259489  celldm(2)=   0.000000  celldm(3)=   0.000000
     celldm(4)=   0.000000  celldm(5)=   0.000000  celldm(6)=   0.000000

     crystal axes: (cart. coord. in units of alat)
               a(1) = (   0.707107   0.707107   0.000000 )  
               a(2) = (   0.707107   0.000000   0.707107 )  
               a(3) = (   0.000000   0.707107   0.707107 )  

     reciprocal axes: (cart. coord. in units 2 pi/alat)
               b(1) = (  0.707107  0.707107 -0.707107 )  
               b(2) = (  0.707107 -0.707107  0.707107 )  
               b(3) = ( -0.707107  0.707107  0.707107 )  


     PseudoPot. # 1 for Si read from file:
     ../pseudo/Si.pbesol-n-rrkjus_psl.1.0.0.UPF
     MD5 check sum: c4212819de858c94c3a1644338846ac9
     Pseudo is Ultrasoft + core correction, Zval =  4.0
     Generated using "atomic" code by A. Dal Corso  v.6.0 svn rev. 13079
     Using radial grid of 1141 points,  6 beta functions with: 
                l(1) =   0
                l(2) =   0
                l(3) =   1
                l(4) =   1
                l(5) =   2
                l(6) =   2
     Q(r) pseudized with 0 coefficients 


     atomic species   valence    mass     pseudopotential
        Si             4.00    28.08550     Si( 1.00)

     48 Sym. Ops., with inversion, found



   Cartesian axes

     site n.     atom                  positions (alat units)
         1           Si  tau(   1) = (   0.0000000   0.0000000   0.0000000  )
         2           Si  tau(   2) = (   0.3535534   0.3535534   0.3535534  )

     number of k points=  2940

     Number of k-points >= 100: set verbosity='high' to print them.

     Dense  grid:    16889 G-vectors     FFT dimensions: (  36,  36,  36)

     Smooth grid:     5985 G-vectors     FFT dimensions: (  32,  32,  32)

     Estimated max dynamical RAM per process >       4.75 MB

     Estimated total dynamical RAM >      76.00 MB

     The potential is recalculated from file :
     tmp/_ph0/si.save/charge-density

     Starting wfcs are    8 atomic wfcs

     Band Structure Calculation
     Davidson diagonalization with overlap

     ethr =  1.25E-10,  avg # of iterations = 13.4

     total cpu time spent up to now is       80.5 secs

     End of band structure calculation

     Number of k-points >= 100: set verbosity='high' to print the bands.

     highest occupied level (ev):     6.1438

     Writing config to output data dir tmp/_ph0/si.save/

     default                                                                    

     bravais-lattice index     =            0
     lattice parameter (alat)  =       7.2595  a.u.
     unit-cell volume          =     270.5223 (a.u.)^3
     number of atoms/cell      =            2
     number of atomic types    =            1
     kinetic-energy cut-off    =      30.0000  Ry
     charge density cut-off    =     240.0000  Ry
     convergence threshold     =      1.6E-19
     beta                      =       0.7000
     number of iterations used =            4
     Exchange-correlation= PBESOL
                           (   1   4  10   8   0   0   0)


     celldm(1)=    7.25949  celldm(2)=    0.00000  celldm(3)=    0.00000
     celldm(4)=    0.00000  celldm(5)=    0.00000  celldm(6)=    0.00000

     crystal axes: (cart. coord. in units of alat)
               a(1) = (  0.7071  0.7071  0.0000 )  
               a(2) = (  0.7071  0.0000  0.7071 )  
               a(3) = (  0.0000  0.7071  0.7071 )  

     reciprocal axes: (cart. coord. in units 2 pi/alat)
               b(1) = (  0.7071  0.7071 -0.7071 )  
               b(2) = (  0.7071 -0.7071  0.7071 )  
               b(3) = ( -0.7071  0.7071  0.7071 )  


     Atoms inside the unit cell: 

     Cartesian axes

     site n.  atom      mass           positions (alat units)
        1     Si  28.0855   tau(    1) = (    0.00000    0.00000    0.00000  )
        2     Si  28.0855   tau(    2) = (    0.35355    0.35355    0.35355  )

     Computing dynamical matrix for 
                    q = (   0.4419417  -0.4419417  -0.2651650 )

      2 Sym.Ops. (no q -> -q+G )


     G cutoff =  320.3787  (   1057 G-vectors)     FFT grid: ( 36, 36, 36)
     G cutoff =  160.1893  (    374 G-vectors)  smooth grid: ( 32, 32, 32)
     number of k points=  2940

     PseudoPot. # 1 for Si read from file:
     ../pseudo/Si.pbesol-n-rrkjus_psl.1.0.0.UPF
     MD5 check sum: c4212819de858c94c3a1644338846ac9
     Pseudo is Ultrasoft + core correction, Zval =  4.0
     Generated using "atomic" code by A. Dal Corso  v.6.0 svn rev. 13079
     Using radial grid of 1141 points,  6 beta functions with: 
                l(1) =   0
                l(2) =   0
                l(3) =   1
                l(4) =   1
                l(5) =   2
                l(6) =   2
     Q(r) pseudized with 0 coefficients 


     Mode symmetry, C_s (m)     point group:


     Atomic displacements:
     There are    6 irreducible representations

     Representation     1      1 modes -  To be done

     Representation     2      1 modes -  To be done

     Representation     3      1 modes -  To be done

     Representation     4      1 modes -  To be done

     Representation     5      1 modes -  To be done

     Representation     6      1 modes -  To be done



     Alpha used in Ewald sum =   2.5000
     PHONON       :  27m23.89s CPU  27m53.07s WALL



     Representation #   1 mode #   1

     Self-consistent Calculation

      iter #   1 total cpu time :  1678.0 secs   av.it.:   6.3
      thresh= 1.000E-02 alpha_mix =  0.700 |ddv_scf|^2 =  1.700E-05

      iter #   2 total cpu time :  1683.4 secs   av.it.:  10.2
      thresh= 4.123E-04 alpha_mix =  0.700 |ddv_scf|^2 =  5.111E-05

      iter #   3 total cpu time :  1688.1 secs   av.it.:   9.1
      thresh= 7.149E-04 alpha_mix =  0.700 |ddv_scf|^2 =  1.313E-07

      iter #   4 total cpu time :  1693.1 secs   av.it.:   9.5
      thresh= 3.624E-05 alpha_mix =  0.700 |ddv_scf|^2 =  4.242E-09

      iter #   5 total cpu time :  1699.6 secs   av.it.:   9.8
      thresh= 6.513E-06 alpha_mix =  0.700 |ddv_scf|^2 =  1.233E-10

      iter #   6 total cpu time :  1706.3 secs   av.it.:  10.3
      thresh= 1.110E-06 alpha_mix =  0.700 |ddv_scf|^2 =  3.822E-12

      iter #   7 total cpu time :  1713.5 secs   av.it.:  10.2
      thresh= 1.955E-07 alpha_mix =  0.700 |ddv_scf|^2 =  8.489E-14

      iter #   8 total cpu time :  1720.5 secs   av.it.:  10.3
      thresh= 2.914E-08 alpha_mix =  0.700 |ddv_scf|^2 =  2.905E-14

      iter #   9 total cpu time :  1726.9 secs   av.it.:   9.9
      thresh= 1.704E-08 alpha_mix =  0.700 |ddv_scf|^2 =  2.008E-14

      iter #  10 total cpu time :  1732.5 secs   av.it.:   9.2
      thresh= 1.417E-08 alpha_mix =  0.700 |ddv_scf|^2 =  1.281E-15

      iter #  11 total cpu time :  1738.9 secs   av.it.:   9.5
      thresh= 3.579E-09 alpha_mix =  0.700 |ddv_scf|^2 =  9.231E-17

      iter #  12 total cpu time :  1745.0 secs   av.it.:   9.8
      thresh= 9.608E-10 alpha_mix =  0.700 |ddv_scf|^2 =  1.154E-17

      iter #  13 total cpu time :  1750.9 secs   av.it.:   9.8
      thresh= 3.397E-10 alpha_mix =  0.700 |ddv_scf|^2 =  1.031E-18

      iter #  14 total cpu time :  1757.3 secs   av.it.:  10.0
      thresh= 1.015E-10 alpha_mix =  0.700 |ddv_scf|^2 =  1.911E-19

      iter #  15 total cpu time :  1762.8 secs   av.it.:   9.9
      thresh= 4.371E-11 alpha_mix =  0.700 |ddv_scf|^2 =  1.258E-19

     End of self-consistent calculation

     Convergence has been achieved 


     Representation #   2 mode #   2

     Self-consistent Calculation

      iter #   1 total cpu time :  1767.8 secs   av.it.:   6.0
      thresh= 1.000E-02 alpha_mix =  0.700 |ddv_scf|^2 =  6.584E-06

      iter #   2 total cpu time :  1774.5 secs   av.it.:  10.3
      thresh= 2.566E-04 alpha_mix =  0.700 |ddv_scf|^2 =  1.843E-05

      iter #   3 total cpu time :  1780.2 secs   av.it.:   9.1
      thresh= 4.293E-04 alpha_mix =  0.700 |ddv_scf|^2 =  9.270E-08

      iter #   4 total cpu time :  1786.5 secs   av.it.:   9.7
      thresh= 3.045E-05 alpha_mix =  0.700 |ddv_scf|^2 =  5.996E-09

      iter #   5 total cpu time :  1792.6 secs   av.it.:   9.9
      thresh= 7.743E-06 alpha_mix =  0.700 |ddv_scf|^2 =  3.655E-10

      iter #   6 total cpu time :  1798.3 secs   av.it.:  10.2
      thresh= 1.912E-06 alpha_mix =  0.700 |ddv_scf|^2 =  5.977E-12

      iter #   7 total cpu time :  1805.4 secs   av.it.:  10.3
      thresh= 2.445E-07 alpha_mix =  0.700 |ddv_scf|^2 =  1.531E-13

      iter #   8 total cpu time :  1811.8 secs   av.it.:  10.5
      thresh= 3.912E-08 alpha_mix =  0.700 |ddv_scf|^2 =  1.572E-14

      iter #   9 total cpu time :  1817.7 secs   av.it.:  10.1
      thresh= 1.254E-08 alpha_mix =  0.700 |ddv_scf|^2 =  9.324E-15

      iter #  10 total cpu time :  1823.0 secs   av.it.:   9.7
      thresh= 9.656E-09 alpha_mix =  0.700 |ddv_scf|^2 =  1.517E-15

      iter #  11 total cpu time :  1828.3 secs   av.it.:   9.6
      thresh= 3.895E-09 alpha_mix =  0.700 |ddv_scf|^2 =  2.185E-16

      iter #  12 total cpu time :  1834.1 secs   av.it.:   9.6
      thresh= 1.478E-09 alpha_mix =  0.700 |ddv_scf|^2 =  1.298E-17

      iter #  13 total cpu time :  1839.6 secs   av.it.:  10.0
      thresh= 3.602E-10 alpha_mix =  0.700 |ddv_scf|^2 =  1.365E-18

      iter #  14 total cpu time :  1845.8 secs   av.it.:   9.9
      thresh= 1.169E-10 alpha_mix =  0.700 |ddv_scf|^2 =  1.281E-19

     End of self-consistent calculation

     Convergence has been achieved 


     Representation #   3 mode #   3

     Self-consistent Calculation

      iter #   1 total cpu time :  1851.2 secs   av.it.:   6.2
      thresh= 1.000E-02 alpha_mix =  0.700 |ddv_scf|^2 =  1.132E-05

      iter #   2 total cpu time :  1857.6 secs   av.it.:  10.2
      thresh= 3.365E-04 alpha_mix =  0.700 |ddv_scf|^2 =  3.347E-05

      iter #   3 total cpu time :  1863.8 secs   av.it.:   9.1
      thresh= 5.785E-04 alpha_mix =  0.700 |ddv_scf|^2 =  1.077E-07

      iter #   4 total cpu time :  1871.0 secs   av.it.:   9.6
      thresh= 3.281E-05 alpha_mix =  0.700 |ddv_scf|^2 =  5.952E-09

      iter #   5 total cpu time :  1876.4 secs   av.it.:   9.9
      thresh= 7.715E-06 alpha_mix =  0.700 |ddv_scf|^2 =  3.931E-10

      iter #   6 total cpu time :  1883.2 secs   av.it.:  10.2
      thresh= 1.983E-06 alpha_mix =  0.700 |ddv_scf|^2 =  2.631E-12

      iter #   7 total cpu time :  1889.1 secs   av.it.:  10.4
      thresh= 1.622E-07 alpha_mix =  0.700 |ddv_scf|^2 =  1.261E-13

      iter #   8 total cpu time :  1894.2 secs   av.it.:  10.3
      thresh= 3.552E-08 alpha_mix =  0.700 |ddv_scf|^2 =  1.041E-13

      iter #   9 total cpu time :  1900.0 secs   av.it.:   9.5
      thresh= 3.226E-08 alpha_mix =  0.700 |ddv_scf|^2 =  6.792E-15

      iter #  10 total cpu time :  1906.5 secs   av.it.:   9.8
      thresh= 8.241E-09 alpha_mix =  0.700 |ddv_scf|^2 =  1.328E-15

      iter #  11 total cpu time :  1912.4 secs   av.it.:   9.5
      thresh= 3.644E-09 alpha_mix =  0.700 |ddv_scf|^2 =  1.540E-16

      iter #  12 total cpu time :  1919.3 secs   av.it.:   9.6
      thresh= 1.241E-09 alpha_mix =  0.700 |ddv_scf|^2 =  5.877E-18

      iter #  13 total cpu time :  1925.2 secs   av.it.:  10.1
      thresh= 2.424E-10 alpha_mix =  0.700 |ddv_scf|^2 =  1.262E-18

      iter #  14 total cpu time :  1931.3 secs   av.it.:  10.0
      thresh= 1.123E-10 alpha_mix =  0.700 |ddv_scf|^2 =  9.853E-20

     End of self-consistent calculation

     Convergence has been achieved 


     Representation #   4 mode #   4

     Self-consistent Calculation

      iter #   1 total cpu time :  1935.5 secs   av.it.:   5.7
      thresh= 1.000E-02 alpha_mix =  0.700 |ddv_scf|^2 =  9.043E-07

      iter #   2 total cpu time :  1942.6 secs   av.it.:  10.4
      thresh= 9.509E-05 alpha_mix =  0.700 |ddv_scf|^2 =  8.082E-07

      iter #   3 total cpu time :  1948.4 secs   av.it.:   9.6
      thresh= 8.990E-05 alpha_mix =  0.700 |ddv_scf|^2 =  3.190E-08

      iter #   4 total cpu time :  1955.1 secs   av.it.:   9.9
      thresh= 1.786E-05 alpha_mix =  0.700 |ddv_scf|^2 =  1.439E-08

      iter #   5 total cpu time :  1961.5 secs   av.it.:   9.4
      thresh= 1.200E-05 alpha_mix =  0.700 |ddv_scf|^2 =  9.644E-10

      iter #   6 total cpu time :  1967.7 secs   av.it.:   9.8
      thresh= 3.105E-06 alpha_mix =  0.700 |ddv_scf|^2 =  4.230E-12

      iter #   7 total cpu time :  1973.7 secs   av.it.:  10.5
      thresh= 2.057E-07 alpha_mix =  0.700 |ddv_scf|^2 =  2.004E-13

      iter #   8 total cpu time :  1980.5 secs   av.it.:  10.4
      thresh= 4.477E-08 alpha_mix =  0.700 |ddv_scf|^2 =  1.563E-14

      iter #   9 total cpu time :  1987.4 secs   av.it.:  10.3
      thresh= 1.250E-08 alpha_mix =  0.700 |ddv_scf|^2 =  7.716E-15

      iter #  10 total cpu time :  1994.5 secs   av.it.:   9.8
      thresh= 8.784E-09 alpha_mix =  0.700 |ddv_scf|^2 =  8.457E-16

      iter #  11 total cpu time :  2001.2 secs   av.it.:   9.6
      thresh= 2.908E-09 alpha_mix =  0.700 |ddv_scf|^2 =  1.670E-16

      iter #  12 total cpu time :  2007.9 secs   av.it.:   9.7
      thresh= 1.292E-09 alpha_mix =  0.700 |ddv_scf|^2 =  3.277E-17

      iter #  13 total cpu time :  2014.1 secs   av.it.:   9.7
      thresh= 5.725E-10 alpha_mix =  0.700 |ddv_scf|^2 =  6.767E-18

      iter #  14 total cpu time :  2020.4 secs   av.it.:   9.5
      thresh= 2.601E-10 alpha_mix =  0.700 |ddv_scf|^2 =  3.352E-19

      iter #  15 total cpu time :  2026.9 secs   av.it.:  10.0
      thresh= 5.790E-11 alpha_mix =  0.700 |ddv_scf|^2 =  2.841E-20

     End of self-consistent calculation

     Convergence has been achieved 


     Representation #   5 mode #   5

     Self-consistent Calculation

      iter #   1 total cpu time :  2031.7 secs   av.it.:   5.6
      thresh= 1.000E-02 alpha_mix =  0.700 |ddv_scf|^2 =  2.800E-07

      iter #   2 total cpu time :  2038.0 secs   av.it.:  10.2
      thresh= 5.291E-05 alpha_mix =  0.700 |ddv_scf|^2 =  2.893E-08

      iter #   3 total cpu time :  2044.1 secs   av.it.:  10.0
      thresh= 1.701E-05 alpha_mix =  0.700 |ddv_scf|^2 =  1.533E-09

      iter #   4 total cpu time :  2050.6 secs   av.it.:   9.9
      thresh= 3.915E-06 alpha_mix =  0.700 |ddv_scf|^2 =  1.802E-12

      iter #   5 total cpu time :  2057.1 secs   av.it.:  10.2
      thresh= 1.343E-07 alpha_mix =  0.700 |ddv_scf|^2 =  8.214E-14

      iter #   6 total cpu time :  2063.5 secs   av.it.:  10.3
      thresh= 2.866E-08 alpha_mix =  0.700 |ddv_scf|^2 =  1.120E-15

      iter #   7 total cpu time :  2069.9 secs   av.it.:   9.8
      thresh= 3.347E-09 alpha_mix =  0.700 |ddv_scf|^2 =  3.722E-17

      iter #   8 total cpu time :  2076.4 secs   av.it.:   9.9
      thresh= 6.101E-10 alpha_mix =  0.700 |ddv_scf|^2 =  8.098E-19

      iter #   9 total cpu time :  2083.2 secs   av.it.:  10.4
      thresh= 8.999E-11 alpha_mix =  0.700 |ddv_scf|^2 =  3.362E-20

     End of self-consistent calculation

     Convergence has been achieved 


     Representation #   6 mode #   6

     Self-consistent Calculation

      iter #   1 total cpu time :  2087.4 secs   av.it.:   5.6
      thresh= 1.000E-02 alpha_mix =  0.700 |ddv_scf|^2 =  2.800E-07

      iter #   2 total cpu time :  2093.8 secs   av.it.:  10.2
      thresh= 5.291E-05 alpha_mix =  0.700 |ddv_scf|^2 =  2.893E-08

      iter #   3 total cpu time :  2100.4 secs   av.it.:  10.0
      thresh= 1.701E-05 alpha_mix =  0.700 |ddv_scf|^2 =  1.533E-09

      iter #   4 total cpu time :  2107.3 secs   av.it.:   9.9
      thresh= 3.915E-06 alpha_mix =  0.700 |ddv_scf|^2 =  1.802E-12

      iter #   5 total cpu time :  2113.1 secs   av.it.:  10.2
      thresh= 1.342E-07 alpha_mix =  0.700 |ddv_scf|^2 =  8.214E-14

      iter #   6 total cpu time :  2119.6 secs   av.it.:  10.3
      thresh= 2.866E-08 alpha_mix =  0.700 |ddv_scf|^2 =  1.119E-15

      iter #   7 total cpu time :  2125.9 secs   av.it.:   9.8
      thresh= 3.346E-09 alpha_mix =  0.700 |ddv_scf|^2 =  3.721E-17

      iter #   8 total cpu time :  2131.4 secs   av.it.:   9.9
      thresh= 6.100E-10 alpha_mix =  0.700 |ddv_scf|^2 =  8.090E-19

      iter #   9 total cpu time :  2137.7 secs   av.it.:  10.4
      thresh= 8.995E-11 alpha_mix =  0.700 |ddv_scf|^2 =  3.359E-20

     End of self-consistent calculation

     Convergence has been achieved 

     Number of q in the star =   24
     List of q in the star:
          1   0.441941738  -0.441941738  -0.265165043
          2  -0.441941738   0.441941738  -0.265165043
          3  -0.441941738  -0.441941738  -0.265165043
          4   0.441941738   0.441941738  -0.265165043
          5  -0.441941738   0.265165043   0.441941738
          6  -0.265165043   0.441941738   0.441941738
          7   0.441941738   0.441941738   0.265165043
          8  -0.441941738  -0.441941738   0.265165043
          9   0.441941738  -0.265165043  -0.441941738
         10  -0.441941738  -0.265165043   0.441941738
         11   0.265165043  -0.441941738  -0.441941738
         12  -0.441941738   0.265165043  -0.441941738
         13   0.441941738   0.265165043   0.441941738
         14  -0.265165043   0.441941738  -0.441941738
         15  -0.265165043  -0.441941738   0.441941738
         16   0.265165043   0.441941738   0.441941738
         17   0.441941738  -0.441941738   0.265165043
         18  -0.441941738  -0.265165043  -0.441941738
         19   0.265165043   0.441941738  -0.441941738
         20   0.441941738  -0.265165043   0.441941738
         21  -0.441941738   0.441941738   0.265165043
         22   0.441941738   0.265165043  -0.441941738
         23  -0.265165043  -0.441941738  -0.441941738
         24   0.265165043  -0.441941738   0.441941738

     Diagonalizing the dynamical matrix

     q = (    0.441941738  -0.441941738  -0.265165043 ) 

 **************************************************************************
     freq (    1) =       3.504247 [THz] =     116.889097 [cm-1]
     freq (    2) =       4.413038 [THz] =     147.203092 [cm-1]
     freq (    3) =      10.054938 [THz] =     335.396625 [cm-1]
     freq (    4) =      12.255718 [THz] =     408.806751 [cm-1]
     freq (    5) =      14.277372 [THz] =     476.241864 [cm-1]
     freq (    6) =      14.477188 [THz] =     482.907011 [cm-1]
 **************************************************************************

     Mode symmetry, C_s (m)     point group:

     freq (   1-   1) =        116.9  [cm-1]   --> A''                
     freq (   2-   2) =        147.2  [cm-1]   --> A'                 
     freq (   3-   3) =        335.4  [cm-1]   --> A'                 
     freq (   4-   4) =        408.8  [cm-1]   --> A'                 
     freq (   5-   5) =        476.2  [cm-1]   --> A''                
     freq (   6-   6) =        482.9  [cm-1]   --> A'                 

     Calculation of q =    0.3535534  -0.3535534  -0.1767767

     Parallelization info
     --------------------
     sticks:   dense  smooth     PW     G-vecs:    dense   smooth      PW
     Min          53      27     10                 1054      373      87
     Max          54      28     11                 1057      376      90
     Sum         859     433    163                16889     5985    1411

     Using Slab Decomposition


     Title: 
     default                                                                    


     bravais-lattice index     =            0
     lattice parameter (alat)  =       7.2595  a.u.
     unit-cell volume          =     270.5223 (a.u.)^3
     number of atoms/cell      =            2
     number of atomic types    =            1
     number of electrons       =         8.00
     number of Kohn-Sham states=            4
     kinetic-energy cutoff     =      30.0000  Ry
     charge density cutoff     =     240.0000  Ry
     Exchange-correlation= PBESOL
                           (   1   4  10   8   0   0   0)

     celldm(1)=   7.259489  celldm(2)=   0.000000  celldm(3)=   0.000000
     celldm(4)=   0.000000  celldm(5)=   0.000000  celldm(6)=   0.000000

     crystal axes: (cart. coord. in units of alat)
               a(1) = (   0.707107   0.707107   0.000000 )  
               a(2) = (   0.707107   0.000000   0.707107 )  
               a(3) = (   0.000000   0.707107   0.707107 )  

     reciprocal axes: (cart. coord. in units 2 pi/alat)
               b(1) = (  0.707107  0.707107 -0.707107 )  
               b(2) = (  0.707107 -0.707107  0.707107 )  
               b(3) = ( -0.707107  0.707107  0.707107 )  


     PseudoPot. # 1 for Si read from file:
     ../pseudo/Si.pbesol-n-rrkjus_psl.1.0.0.UPF
     MD5 check sum: c4212819de858c94c3a1644338846ac9
     Pseudo is Ultrasoft + core correction, Zval =  4.0
     Generated using "atomic" code by A. Dal Corso  v.6.0 svn rev. 13079
     Using radial grid of 1141 points,  6 beta functions with: 
                l(1) =   0
                l(2) =   0
                l(3) =   1
                l(4) =   1
                l(5) =   2
                l(6) =   2
     Q(r) pseudized with 0 coefficients 


     atomic species   valence    mass     pseudopotential
        Si             4.00    28.08550     Si( 1.00)

     48 Sym. Ops., with inversion, found



   Cartesian axes

     site n.     atom                  positions (alat units)
         1           Si  tau(   1) = (   0.0000000   0.0000000   0.0000000  )
         2           Si  tau(   2) = (   0.3535534   0.3535534   0.3535534  )

     number of k points=  2940

     Number of k-points >= 100: set verbosity='high' to print them.

     Dense  grid:    16889 G-vectors     FFT dimensions: (  36,  36,  36)

     Smooth grid:     5985 G-vectors     FFT dimensions: (  32,  32,  32)

     Estimated max dynamical RAM per process >       4.74 MB

     Estimated total dynamical RAM >      75.84 MB

     The potential is recalculated from file :
     tmp/_ph0/si.save/charge-density

     Starting wfcs are    8 atomic wfcs

     Band Structure Calculation
     Davidson diagonalization with overlap

     ethr =  1.25E-10,  avg # of iterations = 13.4

     total cpu time spent up to now is       96.7 secs

     End of band structure calculation

     Number of k-points >= 100: set verbosity='high' to print the bands.

     highest occupied level (ev):     6.1438

     Writing config to output data dir tmp/_ph0/si.save/

     default                                                                    

     bravais-lattice index     =            0
     lattice parameter (alat)  =       7.2595  a.u.
     unit-cell volume          =     270.5223 (a.u.)^3
     number of atoms/cell      =            2
     number of atomic types    =            1
     kinetic-energy cut-off    =      30.0000  Ry
     charge density cut-off    =     240.0000  Ry
     convergence threshold     =      1.6E-19
     beta                      =       0.7000
     number of iterations used =            4
     Exchange-correlation= PBESOL
                           (   1   4  10   8   0   0   0)


     celldm(1)=    7.25949  celldm(2)=    0.00000  celldm(3)=    0.00000
     celldm(4)=    0.00000  celldm(5)=    0.00000  celldm(6)=    0.00000

     crystal axes: (cart. coord. in units of alat)
               a(1) = (  0.7071  0.7071  0.0000 )  
               a(2) = (  0.7071  0.0000  0.7071 )  
               a(3) = (  0.0000  0.7071  0.7071 )  

     reciprocal axes: (cart. coord. in units 2 pi/alat)
               b(1) = (  0.7071  0.7071 -0.7071 )  
               b(2) = (  0.7071 -0.7071  0.7071 )  
               b(3) = ( -0.7071  0.7071  0.7071 )  


     Atoms inside the unit cell: 

     Cartesian axes

     site n.  atom      mass           positions (alat units)
        1     Si  28.0855   tau(    1) = (    0.00000    0.00000    0.00000  )
        2     Si  28.0855   tau(    2) = (    0.35355    0.35355    0.35355  )

     Computing dynamical matrix for 
                    q = (   0.3535534  -0.3535534  -0.1767767 )

      2 Sym.Ops. (no q -> -q+G )


     G cutoff =  320.3787  (   1057 G-vectors)     FFT grid: ( 36, 36, 36)
     G cutoff =  160.1893  (    374 G-vectors)  smooth grid: ( 32, 32, 32)
     number of k points=  2940

     PseudoPot. # 1 for Si read from file:
     ../pseudo/Si.pbesol-n-rrkjus_psl.1.0.0.UPF
     MD5 check sum: c4212819de858c94c3a1644338846ac9
     Pseudo is Ultrasoft + core correction, Zval =  4.0
     Generated using "atomic" code by A. Dal Corso  v.6.0 svn rev. 13079
     Using radial grid of 1141 points,  6 beta functions with: 
                l(1) =   0
                l(2) =   0
                l(3) =   1
                l(4) =   1
                l(5) =   2
                l(6) =   2
     Q(r) pseudized with 0 coefficients 


     Mode symmetry, C_s (m)     point group:


     Atomic displacements:
     There are    6 irreducible representations

     Representation     1      1 modes -  To be done

     Representation     2      1 modes -  To be done

     Representation     3      1 modes -  To be done

     Representation     4      1 modes -  To be done

     Representation     5      1 modes -  To be done

     Representation     6      1 modes -  To be done



     Alpha used in Ewald sum =   2.5000
     PHONON       :  35m13.43s CPU  35m57.78s WALL



     Representation #   1 mode #   1

     Self-consistent Calculation

      iter #   1 total cpu time :  2162.8 secs   av.it.:   6.3
      thresh= 1.000E-02 alpha_mix =  0.700 |ddv_scf|^2 =  2.045E-05

      iter #   2 total cpu time :  2169.1 secs   av.it.:  10.1
      thresh= 4.523E-04 alpha_mix =  0.700 |ddv_scf|^2 =  8.075E-05

      iter #   3 total cpu time :  2175.3 secs   av.it.:   8.8
      thresh= 8.986E-04 alpha_mix =  0.700 |ddv_scf|^2 =  2.043E-07

      iter #   4 total cpu time :  2180.6 secs   av.it.:   9.5
      thresh= 4.520E-05 alpha_mix =  0.700 |ddv_scf|^2 =  3.599E-09

      iter #   5 total cpu time :  2186.2 secs   av.it.:  10.0
      thresh= 5.999E-06 alpha_mix =  0.700 |ddv_scf|^2 =  1.510E-10

      iter #   6 total cpu time :  2193.4 secs   av.it.:  10.3
      thresh= 1.229E-06 alpha_mix =  0.700 |ddv_scf|^2 =  4.998E-12

      iter #   7 total cpu time :  2199.9 secs   av.it.:  10.2
      thresh= 2.236E-07 alpha_mix =  0.700 |ddv_scf|^2 =  7.595E-14

      iter #   8 total cpu time :  2205.7 secs   av.it.:  10.4
      thresh= 2.756E-08 alpha_mix =  0.700 |ddv_scf|^2 =  6.034E-14

      iter #   9 total cpu time :  2211.5 secs   av.it.:   9.5
      thresh= 2.456E-08 alpha_mix =  0.700 |ddv_scf|^2 =  1.993E-14

      iter #  10 total cpu time :  2216.4 secs   av.it.:   9.3
      thresh= 1.412E-08 alpha_mix =  0.700 |ddv_scf|^2 =  1.701E-15

      iter #  11 total cpu time :  2221.8 secs   av.it.:   9.3
      thresh= 4.124E-09 alpha_mix =  0.700 |ddv_scf|^2 =  3.864E-16

      iter #  12 total cpu time :  2227.1 secs   av.it.:   9.5
      thresh= 1.966E-09 alpha_mix =  0.700 |ddv_scf|^2 =  2.779E-17

      iter #  13 total cpu time :  2233.0 secs   av.it.:   9.8
      thresh= 5.271E-10 alpha_mix =  0.700 |ddv_scf|^2 =  3.265E-18

      iter #  14 total cpu time :  2239.9 secs   av.it.:   9.9
      thresh= 1.807E-10 alpha_mix =  0.700 |ddv_scf|^2 =  5.250E-20

     End of self-consistent calculation

     Convergence has been achieved 


     Representation #   2 mode #   2

     Self-consistent Calculation

      iter #   1 total cpu time :  2245.2 secs   av.it.:   6.0
      thresh= 1.000E-02 alpha_mix =  0.700 |ddv_scf|^2 =  5.284E-06

      iter #   2 total cpu time :  2251.6 secs   av.it.:  10.3
      thresh= 2.299E-04 alpha_mix =  0.700 |ddv_scf|^2 =  1.768E-05

      iter #   3 total cpu time :  2258.1 secs   av.it.:   9.0
      thresh= 4.204E-04 alpha_mix =  0.700 |ddv_scf|^2 =  1.880E-07

      iter #   4 total cpu time :  2263.9 secs   av.it.:   9.6
      thresh= 4.336E-05 alpha_mix =  0.700 |ddv_scf|^2 =  4.341E-09

      iter #   5 total cpu time :  2270.2 secs   av.it.:  10.1
      thresh= 6.588E-06 alpha_mix =  0.700 |ddv_scf|^2 =  3.575E-10

      iter #   6 total cpu time :  2276.2 secs   av.it.:  10.2
      thresh= 1.891E-06 alpha_mix =  0.700 |ddv_scf|^2 =  5.465E-12

      iter #   7 total cpu time :  2282.3 secs   av.it.:  10.3
      thresh= 2.338E-07 alpha_mix =  0.700 |ddv_scf|^2 =  2.059E-13

      iter #   8 total cpu time :  2287.5 secs   av.it.:  10.4
      thresh= 4.538E-08 alpha_mix =  0.700 |ddv_scf|^2 =  7.346E-14

      iter #   9 total cpu time :  2294.6 secs   av.it.:   9.5
      thresh= 2.710E-08 alpha_mix =  0.700 |ddv_scf|^2 =  3.055E-14

      iter #  10 total cpu time :  2300.7 secs   av.it.:   9.5
      thresh= 1.748E-08 alpha_mix =  0.700 |ddv_scf|^2 =  1.158E-15

      iter #  11 total cpu time :  2307.7 secs   av.it.:   9.9
      thresh= 3.403E-09 alpha_mix =  0.700 |ddv_scf|^2 =  1.449E-16

      iter #  12 total cpu time :  2314.3 secs   av.it.:   9.9
      thresh= 1.204E-09 alpha_mix =  0.700 |ddv_scf|^2 =  8.377E-18

      iter #  13 total cpu time :  2321.1 secs   av.it.:  10.1
      thresh= 2.894E-10 alpha_mix =  0.700 |ddv_scf|^2 =  6.090E-18

      iter #  14 total cpu time :  2326.8 secs   av.it.:   9.3
      thresh= 2.468E-10 alpha_mix =  0.700 |ddv_scf|^2 =  1.750E-18

      iter #  15 total cpu time :  2332.4 secs   av.it.:   9.4
      thresh= 1.323E-10 alpha_mix =  0.700 |ddv_scf|^2 =  1.406E-19

     End of self-consistent calculation

     Convergence has been achieved 


     Representation #   3 mode #   3

     Self-consistent Calculation

      iter #   1 total cpu time :  2336.8 secs   av.it.:   6.2
      thresh= 1.000E-02 alpha_mix =  0.700 |ddv_scf|^2 =  1.891E-05

      iter #   2 total cpu time :  2343.1 secs   av.it.:  10.1
      thresh= 4.349E-04 alpha_mix =  0.700 |ddv_scf|^2 =  7.609E-05

      iter #   3 total cpu time :  2349.5 secs   av.it.:   8.8
      thresh= 8.723E-04 alpha_mix =  0.700 |ddv_scf|^2 =  8.543E-08

      iter #   4 total cpu time :  2356.2 secs   av.it.:   9.8
      thresh= 2.923E-05 alpha_mix =  0.700 |ddv_scf|^2 =  5.795E-09

      iter #   5 total cpu time :  2361.9 secs   av.it.:   9.9
      thresh= 7.612E-06 alpha_mix =  0.700 |ddv_scf|^2 =  4.082E-10

      iter #   6 total cpu time :  2369.1 secs   av.it.:  10.2
      thresh= 2.020E-06 alpha_mix =  0.700 |ddv_scf|^2 =  4.049E-12

      iter #   7 total cpu time :  2375.9 secs   av.it.:  10.3
      thresh= 2.012E-07 alpha_mix =  0.700 |ddv_scf|^2 =  1.382E-13

      iter #   8 total cpu time :  2382.7 secs   av.it.:  10.3
      thresh= 3.717E-08 alpha_mix =  0.700 |ddv_scf|^2 =  2.820E-13

      iter #   9 total cpu time :  2388.6 secs   av.it.:   9.0
      thresh= 5.311E-08 alpha_mix =  0.700 |ddv_scf|^2 =  6.451E-15

      iter #  10 total cpu time :  2394.4 secs   av.it.:   9.8
      thresh= 8.032E-09 alpha_mix =  0.700 |ddv_scf|^2 =  1.911E-15

      iter #  11 total cpu time :  2399.8 secs   av.it.:   9.2
      thresh= 4.371E-09 alpha_mix =  0.700 |ddv_scf|^2 =  2.992E-16

      iter #  12 total cpu time :  2406.1 secs   av.it.:   9.4
      thresh= 1.730E-09 alpha_mix =  0.700 |ddv_scf|^2 =  4.506E-18

      iter #  13 total cpu time :  2412.5 secs   av.it.:  10.1
      thresh= 2.123E-10 alpha_mix =  0.700 |ddv_scf|^2 =  2.063E-18

      iter #  14 total cpu time :  2418.7 secs   av.it.:   9.8
      thresh= 1.436E-10 alpha_mix =  0.700 |ddv_scf|^2 =  1.199E-19

     End of self-consistent calculation

     Convergence has been achieved 


     Representation #   4 mode #   4

     Self-consistent Calculation

      iter #   1 total cpu time :  2423.0 secs   av.it.:   5.8
      thresh= 1.000E-02 alpha_mix =  0.700 |ddv_scf|^2 =  3.734E-06

      iter #   2 total cpu time :  2429.7 secs   av.it.:  10.1
      thresh= 1.932E-04 alpha_mix =  0.700 |ddv_scf|^2 =  1.298E-05

      iter #   3 total cpu time :  2436.0 secs   av.it.:   8.8
      thresh= 3.603E-04 alpha_mix =  0.700 |ddv_scf|^2 =  4.940E-08

      iter #   4 total cpu time :  2442.9 secs   av.it.:  10.0
      thresh= 2.223E-05 alpha_mix =  0.700 |ddv_scf|^2 =  5.843E-09

      iter #   5 total cpu time :  2449.4 secs   av.it.:   9.9
      thresh= 7.644E-06 alpha_mix =  0.700 |ddv_scf|^2 =  8.069E-10

      iter #   6 total cpu time :  2455.5 secs   av.it.:   9.9
      thresh= 2.841E-06 alpha_mix =  0.700 |ddv_scf|^2 =  3.184E-12

      iter #   7 total cpu time :  2461.9 secs   av.it.:  10.5
      thresh= 1.784E-07 alpha_mix =  0.700 |ddv_scf|^2 =  2.231E-13

      iter #   8 total cpu time :  2468.6 secs   av.it.:  10.4
      thresh= 4.724E-08 alpha_mix =  0.700 |ddv_scf|^2 =  1.270E-13

      iter #   9 total cpu time :  2474.1 secs   av.it.:   9.3
      thresh= 3.563E-08 alpha_mix =  0.700 |ddv_scf|^2 =  1.733E-14

      iter #  10 total cpu time :  2479.5 secs   av.it.:   9.6
      thresh= 1.316E-08 alpha_mix =  0.700 |ddv_scf|^2 =  5.201E-16

      iter #  11 total cpu time :  2485.5 secs   av.it.:  10.1
      thresh= 2.281E-09 alpha_mix =  0.700 |ddv_scf|^2 =  1.462E-16

      iter #  12 total cpu time :  2490.7 secs   av.it.:   9.8
      thresh= 1.209E-09 alpha_mix =  0.700 |ddv_scf|^2 =  2.346E-17

      iter #  13 total cpu time :  2496.1 secs   av.it.:   9.8
      thresh= 4.844E-10 alpha_mix =  0.700 |ddv_scf|^2 =  6.158E-18

      iter #  14 total cpu time :  2501.4 secs   av.it.:   9.6
      thresh= 2.481E-10 alpha_mix =  0.700 |ddv_scf|^2 =  1.827E-18

      iter #  15 total cpu time :  2507.1 secs   av.it.:   9.4
      thresh= 1.351E-10 alpha_mix =  0.700 |ddv_scf|^2 =  9.108E-20

     End of self-consistent calculation

     Convergence has been achieved 


     Representation #   5 mode #   5

     Self-consistent Calculation

      iter #   1 total cpu time :  2511.9 secs   av.it.:   5.6
      thresh= 1.000E-02 alpha_mix =  0.700 |ddv_scf|^2 =  2.388E-07

      iter #   2 total cpu time :  2518.1 secs   av.it.:  10.2
      thresh= 4.887E-05 alpha_mix =  0.700 |ddv_scf|^2 =  2.118E-08

      iter #   3 total cpu time :  2525.0 secs   av.it.:  10.0
      thresh= 1.455E-05 alpha_mix =  0.700 |ddv_scf|^2 =  1.318E-09

      iter #   4 total cpu time :  2531.5 secs   av.it.:  10.0
      thresh= 3.631E-06 alpha_mix =  0.700 |ddv_scf|^2 =  1.750E-12

      iter #   5 total cpu time :  2538.1 secs   av.it.:  10.2
      thresh= 1.323E-07 alpha_mix =  0.700 |ddv_scf|^2 =  8.725E-14

      iter #   6 total cpu time :  2544.8 secs   av.it.:  10.3
      thresh= 2.954E-08 alpha_mix =  0.700 |ddv_scf|^2 =  1.022E-15

      iter #   7 total cpu time :  2551.0 secs   av.it.:   9.8
      thresh= 3.198E-09 alpha_mix =  0.700 |ddv_scf|^2 =  4.580E-17

      iter #   8 total cpu time :  2556.8 secs   av.it.:  10.0
      thresh= 6.768E-10 alpha_mix =  0.700 |ddv_scf|^2 =  6.412E-19

      iter #   9 total cpu time :  2562.9 secs   av.it.:  10.3
      thresh= 8.008E-11 alpha_mix =  0.700 |ddv_scf|^2 =  2.887E-20

     End of self-consistent calculation

     Convergence has been achieved 


     Representation #   6 mode #   6

     Self-consistent Calculation

      iter #   1 total cpu time :  2567.9 secs   av.it.:   5.6
      thresh= 1.000E-02 alpha_mix =  0.700 |ddv_scf|^2 =  2.388E-07

      iter #   2 total cpu time :  2573.3 secs   av.it.:  10.2
      thresh= 4.887E-05 alpha_mix =  0.700 |ddv_scf|^2 =  2.118E-08

      iter #   3 total cpu time :  2580.4 secs   av.it.:  10.0
      thresh= 1.455E-05 alpha_mix =  0.700 |ddv_scf|^2 =  1.318E-09

      iter #   4 total cpu time :  2587.2 secs   av.it.:  10.0
      thresh= 3.631E-06 alpha_mix =  0.700 |ddv_scf|^2 =  1.750E-12

      iter #   5 total cpu time :  2593.1 secs   av.it.:  10.2
      thresh= 1.323E-07 alpha_mix =  0.700 |ddv_scf|^2 =  8.723E-14

      iter #   6 total cpu time :  2599.1 secs   av.it.:  10.3
      thresh= 2.954E-08 alpha_mix =  0.700 |ddv_scf|^2 =  1.022E-15

      iter #   7 total cpu time :  2604.6 secs   av.it.:   9.8
      thresh= 3.197E-09 alpha_mix =  0.700 |ddv_scf|^2 =  4.580E-17

      iter #   8 total cpu time :  2610.9 secs   av.it.:  10.0
      thresh= 6.768E-10 alpha_mix =  0.700 |ddv_scf|^2 =  6.409E-19

      iter #   9 total cpu time :  2617.1 secs   av.it.:  10.3
      thresh= 8.005E-11 alpha_mix =  0.700 |ddv_scf|^2 =  2.886E-20

     End of self-consistent calculation

     Convergence has been achieved 

     Number of q in the star =   24
     List of q in the star:
          1   0.353553391  -0.353553391  -0.176776695
          2  -0.353553391   0.353553391  -0.176776695
          3  -0.353553391  -0.353553391  -0.176776695
          4   0.353553391   0.353553391  -0.176776695
          5  -0.353553391   0.176776695   0.353553391
          6  -0.176776695   0.353553391   0.353553391
          7   0.353553391   0.353553391   0.176776695
          8  -0.353553391  -0.353553391   0.176776695
          9   0.353553391  -0.176776695  -0.353553391
         10  -0.353553391  -0.176776695   0.353553391
         11   0.176776695  -0.353553391  -0.353553391
         12  -0.353553391   0.176776695  -0.353553391
         13   0.353553391   0.176776695   0.353553391
         14  -0.176776695   0.353553391  -0.353553391
         15  -0.176776695  -0.353553391   0.353553391
         16   0.176776695   0.353553391   0.353553391
         17   0.353553391  -0.353553391   0.176776695
         18  -0.353553391  -0.176776695  -0.353553391
         19   0.176776695   0.353553391  -0.353553391
         20   0.353553391  -0.176776695   0.353553391
         21  -0.353553391   0.353553391   0.176776695
         22   0.353553391   0.176776695  -0.353553391
         23  -0.176776695  -0.353553391  -0.353553391
         24   0.176776695  -0.353553391   0.353553391

     Diagonalizing the dynamical matrix

     q = (    0.353553391  -0.353553391  -0.176776695 ) 

 **************************************************************************
     freq (    1) =       3.542183 [THz] =     118.154497 [cm-1]
     freq (    2) =       4.358451 [THz] =     145.382271 [cm-1]
     freq (    3) =       9.604011 [THz] =     320.355329 [cm-1]
     freq (    4) =      12.484343 [THz] =     416.432851 [cm-1]
     freq (    5) =      14.308670 [THz] =     477.285840 [cm-1]
     freq (    6) =      14.513751 [THz] =     484.126621 [cm-1]
 **************************************************************************

     Mode symmetry, C_s (m)     point group:

     freq (   1-   1) =        118.2  [cm-1]   --> A''                
     freq (   2-   2) =        145.4  [cm-1]   --> A'                 
     freq (   3-   3) =        320.4  [cm-1]   --> A'                 
     freq (   4-   4) =        416.4  [cm-1]   --> A'                 
     freq (   5-   5) =        477.3  [cm-1]   --> A''                
     freq (   6-   6) =        484.1  [cm-1]   --> A'                 

     Calculation of q =    0.2651650  -0.2651650  -0.0883883

     Parallelization info
     --------------------
     sticks:   dense  smooth     PW     G-vecs:    dense   smooth      PW
     Min          53      27     10                 1054      373      84
     Max          54      28     11                 1057      376      86
     Sum         859     433    163                16889     5985    1363

     Using Slab Decomposition


     Title: 
     default                                                                    


     bravais-lattice index     =            0
     lattice parameter (alat)  =       7.2595  a.u.
     unit-cell volume          =     270.5223 (a.u.)^3
     number of atoms/cell      =            2
     number of atomic types    =            1
     number of electrons       =         8.00
     number of Kohn-Sham states=            4
     kinetic-energy cutoff     =      30.0000  Ry
     charge density cutoff     =     240.0000  Ry
     Exchange-correlation= PBESOL
                           (   1   4  10   8   0   0   0)

     celldm(1)=   7.259489  celldm(2)=   0.000000  celldm(3)=   0.000000
     celldm(4)=   0.000000  celldm(5)=   0.000000  celldm(6)=   0.000000

     crystal axes: (cart. coord. in units of alat)
               a(1) = (   0.707107   0.707107   0.000000 )  
               a(2) = (   0.707107   0.000000   0.707107 )  
               a(3) = (   0.000000   0.707107   0.707107 )  

     reciprocal axes: (cart. coord. in units 2 pi/alat)
               b(1) = (  0.707107  0.707107 -0.707107 )  
               b(2) = (  0.707107 -0.707107  0.707107 )  
               b(3) = ( -0.707107  0.707107  0.707107 )  


     PseudoPot. # 1 for Si read from file:
     ../pseudo/Si.pbesol-n-rrkjus_psl.1.0.0.UPF
     MD5 check sum: c4212819de858c94c3a1644338846ac9
     Pseudo is Ultrasoft + core correction, Zval =  4.0
     Generated using "atomic" code by A. Dal Corso  v.6.0 svn rev. 13079
     Using radial grid of 1141 points,  6 beta functions with: 
                l(1) =   0
                l(2) =   0
                l(3) =   1
                l(4) =   1
                l(5) =   2
                l(6) =   2
     Q(r) pseudized with 0 coefficients 


     atomic species   valence    mass     pseudopotential
        Si             4.00    28.08550     Si( 1.00)

     48 Sym. Ops., with inversion, found



   Cartesian axes

     site n.     atom                  positions (alat units)
         1           Si  tau(   1) = (   0.0000000   0.0000000   0.0000000  )
         2           Si  tau(   2) = (   0.3535534   0.3535534   0.3535534  )

     number of k points=  2940

     Number of k-points >= 100: set verbosity='high' to print them.

     Dense  grid:    16889 G-vectors     FFT dimensions: (  36,  36,  36)

     Smooth grid:     5985 G-vectors     FFT dimensions: (  32,  32,  32)

     Estimated max dynamical RAM per process >       4.73 MB

     Estimated total dynamical RAM >      75.68 MB

     The potential is recalculated from file :
     tmp/_ph0/si.save/charge-density

     Starting wfcs are    8 atomic wfcs

     Band Structure Calculation
     Davidson diagonalization with overlap

     ethr =  1.25E-10,  avg # of iterations = 13.4

     total cpu time spent up to now is      113.6 secs

     End of band structure calculation

     Number of k-points >= 100: set verbosity='high' to print the bands.

     highest occupied level (ev):     6.1438

     Writing config to output data dir tmp/_ph0/si.save/

     default                                                                    

     bravais-lattice index     =            0
     lattice parameter (alat)  =       7.2595  a.u.
     unit-cell volume          =     270.5223 (a.u.)^3
     number of atoms/cell      =            2
     number of atomic types    =            1
     kinetic-energy cut-off    =      30.0000  Ry
     charge density cut-off    =     240.0000  Ry
     convergence threshold     =      1.6E-19
     beta                      =       0.7000
     number of iterations used =            4
     Exchange-correlation= PBESOL
                           (   1   4  10   8   0   0   0)


     celldm(1)=    7.25949  celldm(2)=    0.00000  celldm(3)=    0.00000
     celldm(4)=    0.00000  celldm(5)=    0.00000  celldm(6)=    0.00000

     crystal axes: (cart. coord. in units of alat)
               a(1) = (  0.7071  0.7071  0.0000 )  
               a(2) = (  0.7071  0.0000  0.7071 )  
               a(3) = (  0.0000  0.7071  0.7071 )  

     reciprocal axes: (cart. coord. in units 2 pi/alat)
               b(1) = (  0.7071  0.7071 -0.7071 )  
               b(2) = (  0.7071 -0.7071  0.7071 )  
               b(3) = ( -0.7071  0.7071  0.7071 )  


     Atoms inside the unit cell: 

     Cartesian axes

     site n.  atom      mass           positions (alat units)
        1     Si  28.0855   tau(    1) = (    0.00000    0.00000    0.00000  )
        2     Si  28.0855   tau(    2) = (    0.35355    0.35355    0.35355  )

     Computing dynamical matrix for 
                    q = (   0.2651650  -0.2651650  -0.0883883 )

      2 Sym.Ops. (no q -> -q+G )


     G cutoff =  320.3787  (   1057 G-vectors)     FFT grid: ( 36, 36, 36)
     G cutoff =  160.1893  (    374 G-vectors)  smooth grid: ( 32, 32, 32)
     number of k points=  2940

     PseudoPot. # 1 for Si read from file:
     ../pseudo/Si.pbesol-n-rrkjus_psl.1.0.0.UPF
     MD5 check sum: c4212819de858c94c3a1644338846ac9
     Pseudo is Ultrasoft + core correction, Zval =  4.0
     Generated using "atomic" code by A. Dal Corso  v.6.0 svn rev. 13079
     Using radial grid of 1141 points,  6 beta functions with: 
                l(1) =   0
                l(2) =   0
                l(3) =   1
                l(4) =   1
                l(5) =   2
                l(6) =   2
     Q(r) pseudized with 0 coefficients 


     Mode symmetry, C_s (m)     point group:


     Atomic displacements:
     There are    6 irreducible representations

     Representation     1      1 modes -  To be done

     Representation     2      1 modes -  To be done

     Representation     3      1 modes -  To be done

     Representation     4      1 modes -  To be done

     Representation     5      1 modes -  To be done

     Representation     6      1 modes -  To be done



     Alpha used in Ewald sum =   2.5000
     PHONON       :  42m58.86s CPU  43m57.72s WALL



     Representation #   1 mode #   1

     Self-consistent Calculation

      iter #   1 total cpu time :  2642.9 secs   av.it.:   6.3
      thresh= 1.000E-02 alpha_mix =  0.700 |ddv_scf|^2 =  7.781E-05

      iter #   2 total cpu time :  2649.1 secs   av.it.:   9.6
      thresh= 8.821E-04 alpha_mix =  0.700 |ddv_scf|^2 =  8.366E-04

      iter #   3 total cpu time :  2654.7 secs   av.it.:   8.0
      thresh= 2.892E-03 alpha_mix =  0.700 |ddv_scf|^2 =  1.120E-07

      iter #   4 total cpu time :  2660.8 secs   av.it.:  10.0
      thresh= 3.346E-05 alpha_mix =  0.700 |ddv_scf|^2 =  6.116E-09

      iter #   5 total cpu time :  2666.7 secs   av.it.:  10.0
      thresh= 7.821E-06 alpha_mix =  0.700 |ddv_scf|^2 =  1.857E-10

      iter #   6 total cpu time :  2672.3 secs   av.it.:  10.2
      thresh= 1.363E-06 alpha_mix =  0.700 |ddv_scf|^2 =  1.516E-11

      iter #   7 total cpu time :  2678.1 secs   av.it.:  10.1
      thresh= 3.894E-07 alpha_mix =  0.700 |ddv_scf|^2 =  4.416E-12

      iter #   8 total cpu time :  2683.7 secs   av.it.:   9.2
      thresh= 2.101E-07 alpha_mix =  0.700 |ddv_scf|^2 =  8.941E-12

      iter #   9 total cpu time :  2690.1 secs   av.it.:   8.6
      thresh= 2.990E-07 alpha_mix =  0.700 |ddv_scf|^2 =  1.934E-12

      iter #  10 total cpu time :  2694.9 secs   av.it.:   8.5
      thresh= 1.391E-07 alpha_mix =  0.700 |ddv_scf|^2 =  6.533E-15

      iter #  11 total cpu time :  2700.2 secs   av.it.:  10.0
      thresh= 8.083E-09 alpha_mix =  0.700 |ddv_scf|^2 =  1.427E-15

      iter #  12 total cpu time :  2706.2 secs   av.it.:   9.9
      thresh= 3.778E-09 alpha_mix =  0.700 |ddv_scf|^2 =  5.526E-17

      iter #  13 total cpu time :  2711.9 secs   av.it.:  10.3
      thresh= 7.434E-10 alpha_mix =  0.700 |ddv_scf|^2 =  1.607E-17

      iter #  14 total cpu time :  2717.4 secs   av.it.:   9.8
      thresh= 4.009E-10 alpha_mix =  0.700 |ddv_scf|^2 =  1.892E-17

      iter #  15 total cpu time :  2722.5 secs   av.it.:   8.3
      thresh= 4.350E-10 alpha_mix =  0.700 |ddv_scf|^2 =  1.084E-18

      iter #  16 total cpu time :  2729.1 secs   av.it.:   9.4
      thresh= 1.041E-10 alpha_mix =  0.700 |ddv_scf|^2 =  1.149E-19

     End of self-consistent calculation

     Convergence has been achieved 


     Representation #   2 mode #   2

     Self-consistent Calculation

      iter #   1 total cpu time :  2733.5 secs   av.it.:   5.9
      thresh= 1.000E-02 alpha_mix =  0.700 |ddv_scf|^2 =  1.692E-05

      iter #   2 total cpu time :  2739.9 secs   av.it.:   9.7
      thresh= 4.113E-04 alpha_mix =  0.700 |ddv_scf|^2 =  1.718E-04

      iter #   3 total cpu time :  2746.1 secs   av.it.:   8.0
      thresh= 1.311E-03 alpha_mix =  0.700 |ddv_scf|^2 =  1.087E-07

      iter #   4 total cpu time :  2752.9 secs   av.it.:  10.0
      thresh= 3.297E-05 alpha_mix =  0.700 |ddv_scf|^2 =  3.453E-09

      iter #   5 total cpu time :  2759.0 secs   av.it.:  10.1
      thresh= 5.876E-06 alpha_mix =  0.700 |ddv_scf|^2 =  4.117E-10

      iter #   6 total cpu time :  2765.7 secs   av.it.:   9.9
      thresh= 2.029E-06 alpha_mix =  0.700 |ddv_scf|^2 =  4.157E-12

      iter #   7 total cpu time :  2771.5 secs   av.it.:  10.3
      thresh= 2.039E-07 alpha_mix =  0.700 |ddv_scf|^2 =  5.326E-13

      iter #   8 total cpu time :  2777.2 secs   av.it.:   9.9
      thresh= 7.298E-08 alpha_mix =  0.700 |ddv_scf|^2 =  2.525E-12

      iter #   9 total cpu time :  2783.1 secs   av.it.:   8.4
      thresh= 1.589E-07 alpha_mix =  0.700 |ddv_scf|^2 =  1.511E-14

      iter #  10 total cpu time :  2789.7 secs   av.it.:   9.9
      thresh= 1.229E-08 alpha_mix =  0.700 |ddv_scf|^2 =  1.187E-14

      iter #  11 total cpu time :  2795.8 secs   av.it.:   9.2
      thresh= 1.089E-08 alpha_mix =  0.700 |ddv_scf|^2 =  1.335E-16

      iter #  12 total cpu time :  2803.5 secs   av.it.:  10.3
      thresh= 1.156E-09 alpha_mix =  0.700 |ddv_scf|^2 =  6.638E-17

      iter #  13 total cpu time :  2809.7 secs   av.it.:   9.7
      thresh= 8.148E-10 alpha_mix =  0.700 |ddv_scf|^2 =  8.728E-18

      iter #  14 total cpu time :  2816.3 secs   av.it.:   9.7
      thresh= 2.954E-10 alpha_mix =  0.700 |ddv_scf|^2 =  2.627E-18

      iter #  15 total cpu time :  2821.5 secs   av.it.:   8.7
      thresh= 1.621E-10 alpha_mix =  0.700 |ddv_scf|^2 =  4.543E-19

      iter #  16 total cpu time :  2827.3 secs   av.it.:   9.1
      thresh= 6.740E-11 alpha_mix =  0.700 |ddv_scf|^2 =  2.768E-20

     End of self-consistent calculation

     Convergence has been achieved 


     Representation #   3 mode #   3

     Self-consistent Calculation

      iter #   1 total cpu time :  2832.3 secs   av.it.:   6.3
      thresh= 1.000E-02 alpha_mix =  0.700 |ddv_scf|^2 =  8.854E-05

      iter #   2 total cpu time :  2838.6 secs   av.it.:   9.6
      thresh= 9.410E-04 alpha_mix =  0.700 |ddv_scf|^2 =  9.543E-04

      iter #   3 total cpu time :  2844.4 secs   av.it.:   8.0
      thresh= 3.089E-03 alpha_mix =  0.700 |ddv_scf|^2 =  7.254E-08

      iter #   4 total cpu time :  2849.4 secs   av.it.:  10.1
      thresh= 2.693E-05 alpha_mix =  0.700 |ddv_scf|^2 =  6.475E-09

      iter #   5 total cpu time :  2855.3 secs   av.it.:  10.0
      thresh= 8.047E-06 alpha_mix =  0.700 |ddv_scf|^2 =  2.258E-10

      iter #   6 total cpu time :  2862.0 secs   av.it.:  10.3
      thresh= 1.503E-06 alpha_mix =  0.700 |ddv_scf|^2 =  2.643E-11

      iter #   7 total cpu time :  2869.1 secs   av.it.:   9.9
      thresh= 5.141E-07 alpha_mix =  0.700 |ddv_scf|^2 =  1.474E-12

      iter #   8 total cpu time :  2875.3 secs   av.it.:   9.1
      thresh= 1.214E-07 alpha_mix =  0.700 |ddv_scf|^2 =  2.169E-12

      iter #   9 total cpu time :  2881.5 secs   av.it.:   8.7
      thresh= 1.473E-07 alpha_mix =  0.700 |ddv_scf|^2 =  3.221E-13

      iter #  10 total cpu time :  2887.4 secs   av.it.:   8.5
      thresh= 5.675E-08 alpha_mix =  0.700 |ddv_scf|^2 =  1.693E-15

      iter #  11 total cpu time :  2893.1 secs   av.it.:  10.0
      thresh= 4.114E-09 alpha_mix =  0.700 |ddv_scf|^2 =  1.545E-16

      iter #  12 total cpu time :  2899.6 secs   av.it.:  10.0
      thresh= 1.243E-09 alpha_mix =  0.700 |ddv_scf|^2 =  1.887E-17

      iter #  13 total cpu time :  2905.3 secs   av.it.:   9.5
      thresh= 4.344E-10 alpha_mix =  0.700 |ddv_scf|^2 =  3.533E-19

      iter #  14 total cpu time :  2911.6 secs   av.it.:  10.1
      thresh= 5.944E-11 alpha_mix =  0.700 |ddv_scf|^2 =  1.313E-19

     End of self-consistent calculation

     Convergence has been achieved 


     Representation #   4 mode #   4

     Self-consistent Calculation

      iter #   1 total cpu time :  2916.3 secs   av.it.:   6.0
      thresh= 1.000E-02 alpha_mix =  0.700 |ddv_scf|^2 =  2.764E-05

      iter #   2 total cpu time :  2923.1 secs   av.it.:   9.6
      thresh= 5.258E-04 alpha_mix =  0.700 |ddv_scf|^2 =  2.894E-04

      iter #   3 total cpu time :  2928.4 secs   av.it.:   8.0
      thresh= 1.701E-03 alpha_mix =  0.700 |ddv_scf|^2 =  3.831E-08

      iter #   4 total cpu time :  2935.2 secs   av.it.:  10.2
      thresh= 1.957E-05 alpha_mix =  0.700 |ddv_scf|^2 =  4.982E-09

      iter #   5 total cpu time :  2941.2 secs   av.it.:  10.0
      thresh= 7.058E-06 alpha_mix =  0.700 |ddv_scf|^2 =  3.284E-10

      iter #   6 total cpu time :  2947.7 secs   av.it.:  10.1
      thresh= 1.812E-06 alpha_mix =  0.700 |ddv_scf|^2 =  1.460E-11

      iter #   7 total cpu time :  2954.2 secs   av.it.:   9.8
      thresh= 3.821E-07 alpha_mix =  0.700 |ddv_scf|^2 =  3.155E-13

      iter #   8 total cpu time :  2960.1 secs   av.it.:  10.1
      thresh= 5.617E-08 alpha_mix =  0.700 |ddv_scf|^2 =  1.954E-12

      iter #   9 total cpu time :  2964.9 secs   av.it.:   8.4
      thresh= 1.398E-07 alpha_mix =  0.700 |ddv_scf|^2 =  7.698E-15

      iter #  10 total cpu time :  2970.0 secs   av.it.:   9.9
      thresh= 8.774E-09 alpha_mix =  0.700 |ddv_scf|^2 =  6.387E-16

      iter #  11 total cpu time :  2976.2 secs   av.it.:   9.8
      thresh= 2.527E-09 alpha_mix =  0.700 |ddv_scf|^2 =  7.954E-16

      iter #  12 total cpu time :  2981.4 secs   av.it.:   8.8
      thresh= 2.820E-09 alpha_mix =  0.700 |ddv_scf|^2 =  2.678E-17

      iter #  13 total cpu time :  2986.4 secs   av.it.:   9.4
      thresh= 5.175E-10 alpha_mix =  0.700 |ddv_scf|^2 =  1.462E-18

      iter #  14 total cpu time :  2993.1 secs   av.it.:  10.1
      thresh= 1.209E-10 alpha_mix =  0.700 |ddv_scf|^2 =  2.451E-19

      iter #  15 total cpu time :  2999.4 secs   av.it.:   9.7
      thresh= 4.950E-11 alpha_mix =  0.700 |ddv_scf|^2 =  1.671E-19

      iter #  16 total cpu time :  3005.9 secs   av.it.:   8.9
      thresh= 4.088E-11 alpha_mix =  0.700 |ddv_scf|^2 =  1.594E-20

     End of self-consistent calculation

     Convergence has been achieved 


     Representation #   5 mode #   5

     Self-consistent Calculation

      iter #   1 total cpu time :  3010.6 secs   av.it.:   5.5
      thresh= 1.000E-02 alpha_mix =  0.700 |ddv_scf|^2 =  1.920E-07

      iter #   2 total cpu time :  3017.8 secs   av.it.:  10.2
      thresh= 4.382E-05 alpha_mix =  0.700 |ddv_scf|^2 =  1.413E-08

      iter #   3 total cpu time :  3024.5 secs   av.it.:  10.0
      thresh= 1.189E-05 alpha_mix =  0.700 |ddv_scf|^2 =  9.536E-10

      iter #   4 total cpu time :  3031.1 secs   av.it.:  10.0
      thresh= 3.088E-06 alpha_mix =  0.700 |ddv_scf|^2 =  1.615E-12

      iter #   5 total cpu time :  3036.7 secs   av.it.:  10.3
      thresh= 1.271E-07 alpha_mix =  0.700 |ddv_scf|^2 =  8.140E-14

      iter #   6 total cpu time :  3042.7 secs   av.it.:  10.3
      thresh= 2.853E-08 alpha_mix =  0.700 |ddv_scf|^2 =  8.721E-16

      iter #   7 total cpu time :  3048.9 secs   av.it.:   9.7
      thresh= 2.953E-09 alpha_mix =  0.700 |ddv_scf|^2 =  4.958E-17

      iter #   8 total cpu time :  3056.0 secs   av.it.:  10.0
      thresh= 7.041E-10 alpha_mix =  0.700 |ddv_scf|^2 =  3.955E-19

      iter #   9 total cpu time :  3062.6 secs   av.it.:  10.3
      thresh= 6.289E-11 alpha_mix =  0.700 |ddv_scf|^2 =  1.841E-20

     End of self-consistent calculation

     Convergence has been achieved 


     Representation #   6 mode #   6

     Self-consistent Calculation

      iter #   1 total cpu time :  3067.2 secs   av.it.:   5.6
      thresh= 1.000E-02 alpha_mix =  0.700 |ddv_scf|^2 =  1.920E-07

      iter #   2 total cpu time :  3073.5 secs   av.it.:  10.2
      thresh= 4.382E-05 alpha_mix =  0.700 |ddv_scf|^2 =  1.413E-08

      iter #   3 total cpu time :  3079.2 secs   av.it.:  10.0
      thresh= 1.189E-05 alpha_mix =  0.700 |ddv_scf|^2 =  9.536E-10

      iter #   4 total cpu time :  3085.3 secs   av.it.:  10.0
      thresh= 3.088E-06 alpha_mix =  0.700 |ddv_scf|^2 =  1.615E-12

      iter #   5 total cpu time :  3091.2 secs   av.it.:  10.3
      thresh= 1.271E-07 alpha_mix =  0.700 |ddv_scf|^2 =  8.140E-14

      iter #   6 total cpu time :  3098.1 secs   av.it.:  10.3
      thresh= 2.853E-08 alpha_mix =  0.700 |ddv_scf|^2 =  8.720E-16

      iter #   7 total cpu time :  3104.4 secs   av.it.:   9.7
      thresh= 2.953E-09 alpha_mix =  0.700 |ddv_scf|^2 =  4.958E-17

      iter #   8 total cpu time :  3112.1 secs   av.it.:  10.0
      thresh= 7.041E-10 alpha_mix =  0.700 |ddv_scf|^2 =  3.954E-19

      iter #   9 total cpu time :  3120.1 secs   av.it.:  10.3
      thresh= 6.288E-11 alpha_mix =  0.700 |ddv_scf|^2 =  1.841E-20

     End of self-consistent calculation

     Convergence has been achieved 

     Number of q in the star =   24
     List of q in the star:
          1   0.265165043  -0.265165043  -0.088388348
          2  -0.265165043   0.265165043  -0.088388348
          3  -0.265165043  -0.265165043  -0.088388348
          4   0.265165043   0.265165043  -0.088388348
          5  -0.265165043   0.088388348   0.265165043
          6  -0.088388348   0.265165043   0.265165043
          7   0.265165043   0.265165043   0.088388348
          8  -0.265165043  -0.265165043   0.088388348
          9   0.265165043  -0.088388348  -0.265165043
         10  -0.265165043  -0.088388348   0.265165043
         11   0.088388348  -0.265165043  -0.265165043
         12  -0.265165043   0.088388348  -0.265165043
         13   0.265165043   0.088388348   0.265165043
         14  -0.088388348   0.265165043  -0.265165043
         15  -0.088388348  -0.265165043   0.265165043
         16   0.088388348   0.265165043   0.265165043
         17   0.265165043  -0.265165043   0.088388348
         18  -0.265165043  -0.088388348  -0.265165043
         19   0.088388348   0.265165043  -0.265165043
         20   0.265165043  -0.088388348   0.265165043
         21  -0.265165043   0.265165043   0.088388348
         22   0.265165043   0.088388348  -0.265165043
         23  -0.088388348  -0.265165043  -0.265165043
         24   0.088388348  -0.265165043   0.265165043

     Diagonalizing the dynamical matrix

     q = (    0.265165043  -0.265165043  -0.088388348 ) 

 **************************************************************************
     freq (    1) =       3.317717 [THz] =     110.667125 [cm-1]
     freq (    2) =       4.128342 [THz] =     137.706653 [cm-1]
     freq (    3) =       7.445060 [THz] =     248.340471 [cm-1]
     freq (    4) =      13.543593 [THz] =     451.765631 [cm-1]
     freq (    5) =      14.466828 [THz] =     482.561445 [cm-1]
     freq (    6) =      14.601991 [THz] =     487.070002 [cm-1]
 **************************************************************************

     Mode symmetry, C_s (m)     point group:

     freq (   1-   1) =        110.7  [cm-1]   --> A''                
     freq (   2-   2) =        137.7  [cm-1]   --> A'                 
     freq (   3-   3) =        248.3  [cm-1]   --> A'                 
     freq (   4-   4) =        451.8  [cm-1]   --> A'                 
     freq (   5-   5) =        482.6  [cm-1]   --> A''                
     freq (   6-   6) =        487.1  [cm-1]   --> A'                 

     Calculation of q =    0.1767767  -0.1767767   0.0000000

     Parallelization info
     --------------------
     sticks:   dense  smooth     PW     G-vecs:    dense   smooth      PW
     Min          53      27      9                 1054      373      76
     Max          54      28     10                 1057      376      79
     Sum         859     433    151                16889     5985    1243

     Using Slab Decomposition


     Title: 
     default                                                                    


     bravais-lattice index     =            0
     lattice parameter (alat)  =       7.2595  a.u.
     unit-cell volume          =     270.5223 (a.u.)^3
     number of atoms/cell      =            2
     number of atomic types    =            1
     number of electrons       =         8.00
     number of Kohn-Sham states=            4
     kinetic-energy cutoff     =      30.0000  Ry
     charge density cutoff     =     240.0000  Ry
     Exchange-correlation= PBESOL
                           (   1   4  10   8   0   0   0)

     celldm(1)=   7.259489  celldm(2)=   0.000000  celldm(3)=   0.000000
     celldm(4)=   0.000000  celldm(5)=   0.000000  celldm(6)=   0.000000

     crystal axes: (cart. coord. in units of alat)
               a(1) = (   0.707107   0.707107   0.000000 )  
               a(2) = (   0.707107   0.000000   0.707107 )  
               a(3) = (   0.000000   0.707107   0.707107 )  

     reciprocal axes: (cart. coord. in units 2 pi/alat)
               b(1) = (  0.707107  0.707107 -0.707107 )  
               b(2) = (  0.707107 -0.707107  0.707107 )  
               b(3) = ( -0.707107  0.707107  0.707107 )  


     PseudoPot. # 1 for Si read from file:
     ../pseudo/Si.pbesol-n-rrkjus_psl.1.0.0.UPF
     MD5 check sum: c4212819de858c94c3a1644338846ac9
     Pseudo is Ultrasoft + core correction, Zval =  4.0
     Generated using "atomic" code by A. Dal Corso  v.6.0 svn rev. 13079
     Using radial grid of 1141 points,  6 beta functions with: 
                l(1) =   0
                l(2) =   0
                l(3) =   1
                l(4) =   1
                l(5) =   2
                l(6) =   2
     Q(r) pseudized with 0 coefficients 


     atomic species   valence    mass     pseudopotential
        Si             4.00    28.08550     Si( 1.00)

     48 Sym. Ops., with inversion, found



   Cartesian axes

     site n.     atom                  positions (alat units)
         1           Si  tau(   1) = (   0.0000000   0.0000000   0.0000000  )
         2           Si  tau(   2) = (   0.3535534   0.3535534   0.3535534  )

     number of k points=  1582

     Number of k-points >= 100: set verbosity='high' to print them.

     Dense  grid:    16889 G-vectors     FFT dimensions: (  36,  36,  36)

     Smooth grid:     5985 G-vectors     FFT dimensions: (  32,  32,  32)

     Estimated max dynamical RAM per process >       4.72 MB

     Estimated total dynamical RAM >      75.52 MB

     The potential is recalculated from file :
     tmp/_ph0/si.save/charge-density

     Starting wfcs are    8 atomic wfcs

     Band Structure Calculation
     Davidson diagonalization with overlap

     ethr =  1.25E-10,  avg # of iterations = 13.4

     total cpu time spent up to now is      123.6 secs

     End of band structure calculation

     Number of k-points >= 100: set verbosity='high' to print the bands.

     highest occupied level (ev):     6.1438

     Writing config to output data dir tmp/_ph0/si.save/

     default                                                                    

     bravais-lattice index     =            0
     lattice parameter (alat)  =       7.2595  a.u.
     unit-cell volume          =     270.5223 (a.u.)^3
     number of atoms/cell      =            2
     number of atomic types    =            1
     kinetic-energy cut-off    =      30.0000  Ry
     charge density cut-off    =     240.0000  Ry
     convergence threshold     =      1.6E-19
     beta                      =       0.7000
     number of iterations used =            4
     Exchange-correlation= PBESOL
                           (   1   4  10   8   0   0   0)


     celldm(1)=    7.25949  celldm(2)=    0.00000  celldm(3)=    0.00000
     celldm(4)=    0.00000  celldm(5)=    0.00000  celldm(6)=    0.00000

     crystal axes: (cart. coord. in units of alat)
               a(1) = (  0.7071  0.7071  0.0000 )  
               a(2) = (  0.7071  0.0000  0.7071 )  
               a(3) = (  0.0000  0.7071  0.7071 )  

     reciprocal axes: (cart. coord. in units 2 pi/alat)
               b(1) = (  0.7071  0.7071 -0.7071 )  
               b(2) = (  0.7071 -0.7071  0.7071 )  
               b(3) = ( -0.7071  0.7071  0.7071 )  


     Atoms inside the unit cell: 

     Cartesian axes

     site n.  atom      mass           positions (alat units)
        1     Si  28.0855   tau(    1) = (    0.00000    0.00000    0.00000  )
        2     Si  28.0855   tau(    2) = (    0.35355    0.35355    0.35355  )

     Computing dynamical matrix for 
                    q = (   0.1767767  -0.1767767   0.0000000 )

      4 Sym.Ops. (no q -> -q+G )


     G cutoff =  320.3787  (   1057 G-vectors)     FFT grid: ( 36, 36, 36)
     G cutoff =  160.1893  (    374 G-vectors)  smooth grid: ( 32, 32, 32)
     number of k points=  1582

     PseudoPot. # 1 for Si read from file:
     ../pseudo/Si.pbesol-n-rrkjus_psl.1.0.0.UPF
     MD5 check sum: c4212819de858c94c3a1644338846ac9
     Pseudo is Ultrasoft + core correction, Zval =  4.0
     Generated using "atomic" code by A. Dal Corso  v.6.0 svn rev. 13079
     Using radial grid of 1141 points,  6 beta functions with: 
                l(1) =   0
                l(2) =   0
                l(3) =   1
                l(4) =   1
                l(5) =   2
                l(6) =   2
     Q(r) pseudized with 0 coefficients 


     Mode symmetry, C_2v (mm2)  point group:


     Atomic displacements:
     There are    6 irreducible representations

     Representation     1      1 modes -  To be done

     Representation     2      1 modes -  To be done

     Representation     3      1 modes -  To be done

     Representation     4      1 modes -  To be done

     Representation     5      1 modes -  To be done

     Representation     6      1 modes -  To be done



     Alpha used in Ewald sum =   2.5000
     PHONON       :  50m52.03s CPU  52m12.77s WALL



     Representation #   1 mode #   1

     Self-consistent Calculation

      iter #   1 total cpu time :  3135.6 secs   av.it.:   5.8
      thresh= 1.000E-02 alpha_mix =  0.700 |ddv_scf|^2 =  1.318E-04

      iter #   2 total cpu time :  3138.4 secs   av.it.:   8.9
      thresh= 1.148E-03 alpha_mix =  0.700 |ddv_scf|^2 =  3.497E-03

      iter #   3 total cpu time :  3141.2 secs   av.it.:   7.0
      thresh= 5.914E-03 alpha_mix =  0.700 |ddv_scf|^2 =  4.420E-08

      iter #   4 total cpu time :  3144.3 secs   av.it.:   9.5
      thresh= 2.102E-05 alpha_mix =  0.700 |ddv_scf|^2 =  9.495E-09

      iter #   5 total cpu time :  3147.9 secs   av.it.:   8.9
      thresh= 9.744E-06 alpha_mix =  0.700 |ddv_scf|^2 =  1.527E-10

      iter #   6 total cpu time :  3150.7 secs   av.it.:   9.7
      thresh= 1.236E-06 alpha_mix =  0.700 |ddv_scf|^2 =  2.864E-09

      iter #   7 total cpu time :  3153.7 secs   av.it.:   7.3
      thresh= 5.352E-06 alpha_mix =  0.700 |ddv_scf|^2 =  9.062E-13

      iter #   8 total cpu time :  3156.5 secs   av.it.:   8.7
      thresh= 9.520E-08 alpha_mix =  0.700 |ddv_scf|^2 =  4.848E-14

      iter #   9 total cpu time :  3159.7 secs   av.it.:   9.0
      thresh= 2.202E-08 alpha_mix =  0.700 |ddv_scf|^2 =  4.629E-15

      iter #  10 total cpu time :  3162.7 secs   av.it.:   8.4
      thresh= 6.804E-09 alpha_mix =  0.700 |ddv_scf|^2 =  1.011E-15

      iter #  11 total cpu time :  3165.1 secs   av.it.:   8.3
      thresh= 3.180E-09 alpha_mix =  0.700 |ddv_scf|^2 =  4.250E-17

      iter #  12 total cpu time :  3169.2 secs   av.it.:   8.5
      thresh= 6.519E-10 alpha_mix =  0.700 |ddv_scf|^2 =  3.733E-18

      iter #  13 total cpu time :  3172.4 secs   av.it.:   8.5
      thresh= 1.932E-10 alpha_mix =  0.700 |ddv_scf|^2 =  2.897E-20

     End of self-consistent calculation

     Convergence has been achieved 


     Representation #   2 mode #   2

     Self-consistent Calculation

      iter #   1 total cpu time :  3175.5 secs   av.it.:   6.5
      thresh= 1.000E-02 alpha_mix =  0.700 |ddv_scf|^2 =  1.124E-03

      iter #   2 total cpu time :  3178.3 secs   av.it.:   8.9
      thresh= 3.352E-03 alpha_mix =  0.700 |ddv_scf|^2 =  3.033E-02

      iter #   3 total cpu time :  3181.2 secs   av.it.:   7.6
      thresh= 1.000E-02 alpha_mix =  0.700 |ddv_scf|^2 =  3.278E-07

      iter #   4 total cpu time :  3185.0 secs   av.it.:   8.7
      thresh= 5.725E-05 alpha_mix =  0.700 |ddv_scf|^2 =  4.045E-09

      iter #   5 total cpu time :  3188.4 secs   av.it.:   9.4
      thresh= 6.360E-06 alpha_mix =  0.700 |ddv_scf|^2 =  2.420E-09

      iter #   6 total cpu time :  3192.3 secs   av.it.:   8.3
      thresh= 4.919E-06 alpha_mix =  0.700 |ddv_scf|^2 =  5.446E-10

      iter #   7 total cpu time :  3194.4 secs   av.it.:   7.2
      thresh= 2.334E-06 alpha_mix =  0.700 |ddv_scf|^2 =  3.820E-13

      iter #   8 total cpu time :  3198.7 secs   av.it.:   9.0
      thresh= 6.181E-08 alpha_mix =  0.700 |ddv_scf|^2 =  6.699E-14

      iter #   9 total cpu time :  3201.8 secs   av.it.:   8.5
      thresh= 2.588E-08 alpha_mix =  0.700 |ddv_scf|^2 =  2.556E-16

      iter #  10 total cpu time :  3206.1 secs   av.it.:  10.0
      thresh= 1.599E-09 alpha_mix =  0.700 |ddv_scf|^2 =  2.869E-16

      iter #  11 total cpu time :  3209.2 secs   av.it.:   8.6
      thresh= 1.694E-09 alpha_mix =  0.700 |ddv_scf|^2 =  1.659E-18

      iter #  12 total cpu time :  3212.6 secs   av.it.:   9.1
      thresh= 1.288E-10 alpha_mix =  0.700 |ddv_scf|^2 =  1.332E-19

     End of self-consistent calculation

     Convergence has been achieved 


     Representation #   3 mode #   3

     Self-consistent Calculation

      iter #   1 total cpu time :  3216.0 secs   av.it.:   5.4
      thresh= 1.000E-02 alpha_mix =  0.700 |ddv_scf|^2 =  1.951E-07

      iter #   2 total cpu time :  3219.5 secs   av.it.:   9.8
      thresh= 4.417E-05 alpha_mix =  0.700 |ddv_scf|^2 =  1.233E-08

      iter #   3 total cpu time :  3222.5 secs   av.it.:   9.6
      thresh= 1.110E-05 alpha_mix =  0.700 |ddv_scf|^2 =  7.995E-10

      iter #   4 total cpu time :  3225.5 secs   av.it.:   9.3
      thresh= 2.828E-06 alpha_mix =  0.700 |ddv_scf|^2 =  8.524E-13

      iter #   5 total cpu time :  3229.6 secs   av.it.:  10.1
      thresh= 9.232E-08 alpha_mix =  0.700 |ddv_scf|^2 =  1.611E-14

      iter #   6 total cpu time :  3232.8 secs   av.it.:   9.5
      thresh= 1.269E-08 alpha_mix =  0.700 |ddv_scf|^2 =  2.711E-16

      iter #   7 total cpu time :  3236.2 secs   av.it.:   9.8
      thresh= 1.647E-09 alpha_mix =  0.700 |ddv_scf|^2 =  8.551E-19

      iter #   8 total cpu time :  3239.0 secs   av.it.:   9.3
      thresh= 9.247E-11 alpha_mix =  0.700 |ddv_scf|^2 =  6.869E-20

     End of self-consistent calculation

     Convergence has been achieved 


     Representation #   4 mode #   4

     Self-consistent Calculation

      iter #   1 total cpu time :  3242.1 secs   av.it.:   5.1
      thresh= 1.000E-02 alpha_mix =  0.700 |ddv_scf|^2 =  1.469E-07

      iter #   2 total cpu time :  3245.7 secs   av.it.:  10.0
      thresh= 3.833E-05 alpha_mix =  0.700 |ddv_scf|^2 =  2.225E-08

      iter #   3 total cpu time :  3249.6 secs   av.it.:  10.1
      thresh= 1.492E-05 alpha_mix =  0.700 |ddv_scf|^2 =  2.940E-09

      iter #   4 total cpu time :  3253.1 secs   av.it.:   9.8
      thresh= 5.422E-06 alpha_mix =  0.700 |ddv_scf|^2 =  4.001E-12

      iter #   5 total cpu time :  3256.5 secs   av.it.:  10.3
      thresh= 2.000E-07 alpha_mix =  0.700 |ddv_scf|^2 =  1.804E-13

      iter #   6 total cpu time :  3259.5 secs   av.it.:  10.5
      thresh= 4.247E-08 alpha_mix =  0.700 |ddv_scf|^2 =  5.258E-15

      iter #   7 total cpu time :  3262.9 secs   av.it.:  10.3
      thresh= 7.251E-09 alpha_mix =  0.700 |ddv_scf|^2 =  1.424E-16

      iter #   8 total cpu time :  3266.3 secs   av.it.:   9.7
      thresh= 1.193E-09 alpha_mix =  0.700 |ddv_scf|^2 =  5.884E-18

      iter #   9 total cpu time :  3269.6 secs   av.it.:  10.1
      thresh= 2.426E-10 alpha_mix =  0.700 |ddv_scf|^2 =  1.166E-19

     End of self-consistent calculation

     Convergence has been achieved 


     Representation #   5 mode #   5

     Self-consistent Calculation

      iter #   1 total cpu time :  3272.3 secs   av.it.:   5.6
      thresh= 1.000E-02 alpha_mix =  0.700 |ddv_scf|^2 =  5.203E-07

      iter #   2 total cpu time :  3275.3 secs   av.it.:  10.2
      thresh= 7.213E-05 alpha_mix =  0.700 |ddv_scf|^2 =  1.062E-07

      iter #   3 total cpu time :  3278.3 secs   av.it.:   9.9
      thresh= 3.258E-05 alpha_mix =  0.700 |ddv_scf|^2 =  3.070E-09

      iter #   4 total cpu time :  3281.0 secs   av.it.:   9.9
      thresh= 5.541E-06 alpha_mix =  0.700 |ddv_scf|^2 =  1.508E-10

      iter #   5 total cpu time :  3284.9 secs   av.it.:  10.1
      thresh= 1.228E-06 alpha_mix =  0.700 |ddv_scf|^2 =  3.651E-13

      iter #   6 total cpu time :  3288.1 secs   av.it.:  10.1
      thresh= 6.042E-08 alpha_mix =  0.700 |ddv_scf|^2 =  9.416E-15

      iter #   7 total cpu time :  3291.7 secs   av.it.:   9.8
      thresh= 9.703E-09 alpha_mix =  0.700 |ddv_scf|^2 =  1.906E-16

      iter #   8 total cpu time :  3294.8 secs   av.it.:   9.5
      thresh= 1.380E-09 alpha_mix =  0.700 |ddv_scf|^2 =  4.627E-18

      iter #   9 total cpu time :  3298.2 secs   av.it.:  10.1
      thresh= 2.151E-10 alpha_mix =  0.700 |ddv_scf|^2 =  8.616E-20

     End of self-consistent calculation

     Convergence has been achieved 


     Representation #   6 mode #   6

     Self-consistent Calculation

      iter #   1 total cpu time :  3301.1 secs   av.it.:   5.3
      thresh= 1.000E-02 alpha_mix =  0.700 |ddv_scf|^2 =  1.301E-07

      iter #   2 total cpu time :  3304.2 secs   av.it.:   9.6
      thresh= 3.607E-05 alpha_mix =  0.700 |ddv_scf|^2 =  9.098E-09

      iter #   3 total cpu time :  3307.9 secs   av.it.:   9.3
      thresh= 9.538E-06 alpha_mix =  0.700 |ddv_scf|^2 =  2.429E-10

      iter #   4 total cpu time :  3310.8 secs   av.it.:   9.7
      thresh= 1.558E-06 alpha_mix =  0.700 |ddv_scf|^2 =  1.127E-12

      iter #   5 total cpu time :  3313.9 secs   av.it.:   9.8
      thresh= 1.062E-07 alpha_mix =  0.700 |ddv_scf|^2 =  3.540E-15

      iter #   6 total cpu time :  3316.8 secs   av.it.:   9.8
      thresh= 5.950E-09 alpha_mix =  0.700 |ddv_scf|^2 =  3.663E-17

      iter #   7 total cpu time :  3320.6 secs   av.it.:   9.8
      thresh= 6.052E-10 alpha_mix =  0.700 |ddv_scf|^2 =  5.325E-19

      iter #   8 total cpu time :  3323.4 secs   av.it.:   9.5
      thresh= 7.297E-11 alpha_mix =  0.700 |ddv_scf|^2 =  3.361E-20

     End of self-consistent calculation

     Convergence has been achieved 

     Number of q in the star =   12
     List of q in the star:
          1   0.176776695  -0.176776695   0.000000000
          2   0.176776695   0.176776695  -0.000000000
          3  -0.176776695   0.176776695  -0.000000000
          4  -0.176776695  -0.176776695   0.000000000
          5  -0.176776695   0.000000000   0.176776695
          6  -0.000000000   0.176776695   0.176776695
          7   0.176776695  -0.000000000  -0.176776695
          8   0.000000000  -0.176776695  -0.176776695
          9  -0.176776695  -0.000000000  -0.176776695
         10   0.176776695   0.000000000   0.176776695
         11   0.000000000   0.176776695  -0.176776695
         12  -0.000000000  -0.176776695   0.176776695

     Diagonalizing the dynamical matrix

     q = (    0.176776695  -0.176776695   0.000000000 ) 

 **************************************************************************
     freq (    1) =       2.547215 [THz] =      84.965944 [cm-1]
     freq (    2) =       3.312316 [THz] =     110.486953 [cm-1]
     freq (    3) =       5.063626 [THz] =     168.904368 [cm-1]
     freq (    4) =      14.406005 [THz] =     480.532613 [cm-1]
     freq (    5) =      14.807549 [THz] =     493.926661 [cm-1]
     freq (    6) =      14.808994 [THz] =     493.974880 [cm-1]
 **************************************************************************

     Mode symmetry, C_2v (mm2)  point group:

     freq (   1-   1) =         85.0  [cm-1]   --> B_2  D_4  S_4      
     freq (   2-   2) =        110.5  [cm-1]   --> B_1  D_3  S_3      
     freq (   3-   3) =        168.9  [cm-1]   --> A_1  D_1  S_1      
     freq (   4-   4) =        480.5  [cm-1]   --> B_1  D_3  S_3      
     freq (   5-   5) =        493.9  [cm-1]   --> A_1  D_1  S_1      
     freq (   6-   6) =        494.0  [cm-1]   --> A_2  D_2  S_2      

     Calculation of q =    0.0000000   0.0000000   0.3535534

     Parallelization info
     --------------------
     sticks:   dense  smooth     PW     G-vecs:    dense   smooth      PW
     Min          53      27      9                 1054      373      76
     Max          54      28     10                 1057      376      79
     Sum         859     433    151                16889     5985    1243

     Using Slab Decomposition


     Title: 
     default                                                                    


     bravais-lattice index     =            0
     lattice parameter (alat)  =       7.2595  a.u.
     unit-cell volume          =     270.5223 (a.u.)^3
     number of atoms/cell      =            2
     number of atomic types    =            1
     number of electrons       =         8.00
     number of Kohn-Sham states=            4
     kinetic-energy cutoff     =      30.0000  Ry
     charge density cutoff     =     240.0000  Ry
     Exchange-correlation= PBESOL
                           (   1   4  10   8   0   0   0)

     celldm(1)=   7.259489  celldm(2)=   0.000000  celldm(3)=   0.000000
     celldm(4)=   0.000000  celldm(5)=   0.000000  celldm(6)=   0.000000

     crystal axes: (cart. coord. in units of alat)
               a(1) = (   0.707107   0.707107   0.000000 )  
               a(2) = (   0.707107   0.000000   0.707107 )  
               a(3) = (   0.000000   0.707107   0.707107 )  

     reciprocal axes: (cart. coord. in units 2 pi/alat)
               b(1) = (  0.707107  0.707107 -0.707107 )  
               b(2) = (  0.707107 -0.707107  0.707107 )  
               b(3) = ( -0.707107  0.707107  0.707107 )  


     PseudoPot. # 1 for Si read from file:
     ../pseudo/Si.pbesol-n-rrkjus_psl.1.0.0.UPF
     MD5 check sum: c4212819de858c94c3a1644338846ac9
     Pseudo is Ultrasoft + core correction, Zval =  4.0
     Generated using "atomic" code by A. Dal Corso  v.6.0 svn rev. 13079
     Using radial grid of 1141 points,  6 beta functions with: 
                l(1) =   0
                l(2) =   0
                l(3) =   1
                l(4) =   1
                l(5) =   2
                l(6) =   2
     Q(r) pseudized with 0 coefficients 


     atomic species   valence    mass     pseudopotential
        Si             4.00    28.08550     Si( 1.00)

     48 Sym. Ops., with inversion, found



   Cartesian axes

     site n.     atom                  positions (alat units)
         1           Si  tau(   1) = (   0.0000000   0.0000000   0.0000000  )
         2           Si  tau(   2) = (   0.3535534   0.3535534   0.3535534  )

     number of k points=   896

     Number of k-points >= 100: set verbosity='high' to print them.

     Dense  grid:    16889 G-vectors     FFT dimensions: (  36,  36,  36)

     Smooth grid:     5985 G-vectors     FFT dimensions: (  32,  32,  32)

     Estimated max dynamical RAM per process >       4.73 MB

     Estimated total dynamical RAM >      75.64 MB

     The potential is recalculated from file :
     tmp/_ph0/si.save/charge-density

     Starting wfcs are    8 atomic wfcs

     Band Structure Calculation
     Davidson diagonalization with overlap

     ethr =  1.25E-10,  avg # of iterations = 13.4

     total cpu time spent up to now is      128.3 secs

     End of band structure calculation

     Number of k-points >= 100: set verbosity='high' to print the bands.

     highest occupied level (ev):     6.1438

     Writing config to output data dir tmp/_ph0/si.save/

     default                                                                    

     bravais-lattice index     =            0
     lattice parameter (alat)  =       7.2595  a.u.
     unit-cell volume          =     270.5223 (a.u.)^3
     number of atoms/cell      =            2
     number of atomic types    =            1
     kinetic-energy cut-off    =      30.0000  Ry
     charge density cut-off    =     240.0000  Ry
     convergence threshold     =      1.6E-19
     beta                      =       0.7000
     number of iterations used =            4
     Exchange-correlation= PBESOL
                           (   1   4  10   8   0   0   0)


     celldm(1)=    7.25949  celldm(2)=    0.00000  celldm(3)=    0.00000
     celldm(4)=    0.00000  celldm(5)=    0.00000  celldm(6)=    0.00000

     crystal axes: (cart. coord. in units of alat)
               a(1) = (  0.7071  0.7071  0.0000 )  
               a(2) = (  0.7071  0.0000  0.7071 )  
               a(3) = (  0.0000  0.7071  0.7071 )  

     reciprocal axes: (cart. coord. in units 2 pi/alat)
               b(1) = (  0.7071  0.7071 -0.7071 )  
               b(2) = (  0.7071 -0.7071  0.7071 )  
               b(3) = ( -0.7071  0.7071  0.7071 )  


     Atoms inside the unit cell: 

     Cartesian axes

     site n.  atom      mass           positions (alat units)
        1     Si  28.0855   tau(    1) = (    0.00000    0.00000    0.00000  )
        2     Si  28.0855   tau(    2) = (    0.35355    0.35355    0.35355  )

     Computing dynamical matrix for 
                    q = (   0.0000000   0.0000000   0.3535534 )

      8 Sym.Ops. (no q -> -q+G )


     G cutoff =  320.3787  (   1057 G-vectors)     FFT grid: ( 36, 36, 36)
     G cutoff =  160.1893  (    374 G-vectors)  smooth grid: ( 32, 32, 32)
     number of k points=   896

     PseudoPot. # 1 for Si read from file:
     ../pseudo/Si.pbesol-n-rrkjus_psl.1.0.0.UPF
     MD5 check sum: c4212819de858c94c3a1644338846ac9
     Pseudo is Ultrasoft + core correction, Zval =  4.0
     Generated using "atomic" code by A. Dal Corso  v.6.0 svn rev. 13079
     Using radial grid of 1141 points,  6 beta functions with: 
                l(1) =   0
                l(2) =   0
                l(3) =   1
                l(4) =   1
                l(5) =   2
                l(6) =   2
     Q(r) pseudized with 0 coefficients 


     Mode symmetry, C_4v (4mm)  point group:


     Atomic displacements:
     There are    4 irreducible representations

     Representation     1      1 modes -  To be done

     Representation     2      1 modes -  To be done

     Representation     3      2 modes -  To be done

     Representation     4      2 modes -  To be done



     Alpha used in Ewald sum =   2.5000
     PHONON       :  54m 0.47s CPU  55m29.43s WALL



     Representation #   1 mode #   1

     Self-consistent Calculation

      iter #   1 total cpu time :  3330.5 secs   av.it.:   6.3
      thresh= 1.000E-02 alpha_mix =  0.700 |ddv_scf|^2 =  3.058E-04

      iter #   2 total cpu time :  3332.5 secs   av.it.:   9.0
      thresh= 1.749E-03 alpha_mix =  0.700 |ddv_scf|^2 =  4.233E-03

      iter #   3 total cpu time :  3334.1 secs   av.it.:   7.5
      thresh= 6.506E-03 alpha_mix =  0.700 |ddv_scf|^2 =  8.055E-09

      iter #   4 total cpu time :  3335.9 secs   av.it.:   9.4
      thresh= 8.975E-06 alpha_mix =  0.700 |ddv_scf|^2 =  1.393E-09

      iter #   5 total cpu time :  3337.4 secs   av.it.:   9.1
      thresh= 3.732E-06 alpha_mix =  0.700 |ddv_scf|^2 =  5.620E-11

      iter #   6 total cpu time :  3339.1 secs   av.it.:   9.4
      thresh= 7.497E-07 alpha_mix =  0.700 |ddv_scf|^2 =  8.698E-14

      iter #   7 total cpu time :  3341.1 secs   av.it.:   9.8
      thresh= 2.949E-08 alpha_mix =  0.700 |ddv_scf|^2 =  1.048E-14

      iter #   8 total cpu time :  3343.2 secs   av.it.:   8.3
      thresh= 1.024E-08 alpha_mix =  0.700 |ddv_scf|^2 =  1.532E-16

      iter #   9 total cpu time :  3344.6 secs   av.it.:   8.7
      thresh= 1.238E-09 alpha_mix =  0.700 |ddv_scf|^2 =  1.612E-18

      iter #  10 total cpu time :  3346.6 secs   av.it.:   9.0
      thresh= 1.270E-10 alpha_mix =  0.700 |ddv_scf|^2 =  1.941E-19

      iter #  11 total cpu time :  3348.6 secs   av.it.:   8.0
      thresh= 4.406E-11 alpha_mix =  0.700 |ddv_scf|^2 =  9.064E-22

     End of self-consistent calculation

     Convergence has been achieved 


     Representation #   2 mode #   2

     Self-consistent Calculation

      iter #   1 total cpu time :  3349.7 secs   av.it.:   5.3
      thresh= 1.000E-02 alpha_mix =  0.700 |ddv_scf|^2 =  4.956E-07

      iter #   2 total cpu time :  3351.4 secs   av.it.:   9.9
      thresh= 7.040E-05 alpha_mix =  0.700 |ddv_scf|^2 =  1.272E-07

      iter #   3 total cpu time :  3353.0 secs   av.it.:   9.6
      thresh= 3.566E-05 alpha_mix =  0.700 |ddv_scf|^2 =  2.876E-09

      iter #   4 total cpu time :  3355.0 secs   av.it.:   9.6
      thresh= 5.363E-06 alpha_mix =  0.700 |ddv_scf|^2 =  4.814E-11

      iter #   5 total cpu time :  3356.8 secs   av.it.:   9.9
      thresh= 6.938E-07 alpha_mix =  0.700 |ddv_scf|^2 =  2.070E-13

      iter #   6 total cpu time :  3358.3 secs   av.it.:   9.9
      thresh= 4.550E-08 alpha_mix =  0.700 |ddv_scf|^2 =  4.511E-15

      iter #   7 total cpu time :  3360.7 secs   av.it.:   9.4
      thresh= 6.717E-09 alpha_mix =  0.700 |ddv_scf|^2 =  7.690E-17

      iter #   8 total cpu time :  3362.7 secs   av.it.:   9.6
      thresh= 8.769E-10 alpha_mix =  0.700 |ddv_scf|^2 =  2.619E-18

      iter #   9 total cpu time :  3364.7 secs   av.it.:   9.8
      thresh= 1.618E-10 alpha_mix =  0.700 |ddv_scf|^2 =  5.126E-20

     End of self-consistent calculation

     Convergence has been achieved 


     Representation #   3 modes #   3   4

     Self-consistent Calculation

      iter #   1 total cpu time :  3367.4 secs   av.it.:   5.6
      thresh= 1.000E-02 alpha_mix =  0.700 |ddv_scf|^2 =  7.492E-08

      iter #   2 total cpu time :  3371.5 secs   av.it.:  11.1
      thresh= 2.737E-05 alpha_mix =  0.700 |ddv_scf|^2 =  9.577E-09

      iter #   3 total cpu time :  3374.7 secs   av.it.:  10.8
      thresh= 9.786E-06 alpha_mix =  0.700 |ddv_scf|^2 =  4.412E-10

      iter #   4 total cpu time :  3378.9 secs   av.it.:  10.7
      thresh= 2.100E-06 alpha_mix =  0.700 |ddv_scf|^2 =  4.986E-13

      iter #   5 total cpu time :  3382.6 secs   av.it.:  11.1
      thresh= 7.061E-08 alpha_mix =  0.700 |ddv_scf|^2 =  9.082E-15

      iter #   6 total cpu time :  3386.5 secs   av.it.:  10.9
      thresh= 9.530E-09 alpha_mix =  0.700 |ddv_scf|^2 =  1.803E-16

      iter #   7 total cpu time :  3390.1 secs   av.it.:  10.8
      thresh= 1.343E-09 alpha_mix =  0.700 |ddv_scf|^2 =  8.360E-19

      iter #   8 total cpu time :  3393.7 secs   av.it.:  10.9
      thresh= 9.143E-11 alpha_mix =  0.700 |ddv_scf|^2 =  3.966E-20

     End of self-consistent calculation

     Convergence has been achieved 


     Representation #   4 modes #   5   6

     Self-consistent Calculation

      iter #   1 total cpu time :  3396.9 secs   av.it.:   5.8
      thresh= 1.000E-02 alpha_mix =  0.700 |ddv_scf|^2 =  1.014E-07

      iter #   2 total cpu time :  3400.6 secs   av.it.:  11.1
      thresh= 3.185E-05 alpha_mix =  0.700 |ddv_scf|^2 =  1.365E-08

      iter #   3 total cpu time :  3404.3 secs   av.it.:  10.9
      thresh= 1.168E-05 alpha_mix =  0.700 |ddv_scf|^2 =  4.575E-10

      iter #   4 total cpu time :  3408.6 secs   av.it.:  10.7
      thresh= 2.139E-06 alpha_mix =  0.700 |ddv_scf|^2 =  4.718E-13

      iter #   5 total cpu time :  3413.3 secs   av.it.:  11.1
      thresh= 6.868E-08 alpha_mix =  0.700 |ddv_scf|^2 =  1.050E-14

      iter #   6 total cpu time :  3418.0 secs   av.it.:  11.0
      thresh= 1.025E-08 alpha_mix =  0.700 |ddv_scf|^2 =  1.860E-16

      iter #   7 total cpu time :  3422.2 secs   av.it.:  10.9
      thresh= 1.364E-09 alpha_mix =  0.700 |ddv_scf|^2 =  8.556E-19

      iter #   8 total cpu time :  3427.2 secs   av.it.:  10.9
      thresh= 9.250E-11 alpha_mix =  0.700 |ddv_scf|^2 =  3.573E-20

     End of self-consistent calculation

     Convergence has been achieved 

     Number of q in the star =    6
     List of q in the star:
          1  -0.000000000   0.000000000   0.353553391
          2   0.000000000  -0.353553391  -0.000000000
          3   0.353553391   0.000000000  -0.000000000
          4   0.000000000  -0.000000000  -0.353553391
          5  -0.000000000   0.353553391   0.000000000
          6  -0.353553391  -0.000000000   0.000000000

     Diagonalizing the dynamical matrix

     q = (    0.000000000   0.000000000   0.353553391 ) 

 **************************************************************************
     freq (    1) =       3.613823 [THz] =     120.544172 [cm-1]
     freq (    2) =       3.613823 [THz] =     120.544172 [cm-1]
     freq (    3) =       7.105945 [THz] =     237.028816 [cm-1]
     freq (    4) =      14.094670 [THz] =     470.147594 [cm-1]
     freq (    5) =      14.094670 [THz] =     470.147594 [cm-1]
     freq (    6) =      14.624832 [THz] =     487.831886 [cm-1]
 **************************************************************************

     Mode symmetry, C_4v (4mm)  point group:

     freq (   1-   2) =        120.5  [cm-1]   --> E    G_5 D_5       
     freq (   3-   3) =        237.0  [cm-1]   --> A_1  G_1 D_1       
     freq (   4-   5) =        470.1  [cm-1]   --> E    G_5 D_5       
     freq (   6-   6) =        487.8  [cm-1]   --> B_2  G_4 D_2'      

     Calculation of q =   -0.0883883   0.0883883   0.4419417

     Parallelization info
     --------------------
     sticks:   dense  smooth     PW     G-vecs:    dense   smooth      PW
     Min          53      27     10                 1054      373      84
     Max          54      28     11                 1057      376      86
     Sum         859     433    163                16889     5985    1363

     Using Slab Decomposition


     Title: 
     default                                                                    


     bravais-lattice index     =            0
     lattice parameter (alat)  =       7.2595  a.u.
     unit-cell volume          =     270.5223 (a.u.)^3
     number of atoms/cell      =            2
     number of atomic types    =            1
     number of electrons       =         8.00
     number of Kohn-Sham states=            4
     kinetic-energy cutoff     =      30.0000  Ry
     charge density cutoff     =     240.0000  Ry
     Exchange-correlation= PBESOL
                           (   1   4  10   8   0   0   0)

     celldm(1)=   7.259489  celldm(2)=   0.000000  celldm(3)=   0.000000
     celldm(4)=   0.000000  celldm(5)=   0.000000  celldm(6)=   0.000000

     crystal axes: (cart. coord. in units of alat)
               a(1) = (   0.707107   0.707107   0.000000 )  
               a(2) = (   0.707107   0.000000   0.707107 )  
               a(3) = (   0.000000   0.707107   0.707107 )  

     reciprocal axes: (cart. coord. in units 2 pi/alat)
               b(1) = (  0.707107  0.707107 -0.707107 )  
               b(2) = (  0.707107 -0.707107  0.707107 )  
               b(3) = ( -0.707107  0.707107  0.707107 )  


     PseudoPot. # 1 for Si read from file:
     ../pseudo/Si.pbesol-n-rrkjus_psl.1.0.0.UPF
     MD5 check sum: c4212819de858c94c3a1644338846ac9
     Pseudo is Ultrasoft + core correction, Zval =  4.0
     Generated using "atomic" code by A. Dal Corso  v.6.0 svn rev. 13079
     Using radial grid of 1141 points,  6 beta functions with: 
                l(1) =   0
                l(2) =   0
                l(3) =   1
                l(4) =   1
                l(5) =   2
                l(6) =   2
     Q(r) pseudized with 0 coefficients 


     atomic species   valence    mass     pseudopotential
        Si             4.00    28.08550     Si( 1.00)

     48 Sym. Ops., with inversion, found



   Cartesian axes

     site n.     atom                  positions (alat units)
         1           Si  tau(   1) = (   0.0000000   0.0000000   0.0000000  )
         2           Si  tau(   2) = (   0.3535534   0.3535534   0.3535534  )

     number of k points=  2940

     Number of k-points >= 100: set verbosity='high' to print them.

     Dense  grid:    16889 G-vectors     FFT dimensions: (  36,  36,  36)

     Smooth grid:     5985 G-vectors     FFT dimensions: (  32,  32,  32)

     Estimated max dynamical RAM per process >       4.73 MB

     Estimated total dynamical RAM >      75.75 MB

     The potential is recalculated from file :
     tmp/_ph0/si.save/charge-density

     Starting wfcs are    8 atomic wfcs

     Band Structure Calculation
     Davidson diagonalization with overlap

     ethr =  1.25E-10,  avg # of iterations = 13.4

     total cpu time spent up to now is      146.2 secs

     End of band structure calculation

     Number of k-points >= 100: set verbosity='high' to print the bands.

     highest occupied level (ev):     6.1438

     Writing config to output data dir tmp/_ph0/si.save/

     default                                                                    

     bravais-lattice index     =            0
     lattice parameter (alat)  =       7.2595  a.u.
     unit-cell volume          =     270.5223 (a.u.)^3
     number of atoms/cell      =            2
     number of atomic types    =            1
     kinetic-energy cut-off    =      30.0000  Ry
     charge density cut-off    =     240.0000  Ry
     convergence threshold     =      1.6E-19
     beta                      =       0.7000
     number of iterations used =            4
     Exchange-correlation= PBESOL
                           (   1   4  10   8   0   0   0)


     celldm(1)=    7.25949  celldm(2)=    0.00000  celldm(3)=    0.00000
     celldm(4)=    0.00000  celldm(5)=    0.00000  celldm(6)=    0.00000

     crystal axes: (cart. coord. in units of alat)
               a(1) = (  0.7071  0.7071  0.0000 )  
               a(2) = (  0.7071  0.0000  0.7071 )  
               a(3) = (  0.0000  0.7071  0.7071 )  

     reciprocal axes: (cart. coord. in units 2 pi/alat)
               b(1) = (  0.7071  0.7071 -0.7071 )  
               b(2) = (  0.7071 -0.7071  0.7071 )  
               b(3) = ( -0.7071  0.7071  0.7071 )  


     Atoms inside the unit cell: 

     Cartesian axes

     site n.  atom      mass           positions (alat units)
        1     Si  28.0855   tau(    1) = (    0.00000    0.00000    0.00000  )
        2     Si  28.0855   tau(    2) = (    0.35355    0.35355    0.35355  )

     Computing dynamical matrix for 
                    q = (  -0.0883883   0.0883883   0.4419417 )

      2 Sym.Ops. (no q -> -q+G )


     G cutoff =  320.3787  (   1057 G-vectors)     FFT grid: ( 36, 36, 36)
     G cutoff =  160.1893  (    374 G-vectors)  smooth grid: ( 32, 32, 32)
     number of k points=  2940

     PseudoPot. # 1 for Si read from file:
     ../pseudo/Si.pbesol-n-rrkjus_psl.1.0.0.UPF
     MD5 check sum: c4212819de858c94c3a1644338846ac9
     Pseudo is Ultrasoft + core correction, Zval =  4.0
     Generated using "atomic" code by A. Dal Corso  v.6.0 svn rev. 13079
     Using radial grid of 1141 points,  6 beta functions with: 
                l(1) =   0
                l(2) =   0
                l(3) =   1
                l(4) =   1
                l(5) =   2
                l(6) =   2
     Q(r) pseudized with 0 coefficients 


     Mode symmetry, C_s (m)     point group:


     Atomic displacements:
     There are    6 irreducible representations

     Representation     1      1 modes -  To be done

     Representation     2      1 modes -  To be done

     Representation     3      1 modes -  To be done

     Representation     4      1 modes -  To be done

     Representation     5      1 modes -  To be done

     Representation     6      1 modes -  To be done



     Alpha used in Ewald sum =   2.5000
     PHONON       :  56m 9.49s CPU  57m28.85s WALL



     Representation #   1 mode #   1

     Self-consistent Calculation

      iter #   1 total cpu time :  3452.7 secs   av.it.:   6.3
      thresh= 1.000E-02 alpha_mix =  0.700 |ddv_scf|^2 =  3.480E-05

      iter #   2 total cpu time :  3458.5 secs   av.it.:   9.9
      thresh= 5.900E-04 alpha_mix =  0.700 |ddv_scf|^2 =  2.432E-04

      iter #   3 total cpu time :  3463.3 secs   av.it.:   8.4
      thresh= 1.560E-03 alpha_mix =  0.700 |ddv_scf|^2 =  8.284E-08

      iter #   4 total cpu time :  3470.4 secs   av.it.:  10.0
      thresh= 2.878E-05 alpha_mix =  0.700 |ddv_scf|^2 =  3.444E-09

      iter #   5 total cpu time :  3477.2 secs   av.it.:  10.0
      thresh= 5.869E-06 alpha_mix =  0.700 |ddv_scf|^2 =  1.578E-10

      iter #   6 total cpu time :  3484.5 secs   av.it.:  10.4
      thresh= 1.256E-06 alpha_mix =  0.700 |ddv_scf|^2 =  1.026E-11

      iter #   7 total cpu time :  3491.7 secs   av.it.:  10.1
      thresh= 3.203E-07 alpha_mix =  0.700 |ddv_scf|^2 =  3.657E-13

      iter #   8 total cpu time :  3498.2 secs   av.it.:  10.0
      thresh= 6.048E-08 alpha_mix =  0.700 |ddv_scf|^2 =  2.089E-12

      iter #   9 total cpu time :  3503.8 secs   av.it.:   8.5
      thresh= 1.445E-07 alpha_mix =  0.700 |ddv_scf|^2 =  3.090E-14

      iter #  10 total cpu time :  3509.3 secs   av.it.:   9.1
      thresh= 1.758E-08 alpha_mix =  0.700 |ddv_scf|^2 =  1.075E-14

      iter #  11 total cpu time :  3515.3 secs   av.it.:   9.2
      thresh= 1.037E-08 alpha_mix =  0.700 |ddv_scf|^2 =  1.083E-16

      iter #  12 total cpu time :  3521.2 secs   av.it.:  10.3
      thresh= 1.041E-09 alpha_mix =  0.700 |ddv_scf|^2 =  1.848E-17

      iter #  13 total cpu time :  3528.1 secs   av.it.:  10.0
      thresh= 4.299E-10 alpha_mix =  0.700 |ddv_scf|^2 =  9.004E-19

      iter #  14 total cpu time :  3534.4 secs   av.it.:  10.1
      thresh= 9.489E-11 alpha_mix =  0.700 |ddv_scf|^2 =  4.572E-19

      iter #  15 total cpu time :  3541.0 secs   av.it.:   9.3
      thresh= 6.762E-11 alpha_mix =  0.700 |ddv_scf|^2 =  2.833E-19

      iter #  16 total cpu time :  3546.2 secs   av.it.:   9.2
      thresh= 5.322E-11 alpha_mix =  0.700 |ddv_scf|^2 =  1.541E-19

     End of self-consistent calculation

     Convergence has been achieved 


     Representation #   2 mode #   2

     Self-consistent Calculation

      iter #   1 total cpu time :  3550.9 secs   av.it.:   6.2
      thresh= 1.000E-02 alpha_mix =  0.700 |ddv_scf|^2 =  3.128E-05

      iter #   2 total cpu time :  3558.0 secs   av.it.:   9.9
      thresh= 5.593E-04 alpha_mix =  0.700 |ddv_scf|^2 =  2.168E-04

      iter #   3 total cpu time :  3562.3 secs   av.it.:   8.4
      thresh= 1.472E-03 alpha_mix =  0.700 |ddv_scf|^2 =  7.293E-08

      iter #   4 total cpu time :  3568.2 secs   av.it.:  10.1
      thresh= 2.701E-05 alpha_mix =  0.700 |ddv_scf|^2 =  3.644E-09

      iter #   5 total cpu time :  3573.7 secs   av.it.:  10.0
      thresh= 6.036E-06 alpha_mix =  0.700 |ddv_scf|^2 =  1.365E-10

      iter #   6 total cpu time :  3578.7 secs   av.it.:  10.2
      thresh= 1.168E-06 alpha_mix =  0.700 |ddv_scf|^2 =  6.807E-12

      iter #   7 total cpu time :  3584.3 secs   av.it.:  10.1
      thresh= 2.609E-07 alpha_mix =  0.700 |ddv_scf|^2 =  2.696E-13

      iter #   8 total cpu time :  3589.5 secs   av.it.:  10.2
      thresh= 5.192E-08 alpha_mix =  0.700 |ddv_scf|^2 =  9.012E-13

      iter #   9 total cpu time :  3595.0 secs   av.it.:   8.6
      thresh= 9.493E-08 alpha_mix =  0.700 |ddv_scf|^2 =  1.769E-14

      iter #  10 total cpu time :  3601.5 secs   av.it.:   9.7
      thresh= 1.330E-08 alpha_mix =  0.700 |ddv_scf|^2 =  9.740E-15

      iter #  11 total cpu time :  3607.3 secs   av.it.:   9.2
      thresh= 9.869E-09 alpha_mix =  0.700 |ddv_scf|^2 =  2.874E-16

      iter #  12 total cpu time :  3614.2 secs   av.it.:   9.7
      thresh= 1.695E-09 alpha_mix =  0.700 |ddv_scf|^2 =  6.241E-18

      iter #  13 total cpu time :  3621.1 secs   av.it.:  10.3
      thresh= 2.498E-10 alpha_mix =  0.700 |ddv_scf|^2 =  1.334E-18

      iter #  14 total cpu time :  3627.7 secs   av.it.:  10.2
      thresh= 1.155E-10 alpha_mix =  0.700 |ddv_scf|^2 =  2.495E-19

      iter #  15 total cpu time :  3633.9 secs   av.it.:   9.6
      thresh= 4.995E-11 alpha_mix =  0.700 |ddv_scf|^2 =  2.496E-19

      iter #  16 total cpu time :  3639.5 secs   av.it.:   8.9
      thresh= 4.996E-11 alpha_mix =  0.700 |ddv_scf|^2 =  4.072E-20

     End of self-consistent calculation

     Convergence has been achieved 


     Representation #   3 mode #   3

     Self-consistent Calculation

      iter #   1 total cpu time :  3643.7 secs   av.it.:   6.0
      thresh= 1.000E-02 alpha_mix =  0.700 |ddv_scf|^2 =  1.456E-05

      iter #   2 total cpu time :  3648.9 secs   av.it.:   9.9
      thresh= 3.816E-04 alpha_mix =  0.700 |ddv_scf|^2 =  1.001E-04

      iter #   3 total cpu time :  3654.5 secs   av.it.:   8.4
      thresh= 1.001E-03 alpha_mix =  0.700 |ddv_scf|^2 =  5.996E-08

      iter #   4 total cpu time :  3660.5 secs   av.it.:  10.1
      thresh= 2.449E-05 alpha_mix =  0.700 |ddv_scf|^2 =  2.507E-09

      iter #   5 total cpu time :  3667.0 secs   av.it.:  10.1
      thresh= 5.007E-06 alpha_mix =  0.700 |ddv_scf|^2 =  2.712E-10

      iter #   6 total cpu time :  3673.6 secs   av.it.:  10.1
      thresh= 1.647E-06 alpha_mix =  0.700 |ddv_scf|^2 =  4.684E-12

      iter #   7 total cpu time :  3680.3 secs   av.it.:  10.2
      thresh= 2.164E-07 alpha_mix =  0.700 |ddv_scf|^2 =  1.033E-13

      iter #   8 total cpu time :  3686.6 secs   av.it.:  10.3
      thresh= 3.214E-08 alpha_mix =  0.700 |ddv_scf|^2 =  3.447E-13

      iter #   9 total cpu time :  3692.3 secs   av.it.:   8.6
      thresh= 5.871E-08 alpha_mix =  0.700 |ddv_scf|^2 =  1.049E-14

      iter #  10 total cpu time :  3698.4 secs   av.it.:   9.5
      thresh= 1.024E-08 alpha_mix =  0.700 |ddv_scf|^2 =  9.330E-16

      iter #  11 total cpu time :  3705.1 secs   av.it.:   9.5
      thresh= 3.055E-09 alpha_mix =  0.700 |ddv_scf|^2 =  1.508E-15

      iter #  12 total cpu time :  3711.2 secs   av.it.:   8.9
      thresh= 3.884E-09 alpha_mix =  0.700 |ddv_scf|^2 =  6.610E-18

      iter #  13 total cpu time :  3716.9 secs   av.it.:  10.1
      thresh= 2.571E-10 alpha_mix =  0.700 |ddv_scf|^2 =  7.852E-19

      iter #  14 total cpu time :  3723.6 secs   av.it.:  10.2
      thresh= 8.861E-11 alpha_mix =  0.700 |ddv_scf|^2 =  1.197E-19

     End of self-consistent calculation

     Convergence has been achieved 


     Representation #   4 mode #   4

     Self-consistent Calculation

      iter #   1 total cpu time :  3728.0 secs   av.it.:   6.0
      thresh= 1.000E-02 alpha_mix =  0.700 |ddv_scf|^2 =  1.104E-05

      iter #   2 total cpu time :  3734.6 secs   av.it.:   9.9
      thresh= 3.322E-04 alpha_mix =  0.700 |ddv_scf|^2 =  7.375E-05

      iter #   3 total cpu time :  3739.8 secs   av.it.:   8.4
      thresh= 8.588E-04 alpha_mix =  0.700 |ddv_scf|^2 =  5.691E-08

      iter #   4 total cpu time :  3745.5 secs   av.it.:  10.1
      thresh= 2.386E-05 alpha_mix =  0.700 |ddv_scf|^2 =  2.487E-09

      iter #   5 total cpu time :  3751.9 secs   av.it.:  10.2
      thresh= 4.987E-06 alpha_mix =  0.700 |ddv_scf|^2 =  2.507E-10

      iter #   6 total cpu time :  3758.2 secs   av.it.:  10.2
      thresh= 1.583E-06 alpha_mix =  0.700 |ddv_scf|^2 =  7.163E-12

      iter #   7 total cpu time :  3764.3 secs   av.it.:  10.2
      thresh= 2.676E-07 alpha_mix =  0.700 |ddv_scf|^2 =  1.327E-13

      iter #   8 total cpu time :  3770.7 secs   av.it.:  10.5
      thresh= 3.643E-08 alpha_mix =  0.700 |ddv_scf|^2 =  2.062E-13

      iter #   9 total cpu time :  3776.8 secs   av.it.:   8.8
      thresh= 4.541E-08 alpha_mix =  0.700 |ddv_scf|^2 =  3.708E-14

      iter #  10 total cpu time :  3782.2 secs   av.it.:   9.2
      thresh= 1.926E-08 alpha_mix =  0.700 |ddv_scf|^2 =  7.649E-16

      iter #  11 total cpu time :  3788.3 secs   av.it.:  10.0
      thresh= 2.766E-09 alpha_mix =  0.700 |ddv_scf|^2 =  4.388E-16

      iter #  12 total cpu time :  3793.7 secs   av.it.:   9.3
      thresh= 2.095E-09 alpha_mix =  0.700 |ddv_scf|^2 =  6.993E-17

      iter #  13 total cpu time :  3799.5 secs   av.it.:   9.5
      thresh= 8.362E-10 alpha_mix =  0.700 |ddv_scf|^2 =  1.976E-18

      iter #  14 total cpu time :  3805.4 secs   av.it.:  10.1
      thresh= 1.406E-10 alpha_mix =  0.700 |ddv_scf|^2 =  7.820E-20

     End of self-consistent calculation

     Convergence has been achieved 


     Representation #   5 mode #   5

     Self-consistent Calculation

      iter #   1 total cpu time :  3810.0 secs   av.it.:   5.6
      thresh= 1.000E-02 alpha_mix =  0.700 |ddv_scf|^2 =  4.217E-07

      iter #   2 total cpu time :  3816.6 secs   av.it.:  10.2
      thresh= 6.494E-05 alpha_mix =  0.700 |ddv_scf|^2 =  6.662E-08

      iter #   3 total cpu time :  3821.8 secs   av.it.:   9.9
      thresh= 2.581E-05 alpha_mix =  0.700 |ddv_scf|^2 =  1.969E-09

      iter #   4 total cpu time :  3827.5 secs   av.it.:   9.8
      thresh= 4.437E-06 alpha_mix =  0.700 |ddv_scf|^2 =  1.931E-12

      iter #   5 total cpu time :  3832.9 secs   av.it.:  10.3
      thresh= 1.390E-07 alpha_mix =  0.700 |ddv_scf|^2 =  3.135E-14

      iter #   6 total cpu time :  3838.2 secs   av.it.:  10.0
      thresh= 1.771E-08 alpha_mix =  0.700 |ddv_scf|^2 =  5.699E-16

      iter #   7 total cpu time :  3843.6 secs   av.it.:   9.9
      thresh= 2.387E-09 alpha_mix =  0.700 |ddv_scf|^2 =  5.715E-18

      iter #   8 total cpu time :  3849.1 secs   av.it.:  10.2
      thresh= 2.391E-10 alpha_mix =  0.700 |ddv_scf|^2 =  1.928E-19

      iter #   9 total cpu time :  3856.1 secs   av.it.:  10.2
      thresh= 4.390E-11 alpha_mix =  0.700 |ddv_scf|^2 =  5.920E-21

     End of self-consistent calculation

     Convergence has been achieved 


     Representation #   6 mode #   6

     Self-consistent Calculation

      iter #   1 total cpu time :  3861.1 secs   av.it.:   5.6
      thresh= 1.000E-02 alpha_mix =  0.700 |ddv_scf|^2 =  4.217E-07

      iter #   2 total cpu time :  3867.8 secs   av.it.:  10.2
      thresh= 6.494E-05 alpha_mix =  0.700 |ddv_scf|^2 =  6.662E-08

      iter #   3 total cpu time :  3874.9 secs   av.it.:   9.9
      thresh= 2.581E-05 alpha_mix =  0.700 |ddv_scf|^2 =  1.969E-09

      iter #   4 total cpu time :  3882.0 secs   av.it.:   9.8
      thresh= 4.437E-06 alpha_mix =  0.700 |ddv_scf|^2 =  1.931E-12

      iter #   5 total cpu time :  3888.2 secs   av.it.:  10.3
      thresh= 1.389E-07 alpha_mix =  0.700 |ddv_scf|^2 =  3.135E-14

      iter #   6 total cpu time :  3895.1 secs   av.it.:  10.0
      thresh= 1.771E-08 alpha_mix =  0.700 |ddv_scf|^2 =  5.701E-16

      iter #   7 total cpu time :  3901.1 secs   av.it.:   9.9
      thresh= 2.388E-09 alpha_mix =  0.700 |ddv_scf|^2 =  5.716E-18

      iter #   8 total cpu time :  3906.7 secs   av.it.:  10.2
      thresh= 2.391E-10 alpha_mix =  0.700 |ddv_scf|^2 =  1.924E-19

      iter #   9 total cpu time :  3913.3 secs   av.it.:  10.2
      thresh= 4.386E-11 alpha_mix =  0.700 |ddv_scf|^2 =  5.838E-21

     End of self-consistent calculation

     Convergence has been achieved 

     Number of q in the star =   24
     List of q in the star:
          1  -0.088388348   0.088388348   0.441941738
          2  -0.088388348  -0.088388348   0.441941738
          3   0.088388348  -0.088388348   0.441941738
          4   0.088388348   0.088388348   0.441941738
          5   0.088388348  -0.441941738  -0.088388348
          6   0.441941738  -0.088388348  -0.088388348
          7  -0.088388348  -0.088388348  -0.441941738
          8   0.088388348   0.088388348  -0.441941738
          9  -0.088388348   0.441941738   0.088388348
         10   0.088388348   0.441941738  -0.088388348
         11  -0.441941738   0.088388348   0.088388348
         12   0.088388348  -0.441941738   0.088388348
         13  -0.088388348  -0.441941738  -0.088388348
         14   0.441941738  -0.088388348   0.088388348
         15   0.441941738   0.088388348  -0.088388348
         16  -0.441941738  -0.088388348  -0.088388348
         17  -0.088388348   0.088388348  -0.441941738
         18   0.088388348   0.441941738   0.088388348
         19  -0.441941738  -0.088388348   0.088388348
         20  -0.088388348   0.441941738  -0.088388348
         21   0.088388348  -0.088388348  -0.441941738
         22  -0.088388348  -0.441941738   0.088388348
         23   0.441941738   0.088388348   0.088388348
         24  -0.441941738   0.088388348  -0.088388348

     Diagonalizing the dynamical matrix

     q = (   -0.088388348   0.088388348   0.441941738 ) 

 **************************************************************************
     freq (    1) =       3.852481 [THz] =     128.504933 [cm-1]
     freq (    2) =       4.646912 [THz] =     155.004315 [cm-1]
     freq (    3) =       8.416855 [THz] =     280.756072 [cm-1]
     freq (    4) =      13.497630 [THz] =     450.232489 [cm-1]
     freq (    5) =      13.935140 [THz] =     464.826235 [cm-1]
     freq (    6) =      14.258666 [THz] =     475.617912 [cm-1]
 **************************************************************************

     Mode symmetry, C_s (m)     point group:

     freq (   1-   1) =        128.5  [cm-1]   --> A''                
     freq (   2-   2) =        155.0  [cm-1]   --> A'                 
     freq (   3-   3) =        280.8  [cm-1]   --> A'                 
     freq (   4-   4) =        450.2  [cm-1]   --> A'                 
     freq (   5-   5) =        464.8  [cm-1]   --> A''                
     freq (   6-   6) =        475.6  [cm-1]   --> A'                 

     Calculation of q =    0.5303301  -0.5303301  -0.1767767

     Parallelization info
     --------------------
     sticks:   dense  smooth     PW     G-vecs:    dense   smooth      PW
     Min          53      27     10                 1054      373      91
     Max          54      28     11                 1057      376      94
     Sum         859     433    169                16889     5985    1471

     Using Slab Decomposition


     Title: 
     default                                                                    


     bravais-lattice index     =            0
     lattice parameter (alat)  =       7.2595  a.u.
     unit-cell volume          =     270.5223 (a.u.)^3
     number of atoms/cell      =            2
     number of atomic types    =            1
     number of electrons       =         8.00
     number of Kohn-Sham states=            4
     kinetic-energy cutoff     =      30.0000  Ry
     charge density cutoff     =     240.0000  Ry
     Exchange-correlation= PBESOL
                           (   1   4  10   8   0   0   0)

     celldm(1)=   7.259489  celldm(2)=   0.000000  celldm(3)=   0.000000
     celldm(4)=   0.000000  celldm(5)=   0.000000  celldm(6)=   0.000000

     crystal axes: (cart. coord. in units of alat)
               a(1) = (   0.707107   0.707107   0.000000 )  
               a(2) = (   0.707107   0.000000   0.707107 )  
               a(3) = (   0.000000   0.707107   0.707107 )  

     reciprocal axes: (cart. coord. in units 2 pi/alat)
               b(1) = (  0.707107  0.707107 -0.707107 )  
               b(2) = (  0.707107 -0.707107  0.707107 )  
               b(3) = ( -0.707107  0.707107  0.707107 )  


     PseudoPot. # 1 for Si read from file:
     ../pseudo/Si.pbesol-n-rrkjus_psl.1.0.0.UPF
     MD5 check sum: c4212819de858c94c3a1644338846ac9
     Pseudo is Ultrasoft + core correction, Zval =  4.0
     Generated using "atomic" code by A. Dal Corso  v.6.0 svn rev. 13079
     Using radial grid of 1141 points,  6 beta functions with: 
                l(1) =   0
                l(2) =   0
                l(3) =   1
                l(4) =   1
                l(5) =   2
                l(6) =   2
     Q(r) pseudized with 0 coefficients 


     atomic species   valence    mass     pseudopotential
        Si             4.00    28.08550     Si( 1.00)

     48 Sym. Ops., with inversion, found



   Cartesian axes

     site n.     atom                  positions (alat units)
         1           Si  tau(   1) = (   0.0000000   0.0000000   0.0000000  )
         2           Si  tau(   2) = (   0.3535534   0.3535534   0.3535534  )

     number of k points=  2940

     Number of k-points >= 100: set verbosity='high' to print them.

     Dense  grid:    16889 G-vectors     FFT dimensions: (  36,  36,  36)

     Smooth grid:     5985 G-vectors     FFT dimensions: (  32,  32,  32)

     Estimated max dynamical RAM per process >       4.76 MB

     Estimated total dynamical RAM >      76.10 MB

     The potential is recalculated from file :
     tmp/_ph0/si.save/charge-density

     Starting wfcs are    8 atomic wfcs

     Band Structure Calculation
     Davidson diagonalization with overlap

     ethr =  1.25E-10,  avg # of iterations = 13.4

     total cpu time spent up to now is      163.6 secs

     End of band structure calculation

     Number of k-points >= 100: set verbosity='high' to print the bands.

     highest occupied level (ev):     6.1438

     Writing config to output data dir tmp/_ph0/si.save/

     default                                                                    

     bravais-lattice index     =            0
     lattice parameter (alat)  =       7.2595  a.u.
     unit-cell volume          =     270.5223 (a.u.)^3
     number of atoms/cell      =            2
     number of atomic types    =            1
     kinetic-energy cut-off    =      30.0000  Ry
     charge density cut-off    =     240.0000  Ry
     convergence threshold     =      1.6E-19
     beta                      =       0.7000
     number of iterations used =            4
     Exchange-correlation= PBESOL
                           (   1   4  10   8   0   0   0)


     celldm(1)=    7.25949  celldm(2)=    0.00000  celldm(3)=    0.00000
     celldm(4)=    0.00000  celldm(5)=    0.00000  celldm(6)=    0.00000

     crystal axes: (cart. coord. in units of alat)
               a(1) = (  0.7071  0.7071  0.0000 )  
               a(2) = (  0.7071  0.0000  0.7071 )  
               a(3) = (  0.0000  0.7071  0.7071 )  

     reciprocal axes: (cart. coord. in units 2 pi/alat)
               b(1) = (  0.7071  0.7071 -0.7071 )  
               b(2) = (  0.7071 -0.7071  0.7071 )  
               b(3) = ( -0.7071  0.7071  0.7071 )  


     Atoms inside the unit cell: 

     Cartesian axes

     site n.  atom      mass           positions (alat units)
        1     Si  28.0855   tau(    1) = (    0.00000    0.00000    0.00000  )
        2     Si  28.0855   tau(    2) = (    0.35355    0.35355    0.35355  )

     Computing dynamical matrix for 
                    q = (   0.5303301  -0.5303301  -0.1767767 )

      2 Sym.Ops. (no q -> -q+G )


     G cutoff =  320.3787  (   1057 G-vectors)     FFT grid: ( 36, 36, 36)
     G cutoff =  160.1893  (    374 G-vectors)  smooth grid: ( 32, 32, 32)
     number of k points=  2940

     PseudoPot. # 1 for Si read from file:
     ../pseudo/Si.pbesol-n-rrkjus_psl.1.0.0.UPF
     MD5 check sum: c4212819de858c94c3a1644338846ac9
     Pseudo is Ultrasoft + core correction, Zval =  4.0
     Generated using "atomic" code by A. Dal Corso  v.6.0 svn rev. 13079
     Using radial grid of 1141 points,  6 beta functions with: 
                l(1) =   0
                l(2) =   0
                l(3) =   1
                l(4) =   1
                l(5) =   2
                l(6) =   2
     Q(r) pseudized with 0 coefficients 


     Mode symmetry, C_s (m)     point group:


     Atomic displacements:
     There are    6 irreducible representations

     Representation     1      1 modes -  To be done

     Representation     2      1 modes -  To be done

     Representation     3      1 modes -  To be done

     Representation     4      1 modes -  To be done

     Representation     5      1 modes -  To be done

     Representation     6      1 modes -  To be done



     Alpha used in Ewald sum =   2.5000
     PHONON       :      1h 4m CPU      1h 5m WALL



     Representation #   1 mode #   1

     Self-consistent Calculation

      iter #   1 total cpu time :  3939.4 secs   av.it.:   6.2
      thresh= 1.000E-02 alpha_mix =  0.700 |ddv_scf|^2 =  1.237E-05

      iter #   2 total cpu time :  3944.6 secs   av.it.:  10.2
      thresh= 3.517E-04 alpha_mix =  0.700 |ddv_scf|^2 =  3.632E-05

      iter #   3 total cpu time :  3951.0 secs   av.it.:   9.1
      thresh= 6.027E-04 alpha_mix =  0.700 |ddv_scf|^2 =  1.430E-07

      iter #   4 total cpu time :  3956.5 secs   av.it.:   9.7
      thresh= 3.782E-05 alpha_mix =  0.700 |ddv_scf|^2 =  3.820E-09

      iter #   5 total cpu time :  3963.0 secs   av.it.:  10.0
      thresh= 6.181E-06 alpha_mix =  0.700 |ddv_scf|^2 =  2.797E-10

      iter #   6 total cpu time :  3969.6 secs   av.it.:  10.2
      thresh= 1.672E-06 alpha_mix =  0.700 |ddv_scf|^2 =  5.515E-12

      iter #   7 total cpu time :  3976.3 secs   av.it.:  10.2
      thresh= 2.348E-07 alpha_mix =  0.700 |ddv_scf|^2 =  9.034E-14

      iter #   8 total cpu time :  3983.2 secs   av.it.:  10.5
      thresh= 3.006E-08 alpha_mix =  0.700 |ddv_scf|^2 =  3.318E-14

      iter #   9 total cpu time :  3989.1 secs   av.it.:   9.9
      thresh= 1.822E-08 alpha_mix =  0.700 |ddv_scf|^2 =  2.050E-14

      iter #  10 total cpu time :  3994.2 secs   av.it.:   9.3
      thresh= 1.432E-08 alpha_mix =  0.700 |ddv_scf|^2 =  5.753E-16

      iter #  11 total cpu time :  4000.2 secs   av.it.:  10.1
      thresh= 2.398E-09 alpha_mix =  0.700 |ddv_scf|^2 =  4.709E-16

      iter #  12 total cpu time :  4006.9 secs   av.it.:   9.5
      thresh= 2.170E-09 alpha_mix =  0.700 |ddv_scf|^2 =  2.435E-17

      iter #  13 total cpu time :  4012.1 secs   av.it.:  10.0
      thresh= 4.935E-10 alpha_mix =  0.700 |ddv_scf|^2 =  4.291E-18

      iter #  14 total cpu time :  4017.9 secs   av.it.:   9.8
      thresh= 2.072E-10 alpha_mix =  0.700 |ddv_scf|^2 =  2.176E-19

      iter #  15 total cpu time :  4024.2 secs   av.it.:  10.2
      thresh= 4.665E-11 alpha_mix =  0.700 |ddv_scf|^2 =  3.008E-20

     End of self-consistent calculation

     Convergence has been achieved 


     Representation #   2 mode #   2

     Self-consistent Calculation

      iter #   1 total cpu time :  4028.3 secs   av.it.:   6.1
      thresh= 1.000E-02 alpha_mix =  0.700 |ddv_scf|^2 =  8.383E-06

      iter #   2 total cpu time :  4034.1 secs   av.it.:  10.2
      thresh= 2.895E-04 alpha_mix =  0.700 |ddv_scf|^2 =  2.447E-05

      iter #   3 total cpu time :  4039.9 secs   av.it.:   9.1
      thresh= 4.947E-04 alpha_mix =  0.700 |ddv_scf|^2 =  9.143E-08

      iter #   4 total cpu time :  4046.6 secs   av.it.:   9.9
      thresh= 3.024E-05 alpha_mix =  0.700 |ddv_scf|^2 =  4.556E-09

      iter #   5 total cpu time :  4052.8 secs   av.it.:  10.0
      thresh= 6.750E-06 alpha_mix =  0.700 |ddv_scf|^2 =  6.177E-10

      iter #   6 total cpu time :  4059.8 secs   av.it.:  10.0
      thresh= 2.485E-06 alpha_mix =  0.700 |ddv_scf|^2 =  7.565E-12

      iter #   7 total cpu time :  4066.6 secs   av.it.:  10.3
      thresh= 2.751E-07 alpha_mix =  0.700 |ddv_scf|^2 =  1.857E-13

      iter #   8 total cpu time :  4073.5 secs   av.it.:  10.4
      thresh= 4.310E-08 alpha_mix =  0.700 |ddv_scf|^2 =  2.779E-14

      iter #   9 total cpu time :  4080.5 secs   av.it.:  10.0
      thresh= 1.667E-08 alpha_mix =  0.700 |ddv_scf|^2 =  2.012E-14

      iter #  10 total cpu time :  4086.6 secs   av.it.:   9.5
      thresh= 1.419E-08 alpha_mix =  0.700 |ddv_scf|^2 =  1.992E-15

      iter #  11 total cpu time :  4092.2 secs   av.it.:   9.8
      thresh= 4.464E-09 alpha_mix =  0.700 |ddv_scf|^2 =  4.635E-16

      iter #  12 total cpu time :  4098.3 secs   av.it.:   9.7
      thresh= 2.153E-09 alpha_mix =  0.700 |ddv_scf|^2 =  3.405E-17

      iter #  13 total cpu time :  4105.1 secs   av.it.:  10.1
      thresh= 5.835E-10 alpha_mix =  0.700 |ddv_scf|^2 =  1.322E-18

      iter #  14 total cpu time :  4111.8 secs   av.it.:  10.3
      thresh= 1.150E-10 alpha_mix =  0.700 |ddv_scf|^2 =  7.739E-20

     End of self-consistent calculation

     Convergence has been achieved 


     Representation #   3 mode #   3

     Self-consistent Calculation

      iter #   1 total cpu time :  4116.9 secs   av.it.:   6.1
      thresh= 1.000E-02 alpha_mix =  0.700 |ddv_scf|^2 =  6.350E-06

      iter #   2 total cpu time :  4123.1 secs   av.it.:  10.2
      thresh= 2.520E-04 alpha_mix =  0.700 |ddv_scf|^2 =  1.636E-05

      iter #   3 total cpu time :  4129.3 secs   av.it.:   9.1
      thresh= 4.045E-04 alpha_mix =  0.700 |ddv_scf|^2 =  1.679E-07

      iter #   4 total cpu time :  4134.8 secs   av.it.:   9.6
      thresh= 4.098E-05 alpha_mix =  0.700 |ddv_scf|^2 =  4.448E-09

      iter #   5 total cpu time :  4140.9 secs   av.it.:  10.1
      thresh= 6.669E-06 alpha_mix =  0.700 |ddv_scf|^2 =  8.517E-10

      iter #   6 total cpu time :  4147.4 secs   av.it.:   9.9
      thresh= 2.918E-06 alpha_mix =  0.700 |ddv_scf|^2 =  2.445E-12

      iter #   7 total cpu time :  4154.0 secs   av.it.:  10.4
      thresh= 1.564E-07 alpha_mix =  0.700 |ddv_scf|^2 =  1.247E-13

      iter #   8 total cpu time :  4160.8 secs   av.it.:  10.4
      thresh= 3.531E-08 alpha_mix =  0.700 |ddv_scf|^2 =  6.598E-14

      iter #   9 total cpu time :  4166.5 secs   av.it.:   9.7
      thresh= 2.569E-08 alpha_mix =  0.700 |ddv_scf|^2 =  1.509E-14

      iter #  10 total cpu time :  4172.4 secs   av.it.:   9.5
      thresh= 1.229E-08 alpha_mix =  0.700 |ddv_scf|^2 =  4.573E-16

      iter #  11 total cpu time :  4179.1 secs   av.it.:  10.1
      thresh= 2.139E-09 alpha_mix =  0.700 |ddv_scf|^2 =  2.019E-16

      iter #  12 total cpu time :  4184.8 secs   av.it.:   9.8
      thresh= 1.421E-09 alpha_mix =  0.700 |ddv_scf|^2 =  2.755E-17

      iter #  13 total cpu time :  4190.4 secs   av.it.:   9.8
      thresh= 5.249E-10 alpha_mix =  0.700 |ddv_scf|^2 =  4.074E-18

      iter #  14 total cpu time :  4195.7 secs   av.it.:   9.7
      thresh= 2.018E-10 alpha_mix =  0.700 |ddv_scf|^2 =  5.060E-19

      iter #  15 total cpu time :  4202.5 secs   av.it.:   9.9
      thresh= 7.113E-11 alpha_mix =  0.700 |ddv_scf|^2 =  1.274E-20

     End of self-consistent calculation

     Convergence has been achieved 


     Representation #   4 mode #   4

     Self-consistent Calculation

      iter #   1 total cpu time :  4207.7 secs   av.it.:   5.9
      thresh= 1.000E-02 alpha_mix =  0.700 |ddv_scf|^2 =  2.364E-06

      iter #   2 total cpu time :  4213.8 secs   av.it.:  10.4
      thresh= 1.538E-04 alpha_mix =  0.700 |ddv_scf|^2 =  4.524E-06

      iter #   3 total cpu time :  4219.5 secs   av.it.:   9.3
      thresh= 2.127E-04 alpha_mix =  0.700 |ddv_scf|^2 =  1.325E-07

      iter #   4 total cpu time :  4224.8 secs   av.it.:   9.7
      thresh= 3.640E-05 alpha_mix =  0.700 |ddv_scf|^2 =  4.431E-09

      iter #   5 total cpu time :  4231.7 secs   av.it.:  10.1
      thresh= 6.657E-06 alpha_mix =  0.700 |ddv_scf|^2 =  1.038E-09

      iter #   6 total cpu time :  4236.6 secs   av.it.:   9.9
      thresh= 3.221E-06 alpha_mix =  0.700 |ddv_scf|^2 =  6.552E-12

      iter #   7 total cpu time :  4243.5 secs   av.it.:  10.3
      thresh= 2.560E-07 alpha_mix =  0.700 |ddv_scf|^2 =  1.884E-13

      iter #   8 total cpu time :  4250.1 secs   av.it.:  10.4
      thresh= 4.341E-08 alpha_mix =  0.700 |ddv_scf|^2 =  1.697E-14

      iter #   9 total cpu time :  4256.3 secs   av.it.:  10.2
      thresh= 1.303E-08 alpha_mix =  0.700 |ddv_scf|^2 =  1.184E-14

      iter #  10 total cpu time :  4261.6 secs   av.it.:   9.5
      thresh= 1.088E-08 alpha_mix =  0.700 |ddv_scf|^2 =  9.071E-16

      iter #  11 total cpu time :  4267.1 secs   av.it.:   9.8
      thresh= 3.012E-09 alpha_mix =  0.700 |ddv_scf|^2 =  2.991E-16

      iter #  12 total cpu time :  4271.6 secs   av.it.:   9.6
      thresh= 1.729E-09 alpha_mix =  0.700 |ddv_scf|^2 =  3.152E-17

      iter #  13 total cpu time :  4276.6 secs   av.it.:   9.8
      thresh= 5.614E-10 alpha_mix =  0.700 |ddv_scf|^2 =  7.756E-19

      iter #  14 total cpu time :  4280.9 secs   av.it.:  10.0
      thresh= 8.807E-11 alpha_mix =  0.700 |ddv_scf|^2 =  4.886E-20

     End of self-consistent calculation

     Convergence has been achieved 


     Representation #   5 mode #   5

     Self-consistent Calculation

      iter #   1 total cpu time :  4284.4 secs   av.it.:   5.6
      thresh= 1.000E-02 alpha_mix =  0.700 |ddv_scf|^2 =  4.148E-07

      iter #   2 total cpu time :  4288.9 secs   av.it.:  10.2
      thresh= 6.441E-05 alpha_mix =  0.700 |ddv_scf|^2 =  6.505E-08

      iter #   3 total cpu time :  4293.4 secs   av.it.:   9.9
      thresh= 2.550E-05 alpha_mix =  0.700 |ddv_scf|^2 =  1.962E-09

      iter #   4 total cpu time :  4297.7 secs   av.it.:   9.8
      thresh= 4.429E-06 alpha_mix =  0.700 |ddv_scf|^2 =  1.784E-12

      iter #   5 total cpu time :  4302.1 secs   av.it.:  10.3
      thresh= 1.336E-07 alpha_mix =  0.700 |ddv_scf|^2 =  3.400E-14

      iter #   6 total cpu time :  4306.2 secs   av.it.:  10.0
      thresh= 1.844E-08 alpha_mix =  0.700 |ddv_scf|^2 =  5.169E-16

      iter #   7 total cpu time :  4310.1 secs   av.it.:   9.8
      thresh= 2.274E-09 alpha_mix =  0.700 |ddv_scf|^2 =  7.349E-18

      iter #   8 total cpu time :  4314.5 secs   av.it.:  10.2
      thresh= 2.711E-10 alpha_mix =  0.700 |ddv_scf|^2 =  1.861E-19

      iter #   9 total cpu time :  4319.3 secs   av.it.:  10.2
      thresh= 4.314E-11 alpha_mix =  0.700 |ddv_scf|^2 =  6.545E-21

     End of self-consistent calculation

     Convergence has been achieved 


     Representation #   6 mode #   6

     Self-consistent Calculation

      iter #   1 total cpu time :  4322.8 secs   av.it.:   5.6
      thresh= 1.000E-02 alpha_mix =  0.700 |ddv_scf|^2 =  4.148E-07

      iter #   2 total cpu time :  4328.0 secs   av.it.:  10.2
      thresh= 6.441E-05 alpha_mix =  0.700 |ddv_scf|^2 =  6.505E-08

      iter #   3 total cpu time :  4333.6 secs   av.it.:   9.9
      thresh= 2.550E-05 alpha_mix =  0.700 |ddv_scf|^2 =  1.962E-09

      iter #   4 total cpu time :  4338.4 secs   av.it.:   9.8
      thresh= 4.429E-06 alpha_mix =  0.700 |ddv_scf|^2 =  1.783E-12

      iter #   5 total cpu time :  4343.6 secs   av.it.:  10.3
      thresh= 1.335E-07 alpha_mix =  0.700 |ddv_scf|^2 =  3.399E-14

      iter #   6 total cpu time :  4349.1 secs   av.it.:  10.0
      thresh= 1.844E-08 alpha_mix =  0.700 |ddv_scf|^2 =  5.176E-16

      iter #   7 total cpu time :  4354.9 secs   av.it.:   9.8
      thresh= 2.275E-09 alpha_mix =  0.700 |ddv_scf|^2 =  7.353E-18

      iter #   8 total cpu time :  4361.5 secs   av.it.:  10.2
      thresh= 2.712E-10 alpha_mix =  0.700 |ddv_scf|^2 =  1.856E-19

      iter #   9 total cpu time :  4368.2 secs   av.it.:  10.1
      thresh= 4.309E-11 alpha_mix =  0.700 |ddv_scf|^2 =  6.536E-21

     End of self-consistent calculation

     Convergence has been achieved 

     Number of q in the star =   24
     List of q in the star:
          1   0.530330086  -0.530330086  -0.176776695
          2   0.530330086   0.530330086  -0.176776695
          3  -0.530330086   0.530330086  -0.176776695
          4  -0.530330086  -0.530330086  -0.176776695
          5  -0.530330086   0.176776695   0.530330086
          6  -0.176776695   0.530330086   0.530330086
          7   0.530330086   0.530330086   0.176776695
          8  -0.530330086  -0.530330086   0.176776695
          9   0.530330086  -0.176776695  -0.530330086
         10  -0.530330086  -0.176776695   0.530330086
         11   0.176776695  -0.530330086  -0.530330086
         12  -0.530330086   0.176776695  -0.530330086
         13   0.530330086   0.176776695   0.530330086
         14  -0.176776695   0.530330086  -0.530330086
         15  -0.176776695  -0.530330086   0.530330086
         16   0.176776695   0.530330086   0.530330086
         17   0.530330086  -0.530330086   0.176776695
         18  -0.530330086  -0.176776695  -0.530330086
         19   0.176776695   0.530330086  -0.530330086
         20   0.530330086  -0.176776695   0.530330086
         21  -0.530330086   0.530330086   0.176776695
         22   0.530330086   0.176776695  -0.530330086
         23  -0.176776695  -0.530330086  -0.530330086
         24   0.176776695  -0.530330086   0.530330086

     Diagonalizing the dynamical matrix

     q = (    0.530330086  -0.530330086  -0.176776695 ) 

 **************************************************************************
     freq (    1) =       3.970248 [THz] =     132.433222 [cm-1]
     freq (    2) =       5.698479 [THz] =     190.080811 [cm-1]
     freq (    3) =       9.421131 [THz] =     314.255118 [cm-1]
     freq (    4) =      12.272466 [THz] =     409.365408 [cm-1]
     freq (    5) =      13.892718 [THz] =     463.411196 [cm-1]
     freq (    6) =      14.276556 [THz] =     476.214649 [cm-1]
 **************************************************************************

     Mode symmetry, C_s (m)     point group:

     freq (   1-   1) =        132.4  [cm-1]   --> A''                
     freq (   2-   2) =        190.1  [cm-1]   --> A'                 
     freq (   3-   3) =        314.3  [cm-1]   --> A'                 
     freq (   4-   4) =        409.4  [cm-1]   --> A'                 
     freq (   5-   5) =        463.4  [cm-1]   --> A''                
     freq (   6-   6) =        476.2  [cm-1]   --> A'                 

     Calculation of q =    0.4419417  -0.4419417  -0.0883883

     Parallelization info
     --------------------
     sticks:   dense  smooth     PW     G-vecs:    dense   smooth      PW
     Min          53      27     10                 1054      373      90
     Max          54      28     11                 1057      376      94
     Sum         859     433    163                16889     5985    1459

     Using Slab Decomposition


     Title: 
     default                                                                    


     bravais-lattice index     =            0
     lattice parameter (alat)  =       7.2595  a.u.
     unit-cell volume          =     270.5223 (a.u.)^3
     number of atoms/cell      =            2
     number of atomic types    =            1
     number of electrons       =         8.00
     number of Kohn-Sham states=            4
     kinetic-energy cutoff     =      30.0000  Ry
     charge density cutoff     =     240.0000  Ry
     Exchange-correlation= PBESOL
                           (   1   4  10   8   0   0   0)

     celldm(1)=   7.259489  celldm(2)=   0.000000  celldm(3)=   0.000000
     celldm(4)=   0.000000  celldm(5)=   0.000000  celldm(6)=   0.000000

     crystal axes: (cart. coord. in units of alat)
               a(1) = (   0.707107   0.707107   0.000000 )  
               a(2) = (   0.707107   0.000000   0.707107 )  
               a(3) = (   0.000000   0.707107   0.707107 )  

     reciprocal axes: (cart. coord. in units 2 pi/alat)
               b(1) = (  0.707107  0.707107 -0.707107 )  
               b(2) = (  0.707107 -0.707107  0.707107 )  
               b(3) = ( -0.707107  0.707107  0.707107 )  


     PseudoPot. # 1 for Si read from file:
     ../pseudo/Si.pbesol-n-rrkjus_psl.1.0.0.UPF
     MD5 check sum: c4212819de858c94c3a1644338846ac9
     Pseudo is Ultrasoft + core correction, Zval =  4.0
     Generated using "atomic" code by A. Dal Corso  v.6.0 svn rev. 13079
     Using radial grid of 1141 points,  6 beta functions with: 
                l(1) =   0
                l(2) =   0
                l(3) =   1
                l(4) =   1
                l(5) =   2
                l(6) =   2
     Q(r) pseudized with 0 coefficients 


     atomic species   valence    mass     pseudopotential
        Si             4.00    28.08550     Si( 1.00)

     48 Sym. Ops., with inversion, found



   Cartesian axes

     site n.     atom                  positions (alat units)
         1           Si  tau(   1) = (   0.0000000   0.0000000   0.0000000  )
         2           Si  tau(   2) = (   0.3535534   0.3535534   0.3535534  )

     number of k points=  2940

     Number of k-points >= 100: set verbosity='high' to print them.

     Dense  grid:    16889 G-vectors     FFT dimensions: (  36,  36,  36)

     Smooth grid:     5985 G-vectors     FFT dimensions: (  32,  32,  32)

     Estimated max dynamical RAM per process >       4.75 MB

     Estimated total dynamical RAM >      75.94 MB

     The potential is recalculated from file :
     tmp/_ph0/si.save/charge-density

     Starting wfcs are    8 atomic wfcs

     Band Structure Calculation
     Davidson diagonalization with overlap

     ethr =  1.25E-10,  avg # of iterations = 13.4

     total cpu time spent up to now is      180.1 secs

     End of band structure calculation

     Number of k-points >= 100: set verbosity='high' to print the bands.

     highest occupied level (ev):     6.1438

     Writing config to output data dir tmp/_ph0/si.save/

     default                                                                    

     bravais-lattice index     =            0
     lattice parameter (alat)  =       7.2595  a.u.
     unit-cell volume          =     270.5223 (a.u.)^3
     number of atoms/cell      =            2
     number of atomic types    =            1
     kinetic-energy cut-off    =      30.0000  Ry
     charge density cut-off    =     240.0000  Ry
     convergence threshold     =      1.6E-19
     beta                      =       0.7000
     number of iterations used =            4
     Exchange-correlation= PBESOL
                           (   1   4  10   8   0   0   0)


     celldm(1)=    7.25949  celldm(2)=    0.00000  celldm(3)=    0.00000
     celldm(4)=    0.00000  celldm(5)=    0.00000  celldm(6)=    0.00000

     crystal axes: (cart. coord. in units of alat)
               a(1) = (  0.7071  0.7071  0.0000 )  
               a(2) = (  0.7071  0.0000  0.7071 )  
               a(3) = (  0.0000  0.7071  0.7071 )  

     reciprocal axes: (cart. coord. in units 2 pi/alat)
               b(1) = (  0.7071  0.7071 -0.7071 )  
               b(2) = (  0.7071 -0.7071  0.7071 )  
               b(3) = ( -0.7071  0.7071  0.7071 )  


     Atoms inside the unit cell: 

     Cartesian axes

     site n.  atom      mass           positions (alat units)
        1     Si  28.0855   tau(    1) = (    0.00000    0.00000    0.00000  )
        2     Si  28.0855   tau(    2) = (    0.35355    0.35355    0.35355  )

     Computing dynamical matrix for 
                    q = (   0.4419417  -0.4419417  -0.0883883 )

      2 Sym.Ops. (no q -> -q+G )


     G cutoff =  320.3787  (   1057 G-vectors)     FFT grid: ( 36, 36, 36)
     G cutoff =  160.1893  (    374 G-vectors)  smooth grid: ( 32, 32, 32)
     number of k points=  2940

     PseudoPot. # 1 for Si read from file:
     ../pseudo/Si.pbesol-n-rrkjus_psl.1.0.0.UPF
     MD5 check sum: c4212819de858c94c3a1644338846ac9
     Pseudo is Ultrasoft + core correction, Zval =  4.0
     Generated using "atomic" code by A. Dal Corso  v.6.0 svn rev. 13079
     Using radial grid of 1141 points,  6 beta functions with: 
                l(1) =   0
                l(2) =   0
                l(3) =   1
                l(4) =   1
                l(5) =   2
                l(6) =   2
     Q(r) pseudized with 0 coefficients 


     Mode symmetry, C_s (m)     point group:


     Atomic displacements:
     There are    6 irreducible representations

     Representation     1      1 modes -  To be done

     Representation     2      1 modes -  To be done

     Representation     3      1 modes -  To be done

     Representation     4      1 modes -  To be done

     Representation     5      1 modes -  To be done

     Representation     6      1 modes -  To be done



     Alpha used in Ewald sum =   2.5000
     PHONON       :      1h11m CPU      1h13m WALL



     Representation #   1 mode #   1

     Self-consistent Calculation

      iter #   1 total cpu time :  4392.5 secs   av.it.:   6.2
      thresh= 1.000E-02 alpha_mix =  0.700 |ddv_scf|^2 =  8.300E-06

      iter #   2 total cpu time :  4399.0 secs   av.it.:  10.3
      thresh= 2.881E-04 alpha_mix =  0.700 |ddv_scf|^2 =  1.694E-05

      iter #   3 total cpu time :  4404.8 secs   av.it.:   9.3
      thresh= 4.116E-04 alpha_mix =  0.700 |ddv_scf|^2 =  7.690E-08

      iter #   4 total cpu time :  4411.0 secs   av.it.:   9.7
      thresh= 2.773E-05 alpha_mix =  0.700 |ddv_scf|^2 =  6.171E-09

      iter #   5 total cpu time :  4417.7 secs   av.it.:   9.9
      thresh= 7.856E-06 alpha_mix =  0.700 |ddv_scf|^2 =  5.952E-10

      iter #   6 total cpu time :  4423.8 secs   av.it.:  10.0
      thresh= 2.440E-06 alpha_mix =  0.700 |ddv_scf|^2 =  4.342E-12

      iter #   7 total cpu time :  4430.5 secs   av.it.:  10.3
      thresh= 2.084E-07 alpha_mix =  0.700 |ddv_scf|^2 =  1.161E-13

      iter #   8 total cpu time :  4438.0 secs   av.it.:  10.4
      thresh= 3.407E-08 alpha_mix =  0.700 |ddv_scf|^2 =  1.983E-14

      iter #   9 total cpu time :  4444.2 secs   av.it.:  10.2
      thresh= 1.408E-08 alpha_mix =  0.700 |ddv_scf|^2 =  1.935E-14

      iter #  10 total cpu time :  4450.4 secs   av.it.:   9.3
      thresh= 1.391E-08 alpha_mix =  0.700 |ddv_scf|^2 =  7.083E-16

      iter #  11 total cpu time :  4456.1 secs   av.it.:  10.0
      thresh= 2.661E-09 alpha_mix =  0.700 |ddv_scf|^2 =  3.098E-16

      iter #  12 total cpu time :  4461.9 secs   av.it.:   9.9
      thresh= 1.760E-09 alpha_mix =  0.700 |ddv_scf|^2 =  2.188E-17

      iter #  13 total cpu time :  4467.7 secs   av.it.:  10.0
      thresh= 4.677E-10 alpha_mix =  0.700 |ddv_scf|^2 =  1.108E-18

      iter #  14 total cpu time :  4474.3 secs   av.it.:  10.1
      thresh= 1.053E-10 alpha_mix =  0.700 |ddv_scf|^2 =  4.874E-20

     End of self-consistent calculation

     Convergence has been achieved 


     Representation #   2 mode #   2

     Self-consistent Calculation

      iter #   1 total cpu time :  4479.7 secs   av.it.:   6.0
      thresh= 1.000E-02 alpha_mix =  0.700 |ddv_scf|^2 =  4.134E-06

      iter #   2 total cpu time :  4485.7 secs   av.it.:  10.4
      thresh= 2.033E-04 alpha_mix =  0.700 |ddv_scf|^2 =  6.880E-06

      iter #   3 total cpu time :  4490.9 secs   av.it.:   9.5
      thresh= 2.623E-04 alpha_mix =  0.700 |ddv_scf|^2 =  6.340E-08

      iter #   4 total cpu time :  4496.2 secs   av.it.:   9.9
      thresh= 2.518E-05 alpha_mix =  0.700 |ddv_scf|^2 =  7.690E-09

      iter #   5 total cpu time :  4501.9 secs   av.it.:  10.0
      thresh= 8.769E-06 alpha_mix =  0.700 |ddv_scf|^2 =  1.255E-09

      iter #   6 total cpu time :  4508.5 secs   av.it.:   9.9
      thresh= 3.543E-06 alpha_mix =  0.700 |ddv_scf|^2 =  5.836E-12

      iter #   7 total cpu time :  4514.8 secs   av.it.:  10.4
      thresh= 2.416E-07 alpha_mix =  0.700 |ddv_scf|^2 =  2.291E-13

      iter #   8 total cpu time :  4520.8 secs   av.it.:  10.4
      thresh= 4.787E-08 alpha_mix =  0.700 |ddv_scf|^2 =  1.905E-14

      iter #   9 total cpu time :  4527.9 secs   av.it.:  10.3
      thresh= 1.380E-08 alpha_mix =  0.700 |ddv_scf|^2 =  1.277E-14

      iter #  10 total cpu time :  4534.7 secs   av.it.:   9.6
      thresh= 1.130E-08 alpha_mix =  0.700 |ddv_scf|^2 =  7.231E-16

      iter #  11 total cpu time :  4540.5 secs   av.it.:  10.1
      thresh= 2.689E-09 alpha_mix =  0.700 |ddv_scf|^2 =  3.329E-16

      iter #  12 total cpu time :  4546.7 secs   av.it.:   9.8
      thresh= 1.824E-09 alpha_mix =  0.700 |ddv_scf|^2 =  2.846E-17

      iter #  13 total cpu time :  4552.5 secs   av.it.:   9.9
      thresh= 5.335E-10 alpha_mix =  0.700 |ddv_scf|^2 =  1.607E-18

      iter #  14 total cpu time :  4558.3 secs   av.it.:  10.0
      thresh= 1.268E-10 alpha_mix =  0.700 |ddv_scf|^2 =  1.074E-18

      iter #  15 total cpu time :  4564.6 secs   av.it.:   9.4
      thresh= 1.036E-10 alpha_mix =  0.700 |ddv_scf|^2 =  6.441E-20

     End of self-consistent calculation

     Convergence has been achieved 


     Representation #   3 mode #   3

     Self-consistent Calculation

      iter #   1 total cpu time :  4569.8 secs   av.it.:   6.1
      thresh= 1.000E-02 alpha_mix =  0.700 |ddv_scf|^2 =  7.772E-06

      iter #   2 total cpu time :  4576.1 secs   av.it.:  10.2
      thresh= 2.788E-04 alpha_mix =  0.700 |ddv_scf|^2 =  1.653E-05

      iter #   3 total cpu time :  4582.6 secs   av.it.:   9.2
      thresh= 4.066E-04 alpha_mix =  0.700 |ddv_scf|^2 =  5.772E-08

      iter #   4 total cpu time :  4589.5 secs   av.it.:   9.9
      thresh= 2.403E-05 alpha_mix =  0.700 |ddv_scf|^2 =  4.735E-09

      iter #   5 total cpu time :  4595.4 secs   av.it.:   9.9
      thresh= 6.881E-06 alpha_mix =  0.700 |ddv_scf|^2 =  1.233E-09

      iter #   6 total cpu time :  4602.0 secs   av.it.:   9.8
      thresh= 3.512E-06 alpha_mix =  0.700 |ddv_scf|^2 =  3.722E-12

      iter #   7 total cpu time :  4608.2 secs   av.it.:  10.2
      thresh= 1.929E-07 alpha_mix =  0.700 |ddv_scf|^2 =  1.133E-13

      iter #   8 total cpu time :  4614.8 secs   av.it.:  10.5
      thresh= 3.366E-08 alpha_mix =  0.700 |ddv_scf|^2 =  5.353E-14

      iter #   9 total cpu time :  4621.3 secs   av.it.:   9.9
      thresh= 2.314E-08 alpha_mix =  0.700 |ddv_scf|^2 =  1.594E-14

      iter #  10 total cpu time :  4627.3 secs   av.it.:   9.5
      thresh= 1.263E-08 alpha_mix =  0.700 |ddv_scf|^2 =  2.929E-16

      iter #  11 total cpu time :  4633.9 secs   av.it.:  10.2
      thresh= 1.711E-09 alpha_mix =  0.700 |ddv_scf|^2 =  1.028E-16

      iter #  12 total cpu time :  4640.2 secs   av.it.:   9.8
      thresh= 1.014E-09 alpha_mix =  0.700 |ddv_scf|^2 =  8.959E-18

      iter #  13 total cpu time :  4646.6 secs   av.it.:  10.0
      thresh= 2.993E-10 alpha_mix =  0.700 |ddv_scf|^2 =  1.566E-18

      iter #  14 total cpu time :  4653.1 secs   av.it.:  10.0
      thresh= 1.251E-10 alpha_mix =  0.700 |ddv_scf|^2 =  3.508E-20

     End of self-consistent calculation

     Convergence has been achieved 


     Representation #   4 mode #   4

     Self-consistent Calculation

      iter #   1 total cpu time :  4657.4 secs   av.it.:   6.0
      thresh= 1.000E-02 alpha_mix =  0.700 |ddv_scf|^2 =  3.609E-06

      iter #   2 total cpu time :  4664.0 secs   av.it.:  10.3
      thresh= 1.900E-04 alpha_mix =  0.700 |ddv_scf|^2 =  6.477E-06

      iter #   3 total cpu time :  4669.7 secs   av.it.:   9.3
      thresh= 2.545E-04 alpha_mix =  0.700 |ddv_scf|^2 =  6.550E-08

      iter #   4 total cpu time :  4676.1 secs   av.it.:   9.9
      thresh= 2.559E-05 alpha_mix =  0.700 |ddv_scf|^2 =  4.279E-09

      iter #   5 total cpu time :  4682.8 secs   av.it.:  10.1
      thresh= 6.541E-06 alpha_mix =  0.700 |ddv_scf|^2 =  1.709E-09

      iter #   6 total cpu time :  4688.5 secs   av.it.:   9.6
      thresh= 4.134E-06 alpha_mix =  0.700 |ddv_scf|^2 =  3.515E-12

      iter #   7 total cpu time :  4694.5 secs   av.it.:  10.5
      thresh= 1.875E-07 alpha_mix =  0.700 |ddv_scf|^2 =  2.147E-13

      iter #   8 total cpu time :  4700.2 secs   av.it.:  10.4
      thresh= 4.633E-08 alpha_mix =  0.700 |ddv_scf|^2 =  3.581E-14

      iter #   9 total cpu time :  4705.0 secs   av.it.:  10.1
      thresh= 1.892E-08 alpha_mix =  0.700 |ddv_scf|^2 =  2.387E-14

      iter #  10 total cpu time :  4710.0 secs   av.it.:   9.4
      thresh= 1.545E-08 alpha_mix =  0.700 |ddv_scf|^2 =  6.683E-16

      iter #  11 total cpu time :  4715.2 secs   av.it.:  10.1
      thresh= 2.585E-09 alpha_mix =  0.700 |ddv_scf|^2 =  1.897E-16

      iter #  12 total cpu time :  4721.5 secs   av.it.:   9.9
      thresh= 1.377E-09 alpha_mix =  0.700 |ddv_scf|^2 =  5.632E-17

      iter #  13 total cpu time :  4728.0 secs   av.it.:   9.8
      thresh= 7.505E-10 alpha_mix =  0.700 |ddv_scf|^2 =  7.970E-19

      iter #  14 total cpu time :  4734.6 secs   av.it.:  10.1
      thresh= 8.927E-11 alpha_mix =  0.700 |ddv_scf|^2 =  4.798E-20

     End of self-consistent calculation

     Convergence has been achieved 


     Representation #   5 mode #   5

     Self-consistent Calculation

      iter #   1 total cpu time :  4738.9 secs   av.it.:   5.6
      thresh= 1.000E-02 alpha_mix =  0.700 |ddv_scf|^2 =  3.395E-07

      iter #   2 total cpu time :  4746.0 secs   av.it.:  10.2
      thresh= 5.827E-05 alpha_mix =  0.700 |ddv_scf|^2 =  4.414E-08

      iter #   3 total cpu time :  4751.8 secs   av.it.:   9.9
      thresh= 2.101E-05 alpha_mix =  0.700 |ddv_scf|^2 =  1.779E-09

      iter #   4 total cpu time :  4758.4 secs   av.it.:   9.9
      thresh= 4.218E-06 alpha_mix =  0.700 |ddv_scf|^2 =  1.631E-12

      iter #   5 total cpu time :  4764.4 secs   av.it.:  10.3
      thresh= 1.277E-07 alpha_mix =  0.700 |ddv_scf|^2 =  3.640E-14

      iter #   6 total cpu time :  4769.3 secs   av.it.:  10.1
      thresh= 1.908E-08 alpha_mix =  0.700 |ddv_scf|^2 =  7.145E-16

      iter #   7 total cpu time :  4774.6 secs   av.it.:  10.0
      thresh= 2.673E-09 alpha_mix =  0.700 |ddv_scf|^2 =  6.580E-18

      iter #   8 total cpu time :  4780.9 secs   av.it.:  10.0
      thresh= 2.565E-10 alpha_mix =  0.700 |ddv_scf|^2 =  1.935E-19

      iter #   9 total cpu time :  4787.9 secs   av.it.:  10.2
      thresh= 4.398E-11 alpha_mix =  0.700 |ddv_scf|^2 =  4.480E-21

     End of self-consistent calculation

     Convergence has been achieved 


     Representation #   6 mode #   6

     Self-consistent Calculation

      iter #   1 total cpu time :  4792.8 secs   av.it.:   5.6
      thresh= 1.000E-02 alpha_mix =  0.700 |ddv_scf|^2 =  3.395E-07

      iter #   2 total cpu time :  4800.0 secs   av.it.:  10.2
      thresh= 5.827E-05 alpha_mix =  0.700 |ddv_scf|^2 =  4.414E-08

      iter #   3 total cpu time :  4806.6 secs   av.it.:   9.9
      thresh= 2.101E-05 alpha_mix =  0.700 |ddv_scf|^2 =  1.779E-09

      iter #   4 total cpu time :  4812.5 secs   av.it.:   9.8
      thresh= 4.218E-06 alpha_mix =  0.700 |ddv_scf|^2 =  1.631E-12

      iter #   5 total cpu time :  4819.2 secs   av.it.:  10.3
      thresh= 1.277E-07 alpha_mix =  0.700 |ddv_scf|^2 =  3.640E-14

      iter #   6 total cpu time :  4825.2 secs   av.it.:  10.1
      thresh= 1.908E-08 alpha_mix =  0.700 |ddv_scf|^2 =  7.145E-16

      iter #   7 total cpu time :  4831.6 secs   av.it.:  10.0
      thresh= 2.673E-09 alpha_mix =  0.700 |ddv_scf|^2 =  6.569E-18

      iter #   8 total cpu time :  4837.8 secs   av.it.:  10.0
      thresh= 2.563E-10 alpha_mix =  0.700 |ddv_scf|^2 =  1.934E-19

      iter #   9 total cpu time :  4844.3 secs   av.it.:  10.1
      thresh= 4.397E-11 alpha_mix =  0.700 |ddv_scf|^2 =  4.462E-21

     End of self-consistent calculation

     Convergence has been achieved 

     Number of q in the star =   24
     List of q in the star:
          1   0.441941738  -0.441941738  -0.088388348
          2   0.441941738   0.441941738  -0.088388348
          3  -0.441941738   0.441941738  -0.088388348
          4  -0.441941738  -0.441941738  -0.088388348
          5  -0.441941738   0.088388348   0.441941738
          6  -0.088388348   0.441941738   0.441941738
          7   0.441941738   0.441941738   0.088388348
          8  -0.441941738  -0.441941738   0.088388348
          9   0.441941738  -0.088388348  -0.441941738
         10  -0.441941738  -0.088388348   0.441941738
         11   0.088388348  -0.441941738  -0.441941738
         12  -0.441941738   0.088388348  -0.441941738
         13   0.441941738   0.088388348   0.441941738
         14  -0.088388348   0.441941738  -0.441941738
         15  -0.088388348  -0.441941738   0.441941738
         16   0.088388348   0.441941738   0.441941738
         17   0.441941738  -0.441941738   0.088388348
         18  -0.441941738  -0.088388348  -0.441941738
         19   0.088388348   0.441941738  -0.441941738
         20   0.441941738  -0.088388348   0.441941738
         21  -0.441941738   0.441941738   0.088388348
         22   0.441941738   0.088388348  -0.441941738
         23  -0.088388348  -0.441941738  -0.441941738
         24   0.088388348  -0.441941738   0.441941738

     Diagonalizing the dynamical matrix

     q = (    0.441941738  -0.441941738  -0.088388348 ) 

 **************************************************************************
     freq (    1) =       4.063759 [THz] =     135.552396 [cm-1]
     freq (    2) =       5.988308 [THz] =     199.748442 [cm-1]
     freq (    3) =       9.701992 [THz] =     323.623606 [cm-1]
     freq (    4) =      11.586240 [THz] =     386.475369 [cm-1]
     freq (    5) =      13.917075 [THz] =     464.223649 [cm-1]
     freq (    6) =      14.416932 [THz] =     480.897099 [cm-1]
 **************************************************************************

     Mode symmetry, C_s (m)     point group:

     freq (   1-   1) =        135.6  [cm-1]   --> A''                
     freq (   2-   2) =        199.7  [cm-1]   --> A'                 
     freq (   3-   3) =        323.6  [cm-1]   --> A'                 
     freq (   4-   4) =        386.5  [cm-1]   --> A'                 
     freq (   5-   5) =        464.2  [cm-1]   --> A''                
     freq (   6-   6) =        480.9  [cm-1]   --> A'                 

     Calculation of q =    0.3535534  -0.3535534   0.0000000

     Parallelization info
     --------------------
     sticks:   dense  smooth     PW     G-vecs:    dense   smooth      PW
     Min          53      27     10                 1054      373      87
     Max          54      28     11                 1057      376      90
     Sum         859     433    163                16889     5985    1411

     Using Slab Decomposition


     Title: 
     default                                                                    


     bravais-lattice index     =            0
     lattice parameter (alat)  =       7.2595  a.u.
     unit-cell volume          =     270.5223 (a.u.)^3
     number of atoms/cell      =            2
     number of atomic types    =            1
     number of electrons       =         8.00
     number of Kohn-Sham states=            4
     kinetic-energy cutoff     =      30.0000  Ry
     charge density cutoff     =     240.0000  Ry
     Exchange-correlation= PBESOL
                           (   1   4  10   8   0   0   0)

     celldm(1)=   7.259489  celldm(2)=   0.000000  celldm(3)=   0.000000
     celldm(4)=   0.000000  celldm(5)=   0.000000  celldm(6)=   0.000000

     crystal axes: (cart. coord. in units of alat)
               a(1) = (   0.707107   0.707107   0.000000 )  
               a(2) = (   0.707107   0.000000   0.707107 )  
               a(3) = (   0.000000   0.707107   0.707107 )  

     reciprocal axes: (cart. coord. in units 2 pi/alat)
               b(1) = (  0.707107  0.707107 -0.707107 )  
               b(2) = (  0.707107 -0.707107  0.707107 )  
               b(3) = ( -0.707107  0.707107  0.707107 )  


     PseudoPot. # 1 for Si read from file:
     ../pseudo/Si.pbesol-n-rrkjus_psl.1.0.0.UPF
     MD5 check sum: c4212819de858c94c3a1644338846ac9
     Pseudo is Ultrasoft + core correction, Zval =  4.0
     Generated using "atomic" code by A. Dal Corso  v.6.0 svn rev. 13079
     Using radial grid of 1141 points,  6 beta functions with: 
                l(1) =   0
                l(2) =   0
                l(3) =   1
                l(4) =   1
                l(5) =   2
                l(6) =   2
     Q(r) pseudized with 0 coefficients 


     atomic species   valence    mass     pseudopotential
        Si             4.00    28.08550     Si( 1.00)

     48 Sym. Ops., with inversion, found



   Cartesian axes

     site n.     atom                  positions (alat units)
         1           Si  tau(   1) = (   0.0000000   0.0000000   0.0000000  )
         2           Si  tau(   2) = (   0.3535534   0.3535534   0.3535534  )

     number of k points=  1582

     Number of k-points >= 100: set verbosity='high' to print them.

     Dense  grid:    16889 G-vectors     FFT dimensions: (  36,  36,  36)

     Smooth grid:     5985 G-vectors     FFT dimensions: (  32,  32,  32)

     Estimated max dynamical RAM per process >       4.74 MB

     Estimated total dynamical RAM >      75.80 MB

     The potential is recalculated from file :
     tmp/_ph0/si.save/charge-density

     Starting wfcs are    8 atomic wfcs

     Band Structure Calculation
     Davidson diagonalization with overlap

     ethr =  1.25E-10,  avg # of iterations = 13.4

     total cpu time spent up to now is      189.6 secs

     End of band structure calculation

     Number of k-points >= 100: set verbosity='high' to print the bands.

     highest occupied level (ev):     6.1438

     Writing config to output data dir tmp/_ph0/si.save/

     default                                                                    

     bravais-lattice index     =            0
     lattice parameter (alat)  =       7.2595  a.u.
     unit-cell volume          =     270.5223 (a.u.)^3
     number of atoms/cell      =            2
     number of atomic types    =            1
     kinetic-energy cut-off    =      30.0000  Ry
     charge density cut-off    =     240.0000  Ry
     convergence threshold     =      1.6E-19
     beta                      =       0.7000
     number of iterations used =            4
     Exchange-correlation= PBESOL
                           (   1   4  10   8   0   0   0)


     celldm(1)=    7.25949  celldm(2)=    0.00000  celldm(3)=    0.00000
     celldm(4)=    0.00000  celldm(5)=    0.00000  celldm(6)=    0.00000

     crystal axes: (cart. coord. in units of alat)
               a(1) = (  0.7071  0.7071  0.0000 )  
               a(2) = (  0.7071  0.0000  0.7071 )  
               a(3) = (  0.0000  0.7071  0.7071 )  

     reciprocal axes: (cart. coord. in units 2 pi/alat)
               b(1) = (  0.7071  0.7071 -0.7071 )  
               b(2) = (  0.7071 -0.7071  0.7071 )  
               b(3) = ( -0.7071  0.7071  0.7071 )  


     Atoms inside the unit cell: 

     Cartesian axes

     site n.  atom      mass           positions (alat units)
        1     Si  28.0855   tau(    1) = (    0.00000    0.00000    0.00000  )
        2     Si  28.0855   tau(    2) = (    0.35355    0.35355    0.35355  )

     Computing dynamical matrix for 
                    q = (   0.3535534  -0.3535534   0.0000000 )

      4 Sym.Ops. (no q -> -q+G )


     G cutoff =  320.3787  (   1057 G-vectors)     FFT grid: ( 36, 36, 36)
     G cutoff =  160.1893  (    374 G-vectors)  smooth grid: ( 32, 32, 32)
     number of k points=  1582

     PseudoPot. # 1 for Si read from file:
     ../pseudo/Si.pbesol-n-rrkjus_psl.1.0.0.UPF
     MD5 check sum: c4212819de858c94c3a1644338846ac9
     Pseudo is Ultrasoft + core correction, Zval =  4.0
     Generated using "atomic" code by A. Dal Corso  v.6.0 svn rev. 13079
     Using radial grid of 1141 points,  6 beta functions with: 
                l(1) =   0
                l(2) =   0
                l(3) =   1
                l(4) =   1
                l(5) =   2
                l(6) =   2
     Q(r) pseudized with 0 coefficients 


     Mode symmetry, C_2v (mm2)  point group:


     Atomic displacements:
     There are    6 irreducible representations

     Representation     1      1 modes -  To be done

     Representation     2      1 modes -  To be done

     Representation     3      1 modes -  To be done

     Representation     4      1 modes -  To be done

     Representation     5      1 modes -  To be done

     Representation     6      1 modes -  To be done



     Alpha used in Ewald sum =   2.5000
     PHONON       :      1h18m CPU      1h20m WALL



     Representation #   1 mode #   1

     Self-consistent Calculation

      iter #   1 total cpu time :  4858.1 secs   av.it.:   5.8
      thresh= 1.000E-02 alpha_mix =  0.700 |ddv_scf|^2 =  7.275E-06

      iter #   2 total cpu time :  4861.6 secs   av.it.:   9.9
      thresh= 2.697E-04 alpha_mix =  0.700 |ddv_scf|^2 =  3.555E-05

      iter #   3 total cpu time :  4864.5 secs   av.it.:   8.5
      thresh= 5.963E-04 alpha_mix =  0.700 |ddv_scf|^2 =  9.330E-08

      iter #   4 total cpu time :  4868.7 secs   av.it.:   9.7
      thresh= 3.055E-05 alpha_mix =  0.700 |ddv_scf|^2 =  1.846E-09

      iter #   5 total cpu time :  4871.8 secs   av.it.:   9.7
      thresh= 4.297E-06 alpha_mix =  0.700 |ddv_scf|^2 =  1.658E-11

      iter #   6 total cpu time :  4874.8 secs   av.it.:   9.3
      thresh= 4.072E-07 alpha_mix =  0.700 |ddv_scf|^2 =  1.664E-13

      iter #   7 total cpu time :  4877.8 secs   av.it.:  10.1
      thresh= 4.079E-08 alpha_mix =  0.700 |ddv_scf|^2 =  5.495E-13

      iter #   8 total cpu time :  4881.0 secs   av.it.:   8.6
      thresh= 7.413E-08 alpha_mix =  0.700 |ddv_scf|^2 =  1.840E-14

      iter #   9 total cpu time :  4883.9 secs   av.it.:   9.3
      thresh= 1.357E-08 alpha_mix =  0.700 |ddv_scf|^2 =  6.284E-16

      iter #  10 total cpu time :  4887.5 secs   av.it.:   9.6
      thresh= 2.507E-09 alpha_mix =  0.700 |ddv_scf|^2 =  4.704E-17

      iter #  11 total cpu time :  4890.1 secs   av.it.:   9.9
      thresh= 6.858E-10 alpha_mix =  0.700 |ddv_scf|^2 =  2.011E-18

      iter #  12 total cpu time :  4894.2 secs   av.it.:   9.8
      thresh= 1.418E-10 alpha_mix =  0.700 |ddv_scf|^2 =  2.352E-19

      iter #  13 total cpu time :  4897.1 secs   av.it.:   9.6
      thresh= 4.850E-11 alpha_mix =  0.700 |ddv_scf|^2 =  2.191E-20

     End of self-consistent calculation

     Convergence has been achieved 


     Representation #   2 mode #   2

     Self-consistent Calculation

      iter #   1 total cpu time :  4899.8 secs   av.it.:   6.4
      thresh= 1.000E-02 alpha_mix =  0.700 |ddv_scf|^2 =  5.402E-05

      iter #   2 total cpu time :  4902.8 secs   av.it.:   9.8
      thresh= 7.350E-04 alpha_mix =  0.700 |ddv_scf|^2 =  2.939E-04

      iter #   3 total cpu time :  4906.0 secs   av.it.:   8.4
      thresh= 1.714E-03 alpha_mix =  0.700 |ddv_scf|^2 =  7.430E-08

      iter #   4 total cpu time :  4908.6 secs   av.it.:   9.9
      thresh= 2.726E-05 alpha_mix =  0.700 |ddv_scf|^2 =  2.782E-09

      iter #   5 total cpu time :  4911.7 secs   av.it.:   9.7
      thresh= 5.274E-06 alpha_mix =  0.700 |ddv_scf|^2 =  3.311E-11

      iter #   6 total cpu time :  4915.1 secs   av.it.:   9.5
      thresh= 5.754E-07 alpha_mix =  0.700 |ddv_scf|^2 =  5.777E-13

      iter #   7 total cpu time :  4918.2 secs   av.it.:   9.5
      thresh= 7.601E-08 alpha_mix =  0.700 |ddv_scf|^2 =  1.238E-13

      iter #   8 total cpu time :  4921.7 secs   av.it.:   8.8
      thresh= 3.518E-08 alpha_mix =  0.700 |ddv_scf|^2 =  1.901E-14

      iter #   9 total cpu time :  4924.6 secs   av.it.:   9.0
      thresh= 1.379E-08 alpha_mix =  0.700 |ddv_scf|^2 =  1.415E-15

      iter #  10 total cpu time :  4927.7 secs   av.it.:   9.2
      thresh= 3.761E-09 alpha_mix =  0.700 |ddv_scf|^2 =  1.134E-17

      iter #  11 total cpu time :  4930.8 secs   av.it.:  10.0
      thresh= 3.368E-10 alpha_mix =  0.700 |ddv_scf|^2 =  2.046E-18

      iter #  12 total cpu time :  4934.7 secs   av.it.:   9.5
      thresh= 1.430E-10 alpha_mix =  0.700 |ddv_scf|^2 =  4.433E-20

     End of self-consistent calculation

     Convergence has been achieved 


     Representation #   3 mode #   3

     Self-consistent Calculation

      iter #   1 total cpu time :  4937.0 secs   av.it.:   5.6
      thresh= 1.000E-02 alpha_mix =  0.700 |ddv_scf|^2 =  3.916E-07

      iter #   2 total cpu time :  4940.7 secs   av.it.:  10.0
      thresh= 6.257E-05 alpha_mix =  0.700 |ddv_scf|^2 =  3.999E-08

      iter #   3 total cpu time :  4943.6 secs   av.it.:   9.8
      thresh= 2.000E-05 alpha_mix =  0.700 |ddv_scf|^2 =  1.590E-09

      iter #   4 total cpu time :  4947.6 secs   av.it.:   9.3
      thresh= 3.988E-06 alpha_mix =  0.700 |ddv_scf|^2 =  8.610E-13

      iter #   5 total cpu time :  4950.5 secs   av.it.:   9.9
      thresh= 9.279E-08 alpha_mix =  0.700 |ddv_scf|^2 =  2.653E-14

      iter #   6 total cpu time :  4954.4 secs   av.it.:   9.6
      thresh= 1.629E-08 alpha_mix =  0.700 |ddv_scf|^2 =  2.032E-16

      iter #   7 total cpu time :  4956.9 secs   av.it.:   9.8
      thresh= 1.425E-09 alpha_mix =  0.700 |ddv_scf|^2 =  1.875E-18

      iter #   8 total cpu time :  4960.4 secs   av.it.:   9.5
      thresh= 1.369E-10 alpha_mix =  0.700 |ddv_scf|^2 =  9.150E-20

     End of self-consistent calculation

     Convergence has been achieved 


     Representation #   4 mode #   4

     Self-consistent Calculation

      iter #   1 total cpu time :  4963.2 secs   av.it.:   5.0
      thresh= 1.000E-02 alpha_mix =  0.700 |ddv_scf|^2 =  1.480E-07

      iter #   2 total cpu time :  4966.6 secs   av.it.:  10.0
      thresh= 3.847E-05 alpha_mix =  0.700 |ddv_scf|^2 =  3.853E-08

      iter #   3 total cpu time :  4970.5 secs   av.it.:  10.0
      thresh= 1.963E-05 alpha_mix =  0.700 |ddv_scf|^2 =  8.569E-09

      iter #   4 total cpu time :  4974.2 secs   av.it.:   9.7
      thresh= 9.257E-06 alpha_mix =  0.700 |ddv_scf|^2 =  3.422E-11

      iter #   5 total cpu time :  4977.6 secs   av.it.:  10.1
      thresh= 5.850E-07 alpha_mix =  0.700 |ddv_scf|^2 =  9.067E-13

      iter #   6 total cpu time :  4980.8 secs   av.it.:  10.2
      thresh= 9.522E-08 alpha_mix =  0.700 |ddv_scf|^2 =  5.796E-15

      iter #   7 total cpu time :  4983.5 secs   av.it.:   9.8
      thresh= 7.613E-09 alpha_mix =  0.700 |ddv_scf|^2 =  3.030E-16

      iter #   8 total cpu time :  4986.5 secs   av.it.:   9.7
      thresh= 1.741E-09 alpha_mix =  0.700 |ddv_scf|^2 =  4.371E-18

      iter #   9 total cpu time :  4989.9 secs   av.it.:  10.4
      thresh= 2.091E-10 alpha_mix =  0.700 |ddv_scf|^2 =  1.861E-18

      iter #  10 total cpu time :  4993.0 secs   av.it.:   9.9
      thresh= 1.364E-10 alpha_mix =  0.700 |ddv_scf|^2 =  5.300E-20

     End of self-consistent calculation

     Convergence has been achieved 


     Representation #   5 mode #   5

     Self-consistent Calculation

      iter #   1 total cpu time :  4995.8 secs   av.it.:   5.9
      thresh= 1.000E-02 alpha_mix =  0.700 |ddv_scf|^2 =  2.297E-06

      iter #   2 total cpu time :  4998.7 secs   av.it.:  10.1
      thresh= 1.516E-04 alpha_mix =  0.700 |ddv_scf|^2 =  1.714E-06

      iter #   3 total cpu time :  5001.9 secs   av.it.:   9.6
      thresh= 1.309E-04 alpha_mix =  0.700 |ddv_scf|^2 =  4.010E-09

      iter #   4 total cpu time :  5004.5 secs   av.it.:   9.8
      thresh= 6.332E-06 alpha_mix =  0.700 |ddv_scf|^2 =  1.573E-10

      iter #   5 total cpu time :  5007.9 secs   av.it.:  10.1
      thresh= 1.254E-06 alpha_mix =  0.700 |ddv_scf|^2 =  4.592E-13

      iter #   6 total cpu time :  5010.6 secs   av.it.:  10.0
      thresh= 6.777E-08 alpha_mix =  0.700 |ddv_scf|^2 =  1.109E-14

      iter #   7 total cpu time :  5014.6 secs   av.it.:   9.6
      thresh= 1.053E-08 alpha_mix =  0.700 |ddv_scf|^2 =  2.199E-16

      iter #   8 total cpu time :  5016.9 secs   av.it.:   9.8
      thresh= 1.483E-09 alpha_mix =  0.700 |ddv_scf|^2 =  1.399E-18

      iter #   9 total cpu time :  5020.2 secs   av.it.:  10.2
      thresh= 1.183E-10 alpha_mix =  0.700 |ddv_scf|^2 =  1.650E-19

      iter #  10 total cpu time :  5022.9 secs   av.it.:  10.1
      thresh= 4.062E-11 alpha_mix =  0.700 |ddv_scf|^2 =  4.061E-20

     End of self-consistent calculation

     Convergence has been achieved 


     Representation #   6 mode #   6

     Self-consistent Calculation

      iter #   1 total cpu time :  5024.8 secs   av.it.:   5.1
      thresh= 1.000E-02 alpha_mix =  0.700 |ddv_scf|^2 =  1.072E-07

      iter #   2 total cpu time :  5027.7 secs   av.it.:   9.3
      thresh= 3.274E-05 alpha_mix =  0.700 |ddv_scf|^2 =  7.987E-09

      iter #   3 total cpu time :  5030.8 secs   av.it.:   9.3
      thresh= 8.937E-06 alpha_mix =  0.700 |ddv_scf|^2 =  2.041E-11

      iter #   4 total cpu time :  5034.5 secs   av.it.:   9.6
      thresh= 4.518E-07 alpha_mix =  0.700 |ddv_scf|^2 =  8.210E-13

      iter #   5 total cpu time :  5038.2 secs   av.it.:   9.9
      thresh= 9.061E-08 alpha_mix =  0.700 |ddv_scf|^2 =  4.061E-15

      iter #   6 total cpu time :  5042.0 secs   av.it.:   9.9
      thresh= 6.372E-09 alpha_mix =  0.700 |ddv_scf|^2 =  1.609E-17

      iter #   7 total cpu time :  5045.4 secs   av.it.:   9.7
      thresh= 4.011E-10 alpha_mix =  0.700 |ddv_scf|^2 =  1.088E-18

      iter #   8 total cpu time :  5049.1 secs   av.it.:   9.9
      thresh= 1.043E-10 alpha_mix =  0.700 |ddv_scf|^2 =  3.956E-21

     End of self-consistent calculation

     Convergence has been achieved 

     Number of q in the star =   12
     List of q in the star:
          1   0.353553391  -0.353553391   0.000000000
          2  -0.353553391  -0.353553391   0.000000000
          3   0.353553391   0.353553391  -0.000000000
          4  -0.353553391   0.353553391   0.000000000
          5  -0.353553391   0.000000000   0.353553391
          6  -0.000000000   0.353553391   0.353553391
          7   0.353553391  -0.000000000  -0.353553391
          8   0.000000000  -0.353553391  -0.353553391
          9  -0.353553391  -0.000000000  -0.353553391
         10   0.353553391   0.000000000   0.353553391
         11   0.000000000   0.353553391  -0.353553391
         12  -0.000000000  -0.353553391   0.353553391

     Diagonalizing the dynamical matrix

     q = (    0.353553391  -0.353553391   0.000000000 ) 

 **************************************************************************
     freq (    1) =       3.926305 [THz] =     130.967440 [cm-1]
     freq (    2) =       5.612100 [THz] =     187.199509 [cm-1]
     freq (    3) =       8.350618 [THz] =     278.546633 [cm-1]
     freq (    4) =      12.461438 [THz] =     415.668823 [cm-1]
     freq (    5) =      14.085403 [THz] =     469.838464 [cm-1]
     freq (    6) =      14.521475 [THz] =     484.384252 [cm-1]
 **************************************************************************

     Mode symmetry, C_2v (mm2)  point group:

     freq (   1-   1) =        131.0  [cm-1]   --> B_2  D_4  S_4      
     freq (   2-   2) =        187.2  [cm-1]   --> B_1  D_3  S_3      
     freq (   3-   3) =        278.5  [cm-1]   --> A_1  D_1  S_1      
     freq (   4-   4) =        415.7  [cm-1]   --> B_1  D_3  S_3      
     freq (   5-   5) =        469.8  [cm-1]   --> A_2  D_2  S_2      
     freq (   6-   6) =        484.4  [cm-1]   --> A_1  D_1  S_1      

     Calculation of q =    0.0000000  -0.0000000   0.5303301

     Parallelization info
     --------------------
     sticks:   dense  smooth     PW     G-vecs:    dense   smooth      PW
     Min          53      27     10                 1054      373      84
     Max          54      28     11                 1057      376      86
     Sum         859     433    163                16889     5985    1363

     Using Slab Decomposition


     Title: 
     default                                                                    


     bravais-lattice index     =            0
     lattice parameter (alat)  =       7.2595  a.u.
     unit-cell volume          =     270.5223 (a.u.)^3
     number of atoms/cell      =            2
     number of atomic types    =            1
     number of electrons       =         8.00
     number of Kohn-Sham states=            4
     kinetic-energy cutoff     =      30.0000  Ry
     charge density cutoff     =     240.0000  Ry
     Exchange-correlation= PBESOL
                           (   1   4  10   8   0   0   0)

     celldm(1)=   7.259489  celldm(2)=   0.000000  celldm(3)=   0.000000
     celldm(4)=   0.000000  celldm(5)=   0.000000  celldm(6)=   0.000000

     crystal axes: (cart. coord. in units of alat)
               a(1) = (   0.707107   0.707107   0.000000 )  
               a(2) = (   0.707107   0.000000   0.707107 )  
               a(3) = (   0.000000   0.707107   0.707107 )  

     reciprocal axes: (cart. coord. in units 2 pi/alat)
               b(1) = (  0.707107  0.707107 -0.707107 )  
               b(2) = (  0.707107 -0.707107  0.707107 )  
               b(3) = ( -0.707107  0.707107  0.707107 )  


     PseudoPot. # 1 for Si read from file:
     ../pseudo/Si.pbesol-n-rrkjus_psl.1.0.0.UPF
     MD5 check sum: c4212819de858c94c3a1644338846ac9
     Pseudo is Ultrasoft + core correction, Zval =  4.0
     Generated using "atomic" code by A. Dal Corso  v.6.0 svn rev. 13079
     Using radial grid of 1141 points,  6 beta functions with: 
                l(1) =   0
                l(2) =   0
                l(3) =   1
                l(4) =   1
                l(5) =   2
                l(6) =   2
     Q(r) pseudized with 0 coefficients 


     atomic species   valence    mass     pseudopotential
        Si             4.00    28.08550     Si( 1.00)

     48 Sym. Ops., with inversion, found



   Cartesian axes

     site n.     atom                  positions (alat units)
         1           Si  tau(   1) = (   0.0000000   0.0000000   0.0000000  )
         2           Si  tau(   2) = (   0.3535534   0.3535534   0.3535534  )

     number of k points=   896

     Number of k-points >= 100: set verbosity='high' to print them.

     Dense  grid:    16889 G-vectors     FFT dimensions: (  36,  36,  36)

     Smooth grid:     5985 G-vectors     FFT dimensions: (  32,  32,  32)

     Estimated max dynamical RAM per process >       4.74 MB

     Estimated total dynamical RAM >      75.84 MB

     The potential is recalculated from file :
     tmp/_ph0/si.save/charge-density

     Starting wfcs are    8 atomic wfcs

     Band Structure Calculation
     Davidson diagonalization with overlap

     ethr =  1.25E-10,  avg # of iterations = 13.4

     total cpu time spent up to now is      195.1 secs

     End of band structure calculation

     Number of k-points >= 100: set verbosity='high' to print the bands.

     highest occupied level (ev):     6.1438

     Writing config to output data dir tmp/_ph0/si.save/

     default                                                                    

     bravais-lattice index     =            0
     lattice parameter (alat)  =       7.2595  a.u.
     unit-cell volume          =     270.5223 (a.u.)^3
     number of atoms/cell      =            2
     number of atomic types    =            1
     kinetic-energy cut-off    =      30.0000  Ry
     charge density cut-off    =     240.0000  Ry
     convergence threshold     =      1.6E-19
     beta                      =       0.7000
     number of iterations used =            4
     Exchange-correlation= PBESOL
                           (   1   4  10   8   0   0   0)


     celldm(1)=    7.25949  celldm(2)=    0.00000  celldm(3)=    0.00000
     celldm(4)=    0.00000  celldm(5)=    0.00000  celldm(6)=    0.00000

     crystal axes: (cart. coord. in units of alat)
               a(1) = (  0.7071  0.7071  0.0000 )  
               a(2) = (  0.7071  0.0000  0.7071 )  
               a(3) = (  0.0000  0.7071  0.7071 )  

     reciprocal axes: (cart. coord. in units 2 pi/alat)
               b(1) = (  0.7071  0.7071 -0.7071 )  
               b(2) = (  0.7071 -0.7071  0.7071 )  
               b(3) = ( -0.7071  0.7071  0.7071 )  


     Atoms inside the unit cell: 

     Cartesian axes

     site n.  atom      mass           positions (alat units)
        1     Si  28.0855   tau(    1) = (    0.00000    0.00000    0.00000  )
        2     Si  28.0855   tau(    2) = (    0.35355    0.35355    0.35355  )

     Computing dynamical matrix for 
                    q = (   0.0000000  -0.0000000   0.5303301 )

      8 Sym.Ops. (no q -> -q+G )


     G cutoff =  320.3787  (   1057 G-vectors)     FFT grid: ( 36, 36, 36)
     G cutoff =  160.1893  (    374 G-vectors)  smooth grid: ( 32, 32, 32)
     number of k points=   896

     PseudoPot. # 1 for Si read from file:
     ../pseudo/Si.pbesol-n-rrkjus_psl.1.0.0.UPF
     MD5 check sum: c4212819de858c94c3a1644338846ac9
     Pseudo is Ultrasoft + core correction, Zval =  4.0
     Generated using "atomic" code by A. Dal Corso  v.6.0 svn rev. 13079
     Using radial grid of 1141 points,  6 beta functions with: 
                l(1) =   0
                l(2) =   0
                l(3) =   1
                l(4) =   1
                l(5) =   2
                l(6) =   2
     Q(r) pseudized with 0 coefficients 


     Mode symmetry, C_4v (4mm)  point group:


     Atomic displacements:
     There are    4 irreducible representations

     Representation     1      1 modes -  To be done

     Representation     2      1 modes -  To be done

     Representation     3      2 modes -  To be done

     Representation     4      2 modes -  To be done



     Alpha used in Ewald sum =   2.5000
     PHONON       :      1h22m CPU      1h24m WALL



     Representation #   1 mode #   1

     Self-consistent Calculation

      iter #   1 total cpu time :  5057.2 secs   av.it.:   6.1
      thresh= 1.000E-02 alpha_mix =  0.700 |ddv_scf|^2 =  3.881E-05

      iter #   2 total cpu time :  5059.4 secs   av.it.:   9.5
      thresh= 6.230E-04 alpha_mix =  0.700 |ddv_scf|^2 =  1.640E-04

      iter #   3 total cpu time :  5061.5 secs   av.it.:   8.4
      thresh= 1.281E-03 alpha_mix =  0.700 |ddv_scf|^2 =  6.326E-09

      iter #   4 total cpu time :  5062.9 secs   av.it.:   9.5
      thresh= 7.954E-06 alpha_mix =  0.700 |ddv_scf|^2 =  5.013E-10

      iter #   5 total cpu time :  5064.3 secs   av.it.:   9.7
      thresh= 2.239E-06 alpha_mix =  0.700 |ddv_scf|^2 =  9.159E-12

      iter #   6 total cpu time :  5065.6 secs   av.it.:   9.8
      thresh= 3.026E-07 alpha_mix =  0.700 |ddv_scf|^2 =  1.437E-13

      iter #   7 total cpu time :  5067.6 secs   av.it.:   9.5
      thresh= 3.790E-08 alpha_mix =  0.700 |ddv_scf|^2 =  5.940E-16

      iter #   8 total cpu time :  5069.8 secs   av.it.:   9.6
      thresh= 2.437E-09 alpha_mix =  0.700 |ddv_scf|^2 =  7.090E-17

      iter #   9 total cpu time :  5071.3 secs   av.it.:   9.3
      thresh= 8.420E-10 alpha_mix =  0.700 |ddv_scf|^2 =  1.748E-17

      iter #  10 total cpu time :  5073.4 secs   av.it.:   8.9
      thresh= 4.181E-10 alpha_mix =  0.700 |ddv_scf|^2 =  9.671E-20

     End of self-consistent calculation

     Convergence has been achieved 


     Representation #   2 mode #   2

     Self-consistent Calculation

      iter #   1 total cpu time :  5075.0 secs   av.it.:   5.6
      thresh= 1.000E-02 alpha_mix =  0.700 |ddv_scf|^2 =  1.543E-06

      iter #   2 total cpu time :  5076.7 secs   av.it.:   9.8
      thresh= 1.242E-04 alpha_mix =  0.700 |ddv_scf|^2 =  8.322E-07

      iter #   3 total cpu time :  5078.0 secs   av.it.:   9.4
      thresh= 9.123E-05 alpha_mix =  0.700 |ddv_scf|^2 =  3.482E-09

      iter #   4 total cpu time :  5079.7 secs   av.it.:   9.5
      thresh= 5.901E-06 alpha_mix =  0.700 |ddv_scf|^2 =  1.241E-10

      iter #   5 total cpu time :  5081.8 secs   av.it.:   9.9
      thresh= 1.114E-06 alpha_mix =  0.700 |ddv_scf|^2 =  3.996E-13

      iter #   6 total cpu time :  5083.3 secs   av.it.:   9.6
      thresh= 6.321E-08 alpha_mix =  0.700 |ddv_scf|^2 =  6.963E-15

      iter #   7 total cpu time :  5085.2 secs   av.it.:   9.6
      thresh= 8.344E-09 alpha_mix =  0.700 |ddv_scf|^2 =  6.011E-17

      iter #   8 total cpu time :  5087.0 secs   av.it.:   9.8
      thresh= 7.753E-10 alpha_mix =  0.700 |ddv_scf|^2 =  4.450E-18

      iter #   9 total cpu time :  5088.5 secs   av.it.:   9.8
      thresh= 2.109E-10 alpha_mix =  0.700 |ddv_scf|^2 =  1.264E-18

      iter #  10 total cpu time :  5089.9 secs   av.it.:   9.6
      thresh= 1.124E-10 alpha_mix =  0.700 |ddv_scf|^2 =  9.221E-21

     End of self-consistent calculation

     Convergence has been achieved 


     Representation #   3 modes #   3   4

     Self-consistent Calculation

      iter #   1 total cpu time :  5093.6 secs   av.it.:   5.7
      thresh= 1.000E-02 alpha_mix =  0.700 |ddv_scf|^2 =  1.103E-07

      iter #   2 total cpu time :  5098.1 secs   av.it.:  11.1
      thresh= 3.321E-05 alpha_mix =  0.700 |ddv_scf|^2 =  2.128E-08

      iter #   3 total cpu time :  5102.3 secs   av.it.:  10.9
      thresh= 1.459E-05 alpha_mix =  0.700 |ddv_scf|^2 =  5.410E-10

      iter #   4 total cpu time :  5106.9 secs   av.it.:  10.8
      thresh= 2.326E-06 alpha_mix =  0.700 |ddv_scf|^2 =  5.708E-13

      iter #   5 total cpu time :  5111.5 secs   av.it.:  11.1
      thresh= 7.555E-08 alpha_mix =  0.700 |ddv_scf|^2 =  1.002E-14

      iter #   6 total cpu time :  5116.3 secs   av.it.:  10.9
      thresh= 1.001E-08 alpha_mix =  0.700 |ddv_scf|^2 =  1.301E-16

      iter #   7 total cpu time :  5120.6 secs   av.it.:  10.9
      thresh= 1.141E-09 alpha_mix =  0.700 |ddv_scf|^2 =  1.799E-18

      iter #   8 total cpu time :  5124.8 secs   av.it.:  11.0
      thresh= 1.341E-10 alpha_mix =  0.700 |ddv_scf|^2 =  6.340E-20

     End of self-consistent calculation

     Convergence has been achieved 


     Representation #   4 modes #   5   6

     Self-consistent Calculation

      iter #   1 total cpu time :  5128.1 secs   av.it.:   5.9
      thresh= 1.000E-02 alpha_mix =  0.700 |ddv_scf|^2 =  1.604E-07

      iter #   2 total cpu time :  5132.0 secs   av.it.:  11.1
      thresh= 4.005E-05 alpha_mix =  0.700 |ddv_scf|^2 =  3.303E-08

      iter #   3 total cpu time :  5136.7 secs   av.it.:  10.8
      thresh= 1.818E-05 alpha_mix =  0.700 |ddv_scf|^2 =  5.495E-10

      iter #   4 total cpu time :  5141.2 secs   av.it.:  10.7
      thresh= 2.344E-06 alpha_mix =  0.700 |ddv_scf|^2 =  4.482E-13

      iter #   5 total cpu time :  5145.0 secs   av.it.:  11.1
      thresh= 6.694E-08 alpha_mix =  0.700 |ddv_scf|^2 =  9.130E-15

      iter #   6 total cpu time :  5149.6 secs   av.it.:  10.8
      thresh= 9.555E-09 alpha_mix =  0.700 |ddv_scf|^2 =  1.140E-16

      iter #   7 total cpu time :  5154.3 secs   av.it.:  10.9
      thresh= 1.067E-09 alpha_mix =  0.700 |ddv_scf|^2 =  1.393E-18

      iter #   8 total cpu time :  5158.1 secs   av.it.:  11.0
      thresh= 1.180E-10 alpha_mix =  0.700 |ddv_scf|^2 =  5.467E-20

     End of self-consistent calculation

     Convergence has been achieved 

     Number of q in the star =    6
     List of q in the star:
          1  -0.000000000   0.000000000   0.530330086
          2   0.000000000  -0.530330086  -0.000000000
          3   0.530330086   0.000000000  -0.000000000
          4   0.000000000  -0.000000000  -0.530330086
          5  -0.000000000   0.530330086   0.000000000
          6  -0.530330086  -0.000000000   0.000000000

     Diagonalizing the dynamical matrix

     q = (    0.000000000  -0.000000000   0.530330086 ) 

 **************************************************************************
     freq (    1) =       4.000145 [THz] =     133.430488 [cm-1]
     freq (    2) =       4.000145 [THz] =     133.430488 [cm-1]
     freq (    3) =       9.961888 [THz] =     332.292822 [cm-1]
     freq (    4) =      13.668669 [THz] =     455.937715 [cm-1]
     freq (    5) =      13.777272 [THz] =     459.560328 [cm-1]
     freq (    6) =      13.777272 [THz] =     459.560328 [cm-1]
 **************************************************************************

     Mode symmetry, C_4v (4mm)  point group:

     freq (   1-   2) =        133.4  [cm-1]   --> E    G_5 D_5       
     freq (   3-   3) =        332.3  [cm-1]   --> A_1  G_1 D_1       
     freq (   4-   4) =        455.9  [cm-1]   --> B_2  G_4 D_2'      
     freq (   5-   6) =        459.6  [cm-1]   --> E    G_5 D_5       

     Calculation of q =    0.6187184  -0.6187184  -0.0883883

     Parallelization info
     --------------------
     sticks:   dense  smooth     PW     G-vecs:    dense   smooth      PW
     Min          53      27     11                 1054      373     101
     Max          54      28     12                 1057      376     103
     Sum         859     433    187                16889     5985    1639

     Using Slab Decomposition


     Title: 
     default                                                                    


     bravais-lattice index     =            0
     lattice parameter (alat)  =       7.2595  a.u.
     unit-cell volume          =     270.5223 (a.u.)^3
     number of atoms/cell      =            2
     number of atomic types    =            1
     number of electrons       =         8.00
     number of Kohn-Sham states=            4
     kinetic-energy cutoff     =      30.0000  Ry
     charge density cutoff     =     240.0000  Ry
     Exchange-correlation= PBESOL
                           (   1   4  10   8   0   0   0)

     celldm(1)=   7.259489  celldm(2)=   0.000000  celldm(3)=   0.000000
     celldm(4)=   0.000000  celldm(5)=   0.000000  celldm(6)=   0.000000

     crystal axes: (cart. coord. in units of alat)
               a(1) = (   0.707107   0.707107   0.000000 )  
               a(2) = (   0.707107   0.000000   0.707107 )  
               a(3) = (   0.000000   0.707107   0.707107 )  

     reciprocal axes: (cart. coord. in units 2 pi/alat)
               b(1) = (  0.707107  0.707107 -0.707107 )  
               b(2) = (  0.707107 -0.707107  0.707107 )  
               b(3) = ( -0.707107  0.707107  0.707107 )  


     PseudoPot. # 1 for Si read from file:
     ../pseudo/Si.pbesol-n-rrkjus_psl.1.0.0.UPF
     MD5 check sum: c4212819de858c94c3a1644338846ac9
     Pseudo is Ultrasoft + core correction, Zval =  4.0
     Generated using "atomic" code by A. Dal Corso  v.6.0 svn rev. 13079
     Using radial grid of 1141 points,  6 beta functions with: 
                l(1) =   0
                l(2) =   0
                l(3) =   1
                l(4) =   1
                l(5) =   2
                l(6) =   2
     Q(r) pseudized with 0 coefficients 


     atomic species   valence    mass     pseudopotential
        Si             4.00    28.08550     Si( 1.00)

     48 Sym. Ops., with inversion, found



   Cartesian axes

     site n.     atom                  positions (alat units)
         1           Si  tau(   1) = (   0.0000000   0.0000000   0.0000000  )
         2           Si  tau(   2) = (   0.3535534   0.3535534   0.3535534  )

     number of k points=  2940

     Number of k-points >= 100: set verbosity='high' to print them.

     Dense  grid:    16889 G-vectors     FFT dimensions: (  36,  36,  36)

     Smooth grid:     5985 G-vectors     FFT dimensions: (  32,  32,  32)

     Estimated max dynamical RAM per process >       4.76 MB

     Estimated total dynamical RAM >      76.23 MB

     The potential is recalculated from file :
     tmp/_ph0/si.save/charge-density

     Starting wfcs are    8 atomic wfcs

     Band Structure Calculation
     Davidson diagonalization with overlap

     ethr =  1.25E-10,  avg # of iterations = 13.4

     total cpu time spent up to now is      212.4 secs

     End of band structure calculation

     Number of k-points >= 100: set verbosity='high' to print the bands.

     highest occupied level (ev):     6.1438

     Writing config to output data dir tmp/_ph0/si.save/

     default                                                                    

     bravais-lattice index     =            0
     lattice parameter (alat)  =       7.2595  a.u.
     unit-cell volume          =     270.5223 (a.u.)^3
     number of atoms/cell      =            2
     number of atomic types    =            1
     kinetic-energy cut-off    =      30.0000  Ry
     charge density cut-off    =     240.0000  Ry
     convergence threshold     =      1.6E-19
     beta                      =       0.7000
     number of iterations used =            4
     Exchange-correlation= PBESOL
                           (   1   4  10   8   0   0   0)


     celldm(1)=    7.25949  celldm(2)=    0.00000  celldm(3)=    0.00000
     celldm(4)=    0.00000  celldm(5)=    0.00000  celldm(6)=    0.00000

     crystal axes: (cart. coord. in units of alat)
               a(1) = (  0.7071  0.7071  0.0000 )  
               a(2) = (  0.7071  0.0000  0.7071 )  
               a(3) = (  0.0000  0.7071  0.7071 )  

     reciprocal axes: (cart. coord. in units 2 pi/alat)
               b(1) = (  0.7071  0.7071 -0.7071 )  
               b(2) = (  0.7071 -0.7071  0.7071 )  
               b(3) = ( -0.7071  0.7071  0.7071 )  


     Atoms inside the unit cell: 

     Cartesian axes

     site n.  atom      mass           positions (alat units)
        1     Si  28.0855   tau(    1) = (    0.00000    0.00000    0.00000  )
        2     Si  28.0855   tau(    2) = (    0.35355    0.35355    0.35355  )

     Computing dynamical matrix for 
                    q = (   0.6187184  -0.6187184  -0.0883883 )

      2 Sym.Ops. (no q -> -q+G )


     G cutoff =  320.3787  (   1057 G-vectors)     FFT grid: ( 36, 36, 36)
     G cutoff =  160.1893  (    374 G-vectors)  smooth grid: ( 32, 32, 32)
     number of k points=  2940

     PseudoPot. # 1 for Si read from file:
     ../pseudo/Si.pbesol-n-rrkjus_psl.1.0.0.UPF
     MD5 check sum: c4212819de858c94c3a1644338846ac9
     Pseudo is Ultrasoft + core correction, Zval =  4.0
     Generated using "atomic" code by A. Dal Corso  v.6.0 svn rev. 13079
     Using radial grid of 1141 points,  6 beta functions with: 
                l(1) =   0
                l(2) =   0
                l(3) =   1
                l(4) =   1
                l(5) =   2
                l(6) =   2
     Q(r) pseudized with 0 coefficients 


     Mode symmetry, C_s (m)     point group:


     Atomic displacements:
     There are    6 irreducible representations

     Representation     1      1 modes -  To be done

     Representation     2      1 modes -  To be done

     Representation     3      1 modes -  To be done

     Representation     4      1 modes -  To be done

     Representation     5      1 modes -  To be done

     Representation     6      1 modes -  To be done



     Alpha used in Ewald sum =   2.5000
     PHONON       :      1h24m CPU      1h26m WALL



     Representation #   1 mode #   1

     Self-consistent Calculation

      iter #   1 total cpu time :  5184.4 secs   av.it.:   6.1
      thresh= 1.000E-02 alpha_mix =  0.700 |ddv_scf|^2 =  6.104E-06

      iter #   2 total cpu time :  5190.7 secs   av.it.:  10.3
      thresh= 2.471E-04 alpha_mix =  0.700 |ddv_scf|^2 =  1.255E-05

      iter #   3 total cpu time :  5197.2 secs   av.it.:   9.3
      thresh= 3.543E-04 alpha_mix =  0.700 |ddv_scf|^2 =  7.037E-08

      iter #   4 total cpu time :  5203.5 secs   av.it.:   9.9
      thresh= 2.653E-05 alpha_mix =  0.700 |ddv_scf|^2 =  3.849E-09

      iter #   5 total cpu time :  5210.6 secs   av.it.:  10.0
      thresh= 6.204E-06 alpha_mix =  0.700 |ddv_scf|^2 =  5.633E-10

      iter #   6 total cpu time :  5216.7 secs   av.it.:  10.0
      thresh= 2.373E-06 alpha_mix =  0.700 |ddv_scf|^2 =  3.276E-12

      iter #   7 total cpu time :  5223.3 secs   av.it.:  10.3
      thresh= 1.810E-07 alpha_mix =  0.700 |ddv_scf|^2 =  1.148E-13

      iter #   8 total cpu time :  5229.8 secs   av.it.:  10.4
      thresh= 3.389E-08 alpha_mix =  0.700 |ddv_scf|^2 =  1.881E-14

      iter #   9 total cpu time :  5236.6 secs   av.it.:  10.2
      thresh= 1.372E-08 alpha_mix =  0.700 |ddv_scf|^2 =  2.126E-14

      iter #  10 total cpu time :  5242.5 secs   av.it.:   9.3
      thresh= 1.458E-08 alpha_mix =  0.700 |ddv_scf|^2 =  4.348E-16

      iter #  11 total cpu time :  5250.0 secs   av.it.:  10.2
      thresh= 2.085E-09 alpha_mix =  0.700 |ddv_scf|^2 =  1.453E-16

      iter #  12 total cpu time :  5257.3 secs   av.it.:   9.9
      thresh= 1.206E-09 alpha_mix =  0.700 |ddv_scf|^2 =  9.446E-18

      iter #  13 total cpu time :  5263.1 secs   av.it.:  10.0
      thresh= 3.073E-10 alpha_mix =  0.700 |ddv_scf|^2 =  6.509E-19

      iter #  14 total cpu time :  5268.5 secs   av.it.:  10.0
      thresh= 8.068E-11 alpha_mix =  0.700 |ddv_scf|^2 =  6.715E-20

     End of self-consistent calculation

     Convergence has been achieved 


     Representation #   2 mode #   2

     Self-consistent Calculation

      iter #   1 total cpu time :  5274.6 secs   av.it.:   6.2
      thresh= 1.000E-02 alpha_mix =  0.700 |ddv_scf|^2 =  7.023E-06

      iter #   2 total cpu time :  5280.7 secs   av.it.:  10.3
      thresh= 2.650E-04 alpha_mix =  0.700 |ddv_scf|^2 =  1.455E-05

      iter #   3 total cpu time :  5285.9 secs   av.it.:   9.3
      thresh= 3.814E-04 alpha_mix =  0.700 |ddv_scf|^2 =  8.118E-08

      iter #   4 total cpu time :  5291.4 secs   av.it.:   9.9
      thresh= 2.849E-05 alpha_mix =  0.700 |ddv_scf|^2 =  3.753E-09

      iter #   5 total cpu time :  5297.1 secs   av.it.:  10.0
      thresh= 6.126E-06 alpha_mix =  0.700 |ddv_scf|^2 =  1.538E-10

      iter #   6 total cpu time :  5302.4 secs   av.it.:  10.2
      thresh= 1.240E-06 alpha_mix =  0.700 |ddv_scf|^2 =  6.555E-12

      iter #   7 total cpu time :  5308.2 secs   av.it.:  10.1
      thresh= 2.560E-07 alpha_mix =  0.700 |ddv_scf|^2 =  2.309E-13

      iter #   8 total cpu time :  5314.1 secs   av.it.:  10.4
      thresh= 4.806E-08 alpha_mix =  0.700 |ddv_scf|^2 =  1.099E-14

      iter #   9 total cpu time :  5321.2 secs   av.it.:  10.3
      thresh= 1.049E-08 alpha_mix =  0.700 |ddv_scf|^2 =  1.102E-14

      iter #  10 total cpu time :  5327.3 secs   av.it.:   9.4
      thresh= 1.050E-08 alpha_mix =  0.700 |ddv_scf|^2 =  6.603E-16

      iter #  11 total cpu time :  5334.1 secs   av.it.:  10.1
      thresh= 2.570E-09 alpha_mix =  0.700 |ddv_scf|^2 =  1.559E-16

      iter #  12 total cpu time :  5341.5 secs   av.it.:   9.9
      thresh= 1.249E-09 alpha_mix =  0.700 |ddv_scf|^2 =  5.303E-18

      iter #  13 total cpu time :  5347.8 secs   av.it.:  10.2
      thresh= 2.303E-10 alpha_mix =  0.700 |ddv_scf|^2 =  6.787E-19

      iter #  14 total cpu time :  5354.6 secs   av.it.:  10.0
      thresh= 8.238E-11 alpha_mix =  0.700 |ddv_scf|^2 =  7.456E-20

     End of self-consistent calculation

     Convergence has been achieved 


     Representation #   3 mode #   3

     Self-consistent Calculation

      iter #   1 total cpu time :  5359.2 secs   av.it.:   5.9
      thresh= 1.000E-02 alpha_mix =  0.700 |ddv_scf|^2 =  2.697E-06

      iter #   2 total cpu time :  5365.1 secs   av.it.:  10.3
      thresh= 1.642E-04 alpha_mix =  0.700 |ddv_scf|^2 =  4.291E-06

      iter #   3 total cpu time :  5370.4 secs   av.it.:   9.3
      thresh= 2.072E-04 alpha_mix =  0.700 |ddv_scf|^2 =  8.810E-08

      iter #   4 total cpu time :  5376.6 secs   av.it.:   9.7
      thresh= 2.968E-05 alpha_mix =  0.700 |ddv_scf|^2 =  2.289E-09

      iter #   5 total cpu time :  5383.1 secs   av.it.:  10.1
      thresh= 4.784E-06 alpha_mix =  0.700 |ddv_scf|^2 =  3.255E-10

      iter #   6 total cpu time :  5389.7 secs   av.it.:   9.9
      thresh= 1.804E-06 alpha_mix =  0.700 |ddv_scf|^2 =  4.023E-12

      iter #   7 total cpu time :  5396.9 secs   av.it.:  10.2
      thresh= 2.006E-07 alpha_mix =  0.700 |ddv_scf|^2 =  1.151E-13

      iter #   8 total cpu time :  5404.0 secs   av.it.:  10.5
      thresh= 3.392E-08 alpha_mix =  0.700 |ddv_scf|^2 =  2.456E-14

      iter #   9 total cpu time :  5410.4 secs   av.it.:  10.1
      thresh= 1.567E-08 alpha_mix =  0.700 |ddv_scf|^2 =  1.452E-14

      iter #  10 total cpu time :  5416.9 secs   av.it.:   9.5
      thresh= 1.205E-08 alpha_mix =  0.700 |ddv_scf|^2 =  5.498E-16

      iter #  11 total cpu time :  5423.2 secs   av.it.:  10.1
      thresh= 2.345E-09 alpha_mix =  0.700 |ddv_scf|^2 =  1.286E-16

      iter #  12 total cpu time :  5429.8 secs   av.it.:  10.1
      thresh= 1.134E-09 alpha_mix =  0.700 |ddv_scf|^2 =  1.878E-17

      iter #  13 total cpu time :  5436.4 secs   av.it.:   9.9
      thresh= 4.334E-10 alpha_mix =  0.700 |ddv_scf|^2 =  6.423E-19

      iter #  14 total cpu time :  5443.5 secs   av.it.:  10.1
      thresh= 8.015E-11 alpha_mix =  0.700 |ddv_scf|^2 =  3.275E-20

     End of self-consistent calculation

     Convergence has been achieved 


     Representation #   4 mode #   4

     Self-consistent Calculation

      iter #   1 total cpu time :  5448.7 secs   av.it.:   6.0
      thresh= 1.000E-02 alpha_mix =  0.700 |ddv_scf|^2 =  3.616E-06

      iter #   2 total cpu time :  5454.7 secs   av.it.:  10.4
      thresh= 1.902E-04 alpha_mix =  0.700 |ddv_scf|^2 =  6.291E-06

      iter #   3 total cpu time :  5460.4 secs   av.it.:   9.4
      thresh= 2.508E-04 alpha_mix =  0.700 |ddv_scf|^2 =  9.054E-08

      iter #   4 total cpu time :  5467.6 secs   av.it.:   9.8
      thresh= 3.009E-05 alpha_mix =  0.700 |ddv_scf|^2 =  3.583E-09

      iter #   5 total cpu time :  5472.6 secs   av.it.:  10.1
      thresh= 5.986E-06 alpha_mix =  0.700 |ddv_scf|^2 =  6.773E-10

      iter #   6 total cpu time :  5478.5 secs   av.it.:  10.0
      thresh= 2.602E-06 alpha_mix =  0.700 |ddv_scf|^2 =  4.729E-12

      iter #   7 total cpu time :  5484.5 secs   av.it.:  10.4
      thresh= 2.175E-07 alpha_mix =  0.700 |ddv_scf|^2 =  1.881E-13

      iter #   8 total cpu time :  5491.3 secs   av.it.:  10.4
      thresh= 4.337E-08 alpha_mix =  0.700 |ddv_scf|^2 =  1.003E-14

      iter #   9 total cpu time :  5498.1 secs   av.it.:  10.4
      thresh= 1.001E-08 alpha_mix =  0.700 |ddv_scf|^2 =  9.059E-15

      iter #  10 total cpu time :  5503.9 secs   av.it.:   9.5
      thresh= 9.518E-09 alpha_mix =  0.700 |ddv_scf|^2 =  4.102E-16

      iter #  11 total cpu time :  5510.7 secs   av.it.:  10.0
      thresh= 2.025E-09 alpha_mix =  0.700 |ddv_scf|^2 =  7.817E-17

      iter #  12 total cpu time :  5516.9 secs   av.it.:  10.0
      thresh= 8.841E-10 alpha_mix =  0.700 |ddv_scf|^2 =  8.692E-18

      iter #  13 total cpu time :  5523.3 secs   av.it.:  10.0
      thresh= 2.948E-10 alpha_mix =  0.700 |ddv_scf|^2 =  8.246E-19

      iter #  14 total cpu time :  5529.6 secs   av.it.:  10.0
      thresh= 9.081E-11 alpha_mix =  0.700 |ddv_scf|^2 =  2.058E-19

      iter #  15 total cpu time :  5536.7 secs   av.it.:   9.7
      thresh= 4.537E-11 alpha_mix =  0.700 |ddv_scf|^2 =  6.439E-20

     End of self-consistent calculation

     Convergence has been achieved 


     Representation #   5 mode #   5

     Self-consistent Calculation

      iter #   1 total cpu time :  5540.5 secs   av.it.:   5.6
      thresh= 1.000E-02 alpha_mix =  0.700 |ddv_scf|^2 =  5.656E-07

      iter #   2 total cpu time :  5545.9 secs   av.it.:  10.1
      thresh= 7.521E-05 alpha_mix =  0.700 |ddv_scf|^2 =  1.188E-07

      iter #   3 total cpu time :  5552.0 secs   av.it.:   9.8
      thresh= 3.447E-05 alpha_mix =  0.700 |ddv_scf|^2 =  2.214E-09

      iter #   4 total cpu time :  5556.9 secs   av.it.:   9.7
      thresh= 4.705E-06 alpha_mix =  0.700 |ddv_scf|^2 =  1.933E-12

      iter #   5 total cpu time :  5562.4 secs   av.it.:  10.2
      thresh= 1.390E-07 alpha_mix =  0.700 |ddv_scf|^2 =  4.146E-14

      iter #   6 total cpu time :  5566.6 secs   av.it.:   9.9
      thresh= 2.036E-08 alpha_mix =  0.700 |ddv_scf|^2 =  4.161E-16

      iter #   7 total cpu time :  5571.1 secs   av.it.:  10.0
      thresh= 2.040E-09 alpha_mix =  0.700 |ddv_scf|^2 =  7.653E-18

      iter #   8 total cpu time :  5576.0 secs   av.it.:  10.1
      thresh= 2.766E-10 alpha_mix =  0.700 |ddv_scf|^2 =  2.527E-19

      iter #   9 total cpu time :  5580.5 secs   av.it.:  10.2
      thresh= 5.027E-11 alpha_mix =  0.700 |ddv_scf|^2 =  1.451E-20

     End of self-consistent calculation

     Convergence has been achieved 


     Representation #   6 mode #   6

     Self-consistent Calculation

      iter #   1 total cpu time :  5583.4 secs   av.it.:   5.6
      thresh= 1.000E-02 alpha_mix =  0.700 |ddv_scf|^2 =  5.656E-07

      iter #   2 total cpu time :  5588.0 secs   av.it.:  10.1
      thresh= 7.521E-05 alpha_mix =  0.700 |ddv_scf|^2 =  1.188E-07

      iter #   3 total cpu time :  5592.1 secs   av.it.:   9.8
      thresh= 3.447E-05 alpha_mix =  0.700 |ddv_scf|^2 =  2.214E-09

      iter #   4 total cpu time :  5596.2 secs   av.it.:   9.7
      thresh= 4.705E-06 alpha_mix =  0.700 |ddv_scf|^2 =  1.933E-12

      iter #   5 total cpu time :  5600.8 secs   av.it.:  10.2
      thresh= 1.390E-07 alpha_mix =  0.700 |ddv_scf|^2 =  4.145E-14

      iter #   6 total cpu time :  5605.5 secs   av.it.:   9.9
      thresh= 2.036E-08 alpha_mix =  0.700 |ddv_scf|^2 =  4.160E-16

      iter #   7 total cpu time :  5610.5 secs   av.it.:  10.0
      thresh= 2.040E-09 alpha_mix =  0.700 |ddv_scf|^2 =  7.654E-18

      iter #   8 total cpu time :  5615.7 secs   av.it.:  10.1
      thresh= 2.766E-10 alpha_mix =  0.700 |ddv_scf|^2 =  2.524E-19

      iter #   9 total cpu time :  5620.3 secs   av.it.:  10.2
      thresh= 5.024E-11 alpha_mix =  0.700 |ddv_scf|^2 =  1.445E-20

     End of self-consistent calculation

     Convergence has been achieved 

     Number of q in the star =   24
     List of q in the star:
          1   0.618718434  -0.618718434  -0.088388348
          2  -0.618718434  -0.618718434  -0.088388348
          3   0.618718434   0.618718434  -0.088388348
          4  -0.618718434   0.618718434  -0.088388348
          5  -0.618718434   0.088388348   0.618718434
          6  -0.088388348   0.618718434   0.618718434
          7   0.618718434   0.618718434   0.088388348
          8  -0.618718434  -0.618718434   0.088388348
          9   0.618718434  -0.088388348  -0.618718434
         10  -0.618718434  -0.088388348   0.618718434
         11   0.088388348  -0.618718434  -0.618718434
         12  -0.618718434   0.088388348  -0.618718434
         13   0.618718434   0.088388348   0.618718434
         14  -0.088388348   0.618718434  -0.618718434
         15  -0.088388348  -0.618718434   0.618718434
         16   0.088388348   0.618718434   0.618718434
         17   0.618718434  -0.618718434   0.088388348
         18  -0.618718434  -0.088388348  -0.618718434
         19   0.088388348   0.618718434  -0.618718434
         20   0.618718434  -0.088388348   0.618718434
         21  -0.618718434   0.618718434   0.088388348
         22   0.618718434   0.088388348  -0.618718434
         23  -0.088388348  -0.618718434  -0.618718434
         24   0.088388348  -0.618718434   0.618718434

     Diagonalizing the dynamical matrix

     q = (    0.618718434  -0.618718434  -0.088388348 ) 

 **************************************************************************
     freq (    1) =       4.049531 [THz] =     135.077801 [cm-1]
     freq (    2) =       4.931019 [THz] =     164.481091 [cm-1]
     freq (    3) =      10.703531 [THz] =     357.031379 [cm-1]
     freq (    4) =      12.435516 [THz] =     414.804180 [cm-1]
     freq (    5) =      13.733778 [THz] =     458.109521 [cm-1]
     freq (    6) =      13.935749 [THz] =     464.846560 [cm-1]
 **************************************************************************

     Mode symmetry, C_s (m)     point group:

     freq (   1-   1) =        135.1  [cm-1]   --> A''                
     freq (   2-   2) =        164.5  [cm-1]   --> A'                 
     freq (   3-   3) =        357.0  [cm-1]   --> A'                 
     freq (   4-   4) =        414.8  [cm-1]   --> A'                 
     freq (   5-   5) =        458.1  [cm-1]   --> A''                
     freq (   6-   6) =        464.8  [cm-1]   --> A'                 

     Calculation of q =    0.5303301  -0.5303301   0.0000000

     Parallelization info
     --------------------
     sticks:   dense  smooth     PW     G-vecs:    dense   smooth      PW
     Min          53      27     10                 1054      373      91
     Max          54      28     11                 1057      376      94
     Sum         859     433    169                16889     5985    1471

     Using Slab Decomposition


     Title: 
     default                                                                    


     bravais-lattice index     =            0
     lattice parameter (alat)  =       7.2595  a.u.
     unit-cell volume          =     270.5223 (a.u.)^3
     number of atoms/cell      =            2
     number of atomic types    =            1
     number of electrons       =         8.00
     number of Kohn-Sham states=            4
     kinetic-energy cutoff     =      30.0000  Ry
     charge density cutoff     =     240.0000  Ry
     Exchange-correlation= PBESOL
                           (   1   4  10   8   0   0   0)

     celldm(1)=   7.259489  celldm(2)=   0.000000  celldm(3)=   0.000000
     celldm(4)=   0.000000  celldm(5)=   0.000000  celldm(6)=   0.000000

     crystal axes: (cart. coord. in units of alat)
               a(1) = (   0.707107   0.707107   0.000000 )  
               a(2) = (   0.707107   0.000000   0.707107 )  
               a(3) = (   0.000000   0.707107   0.707107 )  

     reciprocal axes: (cart. coord. in units 2 pi/alat)
               b(1) = (  0.707107  0.707107 -0.707107 )  
               b(2) = (  0.707107 -0.707107  0.707107 )  
               b(3) = ( -0.707107  0.707107  0.707107 )  


     PseudoPot. # 1 for Si read from file:
     ../pseudo/Si.pbesol-n-rrkjus_psl.1.0.0.UPF
     MD5 check sum: c4212819de858c94c3a1644338846ac9
     Pseudo is Ultrasoft + core correction, Zval =  4.0
     Generated using "atomic" code by A. Dal Corso  v.6.0 svn rev. 13079
     Using radial grid of 1141 points,  6 beta functions with: 
                l(1) =   0
                l(2) =   0
                l(3) =   1
                l(4) =   1
                l(5) =   2
                l(6) =   2
     Q(r) pseudized with 0 coefficients 


     atomic species   valence    mass     pseudopotential
        Si             4.00    28.08550     Si( 1.00)

     48 Sym. Ops., with inversion, found



   Cartesian axes

     site n.     atom                  positions (alat units)
         1           Si  tau(   1) = (   0.0000000   0.0000000   0.0000000  )
         2           Si  tau(   2) = (   0.3535534   0.3535534   0.3535534  )

     number of k points=  1582

     Number of k-points >= 100: set verbosity='high' to print them.

     Dense  grid:    16889 G-vectors     FFT dimensions: (  36,  36,  36)

     Smooth grid:     5985 G-vectors     FFT dimensions: (  32,  32,  32)

     Estimated max dynamical RAM per process >       4.76 MB

     Estimated total dynamical RAM >      76.09 MB

     The potential is recalculated from file :
     tmp/_ph0/si.save/charge-density

     Starting wfcs are    8 atomic wfcs

     Band Structure Calculation
     Davidson diagonalization with overlap

     ethr =  1.25E-10,  avg # of iterations = 13.4

     total cpu time spent up to now is      220.0 secs

     End of band structure calculation

     Number of k-points >= 100: set verbosity='high' to print the bands.

     highest occupied level (ev):     6.1438

     Writing config to output data dir tmp/_ph0/si.save/

     default                                                                    

     bravais-lattice index     =            0
     lattice parameter (alat)  =       7.2595  a.u.
     unit-cell volume          =     270.5223 (a.u.)^3
     number of atoms/cell      =            2
     number of atomic types    =            1
     kinetic-energy cut-off    =      30.0000  Ry
     charge density cut-off    =     240.0000  Ry
     convergence threshold     =      1.6E-19
     beta                      =       0.7000
     number of iterations used =            4
     Exchange-correlation= PBESOL
                           (   1   4  10   8   0   0   0)


     celldm(1)=    7.25949  celldm(2)=    0.00000  celldm(3)=    0.00000
     celldm(4)=    0.00000  celldm(5)=    0.00000  celldm(6)=    0.00000

     crystal axes: (cart. coord. in units of alat)
               a(1) = (  0.7071  0.7071  0.0000 )  
               a(2) = (  0.7071  0.0000  0.7071 )  
               a(3) = (  0.0000  0.7071  0.7071 )  

     reciprocal axes: (cart. coord. in units 2 pi/alat)
               b(1) = (  0.7071  0.7071 -0.7071 )  
               b(2) = (  0.7071 -0.7071  0.7071 )  
               b(3) = ( -0.7071  0.7071  0.7071 )  


     Atoms inside the unit cell: 

     Cartesian axes

     site n.  atom      mass           positions (alat units)
        1     Si  28.0855   tau(    1) = (    0.00000    0.00000    0.00000  )
        2     Si  28.0855   tau(    2) = (    0.35355    0.35355    0.35355  )

     Computing dynamical matrix for 
                    q = (   0.5303301  -0.5303301   0.0000000 )

      4 Sym.Ops. (no q -> -q+G )


     G cutoff =  320.3787  (   1057 G-vectors)     FFT grid: ( 36, 36, 36)
     G cutoff =  160.1893  (    374 G-vectors)  smooth grid: ( 32, 32, 32)
     number of k points=  1582

     PseudoPot. # 1 for Si read from file:
     ../pseudo/Si.pbesol-n-rrkjus_psl.1.0.0.UPF
     MD5 check sum: c4212819de858c94c3a1644338846ac9
     Pseudo is Ultrasoft + core correction, Zval =  4.0
     Generated using "atomic" code by A. Dal Corso  v.6.0 svn rev. 13079
     Using radial grid of 1141 points,  6 beta functions with: 
                l(1) =   0
                l(2) =   0
                l(3) =   1
                l(4) =   1
                l(5) =   2
                l(6) =   2
     Q(r) pseudized with 0 coefficients 


     Mode symmetry, C_2v (mm2)  point group:


     Atomic displacements:
     There are    6 irreducible representations

     Representation     1      1 modes -  To be done

     Representation     2      1 modes -  To be done

     Representation     3      1 modes -  To be done

     Representation     4      1 modes -  To be done

     Representation     5      1 modes -  To be done

     Representation     6      1 modes -  To be done



     Alpha used in Ewald sum =   2.5000
     PHONON       :      1h31m CPU      1h33m WALL



     Representation #   1 mode #   1

     Self-consistent Calculation

      iter #   1 total cpu time :  5632.1 secs   av.it.:   5.9
      thresh= 1.000E-02 alpha_mix =  0.700 |ddv_scf|^2 =  3.797E-06

      iter #   2 total cpu time :  5635.0 secs   av.it.:  10.2
      thresh= 1.949E-04 alpha_mix =  0.700 |ddv_scf|^2 =  4.296E-06

      iter #   3 total cpu time :  5638.9 secs   av.it.:   9.4
      thresh= 2.073E-04 alpha_mix =  0.700 |ddv_scf|^2 =  1.414E-08

      iter #   4 total cpu time :  5642.4 secs   av.it.:   9.9
      thresh= 1.189E-05 alpha_mix =  0.700 |ddv_scf|^2 =  4.318E-09

      iter #   5 total cpu time :  5646.4 secs   av.it.:   9.7
      thresh= 6.571E-06 alpha_mix =  0.700 |ddv_scf|^2 =  2.929E-12

      iter #   6 total cpu time :  5649.0 secs   av.it.:   9.9
      thresh= 1.711E-07 alpha_mix =  0.700 |ddv_scf|^2 =  8.064E-14

      iter #   7 total cpu time :  5653.0 secs   av.it.:  10.1
      thresh= 2.840E-08 alpha_mix =  0.700 |ddv_scf|^2 =  2.315E-15

      iter #   8 total cpu time :  5656.3 secs   av.it.:   9.9
      thresh= 4.811E-09 alpha_mix =  0.700 |ddv_scf|^2 =  1.039E-16

      iter #   9 total cpu time :  5660.5 secs   av.it.:  10.2
      thresh= 1.019E-09 alpha_mix =  0.700 |ddv_scf|^2 =  7.512E-17

      iter #  10 total cpu time :  5663.8 secs   av.it.:   9.6
      thresh= 8.667E-10 alpha_mix =  0.700 |ddv_scf|^2 =  4.813E-18

      iter #  11 total cpu time :  5667.7 secs   av.it.:   9.8
      thresh= 2.194E-10 alpha_mix =  0.700 |ddv_scf|^2 =  1.057E-18

      iter #  12 total cpu time :  5670.3 secs   av.it.:   9.8
      thresh= 1.028E-10 alpha_mix =  0.700 |ddv_scf|^2 =  6.913E-20

     End of self-consistent calculation

     Convergence has been achieved 


     Representation #   2 mode #   2

     Self-consistent Calculation

      iter #   1 total cpu time :  5672.8 secs   av.it.:   6.2
      thresh= 1.000E-02 alpha_mix =  0.700 |ddv_scf|^2 =  5.492E-06

      iter #   2 total cpu time :  5676.8 secs   av.it.:  10.1
      thresh= 2.344E-04 alpha_mix =  0.700 |ddv_scf|^2 =  5.078E-06

      iter #   3 total cpu time :  5680.0 secs   av.it.:   9.5
      thresh= 2.253E-04 alpha_mix =  0.700 |ddv_scf|^2 =  2.420E-08

      iter #   4 total cpu time :  5683.1 secs   av.it.:   9.8
      thresh= 1.556E-05 alpha_mix =  0.700 |ddv_scf|^2 =  4.770E-09

      iter #   5 total cpu time :  5685.9 secs   av.it.:   9.6
      thresh= 6.906E-06 alpha_mix =  0.700 |ddv_scf|^2 =  1.520E-12

      iter #   6 total cpu time :  5689.0 secs   av.it.:  10.1
      thresh= 1.233E-07 alpha_mix =  0.700 |ddv_scf|^2 =  1.200E-13

      iter #   7 total cpu time :  5691.8 secs   av.it.:   9.8
      thresh= 3.463E-08 alpha_mix =  0.700 |ddv_scf|^2 =  5.291E-15

      iter #   8 total cpu time :  5696.0 secs   av.it.:  10.1
      thresh= 7.274E-09 alpha_mix =  0.700 |ddv_scf|^2 =  1.265E-15

      iter #   9 total cpu time :  5698.8 secs   av.it.:   9.6
      thresh= 3.556E-09 alpha_mix =  0.700 |ddv_scf|^2 =  1.126E-16

      iter #  10 total cpu time :  5702.0 secs   av.it.:   9.6
      thresh= 1.061E-09 alpha_mix =  0.700 |ddv_scf|^2 =  1.581E-17

      iter #  11 total cpu time :  5704.4 secs   av.it.:   9.6
      thresh= 3.976E-10 alpha_mix =  0.700 |ddv_scf|^2 =  1.178E-18

      iter #  12 total cpu time :  5708.7 secs   av.it.:   9.8
      thresh= 1.085E-10 alpha_mix =  0.700 |ddv_scf|^2 =  2.571E-19

      iter #  13 total cpu time :  5712.0 secs   av.it.:   9.6
      thresh= 5.071E-11 alpha_mix =  0.700 |ddv_scf|^2 =  2.952E-21

     End of self-consistent calculation

     Convergence has been achieved 


     Representation #   3 mode #   3

     Self-consistent Calculation

      iter #   1 total cpu time :  5715.2 secs   av.it.:   5.7
      thresh= 1.000E-02 alpha_mix =  0.700 |ddv_scf|^2 =  8.520E-07

      iter #   2 total cpu time :  5718.7 secs   av.it.:  10.0
      thresh= 9.230E-05 alpha_mix =  0.700 |ddv_scf|^2 =  1.653E-07

      iter #   3 total cpu time :  5722.2 secs   av.it.:   9.7
      thresh= 4.066E-05 alpha_mix =  0.700 |ddv_scf|^2 =  2.215E-09

      iter #   4 total cpu time :  5725.5 secs   av.it.:   9.3
      thresh= 4.706E-06 alpha_mix =  0.700 |ddv_scf|^2 =  9.530E-13

      iter #   5 total cpu time :  5728.5 secs   av.it.:   9.7
      thresh= 9.762E-08 alpha_mix =  0.700 |ddv_scf|^2 =  2.694E-14

      iter #   6 total cpu time :  5731.8 secs   av.it.:   9.3
      thresh= 1.641E-08 alpha_mix =  0.700 |ddv_scf|^2 =  1.283E-16

      iter #   7 total cpu time :  5734.8 secs   av.it.:   9.8
      thresh= 1.133E-09 alpha_mix =  0.700 |ddv_scf|^2 =  2.329E-18

      iter #   8 total cpu time :  5738.1 secs   av.it.:   9.4
      thresh= 1.526E-10 alpha_mix =  0.700 |ddv_scf|^2 =  1.117E-19

     End of self-consistent calculation

     Convergence has been achieved 


     Representation #   4 mode #   4

     Self-consistent Calculation

      iter #   1 total cpu time :  5740.2 secs   av.it.:   5.1
      thresh= 1.000E-02 alpha_mix =  0.700 |ddv_scf|^2 =  3.640E-07

      iter #   2 total cpu time :  5743.9 secs   av.it.:  10.1
      thresh= 6.034E-05 alpha_mix =  0.700 |ddv_scf|^2 =  3.172E-07

      iter #   3 total cpu time :  5747.1 secs   av.it.:   9.5
      thresh= 5.632E-05 alpha_mix =  0.700 |ddv_scf|^2 =  1.076E-08

      iter #   4 total cpu time :  5750.7 secs   av.it.:   9.7
      thresh= 1.037E-05 alpha_mix =  0.700 |ddv_scf|^2 =  2.087E-10

      iter #   5 total cpu time :  5754.0 secs   av.it.:  10.1
      thresh= 1.445E-06 alpha_mix =  0.700 |ddv_scf|^2 =  1.611E-12

      iter #   6 total cpu time :  5757.8 secs   av.it.:  10.1
      thresh= 1.269E-07 alpha_mix =  0.700 |ddv_scf|^2 =  5.543E-15

      iter #   7 total cpu time :  5760.9 secs   av.it.:   9.6
      thresh= 7.445E-09 alpha_mix =  0.700 |ddv_scf|^2 =  3.918E-16

      iter #   8 total cpu time :  5764.3 secs   av.it.:   9.8
      thresh= 1.979E-09 alpha_mix =  0.700 |ddv_scf|^2 =  8.660E-18

      iter #   9 total cpu time :  5766.9 secs   av.it.:  10.1
      thresh= 2.943E-10 alpha_mix =  0.700 |ddv_scf|^2 =  3.319E-18

      iter #  10 total cpu time :  5770.0 secs   av.it.:   9.8
      thresh= 1.822E-10 alpha_mix =  0.700 |ddv_scf|^2 =  5.926E-19

      iter #  11 total cpu time :  5773.3 secs   av.it.:   9.7
      thresh= 7.698E-11 alpha_mix =  0.700 |ddv_scf|^2 =  2.782E-20

     End of self-consistent calculation

     Convergence has been achieved 


     Representation #   5 mode #   5

     Self-consistent Calculation

      iter #   1 total cpu time :  5776.7 secs   av.it.:   6.0
      thresh= 1.000E-02 alpha_mix =  0.700 |ddv_scf|^2 =  5.650E-06

      iter #   2 total cpu time :  5779.9 secs   av.it.:  10.1
      thresh= 2.377E-04 alpha_mix =  0.700 |ddv_scf|^2 =  8.292E-06

      iter #   3 total cpu time :  5782.9 secs   av.it.:   9.4
      thresh= 2.880E-04 alpha_mix =  0.700 |ddv_scf|^2 =  4.593E-09

      iter #   4 total cpu time :  5786.1 secs   av.it.:   9.7
      thresh= 6.777E-06 alpha_mix =  0.700 |ddv_scf|^2 =  2.263E-10

      iter #   5 total cpu time :  5790.0 secs   av.it.:  10.1
      thresh= 1.504E-06 alpha_mix =  0.700 |ddv_scf|^2 =  7.910E-13

      iter #   6 total cpu time :  5793.5 secs   av.it.:   9.9
      thresh= 8.894E-08 alpha_mix =  0.700 |ddv_scf|^2 =  2.938E-14

      iter #   7 total cpu time :  5797.4 secs   av.it.:   9.8
      thresh= 1.714E-08 alpha_mix =  0.700 |ddv_scf|^2 =  1.008E-16

      iter #   8 total cpu time :  5800.5 secs   av.it.:  10.2
      thresh= 1.004E-09 alpha_mix =  0.700 |ddv_scf|^2 =  1.203E-17

      iter #   9 total cpu time :  5804.4 secs   av.it.:  10.2
      thresh= 3.468E-10 alpha_mix =  0.700 |ddv_scf|^2 =  1.088E-17

      iter #  10 total cpu time :  5807.5 secs   av.it.:   9.5
      thresh= 3.298E-10 alpha_mix =  0.700 |ddv_scf|^2 =  3.297E-20

     End of self-consistent calculation

     Convergence has been achieved 


     Representation #   6 mode #   6

     Self-consistent Calculation

      iter #   1 total cpu time :  5809.9 secs   av.it.:   4.9
      thresh= 1.000E-02 alpha_mix =  0.700 |ddv_scf|^2 =  1.011E-07

      iter #   2 total cpu time :  5813.1 secs   av.it.:   9.1
      thresh= 3.179E-05 alpha_mix =  0.700 |ddv_scf|^2 =  7.426E-09

      iter #   3 total cpu time :  5816.0 secs   av.it.:   9.3
      thresh= 8.617E-06 alpha_mix =  0.700 |ddv_scf|^2 =  1.241E-11

      iter #   4 total cpu time :  5819.1 secs   av.it.:   9.8
      thresh= 3.522E-07 alpha_mix =  0.700 |ddv_scf|^2 =  1.210E-13

      iter #   5 total cpu time :  5822.3 secs   av.it.:   9.5
      thresh= 3.478E-08 alpha_mix =  0.700 |ddv_scf|^2 =  3.654E-15

      iter #   6 total cpu time :  5825.5 secs   av.it.:   9.8
      thresh= 6.045E-09 alpha_mix =  0.700 |ddv_scf|^2 =  2.060E-17

      iter #   7 total cpu time :  5828.8 secs   av.it.:   9.8
      thresh= 4.539E-10 alpha_mix =  0.700 |ddv_scf|^2 =  6.624E-20

     End of self-consistent calculation

     Convergence has been achieved 

     Number of q in the star =   12
     List of q in the star:
          1   0.530330086  -0.530330086  -0.000000000
          2  -0.530330086   0.530330086   0.000000000
          3  -0.530330086  -0.530330086   0.000000000
          4   0.530330086   0.530330086  -0.000000000
          5  -0.530330086  -0.000000000   0.530330086
          6  -0.000000000   0.530330086   0.530330086
          7   0.530330086   0.000000000  -0.530330086
          8   0.000000000  -0.530330086  -0.530330086
          9  -0.530330086  -0.000000000  -0.530330086
         10   0.530330086   0.000000000   0.530330086
         11   0.000000000   0.530330086  -0.530330086
         12  -0.000000000  -0.530330086   0.530330086

     Diagonalizing the dynamical matrix

     q = (    0.530330086  -0.530330086   0.000000000 ) 

 **************************************************************************
     freq (    1) =       4.143607 [THz] =     138.215844 [cm-1]
     freq (    2) =       6.076361 [THz] =     202.685578 [cm-1]
     freq (    3) =      10.783695 [THz] =     359.705336 [cm-1]
     freq (    4) =      11.069020 [THz] =     369.222759 [cm-1]
     freq (    5) =      13.751020 [THz] =     458.684657 [cm-1]
     freq (    6) =      14.207384 [THz] =     473.907313 [cm-1]
 **************************************************************************

     Mode symmetry, C_2v (mm2)  point group:

     freq (   1-   1) =        138.2  [cm-1]   --> B_2  D_4  S_4      
     freq (   2-   2) =        202.7  [cm-1]   --> B_1  D_3  S_3      
     freq (   3-   3) =        359.7  [cm-1]   --> A_1  D_1  S_1      
     freq (   4-   4) =        369.2  [cm-1]   --> B_1  D_3  S_3      
     freq (   5-   5) =        458.7  [cm-1]   --> A_2  D_2  S_2      
     freq (   6-   6) =        473.9  [cm-1]   --> A_1  D_1  S_1      

     Calculation of q =    0.0000000   0.0000000  -0.7071068

     Parallelization info
     --------------------
     sticks:   dense  smooth     PW     G-vecs:    dense   smooth      PW
     Min          53      27     10                 1054      373      87
     Max          54      28     11                 1057      376      90
     Sum         859     433    163                16889     5985    1411

     Using Slab Decomposition


     Title: 
     default                                                                    


     bravais-lattice index     =            0
     lattice parameter (alat)  =       7.2595  a.u.
     unit-cell volume          =     270.5223 (a.u.)^3
     number of atoms/cell      =            2
     number of atomic types    =            1
     number of electrons       =         8.00
     number of Kohn-Sham states=            4
     kinetic-energy cutoff     =      30.0000  Ry
     charge density cutoff     =     240.0000  Ry
     Exchange-correlation= PBESOL
                           (   1   4  10   8   0   0   0)

     celldm(1)=   7.259489  celldm(2)=   0.000000  celldm(3)=   0.000000
     celldm(4)=   0.000000  celldm(5)=   0.000000  celldm(6)=   0.000000

     crystal axes: (cart. coord. in units of alat)
               a(1) = (   0.707107   0.707107   0.000000 )  
               a(2) = (   0.707107   0.000000   0.707107 )  
               a(3) = (   0.000000   0.707107   0.707107 )  

     reciprocal axes: (cart. coord. in units 2 pi/alat)
               b(1) = (  0.707107  0.707107 -0.707107 )  
               b(2) = (  0.707107 -0.707107  0.707107 )  
               b(3) = ( -0.707107  0.707107  0.707107 )  


     PseudoPot. # 1 for Si read from file:
     ../pseudo/Si.pbesol-n-rrkjus_psl.1.0.0.UPF
     MD5 check sum: c4212819de858c94c3a1644338846ac9
     Pseudo is Ultrasoft + core correction, Zval =  4.0
     Generated using "atomic" code by A. Dal Corso  v.6.0 svn rev. 13079
     Using radial grid of 1141 points,  6 beta functions with: 
                l(1) =   0
                l(2) =   0
                l(3) =   1
                l(4) =   1
                l(5) =   2
                l(6) =   2
     Q(r) pseudized with 0 coefficients 


     atomic species   valence    mass     pseudopotential
        Si             4.00    28.08550     Si( 1.00)

     48 Sym. Ops., with inversion, found



   Cartesian axes

     site n.     atom                  positions (alat units)
         1           Si  tau(   1) = (   0.0000000   0.0000000   0.0000000  )
         2           Si  tau(   2) = (   0.3535534   0.3535534   0.3535534  )

     number of k points=   488

     Number of k-points >= 100: set verbosity='high' to print them.

     Dense  grid:    16889 G-vectors     FFT dimensions: (  36,  36,  36)

     Smooth grid:     5985 G-vectors     FFT dimensions: (  32,  32,  32)

     Estimated max dynamical RAM per process >       4.75 MB

     Estimated total dynamical RAM >      76.03 MB

     The potential is recalculated from file :
     tmp/_ph0/si.save/charge-density

     Starting wfcs are    8 atomic wfcs

     Band Structure Calculation
     Davidson diagonalization with overlap

     ethr =  1.25E-10,  avg # of iterations = 13.3

     total cpu time spent up to now is      223.2 secs

     End of band structure calculation

     Number of k-points >= 100: set verbosity='high' to print the bands.

     highest occupied level (ev):     6.1438

     Writing config to output data dir tmp/_ph0/si.save/

     default                                                                    

     bravais-lattice index     =            0
     lattice parameter (alat)  =       7.2595  a.u.
     unit-cell volume          =     270.5223 (a.u.)^3
     number of atoms/cell      =            2
     number of atomic types    =            1
     kinetic-energy cut-off    =      30.0000  Ry
     charge density cut-off    =     240.0000  Ry
     convergence threshold     =      1.6E-19
     beta                      =       0.7000
     number of iterations used =            4
     Exchange-correlation= PBESOL
                           (   1   4  10   8   0   0   0)


     celldm(1)=    7.25949  celldm(2)=    0.00000  celldm(3)=    0.00000
     celldm(4)=    0.00000  celldm(5)=    0.00000  celldm(6)=    0.00000

     crystal axes: (cart. coord. in units of alat)
               a(1) = (  0.7071  0.7071  0.0000 )  
               a(2) = (  0.7071  0.0000  0.7071 )  
               a(3) = (  0.0000  0.7071  0.7071 )  

     reciprocal axes: (cart. coord. in units 2 pi/alat)
               b(1) = (  0.7071  0.7071 -0.7071 )  
               b(2) = (  0.7071 -0.7071  0.7071 )  
               b(3) = ( -0.7071  0.7071  0.7071 )  


     Atoms inside the unit cell: 

     Cartesian axes

     site n.  atom      mass           positions (alat units)
        1     Si  28.0855   tau(    1) = (    0.00000    0.00000    0.00000  )
        2     Si  28.0855   tau(    2) = (    0.35355    0.35355    0.35355  )

     Computing dynamical matrix for 
                    q = (   0.0000000   0.0000000  -0.7071068 )

     17 Sym.Ops. (with q -> -q+G )


     G cutoff =  320.3787  (   1057 G-vectors)     FFT grid: ( 36, 36, 36)
     G cutoff =  160.1893  (    374 G-vectors)  smooth grid: ( 32, 32, 32)
     number of k points=   488

     PseudoPot. # 1 for Si read from file:
     ../pseudo/Si.pbesol-n-rrkjus_psl.1.0.0.UPF
     MD5 check sum: c4212819de858c94c3a1644338846ac9
     Pseudo is Ultrasoft + core correction, Zval =  4.0
     Generated using "atomic" code by A. Dal Corso  v.6.0 svn rev. 13079
     Using radial grid of 1141 points,  6 beta functions with: 
                l(1) =   0
                l(2) =   0
                l(3) =   1
                l(4) =   1
                l(5) =   2
                l(6) =   2
     Q(r) pseudized with 0 coefficients 



     Atomic displacements:
     There are    3 irreducible representations

     Representation     1      2 modes -  To be done

     Representation     2      2 modes -  To be done

     Representation     3      2 modes -  To be done



     Alpha used in Ewald sum =   2.5000
     PHONON       :      1h34m CPU      1h37m WALL



     Representation #   1 modes #   1   2

     Self-consistent Calculation

      iter #   1 total cpu time :  5833.8 secs   av.it.:   4.9
      thresh= 1.000E-02 alpha_mix =  0.700 |ddv_scf|^2 =  2.537E-08

      iter #   2 total cpu time :  5836.1 secs   av.it.:  10.2
      thresh= 1.593E-05 alpha_mix =  0.700 |ddv_scf|^2 =  1.794E-09

      iter #   3 total cpu time :  5837.9 secs   av.it.:  10.3
      thresh= 4.236E-06 alpha_mix =  0.700 |ddv_scf|^2 =  4.007E-12

      iter #   4 total cpu time :  5839.9 secs   av.it.:  10.4
      thresh= 2.002E-07 alpha_mix =  0.700 |ddv_scf|^2 =  5.549E-14

      iter #   5 total cpu time :  5841.4 secs   av.it.:  10.7
      thresh= 2.356E-08 alpha_mix =  0.700 |ddv_scf|^2 =  2.042E-16

      iter #   6 total cpu time :  5843.1 secs   av.it.:  10.3
      thresh= 1.429E-09 alpha_mix =  0.700 |ddv_scf|^2 =  3.362E-18

      iter #   7 total cpu time :  5845.0 secs   av.it.:  11.0
      thresh= 1.834E-10 alpha_mix =  0.700 |ddv_scf|^2 =  2.431E-20

     End of self-consistent calculation

     Convergence has been achieved 


     Representation #   2 modes #   3   4

     Self-consistent Calculation

      iter #   1 total cpu time :  5846.5 secs   av.it.:   6.2
      thresh= 1.000E-02 alpha_mix =  0.700 |ddv_scf|^2 =  1.685E-06

      iter #   2 total cpu time :  5848.3 secs   av.it.:  10.7
      thresh= 1.298E-04 alpha_mix =  0.700 |ddv_scf|^2 =  2.369E-06

      iter #   3 total cpu time :  5850.4 secs   av.it.:  10.0
      thresh= 1.539E-04 alpha_mix =  0.700 |ddv_scf|^2 =  1.188E-09

      iter #   4 total cpu time :  5852.2 secs   av.it.:  10.6
      thresh= 3.446E-06 alpha_mix =  0.700 |ddv_scf|^2 =  6.764E-11

      iter #   5 total cpu time :  5854.0 secs   av.it.:  10.8
      thresh= 8.224E-07 alpha_mix =  0.700 |ddv_scf|^2 =  3.865E-13

      iter #   6 total cpu time :  5856.3 secs   av.it.:  10.7
      thresh= 6.217E-08 alpha_mix =  0.700 |ddv_scf|^2 =  8.585E-15

      iter #   7 total cpu time :  5858.3 secs   av.it.:  10.6
      thresh= 9.265E-09 alpha_mix =  0.700 |ddv_scf|^2 =  1.144E-16

      iter #   8 total cpu time :  5860.2 secs   av.it.:  10.7
      thresh= 1.070E-09 alpha_mix =  0.700 |ddv_scf|^2 =  4.464E-18

      iter #   9 total cpu time :  5863.0 secs   av.it.:  10.5
      thresh= 2.113E-10 alpha_mix =  0.700 |ddv_scf|^2 =  1.450E-18

      iter #  10 total cpu time :  5865.3 secs   av.it.:  10.3
      thresh= 1.204E-10 alpha_mix =  0.700 |ddv_scf|^2 =  2.565E-20

     End of self-consistent calculation

     Convergence has been achieved 


     Representation #   3 modes #   5   6

     Self-consistent Calculation

      iter #   1 total cpu time :  5866.9 secs   av.it.:   6.0
      thresh= 1.000E-02 alpha_mix =  0.700 |ddv_scf|^2 =  2.914E-07

      iter #   2 total cpu time :  5869.2 secs   av.it.:  11.0
      thresh= 5.398E-05 alpha_mix =  0.700 |ddv_scf|^2 =  7.184E-08

      iter #   3 total cpu time :  5870.9 secs   av.it.:  10.7
      thresh= 2.680E-05 alpha_mix =  0.700 |ddv_scf|^2 =  6.118E-10

      iter #   4 total cpu time :  5873.0 secs   av.it.:  10.3
      thresh= 2.473E-06 alpha_mix =  0.700 |ddv_scf|^2 =  2.872E-13

      iter #   5 total cpu time :  5875.4 secs   av.it.:  10.6
      thresh= 5.359E-08 alpha_mix =  0.700 |ddv_scf|^2 =  9.364E-15

      iter #   6 total cpu time :  5878.1 secs   av.it.:  10.4
      thresh= 9.677E-09 alpha_mix =  0.700 |ddv_scf|^2 =  2.535E-17

      iter #   7 total cpu time :  5880.3 secs   av.it.:  10.6
      thresh= 5.035E-10 alpha_mix =  0.700 |ddv_scf|^2 =  5.160E-19

      iter #   8 total cpu time :  5882.5 secs   av.it.:  10.5
      thresh= 7.183E-11 alpha_mix =  0.700 |ddv_scf|^2 =  8.167E-21

     End of self-consistent calculation

     Convergence has been achieved 

     Number of q in the star =    3
     List of q in the star:
          1   0.000000000  -0.000000000  -0.707106781
          2   0.000000000  -0.707106781  -0.000000000
          3   0.707106781   0.000000000  -0.000000000

     Diagonalizing the dynamical matrix

     q = (    0.000000000   0.000000000  -0.707106781 ) 

 **************************************************************************
     freq (    1) =       4.013899 [THz] =     133.889251 [cm-1]
     freq (    2) =       4.013899 [THz] =     133.889251 [cm-1]
     freq (    3) =      12.138207 [THz] =     404.886988 [cm-1]
     freq (    4) =      12.138207 [THz] =     404.886988 [cm-1]
     freq (    5) =      13.711191 [THz] =     457.356112 [cm-1]
     freq (    6) =      13.711191 [THz] =     457.356112 [cm-1]
 **************************************************************************

     Calculation of q =    0.0000000   0.1767767   0.3535534

     Parallelization info
     --------------------
     sticks:   dense  smooth     PW     G-vecs:    dense   smooth      PW
     Min          53      27     10                 1054      373      84
     Max          54      28     11                 1057      376      86
     Sum         859     433    163                16889     5985    1363

     Using Slab Decomposition


     Title: 
     default                                                                    


     bravais-lattice index     =            0
     lattice parameter (alat)  =       7.2595  a.u.
     unit-cell volume          =     270.5223 (a.u.)^3
     number of atoms/cell      =            2
     number of atomic types    =            1
     number of electrons       =         8.00
     number of Kohn-Sham states=            4
     kinetic-energy cutoff     =      30.0000  Ry
     charge density cutoff     =     240.0000  Ry
     Exchange-correlation= PBESOL
                           (   1   4  10   8   0   0   0)

     celldm(1)=   7.259489  celldm(2)=   0.000000  celldm(3)=   0.000000
     celldm(4)=   0.000000  celldm(5)=   0.000000  celldm(6)=   0.000000

     crystal axes: (cart. coord. in units of alat)
               a(1) = (   0.707107   0.707107   0.000000 )  
               a(2) = (   0.707107   0.000000   0.707107 )  
               a(3) = (   0.000000   0.707107   0.707107 )  

     reciprocal axes: (cart. coord. in units 2 pi/alat)
               b(1) = (  0.707107  0.707107 -0.707107 )  
               b(2) = (  0.707107 -0.707107  0.707107 )  
               b(3) = ( -0.707107  0.707107  0.707107 )  


     PseudoPot. # 1 for Si read from file:
     ../pseudo/Si.pbesol-n-rrkjus_psl.1.0.0.UPF
     MD5 check sum: c4212819de858c94c3a1644338846ac9
     Pseudo is Ultrasoft + core correction, Zval =  4.0
     Generated using "atomic" code by A. Dal Corso  v.6.0 svn rev. 13079
     Using radial grid of 1141 points,  6 beta functions with: 
                l(1) =   0
                l(2) =   0
                l(3) =   1
                l(4) =   1
                l(5) =   2
                l(6) =   2
     Q(r) pseudized with 0 coefficients 


     atomic species   valence    mass     pseudopotential
        Si             4.00    28.08550     Si( 1.00)

     48 Sym. Ops., with inversion, found



   Cartesian axes

     site n.     atom                  positions (alat units)
         1           Si  tau(   1) = (   0.0000000   0.0000000   0.0000000  )
         2           Si  tau(   2) = (   0.3535534   0.3535534   0.3535534  )

     number of k points=  2940

     Number of k-points >= 100: set verbosity='high' to print them.

     Dense  grid:    16889 G-vectors     FFT dimensions: (  36,  36,  36)

     Smooth grid:     5985 G-vectors     FFT dimensions: (  32,  32,  32)

     Estimated max dynamical RAM per process >       4.73 MB

     Estimated total dynamical RAM >      75.69 MB

     The potential is recalculated from file :
     tmp/_ph0/si.save/charge-density

     Starting wfcs are    8 atomic wfcs

     Band Structure Calculation
     Davidson diagonalization with overlap

     ethr =  1.25E-10,  avg # of iterations = 13.3

     total cpu time spent up to now is      239.3 secs

     End of band structure calculation

     Number of k-points >= 100: set verbosity='high' to print the bands.

     highest occupied level (ev):     6.1438

     Writing config to output data dir tmp/_ph0/si.save/

     default                                                                    

     bravais-lattice index     =            0
     lattice parameter (alat)  =       7.2595  a.u.
     unit-cell volume          =     270.5223 (a.u.)^3
     number of atoms/cell      =            2
     number of atomic types    =            1
     kinetic-energy cut-off    =      30.0000  Ry
     charge density cut-off    =     240.0000  Ry
     convergence threshold     =      1.6E-19
     beta                      =       0.7000
     number of iterations used =            4
     Exchange-correlation= PBESOL
                           (   1   4  10   8   0   0   0)


     celldm(1)=    7.25949  celldm(2)=    0.00000  celldm(3)=    0.00000
     celldm(4)=    0.00000  celldm(5)=    0.00000  celldm(6)=    0.00000

     crystal axes: (cart. coord. in units of alat)
               a(1) = (  0.7071  0.7071  0.0000 )  
               a(2) = (  0.7071  0.0000  0.7071 )  
               a(3) = (  0.0000  0.7071  0.7071 )  

     reciprocal axes: (cart. coord. in units 2 pi/alat)
               b(1) = (  0.7071  0.7071 -0.7071 )  
               b(2) = (  0.7071 -0.7071  0.7071 )  
               b(3) = ( -0.7071  0.7071  0.7071 )  


     Atoms inside the unit cell: 

     Cartesian axes

     site n.  atom      mass           positions (alat units)
        1     Si  28.0855   tau(    1) = (    0.00000    0.00000    0.00000  )
        2     Si  28.0855   tau(    2) = (    0.35355    0.35355    0.35355  )

     Computing dynamical matrix for 
                    q = (   0.0000000   0.1767767   0.3535534 )

      2 Sym.Ops. (no q -> -q+G )


     G cutoff =  320.3787  (   1057 G-vectors)     FFT grid: ( 36, 36, 36)
     G cutoff =  160.1893  (    374 G-vectors)  smooth grid: ( 32, 32, 32)
     number of k points=  2940

     PseudoPot. # 1 for Si read from file:
     ../pseudo/Si.pbesol-n-rrkjus_psl.1.0.0.UPF
     MD5 check sum: c4212819de858c94c3a1644338846ac9
     Pseudo is Ultrasoft + core correction, Zval =  4.0
     Generated using "atomic" code by A. Dal Corso  v.6.0 svn rev. 13079
     Using radial grid of 1141 points,  6 beta functions with: 
                l(1) =   0
                l(2) =   0
                l(3) =   1
                l(4) =   1
                l(5) =   2
                l(6) =   2
     Q(r) pseudized with 0 coefficients 


     Mode symmetry, C_s (m)     point group:


     Atomic displacements:
     There are    6 irreducible representations

     Representation     1      1 modes -  To be done

     Representation     2      1 modes -  To be done

     Representation     3      1 modes -  To be done

     Representation     4      1 modes -  To be done

     Representation     5      1 modes -  To be done

     Representation     6      1 modes -  To be done



     Alpha used in Ewald sum =   2.5000
     PHONON       :      1h35m CPU      1h38m WALL



     Representation #   1 mode #   1

     Self-consistent Calculation

      iter #   1 total cpu time :  5906.5 secs   av.it.:   5.7
      thresh= 1.000E-02 alpha_mix =  0.700 |ddv_scf|^2 =  5.317E-06

      iter #   2 total cpu time :  5912.0 secs   av.it.:   9.8
      thresh= 2.306E-04 alpha_mix =  0.700 |ddv_scf|^2 =  5.548E-05

      iter #   3 total cpu time :  5917.3 secs   av.it.:   8.1
      thresh= 7.449E-04 alpha_mix =  0.700 |ddv_scf|^2 =  3.427E-08

      iter #   4 total cpu time :  5923.7 secs   av.it.:  10.1
      thresh= 1.851E-05 alpha_mix =  0.700 |ddv_scf|^2 =  1.641E-09

      iter #   5 total cpu time :  5929.5 secs   av.it.:  10.0
      thresh= 4.050E-06 alpha_mix =  0.700 |ddv_scf|^2 =  8.537E-12

      iter #   6 total cpu time :  5936.6 secs   av.it.:  10.3
      thresh= 2.922E-07 alpha_mix =  0.700 |ddv_scf|^2 =  1.167E-12

      iter #   7 total cpu time :  5943.7 secs   av.it.:   9.7
      thresh= 1.080E-07 alpha_mix =  0.700 |ddv_scf|^2 =  5.718E-12

      iter #   8 total cpu time :  5949.1 secs   av.it.:   8.2
      thresh= 2.391E-07 alpha_mix =  0.700 |ddv_scf|^2 =  5.172E-14

      iter #   9 total cpu time :  5955.4 secs   av.it.:   9.5
      thresh= 2.274E-08 alpha_mix =  0.700 |ddv_scf|^2 =  1.800E-13

      iter #  10 total cpu time :  5960.2 secs   av.it.:   8.3
      thresh= 4.243E-08 alpha_mix =  0.700 |ddv_scf|^2 =  4.830E-16

      iter #  11 total cpu time :  5966.0 secs   av.it.:   9.7
      thresh= 2.198E-09 alpha_mix =  0.700 |ddv_scf|^2 =  2.060E-17

      iter #  12 total cpu time :  5971.5 secs   av.it.:  10.0
      thresh= 4.539E-10 alpha_mix =  0.700 |ddv_scf|^2 =  2.817E-18

      iter #  13 total cpu time :  5977.8 secs   av.it.:   9.8
      thresh= 1.678E-10 alpha_mix =  0.700 |ddv_scf|^2 =  8.673E-19

      iter #  14 total cpu time :  5984.3 secs   av.it.:   9.1
      thresh= 9.313E-11 alpha_mix =  0.700 |ddv_scf|^2 =  3.469E-19

      iter #  15 total cpu time :  5989.2 secs   av.it.:   8.7
      thresh= 5.890E-11 alpha_mix =  0.700 |ddv_scf|^2 =  1.262E-20

     End of self-consistent calculation

     Convergence has been achieved 


     Representation #   2 mode #   2

     Self-consistent Calculation

      iter #   1 total cpu time :  5993.8 secs   av.it.:   6.5
      thresh= 1.000E-02 alpha_mix =  0.700 |ddv_scf|^2 =  1.879E-04

      iter #   2 total cpu time :  5999.4 secs   av.it.:   9.5
      thresh= 1.371E-03 alpha_mix =  0.700 |ddv_scf|^2 =  2.062E-03

      iter #   3 total cpu time :  6004.4 secs   av.it.:   8.0
      thresh= 4.541E-03 alpha_mix =  0.700 |ddv_scf|^2 =  1.698E-08

      iter #   4 total cpu time :  6009.8 secs   av.it.:  10.1
      thresh= 1.303E-05 alpha_mix =  0.700 |ddv_scf|^2 =  2.167E-09

      iter #   5 total cpu time :  6015.3 secs   av.it.:  10.0
      thresh= 4.655E-06 alpha_mix =  0.700 |ddv_scf|^2 =  2.241E-10

      iter #   6 total cpu time :  6021.5 secs   av.it.:   9.3
      thresh= 1.497E-06 alpha_mix =  0.700 |ddv_scf|^2 =  3.479E-13

      iter #   7 total cpu time :  6027.4 secs   av.it.:   9.7
      thresh= 5.899E-08 alpha_mix =  0.700 |ddv_scf|^2 =  1.946E-13

      iter #   8 total cpu time :  6032.7 secs   av.it.:   8.6
      thresh= 4.411E-08 alpha_mix =  0.700 |ddv_scf|^2 =  6.586E-14

      iter #   9 total cpu time :  6039.1 secs   av.it.:   8.8
      thresh= 2.566E-08 alpha_mix =  0.700 |ddv_scf|^2 =  1.013E-15

      iter #  10 total cpu time :  6045.2 secs   av.it.:   9.1
      thresh= 3.183E-09 alpha_mix =  0.700 |ddv_scf|^2 =  4.671E-16

      iter #  11 total cpu time :  6050.3 secs   av.it.:   8.9
      thresh= 2.161E-09 alpha_mix =  0.700 |ddv_scf|^2 =  2.516E-18

      iter #  12 total cpu time :  6056.8 secs   av.it.:  10.1
      thresh= 1.586E-10 alpha_mix =  0.700 |ddv_scf|^2 =  1.980E-19

      iter #  13 total cpu time :  6062.5 secs   av.it.:   9.8
      thresh= 4.450E-11 alpha_mix =  0.700 |ddv_scf|^2 =  8.168E-21

     End of self-consistent calculation

     Convergence has been achieved 


     Representation #   3 mode #   3

     Self-consistent Calculation

      iter #   1 total cpu time :  6067.3 secs   av.it.:   5.7
      thresh= 1.000E-02 alpha_mix =  0.700 |ddv_scf|^2 =  2.235E-06

      iter #   2 total cpu time :  6072.9 secs   av.it.:  10.0
      thresh= 1.495E-04 alpha_mix =  0.700 |ddv_scf|^2 =  2.118E-05

      iter #   3 total cpu time :  6078.7 secs   av.it.:   8.1
      thresh= 4.603E-04 alpha_mix =  0.700 |ddv_scf|^2 =  4.657E-08

      iter #   4 total cpu time :  6085.1 secs   av.it.:   9.9
      thresh= 2.158E-05 alpha_mix =  0.700 |ddv_scf|^2 =  1.637E-09

      iter #   5 total cpu time :  6091.8 secs   av.it.:  10.0
      thresh= 4.046E-06 alpha_mix =  0.700 |ddv_scf|^2 =  1.252E-11

      iter #   6 total cpu time :  6098.8 secs   av.it.:  10.2
      thresh= 3.539E-07 alpha_mix =  0.700 |ddv_scf|^2 =  7.659E-13

      iter #   7 total cpu time :  6104.9 secs   av.it.:   9.8
      thresh= 8.752E-08 alpha_mix =  0.700 |ddv_scf|^2 =  4.932E-12

      iter #   8 total cpu time :  6110.5 secs   av.it.:   8.2
      thresh= 2.221E-07 alpha_mix =  0.700 |ddv_scf|^2 =  4.482E-14

      iter #   9 total cpu time :  6116.9 secs   av.it.:   9.7
      thresh= 2.117E-08 alpha_mix =  0.700 |ddv_scf|^2 =  9.094E-14

      iter #  10 total cpu time :  6122.0 secs   av.it.:   8.4
      thresh= 3.016E-08 alpha_mix =  0.700 |ddv_scf|^2 =  2.726E-16

      iter #  11 total cpu time :  6128.2 secs   av.it.:   9.7
      thresh= 1.651E-09 alpha_mix =  0.700 |ddv_scf|^2 =  1.562E-17

      iter #  12 total cpu time :  6134.4 secs   av.it.:  10.0
      thresh= 3.952E-10 alpha_mix =  0.700 |ddv_scf|^2 =  2.012E-18

      iter #  13 total cpu time :  6140.2 secs   av.it.:   9.8
      thresh= 1.419E-10 alpha_mix =  0.700 |ddv_scf|^2 =  2.200E-19

      iter #  14 total cpu time :  6145.1 secs   av.it.:   9.3
      thresh= 4.691E-11 alpha_mix =  0.700 |ddv_scf|^2 =  9.633E-20

     End of self-consistent calculation

     Convergence has been achieved 


     Representation #   4 mode #   4

     Self-consistent Calculation

      iter #   1 total cpu time :  6149.8 secs   av.it.:   5.4
      thresh= 1.000E-02 alpha_mix =  0.700 |ddv_scf|^2 =  3.762E-07

      iter #   2 total cpu time :  6156.4 secs   av.it.:  10.3
      thresh= 6.133E-05 alpha_mix =  0.700 |ddv_scf|^2 =  1.368E-07

      iter #   3 total cpu time :  6163.2 secs   av.it.:  10.0
      thresh= 3.698E-05 alpha_mix =  0.700 |ddv_scf|^2 =  3.304E-09

      iter #   4 total cpu time :  6170.2 secs   av.it.:   9.9
      thresh= 5.748E-06 alpha_mix =  0.700 |ddv_scf|^2 =  3.198E-11

      iter #   5 total cpu time :  6176.1 secs   av.it.:  10.3
      thresh= 5.655E-07 alpha_mix =  0.700 |ddv_scf|^2 =  6.293E-13

      iter #   6 total cpu time :  6182.3 secs   av.it.:  10.4
      thresh= 7.933E-08 alpha_mix =  0.700 |ddv_scf|^2 =  3.553E-14

      iter #   7 total cpu time :  6188.5 secs   av.it.:  10.4
      thresh= 1.885E-08 alpha_mix =  0.700 |ddv_scf|^2 =  1.804E-15

      iter #   8 total cpu time :  6195.2 secs   av.it.:  10.3
      thresh= 4.248E-09 alpha_mix =  0.700 |ddv_scf|^2 =  5.014E-17

      iter #   9 total cpu time :  6201.5 secs   av.it.:  10.2
      thresh= 7.081E-10 alpha_mix =  0.700 |ddv_scf|^2 =  1.336E-17

      iter #  10 total cpu time :  6208.3 secs   av.it.:  10.1
      thresh= 3.656E-10 alpha_mix =  0.700 |ddv_scf|^2 =  7.696E-19

      iter #  11 total cpu time :  6214.5 secs   av.it.:  10.1
      thresh= 8.773E-11 alpha_mix =  0.700 |ddv_scf|^2 =  1.314E-20

     End of self-consistent calculation

     Convergence has been achieved 


     Representation #   5 mode #   5

     Self-consistent Calculation

      iter #   1 total cpu time :  6218.9 secs   av.it.:   5.8
      thresh= 1.000E-02 alpha_mix =  0.700 |ddv_scf|^2 =  7.924E-07

      iter #   2 total cpu time :  6225.3 secs   av.it.:  10.4
      thresh= 8.901E-05 alpha_mix =  0.700 |ddv_scf|^2 =  2.766E-07

      iter #   3 total cpu time :  6231.7 secs   av.it.:  10.0
      thresh= 5.260E-05 alpha_mix =  0.700 |ddv_scf|^2 =  4.386E-09

      iter #   4 total cpu time :  6237.6 secs   av.it.:  10.2
      thresh= 6.622E-06 alpha_mix =  0.700 |ddv_scf|^2 =  3.482E-10

      iter #   5 total cpu time :  6243.5 secs   av.it.:  10.2
      thresh= 1.866E-06 alpha_mix =  0.700 |ddv_scf|^2 =  9.821E-13

      iter #   6 total cpu time :  6250.0 secs   av.it.:  10.3
      thresh= 9.910E-08 alpha_mix =  0.700 |ddv_scf|^2 =  4.031E-14

      iter #   7 total cpu time :  6255.4 secs   av.it.:  10.3
      thresh= 2.008E-08 alpha_mix =  0.700 |ddv_scf|^2 =  2.377E-15

      iter #   8 total cpu time :  6261.3 secs   av.it.:  10.2
      thresh= 4.875E-09 alpha_mix =  0.700 |ddv_scf|^2 =  7.569E-17

      iter #   9 total cpu time :  6266.2 secs   av.it.:  10.2
      thresh= 8.700E-10 alpha_mix =  0.700 |ddv_scf|^2 =  1.572E-17

      iter #  10 total cpu time :  6272.3 secs   av.it.:  10.0
      thresh= 3.965E-10 alpha_mix =  0.700 |ddv_scf|^2 =  7.584E-19

      iter #  11 total cpu time :  6278.9 secs   av.it.:  10.3
      thresh= 8.709E-11 alpha_mix =  0.700 |ddv_scf|^2 =  5.809E-20

     End of self-consistent calculation

     Convergence has been achieved 


     Representation #   6 mode #   6

     Self-consistent Calculation

      iter #   1 total cpu time :  6283.0 secs   av.it.:   5.7
      thresh= 1.000E-02 alpha_mix =  0.700 |ddv_scf|^2 =  4.355E-07

      iter #   2 total cpu time :  6290.1 secs   av.it.:  10.5
      thresh= 6.599E-05 alpha_mix =  0.700 |ddv_scf|^2 =  9.643E-08

      iter #   3 total cpu time :  6296.9 secs   av.it.:  10.2
      thresh= 3.105E-05 alpha_mix =  0.700 |ddv_scf|^2 =  4.766E-09

      iter #   4 total cpu time :  6303.2 secs   av.it.:  10.2
      thresh= 6.904E-06 alpha_mix =  0.700 |ddv_scf|^2 =  4.899E-10

      iter #   5 total cpu time :  6309.2 secs   av.it.:  10.2
      thresh= 2.213E-06 alpha_mix =  0.700 |ddv_scf|^2 =  9.803E-13

      iter #   6 total cpu time :  6315.6 secs   av.it.:  10.3
      thresh= 9.901E-08 alpha_mix =  0.700 |ddv_scf|^2 =  4.167E-14

      iter #   7 total cpu time :  6320.9 secs   av.it.:  10.2
      thresh= 2.041E-08 alpha_mix =  0.700 |ddv_scf|^2 =  3.000E-15

      iter #   8 total cpu time :  6325.8 secs   av.it.:  10.1
      thresh= 5.478E-09 alpha_mix =  0.700 |ddv_scf|^2 =  4.815E-17

      iter #   9 total cpu time :  6332.9 secs   av.it.:  10.4
      thresh= 6.939E-10 alpha_mix =  0.700 |ddv_scf|^2 =  9.432E-18

      iter #  10 total cpu time :  6338.8 secs   av.it.:  10.2
      thresh= 3.071E-10 alpha_mix =  0.700 |ddv_scf|^2 =  9.116E-19

      iter #  11 total cpu time :  6346.1 secs   av.it.:  10.3
      thresh= 9.548E-11 alpha_mix =  0.700 |ddv_scf|^2 =  6.485E-20

     End of self-consistent calculation

     Convergence has been achieved 

     Number of q in the star =   24
     List of q in the star:
          1   0.000000000   0.176776695   0.353553391
          2  -0.176776695  -0.000000000  -0.353553391
          3   0.000000000   0.176776695  -0.353553391
          4   0.176776695   0.000000000   0.353553391
          5  -0.176776695  -0.000000000   0.353553391
          6  -0.000000000  -0.176776695   0.353553391
          7   0.000000000  -0.176776695  -0.353553391
          8   0.176776695  -0.000000000  -0.353553391
          9   0.176776695   0.353553391   0.000000000
         10  -0.353553391   0.176776695  -0.000000000
         11   0.176776695  -0.353553391  -0.000000000
         12  -0.176776695  -0.353553391   0.000000000
         13   0.353553391   0.000000000   0.176776695
         14   0.353553391  -0.000000000  -0.176776695
         15  -0.353553391  -0.176776695   0.000000000
         16  -0.353553391   0.000000000  -0.176776695
         17  -0.000000000  -0.353553391  -0.176776695
         18   0.353553391  -0.176776695  -0.000000000
         19   0.000000000   0.353553391   0.176776695
         20   0.000000000   0.353553391  -0.176776695
         21  -0.353553391  -0.000000000   0.176776695
         22   0.353553391   0.176776695   0.000000000
         23  -0.176776695   0.353553391  -0.000000000
         24   0.000000000  -0.353553391   0.176776695

     Diagonalizing the dynamical matrix

     q = (    0.000000000   0.176776695   0.353553391 ) 

 **************************************************************************
     freq (    1) =       3.917853 [THz] =     130.685526 [cm-1]
     freq (    2) =       4.466550 [THz] =     148.988069 [cm-1]
     freq (    3) =       7.188053 [THz] =     239.767646 [cm-1]
     freq (    4) =      13.547913 [THz] =     451.909720 [cm-1]
     freq (    5) =      14.304799 [THz] =     477.156731 [cm-1]
     freq (    6) =      14.383568 [THz] =     479.784171 [cm-1]
 **************************************************************************

     Mode symmetry, C_s (m)     point group:

     freq (   1-   1) =        130.7  [cm-1]   --> A'                 
     freq (   2-   2) =        149.0  [cm-1]   --> A''                
     freq (   3-   3) =        239.8  [cm-1]   --> A'                 
     freq (   4-   4) =        451.9  [cm-1]   --> A''                
     freq (   5-   5) =        477.2  [cm-1]   --> A'                 
     freq (   6-   6) =        479.8  [cm-1]   --> A''                

     Calculation of q =    0.6187184  -0.4419417  -0.2651650

     Parallelization info
     --------------------
     sticks:   dense  smooth     PW     G-vecs:    dense   smooth      PW
     Min          53      27     10                 1054      373      91
     Max          54      28     11                 1057      376      94
     Sum         859     433    169                16889     5985    1471

     Using Slab Decomposition


     Title: 
     default                                                                    


     bravais-lattice index     =            0
     lattice parameter (alat)  =       7.2595  a.u.
     unit-cell volume          =     270.5223 (a.u.)^3
     number of atoms/cell      =            2
     number of atomic types    =            1
     number of electrons       =         8.00
     number of Kohn-Sham states=            4
     kinetic-energy cutoff     =      30.0000  Ry
     charge density cutoff     =     240.0000  Ry
     Exchange-correlation= PBESOL
                           (   1   4  10   8   0   0   0)

     celldm(1)=   7.259489  celldm(2)=   0.000000  celldm(3)=   0.000000
     celldm(4)=   0.000000  celldm(5)=   0.000000  celldm(6)=   0.000000

     crystal axes: (cart. coord. in units of alat)
               a(1) = (   0.707107   0.707107   0.000000 )  
               a(2) = (   0.707107   0.000000   0.707107 )  
               a(3) = (   0.000000   0.707107   0.707107 )  

     reciprocal axes: (cart. coord. in units 2 pi/alat)
               b(1) = (  0.707107  0.707107 -0.707107 )  
               b(2) = (  0.707107 -0.707107  0.707107 )  
               b(3) = ( -0.707107  0.707107  0.707107 )  


     PseudoPot. # 1 for Si read from file:
     ../pseudo/Si.pbesol-n-rrkjus_psl.1.0.0.UPF
     MD5 check sum: c4212819de858c94c3a1644338846ac9
     Pseudo is Ultrasoft + core correction, Zval =  4.0
     Generated using "atomic" code by A. Dal Corso  v.6.0 svn rev. 13079
     Using radial grid of 1141 points,  6 beta functions with: 
                l(1) =   0
                l(2) =   0
                l(3) =   1
                l(4) =   1
                l(5) =   2
                l(6) =   2
     Q(r) pseudized with 0 coefficients 


     atomic species   valence    mass     pseudopotential
        Si             4.00    28.08550     Si( 1.00)

     48 Sym. Ops., with inversion, found



   Cartesian axes

     site n.     atom                  positions (alat units)
         1           Si  tau(   1) = (   0.0000000   0.0000000   0.0000000  )
         2           Si  tau(   2) = (   0.3535534   0.3535534   0.3535534  )

     number of k points=  5488

     Number of k-points >= 100: set verbosity='high' to print them.

     Dense  grid:    16889 G-vectors     FFT dimensions: (  36,  36,  36)

     Smooth grid:     5985 G-vectors     FFT dimensions: (  32,  32,  32)

     Estimated max dynamical RAM per process >       4.76 MB

     Estimated total dynamical RAM >      76.14 MB

     The potential is recalculated from file :
     tmp/_ph0/si.save/charge-density

     Starting wfcs are    8 atomic wfcs

     Band Structure Calculation
     Davidson diagonalization with overlap

     ethr =  1.25E-10,  avg # of iterations = 13.4

     total cpu time spent up to now is      271.9 secs

     End of band structure calculation

     Number of k-points >= 100: set verbosity='high' to print the bands.

     highest occupied level (ev):     6.1438

     Writing config to output data dir tmp/_ph0/si.save/

     default                                                                    

     bravais-lattice index     =            0
     lattice parameter (alat)  =       7.2595  a.u.
     unit-cell volume          =     270.5223 (a.u.)^3
     number of atoms/cell      =            2
     number of atomic types    =            1
     kinetic-energy cut-off    =      30.0000  Ry
     charge density cut-off    =     240.0000  Ry
     convergence threshold     =      1.6E-19
     beta                      =       0.7000
     number of iterations used =            4
     Exchange-correlation= PBESOL
                           (   1   4  10   8   0   0   0)


     celldm(1)=    7.25949  celldm(2)=    0.00000  celldm(3)=    0.00000
     celldm(4)=    0.00000  celldm(5)=    0.00000  celldm(6)=    0.00000

     crystal axes: (cart. coord. in units of alat)
               a(1) = (  0.7071  0.7071  0.0000 )  
               a(2) = (  0.7071  0.0000  0.7071 )  
               a(3) = (  0.0000  0.7071  0.7071 )  

     reciprocal axes: (cart. coord. in units 2 pi/alat)
               b(1) = (  0.7071  0.7071 -0.7071 )  
               b(2) = (  0.7071 -0.7071  0.7071 )  
               b(3) = ( -0.7071  0.7071  0.7071 )  


     Atoms inside the unit cell: 

     Cartesian axes

     site n.  atom      mass           positions (alat units)
        1     Si  28.0855   tau(    1) = (    0.00000    0.00000    0.00000  )
        2     Si  28.0855   tau(    2) = (    0.35355    0.35355    0.35355  )

     Computing dynamical matrix for 
                    q = (   0.6187184  -0.4419417  -0.2651650 )

     No symmetry!

     G cutoff =  320.3787  (   1057 G-vectors)     FFT grid: ( 36, 36, 36)
     G cutoff =  160.1893  (    374 G-vectors)  smooth grid: ( 32, 32, 32)
     number of k points=  5488

     PseudoPot. # 1 for Si read from file:
     ../pseudo/Si.pbesol-n-rrkjus_psl.1.0.0.UPF
     MD5 check sum: c4212819de858c94c3a1644338846ac9
     Pseudo is Ultrasoft + core correction, Zval =  4.0
     Generated using "atomic" code by A. Dal Corso  v.6.0 svn rev. 13079
     Using radial grid of 1141 points,  6 beta functions with: 
                l(1) =   0
                l(2) =   0
                l(3) =   1
                l(4) =   1
                l(5) =   2
                l(6) =   2
     Q(r) pseudized with 0 coefficients 


     Mode symmetry, C_1 (1)     point group:


     Atomic displacements:
     There are    6 irreducible representations

     Representation     1      1 modes -  To be done

     Representation     2      1 modes -  To be done

     Representation     3      1 modes -  To be done

     Representation     4      1 modes -  To be done

     Representation     5      1 modes -  To be done

     Representation     6      1 modes -  To be done



     Alpha used in Ewald sum =   2.5000
     PHONON       :      1h43m CPU      1h46m WALL



     Representation #   1 mode #   1

     Self-consistent Calculation

      iter #   1 total cpu time :  6393.6 secs   av.it.:   6.3
      thresh= 1.000E-02 alpha_mix =  0.700 |ddv_scf|^2 =  2.122E-05

      iter #   2 total cpu time :  6406.5 secs   av.it.:  10.2
      thresh= 4.607E-04 alpha_mix =  0.700 |ddv_scf|^2 =  9.754E-05

      iter #   3 total cpu time :  6417.5 secs   av.it.:   8.8
      thresh= 9.876E-04 alpha_mix =  0.700 |ddv_scf|^2 =  1.706E-07

      iter #   4 total cpu time :  6428.4 secs   av.it.:   9.8
      thresh= 4.131E-05 alpha_mix =  0.700 |ddv_scf|^2 =  3.788E-09

      iter #   5 total cpu time :  6439.5 secs   av.it.:  10.1
      thresh= 6.155E-06 alpha_mix =  0.700 |ddv_scf|^2 =  2.517E-10

      iter #   6 total cpu time :  6451.5 secs   av.it.:  10.3
      thresh= 1.587E-06 alpha_mix =  0.700 |ddv_scf|^2 =  8.664E-12

      iter #   7 total cpu time :  6461.9 secs   av.it.:  10.2
      thresh= 2.944E-07 alpha_mix =  0.700 |ddv_scf|^2 =  1.835E-13

      iter #   8 total cpu time :  6472.8 secs   av.it.:  10.4
      thresh= 4.284E-08 alpha_mix =  0.700 |ddv_scf|^2 =  2.575E-13

      iter #   9 total cpu time :  6483.0 secs   av.it.:   9.3
      thresh= 5.075E-08 alpha_mix =  0.700 |ddv_scf|^2 =  4.624E-14

      iter #  10 total cpu time :  6494.7 secs   av.it.:   9.5
      thresh= 2.150E-08 alpha_mix =  0.700 |ddv_scf|^2 =  1.601E-15

      iter #  11 total cpu time :  6507.6 secs   av.it.:  10.1
      thresh= 4.002E-09 alpha_mix =  0.700 |ddv_scf|^2 =  1.429E-15

      iter #  12 total cpu time :  6519.0 secs   av.it.:   9.5
      thresh= 3.780E-09 alpha_mix =  0.700 |ddv_scf|^2 =  2.063E-16

      iter #  13 total cpu time :  6530.3 secs   av.it.:   9.6
      thresh= 1.436E-09 alpha_mix =  0.700 |ddv_scf|^2 =  1.141E-17

      iter #  14 total cpu time :  6540.3 secs   av.it.:  10.1
      thresh= 3.378E-10 alpha_mix =  0.700 |ddv_scf|^2 =  7.545E-19

      iter #  15 total cpu time :  6552.9 secs   av.it.:  10.4
      thresh= 8.686E-11 alpha_mix =  0.700 |ddv_scf|^2 =  1.989E-18

      iter #  16 total cpu time :  6564.1 secs   av.it.:   9.1
      thresh= 1.410E-10 alpha_mix =  0.700 |ddv_scf|^2 =  1.363E-19

     End of self-consistent calculation

     Convergence has been achieved 


     Representation #   2 mode #   2

     Self-consistent Calculation

      iter #   1 total cpu time :  6573.5 secs   av.it.:   5.9
      thresh= 1.000E-02 alpha_mix =  0.700 |ddv_scf|^2 =  5.084E-06

      iter #   2 total cpu time :  6585.1 secs   av.it.:  10.3
      thresh= 2.255E-04 alpha_mix =  0.700 |ddv_scf|^2 =  2.219E-05

      iter #   3 total cpu time :  6596.1 secs   av.it.:   8.8
      thresh= 4.710E-04 alpha_mix =  0.700 |ddv_scf|^2 =  6.047E-08

      iter #   4 total cpu time :  6607.4 secs   av.it.:  10.1
      thresh= 2.459E-05 alpha_mix =  0.700 |ddv_scf|^2 =  4.947E-09

      iter #   5 total cpu time :  6618.7 secs   av.it.:  10.1
      thresh= 7.034E-06 alpha_mix =  0.700 |ddv_scf|^2 =  4.840E-10

      iter #   6 total cpu time :  6631.1 secs   av.it.:  10.2
      thresh= 2.200E-06 alpha_mix =  0.700 |ddv_scf|^2 =  4.268E-12

      iter #   7 total cpu time :  6643.9 secs   av.it.:  10.4
      thresh= 2.066E-07 alpha_mix =  0.700 |ddv_scf|^2 =  6.829E-13

      iter #   8 total cpu time :  6656.4 secs   av.it.:  10.4
      thresh= 8.264E-08 alpha_mix =  0.700 |ddv_scf|^2 =  3.801E-13

      iter #   9 total cpu time :  6667.1 secs   av.it.:   9.3
      thresh= 6.165E-08 alpha_mix =  0.700 |ddv_scf|^2 =  5.882E-14

      iter #  10 total cpu time :  6678.4 secs   av.it.:   9.7
      thresh= 2.425E-08 alpha_mix =  0.700 |ddv_scf|^2 =  2.633E-15

      iter #  11 total cpu time :  6690.3 secs   av.it.:  10.2
      thresh= 5.131E-09 alpha_mix =  0.700 |ddv_scf|^2 =  5.063E-16

      iter #  12 total cpu time :  6701.0 secs   av.it.:  10.1
      thresh= 2.250E-09 alpha_mix =  0.700 |ddv_scf|^2 =  1.827E-16

      iter #  13 total cpu time :  6711.3 secs   av.it.:   9.6
      thresh= 1.351E-09 alpha_mix =  0.700 |ddv_scf|^2 =  4.272E-17

      iter #  14 total cpu time :  6721.4 secs   av.it.:   9.5
      thresh= 6.536E-10 alpha_mix =  0.700 |ddv_scf|^2 =  3.122E-18

      iter #  15 total cpu time :  6733.2 secs   av.it.:   9.9
      thresh= 1.767E-10 alpha_mix =  0.700 |ddv_scf|^2 =  4.806E-18

      iter #  16 total cpu time :  6744.6 secs   av.it.:   9.1
      thresh= 2.192E-10 alpha_mix =  0.700 |ddv_scf|^2 =  9.178E-20

     End of self-consistent calculation

     Convergence has been achieved 


     Representation #   3 mode #   3

     Self-consistent Calculation

      iter #   1 total cpu time :  6752.9 secs   av.it.:   6.0
      thresh= 1.000E-02 alpha_mix =  0.700 |ddv_scf|^2 =  4.229E-06

      iter #   2 total cpu time :  6763.7 secs   av.it.:  10.3
      thresh= 2.056E-04 alpha_mix =  0.700 |ddv_scf|^2 =  1.642E-05

      iter #   3 total cpu time :  6773.2 secs   av.it.:   8.9
      thresh= 4.052E-04 alpha_mix =  0.700 |ddv_scf|^2 =  1.121E-07

      iter #   4 total cpu time :  6785.2 secs   av.it.:  10.0
      thresh= 3.348E-05 alpha_mix =  0.700 |ddv_scf|^2 =  4.260E-09

      iter #   5 total cpu time :  6797.2 secs   av.it.:  10.2
      thresh= 6.527E-06 alpha_mix =  0.700 |ddv_scf|^2 =  9.076E-10

      iter #   6 total cpu time :  6809.3 secs   av.it.:  10.1
      thresh= 3.013E-06 alpha_mix =  0.700 |ddv_scf|^2 =  4.948E-12

      iter #   7 total cpu time :  6819.9 secs   av.it.:  10.5
      thresh= 2.224E-07 alpha_mix =  0.700 |ddv_scf|^2 =  4.346E-13

      iter #   8 total cpu time :  6831.5 secs   av.it.:  10.4
      thresh= 6.593E-08 alpha_mix =  0.700 |ddv_scf|^2 =  2.324E-13

      iter #   9 total cpu time :  6842.8 secs   av.it.:   9.4
      thresh= 4.821E-08 alpha_mix =  0.700 |ddv_scf|^2 =  6.123E-14

      iter #  10 total cpu time :  6854.0 secs   av.it.:   9.5
      thresh= 2.474E-08 alpha_mix =  0.700 |ddv_scf|^2 =  2.990E-15

      iter #  11 total cpu time :  6866.6 secs   av.it.:  10.2
      thresh= 5.468E-09 alpha_mix =  0.700 |ddv_scf|^2 =  4.227E-16

      iter #  12 total cpu time :  6878.8 secs   av.it.:  10.2
      thresh= 2.056E-09 alpha_mix =  0.700 |ddv_scf|^2 =  6.957E-17

      iter #  13 total cpu time :  6890.3 secs   av.it.:  10.2
      thresh= 8.341E-10 alpha_mix =  0.700 |ddv_scf|^2 =  2.340E-18

      iter #  14 total cpu time :  6902.2 secs   av.it.:  10.4
      thresh= 1.530E-10 alpha_mix =  0.700 |ddv_scf|^2 =  8.516E-19

      iter #  15 total cpu time :  6913.0 secs   av.it.:   9.9
      thresh= 9.228E-11 alpha_mix =  0.700 |ddv_scf|^2 =  7.931E-19

      iter #  16 total cpu time :  6922.3 secs   av.it.:   9.2
      thresh= 8.906E-11 alpha_mix =  0.700 |ddv_scf|^2 =  3.089E-20

     End of self-consistent calculation

     Convergence has been achieved 


     Representation #   4 mode #   4

     Self-consistent Calculation

      iter #   1 total cpu time :  6930.0 secs   av.it.:   6.2
      thresh= 1.000E-02 alpha_mix =  0.700 |ddv_scf|^2 =  1.592E-05

      iter #   2 total cpu time :  6941.6 secs   av.it.:  10.2
      thresh= 3.990E-04 alpha_mix =  0.700 |ddv_scf|^2 =  7.327E-05

      iter #   3 total cpu time :  6952.6 secs   av.it.:   8.8
      thresh= 8.560E-04 alpha_mix =  0.700 |ddv_scf|^2 =  7.047E-08

      iter #   4 total cpu time :  6964.9 secs   av.it.:  10.1
      thresh= 2.655E-05 alpha_mix =  0.700 |ddv_scf|^2 =  4.716E-09

      iter #   5 total cpu time :  6976.6 secs   av.it.:  10.1
      thresh= 6.867E-06 alpha_mix =  0.700 |ddv_scf|^2 =  6.816E-10

      iter #   6 total cpu time :  6987.1 secs   av.it.:  10.1
      thresh= 2.611E-06 alpha_mix =  0.700 |ddv_scf|^2 =  6.842E-12

      iter #   7 total cpu time :  6999.5 secs   av.it.:  10.2
      thresh= 2.616E-07 alpha_mix =  0.700 |ddv_scf|^2 =  1.620E-13

      iter #   8 total cpu time :  7011.7 secs   av.it.:  10.6
      thresh= 4.026E-08 alpha_mix =  0.700 |ddv_scf|^2 =  1.643E-13

      iter #   9 total cpu time :  7023.8 secs   av.it.:   9.4
      thresh= 4.053E-08 alpha_mix =  0.700 |ddv_scf|^2 =  3.101E-14

      iter #  10 total cpu time :  7035.3 secs   av.it.:   9.4
      thresh= 1.761E-08 alpha_mix =  0.700 |ddv_scf|^2 =  7.916E-16

      iter #  11 total cpu time :  7047.9 secs   av.it.:  10.3
      thresh= 2.813E-09 alpha_mix =  0.700 |ddv_scf|^2 =  4.223E-16

      iter #  12 total cpu time :  7058.6 secs   av.it.:   9.7
      thresh= 2.055E-09 alpha_mix =  0.700 |ddv_scf|^2 =  1.319E-16

      iter #  13 total cpu time :  7071.0 secs   av.it.:   9.6
      thresh= 1.148E-09 alpha_mix =  0.700 |ddv_scf|^2 =  1.817E-17

      iter #  14 total cpu time :  7082.6 secs   av.it.:   9.7
      thresh= 4.262E-10 alpha_mix =  0.700 |ddv_scf|^2 =  1.045E-18

      iter #  15 total cpu time :  7093.5 secs   av.it.:  10.3
      thresh= 1.022E-10 alpha_mix =  0.700 |ddv_scf|^2 =  1.953E-18

      iter #  16 total cpu time :  7104.7 secs   av.it.:   9.0
      thresh= 1.398E-10 alpha_mix =  0.700 |ddv_scf|^2 =  1.364E-19

     End of self-consistent calculation

     Convergence has been achieved 


     Representation #   5 mode #   5

     Self-consistent Calculation

      iter #   1 total cpu time :  7113.6 secs   av.it.:   6.0
      thresh= 1.000E-02 alpha_mix =  0.700 |ddv_scf|^2 =  4.891E-06

      iter #   2 total cpu time :  7125.5 secs   av.it.:  10.3
      thresh= 2.212E-04 alpha_mix =  0.700 |ddv_scf|^2 =  1.877E-05

      iter #   3 total cpu time :  7135.1 secs   av.it.:   8.9
      thresh= 4.333E-04 alpha_mix =  0.700 |ddv_scf|^2 =  2.076E-07

      iter #   4 total cpu time :  7147.0 secs   av.it.:   9.7
      thresh= 4.556E-05 alpha_mix =  0.700 |ddv_scf|^2 =  4.304E-09

      iter #   5 total cpu time :  7157.5 secs   av.it.:  10.3
      thresh= 6.560E-06 alpha_mix =  0.700 |ddv_scf|^2 =  5.934E-10

      iter #   6 total cpu time :  7168.0 secs   av.it.:  10.2
      thresh= 2.436E-06 alpha_mix =  0.700 |ddv_scf|^2 =  5.748E-12

      iter #   7 total cpu time :  7179.4 secs   av.it.:  10.6
      thresh= 2.397E-07 alpha_mix =  0.700 |ddv_scf|^2 =  7.887E-13

      iter #   8 total cpu time :  7191.8 secs   av.it.:  10.3
      thresh= 8.881E-08 alpha_mix =  0.700 |ddv_scf|^2 =  8.543E-14

      iter #   9 total cpu time :  7203.9 secs   av.it.:   9.9
      thresh= 2.923E-08 alpha_mix =  0.700 |ddv_scf|^2 =  1.850E-13

      iter #  10 total cpu time :  7215.9 secs   av.it.:   9.0
      thresh= 4.301E-08 alpha_mix =  0.700 |ddv_scf|^2 =  3.418E-15

      iter #  11 total cpu time :  7227.5 secs   av.it.:  10.0
      thresh= 5.846E-09 alpha_mix =  0.700 |ddv_scf|^2 =  1.103E-15

      iter #  12 total cpu time :  7238.2 secs   av.it.:   9.9
      thresh= 3.321E-09 alpha_mix =  0.700 |ddv_scf|^2 =  3.339E-16

      iter #  13 total cpu time :  7249.9 secs   av.it.:   9.6
      thresh= 1.827E-09 alpha_mix =  0.700 |ddv_scf|^2 =  2.566E-17

      iter #  14 total cpu time :  7261.9 secs   av.it.:   9.9
      thresh= 5.066E-10 alpha_mix =  0.700 |ddv_scf|^2 =  1.761E-18

      iter #  15 total cpu time :  7274.2 secs   av.it.:  10.3
      thresh= 1.327E-10 alpha_mix =  0.700 |ddv_scf|^2 =  1.806E-18

      iter #  16 total cpu time :  7285.1 secs   av.it.:   9.2
      thresh= 1.344E-10 alpha_mix =  0.700 |ddv_scf|^2 =  2.399E-19

      iter #  17 total cpu time :  7296.9 secs   av.it.:   9.6
      thresh= 4.898E-11 alpha_mix =  0.700 |ddv_scf|^2 =  3.048E-20

     End of self-consistent calculation

     Convergence has been achieved 


     Representation #   6 mode #   6

     Self-consistent Calculation

      iter #   1 total cpu time :  7305.3 secs   av.it.:   5.7
      thresh= 1.000E-02 alpha_mix =  0.700 |ddv_scf|^2 =  4.496E-07

      iter #   2 total cpu time :  7317.1 secs   av.it.:  10.5
      thresh= 6.705E-05 alpha_mix =  0.700 |ddv_scf|^2 =  3.211E-07

      iter #   3 total cpu time :  7328.6 secs   av.it.:   9.7
      thresh= 5.666E-05 alpha_mix =  0.700 |ddv_scf|^2 =  1.251E-07

      iter #   4 total cpu time :  7339.6 secs   av.it.:   9.3
      thresh= 3.538E-05 alpha_mix =  0.700 |ddv_scf|^2 =  5.258E-09

      iter #   5 total cpu time :  7351.0 secs   av.it.:  10.0
      thresh= 7.251E-06 alpha_mix =  0.700 |ddv_scf|^2 =  6.193E-10

      iter #   6 total cpu time :  7362.1 secs   av.it.:  10.0
      thresh= 2.489E-06 alpha_mix =  0.700 |ddv_scf|^2 =  5.489E-12

      iter #   7 total cpu time :  7372.8 secs   av.it.:  10.4
      thresh= 2.343E-07 alpha_mix =  0.700 |ddv_scf|^2 =  8.271E-13

      iter #   8 total cpu time :  7383.1 secs   av.it.:  10.2
      thresh= 9.094E-08 alpha_mix =  0.700 |ddv_scf|^2 =  1.877E-14

      iter #   9 total cpu time :  7394.1 secs   av.it.:  10.4
      thresh= 1.370E-08 alpha_mix =  0.700 |ddv_scf|^2 =  1.600E-14

      iter #  10 total cpu time :  7407.0 secs   av.it.:   9.5
      thresh= 1.265E-08 alpha_mix =  0.700 |ddv_scf|^2 =  1.832E-15

      iter #  11 total cpu time :  7419.9 secs   av.it.:   9.7
      thresh= 4.280E-09 alpha_mix =  0.700 |ddv_scf|^2 =  5.956E-16

      iter #  12 total cpu time :  7431.0 secs   av.it.:   9.6
      thresh= 2.440E-09 alpha_mix =  0.700 |ddv_scf|^2 =  6.768E-17

      iter #  13 total cpu time :  7441.5 secs   av.it.:   9.7
      thresh= 8.227E-10 alpha_mix =  0.700 |ddv_scf|^2 =  4.447E-18

      iter #  14 total cpu time :  7450.4 secs   av.it.:  10.0
      thresh= 2.109E-10 alpha_mix =  0.700 |ddv_scf|^2 =  8.911E-19

      iter #  15 total cpu time :  7462.5 secs   av.it.:  10.0
      thresh= 9.440E-11 alpha_mix =  0.700 |ddv_scf|^2 =  1.394E-19

     End of self-consistent calculation

     Convergence has been achieved 

     Number of q in the star =   48
     List of q in the star:
          1   0.618718434  -0.441941738  -0.265165043
          2  -0.618718434  -0.441941738  -0.265165043
          3   0.441941738  -0.618718434   0.265165043
          4   0.618718434  -0.441941738   0.265165043
          5  -0.441941738   0.618718434  -0.265165043
          6   0.441941738  -0.618718434  -0.265165043
          7   0.441941738   0.618718434  -0.265165043
          8  -0.618718434   0.441941738  -0.265165043
          9   0.618718434   0.441941738   0.265165043
         10   0.441941738   0.618718434   0.265165043
         11  -0.441941738  -0.618718434   0.265165043
         12  -0.618718434  -0.441941738   0.265165043
         13  -0.441941738  -0.618718434  -0.265165043
         14   0.618718434   0.441941738  -0.265165043
         15  -0.618718434   0.441941738   0.265165043
         16  -0.441941738   0.618718434   0.265165043
         17  -0.441941738  -0.265165043   0.618718434
         18   0.265165043  -0.441941738  -0.618718434
         19  -0.441941738   0.265165043  -0.618718434
         20   0.441941738   0.265165043   0.618718434
         21  -0.265165043   0.618718434  -0.441941738
         22  -0.265165043  -0.618718434   0.441941738
         23   0.265165043   0.441941738   0.618718434
         24   0.265165043   0.618718434   0.441941738
         25  -0.618718434   0.265165043   0.441941738
         26  -0.265165043   0.441941738  -0.618718434
         27  -0.441941738   0.265165043   0.618718434
         28   0.618718434  -0.265165043  -0.441941738
         29  -0.618718434  -0.265165043  -0.441941738
         30  -0.265165043   0.618718434   0.441941738
         31   0.265165043   0.441941738  -0.618718434
         32   0.618718434  -0.265165043   0.441941738
         33   0.265165043  -0.618718434  -0.441941738
         34  -0.265165043  -0.441941738   0.618718434
         35  -0.265165043   0.441941738   0.618718434
         36   0.441941738  -0.265165043  -0.618718434
         37   0.618718434   0.265165043   0.441941738
         38   0.618718434   0.265165043  -0.441941738
         39  -0.618718434   0.265165043  -0.441941738
         40  -0.618718434  -0.265165043   0.441941738
         41   0.441941738   0.265165043  -0.618718434
         42  -0.265165043  -0.441941738  -0.618718434
         43   0.441941738  -0.265165043   0.618718434
         44  -0.441941738  -0.265165043  -0.618718434
         45   0.265165043  -0.618718434   0.441941738
         46   0.265165043   0.618718434  -0.441941738
         47   0.265165043  -0.441941738   0.618718434
         48  -0.265165043  -0.618718434  -0.441941738

     Diagonalizing the dynamical matrix

     q = (    0.618718434  -0.441941738  -0.265165043 ) 

 **************************************************************************
     freq (    1) =       4.293815 [THz] =     143.226261 [cm-1]
     freq (    2) =       5.274003 [THz] =     175.921798 [cm-1]
     freq (    3) =       8.700791 [THz] =     290.227132 [cm-1]
     freq (    4) =      12.501269 [THz] =     416.997433 [cm-1]
     freq (    5) =      14.104219 [THz] =     470.466090 [cm-1]
     freq (    6) =      14.274195 [THz] =     476.135884 [cm-1]
 **************************************************************************

     Mode symmetry, C_1 (1)     point group:

     freq (   1-   1) =        143.2  [cm-1]   --> A                  
     freq (   2-   2) =        175.9  [cm-1]   --> A                  
     freq (   3-   3) =        290.2  [cm-1]   --> A                  
     freq (   4-   4) =        417.0  [cm-1]   --> A                  
     freq (   5-   5) =        470.5  [cm-1]   --> A                  
     freq (   6-   6) =        476.1  [cm-1]   --> A                  

     Calculation of q =    0.5303301  -0.3535534  -0.1767767

     Parallelization info
     --------------------
     sticks:   dense  smooth     PW     G-vecs:    dense   smooth      PW
     Min          53      27     10                 1054      373      90
     Max          54      28     11                 1057      376      94
     Sum         859     433    163                16889     5985    1459

     Using Slab Decomposition


     Title: 
     default                                                                    


     bravais-lattice index     =            0
     lattice parameter (alat)  =       7.2595  a.u.
     unit-cell volume          =     270.5223 (a.u.)^3
     number of atoms/cell      =            2
     number of atomic types    =            1
     number of electrons       =         8.00
     number of Kohn-Sham states=            4
     kinetic-energy cutoff     =      30.0000  Ry
     charge density cutoff     =     240.0000  Ry
     Exchange-correlation= PBESOL
                           (   1   4  10   8   0   0   0)

     celldm(1)=   7.259489  celldm(2)=   0.000000  celldm(3)=   0.000000
     celldm(4)=   0.000000  celldm(5)=   0.000000  celldm(6)=   0.000000

     crystal axes: (cart. coord. in units of alat)
               a(1) = (   0.707107   0.707107   0.000000 )  
               a(2) = (   0.707107   0.000000   0.707107 )  
               a(3) = (   0.000000   0.707107   0.707107 )  

     reciprocal axes: (cart. coord. in units 2 pi/alat)
               b(1) = (  0.707107  0.707107 -0.707107 )  
               b(2) = (  0.707107 -0.707107  0.707107 )  
               b(3) = ( -0.707107  0.707107  0.707107 )  


     PseudoPot. # 1 for Si read from file:
     ../pseudo/Si.pbesol-n-rrkjus_psl.1.0.0.UPF
     MD5 check sum: c4212819de858c94c3a1644338846ac9
     Pseudo is Ultrasoft + core correction, Zval =  4.0
     Generated using "atomic" code by A. Dal Corso  v.6.0 svn rev. 13079
     Using radial grid of 1141 points,  6 beta functions with: 
                l(1) =   0
                l(2) =   0
                l(3) =   1
                l(4) =   1
                l(5) =   2
                l(6) =   2
     Q(r) pseudized with 0 coefficients 


     atomic species   valence    mass     pseudopotential
        Si             4.00    28.08550     Si( 1.00)

     48 Sym. Ops., with inversion, found



   Cartesian axes

     site n.     atom                  positions (alat units)
         1           Si  tau(   1) = (   0.0000000   0.0000000   0.0000000  )
         2           Si  tau(   2) = (   0.3535534   0.3535534   0.3535534  )

     number of k points=  2772

     Number of k-points >= 100: set verbosity='high' to print them.

     Dense  grid:    16889 G-vectors     FFT dimensions: (  36,  36,  36)

     Smooth grid:     5985 G-vectors     FFT dimensions: (  32,  32,  32)

     Estimated max dynamical RAM per process >       4.75 MB

     Estimated total dynamical RAM >      75.98 MB

     The potential is recalculated from file :
     tmp/_ph0/si.save/charge-density

     Starting wfcs are    8 atomic wfcs

     Band Structure Calculation
     Davidson diagonalization with overlap

     ethr =  1.25E-10,  avg # of iterations = 13.4

     total cpu time spent up to now is      289.0 secs

     End of band structure calculation

     Number of k-points >= 100: set verbosity='high' to print the bands.

     highest occupied level (ev):     6.1438

     Writing config to output data dir tmp/_ph0/si.save/

     default                                                                    

     bravais-lattice index     =            0
     lattice parameter (alat)  =       7.2595  a.u.
     unit-cell volume          =     270.5223 (a.u.)^3
     number of atoms/cell      =            2
     number of atomic types    =            1
     kinetic-energy cut-off    =      30.0000  Ry
     charge density cut-off    =     240.0000  Ry
     convergence threshold     =      1.6E-19
     beta                      =       0.7000
     number of iterations used =            4
     Exchange-correlation= PBESOL
                           (   1   4  10   8   0   0   0)


     celldm(1)=    7.25949  celldm(2)=    0.00000  celldm(3)=    0.00000
     celldm(4)=    0.00000  celldm(5)=    0.00000  celldm(6)=    0.00000

     crystal axes: (cart. coord. in units of alat)
               a(1) = (  0.7071  0.7071  0.0000 )  
               a(2) = (  0.7071  0.0000  0.7071 )  
               a(3) = (  0.0000  0.7071  0.7071 )  

     reciprocal axes: (cart. coord. in units 2 pi/alat)
               b(1) = (  0.7071  0.7071 -0.7071 )  
               b(2) = (  0.7071 -0.7071  0.7071 )  
               b(3) = ( -0.7071  0.7071  0.7071 )  


     Atoms inside the unit cell: 

     Cartesian axes

     site n.  atom      mass           positions (alat units)
        1     Si  28.0855   tau(    1) = (    0.00000    0.00000    0.00000  )
        2     Si  28.0855   tau(    2) = (    0.35355    0.35355    0.35355  )

     Computing dynamical matrix for 
                    q = (   0.5303301  -0.3535534  -0.1767767 )

      2 Sym.Ops. (no q -> -q+G )


     G cutoff =  320.3787  (   1057 G-vectors)     FFT grid: ( 36, 36, 36)
     G cutoff =  160.1893  (    374 G-vectors)  smooth grid: ( 32, 32, 32)
     number of k points=  2772

     PseudoPot. # 1 for Si read from file:
     ../pseudo/Si.pbesol-n-rrkjus_psl.1.0.0.UPF
     MD5 check sum: c4212819de858c94c3a1644338846ac9
     Pseudo is Ultrasoft + core correction, Zval =  4.0
     Generated using "atomic" code by A. Dal Corso  v.6.0 svn rev. 13079
     Using radial grid of 1141 points,  6 beta functions with: 
                l(1) =   0
                l(2) =   0
                l(3) =   1
                l(4) =   1
                l(5) =   2
                l(6) =   2
     Q(r) pseudized with 0 coefficients 



     Atomic displacements:
     There are    6 irreducible representations

     Representation     1      1 modes -  To be done

     Representation     2      1 modes -  To be done

     Representation     3      1 modes -  To be done

     Representation     4      1 modes -  To be done

     Representation     5      1 modes -  To be done

     Representation     6      1 modes -  To be done



     Alpha used in Ewald sum =   2.5000
     PHONON       :      2h 1m CPU      2h 4m WALL



     Representation #   1 mode #   1

     Self-consistent Calculation

      iter #   1 total cpu time :  7488.0 secs   av.it.:   5.6
      thresh= 1.000E-02 alpha_mix =  0.700 |ddv_scf|^2 =  1.477E-06

      iter #   2 total cpu time :  7494.3 secs   av.it.:  10.3
      thresh= 1.215E-04 alpha_mix =  0.700 |ddv_scf|^2 =  2.335E-06

      iter #   3 total cpu time :  7500.0 secs   av.it.:   9.4
      thresh= 1.528E-04 alpha_mix =  0.700 |ddv_scf|^2 =  6.564E-09

      iter #   4 total cpu time :  7506.1 secs   av.it.:  10.2
      thresh= 8.102E-06 alpha_mix =  0.700 |ddv_scf|^2 =  7.148E-10

      iter #   5 total cpu time :  7512.1 secs   av.it.:  10.2
      thresh= 2.674E-06 alpha_mix =  0.700 |ddv_scf|^2 =  2.111E-12

      iter #   6 total cpu time :  7518.2 secs   av.it.:  10.3
      thresh= 1.453E-07 alpha_mix =  0.700 |ddv_scf|^2 =  5.495E-14

      iter #   7 total cpu time :  7524.4 secs   av.it.:  10.4
      thresh= 2.344E-08 alpha_mix =  0.700 |ddv_scf|^2 =  1.707E-15

      iter #   8 total cpu time :  7530.4 secs   av.it.:  10.3
      thresh= 4.132E-09 alpha_mix =  0.700 |ddv_scf|^2 =  3.131E-16

      iter #   9 total cpu time :  7536.8 secs   av.it.:  10.1
      thresh= 1.769E-09 alpha_mix =  0.700 |ddv_scf|^2 =  2.843E-16

      iter #  10 total cpu time :  7542.1 secs   av.it.:   9.5
      thresh= 1.686E-09 alpha_mix =  0.700 |ddv_scf|^2 =  5.465E-18

      iter #  11 total cpu time :  7547.4 secs   av.it.:  10.0
      thresh= 2.338E-10 alpha_mix =  0.700 |ddv_scf|^2 =  1.067E-18

      iter #  12 total cpu time :  7553.0 secs   av.it.:   9.7
      thresh= 1.033E-10 alpha_mix =  0.700 |ddv_scf|^2 =  6.403E-21

     End of self-consistent calculation

     Convergence has been achieved 


     Representation #   2 mode #   2

     Self-consistent Calculation

      iter #   1 total cpu time :  7558.3 secs   av.it.:   6.2
      thresh= 1.000E-02 alpha_mix =  0.700 |ddv_scf|^2 =  8.270E-06

      iter #   2 total cpu time :  7564.3 secs   av.it.:  10.3
      thresh= 2.876E-04 alpha_mix =  0.700 |ddv_scf|^2 =  1.706E-05

      iter #   3 total cpu time :  7569.5 secs   av.it.:   9.3
      thresh= 4.131E-04 alpha_mix =  0.700 |ddv_scf|^2 =  2.077E-08

      iter #   4 total cpu time :  7574.8 secs   av.it.:  10.2
      thresh= 1.441E-05 alpha_mix =  0.700 |ddv_scf|^2 =  2.040E-09

      iter #   5 total cpu time :  7580.4 secs   av.it.:  10.1
      thresh= 4.516E-06 alpha_mix =  0.700 |ddv_scf|^2 =  4.195E-12

      iter #   6 total cpu time :  7586.6 secs   av.it.:  10.3
      thresh= 2.048E-07 alpha_mix =  0.700 |ddv_scf|^2 =  1.754E-13

      iter #   7 total cpu time :  7592.9 secs   av.it.:  10.3
      thresh= 4.188E-08 alpha_mix =  0.700 |ddv_scf|^2 =  1.541E-14

      iter #   8 total cpu time :  7598.2 secs   av.it.:  10.2
      thresh= 1.242E-08 alpha_mix =  0.700 |ddv_scf|^2 =  3.132E-15

      iter #   9 total cpu time :  7603.0 secs   av.it.:   9.9
      thresh= 5.596E-09 alpha_mix =  0.700 |ddv_scf|^2 =  1.202E-15

      iter #  10 total cpu time :  7608.7 secs   av.it.:   9.7
      thresh= 3.467E-09 alpha_mix =  0.700 |ddv_scf|^2 =  9.554E-17

      iter #  11 total cpu time :  7613.4 secs   av.it.:   9.8
      thresh= 9.775E-10 alpha_mix =  0.700 |ddv_scf|^2 =  1.789E-18

      iter #  12 total cpu time :  7618.7 secs   av.it.:   9.8
      thresh= 1.338E-10 alpha_mix =  0.700 |ddv_scf|^2 =  4.186E-20

     End of self-consistent calculation

     Convergence has been achieved 


     Representation #   3 mode #   3

     Self-consistent Calculation

      iter #   1 total cpu time :  7623.0 secs   av.it.:   5.8
      thresh= 1.000E-02 alpha_mix =  0.700 |ddv_scf|^2 =  2.840E-06

      iter #   2 total cpu time :  7628.9 secs   av.it.:  10.3
      thresh= 1.685E-04 alpha_mix =  0.700 |ddv_scf|^2 =  4.649E-06

      iter #   3 total cpu time :  7634.9 secs   av.it.:   9.4
      thresh= 2.156E-04 alpha_mix =  0.700 |ddv_scf|^2 =  8.001E-09

      iter #   4 total cpu time :  7640.8 secs   av.it.:  10.3
      thresh= 8.945E-06 alpha_mix =  0.700 |ddv_scf|^2 =  8.849E-10

      iter #   5 total cpu time :  7647.9 secs   av.it.:  10.2
      thresh= 2.975E-06 alpha_mix =  0.700 |ddv_scf|^2 =  3.106E-12

      iter #   6 total cpu time :  7654.9 secs   av.it.:  10.2
      thresh= 1.762E-07 alpha_mix =  0.700 |ddv_scf|^2 =  5.603E-14

      iter #   7 total cpu time :  7660.7 secs   av.it.:  10.5
      thresh= 2.367E-08 alpha_mix =  0.700 |ddv_scf|^2 =  1.999E-15

      iter #   8 total cpu time :  7667.1 secs   av.it.:  10.3
      thresh= 4.471E-09 alpha_mix =  0.700 |ddv_scf|^2 =  4.825E-16

      iter #   9 total cpu time :  7672.6 secs   av.it.:   9.9
      thresh= 2.197E-09 alpha_mix =  0.700 |ddv_scf|^2 =  2.003E-16

      iter #  10 total cpu time :  7677.8 secs   av.it.:   9.6
      thresh= 1.415E-09 alpha_mix =  0.700 |ddv_scf|^2 =  1.472E-18

      iter #  11 total cpu time :  7683.5 secs   av.it.:  10.5
      thresh= 1.213E-10 alpha_mix =  0.700 |ddv_scf|^2 =  4.791E-19

      iter #  12 total cpu time :  7690.1 secs   av.it.:  10.1
      thresh= 6.922E-11 alpha_mix =  0.700 |ddv_scf|^2 =  8.014E-20

     End of self-consistent calculation

     Convergence has been achieved 


     Representation #   4 mode #   4

     Self-consistent Calculation

      iter #   1 total cpu time :  7694.2 secs   av.it.:   6.0
      thresh= 1.000E-02 alpha_mix =  0.700 |ddv_scf|^2 =  5.757E-06

      iter #   2 total cpu time :  7700.4 secs   av.it.:  10.3
      thresh= 2.399E-04 alpha_mix =  0.700 |ddv_scf|^2 =  1.232E-05

      iter #   3 total cpu time :  7705.7 secs   av.it.:   9.3
      thresh= 3.510E-04 alpha_mix =  0.700 |ddv_scf|^2 =  6.355E-09

      iter #   4 total cpu time :  7711.3 secs   av.it.:  10.3
      thresh= 7.972E-06 alpha_mix =  0.700 |ddv_scf|^2 =  9.530E-10

      iter #   5 total cpu time :  7717.0 secs   av.it.:  10.1
      thresh= 3.087E-06 alpha_mix =  0.700 |ddv_scf|^2 =  2.148E-11

      iter #   6 total cpu time :  7723.5 secs   av.it.:  10.2
      thresh= 4.635E-07 alpha_mix =  0.700 |ddv_scf|^2 =  2.424E-13

      iter #   7 total cpu time :  7729.1 secs   av.it.:  10.3
      thresh= 4.923E-08 alpha_mix =  0.700 |ddv_scf|^2 =  2.028E-14

      iter #   8 total cpu time :  7734.9 secs   av.it.:  10.1
      thresh= 1.424E-08 alpha_mix =  0.700 |ddv_scf|^2 =  4.330E-16

      iter #   9 total cpu time :  7741.0 secs   av.it.:  10.2
      thresh= 2.081E-09 alpha_mix =  0.700 |ddv_scf|^2 =  1.853E-16

      iter #  10 total cpu time :  7747.3 secs   av.it.:   9.7
      thresh= 1.361E-09 alpha_mix =  0.700 |ddv_scf|^2 =  1.055E-17

      iter #  11 total cpu time :  7752.3 secs   av.it.:   9.9
      thresh= 3.248E-10 alpha_mix =  0.700 |ddv_scf|^2 =  3.133E-18

      iter #  12 total cpu time :  7758.8 secs   av.it.:   9.6
      thresh= 1.770E-10 alpha_mix =  0.700 |ddv_scf|^2 =  4.133E-20

     End of self-consistent calculation

     Convergence has been achieved 


     Representation #   5 mode #   5

     Self-consistent Calculation

      iter #   1 total cpu time :  7763.7 secs   av.it.:   6.2
      thresh= 1.000E-02 alpha_mix =  0.700 |ddv_scf|^2 =  4.728E-06

      iter #   2 total cpu time :  7770.4 secs   av.it.:  10.4
      thresh= 2.174E-04 alpha_mix =  0.700 |ddv_scf|^2 =  8.338E-06

      iter #   3 total cpu time :  7775.8 secs   av.it.:   9.4
      thresh= 2.888E-04 alpha_mix =  0.700 |ddv_scf|^2 =  6.038E-08

      iter #   4 total cpu time :  7781.8 secs   av.it.:  10.1
      thresh= 2.457E-05 alpha_mix =  0.700 |ddv_scf|^2 =  1.841E-09

      iter #   5 total cpu time :  7787.6 secs   av.it.:  10.1
      thresh= 4.290E-06 alpha_mix =  0.700 |ddv_scf|^2 =  1.231E-11

      iter #   6 total cpu time :  7793.5 secs   av.it.:  10.4
      thresh= 3.508E-07 alpha_mix =  0.700 |ddv_scf|^2 =  1.759E-13

      iter #   7 total cpu time :  7799.1 secs   av.it.:  10.0
      thresh= 4.195E-08 alpha_mix =  0.700 |ddv_scf|^2 =  1.511E-14

      iter #   8 total cpu time :  7805.1 secs   av.it.:  10.4
      thresh= 1.229E-08 alpha_mix =  0.700 |ddv_scf|^2 =  1.011E-14

      iter #   9 total cpu time :  7811.5 secs   av.it.:   9.5
      thresh= 1.005E-08 alpha_mix =  0.700 |ddv_scf|^2 =  2.745E-16

      iter #  10 total cpu time :  7817.1 secs   av.it.:  10.1
      thresh= 1.657E-09 alpha_mix =  0.700 |ddv_scf|^2 =  1.008E-16

      iter #  11 total cpu time :  7821.8 secs   av.it.:   9.6
      thresh= 1.004E-09 alpha_mix =  0.700 |ddv_scf|^2 =  1.846E-18

      iter #  12 total cpu time :  7826.8 secs   av.it.:  10.1
      thresh= 1.359E-10 alpha_mix =  0.700 |ddv_scf|^2 =  3.403E-19

      iter #  13 total cpu time :  7832.1 secs   av.it.:   9.9
      thresh= 5.834E-11 alpha_mix =  0.700 |ddv_scf|^2 =  9.635E-21

     End of self-consistent calculation

     Convergence has been achieved 


     Representation #   6 mode #   6

     Self-consistent Calculation

      iter #   1 total cpu time :  7835.7 secs   av.it.:   5.9
      thresh= 1.000E-02 alpha_mix =  0.700 |ddv_scf|^2 =  2.131E-06

      iter #   2 total cpu time :  7840.7 secs   av.it.:  10.4
      thresh= 1.460E-04 alpha_mix =  0.700 |ddv_scf|^2 =  3.000E-06

      iter #   3 total cpu time :  7845.5 secs   av.it.:   9.5
      thresh= 1.732E-04 alpha_mix =  0.700 |ddv_scf|^2 =  2.456E-08

      iter #   4 total cpu time :  7852.4 secs   av.it.:  10.0
      thresh= 1.567E-05 alpha_mix =  0.700 |ddv_scf|^2 =  1.064E-09

      iter #   5 total cpu time :  7857.8 secs   av.it.:   9.9
      thresh= 3.263E-06 alpha_mix =  0.700 |ddv_scf|^2 =  1.210E-12

      iter #   6 total cpu time :  7864.1 secs   av.it.:  10.4
      thresh= 1.100E-07 alpha_mix =  0.700 |ddv_scf|^2 =  5.390E-14

      iter #   7 total cpu time :  7870.5 secs   av.it.:  10.1
      thresh= 2.322E-08 alpha_mix =  0.700 |ddv_scf|^2 =  3.467E-15

      iter #   8 total cpu time :  7876.6 secs   av.it.:  10.2
      thresh= 5.888E-09 alpha_mix =  0.700 |ddv_scf|^2 =  1.028E-15

      iter #   9 total cpu time :  7882.3 secs   av.it.:   9.6
      thresh= 3.207E-09 alpha_mix =  0.700 |ddv_scf|^2 =  5.620E-17

      iter #  10 total cpu time :  7888.8 secs   av.it.:   9.9
      thresh= 7.497E-10 alpha_mix =  0.700 |ddv_scf|^2 =  3.207E-18

      iter #  11 total cpu time :  7894.3 secs   av.it.:  10.3
      thresh= 1.791E-10 alpha_mix =  0.700 |ddv_scf|^2 =  9.457E-19

      iter #  12 total cpu time :  7899.3 secs   av.it.:   9.7
      thresh= 9.725E-11 alpha_mix =  0.700 |ddv_scf|^2 =  1.486E-19

     End of self-consistent calculation

     Convergence has been achieved 

     Number of q in the star =   24
     List of q in the star:
          1   0.530330086  -0.353553391  -0.176776695
          2   0.353553391  -0.530330086   0.176776695
          3   0.530330086  -0.353553391   0.176776695
          4  -0.353553391   0.530330086  -0.176776695
          5   0.353553391  -0.530330086  -0.176776695
          6   0.353553391   0.530330086  -0.176776695
          7  -0.530330086   0.353553391  -0.176776695
          8   0.530330086   0.353553391   0.176776695
          9   0.353553391   0.530330086   0.176776695
         10  -0.353553391  -0.530330086   0.176776695
         11  -0.530330086  -0.353553391   0.176776695
         12  -0.353553391  -0.530330086  -0.176776695
         13   0.530330086   0.353553391  -0.176776695
         14  -0.530330086   0.353553391   0.176776695
         15  -0.353553391   0.530330086   0.176776695
         16  -0.176776695   0.530330086  -0.353553391
         17  -0.176776695  -0.530330086   0.353553391
         18   0.176776695   0.353553391   0.530330086
         19   0.176776695   0.530330086   0.353553391
         20  -0.530330086   0.176776695   0.353553391
         21   0.530330086  -0.176776695  -0.353553391
         22   0.530330086   0.176776695   0.353553391
         23  -0.530330086   0.176776695  -0.353553391
         24  -0.530330086  -0.176776695   0.353553391

     Diagonalizing the dynamical matrix

     q = (    0.530330086  -0.353553391  -0.176776695 ) 

 **************************************************************************
     freq (    1) =       4.367696 [THz] =     145.690656 [cm-1]
     freq (    2) =       5.485901 [THz] =     182.989959 [cm-1]
     freq (    3) =       9.725566 [THz] =     324.409955 [cm-1]
     freq (    4) =      11.711675 [THz] =     390.659431 [cm-1]
     freq (    5) =      14.042828 [THz] =     468.418336 [cm-1]
     freq (    6) =      14.272269 [THz] =     476.071650 [cm-1]
 **************************************************************************

     Calculation of q =    0.7071068  -0.5303301  -0.1767767

     Parallelization info
     --------------------
     sticks:   dense  smooth     PW     G-vecs:    dense   smooth      PW
     Min          53      27     11                 1054      373     101
     Max          54      28     12                 1057      376     103
     Sum         859     433    187                16889     5985    1639

     Using Slab Decomposition


     Title: 
     default                                                                    


     bravais-lattice index     =            0
     lattice parameter (alat)  =       7.2595  a.u.
     unit-cell volume          =     270.5223 (a.u.)^3
     number of atoms/cell      =            2
     number of atomic types    =            1
     number of electrons       =         8.00
     number of Kohn-Sham states=            4
     kinetic-energy cutoff     =      30.0000  Ry
     charge density cutoff     =     240.0000  Ry
     Exchange-correlation= PBESOL
                           (   1   4  10   8   0   0   0)

     celldm(1)=   7.259489  celldm(2)=   0.000000  celldm(3)=   0.000000
     celldm(4)=   0.000000  celldm(5)=   0.000000  celldm(6)=   0.000000

     crystal axes: (cart. coord. in units of alat)
               a(1) = (   0.707107   0.707107   0.000000 )  
               a(2) = (   0.707107   0.000000   0.707107 )  
               a(3) = (   0.000000   0.707107   0.707107 )  

     reciprocal axes: (cart. coord. in units 2 pi/alat)
               b(1) = (  0.707107  0.707107 -0.707107 )  
               b(2) = (  0.707107 -0.707107  0.707107 )  
               b(3) = ( -0.707107  0.707107  0.707107 )  


     PseudoPot. # 1 for Si read from file:
     ../pseudo/Si.pbesol-n-rrkjus_psl.1.0.0.UPF
     MD5 check sum: c4212819de858c94c3a1644338846ac9
     Pseudo is Ultrasoft + core correction, Zval =  4.0
     Generated using "atomic" code by A. Dal Corso  v.6.0 svn rev. 13079
     Using radial grid of 1141 points,  6 beta functions with: 
                l(1) =   0
                l(2) =   0
                l(3) =   1
                l(4) =   1
                l(5) =   2
                l(6) =   2
     Q(r) pseudized with 0 coefficients 


     atomic species   valence    mass     pseudopotential
        Si             4.00    28.08550     Si( 1.00)

     48 Sym. Ops., with inversion, found



   Cartesian axes

     site n.     atom                  positions (alat units)
         1           Si  tau(   1) = (   0.0000000   0.0000000   0.0000000  )
         2           Si  tau(   2) = (   0.3535534   0.3535534   0.3535534  )

     number of k points=  2940

     Number of k-points >= 100: set verbosity='high' to print them.

     Dense  grid:    16889 G-vectors     FFT dimensions: (  36,  36,  36)

     Smooth grid:     5985 G-vectors     FFT dimensions: (  32,  32,  32)

     Estimated max dynamical RAM per process >       4.77 MB

     Estimated total dynamical RAM >      76.25 MB

     The potential is recalculated from file :
     tmp/_ph0/si.save/charge-density

     Starting wfcs are    8 atomic wfcs

     Band Structure Calculation
     Davidson diagonalization with overlap

     ethr =  1.25E-10,  avg # of iterations = 13.3

     total cpu time spent up to now is      306.0 secs

     End of band structure calculation

     Number of k-points >= 100: set verbosity='high' to print the bands.

     highest occupied level (ev):     6.1438

     Writing config to output data dir tmp/_ph0/si.save/

     default                                                                    

     bravais-lattice index     =            0
     lattice parameter (alat)  =       7.2595  a.u.
     unit-cell volume          =     270.5223 (a.u.)^3
     number of atoms/cell      =            2
     number of atomic types    =            1
     kinetic-energy cut-off    =      30.0000  Ry
     charge density cut-off    =     240.0000  Ry
     convergence threshold     =      1.6E-19
     beta                      =       0.7000
     number of iterations used =            4
     Exchange-correlation= PBESOL
                           (   1   4  10   8   0   0   0)


     celldm(1)=    7.25949  celldm(2)=    0.00000  celldm(3)=    0.00000
     celldm(4)=    0.00000  celldm(5)=    0.00000  celldm(6)=    0.00000

     crystal axes: (cart. coord. in units of alat)
               a(1) = (  0.7071  0.7071  0.0000 )  
               a(2) = (  0.7071  0.0000  0.7071 )  
               a(3) = (  0.0000  0.7071  0.7071 )  

     reciprocal axes: (cart. coord. in units 2 pi/alat)
               b(1) = (  0.7071  0.7071 -0.7071 )  
               b(2) = (  0.7071 -0.7071  0.7071 )  
               b(3) = ( -0.7071  0.7071  0.7071 )  


     Atoms inside the unit cell: 

     Cartesian axes

     site n.  atom      mass           positions (alat units)
        1     Si  28.0855   tau(    1) = (    0.00000    0.00000    0.00000  )
        2     Si  28.0855   tau(    2) = (    0.35355    0.35355    0.35355  )

     Computing dynamical matrix for 
                    q = (   0.7071068  -0.5303301  -0.1767767 )

      2 Sym.Ops. (no q -> -q+G )


     G cutoff =  320.3787  (   1057 G-vectors)     FFT grid: ( 36, 36, 36)
     G cutoff =  160.1893  (    374 G-vectors)  smooth grid: ( 32, 32, 32)
     number of k points=  2940

     PseudoPot. # 1 for Si read from file:
     ../pseudo/Si.pbesol-n-rrkjus_psl.1.0.0.UPF
     MD5 check sum: c4212819de858c94c3a1644338846ac9
     Pseudo is Ultrasoft + core correction, Zval =  4.0
     Generated using "atomic" code by A. Dal Corso  v.6.0 svn rev. 13079
     Using radial grid of 1141 points,  6 beta functions with: 
                l(1) =   0
                l(2) =   0
                l(3) =   1
                l(4) =   1
                l(5) =   2
                l(6) =   2
     Q(r) pseudized with 0 coefficients 



     Atomic displacements:
     There are    6 irreducible representations

     Representation     1      1 modes -  To be done

     Representation     2      1 modes -  To be done

     Representation     3      1 modes -  To be done

     Representation     4      1 modes -  To be done

     Representation     5      1 modes -  To be done

     Representation     6      1 modes -  To be done



     Alpha used in Ewald sum =   2.5000
     PHONON       :      2h 8m CPU      2h12m WALL



     Representation #   1 mode #   1

     Self-consistent Calculation

      iter #   1 total cpu time :  7925.4 secs   av.it.:   5.7
      thresh= 1.000E-02 alpha_mix =  0.700 |ddv_scf|^2 =  2.281E-06

      iter #   2 total cpu time :  7932.2 secs   av.it.:  10.2
      thresh= 1.510E-04 alpha_mix =  0.700 |ddv_scf|^2 =  6.959E-06

      iter #   3 total cpu time :  7937.9 secs   av.it.:   8.9
      thresh= 2.638E-04 alpha_mix =  0.700 |ddv_scf|^2 =  6.747E-08

      iter #   4 total cpu time :  7944.5 secs   av.it.:   9.8
      thresh= 2.598E-05 alpha_mix =  0.700 |ddv_scf|^2 =  1.873E-09

      iter #   5 total cpu time :  7950.5 secs   av.it.:  10.0
      thresh= 4.328E-06 alpha_mix =  0.700 |ddv_scf|^2 =  2.467E-11

      iter #   6 total cpu time :  7956.7 secs   av.it.:  10.0
      thresh= 4.967E-07 alpha_mix =  0.700 |ddv_scf|^2 =  2.141E-13

      iter #   7 total cpu time :  7963.7 secs   av.it.:  10.3
      thresh= 4.627E-08 alpha_mix =  0.700 |ddv_scf|^2 =  1.697E-14

      iter #   8 total cpu time :  7969.3 secs   av.it.:  10.3
      thresh= 1.303E-08 alpha_mix =  0.700 |ddv_scf|^2 =  1.215E-14

      iter #   9 total cpu time :  7975.0 secs   av.it.:   9.1
      thresh= 1.102E-08 alpha_mix =  0.700 |ddv_scf|^2 =  9.449E-16

      iter #  10 total cpu time :  7981.1 secs   av.it.:   9.6
      thresh= 3.074E-09 alpha_mix =  0.700 |ddv_scf|^2 =  7.178E-17

      iter #  11 total cpu time :  7986.4 secs   av.it.:   9.9
      thresh= 8.473E-10 alpha_mix =  0.700 |ddv_scf|^2 =  2.941E-18

      iter #  12 total cpu time :  7992.8 secs   av.it.:  10.1
      thresh= 1.715E-10 alpha_mix =  0.700 |ddv_scf|^2 =  3.961E-18

      iter #  13 total cpu time :  7998.3 secs   av.it.:   9.0
      thresh= 1.990E-10 alpha_mix =  0.700 |ddv_scf|^2 =  3.464E-20

     End of self-consistent calculation

     Convergence has been achieved 


     Representation #   2 mode #   2

     Self-consistent Calculation

      iter #   1 total cpu time :  8002.5 secs   av.it.:   5.4
      thresh= 1.000E-02 alpha_mix =  0.700 |ddv_scf|^2 =  5.083E-07

      iter #   2 total cpu time :  8009.3 secs   av.it.:  10.3
      thresh= 7.130E-05 alpha_mix =  0.700 |ddv_scf|^2 =  2.558E-07

      iter #   3 total cpu time :  8015.6 secs   av.it.:   9.9
      thresh= 5.058E-05 alpha_mix =  0.700 |ddv_scf|^2 =  5.396E-09

      iter #   4 total cpu time :  8021.0 secs   av.it.:  10.1
      thresh= 7.346E-06 alpha_mix =  0.700 |ddv_scf|^2 =  6.212E-10

      iter #   5 total cpu time :  8026.5 secs   av.it.:  10.1
      thresh= 2.492E-06 alpha_mix =  0.700 |ddv_scf|^2 =  2.545E-12

      iter #   6 total cpu time :  8032.6 secs   av.it.:  10.2
      thresh= 1.595E-07 alpha_mix =  0.700 |ddv_scf|^2 =  7.093E-14

      iter #   7 total cpu time :  8037.9 secs   av.it.:  10.3
      thresh= 2.663E-08 alpha_mix =  0.700 |ddv_scf|^2 =  3.623E-15

      iter #   8 total cpu time :  8043.2 secs   av.it.:  10.2
      thresh= 6.019E-09 alpha_mix =  0.700 |ddv_scf|^2 =  1.329E-16

      iter #   9 total cpu time :  8049.4 secs   av.it.:  10.2
      thresh= 1.153E-09 alpha_mix =  0.700 |ddv_scf|^2 =  4.962E-17

      iter #  10 total cpu time :  8056.2 secs   av.it.:   9.9
      thresh= 7.044E-10 alpha_mix =  0.700 |ddv_scf|^2 =  1.817E-18

      iter #  11 total cpu time :  8062.5 secs   av.it.:  10.2
      thresh= 1.348E-10 alpha_mix =  0.700 |ddv_scf|^2 =  2.364E-19

      iter #  12 total cpu time :  8069.1 secs   av.it.:  10.0
      thresh= 4.862E-11 alpha_mix =  0.700 |ddv_scf|^2 =  4.365E-21

     End of self-consistent calculation

     Convergence has been achieved 


     Representation #   3 mode #   3

     Self-consistent Calculation

      iter #   1 total cpu time :  8075.0 secs   av.it.:   5.9
      thresh= 1.000E-02 alpha_mix =  0.700 |ddv_scf|^2 =  1.672E-06

      iter #   2 total cpu time :  8081.8 secs   av.it.:  10.4
      thresh= 1.293E-04 alpha_mix =  0.700 |ddv_scf|^2 =  9.872E-07

      iter #   3 total cpu time :  8088.0 secs   av.it.:   9.8
      thresh= 9.936E-05 alpha_mix =  0.700 |ddv_scf|^2 =  8.069E-09

      iter #   4 total cpu time :  8094.3 secs   av.it.:  10.1
      thresh= 8.983E-06 alpha_mix =  0.700 |ddv_scf|^2 =  1.187E-09

      iter #   5 total cpu time :  8100.0 secs   av.it.:  10.0
      thresh= 3.445E-06 alpha_mix =  0.700 |ddv_scf|^2 =  3.442E-12

      iter #   6 total cpu time :  8105.6 secs   av.it.:  10.3
      thresh= 1.855E-07 alpha_mix =  0.700 |ddv_scf|^2 =  8.441E-14

      iter #   7 total cpu time :  8111.8 secs   av.it.:  10.0
      thresh= 2.905E-08 alpha_mix =  0.700 |ddv_scf|^2 =  6.258E-15

      iter #   8 total cpu time :  8118.5 secs   av.it.:  10.0
      thresh= 7.910E-09 alpha_mix =  0.700 |ddv_scf|^2 =  1.432E-16

      iter #   9 total cpu time :  8125.3 secs   av.it.:  10.3
      thresh= 1.197E-09 alpha_mix =  0.700 |ddv_scf|^2 =  6.289E-17

      iter #  10 total cpu time :  8131.6 secs   av.it.:   9.8
      thresh= 7.930E-10 alpha_mix =  0.700 |ddv_scf|^2 =  1.517E-18

      iter #  11 total cpu time :  8138.3 secs   av.it.:  10.3
      thresh= 1.232E-10 alpha_mix =  0.700 |ddv_scf|^2 =  2.111E-19

      iter #  12 total cpu time :  8143.5 secs   av.it.:  10.0
      thresh= 4.594E-11 alpha_mix =  0.700 |ddv_scf|^2 =  2.121E-21

     End of self-consistent calculation

     Convergence has been achieved 


     Representation #   4 mode #   4

     Self-consistent Calculation

      iter #   1 total cpu time :  8148.5 secs   av.it.:   6.3
      thresh= 1.000E-02 alpha_mix =  0.700 |ddv_scf|^2 =  2.979E-05

      iter #   2 total cpu time :  8154.3 secs   av.it.:   9.9
      thresh= 5.458E-04 alpha_mix =  0.700 |ddv_scf|^2 =  1.148E-04

      iter #   3 total cpu time :  8160.6 secs   av.it.:   8.8
      thresh= 1.072E-03 alpha_mix =  0.700 |ddv_scf|^2 =  3.386E-08

      iter #   4 total cpu time :  8166.8 secs   av.it.:  10.0
      thresh= 1.840E-05 alpha_mix =  0.700 |ddv_scf|^2 =  2.446E-09

      iter #   5 total cpu time :  8172.7 secs   av.it.:   9.8
      thresh= 4.946E-06 alpha_mix =  0.700 |ddv_scf|^2 =  1.599E-11

      iter #   6 total cpu time :  8177.9 secs   av.it.:   9.6
      thresh= 3.998E-07 alpha_mix =  0.700 |ddv_scf|^2 =  2.451E-13

      iter #   7 total cpu time :  8184.9 secs   av.it.:   9.8
      thresh= 4.951E-08 alpha_mix =  0.700 |ddv_scf|^2 =  4.627E-15

      iter #   8 total cpu time :  8191.2 secs   av.it.:  10.0
      thresh= 6.802E-09 alpha_mix =  0.700 |ddv_scf|^2 =  9.728E-15

      iter #   9 total cpu time :  8197.5 secs   av.it.:   8.9
      thresh= 9.863E-09 alpha_mix =  0.700 |ddv_scf|^2 =  2.802E-17

      iter #  10 total cpu time :  8203.7 secs   av.it.:  10.2
      thresh= 5.294E-10 alpha_mix =  0.700 |ddv_scf|^2 =  1.384E-18

      iter #  11 total cpu time :  8209.6 secs   av.it.:  10.3
      thresh= 1.176E-10 alpha_mix =  0.700 |ddv_scf|^2 =  1.008E-19

     End of self-consistent calculation

     Convergence has been achieved 


     Representation #   5 mode #   5

     Self-consistent Calculation

      iter #   1 total cpu time :  8214.1 secs   av.it.:   5.7
      thresh= 1.000E-02 alpha_mix =  0.700 |ddv_scf|^2 =  9.629E-07

      iter #   2 total cpu time :  8220.6 secs   av.it.:  10.4
      thresh= 9.813E-05 alpha_mix =  0.700 |ddv_scf|^2 =  1.065E-06

      iter #   3 total cpu time :  8226.7 secs   av.it.:   9.5
      thresh= 1.032E-04 alpha_mix =  0.700 |ddv_scf|^2 =  1.807E-07

      iter #   4 total cpu time :  8233.1 secs   av.it.:   9.3
      thresh= 4.251E-05 alpha_mix =  0.700 |ddv_scf|^2 =  2.310E-09

      iter #   5 total cpu time :  8239.1 secs   av.it.:   9.9
      thresh= 4.806E-06 alpha_mix =  0.700 |ddv_scf|^2 =  1.939E-11

      iter #   6 total cpu time :  8245.7 secs   av.it.:  10.2
      thresh= 4.404E-07 alpha_mix =  0.700 |ddv_scf|^2 =  1.854E-13

      iter #   7 total cpu time :  8251.8 secs   av.it.:  10.3
      thresh= 4.306E-08 alpha_mix =  0.700 |ddv_scf|^2 =  2.055E-14

      iter #   8 total cpu time :  8258.5 secs   av.it.:  10.2
      thresh= 1.434E-08 alpha_mix =  0.700 |ddv_scf|^2 =  5.025E-14

      iter #   9 total cpu time :  8264.5 secs   av.it.:   8.9
      thresh= 2.242E-08 alpha_mix =  0.700 |ddv_scf|^2 =  2.346E-16

      iter #  10 total cpu time :  8270.2 secs   av.it.:  10.3
      thresh= 1.532E-09 alpha_mix =  0.700 |ddv_scf|^2 =  1.390E-16

      iter #  11 total cpu time :  8275.3 secs   av.it.:   9.7
      thresh= 1.179E-09 alpha_mix =  0.700 |ddv_scf|^2 =  5.044E-18

      iter #  12 total cpu time :  8281.5 secs   av.it.:   9.8
      thresh= 2.246E-10 alpha_mix =  0.700 |ddv_scf|^2 =  1.723E-18

      iter #  13 total cpu time :  8286.5 secs   av.it.:   9.6
      thresh= 1.313E-10 alpha_mix =  0.700 |ddv_scf|^2 =  2.601E-20

     End of self-consistent calculation

     Convergence has been achieved 


     Representation #   6 mode #   6

     Self-consistent Calculation

      iter #   1 total cpu time :  8290.6 secs   av.it.:   5.9
      thresh= 1.000E-02 alpha_mix =  0.700 |ddv_scf|^2 =  9.684E-07

      iter #   2 total cpu time :  8296.6 secs   av.it.:  10.4
      thresh= 9.841E-05 alpha_mix =  0.700 |ddv_scf|^2 =  3.797E-07

      iter #   3 total cpu time :  8302.9 secs   av.it.:  10.0
      thresh= 6.162E-05 alpha_mix =  0.700 |ddv_scf|^2 =  8.321E-09

      iter #   4 total cpu time :  8309.3 secs   av.it.:  10.2
      thresh= 9.122E-06 alpha_mix =  0.700 |ddv_scf|^2 =  1.578E-09

      iter #   5 total cpu time :  8315.3 secs   av.it.:  10.0
      thresh= 3.973E-06 alpha_mix =  0.700 |ddv_scf|^2 =  7.954E-13

      iter #   6 total cpu time :  8322.3 secs   av.it.:  10.3
      thresh= 8.919E-08 alpha_mix =  0.700 |ddv_scf|^2 =  5.069E-14

      iter #   7 total cpu time :  8328.6 secs   av.it.:  10.2
      thresh= 2.251E-08 alpha_mix =  0.700 |ddv_scf|^2 =  3.163E-15

      iter #   8 total cpu time :  8334.1 secs   av.it.:  10.1
      thresh= 5.624E-09 alpha_mix =  0.700 |ddv_scf|^2 =  4.106E-17

      iter #   9 total cpu time :  8340.8 secs   av.it.:  10.4
      thresh= 6.408E-10 alpha_mix =  0.700 |ddv_scf|^2 =  1.093E-17

      iter #  10 total cpu time :  8346.8 secs   av.it.:  10.0
      thresh= 3.305E-10 alpha_mix =  0.700 |ddv_scf|^2 =  2.830E-19

      iter #  11 total cpu time :  8352.7 secs   av.it.:  10.2
      thresh= 5.319E-11 alpha_mix =  0.700 |ddv_scf|^2 =  4.420E-20

     End of self-consistent calculation

     Convergence has been achieved 

     Number of q in the star =   24
     List of q in the star:
          1   0.707106781  -0.530330086  -0.176776695
          2   0.530330086  -0.707106781   0.176776695
          3   0.707106781  -0.530330086   0.176776695
          4  -0.530330086   0.707106781  -0.176776695
          5   0.530330086  -0.707106781  -0.176776695
          6  -0.707106781   0.530330086  -0.176776695
          7   0.707106781   0.530330086   0.176776695
          8  -0.530330086  -0.707106781   0.176776695
          9  -0.530330086  -0.176776695   0.707106781
         10   0.176776695  -0.530330086  -0.707106781
         11  -0.530330086   0.176776695  -0.707106781
         12   0.530330086   0.176776695   0.707106781
         13  -0.176776695   0.707106781  -0.530330086
         14  -0.176776695  -0.707106781   0.530330086
         15   0.176776695   0.530330086   0.707106781
         16   0.176776695   0.707106781   0.530330086
         17  -0.707106781   0.176776695   0.530330086
         18  -0.176776695   0.530330086  -0.707106781
         19   0.707106781  -0.176776695  -0.530330086
         20   0.707106781  -0.176776695   0.530330086
         21   0.176776695  -0.707106781  -0.530330086
         22  -0.176776695  -0.530330086   0.707106781
         23   0.530330086  -0.176776695  -0.707106781
         24   0.707106781   0.176776695  -0.530330086

     Diagonalizing the dynamical matrix

     q = (    0.707106781  -0.530330086  -0.176776695 ) 

 **************************************************************************
     freq (    1) =       4.738518 [THz] =     158.059931 [cm-1]
     freq (    2) =       4.923712 [THz] =     164.237353 [cm-1]
     freq (    3) =       9.358737 [THz] =     312.173864 [cm-1]
     freq (    4) =      12.631237 [THz] =     421.332724 [cm-1]
     freq (    5) =      13.919473 [THz] =     464.303630 [cm-1]
     freq (    6) =      13.971790 [THz] =     466.048740 [cm-1]
 **************************************************************************

     Calculation of q =    0.6187184  -0.4419417  -0.0883883

     Parallelization info
     --------------------
     sticks:   dense  smooth     PW     G-vecs:    dense   smooth      PW
     Min          53      27     10                 1054      373      91
     Max          54      28     11                 1057      376      94
     Sum         859     433    169                16889     5985    1471

     Using Slab Decomposition


     Title: 
     default                                                                    


     bravais-lattice index     =            0
     lattice parameter (alat)  =       7.2595  a.u.
     unit-cell volume          =     270.5223 (a.u.)^3
     number of atoms/cell      =            2
     number of atomic types    =            1
     number of electrons       =         8.00
     number of Kohn-Sham states=            4
     kinetic-energy cutoff     =      30.0000  Ry
     charge density cutoff     =     240.0000  Ry
     Exchange-correlation= PBESOL
                           (   1   4  10   8   0   0   0)

     celldm(1)=   7.259489  celldm(2)=   0.000000  celldm(3)=   0.000000
     celldm(4)=   0.000000  celldm(5)=   0.000000  celldm(6)=   0.000000

     crystal axes: (cart. coord. in units of alat)
               a(1) = (   0.707107   0.707107   0.000000 )  
               a(2) = (   0.707107   0.000000   0.707107 )  
               a(3) = (   0.000000   0.707107   0.707107 )  

     reciprocal axes: (cart. coord. in units 2 pi/alat)
               b(1) = (  0.707107  0.707107 -0.707107 )  
               b(2) = (  0.707107 -0.707107  0.707107 )  
               b(3) = ( -0.707107  0.707107  0.707107 )  


     PseudoPot. # 1 for Si read from file:
     ../pseudo/Si.pbesol-n-rrkjus_psl.1.0.0.UPF
     MD5 check sum: c4212819de858c94c3a1644338846ac9
     Pseudo is Ultrasoft + core correction, Zval =  4.0
     Generated using "atomic" code by A. Dal Corso  v.6.0 svn rev. 13079
     Using radial grid of 1141 points,  6 beta functions with: 
                l(1) =   0
                l(2) =   0
                l(3) =   1
                l(4) =   1
                l(5) =   2
                l(6) =   2
     Q(r) pseudized with 0 coefficients 


     atomic species   valence    mass     pseudopotential
        Si             4.00    28.08550     Si( 1.00)

     48 Sym. Ops., with inversion, found



   Cartesian axes

     site n.     atom                  positions (alat units)
         1           Si  tau(   1) = (   0.0000000   0.0000000   0.0000000  )
         2           Si  tau(   2) = (   0.3535534   0.3535534   0.3535534  )

     number of k points=  5488

     Number of k-points >= 100: set verbosity='high' to print them.

     Dense  grid:    16889 G-vectors     FFT dimensions: (  36,  36,  36)

     Smooth grid:     5985 G-vectors     FFT dimensions: (  32,  32,  32)

     Estimated max dynamical RAM per process >       4.76 MB

     Estimated total dynamical RAM >      76.10 MB

     The potential is recalculated from file :
     tmp/_ph0/si.save/charge-density

     Starting wfcs are    8 atomic wfcs

     Band Structure Calculation
     Davidson diagonalization with overlap

     ethr =  1.25E-10,  avg # of iterations = 13.4

     total cpu time spent up to now is      335.8 secs

     End of band structure calculation

     Number of k-points >= 100: set verbosity='high' to print the bands.

     highest occupied level (ev):     6.1438

     Writing config to output data dir tmp/_ph0/si.save/

     default                                                                    

     bravais-lattice index     =            0
     lattice parameter (alat)  =       7.2595  a.u.
     unit-cell volume          =     270.5223 (a.u.)^3
     number of atoms/cell      =            2
     number of atomic types    =            1
     kinetic-energy cut-off    =      30.0000  Ry
     charge density cut-off    =     240.0000  Ry
     convergence threshold     =      1.6E-19
     beta                      =       0.7000
     number of iterations used =            4
     Exchange-correlation= PBESOL
                           (   1   4  10   8   0   0   0)


     celldm(1)=    7.25949  celldm(2)=    0.00000  celldm(3)=    0.00000
     celldm(4)=    0.00000  celldm(5)=    0.00000  celldm(6)=    0.00000

     crystal axes: (cart. coord. in units of alat)
               a(1) = (  0.7071  0.7071  0.0000 )  
               a(2) = (  0.7071  0.0000  0.7071 )  
               a(3) = (  0.0000  0.7071  0.7071 )  

     reciprocal axes: (cart. coord. in units 2 pi/alat)
               b(1) = (  0.7071  0.7071 -0.7071 )  
               b(2) = (  0.7071 -0.7071  0.7071 )  
               b(3) = ( -0.7071  0.7071  0.7071 )  


     Atoms inside the unit cell: 

     Cartesian axes

     site n.  atom      mass           positions (alat units)
        1     Si  28.0855   tau(    1) = (    0.00000    0.00000    0.00000  )
        2     Si  28.0855   tau(    2) = (    0.35355    0.35355    0.35355  )

     Computing dynamical matrix for 
                    q = (   0.6187184  -0.4419417  -0.0883883 )

     No symmetry!

     G cutoff =  320.3787  (   1057 G-vectors)     FFT grid: ( 36, 36, 36)
     G cutoff =  160.1893  (    374 G-vectors)  smooth grid: ( 32, 32, 32)
     number of k points=  5488

     PseudoPot. # 1 for Si read from file:
     ../pseudo/Si.pbesol-n-rrkjus_psl.1.0.0.UPF
     MD5 check sum: c4212819de858c94c3a1644338846ac9
     Pseudo is Ultrasoft + core correction, Zval =  4.0
     Generated using "atomic" code by A. Dal Corso  v.6.0 svn rev. 13079
     Using radial grid of 1141 points,  6 beta functions with: 
                l(1) =   0
                l(2) =   0
                l(3) =   1
                l(4) =   1
                l(5) =   2
                l(6) =   2
     Q(r) pseudized with 0 coefficients 


     Mode symmetry, C_1 (1)     point group:


     Atomic displacements:
     There are    6 irreducible representations

     Representation     1      1 modes -  To be done

     Representation     2      1 modes -  To be done

     Representation     3      1 modes -  To be done

     Representation     4      1 modes -  To be done

     Representation     5      1 modes -  To be done

     Representation     6      1 modes -  To be done



     Alpha used in Ewald sum =   2.5000
     PHONON       :      2h16m CPU      2h19m WALL



     Representation #   1 mode #   1

     Self-consistent Calculation

      iter #   1 total cpu time :  8397.7 secs   av.it.:   6.2
      thresh= 1.000E-02 alpha_mix =  0.700 |ddv_scf|^2 =  5.630E-06

      iter #   2 total cpu time :  8410.2 secs   av.it.:  10.5
      thresh= 2.373E-04 alpha_mix =  0.700 |ddv_scf|^2 =  9.110E-06

      iter #   3 total cpu time :  8422.4 secs   av.it.:   9.6
      thresh= 3.018E-04 alpha_mix =  0.700 |ddv_scf|^2 =  4.934E-08

      iter #   4 total cpu time :  8434.3 secs   av.it.:  10.0
      thresh= 2.221E-05 alpha_mix =  0.700 |ddv_scf|^2 =  5.432E-09

      iter #   5 total cpu time :  8445.8 secs   av.it.:  10.0
      thresh= 7.371E-06 alpha_mix =  0.700 |ddv_scf|^2 =  5.361E-10

      iter #   6 total cpu time :  8458.2 secs   av.it.:  10.0
      thresh= 2.315E-06 alpha_mix =  0.700 |ddv_scf|^2 =  4.689E-12

      iter #   7 total cpu time :  8468.4 secs   av.it.:  10.3
      thresh= 2.165E-07 alpha_mix =  0.700 |ddv_scf|^2 =  5.533E-13

      iter #   8 total cpu time :  8479.2 secs   av.it.:  10.2
      thresh= 7.438E-08 alpha_mix =  0.700 |ddv_scf|^2 =  8.287E-14

      iter #   9 total cpu time :  8490.1 secs   av.it.:  10.3
      thresh= 2.879E-08 alpha_mix =  0.700 |ddv_scf|^2 =  5.257E-14

      iter #  10 total cpu time :  8500.3 secs   av.it.:   9.6
      thresh= 2.293E-08 alpha_mix =  0.700 |ddv_scf|^2 =  2.744E-15

      iter #  11 total cpu time :  8512.2 secs   av.it.:  10.1
      thresh= 5.239E-09 alpha_mix =  0.700 |ddv_scf|^2 =  8.116E-16

      iter #  12 total cpu time :  8523.9 secs   av.it.:  10.1
      thresh= 2.849E-09 alpha_mix =  0.700 |ddv_scf|^2 =  1.011E-16

      iter #  13 total cpu time :  8535.9 secs   av.it.:  10.1
      thresh= 1.006E-09 alpha_mix =  0.700 |ddv_scf|^2 =  5.837E-18

      iter #  14 total cpu time :  8546.4 secs   av.it.:  10.3
      thresh= 2.416E-10 alpha_mix =  0.700 |ddv_scf|^2 =  7.460E-19

      iter #  15 total cpu time :  8559.0 secs   av.it.:  10.4
      thresh= 8.637E-11 alpha_mix =  0.700 |ddv_scf|^2 =  4.313E-19

      iter #  16 total cpu time :  8570.6 secs   av.it.:   9.8
      thresh= 6.567E-11 alpha_mix =  0.700 |ddv_scf|^2 =  6.038E-20

     End of self-consistent calculation

     Convergence has been achieved 


     Representation #   2 mode #   2

     Self-consistent Calculation

      iter #   1 total cpu time :  8579.2 secs   av.it.:   6.0
      thresh= 1.000E-02 alpha_mix =  0.700 |ddv_scf|^2 =  2.605E-06

      iter #   2 total cpu time :  8591.5 secs   av.it.:  10.6
      thresh= 1.614E-04 alpha_mix =  0.700 |ddv_scf|^2 =  3.820E-06

      iter #   3 total cpu time :  8603.1 secs   av.it.:   9.7
      thresh= 1.955E-04 alpha_mix =  0.700 |ddv_scf|^2 =  4.191E-08

      iter #   4 total cpu time :  8614.8 secs   av.it.:  10.0
      thresh= 2.047E-05 alpha_mix =  0.700 |ddv_scf|^2 =  4.317E-09

      iter #   5 total cpu time :  8627.2 secs   av.it.:  10.1
      thresh= 6.570E-06 alpha_mix =  0.700 |ddv_scf|^2 =  9.387E-10

      iter #   6 total cpu time :  8638.9 secs   av.it.:   9.9
      thresh= 3.064E-06 alpha_mix =  0.700 |ddv_scf|^2 =  6.973E-12

      iter #   7 total cpu time :  8650.4 secs   av.it.:  10.5
      thresh= 2.641E-07 alpha_mix =  0.700 |ddv_scf|^2 =  2.611E-12

      iter #   8 total cpu time :  8661.5 secs   av.it.:  10.0
      thresh= 1.616E-07 alpha_mix =  0.700 |ddv_scf|^2 =  8.331E-14

      iter #   9 total cpu time :  8673.0 secs   av.it.:  10.3
      thresh= 2.886E-08 alpha_mix =  0.700 |ddv_scf|^2 =  4.052E-14

      iter #  10 total cpu time :  8682.2 secs   av.it.:   9.7
      thresh= 2.013E-08 alpha_mix =  0.700 |ddv_scf|^2 =  1.669E-15

      iter #  11 total cpu time :  8692.8 secs   av.it.:  10.2
      thresh= 4.085E-09 alpha_mix =  0.700 |ddv_scf|^2 =  5.054E-16

      iter #  12 total cpu time :  8703.7 secs   av.it.:  10.1
      thresh= 2.248E-09 alpha_mix =  0.700 |ddv_scf|^2 =  7.885E-17

      iter #  13 total cpu time :  8715.5 secs   av.it.:  10.0
      thresh= 8.880E-10 alpha_mix =  0.700 |ddv_scf|^2 =  3.448E-18

      iter #  14 total cpu time :  8728.7 secs   av.it.:  10.3
      thresh= 1.857E-10 alpha_mix =  0.700 |ddv_scf|^2 =  8.081E-19

      iter #  15 total cpu time :  8740.7 secs   av.it.:  10.1
      thresh= 8.989E-11 alpha_mix =  0.700 |ddv_scf|^2 =  1.047E-19

     End of self-consistent calculation

     Convergence has been achieved 


     Representation #   3 mode #   3

     Self-consistent Calculation

      iter #   1 total cpu time :  8749.5 secs   av.it.:   6.0
      thresh= 1.000E-02 alpha_mix =  0.700 |ddv_scf|^2 =  2.197E-06

      iter #   2 total cpu time :  8761.2 secs   av.it.:  10.6
      thresh= 1.482E-04 alpha_mix =  0.700 |ddv_scf|^2 =  2.687E-06

      iter #   3 total cpu time :  8771.9 secs   av.it.:   9.7
      thresh= 1.639E-04 alpha_mix =  0.700 |ddv_scf|^2 =  5.528E-08

      iter #   4 total cpu time :  8784.8 secs   av.it.:  10.0
      thresh= 2.351E-05 alpha_mix =  0.700 |ddv_scf|^2 =  3.774E-09

      iter #   5 total cpu time :  8796.5 secs   av.it.:  10.2
      thresh= 6.143E-06 alpha_mix =  0.700 |ddv_scf|^2 =  7.221E-10

      iter #   6 total cpu time :  8807.9 secs   av.it.:   9.9
      thresh= 2.687E-06 alpha_mix =  0.700 |ddv_scf|^2 =  1.644E-11

      iter #   7 total cpu time :  8819.9 secs   av.it.:  10.4
      thresh= 4.055E-07 alpha_mix =  0.700 |ddv_scf|^2 =  4.698E-12

      iter #   8 total cpu time :  8831.4 secs   av.it.:  10.0
      thresh= 2.167E-07 alpha_mix =  0.700 |ddv_scf|^2 =  1.341E-13

      iter #   9 total cpu time :  8843.3 secs   av.it.:  10.3
      thresh= 3.662E-08 alpha_mix =  0.700 |ddv_scf|^2 =  7.608E-14

      iter #  10 total cpu time :  8854.7 secs   av.it.:   9.7
      thresh= 2.758E-08 alpha_mix =  0.700 |ddv_scf|^2 =  6.370E-15

      iter #  11 total cpu time :  8867.0 secs   av.it.:  10.1
      thresh= 7.981E-09 alpha_mix =  0.700 |ddv_scf|^2 =  9.102E-16

      iter #  12 total cpu time :  8878.5 secs   av.it.:  10.2
      thresh= 3.017E-09 alpha_mix =  0.700 |ddv_scf|^2 =  2.120E-16

      iter #  13 total cpu time :  8890.5 secs   av.it.:  10.0
      thresh= 1.456E-09 alpha_mix =  0.700 |ddv_scf|^2 =  1.202E-17

      iter #  14 total cpu time :  8902.9 secs   av.it.:  10.3
      thresh= 3.467E-10 alpha_mix =  0.700 |ddv_scf|^2 =  2.316E-18

      iter #  15 total cpu time :  8916.1 secs   av.it.:  10.2
      thresh= 1.522E-10 alpha_mix =  0.700 |ddv_scf|^2 =  4.239E-19

      iter #  16 total cpu time :  8927.7 secs   av.it.:   9.9
      thresh= 6.511E-11 alpha_mix =  0.700 |ddv_scf|^2 =  9.981E-20

     End of self-consistent calculation

     Convergence has been achieved 


     Representation #   4 mode #   4

     Self-consistent Calculation

      iter #   1 total cpu time :  8937.3 secs   av.it.:   6.1
      thresh= 1.000E-02 alpha_mix =  0.700 |ddv_scf|^2 =  4.002E-06

      iter #   2 total cpu time :  8948.4 secs   av.it.:  10.5
      thresh= 2.000E-04 alpha_mix =  0.700 |ddv_scf|^2 =  6.530E-06

      iter #   3 total cpu time :  8958.8 secs   av.it.:   9.5
      thresh= 2.555E-04 alpha_mix =  0.700 |ddv_scf|^2 =  4.253E-08

      iter #   4 total cpu time :  8969.2 secs   av.it.:  10.1
      thresh= 2.062E-05 alpha_mix =  0.700 |ddv_scf|^2 =  3.647E-09

      iter #   5 total cpu time :  8980.9 secs   av.it.:  10.2
      thresh= 6.039E-06 alpha_mix =  0.700 |ddv_scf|^2 =  5.909E-10

      iter #   6 total cpu time :  8992.9 secs   av.it.:   9.9
      thresh= 2.431E-06 alpha_mix =  0.700 |ddv_scf|^2 =  1.336E-11

      iter #   7 total cpu time :  9005.8 secs   av.it.:  10.3
      thresh= 3.654E-07 alpha_mix =  0.700 |ddv_scf|^2 =  2.250E-12

      iter #   8 total cpu time :  9017.0 secs   av.it.:  10.1
      thresh= 1.500E-07 alpha_mix =  0.700 |ddv_scf|^2 =  1.313E-13

      iter #   9 total cpu time :  9027.4 secs   av.it.:  10.2
      thresh= 3.624E-08 alpha_mix =  0.700 |ddv_scf|^2 =  8.313E-14

      iter #  10 total cpu time :  9039.0 secs   av.it.:   9.6
      thresh= 2.883E-08 alpha_mix =  0.700 |ddv_scf|^2 =  4.586E-15

      iter #  11 total cpu time :  9051.9 secs   av.it.:  10.2
      thresh= 6.772E-09 alpha_mix =  0.700 |ddv_scf|^2 =  7.754E-16

      iter #  12 total cpu time :  9064.0 secs   av.it.:  10.2
      thresh= 2.785E-09 alpha_mix =  0.700 |ddv_scf|^2 =  1.690E-16

      iter #  13 total cpu time :  9074.9 secs   av.it.:  10.0
      thresh= 1.300E-09 alpha_mix =  0.700 |ddv_scf|^2 =  1.464E-17

      iter #  14 total cpu time :  9087.5 secs   av.it.:  10.2
      thresh= 3.827E-10 alpha_mix =  0.700 |ddv_scf|^2 =  1.936E-18

      iter #  15 total cpu time :  9099.4 secs   av.it.:  10.3
      thresh= 1.391E-10 alpha_mix =  0.700 |ddv_scf|^2 =  8.635E-19

      iter #  16 total cpu time :  9110.4 secs   av.it.:   9.7
      thresh= 9.293E-11 alpha_mix =  0.700 |ddv_scf|^2 =  1.130E-19

     End of self-consistent calculation

     Convergence has been achieved 


     Representation #   5 mode #   5

     Self-consistent Calculation

      iter #   1 total cpu time :  9119.9 secs   av.it.:   6.0
      thresh= 1.000E-02 alpha_mix =  0.700 |ddv_scf|^2 =  2.557E-06

      iter #   2 total cpu time :  9130.5 secs   av.it.:  10.5
      thresh= 1.599E-04 alpha_mix =  0.700 |ddv_scf|^2 =  2.549E-06

      iter #   3 total cpu time :  9140.7 secs   av.it.:   9.8
      thresh= 1.596E-04 alpha_mix =  0.700 |ddv_scf|^2 =  3.856E-08

      iter #   4 total cpu time :  9151.4 secs   av.it.:  10.0
      thresh= 1.964E-05 alpha_mix =  0.700 |ddv_scf|^2 =  5.405E-09

      iter #   5 total cpu time :  9163.8 secs   av.it.:  10.0
      thresh= 7.352E-06 alpha_mix =  0.700 |ddv_scf|^2 =  1.102E-09

      iter #   6 total cpu time :  9176.3 secs   av.it.:   9.8
      thresh= 3.320E-06 alpha_mix =  0.700 |ddv_scf|^2 =  1.213E-11

      iter #   7 total cpu time :  9188.0 secs   av.it.:  10.5
      thresh= 3.483E-07 alpha_mix =  0.700 |ddv_scf|^2 =  3.523E-12

      iter #   8 total cpu time :  9199.2 secs   av.it.:  10.1
      thresh= 1.877E-07 alpha_mix =  0.700 |ddv_scf|^2 =  6.065E-14

      iter #   9 total cpu time :  9210.9 secs   av.it.:  10.4
      thresh= 2.463E-08 alpha_mix =  0.700 |ddv_scf|^2 =  5.095E-14

      iter #  10 total cpu time :  9221.0 secs   av.it.:   9.8
      thresh= 2.257E-08 alpha_mix =  0.700 |ddv_scf|^2 =  2.693E-15

      iter #  11 total cpu time :  9234.0 secs   av.it.:  10.1
      thresh= 5.190E-09 alpha_mix =  0.700 |ddv_scf|^2 =  1.218E-15

      iter #  12 total cpu time :  9245.3 secs   av.it.:   9.9
      thresh= 3.490E-09 alpha_mix =  0.700 |ddv_scf|^2 =  1.855E-16

      iter #  13 total cpu time :  9255.9 secs   av.it.:   9.9
      thresh= 1.362E-09 alpha_mix =  0.700 |ddv_scf|^2 =  3.280E-18

      iter #  14 total cpu time :  9267.9 secs   av.it.:  10.4
      thresh= 1.811E-10 alpha_mix =  0.700 |ddv_scf|^2 =  7.756E-19

      iter #  15 total cpu time :  9279.1 secs   av.it.:  10.2
      thresh= 8.807E-11 alpha_mix =  0.700 |ddv_scf|^2 =  6.307E-20

     End of self-consistent calculation

     Convergence has been achieved 


     Representation #   6 mode #   6

     Self-consistent Calculation

      iter #   1 total cpu time :  9286.8 secs   av.it.:   5.9
      thresh= 1.000E-02 alpha_mix =  0.700 |ddv_scf|^2 =  1.337E-06

      iter #   2 total cpu time :  9297.2 secs   av.it.:  10.6
      thresh= 1.156E-04 alpha_mix =  0.700 |ddv_scf|^2 =  1.110E-06

      iter #   3 total cpu time :  9307.6 secs   av.it.:   9.9
      thresh= 1.054E-04 alpha_mix =  0.700 |ddv_scf|^2 =  4.995E-08

      iter #   4 total cpu time :  9320.7 secs   av.it.:   9.8
      thresh= 2.235E-05 alpha_mix =  0.700 |ddv_scf|^2 =  3.787E-09

      iter #   5 total cpu time :  9332.5 secs   av.it.:  10.0
      thresh= 6.154E-06 alpha_mix =  0.700 |ddv_scf|^2 =  4.333E-10

      iter #   6 total cpu time :  9344.8 secs   av.it.:  10.0
      thresh= 2.082E-06 alpha_mix =  0.700 |ddv_scf|^2 =  1.438E-11

      iter #   7 total cpu time :  9356.4 secs   av.it.:  10.4
      thresh= 3.792E-07 alpha_mix =  0.700 |ddv_scf|^2 =  5.204E-12

      iter #   8 total cpu time :  9367.0 secs   av.it.:  10.0
      thresh= 2.281E-07 alpha_mix =  0.700 |ddv_scf|^2 =  4.022E-14

      iter #   9 total cpu time :  9379.1 secs   av.it.:  10.5
      thresh= 2.005E-08 alpha_mix =  0.700 |ddv_scf|^2 =  2.800E-14

      iter #  10 total cpu time :  9391.9 secs   av.it.:   9.8
      thresh= 1.673E-08 alpha_mix =  0.700 |ddv_scf|^2 =  1.326E-15

      iter #  11 total cpu time :  9404.3 secs   av.it.:  10.1
      thresh= 3.641E-09 alpha_mix =  0.700 |ddv_scf|^2 =  2.821E-16

      iter #  12 total cpu time :  9414.8 secs   av.it.:  10.1
      thresh= 1.680E-09 alpha_mix =  0.700 |ddv_scf|^2 =  3.314E-17

      iter #  13 total cpu time :  9426.8 secs   av.it.:  10.0
      thresh= 5.757E-10 alpha_mix =  0.700 |ddv_scf|^2 =  3.077E-18

      iter #  14 total cpu time :  9438.1 secs   av.it.:  10.2
      thresh= 1.754E-10 alpha_mix =  0.700 |ddv_scf|^2 =  4.893E-19

      iter #  15 total cpu time :  9450.1 secs   av.it.:  10.1
      thresh= 6.995E-11 alpha_mix =  0.700 |ddv_scf|^2 =  3.434E-20

     End of self-consistent calculation

     Convergence has been achieved 

     Number of q in the star =   48
     List of q in the star:
          1   0.618718434  -0.441941738  -0.088388348
          2  -0.618718434  -0.441941738  -0.088388348
          3   0.441941738  -0.618718434   0.088388348
          4   0.618718434  -0.441941738   0.088388348
          5  -0.441941738   0.618718434  -0.088388348
          6   0.441941738  -0.618718434  -0.088388348
          7   0.441941738   0.618718434  -0.088388348
          8  -0.618718434   0.441941738  -0.088388348
          9   0.618718434   0.441941738   0.088388348
         10   0.441941738   0.618718434   0.088388348
         11  -0.441941738  -0.618718434   0.088388348
         12  -0.618718434  -0.441941738   0.088388348
         13  -0.441941738  -0.618718434  -0.088388348
         14   0.618718434   0.441941738  -0.088388348
         15  -0.618718434   0.441941738   0.088388348
         16  -0.441941738   0.618718434   0.088388348
         17  -0.441941738  -0.088388348   0.618718434
         18   0.088388348  -0.441941738  -0.618718434
         19  -0.441941738   0.088388348  -0.618718434
         20   0.441941738   0.088388348   0.618718434
         21  -0.088388348   0.618718434  -0.441941738
         22  -0.088388348  -0.618718434   0.441941738
         23   0.088388348   0.441941738   0.618718434
         24   0.088388348   0.618718434   0.441941738
         25  -0.618718434   0.088388348   0.441941738
         26  -0.088388348   0.441941738  -0.618718434
         27  -0.441941738   0.088388348   0.618718434
         28   0.618718434  -0.088388348  -0.441941738
         29  -0.618718434  -0.088388348  -0.441941738
         30  -0.088388348   0.618718434   0.441941738
         31   0.088388348   0.441941738  -0.618718434
         32   0.618718434  -0.088388348   0.441941738
         33   0.088388348  -0.618718434  -0.441941738
         34  -0.088388348  -0.441941738   0.618718434
         35  -0.088388348   0.441941738   0.618718434
         36   0.441941738  -0.088388348  -0.618718434
         37   0.618718434   0.088388348   0.441941738
         38   0.618718434   0.088388348  -0.441941738
         39  -0.618718434   0.088388348  -0.441941738
         40  -0.618718434  -0.088388348   0.441941738
         41   0.441941738   0.088388348  -0.618718434
         42  -0.088388348  -0.441941738  -0.618718434
         43   0.441941738  -0.088388348   0.618718434
         44  -0.441941738  -0.088388348  -0.618718434
         45   0.088388348  -0.618718434   0.441941738
         46   0.088388348   0.618718434  -0.441941738
         47   0.088388348  -0.441941738   0.618718434
         48  -0.088388348  -0.618718434  -0.441941738

     Diagonalizing the dynamical matrix

     q = (    0.618718434  -0.441941738  -0.088388348 ) 

 **************************************************************************
     freq (    1) =       4.901297 [THz] =     163.489671 [cm-1]
     freq (    2) =       5.940414 [THz] =     198.150880 [cm-1]
     freq (    3) =       9.956663 [THz] =     332.118535 [cm-1]
     freq (    4) =      11.378965 [THz] =     379.561406 [cm-1]
     freq (    5) =      13.829591 [THz] =     461.305493 [cm-1]
     freq (    6) =      14.055227 [THz] =     468.831908 [cm-1]
 **************************************************************************

     Mode symmetry, C_1 (1)     point group:

     freq (   1-   1) =        163.5  [cm-1]   --> A                  
     freq (   2-   2) =        198.2  [cm-1]   --> A                  
     freq (   3-   3) =        332.1  [cm-1]   --> A                  
     freq (   4-   4) =        379.6  [cm-1]   --> A                  
     freq (   5-   5) =        461.3  [cm-1]   --> A                  
     freq (   6-   6) =        468.8  [cm-1]   --> A                  

     Calculation of q =    0.5303301  -0.3535534   0.0000000

     Parallelization info
     --------------------
     sticks:   dense  smooth     PW     G-vecs:    dense   smooth      PW
     Min          53      27     10                 1054      373      90
     Max          54      28     11                 1057      376      94
     Sum         859     433    163                16889     5985    1459

     Using Slab Decomposition


     Title: 
     default                                                                    


     bravais-lattice index     =            0
     lattice parameter (alat)  =       7.2595  a.u.
     unit-cell volume          =     270.5223 (a.u.)^3
     number of atoms/cell      =            2
     number of atomic types    =            1
     number of electrons       =         8.00
     number of Kohn-Sham states=            4
     kinetic-energy cutoff     =      30.0000  Ry
     charge density cutoff     =     240.0000  Ry
     Exchange-correlation= PBESOL
                           (   1   4  10   8   0   0   0)

     celldm(1)=   7.259489  celldm(2)=   0.000000  celldm(3)=   0.000000
     celldm(4)=   0.000000  celldm(5)=   0.000000  celldm(6)=   0.000000

     crystal axes: (cart. coord. in units of alat)
               a(1) = (   0.707107   0.707107   0.000000 )  
               a(2) = (   0.707107   0.000000   0.707107 )  
               a(3) = (   0.000000   0.707107   0.707107 )  

     reciprocal axes: (cart. coord. in units 2 pi/alat)
               b(1) = (  0.707107  0.707107 -0.707107 )  
               b(2) = (  0.707107 -0.707107  0.707107 )  
               b(3) = ( -0.707107  0.707107  0.707107 )  


     PseudoPot. # 1 for Si read from file:
     ../pseudo/Si.pbesol-n-rrkjus_psl.1.0.0.UPF
     MD5 check sum: c4212819de858c94c3a1644338846ac9
     Pseudo is Ultrasoft + core correction, Zval =  4.0
     Generated using "atomic" code by A. Dal Corso  v.6.0 svn rev. 13079
     Using radial grid of 1141 points,  6 beta functions with: 
                l(1) =   0
                l(2) =   0
                l(3) =   1
                l(4) =   1
                l(5) =   2
                l(6) =   2
     Q(r) pseudized with 0 coefficients 


     atomic species   valence    mass     pseudopotential
        Si             4.00    28.08550     Si( 1.00)

     48 Sym. Ops., with inversion, found



   Cartesian axes

     site n.     atom                  positions (alat units)
         1           Si  tau(   1) = (   0.0000000   0.0000000   0.0000000  )
         2           Si  tau(   2) = (   0.3535534   0.3535534   0.3535534  )

     number of k points=  2940

     Number of k-points >= 100: set verbosity='high' to print them.

     Dense  grid:    16889 G-vectors     FFT dimensions: (  36,  36,  36)

     Smooth grid:     5985 G-vectors     FFT dimensions: (  32,  32,  32)

     Estimated max dynamical RAM per process >       4.75 MB

     Estimated total dynamical RAM >      75.96 MB

     The potential is recalculated from file :
     tmp/_ph0/si.save/charge-density

     Starting wfcs are    8 atomic wfcs

     Band Structure Calculation
     Davidson diagonalization with overlap

     ethr =  1.25E-10,  avg # of iterations = 13.3

     total cpu time spent up to now is      350.9 secs

     End of band structure calculation

     Number of k-points >= 100: set verbosity='high' to print the bands.

     highest occupied level (ev):     6.1438

     Writing config to output data dir tmp/_ph0/si.save/

     default                                                                    

     bravais-lattice index     =            0
     lattice parameter (alat)  =       7.2595  a.u.
     unit-cell volume          =     270.5223 (a.u.)^3
     number of atoms/cell      =            2
     number of atomic types    =            1
     kinetic-energy cut-off    =      30.0000  Ry
     charge density cut-off    =     240.0000  Ry
     convergence threshold     =      1.6E-19
     beta                      =       0.7000
     number of iterations used =            4
     Exchange-correlation= PBESOL
                           (   1   4  10   8   0   0   0)


     celldm(1)=    7.25949  celldm(2)=    0.00000  celldm(3)=    0.00000
     celldm(4)=    0.00000  celldm(5)=    0.00000  celldm(6)=    0.00000

     crystal axes: (cart. coord. in units of alat)
               a(1) = (  0.7071  0.7071  0.0000 )  
               a(2) = (  0.7071  0.0000  0.7071 )  
               a(3) = (  0.0000  0.7071  0.7071 )  

     reciprocal axes: (cart. coord. in units 2 pi/alat)
               b(1) = (  0.7071  0.7071 -0.7071 )  
               b(2) = (  0.7071 -0.7071  0.7071 )  
               b(3) = ( -0.7071  0.7071  0.7071 )  


     Atoms inside the unit cell: 

     Cartesian axes

     site n.  atom      mass           positions (alat units)
        1     Si  28.0855   tau(    1) = (    0.00000    0.00000    0.00000  )
        2     Si  28.0855   tau(    2) = (    0.35355    0.35355    0.35355  )

     Computing dynamical matrix for 
                    q = (   0.5303301  -0.3535534   0.0000000 )

      2 Sym.Ops. (no q -> -q+G )


     G cutoff =  320.3787  (   1057 G-vectors)     FFT grid: ( 36, 36, 36)
     G cutoff =  160.1893  (    374 G-vectors)  smooth grid: ( 32, 32, 32)
     number of k points=  2940

     PseudoPot. # 1 for Si read from file:
     ../pseudo/Si.pbesol-n-rrkjus_psl.1.0.0.UPF
     MD5 check sum: c4212819de858c94c3a1644338846ac9
     Pseudo is Ultrasoft + core correction, Zval =  4.0
     Generated using "atomic" code by A. Dal Corso  v.6.0 svn rev. 13079
     Using radial grid of 1141 points,  6 beta functions with: 
                l(1) =   0
                l(2) =   0
                l(3) =   1
                l(4) =   1
                l(5) =   2
                l(6) =   2
     Q(r) pseudized with 0 coefficients 


     Mode symmetry, C_s (m)     point group:


     Atomic displacements:
     There are    6 irreducible representations

     Representation     1      1 modes -  To be done

     Representation     2      1 modes -  To be done

     Representation     3      1 modes -  To be done

     Representation     4      1 modes -  To be done

     Representation     5      1 modes -  To be done

     Representation     6      1 modes -  To be done



     Alpha used in Ewald sum =   2.5000
     PHONON       :      2h33m CPU      2h37m WALL



     Representation #   1 mode #   1

     Self-consistent Calculation

      iter #   1 total cpu time :  9474.3 secs   av.it.:   5.8
      thresh= 1.000E-02 alpha_mix =  0.700 |ddv_scf|^2 =  3.149E-06

      iter #   2 total cpu time :  9480.6 secs   av.it.:  10.2
      thresh= 1.774E-04 alpha_mix =  0.700 |ddv_scf|^2 =  6.531E-06

      iter #   3 total cpu time :  9486.6 secs   av.it.:   9.2
      thresh= 2.555E-04 alpha_mix =  0.700 |ddv_scf|^2 =  4.621E-08

      iter #   4 total cpu time :  9493.1 secs   av.it.:   9.8
      thresh= 2.150E-05 alpha_mix =  0.700 |ddv_scf|^2 =  2.815E-09

      iter #   5 total cpu time :  9500.1 secs   av.it.:   9.8
      thresh= 5.305E-06 alpha_mix =  0.700 |ddv_scf|^2 =  4.174E-12

      iter #   6 total cpu time :  9506.1 secs   av.it.:   9.9
      thresh= 2.043E-07 alpha_mix =  0.700 |ddv_scf|^2 =  7.300E-14

      iter #   7 total cpu time :  9512.7 secs   av.it.:  10.4
      thresh= 2.702E-08 alpha_mix =  0.700 |ddv_scf|^2 =  2.382E-15

      iter #   8 total cpu time :  9518.9 secs   av.it.:  10.2
      thresh= 4.881E-09 alpha_mix =  0.700 |ddv_scf|^2 =  2.939E-15

      iter #   9 total cpu time :  9525.3 secs   av.it.:   9.3
      thresh= 5.421E-09 alpha_mix =  0.700 |ddv_scf|^2 =  1.556E-16

      iter #  10 total cpu time :  9531.3 secs   av.it.:   9.8
      thresh= 1.247E-09 alpha_mix =  0.700 |ddv_scf|^2 =  1.683E-17

      iter #  11 total cpu time :  9536.2 secs   av.it.:  10.2
      thresh= 4.103E-10 alpha_mix =  0.700 |ddv_scf|^2 =  9.446E-18

      iter #  12 total cpu time :  9540.6 secs   av.it.:   9.6
      thresh= 3.073E-10 alpha_mix =  0.700 |ddv_scf|^2 =  1.068E-19

     End of self-consistent calculation

     Convergence has been achieved 


     Representation #   2 mode #   2

     Self-consistent Calculation

      iter #   1 total cpu time :  9544.6 secs   av.it.:   6.2
      thresh= 1.000E-02 alpha_mix =  0.700 |ddv_scf|^2 =  8.790E-06

      iter #   2 total cpu time :  9548.8 secs   av.it.:  10.2
      thresh= 2.965E-04 alpha_mix =  0.700 |ddv_scf|^2 =  1.901E-05

      iter #   3 total cpu time :  9552.8 secs   av.it.:   9.2
      thresh= 4.360E-04 alpha_mix =  0.700 |ddv_scf|^2 =  8.987E-08

      iter #   4 total cpu time :  9557.8 secs   av.it.:   9.8
      thresh= 2.998E-05 alpha_mix =  0.700 |ddv_scf|^2 =  2.523E-09

      iter #   5 total cpu time :  9562.3 secs   av.it.:   9.9
      thresh= 5.023E-06 alpha_mix =  0.700 |ddv_scf|^2 =  4.863E-12

      iter #   6 total cpu time :  9566.8 secs   av.it.:   9.8
      thresh= 2.205E-07 alpha_mix =  0.700 |ddv_scf|^2 =  1.397E-13

      iter #   7 total cpu time :  9571.0 secs   av.it.:  10.2
      thresh= 3.738E-08 alpha_mix =  0.700 |ddv_scf|^2 =  7.454E-15

      iter #   8 total cpu time :  9575.3 secs   av.it.:  10.1
      thresh= 8.634E-09 alpha_mix =  0.700 |ddv_scf|^2 =  7.000E-15

      iter #   9 total cpu time :  9579.6 secs   av.it.:   9.3
      thresh= 8.367E-09 alpha_mix =  0.700 |ddv_scf|^2 =  2.033E-16

      iter #  10 total cpu time :  9583.6 secs   av.it.:   9.9
      thresh= 1.426E-09 alpha_mix =  0.700 |ddv_scf|^2 =  2.971E-17

      iter #  11 total cpu time :  9587.8 secs   av.it.:   9.8
      thresh= 5.450E-10 alpha_mix =  0.700 |ddv_scf|^2 =  2.630E-18

      iter #  12 total cpu time :  9593.3 secs   av.it.:   9.9
      thresh= 1.622E-10 alpha_mix =  0.700 |ddv_scf|^2 =  2.105E-19

      iter #  13 total cpu time :  9598.8 secs   av.it.:  10.0
      thresh= 4.587E-11 alpha_mix =  0.700 |ddv_scf|^2 =  1.344E-19

     End of self-consistent calculation

     Convergence has been achieved 


     Representation #   3 mode #   3

     Self-consistent Calculation

      iter #   1 total cpu time :  9602.0 secs   av.it.:   6.1
      thresh= 1.000E-02 alpha_mix =  0.700 |ddv_scf|^2 =  5.595E-06

      iter #   2 total cpu time :  9607.8 secs   av.it.:  10.2
      thresh= 2.365E-04 alpha_mix =  0.700 |ddv_scf|^2 =  1.141E-05

      iter #   3 total cpu time :  9613.0 secs   av.it.:   9.2
      thresh= 3.378E-04 alpha_mix =  0.700 |ddv_scf|^2 =  8.696E-08

      iter #   4 total cpu time :  9618.5 secs   av.it.:   9.7
      thresh= 2.949E-05 alpha_mix =  0.700 |ddv_scf|^2 =  2.490E-09

      iter #   5 total cpu time :  9624.9 secs   av.it.:   9.8
      thresh= 4.990E-06 alpha_mix =  0.700 |ddv_scf|^2 =  2.923E-12

      iter #   6 total cpu time :  9631.4 secs   av.it.:  10.0
      thresh= 1.710E-07 alpha_mix =  0.700 |ddv_scf|^2 =  1.389E-13

      iter #   7 total cpu time :  9637.7 secs   av.it.:  10.1
      thresh= 3.727E-08 alpha_mix =  0.700 |ddv_scf|^2 =  9.114E-15

      iter #   8 total cpu time :  9645.0 secs   av.it.:  10.2
      thresh= 9.547E-09 alpha_mix =  0.700 |ddv_scf|^2 =  1.748E-14

      iter #   9 total cpu time :  9650.6 secs   av.it.:   9.2
      thresh= 1.322E-08 alpha_mix =  0.700 |ddv_scf|^2 =  1.549E-16

      iter #  10 total cpu time :  9657.1 secs   av.it.:  10.1
      thresh= 1.245E-09 alpha_mix =  0.700 |ddv_scf|^2 =  4.086E-17

      iter #  11 total cpu time :  9663.4 secs   av.it.:   9.9
      thresh= 6.392E-10 alpha_mix =  0.700 |ddv_scf|^2 =  7.926E-18

      iter #  12 total cpu time :  9668.2 secs   av.it.:   9.3
      thresh= 2.815E-10 alpha_mix =  0.700 |ddv_scf|^2 =  2.100E-19

      iter #  13 total cpu time :  9673.7 secs   av.it.:  10.0
      thresh= 4.582E-11 alpha_mix =  0.700 |ddv_scf|^2 =  2.055E-20

     End of self-consistent calculation

     Convergence has been achieved 


     Representation #   4 mode #   4

     Self-consistent Calculation

      iter #   1 total cpu time :  9677.7 secs   av.it.:   5.5
      thresh= 1.000E-02 alpha_mix =  0.700 |ddv_scf|^2 =  4.209E-07

      iter #   2 total cpu time :  9684.8 secs   av.it.:  10.4
      thresh= 6.488E-05 alpha_mix =  0.700 |ddv_scf|^2 =  1.867E-07

      iter #   3 total cpu time :  9691.8 secs   av.it.:  10.0
      thresh= 4.321E-05 alpha_mix =  0.700 |ddv_scf|^2 =  1.355E-08

      iter #   4 total cpu time :  9697.3 secs   av.it.:  10.0
      thresh= 1.164E-05 alpha_mix =  0.700 |ddv_scf|^2 =  1.506E-09

      iter #   5 total cpu time :  9703.4 secs   av.it.:   9.9
      thresh= 3.881E-06 alpha_mix =  0.700 |ddv_scf|^2 =  3.153E-12

      iter #   6 total cpu time :  9708.8 secs   av.it.:  10.3
      thresh= 1.776E-07 alpha_mix =  0.700 |ddv_scf|^2 =  1.015E-13

      iter #   7 total cpu time :  9714.9 secs   av.it.:  10.3
      thresh= 3.185E-08 alpha_mix =  0.700 |ddv_scf|^2 =  4.875E-15

      iter #   8 total cpu time :  9721.0 secs   av.it.:  10.2
      thresh= 6.982E-09 alpha_mix =  0.700 |ddv_scf|^2 =  1.978E-16

      iter #   9 total cpu time :  9726.8 secs   av.it.:  10.2
      thresh= 1.406E-09 alpha_mix =  0.700 |ddv_scf|^2 =  6.230E-17

      iter #  10 total cpu time :  9732.3 secs   av.it.:   9.9
      thresh= 7.893E-10 alpha_mix =  0.700 |ddv_scf|^2 =  7.312E-18

      iter #  11 total cpu time :  9738.9 secs   av.it.:  10.0
      thresh= 2.704E-10 alpha_mix =  0.700 |ddv_scf|^2 =  5.768E-19

      iter #  12 total cpu time :  9744.5 secs   av.it.:  10.0
      thresh= 7.595E-11 alpha_mix =  0.700 |ddv_scf|^2 =  8.064E-21

     End of self-consistent calculation

     Convergence has been achieved 


     Representation #   5 mode #   5

     Self-consistent Calculation

      iter #   1 total cpu time :  9748.5 secs   av.it.:   5.8
      thresh= 1.000E-02 alpha_mix =  0.700 |ddv_scf|^2 =  1.294E-06

      iter #   2 total cpu time :  9753.9 secs   av.it.:  10.3
      thresh= 1.138E-04 alpha_mix =  0.700 |ddv_scf|^2 =  1.120E-06

      iter #   3 total cpu time :  9758.6 secs   av.it.:   9.6
      thresh= 1.059E-04 alpha_mix =  0.700 |ddv_scf|^2 =  1.347E-08

      iter #   4 total cpu time :  9763.5 secs   av.it.:   9.9
      thresh= 1.160E-05 alpha_mix =  0.700 |ddv_scf|^2 =  1.189E-09

      iter #   5 total cpu time :  9769.6 secs   av.it.:  10.0
      thresh= 3.448E-06 alpha_mix =  0.700 |ddv_scf|^2 =  5.092E-12

      iter #   6 total cpu time :  9776.2 secs   av.it.:  10.2
      thresh= 2.257E-07 alpha_mix =  0.700 |ddv_scf|^2 =  9.670E-14

      iter #   7 total cpu time :  9783.2 secs   av.it.:  10.2
      thresh= 3.110E-08 alpha_mix =  0.700 |ddv_scf|^2 =  6.575E-15

      iter #   8 total cpu time :  9789.8 secs   av.it.:  10.1
      thresh= 8.109E-09 alpha_mix =  0.700 |ddv_scf|^2 =  1.827E-16

      iter #   9 total cpu time :  9796.7 secs   av.it.:  10.2
      thresh= 1.352E-09 alpha_mix =  0.700 |ddv_scf|^2 =  7.927E-17

      iter #  10 total cpu time :  9801.8 secs   av.it.:   9.8
      thresh= 8.903E-10 alpha_mix =  0.700 |ddv_scf|^2 =  3.024E-18

      iter #  11 total cpu time :  9808.3 secs   av.it.:  10.0
      thresh= 1.739E-10 alpha_mix =  0.700 |ddv_scf|^2 =  2.134E-19

      iter #  12 total cpu time :  9813.9 secs   av.it.:  10.2
      thresh= 4.619E-11 alpha_mix =  0.700 |ddv_scf|^2 =  7.262E-21

     End of self-consistent calculation

     Convergence has been achieved 


     Representation #   6 mode #   6

     Self-consistent Calculation

      iter #   1 total cpu time :  9818.2 secs   av.it.:   6.0
      thresh= 1.000E-02 alpha_mix =  0.700 |ddv_scf|^2 =  3.003E-06

      iter #   2 total cpu time :  9824.4 secs   av.it.:  10.3
      thresh= 1.733E-04 alpha_mix =  0.700 |ddv_scf|^2 =  2.896E-06

      iter #   3 total cpu time :  9830.8 secs   av.it.:   9.6
      thresh= 1.702E-04 alpha_mix =  0.700 |ddv_scf|^2 =  1.441E-08

      iter #   4 total cpu time :  9837.6 secs   av.it.:  10.0
      thresh= 1.201E-05 alpha_mix =  0.700 |ddv_scf|^2 =  1.238E-09

      iter #   5 total cpu time :  9844.4 secs   av.it.:   9.9
      thresh= 3.518E-06 alpha_mix =  0.700 |ddv_scf|^2 =  7.209E-13

      iter #   6 total cpu time :  9851.7 secs   av.it.:  10.1
      thresh= 8.491E-08 alpha_mix =  0.700 |ddv_scf|^2 =  4.693E-14

      iter #   7 total cpu time :  9858.0 secs   av.it.:  10.1
      thresh= 2.166E-08 alpha_mix =  0.700 |ddv_scf|^2 =  1.370E-15

      iter #   8 total cpu time :  9864.4 secs   av.it.:  10.1
      thresh= 3.701E-09 alpha_mix =  0.700 |ddv_scf|^2 =  3.360E-17

      iter #   9 total cpu time :  9870.0 secs   av.it.:  10.4
      thresh= 5.797E-10 alpha_mix =  0.700 |ddv_scf|^2 =  1.716E-17

      iter #  10 total cpu time :  9876.4 secs   av.it.:   9.8
      thresh= 4.143E-10 alpha_mix =  0.700 |ddv_scf|^2 =  3.974E-19

      iter #  11 total cpu time :  9883.3 secs   av.it.:  10.1
      thresh= 6.304E-11 alpha_mix =  0.700 |ddv_scf|^2 =  3.588E-20

     End of self-consistent calculation

     Convergence has been achieved 

     Number of q in the star =   24
     List of q in the star:
          1   0.530330086  -0.353553391  -0.000000000
          2   0.353553391  -0.530330086   0.000000000
          3  -0.530330086  -0.353553391  -0.000000000
          4  -0.353553391   0.530330086  -0.000000000
          5   0.353553391   0.530330086  -0.000000000
          6  -0.530330086   0.353553391  -0.000000000
          7   0.530330086   0.353553391   0.000000000
          8  -0.353553391  -0.530330086   0.000000000
          9  -0.353553391  -0.000000000   0.530330086
         10   0.000000000  -0.353553391  -0.530330086
         11  -0.353553391   0.000000000  -0.530330086
         12   0.353553391   0.000000000   0.530330086
         13  -0.000000000   0.530330086  -0.353553391
         14  -0.000000000  -0.530330086   0.353553391
         15   0.000000000   0.353553391   0.530330086
         16   0.000000000   0.530330086   0.353553391
         17  -0.530330086   0.000000000   0.353553391
         18  -0.000000000   0.353553391  -0.530330086
         19   0.530330086  -0.000000000  -0.353553391
         20  -0.530330086  -0.000000000  -0.353553391
         21   0.530330086  -0.000000000   0.353553391
         22   0.000000000  -0.530330086  -0.353553391
         23  -0.000000000  -0.353553391   0.530330086
         24   0.353553391  -0.000000000  -0.530330086

     Diagonalizing the dynamical matrix

     q = (    0.530330086  -0.353553391   0.000000000 ) 

 **************************************************************************
     freq (    1) =       4.853746 [THz] =     161.903536 [cm-1]
     freq (    2) =       6.077664 [THz] =     202.729043 [cm-1]
     freq (    3) =       9.497968 [THz] =     316.818108 [cm-1]
     freq (    4) =      11.449107 [THz] =     381.901090 [cm-1]
     freq (    5) =      13.868079 [THz] =     462.589333 [cm-1]
     freq (    6) =      14.178833 [THz] =     472.954975 [cm-1]
 **************************************************************************

     Mode symmetry, C_s (m)     point group:

     freq (   1-   1) =        161.9  [cm-1]   --> A'                 
     freq (   2-   2) =        202.7  [cm-1]   --> A''                
     freq (   3-   3) =        316.8  [cm-1]   --> A'                 
     freq (   4-   4) =        381.9  [cm-1]   --> A''                
     freq (   5-   5) =        462.6  [cm-1]   --> A''                
     freq (   6-   6) =        473.0  [cm-1]   --> A'                 

     Calculation of q =   -0.0000000   0.1767767  -0.7071068

     Parallelization info
     --------------------
     sticks:   dense  smooth     PW     G-vecs:    dense   smooth      PW
     Min          53      27     10                 1054      373      90
     Max          54      28     11                 1057      376      94
     Sum         859     433    163                16889     5985    1459

     Using Slab Decomposition


     Title: 
     default                                                                    


     bravais-lattice index     =            0
     lattice parameter (alat)  =       7.2595  a.u.
     unit-cell volume          =     270.5223 (a.u.)^3
     number of atoms/cell      =            2
     number of atomic types    =            1
     number of electrons       =         8.00
     number of Kohn-Sham states=            4
     kinetic-energy cutoff     =      30.0000  Ry
     charge density cutoff     =     240.0000  Ry
     Exchange-correlation= PBESOL
                           (   1   4  10   8   0   0   0)

     celldm(1)=   7.259489  celldm(2)=   0.000000  celldm(3)=   0.000000
     celldm(4)=   0.000000  celldm(5)=   0.000000  celldm(6)=   0.000000

     crystal axes: (cart. coord. in units of alat)
               a(1) = (   0.707107   0.707107   0.000000 )  
               a(2) = (   0.707107   0.000000   0.707107 )  
               a(3) = (   0.000000   0.707107   0.707107 )  

     reciprocal axes: (cart. coord. in units 2 pi/alat)
               b(1) = (  0.707107  0.707107 -0.707107 )  
               b(2) = (  0.707107 -0.707107  0.707107 )  
               b(3) = ( -0.707107  0.707107  0.707107 )  


     PseudoPot. # 1 for Si read from file:
     ../pseudo/Si.pbesol-n-rrkjus_psl.1.0.0.UPF
     MD5 check sum: c4212819de858c94c3a1644338846ac9
     Pseudo is Ultrasoft + core correction, Zval =  4.0
     Generated using "atomic" code by A. Dal Corso  v.6.0 svn rev. 13079
     Using radial grid of 1141 points,  6 beta functions with: 
                l(1) =   0
                l(2) =   0
                l(3) =   1
                l(4) =   1
                l(5) =   2
                l(6) =   2
     Q(r) pseudized with 0 coefficients 


     atomic species   valence    mass     pseudopotential
        Si             4.00    28.08550     Si( 1.00)

     48 Sym. Ops., with inversion, found



   Cartesian axes

     site n.     atom                  positions (alat units)
         1           Si  tau(   1) = (   0.0000000   0.0000000   0.0000000  )
         2           Si  tau(   2) = (   0.3535534   0.3535534   0.3535534  )

     number of k points=  1582

     Number of k-points >= 100: set verbosity='high' to print them.

     Dense  grid:    16889 G-vectors     FFT dimensions: (  36,  36,  36)

     Smooth grid:     5985 G-vectors     FFT dimensions: (  32,  32,  32)

     Estimated max dynamical RAM per process >       4.75 MB

     Estimated total dynamical RAM >      76.06 MB

     The potential is recalculated from file :
     tmp/_ph0/si.save/charge-density

     Starting wfcs are    8 atomic wfcs

     Band Structure Calculation
     Davidson diagonalization with overlap

     ethr =  1.25E-10,  avg # of iterations = 13.3

     total cpu time spent up to now is      359.5 secs

     End of band structure calculation

     Number of k-points >= 100: set verbosity='high' to print the bands.

     highest occupied level (ev):     6.1438

     Writing config to output data dir tmp/_ph0/si.save/

     default                                                                    

     bravais-lattice index     =            0
     lattice parameter (alat)  =       7.2595  a.u.
     unit-cell volume          =     270.5223 (a.u.)^3
     number of atoms/cell      =            2
     number of atomic types    =            1
     kinetic-energy cut-off    =      30.0000  Ry
     charge density cut-off    =     240.0000  Ry
     convergence threshold     =      1.6E-19
     beta                      =       0.7000
     number of iterations used =            4
     Exchange-correlation= PBESOL
                           (   1   4  10   8   0   0   0)


     celldm(1)=    7.25949  celldm(2)=    0.00000  celldm(3)=    0.00000
     celldm(4)=    0.00000  celldm(5)=    0.00000  celldm(6)=    0.00000

     crystal axes: (cart. coord. in units of alat)
               a(1) = (  0.7071  0.7071  0.0000 )  
               a(2) = (  0.7071  0.0000  0.7071 )  
               a(3) = (  0.0000  0.7071  0.7071 )  

     reciprocal axes: (cart. coord. in units 2 pi/alat)
               b(1) = (  0.7071  0.7071 -0.7071 )  
               b(2) = (  0.7071 -0.7071  0.7071 )  
               b(3) = ( -0.7071  0.7071  0.7071 )  


     Atoms inside the unit cell: 

     Cartesian axes

     site n.  atom      mass           positions (alat units)
        1     Si  28.0855   tau(    1) = (    0.00000    0.00000    0.00000  )
        2     Si  28.0855   tau(    2) = (    0.35355    0.35355    0.35355  )

     Computing dynamical matrix for 
                    q = (  -0.0000000   0.1767767  -0.7071068 )

      4 Sym.Ops. (no q -> -q+G )


     G cutoff =  320.3787  (   1057 G-vectors)     FFT grid: ( 36, 36, 36)
     G cutoff =  160.1893  (    374 G-vectors)  smooth grid: ( 32, 32, 32)
     number of k points=  1582

     PseudoPot. # 1 for Si read from file:
     ../pseudo/Si.pbesol-n-rrkjus_psl.1.0.0.UPF
     MD5 check sum: c4212819de858c94c3a1644338846ac9
     Pseudo is Ultrasoft + core correction, Zval =  4.0
     Generated using "atomic" code by A. Dal Corso  v.6.0 svn rev. 13079
     Using radial grid of 1141 points,  6 beta functions with: 
                l(1) =   0
                l(2) =   0
                l(3) =   1
                l(4) =   1
                l(5) =   2
                l(6) =   2
     Q(r) pseudized with 0 coefficients 



     Atomic displacements:
     There are    3 irreducible representations

     Representation     1      2 modes -  To be done

     Representation     2      2 modes -  To be done

     Representation     3      2 modes -  To be done



     Alpha used in Ewald sum =   2.5000
     PHONON       :      2h40m CPU      2h44m WALL



     Representation #   1 modes #   1   2

     Self-consistent Calculation

      iter #   1 total cpu time :  9899.6 secs   av.it.:   5.8
      thresh= 1.000E-02 alpha_mix =  0.700 |ddv_scf|^2 =  4.360E-07

      iter #   2 total cpu time :  9907.0 secs   av.it.:  11.2
      thresh= 6.603E-05 alpha_mix =  0.700 |ddv_scf|^2 =  5.010E-07

      iter #   3 total cpu time :  9913.9 secs   av.it.:  10.5
      thresh= 7.078E-05 alpha_mix =  0.700 |ddv_scf|^2 =  4.489E-09

      iter #   4 total cpu time :  9921.7 secs   av.it.:  10.9
      thresh= 6.700E-06 alpha_mix =  0.700 |ddv_scf|^2 =  5.236E-10

      iter #   5 total cpu time :  9929.0 secs   av.it.:  10.8
      thresh= 2.288E-06 alpha_mix =  0.700 |ddv_scf|^2 =  1.739E-12

      iter #   6 total cpu time :  9936.1 secs   av.it.:  11.1
      thresh= 1.319E-07 alpha_mix =  0.700 |ddv_scf|^2 =  4.662E-14

      iter #   7 total cpu time :  9943.9 secs   av.it.:  11.1
      thresh= 2.159E-08 alpha_mix =  0.700 |ddv_scf|^2 =  2.793E-15

      iter #   8 total cpu time :  9951.0 secs   av.it.:  11.0
      thresh= 5.285E-09 alpha_mix =  0.700 |ddv_scf|^2 =  1.020E-16

      iter #   9 total cpu time :  9957.3 secs   av.it.:  11.1
      thresh= 1.010E-09 alpha_mix =  0.700 |ddv_scf|^2 =  6.368E-17

      iter #  10 total cpu time :  9963.6 secs   av.it.:  10.5
      thresh= 7.980E-10 alpha_mix =  0.700 |ddv_scf|^2 =  1.178E-18

      iter #  11 total cpu time :  9969.5 secs   av.it.:  11.1
      thresh= 1.085E-10 alpha_mix =  0.700 |ddv_scf|^2 =  2.366E-19

      iter #  12 total cpu time :  9975.5 secs   av.it.:  10.8
      thresh= 4.864E-11 alpha_mix =  0.700 |ddv_scf|^2 =  1.027E-20

     End of self-consistent calculation

     Convergence has been achieved 


     Representation #   2 modes #   3   4

     Self-consistent Calculation

      iter #   1 total cpu time :  9979.9 secs   av.it.:   6.0
      thresh= 1.000E-02 alpha_mix =  0.700 |ddv_scf|^2 =  6.624E-07

      iter #   2 total cpu time :  9987.9 secs   av.it.:  11.2
      thresh= 8.139E-05 alpha_mix =  0.700 |ddv_scf|^2 =  7.825E-07

      iter #   3 total cpu time :  9994.9 secs   av.it.:  10.5
      thresh= 8.846E-05 alpha_mix =  0.700 |ddv_scf|^2 =  6.702E-09

      iter #   4 total cpu time : 10002.8 secs   av.it.:  10.8
      thresh= 8.186E-06 alpha_mix =  0.700 |ddv_scf|^2 =  4.930E-10

      iter #   5 total cpu time : 10010.4 secs   av.it.:  10.8
      thresh= 2.220E-06 alpha_mix =  0.700 |ddv_scf|^2 =  2.875E-12

      iter #   6 total cpu time : 10016.6 secs   av.it.:  11.1
      thresh= 1.695E-07 alpha_mix =  0.700 |ddv_scf|^2 =  3.834E-14

      iter #   7 total cpu time : 10024.2 secs   av.it.:  11.0
      thresh= 1.958E-08 alpha_mix =  0.700 |ddv_scf|^2 =  2.691E-15

      iter #   8 total cpu time : 10030.3 secs   av.it.:  11.0
      thresh= 5.187E-09 alpha_mix =  0.700 |ddv_scf|^2 =  7.298E-17

      iter #   9 total cpu time : 10036.5 secs   av.it.:  11.1
      thresh= 8.543E-10 alpha_mix =  0.700 |ddv_scf|^2 =  5.010E-17

      iter #  10 total cpu time : 10044.0 secs   av.it.:  10.5
      thresh= 7.078E-10 alpha_mix =  0.700 |ddv_scf|^2 =  9.443E-19

      iter #  11 total cpu time : 10051.5 secs   av.it.:  11.0
      thresh= 9.717E-11 alpha_mix =  0.700 |ddv_scf|^2 =  1.395E-19

     End of self-consistent calculation

     Convergence has been achieved 


     Representation #   3 modes #   5   6

     Self-consistent Calculation

      iter #   1 total cpu time : 10057.7 secs   av.it.:   6.1
      thresh= 1.000E-02 alpha_mix =  0.700 |ddv_scf|^2 =  8.722E-07

      iter #   2 total cpu time : 10065.5 secs   av.it.:  11.1
      thresh= 9.339E-05 alpha_mix =  0.700 |ddv_scf|^2 =  9.933E-07

      iter #   3 total cpu time : 10072.8 secs   av.it.:  10.3
      thresh= 9.966E-05 alpha_mix =  0.700 |ddv_scf|^2 =  8.518E-09

      iter #   4 total cpu time : 10080.3 secs   av.it.:  10.6
      thresh= 9.229E-06 alpha_mix =  0.700 |ddv_scf|^2 =  4.875E-10

      iter #   5 total cpu time : 10086.8 secs   av.it.:  10.7
      thresh= 2.208E-06 alpha_mix =  0.700 |ddv_scf|^2 =  6.431E-13

      iter #   6 total cpu time : 10094.3 secs   av.it.:  11.0
      thresh= 8.019E-08 alpha_mix =  0.700 |ddv_scf|^2 =  2.996E-14

      iter #   7 total cpu time : 10101.7 secs   av.it.:  10.7
      thresh= 1.731E-08 alpha_mix =  0.700 |ddv_scf|^2 =  2.019E-15

      iter #   8 total cpu time : 10108.0 secs   av.it.:  10.8
      thresh= 4.493E-09 alpha_mix =  0.700 |ddv_scf|^2 =  4.836E-17

      iter #   9 total cpu time : 10115.6 secs   av.it.:  10.9
      thresh= 6.954E-10 alpha_mix =  0.700 |ddv_scf|^2 =  1.748E-17

      iter #  10 total cpu time : 10123.0 secs   av.it.:  10.4
      thresh= 4.181E-10 alpha_mix =  0.700 |ddv_scf|^2 =  7.876E-19

      iter #  11 total cpu time : 10130.7 secs   av.it.:  10.8
      thresh= 8.875E-11 alpha_mix =  0.700 |ddv_scf|^2 =  7.783E-20

     End of self-consistent calculation

     Convergence has been achieved 

     Number of q in the star =   12
     List of q in the star:
          1  -0.000000000   0.176776695  -0.707106781
          2   0.176776695  -0.000000000  -0.707106781
          3  -0.176776695   0.000000000  -0.707106781
          4   0.000000000  -0.176776695  -0.707106781
          5   0.176776695  -0.707106781  -0.000000000
          6   0.707106781   0.176776695   0.000000000
          7  -0.176776695   0.707106781  -0.000000000
          8  -0.707106781  -0.000000000   0.176776695
          9  -0.707106781   0.000000000  -0.176776695
         10   0.707106781  -0.176776695  -0.000000000
         11   0.000000000   0.707106781  -0.176776695
         12  -0.000000000  -0.707106781   0.176776695

     Diagonalizing the dynamical matrix

     q = (   -0.000000000   0.176776695  -0.707106781 ) 

 **************************************************************************
     freq (    1) =       4.961664 [THz] =     165.503310 [cm-1]
     freq (    2) =       4.961664 [THz] =     165.503310 [cm-1]
     freq (    3) =      11.257932 [THz] =     375.524185 [cm-1]
     freq (    4) =      11.257932 [THz] =     375.524185 [cm-1]
     freq (    5) =      13.825195 [THz] =     461.158863 [cm-1]
     freq (    6) =      13.825195 [THz] =     461.158863 [cm-1]
 **************************************************************************

     Calculation of q =    0.0000000   0.3535534  -0.7071068

     Parallelization info
     --------------------
     sticks:   dense  smooth     PW     G-vecs:    dense   smooth      PW
     Min          53      27     10                 1054      373      90
     Max          54      28     11                 1057      376      94
     Sum         859     433    163                16889     5985    1459

     Using Slab Decomposition


     Title: 
     default                                                                    


     bravais-lattice index     =            0
     lattice parameter (alat)  =       7.2595  a.u.
     unit-cell volume          =     270.5223 (a.u.)^3
     number of atoms/cell      =            2
     number of atomic types    =            1
     number of electrons       =         8.00
     number of Kohn-Sham states=            4
     kinetic-energy cutoff     =      30.0000  Ry
     charge density cutoff     =     240.0000  Ry
     Exchange-correlation= PBESOL
                           (   1   4  10   8   0   0   0)

     celldm(1)=   7.259489  celldm(2)=   0.000000  celldm(3)=   0.000000
     celldm(4)=   0.000000  celldm(5)=   0.000000  celldm(6)=   0.000000

     crystal axes: (cart. coord. in units of alat)
               a(1) = (   0.707107   0.707107   0.000000 )  
               a(2) = (   0.707107   0.000000   0.707107 )  
               a(3) = (   0.000000   0.707107   0.707107 )  

     reciprocal axes: (cart. coord. in units 2 pi/alat)
               b(1) = (  0.707107  0.707107 -0.707107 )  
               b(2) = (  0.707107 -0.707107  0.707107 )  
               b(3) = ( -0.707107  0.707107  0.707107 )  


     PseudoPot. # 1 for Si read from file:
     ../pseudo/Si.pbesol-n-rrkjus_psl.1.0.0.UPF
     MD5 check sum: c4212819de858c94c3a1644338846ac9
     Pseudo is Ultrasoft + core correction, Zval =  4.0
     Generated using "atomic" code by A. Dal Corso  v.6.0 svn rev. 13079
     Using radial grid of 1141 points,  6 beta functions with: 
                l(1) =   0
                l(2) =   0
                l(3) =   1
                l(4) =   1
                l(5) =   2
                l(6) =   2
     Q(r) pseudized with 0 coefficients 


     atomic species   valence    mass     pseudopotential
        Si             4.00    28.08550     Si( 1.00)

     48 Sym. Ops., with inversion, found



   Cartesian axes

     site n.     atom                  positions (alat units)
         1           Si  tau(   1) = (   0.0000000   0.0000000   0.0000000  )
         2           Si  tau(   2) = (   0.3535534   0.3535534   0.3535534  )

     number of k points=   806

     Number of k-points >= 100: set verbosity='high' to print them.

     Dense  grid:    16889 G-vectors     FFT dimensions: (  36,  36,  36)

     Smooth grid:     5985 G-vectors     FFT dimensions: (  32,  32,  32)

     Estimated max dynamical RAM per process >       4.76 MB

     Estimated total dynamical RAM >      76.12 MB

     The potential is recalculated from file :
     tmp/_ph0/si.save/charge-density

     Starting wfcs are    8 atomic wfcs

     Band Structure Calculation
     Davidson diagonalization with overlap

     ethr =  1.25E-10,  avg # of iterations = 13.3

     total cpu time spent up to now is      363.7 secs

     End of band structure calculation

     Number of k-points >= 100: set verbosity='high' to print the bands.

     highest occupied level (ev):     6.1438

     Writing config to output data dir tmp/_ph0/si.save/

     default                                                                    

     bravais-lattice index     =            0
     lattice parameter (alat)  =       7.2595  a.u.
     unit-cell volume          =     270.5223 (a.u.)^3
     number of atoms/cell      =            2
     number of atomic types    =            1
     kinetic-energy cut-off    =      30.0000  Ry
     charge density cut-off    =     240.0000  Ry
     convergence threshold     =      1.6E-19
     beta                      =       0.7000
     number of iterations used =            4
     Exchange-correlation= PBESOL
                           (   1   4  10   8   0   0   0)


     celldm(1)=    7.25949  celldm(2)=    0.00000  celldm(3)=    0.00000
     celldm(4)=    0.00000  celldm(5)=    0.00000  celldm(6)=    0.00000

     crystal axes: (cart. coord. in units of alat)
               a(1) = (  0.7071  0.7071  0.0000 )  
               a(2) = (  0.7071  0.0000  0.7071 )  
               a(3) = (  0.0000  0.7071  0.7071 )  

     reciprocal axes: (cart. coord. in units 2 pi/alat)
               b(1) = (  0.7071  0.7071 -0.7071 )  
               b(2) = (  0.7071 -0.7071  0.7071 )  
               b(3) = ( -0.7071  0.7071  0.7071 )  


     Atoms inside the unit cell: 

     Cartesian axes

     site n.  atom      mass           positions (alat units)
        1     Si  28.0855   tau(    1) = (    0.00000    0.00000    0.00000  )
        2     Si  28.0855   tau(    2) = (    0.35355    0.35355    0.35355  )

     Computing dynamical matrix for 
                    q = (   0.0000000   0.3535534  -0.7071068 )

      8 Sym.Ops. (no q -> -q+G )


     G cutoff =  320.3787  (   1057 G-vectors)     FFT grid: ( 36, 36, 36)
     G cutoff =  160.1893  (    374 G-vectors)  smooth grid: ( 32, 32, 32)
     number of k points=   806

     PseudoPot. # 1 for Si read from file:
     ../pseudo/Si.pbesol-n-rrkjus_psl.1.0.0.UPF
     MD5 check sum: c4212819de858c94c3a1644338846ac9
     Pseudo is Ultrasoft + core correction, Zval =  4.0
     Generated using "atomic" code by A. Dal Corso  v.6.0 svn rev. 13079
     Using radial grid of 1141 points,  6 beta functions with: 
                l(1) =   0
                l(2) =   0
                l(3) =   1
                l(4) =   1
                l(5) =   2
                l(6) =   2
     Q(r) pseudized with 0 coefficients 



     Atomic displacements:
     There are    3 irreducible representations

     Representation     1      2 modes -  To be done

     Representation     2      2 modes -  To be done

     Representation     3      2 modes -  To be done



     Alpha used in Ewald sum =   2.5000
     PHONON       :      2h43m CPU      2h48m WALL



     Representation #   1 modes #   1   2

     Self-consistent Calculation

      iter #   1 total cpu time : 10138.2 secs   av.it.:   5.5
      thresh= 1.000E-02 alpha_mix =  0.700 |ddv_scf|^2 =  2.026E-07

      iter #   2 total cpu time : 10141.8 secs   av.it.:  11.1
      thresh= 4.501E-05 alpha_mix =  0.700 |ddv_scf|^2 =  1.023E-07

      iter #   3 total cpu time : 10145.3 secs   av.it.:  10.5
      thresh= 3.198E-05 alpha_mix =  0.700 |ddv_scf|^2 =  9.160E-10

      iter #   4 total cpu time : 10149.2 secs   av.it.:  10.6
      thresh= 3.027E-06 alpha_mix =  0.700 |ddv_scf|^2 =  2.367E-12

      iter #   5 total cpu time : 10152.7 secs   av.it.:  10.8
      thresh= 1.539E-07 alpha_mix =  0.700 |ddv_scf|^2 =  1.197E-14

      iter #   6 total cpu time : 10156.8 secs   av.it.:  10.9
      thresh= 1.094E-08 alpha_mix =  0.700 |ddv_scf|^2 =  2.460E-16

      iter #   7 total cpu time : 10159.7 secs   av.it.:  10.5
      thresh= 1.569E-09 alpha_mix =  0.700 |ddv_scf|^2 =  5.575E-18

      iter #   8 total cpu time : 10163.5 secs   av.it.:  10.9
      thresh= 2.361E-10 alpha_mix =  0.700 |ddv_scf|^2 =  7.688E-20

     End of self-consistent calculation

     Convergence has been achieved 


     Representation #   2 modes #   3   4

     Self-consistent Calculation

      iter #   1 total cpu time : 10165.9 secs   av.it.:   5.9
      thresh= 1.000E-02 alpha_mix =  0.700 |ddv_scf|^2 =  9.787E-07

      iter #   2 total cpu time : 10170.3 secs   av.it.:  11.0
      thresh= 9.893E-05 alpha_mix =  0.700 |ddv_scf|^2 =  1.339E-06

      iter #   3 total cpu time : 10173.8 secs   av.it.:  10.3
      thresh= 1.157E-04 alpha_mix =  0.700 |ddv_scf|^2 =  9.465E-10

      iter #   4 total cpu time : 10177.5 secs   av.it.:  10.4
      thresh= 3.076E-06 alpha_mix =  0.700 |ddv_scf|^2 =  4.903E-12

      iter #   5 total cpu time : 10180.7 secs   av.it.:  10.8
      thresh= 2.214E-07 alpha_mix =  0.700 |ddv_scf|^2 =  7.331E-14

      iter #   6 total cpu time : 10184.7 secs   av.it.:  10.9
      thresh= 2.708E-08 alpha_mix =  0.700 |ddv_scf|^2 =  1.753E-15

      iter #   7 total cpu time : 10187.5 secs   av.it.:  10.6
      thresh= 4.187E-09 alpha_mix =  0.700 |ddv_scf|^2 =  2.303E-17

      iter #   8 total cpu time : 10191.4 secs   av.it.:  11.1
      thresh= 4.799E-10 alpha_mix =  0.700 |ddv_scf|^2 =  5.030E-18

      iter #   9 total cpu time : 10194.7 secs   av.it.:  10.7
      thresh= 2.243E-10 alpha_mix =  0.700 |ddv_scf|^2 =  1.292E-18

      iter #  10 total cpu time : 10198.7 secs   av.it.:  10.6
      thresh= 1.137E-10 alpha_mix =  0.700 |ddv_scf|^2 =  5.696E-20

     End of self-consistent calculation

     Convergence has been achieved 


     Representation #   3 modes #   5   6

     Self-consistent Calculation

      iter #   1 total cpu time : 10200.8 secs   av.it.:   6.1
      thresh= 1.000E-02 alpha_mix =  0.700 |ddv_scf|^2 =  6.902E-07

      iter #   2 total cpu time : 10204.7 secs   av.it.:  11.1
      thresh= 8.308E-05 alpha_mix =  0.700 |ddv_scf|^2 =  4.116E-07

      iter #   3 total cpu time : 10208.1 secs   av.it.:  10.5
      thresh= 6.416E-05 alpha_mix =  0.700 |ddv_scf|^2 =  7.870E-10

      iter #   4 total cpu time : 10212.3 secs   av.it.:  10.5
      thresh= 2.805E-06 alpha_mix =  0.700 |ddv_scf|^2 =  1.201E-12

      iter #   5 total cpu time : 10215.5 secs   av.it.:  10.8
      thresh= 1.096E-07 alpha_mix =  0.700 |ddv_scf|^2 =  3.709E-14

      iter #   6 total cpu time : 10219.3 secs   av.it.:  10.8
      thresh= 1.926E-08 alpha_mix =  0.700 |ddv_scf|^2 =  3.992E-16

      iter #   7 total cpu time : 10222.5 secs   av.it.:  10.6
      thresh= 1.998E-09 alpha_mix =  0.700 |ddv_scf|^2 =  6.709E-18

      iter #   8 total cpu time : 10226.9 secs   av.it.:  11.1
      thresh= 2.590E-10 alpha_mix =  0.700 |ddv_scf|^2 =  2.891E-19

      iter #   9 total cpu time : 10230.2 secs   av.it.:  11.0
      thresh= 5.377E-11 alpha_mix =  0.700 |ddv_scf|^2 =  8.634E-20

     End of self-consistent calculation

     Convergence has been achieved 

     Number of q in the star =    6
     List of q in the star:
          1  -0.000000000   0.353553391  -0.707106781
          2  -0.000000000  -0.353553391   0.707106781
          3  -0.353553391  -0.000000000   0.707106781
          4   0.353553391   0.000000000   0.707106781
          5  -0.707106781  -0.000000000   0.353553391
          6  -0.707106781   0.000000000  -0.353553391

     Diagonalizing the dynamical matrix

     q = (    0.000000000   0.353553391  -0.707106781 ) 

 **************************************************************************
     freq (    1) =       5.804434 [THz] =     193.615066 [cm-1]
     freq (    2) =       5.804434 [THz] =     193.615066 [cm-1]
     freq (    3) =      10.463626 [THz] =     349.028991 [cm-1]
     freq (    4) =      10.463626 [THz] =     349.028991 [cm-1]
     freq (    5) =      13.876142 [THz] =     462.858263 [cm-1]
     freq (    6) =      13.876142 [THz] =     462.858263 [cm-1]
 **************************************************************************

     init_run     :      1.02s CPU      0.97s WALL (      28 calls)
     electrons    :    698.63s CPU    360.62s WALL (      28 calls)

     Called by init_run:
     wfcinit      :      0.00s CPU      0.00s WALL (      28 calls)
     potinit      :      0.07s CPU      0.07s WALL (      28 calls)
     hinit0       :      0.52s CPU      0.52s WALL (      28 calls)

     Called by electrons:
     c_bands      :    698.63s CPU    360.62s WALL (      28 calls)
     v_of_rho     :      0.05s CPU      0.05s WALL (      29 calls)
     newd         :      0.13s CPU      0.12s WALL (      29 calls)

     Called by c_bands:
     init_us_2    :     50.78s CPU     52.33s WALL ( 2841794 calls)
     init_us_2:cp :     48.38s CPU     50.12s WALL ( 2841794 calls)
     cegterg      :    608.67s CPU    313.97s WALL (   63274 calls)

     Called by *egterg:
     cdiaghg      :    103.85s CPU     54.84s WALL (  909768 calls)
     h_psi        :   6186.09s CPU   6371.12s WALL (28438597 calls)
     s_psi        :    217.87s CPU    233.96s WALL (58299567 calls)
     g_psi        :      1.26s CPU      0.71s WALL (  846494 calls)

     Called by h_psi:
     h_psi:calbec :    605.72s CPU    624.53s WALL (28438597 calls)
     vloc_psi     :   5399.54s CPU   5559.07s WALL (28438597 calls)
     add_vuspsi   :    114.67s CPU    120.36s WALL (28438597 calls)

     General routines
     calbec       :   1150.51s CPU   1213.61s WALL (62121122 calls)
     fft          :      9.59s CPU      9.51s WALL (   35728 calls)
     ffts         :     23.95s CPU     24.68s WALL (  196336 calls)
     fftw         :   5949.86s CPU   6153.77s WALL (******** calls)
     interpolate  :      0.69s CPU      0.73s WALL (    4210 calls)
     davcio       :    143.16s CPU    156.70s WALL (12424140 calls)

     Parallel routines

     PHONON       :      2h45m CPU      2h50m WALL

     INITIALIZATION: 
     phq_setup    :      0.33s CPU      0.33s WALL (      29 calls)
     phq_init     :     76.12s CPU     75.42s WALL (      29 calls)

     phq_init     :     76.12s CPU     75.42s WALL (      29 calls)
     set_drhoc    :      0.49s CPU      0.51s WALL (      87 calls)
     init_vloc    :      0.02s CPU      0.02s WALL (      29 calls)
     init_us_1    :      0.49s CPU      0.49s WALL (      29 calls)
     init_us_2    :     50.78s CPU     52.33s WALL ( 2841794 calls)
     newd         :      0.13s CPU      0.12s WALL (      29 calls)
     dvanqq       :      6.80s CPU      3.75s WALL (      29 calls)
     drho         :     51.51s CPU     53.36s WALL (      29 calls)
     drhous       :     39.76s CPU     41.23s WALL (      29 calls)
     nldyntot     :      5.92s CPU      5.92s WALL (      29 calls)

     DYNAMICAL MATRIX:
     dynmat0      :     14.20s CPU     14.51s WALL (      29 calls)
     dynmat_us    :     13.73s CPU     14.04s WALL (      29 calls)
     addusdynmat  :      0.00s CPU      0.00s WALL (      29 calls)
     d2ionq       :      0.01s CPU      0.01s WALL (      29 calls)
     dynmatcc     :      0.42s CPU      0.42s WALL (      29 calls)
     phqscf       :   9124.89s CPU   9776.88s WALL (      29 calls)
     dynmatrix    :      0.06s CPU      0.06s WALL (      29 calls)

     phqscf       :   9124.89s CPU   9776.88s WALL (      29 calls)
     solve_linter :   9096.32s CPU   9746.83s WALL (     147 calls)
     sth_kernel   :   8957.69s CPU   9604.85s WALL (    1746 calls)
     h_prec       :     59.23s CPU     63.05s WALL ( 2292748 calls)
     apply_dpot_b :    484.05s CPU    515.49s WALL ( 2204033 calls)
     ortho        :    103.66s CPU    110.27s WALL ( 2395103 calls)
     cgsolve      :   7519.19s CPU   8069.88s WALL ( 2395103 calls)
     incdrhoscf   :    564.82s CPU    601.46s WALL ( 2395103 calls)
                                        0.00s GPU  ( 2395103 calls)
     addusddens   :      9.65s CPU      9.87s WALL (    1886 calls)
     dv_of_drho   :      2.34s CPU      2.35s WALL (    1991 calls)
     mix_pot      :      1.65s CPU      1.71s WALL (    1746 calls)
     drhodv       :     27.05s CPU     28.31s WALL (     147 calls)
     psymdvscf    :     10.82s CPU     10.87s WALL (    1550 calls)
     newdq        :     10.94s CPU     10.54s WALL (    1746 calls)
     adddvscf     :     33.69s CPU     36.15s WALL ( 2204033 calls)
     drhodvus     :      0.03s CPU      0.04s WALL (     147 calls)

     dvqpsi_us    :    103.45s CPU    107.00s WALL (  191070 calls)
                                        0.00s GPU  (  191070 calls)
     dvqpsi_us_on :     37.77s CPU     39.15s WALL (  191070 calls)

     add_vuspsi   :    114.67s CPU    120.36s WALL (28438597 calls)
     addusdbec    :     69.20s CPU     73.40s WALL ( 2585549 calls)

     drhodvus     :      0.03s CPU      0.04s WALL (     147 calls)

      General routines
     calbec       :   1150.51s CPU   1213.61s WALL (62121122 calls)
     fft          :      9.59s CPU      9.51s WALL (   35728 calls)
     ffts         :     23.95s CPU     24.68s WALL (  196336 calls)
     fftw         :   5949.86s CPU   6153.77s WALL (******** calls)
     davcio       :    143.16s CPU    156.70s WALL (12424140 calls)
     write_rec    :      1.09s CPU      1.41s WALL (    1893 calls)

      Additional routines
     ch_psi       :   6912.89s CPU   7417.89s WALL (27465555 calls)
     last         :   1022.03s CPU   1096.20s WALL (27465555 calls)
     Hesh         :     11.61s CPU     12.85s WALL (27465555 calls)
     ch_psi_all_k :    982.39s CPU   1053.40s WALL (27465555 calls)
                                        0.00s GPU  (27465555 calls)
     ch_psi_calbe :    457.86s CPU    489.54s WALL (27465555 calls)
                                        0.00s GPU  (27465555 calls)
     h_psi_bgrp   :   6205.27s CPU   6390.98s WALL (28438597 calls)
     h_psi        :   6186.09s CPU   6371.12s WALL (28438597 calls)
     h_psi:pot    :   6160.16s CPU   6343.73s WALL (28438597 calls)
     h_psi:calbec :    605.72s CPU    624.53s WALL (28438597 calls)
     s_psi_bgrp   :    263.21s CPU    278.39s WALL (58299567 calls)
     s_psi        :    217.87s CPU    233.96s WALL (58299567 calls)


     PHONON       :      2h45m CPU      2h50m WALL


   This run was terminated on:  19:35:16  22Dec2024            

=------------------------------------------------------------------------------=
   JOB DONE.
=------------------------------------------------------------------------------=
