# (20250,)
0.000000000000000000e+00
0.000000000000000000e+00
0.000000000000000000e+00
0.000000000000000000e+00
0.000000000000000000e+00
0.000000000000000000e+00
-1.408802391374360669e-02
-2.023297449089161981e-02
-3.484379095359909501e-02
-3.355404984115746016e-04
-2.648270798697281042e-04
-1.885774200108827556e-02
-7.832153052215356723e-03
-7.653972203394975547e-03
-2.927568786501080420e-02
-8.388828259915113224e-05
3.273678599281367395e-05
-2.416567063303030351e-04
-4.575298235297253248e-03
-5.614074329666109663e-03
-2.994237307880558835e-02
7.933352204072154480e-05
-1.471634556840985145e-04
-4.281280431402020273e-04
-4.883681261946247638e-03
-4.317394668442655833e-03
-2.230842943396588868e-02
-6.176929716522538082e-05
3.624116025135332977e-04
5.160733060295967685e-05
-3.680384912900219914e-03
-3.196298802666824694e-03
2.148923679634356834e-04
1.954824511277349910e-04
-8.417775123122535341e-03
1.009292715983680451e-04
-1.234930191848522497e-03
-1.633194744039604589e-03
1.140789701306827515e-04
8.924391277285607721e-05
-3.034586135331538651e-03
2.727321684826852994e-05
-1.926574109812948627e-04
-1.434841178681906958e-04
2.344789560339531010e-05
1.013373714267512116e-05
-8.990377555703882567e-04
-6.181643407107329413e-05
-1.925216578426860276e-04
-1.434416609241381563e-04
2.347902553342129744e-05
1.016766601637465076e-05
-8.989724294519318591e-04
-6.168168327263293907e-05
-1.234841739827782347e-03
-1.632919164526996448e-03
1.141040696717527189e-04
8.926493795679319874e-05
-3.034958502888851148e-03
2.733587118608108113e-05
-3.680614529140350914e-03
-3.197148934712575920e-03
2.140658657787652128e-04
1.963678106218270133e-04
-8.418060761242868867e-03
1.005402792639159163e-04
-4.883102389767995932e-03
-4.317866898160144414e-03
-2.230912650789389565e-02
-6.180440366431519666e-05
3.622853450868737408e-04
5.166392995400127325e-05
-4.575258172408691940e-03
-5.613461242920250900e-03
-2.993114290479337303e-02
7.931082112044665915e-05
-1.472049368257077569e-04
-4.285069362890615743e-04
-7.831295074879174312e-03
-7.653621993457474480e-03
-2.927558835527810377e-02
-8.395017051968423657e-05
3.273335892919629423e-05
-2.415698283221187582e-04
-1.408589176653706268e-02
-2.023243590923280016e-02
-3.484246348244646879e-02
-3.357753608838254440e-04
-2.649687771389989607e-04
-1.886427208025419702e-02
2.319862865464058371e-02
2.042477657681934788e-02
4.538372781451738280e-02
-6.589036061494260793e-04
-5.565804460304313262e-04
1.856651344282705257e-02
1.068391916239247272e-09
9.529915176094535955e-09
1.083125133947310702e-08
-6.590940900838809911e-11
-8.098373519167061967e-12
-1.834888559433532918e-10
-3.162116576964769769e-03
-4.346014111641951366e-03
-2.901290143010916769e-02
-5.148286118596705222e-06
2.815858944250874290e-04
-5.392502376139780970e-04
-3.896012688336583825e-03
-4.537272354826433172e-03
-3.208438484164516380e-02
6.316857899380535482e-04
1.225387372977422801e-04
-1.402125534078786781e-04
-5.265196911933209267e-03
-4.294184551315472810e-03
-2.453085170329023443e-02
5.736518290689504281e-04
1.037382633972454282e-03
1.478838334497401619e-05
-3.969715357275385888e-03
-3.569082756941268243e-03
-1.528388875055877413e-04
1.147801778325758170e-03
-8.526890080705026506e-03
2.790606618071849154e-05
-2.249250617539941873e-03
-1.723065920361370853e-03
8.010522534883377562e-04
7.594442001142663731e-04
-4.297719784726727367e-03
-5.454639360113114192e-05
-7.160598784161419181e-04
-1.320341654937057653e-04
9.232260231170255193e-04
7.850729227972288700e-04
-1.051655524733434736e-03
-1.191588049821796282e-04
7.835743214916013420e-05
3.535600868189179907e-04
6.593860216078948407e-05
6.362138409784440576e-04
-2.643596093904411384e-04
5.211894025348981144e-05
-4.168509823395287537e-04
-4.306429916287079270e-05
4.528449798611907247e-05
4.525727053743450233e-04
-2.149385242690749626e-03
2.840416595153508195e-04
-2.163493420918625315e-03
-5.721076392300889759e-04
2.416708508047932171e-04
2.853097239515091214e-04
-5.435735884937886557e-03
2.504961458734167616e-04
-3.703511696311406580e-03
-1.269544053490655753e-03
-1.671563746149040686e-02
4.744487945448822345e-04
2.623238695339141801e-04
3.327797082793717236e-05
-4.453682043630992522e-03
-9.417087174134741983e-04
-1.962140103130513569e-02
2.684023687241073410e-04
7.433238711937691144e-05
3.800848606311616753e-05
-3.521891710048328378e-03
-1.201468561258562680e-04
-2.134970007923592261e-02
5.338075995897380961e-05
-2.569389733389706868e-04
2.889504119331782724e-04
1.587702160523508195e-03
2.533739276798189534e-03
6.335186078232454181e-04
-1.446623382671991212e-05
4.390222235542321522e-06
-1.218525537162221909e-04
6.171440685531982134e-03
8.195445960456990836e-03
3.773181908780322974e-02
-1.692659583457671233e-05
-2.027034689411845089e-04
2.310069536963838726e-04
3.936051748130754702e-03
3.600235933380906226e-03
3.145754828475794823e-02
6.711750566081642421e-06
-2.749058687048175917e-04
5.537452884200605311e-04
-2.535194588538232669e-09
-2.605652588811177589e-11
7.284172852939886505e-09
-9.907219643431900549e-14
7.520085109831050908e-11
-1.191246844481484493e-11
-2.454393221879949769e-03
-2.361040385384032426e-03
-2.406171270586964298e-02
-5.981019521816156707e-05
-5.590884014209419623e-04
-2.363384418240788550e-05
-3.627670953228665212e-03
-3.694190300529036092e-03
-2.294414308321041790e-02
1.159959338862421099e-03
4.606436613918174537e-04
-4.220263036497833683e-06
-2.969015295921451168e-03
-3.490654361598384200e-03
-1.512849833479334126e-02
9.040353091278437387e-04
1.506383858902147132e-03
-9.886453979716551066e-06
-2.035367620657772738e-03
-1.759655172176286192e-03
1.301779241534197244e-03
1.452586092005204305e-03
-4.572034099035798653e-03
-2.713333830171503030e-05
-1.021002059911167194e-03
6.770767202494967969e-05
1.309211093352627940e-03
1.974479445804031182e-03
-1.274757589857657570e-03
-8.131264932616951682e-05
-5.750399035482097300e-05
1.060537544318575090e-03
6.272654324065290998e-04
1.943219197338289309e-03
7.144740017983879261e-04
-4.100250561394926639e-05
2.224454640183498827e-04
1.350499946412670902e-03
6.324297740295374039e-05
1.190688804310404813e-03
-1.162805191310596533e-03
4.036382769175177795e-04
-3.990885195990433415e-04
1.538585213776480758e-03
1.521329410057729010e-06
7.845852926634286177e-04
-2.477402613513564247e-03
5.038254345060591251e-04
-1.183173821689157941e-03
1.387946329906201244e-03
5.474258446246929919e-05
-8.880686805572857168e-03
4.384420933729041227e-04
2.485584311836459316e-04
-8.237705377293264887e-04
1.243512681783660563e-03
-1.243787630282114538e-02
1.668634736337748102e-04
1.467416336131515124e-04
5.229943394332137893e-06
4.046367317040350828e-04
5.233721421941888536e-04
-5.019505935922366198e-05
-4.282632660654418435e-05
2.746911141964909845e-05
4.814905079535000486e-05
3.784807879173901924e-03
1.158109461762068951e-03
2.487424653905563610e-02
-8.104956055390632802e-05
2.650122626410886901e-04
-2.030138185144709530e-04
3.702181533636690093e-03
4.497401645875653137e-03
2.976483482686691565e-02
1.811238234304233684e-04
-2.576410289813237651e-04
5.506514120261575334e-04
4.456433141366815918e-03
3.220326106117349634e-03
3.432204605376346779e-02
-6.250368053496815120e-04
-1.233824568245490332e-04
1.615216465477400433e-04
2.005089084776327715e-03
2.985656164676007800e-03
2.508236728090498802e-02
5.927750236775679109e-05
5.545262988556325795e-04
3.291269866571538933e-05
-2.959509545212311816e-09
1.243889367597987668e-10
2.548112577096435699e-09
-2.820181967377920874e-11
6.580079290843850607e-10
6.327347008301187172e-12
-1.455386056746550954e-03
-3.018055170115758676e-03
-1.264748885227126064e-02
6.229322447008876773e-04
-5.741516176294112774e-05
-3.117887466195068400e-07
-1.725223324922990327e-03
-4.033331797291475271e-03
-1.269260558550705867e-02
9.348465479424307141e-04
9.769193962620905530e-04
-7.302639347127670606e-06
-1.355703615756505016e-03
-2.634137859708225553e-03
-4.469645177706941565e-03
1.556696429895486388e-03
1.275338123291609553e-04
6.268228109103991905e-07
-7.533177792260802377e-04
-8.118066842609937724e-04
1.458693949723391132e-03
1.663575327473342750e-03
-1.432992566195061875e-03
-1.533552550720340083e-05
-1.726105489006128039e-04
1.041598697375526166e-03
1.277093794452408785e-03
1.976170070594110168e-03
7.576021463111060408e-04
-5.879776187418165565e-05
1.632177035791734169e-04
2.387880689942588081e-03
5.202986050157224016e-04
1.457653108343674687e-03
1.842077516572101679e-05
4.215705569993747010e-04
2.556694219941367183e-04
2.518860157767762765e-03
8.109419321422206702e-05
3.033627373714507369e-04
-4.847996378960822201e-05
3.559007650177184760e-04
5.007291316684559738e-05
1.596949421027697149e-03
-2.457318332698156711e-07
-2.837216484824908562e-03
3.149120501695459634e-04
5.654475198320757772e-04
3.436066200732431210e-04
-2.109230955345765940e-05
-1.903327298087329573e-04
-6.914614160523581933e-06
5.138075357514955985e-05
1.079457575683529630e-04
1.537316913918741193e-03
-8.657825149082933568e-04
1.036102967659830593e-02
-2.311498469404608979e-04
-6.774196859871126140e-05
-1.698174240503919958e-07
3.852056610952640011e-03
1.090548763846768384e-03
1.854577286588383195e-02
-3.150082008608370539e-04
-7.104012547020716528e-05
6.674246985827201933e-05
3.936007173568630869e-03
3.873091462925240622e-03
2.162359592423117663e-02
-7.824889979419334283e-04
1.281522308606883158e-04
1.050974206183692736e-05
3.594150712307681537e-03
4.926072246131584821e-03
2.208809606023491925e-02
-5.573188149441246674e-04
-1.011810376580048534e-03
1.125706144825396853e-05
2.473438864211150237e-03
4.549264000484046742e-03
2.087242843194074896e-02
-1.186699854027030779e-03
-4.420397983182120199e-04
7.523258078949986207e-07
1.177983560041791222e-03
3.524876496961328997e-03
1.201901589107928596e-02
-6.218679364206487195e-04
5.482639965092631198e-05
-1.088459588390652636e-06
-6.231781747241026439e-10
-9.167752405279771889e-10
8.080722399515416223e-10
1.855081022952596808e-10
1.291423748736005343e-10
-1.957010970661467289e-12
-6.290548164514911432e-04
-2.852364496310741664e-03
-3.660511340465218057e-03
4.898650080147174974e-04
1.895802909086577968e-04
-3.059198460745718358e-05
-6.896459407388771121e-04
-3.322707099457699285e-03
-2.102891567848069743e-03
1.002788711814336107e-03
2.377946678936365221e-04
5.204819202569662803e-07
-4.433223930529811216e-04
-3.136969514577028426e-03
1.210462328753362463e-03
-8.142668685455269626e-04
2.671796359875547593e-04
-2.492721592843869545e-06
-1.785375857512153152e-04
-7.161857043519724055e-04
1.579397353751029300e-03
-3.465419184790077627e-05
9.822174272608364569e-05
-3.678224974283995533e-05
4.415207145916809817e-05
1.769059082794776803e-03
9.252010576002119881e-04
5.607910829731983175e-05
-2.020995466481303169e-04
2.866167258109844022e-04
1.330316377141282837e-04
2.340553520071736535e-03
1.387113416698491453e-04
-1.141589863114654031e-04
5.752579971558119398e-04
5.662263847124327778e-04
2.579822110847074636e-04
-9.455797028836829732e-05
6.438737307074874948e-06
-2.435781814517375783e-05
1.083957067022844282e-04
1.568791518669922485e-04
6.597322297808086433e-04
-1.869044009440592449e-03
2.664199031401230004e-06
2.122753490966166386e-03
-2.397990627089604328e-04
-1.630164674689796355e-04
1.697683019259672811e-03
-1.486907568300875311e-03
-7.672689453947639793e-05
6.735319651121702590e-03
-4.721397588445034026e-04
-4.149808494879168191e-05
3.705132720525425652e-03
8.505885172296559103e-04
1.521346307975063317e-02
-4.554085674170484880e-04
-3.344490834412095718e-04
6.891921262045612169e-06
2.716012824006477054e-03
3.269725991592782079e-03
-1.090140912881913381e-05
-6.247961271847333933e-04
7.380442613241035288e-03
-3.264721512546762516e-05
2.978242163410488568e-03
3.488006521910645436e-03
1.506750182128121617e-04
-9.805304594741538933e-04
8.970252340883059367e-03
-5.615447418325824258e-06
2.097997817181044070e-03
3.548080911614372862e-03
1.231444522355543657e-02
-9.632334057352580792e-04
-1.245351872215442676e-03
-1.386148290323637947e-06
1.293897332704031658e-03
4.279787869835640322e-03
1.094770301744533644e-02
-9.743117506405471733e-04
-8.307691679946658950e-04
-2.015284113773577266e-06
5.422811441646815294e-04
2.971913058967317646e-03
3.542642982346049917e-03
-4.535785211730858617e-04
-1.960966717414930924e-04
2.796286865498990917e-05
-1.158610637774170400e-10
3.123379998150731885e-10
6.294918271462107296e-11
3.590424091253304221e-11
-9.692101993158367882e-11
-1.932249063836045561e-12
-2.339519618976808476e-04
-1.951560141971831613e-03
-8.529950034290259173e-05
3.893873268799343521e-04
-3.042163601990873021e-04
1.557869373802218143e-07
-1.812102654853554417e-04
-3.963159965258479869e-03
-9.738851320119658295e-05
6.161631952038189048e-04
-5.821938903895544594e-04
5.380545205634578196e-07
-1.080623306754277643e-04
-3.225062668175395983e-03
-2.272830971240124990e-05
9.846884721849517852e-04
-2.267111030303878153e-04
3.421327805011190542e-05
-3.165874410249470272e-05
-1.540959271979356303e-03
7.704213908626091805e-04
8.855065414474926240e-04
8.630950809509829258e-05
-1.470593107576735300e-04
2.749464450343894127e-05
-1.038850553638586110e-05
1.206111783405912176e-05
1.187742060801105212e-04
1.288873768005887785e-04
2.862431576406595764e-04
4.835366142929801986e-05
-2.659563790415076043e-03
-8.385330134720769726e-05
4.623018939494675692e-05
-3.618220762436968278e-04
-1.800518750855102678e-04
1.571775750206627750e-04
-2.964099974759272418e-03
-3.804112479494551306e-05
-1.189380466506616106e-04
-1.469322354137387232e-04
-1.389153741546004302e-04
7.446127060600640042e-04
-1.725402190593526867e-03
-4.502504819606126502e-07
-6.135467080646777151e-04
1.498806567248565707e-03
-2.516826421226872504e-04
1.990250988358897161e-03
2.430806732453915482e-04
-2.036484091603942448e-04
-2.836995305705445258e-04
4.294749300596640944e-03
-9.873604896839445499e-05
1.519595330701458509e-03
1.029674297448217269e-03
9.191495757503614203e-06
-3.365481157465706301e-04
2.759303084057375486e-03
8.429801398525971234e-05
1.711649872300567048e-03
1.554621849656678085e-03
-6.903968776014136541e-04
-6.373446558784612173e-04
3.600820776626561040e-03
1.562703207681632447e-04
1.546278472129870244e-03
1.617576492248734956e-03
-1.061386446813325371e-03
-1.363429971480745661e-03
4.511494638050957129e-03
5.475902945077338539e-05
1.039205966272004761e-03
2.522126360424327939e-03
4.049345474495408444e-03
-1.299333591727344812e-03
-1.391855828889675649e-04
-1.353112485915901265e-06
5.650901962199980123e-04
3.267071339532359991e-03
2.061309919066185020e-03
-8.831507779086250750e-04
-2.674093648276673987e-04
-4.594548597940225005e-06
2.139141386943226811e-04
1.988057679216783183e-03
8.423993801424709102e-05
-3.553559001482812325e-04
3.446860019754760703e-04
-1.663590611787664331e-07
-1.597168387086771823e-10
3.835066460825586658e-10
-5.750874135320846795e-11
-1.050811960957820021e-10
4.618274516997688891e-11
4.721876951577942668e-12
-6.222005784540985578e-05
-9.786579767148341925e-04
7.966027376886515522e-05
9.664757424200511417e-05
-5.150954463104069674e-05
1.566826254582538824e-05
-2.884734319481438799e-05
-1.750064581064611968e-03
3.397185024199297183e-05
3.208457374091421531e-04
7.122949738732240691e-04
4.786747351546213197e-05
-9.700875465132060050e-06
1.631953312310799840e-04
2.116633738768471888e-05
2.899634583127873137e-04
1.147620515830960133e-04
4.136859408312188341e-05
1.121018585640342251e-05
1.705973265298531792e-03
-4.341928413549221125e-04
-4.500629003270104154e-04
9.985177839756128161e-05
2.530444302181205805e-04
-2.268999750321024582e-05
-1.882609679382557738e-03
-5.874244514984304586e-04
2.640922083564303672e-04
1.861581267311440680e-04
-3.440795990186653556e-04
-7.926837117580603402e-05
-2.446183173190367641e-03
-4.023383731202355776e-04
-1.051020375879273402e-03
-7.839028419141540581e-06
-4.326830203063615227e-04
-9.187282175994157844e-06
-1.483922590732289406e-03
-7.610718611524763865e-05
-1.001046447761871645e-03
8.896822795286991620e-04
-3.193594656485993942e-04
5.816752032382478763e-04
-4.324618481165206491e-05
-3.264193273825263683e-05
-4.497519408894887953e-04
1.967183075399614890e-03
-2.671893715828206986e-04
1.231220936122720457e-04
2.006291161486048870e-04
-6.062220858125188312e-05
-2.008014754054714708e-08
1.277198172724901878e-03
9.459721217858510186e-05
4.923998086810662568e-04
1.258008684303243919e-04
-8.257210973456131963e-04
-6.393085973920982447e-04
1.603393753858519712e-03
1.265063500222315745e-04
7.366533437861306219e-04
-6.691675984748872950e-05
-1.073272284715056767e-03
-1.909553800570324257e-03
1.591569606070074696e-03
1.124442348551920120e-04
5.728783601435555751e-04
7.692321698607056980e-04
-1.148022959045069550e-03
-1.743855748852677886e-03
1.497060472844211412e-03
1.669413741975353773e-05
3.556501330326960228e-04
2.958011325168332338e-03
-9.446805461015744853e-04
9.384329467543805169e-04
-3.284341243071994148e-04
2.060305469280994107e-06
1.525600972583084113e-04
3.685572605541746760e-03
9.722651637907631951e-05
-4.594208292121228915e-04
7.697117198862897568e-04
1.879658308199745127e-06
5.474687303484506730e-05
9.998619755539539175e-04
-7.765045962682903217e-05
-3.809184408699411951e-05
1.619383737611535716e-04
-1.215569966748361441e-05
3.027283573989539150e-12
-5.155145250899675950e-11
1.468615223713141961e-12
-4.103919477173937607e-11
5.714758312615203895e-12
-1.662936955982872957e-13
-3.627654698652664936e-06
1.500866590064609423e-05
5.263124145199708640e-06
7.306033264423031186e-05
1.371162832441638342e-04
1.085976990207521293e-08
1.437034457223330314e-05
1.943940837405444154e-03
-1.625438083582462110e-05
7.167925421935460867e-05
-3.240424846635861999e-04
-2.421864960007003186e-05
7.155280656690162834e-05
3.280132068570470755e-03
5.287494249665790325e-05
-4.898582011027792027e-04
5.002206113376184453e-04
9.277580359847178130e-06
1.248483459101321568e-04
7.161375439375944471e-04
-1.041692751816065011e-03
4.151389812037043414e-04
-1.303592167981252453e-04
4.773868065268993430e-05
1.042786254221481188e-04
-1.065030214887015096e-03
-9.208089252222400331e-04
-1.954518591356311282e-03
1.380557072686666123e-04
7.426569579023163182e-05
2.884157255638433368e-05
-1.061185691671266782e-03
-3.885974098442949694e-04
-1.799579636334802928e-03
-1.180493212879360829e-04
5.107141244511728402e-05
-1.907584057549981284e-05
-3.596264118468581465e-04
-4.936574649675369326e-05
-6.110892148962595227e-04
2.015135940762690877e-04
-2.440921701519544227e-06
1.230763197930892928e-04
2.005577175033222974e-04
-6.055261576380485997e-05
-2.002260569223829472e-08
1.277157114479089738e-03
9.464860148289565484e-05
-1.908676399950075519e-05
-3.596654596699037096e-04
-4.935772867953286636e-05
-6.111524777504276579e-04
2.015324351613555795e-04
-2.472653561168302538e-06
2.885136886022368841e-05
-1.061169755363119103e-03
-3.888765794362707422e-04
-1.799636989017771834e-03
-1.179758405334372664e-04
5.105696590513576874e-05
1.042997373847104331e-04
-1.065078178599051248e-03
-9.209639379497163878e-04
-1.954767922236956123e-03
1.377559805215408716e-04
7.426549791472840400e-05
1.248348602716754742e-04
7.161397599688869428e-04
-1.042114861766502143e-03
4.152117564015357187e-04
-1.303342508724105895e-04
4.772866584142291272e-05
7.158343417173387965e-05
3.279630032504113075e-03
5.292123103898130554e-05
-4.902210303885874742e-04
5.001515619931025565e-04
9.259268284842799639e-06
1.439207768152577332e-05
1.943474693645331867e-03
-1.635403818759793683e-05
7.153837937467068080e-05
-3.241455107941572638e-04
-2.419764940211515376e-05
-3.613195456280774497e-06
1.596407857000347807e-05
5.212293334466295674e-06
7.299722197967658947e-05
1.370549931357929567e-04
1.716062893228307237e-08
3.025544928503366031e-12
-5.150785928947494117e-11
1.466189223803560583e-12
-4.102847571058514113e-11
5.717251974524614322e-12
-1.667147271346626883e-13
5.473947822814698920e-05
9.995608663003947326e-04
-7.761850143089345808e-05
-3.800628370071644458e-05
1.621130820412154260e-04
-1.215781829208408046e-05
1.524994070512356048e-04
3.685299296180135926e-03
9.718369459949259591e-05
-4.593264873080708756e-04
7.698112380455493292e-04
1.868860373512088324e-06
3.555888770565439794e-04
2.957989618175486772e-03
-9.444270536724199859e-04
9.382105722599831926e-04
-3.284168030197260127e-04
2.055822427199806189e-06
5.727616775422545879e-04
7.691877945307996119e-04
-1.147710926470913795e-03
-1.743794441427133895e-03
1.497241698237249553e-03
1.668470142015188843e-05
7.366040901529483358e-04
-6.691720120978320637e-05
-1.073022590097971437e-03
-1.909391690918134420e-03
1.591572781998539573e-03
1.124170829870787207e-04
4.923681727828503911e-04
1.257919437435409864e-04
-8.256453314725878357e-04
-6.391489764628363428e-04
1.603328291006909543e-03
1.265544997160504624e-04
1.519332706473615260e-03
1.029657704044703408e-03
9.186184410054453435e-06
-3.364533488730856521e-04
2.759177918490497445e-03
8.436105688272577119e-05
5.815895277573463742e-04
-4.348888533270742180e-05
-3.261960089224673440e-05
-4.497634661474787950e-04
1.967226074092321558e-03
-2.670657100686018226e-04
-9.339118717176261736e-06
-1.483927482115005156e-03
-7.613280095191583016e-05
-1.001060449550857708e-03
8.897454605037856575e-04
-3.193503478945718035e-04
-7.934035130364972704e-05
-2.446100112302719738e-03
-4.024579396190635988e-04
-1.051041626675781751e-03
-7.841623717452360460e-06
-4.325972495072042366e-04
-2.269302210290490579e-05
-1.882482815239055075e-03
-5.875459796028301412e-04
2.641600806946831862e-04
1.860713934727239679e-04
-3.441336332375544539e-04
1.119569703832337417e-05
1.705822865255550002e-03
-4.336221380240530055e-04
-4.504534968491219222e-04
9.989506186993290149e-05
2.530286685922508759e-04
-9.696194420204297675e-06
1.609758906248805904e-04
2.100514730725276357e-05
2.898331246480938500e-04
1.144582843828502162e-04
4.149596701089209173e-05
-2.882817483210070347e-05
-1.750973463932578404e-03
3.396287590415270687e-05
3.206627236146349959e-04
7.120734806407272213e-04
4.798235867543074168e-05
-6.220950052183685426e-05
-9.783874180622738684e-04
7.965322725410951029e-05
9.662002893345123617e-05
-5.163287729716220601e-05
1.568529157893097236e-05
-1.597028214578442057e-10
3.834756923297518011e-10
-5.751046340441086916e-11
-1.050289807388488164e-10
4.619664466046870049e-11
4.719663256430840107e-12
2.139045609996404905e-04
1.987903450169922672e-03
8.423560482878973590e-05
-3.552331133931239298e-04
3.446673483260946917e-04
-1.663217549185372250e-07
5.649128314957315225e-04
3.266756445702588552e-03
2.061126977972730073e-03
-8.830572474280629818e-04
-2.673803913795487833e-04
-4.587334164857658923e-06
1.038966493693977951e-03
2.522090369222526086e-03
4.049112932884325888e-03
-1.299122117132425064e-03
-1.391725188706827902e-04
-1.352992439548125821e-06
1.546204592903733946e-03
1.617535963729818628e-03
-1.061140327218555984e-03
-1.363271222470327634e-03
4.511762577456833109e-03
5.474557500910892937e-05
1.711544009556530436e-03
1.554449245822393539e-03
-6.902166032296402909e-04
-6.372346202532366615e-04
3.600793229239512925e-03
1.562302911097375121e-04
2.715377995712661783e-03
3.269244731559495416e-03
-1.094937750705038446e-05
-6.234229942362938754e-04
7.380157986249039938e-03
-3.261171046890433992e-05
1.989993940586545947e-03
2.427954152788092742e-04
-2.036223679950759904e-04
-2.836527954870372045e-04
4.294010479470498041e-03
-9.871156638531868835e-05
7.445369421753820528e-04
-1.725586958286789855e-03
-4.475564268801335367e-07
-6.133762379485859688e-04
1.498573000338194322e-03
-2.515466386930363457e-04
1.570570715831634935e-04
-2.964164426979864261e-03
-3.803528931094486806e-05
-1.188496247877858118e-04
-1.470004906993418049e-04
-1.388831305052167864e-04
4.846346437310534430e-05
-2.659760995842380942e-03
-8.370876125389278681e-05
4.624211691294808838e-05
-3.616943710923116342e-04
-1.799894390532468034e-04
2.757343350406226594e-05
-1.097621767910932602e-05
1.188662531885768987e-05
1.192948611770357426e-04
1.288744649372832395e-04
2.866489204555650364e-04
-3.169078035119193880e-05
-1.541292385800684681e-03
7.708195000377131203e-04
8.852691010720407623e-04
8.624316808555298434e-05
-1.470365316963679703e-04
-1.080485445239994104e-04
-3.225785832554940898e-03
-2.275465590831291573e-05
9.840427102921350810e-04
-2.268049108836777219e-04
3.422525584574533791e-05
-1.811995842172078658e-04
-3.963532534530561820e-03
-9.736923491489684322e-05
6.161047336997898562e-04
-5.822252136803138028e-04
5.087018550182094628e-07
-2.339619377093781415e-04
-1.951609298646827303e-03
-8.529972881983766272e-05
3.892828654700545817e-04
-3.042147131631688984e-04
1.557381907312823372e-07
-1.167469424224132373e-10
3.135368606278399147e-10
6.294934373222295541e-11
3.703316510800862881e-11
-9.832851229148716962e-11
-1.932814191945225107e-12
5.423391753045935133e-04
2.971998684108423123e-03
3.542505013239848066e-03
-4.534913448991556074e-04
-1.960871874769821890e-04
2.787915509038591601e-05
1.293844652421126395e-03
4.279503292891425129e-03
1.094707020112998218e-02
-9.741630875016402688e-04
-8.305808987542172414e-04
-2.057242404202847082e-06
2.097816782395834929e-03
3.548176660048741032e-03
1.231361510558802615e-02
-9.634196448696604647e-04
-1.245074316275858461e-03
-1.380962287893817419e-06
2.976771722623377386e-03
3.487683330675996236e-03
1.506481758914944287e-04
-9.803684255179007708e-04
8.969597172143980654e-03
-5.697224729128823209e-06
3.936791258540506093e-03
3.873473835660631078e-03
2.162487264373879475e-02
-7.823198188119158012e-04
1.280902404190569790e-04
1.074280465420728339e-05
3.703701344018001801e-03
8.499600068933941405e-04
1.521305099988064929e-02
-4.554102823596996460e-04
-3.345635993663624379e-04
6.994703223648400827e-06
1.698648230848267887e-03
-1.487173884568931828e-03
-7.672702258264950815e-05
6.735697370766536088e-03
-4.724363815545088688e-04
-4.045220528005326235e-05
6.595152617535083575e-04
-1.869229469328905630e-03
2.660942653218506805e-06
2.122850156540617185e-03
-2.399432668967425299e-04
-1.629520047941946715e-04
2.580880674143336772e-04
-9.492096834338061148e-05
6.424234044275232007e-06
-2.451155142142954051e-05
1.082820049202829626e-04
1.568807326676979709e-04
1.332633815278788712e-04
2.340848381402826830e-03
1.384840968723170774e-04
-1.141790990336621361e-04
5.751223959408091786e-04
5.663846541129515921e-04
4.418432366502186994e-05
1.769455003668803615e-03
9.253632163878165295e-04
5.616848567394369738e-05
-2.021749261934783094e-04
2.866575804198806185e-04
-1.785629726239714636e-04
-7.163029612318587988e-04
1.579118459707626147e-03
-3.447814009141342252e-05
9.823830568711637058e-05
-3.677808574922477729e-05
-4.432629842831696575e-04
-3.137311498341633850e-03
1.210274115687410071e-03
-8.142267741580729674e-04
2.671500503524737793e-04
-2.490074815537495244e-06
-6.895928846540483066e-04
-3.322926282503377814e-03
-2.102859650467076361e-03
1.002717587741789674e-03
2.377770967674155836e-04
5.213916356836385321e-07
-6.291004911709765623e-04
-2.852565253845098635e-03
-3.660423377637005322e-03
4.898041581169295311e-04
1.895636266960807595e-04
-3.042345290702296447e-05
-6.232154383723429555e-10
-9.168441565733978320e-10
8.080564946014998449e-10
1.854981896908925907e-10
1.291306548669279597e-10
-1.939267286282911695e-12
1.178270659526536391e-03
3.524599712421861309e-03
1.201823107817511643e-02
-6.218346795986818372e-04
5.481802074550095509e-05
-1.097925982816560217e-06
2.473775612614685215e-03
4.548168001005155163e-03
2.087196151516444026e-02
-1.186588310617352074e-03
-4.420122728134853263e-04
7.772492310380827251e-07
3.593562450345804717e-03
4.925006011531278538e-03
2.208694500280952017e-02
-5.571318949614766612e-04
-1.011686479990320416e-03
1.128126583793038305e-05
3.700855976422783196e-03
4.497314430975189216e-03
2.976264910829541643e-02
1.810956558408688497e-04
-2.576016241558671703e-04
5.504507723243050581e-04
3.851377590736350474e-03
1.091523097434274033e-03
1.854599444242021472e-02
-3.149605399036553999e-04
-7.115664637683303357e-05
6.732448340952735426e-05
1.532107332906481895e-03
-8.673965282047613841e-04
1.036048881852734069e-02
-2.311381880709831662e-04
-6.792070107015272336e-05
-1.764860612888280896e-07
3.459852338253494248e-04
-2.135613611093417939e-05
-1.911295640808235606e-04
-6.931094724800719235e-06
5.124757098307040101e-05
1.096012829037056529e-04
4.986379867462115579e-05
1.596720811655506084e-03
-2.454901788190305877e-07
-2.837139840601584240e-03
3.147171612801776919e-04
5.656210731857774093e-04
2.555984279069456640e-04
2.519123634526136343e-03
8.098224576768714444e-05
3.033360753219672750e-04
-4.870804662001899081e-05
3.559351909199049801e-04
1.631863759834532531e-04
2.388253607613841523e-03
5.201594015496461458e-04
1.457754555607672408e-03
1.842700977852108327e-05
4.216601046404165284e-04
-1.725961728130865800e-04
1.041682592078637792e-03
1.277115885638270294e-03
1.976218312533300527e-03
7.580106751818167484e-04
-5.876607249574466345e-05
-7.530411083094679233e-04
-8.118925800577352818e-04
1.458385596481520836e-03
1.663489396597303809e-03
-1.433216895207163567e-03
-1.527496436954810157e-05
-1.355642060196393444e-03
-2.634330470144385060e-03
-4.469284065184707909e-03
1.556819257956685177e-03
1.275297884893288741e-04
6.265534874126489403e-07
-1.725415621476803071e-03
-4.033523331392167843e-03
-1.269279593670283313e-02
9.347864480882520002e-04
9.767702330600908263e-04
-7.074802231074496285e-06
-1.455923164405326835e-03
-3.018169413514561368e-03
-1.264764980546141671e-02
6.229713738854319961e-04
-5.740929896811898428e-05
-2.931947722921554206e-07
-2.959175610838965659e-09
1.244353500093421291e-10
2.548048853828513804e-09
-2.819822717168089769e-11
6.579969311414564877e-10
6.324479052160870798e-12
2.005402232346535120e-03
2.985013874265377443e-03
2.507810211664266917e-02
5.927458495149667990e-05
5.544650291813428599e-04
3.291998878837063398e-05
4.455225827180265413e-03
3.220729562567877565e-03
3.432567687122319716e-02
-6.250283189648090125e-04
-1.233682877753500739e-04
1.614925079650573374e-04
6.174055917240934589e-03
8.197957626422312100e-03
3.772693624771464305e-02
-1.688363571494341193e-05
-2.026210159089636236e-04
2.310549551948834360e-04
3.788565644802103019e-03
1.154181277366234798e-03
2.487546655149500824e-02
-8.104876290397686320e-05
2.650272338894336813e-04
-2.029675453288639578e-04
4.043767129075726756e-04
5.229224523855913274e-04
-5.023049234291760687e-05
-4.284091523523830803e-05
2.753177355062548255e-05
4.800155931849169890e-05
-8.253801065062967447e-04
1.242091750041857904e-03
-1.243867725902509866e-02
1.667578100521083608e-04
1.465268921148589953e-04
5.234801046095016800e-06
-1.181554317117761979e-03
1.387521786918624730e-03
5.471202485871565219e-05
-8.880049403635428135e-03
4.382676211016694958e-04
2.491041244941409540e-04
-3.992806248567877980e-04
1.538273071214994346e-03
1.519165469761203938e-06
7.847072855941087397e-04
-2.477681322312871946e-03
5.039805759255272218e-04
2.223284236372955619e-04
1.350254733698882416e-03
6.320785489209055578e-05
1.190759722480774427e-03
-1.162702256015299288e-03
4.036872848474749929e-04
-5.748278309338826042e-05
1.060511536268022702e-03
6.273396395112800644e-04
1.943275742238026634e-03
7.144018353356059500e-04
-4.103753730642302109e-05
-1.020745846802251569e-03
6.771265942473858720e-05
1.309330402780535746e-03
1.974545967162631959e-03
-1.274765231934626639e-03
-8.125221226365519391e-05
-2.035761494151303724e-03
-1.759587386473941565e-03
1.301541971313139104e-03
1.452744498352539528e-03
-4.572209096952921208e-03
-2.717944561424283064e-05
-2.969774895650111480e-03
-3.489391014476650454e-03
-1.512942417219355351e-02
9.040888490631388561e-04
1.506509662241764958e-03
-9.836881579414048326e-06
-3.629424547599738142e-03
-3.694161808318092207e-03
-2.294605008775055938e-02
1.159906711581261624e-03
4.606038737233066711e-04
-4.217950024336162894e-06
-2.455130452765420888e-03
-2.360943862142405973e-03
-2.406153202172449726e-02
-5.980573260518157110e-05
-5.590170859619547628e-04
-2.366885137468713397e-05
-2.535323902667098602e-09
-2.606127353504638571e-11
7.282153614283050509e-09
-9.901585091329195569e-14
7.517912325351120915e-11
-1.191306295312515118e-11
3.936947762431780573e-03
3.601284386932498797e-03
3.145196957936877147e-02
6.752942045642147659e-06
-2.749534082734780491e-04
5.537191885995809823e-04
2.319705660275543299e-02
2.042266775316053246e-02
4.538087897154974987e-02
-6.587318992378745578e-04
-5.562848337510807508e-04
1.855255909035278400e-02
1.588423291007580495e-03
2.534381745119558983e-03
6.401420700084921788e-04
-1.447031838779749769e-05
4.400316755836872720e-06
-1.220814027600879885e-04
-3.518621655543676622e-03
-1.275781582241015087e-04
-2.135200611438686780e-02
5.336858298882607969e-05
-2.569676088482719103e-04
2.890959560385666276e-04
-4.453700236063568539e-03
-9.374687069285782878e-04
-1.962173765725408817e-02
2.683171029253117869e-04
7.418987485254738398e-05
3.809351931865738862e-05
-3.703992256286713341e-03
-1.269576587858883441e-03
-1.671506925847275962e-02
4.744771415244799107e-04
2.621857405652377798e-04
3.337257480868987500e-05
-2.163009680445639529e-03
-5.723600190029497691e-04
2.416242811547725754e-04
2.853703195444678856e-04
-5.434949741692489227e-03
2.507452131950562530e-04
-4.172916126353391872e-04
-4.330451773470537211e-05
4.524616966849660549e-05
4.526672779109840693e-04
-2.149215064773972103e-03
2.841646046687915442e-04
7.830803566823229362e-05
3.534157137731951614e-04
6.601008823356592059e-05
6.362725850574511713e-04
-2.643720341533418528e-04
5.217315904499471372e-05
-7.159073843417521109e-04
-1.320212926971041454e-04
9.233159624039657303e-04
7.851287319837454894e-04
-1.051688166972371535e-03
-1.191425466439031630e-04
-2.249303548917966876e-03
-1.722939160407313888e-03
8.010329507841644232e-04
7.595615516583375691e-04
-4.298013770435954450e-03
-5.447187493486843249e-05
-3.969004940978701143e-03
-3.568724481191435337e-03
-1.528464914498395841e-04
1.147798628816716149e-03
-8.526058041385014760e-03
2.781408152533432646e-05
-5.266261734970230021e-03
-4.294919024771599175e-03
-2.453392440020063514e-02
5.735236930336598017e-04
1.037456897604451455e-03
1.483671890622543310e-05
-3.894702771758300815e-03
-4.538989242562415684e-03
-3.208109823835172264e-02
6.316921161730841691e-04
1.225363654446869023e-04
-1.402000184174856281e-04
-3.161133472714401042e-03
-4.346996927944610581e-03
-2.900985606138024170e-02
-5.236989914354627758e-06
2.815409242698167064e-04
-5.391859461539253578e-04
1.068955860521699257e-09
9.532473929220126463e-09
1.083029842730446856e-08
-6.590101492844436405e-11
-8.097947611056688251e-12
-1.833884815669488114e-10
1.799050169665944443e-02
1.420425230164645489e-02
3.472776400869505981e-02
-5.228086639179626389e-04
-6.360986874659085074e-04
1.881550841328344034e-02
4.938114540354389447e-04
6.761216429326385655e-04
-6.546806757589423336e-04
-1.859799653826493751e-06
-2.955333569806562570e-06
3.841333895861235778e-06
-5.855085600880600809e-03
-6.196725390649021094e-03
-1.721195533262056404e-02
-3.589857475447425579e-04
1.312972150453906947e-05
-4.557307038719381133e-04
-6.389704143581020727e-03
-5.256206504651142301e-03
-2.629317105983813158e-02
5.229338028707102113e-05
-2.255165383099643536e-04
-6.030650722368753223e-05
-4.385284621329577776e-03
-6.243476786494903466e-03
-2.193965639008079935e-02
-1.495825013904014927e-04
-3.227285818052139549e-05
6.644932736479702731e-05
-3.315147734908452295e-03
-4.679399318048413012e-03
-3.530555014977579398e-04
-1.595851683276830615e-05
-9.747006063916782356e-03
1.524030656615020713e-04
-1.712158136180307998e-03
-2.296108287284863696e-03
-1.864259610655487698e-05
-3.569491557477752052e-05
-4.209720519914865629e-03
1.518847650657171569e-04
-3.630459847659944349e-04
-1.678902797534653410e-04
3.885865664405905684e-04
4.831327590386778263e-05
-1.075690265041417222e-03
-1.293597650328887667e-05
3.493316963211699338e-05
5.388599854399160139e-04
8.153006329568550641e-05
1.601141686071425518e-03
-1.918507002859724678e-04
-1.472298699821005566e-05
-5.408748071574196771e-04
3.007628629784147938e-04
1.067443186155027216e-04
2.634738532158575203e-03
-2.371556324928326357e-03
-2.657306793929804507e-05
-1.732466095030257098e-03
1.767042962688034297e-04
4.827514276592287764e-05
2.658947076888085355e-03
-5.611874663408401333e-03
6.249391555866121986e-05
-2.789663765023033589e-03
3.833517306638435933e-04
-1.755021103583959130e-02
-5.511676126630956474e-05
2.944668518168151294e-03
4.717022517939475402e-05
-2.511012845184045546e-03
5.176469678508891382e-04
-1.798999175023488495e-02
-9.680393909676478974e-05
1.066885249769199953e-03
6.808480066992769643e-06
-2.078223359801569751e-03
9.661057928367258307e-04
-1.844727557999380901e-02
-6.119337106689890947e-05
3.864365843437203682e-04
2.617035687855127327e-04
-9.920682940839310361e-17
2.020946973949163390e-17
1.035068906594509306e-17
9.721429645336609303e-19
6.880984345793031593e-18
-2.977721701897852883e-18
6.440047796184937992e-11
6.972323312349914273e-10
2.811495516435944533e-10
-1.773287924334763846e-12
-3.348576345081830423e-13
1.269123275653571861e-12
-1.674348804606327207e-02
-2.524122185015078082e-02
-4.340599964425440743e-02
8.348465872216016218e-04
8.848385952157214246e-04
-1.927419450065081738e-02
-1.577733392956209499e-02
-1.316806243115454904e-02
-4.268750232708991982e-02
4.707964986345583943e-07
-8.348882789549395172e-05
-2.023394081222137063e-03
-9.102927440529699765e-03
-8.628533798100201241e-03
-4.213160465505116220e-02
5.523802295749111446e-05
9.046741734160590790e-05
-3.912214032191146463e-04
-7.442972356643261754e-03
-8.726341928097654591e-03
-2.641408449796800104e-02
2.276453063858578261e-04
-1.029049182988125500e-03
-3.353979417740885247e-05
-6.216742996985893076e-03
-7.609463858378190913e-03
-1.756393676783327487e-02
3.117564408008034120e-04
-8.544674444300442290e-04
4.450993873499952070e-05
-3.746081565030423121e-03
-4.188938750067386363e-03
1.631878908859449794e-04
-4.252405751439811751e-04
-5.754849034367203776e-03
4.755132767652668586e-05
-1.138877968372959022e-03
-1.569733051755278904e-03
7.398021360518000503e-05
-4.493723339721156619e-04
-1.558246688160184979e-03
-2.354871215354755755e-04
-4.400589537205231496e-05
-3.070256797398047488e-04
-2.014913089520989158e-04
-1.725382922038363163e-04
1.793335289777499007e-05
-6.755780496964663452e-05
-3.961874581141178685e-04
-1.490501839967745436e-05
6.259741810781609367e-05
-7.422757491976895679e-05
-1.919539393539311870e-03
9.903386351740547412e-05
-1.595646276918060357e-03
-6.657590073090164902e-04
2.176241436587308552e-04
1.126628170512617848e-04
-4.398281290477782865e-03
1.418849629811478653e-04
-2.308727108908711911e-03
-1.606310711045683820e-03
-1.064491023938668874e-04
1.905343477692509669e-04
-6.920167908583507548e-03
4.746114408276825035e-05
-2.668717537076186180e-03
-1.870411828208994650e-03
-2.021895208828750415e-02
1.876367106907958764e-04
1.865356308591550785e-04
2.036008919591229173e-05
-1.693340198237371823e-03
-2.414413616290289871e-03
-2.158566928872767549e-02
-8.677859559944309839e-05
2.489900775369269044e-05
-2.739306977496143341e-05
-6.816393349376117681e-04
-1.355793508539475606e-03
-1.268619559498173482e-02
-1.943578742309167806e-04
-1.704664443775598458e-04
-4.178352446003004363e-04
1.429872268479374367e-03
1.732287081871292838e-03
1.483073784996122822e-02
2.083908130438774783e-04
1.509217179946105577e-04
3.259718577594893454e-04
4.122136258018348927e-09
2.179624308746087596e-09
2.607210978303464100e-09
-2.470946386963418218e-11
-2.574671464280063366e-11
-1.966199742864967127e-11
-3.593249138067615249e-03
-3.356999604318147007e-03
-3.043207907739936546e-02
-8.887534803377731982e-06
2.514202111042927127e-04
-5.361562374536139354e-04
-4.873609792523813170e-03
-5.970316975841394487e-03
-5.505168504194658807e-02
6.711237500394059410e-04
-2.035592577847225983e-04
-1.110019196402583038e-04
-6.509535463537726753e-03
-8.268398618922192730e-03
-3.145072872800695057e-02
1.830007195396150463e-03
-4.424334935511880888e-04
-6.962853866277722632e-06
-6.190157183004369422e-03
-7.686169167238996597e-03
-2.391562403160657838e-02
2.333745137255884960e-03
-7.414703287590774031e-04
-2.910425191834783708e-05
-4.520197305530518524e-03
-4.849555834015850490e-03
1.566953356576057579e-03
-2.048794370397463184e-03
-4.269432909772369507e-03
-5.567554641591759026e-05
-2.315275003353178731e-03
-1.753096511749776664e-03
1.660686918764761729e-03
-7.823442155772890143e-04
-2.089311184213598748e-03
-2.254624236735475293e-04
-4.398704133349376488e-04
-3.269003150531594277e-04
8.648910520379931742e-04
-2.008128376851203538e-04
6.048733673804782462e-05
-1.864497432628827356e-04
1.044875556242445347e-04
1.690447602865686766e-04
-6.446552860049623349e-05
2.185519127363770000e-04
-1.325430164687890116e-03
2.403652495884871731e-04
-4.004578656773787981e-04
2.372929123412522193e-04
3.819448941089174931e-04
5.345729467421427754e-04
-2.544709829326161597e-03
3.564058776762224034e-04
-1.277036753863870040e-03
2.164577814639866247e-04
5.353535858163953071e-04
-5.938697431057754700e-05
-1.953319914477425444e-03
1.790968351598929103e-04
-1.747161119969308255e-03
-1.571695481065588096e-04
-1.654133270848682710e-02
1.039464219684165316e-03
1.276070014378729732e-04
-3.804716128559702332e-05
-1.688544325187790697e-03
3.032572424655842046e-04
-1.148472730974515847e-02
4.010605520786580296e-04
1.424002236514938586e-05
7.317777444419221395e-05
2.110463727073908814e-05
7.833526717842772581e-04
-4.629748451435860716e-05
-4.606898608982778706e-05
7.734573912243997843e-06
3.489964973644457750e-05
2.085307182783683808e-03
1.889702567588776808e-03
2.322249939406489938e-02
5.716098432508442820e-05
-2.034744894033174497e-05
6.209188444498477827e-05
2.175552335002299640e-03
-8.834638661411206529e-04
1.865423986381039081e-02
5.574761970382063485e-05
-3.898456475727002618e-04
-3.303162290443185456e-04
-2.020497750299060645e-10
-3.379749686509384774e-09
4.356569900811125813e-09
4.399497448421345881e-11
-1.101918453497313377e-11
1.484784421398972954e-11
-1.965343050278005321e-03
-2.944264399126087905e-03
-2.376092092674231271e-02
-5.946780546607007440e-05
-5.583867005660787981e-04
-3.173263072150347470e-05
-3.774070742069088932e-03
-5.769417801033870953e-03
-2.651036970956558228e-02
2.106572381511574200e-03
-8.142635975581617724e-04
-7.594082523078475992e-06
-4.935643947636084161e-03
-6.647838100283551092e-03
-2.441247027004455131e-02
3.342368426895337731e-03
-5.164980143396938209e-04
-2.026611528170191808e-05
-4.279212273691497537e-03
-4.926101932082324088e-03
-8.699380515752022300e-04
-9.384701211240096446e-04
-1.316944823235921070e-03
-1.965941749301605552e-05
-2.608718303051046818e-03
-2.124221843466319714e-03
3.018353487879267463e-03
-1.116680950256426167e-03
-2.458100673465271786e-03
-1.151543608169892582e-04
-8.342376416802106372e-04
-2.315339731323281039e-04
2.218053238212373216e-03
-4.650231912811085566e-05
1.448132821609618426e-04
-1.658805580762273788e-04
-1.949508758519588323e-05
7.965195071500666066e-04
2.007431045770979839e-04
7.607541364130371037e-04
-3.841330727394168964e-05
1.698559339431672478e-04
2.335908363734401144e-04
1.403077222410445933e-03
-1.028539087222521224e-04
8.225099744275624243e-04
-1.000783497416103630e-03
4.122609437307963231e-04
-7.007185872954435548e-05
1.219829524453236013e-03
8.264571619993456926e-05
-1.168323811266576895e-03
1.875757142712463623e-04
5.467364451064939037e-04
-2.806934789387078026e-04
6.484292916345895871e-04
-1.877379241466539672e-03
-2.209805156801929258e-04
2.616990304765638210e-04
1.520869426982338264e-04
8.134518587599096474e-05
2.056788308888516368e-04
-2.018663495331164887e-04
-1.526117383006690611e-04
2.815970965462119830e-06
-2.968680795078674912e-05
1.338826161277312026e-03
5.350764112517094424e-04
1.103742843213784824e-02
-5.965664567577732939e-04
-1.509495762693871974e-05
1.600025426316721504e-05
1.905177909673360813e-03
2.215146276250284669e-03
1.822291626397640890e-02
-1.664284564249494166e-04
-8.391959607636301297e-05
1.402951744358399698e-05
2.664697330649771177e-03
-4.067613975724769515e-04
1.783398451290202358e-02
8.512920201730188481e-05
-9.774457840077174341e-04
-1.795070333560470853e-05
1.943494955892747589e-03
-2.266191227931326890e-03
1.170743028872992149e-02
1.939983381247954372e-04
-7.279869584041613910e-04
-1.384937282757313946e-05
-9.765599949249878137e-10
1.640839920795921816e-09
2.466391999197947497e-09
2.945500257483268692e-10
-2.032394855221324752e-10
-3.994239232424688471e-12
-1.170469313568087448e-03
-3.565944008399101871e-03
-1.189333670233096510e-02
6.195667069490504034e-04
-5.443484642464317159e-05
5.010396525741415899e-07
-3.443040204269561411e-03
-4.362825220405280695e-03
-1.398232306690794062e-02
2.452331844392550541e-03
-5.114603791523070295e-04
-2.140001862796327213e-05
-3.329468830516293682e-03
-4.485278184682566643e-03
-6.703458342656854960e-03
3.568946806998234654e-03
-9.242741323656707185e-04
1.611109811490657210e-06
-2.320503289093513253e-03
-3.399584208114218766e-03
2.004833671417146409e-03
-2.129016675876521051e-03
-1.048419006895934865e-03
-3.917709529768991330e-05
-1.165679226204582603e-03
-1.034291224822471520e-03
1.951036991065866920e-03
-5.301529066428452069e-04
-4.044014006160816287e-04
-8.981340526439458198e-05
-3.334312134530320235e-04
1.080217653561059291e-03
9.090818790135104773e-04
4.011402575878962964e-04
1.912100630321361043e-04
-7.992040731076347672e-06
-1.441239715158114190e-06
2.350817917933939200e-03
4.795217188610982845e-05
1.847016928873126626e-04
3.237605741737907376e-04
5.177383310347882404e-04
1.239484036832813282e-04
1.709437612366086507e-03
-3.819508138072148681e-05
-1.076985975788861743e-03
5.690617521323941726e-04
3.614522523153194163e-04
2.396608218711456222e-04
-2.824943724343826734e-05
7.272873123701319439e-07
-1.756851486985315112e-05
5.672605956217759675e-05
2.643728049720151202e-04
6.145208154725541935e-04
-5.423801296147686465e-04
1.536906633853203424e-03
2.253653392476870116e-04
-2.703892726227199203e-04
-1.827054844209513704e-05
1.532884373162762392e-03
2.756271420369940054e-04
1.295946287667285209e-02
-1.078487120400218593e-03
-1.977354960742141944e-04
-1.049596253612496501e-07
1.703138457021470238e-03
1.523910752477244642e-03
1.060460530107838262e-04
2.840518709521529358e-05
7.317797206324098448e-03
-1.911404129218220838e-05
2.617797251181038908e-03
-3.084023437873937277e-04
1.454321038170000580e-02
4.465611981846722144e-05
-2.540076949220051571e-03
-2.284693624222686393e-05
2.269233003729109743e-03
-2.279030534114310971e-03
1.419593117226903255e-02
2.218542677170824240e-04
-2.112581656713993176e-03
6.598659181588883644e-06
9.754589956016306625e-04
1.620164574991525368e-04
8.464663079802850834e-03
2.614738300432590829e-04
-1.071103872906253472e-03
8.443933178598317420e-06
-8.691139738511808933e-10
7.134418644640632956e-09
-2.081456964906746130e-09
-2.680274651660956774e-10
-4.094704380796633768e-10
1.090088869402623740e-11
-5.410838006213287109e-04
-2.965905085555070424e-03
-3.613982327376478315e-03
4.501803073859643955e-04
1.949794701899021951e-04
-3.098361160290894731e-05
-2.507293283672318122e-03
-2.965412069632918524e-03
-1.419563507847468927e-03
2.014150185384712931e-03
-5.888940661105232684e-04
-1.297630761580315828e-05
-1.823843550663280287e-03
-3.285124752649287889e-03
-4.229489364397250696e-05
1.031685494036628731e-03
-6.364604884285682490e-04
-1.075600666461635077e-06
-1.171492110856601782e-03
-3.169893294569553661e-03
3.968221041176791218e-04
-9.492162088528107648e-05
-5.795869961109836183e-04
-3.670177445398165722e-05
-5.982225211877291839e-04
-6.770882724401336645e-04
7.359871700827703631e-04
-1.376224516471032122e-04
-2.016859804914626565e-04
-1.341421597639701918e-04
-1.589401648039679641e-04
2.162169010331325882e-03
2.653818248857283259e-04
6.645304118636850658e-04
1.401877606551033353e-04
5.578761315345766433e-04
7.067045309041634408e-06
-1.125337098087550753e-05
2.243462923637144604e-06
-6.442332430303831814e-06
3.127260103889761790e-04
2.495627328804092939e-04
1.237387336803775194e-04
-1.842434618274641986e-03
9.690379240568648029e-07
7.381363423400431629e-04
-4.213593573625114383e-04
-4.413218843457040731e-05
3.425531181359888367e-04
-1.248250139257813841e-03
-3.811089779591971281e-05
1.022742206785959545e-03
-2.808166222894623401e-04
-2.641103062747312885e-04
1.108891427723375251e-03
-1.407528189862640162e-04
-4.610398865945754807e-04
1.849914066498617243e-04
1.882305321755659141e-03
-7.145541524854080652e-05
1.335867851932913452e-03
5.823522668392081296e-04
-8.087959694947305736e-05
-3.495050736427802779e-05
3.433332663354252481e-03
-6.775720385932636051e-05
1.574004884817060057e-03
-1.408016397419956209e-04
-3.413876787255977816e-05
-2.041946235745250356e-03
5.171378311193526589e-03
9.695529703209012612e-06
1.310265122022476452e-03
-1.553248307556285256e-03
-7.001985439703587680e-05
-7.224188663875909635e-04
2.647728676723967462e-03
3.032723247315402817e-05
5.124510596216211473e-04
-1.325524418872594775e-04
2.097559366826299947e-03
2.520003233002898486e-03
-2.969135921112231111e-03
-2.953187035022783526e-06
-4.992915062635564817e-04
2.332422836711310274e-03
3.440349934054656635e-03
1.177274074026030468e-04
-1.494468505272649990e-03
-1.701454381805850565e-06
-4.191737928030783305e-11
2.087964616244043946e-09
-4.349906680046485091e-10
-2.537437246926671366e-10
-4.716144489545962790e-10
7.778923854420180501e-12
-2.161902397802304766e-04
-1.992616615275742253e-03
-8.466418265988536016e-05
3.491582227398262240e-04
-3.444125783095848396e-04
1.605778160071139034e-07
-1.516225456883377003e-03
-1.503816723564374482e-03
2.588993599184610719e-04
3.336110752998071218e-04
-1.477215607899464529e-04
2.811231523418715719e-05
-9.771341125330689631e-04
-2.592068474728047994e-03
1.293159464397462810e-04
1.866987359979369466e-04
2.605279226312435823e-05
-2.986630975233510788e-05
-4.746579446506666829e-04
-2.270645565383528578e-03
-3.056045672127776251e-04
3.838849954610651133e-04
4.210451184497827968e-04
-1.675785357474815078e-05
-1.225196676950831122e-04
7.810311994949309475e-05
2.083494613529647630e-05
1.223854506242369011e-04
7.546186435260283953e-05
1.332035557395323062e-04
3.358357706945134694e-05
-2.344018602433948877e-03
-1.460345550195289981e-04
-3.014945407576814958e-04
-1.777792667126686403e-04
-5.700277378183963000e-04
5.199347421213464898e-07
-2.445499255048830863e-03
-3.557676136425419423e-05
-1.226563964173196374e-04
-3.509296225164849079e-04
-3.876741280136025551e-04
-6.701352702863155528e-05
-1.424336966768905170e-03
1.484531857520839852e-04
-7.146346318872946746e-04
5.572420646316169008e-04
-3.351146878195555064e-04
4.499109246946820790e-04
-2.014329861491542578e-04
-1.818608447253905176e-04
-5.764203020554485926e-04
1.875145336076359387e-03
-2.768405946695153843e-04
4.168866928221290325e-04
1.511074867266478319e-05
1.028276755098996682e-04
2.595149360528639865e-04
2.106557463271887653e-03
-8.967282740726866756e-05
4.707558084493936945e-04
-2.691325178065901921e-04
-7.377773908690828759e-05
-1.953392739535943744e-03
2.531807261187136223e-03
5.729032178995912200e-05
3.933449731646476689e-04
-1.069897839350455885e-03
-2.179784110969607187e-04
-3.431505633539413697e-03
2.614559077427024234e-03
2.464850753604204143e-05
-3.748928354656371034e-05
-7.037750475728582131e-04
-2.852515631602878634e-04
-2.828959812830484158e-03
2.938105155787396755e-03
-1.745905693553271470e-05
-5.187229272550248228e-04
1.637157275454159027e-03
2.255766868996942796e-04
2.131066702130529102e-03
-2.577648703717436412e-03
-1.298847175438864757e-05
-1.003609361834815941e-03
2.827198415727170955e-03
4.724935980838286011e-04
-6.230082505721454798e-04
-2.805871475959246337e-04
-3.858999352873629257e-07
1.199744995821374740e-10
3.306170653192887665e-10
2.707493949722524673e-11
-1.334831820439771112e-10
-1.278613656553307040e-10
1.298467483352364526e-12
-5.598706221209289011e-05
-9.929539361323771064e-04
7.477580352255387458e-05
3.108629079805021791e-05
-1.772435886199345834e-04
1.368801706175669097e-05
-4.818527981347343089e-04
-6.046851731525682266e-04
5.300203878229066396e-05
-1.550113243530823671e-05
5.976308112904897942e-04
-9.085338047832551775e-06
-1.423704144373916659e-04
1.291403636069055982e-04
8.588981344302289473e-06
4.905322715080611903e-05
2.200823473453325074e-04
8.056494614978140957e-06
1.582539032354581248e-04
2.568026417650515897e-03
2.364903994304006548e-04
-1.256792414225103881e-04
-2.445770294435550699e-04
9.183178529124333715e-05
3.723692539894390171e-04
7.299475145543648244e-04
-4.848923372428832015e-04
2.919321195518362680e-04
3.174827541819606508e-04
1.883914068732166431e-04
2.141795646296171197e-04
-1.091833584790902504e-03
-6.581505430960746554e-04
-3.084987414982903265e-04
1.133125979899103988e-04
1.022173086263480401e-05
8.789837373508261318e-06
-8.221119706665287524e-04
-1.936028893698263408e-04
-7.790702592375459059e-04
1.742254389555913846e-05
-1.682574485120361303e-04
1.370097274438899650e-05
-1.615321172352513033e-04
1.746128424025301799e-04
-2.552512433714752751e-04
1.116178758015823726e-03
-1.638130001099883922e-04
2.424902721830556596e-05
2.390393849759641384e-04
2.144025788648116462e-04
2.417133809443756888e-04
6.492859120138941081e-05
8.318984795108412403e-05
-2.937746872977916603e-05
-5.004924814071109573e-04
-6.196473680520921655e-05
-1.031187564943881205e-03
4.255157206337185590e-04
2.575651441936122621e-05
5.457784785243447267e-06
-1.286356409448969956e-03
-3.210220938304989436e-04
-3.413817509219458680e-03
1.060944216405657363e-03
4.663212971365627603e-05
-1.911207580989504498e-04
-1.684492465013431948e-03
-7.707576756084288548e-04
-3.651180317820749716e-03
9.976986402323276444e-04
-1.583096657204215175e-06
-4.548664875191210525e-04
6.377980762986245411e-06
-7.978726724774357505e-04
2.169160630814327044e-04
6.286278678549666937e-04
-2.946087881966652324e-05
-6.027628423711919653e-04
3.086573516950153698e-03
1.993512792303888748e-04
-4.413483096476447003e-04
2.408035286139094454e-05
-7.629780762289204237e-07
-7.799217978897211336e-04
2.933200516874582588e-03
3.132286449777390674e-05
-1.522790009641309392e-04
9.112068245454903875e-04
-1.231129652380650874e-05
-3.022721393366858326e-10
2.892114209918933086e-10
4.168811777544656061e-13
-1.323460883627308260e-10
-1.423431120711014821e-10
1.433018362904091816e-12
2.091773112613544830e-06
-2.578144742772640907e-05
-7.017766913485489327e-06
-7.919385509944680210e-05
-8.576670831145325087e-05
3.473942051663350537e-06
4.297490807707744494e-04
6.858123222039235346e-04
-5.775008754155333952e-05
1.583769338475674065e-05
-5.985353596215737051e-04
1.395619470732675552e-05
7.595934290226629120e-04
2.647315612821133594e-03
-1.462314158983943129e-04
-9.980279236027173278e-05
2.157343506025474332e-04
2.846211095894274083e-05
9.118920479394310467e-04
3.064023303450148610e-03
-3.958853578429650123e-04
7.567415450144677309e-05
8.197321047666706988e-04
3.957779958205429174e-05
8.478973966320538236e-04
1.020020071866373050e-03
-1.471105452154019850e-03
5.027434910832906173e-04
5.385132447223101373e-04
1.049352634637523989e-04
5.474517165267766194e-04
2.227103600880462545e-04
-1.659355168350895452e-03
5.296792473955771097e-05
4.915948443702840157e-04
1.886839821807492301e-04
2.689972851452746201e-04
3.107097674972066265e-04
-6.751999769542040833e-04
2.303454070002138227e-04
4.292094270946108202e-04
2.200556954040753404e-04
1.027585069106616610e-03
1.244937180293121792e-03
-3.922442405557867234e-05
4.591977072081201918e-04
1.745156600333791020e-03
3.450512038466072105e-04
3.687830055394060338e-04
1.596157044239384737e-04
-3.073368175707429442e-04
-3.275761924575619271e-05
1.225738800572700451e-03
-5.841133191623049657e-05
-5.766488458479114055e-05
-1.228608166024224273e-03
-1.194671284986607949e-04
-1.840845634777003555e-03
2.875684648787551014e-04
-8.053578283570323078e-05
-1.806527921290788875e-04
-2.274734599135437487e-03
-5.737697848911860231e-04
-2.156696935237807818e-03
-3.479822314112288192e-04
-3.420075194201130614e-04
-3.547232217844883831e-04
-1.734123718201749549e-03
-1.184546033294869762e-03
-3.047166705699210572e-04
4.482306218718090760e-04
-2.566208047724767333e-04
-3.394559729851240109e-04
1.226991599374839667e-03
-9.184174162594883981e-04
1.986132103271561540e-04
6.363203020805531236e-05
5.214713263145961311e-06
-1.905158702737254134e-04
3.008280688718210395e-03
2.530666838257657127e-05
7.035254889988430563e-05
1.110286328842516193e-04
3.048924362290580717e-05
6.369105819588006471e-05
1.779923174286681618e-05
1.484634515764528311e-05
2.018695822827866048e-04
2.094907250647271458e-04
1.660436690748627497e-05
-1.150082147286805080e-09
1.329037764588515762e-09
-2.010834551190788315e-12
-2.483920590237776047e-10
-1.291564561149440543e-10
-1.923372682477886051e-12
6.144250507680881247e-05
9.873218437739675682e-04
-7.972822164540625876e-05
-9.316239037535622698e-05
2.770373605696074872e-05
-1.762671850791015855e-05
1.542119989510092569e-03
1.510684408142915500e-03
-2.602302137989773493e-04
-3.317920152839745227e-04
1.451837597901815173e-04
-2.828557868200383985e-05
1.564187377223297173e-03
3.157869403226189198e-03
4.313338237452764566e-05
-8.644262802994376934e-04
7.511683675296427620e-04
3.868825191099459165e-06
1.932034300184413576e-03
3.271001392051960718e-03
-1.762044793148813491e-03
2.011062392816244902e-03
1.168679433369407793e-03
4.587556008827062710e-05
2.117502955486683103e-03
1.993085354615382974e-03
-2.416280284457087042e-03
1.125850501504235997e-03
2.481682824499367463e-03
1.366597795486903502e-04
1.834723461804392596e-03
1.608581850813850132e-03
-1.309515859944764514e-03
7.892565448055527833e-04
1.995773795593693955e-03
3.190924528263798412e-04
3.355033703182122226e-03
3.485774348439961423e-03
-1.283790286363136151e-04
4.086858212557554527e-04
4.783262689303886470e-03
9.850240406101697208e-05
1.538575799497041846e-03
1.867646401724790302e-03
3.855706764431085141e-05
5.775327653142860239e-05
2.640735353958961491e-03
-3.679604629313293404e-06
3.549605066170541650e-04
-9.697051572754320035e-04
1.979762487135066208e-04
-9.424926192745410047e-04
1.284423625460344789e-03
-1.253305945356847297e-04
-1.542817000053647988e-04
-2.850566142969849625e-03
-2.517674612861558288e-04
-9.556555307125030483e-04
3.108737351350251499e-04
-2.239064052467706098e-04
-1.863797997499097147e-04
-3.092651326451131399e-03
-5.876180012986961061e-04
-6.474701122580971927e-05
-9.280562740381015569e-05
-4.617411940897699681e-04
-9.639679353868420199e-05
-2.166444130571903992e-03
-5.432214882597329736e-04
-5.712709697325904761e-04
-1.318577201716566115e-04
-7.295791221391982259e-04
7.959691764715409344e-05
7.679446277047986531e-05
1.021306701666578514e-05
2.998494029645210534e-04
4.116922600053868917e-05
8.137653594896759413e-05
3.331558431715128795e-04
-2.938362469437174381e-03
-2.592485120294075161e-05
7.178183508789049826e-04
1.862214957541204045e-04
2.881175130667988304e-05
9.216867038817988869e-04
-2.961618872130995957e-03
-3.651137901486374094e-05
3.071450185029292652e-04
-6.660933110021353748e-04
2.298108197140108790e-05
-4.881843224110145941e-09
5.066771010357989315e-09
-1.812201934188210318e-10
2.810231336487653493e-10
-6.245097943557436219e-10
2.015990284954978614e-11
2.312705814716821916e-04
1.987479814757469286e-03
8.522947284831167343e-05
-4.025640742035583404e-04
3.090059559319986520e-04
-1.738646512251028505e-07
2.455375226889538933e-03
2.951759605597307091e-03
1.407055378484952735e-03
-2.024441662360995133e-03
5.996196843739074996e-04
1.252885485505456146e-05
2.589903305502636813e-03
4.546868628283877965e-03
6.168761774813637765e-03
-3.337716045963301428e-03
9.511659152179244682e-04
-2.486117019680100769e-06
3.204813465263259709e-03
4.740500550203098282e-03
7.025767809079781507e-04
9.273920802215818463e-04
1.353325527443069963e-03
3.690157147998380973e-05
3.720324798512218267e-03
4.461344945529533909e-03
-1.314450523602860065e-03
2.053614628802103749e-03
4.342169948931638018e-03
1.285196416723111319e-04
5.949364990053446732e-03
6.251878829444816425e-03
1.608200955687059258e-02
-2.919997279835834431e-04
8.819004003867443988e-04
-1.904017487143004736e-05
3.092187519691315736e-03
4.087511600459369128e-03
4.035076917514485466e-04
5.457526557975122472e-06
9.106736961823165208e-03
-3.892096646482059454e-05
1.720981792470741923e-03
-6.806210150611011981e-04
1.811358798856373522e-04
1.744586538752822367e-04
1.966621330246976027e-03
-3.083854943520155094e-05
6.463369826055842060e-04
-2.198828802515595971e-03
3.719502997949090056e-05
1.008137836968018208e-03
-5.957614162206460739e-05
-2.282362579948231114e-04
2.577499344780384495e-04
-2.403864222548776630e-03
7.375961962206655604e-05
5.378165981053438863e-04
-3.274051754459566589e-04
-4.617211166700426790e-05
1.945910802331862050e-04
-6.306739916184033812e-05
1.688637888841534968e-05
1.724490100944461819e-05
1.132515261100268584e-04
2.289605465570191290e-04
3.421514954251615183e-04
2.002593783379100299e-03
6.657795529368665645e-04
1.113895006767594677e-03
1.123096605032108123e-04
6.016671910372602952e-04
5.471187243008397661e-04
-1.229938606695461529e-03
1.039100328977231357e-03
9.275503823066703381e-06
-5.060155038914388684e-05
-3.736367768246836725e-06
8.100622310037119923e-04
-3.439292415542718334e-03
-2.118666106162778444e-04
5.019625155546298062e-04
-2.008599669118853388e-05
-1.490944362653883842e-07
1.181408981076052106e-03
-2.968560622965001061e-03
-4.853023910919315276e-04
6.468881366620773564e-04
2.766916305516687376e-04
-1.241174783348224749e-06
-7.335661028337735184e-10
-4.600721049665982023e-10
-2.086100611615079908e-10
2.391060820572673832e-10
2.506784978980751210e-10
3.493447094927881727e-12
6.277838611010858657e-04
2.831839019853050251e-03
3.534306120478909914e-03
-4.902555371363915594e-04
-1.929283053293553930e-04
3.195646203548605310e-05
3.374052722621622476e-03
4.377224275054129518e-03
1.333459247770508657e-02
-2.400772900140249900e-03
5.143321396499930072e-04
1.762108299647126741e-05
3.720968845316511512e-03
6.842361111696636244e-03
2.041498819390961256e-02
-3.142029467623584562e-03
5.130345615110366636e-04
2.682675506150414881e-06
5.061083405554529270e-03
7.076352260044684733e-03
1.933674686329675887e-02
-2.069613751938424815e-03
7.564184556652464413e-04
8.327772460077155134e-06
6.515268303206995376e-03
7.043627417105863091e-03
2.432426593703672715e-02
-2.022259821530964234e-04
1.109910967677440975e-03
1.364295971565184927e-04
4.695609262409846350e-03
4.730953766919844018e-03
1.953816462148159905e-02
1.470406241455700271e-04
1.442586095495399390e-04
2.052544178323608299e-05
3.259127254015847536e-03
-1.795112795780093263e-04
1.218685851976897445e-02
2.201483773131088781e-04
-4.092553683870459361e-04
-1.374406704104169310e-05
1.075398480474047897e-03
-1.164380915430383639e-03
1.516455317833985362e-03
1.593880581308620590e-03
-2.489472367183255107e-04
-6.141762429224674837e-05
4.057178641883395329e-04
-1.160979757103549692e-04
-1.248952813526684726e-06
1.468795030694730531e-05
6.139641946526465323e-05
1.411694329832318046e-04
3.207255018337790706e-04
1.922529978442113216e-03
5.955516610127397877e-05
-8.416326199256705118e-04
4.310012998623464087e-04
3.098933162821127462e-04
4.377081546709590690e-04
2.870963547079033364e-03
7.815592235826660829e-04
5.463424491467166533e-05
1.108790775722180244e-04
5.511006990625172972e-04
5.500695075683454619e-04
1.797414093243240819e-03
1.433547823505457262e-03
4.480133520825622506e-04
-1.492874850613677359e-04
2.030265502163951274e-04
6.793417454248624338e-04
-6.830751056995306286e-06
9.334656137862436948e-04
-2.593530782075042563e-04
-5.635156707538041716e-04
3.239022963798577796e-05
6.849950717298928420e-04
-1.810930901843261186e-03
-2.458619439592754337e-04
-2.198123366027441607e-03
2.576912014737463199e-03
1.486038548592752291e-05
5.874461654272705551e-04
-2.491431796103486633e-03
-3.623758190579639670e-03
-1.201496991140652411e-04
1.679745366372801738e-03
-1.210204724942014200e-06
-3.198061879079340225e-12
-8.865079125952129022e-09
1.326100755155440424e-09
5.368607684547432384e-10
6.156709157040900854e-10
-6.097615411052194619e-12
1.461889152543666571e-03
2.996635860104448264e-03
1.239777931619945837e-02
-6.283274644346456116e-04
5.708477889522075920e-05
-1.012445808528348312e-08
3.751630506443478456e-03
5.791388386458421432e-03
2.309823821019083359e-02
-2.106317741226388773e-03
8.189512661142845252e-04
7.277357872700543312e-06
5.963564065950595870e-03
7.694651365933773135e-03
2.925294087826929568e-02
-1.823946846669357788e-03
4.516209784008720011e-04
3.689534876244314503e-05
8.240338130964150812e-03
7.929831122921693690e-03
5.110940637606706943e-02
-6.186000591111771277e-05
-1.033697650510904508e-04
4.433251024518116302e-04
4.194601415092900215e-03
5.753611216228783631e-03
2.947113745462972764e-02
-3.290605926966292131e-05
2.712816147416207877e-04
2.148893518737425275e-04
3.864644989896378387e-03
1.679115609275255911e-04
1.119901418254456646e-02
2.544766354754657680e-04
-1.526698445554287907e-04
-2.365851968327243129e-05
5.819816309669132359e-04
1.218998067879253596e-04
-2.203362181302498781e-04
2.579130422380021537e-05
9.639194117078021937e-05
2.315167766262602537e-05
-3.224670939475883166e-04
9.586784384772724203e-04
-1.916898356755428363e-03
-1.544176531867013508e-03
3.487655518471307215e-04
2.539932557353369248e-04
-5.494344194450132528e-05
1.679094185619959406e-03
-1.432480486175783890e-05
-1.227416508565660341e-03
1.306688528670257984e-04
5.519863483421643281e-04
4.947484481929225950e-04
2.711424706910289893e-03
2.847203453618902614e-04
1.328125537405267951e-03
-6.794882964880345462e-04
3.511409968465994632e-04
3.275274713517679838e-04
2.406884813556646723e-03
7.764131527020930439e-04
2.901509279943750505e-03
9.188863028043580284e-04
3.125194623220192984e-04
2.793810312652304090e-04
1.804707674283217815e-03
9.192280445414422732e-04
4.293241037414875609e-03
-4.290567097414660987e-04
1.408460720828028246e-06
5.152067176307199582e-05
7.224970138378434192e-04
3.165646069361459001e-04
3.651517166317572085e-03
-2.811789585244724079e-03
8.400713708457077672e-06
-6.281183960800516700e-04
1.464330398701409197e-04
-2.163329777421073123e-03
-2.780163118384321001e-03
3.258502761790328661e-03
6.300863861564076699e-07
-1.074585999010409416e-03
-1.719127291622533937e-04
-9.339390133853278653e-03
-2.628927175876089929e-04
1.205865539349966790e-03
-1.052253070097179881e-05
-2.290734549983473563e-09
-4.155463565529414719e-09
-1.458924255308931274e-09
2.325412148478806219e-10
9.726584900184946460e-10
3.583940557748535314e-12
2.522084416917608034e-03
2.390154558542340654e-03
2.507263421293808719e-02
5.934456843038150636e-05
5.626939291583367116e-04
2.502690075089104775e-05
5.247402868480418626e-03
5.913260064905436104e-03
5.844765512707224969e-02
-6.780301688119396179e-04
2.289975989964656178e-04
1.103895433030349155e-04
1.762504220701194280e-02
1.344937943041761390e-02
4.503786756450664508e-02
-2.671920674166159088e-06
8.167293396699833088e-05
2.055931650662748064e-03
6.357511097678551597e-03
7.616063846403740671e-03
1.994952276192276525e-02
4.254954704886471919e-04
-1.098687920846462612e-05
4.184204710109369271e-04
6.556033599351782787e-04
6.656440307694358937e-04
-1.074729040967278929e-04
3.499276873870257030e-05
-3.026524470957667762e-05
7.314227725182928161e-05
-2.972651265613533104e-03
2.527975963554859613e-04
-1.156863276512985761e-02
-1.703813528912171370e-04
2.887280505160342041e-04
1.271631435281442735e-04
-2.613859598402591862e-03
4.981335849031361205e-05
-1.521329023458479340e-02
-2.065407111053332119e-04
4.506608298567235660e-04
9.267057136805016845e-05
-1.560785538347685521e-03
2.800853879527152808e-05
-1.625255972527458830e-04
8.862039725370850023e-05
-2.056750138487370861e-03
2.576604994162357931e-04
-1.566956031707476317e-04
7.838743979316838573e-04
-2.011902758289929637e-04
1.217923646860369835e-03
-2.246373630583111194e-03
3.118093933522924927e-04
1.636788941259523689e-04
1.338616406136836990e-03
1.661181598819497316e-04
2.302021464565171503e-03
-3.717876227716973266e-04
1.922749620682956168e-04
-8.044899534366593369e-06
1.387874274684896018e-03
3.838679052707737920e-04
4.151747313332458840e-03
-4.699136410075251884e-04
-3.498960442764274939e-05
-5.280871175120346091e-04
1.184509034103304421e-03
2.442789531792468032e-04
4.528865578231905907e-03
-2.866813832227557875e-03
-1.212745482221330254e-05
-1.550046776181676677e-03
1.917513898805736248e-03
7.785208887256235772e-05
9.007284524361423156e-04
-2.545557515410665911e-03
-1.978229472044119131e-06
-2.478720092991511421e-03
2.524996469256393563e-03
-1.613207997779233377e-02
-2.219511918143959536e-04
2.391306869288830749e-03
-1.200666790002296030e-05
-1.817242224778392893e-03
2.449864594113347442e-03
-1.172025502019634347e-02
-1.924508765342562450e-04
7.795825954221459594e-04
-4.483524780660313041e-06
-2.182466258231027989e-10
-3.373179330604591109e-09
-1.347169500581480733e-09
1.112623923084566553e-10
-1.537230571997808302e-11
-2.672777616173291483e-12
3.256930168175158589e-03
4.385942608367349865e-03
2.984873033651641930e-02
-1.433422194472196504e-05
-2.779735023967858923e-04
5.330234693011832916e-04
7.063134801932473110e-03
8.316549982523567183e-03
2.907664438005555171e-02
-2.457547229869362615e-04
4.920784971775237605e-05
2.424538540931514324e-04
5.524442167270183883e-03
6.483249867703559134e-03
1.718013303975584466e-02
3.602536759668253691e-04
-1.364653013529669729e-05
4.518417426681002212e-04
9.001829889197190376e-06
1.048823663576054968e-04
-5.008769027779658883e-05
-5.507022533282312970e-06
-4.192694700290405611e-06
9.851443968278651781e-08
-4.206082003851573450e-03
-3.843597151005039882e-03
-9.157578788583748200e-03
-1.169374207744133408e-04
-6.805123406265485390e-04
-8.259383673614724788e-05
-3.762208926708004563e-03
-5.356460905753301742e-03
-1.721442022219804580e-02
2.562806055039667965e-04
2.603103904193293220e-06
1.754817144419481840e-04
-2.517979116227623496e-03
-4.230957662993996109e-03
-1.172232013221888303e-02
-2.695340056658730287e-04
-9.351589061994221763e-05
2.737198814177186647e-04
-1.396891267668050416e-03
-2.059148992056480162e-03
9.560342819912802360e-05
3.189398352259998704e-04
-4.492406442128917682e-03
1.794155351751212761e-04
-3.817358337400368249e-04
2.672958384136372577e-04
8.626943371905001080e-05
1.146679180125275647e-03
-1.159131769662112782e-03
4.443880922714714166e-05
9.269902038208139997e-05
1.613830930618502524e-03
9.177220592280517638e-05
3.527957999545652378e-03
5.336713666437690497e-04
3.714855472626338220e-05
-3.094949831843307855e-05
2.095509676460533162e-03
2.718612552758163051e-04
3.972673829841039117e-03
-2.015145999360949333e-03
-2.468310579148611600e-06
-6.161409609078588633e-04
2.999282323895011756e-03
2.401631284660739579e-04
3.104498494699414485e-03
-3.425454471040856579e-03
3.767787089809699778e-06
-1.137292434323095534e-03
4.531066281763471322e-03
3.359786360119757659e-05
-8.371435566696637520e-03
2.859646529169586598e-03
2.943565255660272274e-06
-9.473538482320959528e-04
4.352355405717876422e-03
-9.654888028570540390e-03
-1.441107667643744066e-04
1.057634435792247345e-03
-6.737265994355797665e-05
-4.507376603102172334e-18
-2.570500836767192623e-17
1.328283207691375615e-17
-7.380858294949229059e-20
4.068623420284309905e-18
-2.874458537197608051e-20
2.135181348672905970e-03
-9.710143247929889148e-04
1.837337088231102630e-02
6.202792585015420054e-05
-3.701445848179088201e-04
-2.574772190608142354e-04
6.499293425172554886e-04
1.290242588620129239e-03
1.224702971924075678e-02
1.943754996330736512e-04
1.878465606971878202e-04
4.060917544241994070e-04
-1.434562916494245633e-03
-2.268186885001348407e-03
-5.206066211056550354e-04
1.251098285024730862e-05
-5.038332135365164269e-06
1.232899306821796568e-04
-5.146948971256418322e-03
-6.703191859173111833e-03
-1.898743047043153706e-02
-4.208828353463890930e-04
1.130114833978618994e-05
-4.078089883663417415e-04
-5.574984322034715577e-03
-1.069553237054786214e-02
-2.669158903833581536e-02
2.568063958908386058e-04
4.686623459707730329e-04
-1.640187635837340985e-04
-6.251137414003436928e-03
-1.041607185690257738e-02
-2.230181155848728544e-02
4.494397792626286456e-04
-9.621796407636616037e-04
5.936118764957076436e-05
-5.564615055923991319e-03
-9.383796949666654147e-03
-1.896097008867895714e-02
1.559508026137329040e-04
-8.795511877331212668e-04
1.742849745477409278e-04
-3.683733144525979525e-03
-5.563421170421341787e-03
1.889262155334430220e-04
-1.696305743306595693e-03
-4.503322986793209352e-03
5.946899914061619022e-05
-1.399057226902323961e-03
-2.054236814887684323e-03
2.851522775731970627e-04
-9.379617865094791408e-04
-2.153450454928642829e-03
-1.913686336377009038e-04
-5.834886880224265015e-05
-3.035707049880877867e-04
1.890800002718833449e-04
-3.488991149671905609e-04
-1.721393327947552134e-04
-1.521889884262810500e-04
-5.901019606546622644e-06
3.115934781036160334e-04
-2.224959867213306022e-05
1.972492003259073302e-03
-1.685682057315637025e-03
-1.335262633598303445e-05
-4.429118870102568455e-04
4.946366974329741237e-04
1.623166694821396637e-05
3.177443115054889074e-03
-3.220577365196674625e-03
6.642806583135401614e-06
-1.108252263898510575e-03
1.177643538109020152e-03
1.428088232632134861e-05
7.776781350412903960e-04
-2.468396931787291294e-03
5.359169334623361923e-05
-1.359315058424004829e-03
1.788455179288100851e-03
-1.376359822381153196e-02
-1.312497920327990941e-05
1.582272191149234697e-03
-2.129791660255669601e-05
-8.718730081276057989e-04
1.669965799713446107e-03
-8.220243527411016243e-03
1.218108894242188260e-05
2.663635288206355942e-04
-1.275174649663764759e-05
1.078300552916691866e-10
2.104302514070045916e-09
8.184395705953309507e-10
8.637102777764303320e-13
-9.223812738668101666e-11
2.417745417407854475e-12
-2.802382503664897804e-10
-2.359961311915295109e-12
3.695112808594295811e-11
-4.085869947770812673e-15
4.104614855465932534e-12
3.237246883522154254e-12
-1.372540657751755190e-03
-1.710971391999683731e-03
-1.459538122551026426e-02
-2.122590821407720912e-04
-1.663858290143736287e-04
-3.207651504796929249e-04
-6.180042285946656284e-03
-6.534754919477347816e-03
-3.623074575026467847e-02
-1.534030321601481220e-05
2.964256279166015899e-04
-2.362126264677052339e-04
-7.535057201957642836e-03
-7.076307104124124683e-03
-4.772168491506320609e-02
5.112418018326787654e-05
9.717543901439615643e-05
-4.353133380218467303e-04
-8.105098215366207323e-03
-1.006965803462944557e-02
-3.260115431125768654e-02
1.188753883285433965e-04
-3.897369759345274839e-04
4.863667470931278489e-06
-7.820772033553495192e-03
-1.023638825845481909e-02
-2.554966206876993842e-02
2.968612749220481692e-04
-1.880899240085608841e-03
7.782011789976883606e-06
-5.832128086607922882e-03
-6.678985910606778480e-03
1.572620990649563517e-04
-1.117838461898800796e-02
-1.496395758401156953e-03
-1.188573434236100832e-04
-2.665280815946351623e-03
-3.546142671258965037e-03
1.162623912190584297e-05
-1.074073329535954555e-03
-2.893561253438604094e-03
-3.728121804215205862e-04
-5.024895526354478809e-04
-1.652987596398949833e-03
-3.408342441143212423e-04
-6.777490748248515611e-04
-4.553670151763106536e-04
-2.085256727747571961e-04
1.484918572064040766e-06
-4.147124934545271544e-04
-5.623072579879113703e-04
-2.773884013369310765e-04
-9.569249480023580938e-04
2.326457843948581005e-05
-3.929460649697467337e-04
2.532759970294245667e-06
-4.534434934093680526e-05
3.993083423906940502e-05
-2.540385479959745597e-03
1.109968316721437023e-04
-8.450772133972464474e-04
-4.004637174216479044e-04
3.461207504822995281e-05
9.807467245734287136e-05
-4.597622963047518461e-03
9.330024140498868203e-05
-1.109624210011024006e-03
-1.042114268440850512e-03
-1.094845929007030698e-02
1.496011204806060619e-04
-5.151901091347940216e-05
-4.541348685030692256e-05
-9.832152823735413900e-04
-1.071156837961128412e-03
-1.223758163628833884e-02
-7.082467816869304842e-05
5.386525980039611475e-05
-1.018137053785340581e-05
-4.173898232229766012e-04
-4.172854641427783972e-04
-7.139564336304742020e-03
-8.344555001632901578e-06
-1.036249496584536639e-04
-2.404128408951190340e-05
5.094072169500309891e-04
7.659706546200260868e-04
7.118683851454266250e-03
9.637318746394964752e-06
1.045215163147120109e-04
5.703172861581459069e-05
-1.507117208484516136e-10
-2.227034082515738197e-09
2.685620167230730633e-09
-3.970956991599451128e-12
1.268720570120773172e-10
1.764139752932102806e-11
-2.135814362730466959e-03
8.349025944733954197e-04
-1.833155333291240294e-02
-5.464820030633815560e-05
3.469575119285625347e-04
3.308566077428728232e-04
-4.366998966987512172e-03
-3.066319413219188543e-03
-3.174282776461537919e-02
6.053211176281749146e-04
1.246436918974054911e-04
-1.604663807190553535e-04
-5.853271266287160025e-03
-7.802534125260556994e-03
-3.134968857744892951e-02
1.822796434516446486e-03
-4.506230479082604600e-04
-3.369534831523969673e-05
-6.880194466132527609e-03
-8.881908535600299345e-03
-2.744290163867859483e-02
2.220900290910847105e-03
-1.318403528854951911e-03
-4.138399348817380162e-05
-6.131553540367070190e-03
-6.347465167379284963e-03
-5.542730559792040899e-03
-7.519434454269701903e-04
-1.475123381867131725e-03
-1.474305838847406224e-04
-3.611402765705656968e-03
-4.260206752561004721e-03
1.417486113614196963e-03
-3.014734312389864661e-03
-2.065586156836056626e-03
-3.560219415860110229e-04
-8.753833142916907402e-04
-2.206355135649259742e-03
1.151492236412262867e-03
-8.280224181109992546e-04
-5.826209453052955773e-04
-1.846676137912380629e-04
1.814585365877295951e-05
-6.045339639902802672e-04
-4.113943415137264088e-04
-4.187085752679350708e-04
2.733017459141387080e-05
-1.164453623572013876e-04
2.131128707992945178e-04
5.574946700613105674e-05
-2.466997256970479362e-04
2.868691115323174128e-05
-1.393536418343885265e-03
3.240107661591397218e-04
6.832683992914378361e-05
1.272268115293715428e-05
3.861153264546715895e-04
4.555498986983794662e-04
-2.458441692723459335e-03
2.940721340449906421e-04
-4.386013020986737651e-04
-3.224226392970386984e-04
-2.946554814742724016e-04
-4.761544151564656917e-04
4.338482001629622928e-04
7.741880590444185056e-05
-5.378644707250946309e-04
-4.713088498577753345e-04
-7.283488341707966898e-03
6.652253014872870412e-04
5.110853050912062082e-05
-7.800971929954950688e-05
-4.403442535029454259e-05
3.312481980251618307e-04
-5.457823896253045947e-05
-7.862816010265339100e-05
-7.633998969048610433e-06
2.164626821316103744e-05
7.262039543603495632e-04
1.481727378177825601e-03
1.046020655493636042e-02
7.362330491226290160e-05
-3.133970312493290333e-05
2.611171214365889922e-06
1.057582327198410563e-03
-1.581374271698457543e-03
8.248911423919850008e-03
-3.400219494165214641e-05
-2.597764771556772484e-04
-2.587291336571487734e-05
-2.377648489625690587e-10
-2.585439895018095341e-11
-3.013313350402891182e-09
2.760262245479335370e-11
-3.753647624603546739e-12
-8.121584052429014383e-12
-1.930665457435297785e-03
2.307271639186194486e-03
-1.181547434515001563e-02
-1.945153370575750779e-04
7.132876103507202175e-04
1.142688803804706945e-05
-2.479755658189248483e-03
-4.576193790305803540e-03
-1.967588430679967706e-02
1.170448728679714155e-03
4.432938843695832473e-04
-7.228916972710422298e-07
-3.768087703085301610e-03
-6.769398603625254203e-03
-2.056651938813443270e-02
3.186540073761411768e-03
-5.162917455219206671e-04
-3.664786354123147888e-06
-4.614279871846632859e-03
-5.449147548850953940e-03
-1.304174572390138197e-02
3.508372919342668886e-03
-1.310494947833322835e-03
-5.933535113517561678e-05
-3.434507696483434132e-03
-4.586204709874630407e-03
2.464828650498664120e-03
-4.005384218269971396e-03
-1.565820374716421839e-03
-1.827067043355492029e-04
-1.329983960108000341e-03
-2.573582826888112709e-03
2.306862008250567565e-03
-1.232265496942151024e-03
-9.253876111304255164e-04
-1.588902360241330907e-04
-1.611926186076664727e-04
-6.244463612510684110e-04
9.507182571045190173e-04
-3.133122552963070961e-04
3.330437078695171692e-04
-1.598198551687091845e-04
1.192157686649121192e-04
4.563589205717222285e-04
-4.166900128711089062e-04
2.679313381208610692e-04
-1.733843354733401664e-04
3.317538380889293714e-04
3.601430984168412972e-04
6.985593894241967378e-04
-6.335401246887939399e-05
-4.795815142263738589e-04
5.459858182894527156e-04
4.591809818031457866e-04
2.200383404495762009e-04
1.575707748264144252e-04
1.346338378137276249e-04
-1.942841831481938045e-03
4.451270438478706695e-04
3.330649383173597865e-04
8.509440015066262750e-05
-7.081907736964670594e-07
-9.491575152214432878e-05
-1.322361122259864375e-04
-1.074971580725052273e-05
3.264129525526544211e-05
3.432621697199272882e-04
6.846972513725577050e-04
5.813337303640737572e-03
-8.818125441069861849e-04
-7.922235343252098314e-05
6.113188037903175021e-06
7.698914835316772410e-04
1.032450796009484533e-03
8.725837824282187821e-03
-1.146522686429613100e-04
3.080004197731205117e-04
2.619613752356542971e-05
1.278067271236072366e-03
-1.614975436039009201e-03
1.195929694642054036e-02
-1.416387611684279546e-05
-1.398274463727731259e-03
1.357274617117664149e-05
9.841845794806727919e-04
-3.900281755950513792e-03
8.866618252526783928e-03
1.273516733938348012e-04
-9.704680599399654727e-04
5.218906529087081835e-05
-1.282621572140810454e-09
2.779074027772069217e-09
-1.432744430317139230e-09
3.881219106052080689e-10
-4.793929377750834018e-10
1.739937541539324706e-11
-9.748233096698437914e-04
-1.643225744805304782e-04
-8.170402274966652098e-03
-2.627487772593782643e-04
1.063686145481447087e-03
-9.317642286607528268e-06
-1.306862492760162532e-03
-4.327390646407582378e-03
-1.061283286348921329e-02
9.604355746394212679e-04
8.445570047444244830e-04
-1.883097487239766450e-07
-2.620664087744604097e-03
-4.505563386019963146e-03
-6.036968181387638611e-03
3.392520864955242844e-03
-9.536349087088617088e-04
2.476356668873438839e-06
-2.492642355063085478e-03
-3.814626195951891646e-03
-1.339518470189257745e-05
9.827465483679066922e-04
-1.236270932623554806e-03
-5.931226351728301080e-05
-1.793127622305436611e-03
-3.094733202004899906e-03
9.547766115712724190e-04
-2.709461767823504136e-04
-8.074529807080331814e-04
-1.026436843498319162e-04
-1.021469708449623077e-03
-1.220999882037036464e-03
4.923462287250801681e-04
-5.431698400193784004e-05
-4.304868886855244187e-04
-1.744741810335377532e-04
-3.758931913987448629e-04
9.445929521681649095e-04
3.931508599027720772e-05
1.092550467609238515e-04
1.362140869648835440e-04
1.545812123631249584e-04
-2.690287545737297208e-07
1.550372943972542876e-03
-6.144448713387542290e-05
-1.580338093362659705e-04
9.538723784198397662e-04
5.905872835826663034e-04
8.054541067673118325e-05
-2.111667826595868207e-06
-3.816485928678881403e-05
7.318923946817631343e-07
1.016038411101746834e-04
1.602794730275009460e-04
-5.027186246251187657e-05
-1.057648499082508456e-04
-1.934427900254745056e-04
1.539202251689824946e-03
-4.528971333531936244e-04
-7.159123108597258177e-05
3.544090897309995687e-04
3.953165233624260908e-04
2.423945223105642625e-04
5.002279046240518893e-04
-5.636702274022941002e-04
-3.820129847901910456e-05
6.563202096765067932e-04
3.929914702087970615e-04
6.471785301512547812e-05
-4.005045447673488928e-05
4.198206906383055749e-03
-5.820590370470377111e-05
9.521317727595886814e-04
-9.380744069725397653e-04
-2.538576590449385419e-06
-6.268484616883532919e-04
2.567976535200854147e-03
-2.494028936631950555e-05
1.072029992292853088e-03
-3.820073754852379606e-03
-2.754608004612130892e-05
7.088311905108521903e-03
-2.620876948360321545e-03
-4.729052454657260052e-07
5.498995098620872981e-04
-2.497837859034014209e-03
2.341599116496358331e-03
1.404117216859308587e-03
-1.535648271797398308e-03
-3.140342047988619569e-06
-4.960005019300579359e-10
2.607429502129602343e-09
-1.008846477531374299e-09
2.132536670921438271e-10
-6.163272852399049013e-10
-2.233745722004861200e-12
4.993016959044201987e-04
-2.317226709751998848e-03
-3.381567508853541154e-03
-1.171980105106251783e-04
1.479506661764156067e-03
1.620993569857413430e-06
-5.701306051224585073e-04
-3.307723910258120441e-03
-2.068179623337819146e-03
8.836393097986886295e-04
2.649520885130650892e-04
3.334134448023622478e-06
-1.585803717849033250e-03
-3.217199861452021276e-03
-4.342520816997159509e-05
8.878907813729450911e-04
-7.639369654996860590e-04
-3.029914445683837844e-06
-2.100824038331300641e-03
-2.520855646051041454e-03
2.131451655231250523e-04
9.345495126861118936e-04
-2.509830403616586012e-04
-5.101923749613680498e-05
-1.788186672649334221e-03
-2.344239548397406610e-03
-7.622919149767964334e-05
6.692461216241281634e-04
3.135604910345466821e-04
-1.093454628990764689e-04
-6.718759645480891322e-04
-6.389600618719900021e-04
2.513399628595953524e-05
1.566858771438812861e-04
1.811783326094074293e-04
-2.751047046811567706e-04
-8.106787435814189380e-05
3.566040845563088436e-05
-5.026216463315863190e-06
-2.744680315941861858e-05
2.750468411477520188e-04
2.133887714037976751e-04
8.627208276441236050e-08
-1.506174012241262572e-03
2.105437984124447192e-05
9.879608895841605334e-05
-6.775941168938436759e-04
-2.894361852423648078e-04
-2.028317956255941586e-04
-6.417620326835264980e-04
7.510959234197247094e-05
3.806333310102544840e-04
-6.394384884997720859e-04
-2.926257740418797704e-04
-1.953573844946997033e-05
6.964507256194390887e-05
-2.070907799898744170e-04
-4.232920614241241679e-04
2.053847896843422581e-03
-2.139236768455792903e-04
3.793692246454763808e-04
-4.003221438234777315e-06
2.276673564042454724e-04
2.315702759150843528e-04
2.044899947960136365e-03
-8.381819453454272004e-05
3.831997819714953431e-04
-4.272080174416484875e-04
2.119320941392480154e-05
-2.347337779085898780e-03
2.646588762844999040e-03
5.031622781876888082e-06
5.263306774978579287e-04
-2.638361822686758652e-03
-1.730945663127971055e-04
-2.296326614088335747e-03
3.201351015604796384e-03
-1.540183468332690156e-05
3.856973275665696302e-04
-3.124098513115023627e-03
-1.846690045348347642e-04
1.440407307071645774e-03
-6.615842402264228471e-04
-5.830127753962127267e-05
-5.181649800054953688e-05
-7.268275825944935748e-04
1.374897713254811041e-04
2.352225353659253247e-03
-1.907489495934700701e-03
-2.118115011606839585e-05
-1.172895402257960692e-10
4.265755255160440798e-10
-1.385012660293999447e-10
4.299329678510884415e-11
-2.778071513066866842e-10
-3.951824693444155725e-12
1.008316175479205589e-03
-2.887489222589043579e-03
-4.730325819989669440e-04
6.233936034573454811e-04
2.797550629539289290e-04
2.129852332094399723e-06
-1.559732687212457276e-04
-3.518475350010609546e-03
-9.968251171800831124e-05
4.471517990791031949e-04
-7.661871884871369106e-04
6.575097500281104386e-08
-7.603837152706871896e-04
-2.640348958522385422e-03
1.469313804251388121e-04
1.013647642116036673e-04
-3.258436852816725304e-04
-3.542390402864724623e-05
-1.635569872599363555e-03
-8.753928980728774680e-04
-6.064530051143972707e-05
1.947489850817149700e-04
9.653630421380210522e-04
-1.691059650002854511e-04
-2.721018013180590152e-04
1.600929854413032634e-04
-9.254202640108299618e-06
4.446474857134916032e-05
4.327361078967256644e-05
2.622071695637882071e-05
3.577570335677159865e-04
7.002858921424639973e-04
-1.938703361652797006e-05
-8.005512343334464593e-05
-1.984659757283516426e-05
4.444727172199670743e-04
2.659907046296966786e-04
-9.579304596208342969e-04
-3.155085204645130558e-05
-1.560025840980903564e-07
-1.437823348884876141e-04
-1.726315284617338671e-04
-8.478988136642917107e-05
-4.308933672094501397e-04
4.040337342916485754e-04
-2.176788619154294759e-04
-1.610524556862564998e-06
-2.906290226636745245e-04
-1.244962434289294208e-04
-4.456193528396271348e-05
4.944413946391702785e-04
-3.343429728828051245e-05
9.770540284820728068e-04
-2.725497234886947577e-04
4.207483780020770076e-06
3.385991535226472063e-04
8.447639746233967474e-04
5.224080198646587764e-04
5.798916347925491682e-04
-1.574348536918183922e-05
4.893666099167166395e-06
-3.195727214643614067e-04
1.098601047033770129e-04
-1.123919501569753529e-03
1.656594287702287940e-03
3.173229172166829986e-05
2.585547326608290107e-05
-1.908909628897768364e-03
-1.992259355579974233e-04
-2.944944195132356141e-03
2.114142547535987748e-03
4.318007243566666851e-06
-1.184737987090470231e-04
-3.175862951636355003e-03
-4.595845108321936260e-04
-2.582113339545347164e-03
1.969949327535865536e-03
-1.642143600428083353e-05
-3.554125688434855990e-04
-1.965373808936664041e-03
-2.741338034527184453e-04
8.792305174247603151e-04
-5.830763695693012404e-04
-3.801265473170478698e-05
-6.526523834541100291e-04
7.652322108802787556e-04
3.042122258890133800e-04
6.245767000427571115e-04
-1.214161109636826153e-03
-1.691794471248243083e-05
-2.569088412258173001e-10
1.380308659640298019e-10
7.027392077127428720e-11
-6.007821176029490505e-12
-7.243840625030163009e-11
-1.923141913009614410e-13
7.708178018193597445e-04
-2.935191224728369783e-03
-3.088712649898681334e-05
1.502540542090218217e-04
-8.786844931473044781e-04
1.067005107428021957e-05
-1.493188024756909788e-05
-1.967237007486668989e-03
1.373131546162545104e-05
-1.056145295539254045e-04
3.921156365426704165e-04
1.242785100624870199e-05
1.270246506588890135e-04
-1.331390524075357767e-04
-1.204869400431731231e-05
-7.125647338551832220e-05
-1.767287752064622202e-04
6.663057646260916310e-06
1.642513100164524637e-03
8.820880975732168150e-04
6.672880430577285101e-05
-1.907576229649204024e-04
-9.947432063985635776e-04
1.730435777404492888e-04
1.383510848247773142e-03
2.420743515449533256e-03
-6.266878382561561475e-06
-4.664879390677577125e-04
-1.590878182171072983e-04
1.475781456207309571e-04
8.129189684854626558e-04
1.213838276304870980e-03
-4.308181034162522540e-04
1.155476346624604542e-04
5.900638520251009090e-04
2.174058631668406526e-04
1.151649608710666973e-04
6.098551834999651903e-04
-7.424463258393968184e-04
3.496522046872967810e-04
-5.684560889427964399e-05
1.844764185352136077e-04
-1.108622457306637767e-05
5.459849426512143654e-04
3.644543792518743211e-04
5.411753639528501386e-04
-5.871937674635360820e-06
1.166990170278766828e-04
4.347163165515211371e-04
1.304213704281413167e-03
2.419951415660008683e-04
7.845272076432089747e-04
6.436071119600511809e-04
2.666292399965501918e-04
1.070847885832072044e-04
1.475848138918243264e-04
-1.907950531426947044e-04
6.093028000616655063e-04
2.162733458685530980e-04
2.365466411937041378e-04
-6.098765378305019631e-05
-1.385460321955977753e-03
-6.456118446328295343e-05
-2.128982169098158402e-03
-3.143781569223208180e-04
-3.354986909079452274e-05
-1.851293843669742252e-04
-2.560697423538238569e-03
-4.967436737222061813e-04
-3.174312895919026347e-03
6.390085003330402082e-05
-1.342312333625669644e-04
-5.561287570532436877e-04
-2.637667926606063369e-03
-1.209257195599466568e-03
-1.128518483682533491e-03
4.221818415969526522e-04
-1.758989736707651508e-04
-9.731540357192716706e-04
-2.758433227398483095e-04
-5.002220563103381562e-04
3.359833111229592489e-04
-1.363518731143776577e-03
-1.078291024268473184e-04
-1.350314239936011625e-03
2.532774130004415009e-03
2.110784854261695171e-04
-4.322038741159053995e-04
3.473253102750319034e-04
-1.119876383069922624e-06
-2.731739995151286265e-10
2.353282647119463749e-10
5.326288260911520927e-12
-8.067030688996050611e-11
-1.675872422248108470e-10
-4.285479444196337060e-14
-6.533623205292797911e-05
-1.051732405906107655e-04
-1.240954785652639149e-05
-1.843357770993793551e-04
-1.615908358124649232e-04
-1.612501232047587623e-05
2.688616196551605160e-05
1.751001371222028020e-03
-3.463456403206472724e-05
-2.861561963609972619e-04
-7.384296128136513598e-04
-4.787740889103359694e-05
9.391883800917156773e-04
2.600336556856353096e-03
-1.312167646399398785e-04
-1.782428888887844154e-04
-6.968768108350346404e-05
3.148112283212415707e-05
2.143828410397335873e-03
2.465008478109298115e-03
-2.088996810972387687e-04
-8.975539922006656396e-04
1.458315185163227808e-04
5.333663462625305051e-05
1.586486501715196531e-03
2.950462656524040911e-03
-8.957470263642214759e-04
2.554540543280518880e-04
8.403730094005766160e-04
1.114538536290179813e-04
1.076098999606136088e-03
2.392360285225635704e-03
-1.925779393746762267e-03
1.232478720873229341e-03
8.389188310742138081e-04
1.404129807286557535e-04
7.001259518125658391e-04
1.997331184489986415e-03
-9.200466945555876245e-04
9.479771620420768263e-04
6.867664486319593857e-04
1.663076806935689803e-04
2.570905531140431615e-03
2.844477161777034680e-03
-7.616426758100065416e-06
1.093183332408717914e-03
2.289773668031421135e-03
5.139880689781382503e-04
1.405129986824662754e-03
1.574840384861756490e-03
-2.894485716903361138e-04
9.975115202104703743e-04
1.463000228341291512e-03
4.016914626514569943e-04
4.654959036625436262e-04
-2.580144507161925447e-04
-3.266563782165062479e-05
-7.557927728920705787e-04
7.268302576337664581e-04
1.361881507830412766e-04
-2.606890409051753894e-04
-1.803929546136399248e-03
-2.010544015182603615e-04
-1.965218674773343884e-03
-6.598129601478279883e-05
-1.817232489448871737e-04
-5.383206674901095268e-04
-2.647218018561400908e-03
-1.002271494002807952e-03
-8.854677576155350026e-04
-1.173878552494869731e-04
-6.623768340642610187e-04
-8.630693980048093940e-04
-1.932503521127917857e-03
-1.641886856978860224e-03
4.541205841510552140e-05
-6.290453927004535954e-04
-6.465184974260404678e-04
-5.654826471597976115e-04
2.444167336969796812e-03
-1.102268653738718756e-03
-5.993034296090240598e-04
2.719625318916652022e-04
1.383014591981476795e-05
1.628549886902144793e-04
-4.414400065061097669e-05
9.564107444293725558e-06
2.417816064099764342e-05
1.025228339584671760e-04
3.025504243763592238e-05
5.368599896895224120e-10
-2.986054129095736738e-10
-1.549544526141092167e-11
4.857931150668166306e-11
1.228058117229285640e-10
-6.384450905164868325e-13
-9.102994311344998930e-04
2.938383479131919176e-03
3.682921600379630693e-05
-3.335051092170768965e-04
6.116783868353178411e-04
-2.128629615948748690e-05
1.763915218300065864e-04
3.957531315011806813e-03
9.630488461498345652e-05
-6.287061394943874301e-04
5.564770617994770942e-04
-1.962326011370466647e-06
1.792890875960485462e-03
3.258398687866813446e-03
4.196916050491121888e-05
-1.015612028919864272e-03
6.347683443262312286e-04
1.858559524315700199e-06
2.510845679812064111e-03
3.636539855532861833e-03
1.311002824877592435e-05
-9.587787820190093102e-04
1.198703310728442941e-03
5.179971217355410754e-05
3.076889745235009740e-03
4.307114487538847743e-03
-2.182724403718591145e-03
3.643711303609251887e-03
1.576143426143494525e-03
2.001165102928246717e-04
3.229092750091390723e-03
3.639200558627401702e-03
-1.182638685120808138e-03
2.752748253521027262e-03
2.105914136875693902e-03
4.155347143824796681e-04
5.804738813583070964e-03
5.589992653922491901e-03
-1.643512021019908492e-04
8.923367770767577992e-03
1.567044049942845725e-03
2.383772547234493490e-04
3.600888496616615024e-03
4.402863666911658626e-03
-1.306508272263915576e-04
1.657249279738260295e-03
4.169714436521169618e-03
1.446300018498360423e-04
1.416663040448597460e-03
1.524614029691022951e-03
-2.528460029285111642e-05
-1.083016226672104955e-04
3.445037035702839742e-03
1.559019303597531828e-05
-1.009890911866899720e-04
-6.866413801310592129e-04
2.224990171579405401e-04
-9.775025773067864618e-04
1.247433357372867242e-03
-2.225963231415302454e-05
-3.063962235991173153e-04
-1.939047896591362084e-03
-6.829097772391596059e-05
2.445179693736920248e-04
-1.493795522517875340e-04
-2.352233130242270434e-04
-1.693539148463982247e-04
-1.796692927153127400e-03
1.505163900215609530e-04
-2.337711357536907816e-04
-3.259254880151129337e-04
-2.929103856087142432e-04
1.913938001384536377e-04
-2.687601889770452907e-05
-2.667261640576819569e-05
-2.172941935083888952e-05
5.466415362251136960e-05
2.956062834299632509e-05
8.960406346372614371e-04
-2.384189169293148610e-03
1.391631946257124901e-03
6.815729828467370199e-04
-1.283847740764823249e-04
-6.511589706956627340e-06
1.771495623057689310e-03
-2.814044014672037811e-03
-2.414506946141489556e-04
5.342591183767551573e-04
-2.514960410943391732e-04
-2.160475400273437505e-06
7.724590719675667859e-10
-2.489305749768641873e-10
-1.901081830350717548e-10
-6.772155082930348390e-11
8.399235842842253660e-11
6.286963087481718285e-12
-1.183665675455135161e-03
2.948645017017938880e-03
4.902153874365369627e-04
-6.494273862958562524e-04
-2.708748705228707435e-04
2.289029365226282499e-07
6.802618643200723661e-04
3.397517709499423260e-03
2.084690967732914790e-03
-1.011268336471758070e-03
-2.398424326275868431e-04
9.968112595072687667e-07
3.327033288976705486e-03
4.536382736563567344e-03
6.628629526982030527e-03
-3.488973864628340093e-03
9.421557646317008051e-04
-1.729300138048832698e-06
4.665906312457481810e-03
5.599832989762714396e-03
1.233916305042105643e-02
-3.397702637590113792e-03
1.300940996133836654e-03
5.620297192041561726e-05
5.730800134432114182e-03
5.903094682293234287e-03
4.713006203138225478e-03
6.767350939999413261e-04
1.520801246083885484e-03
1.907863410365531634e-04
7.774332636099694736e-03
9.015990460459923431e-03
2.254217438017065006e-02
-2.554085096589471982e-04
1.967113451625918889e-03
-6.430194208003411029e-06
5.757373866210371317e-03
7.484495774686804152e-03
1.552965499760203955e-02
-1.382040131296716462e-04
9.299762884297862412e-04
-1.189817704497167657e-04
2.544110531575640745e-03
3.766322982629942157e-03
9.367317913375148089e-03
4.262125723783196860e-04
8.509122006767163475e-05
-1.831313969582701610e-04
9.132127186483047620e-04
-1.433738785880510238e-04
1.558451560955915593e-03
2.746269408487815589e-03
-6.500808455979934647e-04
-1.128848284027380341e-04
2.738015286894108298e-04
-8.264689814419684012e-04
3.542529290220180560e-04
1.551564633080431679e-03
-3.385386916223467315e-04
-9.759379404884594811e-05
2.530590908741246086e-04
-7.180437773910040779e-05
1.106891335405464427e-04
-2.470324775459428285e-05
3.103745465699044281e-05
8.525845818784106428e-05
5.811211576904574613e-04
1.661538601845109937e-03
-1.429490965282687992e-08
3.823739041077954992e-04
4.303404724751647083e-04
4.187360729521510581e-04
1.242980232538828771e-03
1.938452956679347517e-03
1.705643030448136376e-03
4.730276425520638529e-04
7.687509083060057235e-04
4.805437137625667341e-04
1.354425225608781903e-03
3.083821512074795372e-04
5.276876690573619128e-04
-2.329778412591858641e-04
1.278693760956495533e-03
8.434145284247725931e-05
8.073216629344931667e-04
-8.898874145138944676e-04
-3.384029132898448635e-04
-6.628702364554813625e-04
1.200569704968589869e-03
1.352750258294061645e-05
2.301251776451706976e-10
-1.929864950073693036e-11
5.217137019853130385e-11
-2.149786536482675804e-10
-2.866269787944959376e-11
1.706625428340304355e-13
-5.852554949358332228e-04
2.513987960000909141e-03
3.615788018826308989e-03
1.189609669246015567e-04
-1.672965597022014290e-03
1.095707653661479652e-06
1.724524068337017968e-03
4.055025981897102116e-03
1.326561034625300603e-02
-9.521857473571174136e-04
-9.733047398308098189e-04
7.350887133441291477e-06
4.940676758709066675e-03
6.635577531278540400e-03
2.412010055627482677e-02
-3.254490142198058957e-03
5.230339837433771281e-04
2.336836904399621260e-05
6.866994874517438896e-03
8.955856774599143394e-03
2.729101985037423600e-02
-2.205575641740917768e-03
1.306186986911711837e-03
3.856229495106997771e-05
8.427611908322417064e-03
1.023463727124388802e-02
3.443257549650997895e-02
-1.660238710702016522e-04
4.009955438357596475e-04
5.048745753779396408e-06
5.919399675407484816e-03
8.286409201465139499e-03
2.143502356075993251e-02
-4.082909803954174193e-04
1.040406323133880777e-03
2.570103139342171306e-05
3.713297355274336378e-03
4.533606706057935129e-03
1.436589172225454653e-02
-1.900234396023828905e-04
1.553963358827590121e-05
-1.053918827848273292e-04
1.723725242976962072e-03
3.096691737619725764e-04
6.229559243108413573e-03
2.556198697730475912e-04
-2.920314582462865617e-04
-8.870422823547892031e-05
2.916537268900148755e-04
-1.817575675320196721e-05
3.432666029842217743e-05
4.977127797144705008e-05
5.682390541234914064e-05
3.891324935173553329e-05
2.320092419984067270e-04
6.374885349352287824e-04
-3.108815701145899711e-04
-1.857166564660782263e-03
4.669483573440954649e-04
2.148179697773810255e-04
6.695672309347966032e-04
1.870711888359861312e-03
1.097223243075822851e-04
-3.782827765635845630e-04
1.834322681250183645e-04
3.313997833275325209e-04
7.583116907374862084e-04
2.839432030463716859e-03
1.181734696937974819e-03
1.217417785778129565e-03
4.899713656631219218e-04
6.034107778111814273e-04
7.730854757569822740e-04
2.999187241759789218e-03
1.458288307912553169e-03
1.585720734196503605e-03
1.213191481175425858e-05
1.429616054071954469e-04
4.671618395655590642e-04
2.214290336969407507e-03
3.243641527342727661e-04
-9.942889367261901774e-04
4.985515261509105645e-04
4.517716880231749269e-05
6.807831418431689011e-05
8.092376009135776637e-04
-1.563494958632515724e-04
-2.399181122794886902e-03
2.108743748743680934e-03
1.733395342966730687e-05
3.569037223991300451e-10
-1.706265219140594032e-09
5.590182682734127262e-12
-4.869045760849322026e-11
3.390977762158976614e-10
8.967917831171024161e-15
1.075679944421516643e-03
1.730348820037666232e-04
9.412510460577517765e-03
2.652397216695553451e-04
-1.202864489600132241e-03
1.047454123391264773e-05
3.696890412391701502e-03
3.702417364250866396e-03
2.402263546622611726e-02
-1.172220141137733304e-03
-4.625475185200998512e-04
3.503459150258404176e-06
6.617305976089830899e-03
8.319160946360516784e-03
2.998790223094975962e-02
-1.820744785291026008e-03
4.393139948967944922e-04
8.596718118324671193e-06
9.415549763906407368e-03
9.481374011508553537e-03
4.403023278995051720e-02
-6.232174785696429188e-05
-9.827565059802226396e-05
3.896203561926606259e-04
5.911525455841585772e-03
1.119517330048504580e-02
2.852752557969889455e-02
-2.330296996322735507e-04
-4.651607359523205138e-04
1.785999986527183161e-04
4.005957035243509594e-03
4.088315461178514132e-03
9.627911075070973157e-03
1.405704142614576206e-04
7.891424762789773584e-04
2.213577317458554120e-04
1.038096670109537809e-03
-2.295877229283200676e-05
-9.094163608452516233e-05
1.179452160286249904e-06
6.001187237041124553e-05
1.463531712104389329e-05
-8.889101521708932079e-04
-5.421995884041857713e-04
-8.254239144558781632e-03
-2.220936427333449295e-04
3.683575648953644642e-04
1.242561377246826759e-04
-5.536292399492621008e-04
-2.382968375885372210e-04
-1.963711276858321354e-03
-2.941529798093730878e-03
8.137731112928979146e-04
2.687067142075831149e-04
3.633898787161004120e-04
6.631434243680929021e-04
-2.008700814627194296e-04
1.392293709936832805e-03
-1.836170272897290952e-03
2.601009524686141044e-04
4.263235495217260738e-04
2.058274956495477134e-03
2.632158489321571220e-04
2.666911637595414507e-03
1.341096106217789022e-04
2.936395060969591527e-04
2.631411995943645755e-04
2.934523523557051525e-03
6.278234205140886207e-04
4.617812731819137193e-03
7.736150766539605893e-04
9.793765103830941144e-05
1.513867244441031393e-04
3.743285321341183539e-03
5.653313307178450082e-04
3.414498943048185301e-03
-1.886358546982642645e-03
1.606368027532377555e-05
-4.839748356340609417e-04
3.269992885920910627e-03
2.206715586907507013e-04
-1.656702270012275473e-03
6.478427703117086616e-04
2.700228770464184184e-05
-6.095482424874327067e-04
2.899079395105821043e-03
-2.427125666873661356e-03
-1.529386931158102430e-03
1.758960581919805045e-03
-1.428434379279168761e-06
1.219247939084801092e-10
-3.114426150960572152e-09
-1.794353314185346722e-09
-5.383341298631340722e-11
5.037956874227598678e-10
2.255621654523658292e-11
1.843120045841164373e-03
-2.473572195630300858e-03
1.166075211140721150e-02
1.980343433157045953e-04
-7.763561791628398020e-04
5.668290884897709208e-06
4.007772889270130347e-03
4.760789233672946957e-03
3.192158064176277982e-02
-6.216311836121377402e-04
-1.227244615119651723e-04
1.385001508664690355e-04
4.563486534976552052e-03
5.796218869510546580e-03
2.985026236146192877e-02
-1.432401194112188051e-04
6.069484225035782831e-05
4.217002779750922761e-04
6.366519169932514412e-03
5.353512542776183748e-03
2.619307605119471430e-02
-5.746529647416691197e-05
2.344747981351325613e-04
4.286928360264101771e-05
4.226658543755467193e-03
3.828342971417561611e-03
8.988498269825433845e-03
1.088305900440770878e-04
6.911733965780624944e-04
9.812983937712826390e-05
-3.145596335069527965e-05
-1.467756332246255701e-04
1.186286113780493320e-04
-1.527645333782644688e-06
-1.165083092071959837e-05
2.515226640721692550e-06
-1.927178244889992710e-03
-3.788889474778458447e-03
-6.947902820669650883e-03
3.597239381885863332e-04
-1.037136420913786300e-04
1.075465535077379923e-04
-1.597485298920393697e-03
-4.098285814935247011e-03
-8.777058068200194532e-03
2.811743079896147977e-04
5.922336878916133744e-05
1.709110415513800029e-04
-9.517765955788416591e-04
-2.374903893230707105e-03
-3.447348573745066033e-03
2.711013749126085998e-04
-5.480984036834315272e-04
8.798059036693745970e-05
-2.048520571510372085e-04
-4.655990652585863753e-04
1.237587216433658221e-04
1.015344653133437580e-03
-6.074323754922584693e-04
1.803720196868454430e-05
1.715403305755447492e-04
1.513440411519961348e-03
9.861527249118641112e-05
2.550015940087704824e-03
1.236972570457128828e-03
9.094911144062651522e-05
1.603109537779515712e-04
3.341356069744107378e-03
3.574786573166986790e-04
2.976418243352440835e-03
-7.247499625989804609e-04
5.896783309556019549e-05
-1.348574459552223214e-04
4.014150431656400043e-03
1.750422326442846238e-04
2.054697125939525216e-04
-8.951848286858711578e-04
3.868772607929714087e-05
-3.576754868562660836e-04
3.186598982025755540e-03
2.966777124029611998e-05
-2.566812192566993514e-03
1.692444629739920780e-03
3.832439515307649373e-05
2.435781012128777830e-18
2.147051555340315080e-17
-1.839089137121739721e-17
-1.558441622496439198e-18
1.967661123167802989e-18
-5.470942074151457159e-20
9.428849836092573645e-04
-4.338098824033220433e-03
9.638127143431473101e-03
1.468489321518593230e-04
-1.059776823852478763e-03
6.918623672075494804e-05
2.486408677230574852e-03
-5.172583623342636534e-04
1.788221226271908756e-02
9.814692909040067528e-05
-1.053009170187626728e-03
-6.593564717018380278e-06
1.631635244505880806e-03
2.352746587694507820e-03
2.162070941344034977e-02
1.029886391181978559e-04
-2.286757039843298440e-05
2.686975428460112444e-05
3.413637003870575049e-03
1.269568896315398582e-04
2.021396739105659271e-02
-5.423650986456821603e-05
2.697092701776153357e-04
-2.828755732948017455e-04
-5.036702253502717622e-04
-6.207041225389810495e-04
8.521927378666705572e-05
-2.514125696584547167e-05
2.141479656384054114e-06
-8.424924657361105630e-05
-3.780847682062546140e-03
-4.088554720123990273e-03
-9.295851866205816216e-03
-1.249069691490587342e-04
-7.617907289165473834e-04
-1.671124302546066773e-04
-4.388058359412502600e-03
-7.756982368971209428e-03
-1.311556010593889487e-02
1.296703427074696749e-03
-1.150515503328422952e-03
1.291272032985597753e-04
-4.328426715949873840e-03
-8.685329370314518946e-03
-1.523432364173071991e-02
9.949474300040511785e-04
-6.016877908330822353e-04
3.076456814299511483e-04
-3.083195553772151778e-03
-5.324424426886061566e-03
-9.601262825238071402e-04
-1.701246866274113432e-03
-1.240054011061431267e-03
1.120380259060796229e-04
-1.616006856776428142e-03
-2.336055754704242753e-03
9.892277658515695200e-04
-1.295719709292097359e-03
-2.427837155751551811e-03
-1.718477901305761300e-04
-1.820961101338327984e-04
-1.497493242770522512e-04
3.258260317452231838e-04
-2.840657157248969501e-04
1.166258741628062307e-04
-1.968378137749567894e-04
1.352248542428866919e-04
1.332020948224885712e-03
1.902642566844481851e-04
2.471049374016535093e-03
-4.778218506928412750e-04
2.766068128220189687e-06
9.565887258301239470e-05
2.390090476364959728e-03
9.556923474408343059e-05
2.438644198669677726e-03
-2.223987867164389527e-03
1.359099761449223457e-05
-3.331543396266096069e-04
2.577922699184669215e-03
5.364799602155379796e-05
-1.392394120379713716e-03
6.342095945113320355e-04
-8.019880988851696852e-06
-3.972948925540700088e-04
2.606458178752389492e-03
-1.699381021257897377e-03
-7.030369178845208679e-04
1.694397267516069023e-03
-2.416097576253713785e-05
-6.940217660341667951e-11
2.654628726544589777e-09
1.304275865859652056e-09
7.820288985167870299e-13
-2.951636447873736847e-10
-3.153439421409333858e-11
8.735651064113334960e-04
-1.677357456906118389e-03
8.221554649704759452e-03
-1.958644816425863220e-05
-2.685315437250609819e-04
1.327189730489316776e-05
4.087937635807164117e-04
3.994176028672567140e-04
6.947348645309642419e-03
8.125779339594894001e-06
1.046760026972021337e-04
2.212795233072257185e-05
-3.298502995057746274e-05
-7.709035686042302977e-04
-1.227297157879577653e-04
3.391735349488551106e-05
-7.464672609597817147e-06
-4.038782929215603508e-05
-3.330043927349880892e-03
-1.132328858318134386e-03
-2.337768397071965376e-02
7.759461243129010517e-05
-2.892267784650321945e-04
1.990425800270220953e-04
-4.185041365176973317e-03
-5.189777627873408232e-03
-2.701493502416854250e-02
5.652998218544946118e-05
-2.141045552741074648e-04
-1.955764037458254136e-04
-5.801713954524857601e-03
-8.374030349325265951e-03
-2.192177500056452163e-02
4.761938337898762529e-04
-1.013714181036960357e-03
-1.325544449601574191e-05
-7.109701790772319542e-03
-1.002570243158742644e-02
-1.842293697458892432e-02
2.657400859752238344e-04
-1.687136531979482488e-03
1.239118252261747343e-04
-5.376953205565508480e-03
-6.385571859231407854e-03
-3.539123556989736807e-03
-1.902710874043509609e-03
-1.267897896420782690e-03
-5.493914350521634013e-05
-2.821812509674188202e-03
-4.434974717088303181e-03
1.982653840460210453e-04
-2.559794952280093541e-03
-2.033586792854315175e-03
-4.635382870282452397e-04
-4.892619946507508182e-04
-2.453754873198071840e-03
-2.377798501631863927e-05
-8.911239363590505846e-04
-6.844835638763451923e-04
-2.418245688764951125e-04
5.286870515576163866e-05
-6.806072545370668364e-04
-3.324099184529420454e-04
-5.939597660428617900e-05
-1.768438479144307399e-04
-1.259615282623675339e-04
1.590038977873058242e-04
1.987196985683592249e-04
-2.822360598435772502e-04
1.076281522385669990e-03
-2.179695477822420242e-03
-2.432732943512970864e-07
3.182152238461163408e-05
2.720599673353699599e-04
-3.445747059076520729e-05
1.868776005715168083e-03
-3.060134699922918179e-03
-2.187298233514802624e-05
-3.043279979859717099e-04
8.249650013579609036e-05
-6.703917895061331034e-04
-9.018245743776119507e-04
2.454796294609771449e-03
-1.406958374923081834e-05
-3.868395383017751580e-04
-1.104304784297185156e-04
-5.019504877563846397e-03
7.694868526880759615e-05
5.461900453737372112e-04
-3.633971151566226448e-05
5.892359478979409949e-10
2.103682582973485415e-09
5.893193346150191029e-10
2.726043927408213052e-11
-3.203180163542822614e-10
-6.350647116827991683e-12
-1.036186031085594434e-10
4.242114908293823334e-12
-6.173779663337085959e-12
2.131819487428625233e-13
-4.441741669488565222e-12
2.520371897802433527e-12
-4.968422281068114862e-04
-7.219756254827828894e-04
-6.744830605882044458e-03
-9.189196528290814517e-06
-1.042255706882239444e-04
-5.600707544128422240e-05
-2.037301471600479631e-03
-1.795706546448016389e-03
-2.146704560535480158e-02
-8.645128504491944718e-05
1.988477328121061784e-05
-6.131249662871013253e-05
-4.083469444412993546e-03
-3.849213522888396410e-03
-2.793194814305509366e-02
5.957001512287060771e-05
-1.509624678065301490e-04
-5.521142734214828625e-04
-6.202442744301010433e-03
-7.059744166769025414e-03
-2.533421822891331054e-02
1.861055202824966860e-04
-1.083162999989393735e-03
-1.253275875558259071e-04
-7.657333760956428620e-03
-8.989037766190267550e-03
-2.148746141177738933e-02
2.778249176914273809e-04
-1.937424913198443387e-03
6.593552297119863558e-06
-6.483069992137215423e-03
-6.349137911955498453e-03
-1.589044664127009857e-02
1.027651050278910298e-04
-1.558141936162496348e-03
-2.030654806346211274e-04
-3.595867911628044741e-03
-5.264998164138535997e-03
-2.973008634255662428e-05
-4.868127791753717147e-03
-1.413239631950499470e-03
-7.714177447441420516e-04
-1.084092824239038608e-03
-3.594067382428766874e-03
-4.501390086881136587e-04
-1.275287721245549778e-03
-1.144829230015744501e-03
-2.550775830095675816e-04
-1.114606600210148185e-04
-1.447687959052406086e-03
-1.137409842882187473e-03
-5.846712481313330123e-04
-2.707287509723114788e-06
-2.467098707266435773e-04
-1.064315660735537928e-05
-1.325009501101476975e-04
-6.490101551694020619e-04
-1.803593136008680375e-04
-1.602279639885398213e-03
4.297003540183728807e-05
-2.153004802225913495e-04
-1.393439658736248931e-04
-1.964381984670413635e-04
-4.178304742715633496e-05
-2.471150404332226637e-03
4.630920189964653747e-05
-3.631316589990291098e-04
-8.539852328235850946e-04
-2.443062658684629160e-03
-1.367956342108225787e-04
2.548899940743216161e-05
-4.051370302871800115e-06
-3.717357370647023400e-04
-1.391098565836656293e-03
-5.245855138486581366e-03
-3.459165697544016303e-05
-1.007755034373072602e-04
-8.736356886645586404e-05
-1.581854625319491605e-04
-6.702730689893898145e-04
-2.305284208758572387e-03
-4.986500837553982921e-05
-7.169523249519139379e-06
-1.608895705431312849e-05
1.612095050334995795e-04
9.016522629795651732e-04
2.175086184445071315e-03
4.739762646359919700e-05
5.717932494380669580e-06
6.082297650846079963e-06
-3.357404007178310517e-10
8.476807875967114299e-10
9.975209166279693314e-10
-4.961926129045039602e-11
-7.486343891502386670e-11
-1.709174844413168070e-12
-1.048573284983951711e-03
1.625537673458519669e-03
-8.299040112810270389e-03
2.961764270357355268e-05
2.551868827114817822e-04
2.455954769020964496e-05
-2.636795557455346578e-03
4.007310648824178342e-04
-1.786705179718853231e-02
-9.672339007083346455e-05
9.738642456044060199e-04
1.744060629935321064e-05
-3.537473979737408136e-03
-4.899112839797427517e-03
-2.132774506081220808e-02
5.897690995341830578e-04
1.015329034360278873e-03
-1.010582383409696890e-05
-5.110267735358529212e-03
-7.148544471065882214e-03
-1.916337206108053789e-02
2.154410389763195075e-03
-7.598449880117640618e-04
-9.956254653422212477e-06
-5.634872748123275106e-03
-5.774857419101994856e-03
-4.815430839389596776e-03
-7.038124535191170664e-04
-1.508445870224628654e-03
-1.984360583974172684e-04
-3.589820728741277469e-03
-5.316725681100474207e-03
1.150378029929870725e-03
-5.532493850599179940e-03
-1.473446657861898854e-03
-5.862796984474422319e-04
-1.133956203337401153e-03
-4.305238800509302369e-03
9.916381753359555882e-04
-1.444232439088757912e-03
-1.350805726064428043e-03
-1.902657064413027085e-04
2.711028494230141168e-06
-1.924909503082997174e-03
-1.910984005199395667e-04
-3.322034300358650354e-04
-8.709578274690714557e-05
-4.047316303658020625e-04
2.352107799846879684e-04
-3.035501015170129820e-04
-9.562345650830054869e-04
-2.089860739191627096e-04
-5.750447549501951647e-04
7.616686798970393163e-06
3.246836708340926836e-04
-5.957187168693574996e-05
-3.734923044655020802e-04
4.145308488310016832e-06
-3.037633116207829145e-04
2.515556712642276200e-04
2.473319598005220945e-04
-9.200980662566257814e-04
3.803569932953427212e-04
-1.214455316959518012e-03
4.474846098780262821e-04
2.026458927239043438e-04
2.030203684793935271e-04
-1.088764799610237059e-03
-1.853536080792986696e-03
3.288959359280408529e-04
1.793965377426328810e-04
-9.941780719315395561e-06
-3.969524781157553238e-05
4.478740347600940831e-05
-7.527798451115763384e-05
-6.185507718861315012e-05
-1.450526740589307182e-05
-2.975208692228465635e-05
2.580439907608682673e-04
1.424188054271837518e-03
4.087701795218550739e-03
3.669791263013845776e-05
1.731898315400179388e-04
6.268494772288362164e-05
3.771834033415088030e-04
1.043777543909120371e-04
4.429985530353118192e-03
-9.379481258980663038e-05
-5.211750423079711692e-04
2.958675766346951846e-05
-7.964394205972213968e-10
2.416131097797992217e-09
-1.041670341590111674e-09
-2.181004936864919523e-11
-2.947898967528836784e-10
2.283722315429963000e-11
-9.837423028968052003e-04
4.067374973671479717e-03
-8.613876968115014715e-03
-1.359767927549447250e-04
9.500777809601062803e-04
-5.090007593392329702e-05
-2.295174218539415383e-03
2.348417232896206439e-03
-1.398742262437700432e-02
-2.314020807154451966e-04
2.136311428166998063e-03
-7.320974709544449410e-06
-2.097812049162988465e-03
-3.606146055672159768e-03
-1.217304628671974503e-02
9.640654797740273165e-04
1.337739470438905178e-03
1.917366175683963029e-07
-3.206702817824001739e-03
-4.734870747202414056e-03
-7.096580062739337932e-04
-9.222009326235420601e-04
-1.350074770625276201e-03
-3.688718524395200802e-05
-3.065422777986507186e-03
-4.354418561857952182e-03
2.222895504739356553e-03
-3.777487993596952923e-03
-1.611207769140640851e-03
-1.965106720833603737e-04
-1.186869559828171135e-03
-4.036497088377275118e-03
1.748440973466769844e-03
-1.032961940957305338e-03
-1.165044590688323403e-03
-1.479589393255260617e-04
9.246377565918994892e-07
-2.423282568311074109e-03
6.063454151947208310e-04
-2.347711780052484052e-05
-3.468396328052836416e-04
-3.870571572119266951e-04
5.271310416921716523e-04
-5.020998960856074000e-04
-6.442566773998818807e-05
-8.512843676592459061e-05
-2.809482566182626174e-05
-1.167202434052921857e-04
7.256587191465519978e-04
7.580957500776022955e-05
-1.198320562954562800e-04
-1.494024123600553124e-04
4.518080628130431730e-04
4.706552602764595638e-04
5.195768630775911669e-04
-7.072655944235329640e-04
1.509047924661843798e-04
-9.415409311033086728e-05
5.136988368089059551e-04
3.605102219644610554e-04
3.834636476307031594e-05
-5.889419961633737963e-06
1.505508960535130824e-07
-3.408841587524466770e-06
2.028530154878794191e-06
6.532099291568962799e-05
-1.806932716762177902e-04
1.040853301280248149e-03
1.563228804689403275e-03
-4.372387476575037286e-04
-2.189506840517997785e-04
3.716271459545968866e-06
2.490764318315136748e-04
8.640365910841359479e-04
2.083447745485664509e-03
1.324633227802746584e-04
-2.290305261984263718e-05
3.188778929347084009e-06
2.525372753278821818e-04
-7.265264502429326344e-05
6.622743645127342552e-04
7.396760514766668798e-04
-2.322958149479965265e-03
1.083047936213296151e-05
3.652554058117414549e-04
-2.274433668955102000e-03
1.615326430300477586e-03
5.988174205415840558e-04
-1.496960223213851136e-03
1.846067174366518833e-05
-1.183152554806582737e-09
1.087050300719952546e-09
-1.126870014400061848e-09
3.141298511877671845e-10
-3.101357802086619397e-10
8.959892976124401191e-12
-5.439564039310791849e-04
2.514227111988053334e-03
-2.392116818196501557e-03
-1.409712029764893055e-03
1.526944034267425400e-03
2.844134329010019895e-06
-5.112462377626731877e-04
1.339340031059644827e-04
-2.095046786647484279e-03
-2.530207502023754194e-03
2.996203336228326231e-03
3.354130564972547679e-06
-1.039847105730938755e-03
-2.538867223040126072e-03
-4.164958531169185747e-03
1.328956104427769227e-03
1.375780567688621159e-04
1.375446232251642254e-06
-1.920506114972165244e-03
-3.235243023820820810e-03
1.786562073349922059e-03
-2.022620169880496536e-03
-1.170451304919132565e-03
-4.376302001127308931e-05
-1.586486150004342947e-03
-2.990525706514615429e-03
9.040192506597579704e-04
-2.610029297229209708e-04
-9.201487709774319344e-04
-1.163461286099175566e-04
-9.611218784770081533e-04
-2.277255842518918511e-03
6.071885055160052236e-05
8.384163288788374973e-04
1.389315156259713789e-04
-2.518875108032764222e-04
-1.973649884505204928e-04
-1.222107229728964205e-03
-1.838082465564590186e-04
7.240086543265971883e-04
1.041467979705750630e-04
-3.638872455423262930e-04
1.150119610908134610e-04
5.907828502017563104e-04
1.612260461948717034e-04
-2.097258396423380407e-04
4.487761890823785123e-04
6.886138065459369460e-04
6.581293928658590127e-05
6.077316653990751127e-06
-5.815479460507228825e-06
1.748388740745057427e-05
2.416607617534160559e-04
1.805342689961250875e-04
-4.370711927940741930e-04
7.373838348699946268e-04
-1.999023275690220219e-04
7.342213351504261185e-05
-4.111763328998850890e-04
-1.819808355680572521e-04
-2.429599447492070640e-04
9.524394101974866748e-04
-4.004126445993924730e-04
9.890027998563674476e-04
-5.029521103466860852e-04
-1.465605348107066317e-04
1.950590291482207333e-04
1.531845528874840347e-04
2.293472852199927229e-04
7.246199753008291885e-05
1.742513596352433802e-03
-3.847823175837560629e-05
-2.606771887216976843e-05
-2.684057648334184842e-04
5.982468967517570843e-05
-1.475985418651414071e-03
2.891428857935917762e-03
8.479044679123796851e-06
2.825482503228999740e-04
-2.516842062335590720e-03
-2.118301196753813294e-05
1.203667758664395040e-03
-6.495902549874452408e-04
-2.753627108552536047e-05
2.933392824165204993e-04
-2.877240650339415225e-03
-2.110645358555057643e-05
2.474926515835838576e-03
-1.539448175025260896e-03
-6.819932997601737829e-05
-4.021786585203599250e-10
6.294992234408656772e-10
2.241953875182927262e-10
-1.517397345225770639e-10
-2.955825680730645642e-10
-5.417748424787112379e-12
5.283860412861528878e-05
7.168830603529991559e-04
-1.369581267812140118e-04
-2.364385529631970323e-03
1.902059230552104315e-03
2.143264327693808249e-05
5.196093222668213881e-04
-1.591521139517591745e-03
-2.208358581700537728e-04
-2.127290878565936145e-03
2.594713447651222308e-03
1.176803110483954940e-05
-3.524260278257081310e-04
-2.907438047750336273e-03
9.390656086747616298e-04
-9.474806901857281242e-04
3.254660117106007548e-04
-2.724500027467486076e-06
-9.082859652906286746e-04
-2.946327986440827780e-03
3.891062011366656025e-04
-8.147205554688455136e-05
-8.731042011254351891e-04
-4.041547832713379332e-05
-1.404554912012340347e-03
-2.364443789826647154e-03
1.860334360124365360e-05
5.062846708772048834e-04
1.059059116405518768e-04
-1.451434484559291870e-04
-1.761373302565055581e-03
-7.524542377841924581e-04
-9.991015927888861892e-04
3.397053834523922219e-04
6.471850605034575954e-04
-1.855357532810904091e-04
-9.051433209526316224e-05
5.127335893750999243e-05
3.699473633784098009e-05
-2.142269062276458865e-06
2.200322668114292838e-04
6.062451271153039128e-05
-9.585982609022762775e-05
-5.734409753168237620e-04
-1.336920113590264378e-04
1.676868037558574230e-04
-2.301093656139343527e-04
-4.866080436311820824e-04
-6.656433825997813344e-04
-2.916818352447621764e-05
5.701157693122565302e-05
7.556688549475450807e-05
-3.877610902337676451e-04
-3.493942643597013347e-04
-3.225694516613511497e-04
9.801563947439849889e-05
3.369898348954924170e-04
9.672571134024071876e-06
6.068576139209387648e-05
-1.928371369609458775e-04
1.931293957428970980e-05
8.979853488331313418e-05
1.009057034450803808e-03
3.879854560694522025e-04
9.458211318463256422e-04
-2.893545209470238625e-05
-1.374405892255511213e-04
-2.257993737212778259e-04
4.112234340320143795e-04
-7.893947719387943646e-04
1.647582223357786993e-03
-2.599642866483141899e-07
-8.025775860822891559e-05
-2.166836739868113933e-03
-2.296849124343643042e-06
-1.747784154700549953e-03
2.050773627848829442e-03
-2.275635037359375549e-05
1.100729176169765297e-04
-3.616482010733930962e-03
-1.240320512915881856e-04
-1.562221000260048903e-04
1.244800225784523789e-03
-4.891976679829409456e-05
1.371706444213755991e-04
-2.590205218006312159e-03
6.250220493945284118e-06
1.219354342109344944e-03
-1.501832881539648824e-03
-3.482624623288684473e-05
-3.975312425667820772e-11
-1.223609777597955781e-10
-2.064132752747684080e-10
-4.839655511657828348e-11
5.770773486040735028e-11
-1.300500062997458906e-11
6.314565756535535455e-04
-7.745495686828760993e-04
-2.995470485546397978e-04
-6.276639815004905667e-04
1.189422010783044905e-03
1.934601685333616110e-05
5.968717930039638304e-04
-2.983063290441421121e-03
-2.022349916897774990e-04
4.413624539555734833e-04
-2.426472612478462553e-05
2.967938083545680932e-07
-7.133915944830720773e-05
-3.264381918416101210e-03
-4.593787953788681472e-05
5.016505956320543901e-04
-5.225855227448026295e-04
-1.978473477771649746e-05
-1.768611686413352709e-04
-2.730041289761105192e-03
-2.371515027512017604e-04
1.261362463382047986e-04
1.950294425552433393e-04
-8.865762198553703765e-05
2.281838049593934057e-04
-1.078985774196561864e-04
1.218810390219094939e-05
-2.411990600662042544e-05
-1.182637200791417158e-04
-1.902425005252950717e-05
1.724452603718388015e-03
7.645459368469942341e-04
9.790784419858198848e-04
-3.197112855696980179e-04
-6.952833392584403414e-04
2.079314831172977796e-04
1.804541609989835987e-04
1.196582598822242514e-03
1.146751964745924910e-04
-6.027541880251462841e-04
-1.119076619189460572e-04
4.383510361723353820e-04
-4.789078084922527342e-04
4.392539318716725096e-04
5.837314149692500144e-05
-3.025149244066893968e-06
3.836092844889019653e-05
1.112408508141769363e-04
-2.003572382153040292e-04
2.544937524383034002e-04
9.942156944514242162e-04
2.615168872149584503e-04
2.654919644348922685e-04
-7.114701279993705936e-06
7.001155123771553941e-05
1.214920364735467715e-03
9.945542857254876818e-04
8.474470425366044260e-04
-3.168154520793813220e-06
3.537550821092419625e-04
-4.416274039145867464e-05
4.889675675390003700e-04
4.416623990151403740e-04
5.936447391573027987e-04
-2.089040213094618559e-05
1.760626419376313027e-04
-8.375850050546012259e-05
-1.358507405303793899e-03
-1.074490481696991397e-04
-1.204554592820430590e-03
5.226846066552803035e-04
-4.513298237179856002e-05
-1.141191233053410586e-04
-3.198748641491262409e-03
-2.685646098442446552e-04
-1.873755017965727165e-03
1.070399801492318134e-03
-9.208434281203310896e-05
-1.827171617848763409e-04
-3.429471396582802530e-03
-4.162314412308531575e-04
1.817431131768000693e-04
-1.614828843729674732e-04
-2.447597448187564676e-04
-2.555885866562661616e-04
-1.681008640738812379e-03
2.403603444214218393e-05
5.462565044413856446e-04
-1.232419647140359101e-03
-1.887932729883430648e-04
-2.178833463289525210e-10
-1.055537453742124994e-10
-2.223165911036547693e-10
2.215262302707941346e-10
8.954758138593049466e-11
-1.928199635863306832e-11
1.338233755156076430e-03
-2.549456977922883155e-03
-2.266876467557929844e-04
4.142326770779584792e-04
-3.386716281219139348e-04
1.589711033956078593e-06
1.701700156035899588e-04
-3.038218777128862211e-03
-3.099279879216667981e-05
-1.326604595392008481e-04
-7.612282504325230503e-05
-3.637750039814365108e-05
1.066405607297586750e-05
-3.009894550341847986e-04
-1.322557376682584270e-05
-2.458443544779255821e-04
-1.310159298169704669e-04
-5.844411133096811742e-05
4.421234257213083529e-04
2.128695180138189848e-03
3.186021948761706170e-04
-3.498166221484653136e-04
-4.223151183669793967e-04
9.474549303684247085e-06
1.808591351000128503e-03
2.310183660535144751e-03
7.485735188470575932e-05
-6.347303762877605157e-04
-3.443035930953331674e-04
1.227857053229788528e-04
9.818759109171141999e-04
2.226241082558840303e-03
-5.952919584470988708e-05
-8.004275677766289204e-04
-1.542594649275248796e-04
2.663730277362106593e-04
-8.683875048500654386e-07
2.288147112851345380e-03
-5.557444588599959497e-04
1.017657811984696675e-04
4.219238601205503505e-04
3.665447758871940719e-04
-2.312274056930625981e-06
1.728806266771102220e-03
1.729151328082893704e-04
4.410979880456116311e-04
1.095212356004590204e-04
3.977189518865343059e-04
1.030332533267693798e-03
3.207444677670725358e-03
3.347206161654449948e-04
1.209714092985994744e-03
9.622890993272380190e-04
2.822070389191465279e-04
5.684200723156924246e-04
2.061121956511317160e-03
-2.621933538299237769e-04
1.015058640370017536e-03
4.905509749406479318e-04
3.474137380756271752e-04
2.618434059566553292e-04
-1.633453848617616433e-04
-3.609570924152609569e-04
6.591977359342572574e-04
-7.111665505135873809e-05
3.593798689108263769e-04
-8.343012366180305281e-05
-1.470476603970319361e-03
-9.821842929318684188e-05
-1.577170523530427694e-03
-5.676755670776550316e-04
-3.655237615202327811e-05
-3.906629159984153642e-04
-2.277695501333421545e-03
-6.103927858481555035e-04
-8.529783388248189007e-04
-2.058572277546903966e-04
-5.901872190206526808e-04
-8.903357058295434867e-04
-2.161595389581774922e-03
-1.240379856647893251e-03
-2.032218911772441263e-04
-1.537625599435575542e-03
-5.661385256319513689e-04
-1.176185551893390961e-03
-5.615059395691597913e-04
-4.042336048694156127e-04
-5.938773265938044428e-04
-6.173989917308437278e-04
-2.490867664811076757e-04
-7.722883570744060378e-11
1.449828493762174006e-11
1.452455165836862269e-11
1.205289062142444426e-11
-1.619155527997555745e-11
-3.917797595052153286e-12
-2.001308494206516242e-04
-1.664524868108625745e-04
-8.147996201573151455e-06
-2.308059109711296634e-04
-1.047663392139944920e-04
-2.251733274028809977e-05
-3.694764284641158963e-04
2.997673678263921768e-03
2.956520529003048449e-05
-7.361880068296851798e-04
-2.281407825087341547e-04
-2.273283164857159465e-05
1.057998013584351976e-04
3.218282604825093915e-03
1.882743821740930789e-05
-9.633056516358843788e-04
2.347407264790998241e-04
-1.910024419598423790e-05
1.136773961479358363e-03
3.184611142569057640e-03
-3.756202022338168359e-04
9.022892328099955050e-05
5.403987014719230679e-04
3.029485887469814991e-05
1.761451257645387262e-03
3.055480489723050048e-03
-9.374286630074515902e-04
2.574403388724003571e-04
7.455776079211957853e-04
1.119423966092710393e-04
1.195128596282827096e-03
4.088685837485921647e-03
-1.727928866648434760e-03
1.010158036010920090e-03
1.147722273573722595e-03
1.310640885578980117e-04
1.055949131622503298e-03
3.974057108625275031e-03
-9.179531032885121814e-04
1.432342977380712682e-03
1.426920748558014977e-03
1.415919246618189216e-04
3.576244239730609186e-03
4.875560812385284180e-03
2.753661699536028191e-05
4.203555373954092830e-03
1.467495622605833726e-03
8.600304788374261078e-04
2.974506763803763752e-03
3.724448534519113427e-03
-2.794907922025138434e-04
2.212447974044300276e-03
2.011358206105580936e-03
6.979307494791357975e-04
1.657572637560286201e-03
1.875210276131008234e-03
-9.658906106970568993e-04
1.300286738440904017e-03
1.735814130422162456e-03
4.339224066066840833e-04
3.552807634880048330e-04
4.573984869562664618e-04
-1.042824750065978053e-04
-5.356365810963881636e-04
3.483624985583247879e-04
1.906965411418973699e-04
-5.208204318452365087e-04
-3.118336948624315041e-04
-1.713882748372770072e-04
-1.712668150421143079e-04
1.195229171041391301e-04
-1.440203881708069058e-04
-9.521369680724947994e-04
-6.970610071378658323e-04
-1.287993757043194056e-04
-2.572925901776237879e-04
-4.808148856044955344e-04
-4.230498270068572503e-04
-1.153872783271231309e-03
-8.030046094340527680e-04
-1.990114368712279751e-03
-4.143017338983501891e-04
-2.241922639817485810e-04
-4.070396057590413338e-04
1.353384176091346214e-04
-2.143149683307297906e-04
9.729307890185570303e-07
2.137225358394950466e-05
1.068471147066115345e-04
1.409857244983604641e-05
4.941603915823492414e-11
3.639680031776348509e-12
5.139348086376840284e-11
1.067232410443374569e-11
2.615706741511249816e-13
2.254368482164372636e-13
-1.763421808916668717e-03
2.776465668341183708e-03
2.420162800511272620e-04
-5.372250008152346058e-04
2.297428656800363730e-04
2.376029640105811931e-06
-8.218713641238165534e-04
3.398374361676623125e-03
2.217056130642890512e-04
-4.956136460089123792e-04
1.957282424312036930e-05
6.254874945508911043e-07
4.457763706144795310e-04
3.169898304794203318e-03
-1.193851738395512599e-03
8.065499299984923249e-04
-2.766320251760442635e-04
2.449801707177774194e-06
2.338962146193633573e-03
3.478061305000702385e-03
-1.975107829942421029e-03
2.101660466906963599e-03
1.083013136765165673e-03
4.251736141284898865e-05
3.482958998895269859e-03
4.567884860738675133e-03
-2.370358785785427105e-03
3.960909779148128265e-03
1.546119943915052119e-03
1.727732345330162250e-04
3.701983924864264437e-03
5.474863824462105309e-03
-1.130857200852006771e-03
5.525163184595995210e-03
1.485340380729132173e-03
5.535963764042336858e-04
6.457044962419788287e-03
6.393549944403638732e-03
1.613108096683795595e-02
-1.013088008776631509e-04
1.567613175596681979e-03
1.832060250219272866e-04
5.615022979308070296e-03
5.898873166608706656e-03
3.099800267114606253e-03
2.054045029025489046e-03
1.314166136479946127e-03
1.247078329820969515e-04
3.209267914632405860e-03
4.617743198211074832e-03
1.020193408115575590e-03
1.914602582682550921e-03
1.310774757786205757e-03
1.352038304714608967e-05
9.072059212080897488e-04
2.048190069348695703e-03
2.948730214741497688e-03
-2.502346787289795984e-04
9.321581079653050873e-04
5.522188347476943517e-05
-4.557906620541996826e-04
1.085263929494832821e-03
5.474458089578551579e-04
1.170653002326617429e-03
-6.185281713660203571e-04
-4.548451410412281213e-05
-4.303861561205791337e-04
3.911952979700402950e-04
4.919513387862762882e-04
2.087521464998637094e-04
-1.970644502028828901e-04
-1.439692819343619005e-04
2.359169962541291291e-04
-1.021209564615206667e-05
2.140035611893202547e-06
-1.407666222712710040e-05
1.211244316060953606e-05
-3.692461952183142599e-05
1.469110820373812102e-03
8.337014382342566692e-04
2.394873824212396737e-03
4.141900450111368976e-04
2.481345734945606578e-04
3.725170207236513627e-04
1.433438102482146020e-03
6.448492335932573321e-04
3.186505228326189619e-04
6.563245477377296433e-04
4.692672178927194296e-04
1.317273747352145058e-04
5.215109575113181743e-10
1.300485038397884748e-10
-2.743187211082440480e-10
1.418168356850581585e-10
-1.101379981596364505e-10
-1.574250352332675461e-12
-8.163724400690321008e-04
8.777228585556481758e-04
3.425803802362547439e-04
6.630383423750457576e-04
-1.187510340905620050e-03
-1.148305025479275717e-05
-6.897886759819258067e-04
1.808049712256960167e-03
2.489066464326923872e-04
2.199796465203341950e-03
-2.580873871273936266e-03
-1.160325822366028940e-05
1.349957151852448954e-03
2.661025507481317408e-03
4.475720162455345923e-03
-1.528517987630810971e-03
-1.293636952068819316e-04
-7.862170557460996735e-07
4.223936479571420086e-03
4.972770886997525397e-03
8.563095909065586864e-04
9.138865267575297779e-04
1.340345032068495593e-03
1.861546128926089925e-05
6.129525528254346767e-03
6.419043165019747144e-03
5.555376143206300875e-03
7.293587605339971539e-04
1.481942628417843785e-03
1.488085213097268069e-04
7.765543525437059932e-03
1.040221243546808789e-02
2.579810897572469910e-02
-3.444029028644078573e-04
1.867912700069909596e-03
-7.703777348727461788e-06
7.195241828547159491e-03
1.007880093952879218e-02
1.849673133856342619e-02
-2.350655486793626185e-04
1.670746188337812873e-03
-1.245968500686967873e-04
4.254389949882443449e-03
7.382668442767458331e-03
1.201832940118550790e-02
-9.862595516485688028e-04
6.213485243476101188e-04
-2.906294780609262798e-04
1.469512392651134338e-03
3.996732575259284020e-03
7.276415216598368201e-03
-2.256982428928118001e-04
-6.176553927996806886e-05
-1.485311844616897157e-04
-4.210039862051802176e-04
1.481392377320585362e-03
2.453074034444547875e-03
3.440481561042588155e-04
-4.840598991932605491e-04
-3.162278143069997664e-05
1.282749975923814763e-04
-1.414920623120012618e-05
3.178716745899444446e-05
-2.234244642511846424e-05
2.373187643382972987e-05
-2.495902104503460069e-05
6.993053806415680702e-04
-3.621407871243525665e-04
-4.304204399365450275e-04
-2.629988602785829810e-04
2.499621279612444140e-04
1.432929223493633047e-04
1.153447635304119577e-03
8.731855512035128011e-04
1.798952502344996910e-04
4.692686682516311212e-04
6.582123790815713965e-04
3.963922118113572131e-04
1.066653126829117393e-03
2.387285783354723377e-03
1.335681854956336000e-03
5.083867377111846685e-04
1.630943389598925319e-03
4.368122481276458355e-04
3.166160357476671748e-04
1.941434659941685195e-03
-2.771466017996667596e-05
-5.673946922183768391e-04
1.119940134088451321e-03
1.592118253098687630e-04
3.351758794311950673e-10
6.731556119303234285e-10
1.261243394017152565e-11
-1.273586152200664861e-10
-4.312564669266382577e-10
1.847091332585893882e-13
-6.781915784656070113e-05
-8.081135612377798351e-04
1.551485922477422483e-04
2.411365939161824214e-03
-2.140247855977149474e-03
-1.800490668551768682e-05
6.301131159285524187e-04
-1.494430882873269651e-04
2.161024204883032953e-03
2.776524632877915271e-03
-3.298131952040915006e-03
-3.845414805391708250e-07
2.999781665116856531e-03
3.472449494446307530e-03
1.476769361190382636e-02
-9.357618442138476060e-04
-1.543990186076927597e-03
1.065504428266851055e-05
6.105127626011102454e-03
7.837835078357042670e-03
2.340488310785330400e-02
-2.398849051046150153e-03
7.430561009181854519e-04
2.756741679652093379e-05
7.422858638932485972e-03
9.068753544294193628e-03
2.550200069454104657e-02
-2.374171999670831419e-04
1.039808387173364471e-03
5.058373422007076867e-05
6.176302608640282972e-03
1.068724732713249859e-02
2.175130226602937228e-02
-4.007163287696347432e-04
9.811162266240612898e-04
-4.765655768768659126e-05
4.194186729430015442e-03
8.221058303972640299e-03
1.242080137605515444e-02
-1.257709920942406620e-03
1.149874878084129444e-03
-1.200422018082137086e-04
1.613325243006807691e-03
4.250714925869708213e-03
6.107383572343493862e-03
-3.253685556037488056e-04
1.097987128232011492e-04
-1.005749024265056770e-04
3.375312021798510583e-04
5.813894897903003312e-05
-6.838311941266611495e-05
-1.774151748299521457e-05
2.044385910371313358e-05
-3.346363300072515459e-05
6.537331735436185867e-04
-1.519487744666439110e-03
-2.745546536844860417e-03
-3.594127450475231140e-04
5.612901172504814471e-04
2.924081121974914874e-05
6.876494581749110178e-04
-9.687979472017812848e-04
-5.041482040698065702e-04
-1.399635366978295827e-03
8.426892955937462931e-04
9.381774136321983709e-05
6.483094011305610754e-04
5.638797131162117922e-04
1.995017149851650536e-04
2.823969253340123469e-04
-1.927506960361471174e-04
2.055790414610146936e-04
4.930396552758614789e-04
2.527628927057556235e-03
6.679416542565636602e-04
9.717666210654944898e-04
5.975521677997501155e-04
5.122143018003767756e-04
2.329641318734903188e-04
3.818004521537155319e-03
5.098193994814203883e-04
-2.706261850313319926e-04
1.455630569136726700e-04
2.197432878280012876e-04
-1.702716425268863479e-04
2.970913339425834600e-03
-7.783758571589909826e-06
-1.304343306915758558e-03
1.467438599130045434e-03
2.687865383780365806e-05
3.565061622297798524e-10
6.586821284491583821e-10
-1.240375269587887693e-10
9.562695190442233865e-11
-3.646705692770642542e-10
4.076913104011260934e-12
6.144771290084814069e-04
-2.909630491955084164e-03
2.449201893536479425e-03
1.535462754268350060e-03
-1.774403054772353671e-03
1.623722503282490369e-06
2.482071994584483104e-03
-2.563959973034557645e-03
1.607878252656838591e-02
2.294610754531895989e-04
-2.408975305367181893e-03
1.181218655832947031e-05
5.366119480761745442e-03
4.334988385844446360e-03
2.417520145866425621e-02
-5.894803590742813499e-04
-1.025534864903743714e-03
-1.373526907567277897e-05
5.230573118826431847e-03
3.897245841357329429e-03
2.229047041104720642e-02
1.180736492822687064e-05
-7.991698498999136487e-04
-5.072511157369950465e-05
4.361010444440365820e-03
6.252503566893570681e-03
2.195405201625999503e-02
1.473985131245981507e-04
4.109730012837969183e-05
-6.701989013597471178e-05
3.681090692453409859e-03
5.388465984380878294e-03
1.711348330606565771e-02
-2.461110761001036786e-04
-3.858421769376507695e-06
-1.724673273981327344e-04
1.748597561024565518e-03
3.858917141039192381e-03
7.123580621311226442e-03
-3.443702065417344918e-04
1.098682879306343987e-04
-1.187971853337570704e-04
-7.157367379118137853e-05
4.919806569937919732e-05
1.645289728542405198e-04
2.247016271036048120e-06
2.067160619282977043e-06
-4.070156123418046954e-06
-6.882431421436678793e-04
-2.835080073321913884e-03
-2.187807078919791655e-03
2.193618573385738076e-04
8.927362640399059187e-05
-1.342039820912482220e-05
-5.641842890936543068e-04
-3.078070837758401738e-03
-1.824371570580655185e-03
3.118935708211240283e-04
-9.429457668997699715e-05
-1.739683156242398637e-04
-1.785798960747531073e-04
-2.415663980007702778e-03
1.235770515156925224e-04
-2.721481123488043562e-04
-2.324684718501943582e-04
-1.922907136285156458e-04
1.213211500110070472e-04
-3.607589486656840173e-04
6.744038829937551406e-05
1.033565553842177159e-03
-9.833043637773433753e-05
-5.249065982528783943e-05
1.678459509240608379e-04
2.466076937603289051e-03
2.600921653013815943e-04
3.953717892984775627e-05
2.726892885336234303e-04
2.946256645965133125e-04
-1.069250846252424828e-05
3.235267951072970383e-03
3.517644782490790398e-05
-6.642271319321775124e-04
1.319532016315903920e-03
1.638153480611447010e-04
1.117566633994564932e-18
2.372548426748756042e-17
9.020875191870139836e-20
-8.418693713634614765e-18
2.362656338055812546e-17
2.901314508480712784e-19
3.554446557679367589e-04
-3.191545066739853286e-03
-2.936551393792405910e-05
2.576672996785698156e-03
-1.695732535601133248e-03
-4.019550011152777611e-05
1.142652724297881948e-03
-4.528168061331423397e-03
-3.295823003045113367e-05
8.414388331987479250e-03
-2.830656373998762486e-03
-2.972919401261640344e-06
2.798029481558153217e-03
-3.809044275834222253e-04
1.760725227280994856e-02
5.594156802452489606e-05
-2.910863126260851245e-03
-4.827708020405808824e-05
2.587760501822452663e-03
1.819576449076955359e-03
2.052935990966265473e-02
-1.750533812355204398e-04
-1.442092845910097356e-04
-2.025873410525998750e-05
4.307868839829290600e-03
8.373269291161439384e-04
2.024064346983958651e-02
-2.660215360475448598e-04
-1.013949217298262112e-04
-4.845593749623959106e-05
2.812326092705292636e-03
-3.053117106138212634e-04
1.190251482521612926e-02
1.751778641842609285e-04
-2.568106227315258535e-04
-1.152538894578267165e-04
-1.178806291645194447e-03
8.258941215622180867e-05
1.614178400144155733e-04
-1.673572051287643811e-05
1.603877803876106358e-06
-4.422526408928109760e-06
-1.738797011554229837e-03
-4.367204971835931572e-03
-5.813134856168769744e-03
3.182214010130871994e-04
-1.067823039144187998e-04
7.980937471151427999e-05
-2.915819714747322142e-03
-6.351079357972673131e-03
-7.244281908044569208e-03
1.273192005324901574e-03
-4.853147444172188217e-04
2.024069609799365494e-04
-2.608002470839614582e-03
-4.903432787444452629e-03
-5.039584871336226859e-03
2.187102762221624155e-03
-1.042943777576996883e-03
-5.881757740426943326e-05
-1.644397534352499230e-03
-3.390686632614835043e-03
7.304240739066037357e-04
-1.574863833580265274e-03
-1.493714701155863774e-03
-3.312949030785221089e-04
-4.989431995006268035e-04
-1.190865812919098292e-03
1.959264707910564969e-04
-1.152005022735795884e-04
-4.906334595254526051e-04
-2.996886390886534658e-04
8.091658187429048626e-05
1.414465441244783283e-03
2.140754833803944267e-04
7.315468134122452394e-04
4.331349135244705914e-04
-1.501464284766333061e-04
1.064861052334542849e-04
3.509687588306373719e-03
1.356452796389964949e-04
-1.947214291620874809e-04
1.855272609318129955e-04
4.783245363636703528e-05
-9.600697539686294457e-05
3.015845692687560160e-03
-1.832366745434467750e-06
-1.021609019325329460e-03
1.452768120407907718e-03
1.416371298953354777e-05
-2.359297246500277372e-10
-7.064750278140731906e-10
3.134878096962771253e-11
-8.209681332900030455e-11
3.326259115645018005e-10
-2.841650227743009916e-12
3.972069513706887631e-04
-2.629272528380246880e-03
1.656387181908655941e-03
6.953262080879663628e-04
-1.674309775242893445e-03
2.350711270067099378e-05
1.341591966912796408e-03
-1.783133761744817077e-03
1.379275549872682576e-02
2.949181546783385878e-06
-1.551480522070587112e-03
2.149697145769830696e-05
1.008258711772412435e-03
1.065563772215631991e-03
1.170676308421018594e-02
8.661760922069679952e-05
-4.580439038336822736e-05
1.050383396796210597e-05
1.688447814415914086e-03
-2.525375934104008395e-04
1.206756812618066561e-02
-3.922615811252862694e-04
-1.848655576712590246e-05
-6.883218420165513034e-05
-2.929932960983287630e-04
-3.697401716874804969e-04
9.838905095610136781e-05
3.194230441640551519e-05
-4.174607351834817783e-06
-4.720483704655198919e-05
-3.977108972923554253e-03
-1.060582140076456061e-05
-1.130810949422611511e-02
-2.302295360889653820e-04
2.427405773843431059e-04
3.710372392791955702e-05
-3.640841981965449187e-03
-4.514841954764735495e-03
-1.305690396101733854e-02
2.142023975232270705e-04
-8.587058956561230581e-06
1.097771286635717294e-04
-4.471542115679778481e-03
-7.356719469371685895e-03
-1.202511481777421114e-02
9.645591346925952176e-04
-6.160324798639132265e-04
2.624595342704280176e-04
-4.087929216552254989e-03
-5.611098094691342568e-03
-9.344691936165234331e-03
1.693997217678066582e-03
-1.166116375350916608e-03
-6.049928593702654981e-05
-2.582764344220317160e-03
-4.748287122774552151e-03
1.384813518975343749e-03
-3.135906733711173351e-03
-1.530298170743638877e-03
-6.013264220005428090e-04
-7.084392673372655498e-04
-2.934434360932477136e-03
8.327516108690937629e-04
-6.764508068518891104e-04
-1.025621014380052052e-03
-4.137748888301656636e-04
9.993320611523874813e-05
-7.932234952090181247e-04
1.522776312907906716e-04
-1.734812832385068822e-04
4.416341295726406422e-04
-3.069491739158960531e-04
2.980147572790668026e-04
9.145344408650016733e-04
-5.295225039877565879e-05
3.453939465310810445e-04
-1.254239407421072448e-03
2.204149312409701137e-05
2.628344863476237249e-04
1.432591074822802237e-03
-2.533306385424062017e-05
-5.955734651966381127e-04
5.722064654189111099e-04
-4.354429787840936776e-06
3.552632840846884753e-05
7.309217474927271569e-04
6.190694590117163228e-06
-1.618292029770872090e-03
1.885507190472682573e-03
-6.417122839820405924e-06
-1.620837564788584958e-10
1.525035335240393514e-09
-3.365272261262163746e-12
-7.115715979136589279e-13
-2.695420943889067336e-10
-9.799874428115002702e-13
3.942064658706867812e-04
1.098429205537771640e-04
4.976265782361922324e-03
-8.497784566553523477e-05
-5.578421711627958674e-04
3.643729549211718134e-05
1.714184708473986182e-04
6.846921127876809789e-04
2.359697974421727778e-03
4.094920852508033128e-05
7.606424869366273174e-06
1.609796223555093160e-05
5.376997892725809568e-05
-2.987460706679069804e-04
1.074079570384262202e-04
5.070727620413881210e-05
1.536499023989440000e-05
-2.433112731711538173e-05
-1.342258873383836860e-03
-4.757272056456919433e-04
-1.175434603881683228e-02
5.526246682828270121e-04
2.209541127590115725e-05
-1.396253421419165599e-05
-3.744210462604649885e-03
-9.315485737272653820e-04
-1.930182241283594571e-02
3.054181718019179700e-04
9.405446690484562842e-05
-6.184602124707974235e-05
-4.569073499920357599e-03
-4.695649738301763999e-03
-1.910510777835509877e-02
-1.501367557973521533e-04
-9.997602001447246692e-05
-1.690169059786889570e-05
-5.721900895315787904e-03
-7.508860160491672049e-03
-1.546940267265052397e-02
1.439981172662427224e-04
-9.276471748795328152e-04
1.230247537844262142e-04
-5.496257562784795381e-03
-5.899346109942517520e-03
-3.227613940850074335e-03
-2.059057577021239371e-03
-1.300893487478958256e-03
-1.504031907395122006e-04
-3.271646237407725005e-03
-5.384791350340797922e-03
2.855792396188477651e-04
-4.779657675348730587e-03
-1.473165179873282523e-03
-1.056168189021865558e-03
-1.003513987832430369e-03
-4.373994731766054841e-03
9.664946507380660324e-05
-1.116058380193601278e-03
-1.512286052375172397e-03
-4.002457005358735871e-04
-6.621264028288608675e-05
-2.213307481149655569e-03
-6.079891001778182664e-04
-1.345481026572351566e-04
-1.410817812518587650e-04
-3.994389170034198734e-04
1.909730499488758893e-04
-2.828355626855926170e-04
-6.757536068985138316e-04
-1.669821113681365906e-04
-1.332962505283298744e-03
-5.595642859696479433e-05
4.073325968135892670e-04
-1.978823279384383833e-06
-3.332871870637866434e-04
-4.718298632047156178e-05
-8.338609614216627294e-04
-1.097224411936558896e-05
3.830910049817908133e-04
-1.041724282388992130e-03
5.326592299566528920e-05
-1.125433484874020828e-03
1.682730894947629795e-03
-3.567114067585718461e-05
2.187252741876696566e-04
-1.699224530342640944e-03
-1.545424628332469491e-03
2.142183969860802676e-05
9.461281517007914333e-04
-2.642664627286766041e-05
8.206225414827592781e-13
4.889246178834896450e-09
-3.727867751227379048e-10
1.685038611597441496e-10
-2.653101320950775206e-10
2.215338705802675174e-11
1.803871811498606490e-12
3.146187518337685935e-12
-2.173148082973002865e-12
-3.063638198054832112e-12
-2.300691508120932120e-12
1.721218328951486874e-12
-1.654684625283175351e-04
-9.131190048674011836e-04
-2.147665259984843540e-03
-4.886838089171477532e-05
-6.029743327190401352e-06
-6.469829231823901459e-06
-7.430986058913664630e-04
-1.530945615633155701e-03
-9.786736944091373527e-03
-5.537370953941984686e-05
3.846570582155124890e-05
-2.795393038904063571e-06
-1.876108394561442358e-03
-2.213898974346745815e-03
-1.753910783840791771e-02
1.932488171519919091e-04
1.111677807422295895e-04
-1.280632319188966375e-05
-3.837580531438153190e-03
-3.896606829065002355e-03
-2.083560148438763290e-02
2.445628793409637940e-04
-7.270876426086980921e-05
-6.442631450973768028e-06
-6.055990593954846055e-03
-6.225126131873104547e-03
-1.522949597529524128e-02
3.220394772952415627e-04
-8.924936458253455215e-04
2.020829013503301695e-05
-5.770845145189818642e-03
-5.607346660450809525e-03
1.603489451139383272e-04
-8.490413980444368527e-03
-1.538619866164198709e-03
-2.539909127531552293e-04
-3.456304192265848094e-03
-4.865796029731015750e-03
-2.481416625541926229e-05
-4.265463234508915479e-03
-1.448171490524303301e-03
-8.623697699837375597e-04
-1.318090478836796446e-03
-4.831274866751518633e-03
-3.655822409500101449e-04
-1.408350163377592324e-03
-1.678855035019355835e-03
-3.180331963378862795e-04
-2.792184751570056696e-04
-3.123527129005659094e-03
-1.348781406754919312e-03
-6.947746987089312880e-05
-7.015700324061021004e-04
-6.359581293315278534e-04
-1.254024887506237230e-05
-5.200505241444029932e-04
-1.495984044069775289e-03
4.506016409914614923e-05
-8.843763336740282993e-05
-1.808855597646618013e-04
-3.678131349145633775e-05
-1.295299088150147528e-04
-6.478635852290724924e-04
-9.114191533753589723e-04
1.380104710542638004e-05
4.560815227571864014e-05
-1.281203825247454809e-04
-1.469821087621085796e-03
-2.990357879198714502e-04
-9.719652554966585339e-04
3.037210352040631766e-05
1.128824468245033424e-05
-1.259047967529457169e-04
-1.869420983246757127e-03
-7.694616631536689523e-04
-1.331084863153784298e-04
1.835764315707546297e-05
-2.637882079111846634e-05
-6.578829028132768969e-05
-9.143427730766678484e-04
-4.524215646430542609e-04
-3.699334828792262119e-05
3.223156513569496270e-06
-4.963258442528730038e-05
3.780197596379161420e-05
9.003721634242865595e-04
4.140615548295028354e-04
5.234296798538224006e-05
-1.144364355025531247e-06
2.473516882823398178e-05
-2.295094606810704691e-10
3.923770426892542214e-09
-5.693265689717507644e-10
9.484202809727130891e-11
-1.916947597307413568e-10
3.602296699408943487e-11
-3.842933201522707033e-04
-1.070136009025175641e-04
-4.249772909864245329e-03
8.877583875266114612e-05
5.319765770261480854e-04
-3.019712442111220272e-05
-1.317717776134344878e-03
1.663067075904973774e-03
-1.181073748522160072e-02
-8.841586069438825056e-07
1.444479714185940887e-03
-1.458403886066611219e-05
-2.642107717157978711e-03
3.099043922030055389e-04
-1.404734848653140314e-02
-5.271938749437144362e-05
2.677853529737094906e-03
2.274991458602041756e-05
-2.960053024735264868e-03
-3.516371774484538908e-03
-1.525829256693335672e-04
1.051536839579834091e-03
-8.391146925378505095e-03
7.096973478531999919e-06
-3.721320141239544549e-03
-4.423423539478700539e-03
1.371895835326929734e-03
-2.032451187407681176e-03
-4.277815425179531256e-03
-1.384711119652966358e-04
-3.193314811696171263e-03
-3.661162678317370946e-03
1.206328682582116915e-03
-2.763807813852038348e-03
-2.078728511236711558e-03
-4.222170544493200118e-04
-1.043277105468554252e-03
-3.910519293486913912e-03
8.936151588789793647e-04
-1.462783154718963604e-03
-1.424159930586394113e-03
-1.578305156201553490e-04
-4.307991095833100436e-05
-3.496889861613429896e-03
-2.924279188503216189e-04
-6.394842796457880579e-05
-7.817729406932754678e-04
-6.775785531119183237e-04
3.232311180714716493e-04
-1.095175761691769434e-03
-9.954256773086686549e-04
-4.477718999040257203e-04
6.408093917864168636e-05
-3.987311431067305009e-04
4.090658184144599688e-04
-1.228017676286635338e-04
-3.708681878453613367e-04
-2.777413925843420653e-04
-8.654979109055848589e-05
2.091664859068869612e-04
3.848661321853046242e-04
-1.806647020158208203e-03
1.735633716509973900e-04
4.119569150941116900e-05
-6.269427453419823765e-05
1.982023837469831351e-04
5.287933412095396305e-04
-2.241308522280052121e-03
-1.707201069707226158e-05
-1.181066972712812110e-04
1.639334425038006752e-05
3.182200160732354881e-05
6.590569748909344085e-06
-7.656142626870201856e-05
-1.722379283305085321e-05
-2.059963064275935495e-05
-1.265610237955333877e-05
-8.207901685406198761e-06
8.032449035017780550e-05
1.844255825727279894e-03
6.996499731000158182e-04
1.245823793026021385e-04
-2.194155643989741634e-05
1.234647583853465661e-05
-1.775689022417201017e-04
1.600234201651952806e-03
1.421056816178371384e-03
-2.191448703289560474e-05
-8.777164480087310894e-04
2.003786105802017126e-05
-2.296409482618707763e-10
2.375349087272830965e-09
-5.978917288631820511e-10
-6.065344163001508198e-12
-5.056566673567395369e-10
2.130299082358313368e-11
-3.666983116044575061e-04
2.307814501491347627e-03
-1.660948596342937036e-03
-6.077377099656841282e-04
1.479776366459482906e-03
-1.916464767573393849e-05
-1.082260701869325282e-03
3.984817713897371647e-03
2.694509164051479095e-05
-6.724782428713035887e-03
2.630087766214189455e-03
5.065797448818745342e-07
-1.310851743461021292e-03
1.589737277194945087e-03
6.939961554156120756e-05
7.147822299616666403e-04
-2.637540663801389573e-03
-3.051764572815887682e-05
-1.544876480878850560e-03
-1.617027493389450437e-03
1.071078529468600521e-03
1.365850209515013462e-03
-4.571169657138226573e-03
-5.404572428197795483e-05
-2.126328026773059710e-03
-2.029922520079184556e-03
2.463986289816574859e-03
-1.127531935122207942e-03
-2.386742029969587432e-03
-1.352711304400244633e-04
-1.066579742847339855e-03
-2.377782032505994150e-03
1.928379334947846616e-03
-1.244517685445379164e-03
-8.830200199524179585e-04
-1.375374990624271749e-04
8.601184085761555138e-07
-2.254235765084007699e-03
5.318371708364246072e-04
-1.059376617564242341e-04
-3.973511401953164538e-04
-3.659456432708119503e-04
9.055230136416391254e-04
-1.996024556089865884e-03
-2.722160705265318028e-05
1.070125972927438596e-03
1.635390876965351541e-04
-7.182851158281451827e-04
1.581869216734429302e-03
-1.600639027163346009e-04
-1.404409499920703444e-05
-1.615171272783918924e-04
-1.967380457318722406e-04
5.291376718238261162e-04
1.879002957803273385e-03
-2.300621370736700110e-03
1.084743063312322770e-04
-2.299340782427302722e-04
-1.518618929939038813e-04
2.299533191749566455e-04
8.087227439605654343e-05
-3.867274828837610523e-05
-9.306454782014739478e-06
5.866801269420998816e-06
8.941134487793045535e-05
8.260795160903017232e-05
-5.332793466328622804e-04
2.107103251168273607e-03
1.590756282049544501e-05
1.006961485521534744e-04
1.215031757865905132e-05
1.162761576503186345e-05
1.042545746554206693e-04
1.392940099930069925e-03
2.000086727842776703e-04
8.652928261149942651e-04
-3.680377853010132096e-05
-7.584997813109482204e-06
-3.137696887706302494e-04
9.408315605046564060e-04
-6.083392761383762888e-05
1.063867298514777592e-03
-1.721435235009575494e-03
2.530244426725966806e-05
-2.946910002758577139e-05
-6.648507479685845630e-04
-1.720134902845170269e-05
1.562953666318890210e-03
-1.727224890174269877e-03
-5.678958403814036093e-06
-2.705948888162285058e-10
6.615677488452412112e-10
2.861434999766009259e-11
-1.287547106879729522e-10
-2.731715396581419522e-10
-5.421870962661269068e-12
-2.931092568889108073e-04
2.867085943637380594e-03
2.086582565575575475e-05
-2.463884740496800115e-03
1.530329961009344779e-03
6.683893875191450015e-05
-3.855941604529318197e-04
2.988915207558937026e-03
1.847516094168333289e-04
-1.426361823421936226e-03
6.575227529230755685e-04
5.663205611264077481e-05
3.765262989668056911e-05
6.914767839172837388e-04
2.861341027598432321e-04
2.808262776613132481e-03
-3.027481054573719077e-03
1.823177551539850009e-05
-5.601399336066822769e-04
-7.522835010885785831e-04
1.147853252696226251e-03
1.733759589179617068e-03
-1.602816137656045163e-03
-1.784554872716059905e-05
-8.613987257135608411e-04
-1.012714202118596878e-03
1.458645300766193368e-03
-4.968731923984459143e-04
-6.030708341598065882e-04
-1.083207531758570565e-04
-8.198807582686262101e-04
-1.181385550017076012e-03
4.209328528555143474e-04
-1.332648091953075387e-04
-5.904667927094778062e-04
-1.969451638815746712e-04
-1.785441824863878615e-04
-1.188075691918829115e-03
-1.002070204071621234e-04
6.086484335223932675e-04
1.428113513641185309e-04
-3.760506000092881372e-04
1.722375966832882148e-03
-3.175414590186788864e-03
-6.917198026919590525e-04
1.134639176884909982e-05
-2.457952046555120337e-04
2.545364467772267907e-04
6.887237651740706968e-05
-2.741895062981295674e-05
-1.453100447794953105e-05
-3.707153104379868002e-06
9.297543778304841601e-05
1.355528835242294377e-04
-1.768049512874098278e-03
2.247040433429829849e-03
-1.336244372906901425e-04
2.301758638576218807e-04
4.978519457118292697e-04
4.914783141624633097e-05
-4.239266667437546418e-04
1.719486264794787113e-03
-1.828647780151534984e-04
-3.425936867246001769e-05
1.573241926954350479e-04
-1.034813260913633513e-04
4.029837621288158677e-05
1.300746909240710098e-04
5.988372707878339548e-04
4.581791168213950787e-04
-1.524583333482312269e-05
-3.246083907872140506e-05
-3.572705019636390842e-04
1.916231791576986336e-06
3.577652154354106278e-04
2.820476985087029103e-05
8.184376762671793926e-04
6.066707029313698502e-06
-2.205190387063801630e-04
-1.377138265298206987e-03
6.090900411760592369e-05
4.879427754754860698e-04
-6.752947178342920105e-04
-6.377379573235831377e-06
7.639244620749512994e-05
-2.686453251434266307e-03
6.269235712356773239e-07
9.421200048663836216e-04
-1.481625835384080140e-03
-2.653683241280305926e-05
-4.316019913971274541e-11
2.381458957632764270e-10
2.364619356123361544e-11
8.321289416962237327e-11
-1.759230014885055911e-10
6.260860221244829604e-12
-1.345288332645783733e-04
2.593424527127532585e-03
-6.119419086066935303e-06
-1.236964117570759887e-03
1.465127828592900552e-03
3.505405654546449144e-05
3.490327679504619989e-04
1.913206976087636693e-03
2.787795570261908471e-04
-8.984049777563117871e-04
5.828062299672018059e-04
3.760932036396644629e-05
4.516881102772542364e-04
-6.245599299067409496e-06
7.950538031989692412e-04
-2.185934463546143744e-04
-6.507148673236973907e-04
3.301987384697706161e-05
-1.210078820099309003e-04
-7.065920850522748207e-04
1.055233760523714573e-03
-4.435056944261219283e-04
1.333231159149411628e-04
-4.706545565052044509e-05
-3.851617812683268550e-04
-7.282775304523187278e-04
4.949696084229916184e-04
-3.300223036968385299e-04
-3.232322723617120797e-04
-1.942935161841857588e-04
-4.096019659295933066e-04
-7.142125257113874932e-04
1.956876633046645024e-05
8.708362299572276527e-05
5.472308855726451261e-05
-4.075262386943312963e-04
6.078452347066995426e-05
-1.376655050913725667e-04
-5.108090173639175222e-05
1.342262838902125163e-06
-3.234010100979703547e-05
-6.569464043395852190e-05
-1.715190860090220083e-03
3.156990012090365744e-03
6.708233201056668787e-04
-1.158510596369262729e-05
2.420621985617633053e-04
-1.526956145360563479e-04
-1.548168551867688206e-03
1.974182304881842156e-04
1.076935777251220621e-05
1.666047040497224045e-04
2.751204836777010354e-04
-3.818910858040804003e-04
-4.061333113399889284e-04
1.435222802976915098e-04
3.313829677552044975e-04
1.289061265897662595e-04
7.623114162629788387e-05
-1.607354033975358734e-04
5.633730420635738644e-06
4.721231341771553545e-04
1.606827761689311792e-03
-2.355240919096659438e-04
1.970476419942996329e-05
1.818437975696269877e-04
-1.889097655449031756e-04
2.247878400071491806e-04
8.569012853213117979e-04
2.467807325889176894e-04
8.406304763196206613e-04
4.556300104993528247e-05
-2.289500981060128783e-04
-9.493777507934908011e-04
1.851585908239611713e-04
-8.371746553857046006e-05
1.023911551003344692e-03
-4.773316383726312467e-05
-7.171359068638279123e-05
-3.403634770244186574e-03
-8.125118249943183847e-05
9.096076209238868992e-05
-1.986914295056206299e-04
-6.343096556311625888e-05
7.961829841391799203e-06
-2.906468308043664087e-03
-2.835800198860528320e-05
5.636051963755655571e-04
-1.491614570650764754e-03
-1.849367527799972383e-04
-2.303472095529163590e-11
-9.135215173429763332e-11
-5.309940128184360977e-13
-3.765873088589675467e-11
4.538745598761422025e-11
-3.169402865512332410e-11
2.514235528528774321e-04
1.662041765069939211e-03
-2.429754637068806705e-05
-5.659799685367571803e-04
1.216318880907274512e-03
1.898053266241505265e-04
9.653429699292799060e-04
2.682803536112171572e-04
4.996806405545940266e-04
-3.521416574243173389e-04
1.361862053476985352e-03
1.068719944882505528e-04
3.452369130491729022e-04
-1.205225886342279175e-03
8.616574262073131967e-04
-2.260950339077786263e-04
-6.242910539564358260e-05
-5.420305544378651895e-06
-1.100390781883940032e-05
-1.738869507538414383e-03
4.822914483776704220e-04
4.717519156651926119e-04
-7.224638160453091917e-05
-2.355844497445537728e-04
1.019957993471692681e-04
-1.278139864995320781e-04
-1.085354421151659089e-05
-6.033511222076110323e-05
-1.256433526433592190e-04
-1.047620027316132187e-04
6.473187504699589884e-04
6.357388751679580183e-04
-2.593858819504297314e-05
-1.282880667201359559e-04
-2.033316596376300088e-04
3.074572027830089387e-04
1.958099277241539496e-04
1.189158661896458705e-03
1.793708088061209940e-04
-7.079176819637291590e-04
-1.595603261320651170e-04
3.682962854079673866e-04
-8.989779790200511404e-04
2.049992518033667225e-03
2.356954124880955592e-05
-1.087717064839656411e-03
-2.012857076302511296e-04
7.237030868495596819e-04
-2.990820042308391428e-04
1.008748762681030810e-03
1.013684010934798579e-03
1.241517435482657617e-04
4.318301844563297379e-06
4.344116852028096919e-04
2.565513202902164314e-04
2.873278747520404894e-03
1.248296382977171761e-03
9.130372797483388668e-05
7.773512242861497839e-04
6.336232146393770606e-04
5.903813683788127625e-05
1.956689287986414401e-03
3.667963372698526334e-04
1.406976552941660553e-04
1.249083716029457251e-04
5.978457195203123152e-04
-1.105641074089330395e-05
4.257447676587024286e-04
-2.061144051443864085e-04
3.616689200592202108e-04
-2.618830932041705368e-04
4.276939794868750574e-04
6.014337641919693783e-06
-1.801456658456239727e-03
-2.173701615488723841e-04
-5.507032225924186073e-04
-2.028752065418609643e-04
7.123582628700895320e-05
-1.081573831831456831e-04
-2.577084562119465877e-03
-2.311644618313070951e-04
-7.503479238670812841e-05
-6.006250804787782943e-04
-3.957331436538192009e-04
-1.491276035851134328e-04
-2.261306409154160459e-03
-2.295673253811908964e-04
-2.589735688199661882e-04
-6.346875637270842085e-04
-8.644328257986707035e-04
-1.696799525711152998e-10
-1.587317694991194481e-10
-1.005638359741717384e-11
3.220536829955158041e-11
1.078812175937236621e-10
-1.821473293675998996e-11
1.188834274981318039e-03
5.459950823203738989e-04
2.747174164595407413e-04
6.062807377806488053e-04
5.817259907699432516e-04
2.270181248390556788e-04
5.614396086357051514e-04
-2.483593651816756037e-03
1.190599593313277716e-03
4.041597516540509222e-04
-2.292555520799113139e-04
-1.242945952748054339e-05
-7.310792188509474129e-05
-6.357297929894260478e-05
-6.809903951228994773e-06
-3.249811225980545493e-04
-4.887821453421113763e-05
-5.317917887672141190e-05
2.900939494340900045e-05
1.548164605177714242e-03
-7.569618121327311875e-04
-7.547079873446236719e-04
-1.034181326981116456e-04
1.560582757324940363e-04
5.797423640091797390e-04
6.861278826275148297e-04
-6.720386326448350841e-04
1.308959388486542958e-04
2.113098733701080246e-04
1.430475307141196111e-04
1.020191711920159913e-03
1.240876199169497433e-03
-4.781807955718195562e-04
4.572594451318629769e-05
4.118491563113491657e-04
1.765957706003009220e-04
-9.275583161108928204e-07
2.470296596415232603e-03
-6.009517601530950512e-04
1.655810462282093497e-05
3.601335938918964383e-04
3.794921262764306552e-04
4.306308684742517716e-05
3.483852707823388399e-03
3.018355658952036617e-04
6.307907516246587492e-05
8.250814672395744747e-04
6.651860309731191540e-04
1.350285877704532431e-03
4.942284204991476831e-03
3.897023296307138549e-04
1.394166174962846796e-03
1.656242956147146745e-03
2.994028521416250486e-04
1.044088249494611259e-03
4.321325544985452592e-03
-2.362733086841508918e-04
9.516664707784630800e-04
1.506951764754831807e-03
4.170580550326761604e-04
7.809324616280376857e-04
2.588590344666272507e-03
-1.056449590922227269e-03
5.557076548591534599e-04
9.034818495164586216e-04
6.170208246415832343e-04
5.632516439948227109e-04
8.336214444739467903e-04
-2.259394427239681694e-04
1.507472545482004553e-04
3.631177043332496960e-04
5.815474037950921649e-04
-2.186700969863102033e-05
2.808010350108293158e-04
-6.318987606241750949e-05
-5.875173223801764474e-04
5.786648135875959494e-04
2.173080242284632438e-04
-3.802718787853333533e-04
5.059528345273188281e-04
-1.019749951512482139e-04
-3.421105787525648774e-04
3.255342754662246367e-04
-1.316933583894463761e-04
-6.472511766800702598e-04
1.299287169247950605e-03
-1.969992110318090871e-03
-2.630364283669122749e-04
3.011166796446887082e-04
4.053090656509856430e-05
-6.932309874862689292e-11
8.022466824494880896e-11
-4.404573836909679199e-11
2.971299850002391297e-11
-3.065998190393844749e-12
2.051755827624643909e-11
-2.141917595786350123e-04
1.293204161038752212e-04
2.935207126158715856e-06
-2.810559858807415377e-05
-6.223664788194979507e-05
-9.736522455775102600e-06
-9.286522643516537112e-04
2.387528085498979730e-03
-1.408835555392686043e-03
-8.700046024477341286e-04
1.248354552364672632e-04
7.614439710305297511e-06
-5.432378139653829593e-04
1.241931556188036103e-03
-1.077604121903230801e-03
-1.453504242799853371e-05
5.064642873536559200e-05
3.896492363630300319e-06
1.812929296043737013e-04
7.279103161990334433e-04
-1.521082355053211214e-03
4.727190765946962177e-06
-9.857137488010154559e-05
4.273643012242411306e-05
1.136467222713992377e-03
1.049111106582185059e-03
-1.880535684034521753e-03
5.265523689126215979e-04
4.360326746628521034e-04
1.012059259420889441e-04
1.310467215365630333e-03
2.562572730924918187e-03
-2.263712448828568684e-03
1.217280436171792532e-03
9.123503181345666820e-04
1.601639122498258144e-04
1.129542565801151029e-03
4.323045843908632398e-03
-9.993258088540611130e-04
1.425617555064520071e-03
1.362396250023459278e-03
1.782822777025830547e-04
3.716259784054265058e-03
5.260582955696254531e-03
3.043331212336303546e-05
4.828705259255315109e-03
1.417469707845737297e-03
7.455960734492555293e-04
3.369989979557362625e-03
5.457730343286611857e-03
-2.582688464672090712e-04
4.775837152137774391e-03
1.479614429362694676e-03
1.037956415333439551e-03
2.703434646911436097e-03
4.438126454511347532e-03
-1.375135106846397818e-03
2.867509347797388836e-03
1.576259914807526166e-03
7.200324170616135503e-04
1.665911477084536328e-03
3.019564610088484695e-03
-6.953802492435885501e-04
1.375033084679028010e-03
1.587969177667492102e-03
5.774902644267755625e-04
2.730520672681281073e-04
2.310563193188773425e-03
-1.203748816214973873e-04
2.144488801951055805e-04
4.638566258049920950e-04
3.762302470666369189e-04
-5.648466645571944634e-04
2.487089328540460515e-03
4.377946715029049199e-05
-2.568043379807924311e-06
2.099758873930357027e-04
2.469490220719202430e-04
-1.353938675795050622e-03
2.301803360732638908e-03
-2.546829129875158282e-04
-2.629589961119902408e-04
1.550784921581842507e-04
1.902747015529533323e-04
7.504813046863253773e-05
-4.684357158595823529e-06
6.719436660530158419e-05
3.881149923730635302e-05
2.055634519561836344e-06
1.051518019381941918e-04
-7.595544547126603285e-11
-4.700759558504235394e-11
5.159744509138054217e-11
-4.856317954513446065e-12
1.597968080404894773e-14
-1.161051749617519627e-12
-1.403260788549125660e-03
-6.456347290889994251e-04
-3.404202215064153930e-04
-6.322873288466905866e-04
-4.505764797957998824e-04
-1.229495362387290035e-04
-1.343731266033873018e-03
-3.070863788048574703e-04
-5.464475773862861700e-04
2.492083560885628821e-04
-1.212461565941254978e-03
-8.229727805065549973e-05
-6.723669224209709652e-04
6.863795099695191646e-06
-9.728840825545357219e-04
2.534051554394692427e-04
5.809887983516046073e-04
-3.614836052134893992e-05
7.536835036989708797e-04
8.142966522410720765e-04
-1.456952121136391573e-03
-1.706891812507153883e-03
1.412117683841578042e-03
1.512354030985403508e-05
2.597852493407003509e-03
2.111178779732957901e-03
-2.944040083671728598e-03
1.143987980032054380e-03
2.426645196455254685e-03
1.167808764051053380e-04
3.629219144925475201e-03
4.090853958177286843e-03
-1.374493068858655609e-03
3.046670089352056590e-03
2.041309307231562505e-03
3.395799312113058290e-04
5.702748292656349346e-03
6.798687912594124708e-03
-1.711724820268044377e-04
1.097996502773031235e-02
1.496499241493243464e-03
1.064651972811946540e-04
5.326389084985966998e-03
6.409267656815341441e-03
3.413722906402888186e-03
1.937408119273272521e-03
1.272124588010830693e-03
2.187577951432577889e-05
4.020640838691970712e-03
5.637674962015106969e-03
9.019002007033250640e-03
-1.671622906278223252e-03
1.186615668485696291e-03
3.743583815797850450e-05
2.401991496353141336e-03
4.791196951383157321e-03
4.572554116324688972e-03
-2.069954022109167513e-03
1.055765654579604671e-03
9.124090806932134349e-05
4.973317859122576351e-04
2.904855212659187592e-03
1.599858953813939732e-03
-3.155102175148444266e-04
2.178434532633555405e-04
2.377777023795908738e-04
-8.444281704217896766e-04
2.194324482525207825e-03
3.967397679284079943e-04
-2.479443892177425049e-04
3.863358638160789964e-06
1.611209714312920177e-04
7.919317632457761825e-05
7.993045275016969010e-06
1.122534518643212162e-06
5.135284056059397721e-06
-2.452080158628507356e-06
-2.723946824689550954e-05
1.451276095836549242e-03
-2.423405275376517166e-03
3.009587041923464032e-04
3.033671021501816215e-04
-1.155270864608040453e-04
-8.978441533313995704e-05
7.070879328365871786e-04
-1.203670974292472004e-03
2.046989385466366652e-03
2.991046357499852230e-04
-2.882132512396278433e-04
9.628954036759379618e-05
6.582084915329978432e-11
-2.211185876851327503e-11
-2.049710665659580792e-11
4.903028435463973548e-11
-4.457346240762466287e-11
-1.984586741112806103e-11
-3.204731525504498041e-04
-1.934648914634080463e-03
2.626422447083561756e-05
5.918332125025874092e-04
-1.026930975191520318e-03
-1.589522929965933964e-04
-4.689026031444991252e-04
-2.168985903397535175e-03
-3.168929676308446870e-04
9.720123233133096813e-04
-5.151624423300012927e-04
-3.892493360476813536e-05
-5.181276804493368718e-05
-7.221738252330154933e-04
-3.189845212617209826e-04
-3.619526720974362757e-03
2.815194213213031461e-03
-9.570630236692165990e-06
2.016276091062619690e-03
1.770761233255219213e-03
-1.275286732773366766e-03
-1.494282446085552383e-03
4.598253458082331678e-03
2.665851392529708857e-05
4.379895780588949350e-03
4.938605881789641730e-03
-1.605855334939063463e-03
2.048878057232659221e-03
4.265454275118601632e-03
6.104581258710438418e-05
5.998942274871747922e-03
7.773271612487214592e-03
1.736847086692873063e-02
-3.802853488069202594e-04
8.748681686350725942e-04
-4.270035420802821829e-05
5.535268969069063148e-03
9.409788493408736271e-03
1.874221288176293812e-02
-1.113310051323353206e-04
8.866021965388533408e-04
-1.708289675950617841e-04
4.306055310250756114e-03
8.730702686254566969e-03
1.524304346266630063e-02
-9.984868606088188360e-04
6.138468978208054712e-04
-3.260803134107188948e-04
2.858725774531333929e-03
6.294693046959992828e-03
7.360376172176419027e-03
-1.286450643450767241e-03
4.964157106956611177e-04
-1.982159299656079782e-04
5.552321978994559501e-04
3.148212821014110489e-03
2.094334407147627024e-03
-2.165028681430861547e-04
-6.149667726282860504e-05
-8.614919829521277761e-06
4.952823396448078898e-05
-4.652949093252153803e-05
-2.723725978663506857e-05
-6.743207066664520733e-07
1.246085172243715920e-05
-4.505069274401493363e-05
9.195922321656125817e-04
-2.302910633064674060e-03
-4.180940822364973279e-04
2.494387557375688717e-04
2.648875599912091112e-05
-2.438822611256663173e-04
6.159307035669869985e-04
-2.544906908245212103e-03
-4.663764523333658945e-05
2.295111474976373359e-06
-1.145989594053484906e-04
-7.664742296697860720e-05
4.513872588553167727e-04
-4.184156298512639160e-04
1.221147681883046510e-04
6.557605621348522535e-04
-2.671848286947348583e-04
2.368996302789765215e-04
1.865323777957643132e-04
2.371813585973055628e-03
2.532770302489412585e-04
2.527070238151202502e-04
3.686557493709148895e-04
6.598892975811611935e-04
2.611641449386455013e-11
1.452017340883339772e-10
-1.191439186242764023e-11
-3.897406548549598894e-11
-1.264691232630861589e-11
-7.909041761910392081e-12
1.719785236957105075e-04
-2.940714736431609792e-03
7.548028255606352018e-06
1.297143519619561739e-03
-1.509797484829476484e-03
-2.321454820240640427e-05
4.815669852593997859e-04
-3.293006663523801673e-03
-2.185324258827440970e-04
1.644272840529524245e-03
-6.643256388780718717e-04
-2.816622919904324308e-05
1.538567033731737688e-03
-1.903878111175731939e-03
-8.058758162973701442e-05
-8.904914354483435979e-04
2.592102893446683164e-03
1.910200170975085615e-06
3.949193718044782635e-03
3.560205528409583764e-03
1.600539844668615269e-04
-1.221128202973004867e-03
8.446393402058152353e-03
-2.611874216560524387e-05
3.612478218698352093e-03
3.256886140549317913e-03
-7.027120748688521967e-04
-4.046279529333750589e-05
8.383358004615069220e-03
-1.021211589541447484e-04
3.342244268517421697e-03
4.620125111899005786e-03
3.721482223419230731e-04
1.079273850668265238e-05
9.842839638003775607e-03
-1.509743747646847883e-04
2.550722075422456100e-03
4.276548495999519042e-03
1.168223858895553989e-02
3.221605576318690035e-04
9.321272044539157811e-05
-2.831427315096831298e-04
1.642835915464358658e-03
4.202809932360570752e-03
8.771154798817315870e-03
-2.543376640333591026e-04
-6.009480272612051680e-05
-1.715999628644798605e-04
6.882067486053153414e-04
2.907930434813446076e-03
2.329987961862444671e-03
-2.120326038033361522e-04
-5.630687101714802810e-05
3.452777429835500309e-05
4.128000582462784652e-05
2.062129448440837675e-05
1.270735085592774313e-05
7.765960848081667652e-06
3.859309888786686850e-06
-2.264050603372087721e-06
-2.319607802072310375e-04
-1.747325588702970146e-03
-1.911646065089271347e-04
2.244121065043885117e-04
-3.494141182526558625e-04
-1.958074106752670041e-04
-1.252468360509662504e-04
-3.404611514382831564e-03
-7.630054473162910537e-05
1.786665164577836437e-04
-7.731437996009007984e-04
-5.215918849453738846e-04
-4.927252213817152596e-06
-3.130682468612296186e-03
2.842464248078686124e-04
2.942752015718505982e-05
-4.203923379255663909e-04
-3.310120981959990697e-04
4.814881134110570978e-05
-1.385912202402816507e-03
1.036142095980700480e-03
1.737262828533030592e-05
-7.775734741024483169e-04
-3.056375005629200403e-04
-4.050549421537011869e-19
1.615085786845583377e-17
2.101288598003389438e-19
2.003398461098830947e-18
4.282822339347244365e-17
2.021455348869712455e-17
1.085891912645846552e-05
-3.238362899370743082e-03
-3.550125541077023576e-05
6.665918426101227496e-04
-1.335711397380764422e-03
-1.679206611396634203e-04
1.337296905815668591e-04
-4.037862488505150962e-03
-1.752177674212024045e-04
-2.029229855296600703e-04
8.895458621759361629e-04
-4.177326087673384508e-05
6.163810135975778632e-04
-3.033991956211413640e-03
-2.431349750632774275e-04
-3.083348822667629843e-03
3.413535038883403969e-03
-3.688811560961248725e-06
1.748533480609386305e-03
-1.763279121215665030e-04
-4.902955168021636933e-05
-2.656240937455434711e-03
5.585162550364926662e-03
-6.290276380698593662e-05
2.284022336218128994e-03
1.621411061800714839e-03
1.022323993433032102e-04
-7.366379494279812765e-05
7.014084824938808527e-03
-4.937457969573243492e-05
3.673744867126335200e-03
1.094321150369311499e-03
1.694119696298273040e-02
-4.654456772642394683e-04
-3.050003818852746375e-04
-3.447849603237693422e-05
2.502433576363113574e-03
-1.577213739451561612e-04
1.539532493167868228e-02
2.093955616772586825e-04
-4.732572492425052009e-04
-9.497438857844541036e-05
8.009167116233885126e-04
4.363053534256540358e-04
8.485638977754441856e-03
2.340464470216998096e-04
-3.485542997478699684e-04
-1.312632632156603748e-04
-3.911193916492186921e-04
-1.242242087749206186e-05
2.510948949878022852e-04
1.202982730071618492e-05
-1.280449434754533580e-05
1.509129328365303966e-05
-5.325900334650661080e-04
-3.158404074721460862e-03
-2.049961534994580638e-03
2.325125359803866594e-04
6.327114126786902322e-05
-4.380893192395003579e-07
-1.803155536016424467e-03
-3.199386711401267999e-03
-1.362787634559110839e-03
1.418935160026994118e-03
-7.173138970076982845e-04
-4.097764158998415179e-04
-1.443692730477514306e-03
-3.295803159374376904e-03
-2.257778931031915570e-04
3.876206413667226220e-04
-1.028845077488211614e-03
-6.959624857902313401e-04
-8.023612272392785256e-04
-3.195364883227684149e-03
5.608222572491434620e-07
-4.506307723632473270e-06
-1.076320002090227481e-03
-5.561587845856118218e-04
-2.131784268312344034e-04
-7.324343267348112051e-04
-8.096689396146505857e-05
6.393398865742313999e-04
-1.039280244212383020e-03
-3.988633066383692164e-04
2.748507554242239338e-05
3.023144283765480909e-03
7.321816617749371113e-05
7.629791285714106533e-05
2.517704217757520840e-04
4.284548209110080491e-04
-1.138113356062533411e-11
-1.751569779070163878e-10
3.367639375607267719e-12
2.826469058161446447e-11
1.477172375679348183e-11
3.543399117293406959e-12
9.552773291112482453e-05
-3.037200789287422195e-03
1.745608079339311067e-06
1.038407385379973681e-03
-1.396027052601414098e-03
-1.570634721448047969e-05
3.389805238123534746e-04
-2.588098415073451786e-03
-4.848346475713622832e-05
1.393519378229785780e-03
-6.044388728039159489e-04
2.551714606795342659e-06
1.097535686354630209e-03
-1.199805473279623360e-03
-9.809309784875512060e-06
-7.797814707884481635e-04
2.416194128247795610e-03
-5.476110454305009942e-05
1.113703223693150767e-03
1.077068167795257976e-03
1.123098363228704731e-02
-1.299409629666735974e-04
1.511628216850327187e-04
4.478186938753364073e-05
1.822198391841617880e-03
1.771442865958271857e-04
1.700130939208066225e-02
-9.935195045307626538e-04
-1.572258269143618676e-04
4.107523610456229507e-05
7.887672495670740433e-04
-1.259440919407336197e-03
1.239599458293553710e-02
-1.695176467668041182e-04
-1.225992514290884694e-04
-5.259667965551265517e-06
-7.444623092783118250e-04
-1.659191563140790257e-04
3.923643745542585120e-04
-2.013929864331444222e-05
-4.416998348364754493e-05
-2.311039659258893288e-05
-1.915607434708475757e-03
-4.096894067366747502e-04
-5.983511521815336985e-03
-2.458713155853153583e-04
2.974758113240414856e-04
7.584302049899774810e-05
-1.553486368048399456e-03
-3.988560634364648853e-03
-6.919025257749044852e-03
1.922614216804400991e-04
5.747181904170225720e-05
1.366386023332277441e-04
-2.461254817304502681e-03
-4.698190404906999081e-03
-4.544528567926830499e-03
2.063016230439345539e-03
-1.022430114913760969e-03
-9.689183293172674209e-05
-1.958666136902682299e-03
-4.222290512245140473e-03
-4.217007982938688389e-04
1.768872553018738551e-04
-1.237307889727296602e-03
-6.795703945686009913e-04
-1.289718867981738595e-03
-3.564234277660035480e-03
3.683169609762189443e-04
-2.420416937044440897e-04
-1.199207575895951680e-03
-8.190696991162660324e-04
-5.657039818293857795e-04
-1.589467830338296608e-03
-2.653147205381659176e-04
1.550497249972122339e-04
-1.335885047029018247e-03
-5.994168570100131621e-04
2.304329552870924776e-05
1.457114810686379811e-03
1.333704840521579267e-04
-4.766185020809314733e-05
4.303114743392228553e-04
8.761187030881852772e-05
9.130227015173789508e-05
2.406824172257576375e-03
-4.059613701853901218e-06
-3.484362909915494151e-04
1.237127800499960998e-03
8.937496191227069025e-05
-1.592933850632126602e-10
-8.782784207118617955e-10
7.010126883195669009e-14
7.328665022615020178e-11
4.608770657689913722e-10
2.527040337186961057e-14
-3.544360488686660102e-05
-7.365419072922294724e-04
-7.160282202626574304e-06
1.623760623144419012e-03
-1.817185207655339996e-03
5.588593794619389761e-06
3.064811852778907353e-04
-8.261555749268520237e-05
6.442761331839049269e-04
8.775723814606492751e-04
-2.429548635735129594e-03
1.337077558492238871e-05
3.830788393736439621e-04
1.402270082168481603e-03
5.036822241539068087e-03
2.564108352789487430e-05
1.130301654555240039e-04
8.836004396700644181e-05
5.908405697765611387e-04
5.009706542617566385e-04
7.390955495890577133e-03
-6.569994470483165672e-04
-5.298499497438167966e-05
7.912965839764069529e-05
-1.077085218384127248e-04
-1.101875737044660618e-04
1.502720708487860534e-04
1.480471608220200897e-04
2.612348192490586947e-06
3.252139952249894877e-05
-1.575182005913959484e-03
9.914154345797157944e-04
-9.785472444602989761e-03
2.298081250185621456e-04
8.169507660414609127e-05
2.652115958692596139e-07
-3.211854426138938470e-03
1.968528971209689482e-04
-1.211346679465774914e-02
-2.132314354747422635e-04
4.253473369403696128e-04
1.378789674476956818e-05
-2.522906932587954450e-03
-3.745231943926592613e-03
-9.355540066011684697e-03
-3.789465051735184820e-04
-7.748077074838526405e-05
1.697641018164440388e-04
-3.143086823470711555e-03
-4.543768702338805282e-03
-1.033312806642208313e-03
-1.972434449240213078e-03
-1.273805850572864995e-03
-3.580737789442140065e-05
-2.655420692210468548e-03
-4.529095682727517225e-03
1.411686356565044955e-03
-2.940644226957764718e-03
-1.553873733092106437e-03
-7.454164091258856694e-04
-1.062334153575142251e-03
-4.625630845476166875e-03
1.295676798063836966e-03
-6.706860070027127361e-04
-1.350194644380232206e-03
-6.946962034181440549e-04
-3.687531868335656792e-05
-2.870699848275662380e-03
6.091098513946026041e-05
1.915878208596868168e-04
-8.897104589115776207e-04
-9.890864866020515362e-04
5.401192191692624203e-04
-5.795207561848237775e-04
1.198939170297196152e-04
-2.542583665841944684e-04
2.098130498127959831e-05
-1.471310425302704004e-04
8.536265911235238436e-04
1.423125830245895057e-04
1.315402042796715791e-04
-2.733922572708124155e-04
8.195185432491589646e-04
4.501997696636179041e-05
4.932330773161782388e-04
-9.545819863347639999e-04
-2.615990426618203845e-06
-1.775554528738131066e-04
1.273867176870287655e-03
-4.246777411489502087e-06
-1.066648114425286529e-10
2.209611191681854109e-11
-1.079058908980887136e-11
1.923031262011853556e-11
2.668293136411689299e-11
4.849984318411675222e-13
-2.194830989708152662e-04
1.679924359909235835e-03
1.554194432151685375e-03
-2.132472845461953962e-05
-9.517073560451612228e-04
2.559684260607586202e-05
6.642737486441818587e-05
8.817186731873375566e-04
4.725183891124301074e-04
3.220990548785739282e-05
-4.837901235071089162e-06
4.511545755991370224e-05
1.293404513322976477e-05
8.635144545149908566e-06
7.103519209575636175e-05
6.303340561533005149e-05
1.618824761068222404e-05
3.277274564395991717e-05
-4.094782966375890162e-04
-6.230507950274385151e-04
-5.918833748858959298e-03
8.898032995777115876e-04
6.747643385064001356e-05
-8.680080475332820127e-06
-1.635301558383742485e-03
-3.107775656460795457e-04
-1.279347023701200153e-02
1.080387369806309634e-03
1.635506898827749484e-04
2.135673595872050254e-06
-3.713931622076149016e-03
-9.421668818092634448e-04
-1.436401472759330118e-02
4.689200234713524146e-04
2.844842265728018027e-04
-9.867670876098469490e-06
-3.143268099599232351e-03
-4.048234125384264116e-03
-3.702328630655536646e-04
-5.299565682592446045e-06
-8.549767842212528668e-03
3.019070830939204583e-05
-3.480795707930947006e-03
-4.351471392181897185e-03
2.036695113410593567e-04
-1.603824283541216769e-03
-4.175460824939791586e-03
-1.552666406690058709e-04
-2.925663415035319702e-03
-3.734784931724198336e-03
3.792864715961795342e-04
-2.232815893992482880e-03
-2.011579571919319513e-03
-7.106815210872386877e-04
-1.034363075426258938e-03
-4.284866314676069945e-03
3.405867912566313779e-04
-1.010958360060870177e-03
-1.534632860557498492e-03
-4.477249828905191758e-04
-1.775467332601647424e-04
-3.808490656963204202e-03
-6.791815838869725728e-04
1.287828076258537547e-04
-1.132548493978251681e-03
-1.063667979227001046e-03
1.850669941367902565e-04
-1.285561420493326308e-03
-1.039179364014511126e-03
-4.882760028701953994e-04
3.126925612934186735e-07
-4.576031754043007331e-04
4.794705139983215141e-04
-2.566647096597402954e-04
1.771465250196718494e-04
-4.359119627496780831e-04
-3.272975676672308968e-05
-7.269740272799341194e-07
6.491498860713623481e-04
-2.350767699368894095e-03
-1.126656262835170101e-05
1.871459379975332678e-04
-9.099172765723558673e-06
-4.967129300051510864e-06
6.606723466179803637e-04
-2.761404057229537804e-03
-8.647010350771559969e-05
-1.590225760837349383e-05
1.773578348794341709e-04
-4.307320310222599854e-06
2.272933126421946935e-10
3.297343131194694989e-10
3.594956530603858687e-11
3.904394318485387382e-11
-1.225082506902705469e-10
-1.269499815305793291e-12
1.782881842286282324e-12
-8.280884916127837421e-12
-6.083803980633284612e-13
-6.983555447530329477e-13
2.889919597455788366e-12
3.269957858010937679e-13
-4.316004675263748747e-05
-9.039085773746350066e-04
-4.239570539417505143e-04
-4.631713663002984439e-05
3.829781007521357123e-07
-2.107068584597374645e-05
-2.800652107712977364e-04
-1.473683514086679414e-03
-3.983318885922675946e-03
-1.832899154865043535e-05
-1.433444126390187947e-04
-6.241497954574661488e-05
-7.940838097620460520e-04
-1.087258393211757226e-03
-8.621334089445563398e-03
1.383374421300371040e-04
-1.836569620591118235e-04
-2.813270460330721280e-05
-1.714792458516406840e-03
-1.549045997591193876e-03
-1.067663114545171118e-04
7.421721505535595366e-05
-6.823865528011930325e-03
1.819918911968324154e-05
-2.802230073883106836e-03
-3.305873862087977798e-03
1.203663943073352699e-04
2.846500700727510485e-04
-7.318276925148208337e-03
3.170607024498301861e-05
-3.318441953044001021e-03
-3.450790672055587417e-03
1.074492152361354949e-04
-4.144816740066831120e-04
-4.672572551483101209e-03
-1.374825751830735835e-04
-2.526771851242811621e-03
-2.833332776597175494e-03
7.070202650781475732e-06
-1.094607106250242374e-03
-2.238622915805504356e-03
-5.137734112455953324e-04
-1.024975619021993838e-03
-3.180516127100463820e-03
-3.182854902546000653e-04
-1.254073493116216777e-03
-9.439474537656619745e-04
-3.020315455040211545e-04
-2.671681025879519417e-04
-2.862249105787436840e-03
-1.267130844530162592e-03
-9.194084366703063631e-05
-7.666711221737970315e-04
-6.287235973643565254e-04
-3.732131039156994700e-05
-2.661625390301977732e-03
-1.885310777534107045e-03
-8.568149772492706685e-04
-5.863511877755935063e-04
-1.518520155233089820e-03
-7.175341025674041496e-06
-3.891623389348204481e-04
-4.018165800082630331e-04
-7.929358173960691621e-04
-3.278037830766546189e-04
4.609520714593928539e-06
-4.340826988455852374e-05
-2.732014767088527737e-03
-3.028049795569879489e-05
-4.388161130360204525e-04
-3.036965212409484618e-04
6.426921751731243433e-05
-4.109339662506835409e-05
-4.009002046711088348e-03
-2.754074497229688811e-05
-2.596025866069148974e-04
-3.463564047194565452e-04
-1.077123954568650504e-05
-2.299116003671591868e-05
-9.860772023299992431e-04
-3.809175149251118428e-06
-6.800975705904717123e-05
-9.623023180435841479e-05
4.234826573709918622e-08
7.350014548965746074e-06
1.013169729385773963e-03
1.326410843788496371e-06
7.561814437144026525e-05
8.985300120705636830e-05
6.118072130719005494e-08
-1.219395356093695115e-11
1.501822155070828865e-09
-6.633972421432307455e-11
4.915588775582244758e-11
-2.360981794351493277e-10
-6.512327438593592662e-12
1.796596519940634297e-04
-1.584213901029695197e-03
-1.390262304507759034e-03
2.303130163358977584e-05
8.788488374780179229e-04
-2.017774317566392938e-05
-2.558979118747654684e-04
7.389359367449010747e-05
-6.560159416370187112e-04
-7.309127804700742137e-04
2.316664064726662794e-03
-1.089502386077381163e-05
-9.687959163662700256e-04
9.634403955365523822e-04
2.000699933806600925e-06
6.159055075871403212e-04
-2.527889140655366872e-03
2.236492644422677926e-05
-1.571012574328113599e-03
1.403053706689182947e-04
3.420000118533270003e-05
2.065359112262483716e-03
-5.066712468706231938e-03
-1.316035977000157696e-05
-1.710282888954297361e-03
-1.543029307539822400e-03
6.939946104070134243e-04
6.457910043246464869e-04
-3.258276879418071838e-03
-1.612411000923915521e-04
-1.831314066919343449e-03
-1.621318948650698425e-03
1.332407312708965355e-03
-7.933739038806172667e-04
-1.922341109871499856e-03
-2.965636263196715409e-04
-6.958661874075918949e-04
-2.033335708030080576e-03
9.049292217983312837e-04
-9.360953969232385955e-04
-6.594443333341117475e-04
-1.616142061630845980e-04
2.304350405062931899e-06
-1.709650594396348172e-03
-1.655284194589720236e-04
-4.343395957200091870e-04
-9.686044000626137045e-05
-3.953192671076148764e-04
3.060152939799971688e-04
-9.891752265878310871e-04
-9.578885147219970680e-04
-1.368624575532537949e-04
4.142978086281984359e-06
-4.450558298461831171e-04
5.172330098670269811e-04
-3.892877329274433990e-03
-1.370241394330111656e-03
-5.463543674553223350e-04
-5.460457104262496147e-04
1.057396545562112601e-04
5.788300214700318200e-04
-3.958922250614013184e-03
-9.400474896633788618e-05
-2.654554227500768057e-04
-5.484875573035405101e-04
8.063417470508899227e-05
7.631046687716178546e-04
-4.499686430570065850e-03
4.276418587361784058e-05
-1.743865357165313100e-04
-6.949195324906052174e-04
-2.853962043968491128e-05
1.679925377858354564e-05
-1.226171366907042421e-05
6.584981817663246340e-06
3.305249932905548523e-06
1.218352212091069689e-05
1.170902725574578405e-05
2.718638051456461746e-05
3.631724112907904617e-03
2.091850919752498078e-05
2.014224818556828065e-04
4.019617111650839575e-04
3.062243790268063474e-05
-5.504396072537056598e-04
2.593834603611518998e-03
5.835396503474426312e-05
2.351729596095646524e-05
-1.737016151650769280e-04
-5.291529684815420587e-06
-5.610570243982357147e-11
4.931517266165708893e-10
-2.194947739335984116e-11
3.644457578126526445e-12
-2.564047999055630575e-10
9.377972823213392759e-12
2.983264900305631883e-05
6.511269797313372094e-04
2.031356127103865902e-05
-1.558865034732548425e-03
1.689038209285715188e-03
6.718860597144825119e-06
-2.838380313789064333e-04
2.400716572878479251e-03
1.538393474981308720e-05
-1.173789582913958808e-03
6.367561810661025818e-04
2.796407333726671522e-05
-5.264596163085533001e-04
2.631917216729161638e-03
1.614704019669246547e-04
2.241217334185475075e-03
-3.337514229479988589e-03
1.429331021275492341e-05
-3.988550974976417846e-04
1.080560427123837975e-03
2.140623818790653957e-04
3.471157685857382495e-03
-2.815641385558810810e-03
-2.239155636518855213e-05
-7.287171017001962611e-04
6.707972086654393330e-05
1.121211617489010874e-03
1.877401726349960109e-03
-1.636688594954662868e-03
-1.005352356900477318e-04
-5.640076778843166553e-04
-2.289329138462276904e-04
1.685076383338677619e-03
-5.234182333730236057e-05
-4.849976034895718785e-04
-1.719606240688388696e-04
-1.141405766109174756e-04
-6.031480677363976195e-04
7.307940637475319893e-04
-3.360814791845327209e-04
4.359476289209483660e-05
-1.817513229830608847e-04
4.790523518662312950e-04
-4.507985944401808652e-04
-5.484559260331509377e-05
9.952691159734747958e-06
-2.767663989748137777e-05
-1.103010572785655845e-04
1.540041272634652724e-03
-2.026579601712690936e-04
-1.048677760172381980e-05
-1.412210322800358715e-04
-2.721682765713989076e-04
3.889295695994883875e-04
2.890544207631205731e-03
-5.079852323987516655e-03
-3.464199317447075300e-04
-1.119928709463289130e-04
-5.735777455807117807e-04
1.386170774141701851e-04
7.168695886110149876e-05
-3.516635402056982594e-05
-7.684245040019069210e-06
4.099352217350634238e-06
8.959113955517641892e-05
3.909805982070139541e-05
-7.406277049414484179e-04
4.269454136848178406e-03
-3.327515314147949400e-05
1.435777496152190031e-04
9.503107680413431981e-04
1.009811221860291178e-04
3.576233396035616226e-05
2.620623284726445856e-03
2.957341175555754337e-05
3.344076468594368899e-04
4.541239388518606367e-04
-1.257213575290212352e-05
-5.884319393016835707e-04
2.078730162034911517e-03
-1.023321124101512984e-05
-1.879385401530515073e-04
1.122831182546685888e-05
-1.180105168006850212e-06
-4.309702652251568076e-04
8.370908641856555140e-04
-3.932124264649993709e-05
1.632769199134910445e-04
-1.254838172096716525e-03
-2.955258169736421968e-06
-1.908158709759504227e-11
-1.558100507232023480e-10
2.977382344447137644e-11
-2.759711121068165145e-11
6.075192702553466918e-11
-3.352941671418450732e-12
-7.567398404310281355e-05
2.690489943806093510e-03
-4.951147974093463816e-07
-9.560238472182207813e-04
1.420291621529023518e-03
2.951928029879043750e-05
-1.141791966107794478e-04
3.620022598693882314e-03
1.218571706184101293e-04
1.649318889674849077e-04
-1.222112390248667824e-03
4.615242394811568913e-05
1.191245452890797384e-04
3.282014043649342152e-03
4.718169792032248628e-04
2.674786499285108660e-03
-2.054701044173407043e-03
1.406123300189450989e-05
1.848107185953396057e-04
1.663258356852189866e-03
8.195735644885436717e-04
3.708099728788509866e-03
-1.113038918320673415e-03
1.687400513277699530e-06
-1.064505741048330081e-04
1.051004956621874511e-03
1.020658496517289331e-03
1.953196631551217931e-03
-2.686132731252974552e-04
-7.326859359534176159e-05
-2.181833209147718017e-04
1.084807635707822236e-03
6.667872411846983635e-04
3.080130529143651572e-04
-1.621657875360672330e-04
-1.012980036578877861e-05
-2.722646943961157294e-04
9.738868423782789810e-04
3.087511782668162381e-05
-4.489069638404139019e-06
1.269699649729193300e-04
1.749452300222285048e-04
9.679574090134126596e-05
6.005357759090151210e-04
1.249873373218625416e-04
-1.450175224550076124e-04
2.452174790221868734e-04
5.067948347535626867e-04
-5.129017124852225818e-05
1.419554791698733341e-05
-2.802347772700372066e-05
-1.012841885790984424e-06
-8.264517738258505305e-05
-9.143698446103643680e-05
-2.854840615793137384e-03
5.117788511550626362e-03
3.148495673905184330e-04
1.155121653755357902e-04
5.591372071415523070e-04
-6.983060901758146968e-05
-6.080646857099630516e-04
3.873129347312643384e-03
8.291853668997213492e-05
2.558813940594367319e-04
7.140053416073289909e-04
6.197216710686269891e-05
8.669280727905063406e-06
4.791257950908382789e-04
3.178885593868200168e-04
7.435036924617097849e-04
2.637204135918442063e-04
2.368231471490787622e-05
-4.612560358403868140e-04
2.684238050676082828e-04
-1.198759041755932973e-04
3.417786098685146232e-04
2.681940365421374469e-05
2.166959371404804104e-06
-7.380139109790666329e-04
-1.322215798476271550e-04
-9.554708387121666510e-05
2.483060846429486330e-04
-9.141551697471055234e-04
-6.230226844761983351e-05
-6.303637362545866710e-05
-2.132571392875940754e-03
1.765726762098191847e-06
3.001967987225513928e-04
-1.435170378529503684e-03
-1.062603586243802219e-04
-8.649989691801568399e-12
-1.095257720211069715e-10
-1.254839633561898445e-13
-2.748638194550413178e-11
5.095409770164626979e-11
-1.373312960216461801e-11
-8.171247210265372617e-06
2.868428506024881842e-03
2.761092831621448908e-05
-5.749368722007962458e-04
1.499605489775524382e-03
1.765579880352439090e-04
1.817504932156828944e-04
3.452329421885792001e-03
4.181728145436097201e-04
-1.862796439944403991e-04
1.571186025481996040e-04
2.447691612557856755e-04
5.516177076499497204e-04
2.640341482766519511e-03
1.230229906236037819e-03
1.171589689432058108e-03
-4.301679414502573417e-04
1.732501292503177068e-04
3.322237962950655649e-04
1.718694793015068754e-03
1.200484361304135191e-03
3.197453830228976011e-04
-4.649496809818659320e-04
2.492227569022079092e-04
2.395154692990613426e-05
1.851602409562473931e-03
6.074057327586797859e-04
-2.742644126589105437e-04
-1.912027504104396418e-04
3.355516230916774428e-04
-4.435398874903005251e-05
2.371394283167645341e-03
1.624385343974185344e-04
3.199262259842016202e-04
1.762346658789122242e-04
5.320665217267020811e-04
6.596059885401111080e-05
-3.994704663689886025e-05
-5.678454273620723920e-06
1.828164341049498757e-05
-2.454190085898478842e-04
-2.792882979865475871e-04
-1.119713299800727691e-04
-6.097879502682362592e-04
-1.668403824969651400e-04
2.000742740632192038e-04
-4.438273029009274216e-04
-6.984491467903305084e-04
-1.564340321200067196e-03
1.673436760078828370e-04
1.363814772467479709e-05
1.645431108655704539e-04
2.003317563256915186e-04
-5.599217851732859888e-04
-5.087719728584182664e-04
4.048615641775936413e-03
1.311880415339921387e-03
5.837733353741433829e-04
5.435486204887465724e-04
-9.153915501147435172e-05
3.977972007028708130e-05
2.594717174172243759e-03
1.939990581135288706e-03
7.851884219990375256e-04
5.718949275413545783e-04
1.503998444445966672e-03
-1.921450569024477984e-04
1.214834282573189162e-03
1.105344364300494577e-03
1.018967920323675901e-04
6.396638181625713610e-05
5.837744783774359830e-04
-4.688553975507352882e-04
4.552188910921953300e-04
-3.281154222148167859e-06
9.717844049840862019e-05
1.195257143070324330e-04
2.079211437080200292e-04
5.070450608178610501e-05
-1.652240847879658976e-03
-8.132241340744338792e-05
-1.256104378013517935e-05
-4.805088280729890183e-04
-1.515846187494663405e-04
-3.659341596046627432e-06
-2.892402530552638362e-03
-6.597779343265920964e-05
-1.072985937985291611e-04
-6.045225706843894171e-04
-6.101688083239444711e-04
-7.788015193211317469e-11
-1.276824223067520536e-10
1.547574903676278628e-10
1.585675779337787386e-12
6.209276534837520798e-11
-3.807587461531258093e-12
1.526847052780216300e-04
2.300233030402321771e-03
2.264077759850704737e-04
1.371734381210618190e-04
6.059035015433162936e-04
8.518712590594003722e-04
9.012436890996691763e-04
2.086307656758186382e-03
1.228344933464711698e-03
1.072289514460442081e-04
1.481663425446636722e-03
5.677996999901738055e-04
8.393809604753030545e-04
1.925867065243792734e-03
1.578142428789052051e-03
-4.848237214076156005e-05
6.095780685999686388e-04
6.647861023251331767e-04
1.161758281149194839e-04
2.235996766339707481e-03
5.384298272563294019e-04
5.924689733319258743e-04
1.341857442152095221e-04
7.556980158920385132e-04
-1.732851718796786470e-05
-8.207794422469800993e-07
1.812595215800501874e-05
-8.958774353199707460e-05
-1.126234834852927720e-04
-2.790547155316254750e-04
1.381320692683024771e-04
-2.283930307335858573e-03
-2.100109353388965078e-04
-6.872925243153478036e-04
-1.444503775664633248e-04
-5.890757451599447012e-04
3.599218050024268855e-04
-9.955340266055857489e-04
-3.646403914222430119e-05
-1.081761442098224307e-04
-1.487161416826847534e-04
-1.609269096852797786e-04
-5.165121782566995529e-04
4.898706596027315894e-04
6.270434179208714731e-05
8.941103412999463563e-05
3.082399661505421529e-05
1.177037111789564313e-04
-3.225611176861371116e-04
1.062377247282282090e-03
1.003983502397641460e-03
4.410429066135262738e-04
-5.123851334426341206e-05
3.930163071035485843e-04
2.764780752731141084e-04
2.967099222711047472e-03
1.379165365733496995e-03
6.671170387410821497e-05
7.046063504816889008e-04
6.136521841751017229e-04
1.642680363958104310e-04
3.706548558060222213e-03
7.571727913768031394e-04
-1.205245708372594603e-04
1.081817841930683699e-03
1.069995585189507763e-03
7.908473207711854780e-05
2.759242186625176108e-03
-1.920968361911007621e-04
-2.048223308411019762e-04
9.001900642236583322e-04
1.223916678621113753e-03
6.399062097182969637e-04
1.208598039698682673e-03
2.773282055735353793e-04
-1.370221203236337507e-04
1.439631511616031468e-03
8.342562909866208833e-04
2.673030599152118286e-04
5.620996554221179865e-04
7.418504270798404940e-05
-4.129568611435483101e-04
1.018073833043627767e-03
5.210456627285624948e-04
-1.615563911932640508e-05
1.527094538173074355e-03
-1.190002399547289034e-03
-1.027727003452803291e-05
8.087465925360547798e-04
4.642878620966961901e-04
-1.366480247079200232e-10
-3.568079476860632034e-10
-1.929897420048666819e-10
7.967538904653850975e-11
6.125335953189932281e-12
1.564970916631826761e-11
6.593219967880267242e-04
-1.356425148509925356e-03
1.882463412681199995e-03
2.576046773549384508e-04
-2.770919719390318417e-04
-1.575967590899600521e-05
1.186254334423998994e-03
7.903983117398481186e-04
1.848941267760824793e-03
4.178846236068449677e-04
2.179272557880576752e-04
5.031183203592512693e-04
-1.828995879010690117e-04
1.597279372409221508e-05
3.312851267171198076e-06
-1.863970770341575947e-05
-2.730532039725610326e-05
-4.319435407323485673e-05
-3.148597804324129918e-04
-2.075613999521663811e-03
-7.579880473280263932e-04
-1.112703553129802420e-03
-1.288819766159785593e-04
-6.436104049783014083e-04
-4.285116322989313708e-05
-1.851516266095096577e-03
-8.710306523412190884e-04
-6.566471647016791646e-05
2.158545313297147335e-04
-3.116107500509931907e-04
3.232878300096785106e-04
-1.110774274129753972e-03
-8.833447099376975963e-04
-4.067769256453542806e-04
-1.928895443857213865e-04
8.571106557848807425e-06
1.558672407558107584e-04
6.564053906352274948e-04
-9.061785908695465380e-04
3.238719001818923414e-04
-3.258986581745196352e-04
1.609447575951290419e-04
-2.655572438380079994e-06
1.947014556946089674e-03
1.867482863988699331e-04
3.470170948088726953e-04
1.061876294656197020e-04
3.967367706405089986e-04
1.113430749409029296e-03
3.543399330072962913e-03
4.551790823510062770e-04
1.300009728273950017e-03
1.194147222242171284e-03
2.437917292580572186e-04
1.019215956106863351e-03
4.329064005448578743e-03
-7.312795437322003940e-05
1.118817166090881315e-03
1.513477572461018527e-03
3.974703223810986241e-04
1.087071099345368521e-03
4.575808071542735063e-03
-1.293918019571069613e-03
6.790572494878571860e-04
1.347392170735319319e-03
6.881347918632689346e-04
1.315515905652972278e-03
3.316370415075620918e-03
-3.681174708586797909e-04
2.317773861428743627e-04
1.204372706104105085e-03
1.062471636481998778e-03
7.987262568536708561e-04
2.744866408761779085e-03
-4.176093572414751061e-06
4.097679579346729864e-06
1.239934400149641982e-03
8.679029126870320019e-04
5.716614166520125206e-05
2.841554602023184817e-03
-2.070086663628568555e-04
-3.202244098417790470e-05
5.733244960044756120e-04
5.330698622930974415e-04
-2.470385408558198629e-04
2.617267974555255016e-03
5.660394776235697832e-05
-6.421048234381580497e-05
3.497628990914840330e-04
2.689436914523538188e-04
-6.215708809727624062e-11
1.678690769350865504e-10
-9.162753627597241688e-12
7.647993183191611434e-12
-8.175788426561943725e-12
1.907149278542779255e-11
-1.231131555709529012e-04
1.708335648242307273e-06
-6.580154377067002789e-05
-3.440939205589980488e-05
-4.881720291764527926e-06
-1.037309723972165785e-04
-1.492653581003452849e-03
-8.333272907299173800e-04
-2.426991028469144881e-03
-4.693878813431869457e-04
-2.496211175387692458e-04
-4.025439442952135813e-04
-1.252606416661676157e-03
-1.973192912219038069e-03
-1.712732435326679232e-03
-3.922555620763426543e-04
-7.100612819019069865e-04
-4.885012585715728080e-04
-5.528687480614601947e-04
-1.757587828091839149e-03
-1.451057540312884883e-03
-4.353015454350467090e-04
2.049539347267520962e-04
-2.135058380818736850e-04
1.717996686729671076e-04
-1.067910665989738658e-03
-1.471440435691099809e-03
-1.978973347159783316e-03
-6.663947031100793308e-04
5.900787124408757550e-05
8.261362128963213331e-04
2.295192147704991240e-04
-2.280327977342894944e-03
4.746050909902219898e-05
-1.111319532503486418e-04
1.659387117040237000e-04
8.821327949879724691e-04
2.247657531852285864e-03
-1.118114682928973485e-03
8.702287241401878261e-04
5.667081968626283810e-04
1.784099190327373689e-04
2.633872129017099731e-03
3.497582950455850256e-03
-1.133986491071060011e-05
1.092890779135878869e-03
3.016403861881779454e-03
3.658056025555956681e-04
2.812606505172271249e-03
4.224981789157846758e-03
-2.413794894943166697e-04
2.585964734032123336e-03
2.049857495725688778e-03
4.582360615763088254e-04
2.581990093695731882e-03
4.631618009448508488e-03
-1.486428503040980323e-03
3.109498040698633302e-03
1.555283313131438933e-03
5.979962221754699147e-04
1.922936103890305302e-03
4.074284749946512942e-03
4.224363372336943580e-04
-1.941185377964459266e-04
1.257471274925649109e-03
6.704466744876977878e-04
1.354808587099276410e-03
3.080240900127289259e-03
2.034653894478880053e-04
-3.887357882571539644e-04
1.045503776145570917e-03
8.454053397552784097e-04
1.192470611091631723e-04
2.973256804236010329e-03
6.814501448327497728e-05
-1.667653372815706264e-04
7.815625105783641701e-04
6.904579097527953476e-04
-6.262601564934861496e-04
2.534641885556911892e-03
-4.646305881171063743e-06
-2.933773006473823085e-04
5.952544459203291212e-04
2.685727518805635229e-04
3.120900275164464801e-05
2.073652870771594577e-06
4.295397733791677357e-06
1.561201433974905602e-05
-8.608075398871846480e-07
5.421520135249784149e-05
8.886159396545483726e-11
-1.276581281313618456e-10
-1.242416625740981508e-12
3.646308399416804635e-11
1.679273144693980585e-11
6.294248238321844688e-13
-7.157802961622669732e-04
1.139700852753132215e-03
-2.047320724014656430e-03
-2.904564288635412767e-04
2.953628285869575867e-04
-1.298200752088420843e-04
-1.089866242037736089e-03
-2.365694943774114632e-03
-1.281254472279070569e-03
-3.849753597835243362e-04
-1.558950247069843887e-03
-4.303397195606502822e-04
-7.653825269871750332e-04
-2.954565341698286562e-03
-1.377512692282258219e-03
-1.542582454615069572e-03
1.260899130234991361e-04
-1.471205225328028757e-04
-2.818974128874275099e-04
-1.774900164852787716e-03
-9.441335658629894899e-04
-4.298322228613474759e-03
5.074857387285488294e-04
-1.330972246496091905e-06
1.027408561802088628e-03
-6.861959099795081536e-05
-1.374845650837223281e-03
-1.980367587178555582e-03
1.273785508775056308e-03
8.248434768367588160e-05
2.348398894894983876e-03
1.728348277880208854e-03
-1.676135650598078487e-03
7.998500748354025851e-04
2.090643676075972218e-03
2.352577350704883384e-04
3.713064638631408901e-03
4.217694645112608429e-03
-1.985780362862606802e-04
4.319505467465098924e-04
5.738608228349185124e-03
-5.134768853595783090e-05
3.570967888253565297e-03
5.607799662316416238e-03
-1.701242130054414774e-04
1.693485990407731520e-03
4.533305063025520193e-03
-8.948859487909508836e-05
3.022085624315173219e-03
5.347057138245504132e-03
9.028054925807841181e-04
1.673382221175078420e-03
1.279057045637147167e-03
-1.479728099066190234e-04
2.567149851948458735e-03
4.977388459241492182e-03
4.942722545278415390e-03
-2.260440579989339820e-03
1.073444507008471235e-03
7.467442443228910251e-05
1.819590367472331913e-03
3.229730790155880063e-03
1.352792839465935797e-03
-1.422377962169367677e-03
7.344822465924601617e-04
4.252268964196271239e-04
1.869655280983624674e-04
1.832787271725266637e-03
1.588018931436553335e-04
-2.347249338218420755e-04
3.437655095357632995e-04
1.543706256151650071e-04
-2.370683060043083125e-05
-2.363815278915713632e-05
2.330104899264020193e-06
7.172517159086331746e-06
4.303562008821054456e-06
-1.985943369187115337e-05
6.332065853067936822e-04
-2.811883850155533042e-03
4.565909466023936320e-06
3.168652788750749927e-04
-5.485853501542316529e-04
-1.724594040405591716e-04
2.657758397921605579e-04
-2.915309005350685215e-03
-7.033387405899211256e-06
6.818211865652952660e-05
-2.820203244722778902e-04
-1.171528016590751202e-04
-2.710132922845449966e-11
5.708863018805089301e-10
2.380660468544226075e-10
5.645781192595091765e-12
4.986057299074226484e-12
3.418895755783468111e-11
-1.883283671534439628e-04
-2.401385703204444565e-03
-2.427045508240782701e-04
-2.021287554330727183e-04
-3.039630116494774202e-04
-6.683075877896027268e-04
-2.372751530304367459e-04
-3.746143449329050485e-03
-4.898727020845932908e-04
2.650789100102505028e-04
-1.411989355654454667e-04
-2.126094545396228427e-04
-1.507896734384385820e-04
-3.719314958061789231e-03
-5.612915663292600754e-04
-3.532189390530923387e-03
1.886168023720350469e-03
-1.311865948094040630e-05
5.249075143958593708e-04
-1.162678694512654307e-03
-2.513553596127967703e-04
-4.649928576670410429e-03
2.854745390816044136e-03
1.113340126552006196e-05
2.250056597298987892e-03
1.727271148075404210e-03
-8.454623146251168163e-04
-7.678610959500856582e-04
4.226092481618879196e-03
5.411584843169997653e-05
1.350014713008896574e-03
1.491975381638874134e-03
-4.411933755415913027e-04
-1.519542692197152726e-05
3.052311730687035009e-03
-2.122268282271940187e-05
1.691108015941520651e-03
2.315773367059397337e-03
4.235225039413062481e-05
3.992332248129261597e-05
4.231804629456801387e-03
-1.675890877048473156e-04
1.387039800775860619e-03
2.097577577882041473e-03
-8.868376359092032990e-05
-2.852179090717269568e-04
4.560843639024008377e-03
-1.767628661345208344e-04
9.717411284315967705e-04
2.453573852390068810e-03
3.436506404646958498e-03
-2.799850474605389272e-04
6.113438566120642454e-04
-6.847045895826710238e-05
6.247048376801593019e-04
3.140886267898897796e-03
1.822989286673542663e-03
-3.119672178860064004e-04
9.294261337336011126e-05
1.936135813458464666e-04
2.709949340981518428e-04
1.812463183103615871e-03
1.935118678600134792e-04
-2.167532281451187940e-04
3.546143711846951800e-04
2.064722066609144262e-04
1.055129593583410920e-05
7.334578801155913475e-07
7.652784366075298750e-06
8.313902562772075517e-06
2.379418900248070951e-06
-4.440786365268823156e-06
-1.299994131446124339e-04
-9.265595984752895932e-04
2.752182898535907683e-05
1.395358822807482005e-04
-3.554162611259696972e-04
-9.135635370687815590e-05
-5.217397740493489770e-05
-1.621724516834764608e-03
-3.934040288875313403e-05
4.941491297679623956e-05
-3.493699280695671417e-04
-7.465983446792156533e-05
7.751353792022596223e-20
-1.205032288979797048e-17
-2.685434872900595476e-18
-1.093432767431806900e-19
-1.903310432601793084e-18
-3.684968522105738012e-19
-4.594884266709491034e-05
1.388608932600713395e-03
-1.056875407465794918e-03
-1.452036784729086251e-05
7.745259041293451512e-04
3.082905980131184264e-04
-1.668782418156517552e-04
-2.490251630630467734e-03
-2.580651260597548961e-04
-5.129339591972631652e-05
-2.227557477187825784e-04
-3.106363412794850717e-04
-1.582826024283413293e-04
-3.383418161368272926e-03
-3.549430546180905202e-04
-2.954218750185825994e-03
7.380711761376313644e-04
-6.000528504214963193e-05
3.133901200976840963e-05
-2.096103318571534372e-03
-2.756797587730528808e-04
-3.979763473501317025e-03
1.985300678183427991e-03
2.351426622192389831e-06
5.385708990877565447e-04
-2.996547539793801792e-04
-1.086105188028803678e-04
-2.718570508210085140e-03
2.340516772727162589e-03
2.234440083005844669e-05
1.584017465203788099e-03
6.740978763156910396e-04
-1.804887181888620567e-04
-9.690361446421153120e-05
4.507919126070802224e-03
-1.520304234372344874e-04
2.156376972976826924e-03
5.583460859806922217e-04
-2.311091178407667526e-04
-2.902940144392302164e-04
5.486122785083410135e-03
-2.533882811913700005e-04
1.561072122160739144e-03
-9.626884556761188092e-05
1.681827453830273380e-04
-5.059259461658137532e-05
2.122500149450486963e-03
-2.681921466630368006e-04
5.438161653254726304e-04
2.725465189813160681e-04
1.956951638401286005e-03
3.043485690253420247e-03
-7.008789156789610886e-04
-2.626915524330942337e-04
-6.343385976451514910e-04
1.623274529938219897e-03
2.751507585406418044e-03
3.640830689212133176e-04
-5.234733800339161141e-04
-2.532654852966762191e-05
3.858757289551530362e-05
8.185971310376476205e-05
2.374172507347954077e-05
3.955381146771582925e-05
-1.418929323718152315e-05
5.869642937877432511e-05
-1.360256933321426609e-04
-1.852436221928229106e-03
-1.602353661904842397e-04
2.555224891310227918e-04
-3.288510556361608390e-04
-1.442987897845249225e-04
-1.171463967494765267e-03
-1.639338709414408244e-03
8.650898587262052537e-05
2.143253357395153639e-04
-4.921268518705510528e-04
-3.998007592637926942e-04
-8.465830144092608214e-04
-2.812896465165875930e-03
-8.204934293698426721e-06
-9.980932680137873227e-07
-7.052852143141594577e-04
-4.189035607868417518e-04
-2.781904654206637513e-04
-2.757210237819965500e-03
-3.418931243408808679e-04
-3.628577637714323423e-05
-3.990049651865153505e-04
-3.971736067629377050e-04
-1.357222060550794735e-11
-5.362948765251974056e-10
-3.377498649076472134e-10
2.532654777216220473e-12
-5.647879476879935218e-12
-5.685115974606970476e-11
-2.758252915651457005e-05
-2.990316831248156920e-03
-7.633858850624392685e-05
-9.324688347992553749e-05
-2.270357984024090159e-04
-4.268069121742034734e-04
-1.023637969301057372e-04
-3.619679897156802620e-03
-1.341875873449851152e-04
1.997292051783741804e-04
-1.947297413301432535e-04
-4.695907546593057171e-05
-9.583955361086030826e-05
-2.416476184554274508e-03
-7.013128320254555822e-05
-2.329830484350722472e-03
2.280709589138911822e-03
-1.507583136344909358e-05
4.462565060263978312e-04
-5.074599364875588678e-04
-3.422607054878973316e-06
-3.081247603544333934e-03
3.234471287895857809e-03
-5.842219652628126044e-06
8.750307114249010346e-04
4.201674810665768098e-04
5.363932046170721184e-06
-4.850255350914824880e-05
4.606077892401029897e-03
-9.335736537068350428e-05
1.355613485071605583e-03
-2.172359408499937011e-04
-4.934216356774030407e-04
4.862435242141967089e-05
1.971265432670508619e-03
-1.860675627400507851e-04
1.211466645103225848e-03
-1.339556750210950430e-03
-5.397656679578963034e-05
9.090920491272875409e-03
-4.088930503532442690e-04
-2.412833854014372319e-04
3.768359327570304745e-04
-9.543313948958362944e-04
1.922006173358161134e-03
1.578134199185206006e-03
-3.344302677755495992e-04
-2.597462897041614201e-04
-2.237826412427882316e-04
-1.901984879986997153e-05
3.736546562628292042e-06
-2.099786548038340807e-05
-5.074566305008895771e-05
-5.358231359080515459e-05
4.455170936188997252e-04
-1.466390887799415071e-03
-2.427021077860834226e-03
-3.363137596440231715e-04
4.567185046902286281e-04
4.684782715581956719e-05
-5.082724355667954559e-04
-2.944847780970063795e-03
-1.621308248511417081e-03
3.328871315399459544e-04
-2.193626193692080936e-04
-2.096137104202333969e-04
-1.393069330944172925e-03
-3.227985244669000827e-03
-2.097390198099170181e-04
4.154878638743470854e-04
-1.018947622901738301e-03
-8.476498600343419353e-04
-1.686365439473002910e-03
-3.209271299038777767e-03
2.117037212011673244e-05
4.017289726317532545e-04
-8.580142987958879223e-04
-1.012700717257481332e-03
-1.463413214998301928e-03
-3.097186218121252867e-03
-2.881545933082103002e-05
1.471547206237507023e-04
-8.535499078143250111e-04
-8.150015082331754732e-04
-3.779721651166263372e-04
-8.828933273367812074e-04
1.538517150056501609e-04
-5.186192365759832663e-05
-9.351975918319674645e-04
-5.613514564955188755e-04
2.962827368372439007e-12
4.048276609178542700e-11
1.472670683495263243e-11
2.341705617204491604e-11
8.097735222724202150e-11
2.206353267910284222e-11
-9.039424032892948895e-05
-2.431625881690762259e-03
3.884751702174664951e-06
3.417348579271953820e-04
-1.338960006120788922e-03
-8.917894342304035155e-05
-2.604472712200262235e-04
-1.485279021634765533e-03
3.709377780789098309e-05
6.378124727152306456e-04
-5.363686439380360976e-04
-2.816685898939186268e-06
-3.189247564225620497e-05
-2.796558693139393741e-04
4.223017769225487911e-05
-1.839509440894343409e-03
3.112716130323048107e-03
1.858599488670327948e-05
3.693666583072005138e-04
8.785455844883403214e-04
2.452222074400163977e-03
1.488641827211471759e-04
-2.659836871873956011e-05
3.818315784019385210e-06
4.711930776754802647e-04
3.490756342892187649e-04
2.922484956842788854e-04
4.887601492556810324e-04
-4.309993076153541942e-04
-7.752118854017548853e-05
3.098841594757153648e-04
-5.707850953599160129e-04
1.840020293154818933e-03
2.272550296923119689e-04
-2.635132811798936007e-04
-1.565114980461347356e-04
-3.093805875589347157e-04
-3.484284586206779406e-06
1.086097782925714392e-04
6.107373862914159052e-06
-4.105867324878220947e-05
-1.281128630433411072e-04
-9.985135389313274344e-04
1.171971556646229278e-03
-1.591304779551254260e-03
-1.555584570338254752e-03
2.617377549681271904e-04
2.395194856980353745e-05
-8.712488372580018924e-04
1.590058075749543236e-04
-1.624198491812934003e-03
-2.710761692717728998e-03
6.539665760459071209e-04
8.312759577910448251e-05
-9.439643212824930588e-04
-2.077720694619411383e-03
-3.014114706462855692e-03
2.923605423086785135e-04
-9.346259855689958984e-04
-7.412485227955233590e-05
-1.659380448850036795e-03
-2.894979869423400243e-03
7.615074541951689143e-04
-1.358851986655946727e-03
-1.543560029926796745e-03
-6.017775575643399214e-04
-1.329275949445201050e-03
-3.325502439886221344e-03
3.742291704550767140e-04
-2.322125216708040805e-04
-1.186937434496919668e-03
-1.091768239650989930e-03
-9.498652412931052206e-04
-2.945298612054113394e-03
-5.968395384537442751e-05
1.359201712617144858e-04
-9.181762090271755996e-04
-1.482237017008119920e-03
-1.634733618356796895e-04
-1.740936212266931682e-03
9.564582763379154100e-06
5.479745921751610210e-04
-7.119814222264571248e-04
-8.107043742795646797e-04
2.745193863294754957e-04
7.323974192318873522e-04
-3.186240308955448478e-04
-1.666091656765734702e-04
4.753582719006083633e-04
3.087823952315411923e-04
-2.041767540080256293e-10
-2.515501252861886343e-10
1.439346102230300456e-10
2.635519358452025285e-11
1.699869755155063162e-10
3.551407768800743406e-12
-4.904756479921204473e-04
9.666881742476147619e-04
-1.101255237430267839e-06
1.814980532299297576e-04
-1.248321178534845697e-03
4.596996307302680064e-06
-3.811060581943456977e-04
1.047898487426854536e-03
-5.161799567307337184e-05
1.142512855069595466e-03
-1.615780590628865514e-03
3.460051463396970385e-05
1.242367901682578726e-04
1.837242920386522853e-03
7.775047413546514298e-04
1.280166249375203817e-04
-2.231417365991242898e-05
2.497524986130626731e-05
-2.367148373216944400e-04
1.112616920795232245e-03
1.876709906391617637e-03
-3.547249132546913806e-04
-1.736385705494229400e-04
1.011000356277057359e-05
-1.147415380662283234e-04
2.308891434109340186e-05
8.403131495052588702e-05
1.055440608478251419e-04
-3.063080057071260800e-06
-3.356450850029189451e-05
-6.646759311294050130e-04
5.547207386494082144e-04
-1.564283892126549147e-03
-2.338189279661557433e-04
2.594908063386156395e-04
6.648099457861963566e-06
-1.620815175069152160e-03
1.496736385834151984e-03
7.649885433163562622e-05
-6.374572972959739042e-03
4.454448504501559085e-04
6.851447646313333999e-06
-1.689223581011683323e-03
6.898523698038366630e-04
-1.587856858323334077e-04
-1.052093516659802463e-04
-1.917795804334770579e-03
1.800847556490914959e-05
-1.364926897369404292e-03
-1.444937838654150770e-03
9.573410151313982853e-05
2.254934878818943937e-04
-3.421738664540084542e-03
-5.853528539143163883e-05
-1.654965648921875214e-03
-1.822580908237344350e-03
1.087648531161829885e-03
-1.289595325626379527e-03
-1.818242078294561234e-03
-4.582634571944397368e-04
-8.289251166436666183e-04
-2.498393507932767689e-03
1.102689885252462927e-03
-6.099161958148176547e-04
-9.323193147943926225e-04
-6.533569653803426251e-04
-8.397174779500246068e-05
-2.718699172996026994e-03
2.318090099933902326e-04
2.136624694340024549e-04
-9.073625759493392099e-04
-1.215863118499464551e-03
7.184443203615394286e-04
-2.365000588948228642e-03
2.748152116748542233e-05
2.890628453687610821e-04
-7.305218448669564867e-04
-1.909610555370962496e-03
1.541565083336989819e-03
-5.049743372863814894e-04
-2.127358907089821317e-04
4.471650533635674360e-04
-3.923776170451018230e-04
-1.890255119916722101e-05
1.753551379421375506e-03
-3.387274696935787741e-03
-6.583467646400028737e-05
-1.078476409247051130e-04
-3.568280051494539490e-04
8.514217453292685712e-06
-4.415239969421376219e-10
4.612207519700783497e-10
1.230528626543315481e-12
-3.260995330230731600e-12
-1.260273602299203098e-10
2.138351953105915360e-12
-6.587468941969857553e-04
2.735677449726786788e-03
8.853598762373045619e-05
1.050299511982105767e-05
-1.776802173065990590e-04
2.880143337784883747e-06
2.367108046973230532e-05
9.694017875856687175e-04
3.968634522816323848e-06
6.143289098694369320e-05
9.644148827905125922e-05
-5.038190682140017244e-08
-3.568978393057530392e-05
6.255195877136311515e-05
1.541145383982606010e-05
4.485765567022182554e-06
1.260565351697544125e-05
7.906554482602921104e-06
1.402932920900683527e-04
-1.062069039570951671e-03
-1.535926662607751177e-03
4.368065466615598017e-04
1.922557275140457324e-04
-4.131407996376031539e-06
-3.852855864100445684e-04
-4.336353795429523286e-04
-2.414296075404168010e-04
-4.917948939228587377e-04
4.919774438315194925e-04
4.109558656552505233e-05
-1.132815449188786551e-03
1.254298367839744494e-04
4.945563008246164644e-04
-1.971500711424489143e-04
-1.812003199712572832e-03
6.106029404859610206e-05
-1.984626578911682666e-03
-2.720880268280586288e-04
2.085445391139130586e-04
2.827978668143304336e-04
-4.145626393495415417e-03
5.331658304730310779e-05
-1.491891099365425790e-03
-1.804114006237851489e-03
-1.144462534057561616e-05
-3.577241389180701276e-05
-2.583161407435449145e-03
-3.921872583672036125e-05
-1.390099463794661856e-03
-1.571534382327148321e-03
3.594874069393725756e-04
-9.709029388491491894e-04
-1.526900879433453232e-03
-4.040501068345985500e-04
-5.790933603827697757e-04
-2.049410663523816394e-03
2.646299483616986912e-04
-1.024991659251593039e-03
-5.014648421447713122e-04
-3.529052329520619203e-04
-5.535847922052029580e-05
-1.968115781970595363e-03
-4.379081805128051522e-04
-1.459048299902728852e-04
-1.201978704164513730e-04
-5.776888991008371057e-04
1.902431635120570448e-04
-1.253643879474136127e-03
-1.050933523013913634e-03
-1.316753347425295010e-04
-5.869350075369061075e-05
-5.724661359834689418e-04
5.325507250797819302e-04
-5.020941423491557913e-03
-1.521546294020482363e-03
-2.855348520148303523e-05
-9.889195957533414034e-04
-3.958866297195202054e-04
8.001719056637194953e-04
-4.811777389406642937e-03
-8.270841758664169269e-05
2.015148477378018001e-04
-8.172595786958852413e-04
-8.593748075251611215e-05
9.444594362105716021e-04
-4.859888730864434653e-03
1.920175030239435995e-05
1.340674196351891484e-04
-1.237814782029401147e-03
-1.243103145024759665e-05
2.665280898608288058e-09
-5.906575915441631510e-09
-4.551945024759970202e-11
-4.161967571865426473e-11
5.098401837307378441e-10
4.641101241994476157e-12
-2.679660219985068340e-13
-2.980379183339536988e-12
1.265582457521722084e-12
6.247680394459342026e-12
-2.515502526342839855e-12
-5.989304210300854861e-13
-9.392604420754605576e-06
-1.005254307675662638e-03
-1.064672234233089089e-06
-7.667234166400560037e-05
-8.812377271921684261e-05
-8.510184218671613049e-08
-8.596071474805331550e-05
-1.852065315420012336e-03
-6.961936206380750112e-04
-1.363809190609456394e-04
2.205799700756332288e-05
-1.352076878615312519e-05
-2.624237513739280468e-04
-8.659088925592130399e-04
-2.132019474799656377e-03
-1.555567845359675757e-04
2.237120962988639318e-05
-3.107240525565865464e-06
-6.555067842630905948e-04
-3.970863127936413023e-04
-6.586960983220086668e-05
3.917561211089334096e-05
-4.149332069278393285e-03
5.689031876572487467e-05
-1.303304754937263015e-03
-5.984527660750335641e-04
9.009652578608285734e-05
3.758775945622998450e-05
-3.022017915761282883e-03
6.569846296076006710e-05
-9.834564685010347990e-04
-1.504094011505820042e-03
4.608951432519825226e-06
2.944705009839377837e-04
-2.549749044022116273e-03
-1.033430127510186008e-04
-9.897281856655884211e-04
-1.220064496041697172e-03
4.514924180851220305e-05
-4.539606741412088365e-04
-1.623765783361428780e-03
-3.137299410524882178e-04
-4.317879615172395716e-04
-1.316315145582274511e-03
-2.424360095571126503e-04
-7.764718165553238316e-04
-6.086512709292277125e-04
-2.584799171008075576e-04
-7.836569020468054487e-05
-1.191238417577646135e-03
-9.926200842356952894e-04
-8.473805377669440479e-04
2.969295973431671491e-06
-3.266425316904890343e-04
-6.788663173302375553e-06
-4.518755721729452194e-04
-1.537949067143513232e-03
1.771191345272942754e-04
-2.515083206665081765e-05
-1.918797003585845460e-04
-8.221561273972494409e-06
-4.910139131788712752e-04
-3.020726705874397073e-04
-7.170487040186947648e-04
-2.679551276209229493e-04
-2.184129711184330664e-05
-1.962860289125797320e-05
-6.007884756421033243e-03
-5.732895851940521172e-04
-4.352272435569680496e-04
-9.267239835844530991e-04
-1.049863351915163216e-04
-1.102292927787588560e-05
-6.305348500491004225e-03
-1.231328667575973354e-04
-3.678827195306669674e-04
-1.149005845860342524e-03
-4.166811685678617808e-05
-6.875842053499190677e-06
-1.190566354285281557e-03
-2.814284493544427237e-05
-1.008122136044232081e-04
-5.015963558402306401e-04
-6.190456506519316585e-06
6.359041914477717919e-06
1.207740652576420968e-03
3.694885438803143310e-05
1.010848996730361125e-04
5.544293366410527621e-04
1.723465802057679651e-05
6.552113352722523655e-11
3.835494112977845412e-10
-8.903740317236751190e-12
-8.477074090029821118e-12
-9.588677053190885206e-11
-1.509275918880939171e-12
5.635458124820460915e-04
-2.602715805917868268e-03
-5.517581892478997253e-05
-3.539093032202606567e-05
1.765914529044597078e-04
6.697227150068467825e-06
3.166620138355197506e-04
-8.967853099766655246e-04
7.052207088295583634e-05
-1.044279439667176535e-03
1.716596584081358286e-03
-2.368720525913542500e-05
2.669988026364869852e-05
2.592847848728584712e-04
-7.007932113966263701e-05
1.415422907520064253e-03
-2.969627454993625966e-03
-7.905788535883966330e-06
-3.908356970080703141e-04
4.410249083826171573e-04
-2.580958306026618534e-05
2.418036599665938143e-03
-2.791499890779762256e-03
-4.726128564779314583e-06
-4.655366548904839199e-04
2.724951546222710813e-04
7.737193502910293336e-05
2.079428778910398339e-03
-2.406729680995953885e-03
-5.553807509694179021e-05
-5.031113848353225594e-04
-1.256886631256480817e-04
8.381608041375308805e-04
6.880146669096738913e-04
-1.579390909132082728e-03
-9.528547357486165132e-05
-2.802034578193758076e-04
-3.172146837885560125e-04
6.851963476753669072e-04
-2.257883439282133426e-04
-4.289450046351623918e-04
-2.134176723212586225e-04
1.199930614356200846e-05
-5.464037260203140648e-04
-3.450981295481794840e-04
-5.332133906780732718e-04
4.836886659697860499e-06
-1.206755014059782122e-04
1.976767042035834762e-04
-2.504336178648421270e-04
-8.944387169607068448e-04
-2.500714674151963764e-04
-2.811427573829309613e-04
7.275906743820796610e-06
3.956826884956377369e-04
-1.391098925123317805e-04
-2.684030689027385613e-04
-1.508659969700935303e-04
-6.996082274472627119e-05
1.704680803031874479e-04
6.139287714389967971e-04
-3.908707713443494366e-03
-7.651332468934080695e-05
-2.676758014913274502e-04
-7.290746306509671235e-04
-5.403783342316529020e-05
9.686405598514643374e-04
-6.026106574823390100e-03
-1.517230597312242365e-04
-1.010268882036479240e-04
-1.145792436642164777e-03
-2.015428162736533955e-05
-1.040072545879345645e-05
2.858829089604728599e-05
1.210273571826499208e-05
-9.455373599636358042e-07
2.132424542410000276e-05
8.705597986935100896e-06
1.110134069101708744e-05
5.974284800400538227e-03
1.348170547434127857e-04
3.036698249862777063e-04
1.372733757719474083e-03
5.784965937531313365e-05
-9.174611177124471608e-04
4.565581696979405593e-03
-2.331000273678627378e-05
-1.250426848138186484e-04
1.307497638987359248e-03
2.040738115791566103e-05
-1.591215742888469523e-10
2.543451582137371266e-10
-8.055473200004591534e-12
6.455597198365945975e-13
-9.950279706147095580e-11
7.453009818840940453e-13
4.267261911492241009e-04
-8.337305458691652736e-04
3.983185175028869959e-05
-1.616511034780110053e-04
1.220543795250155807e-03
4.696671895734586439e-06
2.257010656584056054e-04
1.332211363612332330e-03
-6.549081491937075168e-05
-4.990010841331978062e-04
6.730520854808126879e-04
7.035621699703298306e-06
7.973702429522944223e-05
2.244279114922128737e-03
-9.482093176602701258e-06
1.839720493933591711e-03
-2.143780769946937448e-03
2.127087273026302818e-05
-2.652198714837415383e-05
1.899486306188395528e-03
2.006998916797515038e-04
3.009143624540764304e-03
-2.176748610460142556e-03
-4.367522360298267313e-06
-5.485672669008882530e-06
1.281925361514904332e-03
3.356952362801573359e-04
3.476458672341067348e-03
-1.079662726713998119e-03
-4.369005040271003787e-05
-2.807716750790020910e-05
1.068100735315708708e-03
4.669380993485415130e-04
1.773970954653291462e-03
6.414801177960284290e-05
-4.759137487467715697e-05
-9.491885053280935851e-06
8.292243121428676932e-04
1.843238157684432379e-04
7.445413617605310761e-04
-1.444962084811906820e-05
1.623914731527309821e-04
8.741854980991170532e-05
4.365876601906557236e-04
-3.594905404656674073e-04
2.090428823635206502e-04
2.645293952045236962e-05
2.977046064812611885e-04
6.679145120859165605e-04
6.231146658600107083e-05
-4.443773426795974305e-05
-8.146719157000390356e-05
3.813140137885658314e-04
3.632792993977159183e-04
1.792087984388875902e-03
-2.172442362151368912e-03
1.289716123522515292e-04
-2.076370379260225835e-04
-4.860466124038135475e-04
-6.379420481098367645e-05
5.611115982146161574e-06
2.030023782384306940e-05
1.167934601211543002e-05
5.357734093177096243e-06
-8.154247959376791056e-05
-4.188957578949550805e-05
-9.363724151347170609e-04
5.967740902433906272e-03
1.716082931974494878e-04
9.227624153496563468e-05
1.192978809779741880e-03
6.741288850848623827e-06
1.746279363641232220e-05
6.038414877724257619e-03
5.637314918801947109e-04
4.351629411166353656e-04
9.192392048104795288e-04
9.185191792152509760e-05
-7.484815789905913163e-04
4.614684143554991652e-03
7.590380823512525186e-05
-2.023792172392696316e-04
9.854560873245614330e-04
1.046584654938730345e-04
-1.611023710218676677e-03
3.085315697038125502e-03
4.476035128467413147e-05
1.689561398289574404e-04
4.192949876260072492e-04
-9.438435683907679739e-06
-8.483341184826163750e-11
-2.049891900958914478e-10
-1.045043250188477723e-10
-6.065712094977802568e-11
1.200557693718973569e-10
-2.651880191917386155e-11
6.437195179566905122e-05
2.093517343695417213e-03
-1.908311806737759192e-06
-3.156076129323656448e-04
1.409023632321176672e-03
1.025002342772839988e-04
7.373314375589098729e-05
3.452420930695425123e-03
7.598614549459422414e-05
-9.743682598217910413e-05
1.950924055159370275e-04
4.889051071408813404e-05
1.220318836520017475e-04
3.170815573561488673e-03
2.705489602383085303e-04
1.890988288710724512e-03
-9.856353629074019428e-04
8.417231877741395037e-05
1.849207409585707429e-04
2.558542748095097175e-03
5.075223877342450443e-04
3.322978025496076907e-03
-7.273469733775127591e-05
1.264233189785198051e-04
1.699135379112768523e-04
2.256461402073191985e-03
5.794974053909702485e-04
2.246936177135735058e-03
3.099476725305885436e-04
3.278957758686236652e-04
7.826415040215957983e-05
2.438297606831280398e-03
4.007066559063403853e-04
1.047640238614529033e-03
7.510620057998369728e-06
4.028894914575838551e-04
-5.925059288506511035e-07
2.457917981946979892e-03
3.344628466433006980e-05
1.181323351622586373e-04
3.639242711279139101e-04
3.904745456449074874e-04
-1.074361600812427496e-07
1.582469127400436314e-03
-2.434342223305716309e-05
-1.025538073416107116e-04
6.760835443054673006e-04
2.690723392716916069e-04
-3.987097610434447694e-05
5.052969891613447742e-05
3.174277568145553915e-06
-5.598837907244166615e-06
-2.356765680898923864e-04
-2.288289495477164009e-04
-1.742906770490529464e-03
2.356948122129032784e-03
-1.116621452903131354e-04
2.390393848675633826e-04
1.544259929943078192e-04
-2.347668547185341979e-04
-5.805286352026830642e-04
3.862879716441024614e-03
9.956170445425175882e-05
2.513237356180385621e-04
5.580561805701472929e-04
-6.600815396632126885e-05
5.557927204173565284e-06
3.997824266925323290e-04
3.833969158536224193e-04
8.706284284128937290e-04
3.200087002791892807e-04
-1.919776427030583089e-07
-5.186586876163377501e-04
5.165642418512673105e-03
1.455663404534661897e-03
1.391683296768567028e-04
9.870794220476163377e-04
3.733526414658378846e-04
-1.438042460758818955e-03
5.749064567417803842e-04
1.666350858322248653e-04
-4.186297557539358388e-04
3.976493830475488398e-04
2.098839081694163066e-05
-2.068033892874131285e-04
-6.974885462937220788e-04
2.271284230212455531e-04
2.093954188018813819e-04
-5.223256245810116091e-04
-3.433495095649484593e-04
2.194648421237354478e-11
-2.895088045348713451e-10
-7.436669317180672646e-12
-2.270893468914420497e-11
1.523996365278353307e-10
-1.902384494362174669e-11
6.445333892983472651e-06
2.995967025530605829e-03
6.287805443402609703e-05
3.056123405762121303e-05
5.543162148912119313e-04
5.836254721626509337e-04
1.169245564642449567e-04
2.548066852332706890e-03
2.294099259095677928e-04
-8.458363660887793318e-07
6.291561408858944949e-04
4.045485002958224734e-04
4.056703616891202879e-04
2.262373780486095706e-03
5.847906823530187774e-04
8.114415886368423793e-04
1.773344168064585355e-04
6.173213213555108804e-04
5.271927680566732780e-04
2.633108678508125442e-03
9.579566768552262059e-04
8.634338033935261151e-04
1.116842411652100859e-04
6.768633994931284523e-04
1.887110033209397854e-04
3.071604323659449850e-03
6.071268672893736064e-04
5.504182620609440182e-05
1.000430770560448444e-04
4.703152879417019615e-04
-2.989393741411299141e-05
2.737533318606329581e-03
1.054681858692085747e-04
-5.251008996387104621e-05
4.704088566028673734e-04
1.645614411812639920e-04
-4.810096730610324199e-06
5.844830785415030752e-05
1.812101205586575197e-06
6.669616868320536164e-06
-2.120129723708939296e-04
-2.731355140443220077e-04
2.272811532312971772e-07
-1.567619987108620017e-03
4.040048643730860496e-05
1.570866923141109534e-04
-9.310969241158935806e-04
-6.438018355213228619e-04
-6.742467216470509088e-04
-7.677039271957791170e-05
1.057181601440479452e-04
1.520270231348295554e-04
-4.406053667499714300e-04
-4.744507628129306727e-04
-3.931942577615313338e-04
1.203833249507343462e-04
3.271741682936605915e-04
2.772101677520802496e-04
8.015186860105659862e-05
-2.090893183540787250e-04
1.197302363149503256e-05
5.004110848275268152e-04
1.422896042172820024e-03
-2.517398653035676512e-06
7.466785026378366485e-05
1.736865715938823234e-04
-1.811631979488021523e-04
1.233583301015884212e-03
9.702446617343804969e-04
4.548267877013536598e-04
5.182776556757134626e-07
4.469430720857530499e-04
-7.219438638618199235e-04
2.344945465925610349e-03
-8.425248182294570005e-06
-2.942260522031221130e-04
7.251771099702122164e-04
1.868619372988042978e-03
1.946165034478829052e-04
1.591396456139411745e-03
-1.270480162610577340e-04
-4.682395835406236596e-04
7.619313420383774186e-04
9.370024055370580751e-04
4.011981731987597131e-04
7.851693812468074022e-04
-2.552976868453198556e-04
4.868753033313993488e-05
9.746893121087462286e-04
6.916275466007973903e-04
9.134054854471503942e-11
-3.321789059237787304e-10
-2.872422950750078800e-10
-4.287383830021852314e-11
7.039007248473659051e-12
2.026952885444325489e-11
2.204562119005432731e-05
-1.648046603375129607e-03
1.059010729084468782e-03
1.792826756484578317e-05
-7.719165901604851379e-04
-4.906010657134033748e-04
3.895169445365435587e-04
-5.561555353240476944e-04
1.028383143069920070e-04
3.549876949451311937e-04
-2.218920871533652632e-04
1.675779657676788263e-04
9.701903133755025287e-04
7.481860081521942742e-04
1.316695317952220647e-04
2.618671012150569979e-04
4.899432163888735705e-04
4.199879823898619796e-04
1.696621868030518711e-04
1.782070056709001826e-03
-1.423566261696241578e-04
2.295793410100352243e-04
3.428370704588964459e-04
3.223823699056667705e-04
-1.758681377613931717e-04
5.060426120505804963e-05
3.605706068987230071e-05
-1.735614004688494820e-05
-7.550667905500633569e-05
-1.731372565752822531e-04
-1.116658316444343847e-04
-2.450873847778030183e-03
-9.977423204340286791e-05
1.097736125656326796e-04
-5.963790113151865978e-04
-5.881057512709539836e-04
1.330393760563685628e-06
-2.393908318051707947e-03
-4.408235980316453271e-05
-2.173763726309968871e-04
-3.495503483910525648e-04
-5.355120765390770834e-04
-1.124939969651060466e-04
-4.477739521466234779e-04
3.854115560238129297e-04
-2.662594214468588295e-04
1.892007236710846366e-04
-3.330294278858906588e-04
-2.214488172698276982e-04
3.108011751412394913e-04
9.322483748906892345e-04
1.954282548458863777e-04
5.689089031584301185e-04
-7.599088984375157319e-06
1.059673409508902797e-04
1.428891001217061666e-03
1.118863560732497649e-03
6.096615002142457326e-04
2.736343822456806031e-06
2.476986842516664756e-04
4.862186034288702117e-05
2.196130525957420542e-03
6.257441199228793707e-04
1.430816835632492249e-04
1.435696374488779374e-04
4.115407329342819580e-04
3.395154724303676172e-05
2.794911064394023283e-03
-2.984992243872053593e-05
-2.036991244556219988e-04
8.817139538035510121e-04
9.819419330996934960e-04
9.402554382852341443e-04
2.975859286949768603e-03
5.593545780949503123e-05
-1.412825756116999672e-04
9.156034477674124174e-04
1.446529876599390082e-03
1.469812677045238911e-03
2.725760393097012221e-03
7.468848108620999989e-05
-1.212852966339645450e-04
9.217135354733159728e-04
8.882614040212680456e-04
2.916502142067962499e-04
2.452589811436627337e-03
4.213111775136829575e-04
3.212507508689300370e-05
4.683631998878278759e-04
4.784074338655536478e-04
2.016882791346333241e-11
-2.681274939871916220e-10
-3.561171368742669075e-11
1.573640358416713656e-11
-2.906056308434953490e-12
-2.319909093447923050e-11
2.464498759622407698e-04
-2.681436890923790187e-03
-7.213279554664317635e-05
6.931377457966813845e-05
-3.273051657575003475e-04
-2.745923410118662495e-04
1.375472309334350648e-03
-2.291457246391125600e-03
2.490439418702897222e-04
2.921788811134026515e-04
-1.292319260529144155e-04
-1.923117674854231103e-04
-2.238304787512524039e-04
1.693691074953699636e-05
-5.460123767984836061e-07
2.407237054727183755e-05
-1.083662876031641834e-05
5.236954864507911537e-05
-5.493520925446341956e-04
-1.659103654799533268e-03
-2.223142113677704335e-05
-3.687615906525880394e-04
-4.378630032890202389e-04
-4.080037546838588525e-04
-4.385161598173836794e-04
-2.869382157454758615e-03
-7.922570526595521618e-04
-7.751083193510088191e-05
-1.094750409333377923e-04
-5.761833621377349156e-04
-1.672899365442978602e-04
-2.386504806107589329e-03
-5.331184299972092401e-04
-1.471645851460635229e-03
-1.728612715502288673e-05
-4.163810709394251343e-04
1.932708975609032643e-05
-8.060840851467150799e-04
-2.354862027538381615e-04
-7.828633776722362199e-04
3.753988840953745185e-05
-1.624248203955927841e-04
-1.759883454097752547e-05
5.935626553517679227e-04
4.235139826671121058e-04
4.473244861349718248e-04
-2.679509427757892478e-05
1.150527939117368300e-04
5.334437659700938658e-04
1.600189819581406990e-03
3.555706903325353704e-04
7.142405938107051350e-04
4.754523610534016546e-04
2.138787616570357283e-04
5.043512537635563885e-04
2.465535310592563856e-03
-2.191633757799123773e-05
9.407297864068196128e-04
6.911122004714874119e-04
2.549808029337200291e-04
7.316534579336654576e-04
2.889956751023444771e-03
-9.713852808809218852e-04
6.773255397153260310e-04
1.052301906707449851e-03
4.089084272158658557e-04
1.302744699267514112e-03
3.577542660844241270e-03
-4.057893295691619327e-04
2.380021999476381338e-04
1.201341586032130026e-03
8.118226845597896263e-04
1.681378037184549793e-03
3.212862779234822424e-03
-2.077786993082851566e-05
-4.128036467439620940e-04
8.456422511778473664e-04
1.014405200625043829e-03
8.136151992927517437e-04
2.525719687545260363e-03
9.890574215901124438e-06
1.027520303128164606e-05
7.534234419632054262e-04
4.814654718978357345e-04
5.590385372888374680e-05
1.499631340673971422e-03
4.805929041667304552e-05
-4.771012754519474500e-05
4.110610673542987878e-04
1.149593085538688244e-04
-2.650439816122455764e-10
2.487068519673222091e-10
6.773464293759749617e-12
1.183933443136394709e-10
-5.973338987813048737e-11
1.422693372833803806e-12
-2.838508363915077099e-05
3.217685870676070685e-06
-6.411518775394773646e-06
-1.404983794484413793e-05
-8.541729533971176825e-07
-7.727973761267074783e-05
-1.470662403524750908e-03
2.352452469951412523e-03
-3.094557135999653980e-04
-2.901053887517072321e-04
8.736222686503714041e-05
8.025595056851713880e-05
-1.190528150955403718e-03
-8.819643997212409711e-04
-1.584257384732079468e-04
-4.484300027075576898e-04
-6.517832594000067545e-04
-3.949291861688646391e-04
-7.663239177852370927e-04
-2.653598757109278550e-03
-1.075521686502513979e-03
-1.285262834690742862e-03
-4.273018389491197496e-04
-5.671226728559783815e-04
-3.306484433512066139e-04
-2.346406515547281614e-03
-7.466522029927221251e-04
-2.919427270450860971e-03
-8.521904439644201971e-04
-2.867076571350949061e-04
5.922298661808040275e-05
-1.038475406368161852e-03
-8.129476392333023120e-04
-1.842948427082851141e-03
-6.779473019607870285e-04
3.836561974802870338e-05
4.674672621766230241e-04
3.220929821531206107e-04
-9.268988136269005551e-04
2.137148799299668292e-04
-4.774500337102214134e-05
1.831205226320047801e-04
1.166695369181015331e-03
1.560410830222736618e-03
-8.679200578976094206e-05
4.629332207635106157e-04
1.608788442965270252e-03
2.509935605156248277e-04
1.403224363864136962e-03
2.059434138176330364e-03
-2.758390940363302088e-04
9.562541683281247911e-04
2.236876501265588121e-03
2.144362062066689596e-04
1.614145722790435349e-03
2.295908063759436249e-03
-1.063804531234723537e-03
1.299260564954484234e-03
2.484467987700330564e-03
1.823293117721641111e-04
1.646610874700158399e-03
3.470428861872579610e-03
-7.888062794691918980e-04
1.562240338222120779e-03
1.519679628432770791e-03
3.329057853913299186e-04
1.434259617108583863e-03
3.339515871531336614e-03
2.312055849200611232e-04
-4.163854400722014635e-04
1.029344434936830654e-03
7.580806253864173002e-04
1.183254653991333430e-03
1.648690683709615580e-03
-8.050113016334073867e-05
-2.023727265677056919e-04
5.028815667797884113e-04
4.069734221973713372e-04
9.796553939150311663e-05
8.724907065631882369e-04
-2.144415703408272486e-05
-1.234706455407720235e-04
3.732810266542825064e-04
1.071342306729291844e-04
-5.103192652749711121e-06
-8.811353406333998430e-06
1.164362171151651712e-07
4.360400160687155002e-06
2.011091067070578594e-06
1.762441999611584392e-05
1.973287280380476403e-10
-4.707441369800129106e-10
-5.582468237668893008e-12
-5.774059540524428018e-11
1.055635123038911708e-10
6.707754619765742057e-13
-2.720266233438457522e-04
2.833291025302737270e-03
4.934538656515387548e-07
-6.574332668663227875e-05
2.569562499347588947e-04
1.107964357117760675e-04
-4.605744217948630871e-04
3.169509962368602385e-04
-1.003376783492890924e-04
-6.090280212067891025e-04
2.695873853500169301e-04
-2.287742330768811482e-04
-5.084273720217791486e-04
-2.453887138544025293e-03
-6.100002913413971615e-04
-1.079323402990957099e-03
-5.078017237989338730e-04
-5.038717394610742152e-04
-2.676487165050992260e-04
-2.897241715460352907e-03
-5.892349241083184083e-04
-4.817893580342727175e-03
-7.443653118762097324e-04
-1.011838812465777826e-04
8.164219031830218296e-06
-1.384873679441315716e-03
-3.926585464506116420e-04
-4.402071330060497618e-03
4.789374009682555861e-04
3.269352880237487446e-05
7.436923999075244207e-04
1.324169511619760595e-04
-9.507687716807305478e-04
-8.597969817829738404e-04
1.060118621364279342e-03
1.267239729062683516e-04
1.742348159626213894e-04
1.613427104774789607e-04
3.984636494800290670e-06
-1.330161530754936480e-04
9.271969833948060478e-04
5.126837099441261081e-05
3.682840194709080398e-04
2.121034213016977912e-04
-3.473266661727829135e-04
-3.891367229281164950e-05
1.104708951420740838e-03
2.328226369394248695e-05
3.976761328125290600e-04
-2.090534994470036713e-04
-8.630383817244718285e-05
-1.120632795248959444e-03
1.173284255970226267e-03
-4.696736239881725344e-05
1.984010704755846102e-04
5.825425270017214711e-04
-1.247165517744399169e-04
-1.000953873631133537e-03
6.141438997955201481e-04
-9.270072904259790456e-06
1.922847719559648671e-04
2.484622352025295765e-03
-1.268039768821485906e-04
2.743717495369280544e-04
2.151181971552799585e-04
2.191130893203217290e-04
1.282220353248479390e-04
3.455866956367906889e-03
8.177104453109669232e-05
-1.785008293928048442e-04
7.698661311354923487e-04
5.380869719511101020e-04
1.348487482683733633e-04
9.322548772588784777e-04
-2.319992223978462387e-05
-1.305367082255278908e-04
3.558034566674604876e-04
9.432807321649766584e-05
-8.919555753402857358e-07
-1.833200715867616090e-06
-1.621716288623498491e-07
4.978526194340168223e-07
2.841316114759269342e-06
1.379997245726382614e-06
-9.484955709095447414e-19
-1.912359543317672060e-19
-2.169201048747909696e-19
-2.939232006049464211e-19
-3.396561862236583406e-18
-5.074114514584782407e-20
5.509692258697769594e-05
1.628350074046713185e-03
3.973498114567694067e-05
-5.009207682573807349e-05
3.464483160127029989e-04
7.768108975836265223e-05
7.159998138130427695e-06
3.136637403510608886e-03
-2.863451882191396253e-04
-3.378457795786065455e-05
4.118802786699026310e-04
3.341073843805871923e-04
-1.186774775964750657e-04
3.489675376013592033e-04
-6.273419944005911224e-05
-1.040919207251303101e-03
1.169975206870957666e-04
6.634227239626309383e-05
-1.709998642286511745e-04
-1.543365309814014171e-03
-9.936463985718383145e-05
-2.528596421066121348e-03
-1.249113588961633416e-03
-6.530876316154183366e-05
-9.411598343883321961e-05
-1.583127928304964510e-03
-9.148474500663204931e-05
-3.574379280625504095e-03
-5.447711175394526640e-04
-3.915929917316500361e-05
-3.572524249867076239e-05
-5.285358031463175798e-04
-7.954247499086602134e-05
-1.660618614268793156e-03
2.114214186864545053e-04
1.615791675929393424e-05
3.659562535777125566e-04
1.648664685204033652e-05
-7.639469268948670324e-06
1.286951371349439308e-04
1.940035105419923118e-03
-1.019471836860382272e-04
3.858036563619492675e-04
3.016444469316643669e-05
-4.931454998280241937e-05
-4.796725227102918232e-04
2.095873862152411362e-03
-3.007754922070022944e-04
1.981959823185302518e-04
-7.679263116307387307e-04
2.132189628945640135e-04
-1.149750566944269690e-03
2.232966226601546846e-03
-3.053072085210623921e-04
-3.359977160894806153e-04
-5.490091211267842091e-04
2.119337788367140125e-04
-1.285912179640920361e-03
1.824149720205355592e-03
-2.485137257398034420e-04
-6.814094533132862216e-04
1.066494444789843708e-03
5.146853887335020626e-04
1.396619756965445823e-03
-7.633182580738356567e-04
-8.098702591182142406e-05
-9.238520973103233908e-04
2.330745507152209937e-03
4.219500464801205714e-04
-2.338093520886050131e-04
-3.173979955063084476e-05
2.355237671103267184e-04
3.342063451522734934e-05
3.671553462838357301e-05
3.481992334057286753e-06
2.146404270177108757e-05
1.501783241152683031e-06
2.360573268578001303e-05
-9.338394689360993172e-05
-9.210996083148578891e-04
2.303297946931414961e-05
1.431592709222513106e-04
-3.498786876287093167e-04
-1.044519970976168005e-04
-4.969575340157693409e-04
-4.772252177745417391e-04
2.530583571434773306e-06
1.792746471649725217e-06
-1.845998325142088553e-04
-5.902409353559258376e-05
2.418943126446442230e-10
4.669735738181511141e-10
2.136498331431771970e-11
-1.032461624729261397e-11
-1.215048158146615066e-10
7.105001889471140700e-12
2.801805403998674777e-04
2.831765009556725179e-03
3.472207916876758377e-04
3.473778385544743847e-05
4.162833595958666862e-04
3.780082737099925406e-04
2.155036318597710482e-04
8.015099472021071673e-04
6.508682599459397766e-05
-6.585897479187280412e-04
1.030921296494586008e-03
3.825438821909267007e-04
-7.232848166989339946e-05
-1.563532449522586978e-03
-2.562956201925743510e-04
-6.089680419603688694e-04
-4.970758343695446269e-04
1.533037004632816489e-04
-1.351424098214849497e-04
-1.372130944834078214e-03
-2.024231991276080893e-04
-2.220242763082038405e-03
4.528737042585045535e-04
-1.288449974242426543e-05
5.754520234854784195e-06
-3.153396427417039195e-04
6.184363338389139368e-05
-1.673537078605993791e-03
1.713982423676736234e-03
1.081440367165992468e-05
3.742817469087003786e-04
-3.797954977251184173e-06
1.383929428730737378e-04
5.476562908105682019e-05
2.650267726969745673e-03
-1.066367201736316675e-04
3.802346607430578344e-04
-2.206624579699604800e-04
-3.757082670605668456e-04
-5.588988936654314251e-04
2.591191815113698393e-03
-3.559699720572272793e-04
3.819362030677312878e-04
-1.510229849057376575e-03
-1.840558776148607026e-06
-7.620526243093315956e-04
2.326919819594533510e-03
-5.189821761408536108e-04
4.475006363253384987e-05
-1.660097981479907031e-03
2.924866251883460845e-05
1.247536720702865703e-03
-8.631153782052985871e-05
-5.357252869671902699e-04
-2.787652060779709229e-04
-6.023129063114145100e-04
3.044360218105587814e-04
1.835271647668480560e-03
-4.311660388544576541e-04
-1.692036937999354031e-04
-1.304454626928588554e-04
3.846442876871928332e-05
-1.104885084419940361e-05
7.700914135123260618e-05
-3.253102237026023685e-05
2.084278558016085023e-05
8.613493921678677017e-04
-2.286377987405742700e-03
-3.999291892484542954e-04
3.089465873054617973e-04
-5.518274725572273956e-06
-1.840668511674220357e-04
-1.287216231760470505e-04
-2.973388198495870768e-03
-6.688548636884818481e-05
2.034040197632674854e-04
-7.681803271623471614e-04
-6.509099467821000649e-04
-7.955999369658430442e-04
-2.648338914380789048e-03
-1.028238785557226531e-05
-3.663763992132418574e-06
-7.409068839910955447e-04
-4.834749029110159868e-04
-1.318497404931839000e-03
-1.254949602791225784e-03
-1.470327038551120364e-04
1.446344511378806178e-04
-3.020334706223164536e-04
-2.709687365536912057e-04
8.566422181500745274e-11
1.134863750117048336e-10
8.753843443117168417e-12
-1.565800907602171075e-12
-5.799638153102083218e-11
2.190417662363337458e-11
3.823812524423541269e-04
9.269404270632013295e-04
-8.204553309631538733e-05
4.557717245061980476e-05
9.382198842121032860e-04
5.237930730489292553e-04
-1.474543247624628918e-05
-1.559563479532292485e-03
-1.443845221764329038e-04
2.988599146577016353e-05
-4.301435619499042714e-04
-7.913056405160664693e-05
-2.904348676795262150e-04
-9.551298160440506750e-04
8.444760474554164785e-05
-4.147697755802746446e-04
1.284412107250307127e-03
-2.650461581753891580e-05
-1.544425831288698400e-04
-2.149325534489176712e-04
3.652336901222163904e-04
-1.034808680981399434e-03
2.285280094359786254e-03
1.916569048445959303e-07
2.220403678282623777e-04
1.459605862515789038e-04
2.337635973899100867e-04
2.903480242114919006e-05
2.575856801713790039e-03
-4.705415778554676793e-05
-3.340866278613792607e-05
1.227977918854304726e-05
-3.777604364673562234e-04
-4.406462970313486773e-04
2.623807269560492119e-03
-3.093556687342930746e-04
1.252446155972170776e-04
-1.224131064720457773e-03
-8.443282138448502587e-05
1.181852909368622884e-03
-1.865329809311740659e-04
-5.342494170497650435e-04
-6.537553885861341236e-06
-1.586752527959667605e-03
1.228302014662935902e-06
2.850894798423533969e-03
-2.822414837462020824e-04
-5.541254429120821574e-04
-3.802891996425534831e-04
1.148088606032607767e-04
1.888305361284231367e-05
-2.626458902126364149e-06
-6.157516176617450405e-05
-1.469399146585862403e-04
-1.708832780898631050e-04
8.590047726890751760e-04
-3.106765109383675342e-04
-1.561927551436969284e-03
3.702771325136068777e-04
6.151604130180201061e-05
4.982356288481707774e-04
-1.040730856452293327e-03
-5.110005263913218682e-04
-1.140508174898408836e-03
6.334458694755750385e-04
4.001021490706481855e-05
-2.436582415737173057e-04
-2.198323132830873761e-03
1.560271797662773734e-04
-2.119500841531082305e-04
-3.911964489259415188e-04
-3.809461222431000907e-04
-7.952878334409978472e-04
-2.697820017732972288e-03
5.809978191594967422e-06
-4.008065835054151295e-06
-1.128444125818359785e-03
-8.721095853385093600e-04
-1.482642042799029022e-03
-2.765392225649914749e-03
-8.186070327535368933e-05
1.327787056920702721e-04
-8.882136006611395353e-04
-9.219772012500784906e-04
-1.566790274734053846e-03
-1.070922399672187683e-03
-1.390525818938700151e-03
3.857853523562967350e-04
-2.942966920639824993e-04
-6.181883682986689986e-04
-2.665071224801516288e-11
4.189164368701783884e-11
-2.095868200677277873e-10
2.450149337553598756e-12
-2.359554678197169158e-11
2.759058947978645191e-11
-2.721212686309791204e-04
-7.580745376612564113e-04
2.973180761042646292e-04
1.798165398232307542e-04
-4.885240559307157341e-04
-3.081161736762875331e-04
-8.377482198489317328e-04
-1.451537226138439765e-04
-1.244321512925230014e-04
2.828989085463259152e-04
-8.481014724792461336e-04
-4.248004740848424269e-05
-4.030757821817161786e-04
1.967609594237346134e-06
3.305606586725886730e-04
5.823762198885401516e-05
8.365865794789053471e-04
1.057543741785666381e-05
1.259268298275863121e-04
1.433231165073011772e-03
2.756567572179905042e-04
9.793368192844667964e-04
-3.305436430348162680e-05
-1.090236881994487762e-05
-2.241091604361457920e-04
9.324077925288552652e-04
-3.584201119193006777e-04
1.220502985733055989e-03
-4.134870025688559695e-04
-2.082806686773787451e-04
-2.047503071676426293e-04
-1.121312610856979705e-04
-1.225290384290639864e-04
1.956636509175890565e-03
-4.563377764632288555e-04
-3.265563740368580543e-04
-1.666482209403636955e-04
6.480457479109273157e-05
-4.114431281294101081e-06
2.677530648204095882e-05
-3.825104392928419797e-05
-2.761455712791168870e-04
-5.434902069692533564e-04
1.917675107937592003e-03
-6.733923157464201008e-07
-2.118273700876312227e-03
2.559788395236891950e-04
1.118073088141423847e-04
-6.062182089763137405e-04
2.266221570846341238e-03
5.263203263460395803e-06
-9.984886290783643367e-04
1.102099185267977412e-04
2.060610321539454179e-04
9.575281449462341309e-05
7.124821127828511597e-04
-1.693842384994631697e-04
1.039902961141039037e-03
-1.303098131498356838e-03
1.919659186056800912e-05
-3.299415687792269956e-04
-4.045205399207342707e-04
1.202927298200982012e-04
6.008994299284070107e-04
-3.742927620379815721e-04
-2.156757693172804777e-04
-5.680470492880566186e-04
-7.011061598479529679e-04
2.127788235639455029e-04
-1.844990934751720708e-04
-3.744185952355174565e-04
-5.941801536339679944e-04
-6.329508026725905743e-04
-1.147583040668559212e-03
-2.720655888959894728e-04
1.415244198730709316e-04
-1.375942060152178167e-03
-8.013906055772060258e-04
-1.685614344240616799e-04
-1.558156341180829026e-03
1.780056383005869608e-04
5.231011758470158679e-04
-7.525215448640490889e-04
-9.802536487189389674e-04
1.255783746083633575e-03
-4.871681233928946628e-03
-7.775658766613738381e-04
5.339325038716478391e-04
-9.561122899595175069e-04
-1.993910513054637183e-04
-3.328856448985118924e-11
-1.877063902170706499e-11
-8.818624753707896868e-11
-7.525239141575164114e-12
-1.817127440281944198e-12
2.685351646142565399e-12
-1.785764833470486436e-03
3.434726193917541238e-03
6.786533190861344228e-05
9.917410151899519206e-05
3.573349288194516940e-04
-8.194034948893302078e-06
-6.515602618422298943e-04
2.357363995331525873e-03
9.602991278140727028e-06
-1.934940278316293362e-04
8.834163703896581193e-06
4.854383351924731189e-06
3.886905217195594072e-05
3.943386221644430353e-03
2.834520519080418460e-05
2.458874235185162902e-04
3.523869508083239980e-04
1.315352529862606874e-05
-5.315947983984191339e-04
2.236846958540702340e-03
1.694368529547263147e-05
1.095178298188672006e-04
-1.033078368827035805e-05
-2.592241227845823302e-05
-5.826964457077851386e-05
3.321246542969227063e-05
-2.308935814739168844e-07
1.371424301876718771e-06
-2.207423841074117047e-05
-7.135702399385974331e-05
5.757481866201118241e-05
1.227431699862551883e-04
1.858659919145431614e-04
-1.570791059001271734e-03
4.370818120403674825e-04
4.278626981431529931e-05
-2.781675168472407954e-04
1.317713099237974046e-03
4.300565756317852159e-05
-1.024336357120623261e-03
3.218229392093695479e-04
2.483721565353073533e-04
-6.830291047736916036e-04
1.742512553389104603e-03
1.108311373716905797e-07
6.441119119697032592e-04
-1.401662973662545905e-03
2.319794671913023778e-04
-3.347730802186936277e-04
9.826894257781602568e-04
-1.782572754670415090e-04
1.090330108874866619e-03
-1.324617180290030673e-03
1.482587942078032717e-04
-3.942833616471713492e-04
2.469090211134005960e-04
7.715209457932884808e-05
8.395287534189591408e-04
-7.499994285862821323e-04
-1.422494049938848363e-04
-2.586000067371219797e-04
1.952267270566235963e-04
3.328722656892022544e-04
-6.798674332612551210e-04
7.189224506891371189e-05
-3.555926417626027020e-04
1.113489921101951701e-05
-4.494735928097231149e-04
1.539031404974666544e-04
-4.052891616817711363e-04
2.580836861158200177e-04
-4.328517296316584701e-04
4.542920400307481595e-04
-4.595276968411567652e-04
-5.358340767734459072e-06
-1.265884155057245958e-04
-1.226195354094472458e-04
-1.943148595725494336e-04
1.485332868105326571e-03
-5.878080141652094722e-04
-1.483104593566906193e-04
4.942776538756943642e-04
-3.812172494721088704e-04
-2.154953937530785867e-05
2.636662053412296407e-03
-6.084616631298911740e-03
-3.615769745768142242e-04
5.045801791512890969e-04
-1.385121448528414071e-03
-1.250967713496257700e-04
-7.897528275834939764e-10
1.690632112686616944e-09
-4.719318588927539780e-11
2.515578580153364192e-11
-4.977383561836717708e-10
-1.047105637305187126e-12
-9.287755035920978834e-04
4.801034737513414086e-03
-1.848586806732048572e-05
-1.476943560676069033e-04
1.240107446642855354e-03
1.222614910032619954e-05
6.505264910480688844e-06
1.195161255505146911e-03
2.800236353810707201e-05
1.027859508580688901e-04
4.995606208959257324e-04
6.473021340831076984e-06
-1.234948311328593813e-05
5.603558013558629310e-06
-7.722049861378084442e-06
-5.137231574944695101e-06
-2.624453659930388358e-06
-1.236650879554020281e-05
5.473472591187122753e-04
-2.126708672465507915e-03
-1.569305911060972465e-05
-1.108538485934414510e-04
-9.411241594203091922e-06
-2.398149554306692777e-05
2.652711829045634856e-04
-9.273971454497040908e-04
4.182432389725914443e-04
-9.768916032288799556e-04
4.967860247928625704e-04
1.484178466127176739e-04
4.398932593037341765e-05
-7.241808407343237614e-05
2.717210530245899773e-04
4.175901422080811583e-04
-1.870799404800797079e-03
2.117297091749953310e-04
-4.024654683018658897e-04
2.011390811263726280e-04
2.079719604630842736e-04
5.719956708172918526e-04
-1.714650262645008678e-03
2.672292763215294723e-04
-5.634359578700581621e-04
8.434023570473019754e-05
3.468757089687351885e-05
4.710662163189515404e-04
-1.829338154447581908e-03
2.526241649006336337e-04
-3.529424545370136285e-04
-1.344829268108160857e-04
3.027412112513213748e-04
3.287862734177307908e-05
-1.149360896244395634e-03
3.532788185997176079e-05
-9.913985587630845184e-05
-1.523831935069373019e-04
2.031837686656624614e-04
-6.025604945991244916e-04
-2.075373342201235433e-04
-2.266246714236278546e-04
3.990364268049502477e-05
-4.670204304139033685e-04
-4.429240182575137495e-04
-5.688319677563550896e-04
8.631851257593033176e-06
-1.707751365390010702e-04
1.880718536285830441e-04
-2.106181835638851294e-04
-8.375096153738186954e-04
-2.225837271403737036e-04
-8.481856656508919351e-04
-4.675230143108067334e-05
4.651304615099829671e-04
-2.623769913777226274e-04
1.251312969622518591e-04
-3.666037167068325674e-04
-2.779768877500237369e-05
-2.154566395984942459e-06
7.757089884381077917e-04
-4.721285377781168739e-03
-7.871661846254954795e-05
1.697659021679281434e-04
-1.000407923432623586e-03
-1.044274938678246958e-04
1.077332248403007004e-03
-6.115583981546044053e-03
-1.802555547904593288e-04
2.949314702131464812e-04
-1.998007196619563941e-03
-5.786402661864292518e-05
4.809774843596548299e-09
-2.375317748639424097e-09
-3.228409420380572756e-12
-8.991481256474399409e-11
3.521113295989173026e-10
-1.886295258429488474e-12
-1.120069062887464975e-14
-1.068274288849591721e-12
-1.879120202741506406e-13
-6.200659145352235130e-14
-1.019307398342895118e-13
6.566516915357360281e-14
-6.805760821304615273e-06
-1.207778055107318511e-03
-3.570070088702673465e-05
-1.027292308739691381e-04
-5.462677181320832248e-04
-1.828661135220731985e-05
-2.453959038765623669e-05
-3.393271048125883708e-03
-2.085535170536304751e-05
-2.461227089241000733e-04
-3.862854453567358026e-04
-3.130076814318363121e-05
-9.825258319341900650e-05
-1.344754638398033310e-03
-2.851334872451505536e-04
-8.524489466171172739e-04
3.480905202620115550e-05
7.350296750594047947e-06
-1.912160591621094496e-04
-1.444450753831435380e-04
-2.149564699614355239e-04
-7.847448354627571427e-05
-1.843796184933512274e-03
3.758584090785670060e-05
-3.792453586421449044e-04
4.347065998629835875e-06
-1.676732965905347302e-04
-1.902777599222866991e-04
-1.997713346706590006e-03
8.587705314047746957e-05
-4.141253630353518311e-04
-1.582128608920964095e-05
-4.864377313253365572e-05
-1.790156424960121287e-04
-2.037365601955871183e-03
1.177938087730021446e-04
-1.150236498319898133e-04
-1.934300574158693371e-04
7.017713259281982438e-07
6.931035783670247451e-05
-1.204755461423908042e-03
-8.386459234364908798e-05
-2.607487904396494618e-05
-2.283707186043263640e-04
-2.059356912445888031e-04
-2.338740787192008803e-04
-6.066106669701175168e-05
-7.688101213755418396e-05
-3.703134731078215078e-06
-3.153390353651928544e-04
-7.398770165370366098e-04
-4.957025194936141334e-04
-5.548031580735721157e-04
1.657535423479026008e-05
-2.085377313375380001e-05
-9.122161759500049003e-05
-8.661982309827081020e-04
-3.373557152916239034e-04
-9.832349994322133521e-04
3.304585423075308178e-05
-3.963362650528843526e-05
-1.372045281482656370e-04
-5.403181710697604889e-04
-4.526027078688925451e-04
1.706695898284710738e-05
3.250045793374007187e-05
-3.357773314693287989e-05
-2.577583283728460909e-03
-2.823759122223241334e-05
-3.996546657184993617e-04
-4.704993113474042208e-04
1.815130809624169821e-05
-1.055735939624074499e-05
-6.005560962637198318e-03
-1.285161766047190901e-04
-3.551111531587590811e-04
-1.300396759478231060e-03
-6.241856331320327781e-05
-9.193869749514539091e-06
-1.403957573165022336e-03
-4.985964111421657040e-05
-1.055916531591627005e-04
-7.256895149984569221e-04
-2.526524007031920080e-05
9.784514750910687067e-06
1.422049578168486277e-03
5.470311550466817527e-05
1.032881072728473071e-04
7.438974693846670764e-04
2.532418712156226376e-05
-1.060605265748418564e-09
5.823954640104071651e-10
-1.115214393468356475e-12
4.560173105747733025e-11
-3.332768201576602738e-10
-2.187209696328725414e-12
9.145378279311824768e-04
-4.552686527732005897e-03
2.305266011658419959e-05
9.542266089696480860e-05
-1.322043229840804985e-03
-2.166635088348416277e-05
5.906749601892588488e-04
-2.003830210650169464e-03
1.561935500489291476e-05
1.779243230710001681e-04
-1.157632404176635294e-05
3.813480976981367071e-08
3.703761862083393354e-04
-1.873931530562577251e-06
-3.736984428571507979e-04
-2.774144408075599795e-05
-8.683303019302088645e-04
-6.039287337030880331e-06
1.407196059454601821e-04
2.291290738826455608e-04
-4.006048494893935303e-04
8.820367651047604680e-04
-1.661603329785072509e-03
2.568901140967852761e-07
-5.053038958870299905e-06
3.351749969969972619e-04
-9.288286230337574028e-05
1.276165134936222681e-03
-1.616192646382946102e-03
-2.952114395517809083e-05
3.019362940010391483e-05
4.963942712294775080e-04
6.827282051784388140e-05
1.182381204219736101e-03
-4.258840010283463165e-04
-2.338929450286483970e-05
2.178868383737057860e-05
3.703158433001339550e-04
4.909713518860851160e-05
5.854238216418145447e-04
-1.893609278136889858e-04
-4.723228137413984330e-07
-9.745318497923133110e-06
1.599616661251305008e-04
-1.306766369446085002e-04
2.404064977143166755e-04
-1.071936208684470425e-03
1.640275103339832092e-04
1.211331442270669964e-04
4.343472641868227076e-05
-3.851566747129021363e-04
3.134469350495608852e-05
-8.513795731641923045e-04
2.818313498605796541e-04
3.159090052776852039e-04
-8.116358290658591003e-05
-2.792245748807678897e-04
-6.405986952124843603e-06
-1.305129170400301487e-04
1.778973531476902572e-04
4.392494702075598547e-04
-1.610658306304863690e-03
1.823939580338201493e-04
3.689527921977227455e-05
-1.589302281671363328e-04
1.011616811395187732e-04
7.786750105649083717e-04
-4.181054280791508988e-03
3.795486098279179189e-05
-1.524803103940443197e-04
-9.302097430495185997e-04
-1.205675132547836035e-04
-5.219970640363087669e-06
2.201372692061800970e-05
6.293441079561966129e-07
-5.277529601896832759e-07
-1.308941347760245733e-05
-9.146157234442319197e-06
1.043064577491467610e-05
6.053053279176724352e-03
1.251494743519795613e-04
3.673852573160446859e-04
1.160435995687624606e-03
3.987253776854509497e-05
-1.075932364055778075e-03
5.917969356630430403e-03
1.785164761949024491e-04
-3.198903980755542654e-04
2.001567988539018107e-03
5.583432517233570064e-05
-4.941783981050847786e-10
1.196162368651139471e-09
-2.853932181901642208e-11
2.923912239374922036e-11
-5.786537598049726922e-10
1.106074725623214608e-12
1.660931529665129721e-03
-3.067420334052731613e-03
-5.016020900549818495e-05
-1.487554285532803817e-04
-4.298793997505059535e-04
9.917637000753524841e-06
7.472498934275494586e-04
1.281397058310745104e-04
1.008594022743619379e-04
-2.580700738642570510e-04
9.365313130895952607e-04
5.840255126245703622e-05
2.463498125101506683e-04
9.643950192264293120e-04
-1.884340512975033464e-04
1.332752455613993401e-04
-1.039356134993127097e-03
4.514598336868600950e-05
8.781446687039512347e-05
1.383184586146885345e-03
1.108915147847612114e-04
1.327630935487183377e-03
-5.125388624259279722e-04
4.429020140538172284e-05
6.097857656099729380e-05
1.371570714169464793e-03
6.918202012544935121e-05
2.196146016379262478e-03
2.742323253534667831e-04
3.785053847216647858e-05
6.581433455043212018e-05
1.220832985831510212e-03
1.293186258359021014e-04
1.909098229091728792e-03
-2.722368489571487483e-04
7.002721773785473630e-05
1.344416362926055417e-05
1.484975689726315048e-03
7.040073259748227475e-05
1.034396529190482810e-03
-8.221162425841876693e-04
3.076474561612224873e-04
8.445891156896023213e-05
1.454958563517025696e-03
-1.282117302898773273e-04
7.137556947708398715e-04
-4.812249265858900863e-04
3.271808830411885595e-04
2.188990984416692509e-04
6.924758922213971463e-04
-3.811798734392163568e-05
-4.013358587607426982e-04
6.592159159817797881e-04
2.688443155476920505e-04
4.389148829811788345e-04
-6.977539138458353340e-04
1.940531560598827022e-04
-7.303041298520570918e-05
4.119072740111280086e-04
1.838013470349805431e-04
-5.751745880024672114e-05
4.532808533019500784e-05
7.258835287948850183e-06
-1.532546211837002896e-05
-8.460822036858476290e-05
-1.067983261241950486e-04
-7.591793594729297386e-04
4.468424626506383585e-03
-4.123746462107831729e-05
1.752553013950374557e-04
7.302496214281443835e-04
2.584446541858055572e-05
3.934366787498784376e-05
2.657655386611820769e-03
3.135376201984689060e-05
4.519340783535331614e-04
3.109031166392170172e-04
-5.757830665913793965e-05
-7.746947528477908691e-04
4.746737575634493202e-03
7.570395960761171900e-05
-2.211253280159592783e-04
8.366603530961071785e-04
8.517425166788131284e-05
-2.629059711654490976e-03
5.937373922368628654e-03
3.575948855612378166e-04
-5.119203618365857772e-04
1.363884854677146216e-03
1.240619549837307563e-04
-6.219160399118396312e-11
8.295688497083404648e-11
2.388633777352327350e-11
7.871137201055986446e-12
-4.527288900921839437e-11
-1.983932944553556257e-11
2.071865844321853635e-04
6.744618559376612489e-04
-2.700053532710019978e-04
-2.305199653118362091e-04
4.964666626205276609e-04
3.424352255857133955e-04
-4.254639024520061113e-05
1.610410427979290949e-03
9.476393708404744426e-05
-7.669546071907987078e-06
4.265398320114299974e-04
1.390653741144193864e-04
7.043706293705149700e-06
1.792801777621921616e-03
1.982668580597447871e-04
4.966701597139062171e-04
1.928148865641057396e-04
-7.729253655986091838e-05
8.303156963199212731e-05
1.497236066140853741e-03
8.789589924634645158e-05
1.604424022633780395e-03
5.381013491699858159e-04
4.626116369628718037e-05
2.752314130887977819e-04
1.813840378076942740e-03
1.833758268164631128e-04
2.024620430127788400e-03
6.580359183439420264e-05
2.213092064870504042e-04
1.572521381645231487e-04
2.864339582803547644e-03
2.828967604899052446e-04
1.039435879283645472e-03
-3.039406175162637030e-04
2.275834966863608832e-04
-1.143502109097639929e-04
2.993937321650063689e-03
5.763266153537187835e-05
9.845103261686803805e-05
1.932542909019341771e-04
1.272122793106440048e-04
-9.303157631548503756e-05
1.932571673298606870e-03
-1.458851030172860604e-05
-7.623273261930723710e-04
4.836150735660965302e-04
2.802473924536986574e-05
-6.191048420412336556e-05
5.452032712372481608e-05
2.115641428391534852e-05
4.909668601377369805e-06
-7.722314836293242915e-05
-1.743423105345323794e-04
-5.035963928531197531e-04
7.749987353435081397e-04
-1.458566935296941032e-04
9.350358765089340318e-05
-5.180318609235339206e-04
-3.882351229444915139e-04
-3.448998594079446763e-04
1.728845111379673401e-03
-1.712550249067609927e-04
-3.922346199801961410e-05
4.352868439030358507e-05
-1.891442478575032428e-04
3.905368752475647348e-05
1.244938309535877736e-04
5.632586414237462230e-04
9.616320968712621219e-04
-1.469569967332034336e-05
-4.587159283614363517e-05
-4.746906483448225960e-04
2.677022827583318645e-04
-1.791881721395492710e-04
4.371455546058657386e-04
3.273983483690887152e-05
9.119859302455492485e-07
-1.551308365110445724e-03
5.324737204343765393e-04
1.795592367283495761e-04
-4.105212252923391551e-04
3.855198276390730725e-04
1.841212278467444568e-05
-1.285291517415161318e-03
4.851636507241231973e-03
7.786781651578814989e-04
-5.240913435760037684e-04
9.446034469893683930e-04
2.016896954310043542e-04
2.577705666394215761e-11
7.162453406207415413e-11
-2.257364400391967811e-10
1.699242383668404913e-11
-3.572158681188525944e-11
5.151863686850804997e-11
-3.923000568326130461e-04
-7.810565400619381201e-04
3.446192683160988874e-04
-4.862418143042314210e-05
-9.551945764094478715e-04
-7.522607303022784330e-04
-2.509967766287432155e-04
-5.899141916404083801e-04
-6.786616443283154468e-05
4.599082495771691817e-04
-9.212204178480283600e-04
-5.459308971233026468e-04
2.086362416940326257e-05
-2.497625324108948292e-04
6.456681511918129065e-05
5.127857039017404747e-04
-5.250705934707490920e-04
-2.191440470331080408e-04
5.121718943471463212e-04
3.802578106715329424e-04
1.670644574154922816e-04
1.441257044692061888e-04
-1.241517318340938116e-04
1.510011607918794311e-04
3.083426413524850869e-04
1.963822200370349269e-03
7.969742799987339593e-05
-2.832029279943559233e-04
1.578404910804402216e-04
2.278732070423449842e-04
-2.273831169936490365e-04
2.435787986454679682e-03
2.165476694863170841e-06
-5.653719782299406870e-04
3.697098815748363181e-04
2.948362411611514470e-05
-2.131244203043363122e-04
1.250493444827386550e-04
1.265818676043080311e-05
4.156171744341377768e-05
-5.590244026110917293e-05
-1.935245789976971305e-04
-8.849881400886762731e-05
-1.692603141953944032e-03
1.565886937471873137e-05
1.094872144839180135e-03
-5.352022670802143115e-04
-3.839122108558739731e-04
-3.214179356231921516e-04
-7.032644453308157292e-04
4.433977662683435874e-05
4.994273111303912946e-04
-5.425445373208821797e-04
-4.618579222171529373e-04
-2.936678661203601711e-04
5.680549254550089518e-05
3.134888487052064866e-04
1.241226943810332450e-05
3.226965882317012245e-04
-2.450178738851322693e-04
1.319192163616466489e-05
1.279833437115749869e-04
7.495054945867266364e-04
1.821102296342449447e-04
1.607883283526446733e-03
-3.942882754982893868e-05
-2.007438610876162216e-04
2.910349706272463482e-04
6.357223714798707591e-04
1.300687460591060433e-04
1.303345470110796236e-03
5.721069033711019232e-05
-5.372997049290072907e-04
5.396864937542238637e-04
-1.095670577864973514e-04
2.522127064878891089e-04
-2.616776449704784620e-05
1.490535279089387152e-04
1.401940774138990282e-04
1.732815084910203614e-03
-2.793537207224329045e-06
-5.363245055535266915e-04
7.026918257382113939e-04
8.013062496368849501e-04
1.552048494952748591e-03
1.077548578101954549e-03
1.377003650103663518e-03
-3.749945983711651387e-04
2.951400113762234190e-04
6.068048742145258157e-04
5.976230201688654956e-11
1.452346686738201432e-10
-4.536549955264762001e-11
3.293635843221686057e-13
-2.564387484104178001e-11
5.077898842728467750e-11
-2.845949681113410317e-04
-2.512258407232875312e-03
-4.514661582318731646e-04
-3.038569439093724838e-05
-4.458607802560368271e-04
-4.876274712391628430e-04
-3.834694793895691221e-05
-2.901109226744087721e-03
2.044679999599120258e-04
4.549869417898406775e-05
-4.998525577627837245e-04
-5.474228803477507437e-04
5.527263029066746981e-04
-2.427417045943636772e-03
-4.239095773792151409e-05
3.009948850786450756e-06
-1.248447037822877231e-04
-2.243952185086630496e-04
4.557845184497123455e-04
-3.620018289064666646e-04
-4.555734328560863931e-04
-1.911683136138485914e-04
2.079680179813650390e-04
1.696858427469336657e-04
-2.598935623081183354e-04
8.645343113750844622e-05
-1.100087049774944799e-04
3.069408040255888634e-05
-2.352458526447059536e-05
-9.400268022761732855e-05
-2.975865921957551274e-04
-1.865366699086771574e-03
-1.601732976248981217e-05
8.407236324353434959e-04
-4.146606284164217819e-04
-3.071783030152476783e-04
-2.518828265366947574e-04
-2.499453958558156032e-03
-5.994315753310604494e-05
-3.161710930405562357e-04
2.732657357107001931e-05
-3.402424857670251148e-04
-2.365221098978467871e-04
-1.332664664136108202e-03
9.794509080911294012e-05
-8.423200670905320493e-04
1.019337075469825852e-03
-4.046142614470519139e-04
-1.910655081545341587e-04
-5.386965545030846506e-05
2.910068083357317498e-04
-2.799504744133931810e-05
1.441783734955107707e-03
-3.328600092982106741e-04
-3.454953585538674453e-06
4.040741092754215370e-04
7.148260033169532689e-04
3.359128191650159897e-04
9.581512056748669711e-04
-2.346149715539412413e-05
-5.348172918370169268e-05
6.461213630515533820e-04
3.479380644624062804e-04
2.093187521151265848e-04
1.606683334589711703e-04
1.286432536711657056e-04
-8.693071088602843835e-05
7.191863940986882760e-04
-2.627119360861238703e-04
2.411259320796462868e-04
-4.694404347748849359e-04
3.182087957823661098e-04
5.830088298101208846e-04
1.520335945648332038e-03
2.670116050088509017e-04
-1.610734161807413122e-04
1.351510649821455103e-03
5.953001594243740886e-04
1.487590990416912985e-03
3.148019732225734203e-03
-7.160284307893516220e-06
-1.647268377708452586e-04
8.715473333991518960e-04
7.690501864966268076e-04
1.312749201054243340e-03
1.245389172386955580e-03
1.414060229003486174e-04
-1.442295505392002242e-04
3.011984917580178499e-04
2.629171044139204253e-04
3.303701935659187895e-10
2.427985604556530351e-10
2.451157114928034175e-11
-2.216573413366587515e-11
-6.640019573090128793e-11
2.646295316574297760e-12
-5.677468207089785826e-05
-1.534505493630874485e-03
-5.191032494552623211e-05
5.477670165067567655e-05
-3.982438496599926474e-04
-1.277301893690370785e-04
6.279897196679938391e-04
-2.661729142550112170e-03
4.484729347635548585e-06
3.211408905738802983e-04
-5.984245230866914360e-04
-2.670866364264062962e-04
-6.508661460875313936e-05
2.399212825183061015e-05
-5.912336074672520563e-07
1.236383918884103549e-05
-1.207642653175315534e-05
3.852226533348811286e-05
-7.103644044544581019e-04
4.106377604743619144e-04
4.302071630681009022e-04
2.646547383328252891e-04
-2.459315217713747641e-04
-1.616817171417315774e-04
-6.695010594276157951e-04
-1.779527657735781787e-03
-9.046480342355177437e-05
3.658350996425898164e-04
-1.602429927462228757e-04
-3.017222152129788218e-04
-5.253643024064175680e-04
-2.479515102288519512e-03
-2.527416624408412339e-04
-1.309126263290475009e-03
6.742863234262674995e-04
-3.454381217464300440e-04
-2.553180546576698669e-04
-1.349585957420963841e-03
-7.715803080270444453e-05
-1.133345000112248547e-03
1.091486559988437801e-03
-4.059037759600096730e-04
-1.351089007279372451e-04
-1.572945523682011619e-04
1.561225426507451605e-04
-2.278623749041794593e-04
1.289314335285391636e-03
-2.223001784768119523e-04
5.802974759187806122e-05
3.027770906953952635e-04
2.538546448330943907e-04
2.142268595062696019e-04
-1.130694800389772180e-05
6.868562722814862149e-05
5.775349607411609876e-05
2.936915085680963313e-04
-2.115287071146843771e-04
3.716228805306540876e-04
1.942264463398914588e-04
1.607376192977914777e-04
1.677362384430352627e-04
1.258790929552087621e-04
-4.047775866860083590e-04
2.589616396259241012e-04
-1.198508636516869904e-04
2.205778896281575306e-04
4.984229098630120740e-04
1.105017849231967756e-03
-2.497246305590031202e-04
8.403569979128889893e-05
4.964586433707993129e-04
3.142994981352131801e-04
8.004450772483094178e-04
3.290905676554506214e-03
-1.293758322322988711e-06
4.484818092124661030e-06
1.089840425591974979e-03
5.718624510256529363e-04
8.257368855253980006e-04
2.917066987427511561e-03
8.043101883050364015e-06
3.365237211043962252e-06
7.032555007857121216e-04
4.077252147620243029e-04
4.933361957893206634e-04
4.718995070290496214e-04
-2.494158433013985859e-06
1.297417941236958343e-06
1.831625790939314235e-04
5.817926411770162005e-05
6.165732492756775893e-11
1.438562428965943203e-11
4.226203290108721448e-12
7.423727835171589041e-11
1.061991240652220998e-11
-1.192029369612904435e-12
6.986930162098202362e-06
5.383854757238844149e-06
-1.142912833080362715e-07
-2.563762596493670888e-06
8.091063623823239995e-07
-1.720666388202360850e-05
-6.534044235797355302e-04
2.759154137295477278e-03
-4.523629027724814278e-06
-3.182136562235728474e-04
5.536378238746252588e-04
1.789974548815645385e-04
-6.451100072899379218e-04
2.451124371931360114e-03
4.467577964463542668e-05
-2.085961766102521082e-06
6.867709317114642324e-05
7.322905899478194614e-05
-6.519957401575335104e-04
-5.148959960629236792e-04
-1.655341886807683608e-04
-2.579204130737893365e-04
1.912483915629348361e-04
-1.794859378844923254e-04
-4.029099173996503473e-04
-1.981271790154495813e-03
-2.146960635307243882e-04
-2.586458571049010842e-03
-1.326534326682608030e-04
-2.566249778283506808e-04
-1.570494071627590276e-04
-1.335583601267361416e-03
-1.402590900346988262e-04
-2.284345896954146065e-03
3.596229471240777135e-04
-1.853883201668161083e-04
-8.862184176879681476e-05
-3.447589472693958121e-04
-1.018920650621431252e-04
-6.664239918623432067e-04
2.591014462481630132e-04
-5.535874611263947968e-05
1.741271534558867730e-04
1.615901352002795772e-04
3.952820922177686294e-06
-1.331018128845642653e-04
9.273111171647173802e-04
5.120532776242799273e-05
-3.573412272883380998e-05
-5.285268595070730189e-04
-7.957807894330910011e-05
-1.660889958862992724e-03
2.116192724314958410e-04
1.617400951833033911e-05
-9.405772194802802268e-05
-1.582869009239393091e-03
-9.149684213079790896e-05
-3.574210767653858856e-03
-5.444984179226992991e-04
-3.911109538356656985e-05
-1.711053601029219372e-04
-1.542921449676448471e-03
-9.937405438155660475e-05
-2.528414713440837319e-03
-1.249070067134786790e-03
-6.501670299829830264e-05
-1.188270136314572428e-04
3.494734501979618021e-04
-6.274934611642354518e-05
-1.040924806507111892e-03
1.172498538495585370e-04
6.689081673959140924e-05
7.019140714116024397e-06
3.136984710681467448e-03
-2.863952905380744455e-04
-3.376534496662697289e-05
4.120362029365723421e-04
3.341297964888011954e-04
5.507805113783358173e-05
1.628190533901075106e-03
3.971695544130640469e-05
-5.007953776054852697e-05
3.464999517263344644e-04
7.770070113087342999e-05
-8.708700306822479538e-19
-7.597917313390809001e-19
-2.542065904459189517e-19
-3.802275379662444095e-19
-3.713914091991022316e-18
-7.606809054650165738e-20
-8.682950962217958004e-07
-1.818199795063200741e-06
-1.618185502399447240e-07
4.991083307439600002e-07
2.855852918180438919e-06
1.385233267522249562e-06
1.349672956934080698e-04
9.323289447318109649e-04
-2.321632861029392656e-05
-1.304433627794241747e-04
3.557586109153102740e-04
9.432365500900883552e-05
1.284010180616684186e-04
3.455868898913083253e-03
8.173532914943814948e-05
-1.785374850470660584e-04
7.696699274306246542e-04
5.380149892581421621e-04
1.926040697834189533e-04
2.484343891769703622e-03
-1.267130024666977763e-04
2.743728570130512861e-04
2.153879157142914928e-04
2.196355116220822720e-04
1.983623835287953339e-04
5.828441661470229029e-04
-1.246141292722567954e-04
-1.000554420660231545e-03
6.141196258198742142e-04
-9.245156547604464777e-06
3.977263711290185150e-04
-2.088523485500914164e-04
-8.623363405608693054e-05
-1.120044732013578386e-03
1.173354210766260931e-03
-4.710118806244967526e-05
3.682292840037186283e-04
2.120536166188202645e-04
-3.469310390193514732e-04
-3.886353748415342718e-05
1.104982437879596094e-03
2.315565369657927633e-05
5.804993682274050968e-05
3.027699640950345873e-04
2.539700133093470151e-04
2.143724536676511888e-04
-1.125640180938008531e-05
6.869891183791260192e-05
-8.861081704440625984e-05
-3.447675585775278741e-04
-1.020226802959624328e-04
-6.665002656637366608e-04
2.590831699279619055e-04
-5.531104669557873187e-05
-1.571132253060880343e-04
-1.335827742213630334e-03
-1.405107201268562529e-04
-2.284368857050393924e-03
3.595971683475824221e-04
-1.853507970071474869e-04
-4.030039581694134176e-04
-1.981897829005440943e-03
-2.148664881683877111e-04
-2.586599784267843566e-03
-1.326574388367746452e-04
-2.566512359314798036e-04
-6.520254642134675578e-04
-5.153410822453352146e-04
-1.655809472828713360e-04
-2.576866937882637903e-04
1.911754776104122096e-04
-1.796371119427091049e-04
-6.451418981145896512e-04
2.451133268595447404e-03
4.465334931890596213e-05
-2.087099266679170054e-06
6.896053829988160202e-05
7.356394095774505771e-05
-6.535545380164417117e-04
2.759054535763960040e-03
-4.528068011531170978e-06
-3.181235550445837704e-04
5.536659723463524746e-04
1.790670250498054494e-04
6.976427525124539708e-06
5.332648040622023912e-06
-1.136680111984159154e-07
-2.581048268725856954e-06
8.025378598173542371e-07
-1.722128707573616522e-05
6.163554246384559176e-11
1.438648653758736575e-11
4.227120244737594486e-12
7.422061072397205315e-11
1.062152406355408991e-11
-1.192058819696297444e-12
4.933858958434749701e-04
4.718892347345238322e-04
-2.494591368535973053e-06
1.328646497947636401e-06
1.831308187942431445e-04
5.817176604152751610e-05
8.257891485660291122e-04
2.917504709899114337e-03
8.045114185412354652e-06
3.493622247518077767e-06
7.031462905746365972e-04
4.076998634538291891e-04
8.008188916201649772e-04
3.290699342392269713e-03
-1.306376441609727227e-06
4.487837923944799257e-06
1.090216980769474937e-03
5.717700628081789959e-04
4.986533783252025979e-04
1.104084197673846444e-03
-2.496515505156943768e-04
8.389340334801688340e-05
4.964576748359066181e-04
3.143276504897526535e-04
1.678707113655686682e-04
1.254805433042720394e-04
-4.048151661447575581e-04
2.590897951804370120e-04
-1.198428934798998841e-04
2.204701356486313333e-04
5.780686957406721416e-05
2.936022304383065782e-04
-2.114064199017127944e-04
3.719062315346274351e-04
1.943079133010182900e-04
1.607463677143034463e-04
-3.453414335955201020e-06
4.041798307260137022e-04
7.148680633741619434e-04
3.362578776841653252e-04
9.579587617741235636e-04
-2.345140358176910487e-05
-1.350814099084914847e-04
-1.572824026872498269e-04
1.562621012554781528e-04
-2.279155463871041561e-04
1.289245568627203978e-03
-2.222452493413644610e-04
-2.553874448148486776e-04
-1.349420036580461580e-03
-7.726330450736941535e-05
-1.133433496282929345e-03
1.091292047759568219e-03
-4.058295422399838914e-04
-5.251263698217090636e-04
-2.480156911004253225e-03
-2.528296534478804286e-04
-1.309144770369057974e-03
6.745363658244943892e-04
-3.454250153135778869e-04
-6.693464894400679268e-04
-1.780505630707643816e-03
-9.045437680476146327e-05
3.659103484944409854e-04
-1.602931398407285066e-04
-3.017972082143736642e-04
-7.104857154706774531e-04
4.101701984180843290e-04
4.301649784112043470e-04
2.645536507637810241e-04
-2.458447466273997167e-04
-1.616566235438065798e-04
-6.518332121785326290e-05
2.387894868211954977e-05
-5.934831026411480574e-07
1.258215488908352904e-05
-1.200508955594129074e-05
3.772380128286408686e-05
6.279544771488258879e-04
-2.661497924700958681e-03
4.482983082616362518e-06
3.211997912939748828e-04
-5.984862633736355792e-04
-2.670789017746327972e-04
-5.679204680292010855e-05
-1.534598510377854210e-03
-5.191249568185884702e-05
5.477570200186953405e-05
-3.983022760248778227e-04
-1.277170426426963779e-04
3.303390566982772234e-10
2.428226729255932749e-10
2.451146467042674550e-11
-2.218587966083694912e-11
-6.641497814650335199e-11
2.646303804819215152e-12
1.312775705451806529e-03
1.245367324946914907e-03
1.414076239905928624e-04
-1.441091971236115542e-04
3.011967392515889743e-04
2.629261613222998346e-04
1.487848521912046081e-03
3.147973360785841831e-03
-7.144373157405357444e-06
-1.644582985568613113e-04
8.716647013044417870e-04
7.690127895930976270e-04
5.834744317263313926e-04
1.519730988186167395e-03
2.671120625569286719e-04
-1.612664723561952251e-04
1.351621796963871748e-03
5.953462681451074249e-04
-8.661736200014713083e-05
7.185749538735472421e-04
-2.629378980204308920e-04
2.411524344594493036e-04
-4.694892544766289685e-04
3.180392284548470491e-04
-5.346625395112151742e-05
6.461911928935743302e-04
3.478964419200315924e-04
2.096245406575500587e-04
1.606488077372261963e-04
1.285287453045827661e-04
1.322423957208452068e-05
1.280152742528360037e-04
7.495016099078555217e-04
1.822487585444788644e-04
1.607957515595663739e-03
-3.937100762587442566e-05
-1.909800069332514357e-04
-5.390423380487872120e-05
2.911701486210418978e-04
-2.800185853690294885e-05
1.441899398212317246e-03
-3.327683314009045987e-04
-2.364002970253776550e-04
-1.332475123245849789e-03
9.787702171067633216e-05
-8.423168458344656908e-04
1.019612926518308291e-03
-4.045353386735783059e-04
-2.518207568789194951e-04
-2.498596970878813606e-03
-5.990741030456139159e-05
-3.160789823642531134e-04
2.650425852691193704e-05
-3.401763180118747313e-04
-2.976664087822486439e-04
-1.865341258259533294e-03
-1.600312944171934242e-05
8.405916919171659398e-04
-4.146412204699160219e-04
-3.072439580090079647e-04
-2.597816640625856262e-04
8.569332134229402259e-05
-1.103342190832990599e-04
3.046187106983897901e-05
-2.341664162032922833e-05
-9.431467925127923831e-05
4.560469715844851649e-04
-3.625769011704023316e-04
-4.558794790446653354e-04
-1.911213364373314601e-04
2.078934125269666711e-04
1.698309136277933659e-04
5.529425340143795430e-04
-2.428071463993333734e-03
-4.240384327582526761e-05
3.010451441151022322e-06
-1.251451023442505148e-04
-2.241471784414792920e-04
-3.820622283036013408e-05
-2.901181454338373853e-03
2.044927250002416650e-04
4.547593392398248852e-05
-5.004725200196864527e-04
-5.474194350630754618e-04
-2.845862925019894559e-04
-2.512156303078252797e-03
-4.513145536874149503e-04
-3.039384794739295365e-05
-4.460660455992738224e-04
-4.875489549558111794e-04
5.979578387814825558e-11
1.452222038120006615e-10
-4.536097432325501565e-11
3.257479532734237680e-13
-2.564580120231369801e-11
5.077100350890469345e-11
1.552607554203198209e-03
1.077733326014826236e-03
1.376810218531923473e-03
-3.747780942478542402e-04
2.951547782036480065e-04
6.066869153564031407e-04
1.414312016059099126e-04
1.732660998754349856e-03
-3.017500711580011369e-06
-5.359830408655968980e-04
7.029534868780696298e-04
8.011495615005196063e-04
-5.364006546922207115e-04
5.396824514137261563e-04
-1.093851874266317883e-04
2.521898821729817936e-04
-2.605563673521316007e-05
1.489792856247645740e-04
-2.005431780367811126e-04
2.910567237858865714e-04
6.356144240761935982e-04
1.301365965208243158e-04
1.303175761935932049e-03
5.715486658843817701e-05
3.901672641193520199e-05
1.244137046160897076e-04
5.632277626452934002e-04
9.616098142703311631e-04
-1.468677158160760624e-05
-4.581654615780444376e-05
-2.936328156945863083e-04
5.665611514407977806e-05
3.134819707063794293e-04
1.236043434335734205e-05
3.223440356268256700e-04
-2.449027475799071254e-04
-3.213529560955938726e-04
-7.034235591263866870e-04
4.414518767847550143e-05
4.993676809011177338e-04
-5.425304256870790631e-04
-4.618179292211572681e-04
-8.858030309815481944e-05
-1.693090561947042244e-03
1.557795537538467597e-05
1.094731097490906236e-03
-5.350184799235866090e-04
-3.839944276968285520e-04
-2.140137183670585324e-04
1.236632380302155857e-04
1.251677329630572116e-05
4.163500227367148917e-05
-5.565954904429768049e-05
-1.935215732496024560e-04
-2.284644424825421432e-04
2.434698378249165827e-03
1.982506019527150102e-06
-5.648307221344482654e-04
3.695139076503382142e-04
2.963715056949098892e-05
3.083336316200808807e-04
1.963300893827504921e-03
7.950797637567336878e-05
-2.831830613199490666e-04
1.575355781833112482e-04
2.276325482682412915e-04
5.124009836618547559e-04
3.798663487179915199e-04
1.669011246616118236e-04
1.436739025256429571e-04
-1.241368458698279085e-04
1.503304633608431088e-04
2.094714422681658706e-05
-2.498893973379385310e-04
6.451440824128786065e-05
5.129559967027392739e-04
-5.247814060541772501e-04
-2.194209115288596999e-04
-2.510561270922770675e-04
-5.899251784825981001e-04
-6.813104024013441466e-05
4.608530957385440462e-04
-9.211455796178445558e-04
-5.460588834405900871e-04
-3.923823077829475506e-04
-7.811783103848796844e-04
3.443003196036669572e-04
-4.874173404080992634e-05
-9.551479208262691253e-04
-7.522793069110471527e-04
2.577461720719745188e-11
7.162371714429436910e-11
-2.257528278207421805e-10
1.696595922723811496e-11
-3.572332229109162893e-11
5.151707026130509729e-11
-1.284631961777936210e-03
4.850642754125452684e-03
7.787436331274038377e-04
-5.238017662296687521e-04
9.446005280321695050e-04
2.016868533804498491e-04
-1.550387415216375681e-03
5.320914150885011672e-04
1.797243196413367576e-04
-4.104710522021538213e-04
3.854830300859084236e-04
1.840758576059122451e-05
-4.742047480458688887e-04
2.674929632061801054e-04
-1.793523049111172424e-04
4.372498486660453851e-04
3.273387043993001351e-05
9.118955458065428060e-07
3.931751517312639759e-05
2.656748179250135143e-03
3.134520243753841101e-05
4.524662025209305822e-04
3.109191985620103084e-04
-5.750629482552856175e-05
-3.449239711867196044e-04
1.728305611548998583e-03
-1.713017698026841949e-04
-3.921120660637756277e-05
4.354777653303064177e-05
-1.891257999536065056e-04
-5.035141086376201036e-04
7.741155525887568950e-04
-1.459425706085675910e-04
9.351809633185722648e-05
-5.179112058167924509e-04
-3.880834425224506537e-04
-6.199586991757118364e-05
5.329890079202295381e-05
2.120086735280704273e-05
4.619540622564937688e-06
-7.695137325728108337e-05
-1.744274522727545958e-04
-9.338158280083757071e-05
1.931617247864557928e-03
-1.449174614771136823e-05
-7.615772395730267168e-04
4.834703715375828219e-04
2.836656936492078649e-05
-1.148906819546868053e-04
2.993712224709592015e-03
5.771838625611229841e-05
9.893348131590241359e-05
1.919759848753754719e-04
1.273461435614283669e-04
1.568241914740403870e-04
2.864435241780393260e-03
2.826698737538700787e-04
1.039429482828112912e-03
-3.046675873493034730e-04
2.275420273393339871e-04
2.751709671654113806e-04
1.812538003838730588e-03
1.829945805003333663e-04
2.023844977350489072e-03
6.575049935406622025e-05
2.211538250439273846e-04
8.321063775903885537e-05
1.496986794279305802e-03
8.753664613999946620e-05
1.603352198703264942e-03
5.382179311704740751e-04
4.757009620431755672e-05
7.003863277760030447e-06
1.793006663268226133e-03
1.978630704393835463e-04
4.969651901886493715e-04
1.929438369303397008e-04
-7.753843054059169205e-05
-4.276363718231564892e-05
1.610508273003049932e-03
9.435757803753309968e-05
-6.702003451767611198e-06
4.265419596246835436e-04
1.388794121382772105e-04
2.068899331490883049e-04
6.743537977771390949e-04
-2.705793745843612630e-04
-2.305821496649943555e-04
4.965462053118336683e-04
3.424692239698350592e-04
-6.216833858479782351e-11
8.295156713023593138e-11
2.387885191102618071e-11
7.868841785869139150e-12
-4.527626789057502503e-11
-1.984156275220036030e-11
-2.627520158208006100e-03
5.937040367952194087e-03
3.575983996984163330e-04
-5.119092260387641570e-04
1.364038374144616256e-03
1.241192323196960959e-04
-7.744551651585033667e-04
4.745946242442104605e-03
7.569249407275435444e-05
-2.210371134078478012e-04
8.366608567515577488e-04
8.526610985705435465e-05
1.044035920081275208e-05
6.051765153338100646e-03
1.251557651478031933e-04
3.674310780401621006e-04
1.160436365089281656e-03
3.997194560476028654e-05
-7.591555218813070141e-04
4.467408569003508342e-03
-4.115044336717677090e-05
1.751873369855916818e-04
7.302091521638947669e-04
2.590339336146628316e-05
-5.740005312674055493e-05
4.448614916991071793e-05
7.219066014469967558e-06
-1.537445578840383403e-05
-8.493584203621690188e-05
-1.064106876149370143e-04
4.389787377544406791e-04
-6.987893353367711623e-04
1.940643277505395487e-04
-7.310155786080342675e-05
4.117256563427762364e-04
1.837072104021619963e-04
2.188829166312199247e-04
6.918341856359273151e-04
-3.827178679986330544e-05
-4.008535210472883832e-04
6.596370341598170378e-04
2.692193914574867722e-04
8.414695213944628320e-05
1.454899245113266005e-03
-1.283311652194886996e-04
7.138448508401757037e-04
-4.820980891573649536e-04
3.274710448959022315e-04
1.291434611095421474e-05
1.484958312445160654e-03
7.035731790552833575e-05
1.034260148096654902e-03
-8.216286310491711714e-04
3.079492791454790457e-04
6.592238094535564699e-05
1.220462552536251627e-03
1.289025029263096678e-04
1.909058773394700214e-03
-2.721599347520803802e-04
7.011586882521839614e-05
6.131919988481270847e-05
1.370353747469436542e-03
6.916818280716125345e-05
2.195233450432132992e-03
2.740800012755055851e-04
3.804196732916758348e-05
8.795875041865787783e-05
1.383024867705282468e-03
1.107151400967972541e-04
1.333727063649960999e-03
-5.121210434622018668e-04
4.454175381683298272e-05
2.460831668740738262e-04
9.644999139662833619e-04
-1.881763842487126775e-04
1.331162855331352395e-04
-1.039622857738637524e-03
4.522431909745444601e-05
7.469543435291820747e-04
1.281239375591138746e-04
1.010194359520660487e-04
-2.579994441806576083e-04
9.366626222868468330e-04
5.836871135223587874e-05
1.660007171332183919e-03
-3.066519111729056751e-03
-5.018709020814818099e-05
-1.487936036355119198e-04
-4.298354773675858837e-04
9.921637932426940993e-06
-4.941577729324921390e-10
1.196218249016491238e-09
-2.853803386540681398e-11
2.921615953534313980e-11
-5.786118868947194919e-10
1.106357109956123451e-12
-1.076195615673717796e-03
5.916863557498565178e-03
1.785043004647929494e-04
-3.197701419945061965e-04
2.001233240108005358e-03
5.588465927233376241e-05
9.794000091162937129e-06
1.421825381789234601e-03
5.469065249459108621e-05
1.032861572242219772e-04
7.438513880370606172e-04
2.537425073029340468e-05
-4.745472570148956621e-06
2.202109300483442273e-05
6.323204443424932288e-07
-5.233743882993844204e-07
-1.310649330720801284e-05
-9.096343794063747583e-06
7.790176307527262121e-04
-4.181614735578765597e-03
3.799601580052108178e-05
-1.524780855252423509e-04
-9.302091599188898547e-04
-1.203403833308331163e-04
4.391647076032381279e-04
-1.611687222414212150e-03
1.822875135707330849e-04
3.685878791900530762e-05
-1.589918532745985841e-04
1.011334172321966366e-04
3.160258185735144161e-04
-8.145545497617270219e-05
-2.795293744396419849e-04
-6.405507405822694712e-06
-1.292304648682929562e-04
1.781668142871160627e-04
1.211537158293251877e-04
4.336820464740887774e-05
-3.852998383642623152e-04
3.134571981303431774e-05
-8.512750743260563474e-04
2.816708052706629007e-04
-1.002277021689724628e-05
1.598502917634394812e-04
-1.307927154413877099e-04
2.404689158878040229e-04
-1.071837077560872402e-03
1.670699798098569428e-04
2.157013751749754376e-05
3.707890792844825744e-04
4.870046408855440849e-05
5.852099589556469328e-04
-1.894055283151243349e-04
-4.064801674723547468e-07
3.030040211306006138e-05
4.956314188166963423e-04
6.820988955831952646e-05
1.185751694396418266e-03
-4.261069707246433976e-04
-2.342195784124746769e-05
-5.053736629984157618e-06
3.352393272977419484e-04
-9.270302820375721090e-05
1.275143334859538168e-03
-1.615700486543476810e-03
-2.991934067141962164e-05
1.407056737117863662e-04
2.290754370238143518e-04
-4.001120565950388162e-04
8.820850995774875405e-04
-1.663449730014946934e-03
2.578135994730374438e-07
3.702656906786990680e-04
-1.872881587043822850e-06
-3.736441873027245074e-04
-2.773713050537779783e-05
-8.686610508900449550e-04
-6.012131502364843063e-06
5.903337940546647547e-04
-2.003160536064161733e-03
1.564643682835042092e-05
1.779838641129477474e-04
-1.157569354094167855e-05
4.262725762725825928e-08
9.146881722794312618e-04
-4.551957786296341110e-03
2.306395909976463414e-05
9.522669774185402625e-05
-1.322175599562181890e-03
-2.166190328858658994e-05
-1.060596091473516374e-09
5.824649147669472887e-10
-1.115105501775540265e-12
4.559955816667628565e-11
-3.332920798623503272e-10
-2.187917543021861570e-12
-1.161468610838203772e-14
-1.071524623754385456e-12
-1.881010804049443995e-13
-6.884770340999356278e-14
-1.025292792315101306e-13
6.644568814452996146e-14
-9.195672387651430803e-06
-1.403470866742535794e-03
-4.987310153770077516e-05
-1.055903767644762498e-04
-7.254433486725096877e-04
-2.523652865059100884e-05
-1.054688191822646318e-05
-6.007187589845200230e-03
-1.284820709326183071e-04
-3.550103622917289022e-04
-1.300316673193733759e-03
-6.238578137507001385e-05
-3.359295009934225849e-05
-2.578295931409113010e-03
-2.826249127178566734e-05
-3.997959760091826433e-04
-4.704946300356735466e-04
1.814072563975020115e-05
-3.963454765766508109e-05
-1.372932054832192816e-04
-5.405651157493727727e-04
-4.526257314048935838e-04
1.707732914346499854e-05
3.254329806717659585e-05
-2.087241566665221719e-05
-9.099290214378030523e-05
-8.664380514056756969e-04
-3.377385902828048650e-04
-9.829978271047735538e-04
3.317686612221510875e-05
-3.731671226755910635e-06
-3.154208523730969217e-04
-7.408127724347903734e-04
-4.956605483766100525e-04
-5.551585738376437840e-04
1.660471699641384236e-05
-2.608892604385941818e-05
-2.282281272008724726e-04
-2.062293783074279122e-04
-2.333808895501052530e-04
-6.065376401202463567e-05
-7.692579088104552199e-05
-1.764834056166192421e-04
-1.268510335537780919e-04
9.482163133193807567e-08
9.382260037995587159e-05
-1.204744041248846783e-03
-8.393170897178233000e-05
-4.139393755150604483e-04
-1.584194074578277342e-05
-4.870972199017025621e-05
-1.790152876397445758e-04
-2.037154765209602501e-03
1.179432328284066116e-04
-3.788063128109820646e-04
4.336819678137034839e-06
-1.675118748591503364e-04
-1.904188285811790702e-04
-1.996648815208501137e-03
8.590862625295956994e-05
-1.912268856091898118e-04
-1.441833311767844671e-04
-2.151419737322015789e-04
-7.859414613932987190e-05
-1.846254562110049343e-03
3.750803128717256047e-05
-9.830021620635826787e-05
-1.343921583080001257e-03
-2.852064849073857630e-04
-8.523986249983072109e-04
3.481075460916852786e-05
7.339954564116673663e-06
-2.454514417538933922e-05
-3.391874861120012987e-03
-2.087604713343332033e-05
-2.461455670894030197e-04
-3.862998077210599542e-04
-3.142514094366266353e-05
-6.832538537134840600e-06
-1.207748083045171459e-03
-3.571170620549047291e-05
-1.027662322056385318e-04
-5.462796343350280730e-04
-1.830988326807155787e-05
6.517611596764732049e-06
1.195350229961790467e-03
2.798536168241621197e-05
1.027890869689557267e-04
4.996371354408847857e-04
6.460428864410524367e-06
4.809271098627034678e-09
-2.375219266998797916e-09
-3.228344066320808922e-12
-8.993751927236043298e-11
3.521231551314867304e-10
-1.884264977765266337e-12
1.077382366468973649e-03
-6.115779860847630166e-03
-1.802300379936945085e-04
2.950738944491269867e-04
-1.997728541190393111e-03
-5.781992680524043949e-05
7.758483262717231696e-04
-4.722899925176484923e-03
-7.869417484521498251e-05
1.701378992782738640e-04
-1.000562689554410079e-03
-1.044106487168197487e-04
4.651602774329065076e-04
-2.625672647540209614e-04
1.251479323074882225e-04
-3.665319990465896690e-04
-2.777803673721116406e-05
-2.154122772966480546e-06
1.882257535659339178e-04
-2.105172738845409864e-04
-8.374943743875200514e-04
-2.223123798971407181e-04
-8.485545695031619217e-04
-4.690133984582063072e-05
4.009318883095595507e-05
-4.671661213761587770e-04
-4.425245056367399098e-04
-5.681560750390684915e-04
8.836979196484553428e-06
-1.711654517310464275e-04
-9.932579337672605292e-05
-1.521331837885809136e-04
2.035562886019516907e-04
-6.027083977345718165e-04
-2.074374000246254437e-04
-2.264382854297490935e-04
-3.535887729199546593e-04
-1.331100513912255624e-04
3.031523815580243800e-04
3.291468977408593626e-05
-1.149291906717561478e-03
3.513555925163178156e-05
-5.633041677172035550e-04
8.409063490387844360e-05
3.465412990821742703e-05
4.711155461036019331e-04
-1.829331038466331478e-03
2.525050403196197495e-04
-4.024594876364769643e-04
2.019831948125517585e-04
2.077620361667270100e-04
5.720152576776820798e-04
-1.714472838777585887e-03
2.667771032491705495e-04
4.380445104288676527e-05
-7.176122212302512540e-05
2.718182918971200871e-04
4.175744225949171596e-04
-1.870764968161261251e-03
2.117291902797603100e-04
2.645010045994450050e-04
-9.264991847662705417e-04
4.184259701777062312e-04
-9.769319911248981921e-04
4.966598698287359379e-04
1.482307188723954036e-04
5.469074546963070957e-04
-2.126309529064699007e-03
-1.569818776554370482e-05
-1.109004707867526391e-04
-9.293144557405332972e-06
-2.404300084164143688e-05
-1.236186391762735288e-05
5.800991542616752689e-06
-7.674694120663519268e-06
-5.115490865065040891e-06
-2.530653175940258501e-06
-1.237274421378285189e-05
3.887687805159040536e-05
3.944032100290002958e-03
2.835854141469865239e-05
2.460011140579384734e-04
3.523923235252394049e-04
1.315729136732091191e-05
-9.288726286632019739e-04
4.801663858508967327e-03
-1.848304532721149618e-05
-1.477824081256079913e-04
1.240202579374858347e-03
1.221795370360147390e-05
-7.900126568362113852e-10
1.690750633237373875e-09
-4.719704026865200349e-11
2.516802889853092876e-11
-4.976299740517612559e-10
-1.046539588819969692e-12
2.636498579066723098e-03
-6.086613551610910861e-03
-3.616035302763980419e-04
5.048494092015378115e-04
-1.385123209745980823e-03
-1.250668585929780037e-04
1.485600888153784356e-03
-5.882062790161305928e-04
-1.474036652615176926e-04
4.952010935014739424e-04
-3.810971579590482941e-04
-2.155001638218530694e-05
4.548518324435835061e-04
-4.595146526518988387e-04
-4.626124709946641703e-06
-1.273170601824870601e-04
-1.225823708032285758e-04
-1.941938768221076800e-04
1.144691308557103867e-05
-4.499507119189601035e-04
1.530448435231407346e-04
-4.054085298363162651e-04
2.580741684316872810e-04
-4.330946533843767383e-04
-2.585758117674451305e-04
1.955671690351625284e-04
3.338311584440827062e-04
-6.799144026723485858e-04
7.190724084810818208e-05
-3.559494697279973739e-04
-3.961959718412669230e-04
2.485340839365939112e-04
7.721685287917376623e-05
8.395733209497007691e-04
-7.499698891292735318e-04
-1.422337594418695173e-04
-3.356621059360483713e-04
9.843905936405114489e-04
-1.780745597681418762e-04
1.090676437184023200e-03
-1.324247936775495901e-03
1.484502120521735398e-04
-6.874313890228742020e-04
1.744575174961142741e-03
1.087919030912463773e-07
6.442224289556337758e-04
-1.400961502562873742e-03
2.320218181796797753e-04
-2.787410273097278230e-04
1.318071239928932060e-03
4.310136745318078388e-05
-1.025607590798747158e-03
3.217818353207894683e-04
2.480105938897019619e-04
5.727738392447633784e-05
1.232879513368710157e-04
1.857329470093913189e-04
-1.570360936757791157e-03
4.371375374430650266e-04
4.254594595328654752e-05
-5.825591989897784348e-05
3.362666317380244639e-05
-2.300046510289110925e-07
1.330531644955780144e-06
-2.197872410050018049e-05
-7.152299632578467564e-05
-5.316815773829975268e-04
2.237608084198003475e-03
1.694314855739867924e-05
1.096379575163785171e-04
-1.028641778535853881e-05
-2.596127463176695437e-05
1.260155626792532535e-04
1.433506547844796411e-03
2.755560793460827529e-04
9.794481423015533039e-04
-3.302932452932899290e-05
-1.089764019013329753e-05
-6.517428431902746230e-04
2.358032536730183225e-03
9.669551849196109154e-06
-1.935324626461909731e-04
8.833889980677580512e-06
4.862072345055922336e-06
-1.786227074970644967e-03
3.435066919671797125e-03
6.789647328763903525e-05
9.899920326869081160e-05
3.573026424340343442e-04
-8.190260027109447786e-06
-3.327774200259579845e-11
-1.877031465056352899e-11
-8.820056197800213115e-11
-7.534250145118535602e-12
-1.817110063300507425e-12
2.684740100513199115e-12
1.256200103760328306e-03
-4.873043486693005855e-03
-7.775346623216854245e-04
5.342975682805378452e-04
-9.560046777398977218e-04
-1.993461267099006949e-04
-1.680290288108577388e-04
-1.557986753373587392e-03
1.770704769083826687e-04
5.231129473199933391e-04
-7.525030261837603075e-04
-9.801515231341200764e-04
-6.325405370589350963e-04
-1.148247748860554106e-03
-2.716864855097316346e-04
1.414665266558171324e-04
-1.375860767751077790e-03
-8.013192959627219846e-04
-5.680962247813939412e-04
-7.011669306554990915e-04
2.125797189069630248e-04
-1.843391676421896248e-04
-3.742090126494413034e-04
-5.941758592072424183e-04
-3.304883073830258092e-04
-4.032771697668163899e-04
1.201690743978302706e-04
6.016270852398509627e-04
-3.741075901888227142e-04
-2.156976389338811906e-04
9.549453228645795667e-05
7.148026309911377626e-04
-1.693083679070562055e-04
1.039928941031301353e-03
-1.304382126370298104e-03
1.910434311286500603e-05
-6.065915586279153763e-04
2.266685646968345704e-03
5.260871519256402401e-06
-9.998617332766101141e-04
1.102917921319833573e-04
2.053087819612794127e-04
-5.460459543200308708e-04
1.916845932150856640e-03
-6.729128109775554676e-07
-2.118826321381806453e-03
2.560369863800024837e-04
1.108937174766356495e-04
-1.682310021393730929e-04
6.480156399160530846e-05
-4.319181945340711508e-06
2.755141042046483333e-05
-3.852742301606639495e-05
-2.766245232224400375e-04
-2.043183981602583895e-04
-1.115339334919713350e-04
-1.223473509085163280e-04
1.956694103215383430e-03
-4.563359417062191762e-04
-3.265824505752765909e-04
-2.240257726037867578e-04
9.329268496142898836e-04
-3.580472208141829201e-04
1.220617987160299263e-03
-4.135127556373731426e-04
-2.083808818707853609e-04
2.220609736549321496e-04
1.460044356801743447e-04
2.337027298184753132e-04
2.900841385314615397e-05
2.576761891967467664e-03
-4.709733691465014307e-05
-4.030771159471597544e-04
1.967973747688945470e-06
3.307404508801306433e-04
5.825621187349852196e-05
8.367289783353828829e-04
1.056682031791167183e-05
-8.379407695793874298e-04
-1.451849243257683213e-04
-1.243940776220312818e-04
2.828053184509832078e-04
-8.481410451045034212e-04
-4.245794756275304453e-05
-2.718763965452330078e-04
-7.579801019672572325e-04
2.969636169218541196e-04
1.795835354062943643e-04
-4.884436249861465748e-04
-3.081375487989138594e-04
-2.664604841649076299e-11
4.188672033556682808e-11
-2.095756474183976112e-10
2.453274816715043465e-12
-2.359624741626144659e-11
2.758846663058322796e-11
-1.566422164480921761e-03
-1.070960766200564291e-03
-1.390993935729348697e-03
3.858850855998888132e-04
-2.942697643199952045e-04
-6.182613337013937154e-04
-1.482406572275635648e-03
-2.765184786241597827e-03
-8.180797216510656586e-05
1.326790069734295053e-04
-8.879660951564055573e-04
-9.219162102916005942e-04
-7.955286026462427950e-04
-2.697990423060428206e-03
5.799279413375823722e-06
-4.007936390914314748e-06
-1.128432626229949149e-03
-8.721315680604130012e-04
-2.439060861592332095e-04
-2.198038743533808556e-03
1.560570284246403272e-04
-2.120212733525621653e-04
-3.911302061324539378e-04
-3.804006771041360826e-04
4.977635086463024026e-04
-1.040378157345495580e-03
-5.109107265575055104e-04
-1.140042741429227223e-03
6.339704996538332582e-04
4.109797292930605223e-05
-1.696944570785801092e-04
8.590132475344305039e-04
-3.102507537283661580e-04
-1.562157301351586912e-03
3.703820280861622942e-04
6.123346674764750474e-05
-3.816293184329732691e-04
1.147788145428731512e-04
1.927204316259667369e-05
-2.438618175847914502e-06
-6.170629988569461383e-05
-1.473098768264917392e-04
-7.516334630513434083e-06
-1.586154347235315147e-03
1.234468851263168667e-06
2.851083437082288247e-03
-2.820715398696893757e-04
-5.539497336077114486e-04
1.252425550993920889e-04
-1.224366023862252404e-03
-8.424690745665622488e-05
1.181771262691138236e-03
-1.862230896045534141e-04
-5.342944761732420491e-04
-3.334623718205461133e-05
1.240654991335500658e-05
-3.775730669288114225e-04
-4.406383895860205941e-04
2.624356136479519524e-03
-3.093560434919120005e-04
3.742855718632456937e-04
-3.799699936655137630e-06
1.381690273970889087e-04
5.442019704248705366e-05
2.650395359579882197e-03
-1.066916080241069595e-04
-1.544510146900056162e-04
-2.150026832030812931e-04
3.655832752098573985e-04
-1.035240119000206162e-03
2.285531661202844147e-03
1.923165429986697851e-07
-2.905637754090708582e-04
-9.549708879182730592e-04
8.485044272656687610e-05
-4.147924780596925088e-04
1.284519049770677405e-03
-2.645541840291846879e-05
-1.491512793326131743e-05
-1.559304145626016526e-03
-1.441415778578717158e-04
3.010644873355629728e-05
-4.300760254392761131e-04
-7.911603733531628196e-05
3.822678533914006683e-04
9.269881596357059219e-04
-8.191814014714215260e-05
4.559471623578661959e-05
9.380597056535204103e-04
5.237722480804044576e-04
8.565472134569454707e-11
1.134844519389653184e-10
8.755399626081175364e-12
-1.563385824454489612e-12
-5.798874731981665176e-11
2.190407833252317652e-11
-1.318311277223643743e-03
-1.254992914363164741e-03
-1.470325187581677270e-04
1.446896209436311046e-04
-3.019651541301954364e-04
-2.709821341042562524e-04
-7.954868672168460570e-04
-2.647987875136126844e-03
-1.028389071039569852e-05
-3.604615459698665424e-06
-7.407125908879547008e-04
-4.833591541599194133e-04
-1.289139886197511714e-04
-2.973211149357918304e-03
-6.687607444794696769e-05
2.034415347932753439e-04
-7.680521705359248706e-04
-6.495168676991778557e-04
8.609477091570971220e-04
-2.286250687142888684e-03
-3.999141059374401556e-04
3.088250260028107294e-04
-5.505500658270353975e-06
-1.841813312479834467e-04
-1.295355474936347778e-04
3.857913711606477010e-05
-1.111618086392210898e-05
7.743410884068007110e-05
-3.243488993266761231e-05
2.236236470505266401e-05
-2.762090516630672410e-04
-6.021304536366480853e-04
3.047895342213893734e-04
1.835629137348014986e-03
-4.309686069713026982e-04
-1.671172813079747639e-04
4.472053753926494318e-05
-1.660448489283472811e-03
2.931778739490692974e-05
1.247430401167492998e-03
-8.588869288512030679e-05
-5.346884130179534568e-04
3.819152134485872879e-04
-1.510669551735682389e-03
-1.838419823015068783e-06
-7.620651435381888515e-04
2.327816494583497334e-03
-5.192407936852241196e-04
3.801754897079388709e-04
-2.206045438151746179e-04
-3.758375385789903384e-04
-5.588057884392327391e-04
2.591230292578267091e-03
-3.560722875517240518e-04
3.659550151614567276e-04
1.647560104257510618e-05
-7.855698395983435131e-06
1.285424683633556032e-04
1.940326031604114104e-03
-1.020255786712221595e-04
5.754959171876740273e-06
-3.152073389219935714e-04
6.180891166334572841e-05
-1.674027031503898472e-03
1.714303137536878291e-03
1.080908617469880177e-05
-1.351098849657478285e-04
-1.372028052216285512e-03
-2.024073482750692000e-04
-2.220207328402874422e-03
4.529832021895642546e-04
-1.281762231496923794e-05
-7.235310925335326163e-05
-1.562939662358857167e-03
-2.561833576746544308e-04
-6.088104006047235410e-04
-4.970918616772743073e-04
1.534852496164619659e-04
2.155044930812867270e-04
8.016777687448379576e-04
6.512953590673399389e-05
-6.582967627903180520e-04
1.031127878257865694e-03
3.827037292437116120e-04
2.801125860669999475e-04
2.831676657434699547e-03
3.471739251811056543e-04
3.475470254786393245e-05
4.163452687007415469e-04
3.780247254458317949e-04
2.418961220473065983e-10
4.669913039709267060e-10
2.136540921118498668e-11
-1.032581431372187831e-11
-1.215048584357937922e-10
7.106241303141443108e-12
-4.969315713249687150e-04
-4.772192618516101913e-04
2.530833679780563165e-06
1.818822822153546159e-06
-1.844701623089260115e-04
-5.901070098865472219e-05
-9.334152588658938834e-05
-9.210277548097893681e-04
2.303750479076748458e-05
1.431508391647844916e-04
-3.497475327668132751e-04
-1.044159437594876827e-04
3.360366317890466493e-05
3.675688188314264797e-05
3.469107281796842437e-06
2.141916381633265682e-05
1.440645212165123483e-06
2.362282929022689764e-05
-9.235871179315203626e-04
2.330880503910459818e-03
4.219644195938810033e-04
-2.337571618278412122e-04
-3.169465652728546993e-05
2.355181163840470028e-04
-6.813990914919788823e-04
1.066541097544074657e-03
5.146967656956932986e-04
1.396577125405038108e-03
-7.630586613667320484e-04
-8.100385888982705469e-05
-3.367691226268518159e-04
-5.483285130430686936e-04
2.120570075622536723e-04
-1.285929619846454220e-03
1.825156637584220316e-03
-2.485508043368438169e-04
1.979687725148058402e-04
-7.680755840060591233e-04
2.132604465110659968e-04
-1.149658982366419998e-03
2.232690283989164064e-03
-3.053945627416409484e-04
3.854233645035657035e-04
3.018821917026842045e-05
-4.936672183325491311e-05
-4.796142016364506521e-04
2.095995742246140221e-03
-3.009121078867192200e-04
1.350141131170271925e-03
1.491717788564887260e-03
-4.413879930967181493e-04
-1.518527438928565197e-05
3.052496154324923529e-03
-2.129206035585058890e-05
5.388802645583277637e-04
-2.995017738527556701e-04
-1.086208800488149906e-04
-2.719017959482074743e-03
2.340922304957157671e-03
2.232820130830759242e-05
3.134154768382922744e-05
-2.095772300420256900e-03
-2.757067577227891551e-04
-3.979949885552693661e-03
1.985901773531047795e-03
2.351097397726190578e-06
-1.582910405161312413e-04
-3.382947660138449410e-03
-3.549239594269123100e-04
-2.954262965425218535e-03
7.377945068692182053e-04
-5.997318694407757170e-05
-1.669020031053109799e-04
-2.489621823793073709e-03
-2.579923378763470916e-04
-5.134684194086959485e-05
-2.227506825795143341e-04
-3.104299557404994157e-04
-4.593967859775603972e-05
1.388854886789303578e-03
-1.057458611448995871e-03
-1.452018359006671771e-05
7.747251573959200617e-04
3.083544052015462487e-04
6.392151712139815005e-20
-4.411042658771918875e-18
-1.970557115932349030e-18
-1.136612690019761025e-19
-1.307901045082780855e-18
-9.762388889696856139e-19
-5.218994280122405842e-05
-1.621630726567326692e-03
-3.935832708385069112e-05
4.939702796700212202e-05
-3.493049773188949630e-04
-7.464205460525236179e-05
-1.300063695120116751e-04
-9.265398068951120197e-04
2.754145257670442774e-05
1.395492191184651411e-04
-3.553454060039139403e-04
-9.133029712100859101e-05
1.063958298989503322e-05
8.447566181270277469e-07
7.665601834164161352e-06
8.391669767991918538e-06
2.404437682928780426e-06
-4.417967407049431067e-06
2.712452148347249702e-04
1.812679784518891890e-03
1.934597612287161487e-04
-2.166669939506607522e-04
3.544581901965645934e-04
2.064580784992169407e-04
6.243083961187534262e-04
3.141347951906137310e-03
1.822970820750184108e-03
-3.119724329631387441e-04
9.273735357038491456e-05
1.936314335769547380e-04
9.710538474107905608e-04
2.454029710110521099e-03
3.436361963061976277e-03
-2.796287525168107734e-04
6.117161344754329551e-04
-6.868199070695694378e-05
1.386639667229205104e-03
2.097642324953329692e-03
-8.858986136297133474e-05
-2.845388899129482150e-04
4.561605761054965402e-03
-1.776078363854906869e-04
1.691014945899747216e-03
2.314939764933928498e-03
4.231709027118264749e-05
3.996710615900263486e-05
4.231972613827822416e-03
-1.683211228404431160e-04
1.166605039495444921e-03
1.560811141048823718e-03
-8.682384745922838113e-05
4.630772047940113372e-04
1.609143787779043983e-03
2.509659508368355572e-04
7.436905985755605129e-04
1.324056210300593450e-04
-9.509255528293904811e-04
-8.600998999927812749e-04
1.060555902475028654e-03
1.266960081983453039e-04
8.164609397185986235e-06
-1.385049843032435052e-03
-3.928149753963793445e-04
-4.401500691961903605e-03
4.794541012686934982e-04
3.270072705067121583e-05
-2.676645614905845817e-04
-2.897925746764952806e-03
-5.892616894110457157e-04
-4.818062187109501196e-03
-7.436818090835955282e-04
-1.011526753841218620e-04
-5.084316295055884422e-04
-2.454317628601665208e-03
-6.100160961182307879e-04
-1.079276204977341847e-03
-5.078811160351033582e-04
-5.036783607901447468e-04
-4.606028175043598940e-04
3.170498530789127604e-04
-1.003386541579501126e-04
-6.090758507928292461e-04
2.698991289329756094e-04
-2.284125272459042654e-04
-2.720595125667726140e-04
2.833352626891168669e-03
3.353175598529268146e-07
-6.574378914632974147e-05
2.569610121731244826e-04
1.107977047928277944e-04
1.973464365207201281e-10
-4.707313706401791566e-10
-5.576034225278692856e-12
-5.772999554491224756e-11
1.055534420740435439e-10
6.711150406778379152e-13
-5.117782191735369261e-06
-8.737060165461809968e-06
1.166606232840680205e-07
4.337431300426518153e-06
2.044686624669326133e-06
1.761549446700753742e-05
9.796412562599529628e-05
8.725781249154898915e-04
-2.143336363385857225e-05
-1.234660384966351874e-04
3.733575968880193676e-04
1.071087414974166005e-04
1.183418764551632607e-03
1.648815030968022724e-03
-8.051408873654020571e-05
-2.024071243441499823e-04
5.028605714159543145e-04
4.069156136461723311e-04
1.434590492929281721e-03
3.339768009166230178e-03
2.311130220478361532e-04
-4.163021501332276404e-04
1.029352570340589515e-03
7.582155780325634548e-04
1.647111180623138556e-03
3.470072777554910476e-03
-7.885444355944012246e-04
1.562486992252428960e-03
1.519718188724051774e-03
3.329703899881761710e-04
1.614480421885691481e-03
2.296275992307173029e-03
-1.063451680576216673e-03
1.299522408570396919e-03
2.484189295312148795e-03
1.824718827394159555e-04
1.403584555609375169e-03
2.059111538044432112e-03
-2.757529974417280471e-04
9.564555518034152876e-04
2.236768599027610591e-03
2.144124314105001034e-04
5.334712302621915725e-04
1.600389851369981263e-03
3.556137297860964205e-04
7.144494084234635908e-04
4.756743818368794840e-04
2.138334261559388225e-04
4.674848923908463301e-04
3.221054601972002732e-04
-9.270030991725025952e-04
2.137728337095334699e-04
-4.750490617833751805e-05
1.831131792692055390e-04
5.924576386265396948e-05
-1.038412171106803915e-03
-8.137034360026995867e-04
-1.842991508899358187e-03
-6.776392005539977337e-04
3.835769548074067110e-05
-3.306703785226158430e-04
-2.346804246829729042e-03
-7.470905602547191953e-04
-2.919323460911699142e-03
-8.518355083481995863e-04
-2.866827869808404841e-04
-7.662079160440233823e-04
-2.654359759046460900e-03
-1.075718226331628816e-03
-1.285212407134989987e-03
-4.267507121971840316e-04
-5.669329047372034759e-04
-1.190500533972228998e-03
-8.826805726374818651e-04
-1.584406962637078295e-04
-4.482610378438499983e-04
-6.519434196786677831e-04
-3.946649112626069052e-04
-1.470716402064102014e-03
2.352390417337035800e-03
-3.094433439171675429e-04
-2.902876012209316763e-04
8.736342579942258681e-05
8.037816196656175321e-05
-2.833550542293800131e-05
3.192046981190747326e-06
-6.430145312543927823e-06
-1.401415365828713045e-05
-8.376724169542684154e-07
-7.729539417390479065e-05
-2.650485508361022546e-10
2.486896706175983516e-10
6.776152871930895379e-12
1.183960279857830990e-10
-5.973625275415301093e-11
1.422485033758571913e-12
5.591591099293821297e-05
1.499749980481560833e-03
4.806284323851279665e-05
-4.770486853126089789e-05
4.111431412405130905e-04
1.149524759353381167e-04
8.136798105562163168e-04
2.525817229621047516e-03
9.889759550269278305e-06
1.031101536292880431e-05
7.534955295292716359e-04
4.814044286038287527e-04
1.681581940747951679e-03
3.212997522916797091e-03
-2.077681038686286913e-05
-4.125756899050911039e-04
8.455828087429426198e-04
1.014436924383189205e-03
1.303120254909418936e-03
3.577865260748065452e-03
-4.058133924308965747e-04
2.379722550929604314e-04
1.201319091021159531e-03
8.118338232864784646e-04
7.321943843636762256e-04
2.889521351986907866e-03
-9.713775882879237397e-04
6.773138642266531570e-04
1.052316468472659292e-03
4.088714407577718015e-04
5.047533940348633693e-04
2.465578837078897904e-03
-2.183630042282351898e-05
9.410364751005898584e-04
6.910300842665447266e-04
2.549061404420871610e-04
1.059647477803408262e-04
1.429079065610976921e-03
1.118603936988038722e-03
6.097511836433932002e-04
2.736956263489096797e-06
2.475713682178024184e-04
-1.759780395736470205e-05
5.936887056508882926e-04
4.235148916361349859e-04
4.474018485146359354e-04
-2.678575896208204641e-05
1.150028219154613308e-04
1.933029535950903295e-05
-8.060328822436996828e-04
-2.355986422361724497e-04
-7.829336266142047310e-04
3.752804247402304798e-05
-1.624119906730243283e-04
-1.673766899130137132e-04
-2.386135313697859521e-03
-5.333867028995684708e-04
-1.471765260707228471e-03
-1.729979428183840237e-05
-4.162824670032722312e-04
-4.385273281656536931e-04
-2.869379210159720816e-03
-7.926097176208850249e-04
-7.748027836550868666e-05
-1.095674340316810688e-04
-5.762217246957844182e-04
-5.491679792455331135e-04
-1.659215394240002965e-03
-2.224616686987137214e-05
-3.688465722157046548e-04
-4.376664242624685478e-04
-4.081266626588679657e-04
-2.235661559238745542e-04
1.669020927500359795e-05
-5.631437448755505625e-07
2.396682370614213047e-05
-1.080872257324817218e-05
5.239058148649775834e-05
1.375558060849927777e-03
-2.291514594650877722e-03
2.489473836896436559e-04
2.922638281584876048e-04
-1.292337989448327101e-04
-1.923291060522150592e-04
2.464249928640371043e-04
-2.681923863690754018e-03
-7.216438773269129975e-05
6.930271011927713700e-05
-3.274384826891094309e-04
-2.745060990819528650e-04
2.017485164201004350e-11
-2.681227744878007754e-10
-3.560983836971950669e-11
1.571472450835958106e-11
-2.906575876519388172e-12
-2.319733307409202774e-11
2.916626836563084176e-04
2.451831000551399874e-03
4.213078886369768798e-04
3.215453205956454887e-05
4.683249990143057394e-04
4.784216253391925704e-04
1.469961934503019119e-03
2.724938476159722862e-03
7.464823294817204437e-05
-1.208455380784638239e-04
9.217446935910201785e-04
8.883046484416094605e-04
9.407207555230454174e-04
2.975546319048320235e-03
5.594431605666250900e-05
-1.411785054545173482e-04
9.155458733813505619e-04
1.446738949230908866e-03
3.451399538235321507e-05
2.794806857916059314e-03
-3.028086737794761872e-05
-2.036869842308575824e-04
8.818156217664013721e-04
9.819356301264095706e-04
4.894819464235519805e-05
2.196071353326616623e-03
6.252278770668249922e-04
1.431015734471234699e-04
1.435918256265112378e-04
4.114037703146044395e-04
1.201244586566273235e-05
5.006148089851648018e-04
1.422962470856853345e-03
-2.551159645421283554e-06
7.463583732721908246e-05
1.735848517316320111e-04
-2.214903089752701148e-04
3.110412629830404201e-04
9.322671698460828060e-04
1.954671773096749218e-04
5.689814000061317123e-04
-7.595518024187132985e-06
-1.125002524884582657e-04
-4.479731552687593859e-04
3.853788070531341428e-04
-2.662929512058243432e-04
1.892966158882998984e-04
-3.329630890586120781e-04
1.329979458599204019e-06
-2.393895198418796635e-03
-4.408401557526981339e-05
-2.173857326909767987e-04
-3.496003950992436190e-04
-5.354265623952171810e-04
-1.116842982112041267e-04
-2.450708833657529954e-03
-9.951176599307604627e-05
1.097741220553593731e-04
-5.962264452744962502e-04
-5.879200281358128210e-04
-1.759246061607893871e-04
5.070957164183295500e-05
3.538861406513525503e-05
-1.737035680441273815e-05
-7.573834684177822461e-05
-1.729412591214709129e-04
1.700112017596016158e-04
1.781689431145316426e-03
-1.433849221827716684e-04
2.298405842752556272e-04
3.426527509094494058e-04
3.225215992605152179e-04
9.703398542199684904e-04
7.478349534368874474e-04
1.318085750422228191e-04
2.625461115750163735e-04
4.895337118607535074e-04
4.202000992220031404e-04
3.894882535579021138e-04
-5.562964836418671840e-04
1.030129310708391839e-04
3.559471364476570051e-04
-2.223858076662789287e-04
1.678692198484643726e-04
2.203853670189749158e-05
-1.647515860147601803e-03
1.058791344467589768e-03
1.804967846705391374e-05
-7.718658483070417421e-04
-4.905607752527777919e-04
9.133955537150824199e-11
-3.322849369019024946e-10
-2.871970980991247939e-10
-4.286640120490579483e-11
7.042130724626454867e-12
2.026680349419864111e-11
4.012693467098692526e-04
7.851849727259375272e-04
-2.548880468520933751e-04
4.872571585139360271e-05
9.748190045278936093e-04
6.916837924425965796e-04
1.949149109235531925e-04
1.591500627065865628e-03
-1.265049828795198998e-04
-4.684527115563357782e-04
7.620403153596127339e-04
9.370062847912942732e-04
-7.213428383774519136e-04
2.345160838696385992e-03
-8.521257766004323628e-06
-2.943804264378112887e-04
7.251179166217132680e-04
1.868473553766076233e-03
-1.808394089637454312e-04
1.233633786220667602e-03
9.701308615276733492e-04
4.547654095004898195e-04
5.532963148374563209e-07
4.468811506395685201e-04
5.525231521755993366e-06
3.994958316958621735e-04
3.834118400476377395e-04
8.703299271414629765e-04
3.199710138055221042e-04
-1.046408030643983438e-07
-3.933074591686120617e-04
1.202848874585765721e-04
3.270907727215361586e-04
2.771758187782342878e-04
8.015652107286727797e-05
-2.089724432507409659e-04
-6.741659155742093373e-04
-7.708540879583848681e-05
1.056825731893227833e-04
1.520303234911302517e-04
-4.405130551229454491e-04
-4.742587649398923781e-04
2.272182410427303150e-07
-1.568210208505739370e-03
4.039175633282092367e-05
1.570940161805941474e-04
-9.306352777301854983e-04
-6.438420721634731609e-04
-4.814651901108040479e-06
5.799111072999164407e-05
1.749506772265573777e-06
6.663922985187007617e-06
-2.120495074256639214e-04
-2.730775309485298672e-04
-3.015330578756859344e-05
2.736552972354678714e-03
1.047615115314270886e-04
-5.241948565805506604e-05
4.699306365847656089e-04
1.645073261797646105e-04
1.884887029365979287e-04
3.070771599306596454e-03
6.069421805457481285e-04
5.488241842255193770e-05
9.996669588646466117e-05
4.702639010545321555e-04
5.273217337388716106e-04
2.632524873302499128e-03
9.582464045758127928e-04
8.635612038780038835e-04
1.116406212194747549e-04
6.769418196456048831e-04
4.056665803707946104e-04
2.262053790544118429e-03
5.850566888304049645e-04
8.113896708249699339e-04
1.773850417650541531e-04
6.170840778497762701e-04
1.169216748442524341e-04
2.548035822435523907e-03
2.293112493867025057e-04
-1.494113225009496486e-07
6.291777811984320843e-04
4.045806510395784546e-04
6.426700911205877543e-06
2.995718704332833889e-03
6.284141323147380957e-05
3.182487279873390642e-05
5.543691809798584639e-04
5.834670332680607805e-04
2.196763858350263220e-11
-2.895078466924560270e-10
-7.440280028023375727e-12
-2.271717049570239132e-11
1.523859530157214851e-10
-1.902573850032627107e-11
-2.064921281010736272e-04
-6.975340202321371258e-04
2.268600188566785949e-04
2.090500263890036794e-04
-5.221522383931151553e-04
-3.433008698367219611e-04
-1.437389826069240860e-03
5.747052072407452970e-04
1.667381697012095888e-04
-4.186202308311071855e-04
3.975514499778959299e-04
2.099035472211025372e-05
-5.182480484725992143e-04
5.164773288026528950e-03
1.455872243884317671e-03
1.388386672588467151e-04
9.870955835518395623e-04
3.735371903911832454e-04
1.746148038506187990e-05
6.037231176067616757e-03
5.637303429588059111e-04
4.349428638120968952e-04
9.191519010615662854e-04
9.202781435242596568e-05
-5.805610324100925678e-04
3.861834881713379145e-03
9.969977033590932808e-05
2.515049481318149720e-04
5.579698126427048207e-04
-6.594911617946825559e-05
-1.742902095305806165e-03
2.355644473055765620e-03
-1.116689950265518916e-04
2.389919916032755677e-04
1.543043491723438082e-04
-2.346882314768323173e-04
-3.980962302186276272e-05
5.021052769863187059e-05
3.157799493402896973e-06
-5.676491168085079303e-06
-2.357643874102149256e-04
-2.287242639073958832e-04
-1.073428221821743802e-07
1.581588424213968731e-03
-2.420208482105760397e-05
-1.025734962953460286e-04
6.758246387686447487e-04
2.690858441107123341e-04
-5.914668925689481564e-07
2.457292126817802597e-03
3.338381316684871868e-05
1.180760191552805238e-04
3.635018953745596123e-04
3.907660539633132750e-04
7.814511322105264178e-05
2.438245586737566428e-03
4.009217344689208415e-04
1.048109021152944824e-03
7.521034995616459213e-06
4.034047254797453992e-04
1.698001618381039877e-04
2.256408061363876765e-03
5.798810249415640864e-04
2.245836485200902212e-03
3.099153746637123437e-04
3.279916153810461129e-04
1.851101347648579590e-04
2.558137239034627853e-03
5.073963055333736852e-04
3.325305032739585970e-03
-7.225126041929986348e-05
1.266344921659472730e-04
1.222153263799201416e-04
3.170495201727938344e-03
2.704928979448670062e-04
1.889249941379584274e-03
-9.856027636458242289e-04
8.428168306214527247e-05
7.378028005260412836e-05
3.452214795061096710e-03
7.599287704598474706e-05
-9.775467469519684665e-05
1.951176209194894584e-04
4.887851938830768737e-05
6.432563017329328647e-05
2.093526537819851655e-03
-1.914966242212127994e-06
-3.153511049286244474e-04
1.409566283563831388e-03
1.024442515120666772e-04
-8.477539808598914344e-11
-2.049714883470576593e-10
-1.044451754068353412e-10
-6.063879701110926217e-11
1.200301584947908776e-10
-2.652251678305857984e-11
-1.610792589448395038e-03
3.085504959107535344e-03
4.470219439652907282e-05
1.688505526672732040e-04
4.191529182610393648e-04
-9.441402154810849304e-06
-7.485461437831121513e-04
4.613936836610631372e-03
7.586035508522879383e-05
-2.024743679409721372e-04
9.850230874985143117e-04
1.047367357617167517e-04
1.113151658974316637e-05
5.973619499915392393e-03
1.348115124727903126e-04
3.038516889431043359e-04
1.372318254701666851e-03
5.791923314631936779e-05
-9.361580191010249923e-04
5.967344807485891814e-03
1.716404274574013741e-04
9.225076638633519137e-05
1.193009958772825322e-03
6.911473054052446271e-06
4.598195327979085347e-06
2.110563924627281349e-05
1.189654800798922661e-05
5.248141956275211100e-06
-8.151757089183024119e-05
-4.171107180002217330e-05
1.792408234540672366e-03
-2.172376778747962117e-03
1.289785216475740923e-04
-2.077294064500816834e-04
-4.861840137817965242e-04
-6.359109072514944729e-05
6.678567226495921681e-04
6.193255415005348387e-05
-4.442402367970683653e-05
-8.141371787013731856e-05
3.812666812835762710e-04
3.632488123982871944e-04
8.743180009970604935e-05
4.364440422448176947e-04
-3.591231488669768346e-04
2.091866746092545931e-04
2.646619610703268566e-05
2.977320139644986535e-04
-9.479564605222602885e-06
8.291679085079262362e-04
1.842423267716948967e-04
7.442142077320725241e-04
-1.444063807908594423e-05
1.622744076430012079e-04
-2.804541410997361044e-05
1.068375413529231571e-03
4.661932992991987606e-04
1.774149474945648387e-03
6.412319958540546290e-05
-4.760272699377575591e-05
-5.485595049125925615e-06
1.282121009363218316e-03
3.356839157602296690e-04
3.475662042500129306e-03
-1.079398518649703339e-03
-4.366812525498748275e-05
-2.655428836774530161e-05
1.899360835698544114e-03
2.006597882078473569e-04
3.009598965891433289e-03
-2.173425803963664402e-03
-4.374263263446624406e-06
7.977126069535043107e-05
2.244130173040076622e-03
-9.459652845259655597e-06
1.838649494085036048e-03
-2.145504148449250623e-03
2.134951784212340130e-05
2.256539284790873181e-04
1.332183819263858598e-03
-6.546399938383247788e-05
-4.985999814063766990e-04
6.731704193363994334e-04
7.090580368822254977e-06
4.266943301632261090e-04
-8.338410434228670691e-04
3.973361973647507008e-05
-1.616807458188567706e-04
1.220403412559432476e-03
4.716332937232416100e-06
-1.590538744473273165e-10
2.543375179039834071e-10
-8.042041164081951211e-12
6.458358780752378424e-13
-9.950079492785132204e-11
7.454474018541820227e-13
-9.174370740299446145e-04
4.565088246003709722e-03
-2.329999147053214790e-05
-1.249546137060271423e-04
1.307138149375685655e-03
2.040674755209015006e-05
6.345378488021369107e-06
1.207643098732935237e-03
3.694668832388777092e-05
1.011137924385785886e-04
5.542804049924779071e-04
1.725393122703470884e-05
-1.008476974347304633e-05
2.865542964480206870e-05
1.211670763017048434e-05
-9.401871226082284117e-07
2.130603521286055673e-05
8.762327334612488039e-06
9.682510497506913562e-04
-6.025787022003907707e-03
-1.517140530862488618e-04
-1.010230094982581353e-04
-1.145718933462815938e-03
-2.008213744996364077e-05
6.136733870385799143e-04
-3.910121673682997318e-03
-7.637550821646153570e-05
-2.676228953079123007e-04
-7.292258972091329554e-04
-5.394436458932334204e-05
3.956560432517873863e-04
-1.392274232004080809e-04
-2.678385692293974024e-04
-1.507922674656554337e-04
-6.987847953944067883e-05
1.704515085941658717e-04
1.977107812346405667e-04
-2.502709111786583234e-04
-8.940837935709874040e-04
-2.499922750348943152e-04
-2.809595197624348653e-04
7.280995155513323714e-06
1.199658893765673984e-05
-5.462744587543073502e-04
-3.450654975907589922e-04
-5.330641669619585587e-04
4.823112369214948916e-06
-1.207525101786293759e-04
-2.799817885728191872e-04
-3.171602315624893770e-04
6.846844917435522017e-04
-2.257888967906865113e-04
-4.286786734660965746e-04
-2.132308159176009147e-04
-5.026960089538962855e-04
-1.257190628058529056e-04
8.380193627758182433e-04
6.880313128940323793e-04
-1.579358980386243866e-03
-9.535957407572010012e-05
-4.653464743602009129e-04
2.725039704278139560e-04
7.734340043927664867e-05
2.079867298015798671e-03
-2.406511859567171847e-03
-5.517114641206278251e-05
-3.905916873348446133e-04
4.417144101274300162e-04
-2.583144741018679062e-05
2.418481157930370707e-03
-2.790405292168111027e-03
-4.633906007338131412e-06
2.670127217034548283e-05
2.592366467301094441e-04
-7.007691582363353424e-05
1.414600189865504844e-03
-2.972450457127676603e-03
-7.944149419067254950e-06
3.166307721805991754e-04
-8.964264826692768060e-04
7.049105229362247573e-05
-1.044840063462196223e-03
1.716920601395950435e-03
-2.357436173309854124e-05
5.637694036867364799e-04
-2.602273071125924160e-03
-5.520554297182501046e-05
-3.540048394156250294e-05
1.765966529204206930e-04
6.717817791870345973e-06
6.554920016285169951e-11
3.835382679818497539e-10
-8.897294754704641698e-12
-8.452657213060727541e-12
-9.584877358725075589e-11
-1.510163450712896272e-12
-2.771751547630228584e-13
-3.006795594020438131e-12
1.260705030485442318e-12
6.252532270090847770e-12
-2.524700757264240731e-12
-6.016203062408422365e-13
-6.872891412579858913e-06
-1.190550268891073108e-03
-2.812332507021032108e-05
-1.007512562247488272e-04
-5.016028365813064802e-04
-6.171246861812883904e-06
-1.102158356975243765e-05
-6.310415619859639086e-03
-1.231170043935869555e-04
-3.677265915343387874e-04
-1.148924281967913597e-03
-4.160935847185997805e-05
-1.964340616594971120e-05
-6.009869641330035234e-03
-5.732729258331982969e-04
-4.350299328359070149e-04
-9.269851618135028799e-04
-1.049112591808864278e-04
-8.224601741260526434e-06
-4.908586335527152225e-04
-3.019706372570675739e-04
-7.154056025596400000e-04
-2.678371138227684210e-04
-2.182123617575058047e-05
-6.796112218631957827e-06
-4.518073421922832230e-04
-1.537354302925822121e-03
1.773298652365588553e-04
-2.515810869624946215e-05
-1.918411922057246927e-04
-7.827426116283791365e-05
-1.191241735731769997e-03
-9.923813967732560398e-04
-8.474712963938448290e-04
2.978917346798719038e-06
-3.267053571836938059e-04
-4.315848018364472761e-04
-1.316266360474439541e-03
-2.424086653167113650e-04
-7.764489045315589241e-04
-6.077229455291176686e-04
-2.585314324108664401e-04
-9.898285836414972162e-04
-1.220211020035565997e-03
4.512360130965162904e-05
-4.539383183895897883e-04
-1.623563810617026587e-03
-3.141582642139890491e-04
-1.000043218602635281e-03
-1.475181371468628098e-03
2.335390723443403568e-06
2.928524902756333721e-04
-2.549725575477333403e-03
-1.034199303064870721e-04
-1.302975853902685376e-03
-5.978181779066749210e-04
8.994067678471256457e-05
3.769581563016470994e-05
-3.021054638687260645e-03
6.578644258931312292e-05
-6.558456589153485597e-04
-3.974853450875258224e-04
-6.592922634548608078e-05
3.942296193921877363e-05
-4.149472737488843835e-03
5.698065734672037088e-05
-2.625432177579571300e-04
-8.652347555857064056e-04
-2.132183553650960316e-03
-1.554960278396053260e-04
2.238865924974927637e-05
-3.109454949995080747e-06
-8.614766309319896133e-05
-1.851565080967048499e-03
-6.963133108106861610e-04
-1.364829448801737764e-04
2.206101673260885354e-05
-1.343839659230326435e-05
-9.481532376789819581e-06
-1.005444175274199103e-03
-1.068584285784278271e-06
-7.674062919077221062e-05
-8.811664832303098380e-05
-8.503346126694310421e-08
2.368630685417038597e-05
9.694351731607710318e-04
3.968778059511846069e-06
6.144988185129822975e-05
9.650117417896023932e-05
-5.043612449201300616e-08
2.666100928939417073e-09
-5.906922743077675926e-09
-4.554492106671925966e-11
-4.169303794870548602e-11
5.098241471547738159e-10
4.647547874829709349e-12
9.446977823813240997e-04
-4.860837645413052660e-03
1.919354382853811101e-05
1.343963604713414482e-04
-1.238014611789922496e-03
-1.241961419969674898e-05
8.001269720425411474e-04
-4.813607893071887404e-03
-8.271760131894177076e-05
2.019176432350132389e-04
-8.170983370072504911e-04
-8.590973214216851301e-05
5.326086886218858122e-04
-5.018175039745763691e-03
-1.521579952139851888e-03
-2.457715235022430288e-05
-9.884058581402113772e-04
-3.958642496700303130e-04
1.901841921570542461e-04
-1.253655893331722835e-03
-1.050910064194093569e-03
-1.320389305438452788e-04
-5.872029454498884293e-05
-5.723986967900072075e-04
-5.488554451208033644e-05
-1.968758972547526159e-03
-4.380880842779184088e-04
-1.459389772761155802e-04
-1.202409646685829981e-04
-5.784470332910409849e-04
-5.785036687965095610e-04
-2.049866284913554569e-03
2.646005689347156174e-04
-1.024859551123267392e-03
-5.016836860632414288e-04
-3.530058726955225489e-04
-1.388553772850269078e-03
-1.570952220154190259e-03
3.595318438980438496e-04
-9.709113191390967429e-04
-1.527053452239557872e-03
-4.043147760050084258e-04
-1.492175975720976336e-03
-1.806777749742733254e-03
-1.142317049512788204e-05
-3.568309224567885911e-05
-2.582620320833396623e-03
-3.942842045527581628e-05
-1.983956834012126115e-03
-2.723502511778689563e-04
2.084836217624029325e-04
2.828020601706082628e-04
-4.148597025709169564e-03
5.354700919765442545e-05
-1.133860222752216835e-03
1.261358920472698843e-04
4.942309584878457496e-04
-1.988328147376720184e-04
-1.814048189756329752e-03
6.093562325711299822e-05
-3.876579452614123487e-04
-4.307156400297264005e-04
-2.412135282988785981e-04
-4.915473068038859550e-04
4.919698959380741426e-04
4.109985536303634206e-05
1.399340267396689970e-04
-1.062696343247232630e-03
-1.535918911213210187e-03
4.369675055306980515e-04
1.923393674539511128e-04
-4.131948649907491579e-06
-3.560503559495944330e-05
6.172820273761258920e-05
1.541963396338174609e-05
4.510081741654755587e-06
1.266957073418703137e-05
7.922046465190989853e-06
1.240798836977211484e-04
1.837579230198463148e-03
7.775264737177296033e-04
1.281689257497356418e-04
-2.231541239446381545e-05
2.499157372690689649e-05
-6.588799483948242809e-04
2.735930293636691484e-03
8.843762819281882916e-05
1.053083979340884403e-05
-1.776630345906479150e-04
2.887407487227155001e-06
-4.416424512800613696e-10
4.612625920544581228e-10
1.224437786301832837e-12
-3.259060043955114411e-12
-1.260854616990142867e-10
2.131816573411335959e-12
1.753875847031506358e-03
-3.388455627689690441e-03
-6.578093709173751054e-05
-1.077118099710239397e-04
-3.568092634062051917e-04
8.511762774504936071e-06
1.541617624715659746e-03
-5.051978432803455989e-04
-2.121521050501598798e-04
4.464881786304861471e-04
-3.922664615526319986e-04
-1.889865609378259901e-05
7.186910513430410730e-04
-2.365103701778574832e-03
2.705841821400304444e-05
2.888456224324394421e-04
-7.305341454357669679e-04
-1.909532011062213238e-03
-8.340581762633899406e-05
-2.718834976179552824e-03
2.291228521960812596e-04
2.137142757500590110e-04
-9.074727970441829206e-04
-1.215772488383321578e-03
-8.280687467173641035e-04
-2.498513745034524041e-03
1.102210648205741422e-03
-6.096446030936050102e-04
-9.324233273808209526e-04
-6.542144983882238873e-04
-1.654654970561695660e-03
-1.821809811223912019e-03
1.087930906341516785e-03
-1.288992856782273690e-03
-1.817194604071278950e-03
-4.584422949773284649e-04
-1.364682385556711215e-03
-1.443786920767808207e-03
9.589165663576863406e-05
2.255157299851715924e-04
-3.421045544820147059e-03
-5.908449656220036045e-05
-1.689029681175687999e-03
6.895951841650697911e-04
-1.586721925437751960e-04
-1.037961790452882462e-04
-1.918533941345820348e-03
1.841152720357656466e-05
-1.620718411239666827e-03
1.499245770212650130e-03
7.694922488043073547e-05
-6.373666614552049928e-03
4.455070397728750861e-04
6.949678464242636344e-06
-6.659637688141542599e-04
5.572407746409974768e-04
-1.564468808645642049e-03
-2.337315206804115085e-04
2.595434910041571918e-04
6.785912371122689962e-06
-1.159118525051437167e-04
2.067825172279734162e-05
8.418803377391582108e-05
1.057420118426384743e-04
-3.021575329801394155e-06
-3.355855123609559419e-05
-2.365998322221142904e-04
1.109565091203971315e-03
1.876785261726861493e-03
-3.548626280430789196e-04
-1.736605953491387902e-04
1.011825263900873800e-05
3.692216337675375084e-04
8.788301450431226271e-04
2.452424445942084832e-03
1.490619784701717227e-04
-2.658948498659029862e-05
3.819218809864617077e-06
-3.811936500632340848e-04
1.047981408786574599e-03
-5.161607612604910371e-05
1.142492618176554160e-03
-1.615781623078847359e-03
3.461737411341227080e-05
-4.904740780304559780e-04
9.667724361696501678e-04
-1.091502265431258683e-06
1.814903508912058742e-04
-1.248367657872709010e-03
4.610326189482524769e-06
-2.041547247853909575e-10
-2.515355631263290353e-10
1.438772973342178113e-10
2.635209082511303205e-11
1.699815309468534412e-10
3.549766750131953757e-12
2.745702280020278162e-04
7.324361806619834664e-04
-3.190941282374744228e-04
-1.671101810842762539e-04
4.753050657848545369e-04
3.087565103296260882e-04
-1.631356286002581249e-04
-1.740967370539070946e-03
9.443880314236717617e-06
5.471846160876104367e-04
-7.118249263523361006e-04
-8.106310057728124832e-04
-9.490217711845798246e-04
-2.945227003466486995e-03
-5.967822121526293193e-05
1.357789091165615184e-04
-9.180698474384152126e-04
-1.482295231514495519e-03
-1.329159578030337033e-03
-3.325965709850138043e-03
3.739830988313823552e-04
-2.324165455719125087e-04
-1.186959324810591635e-03
-1.091813297996371574e-03
-1.659078254803863150e-03
-2.894319325565323196e-03
7.616124522600452220e-04
-1.358476383954474072e-03
-1.543911093088839396e-03
-6.016784842980028728e-04
-9.437711303414309406e-04
-2.075916712782366683e-03
-3.011989713832535689e-03
2.920262568417391464e-04
-9.350000019476026282e-04
-7.425580376270857067e-05
-8.744446472700928216e-04
1.602440499907316666e-04
-1.623734019523046098e-03
-2.711095133291427980e-03
6.541470047064884509e-04
8.343952148345975227e-05
-9.988095641293725808e-04
1.173710842730982772e-03
-1.590443411185811940e-03
-1.555553986372631026e-03
2.618270766210657871e-04
2.394776196848195896e-05
-3.105756630091020473e-04
-2.594488194463420673e-06
1.097569515130952279e-04
6.127291503222201269e-06
-4.104637912334748882e-05
-1.279853185609401613e-04
3.097953701269132469e-04
-5.752746793423287779e-04
1.840319496940057663e-03
2.272889758468155412e-04
-2.637771943669426039e-04
-1.565933738605396501e-04
4.709931354866325011e-04
3.491339841829393617e-04
2.922500569668794309e-04
4.886855605400714864e-04
-4.307890951747669916e-04
-7.745107105322355428e-05
8.751169785258021633e-04
4.201845551007844445e-04
5.303848822773583555e-06
-4.862761377976544355e-05
4.606787513141519068e-03
-9.338298588113178576e-05
-3.189927793501828976e-05
-2.796594368633464694e-04
4.223832039888329167e-05
-1.839733675736443443e-03
3.113207351863027644e-03
1.859121532067671968e-05
-2.604459488455565866e-04
-1.485349006748023105e-03
3.717539677406357174e-05
6.379185516919442037e-04
-5.363395722956251039e-04
-2.770384671899469964e-06
-9.040620735480234304e-05
-2.431725679723815460e-03
3.874249895262622085e-06
3.417695106674288759e-04
-1.338672030301225023e-03
-8.912797974829822685e-05
2.954541456335012884e-12
4.048009104795571806e-11
1.471834959033305922e-11
2.344010487769347965e-11
8.098806862999637312e-11
2.205934558685395738e-11
-3.779189393476073302e-04
-8.828707675978265642e-04
1.534749048036800198e-04
-5.178547545251961263e-05
-9.350481086931904714e-04
-5.612188770013130891e-04
-1.463412753472317180e-03
-3.097707280868724870e-03
-2.885234844412598752e-05
1.470975062994728374e-04
-8.534297022272084067e-04
-8.150016442219306691e-04
-1.686209330216145805e-03
-3.209448983053616537e-03
2.116283372620299632e-05
4.017218196658977757e-04
-8.578304646138596107e-04
-1.012431713630753500e-03
-1.393535848632208992e-03
-3.227841166015992577e-03
-2.101108437178822409e-04
4.155234765772358447e-04
-1.018693866091863144e-03
-8.473545113983624918e-04
-5.088119525224954129e-04
-2.944328208610023315e-03
-1.621968952806847200e-03
3.328964487216969038e-04
-2.193228933818400618e-04
-2.080721363320910794e-04
4.454846244728404687e-04
-1.466365907879869446e-03
-2.428126297908724668e-03
-3.363388516266386662e-04
4.568575727623979689e-04
4.701742327105662590e-05
-2.246481921616394733e-04
-2.179970426560651155e-05
2.208595197199955850e-06
-2.116423398659703455e-05
-5.052840496934733039e-05
-5.390137354779220383e-05
3.774044751549321310e-04
-9.614576146330130850e-04
1.922555825614568953e-03
1.578357969267972592e-03
-3.345346096474834758e-04
-2.598756177705262640e-04
1.212027713573728387e-03
-1.346464380959724394e-03
-5.404317059849297807e-05
9.091519952550617539e-03
-4.085524613526682141e-04
-2.413925961243732485e-04
1.355535540895891388e-03
-2.169063895920365827e-04
-4.932054015308623028e-04
4.855121036015921313e-05
1.971504860609660584e-03
-1.859049835181575958e-04
1.583839366684781794e-03
6.739850402529398623e-04
-1.807393200383005673e-04
-9.690783101812727642e-05
4.508396467184894521e-03
-1.521782120728101513e-04
4.463354236915766842e-04
-5.074328611321535839e-04
-3.409253146621120990e-06
-3.081822205151521325e-03
3.235071699660360418e-03
-5.835660000134112889e-06
-9.585236703284866992e-05
-2.416571334807890784e-03
-7.009121213995914027e-05
-2.330018146011911435e-03
2.280845515998272850e-03
-1.505583940223248292e-05
-1.023559146034601109e-04
-3.619077865546692536e-03
-1.341022127943463369e-04
1.997257396406898575e-04
-1.947235133086276714e-04
-4.691385694802087511e-05
-2.759208533887350318e-05
-2.989441522815948753e-03
-7.629250768987292373e-05
-9.325159949632835820e-05
-2.265653648448031829e-04
-4.267343588460070650e-04
-1.356946706023540916e-11
-5.362874651508377231e-10
-3.377722388635530623e-10
2.534542083443656744e-12
-5.646932517681958460e-12
-5.685058303797593624e-11
-2.781986668044970435e-04
-2.757031838112772391e-03
-3.420042188017726262e-04
-3.629031885509898084e-05
-3.987984899760873853e-04
-3.971925781351515021e-04
-8.466430201356301474e-04
-2.812896652386795687e-03
-8.207088605138604886e-06
-1.002807044840287483e-06
-7.049378209801437749e-04
-4.188610723232896911e-04
-1.171560182022873863e-03
-1.639258215899439593e-03
8.650652514277984884e-05
2.145107319628096769e-04
-4.919371374043854123e-04
-3.996743070864723353e-04
-1.364272206254907229e-04
-1.852379888653605915e-03
-1.602529608366441585e-04
2.555223247859708473e-04
-3.286945121570984500e-04
-1.444977183306332799e-04
3.897353296980153299e-05
8.099930525873918607e-05
2.371413548521734141e-05
3.929134506711962001e-05
-1.408367767298153992e-05
5.909642419326175913e-05
-6.343801494528093212e-04
1.619010292073743600e-03
2.751230024695887604e-03
3.641718993776182174e-04
-5.233276469901026323e-04
-2.281185540543829464e-05
5.433027870774251094e-04
2.727061865451695035e-04
1.957705559681232037e-03
3.042996041176288576e-03
-7.004062370905545344e-04
-2.632155639629607698e-04
1.559752828529450096e-03
-9.670077283251619601e-05
1.682665210083804049e-04
-5.070305351921999945e-05
2.123353812425849817e-03
-2.674444484258537238e-04
2.156605280447010473e-03
5.589773652138622971e-04
-2.311387041532149932e-04
-2.902036172429718489e-04
5.487597016710595889e-03
-2.528872854800127642e-04
3.612845553939755556e-03
3.256098001429274039e-03
-7.043466663409521508e-04
-4.029310565003692518e-05
8.384385796294099510e-03
-1.019346551785279707e-04
1.748662231339059457e-03
-1.763278234797629432e-04
-4.902992032704134301e-05
-2.656625916057928430e-03
5.585790178478206372e-03
-6.281891737644175943e-05
6.165327764527021946e-04
-3.033953035547493592e-03
-2.431141503271055308e-04
-3.083419598345101334e-03
3.413444242252781490e-03
-3.693148764728900779e-06
1.337396731490294254e-04
-4.037519631049629916e-03
-1.752125185871878429e-04
-2.029202244716855040e-04
8.894895191564879079e-04
-4.173475273891592813e-05
1.085893020196151208e-05
-3.238167866471813698e-03
-3.550092395281297683e-05
6.666265885688645683e-04
-1.335478119366510568e-03
-1.678647031490261370e-04
-8.574630701413782801e-19
-1.089500789583091144e-17
-4.504620788315608927e-19
-8.090546781307089617e-20
7.978682502084352928e-18
6.886854657896910997e-18
4.814911482005759856e-05
-1.385280040000147744e-03
1.035631109358203447e-03
1.734845053305411188e-05
-7.770447538117495213e-04
-3.056483061123854380e-04
-4.923014864706241511e-06
-3.130304733645053114e-03
2.841671307236219688e-04
2.941220316158920135e-05
-4.200481218797840030e-04
-3.307863787860071316e-04
-1.252691288184729068e-04
-3.404591256411719329e-03
-7.624559602190293336e-05
1.785877155704181215e-04
-7.728183643786667653e-04
-5.214949223124681031e-04
-2.319680570773102843e-04
-1.747375021145596138e-03
-1.912319218113395398e-04
2.244682420772029484e-04
-3.493417372763382624e-04
-1.957713529851550416e-04
4.090921349641041483e-05
2.097312412724430797e-05
1.260827299804650014e-05
7.781462754588377192e-06
3.960318944172350998e-06
-2.291350889962457104e-06
6.885495886192651970e-04
2.907835047311694600e-03
2.330079457912018290e-03
-2.119254441188344424e-04
-5.632230721924008589e-05
3.579076840143041011e-05
1.642497035504165287e-03
4.201660999886876711e-03
8.770954161702954055e-03
-2.542756880114529182e-04
-6.009805120783415585e-05
-1.712250568446123790e-04
2.548524271676325028e-03
4.275867589466906746e-03
1.168366763877457144e-02
3.223259099697475447e-04
9.316787515569134842e-05
-2.830114605645979659e-04
3.339074689131735652e-03
4.620274574070427215e-03
3.720844485493943069e-04
1.078415135976158116e-05
9.842947459641532629e-03
-1.509687617737241467e-04
3.712886707389360507e-03
4.217304629338165627e-03
-1.985769783069649293e-04
4.319901115393808564e-04
5.739300580101081885e-03
-5.137991055405259898e-05
2.249866251949758471e-03
1.727948821271089530e-03
-8.454645753009498721e-04
-7.680571074974836205e-04
4.226714832221335587e-03
5.408717120949421952e-05
5.248604254279696938e-04
-1.162656964129944910e-03
-2.514213173117106973e-04
-4.650221174180260014e-03
2.855193459315731510e-03
1.113195472440237874e-05
-1.507942921038737971e-04
-3.719351242026554261e-03
-5.613719703103553548e-04
-3.531943271430926408e-03
1.886079548377529291e-03
-1.311007937109150992e-05
-2.372826765755766060e-04
-3.746123863234073707e-03
-4.898759991706407241e-04
2.650715388659241828e-04
-1.411872959242901199e-04
-2.125546108630347144e-04
-1.883118600712380315e-04
-2.401021467042904929e-03
-2.426635440591813912e-04
-2.024722128613926650e-04
-3.035070823729070586e-04
-6.681863992628574514e-04
-2.709802647758803910e-11
5.708872445094018784e-10
2.380670746298771396e-10
5.645789676882389770e-12
4.984966816062267132e-12
3.419608950500172535e-11
2.657717948913941759e-04
-2.914898893261783086e-03
-7.043936915802675303e-06
6.819687415937694664e-05
-2.818693228884195821e-04
-1.171419635222897409e-04
6.331541887718056174e-04
-2.811624923646449236e-03
4.561685609451611372e-06
3.167216091478022464e-04
-5.484669696200906563e-04
-1.724505852877901749e-04
-2.373898029136293142e-05
-2.359830797645259172e-05
2.353605030139550413e-06
7.179937037320809554e-06
4.354371329490109195e-06
-1.994079127016547766e-05
1.869820938748218493e-04
1.832950919921767959e-03
1.587811890337292452e-04
-2.347575211018851826e-04
3.438573753439506204e-04
1.543772422828573266e-04
1.820377059021036515e-03
3.229868676512083654e-03
1.353075839102804625e-03
-1.422185359497975081e-03
7.342298026458686944e-04
4.252132899517221606e-04
2.567261236907717771e-03
4.977813450810612134e-03
4.942401963691111198e-03
-2.260257486535847959e-03
1.073368970914456797e-03
7.462267257395650767e-05
3.021723872556313691e-03
5.346830342124342210e-03
9.031969258832019121e-04
1.673653390787194694e-03
1.278943739390493977e-03
-1.500388070848526333e-04
3.571511174556908294e-03
5.607282105999629972e-03
-1.700048127916872201e-04
1.693649183649378670e-03
4.532356260962831611e-03
-9.012920611919213924e-05
2.634117678712306464e-03
3.497594799283810715e-03
-1.134350135102997081e-05
1.093031064051042415e-03
3.015751846603337890e-03
3.657295235902793362e-04
2.348560690671301805e-03
1.728433966242107949e-03
-1.676253697533130593e-03
7.999272488580941526e-04
2.091211753096083262e-03
2.352238977047678425e-04
1.027473056397891233e-03
-6.861584571302319145e-05
-1.375251667389569468e-03
-1.980209382046912037e-03
1.274435383086406758e-03
8.245975389553576577e-05
-2.819287604755828171e-04
-1.774918411003711645e-03
-9.446118113753042235e-04
-4.298726109437532063e-03
5.079890234012373598e-04
-1.331077326478536101e-06
-7.654475494761237182e-04
-2.954973545198682702e-03
-1.377813801494464198e-03
-1.542509567706711136e-03
1.262934158609581423e-04
-1.470971352356546292e-04
-1.089871193065785867e-03
-2.365816580903036363e-03
-1.281152067792945548e-03
-3.848126242284467661e-04
-1.558829520234325311e-03
-4.301358954812403755e-04
-7.158278481183467544e-04
1.139644845370317138e-03
-2.047440806982627187e-03
-2.903227255828037768e-04
2.953150781984026558e-04
-1.297724450027297103e-04
8.885818082670392401e-11
-1.276519854151083850e-10
-1.241699732753049471e-12
3.645770231473593600e-11
1.678847508066377710e-11
6.294830721019666832e-13
3.124888619899478519e-05
2.101460121373844543e-06
4.317743007350810572e-06
1.557136231979234332e-05
-8.471881469291980044e-07
5.417322446032255966e-05
-6.262387973981261430e-04
2.534732874902082250e-03
-4.649179820854385571e-06
-2.933903988224638589e-04
5.952840165341628884e-04
2.685141686646619059e-04
1.191990978883384212e-04
2.973395279966215346e-03
6.817719162928933554e-05
-1.667588304631152998e-04
7.816978605383820148e-04
6.903663166194910251e-04
1.355111325876752005e-03
3.080256601009288744e-03
2.034133587768715732e-04
-3.886797552229031053e-04
1.045395168520634691e-03
8.455602965700017128e-04
1.923794691576499781e-03
4.074424983488902398e-03
4.223135061666820887e-04
-1.938524356125721098e-04
1.257430201802857764e-03
6.705311989280049630e-04
2.582689857469123041e-03
4.631695939049144777e-03
-1.486199806287891818e-03
3.109629412877221166e-03
1.555252256430185052e-03
5.979801610205043479e-04
2.813261809407562302e-03
4.225121116275265543e-03
-2.414130058581204132e-04
2.586247999622269794e-03
2.049481042956897720e-03
4.581786969214233520e-04
1.113499972775717183e-03
3.543823289601795434e-03
4.551644827771692426e-04
1.300099050095512030e-03
1.194051266965638625e-03
2.437323066499444814e-04
8.822615887196537171e-04
2.247746046034032174e-03
-1.118119388756355550e-03
8.703354412308387253e-04
5.665585948012833058e-04
1.783636102884968893e-04
8.262654847953908614e-04
2.295242025488796259e-04
-2.280641629727145347e-03
4.746293678998076630e-05
-1.105812130336957633e-04
1.659185281274542373e-04
1.718333636294854970e-04
-1.067791090965995596e-03
-1.472332133357097091e-03
-1.979224011356330287e-03
-6.655223498947520494e-04
5.900799949679170022e-05
-5.530081291853343201e-04
-1.757423332269886446e-03
-1.452303634005042534e-03
-4.352607501945352669e-04
2.053991544098996509e-04
-2.134620612296515949e-04
-1.252824884481740274e-03
-1.973226745583182666e-03
-1.713566957193128496e-03
-3.922817450319862121e-04
-7.102825642304787593e-04
-4.882299890310855630e-04
-1.492614529512577195e-03
-8.335676434709545900e-04
-2.426919095791683651e-03
-4.697720635440879341e-04
-2.494714292351716818e-04
-4.024098148584482975e-04
-1.229345444054752076e-04
1.734556593658426521e-06
-6.583167053743549987e-05
-3.409596858116043102e-05
-4.887038682060604673e-06
-1.036168126425743996e-04
-6.214608102359490637e-11
1.678773950891361507e-10
-9.163595159058448302e-12
7.649100297012326988e-12
-8.179892042783154670e-12
1.906402145566355037e-11
-2.470240908002324437e-04
2.618943462145397784e-03
5.661758553234211180e-05
-6.422069968420006923e-05
3.499464640706574040e-04
2.689149194437912113e-04
5.718948432273351348e-05
2.841488521459443421e-03
-2.071105509096226769e-04
-3.201292362427494000e-05
5.734894976815740637e-04
5.329655092233102649e-04
7.988805335739550609e-04
2.744437486895187107e-03
-4.173502229400071742e-06
4.100282044397615929e-06
1.239986599264837619e-03
8.679609592379906651e-04
1.315840902967229612e-03
3.315960588631366914e-03
-3.681490014904675954e-04
2.317880422625178099e-04
1.204422654712843099e-03
1.062564144548924045e-03
1.087576132425052732e-03
4.575743565517370950e-03
-1.294086587362754202e-03
6.788168826720099736e-04
1.347387258780558634e-03
6.881026416347451246e-04
1.019704350563396204e-03
4.329158361942061876e-03
-7.319518149125474348e-05
1.118821364198390724e-03
1.513496096313672341e-03
3.973991098686898782e-04
2.766183921184420594e-04
2.967335652805876394e-03
1.378830347295119255e-03
6.671792086453553637e-05
7.047766240165831463e-04
6.135442938040749743e-04
-2.656658979270525246e-06
1.947561208331692172e-03
1.867208701898337658e-04
3.470135666273574675e-04
1.061307089701230894e-04
3.966360882849887643e-04
1.559083863286952294e-04
6.564875599028004247e-04
-9.062545376130239777e-04
3.239399887786627102e-04
-3.259935483969068318e-04
1.608971066300225077e-04
3.233986135995540567e-04
-1.110475716894160228e-03
-8.838430359008268410e-04
-4.067624346493474582e-04
-1.928880970799549694e-04
8.569409935879845097e-06
-4.286897006994076775e-05
-1.851407222748787306e-03
-8.721300926792742349e-04
-6.582141626145343973e-05
2.155380390779215716e-04
-3.114258188442235406e-04
-3.149604059819542516e-04
-2.075240355063290732e-03
-7.588107459946277864e-04
-1.112203778727304622e-03
-1.289228599407765837e-04
-6.435172162735821851e-04
-1.826657449757500750e-04
1.580955664605426672e-05
3.336196924933798967e-06
-1.899206812804115927e-05
-2.727949234065602113e-05
-4.287941914179394567e-05
1.186444107105737297e-03
7.904117981559669699e-04
1.849448152447253886e-03
4.179539649398322353e-04
2.179808947542661993e-04
5.031432403512537148e-04
6.592974488741755543e-04
-1.356877562714049875e-03
1.881312559655712183e-03
2.577456453556230330e-04
-2.771375327161076083e-04
-1.582754710638848241e-05
-1.366298151360505578e-10
-3.565317196767173631e-10
-1.929455769597634690e-10
7.964897936351690486e-11
6.121485729555827639e-12
1.564554475603373722e-11
-1.614289423196350759e-05
1.526878245272683199e-03
-1.190345822359711349e-03
-1.039319838261922950e-05
8.087788182553557392e-04
4.642528068841463170e-04
2.673482617341135380e-04
5.620386339076883326e-04
7.401981894952001202e-05
-4.129667967577817299e-04
1.018355747254926641e-03
5.211242525555573931e-04
6.400650073453825403e-04
1.207855412277090588e-03
2.770535166727283965e-04
-1.370847282568576680e-04
1.439962195823779861e-03
8.343079751304975688e-04
7.938173346010480333e-05
2.759306844853549965e-03
-1.926667535306804272e-04
-2.047380945260863572e-04
9.002961798064751300e-04
1.224183791998230669e-03
1.644049615291388281e-04
3.706378672498275573e-03
7.571790794630009263e-04
-1.205019845558611319e-04
1.081941633572077507e-03
1.070131596862370065e-03
3.983329041050823926e-05
2.595049142060553305e-03
1.940212723560857250e-03
7.850569977406187620e-04
5.721041188555895784e-04
1.504105120028843140e-03
-3.227762715552653493e-04
1.062372778893331355e-03
1.004083458004966217e-03
4.409367607785305131e-04
-5.116726647808217431e-05
3.929558872354467947e-04
-5.166181941261451102e-04
4.899866070843445810e-04
6.270352665619761490e-05
8.933736890541451898e-05
3.079728865765658493e-05
1.176672017286747092e-04
3.600623888786250713e-04
-9.954872281824026382e-04
-3.647202015715507830e-05
-1.082053488855067730e-04
-1.487166558172537919e-04
-1.609038081214089299e-04
1.382078651436385321e-04
-2.283118450754004214e-03
-2.103551534152040036e-04
-6.875529930118082179e-04
-1.445212336988294880e-04
-5.890188446132146177e-04
-1.735662961395265005e-05
-9.827852547962594799e-07
1.776733784392712782e-05
-8.982532395073199085e-05
-1.127269218609953678e-04
-2.789735834351304085e-04
1.161884505979654541e-04
2.235715588077307435e-03
5.379794749585037946e-04
5.918271678335392319e-04
1.341245814246016393e-04
7.559322138184176821e-04
8.397245712363455780e-04
1.925649254458587645e-03
1.578572621214301445e-03
-4.895403107013797774e-05
6.094038759044704883e-04
6.649955198076493287e-04
9.012141809789880973e-04
2.085948247301610842e-03
1.228612914847018039e-03
1.069099313188035595e-04
1.481467806605303583e-03
5.681043759954012033e-04
1.526594778047067732e-04
2.300377646578803670e-03
2.263902213818973035e-04
1.379785819697217889e-04
6.059427174950428102e-04
8.520815788274463442e-04
-7.786377816813495406e-11
-1.276825345241980748e-10
1.547236931755395028e-10
1.587563860784582870e-12
6.208812551630314437e-11
-3.807733874165677470e-12
-3.651396254488381049e-06
-2.892109175366767461e-03
-6.596072839104922994e-05
-1.068731376008386330e-04
-6.043024281949734315e-04
-6.102898969848642849e-04
5.080169473960935108e-05
-1.652391779023086506e-03
-8.113385189334132116e-05
-1.252442219548907348e-05
-4.802532409545914416e-04
-1.513332890564771549e-04
-4.683579573488887778e-04
4.550906911727722361e-04
-2.674534253357267516e-06
9.737852342948855641e-05
1.196525876922649147e-04
2.080286639085857895e-04
-1.920752788999497318e-04
1.214848456225661559e-03
1.105289032870013319e-03
1.020722034788037064e-04
6.401340684026250022e-05
5.838913321103553948e-04
8.649562162675476500e-06
4.788911948796398298e-04
3.180267691621723835e-04
7.435781077973927043e-04
2.636995595816871369e-04
2.381724477357203618e-05
-5.089738152355544314e-04
4.050914896630549399e-03
1.312009473814441940e-03
5.836786828312211630e-04
5.435050991326414484e-04
-9.123384106222009874e-05
-1.564282724140141686e-03
1.673578526805634219e-04
1.363370113694981224e-05
1.645184610002497193e-04
2.002876429725962014e-04
-5.597294458482385575e-04
-1.120094240383912238e-04
-6.100421807327626161e-04
-1.668899211461096464e-04
2.001474900512539639e-04
-4.440421175011711888e-04
-6.983571919688281310e-04
6.599923438844406776e-05
-3.993933162498598799e-05
-5.458428363503386373e-06
1.806502482527470337e-05
-2.453917324643574188e-04
-2.790446248766842441e-04
-4.428998605398056898e-05
2.370865225957881090e-03
1.622807519052378588e-04
3.194347755530643740e-04
1.761214409590726720e-04
5.321060918558332331e-04
2.392677197464630431e-05
1.851303443857254443e-03
6.076333192501783779e-04
-2.750993880797088882e-04
-1.911337275951388841e-04
3.355605264573172401e-04
3.322152847082349776e-04
1.718563763583205554e-03
1.200374809552996833e-03
3.199406193370486090e-04
-4.652367167954258600e-04
2.494186848313119419e-04
5.516616580219781086e-04
2.640085535226094262e-03
1.230033894164739164e-03
1.171167730570455779e-03
-4.304397959160485257e-04
1.732364566737936492e-04
1.818348612614661378e-04
3.452264563010203589e-03
4.181631980416238318e-04
-1.862019352145048115e-04
1.571439345817569238e-04
2.447518460564954536e-04
-8.175212875421863383e-06
2.868462938062239873e-03
2.760958657231661403e-05
-5.746774357765780175e-04
1.499746897106599662e-03
1.765695787895521301e-04
-8.646917910277102032e-12
-1.095170867154294019e-10
-1.255037993621761888e-13
-2.745756108335970032e-11
5.098506311797983672e-11
-1.373791970973299354e-11
-6.297354192938313183e-05
-2.132481457618957358e-03
1.764569775572477338e-06
3.005677311291773935e-04
-1.435930929951439181e-03
-1.063028971407517970e-04
-7.379228267310485425e-04
-1.322132719416132195e-04
-9.542734194500817669e-05
2.483459317368981608e-04
-9.139518522855862677e-04
-6.230044856874062005e-05
-4.612582840137606781e-04
2.682954412522898526e-04
-1.200385163252748038e-04
3.417540179230411923e-04
2.680280075846702670e-05
2.167326794134992047e-06
3.577440615496198478e-05
2.620013590429786255e-03
2.958820087868295240e-05
3.342796180222755973e-04
4.539956063471540788e-04
-1.257802794451980997e-05
-6.081199967708874644e-04
3.871871419108495124e-03
8.296827033039188355e-05
2.557946053324519132e-04
7.139509936099743340e-04
6.224558854585263547e-05
-2.854822040500129641e-03
5.115312615304169058e-03
3.148844332362363036e-04
1.155932920152518935e-04
5.590293260864543376e-04
-6.966919692378787732e-05
-5.170682854122381856e-05
1.344172885768682297e-05
-2.788588865247060815e-05
-1.011451305037709103e-06
-8.266938623301601943e-05
-9.128849548047267477e-05
9.678875698929837541e-05
6.000253147553315149e-04
1.250634059470439295e-04
-1.450480406602481153e-04
2.451371777841013862e-04
5.068296864336595698e-04
-2.722461627195870131e-04
9.739244797876924669e-04
3.085847657596534532e-05
-4.825116582158958424e-06
1.269253434773732884e-04
1.749384344673956518e-04
-2.181328216750901146e-04
1.084883376455301422e-03
6.671883731491402587e-04
3.083380177976371311e-04
-1.625156406951566896e-04
-1.014381580321751723e-05
-1.063737742756305283e-04
1.051189875941807702e-03
1.020513686917625881e-03
1.953254206737872669e-03
-2.681477656224375656e-04
-7.329892717399334506e-05
1.848315107550380012e-04
1.663591876643177175e-03
8.199474893518657933e-04
3.708065901947874866e-03
-1.110213922950162128e-03
1.688199443752556991e-06
1.192022105739658992e-04
3.281898848394731311e-03
4.717453857857507068e-04
2.673811821333305083e-03
-2.055466128947301338e-03
1.406377484788813337e-05
-1.142920955797892778e-04
3.619816238392727526e-03
1.218203714517553229e-04
1.648907159229561739e-04
-1.221400308194666058e-03
4.621813987123359730e-05
-7.573260426759733028e-05
2.690697431987683179e-03
-4.949016531242938053e-07
-9.553322088917703438e-04
1.420140698820588059e-03
2.962771466369129624e-05
-1.907776551043900603e-11
-1.558334211263617619e-10
2.975165557226183582e-11
-2.760295241867524236e-11
6.074640135397987825e-11
-3.350886671943414329e-12
-4.308376496267632394e-04
8.370605459708239287e-04
-3.927222341919656774e-05
1.632737061161546087e-04
-1.254721595900655301e-03
-2.934079534922025939e-06
-5.885140944993874244e-04
2.078605292102434984e-03
-1.018108110266828875e-05
-1.879228104576864840e-04
1.122493137263058275e-05
-1.163236455395041486e-06
2.719408411251080765e-05
3.631521801942870584e-03
2.094862813436393643e-05
2.015194559127101652e-04
4.018901802933821823e-04
3.062044451996000021e-05
-7.404422267765423246e-04
4.269358986396259818e-03
-3.325968530877161894e-05
1.436163669879375452e-04
9.501900600179435854e-04
1.009849287240379621e-04
7.154679984751415825e-05
-3.470208968437955252e-05
-7.548707664048857805e-06
4.101325671599542274e-06
8.949125502062122556e-05
3.922000296385657096e-05
2.890016433466792000e-03
-5.080584593936647228e-03
-3.460924647478966806e-04
-1.119600695895526995e-04
-5.736258459249037175e-04
1.387790349787876960e-04
1.540081548837494551e-03
-2.027184149014542368e-04
-1.048368821876270439e-05
-1.411353818639737878e-04
-2.719801722339267275e-04
3.889843962246437403e-04
4.790545536495784650e-04
-4.506801083434021902e-04
-5.484516431043431190e-05
1.021310131074050795e-05
-2.769540751179554332e-05
-1.103137739602228005e-04
-1.141307504749541332e-04
-6.032594756436284117e-04
7.310488325350867527e-04
-3.361850356706655527e-04
4.340736446180873458e-05
-1.817096898083769548e-04
-5.638609719123919423e-04
-2.289707775830324393e-04
1.684590192942589555e-03
-5.235178141088874090e-05
-4.853365548491678618e-04
-1.718166103741969959e-04
-7.280014822989407325e-04
6.710484703072171241e-05
1.121326440546697827e-03
1.877370345623117533e-03
-1.637844831385084970e-03
-1.006554652966853275e-04
-3.987701067639845402e-04
1.081073018966154054e-03
2.140343689865973709e-04
3.471897033373593216e-03
-2.815332546134242681e-03
-2.224092663057898703e-05
-5.230969598840101882e-04
2.635034324493469929e-03
1.614171533813043647e-04
2.241151460738707857e-03
-3.336903726699178268e-03
1.423172179402219365e-05
-2.837008267789187222e-04
2.400886183201368217e-03
1.536607581060356461e-05
-1.172279593824875586e-03
6.367838177835350409e-04
2.758064836454097405e-05
2.983849715174123705e-05
6.511025803055722327e-04
2.029991503411366879e-05
-1.559444729489456146e-03
1.689129669349231141e-03
6.753144416930185276e-06
-5.609568617425774825e-11
4.931180938215597685e-10
-2.197095053721201120e-11
3.645264579906750550e-12
-2.563988892331801852e-10
9.363694284173201664e-12
-5.504629292490810467e-04
2.593720823863053179e-03
5.844025909662876444e-05
2.355972426981112699e-05
-1.736541161110674038e-04
-5.312942628543753261e-06
7.358952855100989147e-06
1.013243157159083316e-03
1.328816869636677167e-06
7.566646735182368060e-05
8.979839044604468704e-05
6.130639955393651679e-08
1.679085514688335220e-05
-1.228260983726140193e-05
6.582658310465475370e-06
3.294903293594357915e-06
1.208630672326736398e-05
1.173307180159423092e-05
7.630414293202127368e-04
-4.500298005322860874e-03
4.282208284167886753e-05
-1.743743121604110263e-04
-6.949694484823490566e-04
-2.851932787262080669e-05
5.788085941923075449e-04
-3.960943575406775802e-03
-9.399245492722495049e-05
-2.654402038623918450e-04
-5.483958527217539089e-04
8.066632976102401881e-05
5.172435159254985251e-04
-3.889695385200685022e-03
-1.370008108112242065e-03
-5.450989240817888902e-04
-5.458189817617126139e-04
1.058348350072646163e-04
3.060680072098815067e-04
-9.893998375879199930e-04
-9.580798819973444357e-04
-1.367416705789197690e-04
4.098577105884863435e-06
-4.450888641019676100e-04
2.304021157270519317e-06
-1.710047706278587177e-03
-1.655774813653082675e-04
-4.347666302361626869e-04
-9.692547781598141331e-05
-3.958964498142341650e-04
-6.958552482807141282e-04
-2.033367684357108209e-03
9.049992210101034202e-04
-9.360202689067721477e-04
-6.598994815122565319e-04
-1.617201819325568188e-04
-1.831582532343589568e-03
-1.620841266649837228e-03
1.332280857860970551e-03
-7.933583788115488363e-04
-1.924541807118571729e-03
-2.971170043078389788e-04
-1.710003701897480763e-03
-1.542441482647804833e-03
6.937326038102828787e-04
6.459286838051205319e-04
-3.260777961896465984e-03
-1.612745651741362386e-04
-1.571535808276078219e-03
1.402898362076238266e-04
3.419009457902704721e-05
2.065599458033858665e-03
-5.058225764088476045e-03
-1.327171286383424200e-05
-9.689707590468508601e-04
9.635760194659951728e-04
2.055281759388160941e-06
6.155458861459152213e-04
-2.527450794075812145e-03
2.233283689009388562e-05
-2.555571839862788011e-04
7.403871760406125456e-05
-6.560821422479628639e-04
-7.326407393111145040e-04
2.316743227719527710e-03
-1.089565210852272695e-05
1.796821563362906117e-04
-1.584083185532124405e-03
-1.390596909043367076e-03
2.301123243481099565e-05
8.787115669253514009e-04
-2.020039489358584840e-05
-1.220222268875563393e-11
1.501746213897566459e-09
-6.635415199031442739e-11
4.915418210044227675e-11
-2.360475854545664268e-10
-6.539295115567551461e-12
1.717779282777687447e-12
-8.122521849273869784e-12
-6.082966549417018116e-13
-6.988274860761009927e-13
2.882825149459419065e-12
3.282961338801930326e-13
-2.299373555598114969e-05
-9.860489372466934525e-04
-3.807809463898556598e-06
-6.794508501004254460e-05
-9.623491436828765619e-05
4.255740410258663343e-08
-4.110586910872943589e-05
-4.009614493997708945e-03
-2.756888771495801091e-05
-2.594201599589207358e-04
-3.463286281076810688e-04
-1.078967239634567545e-05
-4.341421656640431710e-05
-2.733534436243512371e-03
-3.033242069195134092e-05
-4.387268881622552355e-04
-3.036851408086552531e-04
6.441284744976148073e-05
-7.176724909035910681e-06
-3.887566004986674770e-04
-4.015981771448974644e-04
-7.968590863461135496e-04
-3.276181699534165266e-04
4.590660412194081413e-06
-3.734809986723845032e-05
-2.661750501642980681e-03
-1.886251482659807551e-03
-8.566711985650280652e-04
-5.863779679375873003e-04
-1.518626557982594508e-03
-2.670808785326750454e-04
-2.862853436230646930e-03
-1.267723465649171679e-03
-9.193649480591926904e-05
-7.667836215372180082e-04
-6.289321325793382567e-04
-1.024680782292611367e-03
-3.180698795696756780e-03
-3.184255071536401570e-04
-1.253969772184031738e-03
-9.458358458536039693e-04
-3.023376443008194184e-04
-2.526838845493910128e-03
-2.831296074334018181e-03
7.068551992551366663e-06
-1.094593126442709643e-03
-2.240139560107106027e-03
-5.139718132555810446e-04
-3.318917297543605427e-03
-3.450374655267806137e-03
1.077027312768398705e-04
-4.144664690888756522e-04
-4.673174522304837826e-03
-1.375027159030909447e-04
-2.796771148106865727e-03
-3.317197540727344438e-03
1.738672006879972136e-05
6.604292459820221067e-04
-7.318065097976234230e-03
3.165650481276449652e-05
-1.714680187494552546e-03
-1.549002864156119987e-03
-1.067380417631143090e-04
7.405533124063054106e-05
-6.822854541852552135e-03
1.821274291962393597e-05
-7.940825655361122889e-04
-1.087418389585771564e-03
-8.620630221927102349e-03
1.383372216034554620e-04
-1.836385316835230201e-04
-2.815008696975465014e-05
-2.806540843783404964e-04
-1.475582300885304975e-03
-3.982590387708207814e-03
-1.834035155310634213e-05
-1.433804887322918324e-04
-6.242085778064954506e-05
-4.307597440498799496e-05
-9.037485507182403330e-04
-4.240100726682041374e-04
-4.639509399219624068e-05
3.846285934607061982e-07
-2.104300811663780581e-05
6.639025955795572846e-05
8.820401748834811283e-04
4.725249411381589326e-04
3.223436302177749797e-05
-4.865110323355487532e-06
4.511995433024660191e-05
2.273243525997240919e-10
3.297444681022322964e-10
3.595151036308112181e-11
3.902322957929731847e-11
-1.225380683013632168e-10
-1.275018727393612927e-12
6.608033375334865754e-04
-2.761538477295511721e-03
-8.644501506030402712e-05
-1.581703987292474667e-05
1.773306837691692806e-04
-4.322325004571811364e-06
6.492441362236485653e-04
-2.351620259640177860e-03
-1.128695340953262233e-05
1.872753333670458672e-04
-9.100231235652248021e-06
-4.975908711987347365e-06
4.794248134249455063e-04
-2.570175356246799810e-04
1.767671631138996761e-04
-4.359144467861866346e-04
-3.271006007496157661e-05
-7.242103686364382253e-07
1.850208999287427866e-04
-1.285634583533945682e-03
-1.041051648776832256e-03
-4.883647552035715825e-04
2.744980645951950647e-07
-4.576686936032766436e-04
-1.776012461599617677e-04
-3.808473792412829517e-03
-6.799090881142453094e-04
1.289004971549066411e-04
-1.133011944742538498e-03
-1.063711838312557563e-03
-1.032971181106440541e-03
-4.285306215609629987e-03
3.393962904294234046e-04
-1.010553542482525453e-03
-1.534595644456692365e-03
-4.492833492666105616e-04
-2.924618788790275641e-03
-3.735395635043404008e-03
3.793656121204049794e-04
-2.233306989009225651e-03
-2.011560651753263249e-03
-7.110674772686674180e-04
-3.481777536002245328e-03
-4.352929839122061939e-03
2.034664373843252301e-04
-1.602576704106772323e-03
-4.174381611028427086e-03
-1.550560987168842365e-04
-3.143983558384509137e-03
-4.046946896841549859e-03
-3.702864986455543708e-04
-5.272197135733082013e-06
-8.550240744027992612e-03
3.013603347347252977e-05
-3.714336347555045881e-03
-9.421923487891088224e-04
-1.437370603762650433e-02
4.690180273632350242e-04
2.847627274065207955e-04
-9.829633337913245509e-06
-1.636401803128085522e-03
-3.106569496017660102e-04
-1.279387137036420291e-02
1.080656828166873988e-03
1.635984203414187507e-04
2.208001953311305429e-06
-4.128043242972607172e-04
-6.208613138150882857e-04
-5.919326613026926025e-03
8.899348236817581021e-04
6.749501818744107215e-05
-8.606803995376316094e-06
1.187401069013311014e-05
9.247013069050070253e-06
7.095501731209607988e-05
6.291425420836853550e-05
1.622989605552037809e-05
3.275864588425210841e-05
3.830377862954150348e-04
1.402250593468958506e-03
5.036615690241503206e-03
2.553300291410410917e-05
1.132127557333381321e-04
8.835661293828676096e-05
-2.194258263851990207e-04
1.680189037198731410e-03
1.554094853859255875e-03
-2.133580988135161321e-05
-9.518040112631845004e-04
2.561317059756528333e-05
-1.066874841468023836e-10
2.209477756224149585e-11
-1.077617739863579090e-11
1.923586913424952594e-11
2.667930092803904355e-11
4.851524114924140291e-13
4.932789755834661059e-04
-9.546086235453232500e-04
-2.413415904075687197e-06
-1.775596721021705340e-04
1.273969204710100230e-03
-4.266002767330656975e-06
8.534801702293714999e-04
1.423547712905338274e-04
1.311550479770066046e-04
-2.735096589815863262e-04
8.192973543089219091e-04
4.501286345221633791e-05
5.400114258440546437e-04
-5.793728541090717530e-04
1.188569511671726145e-04
-2.541752853573548093e-04
2.081344811414183768e-05
-1.470714342386699803e-04
-3.660419418054516205e-05
-2.870896543170861105e-03
6.142230481779179852e-05
1.916478127948364574e-04
-8.896871374259022634e-04
-9.892005372412139477e-04
-1.062159633763740292e-03
-4.626724934446646391e-03
1.294916437731426315e-03
-6.711388558259648350e-04
-1.350315805961520114e-03
-6.949216962721404579e-04
-2.652856502554402050e-03
-4.529363370946308184e-03
1.411666067054038109e-03
-2.940272510363366436e-03
-1.553897184066029826e-03
-7.464444115045330017e-04
-3.136827666448746468e-03
-4.544814006808727512e-03
-1.032093482247132404e-03
-1.972375105865971541e-03
-1.273823967689399848e-03
-3.530994739496340709e-05
-2.522397892589665815e-03
-3.745286495307311239e-03
-9.356658318400122576e-03
-3.788507065733485698e-04
-7.751517347878937711e-05
1.689236143857871680e-04
-3.212060958081978425e-03
1.981334688869225836e-04
-1.211360612575436424e-02
-2.132402850123967788e-04
4.255160627905996747e-04
1.387621746598528350e-05
-1.576619863173210232e-03
9.904033775656843896e-04
-9.787249375993869321e-03
2.300040224102776695e-04
8.163863077210454491e-05
2.357644052330430956e-07
-1.112874793321026490e-04
-1.081886247619849052e-04
1.508897450904834504e-04
1.484646069607643165e-04
2.604395663235285469e-06
3.267223246882467548e-05
5.887112490740084971e-04
5.005071000983621864e-04
7.391071914461087508e-03
-6.572450615276066721e-04
-5.295924785968629945e-05
7.922458461822095221e-05
1.112766555108901179e-03
1.075903644339856443e-03
1.123199528705774025e-02
-1.299175584211361377e-04
1.506086841068615104e-04
4.475611177987468648e-05
3.064176279864538714e-04
-8.261927091476625013e-05
6.443617296591641229e-04
8.774341301263170181e-04
-2.429471664976189018e-03
1.337908217305661988e-05
-3.545218937918441824e-05
-7.365657490009384261e-04
-7.170848377369720208e-06
1.623507931021469933e-03
-1.817218220632683566e-03
5.604038062933430570e-06
-1.592991305450556562e-10
-8.782812354166164550e-10
7.642998624729740355e-14
7.329285961176313773e-11
4.609860802728716214e-10
2.535393948411344070e-14
9.132849738242425916e-05
2.406914609001992948e-03
-4.058818173443951740e-06
-3.485417062230318323e-04
1.237089287890876747e-03
8.935910937902707192e-05
2.303682412244954100e-05
1.457398680220729726e-03
1.334060342019467520e-04
-4.724596369417555209e-05
4.304184932686976007e-04
8.765219507271349638e-05
-5.656399001999208413e-04
-1.589626709586246115e-03
-2.651362836274021267e-04
1.553365691837855307e-04
-1.335951221890372765e-03
-5.993750971144880821e-04
-1.289653054939403484e-03
-3.564608936506430056e-03
3.680935913924848974e-04
-2.423455678283204808e-04
-1.198949366930951270e-03
-8.189259025739253992e-04
-1.958012955770061479e-03
-4.222077194882004059e-03
-4.222894336306860547e-04
1.765951324604737545e-04
-1.237339708726276294e-03
-6.786456071843435670e-04
-2.461471060729517567e-03
-4.698746846492517747e-03
-4.544031098796406411e-03
2.063053881860202939e-03
-1.022523925842115872e-03
-9.701514230867164744e-05
-1.555940605828660690e-03
-3.986344671872599395e-03
-6.917577207015680914e-03
1.923246066671288428e-04
5.749686497251122548e-05
1.366194882761086063e-04
-1.918289762684549302e-03
-4.078923804279504031e-04
-5.975605272841777969e-03
-2.458672009583194118e-04
2.975875179591831211e-04
7.522565189290913231e-05
-7.469101563319005934e-04
-1.662883189838439276e-04
3.951330209892330698e-04
-2.021895417458925359e-05
-4.420902788224380560e-05
-2.353984587255778123e-05
7.844281343346907152e-04
-1.261152411171085003e-03
1.239621821863933805e-02
-1.695401491755847061e-04
-1.225420261068307069e-04
-5.285847464479327137e-06
1.819601370000940811e-03
1.754114113158558239e-04
1.700089773035045465e-02
-9.938276402323021480e-04
-1.573387587534785348e-04
4.120593722615461803e-05
2.282030891938417651e-03
1.620981378556949314e-03
1.022152228263075997e-04
-7.324566135394851491e-05
7.014239275351523070e-03
-4.938201963109521388e-05
1.098073026530451204e-03
-1.199819068839121008e-03
-9.801422599261123535e-06
-7.797702006065658064e-04
2.416174608994404050e-03
-5.480328809873880492e-05
3.390828598154227891e-04
-2.588116718344687234e-03
-4.841412887967327152e-05
1.393606636156187331e-03
-6.044830426545639689e-04
2.569562151845013153e-06
9.553191420466894802e-05
-3.037015199610755556e-03
1.743211135407793363e-06
1.038497025590210711e-03
-1.396147092804272223e-03
-1.567108807069318032e-05
-1.138116134603863560e-11
-1.751546440339628756e-10
3.368226766214733054e-12
2.826752436377079983e-11
1.477185948910957123e-11
3.541908902576363041e-12
2.749419612218669223e-05
3.023772539608767917e-03
7.321389847906751842e-05
7.654820963242221993e-05
2.523053792612859280e-04
4.283770745013920568e-04
-2.132180184227238946e-04
-7.319179946030795894e-04
-8.094028823957803319e-05
6.395753375315973727e-04
-1.038658380894821572e-03
-3.986616454495723943e-04
-8.022615956042840682e-04
-3.195724171585191849e-03
5.493993937779711792e-07
-4.506916608242261691e-06
-1.075821235620970243e-03
-5.560649274764285516e-04
-1.443823196157132749e-03
-3.295534705159571930e-03
-2.259478847651283731e-04
3.875693000913636938e-04
-1.028830637144346723e-03
-6.959468934118339008e-04
-1.803088221565106323e-03
-3.199501671264651063e-03
-1.364103421798588435e-03
1.419255802843930785e-03
-7.173244297414343648e-04
-4.095212151085875565e-04
-5.327512814875664734e-04
-3.158185152530569757e-03
-2.051297462518923871e-03
2.324859414136675015e-04
6.343674844554633685e-05
5.277509012421790382e-07
-3.910444179228936713e-04
-1.135408061569043343e-05
2.511784899567098199e-04
1.196255243721559337e-05
-1.267940847208101227e-05
1.502378915791209990e-05
7.996309129045954100e-04
4.364923304274106607e-04
8.485440324903194970e-03
2.342583835451094560e-04
-3.484062350180810032e-04
-1.312519735048041207e-04
2.501646949143922910e-03
-1.595330983615123000e-04
1.539512656194681924e-02
2.094830681243283626e-04
-4.732831655796505919e-04
-9.549556842185378191e-05
3.675218281924902755e-03
1.089044978060868573e-03
1.694365775965347293e-02
-4.654517804379124557e-04
-3.047811107319783907e-04
-3.459283840248685037e-05
5.231365296407848760e-03
3.895053194183285654e-03
2.229258661755975299e-02
1.182187765948347434e-05
-7.991640921821143665e-04
-5.072867290437767858e-05
2.796604954723019669e-03
-3.808886617180132998e-04
1.760567215896058357e-02
5.593760881181140618e-05
-2.911204531158111553e-03
-4.820123886068018542e-05
1.142715567946270836e-03
-4.528396488550200799e-03
-3.295018227249512646e-05
8.413424334153209519e-03
-2.830720142491196037e-03
-2.990529327432932700e-06
3.554424330456686359e-04
-3.191431355721634222e-03
-2.935492021670885350e-05
2.576461100647938710e-03
-1.695677055223802779e-03
-4.016765884562631362e-05
1.985436110237621917e-18
-7.084447790653962179e-18
-1.063842425044534632e-18
-3.520121106748248248e-19
-9.802597227286889492e-18
-9.546209429213982732e-20
-1.069202360161314326e-05
3.235454130019359015e-03
3.517826156285484520e-05
-6.640229580603193441e-04
1.319474101043306919e-03
1.637881558551317496e-04
1.678375636395672288e-04
2.466899530195423417e-03
2.600907751701389461e-04
3.992410580688391064e-05
2.739832773024510168e-04
2.945641658753007800e-04
1.212835415372716337e-04
-3.592989268156011277e-04
6.743216069647469605e-05
1.033667847938775667e-03
-9.781155579530425963e-05
-5.232114986024996491e-05
-1.784424116150641734e-04
-2.414930415105299988e-03
1.235027102452859488e-04
-2.721508907538126984e-04
-2.319446017877654128e-04
-1.922455641778500132e-04
-5.640986373922573203e-04
-3.078399683516302044e-03
-1.824680014097117319e-03
3.119706204058432996e-04
-9.408157323551994712e-05
-1.741026034596862278e-04
-6.880355164705882287e-04
-2.835275762903953500e-03
-2.188210570815414795e-03
2.194225437141401587e-04
8.929214262066024793e-05
-1.262603594758371493e-05
-7.147318273113454322e-05
4.920252375894069898e-05
1.643274497099248444e-04
2.094270242592484568e-06
2.191711012259472709e-06
-4.503409844448292690e-06
1.753059812489298451e-03
3.858310151564208878e-03
7.122751589981697259e-03
-3.444914692846971944e-04
1.099901809142327005e-04
-1.187781043577484019e-04
3.682065991778007367e-03
5.384007946784069229e-03
1.711411584196496916e-02
-2.461211511665675148e-04
-3.799870206180266774e-06
-1.728011489043563621e-04
4.361340933431144019e-03
6.250734451453559409e-03
2.195167495650549028e-02
1.473507636188655723e-04
4.126308749477174386e-05
-6.704915848613602714e-05
5.998214016315716983e-03
7.772611664403689634e-03
1.736677581643118057e-02
-3.801489604922769338e-04
8.747538006096154195e-04
-4.276910795973083268e-05
3.949070291150841121e-03
3.559561622534361015e-03
1.600571379910314864e-04
-1.220838282264899086e-03
8.445087216159571572e-03
-2.621196074395843592e-05
1.538630577575681975e-03
-1.903815439020439901e-03
-8.058707293252672331e-05
-8.903937361237554415e-04
2.592141002464603237e-03
1.905072730416689972e-06
4.815963461718709960e-04
-3.292912299996292834e-03
-2.185617443327384944e-04
1.644103233974362078e-03
-6.643391882047328416e-04
-2.816734506076484963e-05
1.719832392119310081e-04
-2.940644113825465183e-03
7.548388100800683350e-06
1.297018503013904010e-03
-1.509861471027167286e-03
-2.319077876068532926e-05
2.611499836285447311e-11
1.452034731016826324e-10
-1.191449020312228346e-11
-3.896644563805010675e-11
-1.264496614155248765e-11
-7.907191027265904315e-12
1.865008309307288254e-04
2.372384439298417472e-03
2.533480319117623232e-04
2.527616059066037542e-04
3.690756897617464304e-04
6.598485518717250647e-04
4.512019731980176484e-04
-4.172098981362789270e-04
1.221451311255317281e-04
6.559883881100970473e-04
-2.667511023046934926e-04
2.368982718754062290e-04
6.159406232221043909e-04
-2.544366607014413723e-03
-4.663045833780800689e-05
2.291939542750590729e-06
-1.144681938554951490e-04
-7.656664025955376069e-05
9.192964613006240036e-04
-2.302858758594006697e-03
-4.178973903604049438e-04
2.493810247283671571e-04
2.659531495820518905e-05
-2.440021804217322140e-04
4.917127313657950312e-05
-4.634763999473029563e-05
-2.735385333621644411e-05
-7.577634527873223712e-07
1.263341237546026217e-05
-4.517991884764176755e-05
5.555451930217455677e-04
3.148161441304960038e-03
2.094156245592091597e-03
-2.165466307245391081e-04
-6.137088900919139382e-05
-8.710675480332617430e-06
2.858538135370174583e-03
6.295177211887744220e-03
7.360412919090021308e-03
-1.286404667594611643e-03
4.963864308749728815e-04
-1.979544610860864895e-04
4.305224383858141310e-03
8.730607190166083872e-03
1.524461511747177145e-02
-9.984330368501279432e-04
6.138864365895587870e-04
-3.261059908719829165e-04
5.532864508319981778e-03
9.409191079549423381e-03
1.874442446780918634e-02
-1.112268011757667699e-04
8.866414041153668994e-04
-1.709981718789152668e-04
5.701450828545694127e-03
6.798712921073730465e-03
-1.712332384457186467e-04
1.097989167592005461e-02
1.496417277324771974e-03
1.054417052280620600e-04
4.379618366233955541e-03
4.938561954986052209e-03
-1.606138781964018287e-03
2.048797899106569783e-03
4.264522587935917590e-03
6.115671933506655101e-05
2.016376387786832872e-03
1.770670579970668292e-03
-1.275393408645525070e-03
-1.494283359092401543e-03
4.597612496662484630e-03
2.664965354214907380e-05
-5.181372990228963043e-05
-7.221576523491273717e-04
-3.190692733468148594e-04
-3.619340381513468357e-03
2.814769320897175971e-03
-9.565878914207614264e-06
-4.689129066508896586e-04
-2.169054904792163622e-03
-3.169691453279474373e-04
9.719196043991739547e-04
-5.152120454722634597e-04
-3.890313357945830941e-05
-3.204831346999685603e-04
-1.934601105190644809e-03
2.626554484064041488e-05
5.920404004212746459e-04
-1.026680860408870754e-03
-1.589373482515773692e-04
6.581307797902335536e-11
-2.210979634282232327e-11
-2.049950666044622631e-11
4.903658047183976670e-11
-4.457248793770402893e-11
-1.985091633625392097e-11
7.069562386358189086e-04
-1.203078933607595749e-03
2.046840149387649244e-03
2.992021890793355619e-04
-2.881509104520421378e-04
9.610651100926294451e-05
1.451518766195223535e-03
-2.423073506765492397e-03
3.009889086361467641e-04
3.030206658162038023e-04
-1.155626855993881094e-04
-8.985116880593977100e-05
7.928792537551658558e-05
8.136150428283424302e-06
1.162909616589519538e-06
5.032084556400303485e-06
-2.321844050048691548e-06
-2.738595831878001637e-05
-8.445624850394134551e-04
2.194768109406868267e-03
3.968753486629568341e-04
-2.480354093858162280e-04
4.040030611212622679e-06
1.609113355299362645e-04
4.974066303338949306e-04
2.905236868966236917e-03
1.599785872596706533e-03
-3.155584569817693370e-04
2.180948831297520557e-04
2.377295990059870648e-04
2.402559516104403430e-03
4.791450525320783450e-03
4.572996990595466944e-03
-2.069618171499528619e-03
1.055702301741749368e-03
9.112763599575956662e-05
4.020723947402274172e-03
5.637927735293112030e-03
9.019394901214269900e-03
-1.671401149124469377e-03
1.186629419055519044e-03
3.672097687931984822e-05
5.326642694782716958e-03
6.409517194293221261e-03
3.414134468390221232e-03
1.937592213141684557e-03
1.272124031706205931e-03
2.063358946304903103e-05
3.716419784637833758e-03
5.261139335311697425e-03
3.044304913021217654e-05
4.828702130919651676e-03
1.417474514652755906e-03
7.454868102944026045e-04
3.629056821779103395e-03
4.091004201678971781e-03
-1.374679351426154848e-03
3.046656481570203436e-03
2.041159416025593171e-03
3.395462988425385293e-04
2.597924140633949951e-03
2.111137086951631568e-03
-2.944000400588447398e-03
1.144014941552430695e-03
2.426013504885413292e-03
1.167491517246970725e-04
7.537130722395452226e-04
8.142366503374542193e-04
-1.457287361608762067e-03
-1.707031915150632488e-03
1.412270490200601006e-03
1.511607611017781757e-05
-6.724552269685470096e-04
6.863244215365663041e-06
-9.732363921036258714e-04
2.534475808702493760e-04
5.807719342125060736e-04
-3.615003056837259225e-05
-1.343918941150353766e-03
-3.070611411815021645e-04
-5.466928059589976638e-04
2.492823447034677852e-04
-1.212865415632766956e-03
-8.226499978854415998e-05
-1.403332822390232710e-03
-6.455993239117603253e-04
-3.403771940134944492e-04
-6.326823765285661096e-04
-4.505332664814266377e-04
-1.229790454387651665e-04
-7.595633129577750195e-11
-4.700191748456302403e-11
5.160420359592642450e-11
-4.853132785461704928e-12
1.358215623287611004e-14
-1.155468398091262570e-12
7.460643782364085068e-05
-4.772435147018923513e-06
6.731441956029657954e-05
3.854571633423725251e-05
2.090313013295781158e-06
1.048958178074180085e-04
-1.353979566984779602e-03
2.303246475725832972e-03
-2.546348204947065214e-04
-2.631273477186674343e-04
1.552287350126322317e-04
1.902697719610118145e-04
-5.648545828772978021e-04
2.488058038396323470e-03
4.380789001098799306e-05
-2.568505488505806631e-06
2.102388700303696228e-04
2.470933027005490210e-04
2.731414425180773769e-04
2.310849422598416133e-03
-1.203793255914065993e-04
2.144047755158433723e-04
4.640573046368885561e-04
3.761682329724646916e-04
1.666351003938437844e-03
3.019097236122672730e-03
-6.952662624901801390e-04
1.375103005099353581e-03
1.587890046828010007e-03
5.775024116372930736e-04
2.704388182692256566e-03
4.437860324910755487e-03
-1.375089953891862546e-03
2.867650406392483701e-03
1.576364335033576423e-03
7.199905164727751338e-04
3.370785222962022383e-03
5.457812587482800508e-03
-2.579157337507794823e-04
4.775833948192203735e-03
1.479684380068555394e-03
1.037834980330031845e-03
1.350589376348975551e-03
4.942101380262811650e-03
3.897884202773580159e-04
1.394083773794011459e-03
1.656486702205171814e-03
2.993367034247672548e-04
1.129629013902098923e-03
4.323400659659681726e-03
-9.992681418684280174e-04
1.425678016817013812e-03
1.362576050768600370e-03
1.782364459437656850e-04
1.310620167667963468e-03
2.562569833557236908e-03
-2.263568173292347576e-03
1.217365720472856488e-03
9.121868929284986625e-04
1.601244854712392319e-04
1.136710428077785436e-03
1.048921242548771183e-03
-1.881023730269443988e-03
5.265793315093337656e-04
4.357285965392463040e-04
1.011960947761155155e-04
1.813145029678251774e-04
7.277481606217965290e-04
-1.521724085623146067e-03
4.793388141766912733e-06
-9.857190917345878345e-05
4.273857066463179733e-05
-5.433496698042518218e-04
1.241717333688743558e-03
-1.078105483012748063e-03
-1.475702990303837151e-05
5.068558273176268524e-05
3.901676703871148120e-06
-9.289219078877021703e-04
2.386901573878589915e-03
-1.408302846912362237e-03
-8.707901058912732644e-04
1.248879180861416007e-04
7.618000910574966674e-06
-2.141580873039322229e-04
1.285078996018543620e-04
2.815934207865835071e-06
-2.788322980361180927e-05
-6.222295310806938483e-05
-9.702461129466977510e-06
-6.933007017662968207e-11
8.024510200780995236e-11
-4.403137504386980255e-11
2.972405543520138530e-11
-3.066667657203453245e-12
2.051301283909807425e-11
-6.472304113064369837e-04
1.300166824821893247e-03
-1.970811346921964944e-03
-2.628672420894796638e-04
3.009765234053488471e-04
4.045588600136350798e-05
-3.802482321070736011e-04
5.070161331789957166e-04
-1.019960381128525725e-04
-3.432609534361828318e-04
3.252218258438565658e-04
-1.328392583307706678e-04
-2.183092377003181212e-05
2.813103303372823240e-04
-6.322287011685214430e-05
-5.874354332627611469e-04
5.787477136830169880e-04
2.172560713854676680e-04
5.634075407359049811e-04
8.332189378061767267e-04
-2.258846601222224901e-04
1.505921551526328585e-04
3.631075557545702850e-04
5.815482899466717977e-04
7.812953174177413897e-04
2.588134515415551565e-03
-1.056816768745768133e-03
5.555873545370055124e-04
9.035522660393731061e-04
6.170076622017662236e-04
1.044532210739311127e-03
4.322143838000005837e-03
-2.360309860944962345e-04
9.515274834511784760e-04
1.507155863928265555e-03
4.170330462016065901e-04
2.567234493728913166e-04
2.872660891284525321e-03
1.248515634639315447e-03
9.130247851197508067e-05
7.776897387064124739e-04
6.336694614556592818e-04
4.307286414405940675e-05
3.483881622431562759e-03
3.018666355052429117e-04
6.308481768579340477e-05
8.254507313268818992e-04
6.650042379465786373e-04
-9.278313997163533493e-07
2.470190511373023499e-03
-6.009728039103436406e-04
1.659383974909965886e-05
3.604202849965174558e-04
3.793570778864215217e-04
1.020502330060150606e-03
1.240650562548684978e-03
-4.782342595848156812e-04
4.573830614056176866e-05
4.122015761309755612e-04
1.765828963624174752e-04
5.799431841768676321e-04
6.859352297091989665e-04
-6.725146194665061186e-04
1.307490153312919725e-04
2.116515134330106086e-04
1.433266580787934336e-04
2.901886176334922025e-05
1.547905227523041450e-03
-7.555616257756307208e-04
-7.552710580354920610e-04
-1.032828614857250060e-04
1.559372525567898613e-04
-7.315385224692931457e-05
-6.043142831962148795e-05
-6.788392963490886168e-06
-3.224230398353336124e-04
-4.847076072557708344e-05
-5.315080131991531360e-05
5.616346463526851159e-04
-2.483681375033339623e-03
1.191833067521977374e-03
4.042988664893537218e-04
-2.292775652247681472e-04
-1.243024590738722598e-05
1.188945216467239812e-03
5.460706309003219563e-04
2.744082255149365513e-04
6.063480584516679197e-04
5.816703863871944356e-04
2.269660255587294714e-04
-1.696637231041507722e-10
-1.587270315095221669e-10
-1.005408440864357941e-11
3.219389934967163313e-11
1.078672120431433282e-10
-1.821179829085157169e-11
-1.491076783556681540e-04
-2.261594214377070800e-03
-2.295864465212985809e-04
-2.589598266572601263e-04
-6.348400779947653907e-04
-8.644258351130913558e-04
-1.081270778591444281e-04
-2.576657951089478434e-03
-2.311364769115273907e-04
-7.539683416801754609e-05
-6.006831389598315651e-04
-3.955033167860948717e-04
6.077554805540473416e-06
-1.801438241768962964e-03
-2.172832839200530494e-04
-5.503998681005605386e-04
-2.029598460859862721e-04
7.123205227612105237e-05
-1.094194134715389187e-05
4.254372770155808023e-04
-2.056388632803708390e-04
3.620697632865083992e-04
-2.621067586712021559e-04
4.277207604038775371e-04
5.914525049939993369e-05
1.956978122942930852e-03
3.674809729007011351e-04
1.407537753036283983e-04
1.250185731578097213e-04
5.978852069066900631e-04
5.651038118096544153e-06
4.722202762202382261e-04
1.606832493596031764e-03
-2.354765316015489747e-04
1.962773808038018671e-05
1.818946191208732654e-04
-2.991655395579168996e-04
1.008941102006182325e-03
1.013856137411705540e-03
1.241384613567544589e-04
4.407291162437108018e-06
4.344086094971933896e-04
-8.991439100652535510e-04
2.049875503080819672e-03
2.358355011569656455e-05
-1.086837914560582000e-03
-2.009508874103981273e-04
7.238770933426918065e-04
1.958054834146483311e-04
1.189093014331400223e-03
1.794360572758099302e-04
-7.075577455858999198e-04
-1.593344915982117531e-04
3.683047972602139725e-04
6.476880707195595450e-04
6.354662138863727012e-04
-2.593250873193555711e-05
-1.283635986586174611e-04
-2.031699446534222233e-04
3.074724379090159471e-04
1.021099791906208200e-04
-1.243520258495210825e-04
-1.078125936438073198e-05
-5.929320358677022079e-05
-1.254483125060187659e-04
-1.046499282219829670e-04
-1.099370828787918163e-05
-1.738744481414793630e-03
4.821591186522935189e-04
4.737327419602528232e-04
-7.220720778140268770e-05
-2.355768399912375188e-04
3.451844311279810332e-04
-1.205340917818544313e-03
8.615081782512397021e-04
-2.261291006835473448e-04
-6.243927325085286951e-05
-5.419729136239490719e-06
9.655142155484629750e-04
2.682893730209221536e-04
4.995104102949777820e-04
-3.515429845817718418e-04
1.362072565968190912e-03
1.069673290899748696e-04
2.514097165866751075e-04
1.662109300093003554e-03
-2.428974083108176676e-05
-5.658398034134418412e-04
1.215931872697139770e-03
1.898953251837263382e-04
-2.303150328879908800e-11
-9.135141532396175449e-11
-5.309424385854535729e-13
-3.765482715127293098e-11
4.540341203081547457e-11
-3.169313864460879545e-11
7.959905164591534252e-06
-2.906181784326037579e-03
-2.835578784925977137e-05
5.633011968779170651e-04
-1.491763180648596242e-03
-1.849363689802399364e-04
-7.167500534241132170e-05
-3.403175620833069886e-03
-8.120545415792419168e-05
9.086738510799956280e-05
-1.986904498159200363e-04
-6.344705640620908063e-05
-2.288696896509317740e-04
-9.493776414142068507e-04
1.854282753647633678e-04
-8.386287126938926791e-05
1.023696715653175330e-03
-4.773172853003443004e-05
-1.888623372399594099e-04
2.249138352838989932e-04
8.573373149437784214e-04
2.467620747217149605e-04
8.400909311077189639e-04
4.558743343145902049e-05
4.029194197895999413e-05
1.299886270124159357e-04
5.987380389742011713e-04
4.582147909379789309e-04
-1.522326058414372006e-05
-3.245705562426400199e-05
-4.061798996458735873e-04
1.433585494305798411e-04
3.314170354345287667e-04
1.289336506058942123e-04
7.607921408864426114e-05
-1.606771423329075518e-04
-1.548021220261533524e-03
1.972682953585333759e-04
1.076650060485753301e-05
1.665976946646182452e-04
2.751166971235055689e-04
-3.816235953400190788e-04
-1.715240330825256549e-03
3.154566269883782997e-03
6.706678573178492071e-04
-1.158323760575431868e-05
2.419690058718054293e-04
-1.523698810678265436e-04
6.093050514612764648e-05
-1.379933021401824665e-04
-5.112086990814746770e-05
1.336944030262590074e-06
-3.206178880805481433e-05
-6.560131996892843906e-05
-4.094823111741131903e-04
-7.141827132036395387e-04
1.957205562928849017e-05
8.718163176611925462e-05
5.489215453958240011e-05
-4.073656584823733104e-04
-3.850500919256300393e-04
-7.283400808196480213e-04
4.952390089871158132e-04
-3.301861027580539100e-04
-3.231642983468944693e-04
-1.943013004286699196e-04
-1.209451238985237800e-04
-7.066247955835345878e-04
1.054806511109247303e-03
-4.432822097095641422e-04
1.333034603724107467e-04
-4.707277374642646035e-05
4.516150291548418354e-04
-6.246310694557304331e-06
7.946343695550839173e-04
-2.185189407994015016e-04
-6.509742749313503826e-04
3.298733853727759855e-05
3.491311471832800784e-04
1.913289749665450252e-03
2.787605347326271767e-04
-8.987149982001660809e-04
5.828706906240388409e-04
3.755295329020191320e-05
-1.346496077754703912e-04
2.593596065289967105e-03
-6.119190519467825423e-06
-1.236996296091359953e-03
1.465167700955247480e-03
3.509556381494053788e-05
-4.323175132211803590e-11
2.381824044436050880e-10
2.363901931436113294e-11
8.320254411148049077e-11
-1.759124237243593994e-10
6.259713178744545262e-12
7.638450997199042387e-05
-2.686260909751722083e-03
6.268931218939208956e-07
9.420661408223555966e-04
-1.481592202980433134e-03
-2.658665446354163480e-05
-2.204794225719291774e-04
-1.377159204623737421e-03
6.094484417434260282e-05
4.880369305726048280e-04
-6.753611673435907809e-04
-6.419861663368154075e-06
-3.572669605864655317e-04
1.916006299160494569e-06
3.578160475268366372e-04
2.819814923235103177e-05
8.184006991797225256e-04
6.043858599309010447e-06
1.042438718374140416e-04
1.392696882941884878e-03
1.999925854070770540e-04
8.654624353142140398e-04
-3.677987699401704758e-05
-7.579614046582703346e-06
-4.237980375659826837e-04
1.719043482287890574e-03
-1.829349850403782791e-04
-3.425976152535537380e-05
1.572352400017130644e-04
-1.034394278926567421e-04
-1.768136126833003748e-03
2.246127850412542142e-03
-1.335036181352411389e-04
2.301268029829802234e-04
4.978862767719669001e-04
4.923051484196908003e-05
6.874885660629178545e-05
-2.761125378428716819e-05
-1.418704785501311750e-05
-3.687032716989250739e-06
9.283518474826725020e-05
1.358007100395056197e-04
1.722563400095203801e-03
-3.176633827563225300e-03
-6.918490622388437676e-04
1.134738869470848276e-05
-2.458108326218734182e-04
2.547281334482927990e-04
-1.785170660654288152e-04
-1.188278994241058267e-03
-1.001280792505021170e-04
6.086983836020052685e-04
1.428538132092178697e-04
-3.759666878872229708e-04
-8.198825995987024705e-04
-1.181755589145227006e-03
4.210417439555271565e-04
-1.333311110825441653e-04
-5.903723630382399102e-04
-1.970426420508029062e-04
-8.610206449524286957e-04
-1.013032515453913792e-03
1.458362677542837313e-03
-4.969184331518106991e-04
-6.033644367673508075e-04
-1.085336681566926247e-04
-5.599165360487447099e-04
-7.524794336058543637e-04
1.147494733536709444e-03
1.733616069445957121e-03
-1.604337290926557752e-03
-1.784974674478923874e-05
3.764113394967651984e-05
6.916742359237473131e-04
2.861089742817926997e-04
2.810219340881271646e-03
-3.021249621826748669e-03
1.822517859775876341e-05
-3.853199760679610632e-04
2.988718752436737933e-03
1.847038061900979525e-04
-1.427034073414911288e-03
6.577429662004669704e-04
5.615945318584565719e-05
-2.920089694282672213e-04
2.867068714693561237e-03
2.086102871760112459e-05
-2.463918051666718918e-03
1.530251363842010607e-03
6.631984513313907603e-05
-2.698920235098942107e-10
6.615345806436658597e-10
2.859738396533456230e-11
-1.287768505107788044e-10
-2.731376197575556331e-10
-5.392984591223236600e-12
-2.945269554260458947e-05
-6.648342028423161838e-04
-1.720701597137506045e-05
1.563229805841552088e-03
-1.727130732536013083e-03
-5.702043963730491504e-06
-3.138142285627035818e-04
9.408114713152008991e-04
-6.083896940513255181e-05
1.063920055814547745e-03
-1.721277098097404121e-03
2.526273337461312958e-05
8.038348201080365910e-05
1.844250537837618161e-03
6.998130631386509674e-04
1.246738876281475010e-04
-2.192579864509632231e-05
1.232799434464601020e-05
-5.332165772857008898e-04
2.107046496121134632e-03
1.591132290794221044e-05
1.007720623541675549e-04
1.198448739468690899e-05
1.167470689896233831e-05
8.090113372020845295e-05
-3.861656688388658427e-05
-9.263553280751369527e-06
5.973783729747530334e-06
8.913436464913290108e-05
8.265406956828766599e-05
1.878846339108301540e-03
-2.300473163693347867e-03
1.085133200534479599e-04
-2.299513546003247922e-04
-1.520587275837901459e-04
2.299114029077665457e-04
1.581995992861918651e-03
-1.602804581455177021e-04
-1.405927254777074477e-05
-1.615030862275665521e-04
-1.966041764834197193e-04
5.291748177709682237e-04
9.054995612171766114e-04
-1.996324350208630166e-03
-2.729324028910680639e-05
1.070119419221935179e-03
1.636182681550747285e-04
-7.182389737002943877e-04
8.601231962017314859e-07
-2.254784857644520201e-03
5.321066007241707831e-04
-1.059258048281218583e-04
-3.975665751728699117e-04
-3.656915151752147906e-04
-1.066476741479291824e-03
-2.378678284916977120e-03
1.927905806763462182e-03
-1.244439003804968455e-03
-8.829989562613653042e-04
-1.379270135768853394e-04
-2.125755756008946423e-03
-2.030942776841832172e-03
2.464025972890501563e-03
-1.127395507934044003e-03
-2.386160845453133301e-03
-1.353861954584810326e-04
-1.544534695829904297e-03
-1.617587338122315711e-03
1.071466126498767926e-03
1.365029873301183564e-03
-4.574136249219394601e-03
-5.400591473027277148e-05
-1.310664735560603542e-03
1.589578938744283824e-03
6.927162562741109137e-05
7.149244246015388528e-04
-2.637902978255802014e-03
-3.053993257994469854e-05
-1.082418521279175563e-03
3.985822793220348756e-03
2.690406653610110036e-05
-6.725314586817242833e-03
2.630348967460015980e-03
5.005415812822345264e-07
-3.666265034015742737e-04
2.310474625159876418e-03
-1.660812726680243765e-03
-6.079782141780275392e-04
1.479807188197202915e-03
-1.914547448846807179e-05
-2.294923397874347523e-10
2.375506092203234805e-09
-5.980108975236433060e-10
-6.035665945903928383e-12
-5.055470764407730319e-10
2.131252901697019318e-11
-1.775791424947805982e-04
1.600287511634170511e-03
1.421465568940365751e-03
-2.190579642691412466e-05
-8.774857380648382011e-04
2.000276536639817080e-05
3.782108523571188312e-05
9.004240272782470817e-04
4.141014694726729206e-04
5.232835978516532177e-05
-1.126224345219399554e-06
2.470154958329414630e-05
6.726358625193832302e-06
-7.672291570749077911e-05
-1.721255683428153519e-05
-2.050560224393856799e-05
-1.269632439402189333e-05
-8.219137148428771759e-06
5.286479805323912118e-04
-2.241511556676131691e-03
-1.706978704282788135e-05
-1.180767455962532751e-04
1.628351899078399643e-05
3.185399390850463322e-05
3.848629882447057705e-04
-1.807758734856071631e-03
1.736752655459672477e-04
4.119606238367808776e-05
-6.278391515925238703e-05
1.982536603550774646e-04
4.091799189248764251e-04
-1.230705243659043478e-04
-3.713456526574651574e-04
-2.776139849737088369e-04
-8.639908054830971866e-05
2.093152225491449493e-04
3.232929946275896345e-04
-1.095666688665922379e-03
-9.957310314935975768e-04
-4.484698338925716989e-04
6.397711299310428104e-05
-3.986798912109498555e-04
-4.308298305006314459e-05
-3.497418677602610708e-03
-2.925239142966085744e-04
-6.394628168653748593e-05
-7.822777436873202270e-04
-6.775932821801842641e-04
-1.043106376470886608e-03
-3.910853152696095077e-03
8.935642710669583879e-04
-1.462352071491828396e-03
-1.424040888195616129e-03
-1.588037828327924089e-04
-3.193405914010881159e-03
-3.661491765896923798e-03
1.206475244112090173e-03
-2.763708185483873623e-03
-2.078555381077044212e-03
-4.225642747467607172e-04
-3.720967017692745644e-03
-4.423340174738382181e-03
1.373367669282483505e-03
-2.031657941500547744e-03
-4.276344281537458776e-03
-1.384845755809261259e-04
-2.959478377496528589e-03
-3.516778755986846826e-03
-1.524607129011046455e-04
1.051857426617869296e-03
-8.390329832663271856e-03
7.073683713345998803e-06
-2.640839107266907022e-03
3.098614005861294058e-04
-1.404727319105123981e-02
-5.271246150851129054e-05
2.677523642088143734e-03
2.281091654104303284e-05
-1.316374200601413665e-03
1.663126144804975533e-03
-1.181220741516659373e-02
-8.548959266240680448e-07
1.444482536961733512e-03
-1.457747493389721224e-05
-3.839757210040951820e-04
-1.071570482134229094e-04
-4.254660338275982265e-03
8.877316437983890859e-05
5.318978379980369899e-04
-3.019085352394474935e-05
-2.294595772214416104e-10
3.926518154243552794e-09
-5.692959875849968938e-10
9.484842913433420116e-11
-1.916271694034621023e-10
3.602983411929242563e-11
1.781408920906651063e-12
3.207057954710166232e-12
-2.167709191882645824e-12
-3.104558274697581541e-12
-2.302274561936831217e-12
1.726733540816940616e-12
-6.577249999613300410e-05
-9.141657300521712631e-04
-4.524185145615472383e-04
-3.692081644513557105e-05
3.227432348189927481e-06
-4.965438796573276440e-05
-1.259297402481762804e-04
-1.869672157982694375e-03
-7.693332151832846851e-04
-1.329126627276815207e-04
1.835636213926320628e-05
-2.639247125270280912e-05
-1.281350649458987893e-04
-1.470505745886135614e-03
-2.988774248650080483e-04
-9.717118372435059638e-04
3.039329253437967346e-05
1.129333415423929777e-05
-3.677478483161661751e-05
-1.297289299761699268e-04
-6.486710590788928978e-04
-9.114975815746642314e-04
1.380684641446643702e-05
4.563600127869644953e-05
-1.254859619026801770e-05
-5.197309959844985828e-04
-1.497074020594294647e-03
4.517659905571489419e-05
-8.817887830369298063e-05
-1.806932054328444818e-04
-2.792813991680421376e-04
-3.123203052093603046e-03
-1.349276961358111121e-03
-6.950147654143135382e-05
-7.016714303844670628e-04
-6.358647866159394682e-04
-1.317371234635601436e-03
-4.832531919809650474e-03
-3.658491355616419493e-04
-1.408283516666018319e-03
-1.678726747612432858e-03
-3.192727891170107240e-04
-3.458176658349269069e-03
-4.865949127486991072e-03
-2.482263439219916325e-05
-4.265015256833358873e-03
-1.448052405762571783e-03
-8.627100639194127708e-04
-5.770393378428956971e-03
-5.605841342429696873e-03
1.600843118695142976e-04
-8.486836604887330535e-03
-1.538498113555420398e-03
-2.538976865554829821e-04
-6.057283489909340637e-03
-6.223872035430355783e-03
-1.522647016244209166e-02
3.220557440245958589e-04
-8.925899712752241501e-04
2.018859749144582270e-05
-3.882303844321815297e-03
-3.838215224955704528e-03
-2.083392376021895795e-02
4.809059840024801423e-04
1.766084710822477688e-05
-6.473768567370463170e-06
-1.876129733197242321e-03
-2.214023513105458588e-03
-1.753537292161825786e-02
1.931916317017834666e-04
1.111212497984295495e-04
-1.268272996834521844e-05
-7.428533114460087643e-04
-1.531017795885240710e-03
-9.787540793531081945e-03
-5.540960464137877187e-05
3.844632114973727378e-05
-2.788374477719806813e-06
-1.654448156853927890e-04
-9.133059273118354984e-04
-2.147995978885110756e-03
-4.889839440242413641e-05
-6.021508971831056534e-06
-6.447928106050729458e-06
1.713884711065900921e-04
6.845848354499225845e-04
2.359592057911261490e-03
4.082097131123119929e-05
7.609221051927326747e-06
1.609620410195605254e-05
8.205357669914712059e-13
4.889350410461815600e-09
-3.727767497229843752e-10
1.684496121147556771e-10
-2.653591643887236648e-10
2.214832967692624052e-11
2.187612365701027152e-04
-1.699281086305576586e-03
-1.545394915454001298e-03
2.141172670732076621e-05
9.463035959859972170e-04
-2.643513663315534814e-05
3.831479321869895151e-04
-1.041815859173226243e-03
5.326501927860171758e-05
-1.125286877835159896e-03
1.682743628498979856e-03
-3.569415246352505497e-05
4.071951268694727253e-04
-1.979800770901908527e-06
-3.335748178860129865e-04
-4.714286793942758095e-05
-8.339540005677531249e-04
-1.099008165916286886e-05
1.908888558837499195e-04
-2.825968168529787339e-04
-6.775263739959697367e-04
-1.669507272526073031e-04
-1.332692514935046113e-03
-5.596782863801329634e-05
-6.608437682246899321e-05
-2.213418571500974565e-03
-6.079391658804012607e-04
-1.345747594121390921e-04
-1.410656852193317202e-04
-3.995158197239529678e-04
-1.003725101220126915e-03
-4.374452666656335198e-03
9.565338677442159984e-05
-1.116213635201068408e-03
-1.512448557089945576e-03
-4.003409138981943232e-04
-3.272901159014477302e-03
-5.385207662678950270e-03
2.854008759956304700e-04
-4.780707928878094592e-03
-1.473166267995179796e-03
-1.056508600597767106e-03
-5.487223909860165783e-03
-5.899700070777741216e-03
-3.227512065849130057e-03
-2.060038625618654251e-03
-1.300913653519712634e-03
-1.500365651864408187e-04
-5.721608590543919744e-03
-7.505863287854448382e-03
-1.546779446117928225e-02
1.440497818306275173e-04
-9.276019402372282559e-04
1.231222266480498065e-04
-4.570698333620535486e-03
-4.693784571090052309e-03
-1.909141113231997700e-02
-1.501701847346927196e-04
-9.982131056845932845e-05
-1.758278089906504185e-05
-3.744625692542628836e-03
-9.362743632756241694e-04
-1.930642438719012283e-02
3.055101472977939103e-04
9.414720659486064945e-05
-5.940747762075073178e-05
-1.342285513850633620e-03
-4.763087789759252620e-04
-1.175851960635449639e-02
5.528169116708877900e-04
2.214525498107053458e-05
-1.364813081082285565e-05
5.290355074820950084e-05
-2.981991520788005844e-04
1.081236157480306695e-04
5.056567585506478572e-05
1.545491139818337171e-05
-2.441925100843996953e-05
1.007683976034770253e-03
1.064485531973814823e-03
1.170568130809212029e-02
8.641962252031040671e-05
-4.581642207999681119e-05
1.050422739228748255e-05
3.940781067585860924e-04
1.098387590256047800e-04
4.975527983590326796e-03
-8.495978377564640581e-05
-5.579166631142405903e-04
3.640807824252357232e-05
-1.621075814409615988e-10
1.525086360230616581e-09
-3.364866600921097960e-12
-7.145954163378101535e-13
-2.695692998792131378e-10
-9.812420563029235475e-13
3.553058009082435485e-05
7.309110582299580688e-04
6.232754840112273731e-06
-1.617988654880240856e-03
1.885343281636024442e-03
-6.429895255037430694e-06
2.628283703625458601e-04
1.432698019957823416e-03
-2.546828811417138657e-05
-5.955728639933141177e-04
5.721730651898633124e-04
-4.393996816618104588e-06
2.979590667214073005e-04
9.145863413368463760e-04
-5.345347239694915224e-05
3.458637427688893281e-04
-1.254555166658921118e-03
2.203986031530773959e-05
1.001084819682295386e-04
-7.935201193217578022e-04
1.521983119027595424e-04
-1.733285938400056436e-04
4.417330335462339675e-04
-3.071040916395724961e-04
-7.082357090779524801e-04
-2.935237169567261536e-03
8.324912683159480008e-04
-6.764524573141125980e-04
-1.025701312138846411e-03
-4.137100967197029065e-04
-2.581679510837106041e-03
-4.748964330993968828e-03
1.384698936035845367e-03
-3.136147078169728656e-03
-1.530406710743608496e-03
-5.999547198024681545e-04
-4.089399845112877754e-03
-5.611088182011511084e-03
-9.344407187145057150e-03
1.693489474322907836e-03
-1.166212090066443908e-03
-6.072369831569787734e-05
-4.469921230200361341e-03
-7.355340853323091149e-03
-1.203620694521201698e-02
9.647069054049081270e-04
-6.160029765896334226e-04
2.619487201686130241e-04
-3.637931899915867150e-03
-4.513589225058278580e-03
-1.305831135355126939e-02
2.141961281802790473e-04
-8.484200108421644516e-06
1.096872472876469655e-04
-3.976944113466179646e-03
-9.922660084514693993e-06
-1.131574288032173754e-02
-2.303851168835985817e-04
2.431295512122656603e-04
3.639596898281461328e-05
-2.932319676347266567e-04
-3.728192678474043947e-04
9.629183164559043673e-05
3.204428794388150715e-05
-4.130348512466077211e-06
-4.670799735332039265e-05
1.688005316243839727e-03
-2.535261384802069682e-04
1.206895726427483113e-02
-3.922146090333118967e-04
-1.843489893503851156e-05
-6.883438117382317594e-05
2.586684350880136696e-03
1.818433013247244389e-03
2.052573817286547364e-02
-1.751254789107954484e-04
-1.440799738550635944e-04
-2.025779850957840813e-05
1.340367039257500323e-03
-1.783180184997172190e-03
1.379214884648926817e-02
2.922883739652493609e-06
-1.551482613014968292e-03
2.149124228275096164e-05
3.974078133106388462e-04
-2.629275479786262297e-03
1.656313248513482331e-03
6.951910100558975807e-04
-1.674215687849129816e-03
2.354517922996621497e-05
-2.359422556423834274e-10
-7.064934665880941688e-10
3.131560867714116401e-11
-8.208438837426609051e-11
3.325931542298991189e-10
-2.840394481887963187e-12
-9.600866024361778708e-05
3.015831276186545923e-03
-1.831648834493216140e-06
-1.021567147256768763e-03
1.452934272997215238e-03
1.415706894304632852e-05
1.064808974616012475e-04
3.510180451516465606e-03
1.356477149866430222e-04
-1.947902998538037574e-04
1.855402884660879736e-04
4.783339826825502573e-05
8.094125847452652786e-05
1.414753297898746183e-03
2.140287985011308895e-04
7.315366872929493025e-04
4.331785296342070346e-04
-1.501760255861981112e-04
-4.988770932002296529e-04
-1.191246829880102977e-03
1.958631429923140665e-04
-1.150510044816592997e-04
-4.905762737631168312e-04
-2.996841742477952147e-04
-1.644290049788172574e-03
-3.390500233175023411e-03
7.303644099903875081e-04
-1.575365808492077769e-03
-1.493759749088491426e-03
-3.314063943571479210e-04
-2.607721180330187325e-03
-4.896706640271092890e-03
-5.041033166090148031e-03
2.187253367900055152e-03
-1.042953954165253211e-03
-5.861431918559392186e-05
-2.914993228423614496e-03
-6.351515156290324718e-03
-7.246626224852604353e-03
1.273252846355592488e-03
-4.853596495206732343e-04
2.022139829416400795e-04
-1.745379120327118956e-03
-4.358748743977657221e-03
-5.811102405870123382e-03
3.182844226454014280e-04
-1.068135566670919747e-04
7.888003488419728692e-05
-1.180323023125921800e-03
8.390272486650653745e-05
1.513480443849007451e-04
-1.677688019791807815e-05
1.730163727035616461e-06
-5.398147316798057653e-06
2.809805535209534532e-03
-3.058063987331246353e-04
1.190227484973298278e-02
1.750893340623497943e-04
-2.566885486740843355e-04
-1.151810918465792318e-04
4.305267323082137207e-03
8.355637340397583344e-04
2.023940917479031057e-02
-2.659897959071653734e-04
-1.014836510533154704e-04
-4.524081091358418661e-05
4.562929976436820578e-03
5.796844362630020411e-03
2.985263918106145775e-02
-1.432262678843055726e-04
6.072014048257915034e-05
4.208191163316290736e-04
2.486665404307360043e-03
-5.173570052144839827e-04
1.788288145395967171e-02
9.812936126466364638e-05
-1.052965131423991806e-03
-6.602339724776588582e-06
9.425346222034720932e-04
-4.338052060161278096e-03
9.639634601088816965e-03
1.468200251566875313e-04
-1.059821418732705481e-03
6.912250848822217041e-05
5.230321859653646052e-18
2.906019663593872197e-17
-2.295403701930124019e-17
-9.270547156292627606e-19
1.219202559465054836e-17
-1.256722193511470305e-19
-3.576873413750317372e-04
3.186632061594672945e-03
2.966304331595942501e-05
-2.566492035083730271e-03
1.692413653195912974e-03
3.832598478489774923e-05
-1.348712979123665187e-04
4.014452193184021682e-03
1.750374857479471125e-04
2.055044078664910046e-04
-8.951740879141461150e-04
3.867180166140272312e-05
1.603459496367858170e-04
3.342084089585980501e-03
3.575522334752070171e-04
2.976527875400941051e-03
-7.251157704779590202e-04
5.895232542458319616e-05
1.715565176909895049e-04
1.514194009943239765e-03
9.860895118208069256e-05
2.550544734398130925e-03
1.236745927008672764e-03
9.108100482341609846e-05
-2.047316154921331331e-04
-4.644542510740264194e-04
1.236092861932842424e-04
1.015723815539105492e-03
-6.074539921063617847e-04
1.789161918795268609e-05
-9.517082993894200506e-04
-2.375284618351996418e-03
-3.447864436548560025e-03
2.710627347962856403e-04
-5.483124184937736159e-04
8.775311377655101793e-05
-1.597216754752353758e-03
-4.098753951753567569e-03
-8.778254128140903362e-03
2.811558771373157974e-04
5.922955331021909927e-05
1.706234505357441924e-04
-1.921301165924063159e-03
-3.788030860575661903e-03
-6.947714132797546197e-03
3.594199602623512251e-04
-1.037020017306815203e-04
1.075648447383077618e-04
-3.811171833537973315e-05
-1.367244544234971640e-04
1.177942637119314194e-04
-1.283893620218746517e-06
-1.204547928353775796e-05
9.580816428934599754e-07
4.230005099253498872e-03
3.823609451216571867e-03
9.003834120591120913e-03
1.085626391477263167e-04
6.914360325413467043e-04
9.880904534002309960e-05
6.365662124847851905e-03
5.355986463970570377e-03
2.619273282240501197e-02
-5.754690027161874931e-05
2.346842624309960742e-04
4.230271489365665171e-05
7.422169784931423840e-03
9.069239177181942502e-03
2.550363127086770210e-02
-2.374227773136863904e-04
1.039746894911350783e-03
5.047679047530430205e-05
5.366166899969945260e-03
4.334449398190679849e-03
2.417734223281982689e-02
-5.894568906474422203e-04
-1.025460229473696945e-03
-1.351838250905701633e-05
2.482434405349058949e-03
-2.564014549430370001e-03
1.607947895241550185e-02
2.294107872699174030e-04
-2.409178754269463395e-03
1.178169577432004835e-05
6.143451077452405460e-04
-2.909736515550083967e-03
2.449224213033874241e-03
1.535536431028734512e-03
-1.774447935543398570e-03
1.655605238174889669e-06
3.565174783947090090e-10
6.586873211813715763e-10
-1.240604090519244078e-10
9.561715470874623686e-11
-3.646612477181361971e-10
4.075827783206941856e-12
-1.702761320238845217e-04
2.970931770652336656e-03
-7.785681188334139040e-06
-1.304152034493895199e-03
1.467564244734483958e-03
2.687830970175163602e-05
2.329154245309085708e-04
3.818688108362725681e-03
5.099954439029767261e-04
-2.706423758767244683e-04
1.456163916373630525e-04
2.197192409861076440e-04
4.928880664425562379e-04
2.529313862222293176e-03
6.680963951411303956e-04
9.718146772217902459e-04
5.976640612329574276e-04
5.122429539479291059e-04
6.480740817019788437e-04
5.655335187773484528e-04
1.994217356810106857e-04
2.824975587239624843e-04
-1.927504223197804879e-04
2.053112021412202256e-04
6.872935991551999083e-04
-9.688115939269699743e-04
-5.042723519368071160e-04
-1.399607024017553332e-03
8.428809091738622339e-04
9.361279585247609509e-05
6.525431275019373967e-04
-1.520017318800362220e-03
-2.744709486964690050e-03
-3.594560172811706576e-04
5.613793057409919652e-04
2.902102853815504305e-05
3.382107796003141304e-04
5.772607574752216245e-05
-6.839431573790435070e-05
-1.780194374717323195e-05
2.051345293232488724e-05
-3.354394829016246645e-05
1.613931448844557965e-03
4.249179637290449209e-03
6.107752837086904280e-03
-3.252256165322516880e-04
1.097153438052999599e-04
-1.003497614251662424e-04
4.197539771197791522e-03
8.224662856724233861e-03
1.242008427164309307e-02
-1.257494976544935037e-03
1.149903541091553370e-03
-1.198386952759924735e-04
6.176875316260190853e-03
1.068761230429267697e-02
2.175267379243662688e-02
-4.006349474132822391e-04
9.811959870462761205e-04
-4.700687124677520177e-05
7.767315550402527705e-03
1.040105769410536694e-02
2.580376307020239290e-02
-3.443742041138321661e-04
1.868116376285759673e-03
-7.680232446469691552e-06
6.105510579840531249e-03
7.838313124388531991e-03
2.340551481399490846e-02
-2.399052153053455802e-03
7.429897774497448790e-04
2.734520376599301435e-05
2.999840454814905934e-03
3.472888009338756261e-03
1.476841150735313905e-02
-9.357057729116553596e-04
-1.543694016314837904e-03
1.058144761259272862e-05
6.301024909195711678e-04
-1.494393875061309873e-04
2.161026992286410944e-03
2.776481247468321357e-03
-3.298548471109346084e-03
-3.819822432513239599e-07
-6.781980073117851570e-05
-8.081371705659357290e-04
1.551731585011532693e-04
2.411139400004495750e-03
-2.140059412197063953e-03
-1.800637096691003951e-05
3.351563272979732189e-10
6.732068957842990706e-10
1.261670313818817019e-11
-1.273563744384066302e-10
-4.313669156378974305e-10
1.846942286117500601e-13
3.165944719764055069e-04
1.941708143328738957e-03
-2.773186074871331514e-05
-5.673124678466683534e-04
1.119957652979437432e-03
1.592179322480756281e-04
1.066340287866262117e-03
2.388037613761899783e-03
1.335910102914080085e-03
5.086849036364354511e-04
1.631511158284139904e-03
4.369673864567998490e-04
1.153009445803010588e-03
8.742844026882559162e-04
1.799205873310756728e-04
4.694512710152399420e-04
6.581587070867934638e-04
3.964431432701127456e-04
6.990180842075782285e-04
-3.617277415607954099e-04
-4.303512384651969028e-04
-2.630337110234091773e-04
2.501677728767172479e-04
1.431693737325657665e-04
1.278334193038309623e-04
-1.394299177253007784e-05
3.210468065872115474e-05
-2.251441330514966844e-05
2.392304987352646261e-05
-2.518549851082313348e-05
-4.214762029315645116e-04
1.481825362590625909e-03
2.452395091590578013e-03
3.438973890865095568e-04
-4.838537158058111806e-04
-3.176481798395438427e-05
1.469670677572174327e-03
3.996646362223951754e-03
7.276554946035515732e-03
-2.255858785393809087e-04
-6.176707851495462224e-05
-1.492121377904923887e-04
4.255927713093734729e-03
7.382500022416987710e-03
1.201930780032939121e-02
-9.862875755948302334e-04
6.213768760032815051e-04
-2.910886580938870042e-04
7.195794774656537850e-03
1.007887693124306754e-02
1.849847660049134049e-02
-2.351498440021795140e-04
1.670891571786836281e-03
-1.249000025737963466e-04
6.456040228775861665e-03
6.393744115490091265e-03
1.613251812249968595e-02
-1.013590674883949077e-04
1.567691744618620849e-03
1.811705863997142970e-04
6.129477796569305671e-03
6.419279635263451175e-03
5.555614187877106619e-03
7.294226893528859418e-04
1.481959086256446788e-03
1.477575702401389779e-04
4.224118544353872538e-03
4.972685926944622747e-03
8.563234690864593261e-04
9.139317317858878425e-04
1.340193792068341844e-03
1.864395447192390568e-05
1.350059834458444208e-03
2.660825665757423925e-03
4.475356264729480303e-03
-1.528457763061064414e-03
-1.293504906499545846e-04
-7.855336987475710443e-07
-6.898064676311337420e-04
1.807961875481427878e-03
2.489212689825054154e-04
2.199618663297277753e-03
-2.580847027571120129e-03
-1.160115399551566442e-05
-8.163468589421944092e-04
8.777711134018782290e-04
3.426759715333540591e-04
6.630058094313090195e-04
-1.187682465650190516e-03
-1.147381064868704773e-05
5.215036993604212093e-10
1.300683992289234588e-10
-2.744252746440164601e-10
1.418418192742503311e-10
-1.101093870050296555e-10
-1.572324280014843808e-12
1.433036994310097310e-03
6.449586737041270454e-04
3.185233690745368010e-04
6.562246637683109970e-04
4.693932604220821432e-04
1.318898709708928171e-04
1.468069886048412823e-03
8.341190520208868666e-04
2.394521164357660444e-03
4.138546499890798243e-04
2.480419018408597004e-04
3.722451356043633480e-04
2.357921570591122655e-04
-9.873964088459871122e-06
2.122366641281500187e-06
-1.420209276503694658e-05
1.226575698866938365e-05
-3.708854468347288694e-05
-4.303936744983226435e-04
3.919289703781916379e-04
4.922777306104362486e-04
2.087339786893196178e-04
-1.969692092116444727e-04
-1.442576459409425913e-04
-4.560393457913818451e-04
1.086210419959333148e-03
5.472950859022094423e-04
1.170521945458379660e-03
-6.183320347067297607e-04
-4.562353970220625902e-05
9.074401438245885496e-04
2.048647792126117532e-03
2.948698538957629425e-03
-2.502393923295864893e-04
9.322248302337029103e-04
5.506641075906895433e-05
3.209660148566986868e-03
4.617671182380462570e-03
1.020186891279570730e-03
1.914705967793991267e-03
1.310711941880238294e-03
1.340321662577025313e-05
5.614964492752137770e-03
5.899085445065078634e-03
3.099951895165313064e-03
2.054395504282450959e-03
1.314202157198757475e-03
1.230530240704637507e-04
3.577067521508548766e-03
4.875718474035296499e-03
2.755207936008501130e-05
4.203495309907839643e-03
1.467545396309361200e-03
8.599134542893572359e-04
3.701986349095851177e-03
5.475391924269109624e-03
-1.131021362826088684e-03
5.525248774912652240e-03
1.485419668492066149e-03
5.536636419377722815e-04
3.482973238677807871e-03
4.567657547796367436e-03
-2.370175772976474467e-03
3.960971512407859829e-03
1.546140254247268305e-03
1.727616341639689589e-04
2.339122670402263987e-03
3.477647125063265676e-03
-1.975435153213653781e-03
2.101695775101136698e-03
1.082934572460860639e-03
4.250296304597361608e-05
4.457931311211459427e-04
3.169287154297918425e-03
-1.193825081079574616e-03
8.067342012711489763e-04
-2.765835682333550138e-04
2.451394954007149442e-06
-8.218657026812210093e-04
3.397582083444717401e-03
2.215959986022334512e-04
-4.956292358124759177e-04
1.957387508597043299e-05
6.081610927164707113e-07
-1.763512285461801398e-03
2.776212418901959685e-03
2.421120299339486325e-04
-5.374270406622187529e-04
2.297191108079092898e-04
2.378812207040093791e-06
4.940211501707056979e-11
3.641161778028006937e-12
5.138991250374464109e-11
1.066556241048570759e-11
2.615326243593370016e-13
2.237412313531637382e-13
1.353171514645457453e-04
-2.135304817193779529e-04
9.896655798807912311e-07
2.112449012297161317e-05
1.068834922106928986e-04
1.412881522193593942e-05
-1.154138026235150636e-03
-8.025749818705318374e-04
-1.990679762506454217e-03
-4.141869620478172052e-04
-2.241708240415723542e-04
-4.072136240442679402e-04
-9.520743695876149803e-04
-6.957741612997366118e-04
-1.288248681767865771e-04
-2.571798868959598427e-04
-4.810089415182405956e-04
-4.230271350472480972e-04
-5.209045152614166351e-04
-3.106725525829513029e-04
-1.714777183390280566e-04
-1.707899095154144736e-04
1.196216446675648536e-04
-1.439996999396858158e-04
3.553111515567296502e-04
4.577168516243456352e-04
-1.042450121863010157e-04
-5.352621873930666664e-04
3.484344771583561804e-04
1.905766214797522090e-04
1.658107456025816962e-03
1.874863252622459677e-03
-9.663101530744870691e-04
1.300457291620742833e-03
1.735946388150310434e-03
4.337969035698960069e-04
2.975353737279436746e-03
3.724152360088008561e-03
-2.793838749970047205e-04
2.212439873509366040e-03
2.011351964401855014e-03
6.977624768601125866e-04
1.030710759182412034e-03
3.208617772861791038e-03
3.348658471537060174e-04
1.209853890710370144e-03
9.625121883602594675e-04
2.821513739869861985e-04
1.056036542955628155e-03
3.975124446535823960e-03
-9.179825970928142320e-04
1.432286937454352923e-03
1.427021187693790303e-03
1.415994416849567677e-04
1.195211516171325143e-03
4.088682587036214511e-03
-1.727658815333652561e-03
1.010207345943710039e-03
1.147803500048650465e-03
1.310985916581400268e-04
1.761569243119149751e-03
3.055161466185991100e-03
-9.375099471576976489e-04
2.574834162447600422e-04
7.455773621043636180e-04
1.119446583642579512e-04
1.136986363135637215e-03
3.183723674228111557e-03
-3.755124199255296708e-04
9.023200016379695390e-05
5.403706206711065023e-04
3.020959306583150274e-05
1.057939739083050575e-04
3.216858416613187048e-03
1.870961690011422354e-05
-9.632958726174600328e-04
2.348858875250628810e-04
-1.883780682722711893e-05
-3.693823732337721982e-04
2.995416955312745020e-03
2.949700901328889351e-05
-7.360263185411333340e-04
-2.279940029260398081e-04
-2.272753001467449775e-05
-2.001011345526287509e-04
-1.679848213210188282e-04
-8.144891381058026533e-06
-2.307385295484129582e-04
-1.047341052632042713e-04
-2.246031306953398291e-05
-7.724033796313864529e-11
1.448642941871079169e-11
1.452720432324383236e-11
1.205187450867406086e-11
-1.619133571029373270e-11
-3.914605261091510648e-12
-1.176253288702763669e-03
-5.613990659425835026e-04
-4.044115860733312243e-04
-5.939738195472660156e-04
-6.173997023299733966e-04
-2.492217098084065956e-04
-8.902933250393701026e-04
-2.160895158296663020e-03
-1.240576894421172287e-03
-2.037040322670009742e-04
-1.537133087404823819e-03
-5.666074610336577612e-04
-3.906499474773592311e-04
-2.276998544824262657e-03
-6.104026091232844873e-04
-8.529567135541070606e-04
-2.057865066582344486e-04
-5.902631892181875017e-04
-8.339780379075021461e-05
-1.469991147787896423e-03
-9.822120778965094407e-05
-1.576916907391405324e-03
-5.676758420350778555e-04
-3.657053971591661597e-05
2.619788230141583481e-04
-1.634977508239729514e-04
-3.606613917402198203e-04
6.594224418565682640e-04
-7.112051785330500702e-05
3.592971466510423424e-04
5.687092427954307120e-04
2.060921205074144578e-03
-2.617077464944125831e-04
1.015331129351401511e-03
4.907752174886519147e-04
3.473024953889090015e-04
7.010184726963249017e-05
1.215279260555426726e-03
9.945851703349330945e-04
8.475367892040101651e-04
-3.175707355618195602e-06
3.537342079658878087e-04
-2.313246215287298514e-06
1.728958114399652569e-03
1.729126171696929019e-04
4.411199042709319676e-04
1.096964677098228718e-04
3.977134190621365597e-04
-8.685483307362571403e-07
2.287986998789148275e-03
-5.557426725363448852e-04
1.017609658344813636e-04
4.219927646069956051e-04
3.665349946048234797e-04
9.820359906171926851e-04
2.225962489099053525e-03
-5.952757015843309501e-05
-8.005308757989237608e-04
-1.540829215630074847e-04
2.662333155794447347e-04
1.808939898339359358e-03
2.309368593394279471e-03
7.481922309751957382e-05
-6.348397709844902240e-04
-3.440926692723945014e-04
1.227954384769800182e-04
4.421443916461628753e-04
2.126817959361751095e-03
3.183746524577426846e-04
-3.497600654712555994e-04
-4.219901958454225785e-04
9.457605826879618777e-06
1.066707643269942641e-05
-3.026953706650949865e-04
-1.326362780015653465e-05
-2.453647585350742476e-04
-1.305432360729268592e-04
-5.836209711218603080e-05
1.701768319894702295e-04
-3.040488214399748000e-03
-3.098369630524995430e-05
-1.321922122825562498e-04
-7.639739820294904260e-05
-3.631452948338760025e-05
1.338822913477918670e-03
-2.549881940157002966e-03
-2.265927872748259395e-04
4.141757418566874337e-04
-3.386974066513661718e-04
1.587783914911452931e-06
-2.179168994876898519e-10
-1.055525148115627483e-10
-2.224078731355584016e-10
2.214945142427667150e-10
8.954174173510563796e-11
-1.928337250680891973e-11
-2.556165675250572362e-04
-1.680618642682069931e-03
2.403624067659814598e-05
5.459949212083810115e-04
-1.231663873597139752e-03
-1.887205598841680489e-04
-1.827059851904541937e-04
-3.429011926088179271e-03
-4.162238479407715419e-04
1.816393120754516218e-04
-1.614913050392760812e-04
-2.447901748087144254e-04
-1.140886066049953294e-04
-3.198426114688190675e-03
-2.685045495084977625e-04
-1.873458377204217451e-03
1.070334178494929817e-03
-9.210309283338931384e-05
-8.369560015138566408e-05
-1.358505889948480230e-03
-1.073219243296543460e-04
-1.205057687380204886e-03
5.226465115202801092e-04
-4.515473400839395711e-05
-4.413869960240677127e-05
4.890371760552281221e-04
4.420382314082022912e-04
5.935968726189555554e-04
-2.076404551239086302e-05
1.760068060001867402e-04
1.931399595203288076e-05
8.988064349401251078e-05
1.009146990508233204e-03
3.880224860082157339e-04
9.451107931321824172e-04
-2.891357585851354921e-05
-2.004100699538465761e-04
2.545967945435535090e-04
9.943025042950836331e-04
2.615152746509271969e-04
2.651559045418350343e-04
-7.115170568234858561e-06
-4.789244319503081879e-04
4.394263354695524502e-04
5.838628501516376608e-05
-3.027182820965690343e-06
3.840895270454854760e-05
1.112276261275337968e-04
1.804758090993119454e-04
1.196245231848495991e-03
1.147614223819975500e-04
-6.027828893062568390e-04
-1.117534661603782281e-04
4.383996609655325927e-04
1.724545342207669174e-03
7.638679303900150269e-04
9.792450307719753611e-04
-3.195721605216624863e-04
-6.951314780362570457e-04
2.081219037475606152e-04
2.283342316529722083e-04
-1.089286746642090595e-04
1.232912425224062060e-05
-2.410042762647478457e-05
-1.181532839600577434e-04
-1.892364737041504113e-05
-1.769453655256563135e-04
-2.731942366717886751e-03
-2.370524022323278147e-04
1.262639358489038447e-04
1.949497454442563238e-04
-8.856950211012921644e-05
-7.131479891088097437e-05
-3.265132481720937462e-03
-4.594636696120007780e-05
5.019181315566216767e-04
-5.226969056790588871e-04
-1.986244364841840772e-05
5.966288657318121738e-04
-2.983795739937870548e-03
-2.022231666176136592e-04
4.410991862132152301e-04
-2.426911251229337064e-05
2.912266037834727665e-07
6.314504343330642859e-04
-7.745171087715778564e-04
-2.994793006160347340e-04
-6.275090728894716380e-04
1.189388568338546571e-03
1.936984824016738314e-05
-3.975210796264346411e-11
-1.223470156599866135e-10
-2.063979505189505743e-10
-4.838603219258769029e-11
5.770260210855302625e-11
-1.302601704120262296e-11
1.371648296520598111e-04
-2.590049921258822784e-03
6.249250069470113097e-06
1.219080125157903779e-03
-1.501677939805775826e-03
-3.479381971546098595e-05
1.100612178756834800e-04
-3.616331717073334277e-03
-1.240068110094855798e-04
-1.561926234425001377e-04
1.244854850265528657e-03
-4.891407403008661911e-05
-8.023515296623545603e-05
-2.166808829123016873e-03
-2.212494973120264988e-06
-1.747908542811416532e-03
2.050824671312745547e-03
-2.278287992810681175e-05
-1.374424794243149343e-04
-2.257474280507857267e-04
4.113960190762780628e-04
-7.898832198249544764e-04
1.647285273815225987e-03
-2.608072060830576621e-07
1.951410755286774631e-04
1.531544517889783710e-04
2.293494078905648867e-04
7.243799592424793505e-05
1.742378325158208457e-03
-3.844765301345857354e-05
-3.224982125355213558e-04
9.794499028177881600e-05
3.369711184011281858e-04
9.645100580362664120e-06
6.051281425479104032e-05
-1.927620520407149129e-04
-6.655355939797014467e-04
-2.941882625121539785e-05
5.704653742002033289e-05
7.557171325546518676e-05
-3.880941534685710369e-04
-3.493211557457715161e-04
-9.585571970980056862e-05
-5.740508310001428242e-04
-1.336408902374357178e-04
1.676907455627061521e-04
-2.298875064009035948e-04
-4.864624373414233897e-04
-9.032131851720285221e-05
5.031284440488466005e-05
3.678937394757828900e-05
-2.145326189743583172e-06
2.202708120924049364e-04
6.057903668437265914e-05
-1.761441492632257562e-03
-7.534290609477010004e-04
-9.987811505323496240e-04
3.396379776015500600e-04
6.472858155529928083e-04
-1.854643284896737607e-04
-1.404167117744785712e-03
-2.364510089206070271e-03
1.843623140236205573e-05
5.064855836733530171e-04
1.057836795752848123e-04
-1.451110153586912207e-04
-9.079729575893956363e-04
-2.947821931232283334e-03
3.889084532990418953e-04
-8.148919269468040782e-05
-8.731065311490521621e-04
-4.041533245997419469e-05
-3.523023205311988891e-04
-2.908169178853817986e-03
9.389074005779222878e-04
-9.474195077858864897e-04
3.254382666317116066e-04
-2.729542838079716011e-06
5.194408177140336655e-04
-1.591927518388969046e-03
-2.208132991959777956e-04
-2.126816327844102683e-03
2.593540239976863983e-03
1.172448384102532319e-05
5.284122971778411278e-05
7.168767397398204773e-04
-1.369028999756152429e-04
-2.363741264021621772e-03
1.901950429043961725e-03
2.157185483862872032e-05
-4.016546923649062792e-10
6.294595666205160360e-10
2.241448275828621321e-10
-1.517189682964129276e-10
-2.955458429276188409e-10
-5.380188338152377486e-12
2.928226449359861631e-04
-2.877223938271097035e-03
-2.110116190832548170e-05
2.474938313542068488e-03
-1.539305659822956616e-03
-6.758772329145311343e-05
2.825064796236796075e-04
-2.516962457201486498e-03
-2.115740370933086534e-05
1.203648675954206975e-03
-6.495928963711394746e-04
-2.755619216128015568e-05
-2.607118475810246507e-05
-2.684071442871847598e-04
5.983535796711922947e-05
-1.476044916911981161e-03
2.891197185948797023e-03
8.461816309052735215e-06
2.491374698909059400e-04
8.639380672234765355e-04
2.083599292064552879e-03
1.324790519075602982e-04
-2.290242692780243862e-05
3.187821953276187067e-06
-2.428140160323743720e-04
9.522679138912648784e-04
-4.004942839509277033e-04
9.889990525249036518e-04
-5.031280525423108187e-04
-1.465184248711505998e-04
-4.369711737160307920e-04
7.370537364498502050e-04
-1.998971863948115733e-04
7.342511751983795949e-05
-4.113466430259929006e-04
-1.819065666792793099e-04
6.585743085769783008e-05
5.976900861773873816e-06
-5.793198526922462734e-06
1.742351152778012086e-05
2.417237200048552462e-04
1.804804219754382411e-04
1.150016490639221351e-04
5.902817233594671691e-04
1.613018439037146833e-04
-2.095225747499853341e-04
4.488039237967049368e-04
6.887048230447811439e-04
-1.973766829168165776e-04
-1.222203034148516311e-03
-1.839015787970255935e-04
7.239732396530987324e-04
1.042145261407162563e-04
-3.638852683796170223e-04
-9.607868240165212898e-04
-2.277158008690750423e-03
6.069456650261970175e-05
8.386548901577140164e-04
1.388932077627033764e-04
-2.519494160818585931e-04
-1.586273887291771980e-03
-2.991096973544092510e-03
9.039078505077859614e-04
-2.610350582192577673e-04
-9.202010480234100584e-04
-1.163917089294754035e-04
-1.919917660733473077e-03
-3.236817008745198915e-03
1.786474613569430858e-03
-2.022715102254637933e-03
-1.170341544052029429e-03
-4.396581698695403744e-05
-1.039762331844869573e-03
-2.539892726383528171e-03
-4.165278334078877098e-03
1.327817221563114009e-03
1.375675708148648910e-04
1.371855643283661038e-06
-5.109510516503079939e-04
1.340226057487752215e-04
-2.092912571862854971e-03
-2.531169178128195568e-03
2.995861108520766428e-03
3.355534262016580968e-06
-5.439296984010857320e-04
2.515721430839824597e-03
-2.392021681533084559e-03
-1.409412732877749668e-03
1.526968367218252843e-03
2.868923727839072912e-06
-1.183263629309655063e-09
1.087146629757699768e-09
-1.126864454140947362e-09
3.140815115845597655e-10
-3.101040383284755008e-10
8.936838086206980410e-12
3.652767473753323478e-04
-2.274242962906292999e-03
1.615363397018085593e-03
5.987654499836230805e-04
-1.496693777343073703e-03
1.845019955369844679e-05
2.524854140690413083e-04
-7.265762154344456640e-05
6.625398639785595603e-04
7.399020790897352677e-04
-2.322598871429546949e-03
1.084135673378507306e-05
2.580057997917639657e-04
1.424059910824561478e-03
4.087907587084291770e-03
3.675978082787711954e-05
1.731812259496513849e-04
6.267201461437389189e-05
-1.806891254620086927e-04
1.040980246215165604e-03
1.563229589640626653e-03
-4.369554589691670814e-04
-2.189986629592037895e-04
3.712309693678619847e-06
3.821680199502837253e-05
-5.920619625717470837e-06
1.503394334666836974e-07
-3.384682645087208405e-06
1.870157119152878955e-06
6.539114083578895166e-05
5.194767976895214769e-04
-7.076102390218591727e-04
1.509078625509933957e-04
-9.409823462175699235e-05
5.135615481086453285e-04
3.606072869653099522e-04
7.257109845791398593e-04
7.542082373014127319e-05
-1.198604381679760177e-04
-1.493490859595616625e-04
4.518003554680732480e-04
4.706283835812115606e-04
5.271988199274438552e-04
-5.018326263173224569e-04
-6.442446114685192442e-05
-8.520095455987344391e-05
-2.797881052132235622e-05
-1.167315526784494647e-04
9.243068830217264665e-07
-2.423166314880837151e-03
6.062854644834378502e-04
-2.345907431008348757e-05
-3.467596551945450805e-04
-3.871446330057711372e-04
-1.186918875955486011e-03
-4.036264274913123860e-03
1.748683379441175537e-03
-1.033279168159128561e-03
-1.164792644860451276e-03
-1.482936948880851679e-04
-3.064880816202280971e-03
-4.354803489032018846e-03
2.223749216789141885e-03
-3.777819839353127335e-03
-1.611058257799866372e-03
-1.965307055488126693e-04
-3.206686054286511742e-03
-4.734676461252599645e-03
-7.095931269897923872e-04
-9.223315649657651185e-04
-1.350006769043210573e-03
-3.686673078531480565e-05
-2.097282164443502444e-03
-3.606337220170952908e-03
-1.217230033568028440e-02
9.640403972730787925e-04
1.337695274214910184e-03
1.849798140855707554e-07
-2.294055183851810217e-03
2.348851181322148592e-03
-1.398462694638785871e-02
-2.313653275569894853e-04
2.136334428562335942e-03
-7.318347658808388516e-06
-9.835978533930618464e-04
4.068563512334295515e-03
-8.612854339786705365e-03
-1.359471803436296830e-04
9.500621102202443883e-04
-5.157151518066898364e-05
-7.954514388938471241e-10
2.416109095800288604e-09
-1.041682777459456654e-09
-2.180454121405153617e-11
-2.947335128194501811e-10
2.292402283564606804e-11
3.771288438452208703e-04
1.043623496386733346e-04
4.429874148265343890e-03
-9.380165661090337679e-05
-5.210153847268803430e-04
2.956602058641693783e-05
1.611710186866171872e-04
9.010125470348355871e-04
2.175132408594940194e-03
4.749296268667192787e-05
5.716462674791922597e-06
6.077178627532061730e-06
-3.972191769470906396e-05
4.523187453082464361e-05
-7.535496636790203827e-05
-6.168371100407984303e-05
-1.454105645869556802e-05
-2.973138101051151218e-05
2.029427630579434469e-04
-1.088909904539053135e-03
-1.853407741271589741e-03
3.290879701946440670e-04
1.792789817212170692e-04
-9.944326466711081507e-06
2.472797541415898219e-04
-9.204694196839930016e-04
3.804617229568745570e-04
-1.214257624381802608e-03
4.472540421081538345e-04
2.026984609647271263e-04
3.249273272145463396e-04
-5.981955119191631210e-05
-3.736806783069524765e-04
4.130940561574035692e-06
-3.045265634961080150e-04
2.516156074760957486e-04
2.352849075185535705e-04
-3.031735069506067163e-04
-9.565219929358816271e-04
-2.089768624171273355e-04
-5.751492241118435090e-04
7.617914127571807850e-06
2.710360204213210452e-06
-1.924239429980108924e-03
-1.910913084145380257e-04
-3.322115863630726879e-04
-8.704533932700489409e-05
-4.048527126724926132e-04
-1.134094785207223881e-03
-4.306079590964419744e-03
9.918559892906062860e-04
-1.444327192585678982e-03
-1.350936132010017564e-03
-1.905015278426571269e-04
-3.589725213992870072e-03
-5.318468005439397003e-03
1.150493583255753202e-03
-5.532979261295635671e-03
-1.473385970419169083e-03
-5.861508275012071141e-04
-5.634921703701695206e-03
-5.773379719205317187e-03
-4.815618638794713115e-03
-7.037497525403304394e-04
-1.508361386670216625e-03
-1.982238785158683177e-04
-5.109621331386281218e-03
-7.149202336596948565e-03
-1.916040514825513921e-02
2.154305294892406523e-03
-7.598305160283628026e-04
-9.912419875280757911e-06
-3.536990567434444323e-03
-4.899905498373175600e-03
-2.133798899119468753e-02
5.896326893875926747e-04
1.015385731240630923e-03
-1.003925541422263753e-05
-2.636901578689677863e-03
4.006524324729612363e-04
-1.786940871196160754e-02
-9.667712857460476230e-05
9.737893683079380455e-04
1.760361934052454862e-05
-1.048450048989354490e-03
1.625592179793183085e-03
-8.301099977686640999e-03
2.965435654053279950e-05
2.551720314710727799e-04
2.473845815985609189e-05
-3.355904292074827827e-10
8.480703084286001143e-10
9.974324175120119065e-10
-4.963931170586643218e-11
-7.484133409709159549e-11
-1.758191674994140832e-12
-1.035688239588874470e-10
4.253009163357441156e-12
-6.197184792237477425e-12
2.172922401564983932e-13
-4.537632752624618128e-12
2.522985033474083180e-12
-1.582712584721096853e-04
-6.702521708330705418e-04
-2.305274564871630325e-03
-4.985390030842155596e-05
-7.175296469950597487e-06
-1.607826058551025978e-05
-3.714234790267912267e-04
-1.390338087264128509e-03
-5.245958920357425039e-03
-3.457264103660349930e-05
-1.005413965923946247e-04
-8.748676960085786361e-05
-3.631598719674594428e-04
-8.541739813596706732e-04
-2.443036898067564317e-03
-1.365795738713067656e-04
2.549639460656647581e-05
-4.052045125570417843e-06
-2.152674564347141050e-04
-1.394369738327263435e-04
-1.963059560772466403e-04
-4.172369978656755344e-05
-2.471896728211216924e-03
4.632407305332625211e-05
-1.061141263715654582e-05
-1.323697601819347810e-04
-6.499190764728612424e-04
-1.802893142906601286e-04
-1.602379120975653236e-03
4.297205813021082410e-05
-1.114663047525847600e-04
-1.447235298739346252e-03
-1.137432635128218751e-03
-5.846044599086585355e-04
-2.699747916887303357e-06
-2.468688837875994955e-04
-1.084095751830352295e-03
-3.594271427114317016e-03
-4.502643564514651029e-04
-1.275187718759098572e-03
-1.145110394785275616e-03
-2.550812473261665383e-04
-3.596214142497832032e-03
-5.265006877018872482e-03
-2.973612108231601594e-05
-4.868170337122874544e-03
-1.413426012004849117e-03
-7.718973988059354453e-04
-6.478337121825743748e-03
-6.348379478567037042e-03
-1.589399250284643031e-02
1.028282971297114453e-04
-1.558092364790762555e-03
-2.027542100957173301e-04
-7.657213816118116183e-03
-8.987667880654427385e-03
-2.148698497052894604e-02
2.778599758033574257e-04
-1.937270186797671783e-03
6.531374752573664656e-06
-6.201200742141935174e-03
-7.054780308988575256e-03
-2.532503984672910755e-02
1.860905797572552807e-04
-1.083243571867507351e-03
-1.261284523200022906e-04
-4.263134117442167990e-03
-3.665684580268409494e-03
-2.793212730033151764e-02
1.033197773000662226e-04
-1.519271113802296623e-04
-5.521993344915950832e-04
-2.037433762018722380e-03
-1.795639926865643830e-03
-2.146281305017824770e-02
-8.648443985207920524e-05
1.986778472648311248e-05
-6.133819548564342107e-05
-4.968255088130870420e-04
-7.218086350651109571e-04
-6.746919288837879489e-03
-9.182973842024801740e-06
-1.041504542114998164e-04
-5.605268390803897031e-05
4.088835168657414180e-04
3.994084254580409447e-04
6.949030153041189234e-03
8.136774775400463882e-06
1.046692829347163698e-04
2.208911747673403055e-05
5.888316542560865443e-10
2.103594231094520626e-09
5.893068177296341720e-10
2.724089059456072989e-11
-3.204079057909179523e-10
-6.363512518955438720e-12
-3.865004660368928494e-04
-1.104308756985240277e-04
-5.019445732803296326e-03
7.690064530107266713e-05
5.463622764617947526e-04
-3.630989390808390770e-05
-3.044354048308167454e-04
8.249031743144234232e-05
-6.703640316132210546e-04
-9.018472194450751758e-04
2.454845010290296163e-03
-1.407420964799277578e-05
3.182480102339081148e-05
2.720942871463270752e-04
-3.454497464255607431e-05
1.869084479589542365e-03
-3.060375023630967570e-03
-2.188135385982444074e-05
1.589837639705231202e-04
1.988390122593446606e-04
-2.830371168314085146e-04
1.076283126244538622e-03
-2.179731502197673060e-03
-2.432862729801070969e-07
5.285463536850813082e-05
-6.807872517354230605e-04
-3.329398088643928150e-04
-5.930186555746511849e-05
-1.769087525575769996e-04
-1.259785878877852522e-04
-4.888550357001754084e-04
-2.454335612440859942e-03
-2.373188024441237764e-05
-8.909707625657340173e-04
-6.844761762600351561e-04
-2.418230520646033393e-04
-2.821641879617732985e-03
-4.436439737506189286e-03
1.980355037050932033e-04
-2.559447894939631801e-03
-2.033914092181869290e-03
-4.635412196907973863e-04
-5.376883122520786755e-03
-6.381614557333965300e-03
-3.540259414731428914e-03
-1.903486452884630429e-03
-1.267868829508107722e-03
-5.489035399174850284e-05
-7.108833678017758423e-03
-1.002650677473527693e-02
-1.842578905413653351e-02
2.656193723969480012e-04
-1.687135308556465948e-03
1.234953105458975325e-04
-5.799910893807231488e-03
-8.373685494453990408e-03
-2.191362083438919486e-02
4.761691525433399668e-04
-1.013696508999586098e-03
-1.332433409912059185e-05
-4.186980415648538026e-03
-5.188239012470010139e-03
-2.701888763169251612e-02
5.651417433904981007e-05
-2.144353809568518010e-04
-1.957557361504153233e-04
-3.331060671998186534e-03
-1.132335763736923469e-03
-2.338094203904862375e-02
7.763434865020180369e-05
-2.892327194383173495e-04
1.989444591438728493e-04
-3.333086414203878333e-05
-7.716328662238377363e-04
-1.249636074375404964e-04
3.390967170491150380e-05
-7.361750498374886804e-06
-4.043236360067750890e-05
1.631453112814103918e-03
2.352679033635816236e-03
2.162728516975836318e-02
1.030342600170519330e-04
-2.286323864547730583e-05
2.683941707552858186e-05
8.731358466958698099e-04
-1.677431673312466606e-03
8.222125166356066342e-03
-1.958148508657369367e-05
-2.685664449125912826e-04
1.318647719289871481e-05
-6.935266684303245553e-11
2.654577063208516842e-09
1.304263171640182584e-09
7.811105086801231318e-13
-2.952194106838538885e-10
-3.150276582996292604e-11
-3.973479840925020295e-04
2.606444556877212607e-03
-1.699172194458310227e-03
-7.029077354841781287e-04
1.694550429906416201e-03
-2.419494254906135852e-05
-3.331702790499969057e-04
2.578059770343162256e-03
5.358467355124786461e-05
-1.392419141701582968e-03
6.342233394961553118e-04
-8.020118109467518170e-06
9.565370461028311136e-05
2.390519540591677129e-03
9.545573728532484679e-05
2.439188417489314507e-03
-2.224161604002115791e-03
1.357811091559155210e-05
1.351866806175352077e-04
1.332075804080503191e-03
1.901793187398340427e-04
2.471227715585079792e-03
-4.777810958567887457e-04
2.746597141329377863e-06
-1.819334893234560570e-04
-1.498445351461211259e-04
3.256188279302290526e-04
-2.838748071953961765e-04
1.166208137394206186e-04
-1.968182587960428623e-04
-1.615409043554297481e-03
-2.336515187558996492e-03
9.890023269020769160e-04
-1.295461594250199317e-03
-2.428337115084562136e-03
-1.719091413067404890e-04
-3.082563720861778225e-03
-5.325323549921566479e-03
-9.607907454749824118e-04
-1.701511250164508635e-03
-1.240553716826428218e-03
1.101963981248612441e-04
-4.326627117258192295e-03
-8.684344892450372375e-03
-1.523940618168702875e-02
9.951639704586614284e-04
-6.017815651619493750e-04
3.077264537988474860e-04
-4.386939473955989328e-03
-7.757604949263301186e-03
-1.309797637426903145e-02
1.296547888142625306e-03
-1.150773571309312042e-03
1.281145133069655365e-04
-3.773954307915656451e-03
-4.090426957617556737e-03
-9.306361252907893386e-03
-1.248775607696486973e-04
-7.621566796197454079e-04
-1.660220745343119809e-04
-5.029672103523340730e-04
-6.198393508290093567e-04
8.356693505701778249e-05
-2.521214859140894767e-05
2.119939579230726187e-06
-8.466140683813979111e-05
3.414438986709870602e-03
1.265246665888004169e-04
2.019991961715276660e-02
-5.421702229813442125e-05
2.696851668050724983e-04
-2.830795458821798905e-04
7.063773077169163174e-03
8.317606884198266645e-03
2.907680565444985266e-02
-2.458060126913471028e-04
4.918928510176503104e-05
2.425152404122250718e-04
2.136347269010547591e-03
-9.707332034651613767e-04
1.837367144039364977e-02
6.205578265014591928e-05
-3.703179697592058790e-04
-2.573826403956732409e-04
-2.704549446241415235e-18
9.775111698130945384e-17
-5.625124331566485349e-18
9.908109206851866683e-19
8.168216160142921536e-18
-5.387276019498490882e-20
-9.471929434889965862e-04
4.352563135759695417e-03
-9.655986684151280849e-03
-1.440728166340593920e-04
1.057769554111689546e-03
-6.755483419313027340e-05
-1.137251667921617033e-03
4.531132806181596522e-03
3.359109902128637324e-05
-8.370836007068022805e-03
2.859629509109341741e-03
2.939443777385045989e-06
-6.161703255109314461e-04
2.999391946593376289e-03
2.400717683331860409e-04
3.105068070389430286e-03
-3.425519434320498536e-03
3.769698435567788658e-06
-3.095168686873861258e-05
2.095528417929394798e-03
2.718135486676599515e-04
3.973105228372784438e-03
-2.014967065611716467e-03
-2.466799855190129082e-06
9.273271247292067334e-05
1.613984619706483560e-03
9.179499760601680632e-05
3.528218854221457090e-03
5.338753127186330596e-04
3.692875403096860745e-05
-3.816768791743635827e-04
2.678434166081157660e-04
8.604805189520968727e-05
1.146712868963464371e-03
-1.159205886835646109e-03
4.439239777935606221e-05
-1.396892546049987400e-03
-2.058764177218886954e-03
9.547636815855883364e-05
3.188132538884069734e-04
-4.492663577089429233e-03
1.786654383436308950e-04
-2.518122620964491441e-03
-4.226438770267254390e-03
-1.172407237032791448e-02
-2.708472273720859526e-04
-9.349908965247962053e-05
2.735119678090432377e-04
-3.755236079231474584e-03
-5.356245110242865114e-03
-1.721427315760143059e-02
2.560362299867627745e-04
2.503680683501657989e-06
1.750413257429704595e-04
-4.201637066100769209e-03
-3.845758745577931761e-03
-9.158227063337423535e-03
-1.170717553426161499e-04
-6.804118318636744218e-04
-8.221415184456782623e-05
1.230092449703281116e-05
1.101715856443587590e-04
-5.858276068490040722e-05
-5.554890685660454402e-06
-4.128533857545841418e-06
-2.994077065051619751e-08
5.526659531129529852e-03
6.484785333399981089e-03
1.717175918932899170e-02
3.600849455982004258e-04
-1.364681481787906880e-05
4.522089105503773981e-04
9.414545106913387723e-03
9.481845243962151726e-03
4.403888218479035804e-02
-6.232118437937915728e-05
-9.832369612801406553e-05
3.895538774210821902e-04
4.007017587726293718e-03
4.760613005397093707e-03
3.192482899921555983e-02
-6.217196993089680072e-04
-1.227250732084714724e-04
1.384544340248449400e-04
1.843664274607989192e-03
-2.473995838262952641e-03
1.166142605484029801e-02
1.980071880452156463e-04
-7.763968179243264109e-04
5.788834241433394963e-06
1.219307968688818180e-10
-3.114651567167099090e-09
-1.794606241579519443e-09
-5.381935356235509730e-11
5.038484551203307040e-10
2.260986192424258392e-11
-6.094498657872959944e-04
2.899271917590035778e-03
-2.427016022254121011e-03
-1.529442498789500369e-03
1.759025199411496862e-03
-1.431600268229388699e-06
-4.840694379848760180e-04
3.270006715059177449e-03
2.206883354811431895e-04
-1.656552300400107938e-03
6.477738007774682403e-04
2.702183290092359256e-05
1.513799085555885807e-04
3.743358143001957513e-03
5.653463024929105936e-04
3.415242946802257012e-03
-1.886306558267313808e-03
1.604648919481791279e-05
2.630447618872135129e-04
2.935017226279841053e-03
6.280349161751055866e-04
4.618071288159369264e-03
7.735331577982148925e-04
9.797825063826845688e-05
4.261838163745411650e-04
2.058523962210883490e-03
2.632267192991071783e-04
2.666956472024131861e-03
1.341042381356112351e-04
2.934656616660051044e-04
3.632797970745052377e-04
6.634302413950776559e-04
-2.010107960349792004e-04
1.392321253431569100e-03
-1.835939494783187268e-03
2.599137735318220004e-04
-5.549675421500919244e-04
-2.385800304347312150e-04
-1.963972965889884594e-03
-2.941439585632013923e-03
8.139542824867693075e-04
2.673829144075012517e-04
-8.883984303526494455e-04
-5.418361606765958018e-04
-8.253506020971532534e-03
-2.222222414824222758e-04
3.686963589499583070e-04
1.240845732090437611e-04
1.040168867997721394e-03
-2.537613998604764138e-05
-9.204973204863423455e-05
9.863593968985811278e-07
6.019011413994846055e-05
1.464422889794301154e-05
4.003148737159017631e-03
4.089532967359863110e-03
9.630431903798647095e-03
1.407087425514109795e-04
7.887527872927499678e-04
2.217886951885628284e-04
5.909860010138041735e-03
1.119074283261682970e-02
2.853276631672519228e-02
-2.330387447020525475e-04
-4.651814439765495387e-04
1.773900954461604771e-04
8.428251698264560207e-03
1.023517194772021431e-02
3.443625213803346019e-02
-1.660639726992444050e-04
4.010880940774133054e-04
4.760188557791410481e-06
6.622406562306999527e-03
8.316641490585086061e-03
2.998755033235818088e-02
-1.820794142282563697e-03
4.393722637205625800e-04
8.381943164716135482e-06
3.697113947674179717e-03
3.702099391302665979e-03
2.402484177594725601e-02
-1.172238345547858699e-03
-4.625579799292349752e-04
3.527508932240565725e-06
1.075767830413380463e-03
1.730412978944147282e-04
9.413989511304879723e-03
2.651938225203429532e-04
-1.202926407849835497e-03
1.048495820964889998e-05
3.568608648263247169e-10
-1.706305434596312604e-09
5.590214636706112718e-12
-4.869068262736167596e-11
3.391154708387800596e-10
9.424318259092602870e-15
6.808443515964381369e-05
8.092142704306037404e-04
-1.563598466775501308e-04
-2.398928430671931102e-03
2.108885306335233235e-03
1.732776565925664037e-05
4.671788100378747267e-04
2.214520810033142328e-03
3.244638945025086715e-04
-9.943861980549661885e-04
4.985876755976328392e-04
4.515582867215860646e-05
7.730521617718674786e-04
2.999562631524191770e-03
1.459065638262876420e-03
1.585951002202049247e-03
1.211031387187429464e-05
1.429914222591421218e-04
7.579449130701654616e-04
2.840113044059922390e-03
1.182054274730481077e-03
1.217451203689783393e-03
4.901171591964144977e-04
6.033957220088654065e-04
6.691061930693707532e-04
1.871112288012300720e-03
1.097928780150083636e-04
-3.782519985083646627e-04
1.835062080882106719e-04
3.312282109142753914e-04
2.314062445678879412e-04
6.375309578615760567e-04
-3.110387551521918894e-04
-1.856987063043494734e-03
4.672413757358947302e-04
2.145807469610063899e-04
2.900718911037666035e-04
-1.792366637983539739e-05
3.489303468507925078e-05
4.975155626709029086e-05
5.697692262961270187e-05
3.789289926453952447e-05
1.724233625119688147e-03
3.102366157803733903e-04
6.229677488861298101e-03
2.556929099631404466e-04
-2.919165709762158809e-04
-8.872557262705496020e-05
3.712366401658284687e-03
4.532321979034397569e-03
1.436637877491261754e-02
-1.899603968593922495e-04
1.561408513430805720e-05
-1.056441583254430272e-04
5.917541422135361509e-03
8.286872708562943377e-03
2.143418864618348851e-02
-4.082103995106229851e-04
1.040580775469392193e-03
2.521130617984587081e-05
7.778155570456944841e-03
9.015474806788161335e-03
2.254321234150236802e-02
-2.553826237074824867e-04
1.967223916920435127e-03
-6.455163657131471615e-06
6.867905077856961867e-03
8.956660826632887110e-03
2.729314661207465215e-02
-2.205562666724432495e-03
1.306309901465670196e-03
3.849902212634728879e-05
4.940596026091898831e-03
6.636999464555126335e-03
2.412040079358629407e-02
-3.254727734151253906e-03
5.230019700916752187e-04
2.352148558548378682e-05
1.724499740607320477e-03
4.055272000592115289e-03
1.326586549777940445e-02
-9.522076169909405967e-04
-9.731401215643489160e-04
7.318155758553439790e-06
-5.852164766615658518e-04
2.514051881972233313e-03
3.615662475222743491e-03
1.189563630923423567e-04
-1.673147473073286319e-03
1.099754711934422369e-06
2.301124639966399356e-10
-1.929797166078446514e-11
5.216927844285171309e-11
-2.149588014777954445e-10
-2.865962645722829547e-11
1.704468089956038697e-13
8.073198159207781253e-04
-8.898996622754126642e-04
-3.384562026923080332e-04
-6.628906323920246693e-04
1.200698940200706612e-03
1.352128095609563805e-05
1.354176075465296242e-03
3.083990809090038886e-04
5.278294958735199301e-04
-2.331465703052168633e-04
1.278857389700212418e-03
8.429179966286230469e-05
1.242091704835121980e-03
1.938627150982506937e-03
1.705290562474768949e-03
4.730536449361358808e-04
7.686146672820737095e-04
4.805421278125707836e-04
5.806477432683060597e-04
1.661934398136403297e-03
2.497456180723189939e-07
3.823509458609664242e-04
4.305020122052608694e-04
4.186380451307975762e-04
2.528028944450072600e-04
-7.130111380667363962e-05
1.106872577443372452e-04
-2.448490142829110963e-05
3.116822052904674885e-05
8.518515881878844793e-05
2.731064391289787416e-04
-8.259640950145091679e-04
3.544842646137586015e-04
1.551248310694420575e-03
-3.384656053867370843e-04
-9.776344276346852699e-05
9.131623446044210852e-04
-1.424460365688110604e-04
1.558521638101296623e-03
2.745884608304920843e-03
-6.498459913301754152e-04
-1.130349502738279584e-04
2.543996416577699177e-03
3.767287490398936543e-03
9.367620450743484317e-03
4.263442373304200152e-04
8.508579057636149923e-05
-1.836843234008938316e-04
5.757246899846146966e-03
7.482691278472401036e-03
1.553007417169288348e-02
-1.381669794668424897e-04
9.299852972902210128e-04
-1.199039889221285469e-04
5.804146299450542966e-03
5.589839717447124372e-03
-1.645606487225640671e-04
8.923774999759704479e-03
1.567001555904712178e-03
2.374407695472810997e-04
5.730120875835834418e-03
5.903402476503248619e-03
4.713389216535302829e-03
6.768032100231555692e-04
1.520783691051349768e-03
1.904734072752770383e-04
4.665868120976962054e-03
5.600528066552727322e-03
1.233862342867223134e-02
-3.397901862213526317e-03
1.301024643119453109e-03
5.616482307788050289e-05
3.326993418301438070e-03
4.536405436492263639e-03
6.628436428986528295e-03
-3.489363542839313964e-03
9.421036496368257948e-04
-1.727487485909789196e-06
6.802539416935197330e-04
3.397309102271361785e-03
2.084597161790907160e-03
-1.011225940955549950e-03
-2.398474671519639856e-04
1.001365743099913878e-06
-1.183612528782967402e-03
2.948679847553262005e-03
4.901551198714041834e-04
-6.493829679765265135e-04
-2.708288924504445756e-04
2.375132610649952049e-07
7.723346266611810040e-10
-2.489356065900514848e-10
-1.900929956599009273e-10
-6.772344781273947942e-11
8.399668642319611616e-11
6.283368435969869772e-12
1.771514342340902663e-03
-2.813829643634903083e-03
-2.414062507924689038e-04
5.341981233486183716e-04
-2.515208077874397257e-04
-2.159861323510429095e-06
8.951891987496212637e-04
-2.383708862917660945e-03
1.391455337284902907e-03
6.813650273338862050e-04
-1.284896089614130296e-04
-6.513129760189977538e-06
1.910161350620305856e-04
-2.701502069531231705e-05
-2.666091521892341576e-05
-2.156115055302362631e-05
5.479268828860375790e-05
2.924544261325376585e-05
-1.694853996080922297e-04
-1.796567586445064384e-03
1.502418426801178377e-04
-2.338077727811107426e-04
-3.259821951333875811e-04
-2.929520184065645991e-04
-3.063371978697321599e-04
-1.938166716019248731e-03
-6.794068485618574924e-05
2.445803812786239546e-04
-1.493174567360174357e-04
-2.352330367766414406e-04
-1.013237205943007875e-04
-6.859470344706677589e-04
2.227374042585295976e-04
-9.776321159349183297e-04
1.247350539270375251e-03
-2.240967429973703722e-05
1.416826758539775416e-03
1.525223272746143192e-03
-2.533828758848487005e-05
-1.080866753676654060e-04
3.445072929402172388e-03
1.543028320493568844e-05
3.601976699588832400e-03
4.402759359404588568e-03
-1.306248166444437205e-04
1.657320722938906542e-03
4.169196349145732304e-03
1.444985881040020050e-04
2.571191334940706261e-03
2.844263697698553531e-03
-7.618053476267424570e-06
1.093377449950128132e-03
2.289820812803567644e-03
5.139445900861021712e-04
3.229136036276052980e-03
3.639600604569593820e-03
-1.182757979403524853e-03
2.752788347884355374e-03
2.105667339305686281e-03
4.155547112109651202e-04
3.077070824250639856e-03
4.307331504033436696e-03
-2.182756556960679072e-03
3.643911404508303267e-03
1.576087615385428050e-03
2.001361162768085309e-04
2.510852318317319167e-03
3.637239447558691940e-03
1.311072376326786952e-05
-9.589217669535566018e-04
1.198703071525303874e-03
5.180537959053207840e-05
1.792907812992013822e-03
3.258189910401285486e-03
4.196793366118600944e-05
-1.015613241971607527e-03
6.347268635975097549e-04
1.866971430636977029e-06
1.764061424626822943e-04
3.957016404349909290e-03
9.623531152642061590e-05
-6.285166706836795708e-04
5.563807391115922242e-04
-1.999313184403442252e-06
-9.101917572064806500e-04
2.938037326888480374e-03
3.681522758661203744e-05
-3.333607073126198714e-04
6.114258259924986501e-04
-2.127905470346462872e-05
5.367366381380835188e-10
-2.986709924237681096e-10
-1.550412139088706992e-11
4.857026196426632364e-11
1.228152782703486773e-10
-6.378029686280358596e-13
1.620603821763569438e-04
-4.255584086396707334e-05
9.658040730430163828e-06
2.417900444868662112e-05
1.024658879227342964e-04
3.023351474523297292e-05
-5.661641353278557692e-04
2.444027500956160760e-03
-1.102740013792468526e-03
-5.994193851912686536e-04
2.718653616537883375e-04
1.383493779390876182e-05
-8.631644139688223610e-04
-1.932215597832465321e-03
-1.642292811266827428e-03
4.552674427910254610e-05
-6.290119008375784273e-04
-6.465585066190107253e-04
-5.383740804899951951e-04
-2.646616160393946027e-03
-1.002536079194263829e-03
-8.861124915248436021e-04
-1.168118775695210836e-04
-6.626716137027738058e-04
-2.607331147375604617e-04
-1.802949717260312430e-03
-2.013170742818640093e-04
-1.965341740724690141e-03
-6.599982987347345056e-05
-1.817586125429469107e-04
4.654627311521490618e-04
-2.578761400160321706e-04
-3.261456155620745545e-05
-7.556567892835298677e-04
7.269265293786305844e-04
1.360776644554698037e-04
1.405413295484130975e-03
1.574726873432667588e-03
-2.893992059858332337e-04
9.976591158986879149e-04
1.463299310589438653e-03
4.016305455556854137e-04
4.349480504745097142e-04
1.304275361447877193e-03
2.420614790984164692e-04
7.845924887113518492e-04
6.437367571912345219e-04
2.665576656274350632e-04
7.002639574683539644e-04
1.997618044634495368e-03
-9.200714001543746495e-04
9.481413421451433815e-04
6.869284385002053916e-04
1.662455201107590453e-04
1.076250222042253240e-03
2.392398192451651411e-03
-1.925887931303857641e-03
1.232512421937175364e-03
8.387265600644094876e-04
1.404199690733609705e-04
1.586658015911991031e-03
2.950361825258999027e-03
-8.958202210908929606e-04
2.554618620999931852e-04
8.402964784129480710e-04
1.114806851846048376e-04
2.143875553610174577e-03
2.465037151883070141e-03
-2.089072651054375048e-04
-8.975087755596569553e-04
1.456845379696977705e-04
5.331037602463742174e-05
9.393819765807328226e-04
2.600077225280277189e-03
-1.311338105593731675e-04
-1.782047349720018551e-04
-6.974105212490735865e-05
3.151306252538370952e-05
2.688795042121824687e-05
1.750680856743105397e-03
-3.475300620189360358e-05
-2.860464762006199846e-04
-7.385303117134540312e-04
-4.787899801075361320e-05
-6.508272696188563834e-05
-1.059621016150896604e-04
-1.247554243020791461e-05
-1.842418404413340670e-04
-1.614802444390156381e-04
-1.611474454509240046e-05
-2.731828753695177283e-10
2.353520321322274094e-10
5.318761637300093290e-12
-8.066537492892936887e-11
-1.676201861582143214e-10
-4.328863543296874126e-14
-1.350606260779682209e-03
2.532724452086055310e-03
2.111172183051480522e-04
-4.322120919074031440e-04
3.474738875115144740e-04
-1.120974479865539353e-06
-9.732274266941378250e-04
-2.758238399678023629e-04
-5.003439045710699482e-04
3.358831872471695207e-04
-1.363832643092061743e-03
-1.077906144478473079e-04
-5.561661182197689089e-04
-2.637261691936658263e-03
-1.209427082678033805e-03
-1.128281046509849433e-03
4.219250971980869507e-04
-1.759810873235578572e-04
-1.851713416209493359e-04
-2.560196750141087961e-03
-4.968082546256289084e-04
-3.173378744333186369e-03
6.398108100639843037e-05
-1.342190569398561879e-04
-6.096829383268279751e-05
-1.385262564862321149e-03
-6.456488567316509769e-05
-2.128680250004595566e-03
-3.143137479047907628e-04
-3.362782338932868538e-05
1.071717255402785806e-04
1.477542530861962282e-04
-1.905852513615893448e-04
6.092159194995704248e-04
2.162905467931783667e-04
2.364703371148936897e-04
4.195980701583918591e-06
3.386997116270477393e-04
8.446999213357604761e-04
5.224491495469302032e-04
5.799233901610693432e-04
-1.572409602568483738e-05
-1.109099928848155617e-05
5.460856327820358359e-04
3.644398357502326761e-04
5.411832677486442048e-04
-5.870636462987879791e-06
1.167114814895487806e-04
1.152022917549635713e-04
6.098473389874444015e-04
-7.425909963227343875e-04
3.496513128465419972e-04
-5.677570692357602377e-05
1.845271193104815286e-04
8.132061451309486200e-04
1.213755671607510446e-03
-4.308895698395825849e-04
1.155611307829376618e-04
5.898549888412910839e-04
2.173675037089147150e-04
1.383923002739734015e-03
2.420391828035373810e-03
-6.055786283767180618e-06
-4.663400560506462587e-04
-1.592623376539844377e-04
1.475353423219808097e-04
1.642750279693709061e-03
8.819929106496252145e-04
6.680963236130207884e-05
-1.907269424678977813e-04
-9.946817055828537264e-04
1.730684931088946360e-04
1.270001959347858897e-04
-1.333625354780292288e-04
-1.216356927274145984e-05
-7.121851479297203929e-05
-1.767141873271464594e-04
6.691490432376569069e-06
-1.492088230140262929e-05
-1.968663394414864754e-03
1.371757624285320418e-05
-1.055539938742010346e-04
3.920151962255345800e-04
1.244846466065255041e-05
7.706229813933721624e-04
-2.935502102723799942e-03
-3.088520934879201811e-05
1.502573862681114310e-04
-8.788241954881214051e-04
1.063787219572074740e-05
-2.569640276846787853e-10
1.380199267948561791e-10
7.025915433297325899e-11
-6.007286555912010461e-12
-7.244905011644489040e-11
-1.899789782412443267e-13
-6.527668059655410962e-04
7.652458641160970456e-04
3.041704983654121806e-04
6.245003588903424128e-04
-1.214372061537798749e-03
-1.696069936856304177e-05
-3.554211642773883752e-04
-1.965335724659986009e-03
-2.741299400110989255e-04
8.790225011264555730e-04
-5.830334932573830176e-04
-3.797235281629481062e-05
-1.184720611070075563e-04
-3.175582829249262717e-03
-4.595805060358738089e-04
-2.581584399447751834e-03
1.969879190035447349e-03
-1.640890534216911842e-05
2.585283548929062837e-05
-1.908857055410051462e-03
-1.991777211203415077e-04
-2.944792200914438194e-03
2.114103971072426019e-03
4.319411612715261595e-06
4.892629359933345447e-06
-3.194649541016469614e-04
1.099471604450553497e-04
-1.124107523725096768e-03
1.656529874930141259e-03
3.175451338849568419e-05
3.793821412195305838e-04
-3.999929348397220093e-06
2.276792908535892328e-04
2.314119984714546022e-04
2.044564689011544884e-03
-8.374294780508818338e-05
-1.245303697226552981e-04
-4.456839228222545879e-05
4.945050717246339458e-04
-3.343761526603093189e-05
9.766226358034096108e-04
-2.724752550493906200e-04
-8.480594905865405139e-05
-4.309490711720383388e-04
4.042401860138800725e-04
-2.176724475223156452e-04
-1.704236419401172803e-06
-2.905899890026170042e-04
2.660085941127032934e-04
-9.578408362396069161e-04
-3.156291562249272239e-05
-1.402781619745727451e-07
-1.437791689000835285e-04
-1.726108752987041387e-04
3.580568356480196826e-04
7.001682443506244058e-04
-1.938935685020394455e-05
-8.003173281434419317e-05
-1.974628665493743785e-05
4.444761211633562760e-04
-2.717208972441216997e-04
1.588979593318071289e-04
-9.305763812610829690e-06
4.451679590668872563e-05
4.336814359204031245e-05
2.629680210090916360e-05
-1.636194182256138453e-03
-8.748743878825751118e-04
-6.053059062382279664e-05
1.948452698078959370e-04
9.656015749907507183e-04
-1.689250656183419771e-04
-7.598981212194012239e-04
-2.640803814970884775e-03
1.469342122906360383e-04
1.013834637041247143e-04
-3.259172763668100286e-04
-3.561805700874752550e-05
-1.559208539200246542e-04
-3.519934263759294090e-03
-9.966143503838210201e-05
4.471489822142856764e-04
-7.662522229583543969e-04
1.003757771371850823e-07
1.007455074228909677e-03
-2.887503154802791277e-03
-4.729864926943435494e-04
6.232179698290987767e-04
2.797386202157009787e-04
2.126891452010741048e-06
-1.172422877519432455e-10
4.265934633408461427e-10
-1.384954058657150962e-10
4.298439861801111072e-11
-2.777715807136471995e-10
-3.938637110117221646e-12
-5.180990163100677857e-05
-7.268139653978483413e-04
1.374797312930736801e-04
2.351795001666386921e-03
-1.907251211597788768e-03
-2.115235529037769150e-05
3.856236330821475006e-04
-3.124006183268559968e-03
-1.846572467599509506e-04
1.440252903399934009e-03
-6.615852185166605113e-04
-5.837535904008439564e-05
5.261842073165893131e-04
-2.638532705189742394e-03
-1.730579550812513161e-04
-2.296064652257840191e-03
3.201198294925429715e-03
-1.542526514913073873e-05
3.831567416154318820e-04
-4.272331651227180235e-04
2.120968043701539023e-05
-2.347483895173524317e-03
2.646427239612589993e-03
5.041318536575985604e-06
6.563487912357138417e-04
3.929339442128240169e-04
6.468827650771287300e-05
-3.992472705787415764e-05
4.197677307401120536e-03
-5.819321776537717911e-05
-1.940550589685895511e-05
6.958418919017065371e-05
-2.071214499971545271e-04
-4.232704826588123363e-04
2.053519424323306704e-03
-2.138651137470201169e-04
-2.028276690839022299e-04
-6.419094966216799467e-04
7.528473014072945869e-05
3.806309925690817960e-04
-6.396303963425298408e-04
-2.925390232041947224e-04
8.623576611752286038e-08
-1.507298453081857854e-03
2.115786816027449206e-05
9.881564885401414636e-05
-6.776706469927718662e-04
-2.894192161994657889e-04
-8.108054099867018148e-05
3.536075370325867940e-05
-4.946353267682019677e-06
-2.675153655089478722e-05
2.752361287152255359e-04
2.135668453387127338e-04
-6.717279547120369671e-04
-6.389271594025858203e-04
2.513324380560473469e-05
1.567044759798779036e-04
1.812522432290693372e-04
-2.750909071436633793e-04
-1.788138936552761439e-03
-2.345707728752009086e-03
-7.615065352812913613e-05
6.693271004036428079e-04
3.135584658876772006e-04
-1.092449219167649879e-04
-2.100315830579945701e-03
-2.521513922637102102e-03
2.131238960829603415e-04
9.346576134145287863e-04
-2.510231712896577086e-04
-5.098375848407264433e-05
-1.584820625610726874e-03
-3.217090743112226842e-03
-4.341771411282281093e-05
8.878389055978721427e-04
-7.639656511721409698e-04
-2.954486944572512441e-06
-5.698267853101345775e-04
-3.308026641996323226e-03
-2.067927398193579892e-03
8.837641720155555445e-04
2.649346168913589944e-04
3.433959142398929103e-06
4.991613270935268791e-04
-2.317446691324784227e-03
-3.381124492448402911e-03
-1.172230414497729884e-04
1.479430433431231338e-03
1.607120806342925861e-06
-4.958141963357482521e-10
2.607382834754278616e-09
-1.008738116970325971e-09
2.132601556081382373e-10
-6.162434306853414831e-10
-2.243675008632753665e-12
5.498900602285696718e-04
-2.497644655644105666e-03
2.341198201981450292e-03
1.403887628547000185e-03
-1.535435628796518901e-03
-3.143454274810608830e-06
1.072020483778735956e-03
-3.819554784239172478e-03
-2.753882454070034140e-05
7.088314256322675831e-03
-2.620596230873301589e-03
-4.712611339854920562e-07
9.519506532679633971e-04
-9.379119232065280835e-04
-2.530623082699340095e-06
-6.268217499157059842e-04
2.567827631174220918e-03
-2.492353031045247436e-05
7.699477847277591113e-04
1.032390288318358771e-03
8.726965827524052477e-03
-1.144196998391387515e-04
3.077596328892618911e-04
2.620634704725079652e-05
3.547281537954315319e-04
3.951901253350056280e-04
2.423627065032290834e-04
5.002203704585516438e-04
-5.640218042881413492e-04
-3.809446083545249898e-05
-5.037288587680112644e-05
-1.059469427858343105e-04
-1.932810244574823531e-04
1.539197402909166495e-03
-4.532510281753670970e-04
-7.148742527037520481e-05
8.046859079041149504e-05
-2.435237358369302751e-06
-3.779769007680609989e-05
7.858748313046442240e-07
1.014199471563601913e-04
1.603509953326819103e-04
-2.691394859654603537e-07
1.549912635055491128e-03
-6.126892098426476002e-05
-1.579909308144041480e-04
9.539031548480497247e-04
5.905177771959299387e-04
-3.759189889606056700e-04
9.445143661549204334e-04
3.931507217441963787e-05
1.091859014261917801e-04
1.361708860996519517e-04
1.545648397401190946e-04
-1.021279130761607859e-03
-1.221429227129752293e-03
4.922409715350249725e-04
-5.428837109153696766e-05
-4.303047364884152897e-04
-1.743242406731701749e-04
-1.793206155805437659e-03
-3.094870398652177675e-03
9.547732003665539841e-04
-2.709869805778880093e-04
-8.073027866091138675e-04
-1.026090795007601888e-04
-2.493045207482154444e-03
-3.813347602222968459e-03
-1.339536854231096371e-05
9.827784540799608219e-04
-1.236293975858916315e-03
-5.988038534873786644e-05
-2.619534306951030751e-03
-4.504315937874301713e-03
-6.036956799593103974e-03
3.392241158652624725e-03
-9.536366665564635636e-04
2.469120823035729164e-06
-1.306404380576793112e-03
-4.329191570560274836e-03
-1.061350820512789624e-02
9.603470944212213426e-04
8.445677763486840765e-04
-1.599015405203373393e-07
-9.746430024078715088e-04
-1.643831395779529975e-04
-8.158050952039357095e-03
-2.626804029000493141e-04
1.063630821394974911e-03
-9.317509307873165746e-06
-1.282108143841514257e-09
2.779582692521739734e-09
-1.432028307481384533e-09
3.879423881791930818e-10
-4.793359164592878641e-10
1.746247372826292958e-11
9.832896873630055275e-04
-3.899938657469355363e-03
8.867032663038466531e-03
1.272697912065742743e-04
-9.703197713612683479e-04
5.284866153613363853e-05
1.276987464929951570e-03
-1.614416027872514871e-03
1.196082944603907815e-02
-1.416822290767656367e-05
-1.397977340476007531e-03
1.373552237889811295e-05
7.257578470331247896e-04
1.481099980209105767e-03
1.046001328901797166e-02
7.375656949776378333e-05
-3.133966025031546598e-05
2.641585990933934760e-06
3.431902459159979048e-04
6.858748278277565936e-04
5.813382875378672078e-03
-8.814679587101717246e-04
-7.924400851004813719e-05
6.267582772646641583e-06
8.523338263254784061e-05
-1.098572460672124031e-06
-9.515134959938108510e-05
-1.320212200089791493e-04
-1.085680761930214742e-05
3.281106848405114090e-05
2.197124991565359829e-04
1.572448416294773066e-04
1.348654715469773725e-04
-1.942556817773216128e-03
4.449526566046429219e-04
3.332065910650264663e-04
3.601040314291610654e-04
6.985065728260528642e-04
-6.318891046117111469e-05
-4.796000498063237812e-04
5.457181641186213033e-04
4.592799510636796792e-04
1.192139833654779938e-04
4.563470349496030125e-04
-4.166439749790543210e-04
2.680079849568761620e-04
-1.739026807841082618e-04
3.318027581089499846e-04
-1.611658670050164250e-04
-6.244595146791759657e-04
9.506746385611208492e-04
-3.132826873656431501e-04
3.330476455150998129e-04
-1.598476208642350671e-04
-1.329848883419469316e-03
-2.573535503209904360e-03
2.306830406612400165e-03
-1.232093002576500071e-03
-9.255107766401618431e-04
-1.588550111945748449e-04
-3.434041396812673955e-03
-4.584760837145529337e-03
2.465188245361763127e-03
-4.005539852265830626e-03
-1.565785215651878393e-03
-1.846501836918445745e-04
-4.613761381063680687e-03
-5.445530684936532480e-03
-1.304239156073230127e-02
3.508666177967547945e-03
-1.310379967291569513e-03
-5.932168412432404126e-05
-3.768267983003723617e-03
-6.769845147582595479e-03
-2.057058178370058110e-02
3.186846783343645281e-03
-5.162799071256917501e-04
-3.648870524657129144e-06
-2.479349537304206819e-03
-4.576195309889730979e-03
-1.967701824760499998e-02
1.170299011178278434e-03
4.433153645367382046e-04
-7.357569916717053418e-07
-1.930913460306437094e-03
2.307428831562074664e-03
-1.181467895838855982e-02
-1.944796017402875953e-04
7.132833626106642542e-04
1.165346752016587639e-05
-2.377482255861621889e-10
-2.585964259948583510e-11
-3.012242726091310934e-09
2.758742160984329067e-11
-3.753119465143874982e-12
-8.286324545912760822e-12
1.057239333168300205e-03
-1.581267692389243078e-03
8.248797320626522281e-03
-3.402294014132953965e-05
-2.597044398897794203e-04
-2.605802334075387687e-05
5.091970398025260454e-04
7.653841346303141965e-04
7.114771148558437022e-03
9.626382442359342196e-06
1.045016964349557197e-04
5.715017919651544829e-05
-4.407692307109774434e-05
3.311131195182101202e-04
-5.414229358787375654e-05
-7.836302282683877568e-05
-7.685548141340238287e-06
2.172009657702860300e-05
-5.382807910433470670e-04
-4.702447935559236967e-04
-7.284316292049090522e-03
6.650776550592254251e-04
5.104940807510260459e-05
-7.807231737594386536e-05
-4.385554145588122779e-04
-3.227353884728792911e-04
-2.946751190990155823e-04
-4.762449701009321100e-04
4.335839886794755544e-04
7.745230210216316714e-05
6.812606898152355516e-05
1.261572532554190250e-05
3.863651866929794401e-04
4.554161390707718712e-04
-2.458756920414872232e-03
2.941386967774423794e-04
2.130943084426730849e-04
5.574905497226510706e-05
-2.470031799872845503e-04
2.868483586903153396e-05
-1.393420457365769638e-03
3.240351077257316251e-04
1.814525758055216342e-05
-6.044316117998660854e-04
-4.113958867612728105e-04
-4.186771497736405416e-04
2.733544996651682417e-05
-1.164605434346173266e-04
-8.752476116139700857e-04
-2.205741560737974928e-03
1.151399786456619228e-03
-8.279289497292156462e-04
-5.826727488756373993e-04
-1.846758068775509966e-04
-3.611240190854345718e-03
-4.258179008103053775e-03
1.417962897505969325e-03
-3.014281124730582798e-03
-2.065735815639468259e-03
-3.584460046275009140e-04
-6.130479577448974364e-03
-6.341538093184775730e-03
-5.543440988600743108e-03
-7.520643227698912059e-04
-1.475058334221921634e-03
-1.474174778345139017e-04
-6.881217245291573748e-03
-8.881026091123475283e-03
-2.744261890207062154e-02
2.221172766214795161e-03
-1.318355782202857178e-03
-4.124355086708337165e-05
-5.851763415866718075e-03
-7.802621212528186925e-03
-3.133954995819471234e-02
1.822715140656562711e-03
-4.506564389032039993e-04
-3.325207587988018490e-05
-4.366644248390916597e-03
-3.066592032833069092e-03
-3.174305469076645764e-02
6.051599275321619406e-04
1.246408456473907620e-04
-1.604757671959523130e-04
-2.135426719019787017e-03
8.349926040649186410e-04
-1.832899315669906867e-02
-5.463232440527915736e-05
3.465963791474944468e-04
3.309081253643275720e-04
-1.507013808814408971e-10
-2.227077429895061028e-09
2.685223178804156216e-09
-3.977959432658485040e-12
1.268447789069995127e-10
1.764566944443705646e-11
-2.800595478668407083e-10
-2.359106173468257643e-12
3.721693642812254855e-11
-4.030580777129774531e-15
4.066635437158408656e-12
3.236261894022117247e-12
-4.177665435213758806e-04
-4.172206446899120167e-04
-7.138391798171221832e-03
-8.351415696494183128e-06
-1.036833120472823176e-04
-2.408825771764772956e-05
-9.835460086048389197e-04
-1.070841809206963917e-03
-1.223790659663486977e-02
-7.076856859101392314e-05
5.389344986809600926e-05
-1.017051247055866735e-05
-1.109323573804247990e-03
-1.042616283215487636e-03
-1.094839822769876070e-02
1.496197981305582040e-04
-5.120642802842916480e-05
-4.547185760691571177e-05
-8.452141512610058388e-04
-4.005002135356411862e-04
3.477363607537818066e-05
9.789976034711021693e-05
-4.597520811129525431e-03
9.332835390891807954e-05
-3.930645502513641022e-04
2.536908787610775147e-06
-4.574305363473749227e-05
4.001803957573490321e-05
-2.540218346737336663e-03
1.110364415692586415e-04
1.497160284009631365e-06
-4.146088118490770720e-04
-5.629971954487629450e-04
-2.773798354601323519e-04
-9.564964098512515004e-04
2.327584811011206353e-05
-5.024580923813705717e-04
-1.652652794144361280e-03
-3.407193526105245073e-04
-6.777619249537450300e-04
-4.555014966009691968e-04
-2.086211559287988514e-04
-2.665486686731382594e-03
-3.545866815683940479e-03
1.163031793857321167e-05
-1.073776136953141563e-03
-2.893718402663472862e-03
-3.738190351352727904e-04
-5.831621719532736718e-03
-6.676881831756556820e-03
1.573121532845180276e-04
-1.117712077587220548e-02
-1.496580535891655879e-03
-1.188261527143013593e-04
-7.820806091961583772e-03
-1.023684392565286233e-02
-2.555104277615871666e-02
2.968065883615816133e-04
-1.880778647272136114e-03
7.743036508327994134e-06
-8.104736112185919814e-03
-1.006810905457074072e-02
-3.260783995346121927e-02
1.189047316774956216e-04
-3.896959446623017944e-04
5.515904722620267797e-06
-7.535566558137522797e-03
-7.075773972514504302e-03
-4.772477725913747137e-02
5.111516452549693957e-05
9.720539849392533242e-05
-4.353840016694208179e-04
-5.856159235694578108e-03
-6.900252423146333892e-03
-3.623064624051283711e-02
-1.347826484607307618e-04
1.108385860304579779e-04
-2.361537736293358456e-04
-1.372859445511408292e-03
-1.711996072140010029e-03
-1.459466683824639857e-02
-2.123858435555494618e-04
-1.663779836308264173e-04
-3.206616762519053023e-04
6.500593083031607020e-04
1.290150554773301624e-03
1.224461936131884636e-02
1.943347106220644205e-04
1.877495712399986300e-04
4.062052390928953620e-04
1.078866697784673758e-10
2.102972719818414775e-09
8.183510415098547910e-10
8.582953436660833004e-13
-9.227121550506338147e-11
2.416228168637646868e-12
-8.719973923394303732e-04
1.670650416914517752e-03
-8.220327603522478016e-03
1.216912558628458311e-05
2.664343455079744077e-04
-1.287317687492842902e-05
-1.358297547391162843e-03
1.788586129359720630e-03
-1.376612276750733416e-02
-1.312578721776715464e-05
1.582579246352730290e-03
-2.133221771704818461e-05
-1.108344667777496533e-03
1.177626046277339142e-03
1.426567299960108893e-05
7.777756879998892368e-04
-2.468276284213699167e-03
5.361534663578923276e-05
-4.429566713593492363e-04
4.946799391421255422e-04
1.611684514527847074e-05
3.177567679038474820e-03
-3.220400542066796396e-03
6.646958029152723595e-06
-5.901257457064929189e-06
3.116111105654308295e-04
-2.246973475621651312e-05
1.972938692775163226e-03
-1.685279766813923153e-03
-1.334333130488562107e-05
-5.831756681238246836e-05
-3.035287591859733760e-04
1.889974924184251203e-04
-3.489323848154082569e-04
-1.721802019544493606e-04
-1.522033688103773452e-04
-1.398386606642941120e-03
-2.054042438629171460e-03
2.850168348366235202e-04
-9.379853881373827066e-04
-2.153345275009125367e-03
-1.914895741783829086e-04
-3.681981014986003727e-03
-5.566671423919169331e-03
1.888793476234171449e-04
-1.696105443881104884e-03
-4.503675713344828038e-03
5.813886769810539494e-05
-5.564314850988130549e-03
-9.383151130012628433e-03
-1.896338004476660205e-02
1.558008042400294100e-04
-8.795233363940575767e-04
1.737100874050336388e-04
-6.249636476310813961e-03
-1.041696625926712833e-02
-2.230070333837413932e-02
4.493639566541415245e-04
-9.624931067195614939e-04
6.003359983896287599e-05
-5.572508738917110113e-03
-1.069530238843887510e-02
-2.669516246215909369e-02
2.568472233421546552e-04
4.688377972080727736e-04
-1.641785987519226212e-04
-5.145760135104597739e-03
-6.702419365668646663e-03
-1.899102943421827547e-02
-4.207745370993603282e-04
1.130350944504226496e-05
-4.075833216769086790e-04
-1.440870806634765404e-03
-2.275892347342235115e-03
-5.190571806127615775e-04
1.248503325154663221e-05
-5.013780635490449356e-06
1.236770322621012904e-04
1.799030662523250917e-02
1.420195579751976252e-02
3.472097377001808621e-02
-5.227796468689375553e-04
-6.361593202347918825e-04
1.880538378258335072e-02
-6.972705409718140831e-17
1.516465199911666752e-16
-1.900413563753126367e-17
7.000045101396093459e-19
4.944923521134980199e-18
-1.033446009565716846e-18
-2.079159726647435927e-03
9.656908651509677442e-04
-1.844540705022726726e-02
-6.120484763168927667e-05
3.868215635118385119e-04
2.616613063120662615e-04
-2.510594033120405830e-03
5.177246741317611612e-04
-1.798982501953590857e-02
-9.682538356865494215e-05
1.066990396584680759e-03
6.783271851693818646e-06
-2.789877494101955166e-03
3.833591219727743287e-04
-1.754973416446375944e-02
-5.511701025134313746e-05
2.944323822621271007e-03
4.730225925858266259e-05
-1.732381241048598685e-03
1.767155316164783824e-04
4.826634216083724917e-05
2.659106434796628445e-03
-5.611462913311845643e-03
6.248003631228290415e-05
-5.408419389724130819e-04
3.008435463602173962e-04
1.066683608149498471e-04
2.634422366966007907e-03
-2.371199482191979103e-03
-2.656082234021272642e-05
3.494518856431969484e-05
5.388340959578968728e-04
8.147852181588898239e-05
1.600897919724533726e-03
-1.919359224859017513e-04
-1.468927298481542968e-05
-3.628689043167575680e-04
-1.674297403853720965e-04
3.883965733721670192e-04
4.828990670324469615e-05
-1.075829963429043509e-03
-1.290101254980594710e-05
-1.712172018774055096e-03
-2.296178247878773344e-03
-1.867072668775346180e-05
-3.579536693164300044e-05
-4.209683740178893525e-03
1.515351528176986861e-04
-3.314430214856319955e-03
-4.677230088975217054e-03
-3.530187348126170854e-04
-1.597853388733948423e-05
-9.746836765029456492e-03
1.521921865821397894e-04
-4.384261880462909586e-03
-6.243969304963563338e-03
-2.194185394646709988e-02
-1.495511779453846017e-04
-3.224207734347393154e-05
6.663288994797645910e-05
-6.394398457862854324e-03
-5.250767547273403613e-03
-2.627614289536111397e-02
5.227845775201669438e-05
-2.255628382682026882e-04
-6.126802308021086216e-05
-5.852648099146828993e-03
-6.190680035430897420e-03
-1.721427751276582291e-02
-3.590449022428893276e-04
1.313047015453272343e-05
-4.553218079693147308e-04
5.044728424357554364e-04
6.770418954151685232e-04
-6.537584816345419795e-04
-1.798819894617046769e-06
-2.988765819899192676e-06
-1.429249293519409871e-05
1.762615505508147162e-02
1.344761268771445771e-02
4.503795475459041603e-02
-2.663442932022202508e-06
8.167593769493545878e-05
2.055933559420512324e-03
3.257211290832936600e-03
4.385231579950936084e-03
2.985169297522584017e-02
-1.441704289641672407e-05
-2.780185151542983362e-04
5.330828381353084873e-04
-2.182923227194999845e-10
-3.371344123401161344e-09
-1.347103880586969996e-09
1.112587355661458555e-10
-1.533639225869122096e-11
-2.671614152195312441e-12
-1.816797503140227385e-03
2.449584518429083826e-03
-1.172127861381405331e-02
-1.924530215346983769e-04
7.796828293503743667e-04
-4.730580256054508715e-06
-2.478542731854564175e-03
2.525199466990642443e-03
-1.613141256965057099e-02
-2.218977902460620897e-04
2.391104047683805488e-03
-1.206150132874829029e-05
-1.549930559544424827e-03
1.917602933140554649e-03
7.785862513469185412e-05
9.006743701995954419e-04
-2.545461778120173928e-03
-1.921542909638978207e-06
-5.281414318009224756e-04
1.184537599041379048e-03
2.442531212251247133e-04
4.528727133216563401e-03
-2.866555919638510107e-03
-1.213377319217108619e-05
-8.044474668746262101e-06
1.387857205821497802e-03
3.838440167894102413e-04
4.151826538204926760e-03
-4.698672117460525014e-04
-3.498757965583121696e-05
1.635961321842947704e-04
1.338542887252954991e-03
1.660017709865982795e-04
2.302058245303221801e-03
-3.718213613096293946e-04
1.922209482826420257e-04
-1.567294369713783623e-04
7.841188180049880625e-04
-2.013644248699616329e-04
1.217659753270236176e-03
-2.246567656625713099e-03
3.116184316574568459e-04
-1.561553597641501204e-03
2.835316163120999060e-05
-1.626071935093642909e-04
8.846401142245321906e-05
-2.056442554462619386e-03
2.566243038781057311e-04
-2.613784265027798825e-03
5.065989105674390398e-05
-1.521523378537608696e-02
-2.068253036607642576e-04
4.507576433870792167e-04
9.253373069333181245e-05
-2.971740595987626930e-03
2.489212535590601795e-04
-1.156986013961219112e-02
-1.704937636690922868e-04
2.888834132341822568e-04
1.278968275084443461e-04
6.513427131792644091e-04
6.773323327626205176e-04
-1.088874120412423559e-04
3.492244910786251411e-05
-3.024148088663785686e-05
7.212174959644761295e-05
6.356576196844654358e-03
7.621059735302668919e-03
1.994441800019092562e-02
4.257583164504258528e-04
-1.098471257448068879e-05
4.185041527833352894e-04
8.238817371534984044e-03
7.927132186104994191e-03
5.110735421641476872e-02
-6.185653723160922741e-05
-1.034163677294870658e-04
4.433847768119871403e-04
5.246419914666293656e-03
5.912074028774952708e-03
5.844855640393373936e-02
-6.780737911570922701e-04
2.291082408921071541e-04
1.104911097162615579e-04
2.521978678796275505e-03
2.389642934108695323e-03
2.507476933934945154e-02
5.935153812702586494e-05
5.627193601817403806e-04
2.497830632302846661e-05
-2.290498626707315959e-09
-4.154883513634624735e-09
-1.459042757093725785e-09
2.325537995181192235e-10
9.727295336626926648e-10
3.622523205578350578e-12
-1.074393941345311472e-03
-1.719322555689270981e-04
-9.338774510068429541e-03
-2.628785947969741244e-04
1.205900633832725005e-03
-1.059811086246006513e-05
-6.279853263481716434e-04
1.464353260245681448e-04
-2.162986462386014015e-03
-2.780522688253421817e-03
3.258458917687132982e-03
6.261926289493661490e-07
5.152432493187528037e-05
7.224422638462759966e-04
3.166142413668205204e-04
3.651767227992961957e-03
-2.811612707038574181e-03
8.397567251208554515e-06
2.793808188833407191e-04
1.804580075367678751e-03
9.193495163027923722e-04
4.293475784021924362e-03
-4.292125302440540644e-04
1.407818283373640243e-06
3.275108308771053313e-04
2.406637587142900804e-03
7.763571398715509537e-04
2.901528663467139741e-03
9.188006580674138194e-04
3.124751186746280054e-04
4.943863559741942196e-04
2.711401867917447549e-03
2.847310711843903407e-04
1.327958547287812251e-03
-6.794241378753158520e-04
3.509970027946894750e-04
-5.532959733698200692e-05
1.678980513046609375e-03
-1.448818927990194208e-05
-1.227778627803109961e-03
1.309878015001107179e-04
5.518006130536893790e-04
-3.238283873882426495e-04
9.585517700178510002e-04
-1.917222427975140680e-03
-1.544127290595060124e-03
3.489039326218957432e-04
2.532849127705179108e-04
5.844019013633217812e-04
1.219240382804713698e-04
-2.203492940969364747e-04
2.580443233508070180e-05
9.656420169676313830e-05
2.297911981251998020e-05
3.862791037306835540e-03
1.665503340807040556e-04
1.120036737742692579e-02
2.545130124974091888e-04
-1.529806881873743175e-04
-2.393196606563739037e-05
4.195294746206662886e-03
5.753723410562620010e-03
2.946796076302507505e-02
-3.286051930669756576e-05
2.711329581641973904e-04
2.144629554805200968e-04
6.515800800596006567e-03
7.043887473154104850e-03
2.432526587217516065e-02
-2.022474126827795407e-04
1.110003570695072828e-03
1.364360766233157715e-04
5.965697434603427739e-03
7.694485292492971723e-03
2.925493661082544453e-02
-1.824093465957412350e-03
4.516681307277654856e-04
3.610119211370416869e-05
3.751647194087024545e-03
5.790652816993299701e-03
2.309819130019143477e-02
-2.106482151495385046e-03
8.189954030804300240e-04
7.160494568921074722e-06
1.461783014559390505e-03
2.996766202679311802e-03
1.239821694913730357e-02
-6.284662441160381984e-04
5.708438445157379090e-05
5.130506655010479621e-08
-3.198008237154386950e-12
-8.865544052997076387e-09
1.326026993655066129e-09
5.368502827557974662e-10
6.157205989444893156e-10
-6.156770743624900295e-12
5.875365468291432122e-04
-2.491411820458955782e-03
-3.623553412639550411e-03
-1.201570726958846530e-04
1.679878766057554297e-03
-1.210020841157005562e-06
6.850296226993129881e-04
-1.810662475998398241e-03
-2.458717285530025859e-04
-2.198132026357207426e-03
2.577049846808567805e-03
1.484214350350943579e-05
6.793346166785380665e-04
-6.830695587106446491e-06
9.337777589789399190e-04
-2.593798884395781025e-04
-5.634640958987128644e-04
3.235025865135581326e-05
5.498812078078931832e-04
1.797276483952851747e-03
1.433565585551706441e-03
4.480431608054920973e-04
-1.488547385469117187e-04
2.029939042415920575e-04
4.373777891000424941e-04
2.871112045443699468e-03
7.818391872810073187e-04
5.466481803263213544e-05
1.108493841569382839e-04
5.508590978302261307e-04
3.201471653543817809e-04
1.922747674652321897e-03
5.970002662865877879e-05
-8.416866705598308792e-04
4.312607179988416843e-04
3.098152386001829200e-04
4.051620974907657667e-04
-1.157688642996079374e-04
-1.403150825779450084e-06
1.497134429885619074e-05
6.150654810779948036e-05
1.410671713112849647e-04
1.075038863784175645e-03
-1.163893606456605466e-03
1.516656360383191945e-03
1.593803353943972845e-03
-2.488396091748198481e-04
-6.243069406098606256e-05
3.259289770962074846e-03
-1.805449012901164715e-04
1.218773583342947463e-02
2.201746977116057855e-04
-4.091196010537067490e-04
-1.413892724346315433e-05
4.692085174139566835e-03
4.736322082571342400e-03
1.953877520480706148e-02
1.470916905536726667e-04
1.443324407610202650e-04
1.986866645625610497e-05
5.950512399266411415e-03
6.252484675391281090e-03
1.608394463296114810e-02
-2.921993674831218257e-04
8.819275134985953305e-04
-1.909331681884212484e-05
5.062385447689094972e-03
7.077538980358438932e-03
1.933872831454179833e-02
-2.069552894668440571e-03
7.564767306039560900e-04
8.377810052765351977e-06
3.721355403691965682e-03
6.841305051434772889e-03
2.041547071819361722e-02
-3.142021445039912958e-03
5.130725221602555142e-04
2.710012072086283068e-06
3.374078308970695789e-03
4.376384184302028156e-03
1.333436515955223334e-02
-2.400893972754813196e-03
5.143622613183508347e-04
1.817786765150545815e-05
6.278810207714947142e-04
2.832306246894186232e-03
3.534153390471640645e-03
-4.901932684591384787e-04
-1.929510256664245687e-04
3.196694702279053520e-05
-7.338364191773812859e-10
-4.600482623882081872e-10
-2.086074725556810188e-10
2.391163513123901520e-10
2.507216657195927582e-10
3.495750866184614259e-12
1.181416984336057562e-03
-2.968359895860997640e-03
-4.853522323293604323e-04
6.469489285939207784e-04
2.766936653469902869e-04
-1.246411705823709094e-06
8.100698224762510179e-04
-3.439318477326048715e-03
-2.119349866737969400e-04
5.021132567773808203e-04
-2.008647973217531427e-05
-1.545906038675766463e-07
5.466197403697466628e-04
-1.229666830714769461e-03
1.039191238206154744e-03
9.201684126207634607e-06
-5.060576604115706278e-05
-3.733511982116505539e-06
3.417033306349835349e-04
2.002623075596853246e-03
6.662400302143833136e-04
1.113935196502680155e-03
1.123398210545700185e-04
6.016163459685733642e-04
1.942094230215857069e-04
-6.364918745922189204e-05
1.679829655595644849e-05
1.721361700331410161e-05
1.132689199107561178e-04
2.287851448505212658e-04
2.574309462837993728e-04
-2.403534779906548770e-03
7.348759642028792282e-05
5.377782154130199277e-04
-3.274408128119449431e-04
-4.629530672168688413e-05
6.457300299861077394e-04
-2.198448155799569842e-03
3.728643015522361707e-05
1.008165619271451062e-03
-5.935379311778470350e-05
-2.283489877636280961e-04
1.721320480362092042e-03
-6.798330687210697634e-04
1.811805887559392889e-04
1.744349663929012535e-04
1.967107866392488625e-03
-3.103447357785832654e-05
3.092817849107938350e-03
4.085994095915092619e-03
4.036295602624985794e-04
5.416709405444131854e-06
9.107222159162604858e-03
-3.963342883228946023e-05
3.355288813408474364e-03
3.485630777389408901e-03
-1.285160370909093513e-04
4.087286510788602800e-04
4.782993678264886236e-03
9.831731648588555442e-05
3.720227577780207788e-03
4.461544379599101731e-03
-1.314864431910800968e-03
2.053733447282170797e-03
4.341966955677893647e-03
1.282126683704248404e-04
3.204764447856070942e-03
4.740596090119828833e-03
7.026187625080169193e-04
9.274154361343215931e-04
1.353275866502534142e-03
3.686131675022878674e-05
2.590245054067768192e-03
4.546983874029479969e-03
6.168947415779519466e-03
-3.337832238480893231e-03
9.512069661365367803e-04
-2.483807042132343149e-06
2.455159387101051461e-03
2.952580141619719645e-03
1.407010164995316876e-03
-2.024606504747817736e-03
5.996868428000290841e-04
1.252843896794028935e-05
2.312871488484363671e-04
1.987712489646143929e-03
8.523036311660661635e-05
-4.025358874075958462e-04
3.090639469486881831e-04
-1.738843190112130383e-07
-4.881974443418254166e-09
5.066603435530941962e-09
-1.812054426591770047e-10
2.809892810607498202e-10
-6.243889618731037315e-10
2.017262941140003427e-11
9.214957799406511656e-04
-2.961116118014390543e-03
-3.650902191447771838e-05
3.074033388123511516e-04
-6.659582633302683127e-04
2.298221857859177470e-05
3.329962198366446646e-04
-2.936304433832519212e-03
-2.598385314201859069e-05
7.179538150716981929e-04
1.862034361085425002e-04
2.873291515965023188e-05
7.942188319090990266e-05
7.662370869711379899e-05
1.021790889106274925e-05
3.006029493304768251e-04
4.118988051728584193e-05
8.134228728755165283e-05
-9.668835087949572619e-05
-2.166352609273078465e-03
-5.437128042671325080e-04
-5.714812139912191528e-04
-1.318744925909647134e-04
-7.299498333520904872e-04
-1.863673347021180173e-04
-3.092630468667775454e-03
-5.881728906493576296e-04
-6.474659563068737049e-05
-9.285527238075861830e-05
-4.619216105964937878e-04
-1.542606988721159709e-04
-2.850090827118603645e-03
-2.518905996233934750e-04
-9.559582109613053071e-04
3.107569823943084572e-04
-2.239090854385873035e-04
3.548275740339226596e-04
-9.693907188039131879e-04
1.980502190361778294e-04
-9.426910952840202073e-04
1.284571619820618418e-03
-1.254547093947821969e-04
1.538633454756935422e-03
1.868055910485908432e-03
3.867749155072614387e-05
5.777059195113301273e-05
2.640911118682235607e-03
-3.775418870870305963e-06
1.027892342034258206e-03
1.244917293052128469e-03
-3.923136814876901552e-05
4.592923205848982882e-04
1.745403540009164527e-03
3.449498987104118015e-04
1.834858792459893905e-03
1.608653345412190856e-03
-1.309681075262174787e-03
7.893453626057060938e-04
1.995755091269884977e-03
3.190967533853995256e-04
2.117732407948995539e-03
1.993136601965337772e-03
-2.416669342256792981e-03
1.125908235419383540e-03
2.481515762669248611e-03
1.366903223017905834e-04
1.932292429405421544e-03
3.271135137598946228e-03
-1.762323868005298598e-03
2.011170649058747345e-03
1.168732021845464474e-03
4.589864699736631354e-05
1.564187563344402680e-03
3.158293714769085450e-03
4.314411142744427644e-05
-8.645166169210899117e-04
7.511260097271825649e-04
3.903127170841589955e-06
1.542176665066836809e-03
1.511295816251091630e-03
-2.602507492979040616e-04
-3.316921107944081210e-04
1.452020774388712706e-04
-2.829542660479799875e-05
6.144437048695821344e-05
9.874450879814018842e-04
-7.970084444623510482e-05
-9.310794966391047268e-05
2.767144733248071920e-05
-1.759681922675819347e-05
-1.149792706241229147e-09
1.330208647099395109e-09
-2.010685574851404413e-12
-2.483789812002205400e-10
-1.291723044835848986e-10
-1.922622107557981307e-12
6.379720953089877493e-05
1.834784679940740161e-05
1.489728079756852616e-05
2.020723057902342791e-04
2.095730098479727053e-04
1.655871515217329984e-05
-1.903619617683131589e-04
3.009342631242503934e-03
2.537295015446762426e-05
7.041163463519259727e-05
1.110253141542789950e-04
3.040417249551702474e-05
-3.394447689735561615e-04
1.226998614409274303e-03
-9.183201850774720416e-04
1.989270149070602339e-04
6.361313893665172304e-05
5.219963107756414926e-06
-3.546531317530150404e-04
-1.734046235006228608e-03
-1.184792180897775108e-03
-3.046962592467727829e-04
4.485738641993346687e-04
-2.566676031151958882e-04
-1.806992178365072002e-04
-2.274557534547261891e-03
-5.739370036658511011e-04
-2.156365046213751507e-03
-3.479855336338324176e-04
-3.420533585303305187e-04
-5.766374852524126083e-05
-1.228398528013355598e-03
-1.195494820418656963e-04
-1.840534670353352912e-03
2.875623744549648067e-04
-8.058098531609040075e-05
3.688265696423580729e-04
1.601203383239002589e-04
-3.071566399155669313e-04
-3.273169811537021565e-05
1.225778453422785279e-03
-5.850904268545894594e-05
2.428705718792889505e-05
2.390662581925899119e-04
2.145035079552677485e-04
2.417331895412642192e-04
6.493072474641348049e-05
8.311705455048611438e-05
2.689940256068208560e-04
3.107400346163975268e-04
-6.752211830915870764e-04
2.303694841246291280e-04
4.294160898599526052e-04
2.200820496991591469e-04
5.475722095457603768e-04
2.227281859572881144e-04
-1.659817742121148885e-03
5.297581369533429049e-05
4.914325511101347212e-04
1.886841121179248597e-04
8.479851085976532156e-04
1.020040597701842499e-03
-1.471497456414577135e-03
5.027381258462337941e-04
5.384996982488926337e-04
1.049264590013567708e-04
9.125314310039954685e-04
3.063811072393637577e-03
-3.960473414233612742e-04
7.567694568007182006e-05
8.196845401333290081e-04
3.953145672495502052e-05
7.597270953333064335e-04
2.647398263115644315e-03
-1.462885511819637648e-04
-9.980009073337219082e-05
2.156491552295127510e-04
2.849839294172301407e-05
4.304974051281928830e-04
6.856027169358750329e-04
-5.776151534951658558e-05
1.582867940611561047e-05
-5.985568411455343893e-04
1.398086011701432450e-05
2.109174606254803669e-06
-2.528669012647949735e-05
-7.063475491432053229e-06
-7.915616600080793372e-05
-8.573274008886421469e-05
3.486948688572224574e-06
-3.022641468891870543e-10
2.889780122084679026e-10
4.163322782313939419e-13
-1.323533962437648367e-10
-1.423882864884942942e-10
1.432940286059808594e-12
-7.797975405186879016e-04
2.933345296088575929e-03
3.130766856772951572e-05
-1.522457470046113424e-04
9.115399167291348250e-04
-1.229513604541916232e-05
-6.025695814362663858e-04
3.086775892357968270e-03
1.993461971102165886e-04
-4.413072165680136257e-04
2.407921728686127159e-05
-7.268363349270975239e-07
-4.546503715279659637e-04
6.377626327017175324e-06
-7.978584284878948276e-04
2.168979709740410998e-04
6.287994619889258289e-04
-2.944921602668013478e-05
-1.911466474505727582e-04
-1.684419604538936856e-03
-7.709311097099770874e-04
-3.650197881445545883e-03
9.975553477387269323e-04
-1.582534988899406224e-06
5.457805665282318812e-06
-1.286330484091637678e-03
-3.210626356410609963e-04
-3.413256363485947867e-03
1.060988186801014666e-03
4.663815320016578614e-05
-2.936722469953025166e-05
-5.003497814731371540e-04
-6.194708695789504893e-05
-1.031012427215780751e-03
4.256225868163330053e-04
2.578071690604851683e-05
4.168058861817553287e-04
1.510192639317321370e-05
1.029004375780560995e-04
2.595300174563431781e-04
2.106618110055396426e-03
-8.960068562957425645e-05
1.364125169615755687e-05
-1.615468224865539495e-04
1.746549373784877905e-04
-2.552671381436218611e-04
1.116281126553738193e-03
-1.637371901199919961e-04
8.794796296735116352e-06
-8.221202274717270787e-04
-1.937101704186756858e-04
-7.791362717400094435e-04
1.742454790066335079e-05
-1.682083059641250884e-04
2.141578706206838389e-04
-1.091831616281276800e-03
-6.583755633487298588e-04
-3.084915180950221093e-04
1.131363995402720376e-04
1.022033142824190359e-05
3.723166991110484349e-04
7.298352680832466497e-04
-4.850299381515668423e-04
2.920536984864319598e-04
3.173255165556130913e-04
1.883648029687069075e-04
1.585133628599883317e-04
2.566912271091422500e-03
2.366304311701637167e-04
-1.256705265592262155e-04
-2.446731505630276421e-04
9.183027562817405926e-05
-1.421021159526108374e-04
1.283786938304488879e-04
8.560349982698832100e-06
4.905827793323116836e-05
2.199377899424727811e-04
8.155097680690846123e-06
-4.815318871553173020e-04
-6.047323947005511834e-04
5.297161814229776964e-05
-1.550742651676187989e-05
5.976566353114495106e-04
-9.036816240239526588e-06
-5.595580148540801901e-05
-9.928394868294282503e-04
7.476753592288800136e-05
3.113258717903584141e-05
-1.771334578179889767e-04
1.373129350331522837e-05
1.199594949941555985e-10
3.306187422018047745e-10
2.707050823042786075e-11
-1.334658669886239185e-10
-1.279160844310721197e-10
1.295366992568955362e-12
-1.003505069372939056e-03
2.827068639732890649e-03
4.724142549395142087e-04
-6.229664383979920334e-04
-2.805315710307614550e-04
-3.984061082796204475e-07
-5.187444836642734732e-04
1.637125111379550239e-03
2.255518040968237622e-04
2.130915234774061022e-03
-2.577226775851669104e-03
-1.295466296533419436e-05
-3.747892057073642344e-05
-7.037624422195219893e-04
-2.852416023147616398e-04
-2.828548031765442013e-03
2.938125022541493176e-03
-1.745541358547348404e-05
3.932770491295060010e-04
-1.069942176377022087e-03
-2.179888146239589066e-04
-3.430902174097517215e-03
2.614576781597290327e-03
2.464943803295077982e-05
4.706856727593158505e-04
-2.691571770399268926e-04
-7.375158102257994863e-05
-1.953067810707285329e-03
2.531689808454482774e-03
5.729631510514026510e-05
1.335597694361616164e-03
5.823003806028778867e-04
-8.088498054506252440e-05
-3.493076564247629158e-05
3.432862153983416795e-03
-6.787076393309507210e-05
4.497553695603447618e-04
-2.014600156633515420e-04
-1.817331496804411675e-04
-5.764103732363270094e-04
1.874783897285804560e-03
-2.767564974741761291e-04
-6.711934144023810856e-05
-1.424403236559963976e-03
1.486459531473317429e-04
-7.146612851761751078e-04
5.570696429240679223e-04
-3.350658855281794346e-04
5.204269716340054641e-07
-2.445508973297052212e-03
-3.561031742471188789e-05
-1.226639404967735741e-04
-3.508685594400180762e-04
-3.875779998944943569e-04
3.355356624766108056e-05
-2.343760230248072198e-03
-1.463053520616027468e-04
-3.013685693632021934e-04
-1.777334879904103832e-04
-5.697930378206534805e-04
-1.228260033203405093e-04
7.786540453715872271e-05
2.112026001197697366e-05
1.222211634338031875e-04
7.532734379736975611e-05
1.334127264164929733e-04
-4.744349575427250472e-04
-2.271471181470383592e-03
-3.056272774438681655e-04
3.837496709224749269e-04
4.208854481975634471e-04
-1.673189235169375444e-05
-9.770656505562575703e-04
-2.592959903804196130e-03
1.293391774965872145e-04
1.867357244226413606e-04
2.605050712005101284e-05
-2.985271777082251256e-05
-1.516111924681226228e-03
-1.503826904769128966e-03
2.588980891564488527e-04
3.335454794637961184e-04
-1.476815219859309715e-04
2.801432226369406260e-05
-2.160859471924177905e-04
-1.992294843973372014e-03
-8.466368631349801589e-05
3.491398720952429099e-04
-3.443334821905955556e-04
1.605881544436994535e-07
-4.190476251789915275e-11
2.087875172201482700e-09
-4.349889227723105688e-10
-2.537197469518961579e-10
-4.715862810342391143e-10
7.791825177353807836e-12
-4.992515976093626386e-04
2.332248549275307403e-03
3.440235633184054054e-03
1.177161879823360733e-04
-1.494226361072372496e-03
-1.737626112955574456e-06
5.124307949578915319e-04
-1.325439792785783886e-04
2.097419764744699964e-03
2.519654244675457490e-03
-2.968838024803315337e-03
-2.928525073974434114e-06
1.310455236015463550e-03
-1.553050840040664680e-03
-7.001134570042915706e-05
-7.223346328251675254e-04
2.647786490896656287e-03
3.035720815953271270e-05
1.573964515459288279e-03
-1.408042547020866675e-04
-3.412984322055238770e-05
-2.041565511154338868e-03
5.170963769574951283e-03
9.751131409562961412e-06
1.702166114699559495e-03
1.523787440368222761e-03
1.060305092821381081e-04
2.865340778305973184e-05
7.317718320354283865e-03
-1.926846200729526740e-05
1.109510790834965189e-03
-1.408640187101364795e-04
-4.609981263636803769e-04
1.848970944813130746e-04
1.881878701318559889e-03
-7.124794536441202814e-05
3.425418876360475894e-04
-1.248405451211845188e-03
-3.798083343528146742e-05
1.022793843465990334e-03
-2.812763757193650254e-04
-2.640393602367031357e-04
1.236966609562446134e-04
-1.842799912325951113e-03
1.104798754695153296e-06
7.381600758354250370e-04
-4.215293524326394099e-04
-4.411398149410948643e-05
7.071788788829818890e-06
-1.177758002635884961e-05
2.174335294812530333e-06
-6.439503152138266618e-06
3.127105046659650026e-04
2.495395547739453807e-04
-1.590651287903528763e-04
2.162564413104697218e-03
2.648071843363539483e-04
6.645751636327714351e-04
1.402505891808253238e-04
5.578728192363653247e-04
-5.984051963825521344e-04
-6.771510917221172828e-04
7.360583352896399572e-04
-1.378073482626597491e-04
-2.017586008440516384e-04
-1.340864346213133888e-04
-1.171162368666399606e-03
-3.170598510665739896e-03
3.967059679329934855e-04
-9.493052190948263257e-05
-5.795385476646362907e-04
-3.673496781036313206e-05
-1.823699492895855881e-03
-3.285540618465602504e-03
-4.229568934729882834e-05
1.031727594031561432e-03
-6.363581280235838756e-04
-1.044439433218613601e-06
-2.507201955525483524e-03
-2.964746165239995606e-03
-1.419621903477126480e-03
2.013730586595834440e-03
-5.888721142694141849e-04
-1.295380741351061948e-05
-5.410957892856732869e-04
-2.966033432726358516e-03
-3.613979314948796880e-03
4.501606546558551466e-04
1.949553976651884231e-04
-3.088978692262089892e-05
-8.690970336799657949e-10
7.135096466573488367e-09
-2.081500198825101981e-09
-2.680091085336846423e-10
-4.094256618367927593e-10
1.089679782691489700e-11
9.754256002424601529e-04
1.620258632376198353e-04
8.464750285933611909e-03
2.614050077791559902e-04
-1.071003060068916914e-03
8.438796401724945391e-06
2.268061546252574893e-03
-2.278065796294741641e-03
1.419600825065216697e-02
2.218289653048836115e-04
-2.112394935346093190e-03
6.786386405821079505e-06
2.616099180542794458e-03
-3.083366691694372930e-04
1.454271059424544141e-02
4.463475625741185706e-05
-2.539666166531373212e-03
-2.335064478125414400e-05
1.905184100518023246e-03
2.214262511190479964e-03
1.822250568805375281e-02
-1.663399044935463800e-04
-8.389526173584611326e-05
1.413673302816206330e-05
1.532258339136857153e-03
2.750690720085941475e-04
1.295971134771100632e-02
-1.078026169351249544e-03
-1.977895919336560622e-04
-5.623755658215515125e-08
6.150037928123085673e-04
-5.424989630714309626e-04
1.536763621592924286e-03
2.253451417301208356e-04
-2.705448188317611342e-04
-1.756683802976850186e-05
2.392752629897951992e-04
-2.842839513806648567e-05
8.920591182120047619e-07
-1.774290210059841139e-05
5.658086286111632185e-05
2.645868881451999936e-04
1.238558000681892431e-04
1.709285858175211073e-03
-3.791443630107537680e-05
-1.077002309486178302e-03
5.689156296613788336e-04
3.615019433885577230e-04
-1.441564677125584041e-06
2.351285851520005382e-03
4.789669989862796256e-05
1.846245294821535017e-04
3.235100049801055183e-04
5.178387499224619767e-04
-3.335504167713201494e-04
1.080379914978004839e-03
9.091494785492123479e-04
4.011395948898731031e-04
1.911465350926915669e-04
-7.991975395784541071e-06
-1.165258792911116502e-03
-1.034475713014805379e-03
1.950710015170096980e-03
-5.301196694361957245e-04
-4.046165656176061950e-04
-8.983777492483129500e-05
-2.320342361668547519e-03
-3.400142792465783194e-03
2.004924960428684441e-03
-2.128935233880972951e-03
-1.048344771845506444e-03
-3.911972033129003444e-05
-3.329611225759787716e-03
-4.475626178818656840e-03
-6.703547042166058643e-03
3.568954804953278562e-03
-9.241999925469067574e-04
1.661993967413798212e-06
-3.443235330071213202e-03
-4.362423968728764562e-03
-1.398320009629063984e-02
2.452580113908455796e-03
-5.114080688248841397e-04
-2.138675427068506275e-05
-1.170341100834884586e-03
-3.568084599340432331e-03
-1.189223530364054600e-02
6.195080431567444052e-04
-5.443414718613610989e-05
4.977530243198889588e-07
-9.766405992346941881e-10
1.641255744073224510e-09
2.470361242346358067e-09
2.945150969627966098e-10
-2.032184096724916887e-10
-4.035785893913762743e-12
1.944015302560173422e-03
-2.266267147439226821e-03
1.170410728053774066e-02
1.939490914256026665e-04
-7.279003551872462261e-04
-1.397199172987288966e-05
2.664143910704572411e-03
-4.065860133372489619e-04
1.783392553332955460e-02
8.508840572925526944e-05
-9.773053605867875696e-04
-1.827981306690221593e-05
2.084998859024676712e-03
1.888799930572784879e-03
2.322386859980634169e-02
5.712169622032279160e-05
-2.034217767953189080e-05
6.211013404398725427e-05
1.338391388844570665e-03
5.360581685739991163e-04
1.103870314171133925e-02
-5.963732282971762793e-04
-1.511932413942167738e-05
1.626322312400050739e-05
8.039288643155261644e-05
2.065180072312298467e-04
-2.034714257358060557e-04
-1.528926037414156522e-04
2.748051362975001372e-06
-2.960632057823129641e-05
-2.797585039608483271e-04
6.482807797052156417e-04
-1.877538006553844049e-03
-2.209951439339680776e-04
2.616075523236785104e-04
1.529909316381250007e-04
-7.025075236377452534e-05
1.219884100857767740e-03
8.268967318333734216e-05
-1.168657444917717931e-03
1.872354234703972088e-04
5.468610792436430544e-04
2.334749968615251650e-04
1.403175700230446755e-03
-1.028326222062218420e-04
8.228442576608905462e-04
-1.001236334083566333e-03
4.122635955990560839e-04
-1.948660424192393459e-05
7.965523735189930380e-04
2.007236526400050635e-04
7.607499632074288731e-04
-3.841314398478321598e-05
1.698705899603483401e-04
-8.338738750959583199e-04
-2.315417367265092639e-04
2.218000539927642879e-03
-4.650316407492173835e-05
1.449534419880058934e-04
-1.659124648719831861e-04
-2.608738028705884660e-03
-2.124293763496376986e-03
3.018646815300965892e-03
-1.116578439278430920e-03
-2.458578901141180665e-03
-1.152522230036535483e-04
-4.280634414895736865e-03
-4.926228891191719757e-03
-8.699814205391552882e-04
-9.385002579789491735e-04
-1.317001820434576765e-03
-1.972329297989656294e-05
-4.936220364277354652e-03
-6.648189305459426511e-03
-2.441258975226169234e-02
3.342642428977771109e-03
-5.164225932179655233e-04
-2.029163360091782177e-05
-3.773240532006780831e-03
-5.769746951190242966e-03
-2.651571432401162581e-02
2.106436953256054113e-03
-8.143002932788622481e-04
-7.660480730069836117e-06
-1.965244542006469326e-03
-2.944342439228532851e-03
-2.375092476877636860e-02
-5.945651422397916109e-05
-5.583860670534098250e-04
-3.180170252363030253e-05
-2.020472439366453079e-10
-3.380028301667411484e-09
4.356273611720601482e-09
4.399066142266447927e-11
-1.104792733028641742e-11
1.484817809418283372e-11
2.175652750204198817e-03
-8.835669574749461337e-04
1.865444989234171097e-02
5.574099999508646397e-05
-3.895676337253791452e-04
-3.303749542264345002e-04
1.429862500400421463e-03
1.733019253337804433e-03
1.482824252522599133e-02
2.084015710249331884e-04
1.509164841831894897e-04
3.258854640499290046e-04
2.230797781536111239e-05
7.797071546209455306e-04
-4.458479495285851694e-05
-4.591163850017022447e-05
7.695687371079858158e-06
3.493973656135296476e-05
-1.690547289643745546e-03
3.042488414748646328e-04
-1.148386232824212191e-02
4.010312334035310297e-04
1.423353427626126096e-05
7.294191030133625466e-05
-1.747247895677468341e-03
-1.571335262114523159e-04
-1.654454809274767679e-02
1.039073779904770055e-03
1.273910051713167174e-04
-3.812212750227009982e-05
-1.276566853617067034e-03
2.161809945062495759e-04
5.352632629802471856e-04
-5.958981360622625642e-05
-1.953182169026027471e-03
1.792093658407565584e-04
-4.010220128789230903e-04
2.372414379929782178e-04
3.818610673323969231e-04
5.347034656155992246e-04
-2.544515304363488637e-03
3.565201024149747570e-04
1.044033611012003292e-04
1.690299693784810342e-04
-6.456362020870535492e-05
2.185946489840297799e-04
-1.325321991176460533e-03
2.404117445672707121e-04
-4.397349887612841675e-04
-3.268992585591718098e-04
8.648638172212291678e-04
-2.008417108922506890e-04
6.038674038275702980e-05
-1.864753573810082430e-04
-2.315277545858585462e-03
-1.752898850126187675e-03
1.660467472479825769e-03
-7.823157830554739855e-04
-2.089244204923432040e-03
-2.255940633086152085e-04
-4.521355014004193110e-03
-4.850379862457745127e-03
1.567591787893729115e-03
-2.048466644307548375e-03
-4.269515817273038943e-03
-5.580342928886345056e-05
-6.189803018971715490e-03
-7.686060480258756142e-03
-2.391657580194947452e-02
2.333898135827497736e-03
-7.414226563157700050e-04
-2.892823939975197017e-05
-6.507269958146264140e-03
-8.269017849996842043e-03
-3.144937035027801919e-02
1.829821380851299854e-03
-4.424220877226644599e-04
-6.761945120582988839e-06
-4.873135221492492543e-03
-5.971273487538539086e-03
-5.505180770094812021e-02
6.710716220530528117e-04
-2.035174057648314399e-04
-1.110443114676543645e-04
-3.594497799341790992e-03
-3.357107520744253941e-03
-3.043300029039675003e-02
-8.840582952146761690e-06
2.513731600352720830e-04
-5.360996437907127477e-04
4.122215703943746249e-09
2.180123703155635778e-09
2.607285820293706183e-09
-2.483148779864020796e-11
-2.573846563353772388e-11
-1.965851511403823619e-11
6.421672377131340342e-11
6.960127377587144910e-10
2.817183164038631999e-10
-1.769039667142902083e-12
-3.330378386977775464e-13
1.320881319877992916e-12
-6.815294851826467172e-04
-1.355351114231547263e-03
-1.268486296655082883e-02
-1.943142012823803676e-04
-1.704447979122816943e-04
-4.179422538678205143e-04
-1.693417080458289783e-03
-2.415167125673549006e-03
-2.158127610199990498e-02
-8.663108658224167918e-05
2.489601793118842511e-05
-2.738836176749891185e-05
-2.668883504309123907e-03
-1.868523967803684387e-03
-2.022170451220184698e-02
1.875018424557874151e-04
1.867358824581566174e-04
2.040981285715603636e-05
-2.308702898248780628e-03
-1.606093186432678600e-03
-1.064382516583407590e-04
1.907389623341872479e-04
-6.920065771987431863e-03
4.773492574796269069e-05
-1.596065991526663102e-03
-6.659464544209011327e-04
2.174082056459198514e-04
1.126429188349225186e-04
-4.398016394789342962e-03
1.419169867117420854e-04
-3.963313676509034656e-04
-1.490365769441310409e-05
6.246602348998509804e-05
-7.458102788730914384e-05
-1.919518523912566808e-03
9.908944348935159237e-05
-4.393582636419749408e-05
-3.069923925797467777e-04
-2.015887153682148015e-04
-1.726309660411763397e-04
1.796887994639542030e-05
-6.766584765112113877e-05
-1.138553028392318275e-03
-1.569592044788298366e-03
7.394791101308762870e-05
-4.494698082265712567e-04
-1.558426858733523001e-03
-2.354625862309690993e-04
-3.746599858509430843e-03
-4.191009790607892402e-03
1.633373815763160882e-04
-4.251917913879253003e-04
-5.754931741404702844e-03
4.647132704031538416e-05
-6.215448864827149283e-03
-7.609860119633315816e-03
-1.756235642020879950e-02
3.117820388225709489e-04
-8.546924339857225709e-04
4.436400658226269318e-05
-7.441435834277946790e-03
-8.728306666663914956e-03
-2.641611277567839852e-02
2.276098987212738423e-04
-1.029241437451078149e-03
-3.273999633066154117e-05
-9.100251353382866545e-03
-8.626876497648065453e-03
-4.213035290812961603e-02
5.520640597260233673e-05
9.051641338728666725e-05
-3.913888939435658737e-04
-1.577251117418396881e-02
-1.316359786418996695e-02
-4.268363689992849680e-02
4.179326171121853329e-07
-8.353067464783973126e-05
-2.023153137261715639e-03
-1.680413713256802971e-02
-2.518317214616457717e-02
-4.340533590866129526e-02
8.394317748330621526e-04
8.870195230012720231e-04
-1.927795038998333238e-02
