# (24300,)
0.000000000000000000e+00
0.000000000000000000e+00
0.000000000000000000e+00
0.000000000000000000e+00
0.000000000000000000e+00
0.000000000000000000e+00
0.000000000000000000e+00
0.000000000000000000e+00
0.000000000000000000e+00
0.000000000000000000e+00
0.000000000000000000e+00
0.000000000000000000e+00
-2.248303115136694467e-11
-1.951331858649363855e-11
-2.709254670234093234e-14
-8.228766384138426884e-16
6.411481251122331715e-15
-3.137207615089054889e-17
1.309286954832499564e-15
-2.644603253795472335e-15
-5.784843397949711579e-15
-2.823434284876823932e-15
-3.359155677904904482e-15
-4.640219279059229500e-18
2.196064956874670267e-13
1.944239761299134859e-13
1.170597929228876360e-13
7.714894200158326209e-15
1.031430096230269071e-14
3.079354876612166602e-17
8.672710642909762706e-15
-3.511943199482200620e-15
-6.128758123966165994e-16
8.902492671566594869e-16
1.164712674980434187e-16
8.480943321792810560e-17
1.069681633782885070e-12
4.127908177712486065e-14
1.920073664810032620e-14
9.998084320175588762e-15
1.254187214192635260e-14
1.159461503700864059e-15
4.255745260847008479e-15
1.939743205952742080e-15
-1.184850169180005599e-15
1.505202927308660357e-15
1.615000324385396057e-15
1.803928112455673120e-16
-2.711514118379081772e-13
-2.244819546376736759e-14
-4.593384461619625008e-14
-3.150947309700913155e-14
5.468049706444917305e-15
-1.599175476316967941e-16
-4.424519976729417754e-15
2.276377948239432162e-15
-3.369980479117916540e-15
1.612245157601623036e-15
1.080836178938411267e-15
9.142274536926160216e-16
-2.711502968471958267e-13
-2.244872346812247892e-14
-4.593404676256484239e-14
-3.150956780184888659e-14
5.468062445652620194e-15
-1.599407890992030331e-16
-4.424773544070495910e-15
2.276546130501227420e-15
-3.369875767281835997e-15
1.612161029618596562e-15
1.080858062473546466e-15
9.142004648541258727e-16
1.069683541142797763e-12
4.128056698106271310e-14
1.920072506429162579e-14
9.998148202508972598e-15
1.254174386613101379e-14
1.159439644792395305e-15
4.255584615312218107e-15
1.939878989091645663e-15
-1.184800628823133647e-15
1.505170832110527745e-15
1.615004304260822568e-15
1.803874606869656130e-16
2.196590978796093936e-13
1.943959343527961129e-13
1.170597644966968154e-13
7.714953739913607681e-15
1.031454638853402606e-14
3.078508976772004191e-17
8.672634832220050022e-15
-3.511260722868577167e-15
-6.128517786370122062e-16
8.902695479669216927e-16
1.164759035064354922e-16
8.479233675725964196e-17
-2.248294678455200565e-11
-1.951306960225333081e-11
-2.710492162729476715e-14
-8.228385562425462890e-16
6.411565588899219724e-15
-3.137031204985343972e-17
1.308941582983079522e-15
-2.644747907833438700e-15
-5.784755816024568317e-15
-2.823327715742060632e-15
-3.359207746398743492e-15
-4.642997142988956747e-18
-1.051097903225337678e-10
9.507352838400764250e-10
2.062376252628500513e-09
-1.951088403731077524e-12
5.239344107447357988e-12
1.320590053297151062e-14
-1.295173415544845990e-16
-3.523740208769781580e-14
9.292480494464201680e-14
8.136757145309944859e-15
-3.478262539162688380e-14
-1.255037917633218307e-13
-1.602083442952900554e-12
-2.665047347047070392e-11
8.804025107582526794e-10
-4.403299563204602966e-12
1.149921085652971601e-11
1.448900965388244521e-14
1.140570663945172716e-13
-5.954357199361927979e-15
6.749337266178370282e-14
1.963640017492436886e-15
-2.164873444351072156e-15
-4.473335721410646487e-13
-8.966361092268901246e-11
-5.503630370417007291e-12
9.541267017039282139e-11
-7.271551552867185855e-12
2.165170444155249642e-11
-2.358015585383598220e-14
-3.111946431286367970e-14
-5.581154907634612405e-13
-1.544519695537782725e-14
1.460055464051287015e-14
5.641343115308979570e-16
-1.416242751164465733e-13
-3.856570163799547117e-11
-6.290669183349923218e-12
-9.032708994699250554e-12
3.323013992949039556e-11
6.232088545560418583e-12
-4.760082127862261498e-14
-4.122663342167094792e-14
-5.750191356642075717e-14
1.223405050088407482e-14
6.951878487489221347e-15
2.389720100303682428e-14
-1.589104380405159954e-14
-1.292148342393075107e-11
-5.365357406400987914e-12
-1.093131198845225748e-11
4.992216190240698379e-11
5.378546721421176893e-13
7.995008568397156740e-14
-2.489761623595940391e-14
7.068569102690677111e-16
-4.461855075575618618e-14
2.276754617688593889e-15
5.424447467430788895e-14
-6.137507561333697410e-15
-5.843158774505625101e-12
5.571075422175886634e-11
-4.782744197882827462e-12
-1.458270443607732264e-13
6.659463286513343629e-13
-2.560314776720720119e-14
-1.395161825140926255e-14
2.291254622928757205e-15
-3.459442467705489601e-15
-5.632665364741347620e-14
-3.196320677741633889e-14
1.485274841610761997e-14
2.005834390318509789e-11
6.352380531281342858e-11
-8.379365477920589437e-13
3.992927947908225888e-12
3.582502461226603854e-12
5.051055679234167984e-14
-1.910143391017164443e-14
4.999031403571567003e-15
-3.116013554286813489e-14
3.557164192312091790e-14
-1.286401853199526490e-14
-1.982025828016823430e-14
1.411477599100631573e-10
5.828702039564703836e-11
6.905302668384837035e-11
4.123195703905191850e-13
9.479471556018452119e-13
6.867311461539376872e-14
-1.130025759765908916e-14
-1.660179090386647614e-13
-4.935975004159869746e-14
2.777834945395541952e-14
-2.336908145402988467e-17
-4.808008129834163438e-14
6.393499016397160326e-10
-5.773438468150180368e-11
8.118492226818979927e-10
-3.406369521336874059e-13
2.026745856010646175e-12
2.712766860114921922e-14
-1.360286401205766896e-13
-3.148759912998227437e-14
5.877545233590929369e-14
5.967105765176006719e-15
3.947460431212658061e-16
-4.091912118314691246e-13
4.853577878896110485e-10
-3.427522720793186191e-11
3.399509249134718775e-10
-1.612639636555574286e-12
-1.231632249301733709e-12
6.049370921399741297e-14
-2.091186903577577027e-15
-1.018330645889996192e-14
-2.730786068753623696e-15
2.278088519801030048e-14
1.206696683352730585e-14
-5.047053230388424178e-13
-3.088728713078642148e-10
5.144572363736007059e-10
2.103777659012037362e-10
-2.199725906423921810e-12
-1.398013863918637395e-12
3.457810262011128645e-14
1.371856490649244211e-14
2.369799028562122233e-14
-3.736858034152197086e-15
2.150105897854426620e-14
-9.698635395309785085e-15
-3.884145785930268334e-13
-5.935965831487658700e-11
8.263175072304259501e-12
1.223449891859346843e-10
-3.962091995506204883e-12
9.748195363979157416e-13
-3.241428882956903918e-14
2.161864659090136953e-13
1.036339929280537427e-13
-9.902676734331913317e-16
1.794311705549362982e-15
-8.009825686551067208e-15
-1.309331721666453520e-13
-8.388308734761702095e-12
-4.406327203308343056e-12
9.674739976458557181e-14
1.900580199176331351e-12
2.101775119417205019e-11
1.859794633229940004e-14
-6.171516673820085158e-14
-2.604091305560187421e-13
-7.948442437060246522e-15
6.119653112671140007e-15
2.191821403035838356e-14
-3.989862435438935685e-15
-2.110952546746076917e-12
-2.116932299600751728e-12
2.639313319976240820e-13
8.752474917338247836e-12
-7.223457067450747325e-14
5.634631204821536512e-13
-1.607688014650480445e-14
3.567769983132340246e-15
-1.470535206999164147e-14
3.571868976268015241e-14
8.233266001845307396e-14
-6.493029161384570276e-16
7.197756261659561154e-12
-1.515213030540793696e-12
9.868932169427638510e-12
7.982998175176667249e-13
4.112239203555477735e-12
-5.550535053566617479e-13
-1.536179537006086585e-14
-1.989986429597378874e-15
6.144604743152660944e-14
-2.477658891371888905e-14
-1.777381280270090618e-14
4.792728004424818129e-14
3.071572470757618176e-11
1.053684156589655572e-12
1.543829551973944796e-12
1.531505913929171509e-11
1.929205195127603503e-11
-5.806560569642810532e-14
-2.862640592677407206e-14
-1.209392202924432759e-14
-4.435570353588755003e-15
-1.590003866391052210e-14
3.538221128080213435e-15
-3.518571357479404865e-15
1.287964060510474775e-10
-8.537630158706831162e-12
1.294264614439165360e-10
8.165126241888533043e-13
-8.438049860406439291e-13
1.867053146624611465e-13
2.904225715501390764e-15
-1.499945361406531396e-14
-4.337507985871194041e-16
1.518908793211502921e-15
8.423421925923601863e-15
-6.936218038307501380e-14
-1.543336712983709015e-11
3.651240900180237460e-10
2.085605554291250348e-10
-5.283008930440773722e-13
-6.134213100412361999e-13
1.079038245823742336e-13
-4.877312976884729734e-15
-2.431373093668281444e-14
-6.725180284943043358e-16
2.332161514475980505e-14
3.541029295439216850e-15
-2.701766561381673968e-13
1.401030408209766125e-10
-9.427354056258801649e-12
1.044484771128983581e-10
-2.537233381493848459e-12
-1.573777991362197999e-12
1.076976323453168009e-13
-1.553970223469189938e-14
-7.920642005181735697e-16
8.006005872422211666e-15
-3.845472660709855284e-14
-2.191179045339564796e-14
-2.696998120613722530e-14
-7.906075828014252948e-10
7.570570378363826702e-10
1.693516835415483593e-10
-5.317927147736553409e-10
-2.617611925538079465e-12
4.831152443793661257e-14
-2.757818729561354747e-14
6.364405004093937916e-14
1.197826209058897965e-14
-8.227199253988248212e-15
-6.309917854509724387e-14
-4.459569278610664621e-15
-1.168601093010101484e-10
1.673636221855785274e-10
1.417422318665117212e-12
2.697897448188538383e-11
-2.442500517035312185e-12
-4.799122755120661076e-15
5.114235039020611829e-14
1.207558775684877381e-13
2.012582051402840817e-14
9.585204696373449016e-15
-3.443390189327384942e-14
3.718508575263618392e-14
-1.020846699666373816e-11
8.571489952464197736e-13
1.972448103063545243e-12
-5.267765593441415143e-13
2.914366243736528309e-12
2.820284462761120710e-13
-6.144404611113294699e-13
-7.136659434523200012e-13
-4.961605449752893863e-15
4.576812788629515386e-14
-2.204140694283612447e-14
4.517487309534509095e-14
1.984480207964175067e-12
-3.726297185517604286e-12
1.028559666243453339e-12
4.197659590264902666e-13
-3.561418472738316865e-12
1.284270533577703251e-12
-9.218684285747076681e-15
4.904518606416513078e-15
-3.400884538388480672e-14
7.194631035182187319e-14
6.494193062616506318e-14
8.208448904135717381e-15
2.465925507580075129e-12
2.444400534531835918e-12
-2.282596224445137130e-13
5.909767906379645186e-13
5.158775200205439284e-12
-2.449363220035200793e-12
-6.738680093773694325e-14
3.374930929951319972e-14
6.809703606640975535e-14
-2.910508043104178148e-14
7.154541169699792159e-15
8.969559231616530032e-14
8.375391500614869822e-12
-9.756961781034740056e-13
2.276717850977869239e-13
4.311230325223233130e-12
1.309447997573145278e-11
-1.072555671267788292e-12
-4.443485739586564554e-13
-2.499300961336638438e-13
-3.051004254601105955e-14
-1.658776270443318123e-14
3.551625769488667758e-14
5.992995601630341831e-14
-1.106058446561114691e-11
4.534196496769406581e-11
-2.279327244722231526e-13
3.895773145596053533e-11
-4.103826160555090978e-13
3.467985481019025707e-14
7.933083216212392567e-15
-3.425606127799469715e-15
3.287785733739368821e-15
-6.890664075997187129e-15
2.865326727270695092e-14
2.265350592439573168e-14
3.576611160645369742e-10
-1.964204157619410513e-10
2.014327330450347792e-10
-6.417134029883611872e-10
-3.731098172225903082e-13
1.675790877704389688e-13
-1.443580348372376837e-15
-2.465358211189099560e-14
8.681362470451505990e-15
-2.037226377022126951e-14
3.835937240262276008e-14
-3.966568957593853023e-15
2.598536379559134506e-11
-4.637829061366444799e-12
-7.141375308462759965e-13
1.984867085376872995e-11
-4.746644759399398878e-13
1.335639015368258152e-13
-2.388929181421384191e-14
-4.390835713299415307e-14
5.586629221307401706e-14
8.756918918830006972e-15
3.602784267523962441e-14
1.156581020301629965e-13
-9.467328583666619063e-12
1.348588035024850970e-11
-3.790234572985525122e-13
1.509568865278904855e-11
-6.516041124486195040e-13
2.421898365772626610e-14
-2.848681507115983477e-14
9.869003130192532013e-15
4.316256315574129499e-14
1.923862746192076552e-14
-2.361630663999871611e-14
1.658923979053300249e-13
-5.548219870828533633e-11
6.262239582834502977e-11
2.028461807954071079e-13
4.119318842622899974e-12
1.405799250392464831e-14
-9.810490021888581076e-14
-7.104511964709508666e-15
9.507215405913877781e-14
5.564860732647662980e-14
6.174237106287006183e-14
-8.663711431691118614e-14
1.725495288457899963e-13
-7.652807538932132141e-12
1.198639202520167469e-11
5.167045313339623663e-13
2.359813847596194581e-13
-2.056684323190436336e-12
1.800954537804141318e-14
1.278290950266137074e-13
3.694969722408976284e-13
1.774393867788446714e-14
6.443945981744263968e-14
-7.539082961484383479e-14
1.046434265091850242e-13
8.260826718362462627e-12
-1.926954580298466033e-12
3.517422739135448491e-12
1.709410253643968520e-13
-4.444140992177021606e-12
8.422982946311650326e-13
-4.905860014047306178e-14
-2.042102016305160017e-14
-1.002254160323892382e-13
7.401998081720918373e-14
1.541559703769732568e-15
2.366627760531036835e-14
1.504234840374849971e-12
1.926500754028040002e-13
2.346609513918967825e-14
-2.856434078004200842e-13
2.155432866775859631e-12
-4.157550697294300891e-12
-1.423392126629403202e-13
7.479693277177596161e-14
5.262124639143328330e-14
-3.634224093712921849e-14
1.761620423773663204e-14
8.025204235014318015e-14
6.563642694269162291e-12
-1.362169927644165302e-11
1.286431988016813337e-13
2.003708779898851517e-13
3.977845670689651479e-12
-2.230219588592753175e-12
9.753956439976786947e-14
3.491107126961261904e-13
-1.288710065829074883e-14
5.940291867613139411e-15
4.426574615818347993e-14
9.701633048630459289e-14
1.394778062160522504e-11
-1.300892132520932095e-11
-4.460251214269360228e-13
1.083461266859813980e-11
-1.091821361295646905e-12
-5.536667622093103874e-13
-1.151740209645930686e-14
2.135801028881856727e-14
4.041001175747649013e-14
3.729045161947582602e-14
5.606454204898044865e-14
8.033868977098448809e-14
3.010877879821202263e-11
-1.188499420886935145e-11
-6.273952544465842217e-13
1.531775265023937039e-11
1.109680266441554240e-13
4.689090005245237603e-14
-2.256723384874864551e-14
-3.791242617177458021e-14
4.161936385495112730e-14
4.592459450233048861e-14
5.997851186895095867e-14
8.538884282838711196e-14
2.850518784121008357e-12
-2.659149125002158357e-12
-6.262865959257130135e-13
4.525590816531888301e-12
6.557684657888015164e-14
2.771998463978091400e-15
-1.087110652933128566e-14
1.706529309447858374e-15
5.265079532128820583e-13
2.720875585638389532e-13
3.613539907358408657e-14
1.041847542298716254e-13
-1.488838338873328626e-12
7.826129563027324859e-13
-6.086790098752958598e-13
2.801365891271875594e-12
6.256802510142533682e-14
-1.187371722854618885e-13
-1.459285365555215116e-14
-9.192469334986809635e-15
1.643181436857721965e-13
-3.730874853698612055e-16
2.076298001146195450e-14
2.089272802553193474e-13
-4.142357337541618463e-11
5.051947508257535752e-11
-4.266037729862637135e-13
-1.292949460113908768e-13
-3.450063609412893148e-14
-2.811873128902233122e-13
4.523718765617867710e-16
1.499138351661072342e-14
6.516849945552476398e-14
-2.857731212027862027e-14
-4.978906747225743665e-14
2.715681527963380470e-13
-4.107609417338270852e-12
4.669301288430769881e-12
-1.797984115711078969e-13
-2.588429588902652217e-13
-2.628145706487938836e-12
-4.151159930559207571e-13
5.580866454153984536e-14
1.175934982960258941e-13
2.426617572838696502e-14
-4.073076411007218715e-14
-6.200374265177252701e-14
2.163141264829868075e-13
1.059662303288843726e-12
-9.744095683677234463e-12
1.945389838433335957e-12
2.664739231265703783e-15
-3.264139274812425739e-12
-3.862142295737553909e-13
-1.538222315506220375e-13
-9.283367199237342104e-14
-8.374834252647489293e-14
-9.361607914076095439e-16
-9.804312011869041625e-15
1.069193571210405037e-13
1.529536132902438022e-12
-1.307024034633018540e-11
4.686875722035104253e-12
2.213757082544438180e-13
-1.417585586139990570e-13
-2.425654873800396115e-12
-1.938922635232003683e-13
5.320956494403578781e-14
-7.509162606711919130e-15
-1.762278863691745146e-14
4.060677652166996466e-14
5.377164456888999046e-14
5.772070533666475040e-12
-9.619232139358262479e-12
6.621679721643557302e-13
1.040180376641307262e-13
5.161537167081151621e-13
-1.266696863024267366e-12
1.522228070462303918e-13
1.876516902892027180e-13
2.584325806502297138e-14
2.794090814665591864e-15
2.914912791636889217e-14
7.302833608912862469e-14
2.344745484736600792e-11
-3.028878692427222613e-11
-9.386351267960469445e-14
-5.650258843689336483e-14
1.586490230426394248e-12
-4.885454106822988269e-13
4.782617490322943935e-15
3.537863706328139539e-14
1.182789865725183593e-13
1.435263062506166897e-14
2.811957206719815925e-14
5.179888983468515565e-14
3.104793828418246260e-12
-3.333508082322193189e-12
-4.085851604709272834e-13
2.530758809532393156e-12
1.715238639472161897e-13
-1.565141824989263491e-13
-2.883828117313970928e-14
-1.105207817111739884e-15
2.435867701640326201e-13
1.015075623348416273e-13
3.603679681738627933e-14
4.478458548448404384e-14
2.349350841924322383e-13
-4.697230274552523689e-13
-3.576475937134807334e-13
-4.689313252761647762e-14
-1.791715426101458131e-14
2.352777854797433964e-16
-1.051258008849999964e-15
2.881273178163823886e-15
1.385420539921322518e-12
-5.335211041392075054e-12
3.575132887133592144e-14
4.922738097114375231e-14
-2.177453031678676315e-13
-1.772989186195347440e-13
-4.715166298236171716e-13
-1.595000463117784348e-13
-1.192397055157548629e-13
3.296586918669627057e-15
3.959689788926719531e-15
3.142479442408247428e-15
3.365066880534312404e-13
-8.998704377590095477e-13
3.707741206287712122e-14
1.449455671242257764e-13
-4.029980003309251716e-12
4.430291394718351317e-12
-5.114297148064564276e-13
-4.326250596976045494e-13
-5.328129726298094050e-13
-2.498148266130973879e-14
-1.998011462376706594e-15
-9.853106180162715163e-16
2.595346425210436723e-14
-1.618427518794581958e-13
3.442167101281302168e-14
2.370081098966960935e-13
-4.821184237213707341e-12
5.007157497259309517e-12
-6.349646801140038738e-13
-7.097663285536655665e-13
-9.548503236973188749e-13
-1.451861061439014740e-13
6.995696310405812073e-17
4.193793925524948217e-15
-9.342503349192881739e-15
-6.725056374585500775e-14
4.490532568860145879e-14
2.654704021252872116e-13
-2.852437505785283339e-15
-6.378211843359873871e-13
-3.519863712639492753e-13
-5.971970618012332610e-13
-9.546309752699562292e-13
-3.821247874168588351e-13
-2.110509851557828947e-14
-1.755523040108511310e-14
-7.261389312725517160e-15
-5.959969524310837484e-15
7.242343610581865581e-14
1.815510055291287005e-13
4.976709808713957378e-13
-2.851468033697095945e-12
-1.515771138533740054e-12
-6.521451631266374559e-12
-6.582699507945138977e-13
-6.302597496397030053e-13
-4.309964883536735512e-14
2.825476481767284766e-14
1.095766580598133312e-17
1.596549952955430747e-14
9.539468360029064196e-14
7.957161074826224427e-14
3.930850609048922419e-12
-5.196582480651673036e-12
1.674879631754154484e-12
9.250374437825272246e-13
-8.155447456801855581e-13
-3.094280972549558392e-13
2.588086331808279194e-14
3.772436742240412792e-14
4.399166636670623302e-14
-3.815776084158918639e-14
3.082146921743029391e-14
5.677820548950498516e-14
1.146091938347350334e-12
-1.817972571630484873e-12
2.228065600049940829e-13
5.040375809599946583e-14
-7.097330308793046216e-13
-1.244484837942084144e-13
-7.425565879475394319e-16
1.025223703372709489e-14
1.952089918465643961e-13
-3.091495545924187550e-13
1.190759029268785405e-14
1.307503063755486850e-14
-1.536956153554344499e-13
-2.507950876802119221e-13
-1.305446054676061391e-13
-7.106201867362518190e-14
-3.605470079856997789e-13
-2.376856217792770285e-14
-1.283910304385253728e-14
-7.650333488634381561e-15
6.543596895222641126e-13
-1.482300641042903844e-12
2.291733098967393008e-14
2.715043857794975733e-15
2.670708727073327734e-14
7.788318004774747902e-14
-7.414803355201474498e-14
-2.732499525095577810e-15
-5.342391767213248702e-13
-9.683377222204324608e-14
5.203731675226705162e-16
-3.691088387879830693e-15
7.105314642627305577e-14
-2.826778703486248773e-13
-7.243368905617049564e-15
-1.295296695936968444e-14
1.108854207272643351e-13
-8.650701646882866573e-14
-1.780945791117507843e-13
-6.946476856795511432e-14
-1.650437553861200070e-13
-1.112786832275287376e-13
1.377576463962554941e-14
1.983386065247903946e-14
2.650502500373286535e-15
-9.426012528165798054e-14
1.267058716929179221e-15
3.462431868866996668e-14
-3.693015815511978530e-13
4.336793064761565809e-13
-3.705880138355918511e-13
-4.599768949621964827e-13
3.739316747914848758e-14
-1.180342336476544700e-14
2.511365033985912728e-14
4.117962361921670147e-14
-1.557326714130495151e-14
-1.189456285468504574e-14
-3.667459073861639801e-15
8.276161991538889109e-14
-2.597075156434792782e-12
2.713698144057252742e-12
1.801984690819923237e-11
1.648701597033468505e-11
1.464473351188888581e-14
4.579686732642221159e-14
2.219247553571726199e-14
7.290013747227205766e-14
6.596971092408805104e-16
5.313445433059653448e-15
6.479877165326680958e-14
1.237577808009903957e-13
-1.042614629698017961e-14
1.992845491160715726e-13
2.067989413496424594e-13
3.975633624683475650e-13
-8.391882082077368145e-14
4.368106092267064884e-14
-1.338292211853412738e-14
-6.417935658818472642e-16
-1.103825870860726356e-14
2.519214050069736633e-14
8.149767234542041397e-14
1.347521774877819670e-13
7.152235546822081070e-14
-1.441621356210508836e-12
-7.050430743777667640e-13
-6.800639893151415404e-13
-9.302932501526557936e-14
-1.327173819316634847e-13
5.636994534757409740e-14
1.238608857109603105e-14
4.481588713672193971e-14
-2.591730269574438297e-15
2.601427708791004486e-14
9.085674840693793281e-14
1.551864112405248808e-12
-1.830497385808388618e-12
-1.271028753260410107e-11
-2.119433071734028313e-11
-3.205000813672541079e-13
-5.330270881182226291e-14
-9.112126072589310114e-14
-1.883687468256357782e-13
5.203909573509487419e-15
-1.159560685727960495e-14
8.725939491965337532e-16
-5.928964402353776350e-16
5.145802811166210393e-14
-1.437598360031963529e-13
3.473705475296989911e-13
1.945652939778115511e-13
-5.399260305229167573e-13
1.529780562075460776e-14
-4.002491193762493411e-14
-7.789655005535875343e-14
3.414268538974055102e-14
-8.497332802849654329e-14
1.409323223251185898e-16
-3.466669600315076782e-14
-1.556448509929769392e-13
1.898800065114755310e-13
7.864163951662692045e-14
4.226755844678232348e-15
-6.333273490328591287e-13
7.423213686331573253e-16
-1.546162766973629009e-14
-3.689734886820469627e-14
9.986022646662625828e-14
-2.329267507248909653e-13
1.015887886598599224e-15
-3.785927424371658286e-14
2.670757239726137371e-14
7.788398323638249934e-14
-7.414850268038865253e-14
-2.732314967019482648e-15
-5.342430623642205081e-13
-9.683410115474463630e-14
5.202846485640194317e-16
-3.691191566155004824e-15
7.105292627350657126e-14
-2.826772179623577252e-13
-7.243367587356579605e-15
-1.295348111726480685e-14
-1.556466937185835784e-13
1.898838624645190589e-13
7.863978928583371471e-14
4.226614383651612147e-15
-6.333272395530542116e-13
7.421447155459015132e-16
-1.546153940458063611e-14
-3.689726774968492317e-14
9.986024903197869439e-14
-2.329268545837661288e-13
1.015891928617150178e-15
-3.785881655615208872e-14
5.146495108212815820e-14
-1.437670859625091993e-13
3.473711147989784712e-13
1.945668081293260760e-13
-5.399262097303898253e-13
1.529794685086328263e-14
-4.002528400959120864e-14
-7.789715501382586884e-14
3.414260941617315425e-14
-8.497327655878196717e-14
1.409351812455168624e-16
-3.466718491499365609e-14
1.551987571239129992e-12
-1.830646357834374189e-12
-1.271052016687179649e-11
-2.119470298857711463e-11
-3.204994694247182038e-13
-5.330233746064189566e-14
-9.112049464631524810e-14
-1.883675292947009338e-13
5.203857288195211493e-15
-1.159542243105398576e-14
8.724823024290489716e-16
-5.922809446483220215e-16
7.152065438718862426e-14
-1.441654096565967932e-12
-7.050556587614083321e-13
-6.800630049829939160e-13
-9.302836368778875838e-14
-1.327191542913425157e-13
5.637061390580629120e-14
1.238611103124598631e-14
4.481632756877806896e-14
-2.591841403456781062e-15
2.601434581837846913e-14
9.085626315578189245e-14
-1.042032773651209161e-14
1.992981740634079146e-13
2.068051334655721160e-13
3.975579499915678997e-13
-8.391678913003751147e-14
4.368063243229611961e-14
-1.338316741712411741e-14
-6.417652876834310002e-16
-1.103846291024489099e-14
2.519222226910050308e-14
8.149780704660577944e-14
1.347520818152668480e-13
-2.597017947836759729e-12
2.713632308571455266e-12
1.801971919688983222e-11
1.648689369866530163e-11
1.464627234344878157e-14
4.579684340095959395e-14
2.219230028691537289e-14
7.289962685011907366e-14
6.597356218322770161e-16
5.313120082503166711e-15
6.479879931639529127e-14
1.237575381415868214e-13
-3.693036356257730484e-13
4.336796000586340972e-13
-3.705889506955383207e-13
-4.599780887901402643e-13
3.739398928484450227e-14
-1.180343372505170067e-14
2.511347282974254509e-14
4.117942438431166176e-14
-1.557321804873887628e-14
-1.189499521659265444e-14
-3.667449215413201603e-15
8.276150930104996303e-14
1.108869435075265339e-13
-8.650459690707161391e-14
-1.780958757979706055e-13
-6.946483617192346378e-14
-1.650448756622037798e-13
-1.112793957002595779e-13
1.377501515700567691e-14
1.983281512105376077e-14
2.650014824921717548e-15
-9.425784952463928737e-14
1.267074674516414504e-15
3.462485912955807627e-14
2.349124695851664770e-13
-4.697191231143276339e-13
-3.576506324583248872e-13
-4.689364183543130591e-14
-1.790777122863596017e-14
2.352736077001970380e-16
-1.051242963937871916e-15
2.881305087563163670e-15
1.385421738751412348e-12
-5.335217805205887743e-12
3.575120192484723833e-14
4.922819917376985548e-14
-1.537355392185233927e-13
-2.507650470209242416e-13
-1.305475711786844151e-13
-7.106200217419696703e-14
-3.605430795671804176e-13
-2.376879514405471516e-14
-1.283897125785916188e-14
-7.650313866640222034e-15
6.543601311116951650e-13
-1.482301307743492167e-12
2.291744367979354370e-14
2.714935950267247768e-15
1.146035213592110139e-12
-1.817921706832669142e-12
2.228019537975610341e-13
5.040112505427660697e-14
-7.097299765236092660e-13
-1.244489630303188715e-13
-7.425162906819566065e-16
1.025211202190525892e-14
1.952087656645860020e-13
-3.091488006241452986e-13
1.190754438819834446e-14
1.307430058912587128e-14
3.930917158160658523e-12
-5.196676328947614789e-12
1.674896127125285939e-12
9.250477138601895395e-13
-8.155451363229582518e-13
-3.094288104886738347e-13
2.588109424470161206e-14
3.772442185329656751e-14
4.399186473675479587e-14
-3.815775059385965141e-14
3.082144176712373014e-14
5.677912385312486465e-14
4.976721932839945875e-13
-2.851469776945744923e-12
-1.515764795939127166e-12
-6.521425462503197062e-12
-6.582731468117018820e-13
-6.302622997224266786e-13
-4.309936429056392186e-14
2.825428513996233774e-14
1.094292698778891049e-17
1.596557996069535031e-14
9.539455271339301723e-14
7.956766679542190492e-14
-2.854581725358572797e-15
-6.378184911374341885e-13
-3.519827392214603914e-13
-5.971875975446121258e-13
-9.546284455825189380e-13
-3.821234544213164359e-13
-2.110573009838806991e-14
-1.755527877134430042e-14
-7.261652231254226880e-15
-5.959904019805282838e-15
7.242286926016939675e-14
1.815536383917310415e-13
-4.821008423492586696e-12
5.006953521300385234e-12
-6.349433462467600931e-13
-7.097537243031394205e-13
-9.548516843314076005e-13
-1.451866520016803694e-13
6.993443687324522749e-17
4.193815082558742207e-15
-9.342859240441717006e-15
-6.725015692831255626e-14
4.490500725619954037e-14
2.654732263693592575e-13
-4.030039954286637376e-12
4.430384590154394084e-12
-5.114284445873064898e-13
-4.326247136433620436e-13
-5.328275690243183877e-13
-2.498123827408922848e-14
-1.998063272482456298e-15
-9.853689824090085051e-16
2.595313418131722079e-14
-1.618413840620127200e-13
3.442166304900535561e-14
2.370080032046019221e-13
-2.177294532117506774e-13
-1.773124329014630069e-13
-4.715155409633908289e-13
-1.595003909836128609e-13
-1.192459963739331308e-13
3.296582506366273126e-15
3.959819486665053264e-15
3.142571672545876007e-15
3.365055628709071607e-13
-8.998650242971383503e-13
3.707753415229202792e-14
1.449462824599119952e-13
2.850545948996985236e-12
-2.659148415213959724e-12
-6.262888882660619558e-13
4.525590906849713440e-12
6.557702947605643528e-14
2.772013982850960594e-15
-1.087107307581282847e-14
1.706539002663475349e-15
5.265067965870016146e-13
2.720877210582359889e-13
3.613543794321213008e-14
1.041792496386121793e-13
3.104721546275301636e-12
-3.333443227544589949e-12
-4.085805496140649874e-13
2.530756626094546634e-12
1.715231120538003191e-13
-1.565136947854004543e-13
-2.883807171308041518e-14
-1.105452095796495959e-15
2.435863798687903388e-13
1.015073951558037490e-13
3.603671104168953417e-14
4.478490364690489970e-14
2.344719720147280931e-11
-3.028844259956583238e-11
-9.386049910172786292e-14
-5.650269977421763903e-14
1.586478183848010808e-12
-4.885458259481518255e-13
4.782604839192863522e-15
3.537821092456139893e-14
1.182795603723308163e-13
1.435265967314520348e-14
2.811931985908124877e-14
5.180133612383059816e-14
5.772026970317446334e-12
-9.619182947710430203e-12
6.621604393685538769e-13
1.040177885560839070e-13
5.161646724754740192e-13
-1.266690896320507817e-12
1.522228973939466184e-13
1.876501331922616425e-13
2.584315046574787188e-14
2.794085765612432541e-15
2.914903999810297573e-14
7.302063863491199811e-14
1.529541922455672270e-12
-1.307029748101168001e-11
4.686843044919559665e-12
2.213741982233967587e-13
-1.417470454518315541e-13
-2.425647267421624381e-12
-1.938913928516509482e-13
5.320662263033717679e-14
-7.509636337616155582e-15
-1.762282387477156675e-14
4.060783929689939573e-14
5.377500474898233539e-14
1.059660034627456967e-12
-9.744079338309391219e-12
1.945396308872793690e-12
2.664734809402957463e-15
-3.264145267260469331e-12
-3.862106592378475113e-13
-1.538238982552107527e-13
-9.283197483846534206e-14
-8.374889714917229663e-14
-9.361362974082447664e-16
-9.802717014612573656e-15
1.069223184686018681e-13
-4.107620663647758537e-12
4.669380744276064117e-12
-1.797938878461461893e-13
-2.588438637794453928e-13
-2.628152019103688393e-12
-4.151220881455015745e-13
5.580677647326454530e-14
1.175906032479937918e-13
2.426680911262839830e-14
-4.073104847776437544e-14
-6.200324612514246768e-14
2.163119582318509684e-13
-4.142335901416435438e-11
5.051920926262359479e-11
-4.266077009092233300e-13
-1.292946203982734534e-13
-3.448536051310034075e-14
-2.811852220721103189e-13
4.523471364538108599e-16
1.499109625647562118e-14
6.516720800645852344e-14
-2.857720439759087066e-14
-4.978866088383271836e-14
2.715681874670354963e-13
-1.488859717357789818e-12
7.825941671520185086e-13
-6.086798425251440262e-13
2.801369175640036387e-12
6.256891131665923624e-14
-1.187367853976869451e-13
-1.459288250546089527e-14
-9.192542692695849695e-15
1.643179583809378789e-13
-3.730177715861508406e-16
2.076271471089781210e-14
2.089278080863128084e-13
2.598549261028817970e-11
-4.637830947787066066e-12
-7.141370993563775170e-13
1.984865655725928494e-11
-4.746618266089935818e-13
1.335639825464022375e-13
-2.388925892929438501e-14
-4.390852834038689751e-14
5.586469266488853208e-14
8.756911502639195161e-15
3.602815855279934308e-14
1.156519615550470122e-13
3.010862067117577539e-11
-1.188496867034276478e-11
-6.273921321530776992e-13
1.531775703125034014e-11
1.109774587051042622e-13
4.689091034325598836e-14
-2.256698329090937117e-14
-3.791575071974600486e-14
4.162002876423233795e-14
4.592437377508842552e-14
5.997774288806596048e-14
8.539037279267852382e-14
1.394841487778396150e-11
-1.300969737025478904e-11
-4.460371236555017149e-13
1.083462803544197577e-11
-1.091813471942814527e-12
-5.536646525511703554e-13
-1.151748101352401537e-14
2.135939217189442478e-14
4.040990745707211672e-14
3.729054780003762598e-14
5.606499399364722738e-14
8.034003580853427728e-14
6.563907179911558192e-12
-1.362223872678057533e-11
1.286516181636237226e-13
2.003715610584375273e-13
3.977847445152546522e-12
-2.230221520909512136e-12
9.753952884813786047e-14
3.491089905059313663e-13
-1.288672832238717807e-14
5.940321777626087122e-15
4.426452608173514508e-14
9.701539054019191367e-14
1.504290376915334749e-12
1.926485862888442418e-13
2.348530069802034084e-14
-2.856465786910919305e-13
2.155423631429927933e-12
-4.157561174828759254e-12
-1.423398868610508517e-13
7.479685045170218954e-14
5.262000945565007166e-14
-3.634199748926789106e-14
1.761812318092400090e-14
8.025079064227297497e-14
8.260762166389667458e-12
-1.926948177616892638e-12
3.517423942167826667e-12
1.709398644129165064e-13
-4.444131406197866388e-12
8.423057750808348492e-13
-4.905708208094469211e-14
-2.042110885398417399e-14
-1.002245374519704829e-13
7.402051782670976807e-14
1.542438469976063942e-15
2.366498223581255534e-14
-7.652816148363477582e-12
1.198640034703413432e-11
5.167102861872640558e-13
2.359833951909872097e-13
-2.056691832471969767e-12
1.800957595239192981e-14
1.278290952976742157e-13
3.694954605969206974e-13
1.774429014163206745e-14
6.443930017425876901e-14
-7.539214161776292666e-14
1.046440528080202908e-13
-5.548217299842660491e-11
6.262233971587106528e-11
2.028622653514703709e-13
4.119311278273659436e-12
1.405891763516505861e-14
-9.810575605010472603e-14
-7.104496183641868736e-15
9.506901706656152029e-14
5.564949652518585540e-14
6.174217842787369609e-14
-8.663783273989826162e-14
1.725456465675787527e-13
-9.467177111657119924e-12
1.348570576716171435e-11
-3.790218010867516090e-13
1.509569792725947818e-11
-6.516000815479148902e-13
2.421898507539119970e-14
-2.848708328602082153e-14
9.871079453541013150e-15
4.316250642651367103e-14
1.923849294880247780e-14
-2.361617906310543109e-14
1.658944887490470703e-13
1.401026637888632854e-10
-9.427394595504472199e-12
1.044485211647895689e-10
-2.537252031649758133e-12
-1.573758203705518649e-12
1.076975911347219393e-13
-1.553965303827065462e-14
-7.938715259326079692e-16
8.005438559430907498e-15
-3.845447167244562732e-14
-2.191120734094018830e-14
-2.696869249372070778e-14
3.576554956375211516e-10
-1.964158017595463753e-10
2.014322803081780219e-10
-6.417117717145426219e-10
-3.731456780862643391e-13
1.675789806190961055e-13
-1.443629278673343509e-15
-2.465327282681456412e-14
8.679282118106355676e-15
-2.037236712781789465e-14
3.835917053572021618e-14
-3.966297085257870260e-15
-1.105913857514188051e-11
4.533999144407115245e-11
-2.278969522863237543e-13
3.895767971409048726e-11
-4.104056235045006835e-13
3.467999979675189078e-14
7.932921538786517409e-15
-3.427059760314971020e-15
3.288164787298625204e-15
-6.890699980666131241e-15
2.865332984751713420e-14
2.265310802897743172e-14
8.375749680287008032e-12
-9.757923505837495662e-13
2.276855717607227877e-13
4.311237274882233550e-12
1.309443830875835788e-11
-1.072558408420356042e-12
-4.443522050728507320e-13
-2.499326882773005844e-13
-3.051084581073671240e-14
-1.658779702411250625e-14
3.551690232470184343e-14
5.992722535581778546e-14
2.465973717957305477e-12
2.444406236223335108e-12
-2.282473907280010206e-13
5.909656824251709990e-13
5.158762882415618218e-12
-2.449366361229958291e-12
-6.738800064176108854e-14
3.375033475108605897e-14
6.809682443693581695e-14
-2.910486265345773876e-14
7.153587613972825777e-15
8.969811282625573750e-14
1.984451676859066059e-12
-3.726448633637187063e-12
1.028603651642817619e-12
4.197686762191741843e-13
-3.561406721756960856e-12
1.284273083740905277e-12
-9.219829259880004700e-15
4.904087910986935163e-15
-3.400954618127392330e-14
7.194616774008821137e-14
6.494124984584645755e-14
8.208601226347865772e-15
-1.020859699242154957e-11
8.571994702562950058e-13
1.972454897762823131e-12
-5.267838775945828724e-13
2.914369334750627593e-12
2.820289532126029529e-13
-6.144296976548410468e-13
-7.136553388453701336e-13
-4.961692194746026989e-15
4.576846561058753136e-14
-2.204121902630105628e-14
4.517441142591306399e-14
-1.168601236580604836e-10
1.673633672836277624e-10
1.417388061142033556e-12
2.697902319903520541e-11
-2.442473149754589076e-12
-4.799186536828355959e-15
5.114265914384337570e-14
1.207566096566336112e-13
2.012573268668966991e-14
9.585240680386598844e-15
-3.443384303561374452e-14
3.718553127562824050e-14
-7.906114830080822078e-10
7.570608699427272736e-10
1.693518195334738108e-10
-5.317932251204316813e-10
-2.617629417662332107e-12
4.831156296371787691e-14
-2.757818463310129102e-14
6.364194716879480551e-14
1.197799517176806080e-14
-8.227309805948146916e-15
-6.309959385115072044e-14
-4.459520732467167414e-15
4.853550343596194927e-10
-3.427516684996318102e-11
3.399517653633898562e-10
-1.612676142038386351e-12
-1.231560821415990920e-12
6.049357383107096849e-14
-2.091167277251423731e-15
-1.018330889489599067e-14
-2.730829855964392188e-15
2.278086535202259103e-14
1.206692346281217654e-14
-5.047113600090369226e-13
-1.543887481011362107e-11
3.651332209426008791e-10
2.085602169778168165e-10
-5.282805849002858219e-13
-6.134718180505236239e-13
1.079033007593906130e-13
-4.877218114996359745e-15
-2.431340811649817814e-14
-6.730184564825654841e-16
2.332181474989894548e-14
3.541040412204721842e-15
-2.701729137162374345e-13
1.287980426953351617e-10
-8.537832605501700704e-12
1.294260772602164316e-10
8.165276944425437774e-13
-8.438203807254783830e-13
1.867060581130026808e-13
2.903079037490424813e-15
-1.500052150602622517e-14
-4.333681217721707211e-16
1.518881268594281529e-15
8.423464565789738690e-15
-6.936665517086043252e-14
3.071533428622054405e-11
1.053698198637669089e-12
1.543721467809261837e-12
1.531517874969023284e-11
1.929211550900059609e-11
-5.806556235778476140e-14
-2.862629702355331458e-14
-1.209441706546792186e-14
-4.435456051480417017e-15
-1.589994107424521707e-14
3.538992907062995724e-15
-3.518598509130055134e-15
7.197764444461513216e-12
-1.515204793655320926e-12
9.868991561527797450e-12
7.982741425839826607e-13
4.112227190406491468e-12
-5.550559005877539474e-13
-1.536121184470304342e-14
-1.990397577718435389e-15
6.144676000864242776e-14
-2.477677634386815986e-14
-1.777201182729076954e-14
4.792610768238086199e-14
-2.110937329289116017e-12
-2.116890682311524020e-12
2.638804463077328119e-13
8.752444250144050033e-12
-7.223702700944357582e-14
5.634634453643265448e-13
-1.607704393753900474e-14
3.566224342693956641e-15
-1.470538127648701908e-14
3.571882468084709306e-14
8.233177498054800611e-14
-6.515841157637318179e-16
-8.388123888498017067e-12
-4.406373644535310064e-12
9.684503115749918826e-14
1.900450789496648901e-12
2.101769958755772590e-11
1.859789310697706922e-14
-6.171470941687838021e-14
-2.604073547120927054e-13
-7.948458445421303067e-15
6.119587722022737304e-15
2.191814432683965364e-14
-3.989732623062095116e-15
-5.936038718115387202e-11
8.263177692348438597e-12
1.223452038756564978e-10
-3.962076362865902553e-12
9.747517543011550710e-13
-3.241437835695797393e-14
2.161843432697840941e-13
1.036324479461350095e-13
-9.900128671430461247e-16
1.794250024754021645e-15
-8.009796753619610073e-15
-1.309344777775852419e-13
-3.088666214511980436e-10
5.144499991482911216e-10
2.103777353567532717e-10
-2.199812168623946978e-12
-1.397879618500419737e-12
3.457819755524152686e-14
1.371858035534940986e-14
2.369768299226656304e-14
-3.736773805042243778e-15
2.150120045954916748e-14
-9.698653250880783848e-15
-3.884157464167434486e-13
-1.051098746160205479e-10
9.507239048068602802e-10
2.062383921362518003e-09
-1.951157781843131383e-12
5.239555925085853928e-12
1.320588299098138496e-14
-1.295077729410300094e-16
-3.523712689031156978e-14
9.292386224312774714e-14
8.136802083460449220e-15
-3.478264027565054505e-14
-1.255005359167517483e-13
6.393582621275196572e-10
-5.773421093399779681e-11
8.118463976857353136e-10
-3.406483766215795874e-13
2.026769393718152849e-12
2.712771390706105775e-14
-1.360296195765161105e-13
-3.148654034941224162e-14
5.877349920172863994e-14
5.967248744688739461e-15
3.947556277783479212e-16
-4.091677208829685719e-13
1.411479663484183490e-10
5.828663728730207379e-11
6.905315594631739621e-11
4.122878104274697458e-13
9.480441967424790083e-13
6.867262996282653183e-14
-1.129998621954389870e-14
-1.660164729623072223e-13
-4.935973203513024953e-14
2.777911017593233207e-14
-2.334583681701928173e-17
-4.807191077221998599e-14
2.005873430413440638e-11
6.352330465337398935e-11
-8.378038788899049203e-13
3.992531056124218622e-12
3.582516602092619550e-12
5.051034293006482911e-14
-1.910164771549042486e-14
4.998541062577236949e-15
-3.116009628314763538e-14
3.557083861881372737e-14
-1.286414736884934330e-14
-1.982149481757245735e-14
-5.842930684309406875e-12
5.571051637584178463e-11
-4.782578723521169162e-12
-1.461550402116736857e-13
6.659432067895125206e-13
-2.560339307679909663e-14
-1.395163667937755744e-14
2.291239226951839760e-15
-3.458954402534122105e-15
-5.632694390768952210e-14
-3.196270931994537452e-14
1.485279533570382202e-14
-1.292107764599007150e-11
-5.365830790673966345e-12
-1.093123769139185616e-11
4.992200871786945363e-11
5.378521798159243051e-13
7.994990709714120323e-14
-2.489741820715249860e-14
7.069327246188281632e-16
-4.461996745809434519e-14
2.276615019194093401e-15
5.424463053762389450e-14
-6.137649825505860096e-15
-3.856660400742532890e-11
-6.290390701765890272e-12
-9.032644291487067322e-12
3.322996201383119195e-11
6.232125617024994115e-12
-4.760094967928396022e-14
-4.122687753676744555e-14
-5.750305511311357258e-14
1.223441894582254754e-14
6.951151976013597710e-15
2.389721519488091820e-14
-1.589197889385919998e-14
-8.966102294004656281e-11
-5.504371536784321537e-12
9.541243256648222666e-11
-7.271474807945121743e-12
2.165147462478919322e-11
-2.358007256891170655e-14
-3.111942811456795394e-14
-5.581201441079105406e-13
-1.544509181599432205e-14
1.460077851446750158e-14
5.641076624993329556e-16
-1.416214665716025610e-13
-1.605909996504507165e-12
-2.665022094365606719e-11
8.804037907254789714e-10
-4.403307376073875360e-12
1.149920333464313306e-11
1.448916858601479124e-14
1.140564083452085221e-13
-5.953939316276761115e-15
6.749241702628396031e-14
1.963705809079378496e-15
-2.164879035130045656e-15
-4.473251828446241521e-13
4.632242245638263367e-01
6.735194365804206829e-01
1.369282222521714942e+00
3.181972402593684877e-03
3.353897031988678501e-02
1.559925025969179752e-04
-3.142731792541232898e-07
-1.111375722207842916e-06
8.404864064908040865e-05
-9.092972205216546606e-07
6.585910908828227894e-05
1.101942222531949143e-02
3.126607777407463540e-01
1.709367848208835639e-01
5.530070443253658485e-01
3.538166773096929930e-03
3.525679341389873628e-02
1.667830718145150201e-04
2.217972842590253666e-04
-1.011904361669965837e-06
6.273040790218975830e-05
-5.218631364444794103e-07
1.227859619366144264e-06
7.782719862731514275e-03
8.636818024706280350e-02
7.256892454711118268e-02
5.571834333963215230e-02
4.156112298806853393e-03
3.727326574100523621e-02
1.697164378922516332e-04
-1.002715272038981723e-07
8.772196380676871110e-05
-9.934793167119308440e-06
-9.626908492135900076e-07
1.725031766040418754e-06
1.255108901908563463e-03
3.056536217621641516e-02
5.344106992462403088e-02
5.961229807592625766e-03
4.256724155796477727e-02
3.446091213726448950e-03
5.566195817898811278e-05
2.017822098227551205e-07
-1.282967680597129839e-05
-9.312158348812104342e-07
-2.847178788109315357e-05
1.031298062728097556e-05
1.396297920383401340e-04
1.320780144492653824e-02
4.624864726267748083e-02
9.064098010746221221e-03
4.609818915380740206e-02
3.710233554568027740e-04
-1.149949872404341446e-05
7.238372151639354555e-07
2.913610901524386862e-07
-2.371594193827384204e-05
-3.030159867456167663e-05
2.391170272072050298e-05
8.271825332856056954e-07
1.335842950584616162e-02
4.640396268609071895e-02
8.781953006267941356e-03
4.674706713026952759e-02
3.384780274322866066e-04
-1.236749387212149287e-05
8.973723234222158055e-07
2.712097334485280485e-08
-1.952881002123238089e-05
-3.568159838924636954e-05
2.164695128890107865e-05
1.108927540544447197e-06
3.091595915795031929e-02
5.401135004577329451e-02
5.909942680082975672e-03
4.281235729937363232e-02
3.541246411199653818e-03
5.941010729969813396e-05
1.880225290112705949e-07
-1.246704512764355460e-05
-1.060484620504264714e-06
-3.405263661824316657e-05
8.683202038822568220e-06
1.252154484066537673e-04
8.515624986784435524e-02
7.313053202129676800e-02
5.537101131829096773e-02
4.184170354537965035e-03
3.714742355922884959e-02
1.682360617584583394e-04
-9.846470632882901379e-09
8.650634399431095657e-05
-1.307014996655640388e-05
-9.931605725029969543e-07
1.316084093390533634e-06
1.175353011828273028e-03
3.045242857205475162e-01
1.808126076945272553e-01
5.498022125076096334e-01
3.597271242496428295e-03
3.504809987668863064e-02
1.782576354398793966e-04
2.237946257572792782e-04
-8.588157882615501463e-07
5.232734653732830165e-05
-5.151418233072037502e-07
8.048203586338542937e-07
7.648424177149756691e-03
2.545680335928843796e-01
4.136014039325948688e-01
4.655507638634467926e-01
9.157829937654961630e-03
4.110756699684376542e-02
4.757481080109199909e-04
9.890939145121221897e-07
1.443368654749730997e-05
9.704496305091512217e-06
1.188184340281992620e-05
-9.835505137568592465e-06
6.642263884721153790e-03
1.723731723011320549e-01
2.946841601686081558e-01
2.570432017217967879e-01
9.668530018630491080e-03
4.263021606450258238e-02
3.634149342923319228e-04
3.596477891478201504e-05
1.734291411180257012e-05
8.497177017313073221e-06
1.047820495717903311e-05
5.734392555265512148e-09
4.048770124367548524e-03
1.380717812951814116e-01
2.543095835087773662e-02
1.224750570222387647e-01
1.156100544822549064e-02
4.695291949603380005e-02
3.397753237014268339e-04
1.045410955617880977e-04
3.265387988371688380e-06
4.266643593840217719e-06
-2.180777696972241621e-05
1.244200323616586084e-05
9.024810346244666048e-04
5.526551485286795851e-02
1.757614000359221731e-02
1.456985344043301017e-02
4.246706556981495739e-02
2.300294758943560725e-02
2.330550309863597087e-05
6.016921633647939504e-06
1.167488725479113084e-06
-5.799017276148198017e-06
-3.771527519012599739e-05
4.925775026767373902e-05
3.417860719924080849e-05
3.165226301278990795e-02
2.513345484591412993e-02
2.743829114459909319e-02
4.306557849431932178e-02
2.440813000012056339e-03
6.523791958961898364e-05
-2.193569830917472882e-07
1.254909576827499999e-06
-2.823226848604253134e-05
-3.281280348813806071e-05
1.095790005197295661e-04
5.578440993180941752e-05
3.155779426862475451e-02
2.459995714631127775e-02
2.710415544376480745e-02
4.367733461310740334e-02
2.323395075776052334e-03
7.112783723047944181e-05
8.454360487017932563e-08
1.261573555610658681e-06
-2.668542674774744311e-05
-3.865859539943690155e-05
1.020635929480726559e-04
5.595334459154709410e-05
5.531724744998688104e-02
1.777917820549234848e-02
1.466009582604478091e-02
4.352238919445883258e-02
2.289156281121626155e-02
1.812985562281246808e-05
4.341173279567416563e-06
1.202990833372708954e-06
-5.845395259393572833e-06
-4.524635981913902966e-05
4.476997202344104392e-05
3.066614917460597082e-05
1.374610135142043388e-01
2.629658398730768884e-02
1.202922610082479138e-01
1.165537584549643582e-02
4.703132596547094507e-02
3.488074988422098588e-04
8.851018165878202931e-05
2.569167863394326765e-06
4.139336790211445850e-06
-3.087855552521073056e-05
1.006811781437292980e-05
8.523265909868187658e-04
1.740462019602501964e-01
2.842466123484894691e-01
2.661130043827223401e-01
9.631424149262908865e-03
4.255583936547356616e-02
3.966551129155352555e-04
3.269175808419034791e-05
1.721843100513706761e-05
8.397630321763231798e-06
-1.230972157875287908e-06
-6.274687788017643904e-07
3.899530467149593758e-03
1.132480775384798050e-01
2.209417681274854495e-01
1.123379995115309921e-01
1.052416020005299963e-02
1.776458025047240874e-02
5.150394402730507776e-04
6.091658886322287345e-06
1.483875036960412167e-04
-2.605235853171702803e-05
-5.022913603586176569e-06
1.109433805925980948e-05
4.608754120964438507e-04
1.001049534312420664e-01
1.620238725084300613e-01
8.219362724181676627e-02
1.129577606780963507e-02
1.799823811670266116e-02
4.612996886588023766e-04
-7.134441761140567673e-06
1.696048430840240188e-04
-3.501915404251493421e-05
-6.070280249165075671e-06
3.496548932575434910e-05
2.067231281586298327e-04
1.730977317190861633e-02
8.428921112074501398e-02
1.276282392323750681e-02
5.042950050611888502e-02
1.677274489814909245e-02
1.529734600036785274e-04
7.112947065490964754e-05
1.261488597509822390e-04
-1.295001982575256412e-05
-2.255908050434651201e-06
2.725772214822367960e-05
8.646612183599739538e-08
4.427840858757654124e-02
2.521322799149229316e-03
1.776801752686878177e-02
1.403493824420245714e-02
2.047134383986928124e-02
-5.092091100273573928e-05
5.749528804066743288e-05
1.056642097143464067e-05
4.010378000541445730e-05
-9.581581286755490675e-06
1.046848117598153617e-04
1.137045853022674219e-04
3.452375110192215657e-02
1.233951000585236692e-02
8.568902873811007695e-03
7.219553114355894627e-03
5.262532718635398038e-03
6.631498342984276824e-04
-3.651929886584448096e-07
1.257927924672624762e-06
-1.900867323564192583e-05
-9.256017701256817558e-06
2.519218101628927214e-04
2.837979123038365543e-04
3.373114291244087848e-02
1.227148719601509584e-02
8.681260240334841977e-03
7.248935193914776351e-03
4.946512735574459113e-03
7.216195777761764615e-04
-2.021932398096641871e-06
9.561989423140470203e-07
-9.099783761678952347e-06
-1.367959063509971641e-05
2.448605520775357699e-04
2.798911221494286951e-04
4.341324645559264256e-02
2.565338333596420793e-03
1.789699391663264472e-02
1.411158975170661092e-02
1.974977156199457864e-02
-5.740638769967823469e-05
3.767123086450438566e-05
1.111898776931714160e-05
4.009106557556014534e-05
-1.168141275130232963e-05
1.007444387482036446e-04
1.093012454862607029e-04
1.742009105371070121e-02
8.626998017245926520e-02
1.280383252113440583e-02
4.847548694768705896e-02
1.674235646727203694e-02
1.401404435644128710e-04
4.911010503990807552e-05
1.238677504537986571e-04
-1.208111468416840852e-05
-3.893251355987306153e-06
2.475558461953168850e-05
8.791806902173876212e-08
9.338852897063602831e-02
1.653860706900074362e-01
8.160196754013346321e-02
1.125384882521425836e-02
1.797689210207519331e-02
4.909738623934584200e-04
-8.887002580231020016e-06
1.664720548024089229e-04
-3.454018946600413584e-05
-6.745342233555231602e-06
3.605524047316803666e-05
2.036404173202901091e-04
1.308976146707176436e-01
4.309669539692928542e-02
9.328428269751802213e-03
1.555102853194177161e-02
6.823002006534097802e-03
4.694013169513485632e-04
1.781702857063258700e-05
2.440106257401959493e-04
-1.455240685132288067e-06
1.417905622572348497e-05
6.927944481850662568e-05
2.726479076986796138e-04
4.707615535948611596e-02
1.099692260212112305e-01
9.993903138466124145e-03
1.323776603055345884e-02
5.535560261497002137e-03
2.059658546101276848e-04
-1.341167767413824506e-05
3.025272016359969876e-04
5.325298211880085062e-06
4.009532010699431878e-05
1.119248392809744517e-04
3.534967407854975241e-04
9.552251792754054560e-03
7.378751822944255856e-02
1.253945684838669861e-02
9.251758574945355765e-03
2.329914632744243055e-03
-6.067103559544406835e-05
8.466816699934260075e-06
2.350233286769753960e-04
3.993409558946611228e-05
3.245787147349803154e-05
1.111256375814960668e-04
5.356416351658162137e-04
2.238000333941433722e-04
3.703228600371579610e-02
1.725607245377493854e-02
2.376747315436086503e-04
5.418988636290813891e-03
5.887527710702566931e-04
8.339370472591590782e-05
4.734402156168388166e-05
1.368413650701221223e-04
8.026747318270694437e-06
1.820579510088734664e-04
6.957823003699230941e-04
1.590787990226075893e-02
1.203710148782894404e-03
1.973668457079010702e-02
-3.580532617151082936e-04
2.813520333124942905e-03
1.714945585894626706e-03
2.519575447018250133e-05
-6.444726907428833070e-06
-9.336200490275558823e-06
-1.693892287289475870e-05
4.264050763900306749e-04
5.977888121716121118e-04
1.566469959585313140e-02
1.202315419291412595e-03
2.030832989083361170e-02
-3.565387651813597286e-04
2.720455589477175067e-03
1.787543950885062041e-03
9.423411515017325011e-06
-4.408574280394399191e-06
1.875773664945331028e-05
-2.363613016456857203e-05
4.245792144793622373e-04
5.955959010871025904e-04
2.157612939578299437e-04
3.628488896154609400e-02
1.745226612657788459e-02
2.348495638611540308e-04
5.259680556132831711e-03
6.121253832213183243e-04
4.633379197523223306e-05
4.933057822859525767e-05
1.372766882226418583e-04
1.024264747524089568e-05
1.814035389938643903e-04
6.758719044278099688e-04
9.355007647972713933e-03
7.114628595593737448e-02
1.265153552005730299e-02
9.086375369007757344e-03
2.301654977545684790e-03
-7.022722321565401274e-05
-8.313825061486573932e-06
2.356779556480754578e-04
3.714342509376388000e-05
3.490632400820521545e-05
1.115583802006690078e-04
5.160677430737709622e-04
4.499877225689262461e-02
9.841913923129860797e-02
1.006065188467495514e-02
1.314384199421663076e-02
5.533068586811145176e-03
2.028900659691255113e-04
-1.468294899563105354e-05
2.959596815932665718e-04
4.716439246474686287e-06
4.389572246976348395e-05
1.115907341254618714e-04
3.450977343115335552e-04
7.995384065744738644e-02
2.196438238826674619e-02
9.130478633102203506e-03
1.578729115661515645e-04
1.262523895220684191e-04
7.775264756126194744e-05
2.005224968310981355e-05
1.964255685998489442e-04
6.361037011405062274e-05
-4.226312348169414712e-05
7.544062522908766939e-05
9.744865289482578007e-04
5.406781802757957417e-02
4.229760654116662688e-02
9.554416242163006265e-03
3.055834738182439087e-05
-1.975128297992316897e-04
-6.504386824025797651e-05
-8.422490962227754743e-06
1.730205568028478000e-04
1.605481946373236246e-06
-1.330757986672627558e-05
1.022083038361826891e-04
1.003642896813291717e-03
4.357204360589225084e-03
5.418051777991945289e-02
1.092985626522740075e-02
-2.054041835921690694e-04
-7.071780129503894971e-04
6.075271633622907351e-05
-2.732872613344917522e-06
1.848757744039251081e-04
2.604961010007721659e-05
-1.962687415948559217e-06
2.091989952741267434e-04
1.002895419617569166e-03
-2.590052411554766634e-03
3.472087664092405462e-02
1.352132170253328089e-02
-3.711739783103831217e-05
-8.334790608579491396e-04
3.386995416608825195e-04
6.037494454283352303e-05
4.294773053868327869e-05
1.645811691062289269e-04
-2.014299986190205993e-06
2.807770822167795122e-04
9.235764264525017381e-04
-8.518926813738752178e-04
1.482898918618525026e-02
1.201415406399931711e-02
8.128380314062984323e-04
-5.016490129538445477e-04
1.235025401349627145e-04
6.504986383204707857e-05
-3.333491583668970527e-05
1.000026963344292815e-04
2.183752730245132781e-05
4.227226613287578651e-04
7.126271582854023286e-04
-7.964212663693923198e-04
1.457526272330670648e-02
1.230543505814806968e-02
7.730184620031786517e-04
-5.040240961685870345e-04
1.254239043797417174e-04
4.662012882282345238e-05
-2.514830175021130513e-05
1.224150722850421956e-04
-1.015445379430975045e-06
4.278029529793532753e-04
7.183771419297866863e-04
-2.437966796938412142e-03
3.289868128007111814e-02
1.355850730936883179e-02
-1.728520475861396232e-05
-8.329816969736089259e-04
3.476301452463875937e-04
4.164932085953979111e-05
4.295270422243162160e-05
1.631799032087896651e-04
-9.959568088125519031e-06
2.923737298997297553e-04
9.243167465222410558e-04
4.361476620407782855e-03
5.017726649017562046e-02
1.101222615284441937e-02
-1.991250489356258984e-04
-7.103877748528497843e-04
6.150561891033297845e-05
-1.461451052225166307e-05
1.714824602499100516e-04
2.025783523050401461e-05
-3.697511186385831860e-06
2.138937166290187338e-04
9.962366702971261340e-04
5.501104310406373238e-02
3.968027702151941810e-02
9.627993394919110923e-03
3.058082694133403478e-05
-2.019633019636878773e-04
-6.544968932553286891e-05
-9.066067481434236092e-06
1.497352333212200262e-04
5.431322569808310003e-06
-1.696317554774270049e-05
9.949114541625480256e-05
1.002646467587305079e-03
4.916531588822901228e-02
1.187018463779669977e-02
8.138587979111886264e-03
-1.834706595834798351e-03
-4.961002402138096424e-04
-2.638836422896897847e-05
2.584527779329392967e-06
-1.167631336528855051e-04
-7.122540983755938052e-05
3.916728560612960965e-04
5.778917013792512277e-05
6.189345983696642765e-04
3.821165016696877192e-02
1.490319038263057151e-02
8.290145348735299818e-03
2.987290972781485006e-04
-3.051501045786668160e-03
-2.001838211568928534e-04
-1.379236860701101187e-06
-8.927079299077291777e-05
-8.769476064621417816e-05
4.323860752681942280e-04
6.134166738384531177e-05
6.549204927638183809e-04
5.917028417184020360e-03
3.374805733655954904e-02
8.287548364116390301e-03
3.508833733372249803e-04
-3.565194452424768918e-03
-5.462532626384502838e-04
4.628113078970621326e-05
3.219717897278597646e-05
1.211692552558132732e-05
2.543170102530923726e-04
1.433753114145315337e-04
7.345808361959829842e-04
-3.006903707893158594e-03
2.387681362511811373e-02
5.194997621744358932e-03
-3.285757329815422196e-04
-3.238458421193894914e-03
-1.031541747025201431e-03
2.719869585264004174e-05
-4.697896902086152924e-06
1.416081723698869356e-04
1.456186399532998529e-04
2.956093456326996070e-04
7.259949951201641024e-04
-1.009520377457976412e-03
9.500619008181705825e-04
4.727772168011593230e-03
9.165250975715608789e-03
-2.536394216690198312e-03
-1.664121212460046477e-03
-4.738801239891601489e-05
-1.058319286026142877e-05
8.291760673170583040e-05
1.019268919299995163e-04
4.401973649454189643e-04
6.171406236082560342e-04
-8.574357373779225352e-04
9.709795734006203488e-04
4.843630701009402247e-03
9.079062404346695606e-03
-2.511745114864601461e-03
-1.715665213484558055e-03
-4.721238406868478874e-05
-1.989237745289076299e-05
6.170061896378521010e-05
8.153800505648465429e-05
4.524432100995608142e-04
6.152696529953815023e-04
-2.767676678333360132e-03
2.306575605956568201e-02
5.167018775303943226e-03
-3.645309788740874269e-04
-3.220181241245777173e-03
-1.057005858524330153e-03
4.009126570325550576e-05
-8.518936987935306801e-06
9.664658848572283529e-05
1.298457943360059759e-04
3.158620705286178097e-04
7.240880075041059624e-04
5.968547128160036665e-03
3.222331669026561041e-02
8.227346555535041545e-03
3.748203760031065183e-04
-3.517083952546377987e-03
-5.425914686431030937e-04
3.765581298466476844e-05
4.234506574596156729e-05
8.368520572280078312e-06
2.354682941677270589e-04
1.497980654786152104e-04
7.365365658907185994e-04
3.813453038152195274e-02
1.495510377703095257e-02
8.288962108841441481e-03
3.134985141556188501e-04
-3.044539918536416818e-03
-1.935190635473930032e-04
-1.848896910955846830e-06
-7.086029701826330595e-05
-7.204306473471402332e-05
4.119114812849011950e-04
5.738629714422083884e-05
6.597856882593916171e-04
2.391864508711461987e-02
5.407255401532235980e-03
5.037564856374196834e-03
3.908479829540913793e-04
-3.171084657044101213e-03
1.981589604737464441e-04
6.898110009515404579e-06
-5.100595851817509328e-05
-3.307502852033648204e-04
6.250273205763922594e-04
5.577430101850984001e-05
2.163673964633144322e-04
1.859772931579331198e-02
6.434327574562851391e-03
4.804788507347593565e-03
3.417654918235779084e-04
-3.020194067237897458e-03
1.201840702962662715e-04
-2.856936742577567413e-06
-5.778576429752942302e-05
-1.881187277251068768e-04
5.218608972270197526e-04
8.242662497157519680e-05
2.615958026757572870e-04
6.776267892932698149e-03
1.390145183673788080e-02
2.830224803584325925e-03
-4.150273805946517102e-04
-2.958959600495174140e-03
-2.683383124599765849e-04
-5.874743822942788105e-06
6.943636694456639755e-05
-1.277043075341692975e-06
2.737446123145371546e-04
6.708437118984128468e-05
3.863889864777089148e-04
-2.162731106647904251e-03
1.281306226121020110e-02
2.728661941920776466e-04
2.320597626079453236e-03
-2.430995655422113315e-03
-7.671315781303050200e-04
4.179249816693558219e-05
-4.703059279179464371e-05
-3.700908352533536800e-05
1.134691799228061264e-04
1.172293074872997538e-04
5.509430041231202753e-04
-8.187944832776019319e-04
5.868326670294292174e-04
8.158585267376349676e-03
6.440533526340332451e-03
-1.794254073446391014e-03
-1.290702268536508043e-03
1.359845962196182365e-04
7.062112314737830851e-05
1.301169870854959945e-04
1.302014360297461184e-04
3.396426844654822021e-04
4.927250170617299141e-04
-7.015075615865806009e-04
5.782588531097587314e-04
7.924383282998243017e-03
6.627054440141206745e-03
-1.846183839276699075e-03
-1.328084801415677519e-03
1.845042767693233282e-04
2.721320637615366958e-05
1.115512602729648860e-04
1.626626488094218195e-04
3.708316428664609255e-04
4.595786842593647015e-04
-1.907093082982825368e-03
1.257653268279733047e-02
1.895251966142200888e-04
2.558055667196005526e-03
-2.544988515390258447e-03
-7.995520885523037594e-04
5.864208587411485162e-05
-8.965906056518237568e-05
-7.882143838875185066e-05
1.445977204093169160e-04
1.446530939963916289e-04
5.305133624372302195e-04
6.646636725955776433e-03
1.361854487148020203e-02
2.881455229640225019e-03
-3.984195403665017699e-04
-3.030944415382473035e-03
-2.635673463386983134e-04
-1.480710570249797047e-05
1.281870373206463133e-04
-3.404515055914226645e-07
2.909950399565419828e-04
7.136208540754083389e-05
3.802699888962696954e-04
1.838646843179549475e-02
6.444218330400957283e-03
4.827649689835918252e-03
3.369328508444523131e-04
-3.060810308176920794e-03
1.402139037197661564e-04
-4.067292764039558570e-06
-1.415117883532706792e-05
-1.707511325629039781e-04
5.117627076006901971e-04
7.978619830309718062e-05
2.606102195194732237e-04
6.821219911552748759e-04
-4.979463535314703127e-05
2.483555017325618725e-04
2.203035085256496423e-06
-5.257922413694799416e-05
-7.567394199263206793e-07
-6.689380788336948478e-07
8.132787541716959069e-06
1.693642808057548219e-05
-9.697771381842384408e-06
1.667894611139682071e-06
7.287374450669240158e-08
6.052178976123604327e-04
-1.140040163089921222e-04
6.128753434478442774e-05
1.853954093674046219e-05
-3.628545349410671026e-05
6.353889838209907512e-06
6.734150043562150339e-07
-1.657179627571505381e-05
1.840746619436201968e-05
-9.373268211300413462e-06
-2.180565782640113064e-06
5.577988833079264963e-07
3.053411412017996993e-04
-3.479233061655802837e-04
-2.395214737140764555e-04
-4.875142600518751973e-04
6.069855481119948546e-05
-3.556531653436188875e-05
7.786845690886922341e-06
-2.051508684880166844e-05
1.067272112407036840e-05
-6.273689484438326989e-06
-7.369445710439165532e-06
2.264885944513041031e-06
-3.555040322360272461e-05
5.750166811228100478e-05
7.459523683782143559e-05
-4.925179947012453497e-04
6.035548213029560797e-05
1.139449408417928559e-05
1.153856661368632100e-05
1.336308464496262986e-05
-2.871559774649807322e-05
-1.127332732628317957e-06
-6.823748334137005659e-06
-3.666228290372134679e-08
4.544892878823155526e-05
-7.449819164193476592e-06
3.082355782328534909e-04
-1.824235639749198230e-04
4.332145116461207242e-05
-3.809980900608167654e-06
-6.142647538065675261e-06
2.194175348475590741e-05
9.064264540896290761e-06
-2.071317619311300742e-06
-1.063997789766560395e-05
-2.389510922466254127e-06
4.950711036291499971e-05
6.809425788770446608e-05
-2.081938719638616128e-06
1.113229073039077204e-04
-8.153983533983798771e-06
3.954597295169147821e-05
2.022442229548106638e-06
-1.053893638767378504e-05
1.459693295181653187e-05
6.185055323996027854e-06
-2.232219940360747263e-07
-1.104969160062745393e-06
2.463387284697826770e-05
8.665339745842210296e-05
-6.567640681472365811e-05
1.666081954291742824e-04
-9.027079021793625363e-05
4.739617614799505988e-05
-1.141874958672312275e-05
-1.567351028356815844e-06
-1.324327375326467565e-05
5.824064500939842598e-06
1.106236672975073215e-05
2.759803428416159116e-06
9.088410478021612582e-05
7.121139163980235495e-05
1.954855219640754666e-04
4.231810314507758073e-04
-6.717233719130733286e-05
3.251585726517377487e-05
4.315158942387992046e-06
1.478978782878378472e-05
7.887952180731040548e-06
3.747850504460285183e-07
9.398502624557377412e-06
1.917076896764346307e-06
2.999543803337162439e-04
4.899584583723393393e-05
3.822360233336688094e-04
-1.463694057120239036e-05
-7.949113120100592613e-05
1.102273438487554380e-05
1.754982260610953590e-06
8.201050589766979378e-06
1.980667889657343890e-05
-5.032149050816384238e-06
-1.349249111365405665e-06
1.283582706996742188e-07
-2.276847374465571644e-02
-5.479483932302850642e-03
-4.647761734341048293e-03
-3.817959196752168812e-04
3.133225625052722587e-03
-2.117707148759623683e-04
-6.923033287040304984e-06
2.168947564275149184e-05
3.463230322499778594e-04
-6.123761256519632060e-04
-5.849564573501944605e-05
-2.120396500473704178e-04
-1.764140942172668161e-02
-6.460607564574894802e-03
-4.368429051803648239e-03
-3.194373722544506240e-04
2.988850632408712998e-03
-1.465675821220336359e-04
2.594860674183567067e-06
6.003468783044344864e-06
1.871264331517598183e-04
-5.005885401756883036e-04
-8.071367922956850243e-05
-2.597904225508858062e-04
-6.396823456766803466e-03
-1.396831959917242856e-02
-2.635420833346082108e-03
3.667999192280916036e-04
2.973435795704117580e-03
2.715122930487634360e-04
6.412974119598358557e-06
-1.052138946389664351e-04
9.905505465892321777e-07
-2.732907250774526493e-04
-7.099676996294146381e-05
-3.759731467717850875e-04
1.941124794390382269e-03
-1.277915182550332790e-02
-1.699351894393961548e-04
-2.628883909625239542e-03
2.481947711283101835e-03
8.245945672753729428e-04
-7.059715378508248931e-05
8.680967021161907396e-05
7.926065721205834461e-05
-1.330636423077421191e-04
-1.525456939335955602e-04
-5.198411166650106045e-04
7.729009301150033305e-04
-5.215883200175082824e-04
-7.981062399190155462e-03
-6.604511265499445755e-03
1.774691864999909056e-03
1.316868848406595746e-03
-1.542979643458403409e-04
-4.871854782998094049e-05
-9.227962996356640782e-05
-1.366487216028195546e-04
-3.572937433108026753e-04
-4.924778746365814303e-04
9.435750811910583163e-04
-5.845234497166130029e-04
-8.056491374399888522e-03
-6.442432997674900699e-03
1.797937082551684558e-03
1.249223557026502875e-03
-1.613051830192582109e-04
-4.587286653803682515e-05
-1.065951944921896655e-04
-1.505524373931552823e-04
-3.569817436959543504e-04
-4.905661519767990980e-04
2.111795486967570079e-03
-1.273535281555263250e-02
-2.562899600533117910e-04
-2.192235149555656765e-03
2.468898345229291955e-03
7.694152587974907804e-04
-6.094932854083732592e-05
8.278736323465899058e-05
6.968775742986714331e-05
-1.414175067617377346e-04
-1.364699580379586004e-04
-5.170620217756666552e-04
-6.565523909333806363e-03
-1.403532101083192207e-02
-2.553974207726524438e-03
4.273739202824083732e-04
2.961270413820540123e-03
2.469085762151646143e-04
1.118246389842279416e-05
-1.119239618997343896e-04
8.229777616508756867e-07
-2.795038742666742029e-04
-6.069329424612049395e-05
-3.765636985470586910e-04
-1.794066644945080391e-02
-6.427036482934132475e-03
-4.350098894059724851e-03
-3.513256980235595684e-04
2.962017019189907424e-03
-1.561071045654784020e-04
2.970183145199271394e-06
9.632682009072245528e-06
1.899061242042468435e-04
-5.152729593242019951e-04
-7.713594789633790479e-05
-2.632950211704732308e-04
-4.923736982102627086e-02
-1.195803198300040594e-02
-7.814186183744721570e-03
1.829180830124523720e-03
4.818697191195482556e-04
1.768228719508510428e-05
-3.210027568225288130e-06
7.435195097172105452e-05
5.708546862919353565e-05
-3.456735455018905751e-04
-5.995406685143526493e-05
-6.390655685599588463e-04
-3.811320346373671397e-02
-1.498931871971696285e-02
-8.024347276898199932e-03
-3.068096150603251090e-04
3.007486786322205886e-03
1.844190684188095556e-04
1.678751664050333155e-06
4.131481506222989172e-05
6.323400592572224542e-05
-3.738699730731118685e-04
-5.857433687851824379e-05
-6.757297796451420873e-04
-5.866955261339006945e-03
-3.285285420902261944e-02
-8.230256067529813369e-03
-3.669203446002725967e-04
3.461619555204554187e-03
5.344838186099323211e-04
-3.584568526065651407e-05
-5.029137300228025043e-05
-1.000890083190754260e-05
-2.001837462748885289e-04
-1.569014567241310161e-04
-7.420301811467316976e-04
2.766925092022442124e-03
-2.353325663077087543e-02
-5.190666814932110538e-03
3.574401254979062224e-04
3.134954663812459120e-03
1.049400857344228192e-03
-4.087971570852555930e-05
1.107672126227607728e-05
-1.143221283340162188e-04
-1.058187133887550200e-04
-3.229768869474472829e-04
-7.359517005732827506e-04
8.415214119114316355e-04
-9.936185697705026288e-04
-4.987063339302192158e-03
-9.035316598002079980e-03
2.399723987370727153e-03
1.722027971771777086e-03
7.611920070346423178e-05
3.494104551457982651e-05
-7.811646566279428999e-05
-4.935635832821018215e-05
-4.455945898456538227e-04
-6.329491696574623960e-04
1.030798868602247724e-03
-9.020267394712416179e-04
-4.719202683358658321e-03
-8.962684952656030726e-03
2.549044281171783648e-03
1.595300776618002779e-03
6.472584022994993527e-05
5.188386686106107330e-05
-6.086685211678392253e-05
-1.088890950918273639e-04
-4.480424949852836137e-04
-6.078347562665602482e-04
3.051500182210384760e-03
-2.369733766866558011e-02
-5.025929452174661589e-03
3.253672619156752007e-04
3.284249781092755949e-03
9.750699906086419478e-04
-2.557445866494055775e-05
1.117256096878636871e-05
-1.255125496425954761e-04
-1.467472898470408959e-04
-3.034087713448166521e-04
-7.174695962005572239e-04
-5.954203249736325296e-03
-3.359709412722535621e-02
-8.028178306544472495e-03
-3.472211590897200098e-04
3.587179630267828614e-03
5.110714058399512582e-04
-3.192758158376174827e-05
-5.241729025204815487e-05
-1.098080125916670919e-05
-2.422971582299447593e-04
-1.441169294239246369e-04
-7.263406661483213069e-04
-3.823636191073045976e-02
-1.507453769928454416e-02
-7.883296988171889508e-03
-2.957438120507587258e-04
3.061383446535917603e-03
1.849892616523532809e-04
1.785218020520541144e-06
3.278604299619003747e-05
7.220723626322597861e-05
-4.061617214626502448e-04
-5.716223156220575659e-05
-6.645171365571781027e-04
-8.031713457643503695e-02
-2.191048830782598572e-02
-8.941621529914371355e-03
-1.568554050718889428e-04
-1.274304848928361610e-04
-6.901760432754981483e-05
-2.152980613520710719e-05
-2.423494862132322125e-04
-5.094591925756021008e-05
4.244769092454105233e-05
-7.942068684041917012e-05
-9.687040566772256575e-04
-5.527918285512953278e-02
-4.024331436724296052e-02
-9.698883217516725275e-03
-3.026204917837685808e-05
2.025710224065949941e-04
6.296195770206402436e-05
8.999446989116217008e-06
-1.993597398939438831e-04
-1.763828601746472607e-06
2.359695843537983379e-05
-1.023741832011952141e-04
-1.010920444702687222e-03
-4.362740414725778393e-03
-5.122715432296671284e-02
-1.112514341132520013e-02
1.922782807770631304e-04
7.060952085154931831e-04
-6.079083240473711112e-05
1.811569168085752635e-05
-1.963874546079466261e-04
-2.191354988202015157e-05
5.849945755150447189e-06
-2.156377859986527152e-04
-1.027679872622383733e-03
2.397886516786686475e-03
-3.330498012109323752e-02
-1.365323777343942224e-02
3.521338302392096683e-05
8.146069763793948150e-04
-3.477467890387993732e-04
-4.984145215552062520e-05
-4.712182797379823175e-05
-1.633644143262733125e-04
1.674245250490574152e-05
-2.973301035364856468e-04
-9.481543053392044304e-04
7.676697349445016447e-04
-1.446629247716165433e-02
-1.225356399916727179e-02
-7.555786400545263289e-04
4.886033236603913458e-04
-1.260912114893600648e-04
-4.979540626270617497e-05
3.356393717986136144e-05
-9.994777139188503053e-05
1.270950098436794455e-05
-4.381545871314987536e-04
-7.312380937883033441e-04
8.994260289493979368e-04
-1.476433219792326092e-02
-1.186201205438424007e-02
-7.780860339909292022e-04
5.024631120030347529e-04
-1.201655503631874364e-04
-5.160558902212960576e-05
3.954442980124723151e-05
-8.435481643948519064e-05
-1.584620893282264920e-05
-4.399475628626641323e-04
-7.118364723481144856e-04
2.669449196548734273e-03
-3.406268214375124392e-02
-1.327042019515671523e-02
3.956854813394103908e-05
8.364053251471339611e-04
-3.313049304523349556e-04
-5.187729043120097147e-05
-4.784806315741783992e-05
-1.656659170410769530e-04
3.026268503470311155e-06
-2.790122501960662078e-04
-9.262490655296856017e-04
-4.431882364658229663e-03
-5.252517085268786079e-02
-1.074439121544996760e-02
1.881385174318728139e-04
7.097245715513335069e-04
-5.952876204617110973e-05
1.687990777206741088e-05
-2.078326115941179044e-04
-2.155843763954902641e-05
2.712363850930504245e-06
-2.038656798209284875e-04
-1.008656481613317939e-03
-5.440473332881547164e-02
-4.161355640125734973e-02
-9.484571591908502047e-03
-3.031484100394462770e-05
1.948892851170852796e-04
6.371821121025310602e-05
9.084112839372855084e-06
-2.167746292837510118e-04
-3.161423603936144720e-06
1.479205917156882542e-05
-1.010985664338230909e-04
-9.972520676638071870e-04
-1.332311967500628413e-01
-4.235002404412414878e-02
-9.182582413897490831e-03
-1.588500459251035099e-02
-6.793256905041897449e-03
-4.852213775704053151e-04
-1.834089558528094769e-05
-2.667775836240219374e-04
1.925371862264326815e-06
-1.012366171799732295e-05
-6.876277939589503507e-05
-2.802241380179346249e-04
-4.530858877040778998e-02
-9.956057275150251296e-02
-1.011421843372368318e-02
-1.317627445005371128e-02
-5.560506949026307842e-03
-2.045689379807066660e-04
1.358609284989853428e-05
-3.143219270642961540e-04
-6.132687672960407379e-06
-4.297374808261972533e-05
-1.117014983101108057e-04
-3.543254534832934038e-04
-9.186670794238347912e-03
-7.248258019220218951e-02
-1.267739886260333196e-02
-9.141581266069591025e-03
-2.324931720174322220e-03
6.962229442930770846e-05
1.107754623554640945e-05
-2.410978240695503224e-04
-4.013353068012433245e-05
-3.996834888557867176e-05
-1.140617405378688645e-04
-5.281323193955137852e-04
-2.109626442800093384e-04
-3.659975589798748763e-02
-1.732755340663251140e-02
-2.410295113322668647e-04
-5.290215345696598973e-03
-6.114627527036557058e-04
-4.607221501540123093e-05
-4.459675982303098205e-05
-1.342192873993568463e-04
-1.132615627040084146e-05
-1.882291923021854499e-04
-6.968777500071185200e-04
-1.562593607631556497e-02
-1.203561799465879692e-03
-1.990830648390360877e-02
3.678487200833471089e-04
-2.715619545675520240e-03
-1.754438237563248461e-03
-1.209673774113441158e-05
4.277912648649681344e-06
7.368487765824052341e-06
2.573820809908050218e-05
-4.231669835907573922e-04
-6.134948634010157402e-04
-1.589710859780358448e-02
-1.226069647010202346e-03
-1.960935057615886823e-02
3.592821791076726426e-04
-2.763457347012257016e-03
-1.723905525382979928e-03
-2.116757809750919307e-05
5.146209964382210168e-06
1.662120904003103864e-05
2.051263281010127902e-05
-4.256693911906759284e-04
-6.003590634581264110e-04
-2.314057525431894506e-04
-3.691607347689125629e-02
-1.706531327082089558e-02
-2.359011769075472357e-04
-5.369643897458254746e-03
-6.048433071286581000e-04
-6.497598442044944748e-05
-4.297972297257425978e-05
-1.372313258392833719e-04
-8.512140477095766786e-06
-1.849807916701591776e-04
-6.979158715637703890e-04
-9.674154727945834600e-03
-7.227680466882589749e-02
-1.241374776189429346e-02
-9.300039436468376594e-03
-2.296395778061649517e-03
6.546756964566015260e-05
1.437133120396943403e-06
-2.481741820999234507e-04
-3.882134303543831837e-05
-3.332453448318029081e-05
-1.063020783918873009e-04
-5.393087172559946768e-04
-4.843044258991033996e-02
-1.052595000191941521e-01
-9.936396605304757823e-03
-1.329925832716371582e-02
-5.492402971702296278e-03
-2.014493739262226155e-04
1.266227184765127932e-05
-3.277513876689106855e-04
-6.038722375086212546e-06
-3.719083285488727095e-05
-1.112635799957408287e-04
-3.601908465075747356e-04
-1.167858630167294132e-01
-2.166930130705172763e-01
-1.105187864328479180e-01
-1.025930640593145440e-02
-1.809324783978094597e-02
-5.138611195676330351e-04
-6.096462350718051852e-06
-1.298763960344975830e-04
3.090624330187778879e-05
4.455339234742826882e-06
-9.850240757476389625e-06
-4.591269092571580862e-04
-9.515644238371512298e-02
-1.599563649194368220e-01
-8.118738513204684648e-02
-1.092482773157693599e-02
-1.810760627606703560e-02
-4.773857164653054160e-04
9.204778567101074130e-06
-1.503908740184451581e-04
3.450518982194312610e-05
6.991966281838366222e-06
-3.708880182902246446e-05
-2.078931225876243878e-04
-1.735660819003587152e-02
-8.551634353857773263e-02
-1.233236100495300851e-02
-4.896174418981212584e-02
-1.679150137097332532e-02
-1.482857237349577677e-04
-5.214251508081406362e-05
-9.032034033183854627e-05
1.162796723986590796e-05
4.804477388261023414e-06
-2.751824986637681580e-05
-8.387201756118772335e-08
-4.326687536552945718e-02
-2.534090251860863455e-03
-1.751353443626462239e-02
-1.397718982859131459e-02
-1.995456818526776532e-02
5.794388847880774170e-05
-4.610426148070113667e-05
-4.080874822808405394e-06
-3.258744313087914341e-05
1.153831113824979646e-05
-1.021988557483305274e-04
-1.145467001770897125e-04
-3.369858396021416930e-02
-1.217834719415762657e-02
-8.486201299176683935e-03
-7.296196848105787440e-03
-4.983902800684994125e-03
-7.011221739166566703e-04
8.000302337617751066e-07
-1.071440141071937290e-06
1.151992230961494841e-05
1.319502899310508832e-05
-2.511157565045450939e-04
-2.943207714847496069e-04
-3.411311165523011474e-02
-1.226238377680157789e-02
-8.604450331384291134e-03
-7.245823370761753958e-03
-5.241626373911186833e-03
-6.699933899799462517e-04
5.640885620620580961e-08
-1.041254187292660502e-06
1.723831333529607737e-05
9.887717470352742061e-06
-2.621767732138669351e-04
-2.872350386916401664e-04
-4.379654689426863701e-02
-2.560441957418730340e-03
-1.757187754420146825e-02
-1.397028722279214374e-02
-2.069428893238876854e-02
5.345548993113282245e-05
-6.131193410514620241e-05
-3.745487147982480329e-06
-3.183084584497427433e-05
9.501758128688602174e-06
-1.044943759777980548e-04
-1.142773676522617471e-04
-1.801020728791688508e-02
-8.362420910267871765e-02
-1.245551931634641257e-02
-5.081152477765323028e-02
-1.681494138157709622e-02
-1.511703402933237432e-04
-7.139674059273873829e-05
-9.927433741511047165e-05
1.080414061753561100e-05
3.622900701514876995e-06
-2.540925580236324621e-05
-7.881850503136906145e-08
-1.038429838827363977e-01
-1.604007352268907727e-01
-8.161642587531951765e-02
-1.101860323529465710e-02
-1.806892917827545436e-02
-4.532730960872975918e-04
6.717782564519719236e-06
-1.590632143822456846e-04
3.283569931815199074e-05
6.152461999413181687e-06
-3.462783043389062429e-05
-2.090104624189848101e-04
-2.719355706007309248e-01
-4.123008925587653417e-01
-4.695310362503103407e-01
-8.812168155740408848e-03
-4.091918781290337231e-02
-4.859398716204306815e-04
-8.177551726541041946e-07
-1.361899838916819401e-05
-1.298492719265905721e-05
-7.854451992507579681e-06
1.158726313444360417e-05
-6.716979369383540774e-03
-1.755308498939330275e-01
-2.822069341152116939e-01
-2.665756905213721994e-01
-9.289763121768514903e-03
-4.228528337206435145e-02
-3.902356776042377549e-04
-3.036933422293593813e-05
-1.409375672356469345e-05
-9.831775124413615093e-06
3.538208540557151930e-06
-1.740309887554718765e-07
-4.016574983471535298e-03
-1.359206677446796185e-01
-2.611150597812847418e-02
-1.180704181805903447e-01
-1.121328421053348519e-02
-4.638769572171887873e-02
-3.476096306726165867e-04
-8.844879778151142958e-05
-1.034392573955936241e-06
-6.293754667315760094e-06
3.987399673291282216e-05
-9.699069555559323611e-06
-8.795831519790808751e-04
-5.484415776803150400e-02
-1.743546030999567481e-02
-1.404450143895734707e-02
-4.349909398429629287e-02
-2.259132695481116254e-02
-2.255326099998067039e-05
-5.489315308918836091e-06
-1.452851258630585854e-06
5.980997945565767668e-06
5.826683488316657545e-05
-4.709314669525675631e-05
-2.922731935252365990e-05
-3.095591757185687035e-02
-2.395690077445868441e-02
-2.676149436360564585e-02
-4.298907568806722285e-02
-2.266930598880602128e-03
-7.520455212473463791e-05
5.417977990497775496e-08
-1.699775099971981743e-06
2.737335220913017468e-05
4.091537079991351667e-05
-1.119833300079024492e-04
-6.108188733725870389e-05
-3.089471162807842786e-02
-2.456819211607524922e-02
-2.700529880043208916e-02
-4.299801830042460082e-02
-2.465711908436734028e-03
-6.801098952730446397e-05
1.144921006349696819e-07
-1.445918981795267722e-06
3.021543882004517248e-05
3.446802918900179747e-05
-1.174353735424983684e-04
-5.951632362733243583e-05
-5.461336381577070603e-02
-1.742948874268216222e-02
-1.416995918471845167e-02
-4.332303064563890194e-02
-2.334415179444620028e-02
-2.954174033391614415e-05
-6.052826874578303870e-06
-1.295151662311313719e-06
6.088920470704850191e-06
5.349224064594772400e-05
-4.909671110353721170e-05
-3.193988073855091783e-05
-1.359923669888443154e-01
-2.506894272398060494e-02
-1.201970242316563187e-01
-1.141702173307143284e-02
-4.671104662482931241e-02
-3.390677841798451077e-04
-1.014474490626347673e-04
-2.680192496923096580e-06
-6.051360558960608694e-06
3.159836966804750692e-05
-9.347432009562521389e-06
-8.957092037530784952e-04
-1.721512968980191127e-01
-2.855830408283716038e-01
-2.580059199294283401e-01
-9.384472813845879183e-03
-4.245782524076686243e-02
-3.638793173859226145e-04
-3.609398384347558219e-05
-1.535254741077393464e-05
-9.767513488880239059e-06
-6.201604325028898611e-06
1.193881778323625334e-06
-4.113258116548348074e-03
-4.002542307976250102e-01
-4.107223161509219178e-01
-1.605098462681511684e+00
-2.841063149882288880e-03
-3.321634703882726802e-02
-1.618420922093317092e-04
2.777208396188338546e-07
1.250340601105500621e-06
-9.203147985601508512e-05
3.373848937335114035e-07
-6.234978143640170683e-05
-1.102994303246160324e-02
-2.705270510115100335e-01
-1.799022739985812469e-01
-5.762065357726966486e-01
-3.360334742494944845e-03
-3.419644248752008731e-02
-1.858540941399715611e-04
-2.255964882461019140e-04
6.598665859027912654e-07
-5.786111934907923110e-05
-9.803707067625840834e-08
-9.963238077003598319e-07
-7.728700562530071809e-03
-8.436817243134948907e-02
-7.322489718501346001e-02
-5.475238141240923451e-02
-3.939525811683814924e-03
-3.612610429340062240e-02
-1.732609201510793321e-04
-8.371869129926480118e-08
-9.374501104735010523e-05
2.048569832930643067e-05
2.048473191049101130e-07
-1.139686351935843089e-06
-1.248653703503518637e-03
-3.008165046988988192e-02
-5.400740727158476889e-02
-5.742419258369022700e-03
-4.151016550028871488e-02
-3.562190253611331389e-03
-6.163334949285488779e-05
-2.027595415304547535e-07
1.512696372090984285e-05
1.304641804577805848e-06
3.368715772116854791e-05
-1.013168365655611855e-05
-1.189963578754288869e-04
-1.288774675716864576e-02
-4.592367737676446293e-02
-8.797436266956058445e-03
-4.593897578810994531e-02
-3.155514574117104657e-04
1.328751416853330125e-05
-7.225964697841499373e-07
3.688580077185059203e-07
2.314543937010035034e-05
3.232583773923009771e-05
-2.549224753572227581e-05
-1.726206745649526564e-06
-1.280207799333349036e-02
-4.643888365268732110e-02
-8.659624777159029285e-03
-4.572618834793894249e-02
-3.765269671013975195e-04
1.177012794229062982e-05
-5.858929932915641643e-07
-1.746894887483487452e-07
2.096618765404569278e-05
3.417616115231559214e-05
-2.697985106909162533e-05
-1.537347275118398213e-06
-3.069694989651319816e-02
-5.349448606880408824e-02
-5.477689322351156180e-03
-4.182579436472275147e-02
-3.584042755843301533e-03
-5.831383103404268317e-05
-2.730183092046553883e-07
1.388071703827192734e-05
6.237061970168061791e-07
3.482397307063757075e-05
-1.110158906560898553e-05
-1.266767816779294613e-04
-8.232789275978741328e-02
-7.408179317651898688e-02
-5.606279270766780648e-02
-3.765333338933061786e-03
-3.657744457845599900e-02
-1.753494202170646408e-04
1.419944642756728381e-07
-9.611754530615052353e-05
2.033627423958716477e-05
-3.056171764501051880e-07
-5.228591156789878877e-07
-1.262471869019353042e-03
-2.673324748355058733e-01
-1.689203541073243664e-01
-5.735896185817466186e-01
-3.230119827663230966e-03
-3.435447301665799091e-02
-1.734553665747417650e-04
-2.263148546125083127e-04
1.132389117903488293e-06
-6.047395896597190676e-05
-5.065527957965468394e-07
-1.162669680271461167e-06
-7.685290468267412696e-03
3.171979944672028706e-01
2.528422064796044810e-01
3.120070015784939810e-01
8.106570271803184569e-03
3.885463435281578254e-02
5.406500272527794016e-04
1.516159705917782255e-06
-1.962806495061625064e-06
1.514198441127233668e-06
6.053738522522624340e-05
-4.900574810363599089e-06
4.632135754000012498e-03
1.900666183551074084e-01
2.408029021920080337e-01
2.035140213001896681e-01
8.419956390964022583e-03
4.169206309437499536e-02
4.725856283838057942e-04
8.604770045188522265e-06
-1.600036616952499328e-06
1.825940899286737364e-06
6.510506627854854801e-05
4.819980291361627365e-06
2.839983138037222195e-03
1.104010336787438207e-01
2.754389633089067771e-02
1.356252248222961643e-01
1.012081518865622781e-02
4.745470278481087045e-02
3.219421079298382727e-04
6.475668517569878573e-05
9.043732944238006951e-09
1.235351568320122687e-06
2.689710866110212625e-05
1.935505446712641341e-05
5.884401597381186443e-04
4.492718867564216706e-02
1.261082923081300287e-02
1.281989813442032701e-02
4.254610716504945295e-02
3.476543125390926109e-02
-1.873981723281136901e-05
1.505085258246113777e-06
2.456098328905598446e-05
1.679862578192553237e-06
-1.606866820170194991e-05
6.391507633706642927e-05
2.140233956722482892e-06
2.597022513881542399e-02
1.833182049865148336e-02
2.469753341412374986e-02
3.494572638468980419e-02
4.476114833736340171e-03
2.567796481761551127e-04
3.851256583386734521e-06
3.457644156811675487e-06
-2.697910897024722424e-05
-3.737051529810436052e-05
1.490765830614873501e-04
9.643045857692835311e-05
2.609736285151727231e-02
1.827306627173496886e-02
2.457127499815775495e-02
3.535340663401086159e-02
4.109484527787027677e-03
2.725214790418167550e-04
4.028757571298620415e-06
2.942996390178503151e-06
-2.151559515861054886e-05
-4.702949716512434261e-05
1.462921107731217287e-04
9.512699551622733876e-05
4.517497145749719417e-02
1.239875225408011185e-02
1.278398724465603514e-02
4.330592410007259863e-02
3.390426991061120526e-02
-2.828560809037362558e-05
1.578427699402481043e-06
2.072911690290944910e-05
1.161638524506861985e-06
-1.841342285556635266e-05
6.334226516663890854e-05
1.739067736883557498e-06
1.091459526043479095e-01
2.629490823080933223e-02
1.314325040499144948e-01
1.021481193267862603e-02
4.807388039783871275e-02
3.164659708612975919e-04
5.917186478380965245e-05
8.716279794922044049e-09
7.075383140642074995e-07
2.670026385821683615e-05
1.851278734827099747e-05
5.619936731782964158e-04
1.839288752381833536e-01
2.362271119424807220e-01
2.025882109560209476e-01
8.516523350481539426e-03
4.179979956711217526e-02
4.666300192622565538e-04
9.502519321199526410e-06
-1.501763541542332064e-06
1.722908132486765602e-06
5.483928762014122647e-05
5.990155211734580110e-06
2.769358743576050535e-03
1.751604455172828256e-01
1.785367975606329538e-01
2.336203839562868145e-01
1.215138973944101045e-02
3.296107216471896861e-02
6.957350018759365321e-04
1.107057747463871426e-05
-8.279046845399324630e-05
2.814961968324575153e-05
-4.931557901733927451e-05
3.880308153680371770e-06
7.667511612649856095e-04
1.632185265276769326e-01
1.452904960870330109e-01
1.662351551982949593e-01
1.280353813260352511e-02
3.384537909470839573e-02
6.906661286246337751e-04
-7.742378804680709516e-07
-9.730899259599421923e-05
4.855144152509978942e-05
-4.912345115736597290e-05
4.311651866469106239e-05
3.559781874031718238e-04
3.297641555371282063e-02
8.470260319299403873e-02
1.427616174221572366e-02
9.457876943076140575e-02
3.286538984854169010e-02
2.288612515924933833e-04
4.117058772558555260e-05
-8.278898653221622331e-05
1.647834536038346670e-05
-1.118458050727860962e-05
3.478007186941044297e-05
2.215207969032007244e-06
3.756027770643547564e-02
1.070501661107961001e-02
1.846734022190907321e-02
2.854157795638195827e-02
4.023319381352107038e-02
3.420512709025695370e-05
1.555527203830593005e-05
-1.763375631519462411e-05
1.573262173438674911e-06
-6.399395429449127027e-05
1.489299893392843346e-04
1.712941211303211362e-04
3.262256773093984152e-02
1.774866917876273542e-02
1.270549299908396712e-02
1.764362246465607867e-02
1.045300129955056487e-02
1.444935382630615833e-03
-3.048236633209292629e-06
-8.457223647111893281e-07
6.269318883529679821e-07
-2.252137329852625265e-05
3.535083305940453480e-04
4.347239186658374984e-04
3.220306642100596861e-02
1.826438344593074581e-02
1.284217664317140357e-02
1.791237903099987885e-02
9.766660118981541558e-03
1.560232996702699045e-03
-2.718773706874144602e-06
-1.323950590688799427e-06
7.108268909891242737e-07
-2.849422743139059649e-05
3.524958008858899202e-04
4.217244820517051422e-04
3.743805466302377316e-02
1.041669900821401949e-02
1.867011744316973351e-02
2.873361324303723777e-02
3.922002006433565613e-02
3.774417511796986509e-05
1.313811506636974075e-05
-1.635817266035631697e-05
1.280345931031042815e-06
-6.608562430824336880e-05
1.460582485797104078e-04
1.627115017130369005e-04
3.244871604822881922e-02
8.453024863088208496e-02
1.441155921497626509e-02
9.193996380134038249e-02
3.313076322675810592e-02
2.067704937853898832e-04
3.538161898226012023e-05
-8.105079682050162122e-05
1.387537347412025526e-05
-2.055370129928679518e-05
3.167581198181213453e-05
2.423613682380609435e-06
1.548418721514349117e-01
1.454513762439319791e-01
1.644737683171249021e-01
1.282181250220485597e-02
3.393939603477321570e-02
7.047332819626866279e-04
-8.434526770541750843e-07
-9.808507854072610812e-05
4.536885803232608785e-05
-5.889175285428263401e-05
4.362175842227134344e-05
3.534768913778544783e-04
7.950926134244243326e-02
1.098960712632277431e-01
6.127470389396588724e-02
1.085156245589180904e-02
1.972893463588001883e-02
7.990647397403946367e-04
3.276563506563710408e-05
1.405983678343555290e-04
6.268426529331014524e-06
-1.101641930220056472e-05
2.699788825183059812e-05
2.440653940729336970e-04
8.344459493408001860e-02
9.419147852827391976e-02
1.286094307986057964e-02
5.571387316404300544e-02
1.772547460132289227e-02
3.413992587719876046e-04
5.092580537341171504e-06
1.394134658066816261e-04
1.846836076945761925e-05
1.955221538273013633e-05
1.218561875495531111e-04
3.564585923009318063e-04
3.063149777582756597e-02
6.839971130676325561e-02
1.511227891190037968e-02
3.640478553998841710e-02
1.248689746556074648e-02
-1.147765997475531547e-05
2.377974344633368417e-05
9.418146158973730042e-06
1.535157687094245208e-04
-5.387342641979453906e-06
1.159626499493685752e-04
6.868855294978972771e-04
2.801519745650698882e-03
4.750255793270339449e-02
2.037868288586118168e-02
6.268097673247556914e-03
2.225872131372666832e-02
1.612213827485635929e-03
8.560512699394390269e-05
-8.004473522526058983e-07
1.057537677561164288e-04
-1.195289895963513884e-05
2.754086763964328313e-04
1.025520150270531079e-03
7.592035069895336497e-04
3.430976239873104183e-02
2.574528850544842082e-02
2.716636380596621630e-03
1.063349013452703773e-02
5.197374408221938288e-03
6.009516539468147086e-05
5.649816680122975675e-06
3.680587055077971537e-05
-7.595057508831318736e-06
6.409356347566895137e-04
9.409722828469113546e-04
7.410736005551909426e-04
3.355074559957717945e-02
2.594341597433399635e-02
2.687327893488192492e-03
1.011172625697343008e-02
5.474611935431158635e-03
5.171377146357733067e-05
6.721401252683362911e-06
3.910389809752673452e-05
-1.059965519709690261e-05
6.391266697581041807e-04
9.352967621237487242e-04
2.713378602100926205e-03
4.672002477934877884e-02
2.055848425103253690e-02
6.259759536023620612e-03
2.150489013446761632e-02
1.713631916971157607e-03
6.552342153951882934e-05
-2.226089925750546514e-06
1.037515863740386970e-04
-1.368646862936021577e-05
2.682076400047776516e-04
9.952252004074458192e-04
3.028112901244955218e-02
6.889105245225012053e-02
1.531160285798295259e-02
3.596367474344096260e-02
1.255710271382199684e-02
-1.465233343715292539e-05
1.686880574782173372e-05
7.158170646841295948e-06
1.502909596640606468e-04
-5.633389769871291736e-06
1.128500094175813713e-04
6.705832032693440515e-04
7.764878901062008398e-02
9.630792927522267843e-02
1.291408761346467954e-02
5.527234795127845129e-02
1.779875673609750131e-02
3.389767257465105244e-04
5.427087420043187449e-06
1.377846343654829482e-04
1.695596412985424009e-05
2.022000103089018598e-05
1.214284738780428886e-04
3.509328225048454625e-04
4.905154582848965383e-02
1.014385502836175623e-01
1.181373087089244468e-02
1.374285313551698411e-02
4.648851741992418747e-03
2.337068079111072653e-04
4.615396315767285654e-05
3.755283780316374741e-05
1.462198554894087008e-04
-4.931987187640547240e-06
1.221331898989345944e-04
1.369873228486691557e-03
4.780388381877134080e-02
8.701096505740385512e-02
1.275964686325659417e-02
1.249306108194777470e-02
2.268112174715450954e-03
-5.839473814646590901e-06
1.867269324056517257e-05
-1.045462369612069141e-05
1.846933699149410062e-04
9.212499382988489119e-06
1.398111424687472693e-04
1.475130717810120866e-03
2.153558786912227602e-02
6.369800774062560345e-02
1.582556448376242278e-02
9.764458105698153086e-04
6.721194182823248507e-03
8.864904537428866657e-04
4.091585912005940731e-06
-1.312628203271838563e-06
2.389964524899427047e-04
1.566896453484188184e-05
2.924952404002829974e-04
1.630782635273726961e-03
1.951726370402736459e-03
4.502919507361461543e-02
2.074696820843178330e-02
-4.541767424148593357e-04
7.713224649068620327e-03
3.536676392063141383e-03
8.820938659518911119e-05
-1.939383401981367974e-06
2.666725536803006341e-04
-1.207499560717145499e-06
3.814130408700704459e-04
1.545706923802495645e-03
-7.760676171156238423e-05
1.392231740487994730e-02
1.214098570567530115e-02
6.578014494275162549e-03
6.869865022820284030e-03
6.002646490408504974e-03
1.335556450870637813e-04
1.831629392716153593e-05
1.404464782651094991e-04
3.100973477746919613e-05
7.342557532195110237e-04
1.168040819661664460e-03
-6.576656131138661947e-05
1.366974540386716071e-02
1.254678086410653155e-02
6.414135796845406128e-03
6.695994896533607153e-03
6.171193190187429338e-03
1.077992317833431044e-04
3.467423396734377686e-05
1.578109516175296310e-04
1.945036703334540934e-05
7.329425442274057527e-04
1.154399321282726081e-03
1.902065959662881372e-03
4.367560075433983557e-02
2.102910155217952923e-02
-4.283329537349066067e-04
7.550136937526058349e-03
3.644840675525088010e-03
6.273654123346584502e-05
2.988195467253577740e-06
2.872751056648840452e-04
-1.692682193523775106e-06
3.841897214383655943e-04
1.520474244495372256e-03
2.173965036780307544e-02
6.191741144344293374e-02
1.608797238777257693e-02
9.820099657329879866e-04
6.623940275151063428e-03
9.489488456697114721e-04
-2.099850027555693098e-06
-6.742068520360905014e-06
2.504021409299129683e-04
1.465452303836605034e-05
2.895787555684077239e-04
1.606734920436503344e-03
4.823161073064523990e-02
8.585353034242815262e-02
1.296241422395026481e-02
1.238471552715867015e-02
2.312989529774308727e-03
-7.701678442733365183e-06
2.008165143310160398e-05
-1.349185062390104536e-05
1.861168618102778771e-04
6.183626021383832791e-06
1.350112309062446851e-04
1.461795681236837448e-03
4.934421881196431048e-02
5.550461481315358686e-02
1.188065089341493706e-02
-9.720886906409250859e-05
-5.514260111967656577e-05
-1.912455480922532739e-05
5.559742159067378550e-06
2.203810279046097918e-04
-1.993138822089529248e-04
1.477634799415422932e-04
6.664379363932636854e-05
1.143091213261651336e-03
2.988287120707304109e-02
6.645196955109058945e-02
1.255927522404710894e-02
-1.721298009077719654e-04
-3.777032397006291494e-04
-1.445728005290847471e-05
1.593592876604458413e-05
1.250286135050091745e-04
-1.353405123522653385e-04
1.595977915415085094e-04
9.304815536851030128e-05
1.153805806579274876e-03
1.305403129325495050e-02
4.958262320302365966e-02
1.326294891897753653e-02
3.887905565093248113e-04
-7.326581729285604324e-04
3.003513236713452848e-04
8.763025908117674223e-06
7.216021822508165507e-05
1.076606456272514724e-04
1.403533784756824784e-04
3.071180938857160378e-04
1.231241784325858273e-03
9.045378181912058302e-04
2.804001498529886879e-02
1.825870669368496232e-03
3.057917472687462362e-03
-5.395000382401591351e-04
8.425633531513476325e-04
9.096324417501099697e-05
4.380430691589759978e-05
2.211376666069739868e-04
1.683989510925673562e-04
5.238234301946613361e-04
1.189895705940649312e-03
-3.430946330569172227e-04
9.372247627135683391e-05
2.030201272483045383e-02
1.825992141404057453e-02
2.269013550757134352e-04
8.887223399364754459e-04
6.179809283514607165e-05
3.490390934721447955e-05
1.668717220396355146e-04
1.466072688669236939e-04
6.909850617742882388e-04
9.257661844682433736e-04
-2.602602188505756336e-04
5.443031975117226172e-05
2.026304220843764756e-02
1.800773054888815672e-02
2.291091051289939888e-04
8.978213319377998736e-04
4.214137973595422424e-05
5.455160891929097306e-05
1.618495354649972543e-04
1.315927061965935631e-04
7.060792835834820824e-04
9.015396508995211604e-04
8.751132804953170316e-04
2.723135236575520424e-02
1.824172392067486539e-03
2.867598008162573330e-03
-5.466341106545270431e-04
8.432533588865658361e-04
8.696306060881249804e-05
5.746920328936049873e-05
2.049099123509238399e-04
1.625511635394910951e-04
5.301529719423742288e-04
1.149452010019613854e-03
1.332585491832015238e-02
4.545816556711392703e-02
1.310850353425952255e-02
4.270692817974425042e-04
-7.353252219116959395e-04
2.951012841285946000e-04
4.388845997990524676e-06
9.017100486248696045e-05
1.062167168695481124e-04
1.346144363446203707e-04
3.086216968363686896e-04
1.203065575642708537e-03
3.055276432962454949e-02
6.074375997584570419e-02
1.251704802967468742e-02
-1.718378680677692114e-04
-4.045476968255223610e-04
-1.419382434836104120e-05
1.914482565523857748e-05
1.464104129226725926e-04
-1.126608380413227474e-04
1.489727879872060942e-04
8.668966844481238311e-05
1.148227979657387909e-03
3.655709333251701970e-02
1.448164723966847631e-02
9.094587666378925461e-03
9.259206279365201622e-04
-4.151298496525362806e-03
2.081293578858635352e-05
-1.510599492605728176e-05
-2.909521717763964674e-04
4.090784207022792225e-04
4.509569909716065013e-04
1.395105300240531275e-04
6.479532024104565002e-04
2.699668985494754064e-02
2.787346158994458145e-02
8.211066698246361276e-03
6.013893807176624992e-04
-4.467166593193052683e-03
-1.206265134957204793e-04
-5.470346660427374516e-07
-1.813097609203917677e-04
1.801191722220999857e-04
4.167917485084094028e-04
1.407761064475549894e-04
7.393509503304792957e-04
8.429181745457498681e-03
2.781154929507742221e-02
-4.913632991603685473e-04
1.151185711464688260e-03
-4.422149665136982169e-03
-6.483500956088648036e-04
4.677613694856418735e-06
3.474891965355653825e-06
1.224145694815520816e-04
3.155621923499632941e-04
1.465822950757537891e-04
9.932512503569366873e-04
2.761402760582101139e-04
6.907554569542210914e-03
-9.507942478881267236e-04
9.467509588657730887e-03
-3.943698084920476722e-03
-1.357203508392819131e-03
1.199681143590476601e-05
3.824574741407142675e-05
9.737158721569342894e-05
2.226137226824301794e-04
3.805734429196743970e-04
9.486655718391895104e-04
-5.874466953398838022e-04
8.325390822714529753e-04
1.442984881082161504e-02
1.261685330692101197e-02
-2.940698198015019582e-03
-2.095517805769415032e-03
7.304705609209089954e-05
1.130599437716192076e-04
1.450354446948375769e-04
1.783944243349407609e-04
7.407162875522441559e-04
9.435482481632335603e-04
-4.344782991947740143e-04
7.090215423047484169e-04
1.399893884626056580e-02
1.258819988224053540e-02
-2.998721051666074829e-03
-2.063785037649464981e-03
9.168307907949112051e-05
7.081528315110441612e-05
8.929234203369743766e-05
2.339598524152343461e-04
7.735992725634706314e-04
8.921891451459807842e-04
2.528359445930193367e-04
7.276497772664214554e-03
-7.823664762978125480e-04
9.369702047534723272e-03
-4.020759967284613136e-03
-1.333017293871781653e-03
1.432139955357390228e-05
8.850030245355438205e-06
6.092168918806372313e-05
2.695541636048671497e-04
4.104712220769185754e-04
9.065119909413123320e-04
8.371253583517182864e-03
2.672950609588976498e-02
-6.204405619232499988e-04
1.069413912384268575e-03
-4.492660909435884989e-03
-6.273807811902336763e-04
2.162229881766288365e-06
-1.721266253608909517e-05
8.968121789613787075e-05
3.319334681951613191e-04
1.455891520296823051e-04
9.386310713259390709e-04
2.695518750400375738e-02
2.759591700209735113e-02
7.900090223678052012e-03
6.217627790870664407e-04
-4.511744635694012011e-03
-1.056286343858548003e-04
4.095035045013968989e-06
-1.843648544902189645e-04
1.590788255937706998e-04
4.112033916251861239e-04
1.312456173043641684e-04
7.268947101948345377e-04
1.163484064853229950e-02
5.041419016313589477e-03
1.908709447191417980e-03
4.813493105983327272e-05
-3.530689857734626430e-03
6.987256834392583955e-04
2.108720010914031753e-05
-2.301281569139783281e-04
-6.404757128778732006e-06
1.718596454744548193e-04
2.468224881698244792e-05
1.951276621429468537e-04
9.888902287095177254e-03
8.040753896805179907e-03
-3.451726928138654487e-04
-4.076735332645713334e-04
-3.049786078777079121e-03
5.307330670761879494e-04
1.023656788617259751e-05
-1.512473496906383951e-04
2.768352323103802779e-05
1.575748355117809153e-04
4.925489247683230497e-05
2.729479585071751613e-04
3.863173943185714554e-03
1.198955046555928543e-02
4.509313849118080572e-04
2.168723762436155014e-03
-2.688651642970678671e-03
-2.506314263537063746e-05
-1.559298701539219155e-06
-2.072057364602046409e-05
1.853039206318012869e-04
8.352924486086639813e-05
1.315199818717738267e-04
3.579540675740399596e-04
1.215535165940659931e-04
1.052419778965113436e-04
1.033137438746753282e-03
3.556629689923381833e-03
-2.108876674715443652e-03
-2.280702267272346736e-04
4.739303075459906113e-05
5.929625964371353498e-05
2.050677269675722065e-04
8.483912395431229090e-06
1.099733560135015420e-04
4.570613133977897958e-04
-2.868141821678898040e-04
5.057560864826970894e-04
5.018920394533197410e-03
4.001656589231582933e-03
-1.459174128820712492e-03
-1.011346723445600941e-03
1.275479675907293720e-04
1.148075417404126347e-04
1.769931044702939787e-04
7.195625800100428221e-05
9.910590553413576079e-05
4.063786383675770521e-04
-1.979412051978240723e-04
5.112804155787995875e-04
4.434374871485018306e-03
4.553925691756366932e-03
-1.607000681723342412e-03
-9.777890595180744552e-04
2.042371241847076185e-04
-1.975085008413128741e-05
1.482999928445807305e-04
1.103993473574160761e-04
1.406860047893792080e-04
3.673636349765545717e-04
9.736123856617684186e-05
9.445219727820155630e-05
7.693453612407365975e-04
3.994396716402871805e-03
-2.375588584888860526e-03
-1.479216352838871233e-04
5.762340591080473810e-05
-3.570478913999665073e-05
1.899488143742060692e-04
4.152795891757570570e-05
1.345248405528192304e-04
4.454759358424183972e-04
3.561708370144746252e-03
1.244166721006560554e-02
3.238884920122712973e-04
2.428537640861345905e-03
-2.832210294170894611e-03
6.192289278814614047e-05
-2.012175821557072225e-06
-7.852010778710893707e-05
2.108844783825176495e-04
9.311495254451254916e-05
1.304496791085183729e-04
3.491752877928284309e-04
9.021190966847695766e-03
8.441983962989028922e-03
-2.183590769003976989e-04
-2.644923946220554796e-04
-3.134371753540235797e-03
5.457271216278983738e-04
1.032993648891286963e-05
-1.745515269168655030e-04
3.306379740068117544e-05
1.576183701223473428e-04
3.380881962659642345e-05
2.623293798694098554e-04
-9.693455444029736717e-03
-5.201477452141649999e-03
-1.458523182379174894e-03
-4.685897837300940290e-05
3.338575302973869393e-03
-7.853484681721859722e-04
-2.546933916261941635e-05
2.523417821997597722e-04
-2.202499317190721457e-05
-1.913207255964266703e-04
-1.270396054801177659e-05
-1.976683162485664701e-04
-8.505863566576239709e-03
-8.794914640817563106e-03
1.564685799831910243e-04
1.842710340136145277e-04
3.010927364569149223e-03
-5.618083767567816009e-04
-9.312201935752399353e-06
1.827833529683823340e-04
-8.752518356101836804e-05
-1.710374960441875464e-04
-3.895224966778400798e-05
-2.559171438212083432e-04
-3.783098742545507650e-03
-1.219300483506811396e-02
-2.721557911026921428e-04
-2.432638860025935004e-03
2.729239692078339573e-03
-9.495842092441352368e-05
3.401717796787540472e-06
8.382672095747387641e-05
-2.651688755589897101e-04
-9.673991893352452617e-05
-1.201012016227346425e-04
-3.525316983084849872e-04
-1.211826731025850281e-04
-4.521327838785048044e-05
-7.479774972753924518e-04
-3.716708554239718781e-03
2.265535267554387878e-03
1.758314959571857382e-04
-5.151657417151112370e-05
5.074257416567315947e-05
-2.310464749875308849e-04
-3.693658222416527605e-05
-8.277976761447098449e-05
-4.338840898497059039e-04
3.376658016238250049e-04
-4.298240312118339901e-04
-4.555035131365537185e-03
-4.499040480394479562e-03
1.514009174772494842e-03
9.786772869633132005e-04
-1.891624713838073566e-04
3.118030567452961106e-06
-1.743947708663275554e-04
-8.786849220071249911e-05
-1.193988448347041182e-04
-3.879665168010787706e-04
3.595310444356505908e-04
-4.389673054846710476e-04
-4.796648025351287620e-03
-4.233406158308051018e-03
1.406359303838577600e-03
1.049482348432701547e-03
-1.368081488527025523e-04
-7.570803819271484719e-05
-1.672488142142573180e-04
-8.909518848749595622e-05
-1.316389574129827992e-04
-3.675487375750360257e-04
-1.301379383847922925e-04
-1.017038712800700492e-04
-8.030414099629305715e-04
-3.419188180479473902e-03
2.130121892171858537e-03
2.422615381120884342e-04
-4.531357164205611040e-05
8.683003017372630078e-06
-2.106209826406212559e-04
-3.280031793809093881e-05
-8.706941854494017750e-05
-4.255360580811459173e-04
-3.858402305394466152e-03
-1.147224058525178267e-02
-4.804262453973603074e-04
-2.201446680663340493e-03
2.602244024811599908e-03
-4.364776507413626396e-05
5.183193365532930423e-06
7.593918575816134098e-05
-2.260509622586741557e-04
-9.239067843814731038e-05
-1.035993403008504416e-04
-3.572921981466772824e-04
-9.136235169747066592e-03
-8.264188009741700938e-03
5.186392395403454508e-04
4.279282097597893447e-04
2.946659842878916746e-03
-5.726336554674295917e-04
-1.215414640114028760e-05
1.804279050971510482e-04
-6.482728155921763991e-05
-1.678607516745670813e-04
-3.677047221007518892e-05
-2.608733767997496668e-04
-3.539881737882095980e-02
-1.456983208324409869e-02
-8.549255499355548626e-03
-9.229521101224974879e-04
4.104438265638156620e-03
-4.222411175347851525e-05
1.302210956567377753e-05
2.965906221737586441e-04
-4.026280709450426277e-04
-4.074943291082251001e-04
-1.357319935552611136e-04
-6.420141149451831421e-04
-2.665421127498999662e-02
-2.750610998050644768e-02
-7.482665529409891249e-03
-6.091776041212402550e-04
4.489091380240050992e-03
7.750797371530357936e-05
2.832460535437329968e-06
1.658285758802192152e-04
-1.711904748426136265e-04
-3.792722766379380312e-04
-1.217842987024109891e-04
-7.249243161518484618e-04
-8.316896612472646222e-03
-2.711618301441563739e-02
5.769610094293264272e-04
-1.028626533822092149e-03
4.351629606714012451e-03
6.145700647426907475e-04
-4.105925238829607161e-06
7.287431385271633007e-06
-1.114670559958793965e-04
-2.925109787284185174e-04
-1.557364744413284696e-04
-9.326915655140964123e-04
-2.625386381395786541e-04
-7.221046194653743706e-03
7.182555445007653312e-04
-8.989764991565046132e-03
3.877350504000462786e-03
1.344209458851489212e-03
-1.454959665644606803e-05
-3.265821245046352374e-05
-7.197926816161088744e-05
-2.130105774301267664e-04
-4.067138496697514480e-04
-9.076649758845046915e-04
4.958028119418120098e-04
-7.012250578350821915e-04
-1.415931332831990574e-02
-1.202337432261881868e-02
2.862246731471646422e-03
2.080504469054576377e-03
-5.317561339779022816e-05
-9.471967228290423106e-05
-1.165582612156536177e-04
-1.685726666313118363e-04
-7.595050307082949021e-04
-9.050154828695125032e-04
6.051094832734645913e-04
-8.266856422194760216e-04
-1.402084908556460938e-02
-1.227122857793800682e-02
2.959689167907414258e-03
1.992245988381709937e-03
-5.973523766545533271e-05
-7.779792760068059382e-05
-9.861068906923281822e-05
-1.987674145933857484e-04
-7.712375417739687072e-04
-9.022938282608510474e-04
-2.750518344774328526e-04
-6.649633169489113996e-03
7.909040723120817126e-04
-9.177324998999647487e-03
4.001746876335038859e-03
1.272790681748914689e-03
-8.266126719940491578e-06
-9.638800701799260124e-06
-6.323584987673681651e-05
-2.478746510245021352e-04
-3.818422470130065330e-04
-8.980250757969729684e-04
-8.406912076529392958e-03
-2.702420248516090515e-02
6.416480697555027859e-04
-1.079764800583872400e-03
4.408928896282739325e-03
5.986440335257619833e-04
-2.189567287208230123e-06
2.729746946702896540e-05
-9.015062861078320040e-05
-3.332562175409657461e-04
-1.379876692551759417e-04
-9.519406343463448442e-04
-2.660492141680953146e-02
-2.771840066570083194e-02
-7.443415157762631185e-03
-6.130669963462986524e-04
4.476704213343412134e-03
7.010728537262442793e-05
4.429816105018902391e-07
1.902588744569114296e-04
-1.495951045707817281e-04
-4.109806524222188147e-04
-1.162170906932615645e-04
-7.289677637026865551e-04
-4.926406074938394913e-02
-5.599941512127531995e-02
-1.168366457611418399e-02
9.708685149666618447e-05
3.760923228338199423e-05
1.951797319021084142e-05
-9.179870845992793758e-06
-1.962532271781492778e-04
1.762239134342134773e-04
-1.146465828908552794e-04
-7.590581063234567213e-05
-1.153120423484839093e-03
-3.037530520032909187e-02
-6.186512138163648145e-02
-1.230475742695481996e-02
1.688674887991753243e-04
3.660816900982650254e-04
1.373187581518072191e-05
-1.697274948493997753e-05
-1.360371288436501168e-04
1.111612641493236184e-04
-1.126468695225740926e-04
-8.878211395096177619e-05
-1.198184350180921077e-03
-1.316751247814318057e-02
-4.662127079906963623e-02
-1.294815999960502624e-02
-4.033565756001051281e-04
7.199758222484882409e-04
-2.945374715884433066e-04
-5.586148514064013019e-06
-8.140430516800440048e-05
-1.287915065113563295e-04
-1.072252169641239850e-04
-3.168881034901753382e-04
-1.241247721743135969e-03
-8.678294319062921725e-04
-2.697057673787983320e-02
-1.896720031493020825e-03
-2.850218088349359361e-03
5.221680936356906102e-04
-8.374227342464710165e-04
-8.004140676038749966e-05
-4.262282744867399771e-05
-2.024982158106252686e-04
-1.253032938348832399e-04
-5.510239384918354461e-04
-1.174659390050807181e-03
2.796549504955412723e-04
-6.714803924417923756e-05
-1.995772268829180962e-02
-1.763903722508780580e-02
-2.187641236153111378e-04
-8.961561774536828820e-04
-2.442311465781031842e-05
-3.591878537573334407e-05
-1.679745624646005993e-04
-9.905487278345098418e-05
-6.935363325382813303e-04
-9.508352161191080962e-04
3.742336036660728242e-04
-1.101997516566066872e-04
-2.014633246288010174e-02
-1.754591629172102402e-02
-2.298367947046081096e-04
-8.472514334340162543e-04
-3.291377412289386097e-05
-1.270236812099958284e-05
-1.385976022443403228e-04
-1.448188958107728456e-04
-6.975485307374033363e-04
-9.349238714281606901e-04
-9.334899905350883256e-04
-2.712783199760580161e-02
-1.726183172611238945e-03
-2.946414986798715288e-03
5.446092939041246054e-04
-8.007746190823242238e-04
-8.122109502254694672e-05
-2.545522009743728095e-05
-1.870306451838579212e-04
-1.588571438480790516e-04
-5.286431285725407166e-04
-1.175506634283395762e-03
-1.333956340134644612e-02
-4.703007622490380096e-02
-1.260184193031960338e-02
-3.823168601539225927e-04
7.381044945076843189e-04
-2.918159946861382625e-04
-5.271162827050694469e-06
-6.121660475063039647e-05
-1.297791381605581135e-04
-1.294906526328421458e-04
-2.941184587058896837e-04
-1.230366200617343583e-03
-3.018561965426899349e-02
-6.345099373411475230e-02
-1.205049549923239115e-02
1.704409287337543995e-04
3.828511729019974316e-04
1.394439252390596774e-05
-1.673291260874647523e-05
-1.154484204755178579e-04
8.984966753941783942e-05
-1.303292264305820126e-04
-8.290813314881060746e-05
-1.179618988003544545e-03
-4.957289722156482670e-02
-1.011474966930349939e-01
-1.183348542589941245e-02
-1.383532067362070427e-02
-4.641746813605292059e-03
-2.309202147739444972e-04
-4.786414322245586888e-05
-2.946742565956934689e-05
-1.632142898437751062e-04
3.129288707417838871e-06
-1.190755342566799871e-04
-1.383724225509864493e-03
-4.847007979342420059e-02
-8.773788745330476924e-02
-1.295268905780945154e-02
-1.241423688844154466e-02
-2.294101551391236702e-03
7.828600991270094869e-06
-2.184986325588596768e-05
9.484631425388167846e-06
-1.877272370069870073e-04
-9.220938188533666464e-06
-1.423046947062528357e-04
-1.506618971124768424e-03
-2.135742266857811045e-02
-6.404665520277322277e-02
-1.618129231043211047e-02
-9.733377129655326494e-04
-6.659011700828132777e-03
-9.511605652676201946e-04
4.167422499682790390e-06
4.172076656891937830e-06
-2.489688025612842677e-04
-2.303701957107022813e-05
-2.917954013782521078e-04
-1.631428072660934866e-03
-1.801635634610740909e-03
-4.383692822062086603e-02
-2.131141636598624794e-02
4.167090875959176318e-04
-7.520170280104723770e-03
-3.612726938348805039e-03
-6.839868210200410225e-05
-1.773907086410728921e-07
-2.742112933261739590e-04
2.498024672394308426e-06
-3.874673384445175375e-04
-1.557094932390518712e-03
5.854759807912543658e-05
-1.363223233038320104e-02
-1.311737870979108080e-02
-6.391179447115494239e-03
-6.579625380785042790e-03
-6.108172075056528955e-03
-1.159567883592912046e-04
-2.543124882967146474e-05
-1.425181806950378779e-04
-1.274391075036002066e-05
-7.448556068619007885e-04
-1.174657870292600530e-03
7.739035377437945005e-05
-1.371815745456558128e-02
-1.254442006667228979e-02
-6.420668282932007719e-03
-6.763671870817599199e-03
-5.900416026410000396e-03
-1.208004480879386837e-04
-1.875634655000956298e-05
-1.303807624879664920e-04
-2.616011980370252870e-05
-7.430844129114527264e-04
-1.165704437463013343e-03
-1.991621984606747539e-03
-4.446889219867128373e-02
-2.058460014541826227e-02
4.040900408464717826e-04
-7.695519642202197294e-03
-3.506891283301512719e-03
-7.171857609970207551e-05
2.122510584328467803e-06
-2.644841374973776844e-04
1.318673207267946884e-06
-3.683146422915237433e-04
-1.545960329958865004e-03
-2.202083468153807205e-02
-6.325424885583441625e-02
-1.568933619578452912e-02
-9.407864155582127200e-04
-6.583088526051690016e-03
-9.182555023320744655e-04
2.648976958785365161e-06
1.292293363386539525e-06
-2.494037249483527967e-04
-1.586331789364650618e-05
-2.794202887354201807e-04
-1.614496633064635206e-03
-4.848094993325242213e-02
-8.588124594149652846e-02
-1.263973855337608906e-02
-1.242298035621094629e-02
-2.208424303684797859e-03
7.334811045416990718e-06
-2.114815536031012510e-05
7.660947958573630516e-06
-1.830233996360642441e-04
-6.388702707987997122e-06
-1.399590048361650711e-04
-1.492120582279822007e-03
-8.222666576078528633e-02
-1.094989469831172679e-01
-6.141700413523169810e-02
-1.088326465488428235e-02
-1.946335704564931823e-02
-8.122879449133603089e-04
-3.087753551535007762e-05
-1.344377397552234683e-04
-6.726573192464923102e-06
1.055644700173887021e-05
-2.725955910282630684e-05
-2.516163634189495270e-04
-7.952931842408157703e-02
-9.565089573310504856e-02
-1.293703134244745569e-02
-5.668859729278664245e-02
-1.771154582085099696e-02
-3.591932200446421768e-04
-5.932347247388451757e-06
-1.293459719472451835e-04
-1.565796132633081840e-05
-1.965144197525058953e-05
-1.186752497814155469e-04
-3.592336238269013037e-04
-3.006183529297460147e-02
-6.898696067682100197e-02
-1.511727752126410841e-02
-3.623350619887596991e-02
-1.236868880668445976e-02
1.449217694046787868e-05
-1.718777407793154469e-05
-9.460067388725661736e-06
-1.506252967991727110e-04
5.431940801502971256e-06
-1.101810010861277098e-04
-6.915795153976476289e-04
-2.691865343769546566e-03
-4.700805083617654034e-02
-2.030613950299663129e-02
-6.134562884018797922e-03
-2.178287067700003868e-02
-1.669867329184461383e-03
-6.973404082997401157e-05
1.733929218810470914e-06
-1.020497066648021531e-04
1.351031800375164712e-05
-2.800927414869879267e-04
-1.049386436505086442e-03
-7.878908360921450284e-04
-3.405902891342296041e-02
-2.544132740123020153e-02
-2.590268439589963993e-03
-1.026538525316214763e-02
-5.308665384730033160e-03
-5.493668614814603579e-05
-6.788124589405979936e-06
-3.335564752235608909e-05
1.384959602833863691e-05
-6.349297934516843524e-04
-9.696053356105355757e-04
-8.542068135756786555e-04
-3.432327245962472212e-02
-2.516886094115143579e-02
-2.607045678506180603e-03
-1.043247856210220530e-02
-5.248988128162651937e-03
-5.957043625761529264e-05
-6.216306716567219320e-06
-3.387255253646983530e-05
1.117487813801932298e-05
-6.347249139422784419e-04
-9.530771457652324405e-04
-2.970856702250522507e-03
-4.690582103674423298e-02
-2.006875014058383949e-02
-5.978302227475585685e-03
-2.211301409172462470e-02
-1.641230297363796380e-03
-7.736268905356868822e-05
1.383921076980929380e-06
-1.064852344264956795e-04
1.110696435010863302e-05
-2.746103857832255164e-04
-1.042358778882869399e-03
-3.162236352492041325e-02
-6.880956234038272668e-02
-1.501847166635265907e-02
-3.650644290561988470e-02
-1.211508957134812062e-02
1.326096143203240793e-05
-2.156479909357535621e-05
-9.777975438948578930e-06
-1.567498871267578768e-04
4.703872151197941714e-06
-1.027879591537616812e-04
-6.915348405502310314e-04
-8.560006398929134730e-02
-9.616465087907831444e-02
-1.306944037570945301e-02
-5.679489763168382721e-02
-1.750833140843256058e-02
-3.612826861606347546e-04
-5.357313257694919868e-06
-1.359800735599982170e-04
-1.670839638224916044e-05
-1.779180600831017694e-05
-1.173196638858115383e-04
-3.607271232812697724e-04
-1.829531772668715750e-01
-1.812519905188595126e-01
-2.284862573269121344e-01
-1.194311921465592355e-02
-3.286686615672844425e-02
-7.076886265199141190e-04
-9.096119106022103847e-06
8.281510777004134384e-05
-2.745370506978827925e-05
5.228317274654590966e-05
-3.209586926862173187e-06
-7.638639731548910227e-04
-1.610050544790503912e-01
-1.442623849712456885e-01
-1.603632966553137917e-01
-1.256842807494619636e-02
-3.338989981315887423e-02
-7.145848704620277490e-04
1.228121516524409806e-06
9.605460729735113229e-05
-4.058762361110864402e-05
5.755392519681255023e-05
-4.442494678005429941e-05
-3.582249709362759094e-04
-3.297483481833380498e-02
-8.238150837195278020e-02
-1.393661620380431954e-02
-9.321385320476276160e-02
-3.261343532271544776e-02
-1.876404943502428828e-04
-3.587414732181444521e-05
7.954357979281652087e-05
-9.499394274196517820e-06
2.833818368720105154e-05
-3.538482450968685592e-05
-2.107648589072536428e-06
-3.752351785464324435e-02
-9.649657871488786370e-03
-1.813113681814356587e-02
-2.811129850806872929e-02
-3.931604877689649780e-02
-3.925130916190548187e-05
-1.370046024407598028e-05
1.774158738131577511e-05
-1.073617525944632659e-06
7.129266272962235486e-05
-1.513438695594007666e-04
-1.775097431134261378e-04
-3.198574160789803555e-02
-1.744004435235638889e-02
-1.271786361370577483e-02
-1.754432259229610561e-02
-9.888601230803345521e-03
-1.542738525676220097e-03
2.886110833175071550e-06
1.183860712326670753e-06
-4.351123696677298372e-07
2.970037633688344688e-05
-3.723583805262069410e-04
-4.521363115082138186e-04
-3.214970861404604224e-02
-1.760548726625639146e-02
-1.268077744897776714e-02
-1.761947546086996275e-02
-1.039964691359800304e-02
-1.476280532352084894e-03
3.202393720339188116e-06
7.942642583559154165e-07
-1.609011291541022765e-07
2.411311463057196273e-05
-3.788364143803522053e-04
-4.435889284243527738e-04
-3.700560758080602419e-02
-1.064970857403878778e-02
-1.814817689710909732e-02
-2.812926115440490468e-02
-4.094463476464144797e-02
-3.677643843918670485e-05
-1.535677504152286970e-05
1.568476399268868351e-05
-1.689078203433259127e-06
6.773901679052088788e-05
-1.491799806400526574e-04
-1.706665944867603651e-04
-3.359244455156978199e-02
-8.408741910919130536e-02
-1.409921167815126816e-02
-9.593476871814145268e-02
-3.247727312290456247e-02
-1.931138402245486481e-04
-4.187311673638086703e-05
7.811854510804595473e-05
-1.350778178504505619e-05
2.324709830238533195e-05
-3.103764509797856991e-05
-2.406312879380949647e-06
-1.682793378450831712e-01
-1.458051347929887331e-01
-1.623402124557527249e-01
-1.269610391275074676e-02
-3.333876132162612305e-02
-7.065200949298578977e-04
2.898407754236518522e-07
9.639003889322523275e-05
-4.225554800251046355e-05
5.043033715139830155e-05
-4.133088146688132384e-05
-3.552643970200565255e-04
-2.794936558034783469e-01
-2.518268533138441900e-01
-3.074350230537282180e-01
-8.058099446344261022e-03
-3.802441267351718002e-02
-5.776653430531568378e-04
-1.515410781202172328e-06
1.864987134898690157e-06
-2.369436939172867547e-06
-4.821803026959888471e-05
4.293212791638133612e-06
-4.905878870552247278e-03
-1.862445772046397718e-01
-2.228692930234032477e-01
-1.978006822562942690e-01
-8.435098895504903119e-03
-4.058040712621534263e-02
-4.654045772414007747e-04
-9.777321275233292948e-06
1.450233949515128713e-06
-2.755671002892907180e-06
-4.516077072358222618e-05
-9.420736632080491181e-06
-2.857515852474661316e-03
-1.068947612001106412e-01
-2.797872450214772266e-02
-1.322873291747771463e-01
-9.977330822406638849e-03
-4.683941486875832505e-02
-3.235330848463820706e-04
-5.927702925790816402e-05
-9.378541301875168984e-09
-1.522115903018918469e-06
-4.105384253729751979e-06
-1.625866913274359764e-05
-5.725638199394586687e-04
-4.432944012142844836e-02
-1.235701392118876245e-02
-1.255638458535520731e-02
-4.278092245871623067e-02
-3.468446686372513715e-02
3.216249429030806694e-05
-1.616197968252107201e-06
-2.202392593022429432e-05
-1.172489456515470659e-06
3.122634217784949308e-05
-6.898944978474526942e-05
-8.728991413165197965e-07
-2.563958708546568155e-02
-1.792030194785221991e-02
-2.429921116624022756e-02
-3.458711469683851264e-02
-4.128201287787847118e-03
-2.907277223639694323e-04
-3.451974955341363636e-06
-2.349640291836546320e-06
2.665362158371524829e-05
4.725075226468204156e-05
-1.638592066584964994e-04
-1.137052974931216591e-04
-2.493260942233979996e-02
-1.800933259083742008e-02
-2.476744495408598340e-02
-3.497794672377645131e-02
-4.458779329990005327e-03
-2.672504033640984338e-04
-3.217512217379067426e-06
-3.643031786108337630e-06
3.072214390945543955e-05
4.343636422696153419e-05
-1.628726284837307648e-04
-1.134610926462441684e-04
-4.329293676857909334e-02
-1.294894133882504815e-02
-1.244169841407384916e-02
-4.332708988896599028e-02
-3.580650152802281744e-02
2.374656612128697394e-05
-1.555449237666492064e-06
-2.487286786202854417e-05
-3.024296853348261741e-06
3.474843509065236961e-05
-6.579093760988286000e-05
-1.435276479353562945e-06
-1.052446204136587571e-01
-2.784640745100991702e-02
-1.347733262626160389e-01
-9.857912909288583589e-03
-4.702053540759384281e-02
-3.281734128107114128e-04
-6.751876171643683287e-05
-1.111808247366322825e-08
-3.542636615476165626e-06
-1.108298841767026420e-06
-1.187645595515938378e-05
-5.777717779683267307e-04
-1.848503407293095868e-01
-2.221689979335828569e-01
-1.993204910578070255e-01
-8.304307005664379043e-03
-4.066261937884915745e-02
-4.716856403849483651e-04
-1.245855602777313215e-05
1.855235530344448455e-06
-4.038996423330504676e-06
-4.494186214072757191e-05
-7.052043633900861658e-06
-2.832641084487769970e-03
5.624194133099475780e-03
1.644845276505728718e-02
2.480866407907609573e-03
-4.023865451602021029e-04
3.603737844215249551e-04
-3.611647530757338120e-05
1.278069459812263520e-07
2.268609505819971768e-06
-1.709769237583917860e-06
-8.865612685350395125e-06
-2.671975923724940780e-06
2.477368245235537364e-04
6.732606884788983753e-03
9.432336648640788149e-03
1.273662243475074578e-03
-3.375724693928299023e-04
5.558767413666558521e-04
-9.092051902756147967e-06
-4.946636327712427930e-06
4.203106247132730850e-06
-2.103986760389207333e-06
-2.352537882223258682e-07
-1.767457148064065552e-06
5.910234412564185935e-05
2.619881112524995084e-03
5.469044460969339902e-04
-8.010226499019849596e-04
-4.439693921976439403e-05
8.304750054319826697e-04
1.205196382439796153e-05
-5.217735097557636283e-06
4.749535081618468414e-06
-6.016293385152359561e-07
-3.940147483098315071e-07
5.198355257460940371e-07
6.216361461859367104e-05
7.557110085464244752e-04
-3.635481335980869487e-05
-2.915260025275904013e-04
5.704212403960872519e-04
7.389107256551035092e-05
-1.124726637079483418e-06
-1.658975235945766465e-06
2.110728334151910098e-08
1.236118321399434670e-06
-5.093093025595475169e-06
-4.163107844107953583e-06
6.230444223393861536e-06
7.408124708746245375e-05
-3.604343662143176313e-04
-5.715559414520580885e-04
5.266770992172979237e-04
6.814313936984280268e-05
-2.093172439011845546e-06
2.024811201000999287e-07
8.418524913804424869e-07
2.521079316923184836e-06
1.319509056401796701e-06
-7.043145894152151888e-06
-1.075531854327734166e-05
-7.528165521734961731e-04
-7.021813033574842721e-06
-5.278138121325044176e-05
-1.360348276717460462e-04
-8.854892724149310724e-05
1.784014872324156693e-06
2.950959323339615354e-07
-1.993017063106390755e-07
3.330882417060822271e-06
2.722836583287650524e-06
-6.080624407026282567e-06
-8.756047169084580481e-06
-1.976331984383345678e-03
-1.020235008254881187e-04
-2.956082773043098785e-04
-2.361948473394099907e-04
1.705370515057435014e-04
-1.364898001078559872e-06
1.544558224594677769e-06
-1.644035987311487470e-07
5.093142415304425557e-07
-3.624535271654908008e-06
-8.216521298350388508e-07
2.279974531456211759e-06
1.104844473063772354e-04
-5.245577105604448329e-04
-8.306836328512423595e-04
-2.361520194215755249e-05
8.095409124171510881e-05
-2.555644999379380136e-06
-1.955946014557415900e-06
3.907723929811267656e-08
2.169723742230635052e-07
1.875678488758630017e-06
4.682686095214252889e-06
3.632854803609819372e-05
4.452139615448108198e-03
6.707258736134395424e-03
1.557188879391557118e-03
-9.573342689706712083e-05
2.032442985923093193e-04
-2.179157353842333289e-05
-4.088514824915585332e-06
-4.416585764293487404e-06
-9.325609901153938646e-07
3.810001994937760106e-06
-4.117240912154441542e-07
1.076872962314541217e-05
1.460332566579428670e-01
1.071672818172628439e-01
1.262443042977625662e-01
7.932838226616667487e-03
2.538830850609246487e-02
6.728969645834182150e-04
1.492867224578788200e-05
-1.652684014348649245e-06
7.343847756704554288e-06
-1.233154497552515090e-05
-5.902969802022131701e-06
4.062827737007028271e-05
1.141616722862917183e-01
1.154866849330127149e-01
8.341537113632287170e-03
1.004845227484902903e-01
2.444375095161935990e-02
5.101522224725752374e-04
-4.531136097152678414e-07
-3.599068799536937770e-07
8.273319280779664717e-06
-1.380525657676600558e-05
5.531011065667030012e-05
1.546960524918870789e-06
3.506284564037500523e-02
6.245179613641724942e-02
9.655408003531667019e-03
6.304586874859254009e-02
2.248710559944530271e-02
3.767439514042642711e-05
9.473887905517533429e-06
2.698267013953615260e-06
1.095980224550327571e-05
-3.922380977398825303e-06
6.327093760184155312e-05
8.679890136449675887e-05
3.251851425658061623e-02
5.806721955692021979e-03
1.144972354254810386e-02
1.510031273985975968e-02
3.436713753021561346e-02
5.750023101865832549e-04
5.591027717790797564e-06
2.193228712402763735e-05
1.030770171730655032e-05
-1.791136018383258365e-05
1.872937315519602010e-04
4.102139647402671492e-04
2.220641309605369401e-02
1.655402111282276018e-02
3.568773646720760188e-03
8.360257504398550116e-03
1.319338479381064293e-02
3.411660049806715563e-03
8.723275292295279635e-06
7.996180552831294607e-06
4.990346765460522939e-06
-1.149378124097642961e-05
4.180438002483580803e-04
5.300902721510469123e-04
2.233837986293795222e-02
1.668346674769769986e-02
3.421973685097132699e-03
8.706611404736183321e-03
1.252406359485208100e-02
3.598038584269568508e-03
8.882340334522271675e-06
7.531019950505632220e-06
3.216112910544930215e-06
-1.690188575873331043e-05
4.172032876448630574e-04
5.307578985781397128e-04
3.277284710345217816e-02
5.484535926403496901e-03
1.133932119802607240e-02
1.546055426145913000e-02
3.335587508786098249e-02
6.078886298403230219e-04
6.008469930527497523e-06
1.448412340345135785e-05
9.363740583355730293e-06
-2.311890696516784595e-05
1.895887478347142675e-04
4.001640584486368802e-04
3.266331373027864943e-02
6.284381302054653506e-02
9.447298125495374316e-03
6.175977774373844070e-02
2.280690979500315380e-02
1.249939609812568376e-05
6.387576911956087848e-06
2.825152379687726607e-06
1.009675183995909788e-05
-1.100640228692970444e-05
6.787004190584751124e-05
8.510600977900412557e-05
1.137337880217078323e-01
1.043784003590030179e-01
8.229828866488186553e-03
9.905235521293859202e-02
2.449691993172808599e-02
4.730636054859143030e-04
-4.447158489323281074e-07
-3.582254473328608138e-07
7.778072112341318455e-06
-1.905922313459118225e-05
5.711514070708517519e-05
1.716757014644710812e-06
7.615332196425542155e-02
8.906397327296136646e-02
9.462057811785369241e-03
6.846756927747177368e-02
2.222705831741871724e-02
7.822742766384662696e-04
3.991550302300801267e-05
-1.927328085418432164e-04
-7.884633787810759319e-06
-2.038052222944260352e-05
-1.492242747723942836e-05
5.114852249447629029e-04
8.671908275498879659e-02
7.493610386461321826e-02
9.894761126801454934e-03
5.569739083488739473e-02
1.899161368924821153e-02
2.977912976199668612e-04
1.536233646794856817e-05
-2.054673053798475248e-04
3.542370802911757620e-06
3.334134106845395451e-06
9.792151353554745996e-05
6.569053867834319426e-04
3.649090357930873108e-02
4.869964424160552752e-02
1.144493232239926321e-02
3.889149607078494497e-02
1.132160920994437076e-02
1.819090838482604027e-04
-1.177241850157064633e-05
-1.532944846234668716e-04
7.009486701209956081e-06
-1.907803762129372404e-05
1.537818815992592493e-04
1.007648751267688561e-03
5.058058978215814599e-03
2.848625771518278199e-02
1.390091579344593722e-02
4.692278208114209273e-03
2.702708716164426567e-02
3.595502396053329875e-03
-1.386080800762782448e-05
-1.939880261301244518e-05
-2.132432955545325058e-05
-1.505211430553351807e-05
2.923260986365953441e-04
1.311736173390243331e-03
1.348496517421978597e-02
4.642442653916825299e-03
1.328532080191652427e-02
2.089327233319632909e-03
1.495608353818718254e-02
9.093851382283009085e-03
-1.733716204638984646e-05
-7.318396753600147057e-06
-2.929602811610281825e-05
-9.042988215690490449e-07
7.119627407333515125e-04
1.124405909103971986e-03
1.315779898814300672e-02
4.722076884190847673e-03
1.337754608724397824e-02
2.016934410955027561e-03
1.443388467002835844e-02
9.546167612736636970e-03
-1.606950374817471631e-05
-7.923698140536814406e-06
-2.866761101655186729e-05
-1.945790806947207690e-06
7.096072543738971743e-04
1.118826796172945346e-03
4.649686259987248840e-03
2.816336008278801095e-02
1.422852394600230587e-02
4.815029353266784932e-03
2.657705535013072870e-02
3.781163795672394003e-03
-1.219039941252998024e-05
-1.710006146964115721e-05
-1.979861628179047458e-05
-1.911206378087345513e-05
2.915226297434502086e-04
1.285701541610499710e-03
3.456895405814452288e-02
4.872607831966467573e-02
1.162819182070579105e-02
3.897120103254322204e-02
1.163017294090966033e-02
2.204957344905266630e-04
-1.073886673810001770e-05
-1.514272716051857828e-04
5.119629601873259827e-06
-2.305536780989956081e-05
1.536086651857232455e-04
9.936271984579945777e-04
8.118110835779186740e-02
7.408271773538617488e-02
9.909801352629138763e-03
5.604551027111540767e-02
1.930755491633056806e-02
2.769992590760065199e-04
1.513929289342314504e-05
-2.071767835191381840e-04
3.232734849594247059e-06
5.000470389708932560e-06
9.738701439991357474e-05
6.523735268178000330e-04
6.328474543869923308e-02
4.575232376703688292e-02
8.916401173701671984e-03
3.072492790507020191e-02
8.925496667026430395e-03
1.863866551588677504e-04
6.314531074363627307e-05
8.953881360744727887e-05
-1.034502704025428257e-04
5.909427482224666246e-06
4.165812459535921705e-05
1.720793855848489710e-03
5.999551544396018038e-02
4.516397380152827740e-02
9.334674099073510950e-03
2.734514562972890570e-02
4.821677733756139089e-03
7.414204017677828009e-08
3.492616874297431635e-05
3.775978912406999168e-05
-6.389848757308153580e-05
-5.676810112639770607e-06
9.389276643995908089e-05
1.859673737063318420e-03
3.111875576127145007e-02
3.565992849079789584e-02
1.046693964187880334e-02
2.216606473279034324e-03
1.824851149571066547e-02
2.050282531264942254e-03
-3.832769450617885864e-06
1.445916701830574923e-05
-3.174774009756741827e-05
-6.273568736482849908e-06
2.670636674259571131e-04
1.997879328051784236e-03
4.152563036614985957e-03
2.751705765517794069e-02
1.126921430594839471e-02
3.844227094434969367e-04
1.882062701213275957e-02
7.491406166214732883e-03
3.456308509744864704e-05
1.200272993323005450e-05
-1.232517948447492700e-05
-1.388741531346081660e-05
3.655130467430014324e-04
1.846170547434167935e-03
9.213940209531450295e-05
1.008893941107187955e-02
2.689436943881358833e-03
7.955187693924448133e-03
1.622204905357226001e-02
1.311840060271590551e-02
8.146774521459481029e-05
3.440825695088261556e-05
2.656746385388758318e-05
2.851459614387872956e-05
8.195668838333385270e-04
1.336091493943625556e-03
7.900420101896256147e-05
9.991871387341628649e-03
2.667634300900380458e-03
8.181878388316538714e-03
1.573572245757412849e-02
1.356591669646499930e-02
7.158950920028956744e-05
4.050063881953348095e-05
2.381096436183191019e-05
3.038637252451215339e-05
8.087264604191049229e-04
1.334079240512336126e-03
3.940677478936695059e-03
2.649035324697944851e-02
1.153449831916504749e-02
3.673388245092807139e-04
1.850251622029293677e-02
7.777379338080949583e-03
2.948592166352793738e-05
1.710332440669175150e-05
-1.108153372855304398e-05
-1.022098639197744672e-05
3.631611661001898374e-04
1.824357688834073957e-03
3.050412302471278495e-02
3.493649611356448859e-02
1.073772948182130475e-02
2.354387122264910755e-03
1.840098590475408233e-02
2.178138954147516675e-03
-3.142887000832372366e-06
2.404224162816449612e-05
-3.050347513768106040e-05
-2.877304418240790399e-06
2.610800539664768637e-04
1.988473062615315427e-03
5.960057394992768903e-02
4.547833434859057528e-02
9.470593074264370068e-03
2.753510480058172366e-02
5.028574460556612877e-03
8.513321634362147031e-06
3.519378125825508360e-05
5.174196205745674830e-05
-6.380177645094448188e-05
-3.649163843606180358e-06
9.158907061426419872e-05
1.862302780782405234e-03
3.876919477617343096e-02
5.070324939417503174e-02
8.838609072561788918e-03
1.242238711854919825e-02
-1.024215603526509454e-04
5.749921837851606197e-05
4.358450480399938431e-05
3.095541509080861823e-04
-3.652546934233020511e-05
1.956823067256864633e-04
4.361557199910350680e-05
1.175225942958092046e-03
3.517837678074024754e-02
4.538117937157636755e-02
9.843466596820889952e-03
1.141503051090549288e-02
2.848558799983858363e-05
4.479007002952827454e-04
4.677533961941446496e-05
2.326667512049345452e-04
-2.114983741106619372e-05
1.952572462359392221e-04
7.417861431695996590e-05
1.218171208309170575e-03
2.068485385797492679e-02
3.249068951035816166e-02
1.144096700731888662e-02
4.365904125364707968e-04
1.019347841192191038e-02
2.441124854880106620e-03
-7.607512205255608203e-07
1.318053971544743492e-04
6.276486635406811156e-06
1.901032133319288696e-04
3.703837735653761512e-04
1.301022905445514341e-03
3.693373376528267995e-03
1.726988010827611511e-02
2.573428319957322952e-05
1.359392091089911200e-02
1.110963293784304751e-02
5.839127064491829791e-03
4.830806572059161965e-05
8.039733536531869576e-05
2.420812191537800319e-05
1.829195989742259869e-04
6.214966214953278854e-04
1.380021999548575358e-03
-1.220727258311183393e-05
1.997795217570476410e-04
1.643932788434344233e-02
1.644462815706478412e-02
1.112241187807817312e-02
8.908864107086588574e-03
8.778770654164306793e-05
7.286261907829651499e-05
6.792179089853374655e-05
1.416962311847562819e-04
7.220945735538461833e-04
1.095367659820463109e-03
-7.532680985797101893e-06
1.574052803267901840e-04
1.636941484350630180e-02
1.656313986507212607e-02
1.102708807480508833e-02
9.034095696733945510e-03
6.779259804465212101e-05
9.562473492414400695e-05
6.611076164450841038e-05
1.380054530976582334e-04
7.061836893937575594e-04
1.081617719398406292e-03
3.628442736394613208e-03
1.720335760262855368e-02
3.619309969447126278e-05
1.366455501564702718e-02
1.100034613694970444e-02
5.917155344997295820e-03
4.043072106296305890e-05
1.032509266543931272e-04
2.225787608471807051e-05
1.757868450008013596e-04
6.172557822801966057e-04
1.343775930139107623e-03
2.093261755255254250e-02
3.179541409655290557e-02
1.152424265041280052e-02
4.326355361404247068e-04
1.016231761997915886e-02
2.453504258987567518e-03
4.246466320949124166e-07
1.564947701857885142e-04
4.899908633270296430e-06
1.876493101418575543e-04
3.745367441261793695e-04
1.282994004239086704e-03
3.545637879315861885e-02
4.491271786157245705e-02
9.933961622080465098e-03
1.146860516835927074e-02
7.258866430411339166e-06
4.369326058610235246e-04
4.917481248225655683e-05
2.484898290570338657e-04
-2.011802468965073773e-05
1.994133898964963922e-04
7.057789654798725680e-05
1.209390950483144739e-03
2.262431611595470266e-02
3.892603046602106931e-02
8.009008879217809421e-03
1.354393177598114343e-03
2.396080156362963461e-03
-1.884778870020875071e-05
1.854271125859663255e-05
-6.847715327840635377e-05
1.104994291955173699e-04
2.560868288354310480e-04
1.880704351757676613e-04
1.032620752408616033e-03
2.085633943819103706e-02
3.395217895563273219e-02
8.162493609758210769e-03
1.197384222344284382e-03
1.993754660865959538e-03
-4.979526350482244750e-05
4.109725035616210121e-05
5.943437956239007040e-05
1.740010652018487926e-04
2.592127562949572001e-04
1.861074850996159659e-04
1.108130305255400740e-03
1.235015962502696539e-02
2.150089968738961091e-02
3.696337777108584844e-05
8.108594172516228951e-03
1.964672013060180748e-03
1.609539705330218439e-04
3.815793149914915424e-06
1.611633062749346962e-04
5.496754724634205712e-05
1.970181039535661902e-04
2.365471076998143280e-04
1.272408185011787620e-03
2.984422747447951652e-03
-5.222478323827513377e-05
7.059301625868829450e-03
1.188227914788081777e-02
2.166016749394389200e-03
8.445105693715607804e-04
1.137086069092037771e-05
1.356632525866206514e-04
7.977864918716818209e-05
1.811912784027888939e-04
4.822810628387478628e-04
1.266347178824844821e-03
-1.448066144918040753e-04
9.739398538447710920e-04
1.576518936116134625e-02
1.422674362902060299e-02
2.242394250117036875e-03
1.778575261103928530e-03
9.265426919328236801e-05
1.818598856730971260e-04
8.164285772497377122e-05
9.142158265595673060e-05
8.983404999162962609e-04
1.183375337576865732e-03
-1.076732300023580446e-04
8.547125203163053256e-04
1.570600454744759331e-02
1.408104214122719161e-02
2.264621681117318444e-03
1.770982522061013498e-03
7.859867947116418369e-05
1.926101710770098860e-04
7.085750879592679326e-05
9.432530128442767928e-05
8.930277137061524593e-04
1.170811819468020902e-03
2.932457984265368720e-03
-3.910602635734224054e-06
6.983210536121535299e-03
1.172231014190032970e-02
2.177159329069710842e-03
8.443550375005088584e-04
7.012723214881870920e-06
1.441177030706243187e-04
7.007303831588380938e-05
1.758786662058710131e-04
4.833097607678862591e-04
1.227346367819930582e-03
1.254697572569094151e-02
2.134065900864200171e-02
3.780516816227168632e-05
7.989041810473152677e-03
1.974146940901063199e-03
1.588008463979661568e-04
6.953172584809690918e-06
1.623730329931395776e-04
4.907268381796943294e-05
1.946419641395445504e-04
2.339156720284526743e-04
1.234542142960959842e-03
2.116984136795654892e-02
3.301610507001926514e-02
8.150959905058726904e-03
1.228358497742582317e-03
1.992016528510944743e-03
-4.889863775790747740e-05
4.489477826363437901e-05
5.690336978533444047e-05
1.657769903689515001e-04
2.543191212895975898e-04
1.813628137165119937e-04
1.099309973573105084e-03
1.197576409387827827e-02
1.657388710254282735e-02
-1.982357135208199042e-04
2.161491915349719392e-03
-2.640247298635296693e-03
3.326248268467589812e-04
-1.404970997809850561e-05
-2.182847996911787408e-04
3.919142957437423639e-04
1.924082791471668397e-04
1.918718572820179774e-04
6.650340501417821137e-04
1.253295346658559947e-02
1.845134965244150937e-02
8.945620986426359479e-04
4.327926362153206030e-03
-2.815355552822458671e-03
6.243205982443857647e-05
-8.812956794968037448e-06
-1.863240328211187343e-04
3.824896091837135274e-04
1.480946121184815350e-04
2.268226640577427180e-04
7.357519005286429579e-04
7.505778870459914494e-03
6.548766976179862774e-03
-1.222557892910532389e-03
5.816727531121291747e-03
-2.500987601055570421e-03
-2.393552647479165569e-04
-1.924571737433307617e-05
-1.115915946631295389e-04
1.614247860452879056e-04
4.580141033184189340e-05
2.534822148470095645e-04
8.934516932454734722e-04
1.814523815650853460e-03
1.496931283206192828e-03
8.833939702941240660e-03
6.774101654662094754e-03
-1.991990077600981537e-03
-5.970574798868282049e-04
1.770482081981533074e-05
8.892148902936768148e-06
1.168090333071211120e-04
6.603877835166067327e-06
2.537972355314387497e-04
9.241272777427775179e-04
-1.990855554107505085e-04
9.087505874873380183e-04
8.833759681916434833e-03
7.572399450139138261e-03
-1.423765272580207117e-03
-1.071570783300233040e-03
1.314274255863400549e-04
1.980892654796257845e-04
9.723195681679212929e-05
-7.617360360057507926e-06
4.306253223704448099e-04
7.718692966699119496e-04
-1.509874743918089806e-04
7.813290146254591416e-04
8.452779160892352067e-03
7.895212691936638605e-03
-1.544656465217147294e-03
-1.002526364986566255e-03
1.749493526784847049e-04
1.063004331513645029e-04
6.233882134452665091e-05
2.644333303155702052e-05
4.454885924660749127e-04
7.624110081558878056e-04
1.653297598820899954e-03
1.378217658905802690e-03
8.261842761877309649e-03
6.838375543573346760e-03
-2.087332410492206969e-03
-5.731676967417285171e-04
2.094331544829004018e-05
-7.079270337959342994e-05
9.722751642177103774e-05
2.535974676746062539e-05
2.528639202424132855e-04
9.131655289094053841e-04
7.368486613121043999e-03
7.116910851516797774e-03
-1.038138887290490078e-03
5.876504435043638543e-03
-2.557589648816413659e-03
-2.096550706162611001e-04
-1.614265126411463052e-05
-1.512278125084485776e-04
1.632000374865550209e-04
4.564592374120788216e-05
2.407644845300005681e-04
8.695216985832143319e-04
1.264651835786767715e-02
1.898737695442958423e-02
9.068436350783699428e-04
4.452007100957144567e-03
-2.852817781490568552e-03
7.947500734768220309e-05
-1.880413270744957528e-06
-2.034999894851766535e-04
3.938914937914138998e-04
1.384678341611796928e-04
2.167399302512741232e-04
7.267086334233793495e-04
4.758044125651448891e-04
-1.214353529819137774e-04
8.272286159064783811e-05
7.911875961882711952e-05
-4.965811213416809874e-05
-6.664767049677198271e-05
-9.862932231355179306e-07
2.349431284639534744e-06
-8.449403808779166331e-06
-1.571548290614682868e-06
-1.115888871468406078e-05
-2.208992292488760390e-06
-6.629786091180033549e-06
-1.165362605156155872e-04
1.506276862795055747e-04
1.009308368678099653e-04
2.029992113989919064e-06
-3.763422099791713621e-05
1.106220654855864383e-06
2.444838966127421852e-05
-2.804258798466859387e-05
-4.727343090410972620e-06
7.381419360904976875e-06
-2.047614913158086349e-07
-5.420475196224255280e-05
1.935247356058259665e-04
1.067610861797987199e-04
6.322112331795978995e-05
-1.331700113514329609e-05
1.217136628233565494e-04
-2.594263459604882631e-07
3.906110475571332441e-05
-5.277619524862606172e-05
-6.934890783256554848e-06
3.221223435389673778e-05
1.717741974350411378e-07
4.494121515165760050e-05
5.951998504790467168e-05
2.320654535402685685e-04
-1.320429389547948774e-04
7.278529709218562566e-05
-2.099445337404893814e-05
-1.067223327279001796e-06
7.770909065698401957e-05
-6.190529597663782411e-06
-2.758091958006053485e-06
3.056594051069653432e-05
4.775386507127603313e-07
1.184072328109914610e-07
2.761331006860706942e-05
1.401235776714642930e-04
-3.788406999606314736e-04
2.918080635030044655e-05
-1.074466023397447230e-05
-5.043673763824600611e-05
1.030272823281439242e-04
-1.169464321586617121e-05
2.964254199642729999e-06
2.248579495134488972e-05
-8.214370861645707339e-06
1.745853880564881777e-05
2.628659784580924738e-05
-2.414745356600231049e-04
1.249387818324577449e-04
-5.745366235634201537e-05
2.611734035357903423e-05
4.747689849578754114e-05
-8.805136799173178725e-05
5.870384113668013188e-07
-5.748611788964026294e-06
-1.676721422205197000e-05
1.462234951946358146e-06
-1.646024168204059297e-04
-5.021824705604570522e-05
1.283901910036515707e-04
1.158716853411036267e-04
-1.198908241254712951e-04
-6.675607812356931263e-06
4.176034752863741710e-06
-6.062943917332235428e-05
1.063617490827046011e-05
-6.971981752051523527e-07
-1.525866233518912252e-05
2.871657660661359628e-06
-2.114333571434546144e-04
-1.275753712957985477e-04
3.555579088658527469e-04
6.327317085837363476e-05
-9.369454029406355919e-05
8.581110664355075647e-05
-1.511846146229182946e-06
-2.266242541560854366e-05
-2.310633566236843322e-05
1.857551773866605847e-06
-3.069950845086722759e-06
1.490871180516216237e-06
-1.274393440920787478e-04
3.923033166602728065e-04
-1.797130882948978607e-04
6.655117998875010753e-05
-6.203093465252966163e-05
-7.596076904053216782e-05
2.754101939818177887e-06
-5.720650813683895574e-06
-1.064486959066665934e-05
-2.797098730410070062e-07
-2.515447187462174054e-05
-1.176616225489298721e-06
-1.215429603321556591e-02
-1.586450719884244243e-02
1.892874650474206356e-04
-2.026307833881196493e-03
2.594231438829905801e-03
-4.148536640173601606e-04
9.509223987179867688e-06
2.341647648315928372e-04
-4.078612233023792225e-04
-2.101569168391254246e-04
-1.924067109436801480e-04
-6.595733425792695264e-04
-1.270868755009768591e-02
-1.840495438218136062e-02
-8.807888771751178850e-04
-4.196576786326288409e-03
2.829553617414881650e-03
-2.203430000179782008e-04
1.191187462237134675e-05
2.100197384393866337e-04
-4.113761935501864301e-04
-1.454114270512165406e-04
-2.074837139263160197e-04
-7.316622340193662793e-04
-7.631807270074539989e-03
-6.675059260186319218e-03
1.030870662193024727e-03
-5.652662450075606262e-03
2.501766339819059496e-03
2.032057432276114842e-04
2.087141696160997107e-05
1.564850748257383688e-04
-2.087295262724389307e-04
-3.506383017897664214e-05
-2.292528254913753900e-04
-8.897489181334777668e-04
-1.749599510291659525e-03
-1.342194527752090622e-03
-8.403066773579605589e-03
-6.631926121078915784e-03
2.031400984104622491e-03
5.543702099563087337e-04
-2.252055241975446610e-05
8.513272782646390355e-05
-1.002479390909404315e-04
-1.423502932878646306e-05
-2.369129795849929127e-04
-9.491065550513401927e-04
1.789357134193324196e-04
-8.021336345320859585e-04
-8.771811898343289532e-03
-7.577909619459034275e-03
1.486121568881908564e-03
9.941847377368314299e-04
-1.502436515964000372e-04
-1.056240263097930931e-04
-8.451530556040689199e-05
-8.982462071299764247e-06
-4.338312069112131800e-04
-7.788092597039375986e-04
2.014989138459206898e-04
-8.751710177085442665e-04
-8.664462395684916635e-03
-7.590020671313799094e-03
1.427817017559085975e-03
1.026150527538155716e-03
-1.119725915295443865e-04
-1.766720560229475981e-04
-7.764218643017721728e-05
-1.899597418842965309e-05
-4.444593968572402342e-04
-7.625979080936562101e-04
-1.836332269691263877e-03
-1.500124927801362463e-03
-8.489940644079046680e-03
-6.754144399845833646e-03
1.984488601705654883e-03
5.687658246225793610e-04
-1.697743966146989666e-05
3.880167325281356225e-05
-8.499920843474714066e-05
-2.734526870398515884e-05
-2.436454651958660296e-04
-9.374030225761790548e-04
-7.626540760171815481e-03
-6.229507938627205921e-03
1.129061948715685869e-03
-5.764586071363295844e-03
2.481818612455862286e-03
2.052628999939392111e-04
1.472156805602566167e-05
1.410158326552056940e-04
-1.690540559301101505e-04
-4.565373597498390321e-05
-2.304329580676297391e-04
-8.940377443690546546e-04
-1.258810415934206138e-02
-1.773787041280597623e-02
-9.119377487211363393e-04
-4.255929525430882272e-03
2.809959823772714433e-03
-1.999648495557612552e-04
7.850775376861703460e-06
2.060439146633689900e-04
-3.677355406477720505e-04
-1.566919401837738870e-04
-2.071364834280049467e-04
-7.270023033287782493e-04
-2.253794233462060037e-02
-3.821810011387904299e-02
-7.812583456966849457e-03
-1.385669114896143344e-03
-2.417612529236575977e-03
1.224597787875922163e-05
-1.656507962330629506e-05
8.843108909514367814e-05
-1.027088177932951524e-04
-2.438167899878655406e-04
-1.993874600273695848e-04
-1.039968415346231205e-03
-2.113155476958429937e-02
-3.240538976295215257e-02
-7.952687663145410063e-03
-1.215475290767394469e-03
-2.000021681104901909e-03
4.259432577394931977e-05
-3.805054960059852163e-05
-3.616406335075323351e-05
-1.332010889521570288e-04
-2.191731588288837985e-04
-1.795687756972944417e-04
-1.094203106791853978e-03
-1.243272670774083627e-02
-2.061202733663587694e-02
-3.699396977224042631e-05
-7.825632397635826076e-03
-1.944857050708995953e-03
-1.473845721130504264e-04
-4.926260246224616786e-06
-1.646986316702903888e-04
-4.819755041150403265e-05
-1.662242817450755659e-04
-2.499673034755554770e-04
-1.236749234152963390e-03
-2.914218420832396378e-03
3.875621076926665659e-05
-7.437293356815192179e-03
-1.155284885375010805e-02
-2.130588918178950505e-03
-8.076999714913054174e-04
-8.668999679453182668e-06
-1.416557230260635520e-04
-7.628084075556417604e-05
-1.645378887175036960e-04
-4.709337380394114717e-04
-1.275112223545414722e-03
1.068809043334539670e-04
-8.573745915859984443e-04
-1.571594530194685146e-02
-1.409236100293104373e-02
-2.166978745400698590e-03
-1.744853823543070529e-03
-8.298975961974660838e-05
-1.776565756965682108e-04
-6.507567026670690630e-05
-6.843375887257019819e-05
-8.837153794603644754e-04
-1.214372230873311375e-03
1.326301931456448050e-04
-9.557074268548415965e-04
-1.550530001110084037e-02
-1.426570209547881399e-02
-2.239481533594908473e-03
-1.689618978212105004e-03
-8.886948235302783263e-05
-1.712822347147917421e-04
-5.076290756937257298e-05
-8.986303679998294553e-05
-9.060614753769163227e-04
-1.183791148944876408e-03
-2.998147157789246998e-03
6.655205176334734766e-05
-7.331889231534574787e-03
-1.162724246916747688e-02
-2.187554260498747547e-03
-7.985824396540671050e-04
-9.847515638964463402e-06
-1.254929962440818291e-04
-6.305107635465692119e-05
-1.959065904070447642e-04
-4.534411709664643584e-04
-1.259110722326841486e-03
-1.259638599593598980e-02
-2.062189939834992505e-02
-3.576686310361545013e-05
-7.846427293908197695e-03
-1.977614428675822204e-03
-1.455146679577318128e-04
-4.555568687246670894e-06
-1.438524599508823713e-04
-4.159743876539581675e-05
-1.945981604252974861e-04
-2.333982701523653529e-04
-1.234081481653403947e-03
-2.112137075462474506e-02
-3.244492958611572969e-02
-7.911320111900968857e-03
-1.187329029062766288e-03
-2.014599558782153958e-03
4.403868493561425554e-05
-3.789659507572378189e-05
-1.955170953332462802e-05
-1.308071501504781339e-04
-2.384775317892981038e-04
-1.751206214201098588e-04
-1.091846985047059378e-03
-3.887286859844756720e-02
-5.053559213406512429e-02
-8.919123676758327485e-03
-1.246589383919144423e-02
9.878798453924424031e-05
-7.051037827910304294e-05
-3.798508293835913230e-05
-2.790992074460024253e-04
4.310805446363395537e-05
-1.981438282093055158e-04
-5.519238128757858691e-05
-1.227816535184549085e-03
-3.557694719404467382e-02
-4.476140388826160832e-02
-1.009924689549600817e-02
-1.157199594762641989e-02
8.065972218302747531e-06
-4.326389432506744541e-04
-4.937622387285644029e-05
-2.412914282453212619e-04
3.287990475842775224e-05
-1.927629925501690299e-04
-7.763394842942529430e-05
-1.249723134171182738e-03
-2.070261501024409784e-02
-3.172553811505807175e-02
-1.170782346155472588e-02
-3.857769207921370376e-04
-1.014016794224867866e-02
-2.442344867310919203e-03
-1.105590152733845878e-07
-1.549770786923715111e-04
-4.801507044162692408e-06
-1.790191759579006902e-04
-3.832635129817011234e-04
-1.320966623837895211e-03
-3.589983514743133250e-03
-1.683607784518160316e-02
-2.667684986225986118e-05
-1.373146999657723528e-02
-1.089715411061075064e-02
-5.846659494138446884e-03
-4.362467974897931398e-05
-9.557286726995622137e-05
-1.965967545212807678e-05
-1.734604257320453570e-04
-6.277242703744760318e-04
-1.365916173307015011e-03
6.308487531890801272e-06
-1.739325382581967633e-04
-1.648844130978758399e-02
-1.674722476905432522e-02
-1.068824828253036284e-02
-9.042332114057839709e-03
-7.949325701645939082e-05
-8.742219397149520160e-05
-6.232438203449073427e-05
-1.352956795514097840e-04
-7.180344412271964794e-04
-1.078104703015907509e-03
1.263013332798229043e-05
-2.155036041560439320e-04
-1.655381675663059049e-02
-1.648945615834162756e-02
-1.094716894172833091e-02
-8.837446713162992740e-03
-8.290447535536962754e-05
-7.907291442928423750e-05
-6.780439279293350413e-05
-1.332981545633848876e-04
-7.461495760540553558e-04
-1.060016746753031152e-03
-3.854544916300581530e-03
-1.708781034512211680e-02
-1.760941441098216084e-05
-1.346839841260709728e-02
-1.113057000234403404e-02
-5.803213671072999895e-03
-4.490039812349016916e-05
-7.775749396705517434e-05
-2.147213467659535977e-05
-1.751398935705144482e-04
-6.261399301238670901e-04
-1.365880323850235997e-03
-2.114831576989936041e-02
-3.228483189382170410e-02
-1.147290996681046664e-02
-4.202075645439536013e-04
-1.018661141726585027e-02
-2.418818765567120645e-03
6.214390495245461458e-08
-1.275601057719460572e-04
-6.245093081463016511e-06
-1.854588655886422652e-04
-3.691130793479804580e-04
-1.312829552317283871e-03
-3.571079537784609126e-02
-4.491973239757814790e-02
-1.000049972902941273e-02
-1.147840829363913455e-02
-2.348920013217719970e-05
-4.416106706770216183e-04
-4.834129617893888803e-05
-2.117278317298761754e-04
3.181185802261257239e-05
-1.969490465197763134e-04
-7.461857467641906444e-05
-1.234134894860965939e-03
-6.375275625081797126e-02
-4.543612779488872405e-02
-9.105910403535004069e-03
-3.094450555201942385e-02
-8.658420462589815417e-03
-1.886021275370389346e-04
-5.594372507497554766e-05
-8.069257673001722420e-05
9.922346854360672669e-05
-6.039894325118021369e-06
-4.247074737831917676e-05
-1.695839794943956782e-03
-6.054799712278299828e-02
-4.482882198856050215e-02
-9.544644184033161671e-03
-2.741460887001797783e-02
-4.880029070267317276e-03
-1.135648368984236754e-05
-3.568705146155076545e-05
-4.619883205883262129e-05
5.715547439701961006e-05
-6.461875552417846179e-07
-9.905035447374858047e-05
-1.884603100274027682e-03
-3.023729027108663578e-02
-3.525411070726675727e-02
-1.075273090014398220e-02
-2.336409126492897548e-03
-1.840205646943635781e-02
-2.200935356459595565e-03
2.955500154299158740e-06
-2.229919049681553786e-05
3.075694224833735307e-05
5.107618322834460642e-06
-2.600069346907519520e-04
-1.982929931657029330e-03
-3.756702519222072673e-03
-2.640239675524677643e-02
-1.164691855617782865e-02
-3.322697251041345046e-04
-1.845830745165413789e-02
-7.587557243081843698e-03
-3.178726655374533632e-05
-1.604370844656180620e-05
1.100578599658543462e-05
1.089795518159408735e-05
-3.602641353067462813e-04
-1.840652501258382588e-03
-6.722634916714570041e-05
-9.952033463025913504e-03
-2.672263716037037197e-03
-8.219962324343054946e-03
-1.580885851636116418e-02
-1.339645987565428985e-02
-7.706473798128128834e-05
-4.055909917364422068e-05
-2.326533303978713579e-05
-2.566705674452514864e-05
-8.160992696912582924e-04
-1.332034521469040210e-03
-9.429415128854888367e-05
-1.009304262851827214e-02
-2.683814906471196360e-03
-8.122523295413186517e-03
-1.600205283578041635e-02
-1.307972877201479291e-02
-8.011669030075372277e-05
-3.837153954400013766e-05
-2.481087808783932891e-05
-2.626337487489159545e-05
-8.258842984645503116e-04
-1.325696080815079577e-03
-4.212914553115190697e-03
-2.723276901977497028e-02
-1.139796491422167234e-02
-3.269731098472088994e-04
-1.860196045240265772e-02
-7.448763283044740162e-03
-3.261620896046665401e-05
-1.217279863075280398e-05
1.205384242020827083e-05
1.045231353717270001e-05
-3.591076065509893962e-04
-1.824388585714394658e-03
-3.164163804062021523e-02
-3.606126846296467403e-02
-1.059884843064286437e-02
-2.173702900342570042e-03
-1.811300652770172007e-02
-2.153592763513932813e-03
3.235962641788309342e-06
-1.525187432130928133e-05
3.281579064042764327e-05
3.043590298629836469e-06
-2.588588314278264827e-04
-1.964613545825443473e-03
-6.093505057521099444e-02
-4.547667963552916998e-02
-9.562521425059840666e-03
-2.707313404383640543e-02
-4.668286674242958130e-03
-6.511689736216616698e-06
-3.465701423298035797e-05
-3.748991051887047142e-05
6.164566382038762563e-05
-4.652304368675169941e-07
-9.707221222944598040e-05
-1.863211417271341862e-03
-7.495695517305339672e-02
-9.033006236318809334e-02
-9.707657901109684878e-03
-6.992512477063593523e-02
-2.137343676280336821e-02
-8.133121160217720051e-04
-3.508852818510529937e-05
2.062705033103121987e-04
6.672071551426513981e-06
1.843727106580179633e-05
1.583325459586148865e-05
-5.102331538460748959e-04
-8.276653352367034644e-02
-7.445194711098658547e-02
-1.017384252411453020e-02
-5.610667513841034737e-02
-1.858751405428741427e-02
-2.810176596173177940e-04
-1.518958444660990769e-05
2.159394953385661514e-04
1.883500377253548132e-06
-4.674501030012345948e-06
-9.756832984629093108e-05
-6.671357706558856933e-04
-3.491935764043661850e-02
-4.871799222505771021e-02
-1.164694269540607861e-02
-3.952490147088479067e-02
-1.123912349889453523e-02
-2.197690466788019398e-04
9.946626797511208410e-06
1.549906789680473719e-04
-3.158720418624322242e-06
2.237564554862559753e-05
-1.530196675345944204e-04
-1.043553798080119367e-03
-4.618687065092397410e-03
-2.817280195015569449e-02
-1.414834881734131945e-02
-4.754193407990699692e-03
-2.644929406951314343e-02
-3.772521531459911703e-03
1.260858208476477640e-05
1.941777945493614594e-05
1.877596628368382418e-05
1.848401104039524315e-05
-3.016785437989000012e-04
-1.337555237475542306e-03
-1.328963556305470112e-02
-4.491873859287458422e-03
-1.336451868446486557e-02
-2.070248322175646197e-03
-1.442995443746335725e-02
-9.289146660223309912e-03
1.639912127543032792e-05
8.096683208706165427e-06
2.923018753696373777e-05
2.789770926665755770e-06
-6.882175475692179148e-04
-1.151308452184077050e-03
-1.358530048657516538e-02
-4.621409200277895764e-03
-1.327677963685857353e-02
-2.165963746789277035e-03
-1.469884221250522711e-02
-9.088295007106401979e-03
1.722674651452133578e-05
7.282244904133104207e-06
2.860083146281595004e-05
1.698313875230405819e-06
-6.914789849081479133e-04
-1.139670283862549748e-03
-4.981072699075504533e-03
-2.827521327629782186e-02
-1.408917092880346451e-02
-4.680159547547681383e-03
-2.660969680203112420e-02
-3.649345611096640758e-03
1.340666473544794361e-05
1.924874384919305254e-05
2.096001277240478966e-05
1.501455778946929043e-05
-2.966745093332738255e-04
-1.314976740717764287e-03
-3.649477369254622294e-02
-4.973199748161388767e-02
-1.169919665271912726e-02
-3.946237597341438474e-02
-1.091428999964734990e-02
-1.968655147291251063e-04
1.102354230489199317e-05
1.533731614030559292e-04
-5.861718563489201156e-06
1.834909677873419308e-05
-1.501661740707215128e-04
-1.019762587501586455e-03
-8.792519154263599146e-02
-7.465305250006128157e-02
-1.031872788659690676e-02
-5.593073281089299548e-02
-1.843123931786933359e-02
-2.999018209785442486e-04
-1.316496833535033978e-05
2.165578502357044127e-04
-1.235965112765820672e-06
-3.706637721239462720e-06
-9.772402342452091010e-05
-6.559409601730607818e-04
-1.435133095102626988e-01
-1.161266294002581828e-01
-1.269972114922879591e-01
-7.985534036961436377e-03
-2.512181145707446939e-02
-6.987217054638701760e-04
-1.215715631968100759e-05
1.601875473589327975e-06
-8.576558569290508718e-06
1.240330371902972487e-05
6.014416376089099047e-06
-3.202583830449935736e-05
-1.132280310136374035e-01
-1.094221860765661747e-01
-8.344562437223845483e-03
-9.966896438537385661e-02
-2.413556241426167287e-02
-4.831597227204143712e-04
4.115686346968348880e-07
3.838246980048860042e-07
-8.221680075016881605e-06
1.889749315119218346e-05
-5.694282031561006765e-05
-3.590533470857178753e-07
-3.360631214684987877e-02
-6.233185017109461878e-02
-9.517707835650342577e-03
-6.165810270093129847e-02
-2.257307258403771361e-02
-7.731323997690390834e-06
-9.984124786468614798e-06
-2.436718246579214061e-06
-8.946069043979476109e-06
8.625302872941093910e-06
-6.254699176833406382e-05
-9.932445873169179246e-05
-3.250478732266805920e-02
-5.534307940527908622e-03
-1.127409426597719699e-02
-1.528707411145302335e-02
-3.360026821515314094e-02
-6.368141099172984401e-04
-5.577202249344708261e-06
-1.805481040744099719e-05
-8.724339076667319163e-06
2.459222859218583411e-05
-1.986168252358820271e-04
-4.515717002701240095e-04
-2.215844302136157906e-02
-1.679124055487821524e-02
-3.378472976322655086e-03
-8.449841835153994174e-03
-1.268189991376815137e-02
-3.608754227803217737e-03
-9.193781155156692945e-06
-6.633490344010038836e-06
-4.194930470108803130e-06
1.897486664136310928e-05
-4.244425345859453077e-04
-5.580059178995427048e-04
-2.192674900823259748e-02
-1.666201960728599940e-02
-3.550405786826984610e-03
-8.395983917792964116e-03
-1.308783706311662451e-02
-3.513687362292417567e-03
-8.150778942681032290e-06
-8.711474340837880789e-06
-5.226177447194403451e-06
1.563475542123992523e-05
-4.316847742821240891e-04
-5.468016203610495023e-04
-3.169034776586871632e-02
-5.966951897934820101e-03
-1.125478391001725337e-02
-1.539874190810444458e-02
-3.425666836955239963e-02
-6.113698274058382417e-04
-4.393456102734893147e-06
-2.326320153485062707e-05
-1.118159562999554486e-05
2.125263833578649748e-05
-1.953319448568134804e-04
-4.257311938521022784e-04
-3.440221889308645725e-02
-6.085696727466594763e-02
-9.679167681341244514e-03
-6.250509415778468525e-02
-2.258389545459454223e-02
-1.741339431695900237e-05
-1.474628148178485883e-05
-2.169311684492589636e-06
-1.122766427288472600e-05
5.711155383819090273e-06
-5.746682878851042451e-05
-8.681145245816260388e-05
-1.115330543294180965e-01
-1.144623350256734062e-01
-8.364972728319116854e-03
-1.003037716995130169e-01
-2.418996926007635495e-02
-5.127384138377821809e-04
3.588434666928767912e-07
3.843230709659444705e-07
-9.353341068231490067e-06
1.612780578195427970e-05
-5.446585870234614855e-05
-8.349037439149504482e-07
-6.378678402489161570e-02
3.672957176584026179e-02
-1.187337069925721161e-01
-6.722348389925979044e-04
-1.475288416120325817e-02
-3.863761933980829912e-04
-1.009287808656758480e-06
4.860468253608614582e-05
-1.072553894882584981e-05
-5.340433496096006208e-06
-1.897857106562943509e-06
-3.451454099944647460e-04
-6.258033492724066060e-02
1.780850420250988664e-02
-8.114527235154296581e-02
-7.005022649108196085e-04
-1.523227529679725342e-02
-1.965054640809865878e-04
8.210302174534330860e-06
6.085922736473585199e-05
-1.109194874211168854e-05
-1.938245297344935681e-05
-1.930074268828639410e-05
-1.379449152913259460e-04
-1.596492318886644224e-02
4.388931505676907027e-03
-1.117029641069705202e-03
-4.432536565967579167e-02
-1.591253050298237909e-02
-4.428186239952653177e-05
5.163538916451077313e-05
6.733495271651578876e-05
-1.401556123522186778e-05
-3.252827508307474923e-06
-1.755567916592231048e-05
-1.275217997989590544e-06
7.826973246688882085e-03
-7.165791832140041250e-03
1.735135161266545482e-04
-1.456572095623576320e-02
-1.937874621458799199e-02
1.425793342887464329e-06
6.652252966091138720e-05
2.259929695302344846e-05
-1.622732485140126077e-05
-8.174697895532376664e-06
-6.356750016271629376e-05
-7.506341851718841701e-05
4.562491251457573629e-03
-3.285757597828978856e-03
-5.192622926818772806e-03
-1.068034365161974787e-02
-4.645372344159515166e-03
-7.432155956225469217e-04
5.739367652667455637e-06
-4.762743087412937315e-06
2.030884178976895613e-05
1.193219753952026918e-05
-1.616971434533258855e-04
-1.614595716415946017e-04
2.720847060212379983e-03
-2.292382683448430589e-03
-5.054223875739140108e-03
-1.079942098466053768e-02
-4.884535232584681294e-03
-7.134430421678635134e-04
5.182292146201675594e-06
-5.887600738087100500e-06
2.005397849528740950e-05
1.189073757283149313e-05
-1.620235102426750059e-04
-1.600342169694158017e-04
6.106542994449783331e-03
-7.593081992569006809e-03
8.013660234019243577e-04
-1.494271574535015190e-02
-1.924070568400070361e-02
1.388202060461940811e-06
5.880179661348257109e-05
2.450988145924629382e-05
-2.527437364723370022e-05
-6.823382033309668589e-06
-5.935147913674312714e-05
-5.967070323914661279e-05
-1.626910164881888513e-02
1.847333354608822606e-03
-8.765559503997630113e-04
-4.345045330793821658e-02
-1.609419088696759439e-02
-4.527444043751589281e-05
4.064988003256497838e-05
5.868070015404647580e-05
-1.595424952190842508e-05
2.201921573162934253e-06
-1.159310967223087021e-05
-2.589919400464392630e-06
-6.186308843632425114e-02
1.692496479381787669e-02
-8.120193742636214185e-02
-4.266534375323888283e-04
-1.530959795784509955e-02
-2.565969428107467854e-04
6.831668972227938953e-06
4.810287963132204041e-05
-1.247725467392045393e-05
-1.516744521671093461e-05
-1.445687877643902280e-05
-1.515027750995439292e-04
6.662351499263702292e-02
-3.294263916134930470e-02
1.166786941191115673e-01
8.646987213075317232e-04
1.530116979576797570e-02
3.745714269845391181e-04
2.294988321533775529e-06
-4.911315410695927869e-05
9.364338911525724209e-06
1.016248237240450028e-05
-2.337695942200600773e-07
3.736930356081779475e-04
6.346611617116335036e-02
-1.362098238718022908e-02
8.265525038898367816e-02
7.304445413573657430e-04
1.593075043123135318e-02
2.520635722000345489e-04
-8.811518134308326947e-06
-5.400436573384891347e-05
8.232836443572382867e-06
2.274944979098389634e-05
1.330565176006493509e-05
1.753374660666809815e-04
1.614411824260364448e-02
-1.315618794671713585e-03
1.040358121611525011e-03
4.470873227066151506e-02
1.626949591211502080e-02
9.375020883906927654e-05
-4.654502148863661040e-05
-5.874629991261412851e-05
1.213931880830521520e-05
1.606357728237780316e-05
1.815988731031913607e-05
2.693473317628554145e-06
-5.969560973836508452e-03
7.502687383537884683e-03
-5.636687715658084477e-04
1.492591663382782964e-02
1.940823277918964779e-02
-1.186166559237043333e-06
-6.108450255626697350e-05
-2.355684002977918197e-05
2.007023688131593650e-05
2.108015083824149583e-05
4.492915828134312015e-05
4.583300999194484589e-05
-3.240977199832902750e-03
2.395746853522733207e-03
4.944057461990716482e-03
1.059110514494987325e-02
5.120834351848570568e-03
6.610321638096834651e-04
-5.840028558285913888e-06
6.908109442365412691e-06
-2.038148643344591524e-05
-4.499469239042090531e-06
1.364873935695131032e-04
1.358729110586851614e-04
-4.385036286063362376e-03
2.764892071910913119e-03
5.032965514155892696e-03
1.065328179189152860e-02
4.762952678853421377e-03
6.896214003142141398e-04
-6.101538148426407231e-06
6.365480312182651671e-06
-1.558001346684666645e-05
-8.517030901624891899e-06
1.345007056202228587e-04
1.369636076763746161e-04
-7.301342028468920525e-03
6.964846335909266779e-03
-3.315919565124558874e-04
1.485471431269946505e-02
1.891710860951588066e-02
-1.221801493053344982e-06
-6.232138013286107642e-05
-2.191370021071903574e-05
1.728813899557454564e-05
1.684702494894356261e-05
4.882444302564128372e-05
5.236090546405693661e-05
1.499727766131055649e-02
-2.740065910963230492e-03
9.775760792628800794e-04
4.447214611902495368e-02
1.619503143318027846e-02
8.363513977571676594e-05
-5.213949713168360741e-05
-6.604927359498784223e-05
1.275976341354239114e-05
1.540382409629299120e-05
2.466458546231300168e-05
1.749894374284413857e-06
6.231251290729637737e-02
-1.584192781484451695e-02
8.220807713629432745e-02
7.458451286718837748e-04
1.590882376754964092e-02
2.036722690733757063e-04
-9.113226286089610268e-06
-6.447250341512738951e-05
8.676933172031822539e-06
2.293404012667412325e-05
1.913011073711356203e-05
1.635100670087389556e-04
5.874043128268569003e-02
5.955786562205263313e-02
5.195812888735746628e-03
3.781522255945244521e-02
1.311418171257443949e-02
3.421590498894765305e-04
2.082626826587495491e-05
1.516174977829464377e-06
1.296151182955139467e-05
6.879924099445285817e-05
1.597019865730333319e-05
1.313246249665606233e-03
4.786371865670628611e-02
5.899985116102308275e-02
5.546913883748426539e-03
3.422736163320250907e-02
9.199367978612876459e-03
1.559927480602561276e-05
1.762200598544003702e-05
3.676225643104764008e-06
1.197127308312020661e-05
6.775706308125961207e-05
1.003418019782177152e-04
1.409090496529823763e-03
2.804531896016980441e-02
2.926212103594515168e-02
6.481286362328618662e-03
2.206761903250541515e-02
5.622928222072567928e-03
1.222438314347538838e-03
-7.036398356673091821e-07
4.993794738055894559e-06
1.796910838983780567e-05
1.330811958470236184e-05
2.230308469656193133e-04
1.539725651255877386e-03
5.079695558065467492e-03
1.751402474002829515e-02
8.048217876411096344e-03
6.554931793740465884e-04
2.090743690709048405e-02
7.039193970231807235e-03
8.045457940163732089e-06
7.498225325394976458e-06
1.773896683699196567e-05
1.026104606405618021e-07
3.734875232703225093e-04
1.552763868226897251e-03
1.439402539779944569e-02
4.049898234130519027e-04
1.014345685109262901e-02
2.095647594231059448e-04
1.729435801800568995e-02
1.322524378280498514e-02
9.644867632466809260e-06
1.214870795947507199e-05
1.873698361005298358e-05
2.851284240852252921e-06
6.987366889249069625e-04
1.087001057504003712e-03
1.437037079376262370e-02
3.932569290838521469e-04
1.040613519844772218e-02
2.026840795995825536e-04
1.682667956699799086e-02
1.357881668984624660e-02
9.733235820559411224e-06
1.139179921048489441e-05
1.333184416452838984e-05
4.099653985809994899e-06
6.902134829548792812e-04
1.103372490041211419e-03
4.864446735193669533e-03
1.738728379685084563e-02
8.000168222502410803e-03
7.086137678623513668e-04
2.057932699612317895e-02
7.309712434164204915e-03
3.767178944489454993e-06
8.039191743945754055e-06
1.770241739440596204e-05
1.748248141247565371e-07
3.920230179590282233e-04
1.595581242623469922e-03
2.735846862278940028e-02
2.922403588227321866e-02
6.368708512549277161e-03
2.228410973530853614e-02
5.903392037975351524e-03
1.364527727203296422e-03
-1.207070842040113527e-06
5.363663865497205473e-06
1.756316646110397925e-05
1.976923336556615955e-05
2.370284832830147302e-04
1.572304657615325322e-03
4.776713518711538792e-02
5.741337347982827799e-02
5.473272642353897884e-03
3.479312398976124737e-02
9.358377498466073294e-03
8.454607876983364275e-06
1.803556183089287393e-05
3.891982656380824260e-06
1.182621027395636526e-05
8.131670664487974215e-05
1.008454646324287917e-04
1.423308051156270491e-03
1.994763924478845998e-02
5.665916693669870163e-02
5.645651510704085586e-03
2.618520123246395603e-02
3.840256123981903528e-03
-1.105159713573547887e-04
5.219197746240479449e-05
-1.397158866358110755e-04
3.669537525900008252e-05
-3.417814677121759951e-05
4.852902180400093575e-05
2.199781531615438348e-03
3.577583552880296558e-02
5.480343852599165594e-02
5.792281327131482312e-03
2.390513948530820221e-02
1.328348716507256550e-03
2.439373612242934028e-04
3.169840659865225607e-05
-1.519965055615078318e-04
1.413603132031826835e-05
-2.341214930897308880e-05
9.612665917708620035e-05
2.309632082126973889e-03
2.670789490890193921e-02
2.045123881211597522e-02
6.188163455014107119e-03
6.453708893855109941e-05
2.025730395324659705e-02
3.406593756768026143e-03
-2.954122470117251847e-05
-1.454637113470430099e-04
8.489463231646747685e-06
-4.505056631622897213e-06
3.121434214897492133e-04
2.272264292813794447e-03
3.694416529829761941e-03
1.236400309858376109e-02
6.506198837289209683e-03
2.241227939135123577e-05
1.980786997986399428e-02
9.570772938131102275e-03
-6.614190654458348994e-05
-1.198168709364718534e-05
-6.661851526691698873e-05
1.055297053396221562e-06
4.647207382427681415e-04
1.939172504385923727e-03
1.442619069760744781e-04
7.427160589814169218e-03
4.412715690297329060e-03
2.137536744560183629e-05
1.924293529577002573e-02
1.488615897479235624e-02
-7.264159444518998284e-05
-2.358287739451409048e-05
-9.281463615168460276e-05
-1.193023836901351556e-05
7.829203382959337926e-04
1.422070094508020221e-03
1.058629948962059030e-04
7.432347779628070174e-03
4.518155665515886585e-03
2.018746221837980386e-05
1.893002699218473278e-02
1.516513721358355576e-02
-6.757335103349560465e-05
-2.484474766590728909e-05
-9.137472041491523269e-05
-1.074064165921575004e-05
7.784623562730866092e-04
1.409421135312458832e-03
3.223026667427046719e-03
1.229131100685831694e-02
6.703369904739736942e-03
2.139985986448961805e-05
1.976187797463141785e-02
9.779067859401574872e-03
-6.440782042780857075e-05
-1.117083985866813049e-05
-5.886936941267829849e-05
6.432909657327017024e-07
4.682236452228413347e-04
1.924114019688050875e-03
2.534038580445011415e-02
2.057909775252013754e-02
6.325288613957033741e-03
1.009123385887712498e-04
2.064635246108437530e-02
3.602037192635002341e-03
-2.961159009495554318e-05
-1.384871766796501216e-04
1.135165556888137321e-05
-1.893626775667908558e-06
3.159417061608898298e-04
2.269601345252678440e-03
3.422212201567293582e-02
5.548560738716500768e-02
5.850406956753279736e-03
2.439832299442153130e-02
1.423627901717377207e-03
2.981194015827191824e-04
3.197156578416408997e-05
-1.448857839987870394e-04
1.582812369042042595e-05
-2.129480070679304099e-05
9.780574153514310688e-05
2.319926902961569597e-03
2.844614699425635634e-02
2.654107212733143248e-02
4.559364856329590349e-03
1.525503031362473658e-02
3.089218368470119264e-05
-1.468888007473241543e-05
3.657001622422476707e-05
9.091841066262743801e-05
-1.774070147624018357e-04
2.399628232707494893e-05
3.073439309587507235e-05
1.218933084487817953e-03
3.252846932443625994e-02
1.108862815547116513e-02
4.210503598938913211e-03
1.023495461130773804e-02
4.508841256740455533e-05
6.303075847909171692e-04
3.596060736621590267e-05
9.943818183255262845e-05
-1.095490306979067860e-04
3.830909887490154762e-05
4.742973283898815879e-05
1.225691699470897325e-03
2.136697939859225071e-02
5.285603659377021563e-03
2.631209553597634553e-03
4.358015325711339866e-04
1.531376611860418673e-02
3.382126543306984093e-03
-1.129581942047648235e-05
8.893576092136534718e-05
-8.878145448007381674e-05
5.593731640338291486e-05
2.624027412796723149e-04
1.366171470492227435e-03
4.577818010019831310e-03
3.759854342321424653e-03
-1.992749371234044196e-03
1.132760665114592976e-03
1.607588551292032930e-02
8.152945523951109913e-03
-1.580651251071794772e-05
3.528416821013072996e-05
-7.425891134137272093e-05
5.829082153117406148e-05
5.880137127598689985e-04
1.369454925114814165e-03
-8.333396988911018024e-06
2.353097326878565324e-05
-4.372338144284310330e-04
3.298424026518854708e-03
1.456352401396916740e-02
1.246275205704200535e-02
4.786166749409855098e-07
1.044134259741985023e-05
-2.681796518845936975e-05
2.685601018809030232e-05
6.848397722262109487e-04
1.082685144425876321e-03
-4.256430509903966826e-05
1.126370805289329474e-05
-4.354461734274475107e-04
3.391839035182346411e-03
1.480621190277756939e-02
1.240369338330193048e-02
4.364017454882011973e-07
1.198940080554770187e-05
-2.364313963639105991e-05
2.983222525112400205e-05
6.712549932869692031e-04
1.067685150741332903e-03
4.280020577421324128e-03
3.649186949765759972e-03
-2.021181250940101530e-03
1.178827370555127511e-03
1.615664307618341552e-02
8.187031950616154366e-03
-1.481297525558600366e-05
4.346284625607865895e-05
-6.138267308107988815e-05
6.120036463457521631e-05
5.820934568129314474e-04
1.319795829744506736e-03
2.102125673598114960e-02
5.120181837261240064e-03
2.695111584792166115e-03
3.854816104949861794e-04
1.544928541776829749e-02
3.397725635104755556e-03
-1.003083617246205656e-05
1.037863591701616151e-04
-6.852753104298008708e-05
5.693300219200232904e-05
2.740928790787554585e-04
1.333108628198089200e-03
3.192647441190141211e-02
1.105808411565126388e-02
4.271170402597879862e-03
1.046439799949087576e-02
8.403863404662065110e-05
6.232228810366430456e-04
3.497709994584603365e-05
1.082117382254901622e-04
-1.020607899455476227e-04
3.861910594074598706e-05
4.768177392149875875e-05
1.211456424788803820e-03
2.470086575971068565e-02
5.497109998395154767e-03
5.130148715927998482e-03
1.216825938836865175e-03
8.435986442542500394e-03
5.956968122342132782e-06
4.322369949757785118e-05
-6.907834589104002266e-06
-3.688569963378401597e-05
6.686696044635645876e-05
1.074225913068909186e-04
1.092577480724713900e-03
2.108079871150461693e-02
8.162035110954479755e-03
3.526629497028783023e-03
8.790396141710428782e-04
9.015677930314349581e-03
2.938255963760207242e-04
4.604666298548177353e-05
9.764046808481995199e-06
-3.873650183597183565e-05
6.553099449941071056e-05
1.100987462979024389e-04
1.124115525073345447e-03
1.368644310163023500e-02
6.217461557167599899e-03
1.060174236211524398e-03
5.314773314168540208e-03
1.018287716339639701e-02
1.281388421450878595e-03
8.683182699195647841e-06
8.916720836234389401e-05
-4.507194370069467215e-06
6.186043485491948249e-05
1.867217495239403260e-04
1.280047283428092496e-03
4.292792900557182781e-03
-6.308896629325498216e-05
-9.621550464831558859e-04
5.448609652179753869e-03
1.003965984437827502e-02
3.599422507941241710e-03
2.210906356901007216e-06
8.268458953363059518e-05
4.353303555600790070e-06
7.380870170719246940e-05
4.423765667452112752e-04
1.147086003297524432e-03
4.845524452876971960e-05
6.706478465541754110e-04
3.685762702741942308e-03
4.838348697285272185e-03
8.599362190650813864e-03
6.305615208769061591e-03
3.652719665573191197e-05
6.446546509472076607e-05
1.526720228411850027e-05
2.252350067261962610e-05
9.351890325565320218e-04
1.148066937589661829e-03
3.323963894601713275e-05
6.301353537670126292e-04
3.692072706301054771e-03
4.903848458471907722e-03
8.639994739835288318e-03
6.334277175045317787e-03
2.972074704875887237e-05
7.635316697742986771e-05
1.334522490219278603e-05
2.013209682036876238e-05
9.143886804989479096e-04
1.158860115436038387e-03
4.230670374622402287e-03
-7.251286017183321568e-05
-9.560243802196007924e-04
5.564153501654360914e-03
1.013231073679324475e-02
3.603530269243919882e-03
1.048196188981824601e-06
9.733381719606865187e-05
3.309369642289570725e-06
7.035483517435999249e-05
4.409198751917643407e-04
1.128091811873236511e-03
1.362792709312590431e-02
6.158360027813690463e-03
1.074815601402902970e-03
5.480261422312495898e-03
1.029275071897652570e-02
1.276919840203357684e-03
9.896411687755087057e-06
9.721287621422495932e-05
-1.566333804307529028e-06
6.395077371256306230e-05
1.972469286540363346e-04
1.250713830744990028e-03
2.100559501811652754e-02
8.098542773262617372e-03
3.558987465088868894e-03
8.732829712739029583e-04
9.043020561441635075e-03
2.923870215356975596e-04
4.626445507246189413e-05
9.866155132704586525e-06
-3.192255769555031424e-05
7.039188456966261910e-05
1.127066571357892124e-04
1.107851383223614058e-03
1.431045272048749213e-02
1.467952611158634263e-02
2.536478385503769094e-03
4.264864093269554561e-03
3.583664013263078429e-03
-8.689669524539116126e-06
2.676372506081680397e-05
2.750699560137767404e-05
1.602497957953126528e-04
8.136022374032320494e-05
2.123340159869178750e-04
1.038758761870990210e-03
1.272684400138773993e-02
1.190271146840333506e-02
2.257215023641947690e-03
4.291201964374983212e-03
3.769617666024111143e-03
-3.086576792623228445e-05
3.082045656420758948e-05
-2.839324975971646460e-06
1.174589182234085080e-04
5.543748353341432212e-05
2.074758218736609127e-04
1.144185337140843275e-03
8.446470214162388537e-03
1.079268992327611122e-04
5.691535204494163960e-04
4.879382992100359147e-03
4.002781367553902639e-03
-2.185019645726371163e-05
5.645302249972589467e-06
2.045673095005647676e-06
7.220539131164544443e-05
3.415737759062646592e-06
2.188254638097396581e-04
1.358853528273162772e-03
2.947067956904431824e-03
1.783212260468846093e-03
6.882354573138117944e-03
5.223532428234694582e-03
3.035709184338783104e-03
1.379166943219873817e-04
2.457714830389374693e-06
6.190028858326434105e-05
1.513353480908462578e-05
-4.507277497815509291e-05
2.864042023098517368e-04
1.334957297624940649e-03
7.089842337910468115e-05
8.186279177720252008e-04
6.569413630310704313e-03
6.054009653965931707e-03
2.100825005794805349e-03
8.558719289201067613e-04
3.810577700088016282e-05
1.026700361941452333e-04
-1.993143678769290430e-05
-3.075543719451214613e-05
5.474801833352190049e-04
9.796309088480339381e-04
6.373757402590954520e-05
7.485539003719308753e-04
6.642845511133179705e-03
5.943604086733490950e-03
2.107554185230677782e-03
8.781896320934368680e-04
2.952158221733037138e-05
1.103677439543416350e-04
-2.270268498199456064e-05
-3.266964262936316378e-05
5.318547906472826780e-04
1.028495372252548811e-03
3.001611838072639014e-03
1.716339882798840642e-03
6.961954379194567472e-03
5.205282674103204991e-03
3.076783709713547948e-03
1.547035916247144552e-04
1.533043215697840942e-06
6.018696825309745351e-05
1.301566496192369283e-05
-4.782771973468572413e-05
2.759947550004263821e-04
1.382451661118620388e-03
8.542309889931343561e-03
1.453540173908789298e-04
5.829526703150125604e-04
4.912327082361961188e-03
4.029851870582220122e-03
-2.219733074351667516e-05
9.393204725576700904e-06
6.624694723376527206e-06
7.103464521325925606e-05
2.631307634037356339e-06
2.218309567513119195e-04
1.381209636017157122e-03
1.293814776233560837e-02
1.191980568689794337e-02
2.251971419228115077e-03
4.353384572130095109e-03
3.777451882611868386e-03
-1.103030186214164621e-05
3.497773848523792761e-05
-2.821707249012438208e-06
1.165391704911574637e-04
5.556101491067356541e-05
2.098352550714606564e-04
1.162361054451175333e-03
7.557067779078596552e-03
7.596747008205936846e-03
2.310681576167674094e-03
2.297561129279523766e-03
-1.938430529366266743e-04
1.578369941656037907e-03
-4.004482469935767130e-05
-9.183609982677649018e-05
2.347978380932382503e-04
-4.620819940915628338e-05
1.300957116465159069e-04
3.547435406129059786e-04
7.321507660500612205e-03
3.787485204695647742e-03
9.236194704909146550e-04
2.326733457121924614e-03
-1.004240993046881427e-04
5.343054437059180373e-04
-5.443263561352666550e-05
-1.005705454367390630e-04
1.866658203815478535e-04
-7.918438392188348069e-05
1.308424474832888050e-04
2.840093107892413993e-04
5.676297050478167072e-03
2.403031083920435188e-03
3.922033317170816637e-03
2.925062961589904031e-03
9.502854396416815530e-05
5.684758862998334729e-04
-2.900821615016532969e-05
-1.083490516282212588e-04
1.446393336106219652e-04
-7.130610826006639614e-05
2.187507028430072688e-04
1.947570432120093752e-04
2.218884548986235772e-03
2.145724451727764465e-03
4.067246038954181950e-03
2.839162030638118020e-03
-3.022394551942584503e-05
6.428148483869644287e-04
-2.303053103473928835e-05
-3.702101590023314644e-05
4.110163094353773693e-05
-3.855369178537476128e-05
1.354215547995290343e-04
1.459890420664898189e-04
1.082333990092603301e-04
6.353364066214597190e-04
3.423407050057521769e-03
2.641789335066340848e-03
-1.779110546504017963e-04
-2.404208999932052785e-05
4.562805622184233758e-05
1.169802008094169139e-04
1.943975676234480113e-06
-1.079838072013543990e-05
6.559117130081236415e-05
8.414480572479010926e-05
1.040721047345290488e-04
5.760928576153078167e-04
3.310177611575695553e-03
2.757299367770371396e-03
-1.803526522578313479e-04
-4.745555220359923141e-05
7.489302527929747046e-05
2.050477590289526364e-05
-8.075377207567507011e-07
-9.119067425864972641e-06
5.349347087895418005e-05
9.434525487458967372e-05
2.198936188103590723e-03
2.051070074609184172e-03
4.128459646906791278e-03
2.794623961832283943e-03
-3.174517465210595758e-05
5.816123235504778739e-04
-2.865833162398418935e-05
-1.318953065825723820e-04
3.794006270221783394e-05
-3.622524714186667718e-05
1.208944201960774348e-04
1.565745115449072454e-04
5.663674124270824152e-03
2.238224218011766655e-03
4.075899878116037364e-03
2.950252931023105395e-03
9.654310937719680753e-05
5.037339655569858434e-04
-2.173672497236857552e-05
-1.568818611760123009e-04
1.459620584377746620e-04
-6.608195508971728130e-05
1.982935822588610469e-04
2.035914291845532763e-04
7.440319716030750243e-03
3.958423448255066722e-03
8.365407902664778912e-04
2.374261317743863245e-03
-1.024780995464870918e-04
5.122009982302166758e-04
-4.418183151279155333e-05
-1.197240413036672541e-04
1.930079435115506577e-04
-7.753937331963235951e-05
1.139132332045266041e-04
2.841721221571530073e-04
-7.462286080688009492e-03
-7.366372443199729024e-03
-2.208640930492827316e-03
-2.160548049334441029e-03
1.896112721698101110e-04
-1.568100977196855775e-03
3.806414314723520861e-05
9.344548769481726702e-05
-2.316875941916003072e-04
5.017421999916039336e-05
-1.385712777470142563e-04
-3.801246443646170785e-04
-7.302023871128909827e-03
-3.900060060650201773e-03
-8.878067185537540313e-04
-2.261842978175745717e-03
1.033211874878774594e-04
-5.939782016629353715e-04
4.301123835168712737e-05
1.173147078783065854e-04
-1.968967944253471815e-04
7.680018970693291199e-05
-1.260213331541069003e-04
-3.010591312340157389e-04
-5.765346975387363078e-03
-2.243393140866824492e-03
-3.839169770589048215e-03
-2.745331893897753287e-03
-9.651469905361023650e-05
-5.019309698611202752e-04
1.919656686501413075e-05
1.656425430209287300e-04
-1.433092872180595230e-04
6.247942780555164051e-05
-2.022028235551540988e-04
-2.158817071767417145e-04
-2.208007400787545191e-03
-2.072985705363471036e-03
-3.809487349631809038e-03
-2.578825242349436827e-03
3.055275386147109280e-05
-5.656248126459916545e-04
3.072145844496439713e-05
1.513796817569770868e-04
-4.294582188069297489e-05
3.483282790709566406e-05
-1.350021541495635626e-04
-1.792221179961651250e-04
-9.856936333658074972e-05
-5.747922678575508862e-04
-3.093174015559877355e-03
-2.754981728602853494e-03
1.795676259691473089e-04
8.721372512911045843e-07
-7.832109701549948635e-05
-2.377114500990392247e-05
3.422549274518528654e-06
8.625788186187281301e-06
-5.209928255149344343e-05
-9.500848022305353850e-05
-1.100961875875203574e-04
-6.429679583915855331e-04
-3.173244188171105411e-03
-2.685569606856165210e-03
1.623460010701970253e-04
1.183945520663706474e-05
-4.473654896937603377e-05
-1.282652960803449670e-04
1.042038048297513221e-06
1.084637887248069167e-05
-6.296435826631483770e-05
-8.498281901051600302e-05
-2.326852809051092961e-03
-2.161275506373388795e-03
-3.821666482969418403e-03
-2.667078821707531688e-03
2.848206537477453241e-05
-5.828886588718062284e-04
2.540112995848237365e-05
5.281872812995351552e-05
-4.433737427314981834e-05
3.891650735480179144e-05
-1.457073996540063333e-04
-1.715222576588622521e-04
-5.828221594104913451e-03
-2.363697077114131160e-03
-3.962569301503329235e-03
-2.884358935486669526e-03
-9.427629331597107011e-05
-5.207087055137067438e-04
2.705196219406571812e-05
1.128335601550961716e-04
-1.358326649791922721e-04
6.379145356136737795e-05
-2.158516370297098295e-04
-2.081799558866694196e-04
-7.325805561680434272e-03
-3.656248027771942695e-03
-8.791098286233751989e-04
-2.314208948542606330e-03
1.015322801165710007e-04
-6.050979700588659952e-04
5.078522238856623039e-05
1.025524106933519835e-04
-1.859467621301392288e-04
7.088906288355863563e-05
-1.333803768530292515e-04
-2.926031490811298232e-04
-1.437580007566102193e-02
-1.457568162849455333e-02
-2.529567959013764161e-03
-4.406752234457837585e-03
-3.656224408639773948e-03
-1.709191008948372724e-05
-2.541992078643972206e-05
-3.057162388838496707e-05
-1.483461056049218535e-04
-8.763443108281140990e-05
-2.216872737417873286e-04
-1.083383454386708427e-03
-1.289497762384228356e-02
-1.182602559074896753e-02
-2.295925654659991023e-03
-4.347673717248595401e-03
-3.842560483014808778e-03
2.927035295967400686e-07
-3.276433715300774215e-05
3.781047419380457607e-06
-1.194624179065491038e-04
-6.090857770662505793e-05
-2.190321939616312068e-04
-1.185541000253315623e-03
-8.572940157216383389e-03
-1.076638820542109778e-04
-5.668313766418862530e-04
-4.931074734714348089e-03
-4.072104491212380668e-03
1.643623709686004185e-05
-1.051969592461381797e-05
1.409404581204928273e-05
-6.145907050946440575e-05
-8.733430740778614089e-06
-2.169133631042776040e-04
-1.440795753876710763e-03
-3.005202483643611491e-03
-1.711735934690069520e-03
-6.876162324617147298e-03
-5.201459584040517628e-03
-3.081443951513346095e-03
-1.331544791796479663e-04
-1.575328904318254213e-06
-5.415681947222912319e-05
-1.313214809172068706e-05
4.028990341796614809e-05
-2.703827134539996016e-04
-1.431615589717806936e-03
-6.551169650478040867e-05
-7.659170955359808925e-04
-6.572143280878119283e-03
-5.911428332228809389e-03
-2.078203745876061690e-03
-8.551154704879122348e-04
-3.339195952866947742e-05
-1.110684989014626916e-04
2.303139612222168754e-05
3.090168906273142865e-05
-5.454922835521489521e-04
-1.044962201100127410e-03
-7.447176075255335884e-05
-8.392310993137712524e-04
-6.435229515563728638e-03
-6.091431729450801427e-03
-2.056831068395428060e-03
-8.682655176285444202e-04
-3.273860305873635467e-05
-1.187889223781853749e-04
2.569035049607186621e-05
2.882719937359704901e-05
-5.671230858528610594e-04
-9.845376699189499134e-04
-3.059009231403380085e-03
-1.767829897097985365e-03
-6.861853912228411088e-03
-5.343038297328997835e-03
-3.081182022742085143e-03
-1.354278539870133779e-04
-1.785954234385195784e-06
-6.248084735941855140e-05
-8.349874469559478724e-06
3.717530303036029461e-05
-2.781132266808536923e-04
-1.358479490150066478e-03
-8.658940337698433840e-03
-1.033602445098584185e-04
-6.068014774961210051e-04
-5.014090857986639761e-03
-4.077205950097340624e-03
1.697375617682627584e-05
-8.389187469966630868e-06
1.726418114297469713e-05
-5.913766493479709666e-05
-7.301845073084293796e-06
-2.185876118478619935e-04
-1.378089483288790808e-03
-1.286251747870587742e-02
-1.177368568357032956e-02
-2.219217588666755423e-03
-4.406033773690495522e-03
-3.839312768181968663e-03
1.715923258192993830e-05
-3.010035830581749404e-05
3.688140575191114996e-06
-1.188147389441997253e-04
-5.881963312533036134e-05
-2.165537187934076055e-04
-1.146347755578432104e-03
-2.476710517510874107e-02
-5.546842932557337520e-03
-5.305579233004285508e-03
-1.217723527982976766e-03
-8.510190828299271995e-03
-5.215798846405490284e-06
-4.015728503317012347e-05
3.729813384783935886e-06
4.174574335601019754e-05
-7.317782090050353240e-05
-1.175246093003190289e-04
-1.058327001270017260e-03
-2.085407679693274813e-02
-8.257542072087340965e-03
-3.594479188215082225e-03
-8.570149989197581265e-04
-9.173753161654888896e-03
-2.304834701118320265e-04
-4.361264969932536717e-05
-8.945024081563947247e-06
3.200359048266813755e-05
-7.244614333043029213e-05
-1.153729071715631221e-04
-1.093040682069101486e-03
-1.369565839912636335e-02
-6.110278464416458652e-03
-1.024427372094410251e-03
-5.436574447909897113e-03
-1.031208392138001015e-02
-1.137858043248270038e-03
-7.984337433641544969e-06
-8.723143007941808874e-05
1.480695691026457078e-06
-6.710799654983805893e-05
-1.874970210678896312e-04
-1.228102901863957442e-03
-4.171838001070623386e-03
4.639135954265324218e-05
9.652553402366258065e-04
-5.555063974406222217e-03
-1.021366270696202200e-02
-3.498678534899000384e-03
-2.853603998806593033e-06
-9.498263662605804271e-05
-3.593146575970878509e-06
-7.551749592529350904e-05
-4.380203393181721495e-04
-1.179082555986355396e-03
-2.894699621963717285e-05
-6.126117395818282815e-04
-3.694770346570877030e-03
-4.919268467750074862e-03
-8.585596326591149116e-03
-6.294184431396839668e-03
-3.312782302202359636e-05
-7.481508826328349003e-05
-1.731796415478491433e-05
-3.058052684456604256e-05
-8.844996296054156168e-04
-1.206752785405976105e-03
-4.330672621915700968e-05
-6.555918373795163864e-04
-3.649368281269138679e-03
-4.972105354230163532e-03
-8.574502851546242713e-03
-6.254408319710206589e-03
-3.691107758000788767e-05
-7.075649678316092521e-05
-1.923704714025151639e-05
-2.776151265275322302e-05
-9.470746937307203362e-04
-1.128080073502546118e-03
-4.315850212021837135e-03
3.590545146347644181e-05
9.698818602351136310e-04
-5.601512630577280827e-03
-1.009032170455526414e-02
-3.460389319369391523e-03
-3.528573897263214270e-06
-8.858829707072538625e-05
-3.926893904152530683e-06
-7.679845523419145405e-05
-4.683968480859306851e-04
-1.113954134721908875e-03
-1.387139928185847360e-02
-6.144804414187086776e-03
-1.026760011123978951e-03
-5.463312028017711965e-03
-1.024979273022284115e-02
-1.141205585656003248e-03
-7.397765117359506317e-06
-8.498043137093876879e-05
3.454654540589562446e-06
-6.722474897425602023e-05
-1.915273314062446890e-04
-1.182489057483575518e-03
-2.106651879216502390e-02
-8.211255826116295800e-03
-3.604478828816743037e-03
-8.693884470568433859e-04
-9.176497580945412041e-03
-2.320870254792496668e-04
-4.343950748491033192e-05
-8.840518174985155606e-06
3.655525412249967986e-05
-7.187822100345194029e-05
-1.169782701471139654e-04
-1.077114815515923998e-03
-2.815727677291119530e-02
-2.645181312321177522e-02
-4.591298170717406958e-03
-1.530663803937607446e-02
-1.984943569818400919e-05
7.230552418760995072e-05
-3.519910211409825717e-05
-9.090514694945729332e-05
1.702166107740121206e-04
-2.401080139740215306e-05
-3.698914229774502652e-05
-1.279813625635300382e-03
-3.199696611105826149e-02
-1.102321112366122860e-02
-4.280965606857078769e-03
-1.047033751318671851e-02
-7.870220945273844425e-05
-6.031373536177587818e-04
-3.467204849154553248e-05
-1.055993805831995341e-04
1.130739996873368375e-04
-4.027577567573856850e-05
-4.746618931719661305e-05
-1.331987653415904471e-03
-2.104045341304090419e-02
-5.216253161891008100e-03
-2.689260826807449503e-03
-3.490991600151355950e-04
-1.551964262869409868e-02
-3.364972790566853229e-03
1.296214380865117060e-05
-1.013761556950835887e-04
8.914818705849558624e-05
-6.262272955514522961e-05
-2.691910058794350731e-04
-1.423507845058675668e-03
-4.343667501219573499e-03
-3.673474892016953715e-03
2.039143255001380894e-03
-1.182205014533932843e-03
-1.638796778379881733e-02
-8.009543439246277416e-03
1.630968989104213031e-05
-4.178231543176593328e-05
6.959786282517109728e-05
-6.996831011217747882e-05
-5.699530596215639754e-04
-1.399650016795350380e-03
4.178896166378379557e-05
-9.909059741362913058e-06
4.403157514895789950e-04
-3.395662640852326747e-03
-1.497361558421768900e-02
-1.223323321634250081e-02
-4.708189850054243997e-07
-1.150075959727766581e-05
2.469690298008552580e-05
-3.346046006695349551e-05
-6.633684790697207513e-04
-1.088239860944676838e-03
-3.273460882982742298e-06
-2.200145909030711954e-05
4.407653935381515282e-04
-3.348420989934195336e-03
-1.451817901875546157e-02
-1.249524814385391709e-02
-4.882583445800400435e-07
-1.060039239995454878e-05
2.915847912605546826e-05
-2.757383910117048277e-05
-7.292335741501672179e-04
-1.035483132463804919e-03
-4.691564725297397292e-03
-3.743049714781031701e-03
2.050916058240192033e-03
-1.133425284494030301e-03
-1.593665991884287564e-02
-8.116926287347210264e-03
1.713182370063282342e-05
-3.498339723448658342e-05
7.905787742229069279e-05
-6.389564003524325338e-05
-6.107030708417460815e-04
-1.371030682353300461e-03
-2.153041780018398466e-02
-5.326103721687239050e-03
-2.653115366605784519e-03
-4.170865155604986958e-04
-1.536394375136168958e-02
-3.332261673279515897e-03
1.291487056430641264e-05
-8.614628355806831360e-05
9.653863661156679638e-05
-6.191692856160872934e-05
-2.774466102757537460e-04
-1.403164391156207181e-03
-3.235430615487411288e-02
-1.101231920325814774e-02
-4.269494811798389342e-03
-1.024874739922010565e-02
-3.649775990267237582e-05
-5.777306601666484928e-04
-3.482660337393022075e-05
-9.199303460408364845e-05
1.065040213843867697e-04
-4.105021435437932061e-05
-4.857600546492550625e-05
-1.304326203323515109e-03
-1.958253911398277758e-02
-5.676076194273729780e-02
-5.623270048151040972e-03
-2.567612080205379163e-02
-3.845047986643257854e-03
1.141390657577148922e-04
-4.950907962181828350e-05
1.304032326596052773e-04
-3.762154064912773943e-05
2.981463943340581450e-05
-5.630753101340250813e-05
-2.237595238399921974e-03
-3.408446026758248787e-02
-5.565653965253759133e-02
-5.858755446387454990e-03
-2.410948899982302829e-02
-1.418124951047517639e-03
-2.601726598389781904e-04
-3.268446928969503636e-05
1.383812777979682518e-04
-1.496866261747451015e-05
2.213039548380543319e-05
-9.644647835641390564e-05
-2.320319502656230382e-03
-2.521862213095837912e-02
-2.025210964246698317e-02
-6.245727377856647410e-03
-9.132375930785905358e-05
-2.076436072256089560e-02
-3.427576153578133604e-03
3.186274483933819105e-05
1.365709014680420886e-04
-1.049982990426512204e-05
4.790162482540338792e-06
-3.033357793436739142e-04
-2.283785938695705349e-03
-3.210348700924789585e-03
-1.221915780649380882e-02
-6.837807097420126219e-03
-6.008277311218155134e-06
-1.983860476033223047e-02
-9.688975473576440928e-03
6.899244075511069200e-05
9.685526227713312080e-06
6.988409998026275398e-05
-5.405062794136151505e-07
-4.520621506932147792e-04
-1.987221207304723687e-03
-1.105615807269658786e-04
-7.444055133282227038e-03
-4.541597035357662626e-03
-2.112343807516887402e-05
-1.931482524200516318e-02
-1.476193674712628599e-02
6.826533363555844147e-05
2.680789936219333657e-05
9.163829843884326476e-05
1.116892507181822187e-05
-7.717629463803669237e-04
-1.412223367504386942e-03
-1.277229824932298204e-04
-7.441516960462225827e-03
-4.503296202275685299e-03
-2.143807413951576184e-05
-1.895346483318822994e-02
-1.495679512363700357e-02
7.248496735205873229e-05
2.273696252566521358e-05
9.585315749438204325e-05
1.095875780304425952e-05
-8.064235524732249515e-04
-1.407135913744523518e-03
-3.594805088415268558e-03
-1.247507608520736014e-02
-6.670654573735480819e-03
-1.716823047265152822e-05
-1.950703709948257980e-02
-9.707536366785261134e-03
7.061702725968515551e-05
1.445387275524140033e-05
7.662925527927188412e-05
-3.282215616425383967e-07
-4.818662269532538356e-04
-1.960984411684026096e-03
-2.638199576540970967e-02
-2.047870002270157572e-02
-6.151263228546013408e-03
-6.075197975810349985e-05
-2.024253439689790990e-02
-3.317580238463577105e-03
3.244533967757326498e-05
1.523464255672436166e-04
-7.783869201431950068e-06
4.325736482668280969e-06
-3.185972156709329347e-04
-2.250009740925682650e-03
-3.521429897331262993e-02
-5.467826178403496079e-02
-5.845883165191963909e-03
-2.378512095138862747e-02
-1.345876152793198856e-03
-2.104665580210613254e-04
-3.377301118494164818e-05
1.495106930845588984e-04
-1.369121305104375974e-05
2.198416031004318911e-05
-9.565525680093781924e-05
-2.282763902659713188e-03
-5.662307413795688443e-02
-6.121209980721335070e-02
-5.103332281420831437e-03
-3.778434753345975838e-02
-1.299778450105510200e-02
-3.765906970591513915e-04
-2.215494072613981717e-05
-1.764715350820930577e-06
-1.108250352048957175e-05
-6.259759157114209928e-05
-1.802943988204077887e-05
-1.317443032577511174e-03
-4.546573899348468895e-02
-5.854776425441234750e-02
-5.488167563527775183e-03
-3.438809791424980722e-02
-9.194246452309913151e-03
-1.122949482746699615e-05
-1.834908540971138752e-05
-4.339583357982413806e-06
-9.668861054960330642e-06
-7.980184048215478406e-05
-9.854181433168910731e-05
-1.453367153519398696e-03
-2.734350351670971832e-02
-2.830062022927154475e-02
-6.476831621751921383e-03
-2.187986405307086601e-02
-5.893405181744481441e-03
-1.334537707975997928e-03
7.320235736301933635e-07
-6.495471468093836163e-06
-1.794855768345780892e-05
-1.999924280625193761e-05
-2.226261908155477355e-04
-1.604190119683654393e-03
-5.000166484315561079e-03
-1.703708077726003717e-02
-8.145576964391741670e-03
-7.216366353094591209e-04
-2.082049010890245355e-02
-7.149753835706878710e-03
-5.605642399315843678e-06
-8.172767120097496955e-06
-1.807649420624752760e-05
-1.842909802465930483e-07
-3.733223963038562014e-04
-1.578176981967375396e-03
-1.429288298198098245e-02
-4.230075069731061119e-04
-1.059828875221191166e-02
-2.183528725091216734e-04
-1.690548489541282562e-02
-1.341480728527231527e-02
-1.041149211716879870e-05
-1.006328201069217460e-05
-1.554074883537105500e-05
-4.263357363293012564e-06
-6.891263078855264018e-04
-1.151900972395114705e-03
-1.441746104353952562e-02
-4.269153412694314301e-04
-1.059880149002980637e-02
-2.292169875060648984e-04
-1.698119527692832503e-02
-1.320548089618418797e-02
-9.418627039509521929e-06
-1.280732865344220185e-05
-1.729216734189994986e-05
-3.728137177082077500e-06
-7.091165512511791221e-04
-1.128866917335999333e-03
-5.101104508347471291e-03
-1.734585465901484699e-02
-8.060523308843006718e-03
-6.987825702086942863e-04
-2.083481387242162516e-02
-6.924876138391546435e-03
-7.474710841131084729e-06
-7.304521483101337550e-06
-2.005387977544972238e-05
-1.513023921339108596e-07
-3.772081059316488398e-04
-1.525703652310207367e-03
-2.819619227720659635e-02
-2.838559343023834211e-02
-6.381200081045109926e-03
-2.183547343255022588e-02
-5.742014485002421183e-03
-1.217786918395061388e-03
4.484508711683982019e-07
-6.090302014805312182e-06
-2.001851417945705192e-05
-1.601893607852800970e-05
-2.242459760443117850e-04
-1.536103120881800914e-03
-4.531975979648184688e-02
-5.948585764106689711e-02
-5.493085061569091820e-03
-3.421513604060670566e-02
-9.237873606493904322e-03
-2.033186142883524516e-05
-1.709374036342126962e-05
-4.572736828572326230e-06
-1.110561861884327594e-05
-7.299926436615125440e-05
-1.002015341817152579e-04
-1.417591970940051613e-03
6.026806843057003898e-02
-4.213971657265629805e-02
6.152972623763720405e-04
-4.764317521011263851e-02
-1.400451826910826050e-02
-4.291641865777977532e-04
-8.155896619440659401e-06
1.257461164594664315e-04
-2.066778541797780093e-05
-6.096794158292821150e-05
-1.413214933739800078e-05
-2.823978864472183499e-04
-3.588776266739965998e-02
2.347068745104992013e-02
1.193086176919465292e-03
-3.903110773612441381e-02
-1.260249709479422525e-02
-1.009857182275014084e-04
-9.211605183757465870e-06
1.048377344245753805e-04
-2.803671514518928031e-05
-2.694092230726924676e-05
-6.965995911634281627e-05
-3.829668532980991637e-04
-2.510916759461869624e-02
2.267569919008495527e-02
2.403815326830082214e-03
-2.790138324629169719e-02
-7.986484043211993303e-03
-1.189015313771707861e-04
6.912562905268677103e-05
8.832612318158031381e-05
-5.239374310606007560e-05
-1.221155306530364839e-07
-1.051186653526050077e-04
-5.833002257459181904e-04
-4.392400252883471405e-03
1.078516418914868442e-02
4.195614664513691756e-03
-3.628320237623061401e-03
-1.950315111234109805e-02
-2.490960845965636047e-03
1.358661058855513339e-04
2.006693889702169088e-06
-1.169200275951730969e-05
7.455868633242282006e-06
-1.494104728562784326e-04
-7.091477048851220922e-04
4.352813053218715540e-03
-2.142608480740568720e-03
5.848470316552082868e-03
-1.823309087082020802e-03
-1.025773945353464570e-02
-6.230036208690605155e-03
8.950182746864412378e-05
6.960907136033862868e-06
7.267688539199833125e-05
2.443866821476805602e-05
-3.644750749702657905e-04
-5.028158383789108803e-04
3.777721070394015213e-03
-1.967060384627510473e-03
5.550263290208415183e-03
-1.758001441283718689e-03
-1.040589860401820374e-02
-6.195591008509503290e-03
8.169723525189202340e-05
7.438236895842867980e-06
7.281413990200763325e-05
2.329030362879406930e-05
-3.942356726554086910e-04
-4.635320334446063574e-04
-4.393913141447604656e-03
9.482527892927887156e-03
4.765362683441807905e-03
-3.651498992037101755e-03
-1.950432607777384530e-02
-2.426113124297476099e-03
1.160602126024340132e-04
6.034097482183576960e-06
-2.458053022206218080e-05
6.181034528450262897e-06
-1.579951194400679377e-04
-6.604286525423301883e-04
-2.511546267479345881e-02
2.192526826636863671e-02
2.651355302186364244e-03
-2.771829844075095542e-02
-8.041711226644687391e-03
-1.115765985418983128e-04
5.924099751580705846e-05
9.333262354287655954e-05
-5.532058739236824440e-05
-1.167083160602496753e-07
-9.987948767424310750e-05
-5.369939748671223980e-04
-3.770160993240495584e-02
2.313346312717793479e-02
1.179526079065850407e-03
-3.899386793467249368e-02
-1.276984881887661266e-02
-1.474115340029854280e-04
-8.397127761645280548e-06
1.057496085637733423e-04
-2.878925356192235557e-05
-2.733996968140545392e-05
-6.561475694705082838e-05
-3.637804633978231148e-04
-1.440913078376942732e-04
-3.508013557000029038e-04
-2.737889128958033457e-04
9.026055950268874715e-05
2.254849572274422742e-05
-1.462005543267162694e-05
-2.923596736296226764e-06
-8.238018876858653410e-06
3.066334158258682384e-06
-4.423574684197851176e-06
1.159969387858776771e-06
7.038780539132971551e-06
7.550973833196361347e-05
7.920454258918625042e-05
1.067006929503503581e-04
-1.365294711025470350e-04
1.686849061219527796e-04
1.447059621115939203e-05
-3.746364992159048641e-07
-1.132927606753174754e-07
2.391718216176370807e-06
-3.307585084859293744e-06
-4.731415175854004683e-06
8.168864197841545528e-07
1.250898498909311450e-04
4.716736045006383838e-04
-1.180282562872183243e-04
-6.130474286109748646e-04
-9.834272584414485415e-05
-6.860351932489886705e-07
3.685290315592416344e-06
1.286803374009688434e-06
1.119868485016180185e-05
1.401911492726351025e-07
2.889377864618868936e-06
-2.853115080112625390e-05
1.725622296936255484e-04
8.040189775884438832e-04
-3.388110882695161597e-04
-1.200033486525786463e-04
-1.357327318483368770e-04
-2.110710044313694143e-05
4.339076050485822350e-06
4.794991432446793241e-07
5.524541010157107360e-06
6.439086552777183251e-07
-1.191623647111769543e-05
1.189317201329886787e-05
1.059394865733539383e-05
7.916669769862036410e-04
-6.169514123769146482e-04
-6.726370520819196868e-05
8.049509526822728827e-05
1.388052133039978303e-05
7.630149015216978120e-06
-1.259872767723825014e-06
-4.280283954887341915e-06
-1.816975392493440124e-06
9.493547387212492492e-06
-3.608793674468305455e-07
-3.096954774252046985e-05
-6.636544621442699680e-04
9.736189020732378182e-04
1.067870640197389367e-06
-5.668808671207817469e-06
3.099925142614852935e-05
-5.850875195318769076e-06
-1.864295261319934984e-07
-9.302569243376346915e-06
-2.556514871808471191e-06
-2.586450579312530711e-05
4.168132983177281814e-05
8.994914991174719936e-06
-9.514690182790470387e-04
8.833430774427656089e-04
-2.917054175905608039e-05
1.774853637603181851e-04
-1.362965127301968662e-05
-1.394746017707425572e-05
1.819195030082580268e-06
-1.433784585002060858e-05
-9.116751438707440781e-07
-1.510485867482073577e-05
4.817821434004277656e-05
-1.312172572352755481e-04
-6.342752993747722678e-04
3.891207878530269734e-04
2.301498342449246010e-04
-1.119225835800711388e-04
-6.938123261595420542e-08
-5.075265043946469389e-06
4.497981764819597008e-06
-1.451464444689596222e-05
1.029540396563880348e-08
7.422695129702030760e-06
1.590441066134209221e-05
5.845971033682889856e-05
-5.678010015236454070e-04
1.650466005549787040e-04
7.643299301062217574e-04
1.381120906379343816e-04
-3.391888092117553352e-05
6.203091829586766256e-07
-2.627718400940077414e-05
4.074325247544771674e-06
-3.219421007373942294e-06
7.822335333734506952e-06
2.016694222668807669e-05
-6.184923089280078973e-02
4.216886846274941342e-02
-4.778093220311480506e-04
4.767297520822786489e-02
1.403332179204144943e-02
4.136735719862332070e-04
5.846052604551859161e-06
-1.195673108898920930e-04
2.270784203569878757e-05
6.059257990824576433e-05
1.309583750640293563e-05
2.976135881067839325e-04
3.811979861783650059e-02
-2.533060380292912611e-02
-9.673194949835106811e-04
3.864842723255273310e-02
1.247897574255671035e-02
1.205800711806635236e-04
8.649057564604771919e-06
-1.129446461721755895e-04
2.953765197330200819e-05
2.439497804669855526e-05
6.344771845432087482e-05
3.769358779303542918e-04
2.517782701050912814e-02
-2.376076068221947071e-02
-2.396962083379826792e-03
2.768552164686002154e-02
7.914323200247723802e-03
1.139731845420487578e-04
-6.072888163520891489e-05
-8.359762027659181443e-05
5.369827655543932238e-05
1.022481226007068286e-07
1.030716286431219362e-04
5.226210357610098448e-04
4.543553839723196014e-03
-1.014262523743433148e-02
-4.285326472286868360e-03
3.614878373248908098e-03
1.989238323098375949e-02
2.533920572172330184e-03
-1.197851321324215195e-04
-2.820396774353617277e-06
1.991494234085294901e-05
-4.433119979008297228e-06
1.384164539228662383e-04
6.825174550328170879e-04
-3.536257097872695307e-03
1.965373425262155211e-03
-6.114241681737491406e-03
1.702538978182849359e-03
1.041520321366546167e-02
6.184342336114234326e-03
-8.403451076635578025e-05
-7.612278194790918115e-06
-8.085454039565476061e-05
-1.921697414328805208e-05
3.924514701327414803e-04
4.725836749849283004e-04
-3.810455959415578152e-03
2.018145983042163132e-03
-5.911059243481817799e-03
1.818291729791186124e-03
1.006616973102544832e-02
6.286570054371555007e-03
-9.151585449317854682e-05
-7.483768703519805384e-06
-7.346495353873622441e-05
-2.367951292753371718e-05
3.672343766798674474e-04
5.174806670232807515e-04
4.374970624747644837e-03
-1.098054132807100430e-02
-4.081551685673460821e-03
3.775261672889720747e-03
1.976910583434588267e-02
2.547923844551917231e-03
-1.403536420016619725e-04
3.524517452449037344e-07
1.507563264221814715e-05
-8.079841228074031707e-06
1.428875400232925655e-04
7.313852511036889265e-04
2.440539015113467672e-02
-2.497242888158291221e-02
-2.380214356498278668e-03
2.804361550401060152e-02
8.047167814534546618e-03
1.219418996642012814e-04
-6.929947168818219436e-05
-8.332486346960963275e-05
5.452259662776741790e-05
1.299696651729413316e-07
1.185414479780199162e-04
5.607543341385976552e-04
3.626004987240002281e-02
-2.768330814515767777e-02
-1.052894496062335055e-03
3.907694946113270812e-02
1.249244650628397388e-02
7.469022731771355337e-05
9.179247453758707960e-06
-1.179226807306575528e-04
3.004914886943805085e-05
2.692888031743440367e-05
7.205430772802620535e-05
3.909533155218914736e-04
2.063494843983173024e-02
3.559367086757458942e-02
3.031450771169153478e-03
1.758036797000566559e-02
6.848964453842152364e-05
3.232390617842240854e-05
1.000227461739190486e-05
9.787369589046924894e-09
1.538006177428123184e-05
2.837399678849498693e-05
6.511259859725151511e-05
2.688104421478089597e-03
1.761738802872995710e-02
3.279853476667093232e-02
3.130526150802033850e-03
1.106905570484201067e-02
4.200056687475039758e-04
8.601967737425616958e-04
1.744167805410712556e-05
1.222854203374675251e-06
1.410090242368738753e-05
8.814163700122690462e-06
1.307836825381450733e-04
2.554205466558417698e-03
1.213323326679139474e-02
2.349044843343922259e-02
3.354250811039338580e-03
2.908874210315724350e-04
1.740598661731454500e-02
4.057801449811979967e-03
-1.912643994656630359e-06
2.638202779172071800e-06
1.666348284695168771e-05
-8.664437728895562070e-06
3.733305801929981426e-04
2.258473414665066598e-03
4.723055178122955930e-03
8.791479134306400683e-03
4.010220887034030533e-03
4.112122449911693794e-04
1.903224971120380526e-02
9.661313741659438223e-03
6.582884847236415249e-06
5.408057496880687178e-06
1.401262230709474489e-05
8.090035418238071303e-07
6.056536698286126572e-04
1.829037880706869349e-03
1.400964953323983163e-04
7.173166681293760907e-03
5.360975144448117125e-03
8.602316147976083686e-05
1.727897384819556542e-02
1.434913389230438666e-02
8.228860220395801779e-06
1.113605467320547515e-05
2.231370030694980215e-06
-1.010550646073734265e-07
8.498318503797172747e-04
1.340075732060149512e-03
1.300098965819310615e-04
7.087455482377364932e-03
5.428421925152317716e-03
1.161393576324519261e-04
1.742609967155346259e-02
1.452367426054695758e-02
8.405503294694054262e-06
1.106401306141436102e-05
1.261371440897977804e-06
-1.927134835142135081e-06
8.373225542735200297e-04
1.353100970662767487e-03
4.758117566355837304e-03
8.782786338661014922e-03
4.081605122849547677e-03
4.264032670204053019e-04
1.941804526756164828e-02
9.893103479653275745e-03
5.888466782967284123e-06
6.244648165357600811e-06
1.384527796243457419e-05
-9.378258272821772249e-08
6.153877444631854427e-04
1.850113753971286681e-03
1.194437222466138669e-02
2.410506992149378733e-02
3.358084419543238153e-03
2.353463967833903706e-04
1.754314116203845378e-02
4.275615554896971225e-03
-9.329055704782180511e-07
3.126945385064844468e-06
1.646512032693211270e-05
3.348927440059874896e-06
3.854917420072692799e-04
2.264910214724113677e-03
1.758443170523621424e-02
3.352486744886862269e-02
3.119540661554948482e-03
1.126597660991413528e-02
4.421969921627049729e-04
9.537633636140534135e-04
1.991313097522278428e-05
1.277125341556812079e-06
1.391970203418526249e-05
1.824273736861341944e-05
1.341966087820742586e-04
2.573285844154024268e-03
-9.788169185556812313e-03
3.229476910198036260e-02
1.221585832144706949e-03
6.510672322230961866e-03
1.997121453184702849e-04
3.476988099597982777e-05
1.692676051449594965e-05
-5.203542932008826797e-05
-1.154904711178520805e-04
-6.618575997106729563e-05
4.394035517132097255e-05
1.390308302941224662e-03
-1.255992203103922832e-03
3.083970512796278124e-02
1.146258146932865873e-03
7.349872125076109975e-04
1.231939594428075289e-02
3.580923966574939732e-04
1.086358957637452148e-05
-5.043830101506071060e-05
-3.916299741153975579e-05
-8.160835952501728279e-05
4.503750563189982357e-05
1.401369455253844570e-03
1.432868948006457872e-02
1.014724519207783546e-02
8.875005872253221304e-04
1.034913013477390146e-03
1.361551489576747279e-02
2.412077816256241302e-03
-5.305621731482738289e-05
-6.130601188565096380e-05
2.187017886273365423e-05
-2.490455669655729177e-05
2.605332423385864479e-04
1.590467143967045673e-03
2.516720722793830498e-03
-1.264462742990745802e-03
2.231023797804762251e-04
-1.526603103707987151e-04
1.323626542314668489e-02
6.425323467873330502e-03
-9.922580158526871498e-05
-1.011873117855563118e-05
-1.174105812599358971e-04
1.548168030276318203e-05
6.659378299615859118e-04
1.515280553976401786e-03
-4.526641796568483460e-04
6.821412955496920739e-04
-2.466106499085396735e-03
-2.542049069187623297e-03
1.243407879420798702e-02
1.013148244743165664e-02
-1.365019587727744703e-04
-7.752232109489720635e-05
-1.284494625251831820e-04
-2.497082683245841655e-05
7.832100404243223140e-04
1.201750612319871150e-03
-5.058644705037334882e-04
7.046090377858198585e-04
-2.577788223474278707e-03
-2.532788404439537643e-03
1.268197628096716552e-02
1.018506588481515353e-02
-1.446796239033718251e-04
-8.219561580451838895e-05
-1.287988803780078088e-04
-2.314330922085667554e-05
7.989299010496565259e-04
1.164964724703677597e-03
2.231157567921413995e-03
-1.265062956575598203e-03
2.333390870022945796e-04
-9.365236785413066434e-05
1.365013271266932171e-02
6.582562876628266640e-03
-1.128842580000040635e-04
-1.183365855437068543e-05
-1.022400641008551953e-04
1.500276985762888891e-05
6.753170492387190445e-04
1.471950875208698131e-03
1.361619992568586721e-02
1.033912114001723712e-02
9.120451323947057669e-04
9.583240351468741078e-04
1.397287272922388517e-02
2.551780478774280225e-03
-6.116139663706065838e-05
-6.370550876476206389e-05
3.045088560805442484e-05
-2.548452859940494167e-05
2.809949273659735776e-04
1.531716484188651219e-03
-1.210494681241338841e-03
3.150362348214655328e-02
1.158397401852171793e-03
6.726483188418237941e-04
1.234022153845268192e-02
4.105934636266313936e-04
8.642066190317327536e-06
-5.437317009218365380e-05
-4.643916500856863790e-05
-8.404562021391608561e-05
5.883625952110222362e-05
1.384342320697409161e-03
-3.322752807347562065e-02
2.070045681604426938e-02
-1.752188973585121819e-03
1.146726662551136606e-03
8.515742483254932355e-03
-9.985935197648580645e-05
1.440771410613929908e-05
-1.727832639050506198e-04
-2.945120616950603308e-04
-1.268738119190280151e-06
7.248512151210285102e-05
7.681975840812970855e-04
6.245977413979556794e-04
1.228260073789523045e-02
-2.505025068581280545e-03
1.010061125433638117e-03
9.018340078625846842e-03
-1.126971524987167747e-04
1.408051496562433283e-05
-1.866463651637558158e-04
-2.542687559055754778e-04
5.998654587151419382e-06
6.713041235465979284e-05
8.789097448010990341e-04
1.015824411794837533e-02
-7.842794891282423020e-03
-1.504047753184847933e-03
-8.596691412405837616e-04
8.584100455760409337e-03
5.231377071956220658e-04
3.415337141344561449e-07
-1.604320391886398937e-04
-1.780265947758413096e-04
1.820789642473742215e-05
9.635732444466674283e-05
1.111901695279018812e-03
3.296780167400677978e-03
-2.808028591878632650e-03
-2.088707490396484682e-03
-3.090084227038791299e-03
8.186140517175765491e-03
2.341190547875949841e-03
-1.603924781203774623e-05
-9.686879426776906314e-05
-9.680042302170323244e-05
2.501797589093117678e-05
4.295249865332012975e-04
1.086343828903970667e-03
-6.771057044754120091e-05
2.457342183381266065e-04
-1.018353926114025712e-02
-6.112210570863157826e-03
6.940035945700375429e-03
4.869357728395673143e-03
-7.390223218689614558e-05
-1.007432776653393778e-04
-6.469577136850233304e-05
-5.804403969847162715e-06
9.778162579925267061e-04
1.121159755802057486e-03
-1.334531402952513390e-04
2.255654329474323261e-04
-1.009745216940341299e-02
-6.266259380379767333e-03
7.185047731528172200e-03
4.875451500870405311e-03
-7.734463212127131197e-05
-1.045996107955368757e-04
-5.480353220544613262e-05
-6.299322230404786397e-06
9.722907736724390512e-04
1.132468029828745349e-03
3.053562055787455501e-03
-2.715723756283182095e-03
-2.111739319460196208e-03
-3.164560446102408341e-03
8.595745469815032486e-03
2.381338325967882232e-03
-1.932929670369751740e-05
-1.048565205820192379e-04
-7.070659660956705788e-05
2.599445729539323217e-05
4.366608938740076462e-04
1.056945447825829694e-03
9.834918080582106745e-03
-7.686348429189777433e-03
-1.568515422056904977e-03
-8.970633844017329109e-04
8.913660015788601662e-03
5.879701368286025355e-04
-2.432984269617035384e-06
-1.608470387205185857e-04
-1.205695542947670719e-04
1.857387421352693380e-05
1.166587660344044544e-04
1.020091913658956097e-03
5.952623697855787249e-04
1.261573415068675472e-02
-2.535360501596354253e-03
9.759273669719803869e-04
9.137323562199355792e-03
-7.392762668660161842e-05
9.113800502101041936e-06
-1.791621621006194841e-04
-2.002856148640115640e-04
6.293361456679414135e-06
7.550647952995791559e-05
8.290980431474996885e-04
1.014068106354018388e-02
-1.857884693415145713e-02
5.015058726438029928e-04
5.060657462287767834e-04
5.410239126855913641e-03
5.950119139653735025e-05
2.090818725608571923e-05
1.009942513971536089e-05
-1.607869748506835774e-04
2.625091010332762684e-06
-2.037299732835634852e-05
1.073816382860904228e-03
5.960700210363468164e-03
-6.590891862012649392e-03
1.691761464090427288e-03
3.578917398697523166e-04
5.348990081866338876e-03
-9.953001265987377065e-06
9.887088842570028327e-06
-1.159231044787428311e-04
-1.504386838287867262e-04
7.718361238456595519e-06
-2.647436863408520610e-05
1.122357149419277340e-03
5.386502051501866617e-03
-1.069710407087243447e-03
-4.551632747596222458e-04
-6.987771083887404011e-04
4.934974328585488637e-03
-4.322078145762606280e-05
-3.317305837846423385e-06
-1.752463049663183887e-04
-5.054055410070559302e-05
1.671842956833494181e-05
3.552992785261466886e-06
1.236773094213023706e-03
2.216935044236040351e-03
7.612342447205283028e-04
-1.003357941564531931e-02
-2.198714234184189886e-03
3.758664751790752150e-03
6.470279006900342986e-05
2.251987946240270528e-06
-1.040370116852856806e-04
-1.388924861538156441e-05
1.018167972638475265e-05
1.218785203094677124e-04
1.245021943800266040e-03
1.091902823138932404e-04
2.879654699278387736e-04
-7.113840711366167975e-03
-4.257117650581617591e-03
2.258641802062289448e-03
6.500523776858984281e-04
-9.183118122838492838e-06
-6.324856226819393357e-05
-5.393974529674527676e-06
5.673786583551772434e-06
4.936181443074070911e-04
1.057247689694221530e-03
7.864552865889654272e-05
2.672598053132047360e-04
-7.086999078682629932e-03
-4.358669643873091908e-03
2.273475353063799612e-03
7.095216688904390891e-04
-8.601250432502676680e-06
-6.760120583053817950e-05
-3.618450136325168454e-06
5.450839928892085327e-06
4.716352424935879605e-04
1.114878060386209624e-03
2.173906476800631284e-03
7.578791170194681568e-04
-1.011563128790610167e-02
-2.252821593018528284e-03
3.925354576555008419e-03
1.050805697539078886e-04
2.269994910997136327e-06
-1.068314925551994344e-04
-9.651007718296475773e-06
1.139549799392339828e-05
1.207263833305568813e-04
1.310439216893130674e-03
5.273909724215926180e-03
-1.032472132187386895e-03
-1.765388673604530558e-04
-7.170819062227389408e-04
5.163254787616924739e-03
-3.959729184319717876e-05
-3.038079963914950195e-06
-1.688133244791425276e-04
-3.251978772126875905e-05
1.657187891429528083e-05
3.642738903448050000e-06
1.264225297084651048e-03
5.907594182453413875e-03
-6.550083225763825116e-03
1.749491630878002336e-03
3.693706568451698307e-04
5.557740421494134116e-03
-1.412179080888810447e-05
9.663573651521809913e-06
-9.810201520316122979e-05
-1.230644337856464949e-04
6.382423279483369021e-06
-2.767813445993529370e-05
1.122079700110657167e-03
3.295372164893499000e-03
-5.122308935735572256e-03
1.284618176402729404e-03
8.003099974871367506e-04
1.709481972954616721e-03
6.458523931362530803e-04
-2.305541672858111464e-06
4.705462883301003729e-05
6.278395437280329117e-05
1.331259569506380316e-05
-1.209424158429866001e-04
5.338558753936644211e-04
2.187626686385002461e-03
9.829278806110196276e-04
1.811658825223210357e-03
4.130691066344811509e-04
1.990003026844231002e-03
1.792765584074082269e-04
-9.320420704752306165e-06
-4.863188697483515475e-07
7.643503418227629508e-05
3.103819950404949413e-05
-1.111628689730748566e-04
5.037170275067905621e-04
1.986317817646000849e-03
4.772712633821013712e-04
-3.849928350814114594e-03
-8.367091126579055888e-05
2.242501961790949443e-03
9.605210825676557980e-05
-1.845323340245610567e-05
-2.424209318123679409e-05
6.654697747032764315e-05
1.240143878283511756e-04
-9.869806488265439376e-05
3.579287768752004335e-04
9.992681754897162795e-04
6.344594495727689642e-04
-2.511274719633025017e-03
-5.225786643708521658e-04
1.133031909444981184e-03
-1.938663807087387891e-04
7.494933567452834317e-06
-1.589286317702826005e-05
-3.441766279309598790e-07
1.156134870970094346e-04
-1.204961787306762175e-05
3.005578748537934288e-04
1.202456622310381796e-04
1.503069249301281006e-04
-1.648731128650998343e-03
-9.828962191058320322e-04
2.195368581062285098e-04
-1.996002063772363180e-04
3.900140566499682653e-06
-9.306604407448049480e-06
-4.077387588012570389e-06
4.438610326772952344e-05
7.328215857801001086e-05
1.966212731164110111e-04
1.191473780790691672e-04
1.406641824679609682e-04
-1.671934805110031948e-03
-9.910827969674092849e-04
2.016889387390537192e-04
-1.587353011632970906e-04
9.083034831476334842e-07
-1.046268851569671907e-05
-3.703009902771143962e-06
4.966165540713321941e-05
6.788797361742010701e-05
2.140016419213255970e-04
1.030200209527976562e-03
6.290966326809577496e-04
-2.576559156190775125e-03
-5.406978585873745136e-04
1.149149823732361752e-03
-1.757856868541641192e-04
-1.402874120037537196e-06
-1.588303734761495044e-05
-8.085169961934860404e-07
1.234306393479836831e-04
-1.165696104705930098e-05
3.385631883992832659e-04
2.015949145562264452e-03
4.981452192706652864e-04
-3.923614762527199117e-03
-8.706970337499758520e-05
2.302003251710601963e-03
9.297054491996429399e-05
-2.512576217447303091e-05
-2.071973309556392182e-05
6.288693399256477419e-05
1.310632116392871250e-04
-9.760002039443127519e-05
3.973537054619199755e-04
2.211950635035377869e-03
9.951230337259372918e-04
1.837434432321322173e-03
4.176762676577293310e-04
2.017440429062180868e-03
1.816440863740916738e-04
-1.076435443620481099e-05
3.293344663246790039e-06
7.422229823698729310e-05
3.563611528222110207e-05
-1.109275328432958164e-04
5.283564303719507586e-04
9.385087721666084657e-06
4.524941948420561802e-05
4.096001582054399541e-13
-6.847788510888067522e-13
-9.827704249375233991e-05
3.293520630979510316e-05
6.545036551184892831e-07
-1.198230325803579751e-06
5.508706218269509563e-06
2.390185160952357216e-06
-8.370873881916242965e-13
3.403364961979778708e-12
-1.138560906192477579e-04
-9.158485917452928796e-05
2.145476636863950959e-12
-2.603045633993767384e-12
-1.603578531583415233e-04
-1.295770330061350663e-04
7.575618890504306966e-06
-1.289340485146952900e-06
3.508799572965402740e-06
2.951414385188698408e-06
-1.176361172773647339e-13
1.260756936161301500e-12
8.098121260690505216e-05
8.211259199856438956e-05
2.615653613309828937e-12
1.963201186902950318e-12
-4.603987821541829931e-05
6.884765746553923220e-05
2.314114566351725970e-05
-1.212261324104922770e-05
5.976043564010809934e-06
3.405929044681809197e-06
-1.003666812540365148e-13
2.185826690898672579e-12
4.162519728933912385e-05
5.259217713689323464e-05
-1.743169803323522459e-12
-2.268806490069797218e-12
2.360551447232152732e-05
6.339828914737881567e-05
2.953837186832358690e-05
1.737076098751052944e-05
7.411531846729065617e-06
2.862584739133631027e-06
-6.937563915898782156e-14
-8.799856747364033245e-13
1.931977273916199884e-06
1.842543778970445357e-06
-2.281399825653769399e-12
-5.739892570162619064e-12
6.740346866686602408e-06
1.503012463566357069e-05
1.535764936940291406e-05
2.111807905010902193e-05
2.072591808966635058e-06
5.458490793007571285e-07
-4.207908569778835545e-13
4.664918301667737788e-13
-1.910371570837377358e-07
-2.746742047640809599e-07
-2.547667826435641569e-12
-6.233154587502915907e-12
-2.583901798856404844e-06
2.497650022448611521e-06
-1.688486767392809808e-05
-1.190950843997990264e-05
5.413073636351978796e-07
-2.985823850679194826e-07
-9.409743065704456395e-14
3.436633246101300698e-13
-1.420666866504321055e-05
-1.540187607227501074e-05
-4.142283863346466890e-12
-3.107394107067421555e-12
3.427383573462462052e-05
-2.096040910202839284e-05
-3.063684495521289667e-05
-1.159345291792789774e-05
-1.471593092466667035e-06
1.111649752298073626e-07
2.183808652151755459e-13
-1.641208874097560278e-12
3.070670242554157485e-03
3.094753947682393064e-03
-3.628132262357365370e-12
-2.240401508119572463e-13
1.405469999157047799e-04
8.163932905110393256e-05
-2.354075231544982354e-05
-4.517452886986087735e-06
-1.760957070440186373e-06
4.216280254112510884e-06
-2.907268174665147577e-14
8.174553809849966479e-13
1.641236730012586586e-04
1.767691416564495246e-04
-9.497381615937938512e-12
-4.308047028937839658e-12
5.242099929625902526e-05
6.227805327425631958e-05
-7.863178880717822298e-06
-3.494802648955634169e-07
-5.679868303245484901e-07
2.175343060373987154e-06
-1.794576215680377278e-13
1.865240642945771685e-13
-3.310373425507137472e-03
5.109575050864632699e-03
-1.290295550063168739e-03
-8.375743101033020872e-04
-1.764356742315911124e-03
-6.230185499899161625e-04
2.313369126688778156e-06
-5.343703722745872232e-05
-6.162914799364109378e-05
-1.051439630608434205e-05
1.219907401025110581e-04
-5.462052765372774716e-04
-2.199587592728416072e-03
-9.970819880957388325e-04
-1.763386786176447760e-03
-4.393244937946566369e-04
-2.061607648369553382e-03
-1.987341513598338445e-04
1.141423294499282171e-05
-1.704874089944151270e-05
-7.615124619915508057e-05
-3.029558124855933804e-05
1.129611514544855003e-04
-5.571669888681322338e-04
-1.994950023616592731e-03
-4.834800031673551577e-04
3.896897864409788401e-03
8.697273951698467043e-05
-2.255039801217664178e-03
-9.201493861829530092e-05
2.290564095167560673e-05
9.373655343428512310e-06
-6.759659036046776785e-05
-1.167283459914981585e-04
1.021775312487309542e-04
-4.110354173623429527e-04
-1.013077906750488744e-03
-6.044719427716847013e-04
2.526110594844104777e-03
5.166681806352438171e-04
-1.091806865110199693e-03
1.767841246520986814e-04
-3.665795867485056864e-06
1.794050142229621238e-05
1.990848000033358395e-06
-1.293873535296627788e-04
1.233702224417808996e-05
-3.495967845679410287e-04
-1.090465989001732685e-04
-1.315717158317301319e-04
1.626325752603342356e-03
9.678080317945329499e-04
-1.987442762008910361e-04
2.074905442823071658e-04
-2.586558786783129114e-06
1.173789993612761363e-05
3.985306593255689891e-06
-4.477954088451952523e-05
-6.531200655586556531e-05
-2.163116260749713897e-04
-1.311034788250469221e-04
-1.519928652475169089e-04
1.596124521628407549e-03
9.916802045127120959e-04
-1.887336053895831466e-04
1.756520750122062089e-04
-4.609228406975204043e-06
1.058261769020944808e-05
4.032187021019084867e-06
-4.766069213533311098e-05
-6.640357710716462243e-05
-2.041723156217190233e-04
-1.030507807926897427e-03
-6.286387269397432581e-04
2.508939184448277359e-03
5.212323443389028227e-04
-1.073570327314253862e-03
1.794261448188623053e-04
-9.627276585503494389e-06
1.807471378978269558e-05
4.663590764259150231e-06
-1.391375676190681823e-04
1.242081239515795885e-05
-3.132398652813453139e-04
-2.013613174926736759e-03
-4.714373095151239861e-04
3.910737160832251230e-03
8.640851705326529182e-05
-2.217312127349649852e-03
-9.605848847353574353e-05
1.513038301671398125e-05
2.475897155291963020e-05
-6.618782756888574252e-05
-1.208207875871636030e-04
1.020870044693552653e-04
-3.716280570048953111e-04
-2.197027533355561807e-03
-9.815287978043676659e-04
-1.801991699766459371e-03
-4.247637570433510069e-04
-2.103896798830876946e-03
-2.019051893573560203e-04
8.648234488367146654e-06
-2.043630897242285424e-07
-7.506567646485705803e-05
-2.499201487872546650e-05
1.113684134965355771e-04
-5.335459423137761236e-04
-1.014932496530985759e-02
1.872741136930642855e-02
-4.463930290551797642e-04
-5.466294799769652645e-04
-5.551429926345483046e-03
-6.403775828505698894e-05
-2.391251778230775300e-05
-8.008035749433507444e-06
1.826625725680433457e-04
-2.169311106009518774e-07
2.034376959552145706e-05
-1.108412824353300274e-03
-5.892489049913823829e-03
6.663062621587456831e-03
-1.748103932233621228e-03
-3.803879737732067520e-04
-5.595049317505159693e-03
2.423220235244444656e-05
-1.025875197026657988e-05
8.875436242887285374e-05
1.386731550561748957e-04
-3.609818304149617414e-06
2.641976780136832747e-05
-1.175976427114094544e-03
-5.346583473166431622e-03
1.049410081199796422e-03
1.027604277555232889e-04
7.118778392718899152e-04
-5.211293553645457259e-03
7.890672640638668142e-05
4.136374932018527176e-06
1.635067626954057765e-04
4.674530489857925799e-05
-1.418780274428699565e-05
-3.642172236559871117e-06
-1.347238730786474471e-03
-2.236009202908706504e-03
-7.347059130668633217e-04
1.010976298929136021e-02
2.227010006659813947e-03
-3.987498419721859609e-03
-2.619076427729796495e-05
-3.077426524771583527e-06
1.056487560580540291e-04
1.626938975141536909e-05
-9.460902688053460409e-06
-1.327865467025839998e-04
-1.335579289607526044e-03
-9.243589961717265855e-05
-2.517884047187132096e-04
7.109337881242972119e-03
4.244006123154032799e-03
-2.325535136951902612e-03
-6.835812879860165983e-04
9.778820711761883832e-06
7.179486312295266476e-05
4.675297519278582303e-06
-3.052428007371192542e-06
-4.527877694127895166e-04
-1.146669088621347357e-03
-1.361212503459943214e-04
-2.749458013366877789e-04
6.996808257324800551e-03
4.379797837835576468e-03
-2.247685046085923406e-03
-7.676916605649940131e-04
1.124322023795791022e-05
6.681367381767262348e-05
5.136651510560208063e-06
-3.624693400017012219e-06
-5.153867082400090133e-04
-1.025983976516829698e-03
-2.272962948761603468e-03
-7.242056287365310555e-04
1.010560756337127580e-02
2.299841313929865995e-03
-3.838188118126316210e-03
-5.404801534062279628e-05
-4.605487032394018302e-06
1.069642004762888775e-04
1.752064111336552603e-05
-9.678583633627777826e-06
-1.463432398478234917e-04
-1.198260515421775392e-03
-5.456778543630588264e-03
1.068285662871529349e-03
3.246119944767953324e-04
7.298271923282033348e-04
-5.083929582512809742e-03
7.228695558055197527e-05
2.975234173218785319e-06
1.831460608670058506e-04
5.573824503828472794e-05
-1.419436120268369585e-05
-3.723439007042623908e-06
-1.210498240769833280e-03
-5.922981351086562506e-03
6.675424178855578899e-03
-1.639180342074781759e-03
-3.842537889589789130e-04
-5.509702265959894735e-03
2.449603854075706302e-05
-9.279837357226262360e-06
1.175426926328376206e-04
1.514521061869464964e-04
-3.743975791878499821e-06
2.595528737096903285e-05
-1.101527700250888673e-03
3.300366899333739140e-02
-2.074701945733174388e-02
1.776101710619543876e-03
-1.103972832587605570e-03
-8.791731723372577662e-03
1.309510751265684865e-04
-1.540770940624952014e-05
1.750451832445733800e-04
3.489172642187715568e-04
1.478244780785939964e-06
-7.148739272021828548e-05
-8.558413802062282433e-04
-5.966272802498993151e-04
-1.261604344288179934e-02
2.523992863851973103e-03
-8.971582281320399565e-04
-9.176697532193092699e-03
1.644663334851586710e-04
-8.440780853195995416e-06
1.848119139420163358e-04
2.617084862930746381e-04
-6.632813189071978882e-06
-6.661551128489450672e-05
-9.323938526988306006e-04
-9.954896429956072018e-03
7.866014765249387461e-03
1.555994509731798217e-03
9.190129417022854623e-04
-8.885518590122480631e-03
-4.662595369521126652e-04
2.585945848732489494e-06
1.662664869535629322e-04
1.617412471875334038e-04
-2.065668480014880745e-05
-1.095391962351217760e-04
-1.150177290540734540e-03
-3.170632580477669455e-03
2.788035761439779190e-03
2.190432403999674829e-03
3.153208603806532343e-03
-8.905383248668472321e-03
-2.407725195148319695e-03
1.942902742289305773e-05
1.111303944609756987e-04
9.872796164807855603e-05
-2.876659267855973537e-05
-3.903093185825551726e-04
-1.167003439478217714e-03
7.169396049054277918e-05
-2.167284593918182220e-04
1.027038605216605040e-02
6.099077661732946708e-03
-7.672403477332405755e-03
-5.027856350971754082e-03
7.966837845323374121e-05
1.148159990348615557e-04
6.475388712813837306e-05
7.543887355851470417e-06
-9.285925573674969936e-04
-1.220997323003255577e-03
5.535184478607049649e-05
-2.242351736654835885e-04
1.029110155852848429e-02
6.140878391267436641e-03
-7.285600265800796886e-03
-5.250316117673359435e-03
8.540958691134789939e-05
1.079004483193319556e-04
6.912046460194238326e-05
6.994329223279301403e-06
-1.037676257585002770e-03
-1.060493100849333901e-03
-3.307166054244720099e-03
2.788544665811184403e-03
2.264604486495537354e-03
3.162010746136698254e-03
-8.492797128426623349e-03
-2.521329517643967726e-03
1.984414034900424705e-05
1.061660518742028224e-04
1.060204045166448491e-04
-2.850989496012551664e-05
-4.579131754877790441e-04
-1.022963971250893944e-03
-1.008440572769786839e-02
7.874852494914409695e-03
1.575069768852837638e-03
8.945629685465619676e-04
-8.502797486386949252e-03
-5.318173101266582617e-04
1.057925665545316101e-06
1.673234079643297009e-04
1.780709391068588810e-04
-2.204894046974747193e-05
-1.240302228299011678e-04
-1.064194560809118405e-03
-6.062416957314761042e-04
-1.251207119601434846e-02
2.521066314007874148e-03
-9.267780177371530642e-04
-9.176167587164196435e-03
1.483783834848652089e-04
-1.162975101264939960e-05
1.920091075762143593e-04
2.740581903937418804e-04
-6.904530245234064051e-06
-6.870158804812918473e-05
-8.915126069877225747e-04
9.420073515199205508e-03
-3.221005477883257667e-02
-1.204681057775397295e-03
-6.616742131818253471e-03
-2.078554634285918149e-04
1.365755965082185687e-05
-1.836020978672823543e-05
6.175041458170308425e-05
1.176365614925004136e-04
7.211926708528898977e-05
-4.867576060838054325e-05
-1.490620275300984709e-03
1.195576754138918474e-03
-3.106856968738499342e-02
-1.156745418627340080e-03
-6.049141493146935463e-04
-1.272715006274848307e-02
-3.893436758754883369e-04
-8.172288907998841769e-06
5.196910768838568473e-05
4.334153433453902151e-05
8.596685598301168172e-05
-4.562674437929698488e-05
-1.519970938283956218e-03
-1.368520316270967381e-02
-1.007410125185360765e-02
-9.290444745442964000e-04
-8.996912515806011756e-04
-1.423074459576410475e-02
-2.555481001594797283e-03
5.858137220116269961e-05
6.738106037363416289e-05
-2.769837650246604970e-05
2.602360142231653159e-05
-2.688745698931220606e-04
-1.617184935686968904e-03
-2.147931431519451741e-03
1.248230711956639606e-03
-2.413463435280383484e-04
1.846462346057726686e-04
-1.410187764741293454e-02
-6.526511654588646773e-03
1.100173398919814227e-04
1.199380983317047707e-05
1.169645789144377232e-04
-1.655287408841707095e-05
-6.356700619005067106e-04
-1.505869932899812046e-03
4.677693486380906057e-04
-7.097985933674989985e-04
2.599914933087959807e-03
2.571179043298319616e-03
-1.314660531250509516e-02
-1.020349976032994613e-02
1.376684567335999937e-04
8.750927963438043515e-05
1.404434499624659656e-04
2.653982057621661987e-05
-7.340422404137837871e-04
-1.222018893122389692e-03
5.032495008411092463e-04
-6.880244660812101639e-04
2.565805932496781610e-03
2.536389415047657706e-03
-1.231372824896465219e-02
-1.081105220139045794e-02
1.493431451858740074e-04
7.267498196724341518e-05
1.491957245186235057e-04
2.444089693885202766e-05
-8.452722905286326124e-04
-1.129184422073023540e-03
-2.380608825114542866e-03
1.260263545178573908e-03
-2.354302587329177004e-04
1.160570370496792733e-04
-1.334031499914480230e-02
-6.825217021533014697e-03
1.121054224525478224e-04
6.211361688554089445e-06
1.204967698884047705e-04
-1.496889514366435146e-05
-7.124344863006954213e-04
-1.450796876395923571e-03
-1.412598239739797784e-02
-1.019275346805099437e-02
-9.085123462245050033e-04
-1.009945108039442350e-03
-1.369554992748190855e-02
-2.620474999259690425e-03
5.309017858663181921e-05
7.579838481070147352e-05
-2.492755850657872683e-05
2.541972336237905799e-05
-2.957330693108713420e-04
-1.592323274651322174e-03
1.229193905759463044e-03
-3.086642413157883805e-02
-1.145816783588979315e-03
-6.923931457564021967e-04
-1.260623516026255185e-02
-3.608963231782292766e-04
-1.304220433833280062e-05
6.282923142425450656e-05
4.262254807691079345e-05
8.703369054640723828e-05
-5.408877262317944552e-05
-1.495806120782076096e-03
-1.915735240352749516e-02
-3.566646430615306312e-02
-2.918439172618690711e-03
-1.771390528898938999e-02
-7.190029283936538631e-05
6.009098334721800695e-05
-1.143248181825548814e-05
8.434290805082110339e-08
-1.721382743986922558e-05
-3.515766453096757545e-05
-7.026096074320562141e-05
-2.680937511426298436e-03
-1.634766888423378611e-02
-3.352576252720178285e-02
-3.083157806942514543e-03
-1.134823022007795494e-02
-4.937770274623305179e-04
-8.663239070073193004e-04
-2.058526963818134071e-05
-1.234584212675469296e-06
-1.687573365664024442e-05
-1.987883557988641886e-05
-1.262416403386953706e-04
-2.552293617889873131e-03
-1.132261988220502509e-02
-2.394938437765259387e-02
-3.469214443819948653e-03
-2.154926744514880561e-04
-1.777989949748548515e-02
-4.054827592500399869e-03
9.172823664580781429e-07
-2.544151110452671378e-06
-1.665243577283101022e-05
-2.264917695563943562e-06
-3.565714047845994737e-04
-2.287836688030277840e-03
-4.855535407104832717e-03
-8.365710256053432090e-03
-4.206300822748201655e-03
-3.691876574885815786e-04
-1.951018633464601457e-02
-9.610529537332986733e-03
-7.164059228534052216e-06
-6.329109073528476011e-06
-1.379479805154687948e-05
-2.533872322088447468e-07
-5.914900361259415023e-04
-1.859084408024140080e-03
-1.544460513134541418e-04
-6.811463311831881737e-03
-5.453772395059746161e-03
-5.722209782099979010e-05
-1.780437226852566932e-02
-1.415833546256155435e-02
-9.888449756027880641e-06
-1.225179954576211080e-05
-1.289095166142913209e-06
3.672842273206289413e-07
-8.172264301405996779e-04
-1.419796321668393389e-03
-1.495968001082174958e-04
-6.881160689986896492e-03
-5.299543692747681577e-03
-7.721694908034643166e-05
-1.715954116530785806e-02
-1.469379402659296355e-02
-9.289712821849458000e-06
-1.397231526065056018e-05
-1.410445039180342722e-06
4.102462664125953917e-08
-8.723393694663708793e-04
-1.383425801134720171e-03
-4.971994736163570620e-03
-8.646839163424095351e-03
-3.973954341544392622e-03
-4.061060224192486316e-04
-1.882757958132369805e-02
-9.738970740496734682e-03
-7.206360237220065741e-06
-6.717690862140423835e-06
-1.496317360615650492e-05
-5.128853182154091525e-07
-6.475275283171577721e-04
-1.832764217463397731e-03
-1.162684767914291643e-02
-2.414405627024262396e-02
-3.253201592634960039e-03
-2.732248336627778875e-04
-1.728639152311775909e-02
-3.911139474420181200e-03
9.187640860962666197e-07
-3.769120767376038259e-06
-1.880595589256827579e-05
3.630312717221099385e-06
-3.821520584053680761e-04
-2.260013672809818661e-03
-1.655522481901880449e-02
-3.331668955740758886e-02
-2.996041655666020678e-03
-1.121258445356866119e-02
-4.405059628511021237e-04
-7.598292890490657755e-04
-2.108094092616678297e-05
-1.728928387275480138e-06
-1.808520916499867627e-05
-1.587138138699239928e-05
-1.348186998363570604e-04
-2.510871450880685241e-03
5.955853569090961697e-02
-3.355208915465874436e-02
2.830729056010461171e-03
-2.140026882368948127e-02
-2.668647726139093419e-03
-1.644080752523954799e-06
7.626143513057108979e-06
3.547378546947275920e-05
1.484515436746662597e-04
7.072204684376065976e-06
-9.803370136476692467e-06
-1.967207398905745138e-03
1.890883728271597689e-02
-1.349107386875217536e-02
3.075662233706946865e-03
-2.022435880148221177e-02
-1.037780654879870250e-03
-3.263481243243609325e-04
-2.368504105573546238e-05
6.215058593714497409e-05
6.131613692132546756e-05
-2.670429296276785903e-05
-7.972028305996347816e-05
-1.888436140122891219e-03
-2.049323196073757347e-02
3.028803564275040286e-02
4.457660742172519196e-03
-2.218708561606147093e-05
-1.761577419059243838e-02
-2.737565761153875569e-03
3.255426732683771603e-05
6.634237002992554686e-05
-3.981222934533448971e-05
-1.410228856661488820e-05
-2.737476582941041439e-04
-1.632322915574961619e-03
-5.671802654236911267e-03
2.193486194348354471e-02
6.249423202104046650e-03
1.061099980706522989e-04
-1.761222314262905764e-02
-8.162267791058381086e-03
1.592228944364539804e-04
-1.307377022906864734e-05
1.939091720613156717e-05
1.214747023109317306e-05
-3.843815314069677917e-04
-1.254777449836643518e-03
-4.450574041722263991e-04
8.657020024018509050e-03
6.070645156932157754e-03
1.147353816065987156e-04
-1.719648627543437364e-02
-1.319711545888140915e-02
1.972567837036994399e-04
8.543776934888161457e-05
1.204350550824528486e-04
5.120187607689843787e-05
-5.041999955997869542e-04
-8.209937392673044955e-04
-4.363909847762248548e-04
8.569148456335900013e-03
5.844384171689723413e-03
1.065247881963816149e-04
-1.707877133582992937e-02
-1.322864640578519727e-02
1.886427838728214304e-04
8.850533849117957804e-05
1.227732577506354900e-04
4.935699315354557506e-05
-5.435853418291728984e-04
-7.862271045102394579e-04
-5.576827304704900547e-03
2.130071550669556182e-02
6.450092996743644370e-03
1.124393520658583854e-04
-1.752809576058256616e-02
-8.100408759207776421e-03
1.489373763180703745e-04
-1.097728824500708664e-05
2.274217275440308496e-05
7.227311924024531643e-06
-3.915419880685491500e-04
-1.217886626169933885e-03
-2.061692331632007311e-02
2.942662942623756189e-02
4.695991309299256400e-03
-2.212006598243498174e-05
-1.737907301935910295e-02
-2.485116869460418047e-03
2.927021994523869766e-05
7.698558933832515261e-05
-3.824167248847969961e-05
-9.211969585288251405e-06
-2.809991378594410235e-04
-1.559842423110100644e-03
1.906408285102622127e-02
-1.375009029370190261e-02
3.114601601000477078e-03
-2.019795220559681206e-02
-1.046768033732301461e-03
-2.363355748589676176e-04
-2.181129519665152145e-05
7.308928135268339733e-05
5.801053516636672921e-05
-2.186820631949574028e-05
-8.275945389414141387e-05
-1.839398635580151995e-03
-1.463812534446807742e-02
4.675789160134023736e-02
3.232949365910629640e-03
-1.217510162586883660e-02
-2.694820315198341067e-03
2.758561615672023418e-05
6.793386448403582200e-07
-1.633810415494619842e-05
1.285899156526144112e-04
-5.682982077339537969e-06
-1.928518479563823639e-05
-4.746039546808606064e-04
-1.159783950563285197e-02
3.442633290214780484e-02
3.558560506103572354e-03
-1.169434909657940218e-02
-1.753286290069685886e-03
-1.853229963587607268e-05
-1.502482926730639309e-05
4.230567420593292232e-07
9.958001959922518876e-05
-3.112037014434210722e-07
-4.246978779102844571e-05
-4.413356502426769249e-04
-8.301720845283258599e-03
2.498934027829248852e-02
5.242918638983733171e-03
-1.071004329889864957e-03
-7.839026845416032993e-03
-8.204739539868030227e-04
1.405316775463131324e-05
6.520681136628394539e-06
6.479118726973114538e-05
5.610131918131910167e-07
-1.397658646871419576e-04
-5.093851556126042937e-04
-1.748386092860218857e-03
1.700148663252190953e-02
9.013204595032603406e-03
-5.715881988484436009e-05
-7.970901151513925392e-03
-3.029283268649944107e-03
6.525011791723232108e-05
3.093329822483383560e-05
3.772421126610308180e-05
8.760726376215968627e-06
-1.803688645380699905e-04
-4.904236086199564382e-04
-3.979990141713975307e-05
4.768053896123433666e-03
8.170217749794789208e-03
-1.501913339042231692e-03
-6.885545544279949963e-03
-5.593040086141643809e-03
1.312057066635654342e-04
8.778832650149914350e-05
6.007074381881304678e-05
2.308775664252794071e-05
-1.594203713091542558e-04
-3.099964414936207330e-04
-3.696610391190418513e-05
4.513849156502157053e-03
7.863997045012689063e-03
-1.211307635266476801e-03
-6.820083826714729014e-03
-5.626666392385528369e-03
1.102906681010128295e-04
9.427483485817710941e-05
4.859754292435222722e-05
2.539348952643522540e-05
-2.115444061732757106e-04
-2.287367852082548348e-04
-1.742462607958044328e-03
1.645918839890185559e-02
9.526294711269867044e-03
-5.497856792901339578e-05
-7.944197277564228610e-03
-2.950557322756587435e-03
4.270012249915451158e-05
2.722152634935295687e-05
1.769005537808755098e-05
3.049349335781851322e-06
-1.977629876947192876e-04
-4.154106551747195532e-04
-8.224508891244982495e-03
2.452298274925923324e-02
5.538449680504595359e-03
-1.121215408186979285e-03
-7.566902879527555303e-03
-7.815842341071825225e-04
9.740689162015367763e-06
4.185356258686098510e-06
4.116924602347256840e-05
3.928651036218387239e-07
-1.271362905435322911e-04
-4.367783817306789928e-04
-1.174698986226476068e-02
3.404848127791298973e-02
3.626036309089729955e-03
-1.161574386476833982e-02
-1.790516129931041646e-03
-7.770275835046666082e-06
-1.214012151532647640e-05
-6.899899984789703791e-06
8.198686641899665805e-05
-7.412351325597869312e-08
-3.033478461075093404e-05
-4.003779349898106644e-04
1.434088201193821702e-02
-4.934928448161982062e-02
-3.283101663394228081e-03
1.235151686973714850e-02
2.651903565630475777e-03
-3.846201726599569296e-05
-1.068087493467492306e-05
-1.101071823136804095e-05
-1.589548459593221480e-04
3.138345971659198399e-06
1.807195591932237377e-05
5.852587579720067330e-04
1.153576994486650749e-02
-3.663523866321188177e-02
-3.699200766913881937e-03
1.153931734758153853e-02
1.683276707197724252e-03
1.883014707577750522e-05
1.145879321164587652e-05
-4.706614650728574923e-06
-9.231825247519212627e-05
5.132768593840825791e-08
3.184104583223240718e-05
5.555306157425491135e-04
7.953374217312104977e-03
-2.582081859718832195e-02
-5.439583683057928366e-03
1.129851975260988146e-03
7.609765597883539658e-03
8.575601186970488758e-04
-9.500880689589223749e-06
-6.217547732230655658e-06
-5.178711241556104234e-05
-3.805737826352877670e-07
1.201479997891293476e-04
5.420464504207764354e-04
1.809289184919985740e-03
-1.717474769025308101e-02
-9.361618768551882228e-03
5.758994895030633511e-05
8.019743693432352521e-03
3.114531831002077290e-03
-4.706524359272326043e-05
-3.237099748816833419e-05
-3.330517888150648419e-05
-1.843663018890167381e-06
1.999949762054418101e-04
4.228522196719293382e-04
3.814867268684053086e-05
-4.335426844269126695e-03
-8.153066700124762464e-03
1.042973861518625743e-03
6.974116672191965106e-03
5.867075925738811371e-03
-1.119262883612909802e-04
-9.953875275080547637e-05
-6.297378340693137561e-05
-1.952579754745032675e-05
2.060283801697182970e-04
2.844298677917469868e-04
3.683941965575372111e-05
-4.400556210289964174e-03
-8.023054068259526453e-03
1.401038989537273368e-03
6.867890812645878300e-03
5.843576281072564160e-03
-1.421327263117710352e-04
-8.741009076209267084e-05
-6.482360211232771508e-05
-3.253497410764340833e-05
1.474094373588947984e-04
3.788851666317266751e-04
1.743085835794035447e-03
-1.765883148738322736e-02
-8.708963279363638246e-03
6.306410507862633328e-05
7.936993173268706500e-03
3.099974050865998611e-03
-7.327295087179964636e-05
-3.435820120621482142e-05
-4.862690985383304112e-05
-1.699947148321012731e-05
1.941798853991494496e-04
5.054343672123891035e-04
7.854250238973283990e-03
-2.612696153713743238e-02
-5.111289191962715452e-03
1.156161986521229458e-03
7.767254458067716048e-03
8.645940670086911268e-04
-1.462521338520616181e-05
-8.083152670309768002e-06
-6.499254699745583841e-05
-7.466814384357147953e-07
1.471983258601550985e-04
6.260144844206354817e-04
1.128153173606089715e-02
-3.719466842847451299e-02
-3.754853567046759644e-03
1.186527638553772426e-02
1.693975571014053440e-03
2.220203746793428481e-05
1.407586487665568339e-05
-1.192355456294597210e-05
-1.003350724691472678e-04
6.224040119018828895e-07
4.906042711254558883e-05
5.948247018071358251e-04
-5.950607797587061792e-02
3.288267867807144473e-02
-2.690099424943315394e-03
2.165812828485256039e-02
2.697525428401180078e-03
6.365421789812128649e-06
-1.814667513125745390e-06
-4.922557715886496173e-05
-1.491414021482595042e-04
-7.611403199523398540e-06
9.218564018528117260e-06
2.036221839270644686e-03
-1.869890239293245382e-02
1.249285359956812426e-02
-3.101523951409555432e-03
2.017624550485892093e-02
9.861290587534117264e-04
3.046774372821425673e-04
2.055436675952271197e-05
-9.200064131834674889e-05
-5.454807049865398642e-05
2.242947102485420992e-05
8.341184783254989861e-05
1.910909306448975485e-03
2.031491225886912499e-02
-3.112599133889258282e-02
-4.755486199215947299e-03
2.014772467233423068e-05
1.729101788199469136e-02
2.744509541153185208e-03
-2.671863081254889836e-05
-8.922852618047598773e-05
3.547649152872963470e-05
1.231157405334781523e-05
2.604737011234036360e-04
1.581412298737878757e-03
5.596710298406291396e-03
-2.174333249633687501e-02
-6.421835487859327458e-03
-1.092595696766302286e-04
1.776506715848370083e-02
8.156515960660293968e-03
-1.313154788291105702e-04
1.396522640408290948e-05
-3.105710993875284180e-05
-8.127609965523825030e-06
3.952848380329790356e-04
1.209579543454783902e-03
4.526195389700082969e-04
-8.422300456805946120e-03
-5.826780369089643551e-03
-1.715653913975253263e-04
1.742614443603990315e-02
1.325185552906226090e-02
-1.781914431347046191e-04
-8.744566300795233234e-05
-1.328109883467928866e-04
-5.576207456669803010e-05
5.230926069117404400e-04
7.933083856585525662e-04
4.558036045067691993e-04
-8.238086228506469322e-03
-5.938640086535214996e-03
-1.465655017332908770e-04
1.724361619844865662e-02
1.346463413555175695e-02
-1.994929196381790110e-04
-8.383748873831336015e-05
-1.360454117682311686e-04
-6.295687316822753965e-05
4.827388237177139096e-04
8.630933427848676547e-04
5.616467915124063320e-03
-2.199862123009494949e-02
-6.324231634331966764e-03
-1.146922056040965387e-04
1.756640451597447916e-02
8.259115797044575338e-03
-1.641268270262492487e-04
1.613298972677046006e-05
-3.777013781915481680e-05
-1.650962300177372244e-05
4.200980800755558207e-04
1.292969302737769464e-03
2.040481508007414499e-02
-3.178540275912609958e-02
-4.692941007400849851e-03
2.100522535471407285e-05
1.748496109460829367e-02
2.845794135068741796e-03
-3.483665150509046679e-05
-7.263821749049482980e-05
3.663780500339191003e-05
1.746600976834528028e-05
2.820443903682357954e-04
1.675607980672122682e-03
-1.872224549189729914e-02
1.287423780001928190e-02
-3.204109149486121955e-03
2.049641244990880323e-02
9.885015110752822746e-04
3.491959887557726850e-04
2.307008085772667370e-05
-7.494500035405880453e-05
-5.931623613141302640e-05
2.710466360674927368e-05
8.773778046515782363e-05
1.958562679635353701e-03
5.720978736035526625e-03
1.967356550521469696e-02
1.180443013626972801e-03
1.047147202538217759e-03
1.049326195005757280e-02
-6.435752619632974631e-06
1.141680436535853736e-05
-4.919288070070702885e-07
9.978059498221562279e-06
2.268111444945237077e-04
7.132199415749675337e-05
1.485366344976874657e-03
5.223213794722020818e-03
1.854067737800253399e-02
1.175743035159163268e-03
1.085245870193309427e-03
1.062479161103635668e-02
2.293511954856135976e-04
1.406818823025157738e-05
-4.371108005447137244e-07
1.106863166438029480e-05
1.426514081481009423e-04
7.326267492855795206e-05
1.555549288691870360e-03
4.028044944912912394e-03
1.178893315927314646e-02
1.215763795309105812e-03
1.209694873836623160e-03
1.034548783120796747e-02
1.375181937855546755e-03
3.247488446067659058e-08
1.812092352398345703e-07
8.515902173825881910e-06
8.095981235946220547e-05
1.870204338667401237e-04
1.583254454046875486e-03
3.185435734014044774e-03
3.064605483834168670e-03
1.385707412411766324e-03
9.121122501628706409e-04
9.981941736685994576e-03
3.757633015197499749e-03
-1.240193762406951081e-06
7.233448853259628448e-07
6.659497143950511417e-06
5.783312266984383312e-05
6.217248701931529266e-04
1.549229469949433592e-03
1.343043657917984831e-04
2.448771647957217155e-03
3.028361311494242865e-04
1.793922145315088182e-03
8.769080626494351466e-03
6.576125693133895271e-03
7.005751066181233775e-07
2.338197064445297771e-06
-3.851354709288969541e-06
1.797575589957071653e-05
1.028236015589745721e-03
1.302973919574553678e-03
1.258825679587587305e-04
2.404234568822344580e-03
2.653338073328102256e-04
1.831134110246684932e-03
8.603032856013896959e-03
6.834980259854900667e-03
1.471909986984363516e-06
1.015718899228084501e-06
-4.281762692641916301e-06
1.027516043516635309e-05
1.002456302210457490e-03
1.350432438551486293e-03
3.356716157954609068e-03
3.113699524764534064e-03
1.410704790285410718e-03
1.037389964914921074e-03
1.011174671435669317e-02
3.923029048924362577e-03
-1.709847323726362468e-06
1.211752467724089963e-06
5.834450419546920314e-06
4.978695531928321454e-05
6.118692774719339039e-04
1.593026982819087389e-03
3.915054211308840494e-03
1.237066873063960397e-02
1.234879202683119345e-03
1.241210495598878312e-03
1.059596541611160757e-02
1.455046964640704325e-03
-1.063142744165275270e-06
6.329294704272015700e-07
8.243615348648250754e-06
8.246953287467372073e-05
2.174472910390307459e-04
1.613343148705721286e-03
5.230650133587626954e-03
1.904597903698727543e-02
1.186516428029385463e-03
1.094408800227264934e-03
1.048721156425987816e-02
2.583519211059258879e-04
1.153069415626722446e-05
-1.303433892398174732e-07
1.099476759533750159e-05
1.524416005575916528e-04
8.957281243010829764e-05
1.577682868440156766e-03
-2.595477130516863143e-02
1.200505962159304288e-02
-2.781989964338929793e-03
1.026587602311920420e-03
6.509788924167136774e-03
-2.242917197407100560e-05
1.832153107230041707e-05
-1.390983449402847659e-04
-2.545484962913452083e-04
-2.982935710122900673e-06
-6.617830662386779841e-06
1.022123013024649066e-03
-1.770813628723959948e-02
1.164527411833756083e-02
-2.730002209985688162e-03
9.856779792158174968e-04
5.549813016310671358e-03
-1.363681130339110270e-04
1.063626054449824611e-05
-1.491547211941333592e-04
-1.908585047483500716e-04
3.198600961900258376e-05
-1.265409421632865544e-05
9.716333202184954500e-04
2.002242923682890155e-03
6.001918773656929502e-03
-2.013316248288071330e-03
3.909882767941022779e-04
5.828945498516696980e-03
-1.035319795927490893e-04
-2.262368708157835574e-05
-4.710395981525824382e-05
-5.204656575763793362e-06
9.044175195665651163e-05
1.178187058281990081e-05
1.078357457105274479e-03
6.527501334644253937e-04
-9.249299454073423715e-03
4.244775550424460136e-04
-4.451889134339048239e-03
4.883955687978196701e-03
8.066453205740885821e-04
-1.242138431962031789e-04
-1.474710422961201498e-04
-1.923723086611044955e-04
8.088200500349962451e-05
2.123070360824163096e-04
1.390070117823874766e-03
-5.274770234228261159e-04
-2.304277308633586110e-04
-1.072093012590836017e-02
-7.304262848350652482e-03
3.746548889078946901e-03
2.220790441120576095e-03
-2.713534314955882857e-04
-2.231406977653521250e-04
-1.677966099985130771e-04
6.950376823145134728e-06
1.001772643311828236e-03
1.452901520914954983e-03
-6.023529647813575692e-04
-2.098500019508767211e-04
-1.089522432166547400e-02
-7.273628282565954006e-03
3.749949337772355042e-03
2.340292446441408908e-03
-2.873209385760556686e-04
-2.145800579499420409e-04
-1.635494872880824998e-04
7.068946259562994399e-06
1.008217671560723101e-03
1.448345983821209800e-03
5.438825139665856350e-04
-9.279712222043438180e-03
3.748084518288526731e-04
-4.336586296296279959e-03
5.143652836265269999e-03
9.101844829837987599e-04
-1.484004167018571313e-04
-1.408524903571929600e-04
-1.754212686179286679e-04
8.589641564801750201e-05
2.294678355840568790e-04
1.367976144596617146e-03
1.902530047776924711e-03
6.236112406583400013e-03
-2.070603788127829345e-03
4.481449930887671288e-04
6.081346830292079508e-03
-6.080039092477845667e-05
-3.908912008783584573e-05
-6.082279862397064682e-05
-7.118821699750965406e-06
9.350550334034293668e-05
1.871878720523249731e-05
1.022348368313642135e-03
-1.715610673372741299e-02
1.187416405526571170e-02
-2.762491093066366844e-03
9.704786883480631069e-04
5.589557833435310555e-03
-1.296085576181557207e-04
1.022561934035348743e-06
-1.603054794142498530e-04
-2.244948503230222766e-04
3.253944526145158489e-05
-1.601714567651074013e-05
9.441637503219007816e-04
-4.580087051118597596e-02
3.285513926412748486e-03
-5.723312153651518956e-03
1.835824128824612984e-04
2.442920003392386966e-03
2.137005462346843734e-04
6.176253730538136262e-06
-2.097952953604033236e-04
-2.761039238603157052e-04
2.433591295587758870e-06
-7.287307030564897593e-05
4.584517623632721394e-04
-2.409676815737214067e-02
1.634647499686827645e-03
-2.263683222266390897e-03
-7.419429402590827166e-04
1.804599958577300699e-03
4.925300084512497257e-05
6.669194873996244538e-06
-2.944803789942857289e-04
-2.900567719239316921e-04
-1.271223972036672430e-06
-9.715743591340490564e-05
6.715454259273681992e-04
2.748142465563371026e-04
-1.433609590123332590e-02
5.451033431874573090e-04
-5.593317578541632563e-03
1.582085660284606723e-03
-1.981471861467268020e-04
2.915369993167199606e-06
-3.781118466452795856e-04
-3.059613421378091255e-04
-1.146735488020656287e-05
-1.578964484886580298e-04
7.705396685588170209e-04
7.260533116740239875e-04
-1.118531104012271019e-04
-1.872483357006082122e-02
-8.803851568987683049e-03
1.009708463924136740e-03
-4.692937998515617952e-04
-3.391565872041133671e-05
-3.292558402268330200e-04
-2.306430862657804016e-04
-2.062626570946230487e-05
-8.078744210995346202e-05
9.371012635352346217e-04
-1.083918235657475398e-04
-3.112606692021659561e-04
-1.625296208056041872e-02
-1.239705612230875865e-02
3.907744337242399909e-04
-7.685442863768486869e-05
-1.565064936883046691e-04
-2.595391471920558356e-04
-1.150801273037783072e-04
-3.507577968943049687e-05
1.131006879451744576e-04
7.512961561254082130e-04
-1.993432622856411418e-04
-2.699237392961102624e-04
-1.610759879233242958e-02
-1.259952821138506443e-02
4.761821307578085138e-04
-8.027514185303920237e-05
-1.757384141485927160e-04
-2.397229774127047474e-04
-9.734930350693627766e-05
-3.982774222768523424e-05
1.182110336764002748e-04
7.648516976379806818e-04
6.543996234184817212e-04
-1.110807513861021556e-04
-1.909788984026759492e-02
-8.940182738760661663e-03
1.144382261774825119e-03
-4.663000870909095211e-04
-4.321690371292204901e-05
-3.131789985369499594e-04
-1.875637583662683220e-04
-1.860967067382187916e-05
-8.499444007435820014e-05
9.657739843611237111e-04
2.624395679586967824e-04
-1.431529567978733972e-02
6.567995183526223382e-04
-5.639557777444697932e-03
1.741161516754484006e-03
-1.874349632656098497e-04
-8.125742399020642552e-07
-3.517702145962456686e-04
-2.338455650011007502e-04
-8.699176199441851590e-06
-1.655194895921189744e-04
7.877554285101818826e-04
-2.307214072131057517e-02
1.670109185069160217e-03
-2.247317414903640936e-03
-7.634598842411132423e-04
1.928579267133718718e-03
4.988460446931691831e-05
4.225155150310303690e-06
-2.708941461394515993e-04
-2.382968656929929140e-04
-7.061131762280558335e-07
-1.089585579914864540e-04
6.220009889091163190e-04
-2.818135249275368487e-02
-3.596554004439986209e-03
-2.670393455380522751e-04
-3.089788412212474220e-03
-1.821959764786573049e-04
-4.410055769496295207e-04
-1.702285367622369228e-05
-2.866884012412048972e-05
-2.430079041940779816e-04
7.125254757707889623e-05
-9.020232405280372999e-05
-2.688374489488324297e-06
-7.047484294237465682e-03
-1.691199561552111930e-02
-4.494558680192709075e-04
-4.085825892630886268e-03
-1.857146169041864710e-04
-2.918223587997209579e-04
-8.004218509934293084e-06
-8.278826292056502010e-05
-2.257018937012106373e-04
6.138941726672111237e-05
-1.020008943470253918e-04
-2.406973901558907996e-06
-2.617419993903695626e-03
-8.707480211638352974e-04
-1.860272032835220621e-02
-5.594585737976260839e-03
-3.056037486970680144e-05
-4.262348137055791525e-04
-1.706151838274598447e-05
-1.827860755424205665e-04
-1.777375371976284719e-04
5.538280966540910593e-05
-1.051014506378175438e-04
-5.936869051078775263e-06
-5.011529782442965915e-04
-1.028610856392272316e-03
-1.629080956220099741e-02
-7.090198638338048899e-03
-1.302554246867200006e-04
-4.812427710878072642e-04
5.294885743466201393e-06
-1.923390388596393048e-04
-1.137470610357436864e-04
4.029229680993109779e-05
-7.187712294602748031e-05
-1.145139581880074941e-05
3.411879280294451216e-06
-6.352399440739672299e-04
-1.281364888391333876e-02
-9.396246187491356233e-03
-2.882487448686716887e-04
-3.524700727565507484e-04
-1.066954640311253506e-05
-1.677418114915427236e-04
-1.179268437850029054e-07
3.240412500374499562e-05
-4.035554879524247439e-05
-1.149781002102251338e-05
-1.173434199979250777e-05
-5.427561160112123880e-04
-1.276663272072915342e-02
-9.607865393530319598e-03
-2.789029264365598801e-04
-3.357996909909497494e-04
-9.204800458537850798e-06
-1.669907080941396369e-04
1.793758135638784593e-05
2.221879379359258046e-05
-3.618698891501819496e-05
-1.325950442663704969e-05
-5.042955299473428268e-04
-1.026761026103851452e-03
-1.626728226815833331e-02
-7.259412367871180376e-03
-9.602278741196245229e-05
-4.462552044856394153e-04
5.979659874452150029e-06
-1.900887397631885727e-04
-7.653717645312948137e-05
3.854359041985277903e-05
-7.125945226123849962e-05
-1.245062580161215638e-05
-2.577944072278987031e-03
-1.026020457378868170e-03
-1.873813606984254740e-02
-5.780663012113000827e-03
-1.234223975341479359e-05
-4.069320891267796188e-04
-1.879263284766707117e-05
-1.798822657814336419e-04
-1.354776486495205205e-04
5.684467055158971805e-05
-1.118356052426866868e-04
-6.863869695877743309e-06
-6.995979763929990707e-03
-1.707871411637449863e-02
-5.973863963307160648e-04
-4.178773802634087875e-03
-1.563536729290843075e-04
-2.749423503138449061e-04
-1.023044540636201265e-05
-7.976574701439700162e-05
-1.995551819402069827e-04
6.285930149936547456e-05
-1.066885162521108091e-04
-2.365224481452928848e-06
-3.185077077976514702e-03
-1.298532429452096786e-02
-1.386294549874884929e-03
-3.245909743307072957e-04
4.925049027793786506e-04
-4.893914293704673939e-04
-1.018312967793431607e-04
4.507527588431512632e-05
-1.685441613590004252e-05
1.587529780913048486e-05
-9.110091461156090377e-05
1.032777056769683784e-04
-4.459961204695842875e-03
-3.252452658243613556e-03
1.170670612424061291e-03
-1.433486840246120169e-03
7.316697878220433920e-04
-1.752117734986705371e-04
-9.177374180938451204e-05
2.171242696069702364e-05
-4.718195673323503594e-05
2.624723486573786541e-05
-8.833838567638195127e-05
-9.409195594746427155e-05
-3.446220489718876401e-03
-1.479808271763844926e-03
-6.927529228153333878e-03
-2.178155888883795757e-03
5.265398967948126943e-05
-2.843265734598810911e-04
-4.120921461080662900e-05
-6.098942548045384294e-05
3.891683237405621477e-05
1.211141706350801050e-06
-5.472582420990002548e-05
-5.626764212349282093e-05
-1.113694524934833591e-03
-1.333041577855786529e-03
-5.958767910246503402e-03
-3.179227127103167582e-03
4.113374237198539718e-04
-1.964357994315913043e-04
-2.009660349713258552e-06
-8.791172117437425274e-05
7.216821289407129988e-05
-1.551404096312236712e-05
-3.094388357285627028e-05
-1.215807349011081465e-05
-4.350825719812210466e-05
-5.246247826425984176e-04
-4.777358657239274935e-03
-3.719641866805007205e-03
3.039469501677771746e-04
-7.223092664871493562e-06
4.902537570313044346e-05
1.126939877515844466e-05
2.539700953661679412e-05
-9.758936641246225807e-06
-1.611642591170015071e-05
-2.708555621236867988e-05
-3.725592504659946193e-05
-4.370268867350793254e-04
-4.823653533731642878e-03
-3.739946909505164393e-03
2.742814882951308633e-04
-8.370105521623856425e-06
6.846276641007443837e-05
-1.419439165626690877e-05
2.755969160210161218e-05
-1.044940456944041247e-05
-6.511418847446285039e-06
-3.363654414899687923e-05
-1.293031976954631818e-03
-1.329897834582083587e-03
-6.142446658311311904e-03
-3.229413965805986390e-03
3.153392283443849425e-04
-1.897989438870537234e-04
-5.465569146764411147e-06
-1.024205818988582257e-04
8.799469230421553992e-05
-2.541873465568546085e-05
-2.475883420502225866e-05
-1.785311393830966059e-05
-3.637598293966041747e-03
-1.760539092707448039e-03
-7.179606882783185796e-03
-2.222266543436463883e-03
4.540325533226624073e-05
-1.493417846016467741e-04
-6.553681239413424093e-05
-6.529657424634958832e-05
6.135106668867625816e-05
-8.046679826996131767e-06
-4.990489395048992215e-05
-6.763233395602019193e-05
-4.554345548588728705e-03
-3.004502418195388082e-03
1.146511053217894082e-03
-1.398023572126793831e-03
7.685218427230706712e-04
-8.481103868547578729e-05
-1.071199710057886621e-04
2.222949538618029555e-05
-4.033467612342180730e-05
2.201830336812428694e-05
-8.953044732433828820e-05
-9.266998581543773510e-05
3.258518442815213061e-03
1.286982084242108137e-02
1.306936923603095775e-03
4.258815351898780619e-04
-5.233092018105529831e-04
4.985853386938281489e-04
9.829436933344738833e-05
-4.467166866396893445e-05
3.385723957077333281e-06
-1.440614453434751220e-05
9.173150196424903610e-05
-4.008758713087121512e-05
4.489743654981352174e-03
3.161979992003086538e-03
-1.116234024878139932e-03
1.588269120283514278e-03
-6.929207434961892837e-04
8.690975664678991894e-05
1.093212093238779390e-04
-2.035544286041467176e-05
2.115317607517768115e-05
-2.033920382545164370e-05
9.111400232363936382e-05
1.462516658844086406e-04
3.461819271348298092e-03
1.659933769387975360e-03
7.057132861035047763e-03
2.184151392038613873e-03
-9.170977613114214208e-05
1.691790413763643176e-04
6.603161536507831620e-05
6.068320852083790014e-05
-7.130602648970876703e-05
2.900873806796349563e-06
5.179462630235702133e-05
6.639983164273949550e-05
1.226766145564366778e-03
1.331885979605780057e-03
6.006193752580144853e-03
2.949986328040544743e-03
-3.028151175558039111e-04
2.058952139248150298e-04
5.058065287932180807e-06
1.165637348487323627e-04
-9.856304973730961941e-05
2.746537557749082880e-05
3.057220201693846065e-05
4.836874025553003248e-05
2.420862668839510954e-05
4.196917742052463300e-04
4.542015787344459536e-03
3.547460229526175519e-03
-2.488980831212539674e-04
7.991986229867663081e-06
-5.908970669401306482e-05
1.897580354902063090e-05
-2.848215542076847857e-05
1.253889938139789934e-05
1.327449775725066155e-05
1.486049209841710463e-05
4.202217691158534845e-05
5.161584353551724449e-04
4.479977354479755883e-03
3.613796949257579074e-03
-2.542291513490397680e-04
8.345269004687342848e-06
-4.512282993307115272e-05
-1.126781860380994706e-05
-3.166430325367693778e-05
1.094700835710768341e-05
1.636175814390998114e-05
1.242530659350614110e-05
1.179084094819463427e-03
1.356659414980585345e-03
5.938676236735057276e-03
2.932940744477301621e-03
-3.525130512258441953e-04
2.290758667348399846e-04
3.170011183793355356e-06
1.014526994915635524e-04
-1.019970789243470174e-04
2.262806264506187507e-05
2.949655740081171532e-05
4.303728720263844300e-05
3.498522595206592783e-03
1.518560510159357646e-03
6.907977594736282832e-03
2.094876005261551467e-03
-7.743388468425402499e-05
2.390538144169375651e-04
4.595098916063613680e-05
6.269567165866504158e-05
-6.148492170234863617e-05
-1.509497781657292069e-06
4.870244669218481005e-05
4.698973264903699270e-05
4.544137878188370290e-03
3.271207385068285785e-03
-1.134995346207614631e-03
1.595097457395928389e-03
-6.521792304948015404e-04
1.744674086276665702e-04
9.297214804397939576e-05
-2.172447437283022263e-05
2.717744531501416005e-05
-2.365417452947425785e-05
8.663411696493412788e-05
1.118270130485994715e-04
2.887048609607128710e-02
3.690391654931970532e-03
2.260570890156594480e-04
3.223878719193659387e-03
2.200279422200542836e-04
5.140278845925312949e-04
2.030535192190631593e-05
3.735483540718304170e-05
2.790405065576233605e-04
-7.158421767280969273e-05
9.274735669200182019e-05
2.065647069949473674e-06
7.039138626777995296e-03
1.687945913045039992e-02
5.292668236169650181e-04
4.244480730843586298e-03
1.462625567826825168e-04
3.372878238913756669e-04
1.162825762285585471e-05
7.606812115265003664e-05
2.249913010244408490e-04
-6.064987137872884505e-05
1.099355749451005453e-04
2.269370968952488088e-06
2.650060459565621758e-03
9.601612558156106224e-04
1.873491264890102953e-02
5.785689250353631165e-03
4.602955820501509798e-05
4.101732962456293777e-04
1.806123165166198644e-05
1.679555290318946945e-04
1.612618254017306879e-04
-5.766851749211947964e-05
1.145590524979157491e-04
6.343190892948215365e-06
5.272002413388205853e-04
9.766250349194855514e-04
1.651133073004421373e-02
7.100586195354885791e-03
1.641429860198666821e-04
4.710720163468220135e-04
-4.349179321640049075e-06
1.900361010010591411e-04
8.512440937780463876e-05
-3.975728694067256970e-05
8.186354844885959550e-05
1.081065696631400322e-05
1.060285402489345187e-05
4.917683936330829010e-04
1.292258516640909342e-02
9.304906690873106928e-03
2.996347657882090609e-04
3.910360856633380102e-04
1.081875622421669569e-05
1.889283363498900153e-04
-8.890825321033636862e-06
-2.509177365212676502e-05
3.124799959790986478e-05
1.401086630879159395e-05
-1.274566245831010869e-05
5.784772930284115241e-04
1.275789167966276741e-02
9.608730555654277153e-03
3.066506340958917334e-04
3.798433909861947434e-04
2.559756479411965814e-05
1.699208433256485171e-04
-1.199812496331875076e-06
-3.005209840201368608e-05
3.454185817783796272e-05
1.062823811421557595e-05
5.470691914541413485e-04
9.708612825322687941e-04
1.650827412372865566e-02
7.314477242348705124e-03
1.542390538857771863e-04
4.732841786985456838e-04
-2.365990325570407061e-06
1.914230725886365990e-04
9.512048417412196223e-05
-4.159538035727655594e-05
8.029177702420292259e-05
8.574852770102049088e-06
2.746995896744607729e-03
8.084373055367162194e-04
1.880261203367449702e-02
5.860999001513291645e-03
5.205063890577884612e-05
4.199952093957313786e-04
1.391809119683951344e-05
1.869951975821397983e-04
1.763799639090255411e-04
-5.537160605124111581e-05
1.010747012708187195e-04
3.301553645718786396e-06
7.021777568264409367e-03
1.705710235793200108e-02
3.916729982342116809e-04
4.265444777238370198e-03
1.609617858280347708e-04
3.528734597690373707e-04
7.118166683290261506e-06
8.843785898664461155e-05
2.380463816435155139e-04
-5.729416533431912906e-05
9.790677939513169319e-05
6.597503254723767513e-07
4.505937923957958197e-02
-3.307160135879577949e-03
5.741929653266857059e-03
-1.316850145585091126e-04
-2.360768202629565538e-03
-2.389435645037609076e-04
-8.467138297820014407e-06
2.083249468109247128e-04
3.596938543664559597e-04
-1.012648790751582932e-06
5.962260295394787801e-05
-4.915709679889837666e-04
2.345036614517233969e-02
-1.681427326283510505e-03
2.265148350946537270e-03
7.964674605662285228e-04
-1.995975544834974105e-03
-5.453493931211759923e-05
-6.615977665667943534e-06
2.604486630407919050e-04
3.051983687710247990e-04
5.599216699663731858e-06
9.610931663056159749e-05
-6.602967323121489585e-04
-2.666347632499346310e-04
1.446162698325838096e-02
-6.767909395283752683e-04
5.690474699184182826e-03
-1.675079003304941498e-03
2.285800482108126853e-04
-1.900436962578634762e-06
3.357274674947103893e-04
3.015024549804744530e-04
9.692927699294858713e-06
1.436064457366754412e-04
-8.185405654772219932e-04
-7.271153842213342938e-04
1.050471102393808417e-04
1.916553837081433342e-02
8.700676608741851267e-03
-1.129143344157339983e-03
5.017597982720462891e-04
3.757152489914099454e-05
3.237084470322973266e-04
2.253828785297341407e-04
2.300074039472526228e-05
7.322100746247281477e-05
-1.044218607978505400e-03
1.441801158163418060e-04
2.519152068074654834e-04
1.617884513177689221e-02
1.238696748876432288e-02
-2.928927717200551016e-04
1.583071155091880170e-04
1.726390877860039554e-04
2.864807252661921363e-04
1.193041276580243508e-04
4.434162249866280671e-05
-1.163844463977929190e-04
-7.910315245298106274e-04
9.576944042007478329e-05
2.770177449234131634e-04
1.613927491680576531e-02
1.254594299342419797e-02
-3.032119399684336087e-04
1.462497312234723042e-04
1.848912023847400590e-04
2.774404867231207374e-04
1.226389622327299378e-04
4.269290876790313714e-05
-1.480385083909047540e-04
-6.893565608112225658e-04
-7.515954884618641398e-04
9.549921285282489912e-05
1.924433949161598670e-02
8.917485018505175859e-03
-1.072026913064346148e-03
5.013175243077508999e-04
4.172056701038989387e-05
3.316437002511161080e-04
2.328038868217370170e-04
2.212127431844455050e-05
7.815047400669674293e-05
-8.912227954978161650e-04
-2.720919152056676740e-04
1.456459056474829726e-02
-4.589184752934545499e-04
5.791059701956176656e-03
-1.592655748829851971e-03
2.201800334821816228e-04
-1.343954902589128840e-06
3.771535981858601923e-04
3.158837221152342918e-04
1.071915624734413763e-05
1.371022824864495996e-04
-6.877348528489794386e-04
2.345423044470945628e-02
-1.696231216361714653e-03
2.369746562158252506e-03
8.364208139736531737e-04
-1.916061037665451423e-03
-5.291303476123887002e-05
-6.871746036915657354e-06
2.946593427736298593e-04
3.150800351882271952e-04
7.366956186810657999e-06
8.296128241393412419e-05
-5.982427566045115958e-04
2.531216037759266221e-02
-1.189075187203244600e-02
2.758454056196497570e-03
-8.842515762394623571e-04
-6.629371886787652213e-03
2.154525360151045247e-05
-1.234021790694467930e-05
1.688747412480790671e-04
2.091049719979088870e-04
3.142842595007834460e-06
5.497218795713063844e-06
-1.104545539820130616e-03
1.711257802658468913e-02
-1.170389565018775321e-02
2.738286333291835902e-03
-9.494277538192884324e-04
-5.895063347150483572e-03
1.329211322100300706e-04
2.720395728962520380e-06
1.760125388645229034e-04
1.845173245439996209e-04
-3.313499586522680843e-05
1.426061152627491638e-05
-1.122502092639189554e-03
-1.883960507740606782e-03
-6.057772053017548147e-03
2.093795213717637195e-03
-3.664579054137026624e-04
-6.196082610397789930e-03
6.068834248610974988e-05
4.087509597897389795e-05
6.866854731423642662e-05
5.367722080251754206e-06
-9.001916690339904000e-05
-1.537405273440753441e-05
-1.221228057471500849e-03
-5.662423913814615319e-04
9.197057172911990083e-03
-3.824921841319161046e-04
4.399410695416216231e-03
-5.399045347418372602e-03
-9.001841535692715023e-04
1.404159421371582901e-04
1.339340254538319628e-04
2.160138421165041947e-04
-8.585350587868484146e-05
-2.431713643701425719e-04
-1.501924705602606692e-03
4.934118222668680076e-04
2.130040860337621006e-04
1.074379505013459656e-02
7.442775680025678561e-03
-3.982952662372493333e-03
-2.388049674835886985e-03
2.812571514811690061e-04
2.413058842493359245e-04
1.846348560799093079e-04
-7.427353171729870385e-06
-9.827586433437745465e-04
-1.580220595212471777e-03
5.364551386493358540e-04
2.132794703766978264e-04
1.083184924051791911e-02
7.388092950561508596e-03
-3.799453938541565590e-03
-2.478242790366876839e-03
3.008021109132326702e-04
2.177469127202173293e-04
1.820210628335458861e-04
-7.454115618931302594e-06
-1.098472166808674372e-03
-1.379413810092600112e-03
-5.674856532483662673e-04
9.182764808347435373e-03
-2.981271379176773603e-04
4.432970266529528969e-03
-5.127646981468953445e-03
-9.723910044186857620e-04
1.358462027222190978e-04
1.254047086326572134e-04
2.085779790280383459e-04
-8.798891231019352122e-05
-2.953108256388404618e-04
-1.324335722594407972e-03
-1.909373248111931190e-03
-6.145413821216476509e-03
2.070371565899203903e-03
-3.357787542414308228e-04
-5.845396192649044385e-03
1.195373168256924420e-05
3.252746201555407879e-05
5.891401978187870271e-05
5.138145306595524944e-06
-9.361737389509710205e-05
-1.869875103658010773e-05
-1.085035799618458289e-03
1.731964725508332303e-02
-1.174254021469620102e-02
2.723368589950560074e-03
-9.211517042050371010e-04
-5.724038097480895620e-03
1.268379215220184211e-04
-4.338027892290593894e-06
1.618610856021833152e-04
1.807619289419204695e-04
-3.482850741488126360e-05
1.468664540131272030e-05
-1.040852411683847482e-03
-5.401976069306595359e-03
-1.982348764291381321e-02
-1.181562154066558923e-03
-8.921623831924467953e-04
-1.092437879949318194e-02
1.775891635458323867e-06
-1.936899295384010139e-06
1.515155080720761050e-07
-1.632569893899860398e-05
-2.430583949810748005e-04
-7.427351965103049728e-05
-1.620882284774756866e-03
-4.860854138755308848e-03
-1.888118001459062820e-02
-1.217634997352881696e-03
-1.004595773301627214e-03
-1.082504977780246631e-02
-2.427399803825604338e-04
-2.753135741203713016e-06
-2.233851721547905066e-07
-1.434521648384655106e-05
-1.434010463026975479e-04
-8.160652768525203881e-05
-1.630087897301159706e-03
-3.710173062347462900e-03
-1.219616125279971222e-02
-1.317045381048832006e-03
-1.201984646447951067e-03
-1.103375420243043678e-02
-1.434353147592234414e-03
4.078932870478477098e-06
-1.138816982220327233e-06
-1.091614950859083766e-05
-7.736357097790526728e-05
-2.015328641956835279e-04
-1.610445428420197167e-03
-3.402080141770637799e-03
-2.972916322120339443e-03
-1.547790190010819855e-03
-9.347681760477743323e-04
-1.080647274972254025e-02
-3.963922522123561332e-03
1.293104186698169973e-06
-1.231311211145743961e-06
-8.968189389120522100e-06
-5.123145943026416189e-05
-5.796153171048993181e-04
-1.606293808702818860e-03
-1.564647155169998009e-04
-2.353484616926645057e-03
-2.312596821553433506e-04
-1.840797321170938722e-03
-9.506285681465692639e-03
-6.821307361726812978e-03
-1.660127260357416342e-06
-2.910633447959635834e-06
3.127662292853254555e-06
-8.430933074747523037e-06
-9.843880899152721627e-04
-1.338875442964682951e-03
-1.474214861426388504e-04
-2.408014725112181658e-03
-2.449525848211425716e-04
-1.757590594651370960e-03
-9.107598965486565432e-03
-7.208806462931647771e-03
-2.169516384314848790e-06
-3.783012989117850693e-06
5.051138832147448164e-06
-1.121102145229270939e-05
-1.115620099620130180e-03
-1.179056905039135373e-03
-3.371407498896754947e-03
-3.029469349226976242e-03
-1.431583297862730085e-03
-9.195666718252776175e-04
-1.017589092494943816e-02
-4.235442528168753377e-03
1.221158106596968621e-06
-1.275227672287744388e-06
-1.032117128562415432e-05
-5.255942269372435835e-05
-6.610552250155808402e-04
-1.502475746812079486e-03
-3.887762231336802914e-03
-1.217632926555707248e-02
-1.216214809842635193e-03
-1.214916627568757941e-03
-1.045008455653298647e-02
-1.521815761925618665e-03
2.111747405913184900e-06
-1.113829878725666251e-06
-1.307127108987847667e-05
-8.317227160732318955e-05
-2.239989788759928421e-04
-1.556219321124470943e-03
-5.018135756704109919e-03
-1.893694519848662661e-02
-1.166427593165111475e-03
-1.033780611550839251e-03
-1.075774964370725464e-02
-2.304115705645050664e-04
-9.081609944767007894e-06
-1.627728919257200311e-07
-1.557542755179146894e-05
-1.471208664560852528e-04
-8.521545669079155089e-05
-1.610624666930943584e-03
5.119862241062885649e-02
-2.257567174604681315e-02
4.242586580843588952e-03
-6.113582307846602594e-03
-1.060869627946239342e-04
-6.592676669896484643e-05
2.776967966742156438e-05
1.017209750679399729e-04
2.273283589303648977e-04
-7.634605673984299831e-05
-1.037200924517563502e-04
-2.727767757815840761e-03
3.478406574482822283e-02
-1.755945900817506775e-02
4.466694387043491227e-03
-3.427768643216705358e-04
-1.261291009385429214e-02
-8.740801413406638432e-04
-1.514994302409948254e-06
8.363177019606610348e-05
1.816709384488038423e-04
-3.010509908241564312e-05
-1.049547600667852248e-04
-2.565824681578608192e-03
-8.271106101205993530e-03
2.164150764029346835e-02
4.887148154680096869e-03
-5.426755282426895576e-04
-1.509568972157828565e-02
-3.168704500389618248e-03
1.654673602015787351e-05
5.167383086277841753e-05
3.066194106836240875e-06
6.662870787698378025e-06
-2.427123862013033488e-04
-2.079543486639654892e-03
-4.557444292442656801e-03
2.394092845545337661e-02
3.359944031284531080e-03
-3.322148562301208770e-04
-1.474214716920858349e-02
-6.993889436824612602e-03
1.405095652213864111e-04
1.745367910776270064e-05
6.297325564264420121e-05
2.488157426437595193e-05
-5.644374961604808547e-04
-1.591012555290704416e-03
2.420576742345578367e-04
7.122910495135271634e-04
4.961859670459324231e-03
9.575174135289675828e-03
-1.356806719164612568e-02
-1.062103514470633114e-02
2.617344023881997580e-04
1.418377738003494975e-04
2.111067245709547706e-04
9.385388111501967532e-05
-9.922603583487222406e-04
-1.278598366962556626e-03
2.369360526135556389e-04
7.605023994961044144e-04
4.780901168094460821e-03
9.624610288957637788e-03
-1.309463219519066413e-02
-1.090466814842788040e-02
2.639730935881494118e-04
1.435175304100152680e-04
2.306749810303258981e-04
7.408171464387490446e-05
-1.062392450717794578e-03
-1.245711904150526191e-03
-4.509153593612191639e-03
2.369516965511338918e-02
3.444170130961785991e-03
-3.188349494295025636e-04
-1.420912641592362788e-02
-7.032611907049877292e-03
1.377470372079863065e-04
1.802929991252261510e-05
9.892561434883905924e-05
-7.585485024716808765e-06
-6.346585557171375300e-04
-1.570120137448621864e-03
-8.098224808785558712e-03
2.127927127927187190e-02
5.118479824728293034e-03
-5.766643701352357817e-04
-1.466242602500961167e-02
-3.091635983366310386e-03
1.612419898349761062e-05
4.533219565207499138e-05
2.524089405072619633e-06
-2.357336018813197822e-05
-2.723899346144635636e-04
-2.062521785547182743e-03
3.451423728011020903e-02
-1.764641543010681338e-02
4.571687361577290304e-03
-3.524835526038026757e-04
-1.249886199622287329e-02
-8.030097841815055744e-04
-1.697178695531380970e-06
6.305439747592449836e-05
1.656037998760151204e-04
-5.454670923336545979e-05
-1.155948618138241126e-04
-2.536987546164591947e-03
1.975395628605792347e-02
2.164833720750465249e-02
6.268480292026570345e-03
-1.021757118376485918e-02
1.397080822578263622e-04
-1.735919299418910286e-04
5.638541439635242741e-05
1.728009490324171316e-04
3.525524143099872595e-04
-1.029964803029134908e-04
-2.332415358803730673e-05
-1.678833869722632472e-03
-4.885534272084860255e-03
4.598476217097609287e-02
6.684867857940398131e-03
-7.046859161781250658e-03
9.767860638912322254e-05
-7.300737487633930049e-04
1.256728694561233654e-05
1.832364018689598001e-04
2.349915752647749030e-04
-4.901510091957851824e-05
-5.108225443658812796e-05
-1.616004642823228336e-03
-8.644588891073282794e-03
3.714791652227861229e-02
8.186829180508571266e-03
1.248164756900561987e-04
-1.119368171773462393e-02
-2.333012268563510599e-03
3.628073092185922939e-07
1.780716144297970495e-04
8.261862485894326156e-05
-1.662944509169363757e-05
-2.278784293108055629e-04
-1.274688742061515917e-03
-3.007280845237264057e-03
2.324030597727211669e-02
2.485376581602683627e-03
1.167120608298644101e-03
-1.247378943751935310e-02
-5.587919414009491839e-03
5.360235443581590816e-05
1.513728365120125044e-04
2.983665391556956098e-05
-4.476983862271043032e-05
-3.370736751404054040e-04
-8.940831759239354108e-04
6.662922834231612659e-05
-4.134612684738758797e-05
1.754670538551954262e-02
1.249259383511163238e-02
-1.114223995071138631e-02
-8.926320807196470863e-03
1.864225256754849377e-04
1.603136880191872581e-04
5.773788530375887680e-05
2.428718385898959690e-05
-5.528756651399487423e-04
-5.891859964302795325e-04
6.126483557361630812e-05
-4.169414526319698331e-05
1.695632594310973740e-02
1.257529687568373702e-02
-1.102107997249891953e-02
-8.849399549886826158e-03
1.807935119678976028e-04
1.653001838786288011e-04
6.807363699462956662e-05
9.985283760384826857e-06
-5.894156817800135558e-04
-5.574024396212939316e-04
-2.877136741611590904e-03
2.307195761366508807e-02
2.381295834156052678e-03
1.108197103029739256e-03
-1.228997508076729896e-02
-5.263609833214117316e-03
4.007960774424866438e-05
1.420070086730920408e-04
3.585667820056547391e-05
-8.278838670315347452e-05
-3.600651998275152823e-04
-8.682735818680045433e-04
-8.425624122033801081e-03
3.666861547022682438e-02
8.200521579351255017e-03
1.371993962611599109e-04
-1.115950510112661588e-02
-2.073983904960032855e-03
1.586927459132580380e-07
1.459928368478903625e-04
7.480257035460267836e-05
-4.538680457068964235e-05
-2.216767194620130200e-04
-1.226560473731001712e-03
-4.648015902071925103e-03
4.457016782080292644e-02
6.628690045134499019e-03
-7.081050835295875194e-03
9.418220368395167712e-05
-6.387246566767579119e-04
1.789355265265877380e-05
1.398547679566365892e-04
2.200827265266868456e-04
-5.585446770808360432e-05
-5.071928859782701241e-05
-1.591357526217895488e-03
-1.049225158158581078e-04
-9.348996875216456209e-04
-5.232745917901929315e-05
-5.845914958322105768e-05
1.296284000258281526e-05
2.313042388880037320e-05
-2.501010141664563953e-06
-3.689055512080735485e-05
-9.904673022823286359e-07
6.931210885801096881e-06
2.265366326778162368e-06
4.015518633988238493e-05
-9.995532414653720871e-05
-9.361519070228943758e-04
7.020502284495357256e-05
-5.534672005331397272e-05
-5.716873190550895620e-06
-8.744295444029234773e-06
-2.760741147901951138e-06
-1.070317341523309848e-05
6.908011433505009559e-06
1.784489712603863908e-05
-5.092955540497173042e-06
4.631125950939980664e-05
-3.879236421531454698e-04
-6.435432793869510755e-04
-1.953355557691657716e-06
-3.762924501112738229e-05
8.350268713547182758e-05
-2.691815560544549935e-05
-5.406741356034534310e-07
3.270462153053978550e-06
8.335788931611446469e-06
3.782669385284226163e-06
-4.942295361816863856e-06
5.630096970839408121e-05
-6.049224452870066959e-05
-1.887026638917415049e-04
-8.929388727110927312e-06
7.589108845687239700e-05
3.035378907062276168e-05
5.617481419838185987e-05
3.981524072524389615e-06
-1.373795544681256121e-05
-9.345330888045346270e-07
2.736681073759262381e-06
-2.625654720097015109e-06
4.745938587291014324e-05
4.539675307952504881e-06
2.662400622937537790e-05
-1.717787525348054472e-04
-4.452271826981691320e-05
-3.306738681113717115e-05
1.181192645570936116e-06
1.583811881586773167e-06
-2.636007040663821714e-05
-9.803574156972958258e-06
8.370645379716517374e-06
8.630381622894008574e-05
-4.231109488809294298e-05
-1.541261913895954953e-07
1.477289922453598401e-05
-1.943944319114712310e-05
-2.194094055130296490e-04
4.370391346814445326e-05
-4.561294557681675333e-05
-2.221338440049918950e-05
-7.661084586186392989e-06
-2.562906372781880748e-06
-1.776677085213622791e-05
3.663731968028367060e-05
3.142091376944142742e-05
9.980270015722452002e-05
-1.413983229653615844e-04
4.076103335708946836e-06
5.315339186870894769e-05
6.746544613488800332e-05
1.117556349094176870e-04
-1.257080513679616522e-05
-1.687226179947025261e-05
-7.187353562238318541e-06
-3.288822783107770120e-05
-2.105855372583118159e-06
8.951349456687216464e-05
-5.409073885833123272e-05
-4.940359134454615046e-04
2.301717907697343435e-05
6.769380350655997388e-06
1.227267385205285351e-04
7.293261934775802872e-05
1.339944132378671664e-06
-2.953248125613345632e-05
-9.827811720625952591e-06
-2.697406022574696261e-05
3.066426424560746774e-05
8.576525977902334187e-05
2.172298587477737813e-04
-9.089242845495515378e-04
5.847029243847245950e-05
-9.084124699749132777e-05
7.241547119003747666e-06
4.965069924411576218e-05
2.975664844495340315e-06
-5.677821209383196270e-05
-8.498766407991998888e-06
-1.140030033668832553e-06
1.620034680313230758e-05
6.511565214696544697e-05
-2.073419948523414977e-02
-2.262013687137389220e-02
-6.470799599766407714e-03
1.016659754105120328e-02
-1.030888617154665873e-04
2.256376854117461803e-04
-5.701066374989833776e-05
-2.047143219236907674e-04
-3.571798038192297142e-04
9.041286081955044851e-05
2.944518253526690391e-05
1.846826915359072157e-03
5.062943332343579177e-03
-4.729294492468143207e-02
-6.876256624145324695e-03
6.950422616787149503e-03
-8.409263467977971362e-05
7.189253537068783810e-04
-1.595133296537948103e-05
-1.580608867250791745e-04
-2.303797733846214650e-04
5.431507345737494592e-05
5.407465832431576711e-05
1.721455509271998261e-03
7.916350449439080519e-03
-3.847989104926095166e-02
-8.571070115818091306e-03
-1.596262327535920679e-04
1.104305080988863229e-02
2.334734900965044525e-03
-1.420755355666143671e-07
-1.547067239699011242e-04
-7.117223502693437219e-05
4.583372158864136445e-05
2.278355054326351877e-04
1.377167374022766422e-03
2.892651092369535187e-03
-2.371273689330576084e-02
-2.486970891672644814e-03
-1.163330576374929301e-03
1.252345872659113915e-02
5.636884049650540615e-03
-4.095666846979280362e-05
-1.596308335830358915e-04
-4.899630204088876989e-05
8.126675164574390065e-05
3.683716829297905052e-04
8.619301495910710936e-04
-6.153084336849556620e-05
7.179978091766699275e-05
-1.730743100340915303e-02
-1.269772131737547348e-02
1.094848506354132410e-02
8.991774311226222866e-03
-1.716398016952568257e-04
-1.887752117595957468e-04
-9.640732532744009065e-05
-1.167325179853216069e-05
6.925413620180378028e-04
5.457117602889097847e-04
-6.369418862712718655e-05
4.630864378176699535e-05
-1.737575378914315433e-02
-1.272900978386291675e-02
1.100982616920751986e-02
9.022334494951272585e-03
-2.039036860308383273e-04
-1.618952748790680285e-04
-8.639306076828983901e-05
-4.179230213398656688e-05
6.367106713696787847e-04
6.422876408297680060e-04
2.962817834046271252e-03
-2.334543288547794374e-02
-2.466482424958715662e-03
-1.201176568603589540e-03
1.264555062924841572e-02
5.681867601467436787e-03
-6.322539054179712216e-05
-1.586748708419991852e-04
-5.290023151033954312e-05
3.757457615791130750e-05
3.662126893648980476e-04
9.348257879361408351e-04
8.165015535600211177e-03
-3.817040040224307235e-02
-8.520984528550415785e-03
-1.189541454582072330e-04
1.106960684479754362e-02
2.448034136984068160e-03
-4.786118854727677115e-07
-1.841003905862508721e-04
-8.413272456113442548e-05
7.935375578779771334e-06
2.553956438585857540e-04
1.441339991785718037e-03
4.988438571921436845e-03
-4.750326203252198259e-02
-6.968929381498378470e-03
7.048727077941917968e-03
-8.309996583990043330e-05
7.714591788488549436e-04
-1.333004552195878933e-05
-2.106308853993586554e-04
-2.454401802937658463e-04
4.038577882459943750e-05
6.753613441967595008e-05
1.772308937363688839e-03
-5.249384646647670127e-02
2.201703195553072340e-02
-4.654714655565986813e-03
5.937284313223493287e-03
9.543158085223949090e-05
1.348583664491674941e-04
-1.928102738707888932e-05
-1.405763137144867652e-04
-2.192924563028951274e-04
5.546439927118437536e-05
9.246494653584059337e-05
2.715204298487134890e-03
-3.527711759635476091e-02
1.677484227110522669e-02
-4.608753080476366178e-03
4.114294051017063514e-04
1.220952327019542323e-02
8.665188668941940569e-04
4.864859923917361451e-06
-1.104335678719919748e-04
-1.494830387544181910e-04
1.646458182564525648e-05
1.131512066560552660e-04
2.542870922333598412e-03
8.142105105248724842e-03
-2.182431219298003322e-02
-5.021211129665889387e-03
5.491907439480145934e-04
1.482274366946476248e-02
3.125209004260787356e-03
-1.465750171738519590e-05
-5.474551530478263475e-05
-2.544269531627388884e-06
8.332737842921386892e-06
2.523314619864946398e-04
1.992733947024529113e-03
4.418492135583231700e-03
-2.381434589515363937e-02
-3.454308305463774618e-03
3.450733814339993974e-04
1.419806663210483079e-02
6.894322638771145824e-03
-1.354536629026233704e-04
-1.609275349210041720e-05
-8.580849316750561475e-05
-6.408153401792316903e-06
6.079418754716023028e-04
1.505099368829642152e-03
-2.317898363722451286e-04
-7.745596758617737413e-04
-4.794728750792570313e-03
-9.717109537166052774e-03
1.314710815543508084e-02
1.037808846674193909e-02
-2.593099834747795811e-04
-1.538391425395915009e-04
-2.197117666939760584e-04
-8.491054659803756873e-05
1.090990683154526887e-03
1.272307695803308498e-03
-2.343252194066597143e-04
-6.889768165146116724e-04
-4.957597138593188360e-03
-9.603104430311242695e-03
1.319688357027730581e-02
1.040373332364152165e-02
-2.809913415989863687e-04
-1.424894224420517280e-04
-2.258577764821880797e-04
-1.074717522435277104e-04
1.031508284561719448e-03
1.351221234738605396e-03
4.540217937252111896e-03
-2.372479636105237835e-02
-3.503708910716076246e-03
3.666383461809149028e-04
1.454575467256698749e-02
6.973835542650482118e-03
-1.640140783814553031e-04
-1.785454143175306476e-05
-8.464341986502872672e-05
-4.113106658380940559e-05
5.864478286834629191e-04
1.585396669740181484e-03
8.365090366612253081e-03
-2.203000420458866085e-02
-5.000228971748597179e-03
5.861933306877417735e-04
1.521568865351513936e-02
3.140220321619661015e-03
-2.129469314961846539e-05
-3.966884172696057300e-05
-2.801258897492163466e-06
-2.060937562069132506e-05
2.595721101260393244e-04
2.071517716450292906e-03
-3.513357125042182449e-02
1.759190519857094237e-02
-4.627912990214988649e-03
4.132367550659145632e-04
1.220272658364584747e-02
9.063713060927609463e-04
6.669449129883874499e-06
-9.280229419481050455e-05
-1.637772787526720552e-04
-9.089403755659455091e-07
1.186153998918737805e-04
2.613526574234725439e-03
5.911911247793113664e-04
3.143775365579882467e-03
1.828669965376654644e-04
3.201763309382635336e-04
3.114495548325099845e-03
3.256466129008071114e-04
6.997619221503405956e-06
-4.298651153923704221e-07
1.873597226147040729e-06
1.334114155130631391e-04
3.523914099284772657e-05
1.013806488822674087e-03
5.339004524209277824e-04
3.103721098821332885e-03
1.535965545638133122e-04
4.315351677313385105e-04
2.814888876550343793e-03
2.008868261016656177e-04
6.904458541549225462e-06
-6.223205388877529141e-07
1.843494072031008711e-06
1.133458187812767267e-04
2.121817092820542326e-05
9.408021876508215536e-04
4.346054760914266077e-04
2.037316845085142443e-03
1.464776327115404416e-04
3.339720057674106716e-04
2.446199628795891687e-03
4.494554590984996770e-06
7.033133759154451175e-06
-6.296364907954793373e-07
9.283574493891179299e-07
7.624344044176585805e-05
2.516910460089989785e-05
8.681717019352776362e-04
5.589351130341710947e-04
3.323071630469784268e-04
2.544832602355251417e-04
1.422231277854358754e-04
1.849414109107131061e-03
8.720046581448284392e-05
3.373142294807904100e-06
-9.282777830558769134e-07
3.804342947682764441e-07
2.086536861571468100e-05
-5.195330103082563519e-05
8.730978679083586588e-04
4.659542156062834148e-05
2.621111638496146333e-04
8.645334603178026313e-05
1.861508430558184591e-04
1.273142648000157983e-03
6.284161869081531480e-04
-6.707587244966775507e-07
3.964789394220509246e-07
8.532398412709520108e-06
2.183536145052598364e-05
2.843881214454370421e-04
1.036416158727495413e-03
4.626134798755222237e-05
2.457382560343813159e-04
7.115023289593659379e-05
2.008408748609807057e-04
1.267774765501361459e-03
6.823989796871002917e-04
3.880956353846015923e-08
-4.737331439822848524e-07
-3.856487911733125469e-07
2.580206741686832334e-05
2.853564137740533880e-04
1.077916383544824750e-03
6.764510462325002554e-04
3.541983765760044959e-04
3.102444883502679320e-04
1.514612481580469058e-04
1.881953439802796623e-03
1.229764953744637897e-04
3.323418778971426463e-06
-3.563716822016630014e-07
-4.678838233491266281e-07
2.255105007390567940e-05
-5.482793204042413058e-05
9.075028672063576406e-04
4.370093318242104460e-04
2.189651324301380812e-03
1.435582310817268975e-04
4.791471528151463048e-04
2.452462388670071693e-03
3.235375506360635137e-06
4.873624735888035971e-06
-2.184038800608430015e-07
4.173571225019108176e-07
7.724108513968967900e-05
-7.133018212550051056e-06
8.916582548205869742e-04
5.646050630677513582e-04
3.157474423774828988e-03
1.550859236417752426e-04
4.697037598885299469e-04
2.813414594657665749e-03
2.012551608603076691e-04
4.684617701901720519e-06
-4.147291183350516499e-07
1.878912467540009269e-06
1.194166323533974789e-04
-8.006248537417301676e-06
9.699099345442643762e-04
-3.500705815794676046e-02
-3.810760287640534713e-04
-5.125227297779359759e-03
-2.668594610868615569e-05
-9.805462849507851086e-05
-3.593590127544384419e-05
-6.791666605481511980e-07
-2.408229799111552766e-04
-1.610155568350682105e-04
-3.300878599192626136e-05
8.431559670750866237e-06
7.246184895624419051e-07
-2.628485119647825871e-02
-6.272574526786307879e-04
-4.461245369365722871e-03
1.380491856527413593e-06
-1.260466687034987078e-04
-5.920427286903936641e-05
-8.967398760832310936e-07
-2.867734438868780873e-04
-1.837929899377637117e-04
-6.900545747932606265e-05
-7.253923199637805749e-06
1.048703277192714967e-06
-5.168295482676007503e-03
-4.178476146309537814e-03
-9.320723430033032129e-04
-8.305722186864321517e-04
-1.260799212632515004e-04
-1.222044693080520260e-04
-3.052153648693424465e-05
-3.641622658427092428e-04
-1.828872252263188361e-04
-6.749723669003335755e-05
5.613442881725133603e-07
-1.208068030245283369e-06
-3.355811778167252634e-04
-1.868178292675757787e-02
-4.483654519696885572e-04
-7.279146134901095730e-03
-1.400002808491571506e-04
-1.024261372908570394e-04
-1.330213057904130233e-04
-1.814942554193379771e-04
-3.704947273076308629e-04
-6.883065635943678908e-05
-1.191732702073666666e-05
-3.345248940189651776e-06
-4.873325746743735064e-04
-7.569255988742694917e-04
-1.519703811227448784e-02
-1.022112842496408769e-02
-1.092666808394900449e-04
-1.002315602805572563e-04
-3.006172389742214185e-04
-2.266507315301044567e-04
-2.893458947938212203e-04
-1.122603424813396332e-04
-1.596189210472541941e-07
-6.089914493942826314e-06
-5.400362072951127475e-04
-6.997945280734640819e-04
-1.528209462439976754e-02
-1.020519738110308924e-02
-9.763787970525163770e-05
-9.887154655609199302e-05
-2.968054441567002716e-04
-2.350780456239977994e-04
-2.833256874244792804e-04
-1.121742163257769670e-04
1.834955181397364917e-06
-6.502210854413511283e-06
-3.121641624459050635e-04
-1.892256150542342280e-02
-4.382137051638158084e-04
-7.145850907725044034e-03
-1.232059313033918640e-04
-9.344462668463167354e-05
-1.350036632018865237e-04
-1.821754915575320610e-04
-3.599240618482229593e-04
-6.284526974928783343e-05
-1.674390136103271333e-05
-3.325734829790572917e-06
-5.064626731375261592e-03
-4.292612318206255953e-03
-9.017390445419559870e-04
-7.361143287372793210e-04
-1.158299839974605310e-04
-1.116281832119195760e-04
-3.041783970040049748e-05
-3.519534912436299312e-04
-1.791106604253577775e-04
-6.244704509687116361e-05
-7.270643565730186297e-06
-2.154448373629415042e-06
-2.586026666310116406e-02
-6.318345211357615605e-04
-4.482556872093219208e-03
-1.318382674764289253e-06
-1.306324766859359959e-04
-5.922552529113115906e-05
-9.973328943502520019e-07
-2.797023077204958941e-04
-1.803503991070768071e-04
-6.514932069806663622e-05
-1.091579783597213509e-05
1.626961119938931086e-06
-5.524254390529122205e-02
-8.699617534131689166e-04
-7.016115334042853126e-03
1.374929271139040848e-04
2.815269262568741073e-03
2.533278293410845452e-04
7.995737760776095761e-06
-2.709016824075381044e-05
-3.190304090224239898e-04
1.514511833256038944e-04
1.564766554074441073e-05
1.253309448155317304e-03
-3.150426263665236787e-02
-6.285439249669910050e-03
-1.649044656008164357e-03
-6.695966918494464975e-04
2.477164528957187962e-03
4.761250390338074356e-05
-6.313408547485217915e-06
-5.216606543165595145e-05
-2.747225087338265800e-04
1.157561103279667139e-04
2.147146778345988455e-05
1.216847214556004758e-03
-3.411106091262867176e-03
-2.725187622995605546e-02
3.833073943360321926e-04
-7.700129022244503116e-03
2.188453958308516668e-03
-2.446672215917105372e-04
-1.715551021694292635e-08
-1.467041377659261052e-04
-2.310336980922326295e-04
2.717292317670698507e-05
-8.593579369158179374e-06
1.020283693607806257e-03
2.195246442969367060e-04
-1.170108501004507465e-04
-1.694221151763687649e-02
-1.181354155101913342e-02
1.942487218170854332e-03
-2.031865602747691068e-05
-2.684456834654642325e-05
-2.523024705695176353e-04
-2.114131920693395760e-04
-7.239348518964644475e-05
6.915734997041439733e-08
8.174283556500341972e-04
-1.242588937426490365e-04
-8.161395259964807601e-04
-1.977339089824001542e-02
-1.585096660859705575e-02
1.257475412387310367e-03
5.626586947286020719e-04
-1.350353447510079441e-04
-2.514226041555865676e-04
-1.342440568355902680e-04
-7.821456917734861101e-05
5.019340788751928446e-05
4.771166663211763256e-04
-1.476034350899541124e-04
-7.074862465367843774e-04
-1.956406349703283809e-02
-1.600543718558793821e-02
1.225254164116189011e-03
5.658068030065444747e-04
-1.333957351064734339e-04
-2.446577206133998018e-04
-1.237332160714105765e-04
-7.363011376827870429e-05
6.437415485428059337e-05
4.918700091386045241e-04
2.441556656969692514e-04
-1.149936978939259736e-04
-1.667897507614046759e-02
-1.186748360655053534e-02
1.888367237537671561e-03
-1.940208689858443985e-05
-2.523149767865472259e-05
-2.401843010670678719e-04
-1.930778071674687634e-04
-5.729058929377588811e-05
-1.207419182876734362e-07
8.135987289339606217e-04
-3.260810843466785403e-03
-2.756462315776353131e-02
1.870588557030217159e-04
-7.709883779787939789e-03
2.161307115018914430e-03
-2.249093778596672726e-04
8.054315833714874532e-09
-1.393933394643659851e-04
-2.070570890816933766e-04
4.202659420707864949e-05
-5.608404472891441697e-06
9.987506881481958334e-04
-3.072819245240345984e-02
-6.333176676237156806e-03
-1.608610199123639353e-03
-6.593968711724159174e-04
2.496410970955441604e-03
5.431579501969741128e-05
-3.951111174968548550e-06
-5.139781083388102444e-05
-2.795371481498719313e-04
1.261825968753427631e-04
2.289602673227617491e-05
1.198231985253092992e-03
1.017694524977169975e-04
-3.538174839401967559e-02
9.225573722213414873e-04
-1.063610758983758644e-03
3.492527371435516070e-03
-8.657342450931473042e-05
-9.860641233742402237e-05
5.871582097336485443e-05
-3.910734348355315425e-05
1.796628545536124992e-04
1.494045750245325721e-05
9.520243539194432223e-04
-4.818717259978066991e-03
-2.511972618379099478e-02
8.675882146367572354e-04
-3.397758819213245272e-03
3.927028321949164319e-03
-5.123670030238634766e-05
-7.365100108457714727e-05
2.047698902893271817e-05
-2.330712757404529708e-05
1.468701898607576036e-04
1.965802196141105664e-05
9.406162688287046528e-04
-1.186490760022012670e-03
-8.077257704054924617e-03
1.802812282115195995e-03
-5.931875055166542857e-03
3.790743816381087795e-03
-1.006684270683920631e-04
-2.452559364183844529e-05
-1.535572957674242176e-04
-2.172399187241450577e-05
1.084176486509240319e-04
4.882943227783721974e-05
8.761595274392410980e-04
2.696863417162512081e-04
-5.801116162079762630e-04
-1.599242853177220564e-02
-8.382178537185057399e-03
3.462021100673137817e-03
2.913438260538947261e-04
1.779467704046133544e-05
-2.526862400196872439e-04
-2.841376132753010855e-07
8.437415019824759973e-05
9.812584155577737551e-05
7.539214860060962147e-04
3.413600683462109179e-05
-6.325939281095324575e-04
-1.442224219965512581e-02
-1.101979010675813164e-02
2.395970860038388467e-03
1.286169434212199383e-03
-8.151488977550890686e-06
-1.630694500277611299e-04
3.899361178149130869e-05
6.454655490443766822e-05
2.703096575701455142e-04
4.155189959402349879e-04
3.634975710201035764e-05
-5.308508593860126849e-04
-1.439642087819478083e-02
-1.106982316786006386e-02
2.337434313932249333e-03
1.312697413101196952e-03
-1.669266443717678290e-06
-1.673239493311766955e-04
5.107010423736826622e-05
6.566143940026661309e-05
2.736098738866593410e-04
4.071588642492316628e-04
1.701815370545019333e-04
-6.356999639165967012e-04
-1.592881194910102105e-02
-8.416777059609503384e-03
3.340088199203887498e-03
2.905774684574946717e-04
2.331384042520763221e-05
-2.520108405004009349e-04
2.374583065650565661e-05
9.515441449728972620e-05
1.010024845908587526e-04
7.502271117466250945e-04
-1.220076269652085876e-03
-7.976006150201072828e-03
1.698196037377716497e-03
-6.022032354122875200e-03
3.710645143311811899e-03
-8.001522451687007357e-05
-3.287063236530201086e-05
-1.475941255163969960e-04
-1.202153194228130054e-05
1.257164813523114447e-04
4.541295054443599384e-05
9.267781481662739100e-04
-4.837817776042543060e-03
-2.504846117767386623e-02
6.655352997273160766e-04
-3.423059702825680464e-03
3.933919087723980988e-03
-3.861329971874987756e-06
-8.333878684191557815e-05
1.975617868449009159e-05
-1.872204144143082758e-05
1.607916940763283117e-04
1.427470691985429128e-05
9.790093605359453683e-04
3.614643368981341397e-05
1.602451637110854880e-05
-5.393767784459785021e-05
-2.416341509735237480e-06
-5.721564301125867298e-05
-1.497811687889013616e-05
1.399689317772871759e-05
1.433021128148210932e-06
-1.212346143065632275e-05
-1.215354937841668934e-05
1.086232430929209015e-05
3.160808128665957938e-05
3.911937696976414823e-06
1.150501776254471111e-04
-1.181325720652328004e-05
-1.212246245099645245e-04
-6.786476250445208842e-05
-3.795456665197563648e-05
1.879892534993707516e-05
3.094727310687449142e-08
-1.349596323099457662e-05
-7.219213622847186180e-06
5.927311052994389840e-07
2.644420864405370403e-05
5.723572556695309384e-05
-2.817032564388827524e-05
-5.008058315715139462e-05
-7.795499039636729992e-05
7.196392851117525656e-05
-1.176948492846310054e-06
1.296481022036195598e-05
1.016247997835951266e-05
-7.332637032214449658e-06
-8.602402462412808958e-06
1.218612331652812629e-05
1.580241321335208710e-05
1.414633807391840335e-04
6.829118843196844773e-05
-5.935166827377305143e-05
-1.424970596885519268e-04
1.919234603304502298e-04
1.387878534848097813e-05
-1.876616359730166864e-06
2.029065550957811676e-05
-1.029354809826691150e-05
-4.002610445260698381e-05
-4.641105816224535989e-06
1.222145070056450437e-05
1.219624315617543340e-07
-1.009412776105738803e-05
1.034186787631068996e-05
-3.087742785325971553e-04
-9.569325852727681963e-06
5.693908488219656590e-05
-4.443979780644784412e-06
1.128900157535952073e-05
-9.913707068161412573e-06
-1.190048552557751441e-05
-1.632780154842609726e-05
-2.477780859966386686e-05
-9.432919322036194916e-06
4.886962420639566051e-05
-2.044380872940396285e-04
-7.883722504307376637e-05
-6.825013649150770410e-05
2.913393056718948157e-05
1.215721148892652741e-05
1.977704618464630345e-06
-1.632807099926803250e-05
-1.017363554880415284e-06
9.256903711649097291e-06
-4.492012924560397229e-06
-1.005404436555027803e-04
-1.196698299546126808e-05
-2.722795831715567262e-04
2.270530285013960296e-05
1.362226603047998492e-04
-2.809270806905498591e-05
1.563198402630037342e-06
6.317686876484398579e-06
-1.205992233740634496e-05
-2.350761204353038979e-05
5.981020529880388077e-07
3.621767850741074043e-05
-8.321737816992477743e-05
2.615337706390787394e-07
-5.197205967302585540e-05
4.787878614033276776e-05
1.391996937110282168e-04
9.910957327317557265e-06
-1.329522974707073382e-05
-3.844525118200248807e-06
-5.966200322535762578e-06
1.196204052684801279e-05
4.714701585321320331e-06
1.972329852600690042e-05
-8.813404646947372949e-05
-2.987583370143064644e-05
-5.452780099599144640e-05
-2.354055885521377577e-05
-5.563464688905108903e-06
5.167474514993815027e-06
-8.577400059034530707e-06
-5.507123737300072638e-07
-9.829870617430521579e-06
4.815098153950264493e-06
-7.069487070168419514e-06
3.415020191372958850e-05
-1.669571949007806757e-04
3.517133302639138814e-02
-9.798858738496521448e-04
1.171188036867607364e-03
-3.515379958994123161e-03
5.203395976796907393e-05
1.215822636139425535e-04
-5.871745793733404271e-05
4.136817849543472886e-05
-1.775256975013433773e-04
-2.866135727263016344e-05
-9.078418453118523596e-04
4.628264807028880344e-03
2.492916050622630622e-02
-7.214371211400110112e-04
3.398097968232053658e-03
-3.934537267846718867e-03
8.427231296004654863e-06
9.284933905989205196e-05
-1.911920858165197179e-05
1.686612818172674900e-05
-1.626482194970068794e-04
-2.624804583573109491e-05
-9.148993834271558533e-04
1.268221706044829521e-03
7.819875700107680599e-03
-1.702945069543458645e-03
5.895101963329621615e-03
-3.812421744646493638e-03
9.418848040119739246e-05
3.335020097000114303e-05
1.413203044101101922e-04
-5.088997880887911433e-06
-1.369459590401456085e-04
-5.824499605628521526e-05
-8.552953681387974981e-04
-1.418348549432160461e-04
5.898356452938037769e-04
1.594393643430790097e-02
8.277893051687511619e-03
-3.377353771694042474e-03
-3.045859249622401136e-04
-2.224943878043594882e-05
2.530012900861451945e-04
-2.503297064042103899e-05
-1.041640200003162505e-04
-9.975460006124072128e-05
-6.994192739768993880e-04
-3.781668197126846360e-05
5.141152097356638338e-04
1.439808640206092887e-02
1.089856148505913107e-02
-2.469471747052410810e-03
-1.321251308710018118e-03
-1.073162674031163263e-06
1.815892067370600738e-04
-5.849320550275399143e-05
-7.671649002304125697e-05
-2.840705092939921610e-04
-4.396375949853792084e-04
-3.570502654747265305e-05
6.158489863170396551e-04
1.442040215503556308e-02
1.103326846026969447e-02
-2.422262129663801944e-03
-1.353936398126386487e-03
1.242124663032693156e-05
1.697466546291672232e-04
-5.711671749660822195e-05
-6.495027148739171050e-05
-2.708362216124555934e-04
-4.438281453930176192e-04
-1.940133409518690741e-04
5.881077003995752910e-04
1.608956179036339501e-02
8.405678331216359656e-03
-3.396143483925088708e-03
-3.175499417445511890e-04
-1.676464832505059776e-05
2.494430974978547504e-04
-1.128258317001455703e-05
-8.384064800241042151e-05
-8.882482754321644998e-05
-7.217373873178804236e-04
1.347446396773022831e-03
7.971846260707729157e-03
-1.837881361415711788e-03
6.030671083885889155e-03
-3.908776064214523546e-03
1.101194294262593839e-04
2.722386256129917412e-05
1.477074778435172645e-04
4.409867052177695900e-06
-1.110332977149173676e-04
-5.975902423883422155e-05
-9.011596498534610918e-04
4.631212424999669140e-03
2.516103435052459425e-02
-8.793946741896051071e-04
3.549696778006720434e-03
-3.967526434109096625e-03
5.469273345733757351e-05
8.178282759916030156e-05
-2.019026615127288371e-05
2.069868785010877459e-05
-1.426574317483863370e-04
-2.923055744431732599e-05
-9.418237616824779931e-04
5.478098914425746924e-02
7.836649400211879481e-04
7.056803541717503701e-03
-1.747266649833673828e-04
-2.854745681460317108e-03
-2.442730399595729606e-04
4.865101379146026192e-06
2.806832942739032080e-05
3.777977209504482952e-04
-1.599856087745240305e-04
-1.368919022628612779e-05
-1.256288705026217031e-03
3.080584009516900215e-02
6.551588048418742656e-03
1.601736092631466171e-03
6.309158909186848678e-04
-2.466341420895915276e-03
-5.390776121606859005e-05
1.420325019229998242e-05
5.016005397264660434e-05
3.048335104989444546e-04
-1.296862070619502459e-04
-1.427236811673657974e-05
-1.200126648015819100e-03
3.306283878316998263e-03
2.740869760257085702e-02
-2.144184289761941859e-04
7.704678899880147355e-03
-2.164429743772917653e-03
2.751009974513013152e-04
9.477567516548149179e-08
1.399032435897913553e-04
2.268334859680590763e-04
-4.439849736760549269e-05
1.322770754232229862e-05
-9.933056703958420205e-04
-1.799757356509695816e-04
9.265804511889012992e-05
1.727071494398581264e-02
1.149718535848026808e-02
-1.917435568861288906e-03
2.175872298156955763e-05
2.446941176147448464e-05
2.341396831420449018e-04
2.129325661002293157e-04
5.103461212046777733e-05
-1.898232980731034626e-06
-8.121825024729145649e-04
1.397116963870881226e-04
6.758198722748943793e-04
1.967090549074787184e-02
1.592661058618005318e-02
-1.306795477020199084e-03
-5.959063174579140110e-04
1.400419863802086686e-04
2.577995793583356282e-04
1.459027971362563899e-04
8.465735368147329519e-05
-7.119860452305041122e-05
-4.843072228018873555e-04
1.206302353093998699e-04
7.657179631704857112e-04
1.978790746068878961e-02
1.598300286701835951e-02
-1.290534389182855079e-03
-6.118942614415126243e-04
1.669090052183741242e-04
2.481577782017761204e-04
1.579555095468871209e-04
8.531071056453855901e-05
-3.371925977467770769e-05
-5.461031975921888529e-04
-1.402270273423968582e-04
1.083614269439762002e-04
1.737777588827020894e-02
1.167008282671179800e-02
-1.919476678121846908e-03
2.235648657786398300e-05
3.555261383017078249e-05
2.386784721934140970e-04
2.265313802424544969e-04
6.175973552073083124e-05
-1.496997294076690312e-06
-8.958184750188412588e-04
3.466014372131640507e-03
2.763302234332725912e-02
-4.697445259032173169e-04
7.909840002463065789e-03
-2.239890271769290689e-03
2.688652128646400533e-04
-6.747068009453356838e-09
1.469993093943564955e-04
2.480848334638110207e-04
-3.525012962692742013e-05
1.707077252101140514e-05
-1.074427812716972040e-03
3.093067838985462392e-02
6.602121259215896001e-03
1.658683173169017743e-03
7.047289779275508472e-04
-2.530926952624655991e-03
-4.341697459061648063e-05
1.174003770631856954e-05
5.230067212970325729e-05
3.122426794409543008e-04
-1.208814510610209554e-04
-9.880144720266207292e-06
-1.253766665854099630e-03
3.448930969823049003e-02
4.180391174787920889e-04
5.003526517094290457e-03
2.072876858036037145e-05
9.206294517701244949e-05
4.027373492892897828e-05
6.279964130577920753e-07
2.237148590753592096e-04
1.528857644559245715e-04
4.756034208643146645e-05
-7.102229749457234923e-06
-7.586135307333017095e-07
2.560323333977053070e-02
6.337045671349629235e-04
4.446260862840625827e-03
2.630183605741356652e-06
1.273789399982553261e-04
6.259624328085980783e-05
1.173519971364482926e-06
2.767082453516236419e-04
1.624722342868446573e-04
6.505230042551984264e-05
1.464276016781061375e-05
-1.711760207569836366e-06
5.031523908164693172e-03
4.237650648122063754e-03
9.017830181514865755e-04
6.987051763215234483e-04
1.076919341811960186e-04
1.075921302811517344e-04
3.060061426570331698e-05
3.499685875880227063e-04
1.670990640058439807e-04
6.418619416165495973e-05
9.619262645483895818e-06
2.364908166352583588e-06
2.938467004047624594e-04
1.869035624574880497e-02
4.432927928418777864e-04
7.221392746317691763e-03
1.587101039574772871e-04
9.228148963456246135e-05
1.336756430408976939e-04
1.735408893234343883e-04
3.820080305638517211e-04
6.788448480110177241e-05
1.567860482693341130e-05
3.012395124715429699e-06
5.386274292863518732e-04
6.822290623288528163e-04
1.523727203137939523e-02
1.031381031596648699e-02
1.140023791642219623e-04
1.029754391631259995e-04
2.876053935399060344e-04
2.358173257560335122e-04
2.985365023205899791e-04
1.130934967546801925e-04
6.801166231599594294e-07
1.007845709748784170e-05
4.997074014721307727e-04
7.186204337666691772e-04
1.529548291217139658e-02
1.028372398765258107e-02
1.091492893144904773e-04
1.090119631950790244e-04
3.064198259685217089e-04
2.231768298525717569e-04
2.985037977336787410e-04
1.140685593271369537e-04
-4.491853648267666537e-09
8.863213470614911252e-06
3.166471534361437064e-04
1.871703582155786333e-02
4.393480086119087077e-04
7.370980630416242713e-03
1.532684756045039106e-04
9.977461612530760349e-05
1.474318150888743301e-04
1.695147531643283255e-04
3.791464886331225893e-04
7.059388453848113650e-05
1.108790718415784457e-05
1.279479026736965602e-06
4.974207498495811057e-03
4.309450581330189975e-03
9.743037168370049421e-04
9.124998658403506895e-04
1.221091359026164099e-04
1.153644347783295654e-04
3.673768837934742506e-05
3.475945467899895403e-04
1.701191478535062822e-04
6.852058700664269018e-05
2.850679264237758162e-06
3.634367588513556437e-07
2.560851916169729070e-02
6.504192029291822009e-04
4.461124333917935308e-03
-4.289937519030909548e-06
1.407532858444897328e-04
7.047245366404655419e-05
1.470307736175677632e-06
2.754364320710003399e-04
1.689337959526340067e-04
7.110786476514657122e-05
6.975356519178569460e-06
-2.125574375570162371e-06
-6.093898908696706793e-04
-3.154514010380595444e-03
-1.834156387603247764e-04
-2.857042501612597771e-04
-3.198640500430706413e-03
-3.193310488842772236e-04
-1.129192402901407691e-05
-1.153006371143454523e-07
-1.744733106896460732e-06
-1.317377537738433535e-04
-1.592925256425618721e-05
-1.044974991445806909e-03
-5.614613497500220993e-04
-3.034216520002375531e-03
-1.654277821332209551e-04
-4.615735772234491130e-04
-2.943199280193082353e-03
-1.984315886503422541e-04
-6.274421686946712327e-06
1.488073580036499099e-07
-1.738241443903382899e-06
-1.126758776182869634e-04
1.719026070464993531e-05
-9.513259783162459834e-04
-4.052006060118122210e-04
-2.104791890418168838e-03
-1.647599367429147083e-04
-5.044613842321711387e-04
-2.536967803193086041e-03
-2.661105975286967134e-06
-4.044403810903709439e-06
2.368631849463150031e-07
-4.476628089684466977e-07
-7.436817308767108478e-05
7.012528546657187652e-06
-9.222998760429464236e-04
-6.468688474624539322e-04
-3.228854327261456293e-04
-2.991574700461685824e-04
-1.729539336741130358e-04
-1.954511370952211145e-03
-1.362746120520248153e-04
-2.650701000375207339e-06
-3.970742983914688579e-08
4.329513306639853317e-08
-2.188775719789613921e-05
5.664608453165160249e-05
-9.801476619091221369e-04
-5.392486871655411009e-05
-2.497068258628352966e-04
-6.072046379945981738e-05
-2.129075054224286812e-04
-1.302583465192049548e-03
-7.289040259042125309e-04
-2.120643791772322315e-07
4.126560880655794226e-08
-4.198980240953540829e-06
-2.599377489344459354e-05
-2.709756251048241996e-04
-1.082248254550736890e-03
-5.254362859435743490e-05
-2.817524080238963222e-04
-7.865446989487292670e-05
-1.823672778563556647e-04
-1.319728484675032577e-03
-7.053633624803329425e-04
2.457405091470331363e-07
-6.862831552651816486e-07
-6.779742309914699575e-06
-2.639488620844975190e-05
-3.158707075265931906e-04
-9.740010947277263692e-04
-5.859201874069115776e-04
-3.305520165873839346e-04
-1.912335723721733834e-04
-1.505906484847873599e-04
-1.913325413561293509e-03
-1.285281012538686928e-04
-1.432154240301829230e-06
4.818848379558622230e-07
-7.854292950723870085e-07
-2.944236864019229608e-05
6.146901801561760676e-05
-8.409819491058087874e-04
-4.459988697528154177e-04
-2.088511411118252215e-03
-1.504006619507563039e-04
-3.090314383179879466e-04
-2.410528285902157307e-03
-2.618271426364052104e-06
-4.568002024941040758e-06
6.066288259235395033e-07
-1.158533879568329436e-06
-8.145986606017980994e-05
-1.704982872998291327e-06
-7.903279962795144642e-04
-5.438387240685643763e-04
-3.139515355060294808e-03
-1.623062672426625705e-04
-3.869118927149471404e-04
-2.845600421828655986e-03
-2.049998619368057634e-04
-7.009415150363210558e-06
3.046165670557499333e-07
-2.001571282838670020e-06
-1.204804850409567927e-04
1.739912573200714658e-06
-8.693780539423303895e-04
4.306821545878291441e-02
-7.559340940169411403e-03
5.630206698135963549e-03
-5.535309487699750135e-04
-7.407907102783562944e-03
-3.184512632354301347e-05
1.079902669579656696e-05
1.839454342595592490e-04
6.376195524401596937e-05
-1.906417188842459071e-04
-2.423301830486498181e-05
-1.340349128575964556e-03
3.174157738817835056e-02
-6.400181366942978185e-03
5.444971595228052449e-03
-8.409899068936046952e-04
-7.253832523910964079e-03
1.038133519431320611e-05
-1.007455406946179495e-05
2.259948083426144749e-04
8.091893700159075154e-05
-7.428300947759978285e-05
-2.608942870270966429e-05
-1.427171827333920855e-03
3.989982811698936788e-03
8.087123739143877929e-03
3.330216126020787114e-03
-7.740694340131231343e-04
-7.013246072211064275e-03
-3.320374801339813801e-04
1.811532586122048237e-05
8.755368655856934814e-05
2.266568346510515845e-06
7.499229274904491149e-05
-6.052549072611017246e-05
-1.567519154071801831e-03
-1.949838379124177326e-03
2.134176517040571250e-02
-6.337535685682801868e-05
5.880060461750469779e-03
-6.408744140900568195e-03
-1.529974835020746476e-03
1.338553485871165271e-04
5.244884858796688661e-05
2.587744071285237374e-04
1.339468317845229266e-04
-2.419416871537229401e-04
-1.751768320542461833e-03
3.681211097704852444e-04
8.392679018565845153e-04
1.680399529154753824e-02
1.251552059528880656e-02
-5.074833878156752992e-03
-3.397569726179017549e-03
2.222870532515689747e-04
1.588760383282535906e-04
3.251601861551143375e-04
1.738739363967394794e-04
-7.812857843517728197e-04
-1.231670040808773925e-03
3.717470117669561332e-04
7.732221300646331674e-04
1.666339204308770264e-02
1.250948708863802369e-02
-5.013929161045381326e-03
-3.481353428989736060e-03
2.042180085145726888e-04
1.665940975902229285e-04
3.365894784152792746e-04
1.614233142652866753e-04
-9.149645893712013553e-04
-1.075406898852939016e-03
-1.882525033110073838e-03
2.151264592946806886e-02
-4.080393608163966557e-06
5.716549129095570628e-03
-6.221269165472854794e-03
-1.594889777236452658e-03
1.173262359100399376e-04
5.853470438454741990e-05
2.891291101507790172e-04
1.055061930519552430e-04
-2.895415409711710555e-04
-1.654057911748411805e-03
4.030418695841443515e-03
7.958523583697653045e-03
3.361750581283381827e-03
-6.786890036155293236e-04
-6.688627942220374580e-03
-3.536561367094777125e-04
1.521661961943741824e-05
1.466338136058569047e-05
1.685028107556646717e-06
4.201410129575503579e-05
-6.324884537244098294e-05
-1.485863028459058922e-03
3.147692673772332222e-02
-6.446018016483338539e-03
5.489278246691372404e-03
-7.328149048177078810e-04
-7.134487863012520074e-03
9.920514319481955065e-06
-8.556108739198220700e-06
1.842667454136191632e-04
7.328372305966194536e-05
-9.916412514528763445e-05
-2.492992411710823311e-05
-1.390183797250693978e-03
6.473057790224405472e-02
-8.080312540444592809e-03
9.482238292997430609e-03
-4.334270954282473448e-04
-7.906357569714262887e-03
-5.334993242166199303e-06
6.753646145557657538e-05
9.528470937787174235e-05
1.153824749160465261e-04
-2.496213965554358962e-04
-4.250188683810555420e-05
-1.951605247865243224e-03
2.208314319502950943e-02
1.604989159995489495e-02
8.981986673305771343e-03
-4.554448316162898816e-04
-8.521866322313668279e-03
-1.106889182514112906e-04
2.940217236149776940e-05
1.428256693371973099e-04
1.972899822648374081e-04
-1.954912561557813760e-04
-5.232578623976496249e-05
-1.915342686464760252e-03
-2.465033800237788082e-03
3.470635596557724439e-02
5.475927585181447361e-04
1.717579852545991596e-03
-9.284528168729183628e-03
-9.348658083676271782e-04
-3.100200988193204157e-07
2.418915052488526760e-04
1.581732579414124292e-04
-1.655986481597867838e-04
-8.604153739580970811e-05
-1.901434815548157025e-03
-2.278887629705656816e-03
9.807792043789001143e-03
-1.157037992364789736e-04
1.084485623115782719e-02
-9.093971149329138637e-03
-2.930198685694317476e-03
4.814601235348966014e-05
2.494741720596873702e-04
1.174572142050026637e-04
-5.196459251645860569e-05
-4.249285012293759108e-04
-1.349544704667973759e-03
8.713102692247022421e-05
5.624441840677606511e-04
2.189652873722068224e-02
1.611522933207261768e-02
-7.599822781437182324e-03
-5.389011643498374353e-03
1.834022235977262618e-04
2.175285170045270346e-04
1.135015193134901695e-04
4.045681573182398084e-05
-8.676408703449007848e-04
-1.157767267838369406e-03
8.466510480804650875e-05
5.081896845682917383e-04
2.158165381749526518e-02
1.620176770256929674e-02
-7.507116501927538037e-03
-5.408070043922298155e-03
1.816633278616640182e-04
2.195818636160293811e-04
1.349604209038753066e-04
1.277001864018192530e-05
-9.298072340016420075e-04
-1.106292824668651332e-03
-2.219798456097929647e-03
9.963453105582657787e-03
-1.090116600930325652e-04
1.074425755752342858e-02
-8.835712501979545511e-03
-2.917037342565898320e-03
4.276219495706115039e-05
2.477028625428457764e-04
1.319667330216409075e-04
-9.994708151698407784e-05
-4.873368553916227115e-04
-1.310887072652105849e-03
-2.481880158719684207e-03
3.421470540338876487e-02
5.394329943895259704e-04
1.587309870157659324e-03
-9.001732543789314062e-03
-9.038689253368155808e-04
-4.120935007001996503e-07
2.370824736920701923e-04
1.736766435003478111e-04
-2.120307821196974177e-04
-1.073625596981057125e-04
-1.861563866388059709e-03
2.199003219665147252e-02
1.574314041624617563e-02
8.997116766558340556e-03
-3.698935430745627952e-04
-8.559995430661760524e-03
-9.130496713370681093e-05
3.159471584619215383e-05
1.416579588702168453e-04
2.121464862631909794e-04
-2.175901293039675800e-04
-5.493474821800550361e-05
-1.893709685999673880e-03
-3.610883348054842821e-03
3.069288379168800054e-02
2.632957135162935971e-03
1.417447795203532048e-04
-3.167302048632984236e-03
-1.480914584838084263e-05
8.112856558129955388e-05
8.251259848003726909e-05
4.983850217188493274e-05
-1.565484563063315932e-04
-5.824227793059886659e-05
-8.548518930081476855e-04
-1.829133344302013697e-03
2.329219804990988532e-02
4.122036730439679157e-03
3.064976356860104798e-04
-3.809213683609608252e-03
-1.092953864477939614e-04
5.001679456833151688e-05
1.101187988761661522e-04
3.047450025613561195e-05
-1.297741632239503686e-04
-5.976786164985708138e-05
-8.408508829874404089e-04
-1.832014034603671356e-03
1.396156709490009411e-02
-9.916222304140972534e-04
1.917275358827960369e-03
-4.785760819646499992e-03
-6.072729097934019202e-04
9.916218651315099672e-06
1.418176691521838052e-04
-1.201138393339355009e-05
-7.562276113786252385e-05
-9.008370783757236710e-05
-7.352105708978325105e-04
-1.260810361962704613e-03
-4.794072829211708925e-05
5.875420630719813304e-03
5.316416562895536629e-03
-4.607179068023685951e-03
-1.444870204797071454e-03
5.387818544580779826e-06
1.365532208062938545e-04
-1.528806330322414331e-05
-2.809268629350835584e-05
-1.774808825564682703e-04
-8.033073851126122222e-04
5.451597374694608134e-06
1.775783810311393250e-04
1.031691961999030120e-02
7.998744325722490986e-03
-3.966836294080159156e-03
-3.037234723584682390e-03
3.495721055988242065e-05
5.033601803916038951e-05
1.756586935806012393e-06
-2.813581709803754391e-05
-3.186769303930589241e-04
-5.333153279737204737e-04
4.481355687047008495e-06
1.519251531181251870e-04
1.038636237600697697e-02
7.824493073458732226e-03
-3.965607220375980818e-03
-2.876033421096285073e-03
2.707372266118023550e-05
5.336662951420298982e-05
9.836754033697374090e-06
-5.061763664339954515e-05
-3.251110624403960592e-04
-5.151044476098447580e-04
-9.839352389541347089e-04
-4.712090697791994890e-05
5.707079137080130551e-03
5.070881553892767762e-03
-4.472920897580941017e-03
-1.254885478542196609e-03
-1.576926062087184236e-06
1.311071505394701482e-04
-1.692814255770461862e-05
-6.493804259062749761e-05
-1.729038383599393260e-04
-7.668551932492114354e-04
-1.566055384006193605e-03
1.400693131576556151e-02
-8.830494794354852442e-04
1.735811681481272319e-03
-4.755009780418305645e-03
-4.986313243266708023e-04
1.673022158915322974e-05
1.243470597290605856e-04
-1.403975975655203927e-05
-1.063542254137617041e-04
-7.113788981574698433e-05
-7.356383069800942779e-04
-1.561034505089050001e-03
2.322099218081487282e-02
4.039946396130862476e-03
3.628304382875955822e-04
-3.826370505750254555e-03
-7.429673580392891653e-05
6.210638601312130664e-05
9.609090762141187544e-05
3.124956231977955151e-05
-1.516809775371146885e-04
-4.717236082971590729e-05
-8.568093576081379148e-04
4.044453330198483944e-03
-3.118500583425021233e-02
-2.663599485758694121e-03
-1.297263090779663839e-04
3.241927252587928788e-03
2.885891291936997627e-05
-8.209713108147191336e-05
-1.007421470680781530e-04
-3.145302571331564409e-05
1.637142152958569598e-04
6.644695264509889465e-05
8.568553381652527527e-04
1.772723650923233637e-03
-2.399583225056227745e-02
-4.140379983718085743e-03
-4.039109697834732528e-04
3.730047879029818342e-03
9.834765429516437966e-05
-6.212350263665944114e-05
-1.162221391243818279e-04
-2.734606063844745823e-05
1.407344684047164333e-04
4.312998090185195130e-05
8.800468846671746911e-04
1.694897716561873970e-03
-1.462727402653739121e-02
8.900312989758994882e-04
-1.810272874241632569e-03
4.905789853887893362e-03
5.019475787626389261e-04
-1.675046936392759076e-05
-1.407347893470130165e-04
2.653850492304798216e-05
8.571960501532499988e-05
6.965114711069314872e-05
7.988575259661809128e-04
8.976511382745871624e-04
5.845379772604032611e-05
-6.068991126168735324e-03
-5.211225065370233417e-03
4.454944085819026109e-03
1.201377083583081212e-03
4.677288109488649971e-06
-1.286444407425111421e-04
2.117539009926726380e-05
4.550877571638886772e-05
1.813513705564793056e-04
7.808851497795745280e-04
-3.788876559629569562e-06
-1.129502502703722645e-04
-1.068117161721866826e-02
-8.066708020231887905e-03
4.065863189414094941e-03
2.854702274908234392e-03
-3.047632048485725758e-05
-5.364955499886069903e-05
4.349984337513405412e-06
3.992761155492701884e-05
3.240064205948863397e-04
5.829020561074443711e-04
-4.720782295020122556e-06
-1.410866980078967730e-04
-1.054200824430007351e-02
-8.267799565673916717e-03
4.215485598787619900e-03
2.868655571461050258e-03
-4.893287506981151223e-05
-3.246570779493081465e-05
1.422544339212640872e-05
8.432627542621071360e-06
2.984824325607228967e-04
6.284091525777033135e-04
1.120210462867602058e-03
6.023987876801570898e-05
-6.081678857643109393e-03
-5.424579506539409061e-03
4.661409725948235591e-03
1.294708763980649460e-03
-5.218202186992112283e-06
-1.235255838750883679e-04
1.468412392411295916e-05
5.306946300695893248e-06
1.848558284401250308e-04
8.286046831859937090e-04
1.914095516820916564e-03
-1.451033968761182395e-02
9.690199771742529725e-04
-1.985246069095854011e-03
4.984906436004313268e-03
5.843243201399366937e-04
-7.757872175980111404e-06
-1.574460574517189701e-04
1.998704995417688332e-05
5.054643688775989010e-05
1.015537981750451365e-04
8.140867130236821960e-04
1.976717257396280736e-03
-2.377272877126537093e-02
-4.231023986994006912e-03
-3.565859863729976321e-04
3.775868756342374080e-03
1.310576564770393846e-04
-4.874134039894784570e-05
-1.302918636946525440e-04
-2.257463053076798638e-05
1.225584523919678143e-04
6.151348594171718233e-05
8.834732931199848439e-04
-6.553202666294395684e-02
8.087172730031623805e-03
-9.291167782278729123e-03
4.506460357469232385e-04
7.588022132357828513e-03
1.102511403402803636e-05
-6.926836139755715915e-05
-9.697967549103206797e-05
-1.494025709238579170e-04
2.113444908543323875e-04
3.942330398214900772e-05
1.979088712057416009e-03
-2.212142986720428903e-02
-1.589124039678234054e-02
-9.098374778522903480e-03
3.025602690653092074e-04
8.448879691690952196e-03
1.074870089368062741e-04
-3.413074621074269261e-05
-1.377975134534403507e-04
-2.117393282461782988e-04
1.911319911203163623e-04
4.539555442847526576e-05
1.997984266716345582e-03
2.508633845938340774e-03
-3.400005143971581573e-02
-5.490081401083682930e-04
-1.612695267765866915e-03
8.745221550489117035e-03
9.227307866682422357e-04
4.957416320141008833e-07
-2.359473513941069776e-04
-1.580464439818689672e-04
2.010464024078068642e-04
1.044068213702248490e-04
1.992427229984480418e-03
2.157558342973145936e-03
-1.012542260109824260e-02
1.096125542662208314e-04
-1.083283460456485776e-02
8.790254775504340382e-03
2.869542339963246889e-03
-3.582958594199636454e-05
-2.439875467808396336e-04
-1.172918634399455854e-04
8.099091392625206917e-05
4.992487519839181563e-04
1.391093254359468531e-03
-8.038219051208516958e-05
-4.550486733881726944e-04
-2.136789645291567105e-02
-1.650509771395347255e-02
7.249843073269062431e-03
5.380700389974604238e-03
-1.641290829069857744e-04
-2.321309319634551273e-04
-1.347193375937147787e-04
-2.337488998695319361e-05
9.500095524748035673e-04
1.158441468153346456e-03
-8.148893337319376034e-05
-4.959215866218904655e-04
-2.151262983516312108e-02
-1.648309501563335541e-02
7.304192728175569471e-03
5.295357708346949341e-03
-1.821255119418704557e-04
-2.116790469003028050e-04
-1.171411904364702723e-04
-5.164773390088582528e-05
9.008600168738845233e-04
1.261975936484112729e-03
2.220847516774828844e-03
-9.879911131718379161e-03
1.142178822492422301e-04
-1.089140452073218690e-02
8.981855005957059893e-03
2.814283550721219818e-03
-4.917853579398264282e-05
-2.464884659201300077e-04
-1.095174661478214760e-04
4.013638441681462735e-05
4.642408213095714463e-04
1.472578592879766977e-03
2.471588337468161312e-03
-3.391375726266033369e-02
-5.672630650245618321e-04
-1.692450809447425394e-03
8.938503482117032481e-03
9.008691194053757749e-04
3.128774849866170007e-07
-2.534894635085931862e-04
-1.443501536302243312e-04
1.587020407648491915e-04
1.012133420170313765e-04
2.000758738304315738e-03
-2.257943243591229235e-02
-1.583711733377100861e-02
-9.115022569619490866e-03
3.612827594828374477e-04
8.432396747154130220e-03
1.244764934573948378e-04
-2.941980485661555302e-05
-1.472639693959698441e-04
-2.000949314799156057e-04
1.705365219508018831e-04
5.062630723654388377e-05
2.023592622798627613e-03
-4.371325947830584369e-02
7.603641023396412804e-03
-5.741075876781591772e-03
5.550361023538850956e-04
7.417127889016932041e-03
3.834682441074328032e-05
-1.802552112078037569e-05
-1.709777120949544269e-04
-6.519089609826800758e-05
1.700565816623065358e-04
2.340925923690519235e-05
1.345302870123460523e-03
-3.222470920592212379e-02
6.201405744020658563e-03
-5.574698318720010780e-03
7.434044313845651402e-04
7.086186977108083207e-03
-1.014325870237317757e-05
1.582472820136258770e-06
-2.097595890081036386e-04
-7.490134199083398764e-05
8.530251186585581708e-05
2.245170001111538690e-05
1.469788050921390019e-03
-4.101339824853589798e-03
-8.020350605353427850e-03
-3.421198721365303723e-03
6.806018427850101535e-04
6.584620492360732276e-03
3.301739117836271814e-04
-1.326649261821991269e-05
-4.718065440526217629e-05
-1.859526984671319980e-06
-6.809678279587089589e-05
5.623664488786451262e-05
1.552671108714641498e-03
1.875626770231432049e-03
-2.161721661535877248e-02
3.583811010716223677e-05
-5.785920575654302823e-03
6.116582718292047118e-03
1.462080447650930580e-03
-1.069388124338188265e-04
-5.739135227092340293e-05
-2.812797899173070763e-04
-1.351179578298032928e-04
2.995643546431337009e-04
1.686810993882390192e-03
-3.663333697495286200e-04
-7.825595947611633336e-04
-1.659119742215326224e-02
-1.234681021057979985e-02
4.758272617812491292e-03
3.108832861468679553e-03
-2.038723689789950788e-04
-1.623300649540140091e-04
-3.372658130880786410e-04
-1.876004175489702865e-04
8.688489720386494142e-04
1.207133329305916077e-03
-3.619567121798015433e-04
-8.136091658171475246e-04
-1.669499780935124189e-02
-1.231110597304935564e-02
4.717753155196668761e-03
3.194726097561466013e-03
-2.349776174746434751e-04
-1.502976697126778393e-04
-3.340705561448743528e-04
-1.827730557127573579e-04
8.171623816019267820e-04
1.251306916512838485e-03
1.978736364035352246e-03
-2.142735805354907888e-02
1.039647765522482822e-04
-5.916046967202974287e-03
6.093825921229899419e-03
1.488025331106106750e-03
-1.360330933040501721e-04
-5.710553594122617525e-05
-2.571076997449039643e-04
-1.512244447144151286e-04
2.787871768943558926e-04
1.765893948201811706e-03
-4.003643208223261855e-03
-8.024164935260737208e-03
-3.488387850916087937e-03
7.866989833073595364e-04
6.706333612835349393e-03
3.259805432493362689e-04
-1.826953489891096564e-05
-7.243292021554258728e-05
-2.350905612222193937e-06
-8.827716740839954316e-05
6.210889039185950853e-05
1.650141613424249698e-03
-3.210872615232341493e-02
6.313089281417771058e-03
-5.579399793619140534e-03
8.079360667191261931e-04
7.029796078611445960e-03
-9.972288040659036559e-06
3.448636978764626798e-06
-2.232322624558767134e-04
-8.289818509750843817e-05
6.983401041065275016e-05
2.567084226813438468e-05
1.518731877244853526e-03
5.911910340069668644e-04
3.143775065172996902e-03
1.828669432507348239e-04
3.201764758982290600e-04
3.114495307202737751e-03
3.256467524206259866e-04
6.997588136088550395e-06
-4.298663598726714679e-07
1.873594537022946471e-06
1.334113701760277165e-04
3.523907558609934302e-05
1.013806683724080083e-03
5.646049740346826802e-04
3.157474129474686572e-03
1.550858699933611623e-04
4.697039285645192470e-04
2.813414370466156209e-03
2.012552413620601500e-04
4.684591166152968582e-06
-4.147302725052007735e-07
1.878909663669490742e-06
1.194165813257830127e-04
-8.006321255190944548e-06
9.699101350508843641e-04
4.370092893013969421e-04
2.189651065505083052e-03
1.435581765129765816e-04
4.791472754083561398e-04
2.452461997980314237e-03
3.235380812583602562e-06
4.873610079575215891e-06
-2.184048371986306226e-07
4.173547683942806015e-07
7.724104654957352325e-05
-7.133091742921888905e-06
8.916585353483010967e-04
6.764508767460985627e-04
3.541983360797500342e-04
3.102445557979987634e-04
1.514611831479814597e-04
1.881953273891633126e-03
1.229764193595961580e-04
3.323406274603547307e-06
-3.563726519788009284e-07
-4.678858028596488228e-07
2.255100867481800648e-05
-5.482795107521560093e-05
9.075030730464045793e-04
4.626131727706521928e-05
2.457381975354327921e-04
7.115027692107464823e-05
2.008408178990269159e-04
1.267774630399067307e-03
6.823988323384611423e-04
3.880838004993696755e-08
-4.737346817747348545e-07
-3.856767367156357057e-07
2.580202531754811828e-05
2.853564931315122517e-04
1.077916602166105334e-03
4.659539085013843137e-05
2.621110858509325217e-04
8.645339005689371974e-05
1.861507860938715268e-04
1.273142512897855374e-03
6.284160395595188775e-04
-6.707599079863260719e-07
3.964774317823927519e-07
8.532369512928480440e-06
2.183532118161135666e-05
2.843882008028949843e-04
1.036416377348775130e-03
5.589349435477651735e-04
3.323071023025856753e-04
2.544833445453857754e-04
1.422230627755898447e-04
1.849413777284791924e-03
8.720039613418855383e-05
3.373129790439038997e-06
-9.282787528364127131e-07
3.804323152578170886e-07
2.086532721662656762e-05
-5.195332323808416890e-05
8.730980737484053808e-04
4.346054335686167359e-04
2.037316586288836009e-03
1.464775781427919688e-04
3.339721283606229460e-04
2.446199238106119053e-03
4.494560109457180268e-06
7.033118539137108445e-06
-6.296374479332441414e-07
9.283550952812313805e-07
7.624339541996282704e-05
2.516902896966031838e-05
8.681719123310636076e-04
5.339004079043935518e-04
3.103720804521176158e-03
1.535965009153995571e-04
4.315352942383276396e-04
2.814888428167331650e-03
2.008869066034196706e-04
6.904431523332254198e-06
-6.223216930582038462e-07
1.843491468436552711e-06
1.133457677536661771e-04
2.121809541359464716e-05
9.408023881574443604e-04
-4.371325947830573960e-02
7.603640420944630766e-03
-5.741076332229293894e-03
5.550363237488313084e-04
7.417127300130391815e-03
3.834688225301684694e-05
-1.802557178751727126e-05
-1.709777853979698586e-04
-6.519088651282532493e-05
1.700565004675776170e-04
2.340927144878032597e-05
1.345303186970268211e-03
-3.210872615232343574e-02
6.313088679894945585e-03
-5.579400235404432910e-03
8.079362821139326762e-04
7.029796078611439021e-03
-9.972269561526151690e-06
3.448607543428858547e-06
-2.232323278849405459e-04
-8.289817840859347263e-05
6.983392337596333100e-05
2.567085207166693641e-05
1.518732195518646046e-03
-4.003643603089462356e-03
-8.024165573963064346e-03
-3.488388177816472736e-03
7.866991532695417769e-04
6.706333071361123693e-03
3.259804679364688355e-04
-1.826951628265776316e-05
-7.243297834586244022e-05
-2.350904901336916783e-06
-8.827724000532656177e-05
6.210892107857954639e-05
1.650141934946191581e-03
1.978736195916314892e-03
-2.142735805354908235e-02
1.039649116145728472e-04
-5.916046967202929184e-03
6.093825425341759840e-03
1.488025089179987204e-03
-1.360330424914172893e-04
-5.710552352387034895e-05
-2.571077689517050615e-04
-1.512245153748270848e-04
2.787872644946223430e-04
1.765894267945280604e-03
-3.619566596464310945e-04
-8.136090729597179882e-04
-1.669499885927159047e-02
-1.231110701045006611e-02
4.717752717096287268e-03
3.194726097561473820e-03
-2.349775620096184326e-04
-1.502976334799805227e-04
-3.340706691073859307e-04
-1.827731355370616425e-04
8.171625499007557566e-04
1.251307210925387946e-03
-3.663333172161620742e-04
-7.825595019037345562e-04
-1.659119742215323101e-02
-1.234681021057981720e-02
4.758272617812485221e-03
3.108832861468676084e-03
-2.038723135139695756e-04
-1.623300287213173701e-04
-3.372659260505898936e-04
-1.876004973732750861e-04
8.688491403374747025e-04
1.207133550115326763e-03
1.875626602112410307e-03
-2.161721661535876554e-02
3.583824516948844836e-05
-5.785920958574970220e-03
6.116582222403926621e-03
1.462080326687873735e-03
-1.069387531524121251e-04
-5.739134606224014331e-05
-2.812798591241051378e-04
-1.351180284902145986e-04
2.995644422434005851e-04
1.686811153754125183e-03
-4.101340219719785962e-03
-8.020351244055754988e-03
-3.421199048265667272e-03
6.806020127471811183e-04
6.584619950886523923e-03
3.301738364707615370e-04
-1.326647533169896347e-05
-4.718071253557794991e-05
-1.859526451491820012e-06
-6.809685539279851081e-05
5.623667557458481475e-05
1.552671430236589236e-03
-3.222470920592218624e-02
6.201405744020651624e-03
-5.574698760505322238e-03
7.434046467793653350e-04
7.086186977108063258e-03
-1.014324022324001488e-05
1.582442448221606596e-06
-2.097596762468581077e-04
-7.490133530192619139e-05
8.530242483116661477e-05
2.245170981465050683e-05
1.469788210058284002e-03
-6.553202666294398460e-02
8.087171921428354393e-03
-9.291168454286083400e-03
4.506463371861431236e-04
7.588021491369246856e-03
1.102509706857958448e-05
-6.926841656901294199e-05
-9.697966746049452931e-05
-1.494026656267969299e-04
2.113443908669215398e-04
3.942335971722867906e-05
1.979089045550083085e-03
-2.257943243591227153e-02
-1.583711733377097738e-02
-9.115023190620939048e-03
3.612830203975568024e-04
8.432396105919273341e-03
1.244764311539530539e-04
-2.941984366834964287e-05
-1.472639435568230768e-04
-2.000950096968121070e-04
1.705364341109603357e-04
5.062636589917583936e-05
2.023592955227885345e-03
2.471587895360753337e-03
-3.391375726266036839e-02
-5.672631287832675040e-04
-1.692451079861519072e-03
8.938502844187073623e-03
9.008689500204229879e-04
3.128783768203137346e-07
-2.534894162511925025e-04
-1.443502284318549055e-04
1.587019539874707499e-04
1.012134255228070215e-04
2.000758903621839297e-03
2.220847361127075044e-03
-9.879911131718424264e-03
1.142178932104148057e-04
-1.089140519218245728e-02
8.981854389012259091e-03
2.814283362311782461e-03
-4.917849083463748353e-05
-2.464884179752042546e-04
-1.095175556369967692e-04
4.013630203969027261e-05
4.642409565557415580e-04
1.472578920008591873e-03
-8.148891648142605841e-05
-4.959214233216167715e-04
-2.151262983516314189e-02
-1.648309501563337276e-02
7.304192156567355584e-03
5.295357708346952810e-03
-1.821254342475654730e-04
-2.116789898766221329e-04
-1.171412842327566840e-04
-5.164781758253895100e-05
9.008602145508137109e-04
1.261976169691036336e-03
-8.038218206620909099e-05
-4.550484828711863386e-04
-2.136789791643579559e-02
-1.650509771395343786e-02
7.249842501660835534e-03
5.380699896578741009e-03
-1.641290246362589076e-04
-2.321308749397750515e-04
-1.347194179905315597e-04
-2.337497534223992922e-05
9.500097501517325380e-04
1.158441701360268545e-03
2.157558031677630529e-03
-1.012542260109823393e-02
1.096125652273607318e-04
-1.083283527601510039e-02
8.790254158559541314e-03
2.869542151553817338e-03
-3.582954098265089354e-05
-2.439874988359099774e-04
-1.172919529291196859e-04
8.099083154912696905e-05
4.992488872300895148e-04
1.391093417923883364e-03
2.508633256461794206e-03
-3.400005143971580185e-02
-5.490082038670806869e-04
-1.612695538179958641e-03
8.745221550489125709e-03
9.227306172832910750e-04
4.957425238481896346e-07
-2.359473041367056976e-04
-1.580465312504362584e-04
2.010463280271970114e-04
1.044069112995212398e-04
1.992427560619520598e-03
-2.212142986720429944e-02
-1.589124039678235442e-02
-9.098374778522932971e-03
3.025605113432650430e-04
8.448879050456084908e-03
1.074869466333639074e-04
-3.413078800799478730e-05
-1.377975005338695827e-04
-2.117394194992242712e-04
1.911319158290239830e-04
4.539561309110747207e-05
1.997984432930971846e-03
4.044452416012215591e-03
-3.118500583425022274e-02
-2.663600045402252179e-03
-1.297259946366692465e-04
3.241926914588510403e-03
2.885886201925807519e-05
-8.209719072709923131e-05
-1.007421112335423884e-04
-3.145310060416665849e-05
1.637141343812287177e-04
6.644702122731093407e-05
8.568555898648789549e-04
1.976716609505468555e-03
-2.377273064003854186e-02
-4.231024702004462269e-03
-3.565857378311382297e-04
3.775868074149047945e-03
1.310575474390583478e-04
-4.874139408193965407e-05
-1.302918159308344697e-04
-2.257470364216979995e-05
1.225583710805488449e-04
6.151355960344396568e-05
8.834735434542339422e-04
1.914094988851421401e-03
-1.451033968761182569e-02
9.690202539066043079e-04
-1.985246814464328852e-03
4.984906088605604510e-03
5.843240657423374616e-04
-7.757893746774182029e-06
-1.574459782806102550e-04
1.998698212851946645e-05
5.054634383920278342e-05
1.015538994332241835e-04
8.140869603176500513e-04
1.120210176161518488e-03
6.023990155185512642e-05
-6.081679359193829619e-03
-5.424579909173974507e-03
4.661409030183874536e-03
1.294708426249041372e-03
-5.218176414382332527e-06
-1.235255101894297731e-04
1.468405130379002319e-05
5.306852890945661422e-06
1.848559885313228433e-04
8.286049260532656838e-04
-4.720780497270581770e-06
-1.410864981728232896e-04
-1.054200905202760073e-02
-8.267799565673925391e-03
4.215485269541938834e-03
2.868654996055507167e-03
-4.893281774395291358e-05
-3.246563983088245113e-05
1.422536129136052737e-05
8.432536419601087001e-06
2.984826342112913188e-04
6.284094226932322160e-04
-3.788874462256585079e-06
-1.129500504352975749e-04
-1.068117242494620936e-02
-8.066708020231893109e-03
4.065862530922724136e-03
2.854701987205461762e-03
-3.047627987904100177e-05
-5.364946635010221267e-05
4.349901447317329368e-06
3.992752129974525899e-05
3.240066222454550328e-04
5.829022876350409450e-04
8.976507559998070807e-04
5.845381481391502722e-05
-6.068991627719440805e-03
-5.211225870639360838e-03
4.454943737936849051e-03
1.201376858428675675e-03
4.677314368374091799e-06
-1.286443670568509481e-04
2.117531610874948686e-05
4.550868054419041038e-05
1.813515306476777143e-04
7.808853926468460691e-04
1.694897188592374470e-03
-1.462727402653738601e-02
8.900315065251538553e-04
-1.810273433267983820e-03
4.905789159090477580e-03
5.019473607075544122e-04
-1.675049013580333989e-05
-1.407347214860632469e-04
2.653843709739077874e-05
8.571950852052470410e-05
6.965124836887196533e-05
7.988577732601481176e-04
1.772723003032418854e-03
-2.399583411933545532e-02
-4.140380698728535896e-03
-4.039107212416073451e-04
3.730047537933160046e-03
9.834754525718205536e-05
-6.212355631965088359e-05
-1.162220913605636858e-04
-2.734613645767878363e-05
1.407343870932979246e-04
4.313005173043550942e-05
8.800472184461744646e-04
-3.610884033694547121e-03
3.069288379168800748e-02
2.632956388971512650e-03
1.417450823156754948e-04
-3.167302724631830980e-03
-1.480919576964487818e-05
8.112850593567224949e-05
8.251264028699676115e-05
4.983842450729867023e-05
-1.565485507067307120e-04
-5.824220934838630540e-05
-8.548516413085184475e-04
-1.561035044998064850e-03
2.322099218081485894e-02
4.039945681120377628e-03
3.628306868294503226e-04
-3.826371187943575919e-03
-7.429684484190981781e-05
6.210633645959055360e-05
9.609096334586686016e-05
3.124949191620756826e-05
-1.516810724004367744e-04
-4.717229000113222042e-05
-8.568091072738845881e-04
-1.566055911975691587e-03
1.400692967451269526e-02
-8.830492027031395467e-04
1.735811122454918465e-03
-4.755010127817012669e-03
-4.986315787242700344e-04
1.673019921944093248e-05
1.243471275900106534e-04
-1.403982758220929011e-05
-1.063543150160765704e-04
-7.113778855756831680e-05
-7.356380596861264226e-04
-9.839355256602210983e-04
-4.712088704205407710e-05
5.707079137080110602e-03
5.070880748623647280e-03
-4.472921245463119810e-03
-1.254885816273807299e-03
-1.576900289477400244e-06
1.311072242251298272e-04
-1.692821654822222616e-05
-6.493813423793002399e-05
-1.729036905834490084e-04
-7.668549503819389185e-04
4.481357484796363780e-06
1.519253529531997817e-04
1.038636237600697697e-02
7.824492260116489711e-03
-3.965607549621667088e-03
-2.876033708799056836e-03
2.707377282130632551e-05
5.336671225304428758e-05
9.836671932931750242e-06
-5.061773036993452832e-05
-3.251108271813988801e-04
-5.151041774943161808e-04
5.451599771694139843e-06
1.775785808662133506e-04
1.031691881226278439e-02
7.998744325722492721e-03
-3.966836623325845426e-03
-3.037235298990232854e-03
3.495724638854388980e-05
5.033609486808432248e-05
1.756503256179277691e-06
-2.813590735321912079e-05
-3.186767287424909900e-04
-5.333150964461249839e-04
-1.260810744237484803e-03
-4.794071120426043333e-05
5.875420129169185886e-03
5.316415757626403137e-03
-4.607179415905869949e-03
-1.444870542528684746e-03
5.387844803466246217e-06
1.365532944919540213e-04
-1.528813866393682899e-05
-2.809277970325869863e-05
-1.774807224652706747e-04
-8.033071422453406810e-04
-1.832014562573168037e-03
1.396156545364721571e-02
-9.916219536817427738e-04
1.917274799801608033e-03
-4.785761514443920110e-03
-6.072731641910012607e-04
9.916197879439486073e-06
1.418177483232930082e-04
-1.201145306339058192e-05
-7.562285763266249437e-05
-9.008361436848423911e-05
-7.352103236038644383e-04
-1.829133992192830648e-03
2.329219804990990614e-02
4.122036015429203851e-03
3.064979049396882103e-04
-3.809214024706261345e-03
-1.092954954857754455e-04
5.001674088534026417e-05
1.101188466399859070e-04
3.047442172907454433e-05
-1.297742580872724273e-04
-5.976779365441681625e-05
-8.408505492084385755e-04
6.473057086006941963e-02
-8.080313349047857016e-03
9.482237620990064189e-03
-4.334267939890270259e-04
-7.906358210702844544e-03
-5.335010546923743309e-06
6.753640628412102293e-05
9.528472543895426001e-05
1.153823802131085974e-04
-2.496214715459936051e-04
-4.250183110302603194e-05
-1.951604914372580052e-03
2.199003065438911650e-02
1.574313869892588619e-02
8.997116145556880232e-03
-3.698932821598409468e-04
-8.559996071896600056e-03
-9.130502943714977396e-05
3.159467404894028276e-05
1.416579717897894835e-04
2.121464080462943968e-04
-2.175902045952599051e-04
-5.493468955537335829e-05
-1.893709353570414847e-03
-2.481880748196235980e-03
3.421470540338884120e-02
5.394329306309093115e-04
1.587309599743507533e-03
-9.001733181719267715e-03
-9.038690947217663078e-04
-4.120926088663046578e-07
2.370824973207656010e-04
1.736765562317790833e-04
-2.120308565003078938e-04
-1.073624761923302708e-04
-1.861563535753022565e-03
-2.219798767393441584e-03
9.963453105582791361e-03
-1.090116600930757435e-04
1.074425755752340082e-02
-8.835713118924360190e-03
-2.917037719384763059e-03
4.276223991640625547e-05
2.477029104877696863e-04
1.319666435324653433e-04
-9.994716389410898824e-05
-4.873367201454523287e-04
-1.310886827305486960e-03
8.466512169980244709e-05
5.081898478685677092e-04
2.158165381749533457e-02
1.620176770256932103e-02
-7.507117073535764934e-03
-5.408070537318166587e-03
1.816633861323929450e-04
2.195819206397094027e-04
1.349603271075893016e-04
1.276993077444580482e-05
-9.298070363247147715e-04
-1.106292513726089485e-03
8.713104381423666576e-05
5.624443473680296830e-04
2.189652873722069612e-02
1.611522933207263850e-02
-7.599822781437184926e-03
-5.389011643498383027e-03
1.834022818684545651e-04
2.175285740282072730e-04
1.135014389166733479e-04
4.045672870290446203e-05
-8.676406067756613260e-04
-1.157766956895806693e-03
-2.278887941001162681e-03
9.807792043788995939e-03
-1.157037882753163998e-04
1.084485623115784628e-02
-9.093971149329140372e-03
-2.930199062513190456e-03
4.814605731283499562e-05
2.494742359862517703e-04
1.174571247158269911e-04
-5.196467172523200963e-05
-4.249283209011496553e-04
-1.349544377539145827e-03
-2.465034242345200827e-03
3.470635596557724439e-02
5.475926947594479547e-04
1.717579582131899436e-03
-9.284528806659130343e-03
-9.348660342142345444e-04
-3.100192400162071966e-07
2.418915288775547797e-04
1.581731831397824512e-04
-1.655987225403975581e-04
-8.604146031355634034e-05
-1.901434484913120965e-03
2.208314319502953024e-02
1.604988988263463326e-02
8.981986052304331836e-03
-4.554446079751029320e-04
-8.521866963548523424e-03
-1.106889805548547009e-04
2.940213354976387944e-05
1.428256822567737158e-04
1.972898910117921133e-04
-1.954913314470744059e-04
-5.232572757713322374e-05
-1.915342520250131386e-03
4.306821545878290053e-02
-7.559341542621168288e-03
5.630206698135974824e-03
-5.535306904758674484e-04
-7.407907691670100568e-03
-3.184507089136409945e-05
1.079897790560530930e-05
1.839453714284016274e-04
6.376196482945392218e-05
-1.906418000789756662e-04
-2.423300783754378865e-05
-1.340348811729159036e-03
3.147692673772336386e-02
-6.446018618006195237e-03
5.489277804906086966e-03
-7.328146176246396176e-04
-7.134487863012541758e-03
9.920532028651136950e-06
-8.556137639345930766e-06
1.842666799845513192e-04
7.328373643746923015e-05
-9.916420548500126241e-05
-2.492991431357451926e-05
-1.390183638113804115e-03
4.030418300975247350e-03
7.958522944995338050e-03
3.361750254383016109e-03
-6.786888761439040544e-04
-6.688628483694606351e-03
-3.536562120223451459e-04
1.521663690595832510e-05
1.466331959712168444e-05
1.685028818440206512e-06
4.201402567395601798e-05
-6.324881906953904202e-05
-1.485862706937115738e-03
-1.882525201229136129e-03
2.151264592946805151e-02
-4.080260304462026536e-06
5.716548746174929252e-03
-6.221269165472846988e-03
-1.594890019162565481e-03
1.173262867226740943e-04
5.853471680189852315e-05
2.891290409439766732e-04
1.055061223915428260e-04
-2.895414533709024909e-04
-1.654057751876674863e-03
3.717470643003276663e-04
7.732222693507718883e-04
1.666339099316732630e-02
1.250948605123733230e-02
-5.013929599145787973e-03
-3.481353785993157677e-03
2.042180639795989239e-04
1.665941338229199741e-04
3.365893936933960114e-04
1.614232211369332577e-04
-9.149644210723765006e-04
-1.075406604440392591e-03
3.681211623038548801e-04
8.392680875714442386e-04
1.680399529154765620e-02
1.251551955788808915e-02
-5.074833878156772074e-03
-3.397570083182446105e-03
2.222871087165944237e-04
1.588760745609524251e-04
3.251601014332305864e-04
1.738738565724365229e-04
-7.812855599533402584e-04
-1.231669819999363456e-03
-1.949838547243224656e-03
2.134176517040574372e-02
-6.337521616690571424e-05
5.880060078829776361e-03
-6.408744636788705172e-03
-1.529974955983815247e-03
1.338554078685234318e-04
5.244885479663781344e-05
2.587743379217172192e-04
1.339467611241120274e-04
-2.419415995534583870e-04
-1.751768000798991200e-03
3.989982416832730215e-03
8.087123100441569873e-03
3.330215799120395375e-03
-7.740693490320239368e-04
-7.013246613685299516e-03
-3.320375554468534213e-04
1.811534314774148919e-05
8.755361873986443192e-05
2.266569057397803856e-06
7.499221410237458566e-05
-6.052546442321243961e-05
-1.567518993310833492e-03
3.174157738817837832e-02
-6.400181968465827077e-03
5.444971153442754001e-03
-8.409896914988050426e-04
-7.253833098894147541e-03
1.038135367344590294e-05
-1.007458189923374271e-05
2.259947429135483927e-04
8.091895037940685903e-05
-7.428309651228937819e-05
-2.608941726525380652e-05
-1.427171668197027739e-03
-6.093899362558533386e-04
-3.154514310787468866e-03
-1.834156920472569078e-04
-2.857041259098586712e-04
-3.198640982675425831e-03
-3.193309292958614477e-04
-1.129195631002184050e-05
-1.153018260375359605e-07
-1.744735796020916037e-06
-1.317377991108788845e-04
-1.592931797100469274e-05
-1.044974796544406335e-03
-5.438387685851009921e-04
-3.139515355060305216e-03
-1.623063387738824556e-04
-3.869117662079551924e-04
-2.845600646020172465e-03
-2.049997680180957690e-04
-7.009440721175456926e-06
3.046154556326361642e-07
-2.001573886432755019e-06
-1.204805360685686974e-04
1.739839680624868273e-06
-8.693778534357123533e-04
-4.459989122756324452e-04
-2.088511669914550409e-03
-1.504007165195074059e-04
-3.090313157247734496e-04
-2.410528676591917364e-03
-2.618265907892395460e-06
-4.568016681253937919e-06
6.066278289046854861e-07
-1.158536233676042449e-06
-8.145990465029722609e-05
-1.705056753514865294e-06
-7.903277858837296855e-04
-5.859203145216985899e-04
-3.305520975799244626e-04
-1.912334880624462421e-04
-1.505907134947395611e-04
-1.913325579472454838e-03
-1.285281772687337225e-04
-1.432166626703596264e-06
4.818838277727550235e-07
-7.854312745832652747e-07
-2.944241169524206266e-05
6.146899898083096111e-05
-8.409817432657589213e-04
-5.254366442325982732e-05
-2.817524665228750952e-04
-7.865442586974227194e-05
-1.823673348183069067e-04
-1.319728754879614593e-03
-7.053635589451716977e-04
2.457392783178706105e-07
-6.862847232097635355e-07
-6.779770664417589963e-06
-2.639492830777045502e-05
-3.158706281691329716e-04
-9.740008761064489293e-04
-5.392490454545572324e-05
-2.497069038613882797e-04
-6.072041537179493080e-05
-2.129075623843827692e-04
-1.302583735396629179e-03
-7.289042223690541051e-04
-2.120655863355678995e-07
4.126403709236488640e-08
-4.199008868094484336e-06
-2.599381699276459532e-05
-2.709755457473643600e-04
-1.082248035929452186e-03
-6.468690169488493366e-04
-3.228855137186785679e-04
-2.991574025984912563e-04
-1.729539893970864176e-04
-1.954511702774558088e-03
-1.362746880668893028e-04
-2.650713268812834567e-06
-3.970842739547250421e-08
4.329312976379254531e-08
-2.188780025294755242e-05
5.664606549685956971e-05
-9.801474560690763907e-04
-4.052006485346349948e-04
-2.104792149214448384e-03
-1.647599913116655664e-04
-5.044612207745534718e-04
-2.536967998537969105e-03
-2.661100456815643798e-06
-4.044418467216193247e-06
2.368621879279627999e-07
-4.476652083474526161e-07
-7.436821167778847382e-05
7.012453615706709414e-06
-9.222995955152323011e-04
-5.614613942665637025e-04
-3.034216814302518814e-03
-1.654278357816364178e-04
-4.615734507164596045e-04
-2.943199728576086256e-03
-1.984314947316297660e-04
-6.274447257759069656e-06
1.488062465806745777e-07
-1.738244047497590295e-06
-1.126759286458977840e-04
1.719018658845792403e-05
-9.513257109740896498e-04
3.448930969823048309e-02
4.180391872075632943e-04
5.003526517094287855e-03
2.072874689159618012e-05
9.206288310364873421e-05
4.027369743256423439e-05
6.280015222552100483e-07
2.237149202513141906e-04
1.528857348815722999e-04
4.756037585595739936e-05
-7.102245860521858981e-06
-7.586139733144537826e-07
2.560851916169723866e-02
6.504192857936950869e-04
4.461124619380620916e-03
-4.289946814346034122e-06
1.407532258480569977e-04
7.047241336029048053e-05
1.470303511348176554e-06
2.754364963332193669e-04
1.689337775287723950e-04
7.110789472506658701e-05
6.975338249589134382e-06
-2.125575882713247478e-06
4.974207498495815394e-03
4.309451000015590560e-03
9.743038454134297314e-04
9.125000050877046798e-04
1.221090815038289063e-04
1.153643849155798262e-04
3.673765800730867197e-05
3.475946173584886097e-04
1.701191144643606672e-04
6.852060902760004053e-05
2.850660078193159831e-06
3.634334222889984217e-07
3.166470952734159257e-04
1.871703582155804374e-02
4.393479617010454387e-04
7.370980630416260060e-03
1.532684299696026979e-04
9.977458464084369596e-05
1.474317463044883198e-04
1.695147155570983868e-04
3.791465623822960784e-04
7.059390330029114032e-05
1.108788964559122877e-05
1.279475087092137635e-06
4.997072852891251736e-04
7.186203744463235581e-04
1.529548451940719936e-02
1.028372398765257413e-02
1.091492378834006216e-04
1.090119261791659439e-04
3.064197473626521198e-04
2.231767879083818820e-04
2.985038587870438498e-04
1.140685920370856492e-04
-4.498921183165953862e-09
8.863200252944311051e-06
5.386273711948484774e-04
6.822290030085021014e-04
1.523727203137936574e-02
1.031381107909433437e-02
1.140023405908991360e-04
1.029754021472179063e-04
2.876053345855046693e-04
2.358172698304494158e-04
2.985365633739528110e-04
1.130935403679469314e-04
6.801097748045790677e-07
1.007844387980776150e-05
2.938466228544500962e-04
1.869035790595867733e-02
4.432927459309986338e-04
7.221392746317674416e-03
1.587100583225765622e-04
9.228145815009573491e-05
1.336755828545607954e-04
1.735408517161992454e-04
3.820081043130221744e-04
6.788450356290948585e-05
1.567858728837587739e-05
3.012391185057568013e-06
5.031524316508777413e-03
4.237650648122068091e-03
9.017831467278979206e-04
6.987052459451997388e-04
1.076918707159412521e-04
1.075920928840911478e-04
3.060058606309623108e-05
3.499686581565184689e-04
1.670990473112667551e-04
6.418621618261118522e-05
9.619243997370057248e-06
2.364904661271841540e-06
2.560323495771616581e-02
6.337046085672128071e-04
4.446260862840625827e-03
2.630174476413731533e-06
1.273788700024121659e-04
6.259620297710483193e-05
1.173515502797136120e-06
2.767083096138422352e-04
1.624721974391277765e-04
6.505233038544103749e-05
1.464274257487495207e-05
-1.711761965904488520e-06
5.478098914425746924e-02
7.836653216469414074e-04
7.056803541717508038e-03
-1.747267730319869677e-04
-2.854745364510466628e-03
-2.442732386357554541e-04
4.865141177857502263e-06
2.806832451517512781e-05
3.777978061053670561e-04
-1.599855591500004917e-04
-1.368917331334827392e-05
-1.256288935075802315e-03
3.093068076578095460e-02
6.602121259215829215e-03
1.658683322596495729e-03
7.047290363748555690e-04
-2.530926656393361288e-03
-4.341713453499841115e-05
1.174006854255692085e-05
5.230066771751630577e-05
3.122427617129516211e-04
-1.208814032965681756e-04
-9.880122446303429189e-06
-1.253766904356468526e-03
3.466014707142498104e-03
2.763302234332721055e-02
-4.697447226122656726e-04
7.909840478838558661e-03
-2.239890271769282449e-03
2.688651294346063926e-04
-6.746428846111337793e-09
1.469992850813538752e-04
2.480849137784018276e-04
-3.525008376584934887e-05
1.707079811251422272e-05
-1.074428067818648368e-03
-1.402268875062380655e-04
1.083613904295165314e-04
1.737777588827040670e-02
1.167008391502087454e-02
-1.919476453701023403e-03
2.235648242461321113e-05
3.555257369005500291e-05
2.386784484185492077e-04
2.265314867866963233e-04
6.175977738404778920e-05
-1.497001467181306925e-06
-8.958186662801820082e-04
1.206302057551715562e-04
7.657177897309391324e-04
1.978790746068880002e-02
1.598300400448731881e-02
-1.290534215937280942e-03
-6.118942137464952009e-04
1.669089510578777782e-04
2.481577279958254497e-04
1.579555960390834470e-04
8.531077847298337694e-05
-3.371934163566988148e-05
-5.461033525800199073e-04
1.397116569814476424e-04
6.758197421952404083e-04
1.967090549074787184e-02
1.592661058618004624e-02
-1.306795303774637091e-03
-5.959062697628994066e-04
1.400419322197118889e-04
2.577995124170698923e-04
1.459028712724240538e-04
8.465742158991708313e-05
-7.119868965848176294e-05
-4.843073777897188435e-04
-1.799756051372224195e-04
9.265800860443097612e-05
1.727071494398606591e-02
1.149718644678934462e-02
-1.917435344440443935e-03
2.175871882830916008e-05
2.446937448850999819e-05
2.341396355923080759e-04
2.129326593264400838e-04
5.103465398378322418e-05
-1.898237320758592069e-06
-8.121826937342618196e-04
3.306284213327852391e-03
2.740869760257085355e-02
-2.144185975839501981e-04
7.704679376255635023e-03
-2.164429612845063158e-03
2.751009140212705277e-04
9.477633118929008975e-08
1.399032192767956739e-04
2.268335662826512656e-04
-4.439845150652750952e-05
1.322773214953709856e-05
-9.933058617220963393e-04
3.080584009516907848e-02
6.551588552802687856e-03
1.601736242058915969e-03
6.309160078133306320e-04
-2.466341124664625777e-03
-5.390792429661514772e-05
1.420328331270409323e-05
5.016004956046020170e-05
3.048335927709424796e-04
-1.296861592974952841e-04
-1.427234584277405405e-05
-1.200126886518189731e-03
-1.669566359224813998e-04
3.517133608413221257e-02
-9.798860742478089809e-04
1.171188342295140889e-03
-3.515379735124722713e-03
5.203376800058198844e-05
1.215823138587997378e-04
-5.871744524847351455e-05
4.136825576188930912e-05
-1.775256357815125253e-04
-2.866140102780632216e-05
-9.078421178549599081e-04
4.631212751063841331e-03
2.516103435052461160e-02
-8.793950434530417755e-04
3.549697345131983418e-03
-3.967525980231770277e-03
5.469258113278674643e-05
8.178287688739460280e-05
-2.019026145873981912e-05
2.069877122515061691e-05
-1.426573719443872089e-04
-2.923059681753745418e-05
-9.418240362375300805e-04
1.347446801050768660e-03
7.971846778623691010e-03
-1.837881361415694441e-03
6.030671702617854124e-03
-3.908775616054909093e-03
1.101193749089146167e-04
2.722388258969810654e-05
1.477074622022516923e-04
4.409944319511975782e-06
-1.110332479423319546e-04
-5.975907311156033233e-05
-9.011599273697358092e-04
-1.940130785088534852e-04
5.881074818108719465e-04
1.608956179036341236e-02
8.405678956144371772e-03
-3.396143074465047748e-03
-3.175498527290588377e-04
-1.676466889435957968e-05
2.494430446813872423e-04
-1.128250301609717576e-05
-8.384060270718573789e-05
-8.882490974530080920e-05
-7.217375906256772366e-04
-3.570501065507718729e-05
6.158487568824169874e-04
1.442040215503556828e-02
1.103326846026970141e-02
-2.422261961428742814e-03
-1.353936170034663244e-03
1.242119533571129030e-05
1.697465928075870872e-04
-5.711664577810026528e-05
-6.495020894831349213e-05
-2.708363525985323962e-04
-4.438283248713642461e-04
-3.781666834921617915e-05
5.141149803010393229e-04
1.439808766669574934e-02
1.089856148505912413e-02
-2.469471578817367292e-03
-1.321251080618292707e-03
-1.073212558044889756e-06
1.815891449154830549e-04
-5.849313890699621345e-05
-7.671642748396413636e-05
-2.840706402800690722e-04
-4.396377744637271364e-04
-1.418346025941617686e-04
5.898354267051019503e-04
1.594393643430793220e-02
8.277893051687506415e-03
-3.377353362233993708e-03
-3.045858582006221783e-04
-2.224945934974557448e-05
2.530012372696771985e-04
-2.503289403313752038e-05
-1.041639671558866804e-04
-9.975468226332497208e-05
-6.994194772846946831e-04
1.268222245081815358e-03
7.819876218023637249e-03
-1.702945171825003641e-03
5.895102582061603931e-03
-3.812421296486871811e-03
9.418843367204307365e-05
3.335022099840011272e-05
1.413202887688474118e-04
-5.088922099464029538e-06
-1.369459021571915053e-04
-5.824504492901184781e-05
-8.552955762759994161e-04
4.628265459157238602e-03
2.492916203729245855e-02
-7.214373980875864525e-04
3.398098535357306233e-03
-3.934536813969401192e-03
8.427080436112642609e-06
9.284938834812703082e-05
-1.911920388911983893e-05
1.686620549312902419e-05
-1.626481746440070928e-04
-2.624808849005386013e-05
-9.148995893434407447e-04
3.614700936776400200e-05
1.602539014305665152e-05
-5.393807030053337045e-05
-2.415794379011160782e-06
-5.721524504902210340e-05
-1.497830984458161512e-05
1.399695452961278228e-05
1.433033860766172523e-06
-1.212340385575646474e-05
-1.215348692649761236e-05
1.086225138698440370e-05
3.160785738968667068e-05
-8.813355767716774198e-05
-2.987517678406024471e-05
-5.452818017280217116e-05
-2.354000931796802287e-05
-5.563061359340559184e-06
5.167330078819569288e-06
-8.577344841971017766e-06
-5.507152832187250159e-07
-9.829809141911002054e-06
4.815158920840676950e-06
-7.069557481440432004e-06
3.414997787985093428e-05
-8.321690224901827923e-05
2.616017535022497937e-07
-5.197192771383753478e-05
4.787931263095516121e-05
1.392000967568966796e-04
9.910929583205848174e-06
-1.329519660070657428e-05
-3.844565201223914725e-06
-5.966138779332644765e-06
1.196210079565399734e-05
4.714625542842230529e-06
1.972307732855471682e-05
-1.005401422534080375e-04
-1.196726976853449408e-05
-2.722790426995878432e-04
2.270582290628341915e-05
1.362230551376403709e-04
-2.809260828639567785e-05
1.563192443190869694e-06
6.317616566710840675e-06
-1.205986063847405732e-05
-2.350755542205853877e-05
5.979998276771235799e-07
3.621747654354969329e-05
-9.432887191625165106e-06
4.886941017323766261e-05
-2.044375798960939748e-04
-7.883672718674860388e-05
-6.824981345081896852e-05
2.913415207493719969e-05
1.215718395940397647e-05
1.977621385646704882e-06
-1.632801580151759243e-05
-1.017306003558736021e-06
9.256751878210454831e-06
-4.492193299128565515e-06
1.219934273676424347e-07
-1.009434377600403065e-05
1.034235819836432121e-05
-3.087737658884598911e-04
-9.569002020272478123e-06
5.693931082009930479e-05
-4.444021533753887495e-06
1.128892379447290712e-05
-9.913651870410874245e-06
-1.190042744626208412e-05
-1.632795046199092602e-05
-2.477799132899146357e-05
1.414636759902154750e-04
6.829089746221597799e-05
-5.935115575725141772e-05
-1.424965244851418534e-04
1.919238551632912937e-04
1.387889124028275802e-05
-1.876622210816021220e-06
2.029058157558949929e-05
-1.029348864293220114e-05
-4.002604992822676765e-05
-4.641206422864300062e-06
1.222124558101805286e-05
5.723620644536909260e-05
-2.817026185544848076e-05
-5.008046439388259656e-05
-7.795445869296659092e-05
7.196434767887857067e-05
-1.176977681963740059e-06
1.296484336672597661e-05
1.016243791102767964e-05
-7.332576661262765545e-06
-8.602343779628086244e-06
1.218604690311012898e-05
1.580219201589986284e-05
3.912431642213360210e-06
1.150508516797921796e-04
-1.181362349868467724e-05
-1.212240616988721433e-04
-6.786437281405154802e-05
-3.795471178590903834e-05
1.879898269073384523e-05
3.094441882055676519e-08
-1.349590291539051302e-05
-7.219153413451123548e-06
5.926599174324705957e-07
2.644398678526115319e-05
1.017700114760168427e-04
-3.538174839401964783e-02
9.225571718231876869e-04
-1.063610351747051180e-03
3.492527819174320435e-03
-8.657362003684634184e-05
-9.860635371842432632e-05
5.871583366222349202e-05
-3.910726312644030405e-05
1.796629008434870206e-04
1.494041374727706800e-05
9.520241495121134013e-04
-4.837817449978376941e-03
-2.504846117767382460e-02
6.655349766218177738e-04
-3.423059419263066536e-03
3.933919541601322949e-03
-3.861480465602186187e-06
-8.333873755367989455e-05
1.975618337702234981e-05
-1.872196109820893823e-05
1.607917389293234091e-04
1.427466426553175136e-05
9.790091546196591759e-04
-1.220075865374341999e-03
-7.976005632284980870e-03
1.698195832814534565e-03
-6.022031735390911966e-03
3.710645591471449338e-03
-8.001527124602284739e-05
-3.287061519810174589e-05
-1.475941567989285470e-04
-1.202145616085746015e-05
1.257165240145304984e-04
4.541290167171073010e-05
9.267778706500030958e-04
1.701818196854423945e-04
-6.357001825052991783e-04
-1.592881075650630709e-02
-8.416776434681468716e-03
3.340088608663933662e-03
2.905775352191136912e-04
2.331381985589805060e-05
-2.520108933168708283e-04
2.374590868244293035e-05
9.515446734172162730e-05
1.010024023887762636e-04
7.502269084388309920e-04
3.634977299440509156e-05
-5.308510314619794418e-04
-1.439641961355995516e-02
-1.106982191289234731e-02
2.337434482167311499e-03
1.312697641192925400e-03
-1.669316071258330447e-06
-1.673240008491617503e-04
5.107017083312620005e-05
6.566149747226793590e-05
2.736097429005842729e-04
4.071586847708860116e-04
3.413602272701471440e-05
-6.325941575441574021e-04
-1.442224093502028452e-02
-1.101978885179038907e-02
2.395971196508515835e-03
1.286169548258073473e-03
-8.151543862789600601e-06
-1.630695118493439492e-04
3.899367837724918153e-05
6.454661744351558844e-05
2.703095265840688740e-04
4.155188164618895535e-04
2.696866041592661735e-04
-5.801118347966783065e-04
-1.599242733917747086e-02
-8.382178537185069542e-03
3.462021100673148659e-03
2.913438928155167814e-04
1.779465647115247210e-05
-2.526863104416456562e-04
-2.840623359788863479e-07
8.437419549347339467e-05
9.812575935369385655e-05
7.539212826982982091e-04
-1.186490220985022279e-03
-8.077257186138876027e-03
1.802812282115175829e-03
-5.931874436434568347e-03
3.790744264540717862e-03
-1.006684815857356513e-04
-2.452557647463809561e-05
-1.535573270499538442e-04
-2.172391609099045192e-05
1.084176984235104614e-04
4.882938340511099376e-05
8.761593193020395052e-04
-4.818716933913894801e-03
-2.511972465272485633e-02
8.675879376891832036e-04
-3.397758535650614864e-03
3.927028775826501075e-03
-5.123685262693707988e-05
-7.365095179634239880e-05
2.047699372146593861e-05
-2.330704723082321122e-05
1.468702347137587454e-04
1.965797930708946371e-05
9.406159942736536496e-04
-5.524254390529115960e-02
-8.699613717874212036e-04
-7.016114535702603315e-03
1.374928190652896498e-04
2.815269579518585048e-03
2.533276306649010217e-04
7.995779454664399057e-06
-2.709017069685807301e-05
-3.190303238675024642e-04
1.514512329501250208e-04
1.564768245368275927e-05
1.253309218105733321e-03
-3.072819245240344943e-02
-6.333176171853201197e-03
-1.608610049696287785e-03
-6.593968127250551424e-04
2.496411267186735873e-03
5.431563821147964035e-05
-3.951078911126570023e-06
-5.139781965827268129e-05
-2.795370658778792731e-04
1.261826526005387864e-04
2.289605071962067155e-05
1.198231746750724096e-03
-3.260810508455935178e-03
-2.756462315776356947e-02
1.870587011459104931e-04
-7.709883303412398345e-03
2.161307376874609977e-03
-2.249094612897023699e-04
8.054984119683075243e-09
-1.393933516208624706e-04
-2.070569953813383658e-04
4.202664006815611089e-05
-5.608379373533056455e-06
9.987504968219456346e-04
2.441557962107179314e-04
-1.149937344083829996e-04
-1.667897330445867674e-02
-1.186748360655055963e-02
1.888367461958493764e-03
-1.940209105183882346e-05
-2.523153781877080033e-05
-2.401843486168041015e-04
-1.930777272592887827e-04
-5.729054394185088676e-05
-1.207460809588284456e-07
8.135985376726203059e-04
-1.476034646441828056e-04
-7.074863766164418179e-04
-1.956406349703285544e-02
-1.600543718558792780e-02
1.225254337361751005e-03
5.658068983965828993e-04
-1.333957892669684247e-04
-2.446577875546684651e-04
-1.237331295792144131e-04
-7.363005071043824735e-05
6.437407626772851906e-05
4.918698541507740118e-04
-1.242589232968791663e-04
-8.161396127162536158e-04
-1.977339089824001889e-02
-1.585096547112806870e-02
1.257475585632867807e-03
5.626587424236288194e-04
-1.350353989115067024e-04
-2.514226710968514903e-04
-1.342439826994221163e-04
-7.821450611950765263e-05
5.019332275208734321e-05
4.771165113333454880e-04
2.195247934555015728e-04
-1.170108866149267054e-04
-1.694221151763705344e-02
-1.181354155101915250e-02
1.942487218170854766e-03
-2.031866018072820093e-05
-2.684460848666209780e-05
-2.523024943443834462e-04
-2.114130988431285911e-04
-7.239344332632958166e-05
6.915316121711949109e-08
8.174281643886857499e-04
-3.411106091262858936e-03
-2.725187622995603465e-02
3.833072538295712885e-04
-7.700128545869000703e-03
2.188454220164208746e-03
-2.446673050217402405e-04
-1.715484652936179770e-08
-1.467041499224273069e-04
-2.310336177776417413e-04
2.717296903778461926e-05
-8.593553777655831051e-06
1.020283502281554107e-03
-3.150426263665242338e-02
-6.285439249669910050e-03
-1.649044506580714343e-03
-6.695965749547975890e-04
2.477164825188468786e-03
4.761235023132738293e-05
-6.313375427081250251e-06
-5.216606984384586419e-05
-2.747224264618300187e-04
1.157561580924199680e-04
2.147149005742039600e-05
1.216846976053617864e-03
-3.500705815794686454e-02
-3.810759590352777123e-04
-5.125226691054684050e-03
-2.668596779745000143e-05
-9.805470091400165047e-05
-3.593593609349773400e-05
-6.791614549509495251e-07
-2.408229187352014069e-04
-1.610155864094214579e-04
-3.300875222240012515e-05
8.431543559684370235e-06
7.246181102158164371e-07
-2.586026666310124386e-02
-6.318344382712583239e-04
-4.482556586630537070e-03
-1.318392053073464251e-06
-1.306325366823680263e-04
-5.922556559488738179e-05
-9.973375254109334064e-07
-2.797022434582780055e-04
-1.803504175309386898e-04
-6.514929073814634938e-05
-1.091581610555744936e-05
1.626959487203047294e-06
-5.064626323031141790e-03
-4.292612318206381720e-03
-9.017389802537255404e-04
-7.361142591136003201e-04
-1.158300474627105677e-04
-1.116282206089831171e-04
-3.041786790300765454e-05
-3.519534206751316749e-04
-1.791106771199297448e-04
-6.244702307591407076e-05
-7.270662931080767141e-06
-2.154451743897471055e-06
-3.121642399962145536e-04
-1.892256150542343668e-02
-4.382137520746901905e-04
-7.145850198824701092e-03
-1.232059769382843489e-04
-9.344465816910253351e-05
-1.350037233882225819e-04
-1.821755291647693723e-04
-3.599239635159928513e-04
-6.284525098748174629e-05
-1.674391889958326091e-05
-3.325739072505234449e-06
-5.400363234781135760e-04
-6.997946467141562960e-04
-1.528209462439975366e-02
-1.020519738110310312e-02
-9.763792470745324211e-05
-9.887158357200468047e-05
-2.968055031111046182e-04
-2.350781015495794835e-04
-2.833256060199938059e-04
-1.121741727125113530e-04
1.834948201344647160e-06
-6.502224072094991622e-06
-4.873326908573763949e-04
-7.569257175149630068e-04
-1.519703650503873016e-02
-1.022112842496412585e-02
-1.092667194128076264e-04
-1.002315972964682632e-04
-3.006172979286248436e-04
-2.266507734742911602e-04
-2.893458337404576836e-04
-1.122603097713905447e-04
-1.596259175876092477e-07
-6.089927711602959728e-06
-3.355812553670248872e-04
-1.868178292675749808e-02
-4.483654988805569762e-04
-7.279145426000729370e-03
-1.400003264840497439e-04
-1.024261750722197268e-04
-1.330213573787018941e-04
-1.814942930265693252e-04
-3.704946289753981528e-04
-6.883063759763020050e-05
-1.191734455932556789e-05
-3.345252879815717116e-06
-5.168295482676029187e-03
-4.178475727624114677e-03
-9.320722144268952288e-04
-8.305720794390662352e-04
-1.260799847285004258e-04
-1.222045067051150927e-04
-3.052156468954135766e-05
-3.641621952742234007e-04
-1.828872419209095601e-04
-6.749721466907669838e-05
5.613248331638196744e-07
-1.208071400509639118e-06
-2.628485119647833851e-02
-6.272573698141357913e-04
-4.461245369365732412e-03
1.380482395225076496e-06
-1.260467386993385612e-04
-5.920431317279386120e-05
-8.967443446507637170e-07
-2.867733796246610119e-04
-1.837930083616253504e-04
-6.900542751940572160e-05
-7.253941469228598620e-06
1.048701707249114678e-06
5.720978736035525758e-03
1.967356410705243044e-02
1.180442803991217432e-03
1.047147489033432247e-03
1.049326115508198744e-02
-6.435879053291020836e-06
1.141676004204079587e-05
-4.919313530334971053e-07
9.978051530545989345e-06
2.268111031348444900e-04
7.132203012195911860e-05
1.485366681116681402e-03
5.230650133587631291e-03
1.904597767798821631e-02
1.186516216701429243e-03
1.094409023048567142e-03
1.048721077281945628e-02
2.583517350099056209e-04
1.153066179361865612e-05
-1.303460964846670632e-07
1.099476038725254768e-05
1.524415642836386003e-04
8.957285892947510039e-05
1.577683196573504299e-03
3.915053949294090320e-03
1.237066757283699324e-02
1.234878986834919787e-03
1.241210719509881332e-03
1.059596464245000577e-02
1.455046606534090518e-03
-1.063152552657360757e-06
6.329268937960609886e-07
8.243608056005110725e-06
8.246950231197330611e-05
2.174473598019737309e-04
1.613343461010517243e-03
3.356715807510123138e-03
3.113699275907449385e-03
1.410704679258483266e-03
1.037390091884061137e-03
1.011174598208333837e-02
3.923028548404513920e-03
-1.709851315806870913e-06
1.211749467718840605e-06
5.834444031680480590e-06
4.978691993240829956e-05
6.118694095484293691e-04
1.593027282637755979e-03
1.258825174768447527e-04
2.404234330927106783e-03
2.653339147560863378e-04
1.831133995609718779e-03
8.603032180784106475e-03
6.834979656807267136e-03
1.471906115354232029e-06
1.015713689329756142e-06
-4.281780011727815433e-06
1.027512667346995567e-05
1.002456489982864489e-03
1.350432724622808740e-03
1.343043153098818490e-04
2.448771410061996272e-03
3.028362385727026754e-04
1.793921916041164334e-03
8.769079951264590472e-03
6.576125693133906547e-03
7.005710801224417155e-07
2.338191854544814348e-06
-3.851372028377924767e-06
1.797572015189189906e-05
1.028236265952959822e-03
1.302974205645877643e-03
3.185435734014026559e-03
3.064605234977061440e-03
1.385707190357883013e-03
9.121124406165664238e-04
9.981941736685985903e-03
3.757632514677642418e-03
-1.240197831258728617e-06
7.233418853203375103e-07
6.659490756083461830e-06
5.783308728296927728e-05
6.217250022696454645e-04
1.549229619858767237e-03
4.028044944912885506e-03
1.178893200147062247e-02
1.215763687385007117e-03
1.209695097747627481e-03
1.034548705754639690e-02
1.375181669275586400e-03
3.246505861881869843e-08
1.812066207169442117e-07
8.515895442154546507e-06
8.095977670298001698e-05
1.870205140901747898e-04
1.583254610199274440e-03
5.223213246440728055e-03
1.854067601900346793e-02
1.175742929495189170e-03
1.085246093014609033e-03
1.062479081959594174e-02
2.293510093895927615e-04
1.406815466898680580e-05
-4.371133653029585441e-07
1.106862445629313861e-05
1.426513718741518472e-04
7.326272142792403653e-05
1.555549616825219628e-03
-5.249384978545355157e-02
2.201703195553068176e-02
-4.654715229163474029e-03
5.937283747150186135e-03
9.543156004401688716e-05
1.348581855667230819e-04
-1.928107636193853881e-05
-1.405763757088662844e-04
-2.192924090595598256e-04
5.546433507047035543e-05
9.246499711008291072e-05
2.715204675021903966e-03
-3.513357125042182449e-02
1.759190519857092849e-02
-4.627913564570090323e-03
4.132369902671006187e-04
1.220272574980223353e-02
9.063710734525068802e-04
6.669421589566141054e-06
-9.280235279016175900e-05
-1.637772491213888425e-04
-9.089964113409252598e-07
1.186154683495426355e-04
2.613526940583386915e-03
8.365089792473197339e-03
-2.203000420458870248e-02
-5.000228971748590240e-03
5.861935808742726626e-04
1.521568865351512201e-02
3.140219841902285383e-03
-2.129467445258714596e-05
-3.966888437312081036e-05
-2.801258204567425864e-06
-2.060941912593608767e-05
2.595722225076084900e-04
2.071517887977763518e-03
4.540217654959262210e-03
-2.372479636105239570e-02
-3.503709324324964704e-03
3.666384325261803673e-04
1.454575302921135363e-02
6.973834916943978147e-03
-1.640140281714756287e-04
-1.785453386495770619e-05
-8.464347693449326439e-05
-4.113111988258959662e-05
5.864479858481092336e-04
1.585396829391246421e-03
-2.343252041745839140e-04
-6.889769115064320716e-04
-4.957597138593304587e-03
-9.603104430311251369e-03
1.319688357027729020e-02
1.040373260153582349e-02
-2.809912857355148052e-04
-1.424893845841173029e-04
-2.258578497120237137e-04
-1.074718154754589439e-04
1.031508485983257967e-03
1.351221383997618314e-03
-2.317898211401666448e-04
-7.745598183495736207e-04
-4.794729121028813885e-03
-9.717110655630521385e-03
1.314710815543507563e-02
1.037808846674192695e-02
-2.593099276113079092e-04
-1.538391046816588918e-04
-2.197118399238103643e-04
-8.491057294467655055e-05
1.090990884576064105e-03
1.272307845062320766e-03
4.418491853290355993e-03
-2.381434589515360814e-02
-3.454308719072743741e-03
3.450734461929807779e-04
1.419806498874922121e-02
6.894322013064646190e-03
-1.354536043243136328e-04
-1.609274466417216740e-05
-8.580855974854676447e-05
-6.408204650619973526e-06
6.079420326362506774e-04
1.505099688131765956e-03
8.142105105248726576e-03
-2.182431388784332113e-02
-5.021211693156913194e-03
5.491909583936120491e-04
1.482274199014811319e-02
3.125208524543410856e-03
-1.465748302035405605e-05
-5.474555795094017516e-05
-2.544268838692328069e-06
8.332694337676951234e-06
2.523315743680658112e-04
1.992734290079471639e-03
-3.527711759635476091e-02
1.677484052415053814e-02
-4.608753654831459177e-03
4.114296067027259753e-04
1.220952243635182836e-02
8.665185567071931891e-04
4.864830824713865390e-06
-1.104336264673397598e-04
-1.494830091231273618e-04
1.646452592961006363e-05
1.131512751137245818e-04
2.542871288682259021e-03
-2.073420155509642787e-02
-2.262013687137364934e-02
-6.470799989578896426e-03
1.016659665148983947e-02
-1.030887446139921689e-04
2.256375126727021914e-04
-5.701071861919169818e-05
-2.047142302680784412e-04
-3.571799048065289121e-04
9.041278782966244334e-05
2.944523628765970629e-05
1.846827317223379830e-03
4.988438095834439763e-03
-4.750326203252199647e-02
-6.968930169096733927e-03
7.048726348851412984e-03
-8.309992974116064545e-05
7.714588597968613515e-04
-1.333008584166709716e-05
-2.106308191769874815e-04
-2.454402508516073168e-04
4.038570897351673552e-05
6.753620089413147460e-05
1.772309329910270450e-03
8.165014795331672001e-03
-3.817040040224303071e-02
-8.520985300082890845e-03
-1.189539482142401154e-04
1.106960595930110529e-02
2.448033873584458311e-03
-4.786108724303107455e-07
-1.841003220688681866e-04
-8.413279524968057430e-05
7.935311621705357985e-06
2.553957658509801846e-04
1.441340267547108539e-03
2.962817483546403407e-03
-2.334543288547796455e-02
-2.466482424958720433e-03
-1.201176856461242401e-03
1.264554974376735745e-02
5.681867255466724331e-03
-6.322534881640782449e-05
-1.586748250707845130e-04
-5.290030839129743510e-05
3.757450590257160113e-05
3.662128787431810140e-04
9.348260394932717552e-04
-6.369417569612570212e-05
4.630869985575219251e-05
-1.737575539673760772e-02
-1.272900978386289940e-02
1.100982530967914083e-02
9.022334494951263911e-03
-2.039036249304745994e-04
-1.618952001772502717e-04
-8.639314405339286918e-05
-4.179238452583038235e-05
6.367108735751777658e-04
6.422879444473046087e-04
-6.153082612716472596e-05
7.179983699165577455e-05
-1.730743100340920160e-02
-1.269772215439128951e-02
1.094848420401296589e-02
8.991773513080893523e-03
-1.716397405948920135e-04
-1.887751370577782882e-04
-9.640740861254267359e-05
-1.167333260591701916e-05
6.925415642235352659e-04
5.457120259542536751e-04
2.892650741869663873e-03
-2.371273689330568799e-02
-2.486971148610065806e-03
-1.163330864232622495e-03
1.252345784111007568e-02
5.636883703649822955e-03
-4.095662674440358727e-05
-1.596307878118204333e-04
-4.899638187880681875e-05
8.126667858018869403e-05
3.683718723080733090e-04
8.619304011482001706e-04
7.916349709170527466e-03
-3.847989104926086840e-02
-8.571070887350620143e-03
-1.596260495984800872e-04
1.104304992439218008e-02
2.334734637565426003e-03
-1.420745225240895326e-07
-1.547066725818598953e-04
-7.117230571548083273e-05
4.583365637750551612e-05
2.278356274250297267e-04
1.377167649784157358e-03
5.062942856256589033e-03
-4.729294492468135575e-02
-6.876257411743687091e-03
6.950421887696472782e-03
-8.409259858099426730e-05
7.189251144178914268e-04
-1.595137651066443635e-05
-1.580608205027093558e-04
-2.303798439424625561e-04
5.431500360629242012e-05
5.407472479877153558e-05
1.721455901818577270e-03
-1.049233173595871078e-04
-9.349007513511600103e-04
-5.232809473743277404e-05
-5.845991422946297784e-05
1.296289185360760977e-05
2.313029620882675421e-05
-2.501069048965228377e-06
-3.689045436829005024e-05
-9.905249144654829754e-07
6.931103300322513849e-06
2.265417580395082188e-06
4.015551882589663045e-05
2.172291698054913266e-04
-9.089252600279411169e-04
5.846962604989788879e-05
-9.084199498442962518e-05
7.241671088110465586e-06
4.965044691323242847e-05
2.975617565274666124e-06
-5.677811928203392079e-05
-8.498815740894594459e-06
-1.140138889355199703e-06
1.620041048944855834e-05
6.511598423502936339e-05
-5.409134146351282776e-05
-4.940367677071783167e-04
2.301647512994843431e-05
6.769575529979120973e-06
1.227260326203127589e-04
7.293218967262362132e-05
1.339936734731325630e-06
-2.953240921732511011e-05
-9.827850719777732122e-06
-2.697416919800514772e-05
3.066437497026657769e-05
8.576556612688685476e-05
9.980241056302001411e-05
-1.413989975899797974e-04
4.076164539069439172e-06
5.315264401715334247e-05
6.746470901009250191e-05
1.117550821208182596e-04
-1.257076508229259584e-05
-1.687220115925072564e-05
-7.187407466132728980e-06
-3.288833569394202563e-05
-2.105682501308375857e-06
8.951377797190180621e-05
-1.541117263661646495e-07
1.477299474377278791e-05
-1.944017211828487888e-05
-2.194102212860451671e-04
4.370321794939904575e-05
-4.561357819320803193e-05
-2.221332152331005369e-05
-7.661016200503480096e-06
-2.562983229319555784e-06
-1.776686678898905020e-05
3.663753389664738689e-05
3.142116448906400117e-05
4.539689886873876981e-06
2.662410174861128394e-05
-1.717795076823432911e-04
-4.452345617359007959e-05
-3.306809271075914337e-05
1.180575081917256741e-06
1.583866244156604257e-06
-2.636000006707838735e-05
-9.803652127373549500e-06
8.370549442863745902e-06
8.630403464562453697e-05
-4.231084655627624430e-05
-6.049255729044142430e-05
-1.887033385163591217e-04
-8.929312562928925614e-06
7.589039427887343239e-05
3.035304485808897621e-05
5.617426140978229026e-05
3.981564127027932733e-06
-1.373789597275107216e-05
-9.345882004513044366e-07
2.736574482862748961e-06
-2.625482272526434959e-06
4.745966393067483627e-05
-3.879243062486505112e-04
-6.435441993611081511e-04
-1.954025165837346244e-06
-3.762905938603675965e-05
8.350196005824968163e-05
-2.691858734632560001e-05
-5.406816057767638817e-07
3.270534538202705991e-06
8.335749182475973626e-06
3.782560936931194741e-06
-4.942184083534554713e-06
5.630128194756249408e-05
-9.995603657548821964e-05
-9.361529521783109068e-04
7.020436952282165086e-05
-5.534746091656723256e-05
-5.716748057414983451e-06
-8.744566466088672706e-06
-2.760791053745999647e-06
-1.070307974406661942e-05
6.907958903099482613e-06
1.784478945786882202e-05
-5.092891217317793831e-06
4.631159159746374340e-05
1.975395421619570435e-02
2.164833720750486759e-02
6.268479512401603330e-03
-1.021757207332620043e-02
1.397081909949109385e-04
-1.735920903424311552e-04
5.638535952705879593e-05
1.728010292310778323e-04
3.525523385695133083e-04
-1.029965476781951141e-04
-2.332409983564425702e-05
-1.678833568324397977e-03
-4.648016378158920450e-03
4.457016357334593615e-02
6.628690045134504223e-03
-7.081051564386527629e-03
9.418223462577483677e-05
-6.387249358472471550e-04
1.789351233295053881e-05
1.398548452160683787e-04
2.200826559688454835e-04
-5.585453755916663156e-05
-5.071922212337148111e-05
-1.591357231807958737e-03
-8.425624862302364543e-03
3.666861547022682438e-02
8.200520807818809446e-03
1.371995794162743853e-04
-1.115950598662304900e-02
-2.073984300059445243e-03
1.586937589557478265e-07
1.459928882359288267e-04
7.480249422847468045e-05
-4.538686978182566008e-05
-2.216766148971033377e-04
-1.226560106049145830e-03
-2.877137092111467422e-03
2.307195587174022330e-02
2.381295577218720590e-03
1.108196815172025028e-03
-1.228997596624837631e-02
-5.263610525215532687e-03
4.007965294675370637e-05
1.420070544443069026e-04
3.585659540568875218e-05
-8.278845976870658049e-05
-3.600650375032729100e-04
-8.682733303108745989e-04
6.126484850461307626e-05
-4.169408664039371629e-05
1.695632594310973393e-02
1.257529687568374049e-02
-1.102108083202727601e-02
-8.849400348032145092e-03
1.807935730682606803e-04
1.653002399049922271e-04
6.807355370952539804e-05
9.985201368541597535e-06
-5.894154795745150084e-04
-5.574022119081417778e-04
6.662924127331633709e-05
-4.134606822458545259e-05
1.754670377792514474e-02
1.249259299809583022e-02
-1.114224081023975320e-02
-8.926321605341800206e-03
1.864225867758488554e-04
1.603137440455501962e-04
5.773780201865502670e-05
2.428710146714637775e-05
-5.528754629344504118e-04
-5.891857687171280292e-04
-3.007281195737131034e-03
2.324030597727214098e-02
2.485376324665006763e-03
1.167120320441040245e-03
-1.247379032300040790e-02
-5.587920106010905476e-03
5.360239963832120764e-05
1.513728822832259297e-04
2.983657703461170966e-05
-4.476991168826398353e-05
-3.370735128161625981e-04
-8.940829243668042738e-04
-8.644589631341823704e-03
3.714791249365870240e-02
8.186828408976094471e-03
1.248166729340254575e-04
-1.119368260323106053e-02
-2.333012795362737670e-03
3.628082832979156981e-07
1.780716658178376551e-04
8.261855417039822404e-05
-1.662951030282831021e-05
-2.278783073184108342e-04
-1.274688466300122596e-03
-4.885534748171851266e-03
4.598476217097616225e-02
6.684867070342053949e-03
-7.046859890871682783e-03
9.767863733087674930e-05
-7.300740678153822601e-04
1.256724581951005361e-05
1.832364680913275317e-04
2.349915047069320773e-04
-4.901517614382058937e-05
-5.108218796213278640e-05
-1.616004348413296572e-03
5.119861909165197844e-02
-2.257567174604675417e-02
4.242586294044837537e-03
-6.113582873920890733e-03
-1.060869836025060578e-04
-6.592694062439081483e-05
2.776963257621038145e-05
1.017209219299041855e-04
2.273283825520376307e-04
-7.634612587907347193e-05
-1.037200334484732558e-04
-2.727767569548456440e-03
3.451423728011027148e-02
-1.764641543010685848e-02
4.571686787222198171e-03
-3.524833510027852745e-04
-1.249886283006648204e-02
-8.030100168217555205e-04
-1.697205586313175362e-06
6.305434306595442508e-05
1.656038393843885540e-04
-5.454676736524251165e-05
-1.155947933561550815e-04
-2.536987362990263378e-03
-8.098225382924590168e-03
2.127927127927191006e-02
5.118479261237286575e-03
-5.766641556896387596e-04
-1.466242602500962035e-02
-3.091636223224996684e-03
1.612421768052858784e-05
4.533215300591626512e-05
2.524090097999880122e-06
-2.357340369337562275e-05
-2.723898382874036825e-04
-2.062521442492241952e-03
-4.509153875905063877e-03
2.369516965511338918e-02
3.444169924157290587e-03
-3.188348846705229178e-04
-1.420912641592363829e-02
-7.032612532756379528e-03
1.377470874179662248e-04
1.802930747932003703e-05
9.892554776779818057e-05
-7.585536786032743623e-06
-6.346583985524919744e-04
-1.570119818146498928e-03
2.369360830776861247e-04
7.605023045042617891e-04
4.780900797858150461e-03
9.624609170493162238e-03
-1.309463297841397152e-02
-1.090466887053356988e-02
2.639731680727770246e-04
1.435175682679458984e-04
2.306749078004892341e-04
7.408163033463272679e-05
-1.062392249296259528e-03
-1.245711680262009523e-03
2.420577046986985411e-04
7.122909545216826949e-04
4.961859300223025147e-03
9.575174135289634195e-03
-1.356806719164614129e-02
-1.062103586681200501e-02
2.617344582516709420e-04
1.418378116582829740e-04
2.111066269311753438e-04
9.385379680577709107e-05
-9.922600897866742063e-04
-1.278598217703546093e-03
-4.557444574735519498e-03
2.394092845545331416e-02
3.359943824480045218e-03
-3.322147914711457849e-04
-1.474214881256421042e-02
-6.993890062531121776e-03
1.405096154313659499e-04
1.745368793569203463e-05
6.297319857318023275e-05
2.488152301554897208e-05
-5.644373389958350822e-04
-1.591012235988581479e-03
-8.271106675345014578e-03
2.164150594543023248e-02
4.887147591189066990e-03
-5.426752780561581264e-04
-1.509569140089494360e-02
-3.168704980106996482e-03
1.654675471718924037e-05
5.167378821661766517e-05
3.066194799762697106e-06
6.662826412349244033e-06
-2.427122898742438742e-04
-2.079543315112182544e-03
3.478406574482827834e-02
-1.755945900817502611e-02
4.466693812688399962e-03
-3.427766291204856187e-04
-1.261291092769791303e-02
-8.740804515276690478e-04
-1.515021063284609384e-06
8.363171160071521495e-05
1.816709779571850281e-04
-3.010515497845116123e-05
-1.049546916091162615e-04
-2.565824315229951053e-03
-5.401976069306654339e-03
-1.982348764291385831e-02
-1.181562258884444197e-03
-8.921621683210348994e-04
-1.092437959446876210e-02
1.775769820381382521e-06
-1.936942991484947355e-06
1.515129620456500294e-07
-1.632570751957511344e-05
-2.430584225541875388e-04
-7.427347769249208762e-05
-1.620882116704856638e-03
-5.018136304985446050e-03
-1.893694519848662661e-02
-1.166427804493073333e-03
-1.033780388729539429e-03
-1.075775043514766438e-02
-2.304117566605242220e-04
-9.081641108798602191e-06
-1.627754448100934659e-07
-1.557543475988188621e-05
-1.471209027300266771e-04
-8.521541019142468037e-05
-1.610624338797596268e-03
-3.887762493351584747e-03
-1.217633042335965546e-02
-1.216215025690841256e-03
-1.214916329020754998e-03
-1.045008455653298994e-02
-1.521816120032227918e-03
2.111737597421127365e-06
-1.113832505879382720e-06
-1.307127894349575066e-05
-8.317230726380505279e-05
-2.239989101130497487e-04
-1.556219008819677155e-03
-3.371407849341221796e-03
-3.029469598084125973e-03
-1.431583408889682690e-03
-9.195664813715747872e-04
-1.017589165722278428e-02
-4.235442528168742969e-03
1.221154114516140420e-06
-1.275230792293489907e-06
-1.032117816486692843e-05
-5.255945808059798584e-05
-6.610550929390848329e-04
-1.502475446993410462e-03
-1.474215366245543190e-04
-2.408014725112173418e-03
-2.449524773978374570e-04
-1.757590823925182268e-03
-9.107599640716324690e-03
-7.208807065979257883e-03
-2.169520410810025938e-06
-3.783018199018935932e-06
5.051121513058979134e-06
-1.121105455199529431e-05
-1.115619849256918464e-03
-1.179056690485646465e-03
-1.564647659989200400e-04
-2.353484854821845558e-03
-2.312595747320717108e-04
-1.840797435807943038e-03
-9.506286356695448428e-03
-6.821307361726812110e-03
-1.660131286853763878e-06
-2.910638657856721384e-06
3.127644973764843547e-06
-8.430965512455919383e-06
-9.843878395520600129e-04
-1.338875299929023462e-03
-3.402080492215060845e-03
-2.972916570977519098e-03
-1.547790412064699046e-03
-9.347679855940723695e-04
-1.080647348199588291e-02
-3.963922772383478288e-03
1.293100194619459144e-06
-1.231314331149700547e-06
-8.968196268360567074e-06
-5.123149481713864997e-05
-5.796151410029086893e-04
-1.606293658793485866e-03
-3.710173324362254273e-03
-1.219616125279970181e-02
-1.317045488972929832e-03
-1.201984422536949348e-03
-1.103375420243041943e-02
-1.434353416172190216e-03
4.078923247051900433e-06
-1.138819609374453242e-06
-1.091615624026185966e-05
-7.736360154060577677e-05
-2.015327954327401634e-04
-1.610445116115404030e-03
-4.860854138755341808e-03
-1.888118137358965609e-02
-1.217635208680841168e-03
-1.004595476206559699e-03
-1.082505056924289513e-02
-2.427401664785804026e-04
-2.753168103852031054e-06
-2.233876894175624392e-07
-1.434522489328243369e-05
-1.434010825766426586e-04
-8.160648118588534447e-05
-1.630087733234488216e-03
2.531216037759264140e-02
-1.189075187203248417e-02
2.758454056196488462e-03
-8.842514038675139366e-04
-6.629372618647439395e-03
2.154524334801888132e-05
-1.234025306180700399e-05
1.688748072996158929e-04
2.091048933387406510e-04
3.142842957913677582e-06
5.497212177634080485e-06
-1.104545322238897637e-03
1.731964725508331263e-02
-1.174254021469615938e-02
2.723368862400893202e-03
-9.211515270667662526e-04
-5.724038815979271867e-03
1.268378634914674348e-04
-4.338060712860443825e-06
1.618611301647550468e-04
1.807618847465682847e-04
-3.482851470364490464e-05
1.468663873980882344e-05
-1.040852197066088588e-03
-1.909373248111970872e-03
-6.145413821216441815e-03
2.070371694700374587e-03
-3.357785438314973684e-04
-5.845396871868457737e-03
1.195356264396487843e-05
3.252742823159616135e-05
5.891404711076783407e-05
5.138143661455217392e-06
-9.361738426782670059e-05
-1.869874127451761486e-05
-1.085035590600203327e-03
-5.674859347201574545e-04
9.182764808347402413e-03
-2.981270534519706874e-04
4.432970266529519428e-03
-5.127647597825353391e-03
-9.723912542915745267e-04
1.358461598007050443e-04
1.254046738345046812e-04
2.085780353347450118e-04
-8.798893190676961918e-05
-2.953107580378665979e-04
-1.324335587434954248e-03
5.364550091473334163e-04
2.132794539091288730e-04
1.083184924051792432e-02
7.388093404111532522e-03
-3.799454208118689235e-03
-2.478243239122327173e-03
3.008020399298952439e-04
2.177468519456893139e-04
1.820211116340792433e-04
-7.454117500909772549e-06
-1.098471980288128619e-03
-1.379413563052665163e-03
4.934116927648656784e-04
2.130040695661888103e-04
1.074379505013456880e-02
7.442775680025666418e-03
-3.982952931949616110e-03
-2.388049899213613454e-03
2.812570982436642694e-04
2.413058386684388491e-04
1.846348926803094274e-04
-7.427355053708380151e-06
-9.827585500835032961e-04
-1.580220348172536177e-03
-5.662426728532559718e-04
9.197057172912057738e-03
-3.824920996662037938e-04
4.399411157020921212e-03
-5.399045963774763875e-03
-9.001844034421630858e-04
1.404158992156463509e-04
1.339339906556728712e-04
2.160139171921086193e-04
-8.585351894307085381e-05
-2.431712967691695754e-04
-1.501924570443152101e-03
-1.883960636971969155e-03
-6.057772053017838713e-03
2.093795342518813517e-03
-3.664576950037677443e-04
-6.196083289617198946e-03
6.068817948459830509e-05
4.087506219501659037e-05
6.866857464312847855e-05
5.367720435112160703e-06
-9.001917727612821841e-05
-1.537404297234586147e-05
-1.221227918125995229e-03
1.711257982983677844e-02
-1.170389565018772025e-02
2.738286333291828530e-03
-9.494275766810210534e-04
-5.895064065648870227e-03
1.329210741794769972e-04
2.720360068151112184e-06
1.760125834270920872e-04
1.845172803486457014e-04
-3.313499950961154952e-05
1.426060486477014370e-05
-1.122501878021433695e-03
4.505937923957964442e-02
-3.307160454379528755e-03
5.741929653266862263e-03
-1.316849347408161302e-04
-2.360768773945483723e-03
-2.389435159352407167e-04
-8.467151662975664429e-06
2.083248711825185873e-04
3.596939513332734562e-04
-1.012632735454720854e-06
5.962254032393908033e-05
-4.915708145939942392e-04
2.345423197573869717e-02
-1.696231216361775585e-03
2.369746801834265049e-03
8.364209857628506243e-04
-1.916061445133358711e-03
-5.291302207255600871e-05
-6.871755142931816834e-06
2.946592871487400738e-04
3.150801283383377585e-04
7.366970449410014555e-06
8.296121409558669852e-05
-5.982426022216738104e-04
-2.720919152057109879e-04
1.456459056474841869e-02
-4.589183655489666928e-04
5.791060292975680826e-03
-1.592656116574644272e-03
2.201799766525040216e-04
-1.343965880154558387e-06
3.771535287098237775e-04
3.158837841292061032e-04
1.071916629643775291e-05
1.371022189060016184e-04
-6.877346446003344393e-04
-7.515956200289772467e-04
9.549919265143059013e-05
1.924434142581274085e-02
8.917485018505161981e-03
-1.072027232965488183e-03
5.013173925480027141e-04
4.172054599167300266e-05
3.316436670194627847e-04
2.328039363681240297e-04
2.212128415972429882e-05
7.815044423237243370e-05
-8.912225957422158663e-04
9.576935423801836468e-05
2.770177228247937338e-04
1.613927660538778258e-02
1.254594376502269314e-02
-3.032122481991622555e-04
1.462495124615264088e-04
1.848911506004880423e-04
2.774404209180222252e-04
1.226389943693119075e-04
4.269292390538175581e-05
-1.480384486150010989e-04
-6.893564070252809024e-04
1.441800362636712568e-04
2.519151847088618832e-04
1.617884513177684017e-02
1.238696826036278335e-02
-2.928930579343020117e-04
1.583068967472430703e-04
1.726390489478147802e-04
2.864806594610911305e-04
1.193041597946058191e-04
4.434164268196758870e-05
-1.163844015658653742e-04
-7.910313707438700482e-04
-7.271155157884494607e-04
1.050470900379850962e-04
1.916553837081433689e-02
8.700677302182626555e-03
-1.129143664058487656e-03
5.017596665122931159e-04
3.757150388042310044e-05
3.237084138006474186e-04
2.253829280761181989e-04
2.300075023600617612e-05
7.322097272576161308e-05
-1.044218408222908137e-03
-2.666347880631439525e-04
1.446162698325833933e-02
-6.767907932023957233e-04
5.690475290203687864e-03
-1.675079371049733581e-03
2.285799913811329700e-04
-1.900447835595823763e-06
3.357273980186645961e-04
3.015025169944434997e-04
9.692937748388333381e-06
1.436063821562285985e-04
-8.185404092907370239e-04
2.345036767620157017e-02
-1.681427326283562113e-03
2.265148590622533768e-03
7.964676323554232629e-04
-1.995975952302873370e-03
-5.453492662343782790e-05
-6.615988289353661699e-06
2.604485888742731669e-04
3.051984386336053091e-04
5.599230413701317659e-06
9.610924305695456543e-05
-6.602965264683657506e-04
2.887048609607139119e-02
3.690391654931912853e-03
2.260570215878594238e-04
3.223879023961692247e-03
2.200278371103412767e-04
5.140277805028510604e-04
2.030536956036489430e-05
3.735480905256323414e-05
2.790405700120612452e-04
-7.158419835540721097e-05
9.274731701071505354e-05
2.065642223751063827e-06
7.021777568264347784e-03
1.705710410730198329e-02
3.916729127171605040e-04
4.265445107880859281e-03
1.609616915713953306e-04
3.528733212204990060e-04
7.118184584134648457e-06
8.843783305580013088e-05
2.380464629121853675e-04
-5.729414807358467490e-05
9.790674399172633394e-05
6.597448450517106760e-07
2.746995896744602525e-03
8.084371684184360560e-04
1.880261203367434783e-02
5.860999361198273964e-03
5.205055506115031331e-05
4.199951097745833507e-04
1.391810309975504105e-05
1.869951509038413377e-04
1.763800190822333133e-04
-5.537159542866995410e-05
1.010746656549946817e-04
3.301548265294945051e-06
5.470692327659594642e-04
9.708612125634971321e-04
1.650827412372868688e-02
7.314478013911384323e-03
1.542389672734686338e-04
4.732840882695850317e-04
-2.365997317367393122e-06
1.914230280925792069e-04
9.512053085054323525e-05
-4.159536514371035674e-05
8.029174755112871353e-05
8.574849643224092969e-06
-1.274568785618406936e-05
5.784771865437641439e-04
1.275789167966276567e-02
9.608730555654289296e-03
3.066505598274473117e-04
3.798432838824132790e-04
2.559753150693742986e-05
1.699207993397526453e-04
-1.199777172238140903e-06
-3.005207688846938991e-05
3.454184167633586654e-05
1.062823321056883273e-05
1.060283021438758455e-05
4.917683403907606747e-04
1.292258516640908822e-02
9.304906690873106928e-03
2.996346915197632839e-04
3.910360053355009633e-04
1.081872650351829985e-05
1.889282777020299280e-04
-8.890790254779005271e-06
-2.509175521194796147e-05
3.124798309640089070e-05
1.401086140514991768e-05
5.272002826506223296e-04
9.766248949819118699e-04
1.651133073004421720e-02
7.100586195354885791e-03
1.641429117807433698e-04
4.710718957748756520e-04
-4.349185814022552469e-06
1.900360416729876328e-04
8.512446383363299449e-05
-3.975727553049844716e-05
8.186351897577797321e-05
1.081065279715968125e-05
2.650060645342540346e-03
9.601611872565388997e-04
1.873491264890139729e-02
5.785689250353621624e-03
4.602947100660106770e-05
4.101731966244812413e-04
1.806124447018788009e-05
1.679554940231699613e-04
1.612618805749340691e-04
-5.766850686955812317e-05
1.145590168820852467e-04
6.343185926404906818e-06
7.039138626778036929e-03
1.687945913045034094e-02
5.292667095942384277e-04
4.244480730843596707e-03
1.462624468166020587e-04
3.372876853428382238e-04
1.162827552369990709e-05
7.606808657819272583e-05
2.249913619759458683e-04
-6.064985843317919029e-05
1.099355395416960399e-04
2.269365435323316190e-06
3.258519026065086373e-03
1.286982084242109005e-02
1.306936583503844930e-03
4.258819222053816366e-04
-5.233089830323469282e-04
4.985850214874584709e-04
9.829440247319287986e-05
-4.467165099522443555e-05
3.385781170826690111e-06
-1.440615618932583031e-05
9.173146827243611960e-05
-4.008769273820969532e-05
4.544138428289004605e-03
3.271207591390965647e-03
-1.134995610369740615e-03
1.595097780335339279e-03
-6.521790258941529425e-04
1.744670906739956371e-04
9.297217935248265749e-05
-2.172446891655801558e-05
2.717750163303849737e-05
-2.365418825826177724e-05
8.663407788989505216e-05
1.118269101254674183e-04
3.498523073117612570e-03
1.518560337730222439e-03
6.907977594736284567e-03
2.094876202839470770e-03
-7.743366328697353848e-05
2.390535939174136249e-04
4.595101545916117387e-05
6.269565421998907716e-05
-6.148487207591264605e-05
-1.509515175641074134e-06
4.870241061127831834e-05
4.698963829395835822e-05
1.179084340385501851e-03
1.356659073843810050e-03
5.938676636299014718e-03
2.932941126965408346e-03
-3.525128850534201756e-04
2.290757447453446835e-04
3.170014762438663233e-06
1.014526571936299370e-04
-1.019970421127752144e-04
2.262804824864120788e-05
2.949652671106332800e-05
4.303720881873660252e-05
4.202222971276055763e-05
5.161582413019636132e-04
4.479977742452760300e-03
3.613796949257579941e-03
-2.542290619395772412e-04
8.345266036617957542e-06
-4.512285738438583875e-05
-1.126786739765296027e-05
-3.166428670974503004e-05
1.094700250624035656e-05
1.636172113884145333e-05
1.242525155309202693e-05
2.420867508947380369e-05
4.196916286653410073e-04
4.542015787344436117e-03
3.547460229526157305e-03
-2.488979788102175421e-04
7.991983261794931995e-06
-5.908973022371098960e-05
1.897575287849144007e-05
-2.848214124025513406e-05
1.253889255538249268e-05
1.327446217545505768e-05
1.486043705800268723e-05
1.226766309275051977e-03
1.331885638468999558e-03
6.006194152144123111e-03
2.949986710528657973e-03
-3.028149513833799998e-04
2.058951093623903389e-04
5.058068355341596096e-06
1.165636855011424784e-04
-9.856300679047235727e-05
2.746535878166219506e-05
3.057217132719056461e-05
4.836866187162820556e-05
3.461819510303815791e-03
1.659933424529735305e-03
7.057133619585362339e-03
2.184151589616523635e-03
-9.170954587797106603e-05
1.691788208768375856e-04
6.603164542053692639e-05
6.068319108216608957e-05
-7.130596859220155750e-05
2.900856566741897346e-06
5.179459537586488698e-05
6.639974454574356603e-05
4.489743930031668898e-03
3.161980198325688770e-03
-1.116234200986208165e-03
1.588269443222931022e-03
-6.929205388955377585e-04
8.690945635721192535e-05
1.093212406323834776e-04
-2.035543558538952566e-05
2.115323464592281822e-05
-2.033921559298278335e-05
9.111396883075152512e-05
1.462515708784417070e-04
-3.185076494726658738e-03
-1.298532429452100428e-02
-1.386294889974142713e-03
-3.245906170856268269e-04
4.925050668630385044e-04
-4.893917994445635446e-04
-1.018312636395987534e-04
4.507528913587204868e-05
-1.685435863464422745e-05
1.587528781914948801e-05
-9.110095391867300727e-05
1.032776000696306842e-04
-4.554344998488102196e-03
-3.004502005550197495e-03
1.146510789055797805e-03
-1.398023141540892479e-03
7.685220473237307616e-04
-8.481134486308458003e-05
-1.071199396972816328e-04
2.222950084244851816e-05
-4.033461755267723944e-05
2.201828963933568335e-05
-8.953048639937531748e-05
-9.267008873857033040e-05
-3.637598055010534456e-03
-1.760539437565692865e-03
-7.179606882783212685e-03
-2.222266148280630481e-03
4.540347672954642231e-05
-1.493419881396712621e-04
-6.553678985254055434e-05
-6.529659168502059251e-05
6.135112045065064981e-05
-8.046697682767268945e-06
-4.990492487698245630e-05
-6.763242831109900937e-05
-1.293031731388591225e-03
-1.329898175718851943e-03
-6.142446258747385687e-03
-3.229413583317892241e-03
3.153393945168073901e-04
-1.897990484494797695e-04
-5.465566079353772742e-06
-1.024206241967911364e-04
8.799473525104693382e-05
-2.541874905210401723e-05
-2.475886489477021569e-05
-1.785319232221155528e-05
-3.725586784532464434e-05
-4.370270322749848107e-04
-4.823653145758641063e-03
-3.739946529282313793e-03
2.742815777045921975e-04
-8.370109479049614844e-06
6.846274288037544294e-05
-1.419444795685492888e-05
2.755970814603831751e-05
-1.044941042031487810e-05
-6.511455140878127256e-06
-3.363660026863482798e-05
-4.350819999684816120e-05
-5.246249281825037403e-04
-4.777358269266281793e-03
-3.719641866805021083e-03
3.039470395772360151e-04
-7.223096127619638019e-06
4.902534825181522888e-05
1.126935091965850500e-05
2.539702371713280509e-05
-9.758942492118136792e-06
-1.611646291676781115e-05
-2.708561233200671334e-05
-1.113694279368801889e-03
-1.333041833708372391e-03
-5.958767510682519072e-03
-3.179226935859127013e-03
4.113376175876806576e-04
-1.964359214210856838e-04
-2.009656898877450040e-06
-8.791176347230767840e-05
7.216825584090844005e-05
-1.551405775894667082e-05
-3.094391190185583719e-05
-1.215815112032147319e-05
-3.446220011807855314e-03
-1.479808444192967339e-03
-6.927528469603008027e-03
-2.178155493727960620e-03
5.265421550470702361e-05
-2.843267939594064679e-04
-4.120919206921383010e-05
-6.098944291912613462e-05
3.891688613602903432e-05
1.211125005047720677e-06
-5.472585513639207174e-05
-5.626773284953006564e-05
-4.459960654595222437e-03
-3.252452245598412561e-03
1.170670348261966531e-03
-1.433486517306690631e-03
7.316699924227050003e-04
-1.752120796762792756e-04
-9.177370006471467095e-05
2.171243241696833284e-05
-4.718189816248959394e-05
2.624722309820356125e-05
-8.833841916927153825e-05
-9.409205887059811368e-05
-2.818135249275364324e-02
-3.596554004439977102e-03
-2.670394129658477727e-04
-3.089788107444463479e-03
-1.821960815883768984e-04
-4.410056810393037921e-04
-1.702283468096112522e-05
-2.866886271379463276e-05
-2.430078195881625006e-04
7.125256689448411561e-05
-9.020235806533602257e-05
-2.688379529534927275e-06
-6.995979763930036677e-03
-1.707871411637441536e-02
-5.973865103534437395e-04
-4.178773471991595323e-03
-1.563537828951688043e-04
-2.749424542252470126e-04
-1.023042750551780612e-05
-7.976577294524253938e-05
-1.995551209887036438e-04
6.285931444492141092e-05
-1.066885516555174694e-04
-2.365230227913875587e-06
-2.577943886502044157e-03
-1.026020525937854999e-03
-1.873813606984179453e-02
-5.780662652428018508e-03
-1.234232359804470537e-05
-4.069321887479254241e-04
-1.879262186036124893e-05
-1.798823007901573451e-04
-1.354775934763159737e-04
5.684468117415039689e-05
-1.118356408585101689e-04
-6.863875076301816741e-06
-5.042954473237269784e-04
-1.026761096072618127e-03
-1.626728226815825351e-02
-7.259412367871157824e-03
-9.602286783767980771e-05
-4.462552949145994169e-04
5.979652882655052584e-06
-1.900887842592414924e-04
-7.653712977670750362e-05
3.854360563341637614e-05
-7.125948173431926810e-05
-1.245062892848437809e-05
-1.173437692186782196e-05
-5.427561692535373249e-04
-1.276663272072916383e-02
-9.607864564821051723e-03
-2.789030007050054944e-04
-3.357997713187920548e-04
-9.204834934548098327e-06
-1.669907520800334216e-04
1.793761711021574652e-05
2.221881377045280726e-05
-3.618700541652760273e-05
-1.325951014754736065e-05
3.411844755060305279e-06
-6.352399973162855531e-04
-1.281364799460117318e-02
-9.396246187491333682e-03
-2.882488191371126952e-04
-3.524701530843946259e-04
-1.066958087912236077e-05
-1.677418701394038951e-04
-1.178916486114064483e-07
3.240414344392522557e-05
-4.035556529675550069e-05
-1.149781492465947167e-05
-5.011529369324792347e-04
-1.028610926361037473e-03
-1.629080956220098006e-02
-7.090198638338044562e-03
-1.302554989258460235e-04
-4.812428615167601642e-04
5.294878751668682972e-06
-1.923390833556976184e-04
-1.137470143593171415e-04
4.029231202350308391e-05
-7.187715241911353428e-05
-1.145139894566275081e-05
-2.617419808126728465e-03
-8.707480897230399433e-04
-1.860271842551021459e-02
-5.594585378291273316e-03
-3.056045871433644555e-05
-4.262349133267236026e-04
-1.706150556422245912e-05
-1.827861222207226321e-04
-1.777374820244227325e-04
5.538282028797314579e-05
-1.051014862536391151e-04
-5.936874845381491763e-06
-7.047483698926370992e-03
-1.691199386615110933e-02
-4.494559535363205124e-04
-4.085825561988402389e-03
-1.857147111608287843e-04
-2.918224627111250160e-04
-8.004200609090133986e-06
-8.278829749502356419e-05
-2.257018327497076779e-04
6.138943021227366060e-05
-1.020009297504349523e-04
-2.406979435187036772e-06
-4.580087051118596903e-02
3.285513607912912172e-03
-5.723312153651515487e-03
1.835824927001621413e-04
2.442919432076468781e-03
2.137005948032058924e-04
6.176240842709279951e-06
-2.097953709888086631e-04
-2.761038511352016884e-04
2.433607750270228745e-06
-7.287313293565862065e-05
4.584519157582596068e-04
-2.307213919028145571e-02
1.670109078722566576e-03
-2.247317414903630961e-03
-7.634597124519186106e-04
1.928578859665809912e-03
4.988461715800142625e-05
4.225144147207472835e-06
-2.708942017643430652e-04
-2.382967725428842480e-04
-7.060992564797652359e-07
-1.089586315650919275e-04
6.220011432919493339e-04
2.624395431455186860e-04
-1.431529462730178788e-02
6.567995915155976907e-04
-5.639557777444729157e-03
1.741161149009684767e-03
-1.874350390385152423e-04
-8.125855833863254446e-07
-3.517702840722843603e-04
-2.338455029871292911e-04
-8.699166150348546327e-06
-1.655195531725676061e-04
7.877555846966645750e-04
6.543994918513640607e-04
-1.110807816881932464e-04
-1.909788984026762615e-02
-8.940182738760663397e-03
1.144381941873676362e-03
-4.663002188506559721e-04
-4.321692473163684636e-05
-3.131790650002537870e-04
-1.875637088198809570e-04
-1.860966247275416862e-05
-8.499447977345861178e-05
9.657741841167212992e-04
-1.993433550970866012e-04
-2.699237834933363822e-04
-1.610759710375036027e-02
-1.259952821138507484e-02
4.761818225270776444e-04
-8.027535220106337104e-05
-1.757384529867802919e-04
-2.397230267665316267e-04
-9.734927137035234278e-05
-3.982772709020584984e-05
1.182110785083283211e-04
7.648518514239211526e-04
-1.083919097478058558e-04
-3.112606913007758447e-04
-1.625296208056043606e-02
-1.239705535071027390e-02
3.907741695264711854e-04
-7.685465581355108145e-05
-1.565065325264916487e-04
-2.595392129971565705e-04
-1.150800951671981942e-04
-3.507576202903720072e-05
1.131007402490900372e-04
7.512963099113475996e-04
7.260531801069105553e-04
-1.118531306026170606e-04
-1.872483357006086632e-02
-8.803850875546859189e-03
1.009708144022989501e-03
-4.692939316113114447e-04
-3.391568324224855457e-05
-3.292559066901353838e-04
-2.306430367193946357e-04
-2.062625586818154350e-05
-8.078747684666493477e-05
9.371014632908334025e-04
2.748142465563761880e-04
-1.433609590123321835e-02
5.451034529319470634e-04
-5.593317578541653380e-03
1.582085169958211352e-03
-1.981472429764039153e-04
2.915358701957053713e-06
-3.781119161213186567e-04
-3.059612801238390488e-04
-1.146734399368795265e-05
-1.578965120691054418e-04
7.705398247452989544e-04
-2.409676815737205741e-02
1.634647499686795336e-03
-2.263682982590387895e-03
-7.419428543644907134e-04
1.804599415286759021e-03
4.925301353381065958e-05
6.669184250310544161e-06
-2.944804346191805017e-04
-2.900567020613486341e-04
-1.271209983718119089e-06
-9.715750948700974218e-05
6.715455803102024068e-04
-2.595477130516877021e-02
1.200505962159305329e-02
-2.781989964338944972e-03
1.026587717226556170e-03
6.509788192307358265e-03
-2.242918222756407092e-05
1.832149591743828889e-05
-1.390982788887487804e-04
-2.545485552857223001e-04
-2.982934984313360809e-06
-6.617837280466028321e-06
1.022123230605883780e-03
-1.715610673372748238e-02
1.187416319773663791e-02
-2.762490820616052799e-03
9.704788654863317869e-04
5.589557474186129804e-03
-1.296086156487069509e-04
1.022526509910702800e-06
-1.603054199974929381e-04
-2.244948945183819966e-04
3.253943797268610071e-05
-1.601715344826628624e-05
9.441639649396601098e-04
1.902530047776857056e-03
6.236112406583368788e-03
-2.070603788127846259e-03
4.481452034986973306e-04
6.081346151072661819e-03
-6.080053581501110803e-05
-3.908915647055956344e-05
-6.082277812730496890e-05
-7.118823344893836080e-06
9.350548259488162541e-05
1.871879859430425087e-05
1.022348577331901433e-03
5.438822324947946646e-04
-9.279712222043533590e-03
3.748085362945563102e-04
-4.336586296296282561e-03
5.143652219908874390e-03
9.101842331109135731e-04
-1.484004596233695584e-04
-1.408525251553484196e-04
-1.754212123112246040e-04
8.589639605144200037e-05
2.294679257186906310e-04
1.367976414915528065e-03
-6.023530942833584889e-04
-2.098500184184574923e-04
-1.089522432166551043e-02
-7.273628282566011252e-03
3.749948798618102114e-03
2.340292222063678103e-03
-2.873209918135559600e-04
-2.145801035308411763e-04
-1.635494506876821093e-04
7.068944377585461262e-06
1.008217764820993050e-03
1.448346107341177275e-03
-5.274771529248299630e-04
-2.304277473309249624e-04
-1.072093012590839660e-02
-7.304262848350694982e-03
3.746548349924708286e-03
2.220790216742848325e-03
-2.713534847330899866e-04
-2.231407585398828509e-04
-1.677965733981128492e-04
6.950374941168194514e-06
1.001772829832370737e-03
1.452901644434925060e-03
6.527498117823743885e-04
-9.249299454073451471e-03
4.244776395081543128e-04
-4.451889134339055178e-03
4.883955071621795888e-03
8.066450707012010101e-04
-1.242138861177159855e-04
-1.474710770942765309e-04
-1.923722335854990138e-04
8.088198540692229327e-05
2.123071036833906072e-04
1.390070388142785251e-03
2.002242923682935258e-03
6.001918773656794194e-03
-2.013316119486901513e-03
3.909884571454723466e-04
5.828944819297275821e-03
-1.035321365571673861e-04
-2.262372086553583273e-05
-4.710393931859049236e-05
-5.204658220905791591e-06
9.044173121119094487e-05
1.178188115838678516e-05
1.078357666123532042e-03
-1.770813628723967581e-02
1.164527411833757471e-02
-2.730001937535371081e-03
9.856781563540863936e-04
5.549812297812286438e-03
-1.363681710644614440e-04
1.063622519926907140e-05
-1.491546766315572908e-04
-1.908585489437014974e-04
3.198600597461945542e-05
-1.265410087783180351e-05
9.716335348362539108e-04
2.063494843983170249e-02
3.559367086757460330e-02
3.031450435162123119e-03
1.758036691326363837e-02
6.848962409493362447e-05
3.232372124246859639e-05
1.000223205848834982e-05
9.785191429451075250e-09
1.538005087247352616e-05
2.837402943487378520e-05
6.511263905979978474e-05
2.688104807220997264e-03
1.758442979549932478e-02
3.352486744886864350e-02
3.119540322140491005e-03
1.126597576720362107e-02
4.421968466908548037e-04
9.537630830548497231e-04
1.991309888566613218e-05
1.277122703229946471e-06
1.391968936853793991e-05
1.824277524904564953e-05
1.341966565042968353e-04
2.573286030095429770e-03
1.194437131536102252e-02
2.410506992149208383e-02
3.358084070557327671e-03
2.353465227915697931e-04
1.754313907460900573e-02
4.275615249948384010e-03
-9.329117662265677685e-07
3.126941902799867861e-06
1.646510799206354303e-05
3.348949230067546107e-06
3.854918324196747611e-04
2.264910382874563838e-03
4.758117187216992852e-03
8.782785482818352557e-03
4.081604759519207037e-03
4.264033608080708697e-04
1.941804526756162053e-02
9.893102695801275076e-03
5.888474750649768846e-06
6.244643057279590452e-06
1.384526818708733347e-05
-9.378400720753540714e-08
6.153878817258728786e-04
1.850114046565755300e-03
1.300098333132074138e-04
7.087455482377351054e-03
5.428421543758664078e-03
1.161394467077318338e-04
1.742609967155345219e-02
1.452367336695285262e-02
8.405496198145922818e-06
1.106400399862536757e-05
1.261376344025237197e-06
-1.927139236152835837e-06
8.373227207718300690e-04
1.353101224326220143e-03
1.400964320636915821e-04
7.173165875404139379e-03
5.360974763054563233e-03
8.602325797798660164e-05
1.727897384819557583e-02
1.434913299871031465e-02
8.228853123845075027e-06
1.113604561041330871e-05
2.231374933820093014e-06
-1.010594550386543101e-07
8.498320168780282898e-04
1.340075858891875407e-03
4.723055178123001033e-03
8.791479134306315682e-03
4.010220887034030533e-03
4.112123387788340256e-04
1.903224766934171960e-02
9.661313741659439958e-03
6.582892814916688368e-06
5.408052388799139610e-06
1.401261253174863411e-05
8.090021241605496756e-07
6.056538070913005268e-04
1.829038173301340137e-03
1.213323235748954738e-02
2.349044702140248506e-02
3.354250462053434603e-03
2.908875470397539716e-04
1.740598557359979842e-02
4.057800839914806404e-03
-1.912650249412135071e-06
2.638199296906764427e-06
1.666347227420816407e-05
-8.664415511632954310e-06
3.733306706054044912e-04
2.258473750965966486e-03
1.761738802872993281e-02
3.279853476667092538e-02
3.130525811387569867e-03
1.106905486213168380e-02
4.200055596435997877e-04
8.601963996636158164e-04
1.744164481849495328e-05
1.222851659273913572e-06
1.410089066273019086e-05
8.814200822946661860e-06
1.307837302603687612e-04
2.554205652499821032e-03
-5.950607797587056241e-02
3.288267867807147249e-02
-2.690099744218697134e-03
2.165812828485254304e-02
2.697525057924859016e-03
6.365410575029771516e-06
-1.814716535093440351e-06
-4.922564205663726460e-05
-1.491413618958795160e-04
-7.611406040059859371e-06
9.218596294142513748e-06
2.036222253472021008e-03
-1.872224742876266168e-02
1.287423673586850226e-02
-3.204109472814160343e-03
2.049641015727032139e-02
9.885012889150313585e-04
3.491958036815285605e-04
2.307005581744054831e-05
-7.494506493578207448e-05
-5.931621844075122472e-05
2.710467786067418446e-05
8.773782844941353906e-05
1.958563086433681797e-03
2.040481508007414499e-02
-3.178540275912609958e-02
-4.692941342010250802e-03
2.100521878466660522e-05
1.748495999251390917e-02
2.845793584957307092e-03
-3.483663186489223981e-05
-7.263826826321697022e-05
3.663778962623037049e-05
1.746601818806047186e-05
2.820444876673986628e-04
1.675608361573536608e-03
5.616467300559901607e-03
-2.199862123009494602e-02
-6.324232322080136810e-03
-1.146921511691899646e-04
1.756640343882685459e-02
8.259115006958120744e-03
-1.641267571582148764e-04
1.613297686318944737e-05
-3.777019440125110460e-05
-1.650963911523438247e-05
4.200982680368633092e-04
1.292969553273079410e-03
4.558035392988339022e-04
-8.238086903340803568e-03
-5.938640086535254027e-03
-1.465655990505386973e-04
1.724361416400507427e-02
1.346463320625766735e-02
-1.994928696011998937e-04
-8.383746422959091605e-05
-1.360454795610260923e-04
-6.295691500359541901e-05
4.827389957925371585e-04
8.630936204331682727e-04
4.526194737620858476e-04
-8.422301131640304653e-03
-5.826780969778923118e-03
-1.715655049343115543e-04
1.742614443603991703e-02
1.325185552906227131e-02
-1.781913930977242007e-04
-8.744563849923080981e-05
-1.328110658242742941e-04
-5.576212835502699131e-05
5.230927789865639057e-04
7.933085938947772708e-04
5.596710298406280988e-03
-2.174333249633688195e-02
-6.421836175607513984e-03
-1.092594934677622363e-04
1.776506608133607626e-02
8.156515960660309580e-03
-1.313154264280847231e-04
1.396521354050359764e-05
-3.105716652084986821e-05
-8.127626078983820994e-06
3.952849790039593674e-04
1.209579793990090812e-03
2.031491225886906601e-02
-3.112599133889256200e-02
-4.755486868434745731e-03
2.014771810229164874e-05
1.729101677990030686e-02
2.744509266097476963e-03
-2.671860953566741013e-05
-8.922857695319945631e-05
3.547647615156322980e-05
1.231158247306210895e-05
2.604737984225660697e-04
1.581412584413941858e-03
-1.869890239293242259e-02
1.249285253541735155e-02
-3.101524598065647821e-03
2.017624550485888624e-02
9.861288365931397768e-04
3.046772786470834855e-04
2.055433754585546009e-05
-9.200069667410821388e-05
-5.454804691109702317e-05
2.242948324250605403e-05
8.341189581680564114e-05
1.910909509848135414e-03
1.434088084477677487e-02
-4.934928448161966102e-02
-3.283102250958092397e-03
1.235151559973126853e-02
2.651902954110878664e-03
-3.846188786224122351e-05
-1.068092509280989612e-05
-1.101067652181408013e-05
-1.589549247472355972e-04
3.138332630344469747e-06
1.807198479641573081e-05
5.852591176594285072e-04
1.128153062990787554e-02
-3.719467092810482822e-02
-3.754854367927473822e-03
1.186527516016466950e-02
1.693975225581117929e-03
2.220199907239554937e-05
1.407583488591907585e-05
-1.192353565823416123e-05
-1.003351544522791531e-04
6.224062425474787389e-07
4.906048037156128961e-05
5.948250615329691475e-04
7.854250238973270112e-03
-2.612696153713736993e-02
-5.111290035403301922e-03
1.156161745807692898e-03
7.767253445948755358e-03
8.645937452900910158e-04
-1.462519891741460183e-05
-8.083148339331653069e-06
-6.499263453053006538e-05
-7.466821467974857706e-07
1.471984269362363869e-04
6.260148339256650001e-04
1.743085670393592539e-03
-1.765883148738322389e-02
-8.708964170915906022e-03
6.306409010532911365e-05
7.936992077837443441e-03
3.099973685340611743e-03
-7.327289196941510314e-05
-3.435818436116104752e-05
-4.862699684437426958e-05
-1.699950023106872670e-05
1.941800401808996377e-04
5.054346361894611643e-04
3.683940677647681860e-05
-4.400556557294928867e-03
-8.023054707962539236e-03
1.401038403885903087e-03
6.867890303291473292e-03
5.843575371995467574e-03
-1.421326693456682476e-04
-8.741005276945642568e-05
-6.482368306568394331e-05
-3.253502658876800444e-05
1.474096142306576126e-04
3.788854248324409024e-04
3.814865980756273388e-05
-4.335427538279033530e-03
-8.153067339827792595e-03
1.042973422280104754e-03
6.974116162837567905e-03
5.867075016661704376e-03
-1.119262219008365173e-04
-9.953871475816867555e-05
-6.297385857790448660e-05
-1.952585002857472974e-05
2.060285717807944510e-04
2.844301075495530976e-04
1.809288854119084963e-03
-1.717474877520973678e-02
-9.361619660104132656e-03
5.758993397702314235e-05
8.019742598001094666e-03
3.114531465476683483e-03
-4.706518889765202085e-05
-3.237098304954872275e-05
-3.330526587204862745e-05
-1.843690835103591414e-06
1.999951190809032449e-04
4.228524886490005858e-04
7.953374217312091099e-03
-2.582081859718829420e-02
-5.439584526498523510e-03
1.129851654309525907e-03
7.609764585764722082e-03
8.575597433586871392e-04
-9.500865016148349456e-06
-6.217542679426568861e-06
-5.178719658197911298e-05
-3.805744909980267422e-07
1.201481092882168521e-04
5.420467499965157592e-04
1.153576994486648320e-02
-3.663523866321181932e-02
-3.699201567794601318e-03
1.153931612220846295e-02
1.683276361764789175e-03
1.883010868023846145e-05
1.145875947206708822e-05
-4.706596758770643556e-06
-9.231833445832777921e-05
5.133000075948764231e-08
3.184110113967175384e-05
5.555309754683815686e-04
-1.463812534446807742e-02
4.675789160134020961e-02
3.232948582492134199e-03
-1.217510289587469055e-02
-2.694820620958123143e-03
2.758574556047369057e-05
6.792894010464159109e-07
-1.633806244539197163e-05
1.285898368646993357e-04
-5.682995661224137501e-06
-1.928515591854499455e-05
-4.746036463773573282e-04
-1.174699096841777361e-02
3.404847877828266062e-02
3.626035508209011007e-03
-1.161574386476832595e-02
-1.790516475363976723e-03
-7.770314968961072424e-06
-1.214015150606324487e-05
-6.899881755248495527e-06
8.198679029180142572e-05
-7.412123526152149981e-08
-3.033473135173554158e-05
-4.003776009586805973e-04
-8.224509694147855154e-03
2.452298037809852449e-02
5.538449258784306460e-03
-1.121215648900545769e-03
-7.566903385586992714e-03
-7.815846094455435001e-04
9.740704232631714496e-06
4.185361311491840410e-06
4.116916185705404374e-05
3.928643952607524689e-07
-1.271361810444445969e-04
-4.367780322256502334e-04
-1.742462773358492657e-03
1.645918731394523105e-02
9.526293819717614880e-03
-5.497858290229954299e-05
-7.944197825279853201e-03
-2.950557871044675543e-03
4.270017298691267793e-05
2.722154078797168062e-05
1.768996838754543482e-05
3.049321652660370975e-06
-1.977628329129684762e-04
-4.154103861976476009e-04
-3.696611679117776727e-05
4.513848462492210320e-03
7.863996405309506277e-03
-1.211308147711457348e-03
-6.820084336069134022e-03
-5.626666846924077529e-03
1.102907155727657579e-04
9.427487918292084103e-05
4.859746197099580926e-05
2.539343704531135435e-05
-2.115442293015127879e-04
-2.287365454504488595e-04
-3.979991751623501554e-05
4.768053549118460299e-03
8.170217110091831936e-03
-1.501913778280750079e-03
-6.885546562988761714e-03
-5.593040540680198174e-03
1.312057541353176308e-04
8.778838349045488005e-05
6.007066864783940048e-05
2.308770206215870783e-05
-1.594201796980784000e-04
-3.099961832929068310e-04
-1.748386423661110528e-03
1.700148554756527111e-02
9.013203703480359916e-03
-5.715883984921181314e-05
-7.970902246945174574e-03
-3.029283816938047394e-03
6.525017261230400790e-05
3.093331506988907995e-05
3.772412762135103452e-05
8.760697628358849858e-06
-1.803687097563195043e-04
-4.904232948133728552e-04
-8.301721648186120850e-03
2.498933790713183181e-02
5.242917795543157108e-03
-1.071004570603427321e-03
-7.839027857534928631e-03
-8.204742757054093137e-04
1.405318342807251957e-05
6.520686189433624831e-06
6.479109973665622723e-05
5.610124834517178794e-07
-1.397657551880550223e-04
-5.093848560368659456e-04
-1.159784061178587532e-02
3.442633290214786035e-02
3.558559705222860779e-03
-1.169434909657940044e-02
-1.753286635502600797e-03
-1.853233803141686133e-05
-1.502486175727119285e-05
4.230748872055380325e-07
9.957994932796598603e-05
-3.112013445347380263e-07
-4.246973453201308374e-05
-4.413352905168451746e-04
5.955853148520808688e-02
-3.355209128463308016e-02
2.830728736735081599e-03
-2.140026882368948474e-02
-2.668648096615386725e-03
-1.644092067438858974e-06
7.626095569812412219e-06
3.547372057170059185e-05
1.484515839270495006e-04
7.072201370418116128e-06
-9.803337860862345107e-06
-1.967206984704369249e-03
1.906408091416095241e-02
-1.375009135785269787e-02
3.114601277672440424e-03
-2.019795220559684329e-02
-1.046768144812414234e-03
-2.363357599332121216e-04
-2.181132232362819484e-05
7.308922138394014216e-05
5.801055875391978255e-05
-2.186819206556949119e-05
-8.275940590988584752e-05
-1.839398432180995319e-03
-2.061692331632010086e-02
2.942662942623757924e-02
4.695990974689864123e-03
-2.212007255247159040e-05
-1.737907301935912030e-02
-2.485117419571854485e-03
2.927023958543694836e-05
7.698553010348048930e-05
-3.824168566890825673e-05
-9.211960463930316087e-06
-2.809990405602787525e-04
-1.559842042208688887e-03
-5.576827919269081342e-03
2.130071550669559652e-02
6.450092308995489937e-03
1.124394065007639431e-04
-1.752809683773015950e-02
-8.100409549294204994e-03
1.489374287190964113e-04
-1.097730110858335595e-05
2.274211617230712581e-05
7.227295810564877034e-06
-3.915418470975683303e-04
-1.217886375634625673e-03
-4.363910499841344021e-04
8.569147781501534542e-03
5.844383571000370120e-03
1.065246503302916107e-04
-1.707877337027348050e-02
-1.322864733507930074e-02
1.886428339098031228e-04
8.850536299990710435e-05
1.227731996425253695e-04
4.935695430642096805e-05
-5.435851697543505169e-04
-7.862268268619411167e-04
-4.450574367761498122e-04
8.657019349184216436e-03
6.070644556242886861e-03
1.147352437404967581e-04
-1.719648627543438404e-02
-1.319711638817550568e-02
1.972568504196706477e-04
8.543779385760439749e-05
1.204349969743411289e-04
5.120184619449357838e-05
-5.041998235249638138e-04
-8.209935310310790321e-04
-5.671802654236867899e-03
2.193486194348355164e-02
6.249422514355892216e-03
1.061100742795261051e-04
-1.761222421977668220e-02
-8.162268581144856497e-03
1.592229468374806677e-04
-1.307378309264445756e-05
1.939086062403637373e-05
1.214745411763419184e-05
-3.843813904359874058e-04
-1.254777199301335957e-03
-2.049323196073757347e-02
3.028803564275052776e-02
4.457660407563137327e-03
-2.218709218609957716e-05
-1.761577529268683329e-02
-2.737566311265322416e-03
3.255429024040253327e-05
6.634231502614238894e-05
-3.981224252575807983e-05
-1.410228014689979488e-05
-2.737475609949426318e-04
-1.632322534673547477e-03
1.890883728271601505e-02
-1.349107493290297582e-02
3.075661910378903706e-03
-2.022435880148221871e-02
-1.037780877040134393e-03
-3.263483093985980639e-04
-2.368506818271215949e-05
6.215052596840169182e-05
6.131616050888189548e-05
-2.670428074511526276e-05
-7.972022707833184855e-05
-1.888435733324562906e-03
-1.915735240352764782e-02
-3.566646430615303537e-02
-2.918439508625739719e-03
-1.771390634573135128e-02
-7.190031328284417819e-05
6.009079841126514348e-05
-1.143252357416075879e-05
8.434075260670492540e-08
-1.721383834168083100e-05
-3.515762891673898855e-05
-7.026092606102122380e-05
-2.680937125683390768e-03
-1.655522481901889123e-02
-3.331668955740765825e-02
-2.996041995080498104e-03
-1.121258529627891520e-02
-4.405060719550183464e-04
-7.598296163681388798e-04
-2.108097072361211349e-05
-1.728931025602512187e-06
-1.808522002126460184e-05
-1.587134199134179510e-05
-1.348186521141332640e-04
-2.510871264939286245e-03
-1.162684767914267878e-02
-2.414405627024305764e-02
-3.253201941620881363e-03
-2.732247076545980856e-04
-1.728639256683252648e-02
-3.911139779368768415e-03
9.187578903478325167e-07
-3.769124249642907561e-06
-1.880596646531303948e-05
3.630334507228923486e-06
-3.821519679929637333e-04
-2.260013336508923977e-03
-4.971995115302477522e-03
-8.646839163424098820e-03
-3.973954704874756681e-03
-4.061058817377545082e-04
-1.882757958132366335e-02
-9.738971524348718004e-03
-7.206351656640377360e-06
-6.717696363150080378e-06
-1.496318501072592226e-05
-5.128866813536921196e-07
-6.475273910544716372e-04
-1.832763924868927811e-03
-1.495968475597480479e-04
-6.881161495876505878e-03
-5.299543692747734486e-03
-7.721685258212604723e-05
-1.715954116530785806e-02
-1.469379492018705810e-02
-9.289720464282517551e-06
-1.397232502058185886e-05
-1.410440041762009857e-06
4.102025207897099294e-08
-8.723392029680630084e-04
-1.383425674302997312e-03
-1.544460987650017971e-04
-6.811464117721395713e-03
-5.453772776453349493e-03
-5.722200132277775904e-05
-1.780437226852563809e-02
-1.415833635615561768e-02
-9.888457398454335030e-06
-1.225180791141585989e-05
-1.289090168724499240e-06
3.672798263102363996e-07
-8.172262636422900723e-04
-1.419796194836668145e-03
-4.855535786243752629e-03
-8.365711111896073637e-03
-4.206301186078565714e-03
-3.691875402540014620e-04
-1.951018633464603885e-02
-9.610530321184976993e-03
-7.164051260852110442e-06
-6.329114181607805200e-06
-1.379480945611628496e-05
-2.533886498725828398e-07
-5.914898531090257523e-04
-1.859084261726907288e-03
-1.132261988220481345e-02
-2.394938720172659283e-02
-3.469214443819960796e-03
-2.154925274419448725e-04
-1.777989949748548515e-02
-4.054827897448983615e-03
9.172761117025313962e-07
-2.544154592718609368e-06
-1.665244634557592300e-05
-2.264895905556361713e-06
-3.565713143721941009e-04
-2.287836351729381854e-03
-1.634766888423385897e-02
-3.352576601001004686e-02
-3.083157806942527120e-03
-1.134823106278853161e-02
-4.937771365661813633e-04
-8.663242810862596503e-04
-2.058529943562673560e-05
-1.234586662550724418e-06
-1.687574632228694698e-05
-1.987879618423663800e-05
-1.262415846627695597e-04
-2.552293246007064295e-03
9.420073515199051117e-03
-3.221005762465100480e-02
-1.204681163993164515e-03
-6.616742783504201732e-03
-2.078555495173258839e-04
1.365734172905832643e-05
-1.836024223103343279e-05
6.175046629465083742e-05
1.176365392583723956e-04
7.211928378753771826e-05
-4.867572060966222328e-05
-1.490619953341949322e-03
1.229193905759545444e-03
-3.086642413157891784e-02
-1.145816783588980616e-03
-6.923929463520402507e-04
-1.260623610170362278e-02
-3.608965033589023384e-04
-1.304223373555770970e-05
6.282928262572184822e-05
4.262253666013573637e-05
8.703371049786853841e-05
-5.408873105552423704e-05
-1.495805966370352888e-03
-1.412598328710813755e-02
-1.019275346805086600e-02
-9.085123462245315662e-04
-1.009944880593255899e-03
-1.369555087737368664e-02
-2.620475527603896918e-03
5.309015316967486862e-05
7.579842215421796333e-05
-2.492754889213487612e-05
2.541972857416949596e-05
-2.957329954199190659e-04
-1.592323134777124012e-03
-2.380609033080583956e-03
1.260263545178504302e-03
-2.354302809657794380e-04
1.160571916455049299e-04
-1.334031592195462392e-02
-6.825217021533012962e-03
1.121053812154266692e-04
6.211352918426426072e-06
1.204968138619576647e-04
-1.496890132546761512e-05
-7.124343212752707807e-04
-1.450796623659994598e-03
5.032493714063096708e-04
-6.880245267756273210e-04
2.565805932496766431e-03
2.536389415047676787e-03
-1.231372911298086320e-02
-1.081105298487718830e-02
1.493431109026655196e-04
7.267495557225232329e-05
1.491957731096390214e-04
2.444090565466029483e-05
-8.452721322186825025e-04
-1.129184305171443111e-03
4.677692192032910845e-04
-7.097985933675100573e-04
2.599914933087932485e-03
2.571179206086394303e-03
-1.314660617652129576e-02
-1.020350054381666087e-02
1.376684224503901507e-04
8.750925323939262297e-05
1.404434985534790147e-04
2.653982929202886810e-05
-7.340420821038330266e-04
-1.222018659319225146e-03
-2.147931847451521777e-03
1.248230711956614235e-03
-2.413463435280526598e-04
1.846464129855722067e-04
-1.410187764741291719e-02
-6.526512330980285652e-03
1.100173089641427499e-04
1.199380231591626124e-05
1.169646302169141233e-04
-1.655287872477032295e-05
-6.356698968750813111e-04
-1.505869806531846041e-03
-1.368520405241938596e-02
-1.007410125185440042e-02
-9.290444745442956410e-04
-8.996910241344173269e-04
-1.423074554565587763e-02
-2.555481529939011582e-03
5.858134678420789032e-05
6.738109771715131678e-05
-2.769836688802236501e-05
2.602360663411085236e-05
-2.688744713718525759e-04
-1.617184655938573449e-03
1.195576754139036219e-03
-3.106856968738504199e-02
-1.156745517899184297e-03
-6.049139997614269657e-04
-1.272715100418956614e-02
-3.893439011013281599e-04
-8.172320001217560104e-06
5.196915523260377929e-05
4.334151911216617333e-05
8.596687593447249396e-05
-4.562669934766970661e-05
-1.519970629460514356e-03
3.300366899333743997e-02
-2.074701945733175082e-02
1.776101848391170232e-03
-1.103972629524453339e-03
-8.791732542981104542e-03
1.309509603358700283e-04
-1.540773374229672548e-05
1.750451341897233271e-04
3.489173308456810043e-04
1.478245404059709519e-06
-7.148736473657492884e-05
-8.558411852779209154e-04
-6.062417335363598937e-04
-1.251207119601502847e-02
2.521066515909002343e-03
-9.267779201357235217e-04
-9.176168410061091157e-03
1.483782187034700828e-04
-1.162976865339691342e-05
1.920090663254118350e-04
2.740582519255639984e-04
-6.904532219030182123e-06
-6.870156461301849405e-05
-8.915124179126524126e-04
-1.008440572769787012e-02
7.874852494914460002e-03
1.575070006479627194e-03
8.945630664290442520e-04
-8.502798300711425158e-03
-5.318176086923422649e-04
1.057916122328459367e-06
1.673233907028530833e-04
1.780710076452859036e-04
-2.204895041206930280e-05
-1.240301800333507660e-04
-1.064194324239929905e-03
-3.307166350696341163e-03
2.788544843495046818e-03
2.264604635886029518e-03
3.162010746136741188e-03
-8.492797900350042631e-03
-2.521329759998824829e-03
1.984412878467804617e-05
1.061660321052151738e-04
1.060204503522778135e-04
-2.850990420550753737e-05
-4.579130575914866518e-04
-1.022963859186616165e-03
5.535174897302541045e-05
-2.242351553306753346e-04
1.029110155852849123e-02
6.140878391267443580e-03
-7.285600963452476368e-03
-5.250316719765415335e-03
8.540956085373291708e-05
1.079004262650373671e-04
6.912048668815652067e-05
6.994331519218884095e-06
-1.037676079196902254e-03
-1.060492995520890018e-03
7.169386467749858083e-05
-2.167284227222116618e-04
1.027038697866052355e-02
6.099077661732937167e-03
-7.672403477332410959e-03
-5.027856953063823860e-03
7.966835239561690220e-05
1.148159769805692033e-04
6.475390921435360823e-05
7.543889651790395812e-06
-9.285924681734502055e-04
-1.220997112346370846e-03
-3.170632876929290085e-03
2.788035761439741460e-03
2.190432553390159621e-03
3.153208830485246771e-03
-8.905383248668470586e-03
-2.407725437503171161e-03
1.942901585856798849e-05
1.111303812816484267e-04
9.872800093576359975e-05
-2.876660192394166462e-05
-3.903092006862651114e-04
-1.167003327413939067e-03
-9.954897111662874137e-03
7.866014765249373583e-03
1.555994747358591893e-03
9.190130395847714330e-04
-8.885519404446958272e-03
-4.662598355177986200e-04
2.585936032852386975e-06
1.662664524306077182e-04
1.617412985913535149e-04
-2.065669225688950721e-05
-1.095391463058136922e-04
-1.150177172256135845e-03
-5.966272802501420679e-04
-1.261604344288166576e-02
2.523993065753101298e-03
-8.971581305306081371e-04
-9.176698355089977013e-03
1.644661687037627317e-04
-8.440799172433457781e-06
1.848118726912145434e-04
2.617085478248967561e-04
-6.632815162867942793e-06
-6.661548784978289447e-05
-9.323936636237593542e-04
-1.014932560764501314e-02
1.872741260223708890e-02
-4.463928565883363859e-04
-5.466295403005228285e-04
-5.551429926345470903e-03
-6.403773772271272187e-05
-2.391253328739815918e-05
-8.008099920771357498e-06
1.826626215266745215e-04
-2.169231671630653434e-07
2.034376335696637099e-05
-1.108412725405114692e-03
-5.922981351086479239e-03
6.675424178855482622e-03
-1.639180080096572885e-03
-3.842538153684893422e-04
-5.509702878535163023e-03
2.449602504460118287e-05
-9.279844658403831926e-06
1.175426309634400860e-04
1.514521485381676322e-04
-3.743967799535106120e-06
2.595527816058900542e-05
-1.101527603070501455e-03
-5.456778967399085120e-03
1.068285742090101156e-03
3.246123039516459179e-04
7.298272693935597098e-04
-5.083930177051999323e-03
7.228685554728421394e-05
2.975239416957908876e-06
1.831460200192269966e-04
5.573826829829281720e-05
-1.419435313512565896e-05
-3.723438082410808093e-06
-1.210498054170582689e-03
-2.272963131925782171e-03
-7.242055456725013341e-04
1.010560756337128448e-02
2.299841313929838673e-03
-3.838188656884261151e-03
-5.404821093361276827e-05
-4.605480485597428891e-06
1.069641753469728775e-04
1.752065186939790264e-05
-9.678576878544118030e-06
-1.463432079586298948e-04
-1.198260427653533499e-03
-1.361213068071951619e-04
-2.749457816427973260e-04
6.996808686942041638e-03
4.379797837835629377e-03
-2.247685503093453316e-03
-7.676919293948738111e-04
1.124321665162218184e-05
6.681365926160049622e-05
5.136659313573807636e-06
-3.624687944575517059e-06
-5.153866562799476513e-04
-1.025983900676925896e-03
-9.243595607837501698e-05
-2.517883850248254130e-04
7.109337881243000742e-03
4.244006440947927297e-03
-2.325535365455668867e-03
-6.835815568158954206e-04
9.778817125423834586e-06
7.179484371485801296e-05
4.675305022176444324e-06
-3.052422324618875595e-06
-4.527877174527291304e-04
-1.146669012781437701e-03
-2.236009386072866558e-03
-7.347058300028391298e-04
1.010976298929129949e-02
2.227010006659810477e-03
-3.987498958479807586e-03
-2.619096178786630043e-05
-3.077419977974167411e-06
1.056487309287318897e-04
1.626940050744806081e-05
-9.460895932968691000e-06
-1.327865148133921646e-04
-1.335579201839283067e-03
-5.346583896934877303e-03
1.049410160418281276e-03
1.027607261777006392e-04
7.118779163372358819e-04
-5.211294148184643371e-03
7.890662637311993653e-05
4.136380579122134390e-06
1.635067082317018033e-04
4.674532815858425049e-05
-1.418779467673040380e-05
-3.642171003718713803e-06
-1.347238544187228217e-03
-5.892489049913900157e-03
6.663062621587523618e-03
-1.748103670255420593e-03
-3.803880001827354500e-04
-5.595049930080425379e-03
2.423218885628847154e-05
-1.025875927144337865e-05
8.875430075947916809e-05
1.386731868195916894e-04
-3.609810311805851018e-06
2.641976089357980781e-05
-1.175976329933712530e-03
-3.310373717298063963e-03
5.109575050864738517e-03
-1.290295416800854578e-03
-8.375744279550224403e-04
-1.764356980758311714e-03
-6.230184985689387689e-04
2.313370584994558739e-06
-5.343707454029393729e-05
-6.162915518618742987e-05
-1.051435249518708821e-05
1.219907152388959986e-04
-5.462051966045824601e-04
-2.197027533355531016e-03
-9.815289055751890129e-04
-1.801991434870180413e-03
-4.247638016302344001e-04
-2.103897081864279216e-03
-2.019051280721836624e-04
8.648240109618273244e-06
-2.043982662270201430e-07
-7.506569424444596214e-05
-2.499197285997525222e-05
1.113683898462204723e-04
-5.335459033932103516e-04
-2.013613174926744565e-03
-4.714372699503213801e-04
3.910737458945314111e-03
8.640851705331947482e-05
-2.217312263416039778e-03
-9.605846686944568527e-05
1.513039543403192824e-05
2.475893686625544135e-05
-6.618785159268667612e-05
-1.208207477383869673e-04
1.020869929373229918e-04
-3.716280208556968761e-04
-1.030507888196459040e-03
-6.286387269397369698e-04
2.508939184448345013e-03
5.212323803492907451e-04
-1.073570440416073439e-03
1.794261077022028144e-04
-9.627262979830155594e-06
1.807469410524509580e-05
4.663574835562655187e-06
-1.391375367706625653e-04
1.242080935767916510e-05
-3.132398024889536392e-04
-1.311035219409536546e-04
-1.519928411005623721e-04
1.596124521628418391e-03
9.916802667562108625e-04
-1.887337316363020632e-04
1.756519835242646916e-04
-4.609223685454591680e-06
1.058260927470768130e-05
4.032185053594532430e-06
-4.766067653863373681e-05
-6.640355380267875857e-05
-2.041722690719874789e-04
-1.090466420160776835e-04
-1.315716916847719359e-04
1.626325926602674660e-03
9.678080317945512729e-04
-1.987444024476109014e-04
2.074904527943654316e-04
-2.586554246861456840e-06
1.173789152062783738e-05
3.985304297925742222e-06
-4.477952528782229235e-05
-6.531198907749834171e-05
-2.163115795252353729e-04
-1.013077987020072042e-03
-6.044719427716977117e-04
2.526110815573488766e-03
5.166682166456294627e-04
-1.091806978212019486e-03
1.767840875354435815e-04
-3.665782261811058230e-06
1.794048009738006847e-05
1.990831258648026531e-06
-1.293873123984464531e-04
1.233701996606233951e-05
-3.495967217755548292e-04
-1.994950203931612591e-03
-4.834799636025481607e-04
3.896897864409827866e-03
8.697273951699024052e-05
-2.255040073350431887e-03
-9.201491701421093473e-05
2.290565336899486832e-05
9.373621276169360022e-06
-6.759660837832050771e-05
-1.167283061427260628e-04
1.021775081846783468e-04
-4.110353450639522084e-04
-2.199587592728443394e-03
-9.970820958665204976e-04
-1.763386521280169671e-03
-4.393245383815339586e-04
-2.061607789886251482e-03
-1.987340900746559572e-04
1.141423856624257610e-05
-1.704877762753607062e-05
-7.615126397874775229e-05
-3.029553922980967264e-05
1.129611278041715746e-04
-5.571669110269966783e-04
9.385762973407525586e-06
4.524990795351686856e-05
4.096165675953638202e-13
-6.847599881521559756e-13
-9.827823143968028325e-05
3.293462753091267066e-05
6.545109458746803566e-07
-1.198246854837106088e-06
5.508670991147271708e-06
2.390200340991496075e-06
-8.370860951593384403e-13
3.403360271155299962e-12
1.641236571249552129e-04
1.767689061477202258e-04
-9.497370966061561939e-12
-4.308035327357037439e-12
5.242031309409364337e-05
6.227794134302048741e-05
-7.863158570295372045e-06
-3.494980253888791080e-07
-5.680128427557901361e-07
2.175366253475739274e-06
-1.794570565744507070e-13
1.865189603391832618e-13
3.070653504230543181e-03
3.094736685576386301e-03
-3.628122418470914266e-12
-2.240318449148237930e-13
1.405462774397951697e-04
8.163906756045241294e-05
-2.354071506781459699e-05
-4.517479551068759159e-06
-1.760982668058020883e-06
4.216297302729069563e-06
-2.907370029614050337e-14
8.174505232249414060e-13
-1.420669774581078634e-05
-1.540188955475890498e-05
-4.142274635141154463e-12
-3.107386022626153077e-12
3.427338838462401060e-05
-2.096067338875782634e-05
-3.063679368298055335e-05
-1.159347602735867230e-05
-1.471596291971213497e-06
1.112009287882945686e-07
2.183787707606554865e-13
-1.641213206566268816e-12
-1.910635451528214858e-07
-2.747113583821109677e-07
-2.547660008993857324e-12
-6.233146104512868940e-12
-2.583957035899057131e-06
2.497653683264287032e-06
-1.688491920944040591e-05
-1.190958506178341589e-05
5.412975627585315106e-07
-2.985848486844640588e-07
-9.410029536392503889e-14
3.436597616777320204e-13
1.931999759314911565e-06
1.842574201715566929e-06
-2.281391262472731875e-12
-5.739885366003633991e-12
6.740337222088338970e-06
1.503018815744535873e-05
1.535778311636036922e-05
2.111821260974178316e-05
2.072580977308799193e-06
5.458488320445427420e-07
-4.207937240220987362e-13
4.664883725341648353e-13
4.162522282279444491e-05
5.259228347191702865e-05
-1.743161042602623561e-12
-2.268798688444362212e-12
2.360523319228607000e-05
6.339825503460006536e-05
2.953838664862901495e-05
1.737070581061749304e-05
7.411513884176450587e-06
2.862602739474417866e-06
-6.937764032762365172e-14
-8.799900089462864601e-13
8.094206619878587211e-05
8.207290842413506526e-05
2.615663277325956411e-12
1.963209849763627472e-12
-4.604036699365836283e-05
6.884757667615329531e-05
2.314117514279295611e-05
-1.212264378890511718e-05
5.976017896420970032e-06
3.405950083863573766e-06
-1.003676634097273525e-13
2.185821819879602075e-12
-1.138566629790250747e-04
-9.158548389911602000e-05
2.145487673182381120e-12
-2.603033927351447401e-12
-1.603586712856883980e-04
-1.295772591100610672e-04
7.575636715484403989e-06
-1.289362309898909756e-06
3.508773529119000276e-06
2.951438109671070627e-06
-1.176354376263934987e-13
1.260751934888593999e-12
3.295372164893433948e-03
-5.122308935735574859e-03
1.284618309665024917e-03
8.003098796353793178e-04
1.709481734512238249e-03
6.458524959781969171e-04
-2.305540214553362144e-06
4.705459152017674678e-05
6.278393998771688027e-05
1.331263950596145341e-05
-1.209424407066038280e-04
5.338559153600099753e-04
2.211950635035429043e-03
9.951230337258683365e-04
1.837434697217577712e-03
4.176762230708449077e-04
2.017440146028773827e-03
1.816441476592651973e-04
-1.076434787807924569e-05
3.293310655751647390e-06
7.422228490229687201e-05
3.563615730097118082e-05
-1.109275564936051072e-04
5.283565082130785079e-04
2.015949145562289171e-03
4.981452588354816618e-04
-3.923614762527203453e-03
-8.706969660705058322e-05
2.302002979577832953e-03
9.297057372541023756e-05
-2.512574975715720150e-05
-2.071976654341940296e-05
6.288691597471290169e-05
1.310632514880600067e-04
-9.760004345848477699e-05
3.973537416111167300e-04
1.030200129258394565e-03
6.290966326809507023e-04
-2.576559156190772523e-03
-5.406978585873634547e-04
1.149149710630546295e-03
-1.757857239708188126e-04
-1.402860121892047473e-06
-1.588305867253139250e-05
-8.085334125033778536e-07
1.234306804791946148e-04
-1.165696332516990147e-05
3.385632511916706038e-04
1.191473435863419570e-04
1.406642066149101924e-04
-1.671934805110039755e-03
-9.910827347239343707e-04
2.016888124923352362e-04
-1.587353795815296914e-04
9.083082954643908635e-07
-1.046269572898067989e-05
-3.703011870196163113e-06
4.966167100382953749e-05
6.788799109578501313e-05
2.140016884710612343e-04
1.202456191151417335e-04
1.503069490770996052e-04
-1.648731128651001378e-03
-9.828961568623592864e-04
2.195367108183891142e-04
-1.996002978651771306e-04
3.900145288016597717e-06
-9.306611620731153103e-06
-4.077389883341260214e-06
4.438612406332129385e-05
7.328218188250068587e-05
1.966212963912790737e-04
9.992680952201219227e-04
6.344594495727528096e-04
-2.511274498903785877e-03
-5.225786283605089125e-04
1.133031796343174184e-03
-1.938663992670769235e-04
7.494947696422236848e-06
-1.589288450194524082e-05
-3.441938975636515782e-07
1.156135179454199848e-04
-1.204962091055022884e-05
3.005579376461822846e-04
1.986317637330995301e-03
4.772713029469209992e-04
-3.849928350814187886e-03
-8.367090449785786837e-05
2.242501689658189974e-03
9.605212986084761496e-05
-1.845322098513754204e-05
-2.424212539028161933e-05
6.654695344652609968e-05
1.240144276771277978e-04
-9.869807641468575929e-05
3.579288491735912862e-04
2.187626686385051467e-03
9.829278806109805963e-04
1.811659090119488663e-03
4.130690620475839341e-04
1.990002743810831767e-03
1.792766196925793922e-04
-9.320414146627445601e-06
-4.863536424120942214e-07
7.643501640268119746e-05
3.103824152279825152e-05
-1.111628926233773710e-04
5.037171053479137578e-04
1.014068106354019602e-02
-1.857884570122099802e-02
5.015060451106455579e-04
5.060656859051937406e-04
5.410238525731926248e-03
5.950121881299650175e-05
2.090817175099513010e-05
1.009936563538396193e-05
-1.607869258920541363e-04
2.625099169518032140e-06
-2.037300356691085522e-05
1.073816580757274092e-03
5.907593479071195954e-03
-6.550083225763750523e-03
1.749491892856196683e-03
3.693706568451516161e-04
5.557739808918867562e-03
-1.412180542972434885e-05
9.663566350345910696e-06
-9.810207687255334335e-05
-1.230643914344277715e-04
6.382431591520336586e-06
-2.767814136772464684e-05
1.122079894471424231e-03
5.273909300447444937e-03
-1.032472052968833520e-03
-1.765386242016426946e-04
-7.170818291574040330e-04
5.163254193077729086e-03
-3.959739572389768167e-05
-3.038074518492574087e-06
-1.688133653269161775e-04
-3.251976778412044548e-05
1.657188698185384795e-05
3.642739828075570087e-06
1.264225483683895784e-03
2.173906293636462990e-03
7.578792000835006971e-04
-1.011563128790615891e-02
-2.252821593018503564e-03
3.925354307176023155e-03
1.050803779960735864e-04
2.270001709593771820e-06
-1.068315176845168981e-04
-9.650997858600643842e-06
1.139550587485499793e-05
1.207264152197466835e-04
1.310439392429617496e-03
7.864546278749489348e-05
2.672598250070939421e-04
-7.086999078682612585e-03
-4.358669643873097979e-03
2.273474896056264499e-03
7.095213552555779514e-04
-8.601255214285988482e-06
-6.760122038661019834e-05
-3.618442633427548261e-06
5.450845838954561258e-06
4.716353464137059684e-04
1.114878212066026985e-03
1.091902070322940080e-04
2.879655093156343161e-04
-7.113840281748948571e-03
-4.257117650581606315e-03
2.258641573558520591e-03
6.500520640510364231e-04
-9.183121709179377950e-06
-6.324857682426054495e-05
-5.393966726660473246e-06
5.673792493613838401e-06
4.936182482275287310e-04
1.057247841374038240e-03
2.216934861071856010e-03
7.612343277845413274e-04
-1.003357831835786050e-02
-2.198714234184229351e-03
3.758664213032792897e-03
6.470259831116995444e-05
2.251994744838020716e-06
-1.040370368146154229e-04
-1.388923696301353419e-05
1.018168648146920019e-05
1.218785521986585175e-04
1.245022119336749826e-03
5.386502051501851004e-03
-1.069710407087207018e-03
-4.551630094954663901e-04
-6.987770313234240331e-04
4.934974031315896015e-03
-4.322088149089333624e-05
-3.317300594107217665e-06
-1.752463458140978119e-04
-5.054053084069975348e-05
1.671843763589270256e-05
3.552994018100654848e-06
1.236773280812270177e-03
5.960700210363607809e-03
-6.590891862012972051e-03
1.691761595079533352e-03
3.578917134602233475e-04
5.348989469291064516e-03
-9.953015886822544022e-06
9.887081541392667131e-06
-1.159231661481370859e-04
-1.504386520653743506e-04
7.718369550493111615e-06
-2.647437554187472865e-05
1.122357246599660222e-03
-3.322752807347569004e-02
2.070045681604425203e-02
-1.752188835813568539e-03
1.146726865614289270e-03
8.515742483254932355e-03
-9.985946676718464407e-05
1.440768883408996345e-05
-1.727833129598987212e-04
-2.945119950681499617e-04
-1.268737573822006990e-06
7.248514949574641096e-05
7.681978439857097473e-04
5.952623697861376311e-04
1.261573415068614062e-02
-2.535360299695280702e-03
9.759275621748441341e-04
9.137322739302481886e-03
-7.392779146799698846e-05
9.113782182863093374e-06
-1.791622033514256947e-04
-2.002855533321876028e-04
6.293359482883519680e-06
7.550650296506876890e-05
8.290982322225735369e-04
9.834917398875236971e-03
-7.686348429189790443e-03
-1.568515184430108698e-03
-8.970632865192676485e-04
8.913660015788610336e-03
5.879698382629160386e-04
-2.432994085497496621e-06
-1.608470559819893757e-04
-1.205694943236437490e-04
1.857386675678847360e-05
1.166588088309546801e-04
1.020092150228147634e-03
3.053561759335835738e-03
-2.715723756283175156e-03
-2.111739170069710115e-03
-3.164560446102413112e-03
8.595744697891607999e-03
2.381337841258166291e-03
-1.932930826802536491e-05
-1.048565469406698787e-04
-7.070655732188235298e-05
2.599444805001129276e-05
4.366609822962246772e-04
1.056945671954385903e-03
-1.334532434785298837e-04
2.255654512822358366e-04
-1.009745124290895718e-02
-6.266259380379799425e-03
7.185047033876471034e-03
4.875450898778349411e-03
-7.734465817888174063e-05
-1.045996254984066703e-04
-5.480350643819553540e-05
-6.299319934465645856e-06
9.722908628664863814e-04
1.132468135157187715e-03
-6.771067363082043677e-05
2.457342550077322722e-04
-1.018353926114030222e-02
-6.112210570863178642e-03
6.940035248048675130e-03
4.869357427349638688e-03
-7.390225173010830050e-05
-1.007432997196365006e-04
-6.469574928228731471e-05
-5.804401291250766208e-06
9.778164363806241856e-04
1.121159966458941783e-03
3.296779870949043470e-03
-2.808028414194737275e-03
-2.088707191615516399e-03
-3.090084000360076005e-03
8.186139745252346209e-03
2.341190305521093605e-03
-1.603926034005677029e-05
-9.686881403676312209e-05
-9.680038373401871727e-05
2.501796664554936612e-05
4.295250749554184368e-04
1.086343940968248446e-03
1.015824343624149861e-02
-7.842794891282332814e-03
-1.504047515558059678e-03
-8.596690433581184992e-04
8.584099641435938635e-03
5.231374086299360026e-04
3.415240800297916117e-07
-1.604320564501188152e-04
-1.780265433720210088e-04
1.820788896799666141e-05
9.635737437397561272e-05
1.111901813563612521e-03
6.245977413984680733e-04
1.228260073789463371e-02
-2.505025068581324347e-03
1.010061320636487445e-03
9.018339255728957324e-03
-1.126973172801113587e-04
1.408049732487661912e-05
-1.866464064145641135e-04
-2.542686943737525467e-04
5.998652613354204403e-06
6.713044360147382120e-05
8.789099338761719067e-04
-9.788169185556949356e-03
3.229476910198043199e-02
1.221585832144694373e-03
6.510672322230517776e-03
1.997120448817136899e-04
3.476965452826472275e-05
1.692672682233288328e-05
-5.203537760714087393e-05
-1.154904933519825243e-04
-6.618574326882049159e-05
4.394039231298848782e-05
1.390308624900261567e-03
-1.210494681241460705e-03
3.150362348214660879e-02
1.158397401852175046e-03
6.726484683950996989e-04
1.234022153845265764e-02
4.105931032652868420e-04
8.642035662429789169e-06
-5.437312254796521365e-05
-4.643917642534951579e-05
-8.404560026245597810e-05
5.883630108875800808e-05
1.384342629520853626e-03
1.361619992568579088e-02
1.033912114001731171e-02
9.120450574872683092e-04
9.583242625930580650e-04
1.397287177933209841e-02
2.551780214602170690e-03
-6.116142629017456641e-05
-6.370547142125218771e-05
3.045089522248670507e-05
-2.548452338760844911e-05
2.809950012569251490e-04
1.531716763937048193e-03
2.231157151989344393e-03
-1.265062956575551366e-03
2.333390647694260386e-04
-9.365226677224421873e-05
1.365013178985950010e-02
6.582562200236623424e-03
-1.128842889278455959e-04
-1.183366607162069997e-05
-1.022400127983744177e-04
1.500276367582745993e-05
6.753171730077882568e-04
1.471951001576664352e-03
-5.058646430834679540e-04
7.046090377858122691e-04
-2.577788002756771502e-03
-2.532788404439526801e-03
1.268197628096716378e-02
1.018506510132841970e-02
-1.446796696143133132e-04
-8.219564219951258437e-05
-1.287988439347464769e-04
-2.314330195768279431e-05
7.989300593596067443e-04
1.164964841605261713e-03
-4.526643522365855765e-04
6.821412348552711221e-04
-2.466106499085388929e-03
-2.542049069187620695e-03
1.243407793019175693e-02
1.013148166394491935e-02
-1.365019930559846115e-04
-7.752235628821794392e-05
-1.284494139341680187e-04
-2.497081811664929557e-05
7.832101987342749176e-04
1.201750846123035696e-03
2.516720306861760029e-03
-1.264462662436789285e-03
2.231023797804933013e-04
-1.526601557749723132e-04
1.323626542314669877e-02
6.425322791481686419e-03
-9.922583251311054551e-05
-1.011873869580782259e-05
-1.174105372863822440e-04
1.548167412096020128e-05
6.659379949870110945e-04
1.515280806712332277e-03
1.432868948006479036e-02
1.014724519207749892e-02
8.875005872253232146e-04
1.034913240923572911e-03
1.361551394587570858e-02
2.412077287912030906e-03
-5.305624273178310697e-05
-6.130597454213179058e-05
2.187019007958582870e-05
-2.490455148476418396e-05
2.605333162295389950e-04
1.590467283841243400e-03
-1.255992203103599089e-03
3.083970512796265634e-02
1.146258146932863271e-03
7.349873620608790960e-04
1.231939500283966635e-02
3.580920362961495843e-04
1.086355678716193290e-05
-5.043825347084229756e-05
-3.916300882832017967e-05
-8.160834456142048777e-05
4.503755066352698664e-05
1.401369764077286650e-03
5.874043128268550268e-02
5.955786562205256374e-02
5.195812451642588085e-03
3.781521973206736220e-02
1.311418092788815999e-02
3.421591856746066321e-04
2.082623125653087245e-05
1.516174085223639884e-06
1.296149953720960828e-05
6.879929200265338344e-05
1.597020617570718787e-05
1.313246402548298632e-03
4.776713518711531159e-02
5.741336945519640023e-02
5.473272200013686549e-03
3.479312398976122656e-02
9.358376825819894954e-03
8.454631418280888572e-06
1.803553909113275291e-05
3.891980921201374354e-06
1.182619784994594319e-05
8.131675323873464227e-05
1.008454942957099005e-04
1.423308207384549502e-03
2.735846862278875843e-02
2.922403588227404092e-02
6.368708512549278028e-03
2.228410973530859512e-02
5.903391479802045337e-03
1.364527474689080288e-03
-1.207066962306271509e-06
5.363660460925370076e-06
1.756315290660204041e-05
1.976924709201299148e-05
2.370285573867985491e-04
1.572304974519399051e-03
4.864446024369599789e-03
1.738728258949608779e-02
8.000167740560089683e-03
7.086136049431300673e-04
2.057932699612317895e-02
7.309711743234135681e-03
3.767197387581930331e-06
8.039185332694692151e-06
1.770240605891508682e-05
1.748249988912349627e-07
3.920231561114426448e-04
1.595581534714791971e-03
1.437036968217274800e-02
3.932568417950892321e-04
1.040613519844762677e-02
2.026840298845285942e-04
1.682667847492159280e-02
1.357881576161897898e-02
9.733226748941634120e-06
1.139178808701501579e-05
1.333186004254053820e-05
4.099657989800152925e-06
6.902136603876618320e-04
1.103372607982513326e-03
1.439402539779938150e-02
4.049897652205322520e-04
1.014345685109262901e-02
2.095647097080417397e-04
1.729435692592929535e-02
1.322524285457774874e-02
9.644858560846367390e-06
1.214869769165527954e-05
1.873699835391720093e-05
2.851287958843024643e-06
6.987368219994941195e-04
1.087001293386607309e-03
5.079695202653594817e-03
1.751402353267300302e-02
8.048217394468787367e-03
6.554930571846106103e-04
2.090743690709047711e-02
7.039193970231836725e-03
8.045476383256623744e-06
7.498218914142759200e-06
1.773895550150202219e-05
1.026106454074080121e-07
3.734876268846333796e-04
1.552764160318216482e-03
2.804531896016963094e-02
2.926212103594520372e-02
6.481285904728589613e-03
2.206761674749507796e-02
5.622927663899292966e-03
1.222438061833337449e-03
-7.036358813236224438e-07
4.993790766057780469e-06
1.796909677169311338e-05
1.330813445501934692e-05
2.230309210694032677e-04
1.539725968159948296e-03
4.786371865670627224e-02
5.899985116102296479e-02
5.546913441408240358e-03
3.422736163320246744e-02
9.199367305966602709e-03
1.559929834732094663e-05
1.762198149646727400e-05
3.676223907925940059e-06
1.197126065910928140e-05
6.775710301884930575e-05
1.003418316414986613e-04
1.409090808986381786e-03
-6.184923089280056768e-02
4.216886846274925382e-02
-4.778098722602257915e-04
4.767297520822775386e-02
1.403332075984212515e-02
4.136738411481537150e-04
5.846016742751288129e-06
-1.195673716274485296e-04
2.270783009049392542e-05
6.059261476131836788e-05
1.309584540471765713e-05
2.976137523776851220e-04
3.626004761668798204e-02
-2.768330814515764307e-02
-1.052895006281630470e-03
3.907694634899831071e-02
1.249244554641770061e-02
7.469039021721076235e-05
9.179237237595023289e-06
-1.179227426828366302e-04
3.004913339344346697e-05
2.692890733053658088e-05
7.205434205453824291e-05
3.909534993025072535e-04
2.440538867756701993e-02
-2.497242888158292956e-02
-2.380215071830948936e-03
2.804361266742115208e-02
8.047167075461946623e-03
1.219418304806903106e-04
-6.929943096471859838e-05
-8.332492430626419443e-05
5.452256933497628288e-05
1.299698088830940880e-07
1.185415261746040254e-04
5.607545902396363600e-04
4.374970281225412476e-03
-1.098054132807101471e-02
-4.081552458518093729e-03
3.775261238061075868e-03
1.976910457770855722e-02
2.547923373948613509e-03
-1.403535806734229358e-04
3.524272507282169525e-07
1.507558308509453615e-05
-8.079854048833596985e-06
1.428876548583720807e-04
7.313854795888462615e-04
-3.810456308200721714e-03
2.018145800746591265e-03
-5.911060046861814875e-03
1.818291488959979585e-03
1.006616867236015053e-02
6.286569247465639658e-03
-9.151582617034645720e-05
-7.483764859136787281e-06
-7.346499486623422101e-05
-2.367953262713901665e-05
3.672345427470839036e-04
5.174808610688046498e-04
-3.536257795443007151e-03
1.965373242966580308e-03
-6.114242083427489510e-03
1.702538857767262352e-03
1.041520215500015521e-02
6.184341529208313773e-03
-8.403447300258087144e-05
-7.612274350408118547e-06
-8.085458172315420733e-05
-1.921699243577861446e-05
3.924516124760712575e-04
4.725839013713728303e-04
4.543553496200936764e-03
-1.014262523743431066e-02
-4.285326858709185248e-03
3.614878155834581105e-03
1.989238323098379765e-02
2.533920101569045111e-03
-1.197850708041832554e-04
-2.820421152781533368e-06
1.991489278372890942e-05
-4.433132341883121912e-06
1.384165687579457264e-04
6.825176835179745313e-04
2.517782701050919406e-02
-2.376076068221943949e-02
-2.396962619879325265e-03
2.768551881027053393e-02
7.914323200247711659e-03
1.139731153585389118e-04
-6.072884672938371603e-05
-8.359767242229563925e-05
5.369824926264614770e-05
1.022482663098865824e-07
1.030717133560893171e-04
5.226212918620486581e-04
3.811979410641270355e-02
-2.533060631757677941e-02
-9.673200902393580070e-04
3.864842723255269841e-02
1.247897478269040586e-02
1.205802405961391903e-04
8.649046562582341752e-06
-1.129447081243542739e-04
2.953763649730952495e-05
2.439500313029478645e-05
6.344775850191873535e-05
3.769360923410724215e-04
-1.440923651505250397e-04
-3.508026078033793971e-04
-2.737903834252202774e-04
9.025994084450726001e-05
2.254760003486053278e-05
-1.461975660395834197e-05
-2.923630447166268189e-06
-8.238096976807889006e-06
3.066321021543620765e-06
-4.423539539667198157e-06
1.159980446531396620e-06
7.038916471709072236e-06
5.845879853964337401e-05
-5.678022633413585488e-04
1.650459297372019432e-04
7.643286292892578467e-04
1.381112366058271680e-04
-3.391866974049779121e-05
6.203005471505966229e-07
-2.627726318830099638e-05
4.074309421629806560e-06
-3.219400683356873700e-06
7.822375417694900677e-06
2.016710615512176690e-05
-1.312176928458569814e-04
-6.342763524782941888e-04
3.891201025134460975e-04
2.301486615046893292e-04
-1.119233132179322008e-04
-6.936610980319795881e-08
-5.075227357081056976e-06
4.497964672094304127e-06
-1.451472346380490260e-05
1.029082554216089944e-08
7.422780419059206455e-06
1.590463339563881389e-05
8.994564076737974865e-06
-9.514699731869104326e-04
8.833423532924851787e-04
-2.917097246148742833e-05
1.774843760658154480e-04
-1.362993556159434213e-05
-1.394740448209418458e-05
1.819184623712172070e-06
-1.433791659199401447e-05
-9.116927415497370056e-07
-1.510474327217337392e-05
4.817845666649482622e-05
-3.096960467099884679e-05
-6.636550415460519461e-04
9.736181149532679210e-04
1.067584202787725001e-06
-5.669634718290915843e-06
3.099866419757293544e-05
-5.850841561081545818e-06
-1.864215097952709150e-07
-9.302624583571077671e-06
-2.556542734299600860e-06
-2.586435625868175353e-05
4.168154203719025432e-05
1.059389511745690512e-05
7.916662688284715338e-04
-6.169521994968816181e-04
-6.726399100765612798e-05
8.049426922114409503e-05
1.387992988726504209e-05
7.630174606484425571e-06
-1.259864770428223964e-06
-4.280336382440112777e-06
-1.817004496382671839e-06
9.493701499241083240e-06
-3.606629361249728402e-07
1.725618438083332954e-04
8.040180226805817903e-04
-3.388118124197969151e-04
-1.200038057245455641e-04
-1.357337590506202060e-04
-2.110738335167015043e-05
4.339131745465975643e-06
4.794889295849137249e-07
5.524469921409309032e-06
6.438911398308508391e-07
-1.191612106847041490e-05
1.189341790337522941e-05
1.250893900797613197e-04
4.716725513971177096e-04
-1.180289035523790102e-04
-6.130486703359296031e-04
-9.834346223791194501e-05
-6.860197502314092335e-07
3.685328371936956718e-06
1.286786592061199370e-06
1.119860662342196959e-05
1.401865668057867280e-07
2.889464826316388958e-06
-2.853092913254394686e-05
7.550884078160892258e-05
7.920319918843165229e-05
1.067000347895134382e-04
-1.365307844273694912e-04
1.686840437982715143e-04
1.447080841698599595e-05
-3.746459595483572604e-07
-1.133719269512960200e-07
2.391702390261672509e-06
-3.307564008101051229e-06
-4.731374305933742433e-06
8.170512931935893860e-07
6.026806843057017082e-02
-4.213971657265620091e-02
6.152967121472944622e-04
-4.764317521011266626e-02
-1.400451930130758825e-02
-4.291639558675802756e-04
-8.155932126173890767e-06
1.257460557219110655e-04
-2.066779736317978655e-05
-6.096790092100664134e-05
-1.413214143908487169e-05
-2.823977221763179194e-04
-3.770161218811683007e-02
2.313346312717791745e-02
1.179525483810001888e-03
-3.899387104680686333e-02
-1.276984977874286165e-02
-1.474113645875081485e-04
-8.397137191950216335e-06
1.057495466115947799e-04
-2.878927161724721299e-05
-2.733994459780896184e-05
-6.561472262053923805e-05
-3.637802796172091239e-04
-2.511546267479338249e-02
2.192526826636862630e-02
2.651354765686869241e-03
-2.771829844075094501e-02
-8.041711226644656166e-03
-1.115766578420529975e-04
5.924103823927028852e-05
9.333256270622148287e-05
-5.532061078619195392e-05
-1.167081723508772082e-07
-9.987940296127681080e-05
-5.369937553519472636e-04
-4.393913484969847426e-03
9.482526901095297139e-03
4.765361910597185405e-03
-3.651499426865763114e-03
-1.950432733441117075e-02
-2.426113359599121021e-03
1.160602739306729279e-04
6.034073335930542674e-06
-2.458057977918757904e-05
6.181022623459717174e-06
-1.579949957715209093e-04
-6.604284240571744796e-04
3.777720721608846931e-03
-1.967060566923088845e-03
5.550262888518404936e-03
-1.758001682114889884e-03
-1.040589966268352061e-02
-6.195591411962474843e-03
8.169726357472457381e-05
7.438240740228650797e-06
7.281409857451133071e-05
2.329028533630472325e-05
-3.942355303120809737e-04
-4.635318393990839770e-04
4.352812355648365966e-03
-2.142608480740586935e-03
5.848469914862074355e-03
-1.823309207497590678e-03
-1.025774051219994869e-02
-6.230037015596542188e-03
8.950185579147602367e-05
6.960910431221478749e-06
7.267684406449979255e-05
2.443865132939328105e-05
-3.644749326269368806e-04
-5.028156443333875241e-04
-4.392400596405754074e-03
1.078516418914866361e-02
4.195613891669071858e-03
-3.628320672451738806e-03
-1.950315236897844778e-02
-2.490961316568918952e-03
1.358661584526140158e-04
2.006669279097863474e-06
-1.169205136361972499e-05
7.455856728251296673e-06
-1.494103668546674336e-04
-7.091474002382467659e-04
-2.510916759461864420e-02
2.267569919008500731e-02
2.403814611497426257e-03
-2.790138324629167985e-02
-7.986484782284522174e-03
-1.189015906773267447e-04
6.912566977614996043e-05
8.832607103587636701e-05
-5.239376649988171836e-05
-1.221153869434644480e-07
-1.051185871560202209e-04
-5.833000062307427307e-04
-3.588776266739959059e-02
2.347068745104997564e-02
1.193085581663618075e-03
-3.903110773612444850e-02
-1.260249805466049505e-02
-1.009855488120238849e-04
-9.211615399921052285e-06
1.048376724723973060e-04
-2.803673062118033376e-05
-2.694089529416529756e-05
-6.965992478983019595e-05
-3.829666695174852270e-04
-5.662307985400939769e-02
-6.121210404975331587e-02
-5.103332718514011664e-03
-3.778435036084471649e-02
-1.299778528574126353e-02
-3.765905386431614844e-04
-2.215497915892030432e-05
-1.764716243428097617e-06
-1.108251581283111080e-05
-6.259754056294015100e-05
-1.802943128958174902e-05
-1.317442879694820509e-03
-4.531975979648211056e-02
-5.948585764106692486e-02
-5.493085503909323972e-03
-3.421513604060670566e-02
-9.237874279140079192e-03
-2.033183788753905070e-05
-1.709376310318175995e-05
-4.572738315870676640e-06
-1.110563104285447559e-05
-7.299921777229632718e-05
-1.002015045184355586e-04
-1.417591814711776721e-03
-2.819619227720675247e-02
-2.838559343023827272e-02
-6.381200081045144620e-03
-2.183547343255023282e-02
-5.742015043175697879e-03
-1.217787170909275570e-03
4.484547882070713651e-07
-6.090305419376704580e-06
-2.001852773395982425e-05
-1.601892120821110085e-05
-2.242458772392683195e-04
-1.536102962429762749e-03
-5.101104508347558027e-03
-1.734585586636987545e-02
-8.060523790785352125e-03
-6.987827331279191636e-04
-2.083481387242160088e-02
-6.924876829321606128e-03
-7.474692398037877131e-06
-7.304527894352259694e-06
-2.005389111094018086e-05
-1.513022073669834271e-07
-3.772079677792355024e-04
-1.525703360218892257e-03
-1.441746215512944296e-02
-4.269153994619429493e-04
-1.059880149002990699e-02
-2.292170372211105366e-04
-1.698119636900473697e-02
-1.320548182441146773e-02
-9.418636111131124233e-06
-1.280733977691330528e-05
-1.729215146389226029e-05
-3.728133745090576037e-06
-7.091164181765919651e-04
-1.128866799394698727e-03
-1.429288409357083039e-02
-4.230075651656317257e-04
-1.059828978178615176e-02
-2.183529222241807556e-04
-1.690548598748924797e-02
-1.341480821349956901e-02
-1.041150118878850704e-05
-1.006329313416271899e-05
-1.554073409150480477e-05
-4.263354789299287152e-06
-6.891261748109398953e-04
-1.151900736512510891e-03
-5.000166484315528119e-03
-1.703708077726015166e-02
-8.145577928276392585e-03
-7.216367982286747826e-04
-2.082049253460257696e-02
-7.149754526636945343e-03
-5.605623601549796081e-06
-8.172773531354193322e-06
-1.807650743098686847e-05
-1.842907954800329370e-07
-3.733222581514414004e-04
-1.578176835921719793e-03
-2.734350351670868443e-02
-2.830062022927279375e-02
-6.476832079351967780e-03
-2.187986633808094300e-02
-5.893405739917815384e-03
-1.334538044661623271e-03
7.320275279740254738e-07
-6.495474872666139969e-06
-1.794857123796041862e-05
-1.999922907980592561e-05
-2.226261167117650280e-04
-1.604189802779582832e-03
-4.546573899348469588e-02
-5.854776425441223647e-02
-5.488168005868014274e-03
-3.438809791424983497e-02
-9.194247124956070674e-03
-1.122947128616974629e-05
-1.834910814947167455e-05
-4.339584845280910752e-06
-9.668873478971072889e-06
-7.980179388829977552e-05
-9.854178466840822893e-05
-1.453366841062841107e-03
-1.958253911398306901e-02
-5.676076194273727699e-02
-5.623270048151048778e-03
-2.567612080205379163e-02
-3.845048349965955736e-03
1.141390205411972419e-04
-4.950911742691122230e-05
1.304032881934559344e-04
-3.762153304745086276e-05
2.981466553780760017e-05
-5.630751828949005577e-05
-2.237595073982493951e-03
-3.521429897331210257e-02
-5.467826178403550896e-02
-5.845883165191948297e-03
-2.378512324243097290e-02
-1.345876273493113546e-03
-2.104667509935903406e-04
-3.377304290847812495e-05
1.495107545590288356e-04
-1.369120830771688554e-05
2.198418913053769619e-05
-9.565522793898478988e-05
-2.282763742284272396e-03
-2.638199576540968538e-02
-2.047870002270169715e-02
-6.151263635007793440e-03
-6.075202882492527926e-05
-2.024253664287739216e-02
-3.317580510739462103e-03
3.244531683101922997e-05
1.523464642080566865e-04
-7.783862172444518362e-06
4.325748764385195230e-06
-3.185971465458488599e-04
-2.250009445960251230e-03
-3.594805088415268125e-03
-1.247507608520735320e-02
-6.670654573735441788e-03
-1.716820414982729446e-05
-1.950703709948256939e-02
-9.707537141446993464e-03
7.061700263643820553e-05
1.445388089016018636e-05
7.662928829132457031e-05
-3.282236306430669860e-07
-4.818661244111207393e-04
-1.960984159035477747e-03
-1.277231164553067932e-04
-7.441517666490119962e-03
-4.503296202275752953e-03
-2.143807563746986296e-05
-1.895346483318822994e-02
-1.495679512363699837e-02
7.248495163434965629e-05
2.273695231446148449e-05
9.585318435447869609e-05
1.095876388785463928e-05
-8.064233849586656530e-04
-1.407135708377594326e-03
-1.105617258525478947e-04
-7.444055133282266937e-03
-4.541597035357679106e-03
-2.112343957312840293e-05
-1.931482730537716769e-02
-1.476193767225232947e-02
6.826531791784970428e-05
2.680788915098842841e-05
9.163832529893724775e-05
1.116893115662904548e-05
-7.717627788658067579e-04
-1.412223162137457534e-03
-3.210348901354261649e-03
-1.221915780649388342e-02
-6.837807097420169587e-03
-6.008250988393918828e-06
-1.983860696354209155e-02
-9.688976248238187136e-03
6.899242228767761065e-05
9.685534362632870601e-06
6.988412827630815171e-05
-5.405083283267914359e-07
-4.520620481510821708e-04
-1.987220954656173169e-03
-2.521862469937861603e-02
-2.025210964246689990e-02
-6.245727784318407493e-03
-9.132380460031464420e-05
-2.076436296854037092e-02
-3.427576698129889288e-03
3.186272008890476493e-05
1.365709401088540200e-04
-1.049982341596928834e-05
4.790174764257240348e-06
-3.033356871768956358e-04
-2.283785643730273061e-03
-3.408446026758262665e-02
-5.565653965253768154e-02
-5.858755446387458460e-03
-2.410949129086540146e-02
-1.418125192447340513e-03
-2.601728676555480242e-04
-3.268450345350395065e-05
1.383813239038217348e-04
-1.496865787414594188e-05
2.213042208733891322e-05
-9.644644949446221798e-05
-2.320319181905342292e-03
-2.815727934591954681e-02
-2.645181312322308562e-02
-4.591298170717340171e-03
-1.530663803937608314e-02
-1.984940581121327619e-05
7.230534468645208952e-05
-3.519913469976970944e-05
-9.090513754289826552e-05
1.702166697786547910e-04
-2.401081649524784603e-05
-3.698911807552098717e-05
-1.279813489683580448e-03
-3.235430818545796672e-02
-1.101231920325811998e-02
-4.269494811798338167e-03
-1.024874813557980283e-02
-3.649782334602278219e-05
-5.777301361918141601e-04
-3.482662712966943136e-05
-9.199301575400161714e-05
1.065040754379670257e-04
-4.105023265885081844e-05
-4.857597073961242713e-05
-1.304325941859551348e-03
-2.153041780018397078e-02
-5.326103721687229509e-03
-2.653115366605686941e-03
-4.170864389043206001e-04
-1.536394375136168264e-02
-3.332262173010129124e-03
1.291485497521049578e-05
-8.614626571519524696e-05
9.653868075811989518e-05
-6.191695464153557592e-05
-2.774465299935083219e-04
-1.403164155299661733e-03
-4.691565036797416648e-03
-3.743049714781100656e-03
2.050916199539767372e-03
-1.133425373489486488e-03
-1.593666172424763536e-02
-8.116926938124741087e-03
1.713181685968209476e-05
-3.498338832240373330e-05
7.905790692446326186e-05
-6.389566200320587219e-05
-6.107029402570133842e-04
-1.371030475139512232e-03
-3.273526439937484589e-06
-2.200143470783389946e-05
4.407653935381489804e-04
-3.348420989934119008e-03
-1.451818072255770670e-02
-1.249524890936838661e-02
-4.882582191981801968e-07
-1.060038928143141225e-05
2.915849108024630304e-05
-2.757385029325967274e-05
-7.292334925523145028e-04
-1.035482948417047484e-03
4.178889225053833970e-05
-9.909036229693972758e-06
4.403157514895662014e-04
-3.395662640852337589e-03
-1.497361558421767685e-02
-1.223323321634251643e-02
-4.708188178293615901e-07
-1.150075543924559286e-05
2.469691194572837321e-05
-3.346047125904243137e-05
-6.633683158740147790e-04
-1.088239768921300072e-03
-4.343667812719566833e-03
-3.673474892016993180e-03
2.039143396301007841e-03
-1.182205103529429145e-03
-1.638796778379882080e-02
-8.009544090023818647e-03
1.630968476032907958e-05
-4.178230354898604409e-05
6.959789232734446595e-05
-6.996833208014134446e-05
-5.699529290368320371e-04
-1.399649809581558248e-03
-2.104045341304094235e-02
-5.216253161890842434e-03
-2.689261004560949790e-03
-3.490990578069008807e-04
-1.551964444962711590e-02
-3.364973290297466890e-03
1.296212702039395939e-05
-1.013761319045864963e-04
8.914823120504864438e-05
-6.262274911508898219e-05
-2.691909456677519944e-04
-1.423507609202129785e-03
-3.199696611105772026e-02
-1.102321112366195718e-02
-4.280965606857048411e-03
-1.047033824954628732e-02
-7.870227289611897111e-05
-6.031375148407875243e-04
-3.467207224728477020e-05
-1.055993554497564507e-04
1.130740627498476309e-04
-4.027579136528517458e-05
-4.746615459188356780e-05
-1.331987391951942662e-03
-2.476710716040516139e-02
-5.546842932557329714e-03
-5.305579759106970363e-03
-1.217723444641250884e-03
-8.510190828299254648e-03
-5.215881514487184522e-06
-4.015731215264439226e-05
3.729807652884222853e-06
4.174576230200876934e-05
-7.317785573725396012e-05
-1.175245822750502873e-04
-1.058326901052381855e-03
-2.106651879216510023e-02
-8.211256332757583751e-03
-3.604479174739911185e-03
-8.693883229164751534e-04
-9.176498168365075300e-03
-2.320871602043184415e-04
-4.343952932307621720e-05
-8.840515527275025239e-06
3.655526828744286473e-05
-7.187824651812904913e-05
-1.169782398204447161e-04
-1.077114717436357828e-03
-1.387139928185846839e-02
-6.144804414187076368e-03
-1.026759739444284151e-03
-5.463312583626627611e-03
-1.024979334199435654e-02
-1.141205718764393877e-03
-7.397773808490839914e-06
-8.498041441655860824e-05
3.454660156804658459e-06
-6.722477947145892780e-05
-1.915272689723705377e-04
-1.182488870289191826e-03
-4.315850212021840604e-03
3.590549670130447886e-05
9.698819362482541829e-04
-5.601512630577259143e-03
-1.009032230742146728e-02
-3.460389701131529484e-03
-3.528569295818593480e-06
-8.858827637474654714e-05
-3.926897628830596183e-06
-7.679848249269547464e-05
-4.683967418008780402e-04
-1.113953955706205139e-03
-4.330675831188317775e-05
-6.555917400688184753e-04
-3.649368700482380056e-03
-4.972105354230104551e-03
-8.574502851546275672e-03
-6.254408798726939119e-03
-3.691105979189009362e-05
-7.075647897156638652e-05
-1.923706218512506310e-05
-2.776153773289870635e-05
-9.470745462622806414e-04
-1.128079988824289741e-03
-2.894703098675652193e-05
-6.126116422711253831e-04
-3.694770765784136188e-03
-4.919268781950316208e-03
-8.585596882181561335e-03
-6.294184910413597352e-03
-3.312780523390455547e-05
-7.481507045168893778e-05
-1.731797804235761965e-05
-3.058054999547077911e-05
-8.844994821369753799e-04
-1.206752700727716041e-03
-4.171838479289270360e-03
4.639140478048093364e-05
9.652554162497098715e-04
-5.555063974406165839e-03
-1.021366270696200292e-02
-3.498678916661140514e-03
-2.853599397361685946e-06
-9.498261593008123648e-05
-3.593150300649313739e-06
-7.551752318379673003e-05
-4.380202596043827066e-04
-1.179082376970648841e-03
-1.369565839912640845e-02
-6.110278464416395335e-03
-1.024427168334639043e-03
-5.436575003518805821e-03
-1.031208514492301491e-02
-1.137858309465051079e-03
-7.984345456223846752e-06
-8.723141312503230390e-05
1.480701091233165411e-06
-6.710802269029720029e-05
-1.874969742424856440e-04
-1.228102714669571365e-03
-2.085407855727816617e-02
-8.257542072087358312e-03
-3.594479534138385248e-03
-8.570149368496090842e-04
-9.173753749074581645e-03
-2.304835855904617233e-04
-4.361267153749025634e-05
-8.945021433851211407e-06
3.200360464761052283e-05
-7.244616884510669623e-05
-1.153728667360060385e-04
-1.093040485909963725e-03
-1.437580007566104275e-02
-1.457568318186666483e-02
-2.529567712766913560e-03
-4.406752566760258408e-03
-3.656224653539645163e-03
-1.709181266991016283e-05
-2.541995146237692547e-05
-3.057163116418299347e-05
-1.483461332408713177e-04
-8.763445883922454461e-05
-2.216872292939007681e-04
-1.083383315266259325e-03
-1.286251898630621539e-02
-1.177368641474781444e-02
-2.219217353061753769e-03
-4.406034113500971287e-03
-3.839313017583848887e-03
1.715930514889716101e-05
-3.010038803808107107e-05
3.688141822114196328e-06
-1.188147667821719277e-04
-5.881965988506564457e-05
-2.165536967035958549e-04
-1.146347685975677121e-03
-8.658940337698442513e-03
-1.033602870354593926e-04
-6.068015478743788056e-04
-5.014091191604453691e-03
-4.077206208046674392e-03
1.697377120488728581e-05
-8.389204680577973047e-06
1.726420177977794091e-05
-5.913769306883613364e-05
-7.301871506775145367e-06
-2.185875881077657332e-04
-1.378089344498235154e-03
-3.059009428237386644e-03
-1.767829718039659907e-03
-6.861853912228378996e-03
-5.343038297328991763e-03
-3.081182265716160898e-03
-1.354279028601554835e-04
-1.785951525549943501e-06
-6.248080676820700707e-05
-8.349901953632396574e-06
3.717527367107372019e-05
-2.781131629301072028e-04
-1.358479355507504621e-03
-7.447177617514685898e-05
-8.392309724792976645e-04
-6.435230140053468939e-03
-6.091431729450823111e-03
-2.056831271087642635e-03
-8.682655885110248609e-04
-3.273856268210378206e-05
-1.187888874858256078e-04
2.569032289719405934e-05
2.882717402989299848e-05
-5.671229924169030870e-04
-9.845375493552838749e-04
-6.551171706823487166e-05
-7.659169687015069793e-04
-6.572143280878069843e-03
-5.911428963175394298e-03
-2.078203745876072966e-03
-8.551156122528773447e-04
-3.339193016384595027e-05
-1.110684523783161368e-04
2.303136852334278630e-05
3.090166371902607030e-05
-5.454921901161826313e-04
-1.044962080536447494e-03
-3.005202680477624989e-03
-1.711735755631754253e-03
-6.876162324617163778e-03
-5.201459907182169953e-03
-3.081443951513343927e-03
-1.331545361983133360e-04
-1.575326195482334256e-06
-5.415677888102028259e-05
-1.313217613669338802e-05
4.028987825286423931e-05
-2.703826497032592378e-04
-1.431615455075237490e-03
-8.572940157216412879e-03
-1.076639245797984671e-04
-5.668314470201339704e-04
-4.931075068332157682e-03
-4.072104749161762141e-03
1.643625212491961186e-05
-1.051971249779405629e-05
1.409406803629785063e-05
-6.145910333251060733e-05
-8.733456645795171309e-06
-2.169133156240932961e-04
-1.440795615086151856e-03
-1.289497762384221938e-02
-1.182602632192651312e-02
-2.295925419054973323e-03
-4.347673717248589330e-03
-3.842560732416705049e-03
2.927757040746116240e-07
-3.276436476153620874e-05
3.781049081940012119e-06
-1.194624457445125107e-04
-6.090860892632049301e-05
-2.190321718718172335e-04
-1.185540861047800886e-03
-7.462286080687996481e-03
-7.366373123973608134e-03
-2.208640610289473467e-03
-2.160548228571912248e-03
1.896112918339517910e-04
-1.568100817146908521e-03
3.806410589170590604e-05
9.344551266931018616e-05
-2.316876534081195008e-04
5.017418793068544264e-05
-1.385712191915878795e-04
-3.801246193418388497e-04
-7.325806020759889278e-03
-3.656248386531624813e-03
-8.791097413034967660e-04
-2.314209141542092948e-03
1.015322903490758940e-04
-6.050977487185521878e-04
5.078518238133229517e-05
1.025524469479167228e-04
-1.859468028607533685e-04
7.088902759047723066e-05
-1.333803197098355916e-04
-2.926031246643903596e-04
-5.828221981858438920e-03
-2.363696771820681785e-03
-3.962569565669159938e-03
-2.884359337410437232e-03
-9.427630457173469811e-05
-5.207085235797628137e-04
2.705192432191296065e-05
1.128336151868754083e-04
-1.358326965877675128e-04
6.379142848979061883e-05
-2.158515888051742450e-04
-2.081799120557507074e-04
-2.326853056202881579e-03
-2.161275363419874751e-03
-3.821666737933690321e-03
-2.667079030956745998e-03
2.848207001515882099e-05
-5.828885264718877256e-04
2.540111172757317668e-05
5.281880044283412034e-05
-4.433739901575871323e-05
3.891648816081829168e-05
-1.457073588445241021e-04
-1.715222239787660239e-04
-1.100962145191504063e-04
-6.429677884853347890e-04
-3.173244663143725674e-03
-2.685569828089310728e-03
1.623460379074473164e-04
1.183954507067832528e-05
-4.473652979799806122e-05
-1.282652351176356668e-04
1.042024881060986035e-06
1.084636831450264129e-05
-6.296434158616168869e-05
-8.498280212008247963e-05
-9.856938129099821638e-05
-5.747920979512958052e-04
-3.093174253046176644e-03
-2.754982171069151036e-03
1.795676750854851775e-04
8.722271153325306157e-07
-7.832107145366279497e-05
-2.377108622443106791e-05
3.422535789232714644e-06
8.625777628209180096e-06
-5.209926587133840385e-05
-9.500846896276747284e-05
-2.208007647939349855e-03
-2.072985419456458128e-03
-3.809487859560348536e-03
-2.578825660847856339e-03
3.055275850184885583e-05
-5.656246802460693571e-04
3.072144021405543395e-05
1.513797540698575696e-04
-4.294584308864389765e-05
3.483280871311274706e-05
-1.350021235424519908e-04
-1.792221011561195723e-04
-5.765347363140877271e-03
-2.243392835573378586e-03
-3.839170034754870245e-03
-2.745332094859624997e-03
-9.651469905362350442e-05
-5.019307576048547600e-04
1.919652899286108190e-05
1.656425901910255245e-04
-1.433093293628555853e-04
6.247939855537187469e-05
-2.022027592557835290e-04
-2.158816852612818976e-04
-7.302024330208310189e-03
-3.900060419409742511e-03
-8.878066312337164374e-04
-2.261843364174712882e-03
1.033211977203767962e-04
-5.939779803226214556e-04
4.301119834445336156e-05
1.173147441328711756e-04
-1.968968487328162393e-04
7.680015441385759211e-05
-1.260212664870458143e-04
-3.010590824005342095e-04
7.557067779078596552e-03
7.596746327432042124e-03
2.310681896371032714e-03
2.297560770804533622e-03
-1.938430529366118478e-04
1.578370261755917235e-03
-4.004486195488602519e-05
-9.183608109590548285e-05
2.347977788767180809e-04
-4.620823682237631383e-05
1.300957799611769639e-04
3.547435906584578825e-04
7.440319256951315185e-03
3.958423089495310444e-03
8.365408775863203287e-04
2.374260931744888274e-03
-1.024780893139772789e-04
5.122012195705283148e-04
-4.418187152002521750e-05
-1.197240141127465016e-04
1.930079027809438093e-04
-7.753940861271254475e-05
1.139132998715872022e-04
2.841721709906354582e-04
5.663673736517318633e-03
2.238224523305222969e-03
4.075899349784340396e-03
2.950252529099328148e-03
9.654309812144505154e-05
5.037341778132516839e-04
-2.173676430114260475e-05
-1.568818140059169972e-04
1.459620268291823722e-04
-6.608198433989627462e-05
1.982936304833900990e-04
2.035914730154701996e-04
2.198935940951803406e-03
2.051070360516212259e-03
4.128459391942526299e-03
2.794623543333844048e-03
-3.174517233191969848e-05
5.816125000837031947e-04
-2.865834725047639907e-05
-1.318952342696914383e-04
3.794004149426213391e-05
-3.622526359385286711e-05
1.208944508031790048e-04
1.565745452250029857e-04
1.040720867801134118e-04
5.760929850449991816e-04
3.310177374089380651e-03
2.757299146537225878e-03
-1.803526154205765302e-04
-4.745546403510604089e-05
7.489304445067099779e-05
2.050483251112899936e-05
-8.075509516032655045e-07
-9.119077983842453818e-06
5.349348755910632617e-05
9.434527739516772749e-05
1.082333810548386486e-04
6.353365765277119810e-04
3.423406812571199494e-03
2.641789113833185789e-03
-1.779110178131468431e-04
-2.404200013527903692e-05
4.562807539321801298e-05
1.169802617721289652e-04
1.943962445388156633e-06
-1.079839127811386467e-05
6.559118798096707169e-05
8.414482261522403922e-05
2.218884548986223195e-03
2.145724737634779108e-03
4.067245529025605155e-03
2.839161612139670752e-03
-3.022394087903343510e-05
6.428149807868824978e-04
-2.303054666123181317e-05
-3.702094616995499490e-05
4.110160973558371064e-05
-3.855370823735846433e-05
1.354215854066328811e-04
1.459890757465808701e-04
5.676296662724637267e-03
2.403031389213869818e-03
3.922032788839117934e-03
2.925062559666113341e-03
9.502853270840818647e-05
5.684760682337707894e-04
-2.900825402231821252e-05
-1.083489965964430928e-04
1.446392914658415426e-04
-7.130613333164757340e-05
2.187507671423848045e-04
1.947570870429319093e-04
7.321507201421197097e-03
3.787484845935830749e-03
9.236195578106892214e-04
2.326733071122950077e-03
-1.004240890721798071e-04
5.343057019362825377e-04
-5.443267254328075397e-05
-1.005705182458160879e-04
1.866657796509382675e-04
-7.918441417309579600e-05
1.308425046264842539e-04
2.840093596227246091e-04
1.431045272048749734e-02
1.467952611158625936e-02
2.536478385503774732e-03
4.264863760967168432e-03
3.583664013263067154e-03
-8.689572104965609319e-06
2.676369674456657708e-05
2.750698832558952405e-05
1.602497773713429461e-04
8.136018673177730534e-05
2.123340382108740302e-04
1.038758831431208255e-03
1.293814625473519754e-02
1.191980495572043768e-02
2.251971654833132778e-03
4.353384232319591589e-03
3.777451633209993800e-03
-1.103023069069270695e-05
3.497770875297566179e-05
-2.821706002090710011e-06
1.165391426531853426e-04
5.556098369098007512e-05
2.098352992510810135e-04
1.162361193656693539e-03
8.542309889931352235e-03
1.453539854966701930e-04
5.829526351258986763e-04
4.912326748744129910e-03
4.029851870582253082e-03
-2.219731455945306441e-05
9.393188152396340611e-06
6.624716153902901453e-06
7.103461239021007293e-05
2.631281200346804193e-06
2.218310042314950077e-04
1.381209774807715162e-03
3.001611641238651970e-03
1.716340061857164149e-03
6.961954379194531910e-03
5.205282350961496288e-03
3.076783466739487806e-03
1.547035427515715635e-04
1.533045924533661585e-06
6.018700884430756127e-05
1.301563691695093089e-05
-4.782774489978892718e-05
2.759947868757960760e-04
1.382451795761191786e-03
6.373755346245688470e-05
7.485539637891723856e-04
6.642844886643430730e-03
5.943604086733452786e-03
2.107553982538471881e-03
8.781894903284797813e-04
2.952161158215415603e-05
1.103677788466999926e-04
-2.270271258087338734e-05
-3.266967008504345084e-05
5.318548840832458546e-04
1.028495492816230246e-03
7.089840795650620723e-05
8.186279811892561943e-04
6.569413630310688701e-03
6.054009653965937779e-03
2.100824803102596845e-03
8.558717871551413262e-04
3.810579902449686459e-05
1.026700710865067757e-04
-1.993146438657183943e-05
-3.075546253821781619e-05
5.474802300532024364e-04
9.796310294117179743e-04
2.947067760070407483e-03
1.783212439527162661e-03
6.882354573138167383e-03
5.223532105093050062e-03
3.035709184338752312e-03
1.379166454488445985e-04
2.457717864286109725e-06
6.190032337572840329e-05
1.513350676411217893e-05
-4.507280433744137595e-05
2.864042341852213224e-04
1.334957432267516817e-03
8.446470214162437110e-03
1.079268673385377930e-04
5.691534852603393748e-04
4.879382658482538278e-03
4.002781367553916517e-03
-2.185018258520933770e-05
5.645285676791883585e-06
2.045693533377845623e-06
7.220535848860024574e-05
3.415710268023859380e-06
2.188255112899223397e-04
1.358853667063716474e-03
1.272684400138772952e-02
1.190271146840317200e-02
2.257215259246967559e-03
4.291201624564510916e-03
3.769617416622278189e-03
-3.086569535926458402e-05
3.082042895567567377e-05
-2.839323729045871986e-06
1.174588903854301662e-04
5.543745677368113275e-05
2.074758439634748859e-04
1.144185476346352157e-03
2.470086575971074463e-02
5.497109998395135685e-03
5.130148715927990676e-03
1.216826105520337539e-03
8.435985886633634578e-03
5.956885454260328429e-06
4.322367237810468692e-05
-6.907840550279054248e-06
-3.688568068778414312e-05
6.686692996419720870e-05
1.074226273405799178e-04
1.092577580942353426e-03
2.100559501811656571e-02
8.098542773262568800e-03
3.558987465088866292e-03
8.732830954142556867e-04
9.043019974021957938e-03
2.923868868106300318e-04
4.626443323429612405e-05
9.866157780415218335e-06
-3.192254353060987375e-05
7.039185480254246739e-05
1.127066874624583261e-04
1.107851579382751169e-03
1.362792709312593727e-02
6.158360027813759852e-03
1.074815805162675697e-03
5.480261422312482020e-03
1.029275071897653264e-02
1.276919573986572739e-03
9.896402996624355700e-06
9.721288751714403636e-05
-1.566328296096992350e-06
6.395074757210378541e-05
1.972469754794404302e-04
1.250713924342183826e-03
4.230670374622430910e-03
-7.251281841383881450e-05
-9.560243042064980792e-04
5.564153078393517873e-03
1.013231073679324822e-02
3.603529887481785390e-03
1.048200790426399016e-06
9.733384479070776357e-05
3.309366204125572463e-06
7.035480337277105593e-05
4.409199549055537837e-04
1.128091901381090547e-03
3.323960417889891192e-05
6.301354510777143350e-04
3.692072706300999693e-03
4.903848458471863486e-03
8.639994184244898651e-03
6.334276696028612146e-03
2.972076261336109853e-05
7.635317885182757306e-05
1.334521101461967922e-05
2.013207174022117502e-05
9.143887542331696544e-04
1.158860284792559382e-03
4.845520708725542091e-05
6.706478952095199213e-04
3.685762283528602919e-03
4.838348697285287797e-03
8.599361635060413789e-03
6.305615208769065928e-03
3.652720999681880062e-05
6.446548290631759514e-05
1.526718723924677977e-05
2.252347559247205229e-05
9.351891800249711745e-04
1.148067022267917339e-03
4.292792422338521062e-03
-6.308892453525955098e-05
-9.621549704700014562e-04
5.448609652179753869e-03
1.003965924151206841e-02
3.599422507941243878e-03
2.210910958345437000e-06
8.268461022961004416e-05
4.353300117436481794e-06
7.380867444868756790e-05
4.423766730302626732e-04
1.147086092805381504e-03
1.368644310163027837e-02
6.217461557167481938e-03
1.060174439971295823e-03
5.314773314168508983e-03
1.018287655162492672e-02
1.281388155234101456e-03
8.683174676612222893e-06
8.916722531672221141e-05
-4.507188753854433459e-06
6.186040871445891811e-05
1.867217963493445301e-04
1.280047470622481393e-03
2.108079695115918847e-02
8.162035110954313222e-03
3.526629497028737920e-03
8.790396762411987509e-04
9.015677342894686322e-03
2.938254616509533047e-04
4.604664114731634226e-05
9.764049456191759648e-06
-3.873648531020777497e-05
6.553096473228776702e-05
1.100987766245719457e-04
1.124115721232482124e-03
2.844614699426495016e-02
2.654107212732218987e-02
4.559364523278143684e-03
1.525502852764326102e-02
3.089221357167362648e-05
-1.468906302783570338e-05
3.656998363855371460e-05
9.091842006918933895e-05
-1.774069557577598972e-04
2.399626471292208940e-05
3.073441731809993164e-05
1.218933220439538103e-03
3.192647441190130803e-02
1.105808411565146858e-02
4.271170100416638894e-03
1.046439726313126185e-02
8.403856572298066543e-05
6.232219540042462352e-04
3.497707619010655876e-05
1.082117633589325137e-04
-1.020607268830372901e-04
3.861908763627552600e-05
4.768180368605311892e-05
1.211456555520785917e-03
2.102125673598108715e-02
5.120181837261294708e-03
2.695111584792230300e-03
3.854817127032243631e-04
1.544928541776829055e-02
3.397725135374141461e-03
-1.003085176155807506e-05
1.037863829606537744e-04
-6.852747953866957279e-05
5.693298263205687562e-05
2.740929593610010452e-04
1.333108746126363334e-03
4.280020577421338873e-03
3.649186949765612954e-03
-2.021181250940151837e-03
1.178827281559719680e-03
1.615664127077862805e-02
8.187031299838597523e-03
-1.481298209653756072e-05
4.346285516816328446e-05
-6.138264357890673632e-05
6.120033900528338243e-05
5.820935873976642531e-04
1.319796036958302120e-03
-4.256437194142432965e-05
1.126373156456159638e-05
-4.354461734275216702e-04
3.391839035182339038e-03
1.480621190277755031e-02
1.240369261778747657e-02
4.364019126632331678e-07
1.198940392407339644e-05
-2.364313067074751793e-05
2.983221405903535418e-05
6.712551156837502815e-04
1.067685334788092506e-03
-8.333465759441900382e-06
2.353099590965301071e-05
-4.372338144284116800e-04
3.298424026518829554e-03
1.456352231016689626e-02
1.246275129152756359e-02
4.786168421137041803e-07
1.044134571594557529e-05
-2.681795323426958529e-05
2.685599713065304334e-05
6.848398538240653985e-04
1.082685328472631804e-03
4.577817698519844047e-03
3.759854095608095199e-03
-1.992749371234003863e-03
1.132760576119094505e-03
1.607588551292033971e-02
8.152944873173575621e-03
-1.580651764143130677e-05
3.528418009290857271e-05
-7.425887692217144004e-05
5.829079956320973505e-05
5.880138433446016957e-04
1.369455028721708930e-03
2.136697939859226805e-02
5.285603659376779569e-03
2.631209553597602026e-03
4.358016347793676709e-04
1.531376429767119032e-02
3.382126043576369565e-03
-1.129583500957266856e-05
8.893578471186332050e-05
-8.878140297576166259e-05
5.593729032345564814e-05
2.624028014913551768e-04
1.366171588420499400e-03
3.252846932443595462e-02
1.108862815547121891e-02
4.210503598938925354e-03
1.023495387494767310e-02
4.508834912406884667e-05
6.303072220391091936e-04
3.596057965118623634e-05
9.943820068263231518e-05
-1.095489676353967516e-04
3.830908057043081551e-05
4.742976260354314915e-05
1.225691830202877905e-03
1.994763705087480507e-02
5.665916693669856286e-02
5.645651510704094260e-03
2.618520123246392134e-02
3.840256123981861461e-03
-1.105160165738828881e-04
5.219193965731193022e-05
-1.397158390353676861e-04
3.669538539456500948e-05
-3.417812066681711150e-05
4.852903452791274436e-05
2.199781860450290057e-03
3.422212201567277623e-02
5.548560738716502849e-02
5.850406956753281471e-03
2.439832070337915118e-02
1.423627660317548912e-03
2.981192234542317447e-04
3.197153406062740991e-05
-1.448857378929324451e-04
1.582812843374811160e-05
-2.129477188629811716e-05
9.780577039709727465e-05
2.319927063337016027e-03
2.534038580445011415e-02
2.057909775252026591e-02
6.325288207495302281e-03
1.009122857475724667e-04
2.064635246108434061e-02
3.602036648083254029e-03
-2.961161674926902448e-05
-1.384871251585670945e-04
1.135166313855937123e-05
-1.893614612044334791e-06
3.159417752859749345e-04
2.269601640218111595e-03
3.223026266568119504e-03
1.229131100685829439e-02
6.703369904739691840e-03
2.139988443245887940e-05
1.976187797463139356e-02
9.779067084739837337e-03
-6.440784505105215971e-05
-1.117083172374824840e-05
-5.886933640062608664e-05
6.432888766448931245e-07
4.682237819456858065e-04
1.924114146012329387e-03
1.058628497706231008e-04
7.432347073600236755e-03
4.518155665515929086e-03
2.018746072040763045e-05
1.893002492881274215e-02
1.516513628845750535e-02
-6.757337199044023972e-05
-2.484475787711167209e-05
-9.137469355482129036e-05
-1.074063557440596489e-05
7.784625237876452572e-04
1.409421340679392794e-03
1.442617730139975323e-04
7.427160589814081615e-03
4.412715690297394980e-03
2.137536594763057428e-05
1.924293323239803857e-02
1.488615804966631623e-02
-7.264161016289918081e-05
-2.358288760571850058e-05
-9.281460033822440023e-05
-1.193023127006857565e-05
7.829205058104972111e-04
1.422070197191484383e-03
3.694416128970825618e-03
1.236400309858391895e-02
6.506198837289239173e-03
2.241230746903090612e-05
1.980786997986397693e-02
9.570772163469375149e-03
-6.614193116782814954e-05
-1.198167760290817163e-05
-6.661848697087062877e-05
1.055295044657854387e-06
4.647208749656128843e-04
1.939172757034474679e-03
2.670789490890190104e-02
2.045123881211621808e-02
6.188163048552366118e-03
6.453703609735474220e-05
2.025730170726712520e-02
3.406593484492149819e-03
-2.954124945160588022e-05
-1.454636727062298587e-04
8.489470260633793144e-06
-4.505044349905831333e-06
3.121435136565307443e-04
2.272264587779229336e-03
3.577583288186811372e-02
5.480343852599194043e-02
5.792281327131500526e-03
2.390513948530821609e-02
1.328348475107431073e-03
2.439371682517647128e-04
3.169836999457168353e-05
-1.519964594556541320e-04
1.413603764475707257e-05
-2.341212048847839876e-05
9.612668803904047654e-05
2.309632402877866749e-03
1.460332566579425895e-01
1.071672818172626357e-01
1.262443042977625385e-01
7.932837737251580840e-03
2.538830850609244752e-02
6.728971821923572212e-04
1.492865135634313479e-05
-1.652682693407980488e-06
7.343837112353548846e-06
-1.233155760362360457e-05
-5.902971976869265072e-06
4.062822365123613965e-05
1.137337880217045571e-01
1.043784003590055853e-01
8.229828370828641895e-03
9.905235521293678791e-02
2.449691993172812068e-02
4.730638218363635234e-04
-4.447152065052444079e-07
-3.582251923176310834e-07
7.778061249428388235e-06
-1.905925030626726488e-05
5.711516675310546231e-05
1.716748368812490228e-06
3.266331099933358212e-02
6.284381302054498075e-02
9.447298125495336152e-03
6.175977160171312874e-02
2.280690776824509727e-02
1.249948133834835690e-05
6.387604693674498715e-06
2.825149864125554316e-06
1.009674133461388252e-05
-1.100644300360111092e-05
6.787009738487158241e-05
8.510609511579746210e-05
3.277284710345219204e-02
5.484535926403511646e-03
1.133932119802606199e-02
1.546055262845883599e-02
3.335587508786094085e-02
6.078885068660298385e-04
6.008464141588716265e-06
1.448414865515688315e-05
9.363729076823968070e-06
-2.311894135877594163e-05
1.895888170148537491e-04
4.001641982325787887e-04
2.233837986293789324e-02
1.668346674769773802e-02
3.421973334779338828e-03
8.706610858869714975e-03
1.252406265347869897e-02
3.598038036224758020e-03
8.882331828124033902e-06
7.531009816900527747e-06
3.216118020874896248e-06
-1.690190364750280649e-05
4.172033896611657979e-04
5.307580390127843118e-04
2.220641309605366279e-02
1.655402111282271507e-02
3.568773296402980629e-03
8.360256958532086974e-03
1.319338385243725743e-02
3.411659501761912881e-03
8.723266785895117403e-06
7.996170419225088992e-06
4.990351510764832820e-06
-1.149380050580499258e-05
4.180439362700957904e-04
5.300904125856903187e-04
3.251851425658057460e-02
5.806721955692046265e-03
1.144972354254812467e-02
1.510031110685947260e-02
3.436713498161345082e-02
5.750021872122871441e-04
5.591021928855417990e-06
2.193231237573309828e-05
1.030769103267013020e-05
-1.791139457744044555e-05
1.872938122621232277e-04
4.102141511188579326e-04
3.506284564037528972e-02
6.245179613641675676e-02
9.655408003531627120e-03
6.304586874859254009e-02
2.248710559944528883e-02
3.767448038064866319e-05
9.473916211419712959e-06
2.698264498392189629e-06
1.095979174015811964e-05
-3.922421309950505676e-06
6.327099308086600376e-05
8.679898670129043421e-05
1.141616722862814071e-01
1.154866849330214579e-01
8.341537113632271558e-03
1.004845227484904013e-01
2.444375095161935990e-02
5.101524079158149946e-04
-4.531129178701780223e-07
-3.599066613703533068e-07
8.273309193789178740e-06
-1.380528374844197979e-05
5.531013298182940296e-05
1.546951879086501127e-06
6.662350936553108893e-02
-3.294263916134942960e-02
1.166786941191115534e-01
8.646982355043566918e-04
1.530116852156520289e-02
3.745717102956953371e-04
2.294971789164097063e-06
-4.911319770537334902e-05
9.364328103840939655e-06
1.016243438336261332e-05
-2.337631889455175149e-07
3.736927763587081825e-04
6.231251290729617615e-02
-1.584192781484448226e-02
8.220806921443304938e-02
7.458446308080730501e-04
1.590882376754965480e-02
2.036725098013454638e-04
-9.113205932285989844e-06
-6.447255206614045794e-05
8.676921021809249146e-06
2.293397946533362984e-05
1.913014275661897664e-05
1.635099010087227866e-04
1.499727766131038822e-02
-2.740066526978405127e-03
9.775754599552761819e-04
4.447214611902498838e-02
1.619503143318028193e-02
8.363521714156650871e-05
-5.213943713146566503e-05
-6.604931582201176241e-05
1.275974908449361836e-05
1.540375952211196349e-05
2.466464100007604641e-05
1.749886333615957535e-06
-7.301343004068828677e-03
6.964846335909063817e-03
-3.315925975808856735e-04
1.485471327731517979e-02
1.891710729426788681e-02
-1.221800457997013007e-06
-6.232133549520454962e-05
-2.191371784703566430e-05
1.728810703330811428e-05
1.684696989086754433e-05
4.882451711250106581e-05
5.236101929655715911e-05
-4.385037213500874581e-03
2.764891404116837439e-03
5.032964832010854324e-03
1.065328100876104973e-02
4.762952262909274197e-03
6.896209505199901377e-04
-6.101534166299217354e-06
6.365472678972733136e-06
-1.558004212110933133e-05
-8.517068819198789974e-06
1.345008088355135025e-04
1.369637531652615316e-04
-3.240977895411021291e-03
2.395746185728630205e-03
4.944056779845724947e-03
1.059110514494986457e-02
5.120833519960296155e-03
6.610316690360414863e-04
-5.840025145032726853e-06
6.908101809155714384e-06
-2.038151508770763822e-05
-4.499507885800181423e-06
1.364874967848035572e-04
1.358730565475722125e-04
-5.969561949436348082e-03
7.502687383537702537e-03
-5.636693888909625506e-04
1.492591559844353571e-02
1.940823146394162965e-02
-1.186165524180953610e-06
-6.108446429541945322e-05
-2.355685514662070348e-05
2.007020491904970504e-05
2.108009578016549788e-05
4.492922951870830227e-05
4.583312382444490576e-05
1.614411824260348488e-02
-1.315619718694453636e-03
1.040357590776439054e-03
4.470873227066145955e-02
1.626949472330814148e-02
9.375028620491876181e-05
-4.654496148841860025e-05
-5.874634565855706446e-05
1.213930337702172962e-05
1.606351270819676868e-05
1.815994284808214692e-05
2.693465276960064789e-06
6.346611617116330872e-02
-1.362098378907183535e-02
8.265524246712233070e-02
7.304440434935538257e-04
1.593074917454487260e-02
2.520638129280040082e-04
-8.811497026660255672e-06
-5.400441090978978250e-05
8.232824293349291089e-06
2.274938912964368415e-05
1.330568263601664806e-05
1.753373000666645957e-04
-6.378678402489176835e-02
3.672957176584029648e-02
-1.187337154544991918e-01
-6.722354057629687744e-04
-1.475288543540604659e-02
-3.863759100869272600e-04
-1.009304341026422758e-06
4.860463893767241430e-05
-1.072554898453249221e-05
-5.340480176345918122e-06
-1.897850701288211714e-06
-3.451456322082950361e-04
-6.186308843632424420e-02
1.692496339192630858e-02
-8.120194534822337828e-02
-4.266539768848507178e-04
-1.530959921453158012e-02
-2.565967020827776513e-04
6.831689326031417075e-06
4.810283445538124592e-05
-1.247726595627043699e-05
-1.516750479481304519e-05
-1.445684561337973036e-05
-1.515029410995604505e-04
-1.626910301033845582e-02
1.847332276582304292e-03
-8.765565697073670172e-04
-4.345045671043939323e-02
-1.609419207577446331e-02
-4.527435017735810578e-05
4.064993541738150305e-05
5.868065440810342465e-05
-1.595426385095719278e-05
2.201857596891072267e-06
-1.159305413446775094e-05
-2.589927441132916714e-06
6.106542018849997477e-03
-7.593082485459452281e-03
8.013654535633215129e-04
-1.494271678073445103e-02
-1.924070699924872521e-02
1.388203175138017540e-06
5.880183487433223268e-05
2.450986382292938065e-05
-2.527440560950094473e-05
-6.823436071791761349e-06
-5.935140504988337893e-05
-5.967058940664639029e-05
2.720846364634257539e-03
-2.292383351242565249e-03
-5.054224557884074397e-03
-1.079942098466051686e-02
-4.884536064472973921e-03
-7.134434469826643347e-04
5.182296128328126859e-06
-5.887609007398245591e-06
2.005394984102416525e-05
1.189069965525741887e-05
-1.620234070273834405e-04
-1.600340826719819239e-04
4.562490324020066629e-03
-3.285758265623042827e-03
-5.192623608963812913e-03
-1.068034365161974093e-02
-4.645373176047811262e-03
-7.432160454167734175e-04
5.739371065920452089e-06
-4.762751356723712253e-06
2.030881313550639966e-05
1.193215816357804137e-05
-1.616970402380350248e-04
-1.614594261527071983e-04
7.826972758889081533e-03
-7.165791832139896400e-03
1.735129225447757761e-04
-1.456572199162002069e-02
-1.937874752983596849e-02
1.425794298322683168e-06
6.652256792176178062e-05
2.259928183618179482e-05
-1.622735804298539567e-05
-8.174751934014493987e-06
-6.356743177484560996e-05
-7.506330468468806576e-05
-1.596492455038587069e-02
4.388930581654179770e-03
-1.117030171904795496e-03
-4.432536565967577086e-02
-1.591253169178924107e-02
-4.428177536294568804e-05
5.163544916472900690e-05
6.733490345165356599e-05
-1.401557666650560409e-05
-3.252891185624888304e-06
-1.755562469619325301e-05
-1.275225961343862055e-06
-6.258033974747811978e-02
1.780850280061831506e-02
-8.114527235154299356e-02
-7.005028457519340722e-04
-1.523227655348371665e-02
-1.965052233530165051e-04
8.210322528337959754e-06
6.085917871372265481e-05
-1.109196002446139547e-05
-1.938251146831324382e-05
-1.930071066878077959e-05
-1.379450812913423589e-04
-1.435133095102641976e-01
-1.161266294002577665e-01
-1.269972114922878481e-01
-7.985534526326536903e-03
-2.512181145707448326e-02
-6.987214878549313866e-04
-1.215717720912591405e-05
1.601876794530299335e-06
-8.576568453330550362e-06
1.240329109093009382e-05
6.014414744954138230e-06
-3.202589202333377825e-05
-1.115330543294207055e-01
-1.144623350256726152e-01
-8.364973719639368435e-03
-1.003037716995129752e-01
-2.418997146662416053e-02
-5.127382283945413396e-04
3.588440844111638156e-07
3.843233259826649788e-07
-9.353351155221699910e-06
1.612777861027846473e-05
-5.446583637718586664e-05
-8.349123897472347713e-07
-3.440221889308674175e-02
-6.085696727466565620e-02
-9.679167681341256657e-03
-6.250510029980993476e-02
-2.258389748135262651e-02
-1.741330737193216437e-05
-1.474625422425007772e-05
-2.169314200054877547e-06
-1.122767477822983802e-05
5.711115051267363313e-06
-5.746677330948640755e-05
-8.681136712136890143e-05
-3.169034776586882735e-02
-5.966952261791928606e-03
-1.125478500155343599e-02
-1.539874354110474727e-02
-3.425667091815453452e-02
-6.113699503801339188e-04
-4.393461891664224059e-06
-2.326317628313823063e-05
-1.118160631463129752e-05
2.125260394217873383e-05
-1.953318526166269086e-04
-4.257310074735113866e-04
-2.192675161998737521e-02
-1.666201960728602369e-02
-3.550406137144752894e-03
-8.395984463659465422e-03
-1.308783800449001694e-02
-3.513687910337209407e-03
-8.150787449079061693e-06
-8.711484474443893282e-06
-5.226172701888132689e-06
1.563473753247090011e-05
-4.316846722658216739e-04
-5.468014799264057707e-04
-2.215844563311633597e-02
-1.679124055487827422e-02
-3.378473326640423369e-03
-8.449842381020500684e-03
-1.268190085514155421e-02
-3.608754501825606718e-03
-9.193789661554798581e-06
-6.633501257124030083e-06
-4.194925724802761914e-06
1.897484875259404689e-05
-4.244424325696437056e-04
-5.580057774648987563e-04
-3.250478732266817716e-02
-5.534308304385030138e-03
-1.127409535751342645e-02
-1.528707574445334165e-02
-3.360027076375529664e-02
-6.368142738830250699e-04
-5.577208038276920780e-06
-1.805478515573076916e-05
-8.724349761303425876e-06
2.459219419857801625e-05
-1.986167560557437924e-04
-4.515715604861812878e-04
-3.360631214684990653e-02
-6.233185017109512532e-02
-9.517708864430414126e-03
-6.165810270093121520e-02
-2.257307258403772054e-02
-7.731236200260931685e-06
-9.984097528933472845e-06
-2.436720762140414805e-06
-8.946079549324727047e-06
8.625262924508855046e-06
-6.254693628931029081e-05
-9.932437339489878119e-05
-1.132280310136328932e-01
-1.094221860765708654e-01
-8.344563428543632158e-03
-9.966896438537531377e-02
-2.413556241426169716e-02
-4.831595063699660182e-04
4.115693018327572965e-07
3.838249530196339846e-07
-8.221690162007028768e-06
1.889746597951562311e-05
-5.694279426958936719e-05
-3.590619929179236891e-07
-7.495695517305342448e-02
-9.033006236318803783e-02
-9.707657901109808044e-03
-6.992512477063596299e-02
-2.137343847615279929e-02
-8.133119015379971888e-04
-3.508855623025482863e-05
2.062705563829207354e-04
6.672058296998917340e-06
1.843728784128439375e-05
1.583325139648320939e-05
-5.102329967628310226e-04
-8.792519154263683800e-02
-7.465305250006099014e-02
-1.031872788659692411e-02
-5.593073822850395255e-02
-1.843123931786933359e-02
-2.999016861617318040e-04
-1.316498661807325703e-05
2.165578891210629688e-04
-1.235978348789190043e-06
-3.706633223109809070e-06
-9.772400454342017990e-05
-6.559408275875847636e-04
-3.649477369254633397e-02
-4.973199748161385297e-02
-1.169919665271912899e-02
-3.946237597341442638e-02
-1.091429065605689121e-02
-1.968655891466938662e-04
1.102353523366640466e-05
1.533731958500866063e-04
-5.861728272912678204e-06
1.834908251024610932e-05
-1.501661214267992510e-04
-1.019762481358112670e-03
-4.981072699075517543e-03
-2.827521327629791900e-02
-1.408917219836161409e-02
-4.680159970286644142e-03
-2.660969904558285401e-02
-3.649346037875017285e-03
1.340666099087412450e-05
1.924875746506911494e-05
2.096002481872523987e-05
1.501454035812395232e-05
-2.966744124656740009e-04
-1.314976520749856249e-03
-1.358530166847845763e-02
-4.621409505004575417e-03
-1.327677963685867241e-02
-2.165963878999862830e-03
-1.469884316160911981e-02
-9.088295007106398510e-03
1.722674018427526520e-05
7.282239122213760368e-06
2.860084536744369763e-05
1.698308435342400475e-06
-6.914789188189369865e-04
-1.139670099730355013e-03
-1.328963674495812347e-02
-4.491874164014085166e-03
-1.336451868446500608e-02
-2.070248454386209441e-03
-1.442995538656724128e-02
-9.289147381924645758e-03
1.639911652774422746e-05
8.096677426786517504e-06
2.923020144159175980e-05
2.789765794696083380e-06
-6.882174814800081806e-04
-1.151308360117979249e-03
-4.618687400639638445e-03
-2.817280195015583674e-02
-1.414834881734131945e-02
-4.754193830729690207e-03
-2.644929406951312262e-02
-3.772521958238298639e-03
1.260857834019185684e-05
1.941779307081268946e-05
1.877597833000350190e-05
1.848399360904944425e-05
-3.016784711482004716e-04
-1.337555017507633401e-03
-3.491935764043661850e-02
-4.871799222505778654e-02
-1.164694269540614280e-02
-3.952490147088484618e-02
-1.123912349889458727e-02
-2.197691210963666881e-04
9.946619726285152335e-06
1.549907134150763956e-04
-3.158730128047823431e-06
2.237563237771323873e-05
-1.530196148906723755e-04
-1.043553585793174400e-03
-8.276653352367070726e-02
-7.445194711098625240e-02
-1.017384252411444867e-02
-5.610667513841039594e-02
-1.858751405428743508e-02
-2.810175585047074848e-04
-1.518960413569631326e-05
2.159395342239275536e-04
1.883487267287461091e-06
-4.674496531882395837e-06
-9.756831096518990272e-05
-6.671356380704102172e-04
-6.375275625081781861e-02
-4.543612779488843956e-02
-9.105910403535016212e-03
-3.094450555201949671e-02
-8.658420462589789396e-03
-1.886020817208489001e-04
-5.594375739071502142e-05
-8.069255137999380644e-05
9.922349816601743866e-05
-6.039917016150618840e-06
-4.247073971977797645e-05
-1.695839551549067903e-03
-6.093505057521113322e-02
-4.547668251838121733e-02
-9.562522041494915526e-03
-2.707313586072354963e-02
-4.668287008104576169e-03
-6.511741311426695692e-06
-3.465703483784704102e-05
-3.748988597776995574e-05
6.164568350499024705e-05
-4.652462270229059798e-07
-9.707218987822708223e-05
-1.863211296039042272e-03
-3.164164004456121448e-02
-3.606126846296459076e-02
-1.059884843064278111e-02
-2.173703142809818144e-03
-1.811300812071506283e-02
-2.153593082818123974e-03
3.235957925127971184e-06
-1.525186239722815203e-05
3.281580356007089699e-05
3.043572147320387501e-06
-2.588587768938569117e-04
-1.964613312783665758e-03
-4.212915040457705998e-03
-2.723276901977485231e-02
-1.139796491422177295e-02
-3.269731766042407680e-04
-1.860196212539327529e-02
-7.448763815475177574e-03
-3.261619813225528637e-05
-1.217279119881414710e-05
1.205384696183313917e-05
1.045228889087265400e-05
-3.591075013450051182e-04
-1.824388379732558903e-03
-9.429419312428121759e-05
-1.009304262851843520e-02
-2.683814906471247101e-03
-8.122523295413042535e-03
-1.600205437922357435e-02
-1.307973011984112782e-02
-8.011666964368120757e-05
-3.837152791859454342e-05
-2.481088602649030316e-05
-2.626339660264903660e-05
-8.258841672944461278e-04
-1.325695997571196003e-03
-6.722639697941029170e-05
-9.952033463025877075e-03
-2.672263716037130872e-03
-8.219963001812269354e-03
-1.580886005980434647e-02
-1.339646122348068201e-02
-7.706471732420862406e-05
-4.055908754824067287e-05
-2.326534362465707787e-05
-2.566707847228235262e-05
-8.160991385211541086e-04
-1.332034354981272194e-03
-3.756702519222078745e-03
-2.640239675524670357e-02
-1.164691855617787548e-02
-3.322697918611655058e-04
-1.845830745165415177e-02
-7.587557775512289784e-03
-3.178725572553382637e-05
-1.604370101462334583e-05
1.100579053820699444e-05
1.089793053529329426e-05
-3.602640564022590620e-04
-1.840652295276541412e-03
-3.023729027108669476e-02
-3.525411070726662544e-02
-1.075273090014404638e-02
-2.336409368960074527e-03
-1.840205646943643067e-02
-2.200935516111693531e-03
2.955495774543155680e-06
-2.229917765549837284e-05
3.075695516797847227e-05
5.107600520588530565e-06
-2.600068801567835194e-04
-1.982929698615252048e-03
-6.054800225822992016e-02
-4.482882198856036338e-02
-9.544644184033146059e-03
-2.741461068690499714e-02
-4.880029404128940519e-03
-1.135653476432245182e-05
-3.568707206641669633e-05
-4.619880751773112982e-05
5.715549408161989367e-05
-6.462033857811684592e-07
-9.905033212253227084e-05
-1.884602857809420696e-03
-3.887286859844758802e-02
-5.053559213406481204e-02
-8.919123676758304933e-03
-1.246589477133171198e-02
9.878800847047891978e-05
-7.051044337085241628e-05
-3.798512063903065574e-05
-2.790991796522050510e-04
4.310802977268940141e-05
-1.981438790871674978e-04
-5.519235740239725820e-05
-1.227816330577774420e-03
-3.571079537784609820e-02
-4.491973239757814790e-02
-1.000049972902936589e-02
-1.147840829363917792e-02
-2.348914193071957945e-05
-4.416107454417258116e-04
-4.834131910219671664e-05
-2.117277904801853107e-04
3.181183609686951801e-05
-1.969490971871531288e-04
-7.461854410698690629e-05
-1.234134694354969150e-03
-2.114831576989943673e-02
-3.228483189382166246e-02
-1.147290996681044409e-02
-4.202074771909684587e-04
-1.018661141726587976e-02
-2.418819029982595403e-03
6.214009280724852651e-08
-1.275600614403722449e-04
-6.245112581046106056e-06
-1.854589326484909874e-04
-3.691130084841986558e-04
-1.312829458056407423e-03
-3.854545286981141562e-03
-1.708781034512218272e-02
-1.760937768895018025e-05
-1.346839932863606003e-02
-1.113057000234402710e-02
-5.803214024857701082e-03
-4.490037927431112918e-05
-7.775746131462820169e-05
-2.147216112002011407e-05
-1.751399424140788951e-04
-6.261398216556165412e-04
-1.365880152737763932e-03
1.263014183235871307e-05
-2.155035543199056234e-04
-1.655381675663046212e-02
-1.648945615834158246e-02
-1.094716894172838122e-02
-8.837446713163037842e-03
-8.290444391677455989e-05
-7.907287795692090001e-05
-6.780442843655289423e-05
-1.332981988419290435e-04
-7.461495088489221873e-04
-1.060016593933450811e-03
6.308496036267698255e-06
-1.739324884220601352e-04
-1.648844130978752848e-02
-1.674722476905431134e-02
-1.068824828253039406e-02
-9.042332114057863995e-03
-7.949322033810052725e-05
-8.742216270946564258e-05
-6.232442361870931967e-05
-1.352957385894746939e-04
-7.180343068169292749e-04
-1.078104626606119941e-03
-3.589983514743134985e-03
-1.683607784518162745e-02
-2.667681450030108103e-05
-1.373147091260613559e-02
-1.089715411061072982e-02
-5.846659494138422598e-03
-4.362466089980083643e-05
-9.557283928216107514e-05
-1.965970189555207214e-05
-1.734604745756098852e-04
-6.277242161403491852e-04
-1.365916002194541212e-03
-2.070261501024417070e-02
-3.172554021785595896e-02
-1.170782346155468771e-02
-3.857768043214889159e-04
-1.014016884580099843e-02
-2.442345131726390926e-03
-1.105628500828158743e-07
-1.549770454436886515e-04
-4.801526543745632028e-06
-1.790192262527814991e-04
-3.832634775498123636e-04
-1.320966529577019847e-03
-3.557694719404475708e-02
-4.476140388826144179e-02
-1.009924773174829780e-02
-1.157199594762647020e-02
8.066031583788209312e-06
-4.326390553977342676e-04
-4.937624679611473646e-05
-2.412913732457388995e-04
3.287987917839129082e-05
-1.927630432175548984e-04
-7.763391785999300063e-05
-1.249723033918187162e-03
-2.253794400606926734e-02
-3.821810363311917841e-02
-7.812583456966828641e-03
-1.385668908908427527e-03
-2.417612529236616743e-03
1.224601004609312234e-05
-1.656511905703161297e-05
8.843113732182976406e-05
-1.027089033089494027e-04
-2.438168630372863552e-04
-1.993874116521833495e-04
-1.039968280181995715e-03
-2.112137075462465138e-02
-3.244492958611578520e-02
-7.911320111900949775e-03
-1.187328821813979579e-03
-2.014599558782186484e-03
4.403869976379812945e-05
-3.789663105001148536e-05
-1.955165689786755249e-05
-1.308072293033397807e-04
-2.384776061849607214e-04
-1.751205837513354006e-04
-1.091846916237126583e-03
-1.259638599593600368e-02
-2.062189939834992505e-02
-3.576686057732554288e-05
-7.846427293908306982e-03
-1.977614428675850827e-03
-1.455146802194034171e-04
-4.555580303346669695e-06
-1.438524090443114476e-04
-4.159750938258864871e-05
-1.945982169946699634e-04
-2.333982235086788811e-04
-1.234081339122497381e-03
-2.998147157789250901e-03
6.655202709327145613e-05
-7.331889771091937118e-03
-1.162724246916745086e-02
-2.187554260498731067e-03
-7.985825082007501916e-04
-9.847494954075006741e-06
-1.254929344227866486e-04
-6.305114388011550742e-05
-1.959066477460562057e-04
-4.534411255913317249e-04
-1.259110577519516501e-03
1.326302270361271851e-04
-9.557072782146643899e-04
-1.550530141694923640e-02
-1.426570340796292150e-02
-2.239481533594913244e-03
-1.689619170989767978e-03
-8.886943103746359443e-05
-1.712821816073795838e-04
-5.076297462527535492e-05
-8.986310698848922482e-05
-9.060613539779276962e-04
-1.183791009597932702e-03
1.068809382239364420e-04
-8.573745172659132021e-04
-1.571594670779517811e-02
-1.409236100293101944e-02
-2.166978745400736320e-03
-1.744853823543092214e-03
-8.298970830418287163e-05
-1.776565225891576789e-04
-6.507573732261077244e-05
-6.843381903414616876e-05
-8.837152580613714037e-04
-1.214372091526363332e-03
-2.914218420832392475e-03
3.875618609918931494e-05
-7.437293896372531958e-03
-1.155284885375012019e-02
-2.130588918178968720e-03
-8.077000400379968524e-04
-8.668979790136601096e-06
-1.416556700363824953e-04
-7.628090828102303332e-05
-1.645379460565151916e-04
-4.709336472891427353e-04
-1.275112223545417757e-03
-1.243272670774077382e-02
-2.061202733663581796e-02
-3.699396471955865615e-05
-7.825632397635817403e-03
-1.944857050709044525e-03
-1.473845966363921170e-04
-4.926271862324546131e-06
-1.646985637948679025e-04
-4.819762385338617925e-05
-1.662243383144480704e-04
-2.499672412839783935e-04
-1.236749091622055307e-03
-2.113155646465647228e-02
-3.240539299385686994e-02
-7.952688205194211740e-03
-1.215475187143001332e-03
-2.000021870652227661e-03
4.259434060213276678e-05
-3.805058557488457847e-05
-3.616401071529548036e-05
-1.332011681050190280e-04
-2.191732146256299824e-04
-1.795687254722626530e-04
-1.094202969171990340e-03
-1.215429603321555550e-02
-1.586450827151025117e-02
1.892874354898933385e-04
-2.026308180794318421e-03
2.594231438829907536e-03
-4.148535040927493344e-04
9.509187032400001058e-06
2.341648081468089429e-04
-4.078613341971521877e-04
-2.101569706605515815e-04
-1.924066643157360749e-04
-6.595732679325315168e-04
-1.258810511190759304e-02
-1.773787219511390595e-02
-9.119376414358836089e-04
-4.255929795788711278e-03
2.809959823772696218e-03
-1.999646826103707465e-04
7.850737888417003924e-06
2.060439640034490531e-04
-3.677356451748629179e-04
-1.566919927094205338e-04
-2.071364371470007441e-04
-7.270022231344944186e-04
-7.626541414477291600e-03
-6.229507938627221533e-03
1.129061799593254886e-03
-5.764586728627905769e-03
2.481818612455867490e-03
2.052630390614936125e-04
1.472154238052209543e-05
1.410159076831606257e-04
-1.690541471909563613e-04
-4.565379093223916865e-05
-2.304329138789794416e-04
-8.940376534520264084e-04
-1.836332409533870339e-03
-1.500124719413774678e-03
-8.489940644079065762e-03
-6.754144399845826707e-03
1.984488731003550190e-03
5.687659419484810677e-04
-1.697742671761302030e-05
3.880176418956682056e-05
-8.499929385709777086e-05
-2.734532075429673624e-05
-2.436454065429971994e-04
-9.374030225761802474e-04
2.014989566850799931e-04
-8.751709226851149288e-04
-8.664463242810921395e-03
-7.590021457694568624e-03
1.427817017559083372e-03
1.026150592712211538e-03
-1.119725298955154648e-04
-1.766719669156886188e-04
-7.764226082895398873e-05
-1.899603694007224647e-05
-4.444593614932521833e-04
-7.625978204690131001e-04
1.789357562584912350e-04
-8.021334444852250061e-04
-8.771811898343260042e-03
-7.577910405839803805e-03
1.486121568881893602e-03
9.941848680849354851e-04
-1.502435987672331606e-04
-1.056239435673393353e-04
-8.451537995918535751e-05
-8.982524822942264454e-06
-4.338311361832369699e-04
-7.788091720792876581e-04
-1.749599650134266420e-03
-1.342194423558284262e-03
-8.403067644198795177e-03
-6.631926845112262082e-03
2.031401113402512594e-03
5.543703272822090309e-04
-2.252053947589839272e-05
8.513281226773447552e-05
-1.002480245132922543e-04
-1.423508571662390980e-05
-2.369129355953426385e-04
-9.491064595107681027e-04
-7.631807270074536520e-03
-6.675059817711601236e-03
1.030870587631795357e-03
-5.652663107340220525e-03
2.501766632578171588e-03
2.032058822951658314e-04
2.087139312007060211e-05
1.564851498536919182e-04
-2.087296175332870388e-04
-3.506388513623212442e-05
-2.292527813027271254e-04
-8.897489181334814531e-04
-1.270868755009775704e-02
-1.840495438218127389e-02
-8.807888235324909778e-04
-4.196577327041981116e-03
2.829553617414869941e-03
-2.203428459145417005e-04
1.191183788369545674e-05
2.100198042261605029e-04
-4.113762980772759964e-04
-1.454114795768635668e-04
-2.074836676453099469e-04
-7.316621538250819064e-04
4.758035842025873591e-04
-1.214356873505685846e-04
8.272300768422038032e-05
7.911832151482108423e-05
-4.965788439645435433e-05
-6.664744063206832245e-05
-9.863251928435864705e-07
2.349483523260779170e-06
-8.449539971425504880e-06
-1.571579379559832839e-06
-1.115881218649313469e-05
-2.208982406257476699e-06
-1.274398370840804887e-04
3.923026879804501960e-04
-1.797128887551227225e-04
6.655065819359483304e-05
-6.203072650245071505e-05
-7.596054389915673566e-05
2.754066654499174703e-06
-5.720591929061252093e-06
-1.064499085876190213e-05
-2.797389331030171359e-07
-2.515439516723949013e-05
-1.176605264662596100e-06
-2.114336590310085236e-04
-1.275750970591814902e-04
3.555571061041423427e-04
6.327260323054244892e-05
-9.369435918966827128e-05
8.581133079112978062e-05
-1.511870524317030132e-06
-2.266234372858922584e-05
-2.310644830766057852e-05
1.857526545283991775e-06
-3.069873120961303133e-06
1.490881320528351826e-06
-1.646025407558143066e-04
-5.021795406175034185e-05
1.283895162674093230e-04
1.158710584464620416e-04
-1.198906632740406094e-04
-6.675409057032091323e-06
4.176046988507639659e-06
-6.062933534919257304e-05
1.063606599661757046e-05
-6.972215898348971217e-07
-1.525859602074590258e-05
2.871664174944249275e-06
1.745855626669089045e-05
2.628678419394771910e-05
-2.414752026441261171e-04
1.249380955576182982e-04
-5.745349525233533767e-05
2.611751774422554816e-05
4.747695080421566506e-05
-8.805126535797619413e-05
5.869673334488896976e-07
-5.748651358512668874e-06
-1.676717846878676696e-05
1.462245474324675300e-06
1.184209362566638786e-07
2.761349641674550387e-05
1.401228551053523418e-04
-3.788413732868889080e-04
2.918096417075101588e-05
-1.074448116983133741e-05
-5.043668057450620499e-05
1.030273776309163254e-04
-1.169471472351755594e-05
2.964214053838507537e-06
2.248583070460961843e-05
-8.214360237108512693e-06
4.494108605227342278e-05
5.952026929610201199e-05
2.320647201313098687e-04
-1.320435658494366522e-04
7.278545175702305441e-05
-2.099425179281894823e-05
-1.067210592221031569e-06
7.770919448111388212e-05
-6.190635105827498081e-06
-2.758116442339671264e-06
3.056600436904907979e-05
4.775452627097402916e-07
-5.420504804426555377e-05
1.935250269822309311e-04
1.067602239542575515e-04
6.322055007005098577e-05
-1.331682422297888052e-05
1.217138869709349908e-04
-2.594502662438517553e-07
3.906118060794552777e-05
-5.277631479056866355e-05
-6.934914684019053784e-06
3.221231152152466371e-05
1.717845831872150821e-07
-6.630281989974378910e-06
-1.165368618615342857e-04
1.506278858192802250e-04
1.009303099063666256e-04
2.030197318548946668e-06
-3.763399585654181924e-05
1.106185111351609075e-06
2.444844800567103047e-05
-2.804271750661318220e-05
-4.727371139101906813e-06
7.381497543429078572e-06
-2.047507566226767562e-07
1.197576409387827480e-02
1.657388710254284470e-02
-1.982357282995663274e-04
2.161491568436587057e-03
-2.640246991864943216e-03
3.326249867713707291e-04
-1.404974693287834005e-05
-2.182847563759609817e-04
3.919141848489693988e-04
1.924082253257416585e-04
1.918719039099618879e-04
6.650340501417890526e-04
1.264651835786767715e-02
1.898737517212172390e-02
9.068437423636545487e-04
4.452006560241458799e-03
-2.852817464094726738e-03
7.947517429307149209e-05
-1.880452071285397086e-06
-2.034999401450949099e-04
3.938913544219568440e-04
1.384677816355325310e-04
2.167399919592819402e-04
7.267087136176639392e-04
7.368485958815577420e-03
7.116910293991512287e-03
-1.038139036412906533e-03
5.876503777779004331e-03
-2.557589648816404552e-03
-2.096549083707814891e-04
-1.614267693961820693e-05
-1.512277374804951908e-04
1.631999462257104636e-04
4.564586878395201364e-05
2.407645287186502422e-04
8.695217895002398676e-04
1.653297598820905158e-03
1.378217867293408472e-03
8.261841891258121795e-03
6.838374819540001329e-03
-2.087332281194309060e-03
-5.731675794158298462e-04
2.094332839214666921e-05
-7.079261893832281731e-05
9.722743099941949952e-05
2.535969471714908527e-05
2.528639788952794323e-04
9.131655289094090704e-04
-1.509874315526474277e-04
7.813291571606075393e-04
8.452779160892336455e-03
7.895211905555862136e-03
-1.544656344679734344e-03
-1.002526234638465019e-03
1.749494055076498739e-04
1.063005222586220727e-04
6.233874694574916117e-05
2.644326904949013265e-05
4.454886278300644272e-04
7.624110957805359029e-04
-1.990854982918730367e-04
9.087507775341987538e-04
8.833758834790435277e-03
7.572398663758375670e-03
-1.423765152042796986e-03
-1.071570652952125082e-03
1.314274784155089915e-04
1.980893545868834084e-04
9.723188814099785698e-05
-7.617423726912190106e-06
4.306253577344395286e-04
7.718692966699095643e-04
1.814523675808249383e-03
1.496931491593789286e-03
8.833938832322025050e-03
6.774100930628744119e-03
-1.991989948303086230e-03
-5.970573625609271488e-04
1.770483484232652724e-05
8.892235780013254320e-06
1.168089544557197380e-04
6.603823073900944410e-06
2.537972941843084744e-04
9.241272777427740484e-04
7.505778216154476538e-03
6.548766418654573818e-03
-1.222558042032949712e-03
5.816727531121303023e-03
-2.500987601055578661e-03
-2.393551025024364038e-04
-1.924574121587230622e-05
-1.115915196351752170e-04
1.614246947844413425e-04
4.580135537458656020e-05
2.534822737652108284e-04
8.934516932454798690e-04
1.253295346658562202e-02
1.845134965244149203e-02
8.945622059279241317e-04
4.327926091795387432e-03
-2.815355552822459105e-03
6.243222676982764863e-05
-8.812992783875033231e-06
-1.863239834810386441e-04
3.824895046566205458e-04
1.480945595928321776e-04
2.268227103387487095e-04
7.357519807229226686e-04
2.262431611595469225e-02
3.892603046602113176e-02
8.009008396077741537e-03
1.354393383585822787e-03
2.396080156362935705e-03
-1.884775653287491776e-05
1.854267334155308721e-05
-6.847710505172049824e-05
1.104993365535607232e-04
2.560867740483609850e-04
1.880704714571621353e-04
1.032620887572849137e-03
2.116984136795664259e-02
3.301610507001920269e-02
8.150959363009902675e-03
1.228358704991371628e-03
1.992016528510985509e-03
-4.889861798699341160e-05
4.489474228934851868e-05
5.690342242079220717e-05
1.657769112160909647e-04
2.543190468939314757e-04
1.813628639415443516e-04
1.099310111192971107e-03
1.254697572569092069e-02
2.134065900864207804e-02
3.780517068862701839e-05
7.989041810473171759e-03
1.974146940900998581e-03
1.588008218746251980e-04
6.953160504065829351e-06
1.623730838997103929e-04
4.907261602546521089e-05
1.946419075701681157e-04
2.339157342200315196e-04
1.234542285491866407e-03
2.932457697934501718e-03
-3.910630389568754143e-06
6.983209996564177305e-03
1.172230895462292311e-02
2.177159143273343835e-03
8.443549689538205677e-04
7.012743899771153939e-06
1.441177648919183879e-04
7.007297079042493855e-05
1.758786088668607371e-04
4.833098515181572723e-04
1.227346512627258820e-03
-1.076731961118760305e-04
8.547126689564816648e-04
1.570600454744763841e-02
1.408104082874310839e-02
2.264621681117308469e-03
1.770982329283343802e-03
7.859873811752364026e-05
1.926102418868912819e-04
7.085744174002420106e-05
9.432523109592031579e-05
8.930278351051413026e-04
1.170811958814963090e-03
-1.448065806013197707e-04
9.739400024849432028e-04
1.576518795531297451e-02
1.422674362902062208e-02
2.242394044315079802e-03
1.778575068326284855e-03
9.265431317805205192e-05
1.818599564829787387e-04
8.164279066907199217e-05
9.142151246744950263e-05
8.983406213152868389e-04
1.183375337576867683e-03
2.984422747447930402e-03
-5.222481202001826977e-05
7.059301086311582478e-03
1.188227796060345454e-02
2.166016749394373588e-03
8.445105008248573108e-04
1.137088137580957518e-05
1.356633144079120101e-04
7.977858166170940612e-05
1.811912210637762327e-04
4.822811535890190928e-04
1.266347323632175228e-03
1.235015962502696366e-02
2.150089830764582641e-02
3.696338282379830152e-05
8.108593237388229610e-03
1.964672013060172074e-03
1.609539460096916187e-04
3.815781766136726457e-06
1.611633741503584293e-04
5.496747380446174010e-05
1.970180473841912734e-04
2.365471698913975643e-04
1.272408327542693101e-03
2.085633943819103012e-02
3.395217895563279464e-02
8.162493067709393479e-03
1.197384429593070006e-03
1.993754660865914002e-03
-4.979524867664027443e-05
4.109721438187675588e-05
5.943443595752353369e-05
1.740009728568436419e-04
2.592126818992925496e-04
1.861075227683881201e-04
1.108130442875273269e-03
3.876919477617350035e-02
5.070324939417509419e-02
8.838609072561804531e-03
1.242238618640901203e-02
-1.024215364214224323e-04
5.749914827970899970e-05
4.358446961670580793e-05
3.095541787018840445e-04
-3.652549403327143193e-05
1.956822558478309051e-04
4.361559986514829205e-05
1.175226147564872783e-03
3.545637879315865354e-02
4.491271786157267215e-02
9.933961622080482445e-03
1.146860516835921523e-02
7.258926959926206954e-06
4.369324937139643073e-04
4.917478955899868079e-05
2.484898840566179628e-04
-2.011804844253817475e-05
1.994133392291213929e-04
7.057793221232546582e-05
1.209391150989147599e-03
2.093261755255257719e-02
3.179541409655282924e-02
1.152424265041279532e-02
4.326356234934147283e-04
1.016231761997916233e-02
2.453503994572097530e-03
4.246427882197008893e-07
1.564948034344689344e-04
4.899889508679095893e-06
1.876492598469815972e-04
3.745367795580678582e-04
1.282994098499966188e-03
3.628442736394626653e-03
1.720335760262848082e-02
3.619312961613193198e-05
1.366455501564697340e-02
1.100034613694972699e-02
5.917154991212624122e-03
4.043074305367096535e-05
1.032509546421854545e-04
2.225784964129374989e-05
1.757867961572333077e-04
6.172558907484493231e-04
1.343776015695340078e-03
-7.532672481420126984e-06
1.574053467749721017e-04
1.636941305352701548e-02
1.656313986507217118e-02
1.102708807480509007e-02
9.034095696733928163e-03
6.779263472301358666e-05
9.562477660684555458e-05
6.611072006029155971e-05
1.380054088191081415e-04
7.061838238040275828e-04
1.081617795808199282e-03
-1.220726529364672256e-05
1.997795715931879824e-04
1.643932788434337988e-02
1.644462625853850696e-02
1.112241099224338219e-02
8.908864107086616330e-03
8.778773798023638730e-05
7.286265555066065208e-05
6.792175525491274369e-05
1.416961869062143757e-04
7.220946407589811950e-04
1.095367812640044751e-03
3.693373376528276669e-03
1.726988010827605266e-02
2.573432400183397632e-05
1.359391999487038344e-02
1.110963293784298332e-02
5.839127064491838465e-03
4.830808771130084070e-05
8.039736335311267648e-05
2.420809547195106694e-05
1.829195501306708099e-04
6.214967299635791934e-04
1.380022170661044170e-03
2.068485385797493720e-02
3.249068951035799513e-02
1.144096612824359142e-02
4.365904998894538252e-04
1.019347841192191038e-02
2.441124590464637065e-03
-7.607549918748694995e-07
1.318054414860495168e-04
6.276467135823571686e-06
1.901031630370468410e-04
3.703838444291598507e-04
1.301022999706394475e-03
3.517837678074027530e-02
4.538117937157624959e-02
9.843465760568550008e-03
1.141502959907379593e-02
2.848564852935364877e-05
4.479005507658696426e-04
4.677531669615627043e-05
2.326667787047256993e-04
-2.114986116395467769e-05
1.952571955685602383e-04
7.417864998129858149e-05
1.218171308562169836e-03
6.328474543869934410e-02
4.575232376703682047e-02
8.916401173701737903e-03
3.072492790507016375e-02
8.925496667026367945e-03
1.863867009750523097e-04
6.314527842789660280e-05
8.953883895746961243e-05
-1.034502407801320730e-04
5.909402900272801837e-06
4.165813225390064775e-05
1.720793977545934583e-03
5.960057394992770985e-02
4.547833434859076263e-02
9.470593074264307618e-03
2.753510480058160917e-02
5.028574460556625020e-03
8.513269558421615927e-06
3.519376065338892910e-05
5.174198309268510348e-05
-6.380175676634093889e-05
-3.649179997217542525e-06
9.158909296548138927e-05
1.862302902014711979e-03
3.050412302471271556e-02
3.493649611356484247e-02
1.073772829302539235e-02
2.354386879797571146e-03
1.840098590475424886e-02
2.178138794495427816e-03
-3.142891380588829013e-06
2.404225263500902725e-05
-3.050346221803670215e-05
-2.877322220486557846e-06
2.610801085004456215e-04
1.988473295657097045e-03
3.940677235265462562e-03
2.649035324697951790e-02
1.153449727308422483e-02
3.673387577522149641e-04
1.850251454730231226e-02
7.777378805650536457e-03
2.948593249173797688e-05
1.710333307728541011e-05
-1.108153032233404713e-05
-1.022101103827772820e-05
3.631612450046777072e-04
1.824357894815920337e-03
7.900416515976693016e-05
9.991870344327594133e-03
2.667634300900243848e-03
8.181878388316693104e-03
1.573572245757412849e-02
1.356591669646493858e-02
7.158952985735846412e-05
4.050065044493906841e-05
2.381095377696277110e-05
3.038635246812039820e-05
8.087265915892096488e-04
1.334079407000108913e-03
9.213936623611523955e-05
1.008893941107182057e-02
2.689436943881513224e-03
7.955187016455101887e-03
1.622204905357220797e-02
1.311840060271590030e-02
8.146776070739826156e-05
3.440826857628732211e-05
2.656745326901462906e-05
2.851457608748878025e-05
8.195670150034462887e-04
1.336091577187509781e-03
4.152562549272475860e-03
2.751705765517816621e-02
1.126921325986744368e-02
3.844226204340838696e-04
1.882062533914213159e-02
7.491405633784352716e-03
3.456309592565881528e-05
1.200273736516824551e-05
-1.232517494285042289e-05
-1.388743995976101507e-05
3.655131256474894105e-04
1.846170753416005641e-03
3.111875375733046470e-02
3.565992849079801380e-02
1.046693964187876170e-02
2.216606230811768007e-03
1.824850990269742332e-02
2.050282211960760201e-03
-3.832773830374048166e-06
1.445917802514980095e-05
-3.174772717792438817e-05
-6.273586887792261183e-06
2.670637219599281478e-04
1.997879561093567156e-03
5.999551544396026365e-02
4.516397380152814556e-02
9.334673482638534969e-03
2.734514562972894733e-02
4.821677399894474213e-03
7.409096569695500473e-08
3.492614470396347638e-05
3.775981366517062933e-05
-6.389846788848310211e-05
-5.676826912396297718e-06
9.389278879117697618e-05
1.859673858295625383e-03
7.615332196425532441e-02
8.906397327296144972e-02
9.462057144261376562e-03
6.846756927747185695e-02
2.222705660406924105e-02
7.822744375012942106e-04
3.991547497785884256e-05
-1.927327687373833580e-04
-7.884647042238542307e-06
-2.038050674438230731e-05
-1.492243174307617633e-05
5.114853427571945882e-04
8.118110835779125678e-02
7.408271773538713245e-02
9.909800700802780249e-03
5.604551027111543543e-02
1.930755491633056112e-02
2.769993601886175339e-04
1.513927461069987543e-05
-2.071767316719917078e-04
3.232721487513420656e-06
5.000474887839290942e-06
9.738703328101168931e-05
6.523736594032734492e-04
3.456895405814465472e-02
4.872607831966465491e-02
1.162819182070578584e-02
3.897119855461541466e-02
1.163017294090965860e-02
2.204956600729593669e-04
-1.073887380932601279e-05
-1.514272371581555665e-04
5.119619519010336604e-06
-2.305538317596369480e-05
1.536087178296456971e-04
9.936274107449373765e-04
4.649685924440021684e-03
2.816336008278810810e-02
1.422852394600231281e-02
4.815028930527785744e-03
2.657705310657899195e-02
3.781163368894026149e-03
-1.219040315710286253e-05
-1.710004785376341091e-05
-1.979860423547186073e-05
-1.911208121221858656e-05
2.915227266110490575e-04
1.285701651594451994e-03
1.315779898814304488e-02
4.722076579464225266e-03
1.337754608724402855e-02
2.016934146533891966e-03
1.443388372092444319e-02
9.546166891035287247e-03
-1.606951007842219974e-05
-7.923703096468734746e-06
-2.866759479448521874e-05
-1.945796144195398704e-06
7.096073204631068001e-04
1.118826980305138129e-03
1.348496399231647984e-02
4.642442349190118757e-03
1.328532080191654162e-02
2.089326968898535912e-03
1.495608258908330025e-02
9.093850660581642015e-03
-1.733716837663675051e-05
-7.318401709530300487e-06
-2.929601421147528411e-05
-9.043043640963597577e-07
7.119628729117727156e-04
1.124406093236164552e-03
5.058058642668582239e-03
2.848625771518291036e-02
1.390091579344597365e-02
4.692277785375211820e-03
2.702708716164423444e-02
3.595502396053329875e-03
-1.386081300039158509e-05
-1.939879094226065073e-05
-2.132431750913273260e-05
-1.505213173687888328e-05
2.923261712872955243e-04
1.311736283374199735e-03
3.649090357930876577e-02
4.869964424160579813e-02
1.144493232239931005e-02
3.889149607078499354e-02
1.132160920994437943e-02
1.819090094306926729e-04
-1.177242557279673290e-05
-1.532944501764361403e-04
7.009476991786723825e-06
-1.907805298735712620e-05
1.537819517911555983e-04
1.007648963554632878e-03
8.671908275498814433e-02
7.493610386461450890e-02
9.894760474975153666e-03
5.569739083488747106e-02
1.899161368924818724e-02
2.977913987325758694e-04
1.536231537249874881e-05
-2.054672535327037590e-04
3.542357692945727118e-06
3.334138979819097825e-06
9.792153241665035857e-05
6.569055635640647182e-04
3.171979944671993179e-01
2.528422064796035373e-01
3.120070015784938700e-01
8.106570271803189773e-03
3.885463435281576866e-02
5.406502034610881965e-04
1.516154261134441260e-06
-1.962802501135806215e-06
1.514191251084627240e-06
6.053727908663792117e-05
-4.900566733581899414e-06
4.632135063326001459e-03
1.839288752381828818e-01
2.362271119424812771e-01
2.025882109560208921e-01
8.516522436134240162e-03
4.179979956711210587e-02
4.666301893601553733e-04
9.502558006420089171e-06
-1.501760799331468724e-06
1.722901099605749807e-06
5.483918055626346391e-05
5.990174088908690034e-06
2.769358470302023863e-03
1.091459526043478817e-01
2.629490582836411031e-02
1.314325040499140507e-01
1.021481193267859827e-02
4.807388039783869887e-02
3.164661188270159373e-04
5.917192033600244893e-05
8.716263052556421937e-09
7.075311082559323608e-07
2.670016464495384109e-05
1.851281975005751934e-05
5.619934921557679600e-04
4.517497145749689580e-02
1.239875225408007542e-02
1.278398724465601606e-02
4.330591974049909088e-02
3.390426991061121220e-02
-2.828552473157723823e-05
1.578424514634511307e-06
2.072913387288219533e-05
1.161630840217410153e-06
-1.841350635295028302e-05
6.334230835342688948e-05
1.739060201490415504e-06
2.609736285151729313e-02
1.827306516489835692e-02
2.457127499815764740e-02
3.535340263396942462e-02
4.109484035622888373e-03
2.725213923602734642e-04
4.028751912907422500e-06
2.942989385674890398e-06
-2.151562162463507394e-05
-4.702955595543826828e-05
1.462921690321775114e-04
9.512706766857496616e-05
2.597022513881535807e-02
1.833181939181480896e-02
2.469753341412389211e-02
3.494572638468990827e-02
4.476114341572174846e-03
2.567795614946158877e-04
3.851250924995806809e-06
3.457636882904144040e-06
-2.697913543627098021e-05
-3.737057408841842849e-05
1.490766413205429702e-04
9.643052042179761250e-05
4.492718867564201440e-02
1.261082923081298900e-02
1.281989813442026456e-02
4.254610716504950846e-02
3.476543125390922639e-02
-1.873973387401506975e-05
1.505082073478363422e-06
2.456100156441374694e-05
1.679855178506973188e-06
-1.606875169908575151e-05
6.391511952385420692e-05
2.140226421329384731e-06
1.104010336787432517e-01
2.754389633089090322e-02
1.356252248222957757e-01
1.012081423929001717e-02
4.745470278481080106e-02
3.219422558955568892e-04
6.475674072789539047e-05
9.043716203316508185e-09
1.235344292552713775e-06
2.689700753989161363e-05
1.935508339729301856e-05
5.884399183747470808e-04
1.900666183551074084e-01
2.408029021920076174e-01
2.035140213001898346e-01
8.419956390964031256e-03
4.169206309437500230e-02
4.725858268313544983e-04
8.604809474355920313e-06
-1.600033874741616506e-06
1.825933866405943916e-06
6.510496333251169392e-05
4.819999908816828280e-06
2.839982591489158444e-03
5.624192648850906244e-03
1.644845120446386880e-02
2.480864409161270129e-03
-4.023869734395956604e-04
3.603727611966362388e-04
-3.611627154488410358e-05
1.278038216683053789e-07
2.268584464473980310e-06
-1.709784529991409309e-06
-8.865723046408425357e-06
-2.671965091192703910e-06
2.477359825092507279e-04
4.452138504916190037e-03
6.707258031599936873e-03
1.557187484063397897e-03
-9.573386260712769488e-05
2.032432953942935310e-04
-2.179137992012960225e-05
-4.088446905089931078e-06
-4.416611681912528616e-06
-9.325747427888739065e-07
3.809888929826727990e-06
-4.117038265524236346e-07
1.076805777102982286e-05
1.104839397326021243e-04
-5.245582974729558288e-04
-8.306850103053054976e-04
-2.361566181753361698e-05
8.095307507957075698e-05
-2.555463336396226256e-06
-1.955868443921023995e-06
3.905749509861669024e-08
2.169617582866081062e-07
1.875568828675602680e-06
4.682714662552317261e-06
3.632824657934038975e-05
-1.976332445919830056e-03
-1.020243500890778422e-04
-2.956087887156541951e-04
-2.361958178210345238e-04
1.705364109168692923e-04
-1.364782651458064304e-06
1.544572003217672624e-06
-1.644113151245815597e-07
5.093034940309431821e-07
-3.624634653198735333e-06
-8.216152931508790073e-07
2.279924184758448157e-06
-7.528170359573867253e-04
-7.022454077866467549e-06
-5.278204986344284640e-05
-1.360357860630194795e-04
-8.854926306799929155e-05
1.783972746720187025e-06
2.950909399456160900e-07
-1.993091303497031870e-07
3.330839951806770210e-06
2.722764969845715688e-06
-6.080568037863898914e-06
-8.755995085658873432e-06
7.408077539816590462e-05
-3.604350339688122337e-04
-5.715563609972402126e-04
5.266762751799426451e-04
6.814283522508206162e-05
-2.093214362088544942e-06
2.024760803905412610e-07
8.418450844869703511e-07
2.521037485478934038e-06
1.319434313323564553e-06
-7.043088961298142509e-06
-1.075526746145612956e-05
7.557105470099403140e-04
-3.635569093218426909e-05
-2.915264571154515161e-04
5.704202889435141654e-04
7.389034046393940230e-05
-1.124609675647662828e-06
-1.658961724868841909e-06
2.109968332062881937e-08
1.236107782589292862e-06
-5.093193118701686775e-06
-4.163071551808231039e-06
6.230394119916841214e-06
2.619880257663897375e-03
5.469039849513877621e-04
-8.010240803350517688e-04
-4.439737698574719335e-05
8.304739892698399578e-04
1.205214613540605695e-05
-5.217656968859030113e-06
4.749515308271779900e-06
-6.016400059853369611e-07
-3.941249086669605198e-07
5.198633720336263616e-07
6.216330438154180256e-05
6.732604663725202075e-03
9.432335239571966456e-03
1.273660987679730563e-03
-3.375729051028903273e-04
5.558757184980910471e-04
-9.091851705200013886e-06
-4.946568082911506812e-06
4.203080329513704885e-06
-2.104001265696515540e-06
-2.353673915732723567e-07
-1.767436592520722373e-06
5.910168713405018206e-05
-2.794936558034765151e-01
-2.518268533138443566e-01
-3.074350230537294948e-01
-8.058099446344264491e-03
-3.802441267351721471e-02
-5.776651668448483682e-04
-1.515416332745928218e-06
1.864991128824570840e-06
-2.369443862917811233e-06
-4.821813640818728826e-05
4.293220270139497729e-06
-4.905879215889259737e-03
-1.848503407293093093e-01
-2.221689979335857990e-01
-1.993204910578074696e-01
-8.304307920011704328e-03
-4.066262400531298060e-02
-4.716854702870500334e-04
-1.245851734255220686e-05
1.855238272555698678e-06
-4.039003456210777835e-06
-4.494196920460531415e-05
-7.052024386585994057e-06
-2.832641357761807050e-03
-1.052446204136576607e-01
-2.784640745100973314e-02
-1.347733262626162887e-01
-9.857913858654783826e-03
-4.702053540759387751e-02
-3.281732648449942058e-04
-6.751870616424231523e-05
-1.111809921538626669e-08
-3.542643891243754744e-06
-1.108397816536754579e-06
-1.187642586778621539e-05
-5.777720193317004626e-04
-4.329293676857926682e-02
-1.294894257208151732e-02
-1.244169841407386998e-02
-4.332708988896610131e-02
-3.580650152802289377e-02
2.374664787702946968e-05
-1.555452422434274606e-06
-2.487285219743711436e-05
-3.024304253034222320e-06
3.474835316869070328e-05
-6.579090059263648191e-05
-1.435284014746700916e-06
-2.493260942233983812e-02
-1.800933369767397652e-02
-2.476744661540257811e-02
-3.497795072381793685e-02
-4.458779822154149836e-03
-2.672504900456431341e-04
-3.217517875770742221e-06
-3.643038790612387451e-06
3.072211744342933222e-05
4.343630543664626681e-05
-1.628725605148328938e-04
-1.134610308013739467e-04
-2.563958708546580992e-02
-1.792030305468889084e-02
-2.429921282755671472e-02
-3.458711469683851264e-02
-4.128201533869915035e-03
-2.907278090455125605e-04
-3.451980831362690371e-06
-2.349647296340431394e-06
2.665359511769109253e-05
4.725069347436814976e-05
-1.638591289797566755e-04
-1.137052356482529147e-04
-4.432944012142856632e-02
-1.235701392118874510e-02
-1.255638458535518649e-02
-4.278092245871623067e-02
-3.468446686372513715e-02
3.216257764910427134e-05
-1.616201153020000705e-06
-2.202391026563348792e-05
-1.172496785050795383e-06
3.122626025588771834e-05
-6.898940659795700387e-05
-8.729066767096202862e-07
-1.068947612001105718e-01
-2.797872450214804879e-02
-1.322873291747770907e-01
-9.977331771772885924e-03
-4.683941945559871173e-02
-3.235329368806649721e-04
-5.927697370571271803e-05
-9.378558686991351464e-09
-1.522123458623659742e-06
-4.105484420966615086e-06
-1.625863904537034116e-05
-5.725640009619875582e-04
-1.862445772046411041e-01
-2.228692930234021652e-01
-1.978006822562942968e-01
-8.435098895504930874e-03
-4.058041175267911721e-02
-4.654044071435036356e-04
-9.777282590012965663e-06
1.450236691725469223e-06
-2.755677765278522494e-06
-4.516087778745964994e-05
-9.420717384765798068e-06
-2.857516399022724633e-03
-1.829531772668718526e-01
-1.812519905188588187e-01
-2.284862573269126340e-01
-1.194312061855976048e-02
-3.286686976366606089e-02
-7.076884682866732643e-04
-9.096131355532759540e-06
8.281513459077560313e-05
-2.745372892951259517e-05
5.228313442118077070e-05
-3.209585086626507123e-06
-7.638641256257472758e-04
-1.682793378450825883e-01
-1.458051347929887609e-01
-1.623402124557530024e-01
-1.269610391275081095e-02
-3.333876132162610917e-02
-7.065199024163786728e-04
2.898460190921311678e-07
9.639006600980267597e-05
-4.225557574076027774e-05
5.043029216173612546e-05
-4.133086508258363735e-05
-3.552645027145783451e-04
-3.359244455157002485e-02
-8.408741910919131923e-02
-1.409921167815132714e-02
-9.593476871814148044e-02
-3.247727312290464574e-02
-1.931137262772143054e-04
-4.187309792538348378e-05
7.811858201503793010e-05
-1.350780483342290040e-05
2.324704781674084145e-05
-3.103760991370431362e-05
-2.406320907872924916e-06
-3.700560758080585072e-02
-1.064970942679481850e-02
-1.814817689710904874e-02
-2.812926420408533301e-02
-4.094463476464145490e-02
-3.677644867112966296e-05
-1.535676891378894964e-05
1.568477331939589604e-05
-1.689080479472179865e-06
6.773897531052874442e-05
-1.491799225194221973e-04
-1.706665149753602969e-04
-3.214970861404604918e-02
-1.760548726625642962e-02
-1.268077744897779142e-02
-1.761947668629514074e-02
-1.039964812405171773e-02
-1.476280801425322326e-03
3.202391389654014924e-06
7.942580663596987800e-07
-1.609046205860309365e-07
2.411308631471077469e-05
-3.788363255717372294e-04
-4.435888409559513826e-04
-3.198574160789787596e-02
-1.744004435235630562e-02
-1.271786361370586156e-02
-1.754432381772136687e-02
-9.888601836030203734e-03
-1.542738794749450807e-03
2.886108835447479628e-06
1.183854520330091269e-06
-4.351152132050160074e-07
2.970034802102169979e-05
-3.723583139197484196e-04
-4.521362240398148127e-04
-3.752352130756374249e-02
-9.649657871488696165e-03
-1.813113834873431029e-02
-2.811130155774915415e-02
-3.931604877689651861e-02
-3.925131939384586500e-05
-1.370045564827594343e-05
1.774159826247272945e-05
-1.073619801983118657e-06
7.129261433630038525e-05
-1.513438259689278470e-04
-1.775096636020273436e-04
-3.297483481833378416e-02
-8.238150837195290510e-02
-1.393661620380427096e-02
-9.321385320476274772e-02
-3.261343532271546858e-02
-1.876403804029081336e-04
-3.587413119810208104e-05
7.954360747306061759e-05
-9.499417322574114694e-06
2.833813118213144048e-05
-3.538478932541291812e-05
-2.107656466083398023e-06
-1.610050544790500859e-01
-1.442623849712437734e-01
-1.603632966553144856e-01
-1.256842807494604544e-02
-3.338989981315904076e-02
-7.145846779485474400e-04
1.228126734104954937e-06
9.605463441392997142e-05
-4.058765134935952886e-05
5.755387645801184873e-05
-4.442493039575563714e-05
-3.582250766307964280e-04
-8.222666576078523082e-02
-1.094989469831170320e-01
-6.141700413523183688e-02
-1.088326465488429796e-02
-1.946335704564936681e-02
-8.122878591508608847e-04
-3.087755528298034575e-05
-1.344377784026255058e-04
-6.726577930296895517e-06
1.055646312308579323e-05
-2.725955599863457137e-05
-2.516162793640196811e-04
-8.560006398929156934e-02
-9.616465087907852261e-02
-1.306944118575365660e-02
-5.679489763168386884e-02
-1.750833140843264038e-02
-3.612825549415756444e-04
-5.357317770880768809e-06
-1.359801252686575982e-04
-1.670840316479247134e-05
-1.779179697541176156e-05
-1.173196513104498879e-04
-3.607270468874330949e-04
-3.162236352492057284e-02
-6.880956234038260177e-02
-1.501847166635270937e-02
-3.650644290562000960e-02
-1.211508957134812582e-02
1.326096845823950481e-05
-2.156477840274662649e-05
-9.777982897595849905e-06
-1.567499376975760804e-04
4.703870081002869929e-06
-1.027879123282309507e-04
-6.915347723445148913e-04
-2.970856702250595800e-03
-4.690582103674403175e-02
-2.006875014058378051e-02
-5.978302227475598696e-03
-2.211301409172472879e-02
-1.641230474009132108e-03
-7.736265410769812298e-05
1.383916162860685181e-06
-1.064852677168383164e-04
1.110695645582316084e-05
-2.746103140767258374e-04
-1.042358626834899915e-03
-8.542069003239442359e-04
-3.432327451971888682e-02
-2.516886094115154682e-02
-2.607045841820172707e-03
-1.043247856210223479e-02
-5.248988487805002559e-03
-5.957041285988224147e-05
-6.216303060659864686e-06
-3.387257583760613786e-05
1.117486379297292522e-05
-6.347248162871297174e-04
-9.530770126167381487e-04
-7.878909228397802536e-04
-3.405902891342646455e-02
-2.544132740123008010e-02
-2.590268602903978649e-03
-1.026538626983549904e-02
-5.308665744372418477e-03
-5.493666275041345217e-05
-6.788120324181403854e-06
-3.335567470701453050e-05
1.384958278675826681e-05
-6.349296957965400732e-04
-9.696052690362900019e-04
-2.691865343769570419e-03
-4.700805083617669994e-02
-2.030614128552044387e-02
-6.134563446568898175e-03
-2.178287067700005256e-02
-1.669867505829778246e-03
-6.973401025233535099e-05
1.733924208334742731e-06
-1.020497510519272999e-04
1.351030879375073301e-05
-2.800926877071127337e-04
-1.049386360481102893e-03
-3.006183529297454943e-02
-6.898696067682114075e-02
-1.511727914577265172e-02
-3.623350914222411151e-02
-1.236868880668454823e-02
1.449218513770818107e-05
-1.718775338710257781e-05
-9.460075468922278923e-06
-1.506253347272997400e-04
5.431938731304075117e-06
-1.101809609499595171e-04
-6.915794471919282363e-04
-7.952932328700025588e-02
-9.565089573310529836e-02
-1.293703215249164713e-02
-5.668859729278684367e-02
-1.771154688217250334e-02
-3.591930888255818739e-04
-5.932351413405710130e-06
-1.293460107287385267e-04
-1.565796810887462736e-05
-1.965143294235132711e-05
-1.186752372060541675e-04
-3.592335219684558516e-04
-4.957289722156484751e-02
-1.011474966930348274e-01
-1.183348542589940551e-02
-1.383532199494415249e-02
-4.641746813605327621e-03
-2.309201739228973157e-04
-4.786416942453986233e-05
-2.946741649134508199e-05
-1.632143869986843053e-04
3.129300445593959060e-06
-1.190755089270323060e-04
-1.383724141671643405e-03
-4.848094993325254703e-02
-8.588124594149665336e-02
-1.263973855337608386e-02
-1.242298035621101741e-02
-2.208424557116035226e-03
7.334824725818086726e-06
-2.114816631049174010e-05
7.660943127376686619e-06
-1.830235045845688292e-04
-6.388683719679015751e-06
-1.399589690882305107e-04
-1.492120413629199893e-03
-2.202083709687911381e-02
-6.325424885583458279e-02
-1.568933728826780311e-02
-9.407864940425934982e-04
-6.583088526051389042e-03
-9.182556119860081851e-04
2.648997783260377579e-06
1.292286131193620172e-06
-2.494038305194321275e-04
-1.586330045070392838e-05
-2.794202266792710616e-04
-1.614496466672102858e-03
-1.991622158865991293e-03
-4.446889219867145721e-02
-2.058460014541821717e-02
4.040901098914827564e-04
-7.695519642202155661e-03
-3.506891680542252587e-03
-7.171852983022885088e-05
2.122518174899332226e-06
-2.644842212025604977e-04
1.318671156294642052e-06
-3.683145996442070756e-04
-1.545960177304609665e-03
7.739037582810353135e-05
-1.371815745456566628e-02
-1.254442119298925830e-02
-6.420668282932026801e-03
-6.763672364792023065e-03
-5.900416026410004733e-03
-1.208003927902014557e-04
-1.875631798550739287e-05
-1.303808239379102040e-04
-2.616015265631991085e-05
-7.430843082525391378e-04
-1.165704308864252579e-03
5.854762013285879458e-05
-1.363223233038314205e-02
-1.311737870979106692e-02
-6.391179447115507249e-03
-6.579625874759507421e-03
-6.108172075056545434e-03
-1.159567330615538682e-04
-2.543122246243865558e-05
-1.425182421449825657e-04
-1.274394486654001991e-05
-7.448555545324453495e-04
-1.174657741693840634e-03
-1.801635808870010683e-03
-4.383692822062091460e-02
-2.131141636598625835e-02
4.167091221184236879e-04
-7.520170797976652270e-03
-3.612726938348793330e-03
-6.839863583253052526e-05
-1.773831545634459959e-07
-2.742114049330873402e-04
2.498022621420767695e-06
-3.874672531498842562e-04
-1.557094779736261638e-03
-2.135742266857799596e-02
-6.404665520277315338e-02
-1.618129231043208965e-02
-9.733377129655594292e-04
-6.659012132052450315e-03
-9.511606749215607446e-04
4.167443324157967556e-06
4.172069424697677624e-06
-2.489688930507803180e-04
-2.303700078635997369e-05
-2.917953703501761117e-04
-1.631428072660930529e-03
-4.847007979342413814e-02
-8.773788745330461658e-02
-1.295269004313588136e-02
-1.241423688844156374e-02
-2.294101551391233233e-03
7.828614671671221370e-06
-2.184987264175547035e-05
9.484626594189450263e-06
-1.877273269628500782e-04
-9.220919200224785890e-06
-1.423046678953005873e-04
-1.506618971124771460e-03
-4.926406645581082183e-02
-5.599941512127103171e-02
-1.168366580231254212e-02
9.708685149663336025e-05
3.760930506810129944e-05
1.951799229082927059e-05
-9.179900029603454202e-06
-1.962531725462790424e-04
1.762237786890923834e-04
-1.146466351682964174e-04
-7.590577696737646300e-05
-1.153120293523973239e-03
-3.018561965426908023e-02
-6.345099373411480781e-02
-1.205049549923239115e-02
1.704409287337283786e-04
3.828512624068838442e-04
1.394439422093835459e-05
-1.673292880585764935e-05
-1.154483652078446210e-04
8.984953254370490767e-05
-1.303292833503603922e-04
-8.290810155232737871e-05
-1.179618856920932766e-03
-1.333956340134644959e-02
-4.703007622490389117e-02
-1.260184193031961379e-02
-3.823167677438355232e-04
7.381045444478256425e-04
-2.918160217547531360e-04
-5.271145905639824333e-06
-6.121657120546635412e-05
-1.297792566745423030e-04
-1.294906932678007057e-04
-2.941184291370721828e-04
-1.230366068792040088e-03
-9.334899905351011192e-04
-2.712783199760577385e-02
-1.726183570848335456e-03
-2.946414986798597761e-03
5.446093283467580296e-04
-8.007746190823258501e-04
-8.122104816644359882e-05
-2.545517863091450973e-05
-1.870307623979424697e-04
-1.588571893252445149e-04
-5.286430856487451223e-04
-1.175506506087678916e-03
3.742336782977466578e-04
-1.101997113842161622e-04
-2.014633246288010521e-02
-1.754591629172107259e-02
-2.298367947045861274e-04
-8.472514986957765514e-04
-3.291370806666422873e-05
-1.270230859967778039e-05
-1.385977023959142601e-04
-1.448189606726974063e-04
-6.975484775315918349e-04
-9.349237518573811972e-04
2.796550251272133711e-04
-6.714799897178597501e-05
-1.995772431484094112e-02
-1.763903722508778499e-02
-2.187641388697963128e-04
-8.961561774536743168e-04
-2.442304352033197772e-05
-3.591872585441139762e-05
-1.679746483088064750e-04
-9.905494845569679744e-05
-6.935362261266584359e-04
-9.508351563337206266e-04
-8.678294319062966177e-04
-2.697057673787981585e-02
-1.896720429730074185e-03
-2.850218088349334208e-03
5.221680936356841050e-04
-8.374228166942317662e-04
-8.004135209493400713e-05
-4.262278751794803562e-05
-2.024983330247100068e-04
-1.253033468915781281e-04
-5.510238526442436070e-04
-1.174659261855090769e-03
-1.316751247814316669e-02
-4.662127079906975419e-02
-1.294815999960504532e-02
-4.033564831900154023e-04
7.199758721886127593e-04
-2.945374986570572042e-04
-5.586131911924987934e-06
-8.140426603197780059e-05
-1.287916250253405461e-04
-1.072252643715720423e-04
-3.168880739213593553e-04
-1.241247589917829873e-03
-3.037530520032958453e-02
-6.186512138163606511e-02
-1.230475869997031506e-02
1.688675033375875193e-04
3.660817796031537149e-04
1.373187836072808076e-05
-1.697276568205094497e-05
-1.360370656805961196e-04
1.111611291536101310e-04
-1.126469183109567282e-04
-8.878207182231788680e-05
-1.198184219098302576e-03
-3.539881737882091817e-02
-1.456983208324414206e-02
-8.549255499355534749e-03
-9.229519686836854366e-04
4.104438622878055741e-03
-4.222401460684484839e-05
1.302207991624268235e-05
2.965906832744160553e-04
-4.026282187459046175e-04
-4.074944045662429724e-04
-1.357319630952296709e-04
-6.420141149451860695e-04
-2.660492141680971534e-02
-2.771840327773681528e-02
-7.443415879714612889e-03
-6.130668933609166029e-04
4.476704213343433818e-03
7.010738265862466077e-05
4.429608466501815794e-07
1.902589552971321505e-04
-1.495952443195057685e-04
-4.109807501788827438e-04
-1.162170599782511683e-04
-7.289676833735226616e-04
-8.406912076529500510e-03
-2.702420439442191138e-02
6.416478437164881317e-04
-1.079765076806307950e-03
4.408929249071776892e-03
5.986440912114223767e-04
-2.189557174367251932e-06
2.729753846920273189e-05
-9.015076533335941342e-05
-3.332562844648414755e-04
-1.379876349694722439e-04
-9.519406343463434348e-04
-2.750518344774185412e-04
-6.649633759952298419e-03
7.909037844922452805e-04
-9.177325783789247113e-03
4.001747186292267146e-03
1.272790789639758951e-03
-8.266074531495739989e-06
-9.638720996878497754e-06
-6.323597553549223089e-05
-2.478747178195439094e-04
-3.818421845810720736e-04
-8.980249727966977758e-04
6.051095506812285323e-04
-8.266854611553775198e-04
-1.402085004894830338e-02
-1.227122947557366360e-02
2.959689167907438544e-03
1.992246205774089209e-03
-5.973515336702226445e-05
-7.779782216337866518e-05
-9.861080009252164722e-05
-1.987674972237159525e-04
-7.712374565928294384e-04
-9.022937279751719808e-04
4.958029130534510366e-04
-7.012248767709816297e-04
-1.415931429170355811e-02
-1.202337522025444944e-02
2.862246983558569807e-03
2.080504469054556427e-03
-5.317552909935747160e-05
-9.471958002526520274e-05
-1.165583722389422434e-04
-1.685727630333648975e-04
-7.595049455271554164e-04
-9.050153825838345208e-04
-2.625386381396089034e-04
-7.221046785116930732e-03
7.182552566809249960e-04
-8.989765776354645757e-03
3.877350813957663751e-03
1.344209566742330872e-03
-1.454954446800143672e-05
-3.265813345089636153e-05
-7.197939382036609853e-05
-2.130106664901865762e-04
-4.067138184537833780e-04
-9.076648728842342693e-04
-8.316897109718822748e-03
-2.711618492367667138e-02
5.769607457170998922e-04
-1.028626810044576704e-03
4.351629606713986430e-03
6.145701801140131607e-04
-4.105914927697779373e-06
7.287502943081553480e-06
-1.114671927184560839e-04
-2.925110456522912652e-04
-1.557364287270577761e-04
-9.326914714482480943e-04
-2.665421127499017356e-02
-2.750611259254241020e-02
-7.482666251361871218e-03
-6.091775011358587476e-04
4.489091380240040584e-03
7.750807100130394773e-05
2.832440992988591868e-06
1.658286567204424026e-04
-1.711906262370647199e-04
-3.792723743946046166e-04
-1.217842679874004709e-04
-7.249242358226906397e-04
-9.693456666294319665e-03
-5.201477452141650866e-03
-1.458523700319845065e-03
-4.685896131248029313e-05
3.338575557339943604e-03
-7.853483782889299691e-04
-2.546936617179539595e-05
2.523418627403766997e-04
-2.202515105194036840e-05
-1.913207905573520895e-04
-1.270391571011917167e-05
-1.976683034871021673e-04
-9.136235169747087409e-03
-8.264188912163020900e-03
5.186389477128473032e-04
4.279279932468549731e-04
2.946660089938173046e-03
-5.726334716711540835e-04
-1.215416546778041700e-05
1.804279880880539351e-04
-6.482744003273526010e-05
-1.678608227594819997e-04
-3.677042970756974719e-05
-2.608733441411618644e-04
-3.858402627998672521e-03
-1.147224150512313884e-02
-4.804261276707912543e-04
-2.201447259577285487e-03
2.602244253282304069e-03
-4.364760728195857020e-05
5.183203600918462515e-06
7.593926782357172999e-05
-2.260511283086607962e-04
-9.239073955094153820e-05
-1.035992936837464251e-04
-3.572921747201621059e-04
-1.301379559762371949e-04
-1.017037662774289322e-04
-8.030422785282047456e-04
-3.419188848635659229e-03
2.130122094285895849e-03
2.422616966772642621e-04
-4.531351159881518944e-05
8.683105450959800986e-06
-2.106211336709478473e-04
-3.280037395140292879e-05
-8.706938476444219313e-05
-4.255360028216188741e-04
3.595311535425564468e-04
-4.389671150524950514e-04
-4.796648528578334458e-03
-4.233407112841754832e-03
1.406359482856712334e-03
1.049482435360419826e-03
-1.368080403542363730e-04
-7.570793033629476297e-05
-1.672489204870087677e-04
-8.909526794427081542e-05
-1.316389124068258491e-04
-3.675487111427780049e-04
3.376659107307311320e-04
-4.298238407796565303e-04
-4.555035634592580554e-03
-4.499041434928190315e-03
1.514009353790617867e-03
9.786774608187488907e-04
-1.891623628853416380e-04
3.118143350007095354e-06
-1.743948948512031173e-04
-8.786857165748861870e-05
-1.193988110800845489e-04
-3.879664903688294234e-04
-1.211826818983031018e-04
-4.521317647353041870e-05
-7.479783079363197269e-04
-3.716709222395905843e-03
2.265535267554387878e-03
1.758316431962771544e-04
-5.151651874698115436e-05
5.074267392707964517e-05
-2.310466260178583979e-04
-3.693663823747664262e-05
-8.277972820389070294e-05
-4.338840622199445236e-04
-3.783099065149672820e-03
-1.219300575493947533e-02
-2.721557126183230197e-04
-2.432639438939887370e-03
2.729239920549039831e-03
-9.495826313223557243e-05
3.401727638504509833e-06
8.382680302288357424e-05
-2.651690416089759711e-04
-9.673998004631765625e-05
-1.201011616652177601e-04
-3.525316514554545258e-04
-8.505864543315059742e-03
-8.794914640817547494e-03
1.564682638367366583e-04
1.842708175006753585e-04
3.010927364569137947e-03
-5.618082389095744276e-04
-9.312218714395688354e-06
1.827834152115579271e-04
-8.752535471241712625e-05
-1.710375569741142321e-04
-3.895220362340335164e-05
-2.559171274919157160e-04
1.163483942626770788e-02
5.041419016313594681e-03
1.908708929250743256e-03
4.813494385523021685e-05
-3.530689603368554388e-03
6.987258182641410990e-04
2.108717517759322582e-05
-2.301280763733643279e-04
-6.404915008811841791e-06
1.718595805135323545e-04
2.468229277570065097e-05
1.951276876658749172e-04
9.021189990108877468e-03
8.441983962989044535e-03
-2.183593930468562662e-04
-2.644926111349881165e-04
-3.134371506480989038e-03
5.457272594751057639e-04
1.032991742227267586e-05
-1.745514646736907231e-04
3.306363258822313532e-05
1.576182990374320450e-04
3.380886567097701203e-05
2.623294125279974952e-04
3.561708047540553326e-03
1.244166629019426325e-02
3.238885508755627086e-04
2.428537061947406116e-03
-2.832210294170892876e-03
6.192304473616928753e-05
-2.012165586171492700e-06
-7.852002572169955094e-05
2.108843123325306566e-04
9.311489143172004251e-05
1.304497190660360278e-04
3.491753346458562361e-04
9.736122977045598989e-05
9.445230228083452829e-05
7.693445505798105150e-04
3.994395825527952831e-03
-2.375588382774819745e-03
-1.479214767187115936e-04
5.762346595404563873e-05
-3.570468581568278353e-05
1.899486633438785292e-04
4.152790290426423072e-05
1.345248743333171877e-04
4.454759911019408325e-04
-1.979410960909164545e-04
5.112806332155734245e-04
4.434373865030922894e-03
4.553924737222661383e-03
-1.607000681723341762e-03
-9.777888856626348619e-04
2.042372171833930854e-04
-1.975074015354978020e-05
1.482998777157674009e-04
1.103992617885802321e-04
1.406860385440035206e-04
3.673636878410487666e-04
-2.868140548764984551e-04
5.057563041194706012e-04
5.018919388079101998e-03
4.001656111964734495e-03
-1.459173949802570602e-03
-1.011346549590162432e-03
1.275480760891961748e-04
1.148076495968334372e-04
1.769929981975429086e-04
7.195617854422878604e-05
9.910593928875580441e-05
4.063786912320733612e-04
1.215535077983436639e-04
1.052420767225118950e-04
1.033136628085818418e-03
3.556629244485929719e-03
-2.108876472601398100e-03
-2.280700681620587914e-04
4.739309079784043610e-05
5.929635940512037982e-05
2.050675759372436906e-04
8.483855304940960285e-06
1.099733897940014779e-04
4.570613410275462429e-04
3.863173620581452673e-03
1.198954954568801773e-02
4.509315026383681657e-04
2.168723183522203515e-03
-2.688651414499973642e-03
-2.506299360942495347e-05
-1.559288859822292358e-06
-2.072049158061077981e-05
1.853037545818149987e-04
8.352919247847188781e-05
1.315200218292920508e-04
3.579541144270680358e-04
9.888901310356348548e-03
8.040753896805221540e-03
-3.451730089603230944e-04
-4.076737497775058676e-04
-3.049785831717838000e-03
5.307332049233945805e-04
1.023655110752926277e-05
-1.512472770736004155e-04
2.768335524910949650e-05
1.575747745818543652e-04
4.925493852121332045e-05
2.729479748364654576e-04
3.655709093228835110e-02
1.448164723966848845e-02
9.094586925485799098e-03
9.259206986559245615e-04
-4.151298139285465420e-03
2.081303293521995939e-05
-1.510602338951111992e-05
-2.909520903088517346e-04
4.090782729014176122e-04
4.509569406662610543e-04
1.395105706374297758e-04
6.479532759987130823e-04
2.695518750400401412e-02
2.759591700209707357e-02
7.900089501726065971e-03
6.217628820724506586e-04
-4.511744272369989234e-03
-1.056285370998537001e-04
4.095014688296534897e-06
-1.843647938600548265e-04
1.590786741993198503e-04
4.112032938685213274e-04
1.312456480193750254e-04
7.268947905239914924e-04
8.371252589024765628e-03
2.672950609588979620e-02
-6.204407879622763624e-04
1.069413636161826086e-03
-4.492660909435896265e-03
-6.273806658189176599e-04
2.162240192898150882e-06
-1.721259353391489501e-05
8.968108117356096655e-05
3.319334012712875414e-04
1.455891977439534594e-04
9.386310713259425403e-04
2.528359445930104463e-04
7.276497182201111663e-03
-7.823667641176343434e-04
9.369702047534742353e-03
-4.020759967284650432e-03
-1.333017185980928717e-03
1.432145278578755784e-05
8.850107834216450396e-06
6.092156352930885085e-05
2.695540968098222314e-04
4.104712845088544985e-04
9.065120939415828626e-04
-4.344781980831348249e-04
7.090216781028309398e-04
1.399893884626060570e-02
1.258819898460492373e-02
-2.998721051666084370e-03
-2.063784820257076168e-03
9.168316337792406002e-05
7.081538858840614147e-05
8.929223101040864932e-05
2.339597422414583464e-04
7.735992725634698725e-04
8.921892454316624529e-04
-5.874466279321226801e-04
8.325392633355598255e-04
1.442984881082163759e-02
1.261685240928539335e-02
-2.940698198015022618e-03
-2.095517805769424140e-03
7.304714039052348669e-05
1.130600492089204993e-04
1.450353251312961093e-04
1.783943417046083614e-04
7.407163727333844006e-04
9.435483484489143617e-04
2.761402760581966155e-04
6.907553979078979653e-03
-9.507946076629322655e-04
9.467509588657758643e-03
-3.943698084920481059e-03
-1.357203508392831057e-03
1.199686362434953962e-05
3.824582359222592300e-05
9.737146155693817719e-05
2.226136558873864808e-04
3.805734741356436054e-04
9.486656748394586315e-04
8.429180750965062363e-03
2.781154738581633271e-02
-4.913635628725843488e-04
1.151185435242223871e-03
-4.422149665137009057e-03
-6.483499802375454263e-04
4.677623609406476178e-06
3.474962884256499168e-06
1.224144327589763565e-04
3.155621254260937989e-04
1.465823293614567822e-04
9.932513444227859811e-04
2.699668680822833386e-02
2.787346158994501166e-02
8.211065976294390847e-03
6.013894322103524939e-04
-4.467166229869004752e-03
-1.206264162097206937e-04
-5.470544120585845393e-07
-1.813096800801743537e-04
1.801190208276503559e-04
4.167916507517424379e-04
1.407761371625663614e-04
7.393509503304779946e-04
4.934421881197127713e-02
5.550460867486926853e-02
1.188065089341491277e-02
-9.720886906408456680e-05
-5.514252833495734865e-05
-1.912453570860686772e-05
5.559713536680048318e-06
2.203811007471009995e-04
-1.993140169540740458e-04
1.477634102382842352e-04
6.664382730429625529e-05
1.143091343222515021e-03
3.055276432962491032e-02
6.074375997584548909e-02
1.251704802967470651e-02
-1.718378535293729813e-04
-4.045476073206347016e-04
-1.419382265133567456e-05
1.914480945812763375e-05
1.464104602949646355e-04
-1.126609626527486346e-04
1.489727391988251797e-04
8.668970530737348239e-05
1.148227979657385524e-03
1.332585491832018361e-02
4.545816556711401030e-02
1.310850216894812389e-02
4.270693742075331516e-04
-7.353251719715815041e-04
2.951012570599703482e-04
4.388862919401325356e-06
9.017104399851686716e-05
1.062165983555646547e-04
1.346143821646810814e-04
3.086217264051864073e-04
1.203065707468015501e-03
8.751132804953265726e-04
2.723135236575521811e-02
1.824171993830440335e-03
2.867597713347772286e-03
-5.466341106545370178e-04
8.432533588865636677e-04
8.696311527426672241e-05
5.746924014849052505e-05
2.049097951368389120e-04
1.625511180623218370e-04
5.301530148661710157e-04
1.149452138215326363e-03
-2.602601193416787971e-04
5.443036337959748864e-05
2.026304058188863402e-02
1.800773054888815672e-02
2.291091051289750966e-04
8.978213319377748285e-04
4.214144833280843432e-05
5.455166182713236367e-05
1.618494496207901589e-04
1.315926305243483732e-04
7.060793367892939090e-04
9.015397106849144847e-04
-3.430945335480232051e-04
9.372252325581222271e-05
2.030201109828135009e-02
1.825991991349387028e-02
2.269013550756909109e-04
8.887223399364593997e-04
6.179816397262466985e-05
3.490396886853648021e-05
1.668716218880624989e-04
1.466071931946780161e-04
6.909851149801010412e-04
9.257662442536337705e-04
9.045378181912068060e-04
2.804001498529871267e-02
1.825870470249993079e-03
3.057917177872655247e-03
-5.395000037974736692e-04
8.425633531513260568e-04
9.096329884046368990e-05
4.380434684662304009e-05
2.211375661377584117e-04
1.683988904563407934e-04
5.238235160422551268e-04
1.189895834136363122e-03
1.305403129325486723e-02
4.958262320302354864e-02
1.326294891897750877e-02
3.887906489194129650e-04
-7.326581729285841765e-04
3.003512966027311161e-04
8.763042510256688296e-06
7.216025177024919398e-05
1.076605271132682450e-04
1.403533242957418609e-04
3.071181234545350023e-04
1.231241916151162418e-03
2.988287120707274966e-02
6.645196955109086701e-02
1.255927522404709680e-02
-1.721297863693021179e-04
-3.777031501957478325e-04
-1.445727835588224918e-05
1.593591381486539376e-05
1.250286687726841596e-04
-1.353406473479777552e-04
1.595977427531267276e-04
9.304818696499258135e-05
1.153805937661884053e-03
4.905154582848972322e-02
1.014385426396008927e-01
1.181372992115437351e-02
1.374285181419351680e-02
4.648851741992390124e-03
2.337068691876778342e-04
4.615393695558921546e-05
3.755284697138688068e-05
1.462197583344968183e-04
-4.931975679624634215e-06
1.221332025637576421e-04
1.369873312324914596e-03
4.823161073064539256e-02
8.585353034242827752e-02
1.296241422395023359e-02
1.238471552715860249e-02
2.312989529774308727e-03
-7.701664762332789254e-06
2.008164204723214197e-05
-1.349185626029228957e-05
1.861167568617744033e-04
6.183645009692471961e-06
1.350112577171959578e-04
1.461795849887462815e-03
2.173965036780315177e-02
6.191741144344313497e-02
1.608797238777261163e-02
9.820098872487194232e-04
6.623940275151001845e-03
9.489488456697141826e-04
-2.099829781538175647e-06
-6.742075752554158945e-06
2.504020504404167011e-04
1.465454048131020362e-05
2.895788176245572224e-04
1.606735086829038511e-03
1.902065959662904791e-03
4.367560075433973149e-02
2.102910155217950494e-02
-4.283329192124120974e-04
7.550136419654105563e-03
3.644840675525106658e-03
6.273658750293954398e-05
2.988203349769382269e-06
2.872750219597003103e-04
-1.692684244497361365e-06
3.841898067330001224e-04
1.520474244495370955e-03
-6.576653925765031379e-05
1.366974540386690917e-02
1.254678086410644829e-02
6.414135796845590876e-03
6.695994896533601082e-03
6.171193190187423266e-03
1.077992801688630332e-04
3.467426692638490604e-05
1.578108799259280825e-04
1.945033291716532370e-05
7.329426488863157634e-04
1.154399449881487062e-03
-7.760673965782976483e-05
1.392231740487980853e-02
1.214098457935833264e-02
6.578014494275146069e-03
6.869864528845828940e-03
6.002646020080597278e-03
1.335556865603661127e-04
1.831632468893343630e-05
1.404464168151666544e-04
3.100969939772744375e-05
7.342558578784256964e-04
1.168040819661666412e-03
1.951726370402707186e-03
4.502919507361478196e-02
2.074696820843174860e-02
-4.541767078923682416e-04
7.713224649068557877e-03
3.536675994822443148e-03
8.820943286466262042e-05
-1.939375811410782648e-06
2.666724699751169534e-04
-1.207501532807503116e-06
3.814130835173867883e-04
1.545707076456749032e-03
2.153558786912232459e-02
6.369800774062535365e-02
1.582556448376240543e-02
9.764458105697390892e-04
6.721194182823474889e-03
8.864903440889422125e-04
4.091606350842588866e-06
-1.312635435465520458e-06
2.389963620004476844e-04
1.566898197778733955e-05
2.924953024564356401e-04
1.630782801666268850e-03
4.780388381877126447e-02
8.701096505740417431e-02
1.275964587793017128e-02
1.249306108194772960e-02
2.268112174715450954e-03
-5.839460660414949342e-06
1.867268385469573428e-05
-1.045462852731297493e-05
1.846932799590843863e-04
9.212518371297776269e-06
1.398111692796994094e-04
1.475130886460745581e-03
7.950926134244266918e-02
1.098960712632278541e-01
6.127470389396568601e-02
1.085156245589165465e-02
1.972893239337549301e-02
7.990648255028962293e-04
3.276561529800689693e-05
1.405983291869629512e-04
6.268421360782559731e-06
-1.101640253599947821e-05
2.699789135601807471e-05
2.440654781278630821e-04
7.764878901061988969e-02
9.630792927522269231e-02
1.291408680342026431e-02
5.527234795127860395e-02
1.779875567477610249e-02
3.389768241608060633e-04
5.427083254025673271e-06
1.377845955839880870e-04
1.695595621688923503e-05
2.022001006378983803e-05
1.214284990287638720e-04
3.509328988986801885e-04
3.028112901244965974e-02
6.889105245225017604e-02
1.531160285798295259e-02
3.596367474344081688e-02
1.255710271382198644e-02
-1.465232523991068499e-05
1.686882496073450555e-05
7.158162566642483252e-06
1.502909217359437279e-04
-5.633392185100445461e-06
1.128500495537503094e-04
6.705833396807805600e-04
2.713378602100947456e-03
4.672002477934864006e-02
2.055848425103268262e-02
6.259759536023559029e-03
2.150489013446756775e-02
1.713631740325814506e-03
6.552345211715673097e-05
-2.226094936225835933e-06
1.037515530836993939e-04
-1.368647652364381600e-05
2.682076937846526819e-04
9.952253524554142191e-04
7.410735138071519604e-04
3.355074353948157145e-02
2.594341597433420105e-02
2.687327730174176969e-03
1.011172625697337631e-02
5.474611575788742093e-03
5.171379486130859969e-05
6.721404908589748540e-06
3.910387091286958737e-05
-1.059966954214238558e-05
6.391267185856766998e-04
9.352968952722460518e-04
7.592034202414965106e-04
3.430976239873058387e-02
2.574528850544845898e-02
2.716636217282617817e-03
1.063348911785367765e-02
5.197374048579565115e-03
6.009518294297949741e-05
5.649820336029696728e-06
3.680584724964348057e-05
-7.595072405609685935e-06
6.409356835842649602e-04
9.409723494211575789e-04
2.801519436942469764e-03
4.750255793270340837e-02
2.037868110333740726e-02
6.268097673247531761e-03
2.225872131372662321e-02
1.612213650840319933e-03
8.560515320334831401e-05
-8.004522663728093346e-07
1.057537344657742120e-04
-1.195290816963519407e-05
2.754087301763084579e-04
1.025520302318501864e-03
3.063149777582753128e-02
6.839971130676303357e-02
1.511227891190041958e-02
3.640478553998835465e-02
1.248689746556068229e-02
-1.147765177751313437e-05
2.377976265924623578e-05
9.418138078772950536e-06
1.535157307813142969e-04
-5.387345057206938976e-06
1.159627034642612471e-04
6.868856659093355204e-04
8.344459493407936634e-02
9.419147852827325362e-02
1.286094226981628584e-02
5.571387316404328299e-02
1.772547460132285757e-02
3.413993571862831435e-04
5.092575676987202946e-06
1.394134270251679540e-04
1.846835285650751181e-05
1.955222441562840942e-05
1.218562127002768321e-04
3.564586686947671286e-04
1.751604455172831309e-01
1.785367975606330371e-01
2.336203839562867313e-01
1.215138833553717525e-02
3.296107216471902412e-02
6.957352128535924506e-04
1.107056610009312174e-05
-8.279043269301874239e-05
2.814959383521101327e-05
-4.931562053648483156e-05
3.880309993915700291e-06
7.667510087941354279e-04
1.548418721514348562e-01
1.454513762439333113e-01
1.644737683171243747e-01
1.282181250220479178e-02
3.393939603477325040e-02
7.047334263477967242e-04
-8.434475116494753464e-07
-9.808504238528930935e-05
4.536883029407520979e-05
-5.889180159308290860e-05
4.362177480656858269e-05
3.534767504518300475e-04
3.244871410152998237e-02
8.453024863088216823e-02
1.441155921497618529e-02
9.193995407729101121e-02
3.313076322675807123e-02
2.067705914545335706e-04
3.538163510597329078e-05
-8.105076914025855449e-05
1.387535042574208410e-05
-2.055375380435679248e-05
3.167584716608636371e-05
2.423605805370032442e-06
3.743805466302357193e-02
1.041669815545819000e-02
1.867011744316973351e-02
2.873361324303717879e-02
3.922002006433566307e-02
3.774416488602955650e-05
1.313812119410211242e-05
-1.635816333365131011e-05
1.280343742532837203e-06
-6.608566578823380465e-05
1.460583067003412203e-04
1.627115698656646746e-04
3.220306642100625311e-02
1.826438344593073193e-02
1.284217664317132551e-02
1.791237903099983375e-02
9.766659513754712835e-03
1.560232727629463131e-03
-2.718776037558660495e-06
-1.323956782685502366e-06
7.108232195865656429e-07
-2.849425792539468752e-05
3.524958674923511521e-04
4.217245695201032808e-04
3.262256773093975132e-02
1.774866917876265215e-02
1.270549211223598318e-02
1.764362123923099435e-02
1.045300008909687099e-02
1.444935248094001128e-03
-3.048238630938811128e-06
-8.457287353224603150e-07
6.269284329152350800e-07
-2.252140161438903650e-05
3.535083972005088025e-04
4.347240352903676813e-04
3.756027770643608626e-02
1.070501575832351511e-02
1.846733869131851266e-02
2.854157795638196868e-02
4.023319381352107732e-02
3.420511344766813860e-05
1.555527816604017875e-05
-1.763374543403825254e-05
1.573259897400509726e-06
-6.399399577448300716e-05
1.489300329297576879e-04
1.712941892829491543e-04
3.297641555371270961e-02
8.470260319299482976e-02
1.427616174221573581e-02
9.457876943076118370e-02
3.286538984854170398e-02
2.288613492616365015e-04
4.117060384929912295e-05
-8.278895885197153027e-05
1.647832231200579698e-05
-1.118463301234846123e-05
3.478010705368456373e-05
2.215200092021229928e-06
1.632185265276764885e-01
1.452904960870332884e-01
1.662351551982944875e-01
1.280353813260340021e-02
3.384537909470851369e-02
6.906662730097443050e-04
-7.742322454810356316e-07
-9.730895644056059175e-05
4.855141774945373245e-05
-4.912349989616903253e-05
4.311653231827325384e-05
3.559780817086526062e-04
4.632242245638152900e-01
6.735194365804128003e-01
1.369282222521727377e+00
3.181972120864949485e-03
3.353897031988683358e-02
1.559926034571283498e-04
-3.142720839602803589e-07
-1.111371733685198533e-06
8.404853579969186498e-05
-9.093010257999034339e-07
6.585908661618894672e-05
1.101942115894739838e-02
3.045242857205539000e-01
1.808126076945320293e-01
5.498022125076016398e-01
3.597271242496478602e-03
3.504809650342730759e-02
1.782577360492304606e-04
2.237947713270407911e-04
-8.588126091493534417e-07
5.232723832194163105e-05
-5.151456197604178399e-07
8.048297322643359757e-07
7.648423703989411584e-03
8.515624986784466055e-02
7.313053202129636554e-02
5.537101131829121753e-02
4.184170058438774729e-03
3.714742355922892592e-02
1.682361781585381541e-04
-9.845092932862343521e-09
8.650640037922448624e-05
-1.307023060457679416e-05
-9.931644146490597001e-07
1.316096066624855261e-06
1.175352693461822421e-03
3.091595915795030194e-02
5.401135004577337084e-02
5.909942048514861025e-03
4.281235729937395151e-02
3.541246030845119491e-03
5.941019408798516732e-05
1.880217152404913542e-07
-1.246708234672890885e-05
-1.060488346574657986e-06
-3.405268114873374218e-05
8.683216027353471027e-06
1.252153508562284289e-04
1.335842869723110997e-02
4.640396268609055935e-02
8.781952308509257191e-03
4.674706713026974270e-02
3.384779337245370388e-04
-1.236747347167239992e-05
8.973699017054690251e-07
2.711757112072513495e-08
-1.952886537652759829e-05
-3.568165032595630039e-05
2.164697068365584921e-05
1.108930568973488839e-06
1.320780144492649660e-02
4.624864355754446793e-02
9.064097312987528382e-03
4.609818915380759635e-02
3.710232617490442073e-04
-1.149947832359356089e-05
7.238347468757991402e-07
2.913576981208946804e-07
-2.371599729356843264e-05
-3.030164861370577810e-05
2.391172373170518618e-05
8.271855617146056212e-07
3.056536018252393322e-02
5.344106992462387823e-02
5.961229807592548571e-03
4.256724155796495768e-02
3.446091213726457624e-03
5.566204496727481410e-05
2.017814396464135408e-07
-1.282971402505900740e-05
-9.312195609507519086e-07
-2.847183241158115081e-05
1.031299517535300707e-05
1.396297084236894218e-04
8.636818024706309493e-02
7.256892454711087737e-02
5.571833978530941339e-02
4.156112002707618852e-03
3.727326574100552764e-02
1.697165376637487682e-04
-1.002701535536670131e-07
8.772202019168035697e-05
-9.934872254407382924e-06
-9.626946913593630680e-07
1.725042650798934947e-06
1.255108583542109820e-03
3.126607777407520161e-01
1.709367848208862561e-01
5.530070443253661816e-01
3.538166773096930364e-03
3.525679341389883342e-02
1.667831891920906967e-04
2.217974298287892377e-04
-1.011901182558127004e-06
6.273029968680383310e-05
-5.218670467911122872e-07
1.227868992996577348e-06
7.782718916410800644e-03
-4.002542307976280078e-01
-4.107223161509178655e-01
-1.605098462681521898e+00
-2.841063431611045957e-03
-3.321635039403413731e-02
-1.618419913491216599e-04
2.777219349127069081e-07
1.250344589627782898e-06
-9.203159344285204277e-05
3.373809742970858018e-07
-6.234980765380366771e-05
-1.102994409883391487e-02
-2.673324748355062064e-01
-1.689203541073250603e-01
-5.735896185817487281e-01
-3.230120112928848083e-03
-3.435447301665821990e-02
-1.734552659653912973e-04
-2.263147298384238291e-04
1.132392297015513261e-06
-6.047406718135962090e-05
-5.065566302139085975e-07
-1.162660306641029143e-06
-7.685291414588113316e-03
-8.232789275978781574e-02
-7.408180003794265223e-02
-5.606279270766794526e-02
-3.765333635032242984e-03
-3.657744457845606145e-02
-1.753493038169852327e-04
1.419958379260712996e-07
-9.611747952375359206e-05
2.033619360156741147e-05
-3.056210374299860147e-07
-5.228474689874080385e-07
-1.262472187385807118e-03
-3.069694989651312877e-02
-5.349448606880413681e-02
-5.477689953919223122e-03
-4.182579436472272372e-02
-3.584042755843314543e-03
-5.831374424575587343e-05
-2.730190939123709357e-07
1.388067981918608350e-05
6.237023978868826375e-07
3.482392854014631074e-05
-1.110157451753687948e-05
-1.266768652925816371e-04
-1.280207799333340363e-02
-4.643888365268748764e-02
-8.659624777159057041e-03
-4.572618834793895637e-02
-3.765270920450690308e-04
1.177014834274030213e-05
-5.858954615796507163e-07
-1.746928970875914239e-07
2.096613008454000824e-05
3.417610921560591879e-05
-2.697983167433696657e-05
-1.537344246689517507e-06
-1.288774756578363323e-02
-4.592367737676486539e-02
-8.797436964714635058e-03
-4.593897578811008409e-02
-3.155515511194590035e-04
1.328753613824784677e-05
-7.225988915005807744e-07
3.688546156866153720e-07
2.314538180059463532e-05
3.232578580252045824e-05
-2.549222652473782640e-05
-1.726203717220888533e-06
-3.008165246358271774e-02
-5.400740727158496318e-02
-5.742419889936972548e-03
-4.151016550028887447e-02
-3.562190633965855308e-03
-6.163326270456805772e-05
-2.027602826429951388e-07
1.512692650182250315e-05
1.304638151568158762e-06
3.368711319067978834e-05
-1.013166910848387189e-05
-1.189964414900802903e-04
-8.436817243134958622e-02
-7.322489718501386247e-02
-5.475238141240912348e-02
-3.939526107782918493e-03
-3.612610771228312589e-02
-1.732608037509997614e-04
-8.371733708744318099e-08
-9.374495466243645359e-05
2.048561769128604039e-05
2.048434204569289504e-07
-1.139675249482188086e-06
-1.248654021869969027e-03
-2.705270510115166394e-01
-1.799022739985828567e-01
-5.762065357726939840e-01
-3.360334742494888467e-03
-3.419644248752035792e-02
-1.858539767623960471e-04
-2.255963634720204120e-04
6.598698261520414044e-07
-5.786122756446674195e-05
-9.804098102293834850e-08
-9.963145233425667541e-07
-7.728701035690430793e-03
-2.719355706007313689e-01
-4.123008925587666740e-01
-4.695310362503142820e-01
-8.812168155740391501e-03
-4.091918781290355966e-02
-4.859397793505349102e-04
-8.177567732874062518e-07
-1.361900962266943124e-05
-1.298493534861011686e-05
-7.854510777790744597e-06
1.158726896734564512e-05
-6.716979868355033370e-03
-1.721512968980204450e-01
-2.855830633734727231e-01
-2.580059199294322259e-01
-9.384472813845662342e-03
-4.245782524076740366e-02
-3.638792271560393706e-04
-3.609395264585196224e-05
-1.535256012508128749e-05
-9.767521152063342546e-06
-6.201662663289096619e-06
1.193892056095420908e-06
-4.113258116548356748e-03
-1.359923669888460085e-01
-2.506894272397980003e-02
-1.201970242316569987e-01
-1.141702173307135477e-02
-4.671104662482970793e-02
-3.390677012326579029e-04
-1.014474133466561714e-04
-2.680202197057358961e-06
-6.051365918464493835e-06
3.159831417097624685e-05
-9.347417725893325302e-06
-8.957093910660202368e-04
-5.461336381577022725e-02
-1.742948874268239121e-02
-1.416995918471821228e-02
-4.332303064563930439e-02
-2.334415179444626967e-02
-2.954168202839710093e-05
-6.052819918380550230e-06
-1.295155243004642654e-06
6.088915044781946293e-06
5.349219131095944024e-05
-4.909668787646574110e-05
-3.193990603351055328e-05
-3.089471472429515878e-02
-2.456819211607516942e-02
-2.700529880043211345e-02
-4.299802288637206288e-02
-2.465712111199913972e-03
-6.801101545075221926e-05
1.144896754223165196e-07
-1.445922410912796559e-06
3.021541853813319563e-05
3.446799089698252959e-05
-1.174353464853010112e-04
-5.951629958882943616e-05
-3.095591757185683912e-02
-2.395690077445920829e-02
-2.676149436360513237e-02
-4.298907568806764612e-02
-2.266930801643781204e-03
-7.520457156731954974e-05
5.417735469297213612e-08
-1.699778529089826311e-06
2.737332854689843783e-05
4.091533250789639687e-05
-1.119833029507052410e-04
-6.108185929233773124e-05
-5.484415776803223258e-02
-1.743546030999539725e-02
-1.404450265119190633e-02
-4.349909398429609164e-02
-2.259132695481129785e-02
-2.255320269446158991e-05
-5.489308352718913200e-06
-1.452854839325437543e-06
5.980992102259574450e-06
5.826678554817636723e-05
-4.709312927495299073e-05
-2.922734464748328519e-05
-1.359206677446826717e-01
-2.611150597812788784e-02
-1.180704181805903724e-01
-1.121328421053372805e-02
-4.638769572171865668e-02
-3.476095477254278641e-04
-8.844876206553215609e-05
-1.034402367360676590e-06
-6.293760026819399595e-06
3.987393696683657208e-05
-9.699055271890108889e-06
-8.795832456355529927e-04
-1.755308498939333606e-01
-2.822069341152054767e-01
-2.665756905213753081e-01
-9.289763121768445514e-03
-4.228528337206455961e-02
-3.902355873743540231e-04
-3.036930302531279930e-05
-1.409376845984452033e-05
-9.831782787598859880e-06
3.538150202296856937e-06
-1.740209412639453575e-07
-4.016575383923570546e-03
-1.167858630167290662e-01
-2.166930130705173319e-01
-1.105187953692196579e-01
-1.025930640593144400e-02
-1.809324783978097026e-02
-5.138610631643727176e-04
-6.096468343510167131e-06
-1.298764742774913457e-04
3.090625789787034168e-05
4.455335678766135765e-06
-9.850235699723589066e-06
-4.591269557524788633e-04
-1.038429838827368556e-01
-1.604007352268911890e-01
-8.161642587531935111e-02
-1.101860323529460679e-02
-1.806892917827546824e-02
-4.532729923202021981e-04
6.717796193053961434e-06
-1.590632946692653387e-04
3.283571267931618265e-05
6.152454993643909859e-06
-3.462781937289667952e-05
-2.090105099552521046e-04
-1.801020728791728406e-02
-8.362420910267827356e-02
-1.245551931634639176e-02
-5.081152477765338987e-02
-1.681494268546697771e-02
-1.511702642099171327e-04
-7.139669478811445751e-05
-9.927441897359267524e-05
1.080414866614462300e-05
3.622891396252169536e-06
-2.540923544887353959e-05
-7.881866868875377598e-08
-4.379654689426894232e-02
-2.560441957418728605e-03
-1.757187905275011189e-02
-1.397028722279222007e-02
-2.069428893238868181e-02
5.345550111851310216e-05
-6.131189482925371401e-05
-3.745513373874273196e-06
-3.183087553120650653e-05
9.501750046457865857e-06
-1.044943511804001822e-04
-1.142773307287348077e-04
-3.411311165523010086e-02
-1.226238482509758171e-02
-8.604450331384150621e-03
-7.245823370761661150e-03
-5.241626373911164281e-03
-6.699934353610115852e-04
5.641468639761461481e-08
-1.041256344504568547e-06
1.723829222993600302e-05
9.887707868639364567e-06
-2.621767244020946569e-04
-2.872349762529255402e-04
-3.369858396021426644e-02
-1.217834719415733860e-02
-8.486201299176949348e-03
-7.296196848105827339e-03
-4.983903254007863819e-03
-7.011222192977338216e-04
8.000361520232458929e-07
-1.071442218388027980e-06
1.151990120425441328e-05
1.319501865279859980e-05
-2.511157076927714063e-04
-2.943207402653935678e-04
-4.326687536552938779e-02
-2.534090251860784959e-03
-1.751353594481330420e-02
-1.397718982859123479e-02
-1.995456818526793186e-02
5.794390339531264227e-05
-4.610422501022883751e-05
-4.080901303320657381e-06
-3.258747281711212777e-05
1.153830367772840580e-05
-1.021988309509325464e-04
-1.145466509457217610e-04
-1.735660819003612132e-02
-8.551634353857702486e-02
-1.233236100495302238e-02
-4.896174418981226462e-02
-1.679150137097335307e-02
-1.482856476515521059e-04
-5.214247254794838609e-05
-9.032041606471501855e-05
1.162797528847429486e-05
4.804468082998307484e-06
-2.751822794723401833e-05
-8.387218121835377103e-08
-9.515644238371512298e-02
-1.599563649194361281e-01
-8.118738513204713791e-02
-1.092482773157704180e-02
-1.810760627606700091e-02
-4.773856645817574481e-04
9.204791650494082301e-06
-1.503909543054677124e-04
3.450520318310983201e-05
6.991958692254032602e-06
-3.708879076802848581e-05
-2.078931701238937151e-04
-1.332311967500633410e-01
-4.235002404412420429e-02
-9.182583100783667240e-03
-1.588500459251034752e-02
-6.793256905041961634e-03
-4.852213310054807101e-04
-1.834090730767267498e-05
-2.667776754892474877e-04
1.925373405228917647e-06
-1.012364073598061089e-05
-6.876277274965783136e-05
-2.802240760733112576e-04
-4.843044258990891054e-02
-1.052595000191952623e-01
-9.936396605304882723e-03
-1.329925913382154663e-02
-5.492402971702239033e-03
-2.014493186553165723e-04
1.266227929370621122e-05
-3.277514796561406389e-04
-6.038725749574798684e-06
-3.719081108960145570e-05
-1.112635696987999707e-04
-3.601907782473893625e-04
-9.674154727945888377e-03
-7.227680466882606403e-02
-1.241374855009835451e-02
-9.300039436468355777e-03
-2.296395778061651686e-03
6.546758476307711441e-05
1.437178568027147991e-06
-2.481742686926597416e-04
-3.882135987193208572e-05
-3.332452117961243518e-05
-1.063020443216691779e-04
-5.393086770560162396e-04
-2.314057525432298642e-04
-3.691607347689136731e-02
-1.706531327082101007e-02
-2.359012010868949145e-04
-5.369643897458255613e-03
-6.048433509535635017e-04
-6.497592341617615928e-05
-4.297975976214382627e-05
-1.372313912548187736e-04
-8.512134525638185095e-06
-1.849807583192471390e-04
-6.979157868848036425e-04
-1.589710859780360877e-02
-1.226069766739135494e-03
-1.960935057615888558e-02
3.592822026975980658e-04
-2.763457566135063288e-03
-1.723905695792086242e-03
-2.116754089317813970e-05
5.146219246889795933e-06
1.662115971183089386e-05
2.051262085141564696e-05
-4.256693623843334174e-04
-6.003589888629579357e-04
-1.562593607631576967e-02
-1.203561799465832855e-03
-1.990830855034300337e-02
3.678487436732780615e-04
-2.715619545675498556e-03
-1.754438237563244341e-03
-1.209669915886428136e-05
4.277921931157323861e-06
7.368434840776101356e-06
2.573819614039656758e-05
-4.231669259780777370e-04
-6.134948261034336167e-04
-2.109626442799137659e-04
-3.659975589798778600e-02
-1.732755340663260507e-02
-2.410295355115970066e-04
-5.290215345696563411e-03
-6.114627965285649022e-04
-4.607215401112811892e-05
-4.459679661259902388e-05
-1.342193434698178917e-04
-1.132615116915105083e-05
-1.882291700682431964e-04
-6.968776653281496050e-04
-9.186670794238096377e-03
-7.248258613089221536e-02
-1.267739965080741209e-02
-9.141581983392833496e-03
-2.324931885500342021e-03
6.962230954672529368e-05
1.107759146980770426e-05
-2.410979106622893238e-04
-4.013354511140372578e-05
-3.996833558201034179e-05
-1.140617149852059871e-04
-5.281322791955387090e-04
-4.530858877040676996e-02
-9.956057275150326236e-02
-1.011421843372372134e-02
-1.317627445005379282e-02
-5.560507558239737545e-03
-2.045688642861647150e-04
1.358610029595386936e-05
-3.143220190515260532e-04
-6.132691047449881206e-06
-4.297372631733321891e-05
-1.117014880131682536e-04
-3.543253852231106329e-04
-8.031713457643496756e-02
-2.191048830782596837e-02
-8.941622374440322263e-03
-1.568554050719110063e-04
-1.274304992000115599e-04
-6.901756872369830989e-05
-2.152981975635623769e-05
-2.423495894403417713e-04
-5.094588660685844025e-05
4.244765715544253902e-05
-7.942067033358595699e-05
-9.687039713107071159e-04
-5.440473332881591573e-02
-4.161355640125703748e-02
-9.484572457114957139e-03
-3.031484419611579499e-05
1.948893043566481576e-04
6.371823070368002532e-05
9.084117082352056441e-06
-2.167747307453727766e-04
-3.161409847388324966e-06
1.479204358686201307e-05
-1.010985473115189276e-04
-9.972519816163762877e-04
-4.431882364657902668e-03
-5.252517085268829100e-02
-1.074439121544996240e-02
1.881385561542861648e-04
7.097245715513416384e-04
-5.952876760586435913e-05
1.687995379938440216e-05
-2.078327159099144109e-04
-2.155845730827284294e-05
2.712360690569002837e-06
-2.038656422554898534e-04
-1.008656395677339770e-03
2.669449383702468190e-03
-3.406268214375132719e-02
-1.327042019515673084e-02
3.956859239757338321e-05
8.364053251471306001e-04
-3.313049304523380998e-04
-5.187721365703435751e-05
-4.784808650124036786e-05
-1.656660109876992987e-04
3.026254479096255850e-06
-2.790121989575997758e-04
-9.262489841311612876e-04
8.994261423575883275e-04
-1.476433219792331469e-02
-1.186201300330871899e-02
-7.780861607513113410e-04
5.024631120030073226e-04
-1.201655503631860947e-04
-5.160552326744150724e-05
3.954446741450017754e-05
-8.435490848837849209e-05
-1.584625611948429106e-05
-4.399475319033949129e-04
-7.118364000667470708e-04
7.676698483526898670e-04
-1.446629347381643907e-02
-1.225356399916720240e-02
-7.555787668149414275e-04
4.886033236603832142e-04
-1.260912198254418354e-04
-4.979533502846014085e-05
3.356397479311406352e-05
-9.994785636009366058e-05
1.270945729301455628e-05
-4.381545561722288836e-04
-7.312380937883036693e-04
2.397886703940383963e-03
-3.330498302041130787e-02
-1.365323777343948122e-02
3.521342359891736643e-05
8.146070252939894120e-04
-3.477468198882321905e-04
-4.984137538135418742e-05
-4.712185131762057673e-05
-1.633644948519533222e-04
1.674243848053071340e-05
-2.973300779172528916e-04
-9.481542239406777310e-04
-4.362740414725844312e-03
-5.122715747881569776e-02
-1.112514341132522962e-02
1.922783194994774842e-04
7.060952920968634151e-04
-6.079083796442486497e-05
1.811573770817459555e-05
-1.963875589237444878e-04
-2.191357118980316354e-05
5.849942837892456736e-06
-2.156377484332142166e-04
-1.027679786686405130e-03
-5.527918285513044871e-02
-4.024331436724204458e-02
-9.698884082723140468e-03
-3.026204917838237735e-05
2.025710416461461898e-04
6.296197719548961552e-05
8.999451232095819858e-06
-1.993598413555642656e-04
-1.763814710330053113e-06
2.359694165184864800e-05
-1.023741640788913761e-04
-1.010920358655254371e-03
-4.923736982102636106e-02
-1.195803198300041288e-02
-7.814186704233330380e-03
1.829180830124544754e-03
4.818698061603632950e-04
1.768232850738130909e-05
-3.210044098779211290e-06
7.435185009865038878e-05
5.708553110138385255e-05
-3.456736214663422096e-04
-5.995404513193341008e-05
-6.390655139842226634e-04
-3.823636191073055690e-02
-1.507453949289626859e-02
-7.883297512891084685e-03
-2.957437426537600530e-04
3.061383661730926551e-03
1.849892992831103254e-04
1.785220214246908122e-06
3.278594692396977634e-05
7.220727731129055707e-05
-4.061618129610420616e-04
-5.716220874841165594e-05
-6.645170790319669457e-04
-5.954203249735854318e-03
-3.359709412722593908e-02
-8.028178832581800775e-03
-3.472211006084421382e-04
3.587179630267846395e-03
5.110714544667872145e-04
-3.192753535169353925e-05
-5.241736757433281121e-05
-1.098081092414639206e-05
-2.422972052067672835e-04
-1.441169144665200457e-04
-7.263406661483243426e-04
3.051500182210357872e-03
-2.369733920004348654e-02
-5.025929452174653783e-03
3.253671579891587737e-04
3.284249781092760286e-03
9.750699906086293710e-04
-2.557436907526307746e-05
1.117257730984078199e-05
-1.255126591058670666e-04
-1.467473344095687174e-04
-3.034087268173812565e-04
-7.174695296343670554e-04
1.030798970124188318e-03
-9.020268041158893257e-04
-4.719202683358620157e-03
-8.962684952656048074e-03
2.549044281171797526e-03
1.595300899380093203e-03
6.472593788885005345e-05
5.188393646839376813e-05
-6.086696178988332782e-05
-1.088891910221472041e-04
-4.480424662442276918e-04
-6.078346915517039446e-04
8.415215134333716871e-04
-9.936186990598368587e-04
-4.987063819897131003e-03
-9.035316598002086919e-03
2.399723987370712408e-03
1.722027971771776002e-03
7.611929836236416022e-05
3.494111512191494046e-05
-7.811658447531872479e-05
-4.935644226724342362e-05
-4.455945323635416536e-04
-6.329491049426069597e-04
2.766925092022423475e-03
-2.353325663077084420e-02
-5.190667217424566569e-03
3.574400215713973306e-04
3.134954663812458686e-03
1.049400857344231011e-03
-4.087962442847700321e-05
1.107673886033524813e-05
-1.143222377972896660e-04
-1.058187653783657702e-04
-3.229768646837303170e-04
-7.359516340070884621e-04
-5.866955261338872504e-03
-3.285285420902278597e-02
-8.230256593567129506e-03
-3.669203153596319804e-04
3.461619775671445024e-03
5.344838672367639406e-04
-3.584563547227600339e-05
-5.029145627243841423e-05
-1.000891049687690353e-05
-2.001837932517179107e-04
-1.569014417667271026e-04
-7.420301178401897228e-04
-3.811320661534210730e-02
-1.498931871971709642e-02
-8.024347276898212075e-03
-3.068095456633266531e-04
3.007487001517200088e-03
1.844191060495645130e-04
1.678753857776754130e-06
4.131471702935192019e-05
6.323405381513001679e-05
-3.738700416969028173e-04
-5.857431976817238878e-05
-6.757297221199306050e-04
-2.276847555225147701e-02
-5.479483932302867989e-03
-4.647762325916297149e-03
-3.817958869932212623e-04
3.133225625052733429e-03
-2.117706482449815248e-04
-6.923046922369737711e-06
2.168936795501660283e-05
3.463231204945854983e-04
-6.123762346374128857e-04
-5.849562915870412026e-05
-2.120396366781185859e-04
-1.794066806557129481e-02
-6.427036482934155893e-03
-4.350099183064963862e-03
-3.513256725192034002e-04
2.962017306220336797e-03
-1.561070363458733610e-04
2.970187944043597477e-06
9.632567434443760698e-06
1.899061784329614342e-04
-5.152730591550536967e-04
-7.713593143130258276e-05
-2.632950051120837493e-04
-6.565523909333754321e-03
-1.403532199299766144e-02
-2.553974663428067778e-03
4.273738497760792452e-04
2.961270413820534051e-03
2.469086457925331120e-04
1.118251496890235369e-05
-1.119240536312232631e-04
8.229801214871798839e-07
-2.795039313045104084e-04
-6.069327770528176079e-05
-3.765636557161263138e-04
2.111795640530558793e-03
-1.273535360525066169e-02
-2.562899094566594891e-04
-2.192235609847939352e-03
2.468898586165834373e-03
7.694153500352311249e-04
-6.094922699551110114e-05
8.278741469768572888e-05
6.968762145689821571e-05
-1.414175663362065194e-04
-1.364699313722386482e-04
-5.170620217756668720e-04
9.435752500930885906e-04
-5.845232310665806784e-04
-8.056492158224105860e-03
-6.442432997674905903e-03
1.797937284659419837e-03
1.249223648778547639e-03
-1.613050561996445624e-04
-4.587277108884839577e-05
-1.065953158144742816e-04
-1.505525283258715003e-04
-3.569817436959557056e-04
-4.905661046041862126e-04
7.729010990170325206e-04
-5.215881013674838725e-04
-7.981063183014421372e-03
-6.604512010974804281e-03
1.774692067107651490e-03
1.316868940158637475e-03
-1.542978375262265027e-04
-4.871845238079226717e-05
-9.227975128585035980e-05
-1.366488125355354473e-04
-3.572937054329138073e-04
-4.924778272639678944e-04
1.941124794390387907e-03
-1.277915182550333137e-02
-1.699351388427592757e-04
-2.628884523348298894e-03
2.481947711283107906e-03
8.245946585131131790e-04
-7.059705223975680662e-05
8.680972167464644923e-05
7.926052123908882069e-05
-1.330637018822160538e-04
-1.525456806007352995e-04
-5.198410672404511074e-04
-6.396823456766793925e-03
-1.396832058133815578e-02
-2.635421289047631954e-03
3.667998487217507121e-04
2.973435795704119314e-03
2.715123626261313917e-04
6.413024699015513588e-06
-1.052139798182048536e-04
9.905529971873960389e-07
-2.732908011278936591e-04
-7.099675342210345571e-05
-3.759731039408532524e-04
-1.764140942172669202e-02
-6.460607564574922558e-03
-4.368429629814116720e-03
-3.194373212457391007e-04
2.988850632408722539e-03
-1.465675139024286491e-04
2.594864897166572377e-06
6.003350198303716326e-06
1.871265054567094977e-04
-5.005886400065419567e-04
-8.071365727618763034e-05
-2.597904064924934516e-04
6.821206984208647971e-04
-4.979471379802745125e-05
2.483549898086203755e-04
2.203076377325015745e-06
-5.257908964465468149e-05
-7.566739686819448556e-07
-6.689478152304594335e-07
8.132667738805018993e-06
1.693649831965705861e-05
-9.697850177397512498e-06
1.667928444382525374e-06
7.287453481012458450e-08
2.999534196784934474e-04
4.899576297271812062e-05
3.822355594568191167e-04
-1.463692463637903920e-05
-7.949100620842586501e-05
1.102280563615653874e-05
1.754990385278338720e-06
8.200911354960577728e-06
1.980674107710047278e-05
-5.032216772715377910e-06
-1.349215109625023071e-06
1.283615832720480478e-07
9.088365177355223385e-05
7.121114304530550628e-05
1.954852808833403932e-04
4.231807877678650433e-04
-6.717221932726300275e-05
3.251594140856352012e-05
4.315214805245154224e-06
1.478962463912275958e-05
7.888010090040183751e-06
3.747350158530800759e-07
9.398537051858670048e-06
1.917084311335574316e-06
2.463398674900682376e-05
8.665276190932088196e-05
-6.567620744351303664e-05
1.666075751413744258e-04
-9.027069134232086254e-05
4.739627060140459724e-05
-1.141863673734146015e-05
-1.567283599771275083e-06
-1.324343968889828192e-05
5.824022286875917839e-06
1.106240113235778548e-05
2.759811004627390875e-06
4.950729916029726857e-05
6.809448033901053957e-05
-2.082601861356200279e-06
1.113222872625374495e-04
-8.153899154846757746e-06
3.954605932215681663e-05
2.022574262841289998e-06
-1.053883764406912083e-05
1.459680830120192682e-05
6.184981045154761209e-06
-2.232090216333639833e-07
-1.104942851833042410e-06
4.544911758561374958e-05
-7.449597176327606645e-06
3.082349504063756191e-04
-1.824241840162902294e-04
4.332153795458173334e-05
-3.809898000384883394e-06
-6.142518575314257899e-06
2.194185135452381393e-05
9.064136710419038777e-06
-2.071392579609834135e-06
-1.063996420091571497e-05
-2.389484741329471437e-06
-3.555029659191691652e-05
5.750105201876461847e-05
7.459543620903231456e-05
-4.925186149890472664e-04
6.035558100591132433e-05
1.139458696336513257e-05
1.153867838831196150e-05
1.336315163283830523e-05
-2.871575753636748240e-05
-1.127376217022812731e-06
-6.823713256969065203e-06
-3.665461909254576167e-08
3.053407073362603922e-04
-3.479235416761581202e-04
-2.395217308668601416e-04
-4.875144689229447261e-04
6.069866814201142421e-05
-3.556523239097243488e-05
7.786900469028411014e-06
-2.051524709810846010e-05
1.067278059849569876e-05
-6.273740407897908607e-06
-7.369409848667048031e-06
2.264892954653225637e-06
6.052169369571390456e-04
-1.140040991735072985e-04
6.128704370580839299e-05
1.853955687156500767e-05
-3.628532850152663559e-05
6.353959650071074980e-06
6.734225196735472952e-07
-1.657193551052150459e-05
1.840753182936314642e-05
-9.373336245281936379e-06
-2.180531442573948725e-06
5.578020231869646411e-07
2.391864327951894950e-02
5.407255401532239450e-03
5.037564264798972263e-03
3.908480483180841892e-04
-3.171084657044109020e-03
1.981590271047284531e-04
6.898096374185943052e-06
-5.100606620590990097e-05
-3.307501969587567478e-04
6.250272115909493017e-04
5.577431759482576889e-05
2.163674098325686765e-04
1.838646843179554680e-02
6.444218330400978099e-03
4.827649111825474924e-03
3.369329018531653001e-04
-3.060810021146503565e-03
1.402139719393718207e-04
-4.067287773241481061e-06
-1.415129684719409213e-05
-1.707510783341786268e-04
5.117626576852671652e-04
7.978621476813324803e-05
2.606102516362590713e-04
6.646636065455077159e-03
1.361854487148022631e-02
2.881455001789482405e-03
-3.984196108728221158e-04
-3.030944415382480408e-03
-2.635672767613323093e-04
-1.480705364989388485e-05
1.281869586936470876e-04
-3.404490776823332618e-07
2.909949639060991299e-04
7.136210194838029210e-05
3.802700317272047830e-04
-1.907093082982822549e-03
1.257653189309928220e-02
1.895252472108587840e-04
2.558055206903735081e-03
-2.544988274453727738e-03
-7.995520885523067951e-04
5.864218741944061562e-05
-8.965900910214959294e-05
-7.882157959145017466e-05
1.445976693454795669e-04
1.446531206621125027e-04
5.305134118617938366e-04
-7.015073926845485919e-04
5.782590717597817318e-04
7.924383282998265568e-03
6.627053694665864698e-03
-1.846183839276710134e-03
-1.328084709663637742e-03
1.845044035889383590e-04
2.721329841644341683e-05
1.115511288404910135e-04
1.626625578767084475e-04
3.708316428664613592e-04
4.595786842593672494e-04
-8.187943143755692724e-04
5.868328856794480979e-04
8.158584483552082031e-03
6.440532780864987802e-03
-1.794254073446399037e-03
-1.290702176784474554e-03
1.359847230392334028e-04
7.062121859656793051e-05
1.301168657632124762e-04
1.302013321066446301e-04
3.396427223433762200e-04
4.927250170617305646e-04
-2.162731106647884302e-03
1.281306226121018722e-02
2.728662616542563936e-04
2.320597012356407328e-03
-2.430995414485589545e-03
-7.671314868925659764e-04
4.179259971226142751e-05
-4.703054500469136263e-05
-3.700921949830363153e-05
1.134691203483293321e-04
1.172293341530208444e-04
5.509430041231233111e-04
6.776267232432188828e-03
1.390145183673765876e-02
2.830224575733561194e-03
-4.150274511010002996e-04
-2.958959600495194523e-03
-2.683382428826102013e-04
-5.874692752463275163e-06
6.943628176532450958e-05
-1.277040624741245513e-06
2.737445362640950606e-04
6.708439324429317735e-05
3.863890293086463877e-04
1.859772769967286965e-02
6.434327574562926852e-03
4.804787929337149370e-03
3.417655428322907869e-04
-3.020193780207498443e-03
1.201841385158715700e-04
-2.856932327640710727e-06
-5.778588345514289355e-05
-1.881186734963840462e-04
5.218607973961541732e-04
8.242664143661137264e-05
2.615958347925427551e-04
4.916531223586026456e-02
1.187018463779668243e-02
8.138587458623327761e-03
-1.834706595834682125e-03
-4.961001531730240390e-04
-2.638832132773835884e-05
2.584511566670776630e-06
-1.167632345259545716e-04
-7.122534736536802007e-05
3.916727547753621921e-04
5.778918642755164435e-05
6.189346529453940626e-04
3.813452722991653165e-02
1.495510377703101156e-02
8.288962108841453624e-03
3.134985835526190407e-04
-3.044539918536420288e-03
-1.935190384602221913e-04
-1.848894717229330351e-06
-7.086039112982463694e-05
-7.204301684530072252e-05
4.119113897865099203e-04
5.738631425456661931e-05
6.597857457846065688e-04
5.968547128160035797e-03
3.222331386466793790e-02
8.227346029497751428e-03
3.748204052437465925e-04
-3.517083952546377987e-03
-5.425914686431028769e-04
3.765585921673285548e-05
4.234498842367626043e-05
8.368510907305004996e-06
2.354682315319502582e-04
1.497980804360199100e-04
7.365366291972646941e-04
-2.767676411054928540e-03
2.306575452818779987e-02
5.167018775303952767e-03
-3.645310568189737577e-04
-3.220181241245778474e-03
-1.057005757154068143e-03
4.009135360256156465e-05
-8.518920646879675493e-06
9.664647902244979472e-05
1.298457497734788863e-04
3.158621150560543978e-04
7.240880075041045529e-04
-8.574355343340372276e-04
9.709794441113624467e-04
4.843630220414378400e-03
9.079061763720456049e-03
-2.511744953278797696e-03
-1.715665213484573234e-03
-4.721228265367252968e-05
-1.989230650695336162e-05
6.170050015126017900e-05
8.153791512180674468e-05
4.524432675816742301e-04
6.152697177102408417e-04
-1.009520174414092622e-03
9.500617715288824311e-04
4.727771687416574588e-03
9.165250335089396988e-03
-2.536394216690199613e-03
-1.664121212460048863e-03
-4.738791098390423694e-05
-1.058312258362533543e-05
8.291749705860651997e-05
1.019267959996746618e-04
4.401974224275335729e-04
6.171406883231130968e-04
-3.006903440614740880e-03
2.387681209374027322e-02
5.194997219251873410e-03
-3.285758369080656939e-04
-3.238458421193885373e-03
-1.031541747025214008e-03
2.719878544231755930e-05
-4.697879932529555677e-06
1.416080713268650856e-04
1.456185805366014307e-04
2.956093901601361952e-04
7.259950616863568729e-04
5.917028417183940563e-03
3.374805451096180714e-02
8.287547838079091511e-03
3.508834025778610429e-04
-3.565194452424762846e-03
-5.462532140116182306e-04
4.628117702177456458e-05
3.219710165049856219e-05
1.211691586060655555e-05
2.543169476173235137e-04
1.433753413293413124e-04
7.345808361959823337e-04
3.821164701536319819e-02
1.490319038263062008e-02
8.290144824016153213e-03
2.987291666751467397e-04
-3.051501045786682905e-03
-2.001837960697230173e-04
-1.379234575569536929e-06
-8.927089494496626945e-05
-8.769471275680430615e-05
4.323859837698043628e-04
6.134168449419135651e-05
6.549205502890321400e-04
7.995383334300099065e-02
2.196438238826660047e-02
9.130478633102234731e-03
1.578729115661583950e-04
1.262523895220625644e-04
7.775268909908982580e-05
2.005223379176913759e-05
1.964254481682211663e-04
6.361040276475424249e-05
-4.226315725079540482e-05
7.544064173592055726e-05
9.744865289482575839e-04
5.501104310406350340e-02
3.968027702151975117e-02
9.627993394919105719e-03
3.058082694130011958e-05
-2.019632827241244573e-04
-6.544966983210634263e-05
-9.066063238455551425e-06
1.497351318595993726e-04
5.431336596092199717e-06
-1.696319113244895211e-05
9.949116453855670259e-05
1.002646553634735328e-03
4.361476112656497393e-03
5.017726649017573148e-02
1.101222615284441417e-02
-1.991250102132109483e-04
-7.103876912715127289e-04
6.150561335064936490e-05
-1.461446449493454814e-05
1.714823559341143854e-04
2.025781392272062655e-05
-3.697514346747076617e-06
2.138937541944579371e-04
9.962367562331043026e-04
-2.437966609784755854e-03
3.289868128007115283e-02
1.355850730936882138e-02
-1.728516602793571795e-05
-8.329816969736309352e-04
3.476301143969529875e-04
4.164939763370623566e-05
4.295268087860854478e-05
1.631798092621654492e-04
-9.959582112499937290e-06
2.923737555189624563e-04
9.243168279207654783e-04
-7.964211529611604041e-04
1.457526172665186276e-02
1.230543505814803151e-02
7.730183352427793825e-04
-5.040240383117052057e-04
1.254239043797394405e-04
4.662020005706890373e-05
-2.514826413695772552e-05
1.224149873168326440e-04
-1.015493330691237548e-06
4.278030148978924189e-04
7.183772142111556191e-04
-8.518925679656563126e-04
1.482898918618532312e-02
1.201415311507487808e-02
8.128379046458704318e-04
-5.016490129538575581e-04
1.235025317988724058e-04
6.504993506629288907e-05
-3.333487822343710483e-05
1.000026042855358581e-04
2.183747836813563202e-05
4.227227232472943524e-04
7.126271582853997266e-04
-2.590052224401048330e-03
3.472087374160600509e-02
1.352132170253326875e-02
-3.711735356740640171e-05
-8.334790608579721247e-04
3.386995416608768817e-04
6.037502131699984561e-05
4.294770719485801992e-05
1.645810885805530914e-04
-2.014314010564581053e-06
2.807771078360129179e-04
9.235765078510283291e-04
4.357204360589052479e-03
5.418051777991982065e-02
1.092985626522738341e-02
-2.054041448697546072e-04
-7.071780129504150842e-04
6.075271633623328835e-05
-2.732826586027873311e-06
1.848756700881284932e-04
2.604958879229290358e-05
-1.962690576309993709e-06
2.091990328395656486e-04
1.002895505553545600e-03
5.406781802757926192e-02
4.229760654116701546e-02
9.554416242162994122e-03
3.055834738179940679e-05
-1.975128105596667789e-04
-6.504384874683201943e-05
-8.422486719248844765e-06
1.730204553412290709e-04
1.605495837789456475e-06
-1.330759665025704463e-05
1.022083293325875761e-04
1.003642982860721098e-03
1.308976146707173938e-01
4.309669539692902174e-02
9.328427582865589374e-03
1.555102853194180630e-02
6.823002006534180201e-03
4.694013635162754450e-04
1.781701852286834758e-05
2.440105185641045155e-04
-1.455239142167363504e-06
1.417907720773998018e-05
6.927945146474506267e-05
2.726479386709944959e-04
4.499877225689304094e-02
9.841913923129783082e-02
1.006065188467491524e-02
1.314384199421663076e-02
5.533068586811154717e-03
2.028901212400321507e-04
-1.468294154957512384e-05
2.959595589436288384e-04
4.716435590780019085e-06
4.389574423505089839e-05
1.115907547193468536e-04
3.450978025717200666e-04
9.355007647972656687e-03
7.114628595593730509e-02
1.265153552005734636e-02
9.086375369007715710e-03
2.301654977545662239e-03
-7.022720809823921934e-05
-8.313780680701980390e-06
2.356778546232165151e-04
3.714340825727188125e-05
3.490633952903361237e-05
1.115584142708873612e-04
5.160677832737490742e-04
2.157612780077961423e-04
3.628488896154614951e-02
1.745226612657783949e-02
2.348495638611621894e-04
5.259680556132800486e-03
6.121253393964094531e-04
4.633385297950589395e-05
4.933054426899540921e-05
1.372766321521788342e-04
1.024265342669851973e-05
1.814035723447757513e-04
6.758719891067743301e-04
1.566469959585330141e-02
1.202315299562402252e-03
2.030832989083366721e-02
-3.565387651813552291e-04
2.720455589477144276e-03
1.787543950885055969e-03
9.423450097287460318e-06
-4.408564997886708393e-06
1.875768321056969898e-05
-2.363614411636842471e-05
4.245792432857007910e-04
5.955959756822748604e-04
1.590787990226063750e-02
1.203710148782952518e-03
1.973668250435063609e-02
-3.580532381251808646e-04
2.813520333124911246e-03
1.714945415485535571e-03
2.519579029657608720e-05
-6.444717281123713190e-06
-9.336251873817601191e-06
-1.693893682469404556e-05
4.264051340027144501e-04
5.977888867667824303e-04
2.238000174440498856e-04
3.703228600371603896e-02
1.725607245377496282e-02
2.376747315435911404e-04
5.418988096844754888e-03
5.887527710702462848e-04
8.339376103755269853e-05
4.734398477211451168e-05
1.368412996545860971e-04
8.026753269729087586e-06
1.820579954767552629e-04
6.957823850488825766e-04
9.552251792753940068e-03
7.378751822944261407e-02
1.253945684838672810e-02
9.251758574945322805e-03
2.329914632744262137e-03
-6.067101543889118215e-05
8.466861080718857005e-06
2.350232420842397285e-04
3.993407875297619384e-05
3.245788699432738391e-05
1.111256631341606246e-04
5.356417155657712450e-04
4.707615535948561636e-02
1.099692260212111056e-01
9.993902429707631277e-03
1.323776522389555864e-02
5.535560261497060250e-03
2.059659283046693377e-04
-1.341167022808339448e-05
3.025271096487700700e-04
5.325294837393215860e-06
4.009533876295405075e-05
1.119248598748600574e-04
3.534967749155909695e-04
1.132480775384792221e-01
2.209417681274848388e-01
1.123379905751597380e-01
1.052415901300644829e-02
1.776457876059901048e-02
5.150395530795724968e-04
6.091652893530339778e-06
1.483874254530439033e-04
-2.605234393572499352e-05
-5.022917159564691348e-06
1.109434239447588097e-05
4.608753191058020254e-04
9.338852897063558423e-02
1.653860706900078248e-01
8.160196754013385179e-02
1.125384759340057432e-02
1.797689210207529045e-02
4.909739142770064421e-04
-8.886989496838404868e-06
1.664719859849609805e-04
-3.454017610484058089e-05
-6.745349239325579162e-06
3.605525153416198821e-05
2.036403697840241428e-04
1.742008950103056744e-02
8.626998017245966766e-02
1.280383252113424276e-02
4.847548694768692712e-02
1.674235646727226592e-02
1.401405101373937772e-04
4.911014430101503462e-05
1.238676805465273062e-04
-1.208110663555908312e-05
-3.893260661250391388e-06
2.475560497302139513e-05
8.791790536418858499e-08
4.341324645559241358e-02
2.565338067546611006e-03
1.789699240808433067e-02
1.411158975170638541e-02
1.974977156199467232e-02
-5.740637651230334889e-05
3.767127014039730096e-05
1.111896128880569175e-05
4.009103817288133898e-05
-1.168142145524428185e-05
1.007444635456012326e-04
1.093012824097877508e-04
3.373114291244107971e-02
1.227148614771964887e-02
8.681259285450658100e-03
7.248935193914714768e-03
4.946512735574424419e-03
7.216195323951016954e-04
-2.021926536199831783e-06
9.561968649981829117e-07
-9.099806625819519088e-06
-1.367960097540764997e-05
2.448606008893094033e-04
2.798911845881445139e-04
3.452375110192222596e-02
1.233950895755717841e-02
8.568902873810759629e-03
7.219553114355864269e-03
5.262532718635360741e-03
6.631497889173498805e-04
-3.651871549442752437e-07
1.257925767459926012e-06
-1.900869609978239771e-05
-9.256026564377732851e-06
2.519218345687793755e-04
2.837979747425502589e-04
4.427840858757656206e-02
2.521322799149219775e-03
1.776801752686898647e-02
1.403493824420233918e-02
2.047134383986927084e-02
-5.092089981535850889e-05
5.749532170571806559e-05
1.056639449092256572e-05
4.010374803562439470e-05
-9.581588747276932160e-06
1.046848365572133698e-04
1.137046222257943071e-04
1.730977317190857123e-02
8.428921112074501398e-02
1.276282392323758660e-02
5.042950050611879481e-02
1.677274359425917974e-02
1.529735360870854090e-04
7.112950991601599000e-05
1.261487781924986395e-04
-1.295001177714273050e-05
-2.255917355697811399e-06
2.725774093606034960e-05
8.646595817843913174e-08
1.001049534312411227e-01
1.620238725084296727e-01
8.219362724181687729e-02
1.129577606780965068e-02
1.799823811670264381e-02
4.612997924258986919e-04
-7.134428132606272958e-06
1.696047627970016542e-04
-3.501914068134975296e-05
-6.070287254935450337e-06
3.496550038674849716e-05
2.067230806223617522e-04
2.545680335928839910e-01
4.136014039325908720e-01
4.655507638634467371e-01
9.157829937655225308e-03
4.110756699684322418e-02
4.757482002808159790e-04
9.890923754415643741e-07
1.443367437787347572e-05
9.704489314272923326e-06
1.188178572669268194e-05
-9.835500137938171225e-06
6.642263385749684612e-03
1.740462019602499466e-01
2.842466123484913565e-01
2.661130043827215075e-01
9.631423076746080045e-03
4.255583936547321228e-02
3.966552031454195835e-04
3.269179188161575717e-05
1.721841926885641573e-05
8.397623205949562974e-06
-1.231030773936884803e-06
-6.274587434302470782e-07
3.899530066697573256e-03
1.374610135142040612e-01
2.629658398730738353e-02
1.202922610082482746e-01
1.165537471349541339e-02
4.703132096282660463e-02
3.488075817893985272e-04
8.851021737476145188e-05
2.569158163259865332e-06
4.139331842977309586e-06
-3.087861102228171281e-05
1.006813319678584153e-05
8.523264973303513103e-04
5.531724375769427743e-02
1.777917820549278216e-02
1.466009582604468897e-02
4.352238432302166921e-02
2.289156281121615052e-02
1.812991392833153162e-05
4.341180503313132137e-06
1.202987109450116798e-06
-5.845400685320778810e-06
-4.524640535912955011e-05
4.476998944374490437e-05
3.066612387964729082e-05
3.155779426862463655e-02
2.459995543686021441e-02
2.710415544376396438e-02
4.367733461310729925e-02
2.323394873012879763e-03
7.112781778789019317e-05
8.454114416732145443e-08
1.261569989326973140e-06
-2.668544871982011312e-05
-3.865863369145750434e-05
1.020636290243361874e-04
5.595336863004998535e-05
3.165226301279031040e-02
2.513345484591423748e-02
2.743829114459885379e-02
4.306557849431897483e-02
2.440812797248858180e-03
6.523790014703481719e-05
-2.193594674558950482e-07
1.254906147709781215e-06
-2.823229045811526572e-05
-3.281284472569811930e-05
1.095790365959931924e-04
5.578443797673089840e-05
5.526551485286758381e-02
1.757614000359224160e-02
1.456985344043288354e-02
4.246706556981516556e-02
2.300294563716471022e-02
2.330556140415501070e-05
6.016928589845842221e-06
1.167485073172042769e-06
-5.799022702070086322e-06
-3.771532452511533825e-05
4.925776768797753848e-05
3.417857995851529795e-05
1.380717812951800516e-01
2.543095835087786152e-02
1.224750570222384732e-01
1.156100544822549238e-02
4.695291949603380005e-02
3.397754066486150686e-04
1.045411312777659346e-04
3.265378288237129539e-06
4.266638234336814540e-06
-2.180783246679348316e-05
1.244201751983506201e-05
9.024808473115249717e-04
1.723731723011320549e-01
2.946841601686105983e-01
2.570432017217944010e-01
9.668530018630912617e-03
4.263021606450183298e-02
3.634150545988432037e-04
3.596481011240623807e-05
1.734290237552390030e-05
8.497169901497783175e-06
1.047814717452121401e-05
5.744831674746774392e-09
4.048769723915513277e-03
