# (10368,)
0.000000000000000000e+00
0.000000000000000000e+00
0.000000000000000000e+00
2.527682381979479143e-13
1.262508977570298008e-12
1.948680800056834528e-12
3.433758926391601562e+01
7.990112304687500000e+01
5.575576782226562500e+02
-2.107772827148437500e+00
-7.002022743225097656e+00
4.208226013183593750e+01
2.536551856994628906e+01
5.996006774902343750e+01
2.325812988281250000e+02
-5.954812526702880859e+00
-2.141396713256835938e+01
2.951914310455322266e+00
1.684551429748535156e+01
3.957283020019531250e+01
2.241014404296875000e+02
-8.030187606811523438e+00
-3.001894187927246094e+01
3.692209422588348389e-01
2.146046829223632812e+01
4.218527603149414062e+01
1.176585617065429688e+02
-8.081032752990722656e+00
-2.839029502868652344e+01
-4.916176319122314453e+00
1.076856231689453125e+01
2.692607307434082031e+01
-7.473894119262695312e+00
-1.984465026855468750e+01
2.963538551330566406e+01
-9.317285537719726562e+00
-7.486072851024816455e-13
-6.304306035542772690e-13
-1.438351499537249278e-12
-6.544691004417568791e-13
-1.581639333392281799e-12
-1.086645313660983270e-12
-1.076856231689453125e+01
-2.692607307434082031e+01
7.473894119262695312e+00
1.984465026855468750e+01
-2.963538551330566406e+01
9.317285537719726562e+00
-2.146046829223632812e+01
-4.218527603149414062e+01
-1.176585617065429688e+02
8.081032752990722656e+00
2.839029502868652344e+01
4.916176319122314453e+00
-1.684551429748535156e+01
-3.957283020019531250e+01
-2.241014404296875000e+02
8.030187606811523438e+00
3.001894187927246094e+01
-3.692209422588348389e-01
-2.536551856994628906e+01
-5.996006774902343750e+01
-2.325812988281250000e+02
5.954812526702880859e+00
2.141396713256835938e+01
-2.951914310455322266e+00
-3.433758926391601562e+01
-7.990112304687500000e+01
-5.575576782226562500e+02
2.107772827148437500e+00
7.002022743225097656e+00
-4.208226013183593750e+01
-6.368074035644531250e+01
-4.646466445922851562e+01
-5.646284790039062500e+02
-3.047122240066528320e+00
9.551070213317871094e+00
-4.266048812866210938e+01
-7.710668563842773438e+00
-5.264633655548095703e+00
-1.167907476425170898e+00
5.647841095924377441e-01
-6.203786656260490417e-02
-2.056150138378143311e-01
7.149996185302734375e+01
7.553064727783203125e+01
2.269802284240722656e+01
-1.706709480285644531e+01
-1.325314426422119141e+01
-5.252950787544250488e-01
3.961812973022460938e+01
3.172539138793945312e+01
5.217365264892578125e+01
-2.250971031188964844e+01
-2.795703697204589844e+01
-5.615170300006866455e-02
3.855481719970703125e+01
2.849461746215820312e+01
7.156228637695312500e+01
-1.961308097839355469e+01
-3.568456268310546875e+01
-4.924549102783203125e+00
2.824421310424804688e+01
1.509301567077636719e+01
-2.013161182403564453e+00
-3.153305816650390625e+01
2.806427192687988281e+01
-1.018042659759521484e+01
1.590643787384033203e+01
-1.325600337982177734e+01
6.535602569580078125e+00
-2.281395530700683594e+01
4.399171352386474609e+00
-5.592234611511230469e+00
-2.574031639099121094e+01
-1.378629493713378906e+01
-1.463008880615234375e+00
1.025514698028564453e+01
-2.254725456237792969e+01
7.283555984497070312e+00
-3.159200859069824219e+01
-3.275830459594726562e+01
1.559976673126220703e+01
-7.067678833007812500e+01
-1.195616149902343750e+01
9.914956092834472656e+00
-4.376023101806640625e+01
-3.746212387084960938e+01
-1.536611785888671875e+02
2.655425071716308594e+01
-6.099876403808593750e+00
4.728998661041259766e+00
-8.286601257324218750e+01
-3.763359069824218750e+01
-1.453576965332031250e+02
2.487743377685546875e+01
-7.415175437927246094e+00
-3.534430265426635742e-01
-9.238183593750000000e+02
-5.141551589965820312e+01
-1.219196166992187500e+02
2.094377136230468750e+01
-5.775022506713867188e+00
-9.816740751266479492e-01
-3.759313201904296875e+01
-4.813977050781250000e+01
-2.340230865478515625e+02
-5.776517868041992188e+00
3.245380401611328125e+01
-2.972380638122558594e+00
-6.971942138671875000e+01
-7.699167633056640625e+01
-2.306081771850585938e+01
1.462494373321533203e+01
1.381855201721191406e+01
-2.258583344519138336e-02
2.570223569869995117e+00
-6.087310314178466797e-01
3.874934613704681396e-01
-1.357690542936325073e-01
2.043333500623703003e-01
-4.284764826297760010e-01
5.151984405517578125e+01
8.401565551757812500e+01
7.076390743255615234e+00
-2.354572105407714844e+01
-1.430979824066162109e+01
-1.201709136366844177e-01
4.011128616333007812e+01
5.233143615722656250e+01
1.242533683776855469e+01
-2.593326950073242188e+01
-3.110635757446289062e+01
-4.060116767883300781e+00
3.533849334716796875e+01
4.128102493286132812e+01
-2.104121398925781250e+01
9.903426170349121094e+00
-3.446492004394531250e+01
-1.062551879882812500e+01
2.517093467712402344e+01
-7.860151290893554688e+00
1.478148651123046875e+01
-3.321494293212890625e+01
-2.053592920303344727e+00
-1.162570285797119141e+01
1.113799858093261719e+01
-4.141090393066406250e+01
-2.295741462707519531e+01
1.688830947875976562e+01
-1.426389980316162109e+01
1.357411265373229980e+00
-5.965689468383789062e+01
-2.362412071228027344e+01
-1.132498621940612793e+00
-3.237183380126953125e+01
-8.763109207153320312e+00
1.194009399414062500e+01
-1.111891021728515625e+02
-3.215900802612304688e+01
-8.817811584472656250e+01
1.643283081054687500e+01
-1.072808170318603516e+01
1.279931735992431641e+01
-2.880780334472656250e+02
-3.834881973266601562e+01
-1.227132720947265625e+02
2.428826904296875000e+01
-1.136471652984619141e+01
7.830245018005371094e+00
-8.263191986083984375e+01
-3.774608612060546875e+01
-1.464873962402343750e+02
2.427966499328613281e+01
-7.120165348052978516e+00
-5.103891715407371521e-02
-2.145579147338867188e+01
-3.475935363769531250e+01
-2.227324371337890625e+02
-7.089835166931152344e+00
4.456814575195312500e+01
-7.767072319984436035e-01
-4.045955276489257812e+01
-3.207938766479492188e+01
-5.275756835937500000e+01
2.130376052856445312e+01
2.830898284912109375e+01
-1.233969721943140030e-02
-5.139512634277343750e+01
-8.386787414550781250e+01
-6.322332382202148438e+00
2.388082504272460938e+01
1.472754478454589844e+01
-8.422075957059860229e-02
-2.615771293640136719e+00
-1.493829369544982910e+00
2.174897640943527222e-01
-1.273757666349411011e-01
-2.300425767898559570e-01
2.527599968016147614e-02
3.862254714965820312e+01
1.016545639038085938e+02
-1.529796719551086426e+00
-2.430569267272949219e+01
-2.026750183105468750e+01
2.875250577926635742e+00
4.072335052490234375e+01
8.888587951660156250e+01
-4.341305923461914062e+01
-8.993309020996093750e+00
-1.143708705902099609e+01
-8.695116996765136719e+00
3.065286254882812500e+01
8.212319183349609375e+01
-3.952680969238281250e+01
-4.013456726074218750e+01
-2.510397195816040039e+00
-1.569118404388427734e+01
2.667851829528808594e+01
-6.019688415527343750e+01
7.902121734619140625e+01
-3.226173019409179688e+01
-1.357837200164794922e+01
-1.100824069976806641e+01
-1.216210861206054688e+02
1.049630069732666016e+01
-2.107512855529785156e+01
-4.097827434539794922e+00
-6.628330707550048828e+00
2.974441766738891602e+00
-2.636470642089843750e+02
-2.386478614807128906e+01
-6.303345561027526855e-01
-4.991749191284179688e+01
7.966342926025390625e+00
2.494010353088378906e+01
-1.106434173583984375e+02
-3.173316574096679688e+01
-8.800542449951171875e+01
1.654586601257324219e+01
-1.051619434356689453e+01
1.272840118408203125e+01
-4.415903091430664062e+01
-3.744442749023437500e+01
-1.536564483642578125e+02
2.583375740051269531e+01
-5.301803588867187500e+00
4.793261051177978516e+00
-2.217716598510742188e+01
-4.021409225463867188e+01
-1.165629043579101562e+02
-2.614892244338989258e+00
4.021242523193359375e+01
4.779171943664550781e+00
-3.867480468750000000e+01
-2.890461349487304688e+01
-7.170225524902343750e+01
1.884999847412109375e+01
3.539914703369140625e+01
4.637946128845214844e+00
-4.093254852294921875e+01
-5.286858749389648438e+01
-1.248299026489257812e+01
2.543039894104003906e+01
3.032368087768554688e+01
3.927787065505981445e+00
-3.877760696411132812e+01
-1.019435729980468750e+02
1.467495560646057129e+00
2.381366157531738281e+01
2.003105735778808594e+01
-3.641350746154785156e+00
-3.176850080490112305e-02
-1.294677376747131348e+00
8.174305409193038940e-02
-4.959252476692199707e-01
-3.851582407951354980e-01
-2.708574533462524414e-01
3.277619171142578125e+01
1.220612411499023438e+02
-4.713851165771484375e+01
-3.199820518493652344e+01
-2.698433399200439453e+00
9.579675674438476562e+00
3.983592605590820312e+01
1.547943115234375000e+02
-5.196716308593750000e+01
-4.203269195556640625e+01
-8.521482467651367188e+00
-1.829109787940979004e+00
3.383245468139648438e+01
-9.673248291015625000e+01
1.814577789306640625e+02
-4.696826171875000000e+01
-2.450979614257812500e+01
-1.121694469451904297e+01
2.658477210998535156e+01
-1.555099182128906250e+02
1.027355499267578125e+02
-3.370914459228515625e+01
-1.600467300415039062e+01
-1.505088424682617188e+01
-1.214431991577148438e+02
1.030213260650634766e+01
-2.136933135986328125e+01
-4.350701332092285156e+00
-5.864009857177734375e+00
3.115005970001220703e+00
-5.951506805419921875e+01
-2.387012290954589844e+01
-9.781664013862609863e-01
-3.228645706176757812e+01
-8.519129753112792969e+00
1.156769466400146484e+01
-3.221202850341796875e+01
-3.197163963317871094e+01
1.571076583862304688e+01
-6.940150451660156250e+01
-1.116399955749511719e+01
9.771759986877441406e+00
-9.817904472351074219e+00
-2.821534538269042969e+01
1.287767052650451660e+00
2.587251281738281250e+01
-2.922622871398925781e+01
8.922448158264160156e+00
-2.837834930419921875e+01
-1.451662826538085938e+01
1.989807844161987305e+00
3.071064186096191406e+01
-2.790259361267089844e+01
9.843745231628417969e+00
-3.568466949462890625e+01
-4.146202850341796875e+01
1.996094512939453125e+01
-1.255647087097167969e+01
3.695635223388671875e+01
1.010052490234375000e+01
-4.163558578491210938e+01
-8.934197998046875000e+01
4.148614883422851562e+01
-1.309837579727172852e+00
2.246973800659179688e+01
8.638876914978027344e+00
-3.415300369262695312e+01
-1.221097793579101562e+02
4.544092559814453125e+01
3.094919395446777344e+01
3.671589136123657227e+00
-9.016230583190917969e+00
-2.110430717468261719e+00
-2.222214192152023315e-01
-2.044164761900901794e-02
-3.558744490146636963e-02
-3.028023056685924530e-02
-5.567110329866409302e-02
3.336609649658203125e+01
1.453861389160156250e+02
-3.454829025268554688e+01
-4.067310333251953125e+01
3.586081981658935547e+00
-1.564645320177078247e-01
3.601411819458007812e+01
2.108828430175781250e+02
-6.875074768066406250e+01
-5.765828323364257812e+01
-1.612865638732910156e+01
-2.037898302078247070e+00
3.374388885498046875e+01
-6.790612030029296875e+01
1.671314697265625000e+02
-4.692554855346679688e+01
-2.469512557983398438e+01
-1.197974681854248047e+01
2.722285461425781250e+01
-5.981945419311523438e+01
7.805879211425781250e+01
-3.208019256591796875e+01
-1.383967399597167969e+01
-1.024744701385498047e+01
1.111780834197998047e+01
-4.112791442871093750e+01
-2.300718688964843750e+01
1.642099380493164062e+01
-1.428793239593505859e+01
1.217910647392272949e+00
-2.572589492797851562e+01
-1.400415706634521484e+01
-1.303734421730041504e+00
9.990245819091796875e+00
-2.207813262939453125e+01
7.049352169036865234e+00
-1.033831874275303875e-12
-1.154616766779748005e-12
-1.519318633576294264e-12
5.148497188474376873e-13
-5.202209648301481248e-13
-8.708327028233986411e-13
-1.587627792358398438e+01
1.350470638275146484e+01
-6.636897563934326172e+00
2.226088714599609375e+01
-4.112696647644042969e+00
5.435575485229492188e+00
-2.564038658142089844e+01
8.336115837097167969e+00
-1.508594322204589844e+01
3.261328125000000000e+01
2.143725395202636719e+00
1.110076904296875000e+01
-3.067671203613281250e+01
-8.277937316894531250e+01
3.907943344116210938e+01
3.952751159667968750e+01
2.240633726119995117e+00
1.483384227752685547e+01
-3.938875961303710938e+01
-1.551181335449218750e+02
5.079132461547851562e+01
4.305443572998046875e+01
8.674214363098144531e+00
2.308543682098388672e+00
-3.492198562622070312e+01
-1.460882415771484375e+02
3.378775024414062500e+01
4.117098999023437500e+01
-3.246473550796508789e+00
1.176794469356536865e-01
-4.096881796485096761e-13
-7.130702278645983938e-13
-4.457558183245530214e-13
-3.533624673250634896e-13
-1.056615325832968577e-13
-5.410041446947400079e-13
3.492198562622070312e+01
1.460882415771484375e+02
-3.378775024414062500e+01
-4.117098999023437500e+01
3.246473550796508789e+00
-1.176794469356536865e-01
3.938875961303710938e+01
1.551181335449218750e+02
-5.079132461547851562e+01
-4.305443572998046875e+01
-8.674214363098144531e+00
-2.308543682098388672e+00
3.067671203613281250e+01
8.277937316894531250e+01
-3.907943344116210938e+01
-3.952751159667968750e+01
-2.240633726119995117e+00
-1.483384227752685547e+01
2.564038658142089844e+01
-8.336115837097167969e+00
1.508594322204589844e+01
-3.261328125000000000e+01
-2.143725395202636719e+00
-1.110076904296875000e+01
1.587627792358398438e+01
-1.350470638275146484e+01
6.636897563934326172e+00
-2.226088714599609375e+01
4.112696647644042969e+00
-5.435575485229492188e+00
9.817904472351074219e+00
2.821534538269042969e+01
-1.287767052650451660e+00
-2.587251281738281250e+01
2.922622871398925781e+01
-8.922448158264160156e+00
2.572589492797851562e+01
1.400415706634521484e+01
1.303734421730041504e+00
-9.990245819091796875e+00
2.207813262939453125e+01
-7.049352169036865234e+00
-1.111780834197998047e+01
4.112791442871093750e+01
2.300718688964843750e+01
-1.642099380493164062e+01
1.428793239593505859e+01
-1.217910647392272949e+00
-2.722285461425781250e+01
5.981945419311523438e+01
-7.805879211425781250e+01
3.208019256591796875e+01
1.383967399597167969e+01
1.024744701385498047e+01
-3.374388885498046875e+01
6.790612030029296875e+01
-1.671314697265625000e+02
4.692554855346679688e+01
2.469512557983398438e+01
1.197974681854248047e+01
-3.601411819458007812e+01
-2.108828430175781250e+02
6.875074768066406250e+01
5.765828323364257812e+01
1.612865638732910156e+01
2.037898302078247070e+00
-3.336609649658203125e+01
-1.453861389160156250e+02
3.454829025268554688e+01
4.067310333251953125e+01
-3.586081981658935547e+00
1.564645320177078247e-01
2.110430717468261719e+00
2.222214192152023315e-01
2.044164761900901794e-02
3.558744490146636963e-02
3.028023056685924530e-02
5.567110329866409302e-02
3.415300369262695312e+01
1.221097793579101562e+02
-4.544092559814453125e+01
-3.094919395446777344e+01
-3.671589136123657227e+00
9.016230583190917969e+00
4.163558578491210938e+01
8.934197998046875000e+01
-4.148614883422851562e+01
1.309837579727172852e+00
-2.246973800659179688e+01
-8.638876914978027344e+00
3.568466949462890625e+01
4.146202850341796875e+01
-1.996094512939453125e+01
1.255647087097167969e+01
-3.695635223388671875e+01
-1.010052490234375000e+01
2.837834930419921875e+01
1.451662826538085938e+01
-1.989807844161987305e+00
-3.071064186096191406e+01
2.790259361267089844e+01
-9.843745231628417969e+00
2.217716598510742188e+01
4.021409225463867188e+01
1.165629043579101562e+02
2.614892244338989258e+00
-4.021242523193359375e+01
-4.779171943664550781e+00
3.221202850341796875e+01
3.197163963317871094e+01
-1.571076583862304688e+01
6.940150451660156250e+01
1.116399955749511719e+01
-9.771759986877441406e+00
5.951506805419921875e+01
2.387012290954589844e+01
9.781664013862609863e-01
3.228645706176757812e+01
8.519129753112792969e+00
-1.156769466400146484e+01
1.214431991577148438e+02
-1.030213260650634766e+01
2.136933135986328125e+01
4.350701332092285156e+00
5.864009857177734375e+00
-3.115005970001220703e+00
-2.658477210998535156e+01
1.555099182128906250e+02
-1.027355499267578125e+02
3.370914459228515625e+01
1.600467300415039062e+01
1.505088424682617188e+01
-3.383245468139648438e+01
9.673248291015625000e+01
-1.814577789306640625e+02
4.696826171875000000e+01
2.450979614257812500e+01
1.121694469451904297e+01
-3.983592605590820312e+01
-1.547943115234375000e+02
5.196716308593750000e+01
4.203269195556640625e+01
8.521482467651367188e+00
1.829109787940979004e+00
-3.277619171142578125e+01
-1.220612411499023438e+02
4.713851165771484375e+01
3.199820518493652344e+01
2.698433399200439453e+00
-9.579675674438476562e+00
3.176850080490112305e-02
1.294677376747131348e+00
-8.174305409193038940e-02
4.959252476692199707e-01
3.851582407951354980e-01
2.708574533462524414e-01
3.877760696411132812e+01
1.019435729980468750e+02
-1.467495560646057129e+00
-2.381366157531738281e+01
-2.003105735778808594e+01
3.641350746154785156e+00
4.093254852294921875e+01
5.286858749389648438e+01
1.248299026489257812e+01
-2.543039894104003906e+01
-3.032368087768554688e+01
-3.927787065505981445e+00
3.867480468750000000e+01
2.890461349487304688e+01
7.170225524902343750e+01
-1.884999847412109375e+01
-3.539914703369140625e+01
-4.637946128845214844e+00
2.145579147338867188e+01
3.475935363769531250e+01
2.227324371337890625e+02
7.089835166931152344e+00
-4.456814575195312500e+01
7.767072319984436035e-01
4.415903091430664062e+01
3.744442749023437500e+01
1.536564483642578125e+02
-2.583375740051269531e+01
5.301803588867187500e+00
-4.793261051177978516e+00
1.106434173583984375e+02
3.173316574096679688e+01
8.800542449951171875e+01
-1.654586601257324219e+01
1.051619434356689453e+01
-1.272840118408203125e+01
2.636470642089843750e+02
2.386478614807128906e+01
6.303345561027526855e-01
4.991749191284179688e+01
-7.966342926025390625e+00
-2.494010353088378906e+01
1.216210861206054688e+02
-1.049630069732666016e+01
2.107512855529785156e+01
4.097827434539794922e+00
6.628330707550048828e+00
-2.974441766738891602e+00
-2.667851829528808594e+01
6.019688415527343750e+01
-7.902121734619140625e+01
3.226173019409179688e+01
1.357837200164794922e+01
1.100824069976806641e+01
-3.065286254882812500e+01
-8.212319183349609375e+01
3.952680969238281250e+01
4.013456726074218750e+01
2.510397195816040039e+00
1.569118404388427734e+01
-4.072335052490234375e+01
-8.888587951660156250e+01
4.341305923461914062e+01
8.993309020996093750e+00
1.143708705902099609e+01
8.695116996765136719e+00
-3.862254714965820312e+01
-1.016545639038085938e+02
1.529796719551086426e+00
2.430569267272949219e+01
2.026750183105468750e+01
-2.875250577926635742e+00
2.615771293640136719e+00
1.493829369544982910e+00
-2.174897640943527222e-01
1.273757666349411011e-01
2.300425767898559570e-01
-2.527599968016147614e-02
5.139512634277343750e+01
8.386787414550781250e+01
6.322332382202148438e+00
-2.388082504272460938e+01
-1.472754478454589844e+01
8.422075957059860229e-02
4.045955276489257812e+01
3.207938766479492188e+01
5.275756835937500000e+01
-2.130376052856445312e+01
-2.830898284912109375e+01
1.233969721943140030e-02
3.759313201904296875e+01
4.813977050781250000e+01
2.340230865478515625e+02
5.776517868041992188e+00
-3.245380401611328125e+01
2.972380638122558594e+00
8.263191986083984375e+01
3.774608612060546875e+01
1.464873962402343750e+02
-2.427966499328613281e+01
7.120165348052978516e+00
5.103891715407371521e-02
2.880780334472656250e+02
3.834881973266601562e+01
1.227132720947265625e+02
-2.428826904296875000e+01
1.136471652984619141e+01
-7.830245018005371094e+00
1.111891021728515625e+02
3.215900802612304688e+01
8.817811584472656250e+01
-1.643283081054687500e+01
1.072808170318603516e+01
-1.279931735992431641e+01
5.965689468383789062e+01
2.362412071228027344e+01
1.132498621940612793e+00
3.237183380126953125e+01
8.763109207153320312e+00
-1.194009399414062500e+01
-1.113799858093261719e+01
4.141090393066406250e+01
2.295741462707519531e+01
-1.688830947875976562e+01
1.426389980316162109e+01
-1.357411265373229980e+00
-2.517093467712402344e+01
7.860151290893554688e+00
-1.478148651123046875e+01
3.321494293212890625e+01
2.053592920303344727e+00
1.162570285797119141e+01
-3.533849334716796875e+01
-4.128102493286132812e+01
2.104121398925781250e+01
-9.903426170349121094e+00
3.446492004394531250e+01
1.062551879882812500e+01
-4.011128616333007812e+01
-5.233143615722656250e+01
-1.242533683776855469e+01
2.593326950073242188e+01
3.110635757446289062e+01
4.060116767883300781e+00
-5.151984405517578125e+01
-8.401565551757812500e+01
-7.076390743255615234e+00
2.354572105407714844e+01
1.430979824066162109e+01
1.201709136366844177e-01
-2.570223569869995117e+00
6.087310314178466797e-01
-3.874934613704681396e-01
1.357690542936325073e-01
-2.043333500623703003e-01
4.284764826297760010e-01
6.971942138671875000e+01
7.699167633056640625e+01
2.306081771850585938e+01
-1.462494373321533203e+01
-1.381855201721191406e+01
2.258583344519138336e-02
6.368074035644531250e+01
4.646466445922851562e+01
5.646284790039062500e+02
3.047122240066528320e+00
-9.551070213317871094e+00
4.266048812866210938e+01
9.238183593750000000e+02
5.141551589965820312e+01
1.219196166992187500e+02
-2.094377136230468750e+01
5.775022506713867188e+00
9.816740751266479492e-01
8.286601257324218750e+01
3.763359069824218750e+01
1.453576965332031250e+02
-2.487743377685546875e+01
7.415175437927246094e+00
3.534430265426635742e-01
4.376023101806640625e+01
3.746212387084960938e+01
1.536611785888671875e+02
-2.655425071716308594e+01
6.099876403808593750e+00
-4.728998661041259766e+00
3.159200859069824219e+01
3.275830459594726562e+01
-1.559976673126220703e+01
7.067678833007812500e+01
1.195616149902343750e+01
-9.914956092834472656e+00
2.574031639099121094e+01
1.378629493713378906e+01
1.463008880615234375e+00
-1.025514698028564453e+01
2.254725456237792969e+01
-7.283555984497070312e+00
-1.590643787384033203e+01
1.325600337982177734e+01
-6.535602569580078125e+00
2.281395530700683594e+01
-4.399171352386474609e+00
5.592234611511230469e+00
-2.824421310424804688e+01
-1.509301567077636719e+01
2.013161182403564453e+00
3.153305816650390625e+01
-2.806427192687988281e+01
1.018042659759521484e+01
-3.855481719970703125e+01
-2.849461746215820312e+01
-7.156228637695312500e+01
1.961308097839355469e+01
3.568456268310546875e+01
4.924549102783203125e+00
-3.961812973022460938e+01
-3.172539138793945312e+01
-5.217365264892578125e+01
2.250971031188964844e+01
2.795703697204589844e+01
5.615170300006866455e-02
-7.149996185302734375e+01
-7.553064727783203125e+01
-2.269802284240722656e+01
1.706709480285644531e+01
1.325314426422119141e+01
5.252950787544250488e-01
7.710668563842773438e+00
5.264633655548095703e+00
1.167907476425170898e+00
-5.647841095924377441e-01
6.203786656260490417e-02
2.056150138378143311e-01
5.516334152221679688e+01
5.792917251586914062e+01
4.782783813476562500e+02
-2.410020083189010620e-01
-8.530430793762207031e+00
4.244475555419921875e+01
1.963210571289062500e+03
1.998118652343750000e+03
1.273424606323242188e+02
8.852714538574218750e+00
8.671038627624511719e+00
5.314695358276367188e+01
1.121866760253906250e+02
8.525247955322265625e+01
1.058274230957031250e+02
4.142089366912841797e+00
8.244092941284179688e+00
-5.938585281372070312e+00
3.649360656738281250e+01
3.827863311767578125e+01
1.434521026611328125e+02
-5.233477592468261719e+00
9.485028266906738281e+00
-2.733434200286865234e+00
3.082119178771972656e+01
3.873196411132812500e+01
1.351224670410156250e+02
-4.233550071716308594e+00
5.852214813232421875e+00
-6.986369132995605469e+00
2.234595489501953125e+01
4.303966140747070312e+01
-1.374226093292236328e+01
2.456041425466537476e-01
6.659061431884765625e+01
-1.024793624877929688e+01
1.628988456726074219e+01
1.674773597717285156e+01
1.066598701477050781e+01
-3.465784788131713867e+00
1.919506645202636719e+01
-3.201264142990112305e+00
-1.916225051879882812e+01
5.153965950012207031e+00
-5.149111747741699219e-01
3.705227279663085938e+01
-5.144894123077392578e+00
1.044388389587402344e+01
-3.350682830810546875e+01
-6.230881214141845703e+00
-1.058462262153625488e+00
-4.450617218017578125e+01
5.464299392700195312e+01
6.984874725341796875e+00
-4.298863983154296875e+01
-1.413910961151123047e+01
-8.521719360351562500e+01
-3.221524238586425781e+00
6.419681549072265625e+01
1.554568886756896973e+00
-7.389033508300781250e+01
-4.491479873657226562e+00
-4.987111663818359375e+01
-3.615265846252441406e+00
3.414942550659179688e+01
-1.936251163482666016e+00
-7.299516677856445312e+00
2.830673567950725555e-02
-3.757278025150299072e-01
1.749952286481857300e-01
1.452155113220214844e-01
1.792733371257781982e-01
-2.357954788208007812e+01
-1.415573692321777344e+01
-9.778316020965576172e-01
3.565513193607330322e-01
-7.055581361055374146e-02
1.750569194555282593e-01
7.831264495849609375e+01
3.843005371093750000e+01
5.192351684570312500e+02
1.946523547172546387e+00
-1.016253280639648438e+01
3.794915008544921875e+01
9.234797363281250000e+02
4.872925186157226562e+01
1.213429718017578125e+02
-1.887893486022949219e+01
6.254639148712158203e+00
1.135830402374267578e+00
8.295777130126953125e+01
3.751272583007812500e+01
1.508422546386718750e+02
-2.138752555847167969e+01
7.024863719940185547e+00
1.930794715881347656e-01
4.250594329833984375e+01
3.664461517333984375e+01
1.499455413818359375e+02
-2.553915023803710938e+01
4.689754962921142578e+00
-5.066797733306884766e+00
2.974285125732421875e+01
3.180525207519531250e+01
-1.462760353088378906e+01
7.012928009033203125e+01
1.106812286376953125e+01
-1.057331562042236328e+01
2.501049423217773438e+01
1.334020233154296875e+01
1.019708991050720215e+00
-9.871033668518066406e+00
2.206392860412597656e+01
-8.046646118164062500e+00
-1.605261039733886719e+01
1.284969806671142578e+01
-6.409028053283691406e+00
2.281711959838867188e+01
-5.089412212371826172e+00
5.107845783233642578e+00
-2.821514892578125000e+01
-1.573610687255859375e+01
2.918759107589721680e+00
2.984812164306640625e+01
-2.628960418701171875e+01
9.546895027160644531e+00
-3.878731918334960938e+01
-2.962281036376953125e+01
-7.400169372558593750e+01
1.805225372314453125e+01
3.608516311645507812e+01
4.698764324188232422e+00
-3.903771972656250000e+01
-3.249975204467773438e+01
-5.010229492187500000e+01
2.151564788818359375e+01
2.850354957580566406e+01
1.917944997549057007e-01
-7.303734588623046875e+01
-7.307550811767578125e+01
-2.333249282836914062e+01
1.458959674835205078e+01
1.529523086547851562e+01
-2.578251063823699951e-01
-7.213851165771484375e+01
-7.234138488769531250e+01
-2.284974479675292969e+01
1.337262821197509766e+01
1.476282787322998047e+01
-2.247515469789505005e-01
-3.160626649856567383e+00
-1.647489815950393677e-01
-2.707777917385101318e-01
2.788836359977722168e-01
-1.458057403564453125e+00
-4.567812755703926086e-02
7.099928283691406250e+01
7.305899047851562500e+01
2.301350593566894531e+01
-1.618063354492187500e+01
-1.437610912322998047e+01
1.134355068206787109e-01
2.872449951171875000e+02
5.997423553466796875e+01
2.918982696533203125e+01
-5.045206451416015625e+01
5.317148685455322266e+00
1.643910765647888184e+00
8.550083923339843750e+01
4.969141006469726562e+01
4.603149032592773438e+01
-4.740553665161132812e+01
6.402904987335205078e+00
-6.195125102996826172e+00
5.026565551757812500e+01
3.627915191650390625e+01
1.551312065124511719e+01
-3.705890893936157227e+00
3.280541896820068359e+00
-1.130121421813964844e+01
4.110850906372070312e+01
7.928545951843261719e+00
5.335047245025634766e+00
-1.672937393188476562e+01
1.529688644409179688e+01
-1.146796131134033203e+01
-2.598088681697845459e-01
2.207258045673370361e-01
1.393528282642364502e-01
-4.644945859909057617e-01
-3.250653147697448730e-01
-2.634958326816558838e-01
-4.086363983154296875e+01
-8.368141174316406250e+00
-4.628327846527099609e+00
1.629983139038085938e+01
-1.580883216857910156e+01
1.086624622344970703e+01
-5.205693435668945312e+01
-3.692798995971679688e+01
-1.559658622741699219e+01
4.196135520935058594e+00
-4.449246406555175781e+00
1.120055484771728516e+01
-9.067253112792968750e+01
-5.029378128051757812e+01
-4.648342132568359375e+01
4.653239440917968750e+01
-7.342109203338623047e+00
6.581755638122558594e+00
-3.022402343750000000e+02
-6.126040267944335938e+01
-2.903002357482910156e+01
4.934598159790039062e+01
-5.072672843933105469e+00
-1.598503947257995605e+00
-4.018134307861328125e+01
-3.216238784790039062e+01
-5.097143173217773438e+01
2.076630973815917969e+01
2.932346725463867188e+01
-1.711514592170715332e-01
-7.683229827880859375e+01
-4.722519874572753906e+00
-4.971081924438476562e+01
-4.459785938262939453e+00
3.424235153198242188e+01
-2.318524360656738281e+00
3.146869421005249023e+00
-7.403234243392944336e-01
-8.571082353591918945e-02
-9.849989414215087891e-02
-2.735905647277832031e-01
-1.677291393280029297e-01
5.081752777099609375e+01
8.563410949707031250e+01
7.130158424377441406e+00
-2.480614471435546875e+01
-1.418329811096191406e+01
-1.392538249492645264e-01
1.750319213867187500e+02
7.706494903564453125e+01
9.975903511047363281e+00
-6.398795700073242188e+01
5.334414005279541016e+00
-2.844795227050781250e+00
8.774794006347656250e+01
6.566011810302734375e+01
-3.074605941772460938e+01
-6.009160518646240234e+00
7.533576488494873047e-01
-1.739117050170898438e+01
5.479992294311523438e+01
5.074056243896484375e+01
-3.234815979003906250e+01
-1.833712577819824219e+01
7.009912967681884766e+00
-1.678662109375000000e+01
4.447691345214843750e+01
-4.545619583129882812e+01
4.015948486328125000e+01
-2.436963081359863281e+01
-4.074837207794189453e+00
-8.961406707763671875e+00
-7.042141723632812500e+01
2.650527191162109375e+01
-3.039943504333496094e+01
2.209190940856933594e+01
-7.987977981567382812e+00
5.090549468994140625e+00
-1.235769653320312500e+02
-2.921298980712890625e+01
1.562450766563415527e+00
-1.157130432128906250e+01
6.395951271057128906e+00
1.945480537414550781e+01
-2.162982940673828125e+02
-4.075139999389648438e+01
-2.459793853759765625e+01
1.227361869812011719e+01
-9.040572166442871094e+00
1.441999149322509766e+01
-8.856983184814453125e+01
-5.091404724121093750e+01
-4.590441894531250000e+01
4.630638504028320312e+01
-6.976194381713867188e+00
6.273972511291503906e+00
-3.867994689941406250e+01
-2.962360382080078125e+01
-7.047243499755859375e+01
1.797779273986816406e+01
3.653781890869140625e+01
4.500100612640380859e+00
-4.308380889892578125e+01
-1.403962421417236328e+01
-7.748688507080078125e+01
-3.998450040817260742e+00
6.248726654052734375e+01
1.220992207527160645e+00
-4.773831558227539062e+01
-1.120022010803222656e+01
-1.798270416259765625e+01
2.908973693847656250e-01
4.016205596923828125e+01
-9.146796911954879761e-02
1.996857881546020508e+00
-1.595742940902709961e+00
-2.783127725124359131e-01
-3.044873476028442383e-02
-4.190693497657775879e-01
-8.976011872291564941e-01
3.742705535888671875e+01
1.041093978881835938e+02
-1.051673889160156250e+00
-2.465822029113769531e+01
-2.031768608093261719e+01
3.590081691741943359e+00
1.316628265380859375e+02
9.588392639160156250e+01
-6.097108459472656250e+01
-6.757058143615722656e+00
-2.128569364547729492e+00
-1.936362147331237793e+00
9.285489654541015625e+01
1.014355087280273438e+02
-6.027959823608398438e+01
-2.227532005310058594e+01
1.256643056869506836e+00
-1.325464630126953125e+01
5.947190856933593750e+01
6.972226715087890625e+01
-1.036383914947509766e+01
-3.992334365844726562e+01
-1.244611167907714844e+01
-1.838603210449218750e+01
4.262793731689453125e+01
-1.000611267089843750e+02
1.322683906555175781e+01
-2.967811346054077148e+00
-1.162419986724853516e+01
-8.586565017700195312e+00
-2.118152008056640625e+02
1.965223693847656250e+01
-3.098811721801757812e+01
1.372181320190429688e+01
9.996640205383300781e+00
5.957133769989013672e+00
-1.229463500976562500e+02
-2.865220069885253906e+01
1.350578069686889648e+00
-1.180889511108398438e+01
6.137421607971191406e+00
1.936707115173339844e+01
-5.166638946533203125e+01
-3.653372573852539062e+01
-1.595725250244140625e+01
4.537395954132080078e+00
-3.435039758682250977e+00
1.083755207061767578e+01
-2.814718627929687500e+01
-1.506424713134765625e+01
1.552910447120666504e+00
3.008131599426269531e+01
-2.818204689025878906e+01
9.709365844726562500e+00
-3.341096496582031250e+01
-6.104336261749267578e+00
-1.310494542121887207e+00
-4.521561813354492188e+01
5.296754837036132812e+01
7.404304981231689453e+00
-3.475123596191406250e+01
-1.491374588012695312e+01
-1.146674919128417969e+01
-1.099120426177978516e+01
6.505805206298828125e+01
3.990244865417480469e+00
-2.567994308471679688e+01
-2.668337631225585938e+01
4.773835659027099609e+00
-4.837129116058349609e+00
4.664413070678710938e+01
7.633175373077392578e+00
4.542937755584716797e+00
-1.594599485397338867e+00
-5.041571855545043945e-01
-1.140951141715049744e-01
-1.245875000953674316e+00
1.062171459197998047e+00
3.427280044555664062e+01
1.259158630371093750e+02
-4.913739395141601562e+01
-2.971309852600097656e+01
-3.313585758209228516e+00
9.595132827758789062e+00
1.260879135131835938e+02
1.200884399414062500e+02
-6.421032714843750000e+01
-3.411605072021484375e+01
-1.201001644134521484e+01
9.220429658889770508e-01
9.019786834716796875e+01
1.550136871337890625e+02
-8.559303283691406250e+01
-5.685993957519531250e+01
-1.954595947265625000e+01
-1.396297693252563477e+00
6.580992889404296875e+01
-1.662117614746093750e+02
1.703773498535156250e+02
-5.350537490844726562e+01
-2.824448013305664062e+01
-2.470728158950805664e+00
4.261005020141601562e+01
-1.003183059692382812e+02
1.266916847229003906e+01
-2.244459390640258789e+00
-1.229066562652587891e+01
-8.707799911499023438e+00
-6.990554809570312500e+01
2.637871551513671875e+01
-3.122937393188476562e+01
2.248479652404785156e+01
-8.173477172851562500e+00
4.965194225311279297e+00
-4.116135025024414062e+01
-7.763265609741210938e+00
-5.568619728088378906e+00
1.659848403930664062e+01
-1.574089241027832031e+01
1.117922878265380859e+01
-1.591826438903808594e+01
1.236313438415527344e+01
-6.445114612579345703e+00
2.228089714050292969e+01
-4.163829326629638672e+00
5.404932975769042969e+00
-1.865377616882324219e+01
5.420726776123046875e+00
-3.935441076755523682e-01
3.564574050903320312e+01
-3.951331853866577148e+00
1.095354175567626953e+01
-2.336017990112304688e+01
-3.306676864624023438e+00
-2.707682847976684570e+00
2.935137748718261719e+01
7.257802486419677734e+00
1.160403537750244141e+01
-2.042426872253417969e+01
-3.160018157958984375e+01
1.070624446868896484e+01
2.247955131530761719e+01
1.511049556732177734e+01
6.849277496337890625e+00
-9.774550437927246094e+00
-4.643378448486328125e+01
1.362509632110595703e+01
2.883615112304687500e+01
8.607176780700683594e+00
-4.743088722229003906e+00
6.321528434753417969e+00
-2.601317882537841797e+00
-3.604106903076171875e-01
-1.047546938061714172e-01
4.698913574218750000e+00
-1.868248432874679565e-01
3.594310760498046875e+01
1.606211090087890625e+02
-3.314740753173828125e+01
-4.005868530273437500e+01
4.941325664520263672e+00
-7.811993956565856934e-01
1.234776840209960938e+02
1.391880187988281250e+02
-6.477716827392578125e+01
-4.640070724487304688e+01
2.222858190536499023e+00
-2.358021736145019531e+00
8.961528778076171875e+01
1.561670227050781250e+02
-8.897229766845703125e+01
-5.600754547119140625e+01
-1.914826583862304688e+01
-1.109845876693725586e+00
5.837363052368164062e+01
8.620914459228515625e+01
-2.640683746337890625e+01
-3.912662887573242188e+01
-1.246689128875732422e+01
-1.761780929565429688e+01
4.409408950805664062e+01
-4.605821990966796875e+01
4.155059814453125000e+01
-2.387438964843750000e+01
-3.936905145645141602e+00
-8.509045600891113281e+00
-8.338969200849533081e-02
-5.017719268798828125e-01
8.003022670745849609e-01
-4.965044856071472168e-01
-8.349946886301040649e-02
7.722418755292892456e-02
2.453054237365722656e+01
1.400881958007812500e+01
1.326900839805603027e+00
-9.367355346679687500e+00
2.220248985290527344e+01
-7.128701210021972656e+00
1.658887481689453125e+01
1.692964363098144531e+01
1.027227497100830078e+01
-3.646677970886230469e+00
1.976093482971191406e+01
-2.095318078994750977e+00
6.624368667602539062e+00
7.550198554992675781e+00
6.662685871124267578e+00
1.623444938659667969e+01
1.290926074981689453e+01
6.203988075256347656e+00
-1.487947082519531250e+01
2.153274917602539062e+01
-2.714372253417968750e+01
3.936426162719726562e+01
1.265537738800048828e+01
6.533997058868408203e+00
-1.596936130523681641e+01
-7.275858306884765625e+01
1.234813022613525391e+01
4.505442428588867188e+01
1.371238803863525391e+01
1.005668830871582031e+01
-4.642446994781494141e+00
-7.768500518798828125e+01
2.895613670349121094e+01
4.307604217529296875e+01
-1.411205053329467773e+00
2.602522075176239014e-01
7.669603824615478516e+00
-3.363194227218627930e+00
-4.014587402343750000e-01
5.861074328422546387e-01
1.790618538856506348e+00
-1.379691362380981445e-01
3.478306198120117188e+01
1.587940063476562500e+02
-3.068711471557617188e+01
-4.082088470458984375e+01
5.231483936309814453e+00
-2.346989810466766357e-01
1.262867050170898438e+02
1.191390151977539062e+02
-5.989681625366210938e+01
-3.516100311279296875e+01
-1.183256340026855469e+01
1.065180182456970215e+00
8.926829528808593750e+01
1.026945190429687500e+02
-5.776538467407226562e+01
-2.246771812438964844e+01
2.430767059326171875e+00
-1.357228851318359375e+01
5.327154159545898438e+01
5.260207748413085938e+01
-3.168604660034179688e+01
-1.721652221679687500e+01
7.678627490997314453e+00
-1.623422050476074219e+01
3.960749435424804688e+01
7.125781536102294922e+00
5.605756282806396484e+00
-1.594260406494140625e+01
1.604573822021484375e+01
-1.140700626373291016e+01
3.023135185241699219e+01
3.168463134765625000e+01
-1.469745254516601562e+01
6.824176788330078125e+01
1.070709800720214844e+01
-9.828607559204101562e+00
2.225588989257812500e+01
4.445351791381835938e+01
-1.474516582489013672e+01
-1.816115528345108032e-01
6.135179138183593750e+01
-9.432756423950195312e+00
2.819689750671386719e+01
3.905173492431640625e+01
-3.116404771804809570e+00
8.020788192749023438e+00
3.585169601440429688e+01
-8.077222824096679688e+00
4.390642929077148438e+01
5.570265769958496094e+00
1.342922019958496094e+01
1.151796722412109375e+01
2.053536224365234375e+01
2.055097103118896484e+00
-1.371633434295654297e+01
6.379709243774414062e+01
-3.735734939575195312e+01
2.678184509277343750e+01
1.797515678405761719e+01
1.056745910644531250e+01
-1.542446041107177734e+01
8.908020019531250000e+01
-1.293096618652343750e+02
4.666359329223632812e+01
2.436802864074707031e+01
1.767969727516174316e+00
-3.989408969879150391e+00
-7.782574462890625000e+01
3.098707199096679688e+01
4.282752609252929688e+01
-1.015487909317016602e+00
-5.698458850383758545e-02
5.158982276916503906e+00
-2.485259294509887695e+00
1.221513509750366211e+00
1.650578975677490234e+00
2.681982517242431641e+00
3.617591783404350281e-02
3.423756790161132812e+01
1.223591232299804688e+02
-4.221021270751953125e+01
-3.089420509338378906e+01
-2.766816377639770508e+00
1.052810192108154297e+01
1.337106781005859375e+02
9.569717407226562500e+01
-5.876152420043945312e+01
-7.852668762207031250e+00
-3.043878555297851562e+00
-1.020714879035949707e+00
8.522762298583984375e+01
6.626019287109375000e+01
-2.975021743774414062e+01
-5.857014179229736328e+00
4.932038486003875732e-01
-1.683952903747558594e+01
4.928161621093750000e+01
3.607204818725585938e+01
1.636436271667480469e+01
-4.538629055023193359e+00
3.130410671234130859e+00
-1.099695873260498047e+01
4.265828323364257812e+01
3.681995773315429688e+01
1.655806121826171875e+02
-2.607164192199707031e+01
5.470530986785888672e+00
-4.734765529632568359e+00
3.138188171386718750e+01
3.960075378417968750e+01
1.408923797607421875e+02
-5.412173748016357422e+00
6.022498607635498047e+00
-7.301471233367919922e+00
4.526463699340820312e+01
3.949068832397460938e+01
3.562837219238281250e+01
4.655523300170898438e+01
1.039157962799072266e+01
-1.236128234863281250e+01
1.037952804565429688e+02
3.305784606933593750e+01
-6.121844768524169922e+00
5.595848846435546875e+01
1.030512675642967224e-01
-1.581599426269531250e+01
1.707944946289062500e+02
4.751557350158691406e+00
1.144791889190673828e+01
2.492403221130371094e+01
-5.227460384368896484e+00
9.181672096252441406e+00
-1.275598239898681641e+01
6.747585296630859375e+01
-3.906156539916992188e+01
2.638834381103515625e+01
1.871244049072265625e+01
1.134008026123046875e+01
-1.563287448883056641e+01
-6.608512878417968750e+01
4.372241973876953125e+00
4.419046020507812500e+01
1.340577507019042969e+01
1.030901527404785156e+01
-1.063065624237060547e+01
-4.657563781738281250e+01
1.402004432678222656e+01
3.009387397766113281e+01
7.706957340240478516e+00
-5.311116695404052734e+00
3.363428354263305664e+00
-1.335779190063476562e+00
9.560498595237731934e-01
4.320824444293975830e-01
-9.359198808670043945e-01
8.037168383598327637e-01
4.002041625976562500e+01
1.045418853759765625e+02
-1.409508824348449707e+00
-2.405758666992187500e+01
-1.967585563659667969e+01
3.555141448974609375e+00
1.740973968505859375e+02
7.892882537841796875e+01
1.041113662719726562e+01
-6.188526916503906250e+01
6.023171424865722656e+00
-2.496205806732177734e+00
8.669734954833984375e+01
5.101404953002929688e+01
4.742388534545898438e+01
-4.624072265625000000e+01
7.243100643157958984e+00
-6.343850612640380859e+00
8.004027557373046875e+01
3.738628387451171875e+01
1.537802124023437500e+02
-2.447248840332031250e+01
7.209013938903808594e+00
2.261550128459930420e-01
3.611699676513671875e+01
3.864752960205078125e+01
1.459791107177734375e+02
-6.380630970001220703e+00
9.633229255676269531e+00
-3.461432456970214844e+00
9.172332763671875000e+01
3.330212020874023438e+01
1.347135772705078125e+02
-4.073801040649414062e+00
1.156096267700195312e+01
-1.086872100830078125e+01
2.225498046875000000e+02
3.139009284973144531e+01
6.756677246093750000e+01
3.540943908691406250e+01
1.225998306274414062e+01
-1.913382530212402344e+01
1.035757217407226562e+02
3.289884567260742188e+01
-5.140283107757568359e+00
5.639736557006835938e+01
3.638359308242797852e-01
-1.632879638671875000e+01
4.506143188476562500e+01
4.918716907501220703e+00
1.354818058013916016e+01
1.068772602081298828e+01
2.102179145812988281e+01
2.490932226181030273e+00
-1.468215942382812500e+01
2.161889076232910156e+01
-2.816735076904296875e+01
3.984168243408203125e+01
1.234298896789550781e+01
6.581642150878906250e+00
-2.094348335266113281e+01
-3.233000946044921875e+01
9.786779403686523438e+00
2.412477302551269531e+01
1.514440822601318359e+01
7.293563842773437500e+00
-2.665438270568847656e+01
-2.610528564453125000e+01
4.366553783416748047e+00
-4.314107418060302734e+00
4.673300933837890625e+01
8.042202949523925781e+00
-2.904767394065856934e-01
-8.916322588920593262e-01
-1.756069362163543701e-01
2.296154499053955078e-01
-4.212394952774047852e-01
7.262497544288635254e-01
5.369683456420898438e+01
8.338040924072265625e+01
5.897023200988769531e+00
-2.422405815124511719e+01
-1.501397132873535156e+01
4.957267940044403076e-01
2.865552368164062500e+02
6.280837249755859375e+01
2.964968490600585938e+01
-4.955886459350585938e+01
5.350623130798339844e+00
1.651446342468261719e+00
8.836070556640625000e+02
5.103957748413085938e+01
1.202358932495117188e+02
-2.105370712280273438e+01
5.809249877929687500e+00
1.198211193084716797e+00
1.060566711425781250e+02
8.699317932128906250e+01
1.076239318847656250e+02
3.646991968154907227e+00
8.799822807312011719e+00
-6.010803222656250000e+00
4.917032775878906250e+02
3.873891448974609375e+01
1.117533187866210938e+02
2.241943836212158203e+00
1.017917633056640625e+01
-6.114045143127441406e+00
9.173580932617187500e+01
3.329159164428710938e+01
1.332503662109375000e+02
-3.059194564819335938e+00
1.178386878967285156e+01
-9.923615455627441406e+00
4.520906829833984375e+01
3.947588729858398438e+01
3.564811325073242188e+01
4.731360244750976562e+01
1.082596302032470703e+01
-1.191442489624023438e+01
2.838924980163574219e+01
3.881694793701171875e+01
-2.326913118362426758e+00
7.911643505096435547e+00
3.598649597167968750e+01
-8.857965469360351562e+00
6.940201759338378906e+00
6.902212142944335938e+00
7.567313671112060547e+00
1.622282218933105469e+01
1.252366256713867188e+01
5.573958873748779297e+00
-2.253624343872070312e+01
-3.770099401473999023e+00
-2.547102451324462891e+00
3.007964134216308594e+01
5.897402286529541016e+00
1.117463588714599609e+01
-3.483028411865234375e+01
-1.508674716949462891e+01
-1.134811782836914062e+01
-1.016386604309082031e+01
6.413314819335937500e+01
3.968601703643798828e+00
-4.710765075683593750e+01
-1.108263206481933594e+01
-1.746491622924804688e+01
3.998320102691650391e-01
4.033184814453125000e+01
-2.731654047966003418e-01
-1.439541935920715332e+00
-2.560061812400817871e-01
-6.329429745674133301e-01
3.515954315662384033e-02
-4.832010865211486816e-01
2.867853045463562012e-01
7.312259674072265625e+01
7.418496704101562500e+01
2.316168594360351562e+01
-1.563195896148681641e+01
-1.423367309570312500e+01
3.826491236686706543e-01
5.514717864990234375e+01
2.852654647827148438e+01
2.102114105224609375e+02
-1.260397672653198242e+00
-2.570211219787597656e+01
3.150364160537719727e+00
1.110369415283203125e+02
9.050907897949218750e+01
1.037464904785156250e+02
3.892072200775146484e+00
8.327266693115234375e+00
-5.620029449462890625e+00
7.064776000976562500e+02
7.329839477539062500e+02
9.804531860351562500e+01
1.018081951141357422e+01
1.000862884521484375e+01
-1.315596199035644531e+01
1.219243545532226562e+02
1.096536712646484375e+02
1.161606216430664062e+02
8.710856437683105469e+00
1.087678909301757812e+01
-1.606311988830566406e+01
4.621736526489257812e+01
4.030189132690429688e+01
1.085469665527343750e+02
1.336212253570556641e+01
1.079200267791748047e+01
-1.506418514251708984e+01
3.547062301635742188e+01
4.715643310546875000e+01
3.168965816497802734e+00
5.426229095458984375e+01
3.065104675292968750e+01
-1.215742778778076172e+01
2.422986030578613281e+01
2.929659461975097656e+01
1.181895256042480469e+01
6.810904741287231445e-01
3.015931892395019531e+01
-4.695618152618408203e+00
1.467701911926269531e+01
-1.931439971923828125e+01
-6.488639116287231445e-01
4.327677917480468750e+01
1.118318557739257812e+01
8.119422912597656250e+00
-3.917623519897460938e+01
2.969241619110107422e+00
-2.137425422668457031e+00
-2.067493677139282227e+00
4.609225463867187500e+01
9.168460845947265625e+00
-4.591626358032226562e+01
-3.171224355697631836e+00
-1.919976806640625000e+01
3.806033432483673096e-01
4.712844467163085938e+01
4.008492469787597656e+00
-3.645004272460937500e+00
-1.115692183375358582e-01
-2.170071601867675781e-01
3.872428834438323975e-01
3.035833360627293587e-03
1.332409381866455078e-01
7.803713989257812500e+01
4.236079216003417969e+00
4.763420867919921875e+01
4.134011745452880859e+00
-3.374112701416015625e+01
1.981777429580688477e+00
7.292034912109375000e+01
7.168088531494140625e+01
2.206821823120117188e+01
-1.615132713317871094e+01
-1.372398471832275391e+01
2.612053155899047852e-01
8.037706298828125000e+02
4.772945785522460938e+01
1.164923782348632812e+02
-1.876784324645996094e+01
6.126734733581542969e+00
1.307460904121398926e+00
1.115914611816406250e+02
8.718383789062500000e+01
1.054775314331054688e+02
4.649589061737060547e+00
8.626043319702148438e+00
-5.516465187072753906e+00
4.603558959960937500e+02
3.927722549438476562e+01
1.114517898559570312e+02
3.371106147766113281e+00
9.541323661804199219e+00
-5.319225788116455078e+00
8.642133331298828125e+01
3.300715255737304688e+01
1.309896545410156250e+02
-3.295812845230102539e+00
1.061518383026123047e+01
-1.055097198486328125e+01
4.429264068603515625e+01
3.903563308715820312e+01
3.437707519531250000e+01
4.849639129638671875e+01
9.942049026489257812e+00
-1.279590702056884766e+01
2.870565032958984375e+01
3.848416900634765625e+01
-2.677838563919067383e+00
8.451663970947265625e+00
3.534830093383789062e+01
-8.767478942871093750e+00
6.215781211853027344e+00
7.446875095367431641e+00
7.482524871826171875e+00
1.640972137451171875e+01
1.197093105316162109e+01
4.701107025146484375e+00
-2.199660873413085938e+01
-4.581665992736816406e+00
-2.276814460754394531e+00
3.063811683654785156e+01
6.367084503173828125e+00
1.170284461975097656e+01
-3.397000503540039062e+01
-1.558987808227539062e+01
-1.167118263244628906e+01
-1.067724895477294922e+01
6.356660079956054688e+01
4.222143173217773438e+00
-4.648325729370117188e+01
-1.156064796447753906e+01
-1.709099388122558594e+01
6.708901524543762207e-01
4.093003845214843750e+01
2.701323628425598145e-01
-1.087182807922363281e+01
-3.970823585987091064e-01
1.073261722922325134e-01
2.303509265184402466e-01
7.080915570259094238e-01
-2.531624734401702881e-01
-4.516103744506835938e+00
-5.526824951171875000e+00
1.897538453340530396e-02
6.283936649560928345e-02
2.997538149356842041e-01
-1.069734692573547363e-01
7.185198974609375000e+01
7.193070220947265625e+01
2.281064033508300781e+01
-1.488297557830810547e+01
-1.547263240814208984e+01
5.371061563491821289e-01
5.362398910522460938e+01
2.851050376892089844e+01
2.324280548095703125e+02
5.380884170532226562e+00
-3.003793144226074219e+01
5.053379058837890625e+00
8.290736389160156250e+01
3.759914779663085938e+01
1.518819274902343750e+02
-2.149311637878417969e+01
7.238059997558593750e+00
2.087628245353698730e-01
2.613509826660156250e+02
3.616015243530273438e+01
1.281350402832031250e+02
-2.335409164428710938e+01
1.109546279907226562e+01
-7.291028976440429688e+00
1.053897018432617188e+02
3.087247657775878906e+01
8.912527465820312500e+01
-1.570065879821777344e+01
1.033533477783203125e+01
-1.338867473602294922e+01
5.722779083251953125e+01
2.319772720336914062e+01
1.751757144927978516e+00
3.148505020141601562e+01
8.366771697998046875e+00
-1.259247303009033203e+01
-1.059430122375488281e+01
3.951360702514648438e+01
2.269881439208984375e+01
-1.684743309020996094e+01
1.325406646728515625e+01
-1.904348731040954590e+00
-2.513629341125488281e+01
7.869224548339843750e+00
-1.513696193695068359e+01
3.291535186767578125e+01
1.985765933990478516e+00
1.115482234954833984e+01
-3.490607452392578125e+01
-4.297409057617187500e+01
2.134572029113769531e+01
-9.031635284423828125e+00
2.171393203735351562e+01
1.019470310211181641e+01
-4.126118469238281250e+01
-5.344007873535156250e+01
-1.256955909729003906e+01
2.461125373840332031e+01
3.153145217895507812e+01
3.730357885360717773e+00
-5.253032302856445312e+01
-8.211456298828125000e+01
-6.436127662658691406e+00
2.291642570495605469e+01
1.621600532531738281e+01
-1.220949739217758179e-01
-5.374576187133789062e+01
-8.403965759277343750e+01
-6.904322624206542969e+00
2.329071617126464844e+01
1.563644409179687500e+01
3.589385002851486206e-02
-5.120359659194946289e-01
-1.059640198945999146e-02
-8.504831194877624512e-01
-2.163078039884567261e-01
-2.784742116928100586e-01
-4.797545820474624634e-02
7.494842529296875000e+01
3.891404151916503906e+00
4.940877532958984375e+01
5.072766304016113281e+00
-3.470682907104492188e+01
1.836688041687011719e+00
3.956424713134765625e+01
3.164082336425781250e+01
5.230366134643554688e+01
-2.242986869812011719e+01
-2.778451156616210938e+01
-2.132863551378250122e-01
8.819049072265625000e+01
5.023916244506835938e+01
4.655523681640625000e+01
-4.906342315673828125e+01
6.971380233764648438e+00
-5.893732070922851562e+00
2.150486907958984375e+02
4.139662551879882812e+01
2.530045890808105469e+01
-1.290559196472167969e+01
8.619077682495117188e+00
-1.509363842010498047e+01
1.223762283325195312e+02
2.897204589843750000e+01
-1.357100844383239746e+00
1.219111061096191406e+01
-7.284219264984130859e+00
-2.040732955932617188e+01
7.085153198242187500e+01
-2.726943969726562500e+01
2.989359855651855469e+01
-2.250413894653320312e+01
8.066075325012207031e+00
-6.157902717590332031e+00
-4.472311019897460938e+01
4.416334533691406250e+01
-4.152356719970703125e+01
2.376744270324707031e+01
3.871004819869995117e+00
8.216835021972656250e+00
-5.462435913085937500e+01
-5.305798721313476562e+01
3.208938598632812500e+01
1.782114028930664062e+01
-7.773267269134521484e+00
1.662195968627929688e+01
-8.678384399414062500e+01
-6.718225097656250000e+01
3.064599227905273438e+01
5.267391204833984375e+00
-1.535921335220336914e+00
1.635741615295410156e+01
-1.778910522460937500e+02
-7.737863922119140625e+01
-1.040579509735107422e+01
6.145631790161132812e+01
-5.555552959442138672e+00
2.772204875946044922e+00
-4.054544448852539062e+01
-5.353015136718750000e+01
-1.272445869445800781e+01
2.410155105590820312e+01
3.093796157836914062e+01
3.871420145034790039e+00
-4.710744476318359375e+01
-1.116469383239746094e+01
-1.794501113891601562e+01
-6.311054341495037079e-03
4.049203872680664062e+01
-6.430226564407348633e-02
-2.023967027664184570e+00
3.149630129337310791e-01
-5.048968195915222168e-01
-5.812320858240127563e-02
1.912832260131835938e+00
-1.537965238094329834e-01
4.833081436157226562e+01
1.074039554595947266e+01
1.748980522155761719e+01
-6.349014043807983398e-01
-3.998261642456054688e+01
1.160929426550865173e-01
4.005238723754882812e+01
5.337005996704101562e+01
1.324679374694824219e+01
-2.754037857055664062e+01
-3.075669288635253906e+01
-3.584257841110229492e+00
8.778445434570312500e+01
6.816297912597656250e+01
-3.056547355651855469e+01
-5.788402080535888672e+00
8.362561464309692383e-01
-1.697020530700683594e+01
1.951856231689453125e+02
6.177232742309570312e+01
-3.936669158935546875e+01
4.170083999633789062e-01
-9.074154853820800781e+00
-2.571414566040039062e+01
1.189253387451171875e+02
-1.019468688964843750e+01
2.593394279479980469e+01
-3.408090209960937500e+01
1.846564888954162598e+00
-1.431475925445556641e+01
1.316150546073913574e+00
-2.244041442871093750e+00
-1.336932063102722168e+00
-1.699288338422775269e-01
-2.299560606479644775e-01
2.993600368499755859e-01
-1.130926589965820312e+02
9.428265571594238281e+00
-2.717108917236328125e+01
3.362985229492187500e+01
-1.213608026504516602e+00
1.303124427795410156e+01
-1.997629699707031250e+02
-6.050136566162109375e+01
3.691609191894531250e+01
-4.335916042327880859e-01
8.887037277221679688e+00
2.523435974121093750e+01
-8.759425354003906250e+01
-6.683536529541015625e+01
2.885793304443359375e+01
5.770506381988525391e+00
-1.848466992378234863e-01
1.664046287536621094e+01
-3.549563217163085938e+01
-4.213021469116210938e+01
1.921565437316894531e+01
-9.009559631347656250e+00
2.625445556640625000e+01
1.003129959106445312e+01
-3.398645401000976562e+01
-1.542613983154296875e+01
-1.196931171417236328e+01
-1.103817272186279297e+01
6.451034545898437500e+01
4.001729965209960938e+00
-4.577108764648437500e+01
-2.986155509948730469e+00
-1.872205924987792969e+01
3.405497968196868896e-01
4.687504959106445312e+01
2.821596860885620117e+00
1.268149375915527344e+00
-1.934796124696731567e-01
-1.966857910156250000e-01
-8.917655795812606812e-02
-2.565591223537921906e-02
-2.787404358386993408e-01
2.692302703857421875e+01
2.640955924987792969e+01
-4.600758075714111328e+00
4.331413269042968750e+00
-4.642555618286132812e+01
-7.655009269714355469e+00
4.062627029418945312e+01
9.216143035888671875e+01
-4.336816787719726562e+01
-5.134451866149902344e+00
-1.473147678375244141e+01
-8.062814712524414062e+00
9.082655334472656250e+01
1.071561279296875000e+02
-6.073370361328125000e+01
-2.252018547058105469e+01
1.771577000617980957e+00
-1.395520877838134766e+01
1.841514282226562500e+02
8.934926605224609375e+01
-5.299638366699218750e+01
-5.346334075927734375e+01
5.391796231269836426e-01
-1.755758047103881836e+00
1.149631118774414062e+02
-1.063145599365234375e+02
8.559683990478515625e+01
-5.742430114746093750e+01
-1.662067794799804688e+01
-2.358766317367553711e+00
-1.919745483398437500e+02
6.134216690063476562e+01
-3.895336151123046875e+01
3.345802688598632812e+01
4.500271320343017578e+00
-7.001218795776367188e+00
-1.181148834228515625e+02
9.201399803161621094e+00
-2.676859474182128906e+01
3.400314331054687500e+01
-1.361559867858886719e+00
1.243553256988525391e+01
-5.521821594238281250e+01
-5.300485610961914062e+01
3.073059654235839844e+01
1.785021400451660156e+01
-7.331023693084716797e+00
1.578544998168945312e+01
-2.568368911743164062e+01
7.394436359405517578e+00
-1.564681243896484375e+01
3.243639755249023438e+01
1.758607387542724609e+00
1.101157188415527344e+01
-2.322214698791503906e+01
-4.079203605651855469e+00
-2.787333726882934570e+00
2.955199623107910156e+01
6.896397113800048828e+00
1.164007472991943359e+01
-4.025019836425781250e+01
3.327720403671264648e+00
-1.494682669639587402e+00
-2.687570333480834961e+00
4.389923477172851562e+01
9.552244186401367188e+00
-3.568682861328125000e+01
-3.199560880661010742e+00
-1.066459774971008301e+00
-2.002102851867675781e+00
4.598809051513671875e+01
2.206076145172119141e+00
5.353887557983398438e+00
-3.376773297786712646e-01
-1.772121787071228027e-01
3.291191756725311279e-01
-2.212452590465545654e-01
4.301697015762329102e-01
1.276045227050781250e+01
4.785501861572265625e+01
-1.518921184539794922e+01
-2.841679191589355469e+01
-7.578182697296142578e+00
3.921480178833007812e+00
3.843186569213867188e+01
1.647935180664062500e+02
-5.187050628662109375e+01
-4.121477890014648438e+01
-7.833501815795898438e+00
-3.400348186492919922e+00
8.849866485595703125e+01
1.649720916748046875e+02
-8.349295806884765625e+01
-5.708954620361328125e+01
-1.813943290710449219e+01
-1.154378175735473633e+00
1.800657806396484375e+02
1.062775268554687500e+02
-1.513706054687500000e+02
-7.730767059326171875e+01
-1.844429016113281250e+00
-3.545730113983154297e+00
1.144765625000000000e+02
-1.087368469238281250e+02
8.712833404541015625e+01
-5.723367309570312500e+01
-1.672912406921386719e+01
-3.042896270751953125e+00
2.681136131286621094e+00
-2.914951801300048828e+00
-2.650603055953979492e-01
-2.812620699405670166e-01
1.423342078924179077e-01
-4.266784787178039551e-01
-4.521143722534179688e+01
4.350287628173828125e+01
-4.190686798095703125e+01
2.373683166503906250e+01
4.006281852722167969e+00
7.986675262451171875e+00
-5.428747534751892090e-01
2.556310081481933594e+01
2.257108688354492188e+01
-1.584175109863281250e+01
1.401928901672363281e+01
-1.355368137359619141e+00
7.086716651916503906e+00
6.275904178619384766e+00
6.604003429412841797e+00
1.644701957702636719e+01
1.273588466644287109e+01
6.141454696655273438e+00
1.420604419708251953e+01
-1.862583541870117188e+01
-1.008640766143798828e+00
4.212059783935546875e+01
1.293488693237304688e+01
9.046331405639648438e+00
-2.251542472839355469e+01
7.294078350067138672e+00
-4.052683353424072266e+00
2.746193313598632812e+01
1.901750183105468750e+01
3.479447126388549805e+00
-1.560578727722167969e+01
-6.372377872467041016e+00
-4.124729156494140625e+00
2.032872962951660156e+01
2.187680625915527344e+01
-3.341213941574096680e+00
9.024944901466369629e-01
-9.312710165977478027e-01
5.821639299392700195e-01
-1.351763904094696045e-01
1.292917370796203613e+00
-1.950818747282028198e-01
5.242956161499023438e+00
7.974903869628906250e+01
-2.920657539367675781e+01
-4.120720291137695312e+01
1.674334883689880371e+00
-5.608666539192199707e-01
3.609938430786132812e+01
2.424239044189453125e+02
-6.678919982910156250e+01
-5.699258422851562500e+01
-1.522460651397705078e+01
-1.550645828247070312e+00
9.009433746337890625e+01
1.594059600830078125e+02
-8.567227172851562500e+01
-5.790433883666992188e+01
-1.735209274291992188e+01
-9.763290286064147949e-01
1.829975585937500000e+02
9.011611175537109375e+01
-5.483861160278320312e+01
-5.416257095336914062e+01
1.668397933244705200e-01
-1.436853408813476562e+00
1.125009460449218750e+02
-1.028474903106689453e+01
2.683605575561523438e+01
-3.319871139526367188e+01
2.166064739227294922e+00
-1.337681674957275391e+01
6.557220458984375000e+01
-2.746385002136230469e+01
3.145183372497558594e+01
-2.211025047302246094e+01
8.077771186828613281e+00
-5.263846397399902344e+00
5.372883987426757812e+01
2.370643806457519531e+01
1.031194567680358887e+00
3.299383544921875000e+01
8.213177680969238281e+00
-1.186086273193359375e+01
2.678849411010742188e+01
3.940525054931640625e+01
-3.237593412399291992e+00
9.226031303405761719e+00
3.505687332153320312e+01
-8.102278709411621094e+00
2.433255577087402344e+01
3.054885101318359375e+01
8.878964424133300781e+00
1.023437261581420898e+00
2.954672431945800781e+01
-4.472300529479980469e+00
2.446984100341796875e+01
-9.331048965454101562e+00
3.138479614257812500e+01
5.024724006652832031e+00
2.370342445373535156e+01
8.027225136756896973e-01
1.258676815032958984e+01
-1.834563136100769043e+00
-3.412860393524169922e+00
1.560709857940673828e+01
2.059681510925292969e+01
4.311043739318847656e+00
-6.757380962371826172e+00
2.353606796264648438e+01
-3.286711883544921875e+01
2.522710418701171875e+01
2.100884819030761719e+01
-3.471160307526588440e-02
3.134488821029663086e+00
-6.486417055130004883e-01
-3.548494279384613037e-01
2.920780777931213379e-01
1.141477346420288086e+00
-3.009731322526931763e-02
5.786086559295654297e+00
7.725088500976562500e+01
-2.791136360168457031e+01
-3.961805343627929688e+01
1.238384246826171875e+00
-3.516179323196411133e-01
3.983921432495117188e+01
1.593335876464843750e+02
-4.955467605590820312e+01
-4.144329452514648438e+01
-7.602795124053955078e+00
-2.827842712402343750e+00
9.001309204101562500e+01
1.032263870239257812e+02
-5.782447433471679688e+01
-2.341297340393066406e+01
1.425043106079101562e+00
-1.338949489593505859e+01
1.881003112792968750e+02
5.965110015869140625e+01
-3.719855880737304688e+01
3.359165191650390625e-01
-8.282265663146972656e+00
-2.579956054687500000e+01
1.116096420288085938e+02
2.828225708007812500e+01
-8.810937404632568359e-01
1.177914905548095703e+01
-5.799669265747070312e+00
-1.995642662048339844e+01
1.026044311523437500e+02
3.144451141357421875e+01
9.117017364501953125e+01
-1.655923461914062500e+01
1.069775962829589844e+01
-1.270060729980468750e+01
4.221613693237304688e+01
3.980992507934570312e+01
3.516117095947265625e+01
4.707314300537109375e+01
1.086005878448486328e+01
-1.245125770568847656e+01
3.429362869262695312e+01
4.677454376220703125e+01
3.648262023925781250e+00
3.929021072387695312e+01
4.954704284667968750e+01
-1.187344074249267578e+01
3.760426712036132812e+01
4.820889282226562500e+01
-1.311963367462158203e+01
2.238117218017578125e+01
4.323963546752929688e+01
-6.594538211822509766e+00
6.472489929199218750e+01
2.085731506347656250e+01
4.406414031982421875e+00
6.096062660217285156e+00
2.560023689270019531e+01
5.198447227478027344e+00
8.707894897460937500e+01
-9.719383239746093750e+00
2.029763221740722656e+00
6.511886715888977051e-01
9.014725685119628906e-01
2.677680206298828125e+01
-7.243079185485839844e+00
2.516390800476074219e+01
-3.255632400512695312e+01
2.542384719848632812e+01
2.127255058288574219e+01
-4.719747900962829590e-01
2.180942535400390625e+00
2.684110999107360840e-01
1.165142178535461426e+00
5.965304374694824219e-01
6.387861371040344238e-01
-2.399403452873229980e-01
1.113957691192626953e+01
4.668005752563476562e+01
-1.347410583496093750e+01
-2.989248466491699219e+01
-7.743124961853027344e+00
4.699627876281738281e+00
4.188527297973632812e+01
9.130480194091796875e+01
-4.316485595703125000e+01
-2.424524116516113281e+01
-1.514895081520080566e+00
-9.033435821533203125e+00
8.877337646484375000e+01
6.801316833496093750e+01
-3.052438163757324219e+01
-5.774846076965332031e+00
1.062827467918395996e+00
-1.626171493530273438e+01
2.070423278808593750e+02
4.050279235839843750e+01
2.570354270935058594e+01
-1.274894142150878906e+01
9.019381523132324219e+00
-1.452230262756347656e+01
2.702042846679687500e+02
3.754181289672851562e+01
1.288240203857421875e+02
-2.442355346679687500e+01
1.129260444641113281e+01
-7.416396617889404297e+00
8.373454284667968750e+01
3.420081710815429688e+01
1.344072570800781250e+02
-4.125215053558349609e+00
1.142878341674804688e+01
-1.054823780059814453e+01
4.588930511474609375e+01
4.089821624755859375e+01
1.106628799438476562e+02
1.384390163421630859e+01
1.012945652008056641e+01
-1.597246646881103516e+01
8.674658966064453125e+01
3.721208572387695312e+01
3.936254882812500000e+01
6.150215911865234375e+01
1.047646999359130859e+01
-1.862727928161621094e+01
1.575273284912109375e+02
3.532766342163085938e+01
-8.701269149780273438e+00
5.656239700317382812e+01
-3.765089511871337891e+00
-1.578030586242675781e+01
6.772803497314453125e+01
2.099160957336425781e+01
3.417422294616699219e+00
6.517989635467529297e+00
2.625324440002441406e+01
5.205682277679443359e+00
1.141317939758300781e+01
-2.131189107894897461e+00
-3.042805194854736328e+00
1.574720764160156250e+01
1.977833366394042969e+01
4.359193325042724609e+00
-1.609147071838378906e+01
-4.618844985961914062e+00
-4.401519775390625000e+00
2.056052970886230469e+01
2.111003684997558594e+01
-2.952207803726196289e+00
-2.341864824295043945e+00
-1.417259424924850464e-01
-3.164790198206901550e-02
-7.050833106040954590e-02
-5.641604065895080566e-01
2.873340249061584473e-01
2.542558288574218750e+01
2.623025131225585938e+01
-4.974220275878906250e+00
4.631554126739501953e+00
-4.691774368286132812e+01
-7.302345752716064453e+00
4.283712005615234375e+01
5.351991653442382812e+01
1.281350135803222656e+01
-2.653529739379882812e+01
-2.985973930358886719e+01
-3.227119207382202148e+00
9.180683898925781250e+01
5.114718627929687500e+01
4.697601318359375000e+01
-4.600175476074218750e+01
7.478730201721191406e+00
-6.434470653533935547e+00
8.430567169189453125e+01
3.752566909790039062e+01
1.471180419921875000e+02
-2.490830421447753906e+01
7.483644008636474609e+00
5.765882730484008789e-01
4.216072692871093750e+02
4.009294128417968750e+01
1.107941894531250000e+02
1.971721768379211426e+00
1.012858104705810547e+01
-5.943483829498291016e+00
1.177914505004882812e+02
1.026989517211914062e+02
1.145397720336914062e+02
8.262018203735351562e+00
1.109487056732177734e+01
-1.697854042053222656e+01
2.744803771972656250e+02
4.262114334106445312e+01
1.196168823242187500e+02
8.607825279235839844e+00
1.184297466278076172e+01
-2.483902931213378906e+01
8.821556091308593750e+01
3.605591964721679688e+01
3.733969116210937500e+01
6.177022171020507812e+01
1.126394939422607422e+01
-1.850140762329101562e+01
3.801526260375976562e+01
4.714336013793945312e+01
-1.183522796630859375e+01
2.335808372497558594e+01
4.159304809570312500e+01
-6.212832927703857422e+00
2.479461479187011719e+01
-1.018139743804931641e+01
3.265457534790039062e+01
5.026753902435302734e+00
2.354273605346679688e+01
1.341985106468200684e+00
-2.328158950805664062e+01
8.310406684875488281e+00
-4.016036987304687500e+00
2.804094314575195312e+01
1.822114372253417969e+01
3.750333786010742188e+00
-3.584587097167968750e+01
-2.646729469299316406e+00
-9.336247444152832031e-01
-1.935250163078308105e+00
4.641070175170898438e+01
2.216445684432983398e+00
-3.601659059524536133e+00
-1.556257456541061401e-01
-2.835660576820373535e-01
5.148957669734954834e-02
-5.808870196342468262e-01
3.221218585968017578e-01
4.894969558715820312e+01
1.110318374633789062e+01
1.720670700073242188e+01
-2.220961004495620728e-01
-4.119340133666992188e+01
6.633143126964569092e-02
4.018818664550781250e+01
3.233909225463867188e+01
4.994478988647460938e+01
-2.173369026184082031e+01
-2.714931869506835938e+01
3.188949078321456909e-02
3.492172622680664062e+01
2.112388992309570312e+01
2.249419860839843750e+02
-3.779088258743286133e+00
-3.357704925537109375e+01
4.342339634895324707e-01
3.609945678710937500e+01
3.965153884887695312e+01
1.458100433349609375e+02
-5.523994922637939453e+00
9.616532325744628906e+00
-2.724679470062255859e+00
1.213849105834960938e+02
1.048108215332031250e+02
1.161222381591796875e+02
8.736774444580078125e+00
1.085208892822265625e+01
-1.639728546142578125e+01
3.821187744140625000e+02
3.706009521484375000e+02
1.382447814941406250e+02
1.088537120819091797e+01
1.100320243835449219e+01
-3.998805236816406250e+01
1.020888214111328125e+02
9.770759582519531250e+01
1.035325851440429688e+02
1.994755935668945312e+01
1.036728668212890625e+01
-3.347802352905273438e+01
5.126675415039062500e+01
4.797582244873046875e+01
-9.683904647827148438e+00
1.099521541595458984e+01
6.263941955566406250e+01
-4.714951992034912109e+00
2.441405296325683594e+01
5.785759353637695312e+01
-2.699833488464355469e+01
4.639137744903564453e+00
4.482572555541992188e+01
-3.005591630935668945e+00
1.595486354827880859e+01
-3.094476509094238281e+01
5.557222747802734375e+01
4.141457080841064453e+00
1.947070121765136719e+01
-2.572669267654418945e+00
-4.237363052368164062e+01
6.898200988769531250e+00
8.914212882518768311e-02
9.617400169372558594e+00
2.944358253479003906e+01
-6.111249923706054688e+00
3.349937200546264648e+00
2.597611248493194580e-01
-4.138949327170848846e-03
-1.712960563600063324e-02
4.749695956707000732e-01
4.859602451324462891e-01
4.716182327270507812e+01
3.106289148330688477e+00
1.848696708679199219e+01
4.510610923171043396e-02
-4.681254577636718750e+01
-3.449646472930908203e+00
4.455987167358398438e+01
1.371644401550292969e+01
8.059289550781250000e+01
3.747182369232177734e+00
-6.341222000122070312e+01
-1.513446092605590820e+00
4.069142532348632812e+01
3.171829223632812500e+01
5.157215881347656250e+01
-2.178936958312988281e+01
-2.776403617858886719e+01
2.443939214572310448e-03
8.255676269531250000e+01
3.796054077148437500e+01
1.528203887939453125e+02
-2.118810653686523438e+01
6.875394821166992188e+00
1.872056908905506134e-02
4.325409851074218750e+02
3.906882476806640625e+01
1.137408523559570312e+02
3.764384984970092773e+00
9.398121833801269531e+00
-5.412602424621582031e+00
1.196452789306640625e+02
1.036637496948242188e+02
1.180099792480468750e+02
8.449109077453613281e+00
1.042706012725830078e+01
-1.613607597351074219e+01
2.596286315917968750e+02
4.140242385864257812e+01
1.202010498046875000e+02
8.409759521484375000e+00
1.158802700042724609e+01
-2.482497787475585938e+01
8.834986877441406250e+01
3.719411087036132812e+01
3.775868225097656250e+01
6.262194061279296875e+01
1.071453666687011719e+01
-1.873193740844726562e+01
3.856748199462890625e+01
4.876292037963867188e+01
-1.225868701934814453e+01
2.353811645507812500e+01
4.297434616088867188e+01
-5.839696884155273438e+00
2.433790969848632812e+01
-9.545264244079589844e+00
3.255227279663085938e+01
5.431829929351806641e+00
2.385142898559570312e+01
1.019990324974060059e+00
-2.131030082702636719e+01
7.337413311004638672e+00
-4.188050746917724609e+00
2.877164649963378906e+01
1.814024162292480469e+01
3.947347402572631836e+00
-3.460011672973632812e+01
-3.467733621597290039e+00
-7.055943608283996582e-01
-1.983865261077880859e+00
4.684381484985351562e+01
2.573773384094238281e+00
5.850872397422790527e-01
-1.877934336662292480e-01
1.037162914872169495e-01
-1.702682673931121826e-02
7.156786322593688965e-01
4.346231222152709961e-01
4.773510360717773438e+01
1.074963283538818359e+01
1.639619827270507812e+01
-3.265452757477760315e-02
-3.993269348144531250e+01
3.002196848392486572e-01
5.541824722290039062e+01
8.073583221435546875e+01
6.080526828765869141e+00
-2.315997695922851562e+01
-1.451575660705566406e+01
-1.039206460118293762e-01
2.630863342285156250e+02
6.059943389892578125e+01
2.917724990844726562e+01
-5.033245849609375000e+01
5.255564689636230469e+00
1.567252278327941895e+00
8.251987457275390625e+01
3.829887008666992188e+01
1.559537963867187500e+02
-2.091074371337890625e+01
7.130009651184082031e+00
6.828757375478744507e-02
3.597785568237304688e+01
3.966503143310546875e+01
1.462297210693359375e+02
-5.753315448760986328e+00
9.471970558166503906e+00
-3.087941884994506836e+00
9.117694854736328125e+01
3.438851547241210938e+01
1.325495758056640625e+02
-4.157177448272705078e+00
1.084130573272705078e+01
-1.024885368347167969e+01
2.175684509277343750e+02
3.164840698242187500e+01
6.715200042724609375e+01
3.694759750366210938e+01
1.192717361450195312e+01
-2.048826599121093750e+01
1.005861663818359375e+02
3.421264648437500000e+01
-5.562637805938720703e+00
5.615474700927734375e+01
2.081445604562759399e-01
-1.549013328552246094e+01
4.376661300659179688e+01
4.663581848144531250e+00
1.390956306457519531e+01
1.073612022399902344e+01
2.105749893188476562e+01
1.906014800071716309e+00
-1.464996910095214844e+01
2.130545425415039062e+01
-2.935360145568847656e+01
3.939225769042968750e+01
1.213459491729736328e+01
6.662805557250976562e+00
-2.042834663391113281e+01
-3.386145401000976562e+01
9.365792274475097656e+00
2.441266632080078125e+01
1.368259525299072266e+01
7.156698703765869141e+00
-2.495232009887695312e+01
-2.682637786865234375e+01
5.289929389953613281e+00
-4.748633861541748047e+00
4.682409667968750000e+01
7.561691761016845703e+00
-1.687432527542114258e+00
1.347034126520156860e-01
-3.718188405036926270e-01
5.745671689510345459e-02
9.051688313484191895e-01
-4.091843068599700928e-01
-1.499097794294357300e-01
-1.359936952590942383e+00
-2.247198224067687988e-01
8.075443096458911896e-03
4.423549026250839233e-02
8.903372883796691895e-01
5.128920745849609375e+01
8.325817108154296875e+01
6.320637702941894531e+00
-2.342567825317382812e+01
-1.529357814788818359e+01
-1.232659816741943359e-01
3.984548950195312500e+01
3.193989372253417969e+01
5.144474029541015625e+01
-2.166729927062988281e+01
-2.849770355224609375e+01
-2.992233037948608398e-01
3.531942367553710938e+01
2.019069480895996094e+01
2.274934844970703125e+02
3.614879608154296875e+00
-4.367241668701171875e+01
3.612322509288787842e-01
4.265728378295898438e+01
3.689834594726562500e+01
1.518114624023437500e+02
-2.762139701843261719e+01
5.328424930572509766e+00
-5.039599418640136719e+00
1.105779266357421875e+02
3.203012847900390625e+01
8.830637359619140625e+01
-1.693635368347167969e+01
1.015899753570556641e+01
-1.264967346191406250e+01
2.556167602539062500e+02
2.557945632934570312e+01
1.267165780067443848e+00
4.935666656494140625e+01
-8.184001922607421875e+00
-2.513624382019042969e+01
1.221822128295898438e+02
-1.150171852111816406e+01
2.079067611694335938e+01
2.249989032745361328e+00
7.222846984863281250e+00
-3.459358453750610352e+00
-2.628147888183593750e+01
6.034297943115234375e+01
-7.829441833496093750e+01
3.287559890747070312e+01
1.318848705291748047e+01
1.038154602050781250e+01
-2.920058822631835938e+01
-8.659583282470703125e+01
3.895267486572265625e+01
3.882246017456054688e+01
2.645015478134155273e+00
1.515476417541503906e+01
-4.066489028930664062e+01
-9.004181671142578125e+01
4.256639099121093750e+01
2.371851158142089844e+01
2.071987867355346680e+00
8.871391296386718750e+00
-3.878353881835937500e+01
-1.015081939697265625e+02
1.036834001541137695e+00
2.333156967163085938e+01
2.070201873779296875e+01
-2.554950237274169922e+00
-4.167655181884765625e+01
-9.878052520751953125e+01
1.287063002586364746e+00
2.328191375732421875e+01
2.091080474853515625e+01
-3.351741552352905273e+00
4.828244149684906006e-01
-1.462287157773971558e-01
-7.072648406028747559e-01
-9.662247449159622192e-02
-5.798482894897460938e-01
-4.552817344665527344e-01
4.803954315185546875e+01
1.112838745117187500e+01
1.654158973693847656e+01
-6.653658151626586914e-01
-3.970625686645507812e+01
2.972934208810329437e-02
4.401407241821289062e+01
1.326894664764404297e+01
7.761023712158203125e+01
2.991907835006713867e+00
-6.344696044921875000e+01
-1.838254928588867188e+00
3.888851165771484375e+01
2.896659088134765625e+01
6.999918365478515625e+01
-1.978709030151367188e+01
-3.548295974731445312e+01
-4.987337589263916016e+00
5.177438735961914062e+01
3.780540847778320312e+01
1.626749801635742188e+01
-4.124563694000244141e+00
3.929366588592529297e+00
-1.108113861083984375e+01
1.205819091796875000e+02
2.984808349609375000e+01
-1.296632766723632812e+00
1.193177509307861328e+01
-6.980161190032958984e+00
-2.016223716735839844e+01
2.114766082763671875e+02
-2.044526100158691406e+01
2.994494628906250000e+01
-1.512013530731201172e+01
-1.039317893981933594e+01
-6.322686672210693359e+00
-4.353075027465820312e+01
1.019144363403320312e+02
-1.486041164398193359e+01
1.677620887756347656e+00
1.241849327087402344e+01
8.512537956237792969e+00
-5.844207382202148438e+01
-7.162177276611328125e+01
8.161602973937988281e+00
3.840547943115234375e+01
1.353973102569580078e+01
1.752970695495605469e+01
-8.957176208496093750e+01
-1.039289779663085938e+02
5.595146179199218750e+01
2.332974815368652344e+01
-1.441515922546386719e+00
1.321314048767089844e+01
-1.335157318115234375e+02
-9.358794403076171875e+01
5.748357391357421875e+01
7.601000785827636719e+00
3.338696002960205078e+00
1.047010421752929688e+00
-4.169497299194335938e+01
-9.030323028564453125e+01
4.050785446166992188e+01
7.225342273712158203e+00
1.191691303253173828e+01
8.374222755432128906e+00
-2.500809478759765625e+01
-2.717718696594238281e+01
4.438151359558105469e+00
-4.814820766448974609e+00
4.648263549804687500e+01
7.470361232757568359e+00
-1.193596959114074707e+00
-2.002264112234115601e-01
-5.260709524154663086e-01
-2.264008969068527222e-01
-1.548363715410232544e-01
-3.628160655498504639e-01
4.756095123291015625e+01
3.582734584808349609e+00
1.811986351013183594e+01
-5.638647675514221191e-01
-4.687538146972656250e+01
-3.435377836227416992e+00
3.457053375244140625e+01
1.516607666015625000e+01
1.142392921447753906e+01
1.089839839935302734e+01
-6.465045166015625000e+01
-4.210365295410156250e+00
3.580506515502929688e+01
4.230187606811523438e+01
-2.117541503906250000e+01
1.015599155426025391e+01
-3.174464797973632812e+01
-9.970079421997070312e+00
5.326574325561523438e+01
5.435093688964843750e+01
-3.242670059204101562e+01
-1.760055732727050781e+01
7.464317798614501953e+00
-1.663079643249511719e+01
1.141809616088867188e+02
-9.805196762084960938e+00
2.671384048461914062e+01
-3.392258453369140625e+01
1.316181778907775879e+00
-1.338480091094970703e+01
1.919206695556640625e+02
-6.178821945190429688e+01
3.857388305664062500e+01
-3.441859436035156250e+01
1.873615086078643799e-01
3.905118465423583984e+00
-1.145312271118164062e+02
1.070701980590820312e+02
-8.638056945800781250e+01
5.691468429565429688e+01
1.686020851135253906e+01
1.828456521034240723e+00
-1.867176666259765625e+02
-9.163066864013671875e+01
5.149827194213867188e+01
5.372603988647460938e+01
4.067827761173248291e-01
8.799609541893005371e-01
-9.203935241699218750e+01
-1.032347183227539062e+02
5.469648742675781250e+01
2.254531860351562500e+01
-1.884084939956665039e+00
1.251967048645019531e+01
-3.077219772338867188e+01
-8.448566436767578125e+01
3.820321273803710938e+01
3.941714477539062500e+01
2.181860685348510742e+00
1.412371253967285156e+01
-2.017792510986328125e+01
-3.289779281616210938e+01
9.707740783691406250e+00
2.316633224487304688e+01
1.411780261993408203e+01
6.699718952178955078e+00
-3.569548416137695312e+01
-3.334389448165893555e+00
-1.104262351989746094e+00
-2.085888624191284180e+00
4.596553421020507812e+01
1.952981472015380859e+00
9.659658670425415039e-01
1.058549731969833374e-01
-1.693268679082393646e-02
-5.194078683853149414e-01
8.926809765398502350e-03
-1.516132801771163940e-01
3.925776672363281250e+01
3.207115888595581055e+00
6.365979313850402832e-01
1.620506048202514648e+00
-4.626918029785156250e+01
-2.361298799514770508e+00
2.042703437805175781e+01
3.377483367919921875e+01
-9.942250251770019531e+00
-2.347390556335449219e+01
-1.467477130889892578e+01
-6.890972137451171875e+00
3.038491249084472656e+01
8.666592407226562500e+01
-4.016688537597656250e+01
-3.835111999511718750e+01
-2.084547042846679688e+00
-1.441243362426757812e+01
5.831667709350585938e+01
8.048268890380859375e+01
-1.704836654663085938e+01
-3.861503601074218750e+01
-1.298679828643798828e+01
-1.815333366394042969e+01
1.154337615966796875e+02
-1.027570953369140625e+02
8.784961700439453125e+01
-5.789536285400390625e+01
-1.623518180847167969e+01
-2.669708251953125000e+00
7.053260040283203125e+01
-7.670899200439453125e+01
-1.490392088890075684e+00
-1.071540236473083496e+00
2.932922363281250000e+00
-3.056400060653686523e+00
-1.180830993652343750e+02
1.038540267944335938e+02
-8.701051330566406250e+01
5.682793807983398438e+01
1.696498298645019531e+01
2.218669891357421875e+00
-5.958274459838867188e+01
-8.101902008056640625e+01
1.573024845123291016e+01
3.819125747680664062e+01
1.306219291687011719e+01
1.685725212097167969e+01
-2.759273338317871094e+01
5.617668914794921875e+01
-8.031525421142578125e+01
3.195916748046875000e+01
1.356244373321533203e+01
9.900206565856933594e+00
-1.456737041473388672e+01
2.015495109558105469e+01
-2.850814819335937500e+01
3.912434005737304688e+01
1.232625198364257812e+01
6.433551788330078125e+00
-2.244843101501464844e+01
6.862084388732910156e+00
-4.534170627593994141e+00
2.752505874633789062e+01
1.885982131958007812e+01
3.157004594802856445e+00
-4.629602050781250000e+01
6.559683322906494141e+00
4.745320677757263184e-01
1.037220573425292969e+01
2.848092079162597656e+01
-3.902920961380004883e+00
5.949661731719970703e-01
2.109265923500061035e-01
-2.745095193386077881e-01
-2.080127596855163574e-01
-9.042099714279174805e-01
-7.425682246685028076e-02
1.552767658233642578e+01
5.872585773468017578e+00
4.668323040008544922e+00
-1.999581336975097656e+01
-2.063488006591796875e+01
2.671322107315063477e+00
1.655761718750000000e+01
7.133357238769531250e+01
-8.415461540222167969e+00
-4.316525268554687500e+01
-1.381488800048828125e+01
-1.006130218505859375e+01
3.493845367431640625e+01
-7.610400390625000000e+01
1.867022705078125000e+02
-4.526446533203125000e+01
-2.391585159301757812e+01
-1.158677387237548828e+01
6.634198760986328125e+01
-1.514076690673828125e+02
1.763775939941406250e+02
-5.373803329467773438e+01
-2.691005897521972656e+01
-2.374577760696411133e+00
1.146252136230468750e+02
-1.095218200683593750e+02
8.733269500732421875e+01
-5.787336349487304688e+01
-1.630328941345214844e+01
-2.421863079071044922e+00
1.816188812255859375e+02
-6.307687759399414062e+01
3.846762466430664062e+01
-3.351781463623046875e+01
-3.815824270248413086e+00
6.210795402526855469e+00
-4.362984085083007812e+01
9.050793457031250000e+01
-1.423546504974365234e+01
1.888288259506225586e+00
1.217728233337402344e+01
8.329796791076660156e+00
1.157347412109375000e+02
-1.078684806823730469e+01
2.067873954772949219e+01
4.375223636627197266e+00
5.780021190643310547e+00
-2.558246135711669922e+00
4.322129821777343750e+01
4.745265007019042969e+00
1.292415428161621094e+01
1.186891174316406250e+01
2.040085220336914062e+01
2.649791955947875977e+00
2.422230339050292969e+01
-1.025808429718017578e+01
3.063308525085449219e+01
5.543578624725341797e+00
2.360245513916015625e+01
6.173605918884277344e-01
1.589592170715332031e+01
-3.350878143310546875e+01
5.224547958374023438e+01
4.172012805938720703e+00
1.937892532348632812e+01
-2.208512783050537109e+00
9.525790214538574219e+00
-3.376943588256835938e+01
1.398190498352050781e+01
5.860108852386474609e+00
1.389955043792724609e+01
-3.894453763961791992e+00
2.869347572326660156e+00
-3.020654022693634033e-01
-4.704323709011077881e-01
-5.894154310226440430e-01
-1.800846099853515625e+00
2.324282884597778320e+00
7.439678668975830078e+00
-2.184739494323730469e+01
3.292596817016601562e+01
-2.488133239746093750e+01
-1.980272102355957031e+01
-4.027352035045623779e-01
1.593068218231201172e+01
-8.236416625976562500e+01
1.330038757324218750e+02
-4.377238464355468750e+01
-2.353538894653320312e+01
-1.765196681022644043e+00
3.530270004272460938e+01
-7.780487823486328125e+01
1.820747680664062500e+02
-4.590064620971679688e+01
-2.345637512207031250e+01
-1.137733173370361328e+01
5.845399856567382812e+01
8.135087585449218750e+01
-2.137843513488769531e+01
-3.853302764892578125e+01
-1.293749332427978516e+01
-1.747018241882324219e+01
1.102602005004882812e+02
-9.769798278808593750e+00
2.605844497680664062e+01
-3.400640487670898438e+01
7.847248315811157227e-01
-1.281402873992919922e+01
1.966332244873046875e+02
-2.089267349243164062e+01
3.114004325866699219e+01
-1.447453880310058594e+01
-1.049122238159179688e+01
-5.560131549835205078e+00
2.389901733398437500e+02
2.388353919982910156e+01
6.566818952560424805e-01
5.083777236938476562e+01
-8.325644493103027344e+00
-2.516366767883300781e+01
9.684983825683593750e+01
3.364688873291015625e+01
-6.460552215576171875e+00
5.636962127685546875e+01
2.297266125679016113e-01
-1.552353000640869141e+01
3.675943756103515625e+01
4.895789337158203125e+01
-1.410217285156250000e+01
2.324645042419433594e+01
4.262537765502929688e+01
-6.124281406402587891e+00
2.351131057739257812e+01
5.726199340820312500e+01
-3.133577537536621094e+01
5.458056449890136719e+00
4.353867340087890625e+01
-3.030454874038696289e+00
2.124192047119140625e+01
4.269391632080078125e+01
-2.218020629882812500e+01
3.265792429447174072e-01
2.110541343688964844e+01
1.592797875404357910e+00
2.454984283447265625e+01
-1.982592010498046875e+01
1.374493217468261719e+01
-8.531017303466796875e+00
1.285892128944396973e+00
1.899177742004394531e+01
2.188165664672851562e+00
9.381904602050781250e-01
7.448830455541610718e-02
-7.256590723991394043e-01
-6.648947000503540039e-01
5.204460024833679199e-01
6.802710056304931641e+00
-2.098388290405273438e+01
3.267511367797851562e+01
-2.493428993225097656e+01
-2.103328323364257812e+01
-5.171222090721130371e-01
1.601753616333007812e+01
7.163559722900390625e+01
-9.579435348510742188e+00
-4.398971939086914062e+01
-1.406395339965820312e+01
-9.631319999694824219e+00
2.987738037109375000e+01
8.555535888671875000e+01
-4.110528945922851562e+01
-3.809991073608398438e+01
-2.518929481506347656e+00
-1.507524681091308594e+01
5.410439300537109375e+01
5.428172302246093750e+01
-3.240879058837890625e+01
-1.764942932128906250e+01
7.828879833221435547e+00
-1.642279052734375000e+01
1.194662780761718750e+02
2.945854949951171875e+01
-6.823609471321105957e-01
1.172778129577636719e+01
-7.170138359069824219e+00
-1.939772033691406250e+01
1.097290039062500000e+02
3.176916694641113281e+01
8.892333221435546875e+01
-1.619856643676757812e+01
1.013921642303466797e+01
-1.302662849426269531e+01
2.069096527099609375e+02
3.187167930603027344e+01
6.733954620361328125e+01
3.575868988037109375e+01
1.207902812957763672e+01
-1.975658226013183594e+01
8.456876373291015625e+01
3.740991973876953125e+01
3.898199844360351562e+01
6.197644805908203125e+01
1.138887119293212891e+01
-1.822743225097656250e+01
5.002940750122070312e+01
4.766088485717773438e+01
-1.027519607543945312e+01
1.149742889404296875e+01
6.251424026489257812e+01
-4.896276950836181641e+00
6.055200576782226562e+01
3.698866653442382812e+01
-2.999118041992187500e+01
1.395869064331054688e+01
4.823580551147460938e+01
2.628585338592529297e+00
7.870372772216796875e+01
2.717871856689453125e+01
-3.011685562133789062e+01
-1.089813327789306641e+01
-7.566163688898086548e-02
3.661732864379882812e+01
2.502195739746093750e+01
-1.884095001220703125e+01
1.352630138397216797e+01
-8.006036758422851562e+00
1.400414586067199707e+00
1.819649887084960938e+01
-1.408092141151428223e+00
2.520572185516357422e+00
1.160259693861007690e-01
-5.451544746756553650e-02
-1.960374593734741211e+00
2.191194772720336914e+00
1.422534751892089844e+01
7.719956874847412109e+00
4.352735996246337891e+00
-2.042418670654296875e+01
-2.076948356628417969e+01
2.945423364639282227e+00
2.093800354003906250e+01
3.341992568969726562e+01
-9.687846183776855469e+00
-2.268269729614257812e+01
-1.434270000457763672e+01
-6.850390911102294922e+00
3.605292129516601562e+01
4.254038238525390625e+01
-2.078343200683593750e+01
4.772083282470703125e+00
-2.032217788696289062e+01
-9.773757934570312500e+00
5.200637054443359375e+01
3.772893524169921875e+01
1.722521018981933594e+01
-4.159373760223388672e+00
4.243789196014404297e+00
-1.093918514251708984e+01
4.363696289062500000e+01
3.700717544555664062e+01
1.568432312011718750e+02
-2.652833175659179688e+01
6.200480461120605469e+00
-4.766990661621093750e+00
9.151390075683593750e+01
3.420692443847656250e+01
1.319043731689453125e+02
-3.496600866317749023e+00
1.138265609741210938e+01
-1.002970027923583984e+01
2.506132049560546875e+02
4.044601058959960938e+01
1.195344009399414062e+02
8.445971488952636719e+00
1.176047992706298828e+01
-2.497632598876953125e+01
1.000933609008789062e+02
9.719650268554687500e+01
1.038804016113281250e+02
2.093768310546875000e+01
1.061063003540039062e+01
-3.375729370117187500e+01
1.703333282470703125e+02
4.016840744018554688e+01
2.576564550399780273e-01
6.155698394775390625e+01
8.329435348510742188e+00
-1.494089508056640625e+01
6.156901168823242188e+01
3.674870681762695312e+01
-3.011794090270996094e+01
1.525279808044433594e+01
4.958183288574218750e+01
2.732904434204101562e+00
2.254900741577148438e+01
4.196140289306640625e+01
-1.962596893310546875e+01
5.076902508735656738e-01
2.200724220275878906e+01
1.432487010955810547e+00
1.024081325531005859e+01
-3.076846122741699219e+01
1.500894165039062500e+01
6.718750953674316406e+00
1.401159095764160156e+01
-4.479463577270507812e+00
1.492688894271850586e+00
1.101282238960266113e+00
6.958396732807159424e-02
3.445517122745513916e-01
-2.188371658325195312e+00
-1.142200455069541931e-02
3.830373764038085938e+01
3.714488506317138672e+00
9.533690810203552246e-01
2.108994960784912109e+00
-4.608035278320312500e+01
-1.651590585708618164e+00
3.503110885620117188e+01
1.513854598999023438e+01
1.204509067535400391e+01
1.088323974609375000e+01
-6.359143447875976562e+01
-3.624989986419677734e+00
3.983460617065429688e+01
2.932923507690429688e+01
7.296720123291015625e+01
-1.855335235595703125e+01
-3.391101837158203125e+01
-4.687417984008789062e+00
3.482507705688476562e+01
2.838016319274902344e+01
1.203130722045898438e+02
-9.160340309143066406e+00
-2.656083488464355469e+01
-4.974287033081054688e+00
3.061446762084960938e+01
3.955246353149414062e+01
1.366603088378906250e+02
-4.718679428100585938e+00
6.010815143585205078e+00
-7.334503650665283203e+00
4.615916442871093750e+01
4.141269683837890625e+01
1.110175399780273438e+02
1.351751422882080078e+01
1.055292034149169922e+01
-1.512757301330566406e+01
1.034724502563476562e+02
9.993437194824218750e+01
1.064519729614257812e+02
2.306887054443359375e+01
1.010521697998046875e+01
-3.484524917602539062e+01
1.928950195312500000e+02
1.938054199218750000e+02
5.867621994018554688e+01
2.116370439529418945e+00
2.909976482391357422e+00
1.839152336120605469e+01
7.609710693359375000e+01
7.601801300048828125e+01
-9.643115997314453125e+01
8.097570419311523438e+00
5.650521087646484375e+01
3.653752136230468750e+01
3.071639633178710938e+01
4.730311584472656250e+01
-6.466703033447265625e+01
7.652048110961914062e+00
2.311398506164550781e+01
2.688827705383300781e+01
9.192541122436523438e+00
-4.991926574707031250e+01
4.022136306762695312e+01
6.988226413726806641e+00
2.312422513961791992e+00
7.065364360809326172e+00
6.609740257263183594e-01
6.201933860778808594e+00
5.153863430023193359e-01
1.516126394271850586e-01
-1.290780067443847656e+00
1.665562272071838379e+00
5.074487686157226562e+01
-5.895197868347167969e+00
-4.548458755016326904e-01
-9.749372482299804688e+00
-2.842508316040039062e+01
5.702545166015625000e+00
4.212774276733398438e+01
-2.369792461395263672e+00
2.185590744018554688e+00
2.835283041000366211e+00
-4.498950195312500000e+01
-8.752370834350585938e+00
3.467075347900390625e+01
6.000764846801757812e+00
1.360638499259948730e+00
4.612443161010742188e+01
-5.352529525756835938e+01
-6.918228626251220703e+00
3.919838333129882812e+01
2.888022804260253906e+01
7.198154449462890625e+01
-1.910051536560058594e+01
-3.519231033325195312e+01
-4.631302356719970703e+00
4.409001541137695312e+01
3.705449295043945312e+01
1.527386627197265625e+02
-2.546170043945312500e+01
4.868448734283447266e+00
-4.942516803741455078e+00
9.040278625488281250e+01
3.369076538085937500e+01
1.364030303955078125e+02
-3.214375734329223633e+00
1.050759029388427734e+01
-1.036697292327880859e+01
2.601617126464843750e+02
4.173787307739257812e+01
1.236016006469726562e+02
9.269388198852539062e+00
1.141145801544189453e+01
-2.488517951965332031e+01
9.909835052490234375e+01
9.573291015625000000e+01
1.061335678100585938e+02
2.331514358520507812e+01
7.981390476226806641e+00
-3.497512054443359375e+01
1.675378723144531250e+02
4.289520263671875000e+01
-2.400182634592056274e-01
6.400168609619140625e+01
7.791229248046875000e+00
-1.458782482147216797e+01
6.327456283569335938e+01
3.789644241333007812e+01
-3.216279602050781250e+01
1.601349639892578125e+01
5.005406951904296875e+01
2.410980224609375000e+00
2.202056312561035156e+01
4.095943450927734375e+01
-1.764766120910644531e+01
2.002132236957550049e-01
2.275802040100097656e+01
1.202997565269470215e+00
8.994143486022949219e+00
-2.997366905212402344e+01
1.378125858306884766e+01
6.359300136566162109e+00
1.424382495880126953e+01
-4.304061889648437500e+00
9.176301956176757812e+00
1.797127723693847656e-01
1.512191537767648697e-02
-6.083219647407531738e-01
6.342829465866088867e-01
-1.430040448904037476e-01
3.996987152099609375e+01
3.382670164108276367e+00
1.107992291450500488e+00
1.779769301414489746e+00
-4.414431762695312500e+01
-1.649628758430480957e+00
3.556731796264648438e+01
1.536514472961425781e+01
1.184849643707275391e+01
1.033753204345703125e+01
-6.253293991088867188e+01
-3.804958581924438477e+00
4.143282699584960938e+01
5.294873046875000000e+01
1.258588123321533203e+01
-2.524184417724609375e+01
-3.058634567260742188e+01
-3.746203422546386719e+00
8.860214233398437500e+01
5.066330337524414062e+01
4.685328674316406250e+01
-4.740532684326171875e+01
6.620575428009033203e+00
-6.002901554107666016e+00
2.651162414550781250e+02
3.677866744995117188e+01
1.315076751708984375e+02
-2.290771293640136719e+01
1.104231262207031250e+01
-7.254855632781982422e+00
8.803900146484375000e+01
3.464868927001953125e+01
1.367285308837890625e+02
-4.047134876251220703e+00
1.094478034973144531e+01
-1.018508052825927734e+01
4.584895706176757812e+01
4.200236129760742188e+01
1.116207122802734375e+02
1.416617965698242188e+01
1.006555843353271484e+01
-1.561708354949951172e+01
9.127873992919921875e+01
3.729387283325195312e+01
3.892465209960937500e+01
6.337297058105468750e+01
1.030734252929687500e+01
-1.889695930480957031e+01
1.550200195312500000e+02
3.588064193725585938e+01
-9.995982170104980469e+00
5.671678924560546875e+01
-5.006798744201660156e+00
-1.528220367431640625e+01
6.564614868164062500e+01
2.108027839660644531e+01
4.098776817321777344e+00
6.567608356475830078e+00
2.615472602844238281e+01
4.272105216979980469e+00
1.241587066650390625e+01
-3.482585191726684570e+00
-4.357094287872314453e+00
1.665843009948730469e+01
1.992033767700195312e+01
4.866557121276855469e+00
-1.205507755279541016e+01
-6.401659965515136719e+00
-4.541428565979003906e+00
2.094001007080078125e+01
2.105528259277343750e+01
-3.142711877822875977e+00
2.593921422958374023e+00
1.010006219148635864e-01
6.484089493751525879e-01
-1.874191164970397949e-01
3.098117113113403320e-01
1.370757259428501129e-02
2.736646652221679688e+01
2.592586135864257812e+01
-4.723754882812500000e+00
4.218247413635253906e+00
-4.501835632324218750e+01
-7.635547161102294922e+00
4.244286346435546875e+01
1.017074203491210938e+02
-1.706196665763854980e+00
-2.298614883422851562e+01
-1.986014556884765625e+01
3.569379568099975586e+00
1.680326080322265625e+02
7.900933074951171875e+01
1.014760780334472656e+01
-6.366435623168945312e+01
5.459669589996337891e+00
-2.828827619552612305e+00
8.558013916015625000e+01
5.091560745239257812e+01
4.707341766357421875e+01
-4.861851501464843750e+01
6.867862224578857422e+00
-6.066955089569091797e+00
4.192262649536132812e+01
3.704938507080078125e+01
1.574771270751953125e+02
-2.779063796997070312e+01
5.373123168945312500e+00
-4.950173377990722656e+00
3.090788650512695312e+01
3.892161941528320312e+01
1.377621307373046875e+02
-5.058281898498535156e+00
5.988429546356201172e+00
-7.246197223663330078e+00
4.511702346801757812e+01
3.881000900268554688e+01
3.584388351440429688e+01
4.825942611694335938e+01
9.940503120422363281e+00
-1.277622890472412109e+01
1.033595428466796875e+02
3.369147491455078125e+01
-5.839553833007812500e+00
5.629913711547851562e+01
-1.037860751152038574e+00
-1.593677902221679688e+01
1.691057891845703125e+02
2.960375070571899414e+00
1.117627620697021484e+01
2.412768554687500000e+01
-5.730808258056640625e+00
8.957492828369140625e+00
-1.228401374816894531e+01
6.571443939208984375e+01
-4.002666854858398438e+01
2.695726013183593750e+01
1.848552513122558594e+01
1.074028968811035156e+01
-1.596188545227050781e+01
-6.349592971801757812e+01
1.960706830024719238e+00
4.539944839477539062e+01
1.441870784759521484e+01
9.559063911437988281e+00
-1.117709636688232422e+01
-4.745855331420898438e+01
1.439019012451171875e+01
3.041833496093750000e+01
7.144845962524414062e+00
-4.962207794189453125e+00
-2.001744508743286133e+00
2.190803140401840210e-01
-6.715774536132812500e-01
5.630238726735115051e-02
7.067849040031433105e-01
-1.956497877836227417e-02
-6.351629644632339478e-02
3.807604551315307617e+00
-2.239730507135391235e-01
3.905937671661376953e-01
-1.672249436378479004e+00
1.562146067619323730e+00
3.972781753540039062e+01
1.008919448852539062e+02
-1.177129030227661133e+00
-2.355193901062011719e+01
-2.044545364379882812e+01
2.899533510208129883e+00
4.086182022094726562e+01
5.269801330566406250e+01
1.241089630126953125e+01
-2.602223777770996094e+01
-3.032406997680664062e+01
-3.789798498153686523e+00
3.872194671630859375e+01
2.853129196166992188e+01
7.283189392089843750e+01
-1.927017974853515625e+01
-3.509872055053710938e+01
-4.775723934173583984e+00
3.771221923828125000e+01
2.435858726501464844e+01
1.225761489868164062e+02
7.245084852911531925e-04
-3.380220413208007812e+01
-5.224233627319335938e+00
3.135156631469726562e+01
3.071578598022460938e+01
-1.450936794281005859e+01
7.156484222412109375e+01
1.141505146026611328e+01
-1.038626003265380859e+01
5.796310424804687500e+01
2.343704795837402344e+01
1.515217065811157227e+00
3.197151947021484375e+01
7.522831439971923828e+00
-1.274018859863281250e+01
1.196459350585937500e+02
-1.153970146179199219e+01
2.075303649902343750e+01
2.262645006179809570e+00
6.372423171997070312e+00
-3.708478689193725586e+00
-2.601767730712890625e+01
1.602535858154296875e+02
-1.075898132324218750e+02
3.199196624755859375e+01
2.066201591491699219e+01
7.768024206161499023e-01
-3.457942199707031250e+01
8.849599456787109375e+01
-1.873445587158203125e+02
4.655755233764648438e+01
2.395051574707031250e+01
1.040123176574707031e+01
-3.951045227050781250e+01
-1.578951263427734375e+02
4.875114440917968750e+01
4.014596176147460938e+01
8.687978744506835938e+00
1.952675580978393555e+00
-3.392652130126953125e+01
-1.204469451904296875e+02
4.305210494995117188e+01
2.914729499816894531e+01
2.893983602523803711e+00
-1.019511795043945312e+01
-3.567788696289062500e+01
-1.192736816406250000e+02
4.764009857177734375e+01
2.945852470397949219e+01
2.940671920776367188e+00
-9.173669815063476562e+00
1.068981051445007324e+00
3.685590922832489014e-01
-2.641642689704895020e-01
-9.385727345943450928e-02
-2.468192815780639648e+00
2.706049978733062744e-01
2.686620521545410156e+01
2.586367988586425781e+01
-5.291622161865234375e+00
4.326718807220458984e+00
-4.574498367309570312e+01
-8.482351303100585938e+00
3.496686172485351562e+01
1.493628406524658203e+01
1.182337284088134766e+01
1.065342426300048828e+01
-6.331675720214843750e+01
-4.356719970703125000e+00
3.458325576782226562e+01
5.651716232299804688e+00
1.023560881614685059e+00
4.561914825439453125e+01
-5.444365310668945312e+01
-7.540965557098388672e+00
2.817124366760253906e+01
1.502036476135253906e+01
-1.525094509124755859e+00
-2.917425918579101562e+01
2.736038970947265625e+01
-1.012723350524902344e+01
4.052232742309570312e+01
7.890385150909423828e+00
5.957342147827148438e+00
-1.609696578979492188e+01
1.533846855163574219e+01
-1.163172054290771484e+01
6.706980895996093750e+01
-2.665974807739257812e+01
3.180407524108886719e+01
-2.339153099060058594e+01
8.277580261230468750e+00
-5.710780143737792969e+00
-4.158848571777343750e+01
9.728092956542968750e+01
-1.490430259704589844e+01
6.237643361091613770e-01
1.228557491302490234e+01
8.293695449829101562e+00
-6.434992218017578125e+01
1.589336700439453125e+02
-1.742002258300781250e+02
5.285990905761718750e+01
2.678227043151855469e+01
2.303807973861694336e+00
-8.748809814453125000e+01
-1.587435150146484375e+02
8.343236541748046875e+01
5.527449417114257812e+01
1.841615867614746094e+01
8.066621422767639160e-01
-1.284758148193359375e+02
-1.161488189697265625e+02
5.827877807617187500e+01
3.312045669555664062e+01
1.113912677764892578e+01
-1.170009255409240723e+00
-4.047013092041015625e+01
-1.594649200439453125e+02
4.925331115722656250e+01
4.173284530639648438e+01
8.459235191345214844e+00
1.467986226081848145e+00
-1.086402893066406250e+01
-4.749454116821289062e+01
1.383743381500244141e+01
2.874775695800781250e+01
7.518336296081542969e+00
-5.028655529022216797e+00
1.455725193023681641e+00
-1.106518805027008057e-01
-1.890774220228195190e-01
1.749986037611961365e-02
-1.024426102638244629e+00
-4.318323433399200439e-01
3.830293655395507812e+01
3.391708374023437500e+00
8.602532148361206055e-01
9.869899153709411621e-01
-4.603715515136718750e+01
-2.339617013931274414e+00
4.115583801269531250e+01
-2.440686464309692383e+00
2.040513277053833008e+00
1.601631402969360352e+00
-4.511008071899414062e+01
-9.879265785217285156e+00
2.306064224243164062e+01
4.115709304809570312e+00
3.075854539871215820e+00
-2.972536468505859375e+01
-7.160686016082763672e+00
-1.161587142944335938e+01
2.559042358398437500e+01
-6.650480270385742188e+00
1.508324909210205078e+01
-3.230546569824218750e+01
-1.400061368942260742e+00
-1.121506977081298828e+01
4.414116668701171875e+01
-4.347668075561523438e+01
4.400076675415039062e+01
-2.358549118041992188e+01
-3.274397373199462891e+00
-8.137444496154785156e+00
1.112766504287719727e+00
-1.762328624725341797e+00
-8.088725805282592773e-01
-4.864524602890014648e-01
3.349878489971160889e-01
-1.944553107023239136e-01
-1.129985961914062500e+02
1.035290985107421875e+02
-9.064781951904296875e+01
5.729927444458007812e+01
1.692191886901855469e+01
2.265575170516967773e+00
-1.824441528320312500e+02
-1.068389663696289062e+02
1.455954589843750000e+02
7.662145233154296875e+01
1.591793894767761230e+00
3.159850835800170898e+00
-9.085689544677734375e+01
-1.580289459228515625e+02
8.077798461914062500e+01
5.429624938964843750e+01
1.793664550781250000e+01
7.529273629188537598e-01
-3.458198928833007812e+01
7.765179443359375000e+01
-1.856391601562500000e+02
4.604774475097656250e+01
2.484968376159667969e+01
1.074902248382568359e+01
-1.615719604492187500e+01
-6.927983093261718750e+01
5.000371932983398438e+00
4.470637512207031250e+01
1.373913955688476562e+01
9.463914871215820312e+00
-1.594480895996093750e+01
-5.727244377136230469e+00
-4.984895706176757812e+00
1.991804885864257812e+01
2.145064926147460938e+01
-3.926348209381103516e+00
1.508458983153104782e-02
3.550668358802795410e-01
-4.344510734081268311e-01
-1.374044865369796753e-01
-1.185211420059204102e+00
-2.779679298400878906e-01
4.526398849487304688e+01
-7.385722637176513672e+00
-4.664110839366912842e-01
-1.047813224792480469e+01
-2.911666679382324219e+01
5.366790771484375000e+00
2.389295387268066406e+01
-6.966299057006835938e+00
4.311009883880615234e+00
-2.788511657714843750e+01
-1.789432144165039062e+01
-4.103621482849121094e+00
1.567795753479003906e+01
-2.068643569946289062e+01
3.155459594726562500e+01
-3.844800567626953125e+01
-1.154583549499511719e+01
-6.462845802307128906e+00
2.779796028137207031e+01
-5.702858352661132812e+01
8.012809753417968750e+01
-3.203967285156250000e+01
-1.277866744995117188e+01
-1.022326564788818359e+01
4.271433258056640625e+01
-9.398575592041015625e+01
1.471684551239013672e+01
-1.420791506767272949e+00
-1.164734554290771484e+01
-8.600311279296875000e+00
-1.895814514160156250e+02
6.068539810180664062e+01
-4.066594696044921875e+01
3.388610458374023438e+01
6.294317722320556641e+00
-7.556311607360839844e+00
-1.174715576171875000e+02
1.025886611938476562e+02
-9.125314331054687500e+01
5.643748474121093750e+01
1.640477371215820312e+01
1.837339043617248535e+00
-6.668080902099609375e+01
1.519176635742187500e+02
-1.814520721435546875e+02
5.231951141357421875e+01
2.761076354980468750e+01
2.538539886474609375e+00
-2.728237152099609375e+01
1.458295440673828125e+02
-1.081394042968750000e+02
3.306217575073242188e+01
2.089260673522949219e+01
1.788263201713562012e+00
-1.380721282958984375e+01
6.545312500000000000e+01
-4.038685226440429688e+01
2.673028945922851562e+01
1.805889320373535156e+01
9.936539649963378906e+00
1.285673236846923828e+01
-3.691240549087524414e+00
-5.359855651855468750e+00
1.582645606994628906e+01
2.061303520202636719e+01
3.550595998764038086e+00
8.549679756164550781e+00
-3.545723342895507812e+01
1.327589511871337891e+01
6.103047847747802734e+00
1.424629306793212891e+01
-4.388416767120361328e+00
5.325723290443420410e-01
2.306369505822658539e-02
-5.386865735054016113e-01
2.586455941200256348e-01
-1.868795871734619141e+00
2.485511064529418945e+00
-7.848497867584228516e+00
3.521839141845703125e+01
-1.440005016326904297e+01
-6.850471496582031250e+00
-1.327378749847412109e+01
3.692399978637695312e+00
-1.031345462799072266e+01
3.495787858963012695e+00
5.109954357147216797e+00
-1.592735576629638672e+01
-1.906005477905273438e+01
-4.786271572113037109e+00
1.299828624725341797e+01
-6.562507629394531250e+01
4.144899368286132812e+01
-2.502741050720214844e+01
-1.737052536010742188e+01
-1.098536491394042969e+01
2.674219512939453125e+01
-1.542187500000000000e+02
1.059780197143554688e+02
-3.144364356994628906e+01
-1.268479824066162109e+01
-1.613404846191406250e+01
4.297707366943359375e+01
-1.045976104736328125e+02
1.552319717407226562e+01
-1.764929771423339844e+00
-1.212370395660400391e+01
-8.954861640930175781e+00
1.677996039390563965e+00
-2.471709728240966797e+00
-4.178376495838165283e-01
-1.607372313737869263e-01
2.194813936948776245e-01
-5.486101508140563965e-01
-4.379452896118164062e+01
9.839717102050781250e+01
-1.621716880798339844e+01
1.897442340850830078e+00
1.194286537170410156e+01
8.258854866027832031e+00
1.167308197021484375e+02
-1.065036487579345703e+01
2.035830307006835938e+01
3.670593261718750000e+00
6.342783927917480469e+00
-2.568519353866577148e+00
1.672339324951171875e+02
4.881981372833251953e+00
1.079920578002929688e+01
2.503344726562500000e+01
-5.710812091827392578e+00
9.144358634948730469e+00
6.466044616699218750e+01
2.053721427917480469e+01
2.697703838348388672e+00
6.669255733489990234e+00
2.543620109558105469e+01
4.622744560241699219e+00
2.079065895080566406e+01
4.142917251586914062e+01
-2.527023887634277344e+01
9.353909492492675781e-01
2.124275779724121094e+01
1.340730905532836914e+00
7.874825477600097656e+00
-4.931221008300781250e+01
3.520034790039062500e+01
7.278993606567382812e+00
2.386155605316162109e+00
7.683269500732421875e+00
7.600372284650802612e-02
4.444488048553466797e+00
-1.100252568721771240e-01
-7.837880253791809082e-01
-5.317912250757217407e-02
-2.948026061058044434e-01
-2.186120033264160156e+01
2.228049850463867188e+01
-1.374420356750488281e+01
6.241705894470214844e+00
-1.204772114753723145e+00
-1.812939071655273438e+01
-8.258993530273437500e+01
1.019492721557617188e+01
-6.466151028871536255e-02
-5.698232650756835938e-01
1.323695302009582520e+00
-2.630704116821289062e+01
1.226385879516601562e+01
-6.377899932861328125e+01
4.137289810180664062e+01
-2.526528358459472656e+01
-1.720836639404296875e+01
-1.123060703277587891e+01
2.653240966796875000e+01
-6.023431015014648438e+01
7.887737274169921875e+01
-3.189414596557617188e+01
-1.270921134948730469e+01
-1.034926986694335938e+01
4.410586166381835938e+01
-4.444383239746093750e+01
4.261695098876953125e+01
-2.410462379455566406e+01
-3.690301418304443359e+00
-7.888640403747558594e+00
6.796566009521484375e+01
-2.749132728576660156e+01
3.077931594848632812e+01
-2.317193794250488281e+01
8.511413574218750000e+00
-4.783105850219726562e+00
5.701137161254882812e+01
2.411886978149414062e+01
9.387739896774291992e-01
3.293011856079101562e+01
7.362983703613281250e+00
-1.191557598114013672e+01
1.012228851318359375e+02
3.328601455688476562e+01
-5.899229526519775391e+00
5.683238983154296875e+01
-6.490799784660339355e-01
-1.605810165405273438e+01
1.498963012695312500e+02
3.519282913208007812e+01
-9.636014938354492188e+00
5.649508666992187500e+01
-3.777355909347534180e+00
-1.521456813812255859e+01
6.016590881347656250e+01
3.596665191650390625e+01
-3.099653053283691406e+01
1.538657665252685547e+01
4.819804763793945312e+01
1.940514922142028809e+00
2.838102531433105469e+01
4.644363403320312500e+01
-6.860585784912109375e+01
7.710322380065917969e+00
2.324655914306640625e+01
2.532789230346679688e+01
2.133700561523437500e+01
2.263038825988769531e+01
-5.117266464233398438e+01
-2.722221851348876953e+00
-2.770605087280273438e+00
2.992591094970703125e+01
1.843611836433410645e+00
1.445206403732299805e+00
8.364466667175292969e+00
-1.028810858726501465e+00
3.789398372173309326e-01
-2.634953856468200684e-01
-2.230083847045898438e+01
2.332006835937500000e+01
-1.499800872802734375e+01
7.064223766326904297e+00
-3.322574496269226074e-01
-1.859560966491699219e+01
-9.619887351989746094e+00
3.432301282882690430e+00
3.877067327499389648e+00
-1.538614749908447266e+01
-1.861411666870117188e+01
-5.362676620483398438e+00
1.536616134643554688e+01
-2.093914985656738281e+01
3.027595710754394531e+01
-3.846577835083007812e+01
-1.189642047882080078e+01
-6.384504318237304688e+00
2.610891914367675781e+01
-7.093257427215576172e+00
1.596753501892089844e+01
-3.216167449951171875e+01
-1.600550532341003418e+00
-1.068155574798583984e+01
4.044983291625976562e+01
8.617787361145019531e+00
5.392604827880859375e+00
-1.619646835327148438e+01
1.624352836608886719e+01
-1.069139289855957031e+01
3.075515365600585938e+01
3.268094253540039062e+01
-1.586209201812744141e+01
7.180777740478515625e+01
1.213797950744628906e+01
-1.017284679412841797e+01
4.498246002197265625e+01
3.975756454467773438e+01
3.601169967651367188e+01
4.734341430664062500e+01
1.074461555480957031e+01
-1.213696861267089844e+01
8.990872192382812500e+01
3.615950775146484375e+01
3.768000793457031250e+01
6.243421936035156250e+01
1.106292057037353516e+01
-1.865096092224121094e+01
1.657193450927734375e+02
4.093415832519531250e+01
1.108310669660568237e-01
6.170055770874023438e+01
6.812403678894042969e+00
-1.722996711730957031e+01
7.273413848876953125e+01
7.554384613037109375e+01
-9.332439422607421875e+01
6.113548755645751953e+00
5.724929809570312500e+01
3.640129470825195312e+01
8.644168853759765625e+01
2.894290542602539062e+01
-8.258379364013671875e+01
-1.570847272872924805e+00
-1.638974785804748535e+00
5.479574203491210938e+01
2.251746177673339844e+01
2.205594062805175781e+01
-4.322711944580078125e+01
-1.113914966583251953e+00
-2.422232866287231445e+00
3.021574592590332031e+01
4.308826327323913574e-01
5.292927265167236328e+00
6.574542522430419922e-01
-1.704885810613632202e-01
9.189155697822570801e-02
-8.852068185806274414e-01
-7.970357894897460938e+00
3.619072341918945312e+01
-1.397981834411621094e+01
-6.437377452850341797e+00
-1.367541885375976562e+01
3.544130563735961914e+00
2.418866729736328125e+01
-6.835981845855712891e+00
4.122786521911621094e+00
-2.825109863281250000e+01
-1.776499176025390625e+01
-3.478415489196777344e+00
2.354050445556640625e+01
4.569717884063720703e+00
2.711241722106933594e+00
-2.955035209655761719e+01
-5.730867385864257812e+00
-1.104313278198242188e+01
2.896617889404296875e+01
1.561436080932617188e+01
-1.515458822250366211e+00
-2.937151718139648438e+01
2.848686218261718750e+01
-9.267184257507324219e+00
1.694980239868164062e+01
2.120263099670410156e+01
-1.554953384399414062e+01
-1.093806934356689453e+01
3.003882408142089844e+01
-8.750618934631347656e+00
2.207490730285644531e+01
4.341341781616210938e+01
-1.410576534271240234e+01
3.474053144454956055e-01
6.379833602905273438e+01
-1.015331935882568359e+01
3.506060028076171875e+01
4.804578399658203125e+01
3.569649457931518555e+00
5.782694625854492188e+01
2.395835685729980469e+01
-1.160017013549804688e+01
5.097914886474609375e+01
4.920310211181640625e+01
-9.937712669372558594e+00
1.039907550811767578e+01
6.240161514282226562e+01
-7.075743675231933594e+00
7.642723846435546875e+01
7.847036743164062500e+01
-9.986354064941406250e+01
6.928019046783447266e+00
5.617713165283203125e+01
3.689802169799804688e+01
9.004992675781250000e+01
9.145616912841796875e+01
-1.906940460205078125e+02
1.687509536743164062e+00
1.764210939407348633e+00
6.183005142211914062e+01
2.971772193908691406e+01
3.195004844665527344e+01
-8.642596435546875000e+01
5.658572196960449219e+00
7.354773283004760742e-01
3.629325485229492188e+01
8.262426257133483887e-01
1.746790170669555664e+00
1.377357482910156250e+01
5.697175264358520508e-01
-4.195504188537597656e-01
-8.444264531135559082e-01
-8.390794754028320312e+00
5.005696105957031250e+01
-3.124942016601562500e+01
-6.925456047058105469e+00
-2.642760992050170898e+00
-8.518379211425781250e+00
-1.497844696044921875e+01
3.445579910278320312e+01
-5.407352066040039062e+01
-4.204831600189208984e+00
-1.916388130187988281e+01
1.837662339210510254e+00
-1.390219783782958984e+01
2.072990226745605469e+01
5.778778791427612305e-01
-4.297433090209960938e+01
-1.137219333648681641e+01
-8.080106735229492188e+00
1.983283805847167969e+01
-4.626841545104980469e+00
6.186898350715637207e-01
-3.669663619995117188e+01
4.847117900848388672e+00
-9.584213256835937500e+00
2.857223129272460938e+01
1.536231422424316406e+01
-1.441759943962097168e+00
-3.046307754516601562e+01
2.880500793457031250e+01
-9.946413040161132812e+00
3.064741134643554688e+01
3.262140274047851562e+01
-1.535122585296630859e+01
7.292764282226562500e+01
1.100752735137939453e+01
-1.035962486267089844e+01
4.521220779418945312e+01
3.996805572509765625e+01
3.579858779907226562e+01
4.749213027954101562e+01
9.291541099548339844e+00
-1.249331951141357422e+01
9.024127197265625000e+01
3.685672760009765625e+01
4.026292037963867188e+01
6.178133773803710938e+01
9.616986274719238281e+00
-1.929265022277832031e+01
1.642026214599609375e+02
4.265348052978515625e+01
6.163799166679382324e-01
6.381789016723632812e+01
6.961465358734130859e+00
-1.531261348724365234e+01
7.254836273193359375e+01
7.578283691406250000e+01
-1.040558242797851562e+02
7.539988994598388672e+00
5.571753311157226562e+01
3.852901458740234375e+01
8.407311248779296875e+01
2.931799507141113281e+01
-8.553467559814453125e+01
-1.307744383811950684e+00
-2.628010034561157227e+00
5.538414764404296875e+01
2.198160743713378906e+01
2.277842521667480469e+01
-4.669049835205078125e+01
-7.452382445335388184e-01
-3.776794910430908203e+00
2.938295555114746094e+01
9.812725782394409180e-01
1.135403752326965332e+00
1.620394706726074219e+00
1.413991004228591919e-01
-5.483125448226928711e-01
-3.053225874900817871e-01
-8.589819908142089844e+00
3.532998275756835938e+01
-1.443674564361572266e+01
-6.923982620239257812e+00
-1.392649173736572266e+01
4.422432422637939453e+00
2.516519546508789062e+01
-6.507744789123535156e+00
4.098174571990966797e+00
-2.751350975036621094e+01
-1.796393013000488281e+01
-3.498259544372558594e+00
2.326573181152343750e+01
4.396433353424072266e+00
2.843452692031860352e+00
-2.958421707153320312e+01
-5.882004261016845703e+00
-1.091822814941406250e+01
3.622232437133789062e+01
4.224346923828125000e+01
-2.119033622741699219e+01
9.052323341369628906e+00
-2.836685180664062500e+01
-1.009899806976318359e+01
5.224041748046875000e+01
3.776190567016601562e+01
1.653718566894531250e+01
-3.825549840927124023e+00
3.569146394729614258e+00
-1.090396213531494141e+01
1.110562591552734375e+02
3.184299659729003906e+01
9.004605102539062500e+01
-1.545800209045410156e+01
9.979462623596191406e+00
-1.317609024047851562e+01
2.145493011474609375e+02
3.155102920532226562e+01
6.871624755859375000e+01
3.652701950073242188e+01
1.106376934051513672e+01
-2.027611541748046875e+01
8.479010772705078125e+01
3.798036193847656250e+01
4.025516891479492188e+01
6.288304519653320312e+01
9.902243614196777344e+00
-1.898550224304199219e+01
5.031881713867187500e+01
4.653282928466796875e+01
-1.097755432128906250e+01
9.393768310546875000e+00
6.351879882812500000e+01
-5.347566127777099609e+00
6.324214935302734375e+01
3.737951278686523438e+01
-3.343680572509765625e+01
1.622966194152832031e+01
4.810097885131835938e+01
2.459432125091552734e+00
7.714351654052734375e+01
2.818487167358398438e+01
-2.889714050292968750e+01
-9.949173927307128906e+00
6.262055635452270508e-01
3.703862762451171875e+01
2.310639953613281250e+01
-1.931333923339843750e+01
1.560797500610351562e+01
-7.216543674468994141e+00
6.192983388900756836e-01
1.800510406494140625e+01
6.194035410881042480e-01
7.768906950950622559e-01
-4.200819879770278931e-02
5.227932333946228027e-01
-2.384541630744934082e-01
2.330143898725509644e-01
1.883209609985351562e+01
6.758369445800781250e+00
4.542879581451416016e+00
-2.038596153259277344e+01
-2.042186164855957031e+01
2.919910669326782227e+00
2.198386955261230469e+01
3.312584304809570312e+01
-9.720104217529296875e+00
-2.413305664062500000e+01
-1.489252185821533203e+01
-7.106239795684814453e+00
4.258382034301757812e+01
9.001819610595703125e+01
-4.338457870483398438e+01
-1.704051017761230469e+01
-5.654459953308105469e+00
-8.509931564331054688e+00
8.994319152832031250e+01
6.712566375732421875e+01
-3.021295166015625000e+01
-6.366167068481445312e+00
4.634461700916290283e-01
-1.663055419921875000e+01
2.070733947753906250e+02
4.226855087280273438e+01
2.638807296752929688e+01
-1.281148433685302734e+01
8.249566078186035156e+00
-1.474627685546875000e+01
1.028434219360351562e+02
3.218506622314453125e+01
8.954231262207031250e+01
-1.664512062072753906e+01
9.855609893798828125e+00
-1.263736343383789062e+01
4.203336715698242188e+01
3.941759872436523438e+01
3.622816085815429688e+01
4.822195434570312500e+01
1.001245117187500000e+01
-1.277040004730224609e+01
3.545950317382812500e+01
4.666242218017578125e+01
3.138783454895019531e+00
4.029418563842773438e+01
4.586834716796875000e+01
-1.206078815460205078e+01
3.761536026000976562e+01
4.708038711547851562e+01
-1.429764747619628906e+01
2.399748229980468750e+01
4.219421005249023438e+01
-6.913023948669433594e+00
6.696514129638671875e+01
2.114241790771484375e+01
3.153730392456054688e+00
6.321988582611083984e+00
2.486381530761718750e+01
5.431840896606445312e+00
8.650024414062500000e+01
-9.575200080871582031e+00
1.237778186798095703e+00
1.094301462173461914e+00
-3.515139102935791016e+00
2.820337867736816406e+01
-7.300050735473632812e+00
2.296625709533691406e+01
-3.271150207519531250e+01
2.597983932495117188e+01
2.157889366149902344e+01
-3.366348892450332642e-02
-6.366222351789474487e-02
-5.210352540016174316e-01
1.400530785322189331e-01
5.414761900901794434e-01
-7.382656633853912354e-02
-3.947353065013885498e-01
1.140971946716308594e+01
4.640988540649414062e+01
-1.311696624755859375e+01
-3.027819252014160156e+01
-7.666418075561523438e+00
5.528685569763183594e+00
3.702539443969726562e+01
1.201238479614257812e+02
-4.763086318969726562e+01
-3.151015663146972656e+01
-3.013674020767211914e+00
9.998986244201660156e+00
1.295659637451171875e+02
9.775884246826171875e+01
-6.187945938110351562e+01
-6.965202808380126953e+00
-2.100131988525390625e+00
-1.742939949035644531e+00
8.479965209960937500e+01
6.814458465576171875e+01
-3.079554748535156250e+01
-6.003274440765380859e+00
1.116617798805236816e+00
-1.705959510803222656e+01
4.898430633544921875e+01
3.764754867553710938e+01
1.700123405456542969e+01
-4.531764507293701172e+00
4.440302371978759766e+00
-1.106860923767089844e+01
2.930126380920410156e+01
3.179601287841796875e+01
-1.394819927215576172e+01
7.055872344970703125e+01
1.146236896514892578e+01
-1.039468669891357422e+01
2.221540641784667969e+01
4.241276931762695312e+01
-1.398298931121826172e+01
2.223788648843765259e-01
6.362151718139648438e+01
-1.030337619781494141e+01
2.833142662048339844e+01
3.825222778320312500e+01
-3.040717840194702148e+00
9.169651031494140625e+00
3.502032089233398438e+01
-9.015960693359375000e+00
4.469027328491210938e+01
4.235538482666015625e+00
1.351032066345214844e+01
1.069297409057617188e+01
2.008647155761718750e+01
1.812018394470214844e+00
-1.314869022369384766e+01
6.541632843017578125e+01
-3.903472518920898438e+01
2.579874229431152344e+01
1.816374206542968750e+01
1.118133354187011719e+01
-1.723600959777832031e+01
8.613021850585937500e+01
-1.299062652587890625e+02
4.537057876586914062e+01
2.395413780212402344e+01
1.350279927253723145e+00
-6.294421672821044922e+00
-7.730638885498046875e+01
2.789568901062011719e+01
4.111330032348632812e+01
-1.070589125156402588e-01
5.879766866564750671e-02
-1.979814767837524414e+00
4.344297945499420166e-02
-2.756512463092803955e-01
3.731253147125244141e-01
-4.582433700561523438e+00
-1.034398525953292847e-01
-1.220472812652587891e+00
1.195384621620178223e+00
1.794553518295288086e+00
1.551577925682067871e+00
-1.458871245384216309e+00
4.618133604526519775e-02
3.613568115234375000e+01
1.221877517700195312e+02
-5.010561370849609375e+01
-2.903240013122558594e+01
-3.835693836212158203e+00
9.036476135253906250e+00
4.109046173095703125e+01
8.889827728271484375e+01
-4.426296234130859375e+01
-1.714945411682128906e+01
-5.717882633209228516e+00
-8.754782676696777344e+00
3.591965484619140625e+01
4.166414642333984375e+01
-2.221248245239257812e+01
1.093155097961425781e+01
-2.769309425354003906e+01
-9.959758758544921875e+00
2.756026077270507812e+01
1.502647209167480469e+01
-1.161805391311645508e+00
-2.888088607788085938e+01
2.543511581420898438e+01
-1.009554958343505859e+01
2.358190727233886719e+01
1.207841968536376953e+01
-2.415884256362915039e+00
-2.179713058471679688e+01
2.893689727783203125e+01
-8.991935729980468750e+00
2.535528945922851562e+01
1.368457603454589844e+01
1.921202182769775391e+00
-1.086675167083740234e+01
2.160060119628906250e+01
-8.045796394348144531e+00
-4.690624237060546875e+00
3.216812133789062500e+01
2.293807411193847656e+01
-1.681578445434570312e+01
1.343714523315429688e+01
-2.080145597457885742e+00
-2.723901939392089844e+01
5.810633468627929688e+01
-8.024897003173828125e+01
3.277090454101562500e+01
1.322243022918701172e+01
1.040002918243408203e+01
-3.419835281372070312e+01
7.173342132568359375e+01
-1.755326232910156250e+02
4.577627563476562500e+01
2.419857788085937500e+01
1.100314998626708984e+01
-3.623777770996093750e+01
-2.324164276123046875e+02
7.022729492187500000e+01
5.575828933715820312e+01
1.620697784423828125e+01
1.330663681030273438e+00
-3.438961029052734375e+01
-1.565190124511718750e+02
3.256724548339843750e+01
3.941327667236328125e+01
-3.915910243988037109e+00
2.666500806808471680e-01
-3.686791992187500000e+01
-1.490121154785156250e+02
3.524608612060546875e+01
3.819010543823242188e+01
-3.506222009658813477e+00
2.606199681758880615e-01
1.373393416404724121e+00
-5.256376266479492188e-01
5.086819529533386230e-01
-2.689015865325927734e+00
1.409846186637878418e+00
-2.279635667800903320e-01
1.205167961120605469e+01
4.671704864501953125e+01
-1.513092899322509766e+01
-2.968412971496582031e+01
-7.609632015228271484e+00
4.397027969360351562e+00
2.131300926208496094e+01
3.320957946777343750e+01
-1.010345077514648438e+01
-2.421966361999511719e+01
-1.437635040283203125e+01
-7.249126434326171875e+00
2.316759872436523438e+01
4.166728496551513672e+00
3.265136957168579102e+00
-2.971193504333496094e+01
-7.147309780120849609e+00
-1.150865268707275391e+01
2.070170211791992188e+01
-4.488408088684082031e+00
1.123522996902465820e+00
-3.647023773193359375e+01
4.192759513854980469e+00
-1.113156700134277344e+01
1.637372398376464844e+01
-1.260388374328613281e+01
6.542496204376220703e+00
-2.178363037109375000e+01
4.130557537078857422e+00
-5.680893898010253906e+00
8.273168653249740601e-02
-3.072814643383026123e-01
8.122669905424118042e-02
-2.941401675343513489e-02
2.234277725219726562e-01
-8.444432169198989868e-02
-4.388523483276367188e+01
4.432175445556640625e+01
-4.511256790161132812e+01
2.353667449951171875e+01
3.762915611267089844e+00
8.114903450012207031e+00
-5.762433624267578125e+01
-8.061661529541015625e+01
1.875348854064941406e+01
3.800724411010742188e+01
1.359934234619140625e+01
1.750650215148925781e+01
-8.736357116699218750e+01
-1.649859313964843750e+02
8.566325378417968750e+01
5.454906082153320312e+01
1.895968055725097656e+01
6.308709979057312012e-01
-1.255510787963867188e+02
-1.390478515625000000e+02
6.424427795410156250e+01
4.339132690429687500e+01
-2.217509746551513672e+00
2.106497287750244141e+00
-3.691477584838867188e+01
-2.247941741943359375e+02
6.805055999755859375e+01
5.452174758911132812e+01
1.506496620178222656e+01
1.855831503868103027e+00
-5.658197402954101562e+00
-7.979901123046875000e+01
2.679300689697265625e+01
4.086103439331054688e+01
-1.534107446670532227e+00
2.792608141899108887e-01
2.033727169036865234e+00
-2.263924628496170044e-01
-4.983302056789398193e-01
-6.879254579544067383e-01
-6.808264851570129395e-01
-4.531231522560119629e-01
1.664747619628906250e+01
6.469306468963623047e+00
4.705318927764892578e+00
-2.066774559020996094e+01
-2.140926551818847656e+01
3.057912111282348633e+00
2.436317825317382812e+01
-6.809226989746093750e+00
4.392818450927734375e+00
-2.817146301269531250e+01
-1.820442199707031250e+01
-4.293263912200927734e+00
-1.323584270477294922e+01
1.896891975402832031e+01
2.086672335863113403e-01
-4.210696029663085938e+01
-1.224787902832031250e+01
-9.221406936645507812e+00
-5.860203742980957031e+00
-7.623822212219238281e+00
-7.021132946014404297e+00
-1.643252182006835938e+01
-1.226055526733398438e+01
-5.331125736236572266e+00
1.160128355026245117e+00
-2.785441207885742188e+01
-2.258940887451171875e+01
1.687125778198242188e+01
-1.335800266265869141e+01
1.872936844825744629e+00
-6.765645599365234375e+01
2.704127883911132812e+01
-3.193214797973632812e+01
2.319467544555664062e+01
-8.219584465026855469e+00
5.205350399017333984e+00
-1.137287292480468750e+02
9.095625877380371094e+00
-2.842395973205566406e+01
3.305310058593750000e+01
-1.252296328544616699e+00
1.258746147155761719e+01
-1.842969970703125000e+02
-9.095314788818359375e+01
5.387607192993164062e+01
5.257788848876953125e+01
-1.011055946350097656e+00
1.072779417037963867e+00
-8.975151062011718750e+01
-1.613584747314453125e+02
8.406671905517578125e+01
5.477828216552734375e+01
1.833291244506835938e+01
1.002454161643981934e+00
-3.472811126708984375e+01
8.912005615234375000e+01
-1.814524841308593750e+02
4.586297607421875000e+01
2.402969932556152344e+01
1.088417243957519531e+01
-1.697036361694335938e+01
8.356645965576171875e+01
-1.350908966064453125e+02
4.570756530761718750e+01
2.387527847290039062e+01
1.807448625564575195e+00
-6.637229442596435547e+00
2.338102340698242188e+01
-3.337076950073242188e+01
2.532313919067382812e+01
2.024118614196777344e+01
-4.170328080654144287e-01
-1.239696264266967773e+00
8.190805315971374512e-01
2.807159125804901123e-01
-6.569257974624633789e-01
-2.873372316360473633e+00
1.746321082115173340e+00
-8.857862472534179688e+00
3.480448913574218750e+01
-1.431511306762695312e+01
-6.563359260559082031e+00
-1.395807361602783203e+01
3.596301794052124023e+00
-1.607161712646484375e+01
3.347584533691406250e+01
-5.373105239868164062e+01
-3.205952882766723633e+00
-1.884648895263671875e+01
1.627602338790893555e+00
-2.338597869873046875e+01
1.007812786102294922e+01
-3.173704910278320312e+01
-5.072800159454345703e+00
-2.297374153137207031e+01
-1.414224267005920410e+00
-4.394863128662109375e+01
-4.367260932922363281e+00
-1.326258182525634766e+01
-1.058188629150390625e+01
-2.036623191833496094e+01
-1.863583564758300781e+00
-1.194240264892578125e+02
1.164906501770019531e+01
-2.041782569885253906e+01
-2.330038309097290039e+00
-6.437246322631835938e+00
2.682764291763305664e+00
-2.079913024902343750e+02
2.009229850769042969e+01
-3.049488830566406250e+01
1.477944469451904297e+01
1.007570266723632812e+01
5.581591129302978516e+00
-1.168932418823242188e+02
8.235043525695800781e+00
-2.731295776367187500e+01
3.436652755737304688e+01
-1.303698301315307617e+00
1.326820468902587891e+01
-5.954784393310546875e+01
-7.443115234375000000e+01
1.331838321685791016e+01
3.866992568969726562e+01
1.313174247741699219e+01
1.741714096069335938e+01
-2.760180854797363281e+01
5.784199905395507812e+01
-8.174261474609375000e+01
3.106750679016113281e+01
1.301226425170898438e+01
1.055424785614013672e+01
-1.318493938446044922e+01
6.225482177734375000e+01
-4.011701202392578125e+01
2.617994689941406250e+01
1.760667419433593750e+01
1.107708930969238281e+01
8.206787872314453125e+01
-1.000452041625976562e+01
7.344970107078552246e-01
6.451964974403381348e-01
-2.786280870437622070e+00
2.695570755004882812e+01
2.213043594360351562e+01
-2.018902015686035156e+01
1.305911827087402344e+01
-7.860879898071289062e+00
1.751396298408508301e+00
1.747986412048339844e+01
-4.441344141960144043e-01
4.516340255737304688e+00
-7.376224994659423828e-01
1.685705631971359253e-01
-4.928077105432748795e-03
-8.488989472389221191e-01
-8.231064796447753906e+00
5.776577377319335938e+01
-3.708965301513671875e+01
-7.143113136291503906e+00
-2.472815513610839844e+00
-8.201059341430664062e+00
-1.994781303405761719e+01
-4.226597976684570312e+01
2.873163604736328125e+01
-7.154495120048522949e-01
-2.087353324890136719e+01
-2.015280723571777344e+00
-6.398487854003906250e+01
-2.160650253295898438e+01
-1.764934182167053223e+00
-6.454894542694091797e+00
-2.497597122192382812e+01
-5.726941585540771484e+00
-1.662202606201171875e+02
-3.898162841796875000e+00
-1.089398193359375000e+01
-2.417573165893554688e+01
5.895600795745849609e+00
-9.388607978820800781e+00
-1.194804229736328125e+02
1.131574440002441406e+01
-2.058233070373535156e+01
-1.987395763397216797e+00
-6.951206207275390625e+00
2.810758113861083984e+00
-6.914775085449218750e+01
2.730423164367675781e+01
-3.066861152648925781e+01
2.264213562011718750e+01
-8.057841300964355469e+00
5.498662471771240234e+00
-4.491275787353515625e+01
4.420943069458007812e+01
-4.365587997436523438e+01
2.377328300476074219e+01
4.204899311065673828e+00
8.323478698730468750e+00
-9.905510902404785156e+00
3.736660003662109375e+01
2.230055427551269531e+01
-1.711643981933593750e+01
1.423175048828125000e+01
-1.594792842864990234e+00
4.388193130493164062e+01
5.057659149169921875e+00
1.275119590759277344e+01
1.174133396148681641e+01
2.043242263793945312e+01
2.306277990341186523e+00
6.899969482421875000e+01
2.150825119018554688e+01
2.165252447128295898e+00
7.086678504943847656e+00
2.517319488525390625e+01
4.543181419372558594e+00
7.774991607666015625e+01
2.591099548339843750e+01
-3.182055091857910156e+01
-1.023911571502685547e+01
-1.834758967161178589e-01
3.569980239868164062e+01
2.039415550231933594e+01
2.128146553039550781e+01
-5.130402374267578125e+01
-1.714277863502502441e+00
-2.802237272262573242e+00
2.962678718566894531e+01
4.863620698451995850e-01
1.997753977775573730e+00
4.082581996917724609e+00
-5.233502388000488281e-01
-7.869056463241577148e-01
3.416515886783599854e-01
-1.904993247985839844e+01
-2.060729408264160156e+01
6.274226379394531250e+01
3.943708837032318115e-01
1.749793410301208496e+00
-3.108718490600585938e+01
-7.495063781738281250e+01
-2.646228981018066406e+01
3.506493377685546875e+01
9.453015327453613281e+00
-5.261041522026062012e-01
-3.750188827514648438e+01
-6.456460571289062500e+01
-2.180732345581054688e+01
-1.882272481918334961e+00
-6.355690956115722656e+00
-2.437514305114746094e+01
-5.419823169708251953e+00
-4.173347473144531250e+01
-5.141366004943847656e+00
-1.328359985351562500e+01
-1.069033145904541016e+01
-2.026557540893554688e+01
-2.150816202163696289e+00
7.657150268554687500e+00
-3.551936721801757812e+01
-2.207507133483886719e+01
1.828385353088378906e+01
-1.318471908569335938e+01
1.754664659500122070e+00
-6.021101027727127075e-02
-7.879526019096374512e-01
-2.645364403724670410e-01
1.362071484327316284e-01
3.538408577442169189e-01
2.810030579566955566e-01
2.475148391723632812e+01
1.399637699127197266e+01
1.348088264465332031e+00
-9.721587181091308594e+00
2.337383270263671875e+01
-6.925291061401367188e+00
2.794341850280761719e+01
3.903513336181640625e+01
-3.166372537612915039e+00
8.791833877563476562e+00
3.595856857299804688e+01
-8.711587905883789062e+00
3.807160186767578125e+01
4.750021362304687500e+01
-1.337583160400390625e+01
2.432981300354003906e+01
4.107510375976562500e+01
-6.246836662292480469e+00
6.260617828369140625e+01
3.618542861938476562e+01
-3.074191856384277344e+01
1.554787826538085938e+01
4.812306594848632812e+01
1.124955892562866211e+00
8.184004974365234375e+01
2.927340507507324219e+01
-8.258914947509765625e+01
-1.082165122032165527e+00
-2.573106765747070312e+00
5.499981307983398438e+01
2.841835784912109375e+01
3.364527130126953125e+01
-8.815364074707031250e+01
5.298857688903808594e+00
3.672417402267456055e-01
3.581915283203125000e+01
1.265450716018676758e+00
-2.970038056373596191e-01
1.380365276336669922e+01
-5.347343683242797852e-01
-1.405743718147277832e+00
-7.347352504730224609e-01
-2.001982116699218750e+01
-2.029955101013183594e+01
6.491781616210937500e+01
1.094635128974914551e+00
2.659188270568847656e+00
-3.060130310058593750e+01
-2.063592720031738281e+01
-4.401003265380859375e+01
2.994889068603515625e+01
-2.084457874298095703e-01
-2.150020217895507812e+01
-2.660792350769042969e+00
-2.326705741882324219e+01
1.033596801757812500e+01
-3.184319114685058594e+01
-4.911241054534912109e+00
-2.303513145446777344e+01
-1.593841552734375000e+00
-4.926662445068359375e+00
-8.194806098937988281e+00
-7.169456005096435547e+00
-1.586854076385498047e+01
-1.207319831848144531e+01
-4.583711624145507812e+00
1.649705696105957031e+01
-1.288782501220703125e+01
6.520602703094482422e+00
-2.185588836669921875e+01
4.944807529449462891e+00
-4.543461322784423828e+00
-1.328283078146086371e-12
-4.867469274860702910e-13
-2.361658178046122103e-12
3.972354400711558542e-13
-5.836290110049213720e-13
-7.414913951939161585e-13
1.605186271667480469e+01
1.743374633789062500e+01
9.913403511047363281e+00
-3.282537698745727539e+00
1.927091598510742188e+01
-3.219556331634521484e+00
2.391802024841308594e+01
3.132234001159667969e+01
9.392921447753906250e+00
4.982322156429290771e-01
3.042910385131835938e+01
-5.029343128204345703e+00
2.365296936035156250e+01
5.756069946289062500e+01
-3.295642089843750000e+01
4.411085605621337891e+00
4.460709762573242188e+01
-3.127089023590087891e+00
2.965368652343750000e+01
4.585547637939453125e+01
-7.192623138427734375e+01
7.113783836364746094e+00
2.348150825500488281e+01
2.820705986022949219e+01
2.840209579467773438e+01
3.196471023559570312e+01
-9.718836212158203125e+01
5.086618900299072266e+00
2.722983837127685547e+00
3.694889068603515625e+01
-9.774965125525225673e-13
-1.053709853746087610e-12
-2.218014005900509171e-15
-6.116656118236585282e-13
4.247111966585934151e-14
-2.315161951038646748e-13
-2.840209579467773438e+01
-3.196471023559570312e+01
9.718836212158203125e+01
-5.086618900299072266e+00
-2.722983837127685547e+00
-3.694889068603515625e+01
-2.965368652343750000e+01
-4.585547637939453125e+01
7.192623138427734375e+01
-7.113783836364746094e+00
-2.348150825500488281e+01
-2.820705986022949219e+01
-2.365296936035156250e+01
-5.756069946289062500e+01
3.295642089843750000e+01
-4.411085605621337891e+00
-4.460709762573242188e+01
3.127089023590087891e+00
-2.391802024841308594e+01
-3.132234001159667969e+01
-9.392921447753906250e+00
-4.982322156429290771e-01
-3.042910385131835938e+01
5.029343128204345703e+00
-1.605186271667480469e+01
-1.743374633789062500e+01
-9.913403511047363281e+00
3.282537698745727539e+00
-1.927091598510742188e+01
3.219556331634521484e+00
1.671902656555175781e+01
-1.247430610656738281e+01
6.497503757476806641e+00
-2.226296234130859375e+01
4.309966564178466797e+00
-5.263644218444824219e+00
2.568960952758789062e+01
1.369338512420654297e+01
7.783561348915100098e-01
-9.297303199768066406e+00
2.236137390136718750e+01
-7.860147476196289062e+00
2.854467010498046875e+01
3.985688400268554688e+01
-3.333848476409912109e+00
9.007584571838378906e+00
3.522003936767578125e+01
-8.930009841918945312e+00
3.732847595214843750e+01
4.869452285766601562e+01
-1.426100540161132812e+01
2.342140007019042969e+01
4.278826904296875000e+01
-6.713616371154785156e+00
6.119696807861328125e+01
3.618083572387695312e+01
-3.419015121459960938e+01
1.527858924865722656e+01
4.875889587402343750e+01
4.096714019775390625e+00
8.261515808105468750e+01
2.917971992492675781e+01
-9.217470550537109375e+01
-5.184118747711181641e-01
-1.946332573890686035e+00
5.586931991577148438e+01
2.817009353637695312e+01
3.297522354125976562e+01
-9.683331298828125000e+01
6.432068824768066406e+00
2.309400320053100586e+00
3.637440872192382812e+01
9.561244249343872070e-01
8.121021986007690430e-01
-2.874146223068237305e+00
3.726159930229187012e-01
8.324394226074218750e-01
2.818339876830577850e-02
-2.083931922912597656e+01
-1.956593704223632812e+01
5.129390335083007812e+01
2.099940299987792969e+00
1.575173258781433105e+00
-3.054890823364257812e+01
-2.169102096557617188e+01
-4.543130111694335938e+01
2.675880622863769531e+01
-1.227523908019065857e-01
-2.214301681518554688e+01
-1.387231826782226562e+00
-2.356558799743652344e+01
9.812663078308105469e+00
-3.116082954406738281e+01
-5.219817161560058594e+00
-2.362739562988281250e+01
-1.352733135223388672e+00
-5.919538974761962891e+00
-7.061450004577636719e+00
-6.930803775787353516e+00
-1.588190078735351562e+01
-1.275667190551757812e+01
-5.627671718597412109e+00
2.599682617187500000e+01
-7.049580574035644531e+00
1.608571243286132812e+01
-3.248194503784179688e+01
-2.175641298294067383e+00
-1.119268894195556641e+01
4.195927810668945312e+01
8.850702285766601562e+00
6.181349754333496094e+00
-1.638205337524414062e+01
1.554537582397460938e+01
-1.127937221527099609e+01
5.735564422607421875e+01
2.446813774108886719e+01
1.535507082939147949e+00
3.297561645507812500e+01
5.507901191711425781e+00
-1.258353424072265625e+01
1.010912704467773438e+02
3.423767471313476562e+01
-5.864364147186279297e+00
5.701640701293945312e+01
-1.119870066642761230e+00
-1.621358299255371094e+01
1.516687164306640625e+02
3.568502426147460938e+01
-1.063477039337158203e+01
5.754729461669921875e+01
-5.060650825500488281e+00
-1.502093982696533203e+01
6.026284790039062500e+01
3.749977493286132812e+01
-3.487820816040039062e+01
1.621555709838867188e+01
4.911909484863281250e+01
3.233880043029785156e+00
2.875800704956054688e+01
4.632263565063476562e+01
-7.460632324218750000e+01
7.396296501159667969e+00
2.350460815429687500e+01
2.816579627990722656e+01
2.028841400146484375e+01
2.172544479370117188e+01
-5.424545669555664062e+01
-1.918873548507690430e+00
-1.388211846351623535e+00
3.093362808227539062e+01
4.172988235950469971e-02
7.559149265289306641e-01
-4.228232383728027344e+00
3.542430102825164795e-01
-4.904778897762298584e-01
4.262360036373138428e-01
-2.272575569152832031e+01
1.862132453918457031e+01
-1.263124370574951172e+01
8.156838417053222656e+00
-1.980565190315246582e+00
-1.740681838989257812e+01
-1.071357917785644531e+01
3.059806346893310547e+00
4.064969539642333984e+00
-1.599975204467773438e+01
-1.964442634582519531e+01
-4.466888427734375000e+00
1.562868595123291016e+01
-2.024700546264648438e+01
2.993330764770507812e+01
-3.945019149780273438e+01
-1.227248668670654297e+01
-6.384881496429443359e+00
3.163427543640136719e+01
8.517509460449218750e+01
-3.624339675903320312e+01
-3.932647323608398438e+01
-2.779175043106079102e+00
-1.468835639953613281e+01
5.546748733520507812e+01
5.352725219726562500e+01
-3.168311882019042969e+01
-1.882773017883300781e+01
7.448387622833251953e+00
-1.626828193664550781e+01
1.204972152709960938e+02
2.986503219604492188e+01
-3.375810682773590088e-01
1.252753162384033203e+01
-7.232932567596435547e+00
-1.992803001403808594e+01
2.521654968261718750e+02
2.574047660827636719e+01
1.040628790855407715e+00
5.115803527832031250e+01
-8.352021217346191406e+00
-2.536236572265625000e+01
9.828997802734375000e+01
3.457978057861328125e+01
-5.999144077301025391e+00
5.715391159057617188e+01
-3.634133040904998779e-01
-1.535333919525146484e+01
3.653323745727539062e+01
4.786373138427734375e+01
-1.452035331726074219e+01
2.343119621276855469e+01
4.300729751586914062e+01
-6.589268684387207031e+00
2.329163360595703125e+01
5.613269424438476562e+01
-3.341514587402343750e+01
5.041892051696777344e+00
4.412657165527343750e+01
-2.153233766555786133e+00
2.062500381469726562e+01
4.145563125610351562e+01
-2.511019134521484375e+01
-1.837638020515441895e-01
2.125538253784179688e+01
1.901555180549621582e+00
2.431753158569335938e+01
-2.060621643066406250e+01
1.476639366149902344e+01
-7.213984489440917969e+00
1.563999772071838379e+00
1.888123130798339844e+01
9.675723910331726074e-01
-1.448314070701599121e+00
-1.838810509070754051e-03
4.258316159248352051e-01
8.459418267011642456e-02
5.511828660964965820e-01
6.987209320068359375e+00
-2.224379920959472656e+01
3.209985351562500000e+01
-2.539047813415527344e+01
-2.036738777160644531e+01
-1.413405984640121460e-01
1.736508178710937500e+01
6.655622100830078125e+01
-3.416752099990844727e+00
-4.409160232543945312e+01
-1.339692592620849609e+01
-9.772683143615722656e+00
4.177488708496093750e+01
1.573257904052734375e+02
-5.058165740966796875e+01
-4.149474334716796875e+01
-8.366005897521972656e+00
-1.446559309959411621e+00
9.165898895263671875e+01
1.028983383178710938e+02
-5.910390853881835938e+01
-2.264512443542480469e+01
1.183880925178527832e+00
-1.191658782958984375e+01
1.905454254150390625e+02
6.173804855346679688e+01
-3.860227203369140625e+01
2.285420000553131104e-01
-8.555449485778808594e+00
-2.492152404785156250e+01
1.169328689575195312e+02
3.010303497314453125e+01
-4.128299355506896973e-01
1.194828891754150391e+01
-6.573802471160888672e+00
-1.981682968139648438e+01
5.673545455932617188e+01
2.442591857910156250e+01
1.451034545898437500e+00
3.188150024414062500e+01
8.048444747924804688e+00
-1.247224044799804688e+01
2.820757102966308594e+01
3.925024414062500000e+01
-3.029633283615112305e+00
8.985984802246093750e+00
3.506235504150390625e+01
-8.912088394165039062e+00
2.441910934448242188e+01
3.065308952331542969e+01
8.501553535461425781e+00
-8.804605156183242798e-02
3.010006141662597656e+01
-5.018667221069335938e+00
2.391357421875000000e+01
-9.703833580017089844e+00
3.118401336669921875e+01
4.738876342773437500e+00
2.318086814880371094e+01
1.618945837020874023e+00
1.123246097564697266e+01
-3.696226119995117188e+00
-4.547752857208251953e+00
1.575873088836669922e+01
1.988316535949707031e+01
4.966087341308593750e+00
-8.577937126159667969e+00
2.232424354553222656e+01
-3.341241836547851562e+01
2.584472465515136719e+01
2.061505508422851562e+01
3.421967476606369019e-02
-3.968951225280761719e+00
-1.477220207452774048e-01
-2.232900857925415039e-01
6.324296593666076660e-01
2.363339811563491821e-01
-4.268915057182312012e-01
5.303785324096679688e+00
7.727640533447265625e+01
-2.831052207946777344e+01
-4.177365493774414062e+01
1.043445706367492676e+00
-1.102090850472450256e-01
3.674410629272460938e+01
1.477013854980468750e+02
-3.300302124023437500e+01
-3.851766204833984375e+01
4.907450675964355469e+00
-5.877892673015594482e-02
1.247142181396484375e+02
1.202511138916015625e+02
-6.353311538696289062e+01
-3.377059555053710938e+01
-1.152253532409667969e+01
1.203767061233520508e+00
8.942446899414062500e+01
1.065961227416992188e+02
-6.033686828613281250e+01
-2.250509834289550781e+01
1.345004558563232422e+00
-1.299542903900146484e+01
5.302871704101562500e+01
5.416373062133789062e+01
-3.207341003417968750e+01
-1.796699714660644531e+01
7.530839443206787109e+00
-1.656771278381347656e+01
4.048176193237304688e+01
8.098712921142578125e+00
6.082277297973632812e+00
-1.611807441711425781e+01
1.521170902252197266e+01
-1.143619060516357422e+01
2.564138412475585938e+01
1.357326793670654297e+01
1.565266370773315430e+00
-1.156867027282714844e+01
2.157917976379394531e+01
-7.854002952575683594e+00
1.625934219360351562e+01
1.702128601074218750e+01
9.148691177368164062e+00
-3.515970945358276367e+00
1.876021385192871094e+01
-3.386628627777099609e+00
5.758618831634521484e+00
7.664158821105957031e+00
6.506278514862060547e+00
1.651090812683105469e+01
1.237387561798095703e+01
5.303114414215087891e+00
-1.615791320800781250e+01
2.127795982360839844e+01
-3.164276695251464844e+01
3.883731842041015625e+01
1.202523994445800781e+01
6.737836837768554688e+00
-1.774026107788085938e+01
-7.072245788574218750e+01
9.205873489379882812e+00
4.383286666870117188e+01
1.448721122741699219e+01
9.747033119201660156e+00
-6.037583827972412109e+00
-7.913066864013671875e+01
2.795483398437500000e+01
4.293804931640625000e+01
-2.964002192020416260e-01
2.906375229358673096e-01
-3.131443977355957031e+00
5.974394083023071289e-01
-7.838744521141052246e-01
8.112484812736511230e-01
-9.723348617553710938e-01
-1.429190933704376221e-01
-1.061994242546049350e-12
-4.843600564033434530e-13
-5.933258983951972265e-13
-7.951609036743311626e-15
-1.746458067140160830e-13
-1.148637283378273199e-12
3.687550354003906250e+01
1.549870147705078125e+02
-3.223530960083007812e+01
-3.821522140502929688e+01
4.368031501770019531e+00
-4.651776254177093506e-01
3.882405090332031250e+01
1.610333709716796875e+02
-5.164746856689453125e+01
-4.114058685302734375e+01
-8.387564659118652344e+00
-2.507058382034301758e+00
3.060501861572265625e+01
8.624748992919921875e+01
-4.095238494873046875e+01
-3.824974060058593750e+01
-2.577049970626831055e+00
-1.432772541046142578e+01
2.575605392456054688e+01
-7.669092655181884766e+00
1.588201618194580078e+01
-3.239116668701171875e+01
-1.826335072517395020e+00
-1.115588092803955078e+01
1.676787757873535156e+01
-1.297522068023681641e+01
6.506917476654052734e+00
-2.199566078186035156e+01
3.871819734573364258e+00
-5.532462120056152344e+00
-4.662497059444714598e-13
-3.445856230563371092e-12
2.299873399363994153e-12
2.941669260611567971e-12
-4.688603563555993059e-13
-9.263593581457230108e-13
-1.676787757873535156e+01
1.297522068023681641e+01
-6.506917476654052734e+00
2.199566078186035156e+01
-3.871819734573364258e+00
5.532462120056152344e+00
-2.575605392456054688e+01
7.669092655181884766e+00
-1.588201618194580078e+01
3.239116668701171875e+01
1.826335072517395020e+00
1.115588092803955078e+01
-3.060501861572265625e+01
-8.624748992919921875e+01
4.095238494873046875e+01
3.824974060058593750e+01
2.577049970626831055e+00
1.432772541046142578e+01
-3.882405090332031250e+01
-1.610333709716796875e+02
5.164746856689453125e+01
4.114058685302734375e+01
8.387564659118652344e+00
2.507058382034301758e+00
-3.687550354003906250e+01
-1.549870147705078125e+02
3.223530960083007812e+01
3.821522140502929688e+01
-4.368031501770019531e+00
4.651776254177093506e-01
-3.674410629272460938e+01
-1.477013854980468750e+02
3.300302124023437500e+01
3.851766204833984375e+01
-4.907450675964355469e+00
5.877892673015594482e-02
3.131443977355957031e+00
-5.974394083023071289e-01
7.838744521141052246e-01
-8.112484812736511230e-01
9.723348617553710938e-01
1.429190933704376221e-01
6.037583827972412109e+00
7.913066864013671875e+01
-2.795483398437500000e+01
-4.293804931640625000e+01
2.964002192020416260e-01
-2.906375229358673096e-01
1.774026107788085938e+01
7.072245788574218750e+01
-9.205873489379882812e+00
-4.383286666870117188e+01
-1.448721122741699219e+01
-9.747033119201660156e+00
1.615791320800781250e+01
-2.127795982360839844e+01
3.164276695251464844e+01
-3.883731842041015625e+01
-1.202523994445800781e+01
-6.737836837768554688e+00
-5.758618831634521484e+00
-7.664158821105957031e+00
-6.506278514862060547e+00
-1.651090812683105469e+01
-1.237387561798095703e+01
-5.303114414215087891e+00
-1.625934219360351562e+01
-1.702128601074218750e+01
-9.148691177368164062e+00
3.515970945358276367e+00
-1.876021385192871094e+01
3.386628627777099609e+00
-2.564138412475585938e+01
-1.357326793670654297e+01
-1.565266370773315430e+00
1.156867027282714844e+01
-2.157917976379394531e+01
7.854002952575683594e+00
-4.048176193237304688e+01
-8.098712921142578125e+00
-6.082277297973632812e+00
1.611807441711425781e+01
-1.521170902252197266e+01
1.143619060516357422e+01
-5.302871704101562500e+01
-5.416373062133789062e+01
3.207341003417968750e+01
1.796699714660644531e+01
-7.530839443206787109e+00
1.656771278381347656e+01
-8.942446899414062500e+01
-1.065961227416992188e+02
6.033686828613281250e+01
2.250509834289550781e+01
-1.345004558563232422e+00
1.299542903900146484e+01
-1.247142181396484375e+02
-1.202511138916015625e+02
6.353311538696289062e+01
3.377059555053710938e+01
1.152253532409667969e+01
-1.203767061233520508e+00
-4.177488708496093750e+01
-1.573257904052734375e+02
5.058165740966796875e+01
4.149474334716796875e+01
8.366005897521972656e+00
1.446559309959411621e+00
-5.303785324096679688e+00
-7.727640533447265625e+01
2.831052207946777344e+01
4.177365493774414062e+01
-1.043445706367492676e+00
1.102090850472450256e-01
3.968951225280761719e+00
1.477220207452774048e-01
2.232900857925415039e-01
-6.324296593666076660e-01
-2.363339811563491821e-01
4.268915057182312012e-01
8.577937126159667969e+00
-2.232424354553222656e+01
3.341241836547851562e+01
-2.584472465515136719e+01
-2.061505508422851562e+01
-3.421967476606369019e-02
-1.123246097564697266e+01
3.696226119995117188e+00
4.547752857208251953e+00
-1.575873088836669922e+01
-1.988316535949707031e+01
-4.966087341308593750e+00
-2.391357421875000000e+01
9.703833580017089844e+00
-3.118401336669921875e+01
-4.738876342773437500e+00
-2.318086814880371094e+01
-1.618945837020874023e+00
-2.441910934448242188e+01
-3.065308952331542969e+01
-8.501553535461425781e+00
8.804605156183242798e-02
-3.010006141662597656e+01
5.018667221069335938e+00
-2.820757102966308594e+01
-3.925024414062500000e+01
3.029633283615112305e+00
-8.985984802246093750e+00
-3.506235504150390625e+01
8.912088394165039062e+00
-5.673545455932617188e+01
-2.442591857910156250e+01
-1.451034545898437500e+00
-3.188150024414062500e+01
-8.048444747924804688e+00
1.247224044799804688e+01
-1.169328689575195312e+02
-3.010303497314453125e+01
4.128299355506896973e-01
-1.194828891754150391e+01
6.573802471160888672e+00
1.981682968139648438e+01
-1.905454254150390625e+02
-6.173804855346679688e+01
3.860227203369140625e+01
-2.285420000553131104e-01
8.555449485778808594e+00
2.492152404785156250e+01
-9.165898895263671875e+01
-1.028983383178710938e+02
5.910390853881835938e+01
2.264512443542480469e+01
-1.183880925178527832e+00
1.191658782958984375e+01
-3.163427543640136719e+01
-8.517509460449218750e+01
3.624339675903320312e+01
3.932647323608398438e+01
2.779175043106079102e+00
1.468835639953613281e+01
-1.736508178710937500e+01
-6.655622100830078125e+01
3.416752099990844727e+00
4.409160232543945312e+01
1.339692592620849609e+01
9.772683143615722656e+00
-6.987209320068359375e+00
2.224379920959472656e+01
-3.209985351562500000e+01
2.539047813415527344e+01
2.036738777160644531e+01
1.413405984640121460e-01
-9.675723910331726074e-01
1.448314070701599121e+00
1.838810509070754051e-03
-4.258316159248352051e-01
-8.459418267011642456e-02
-5.511828660964965820e-01
-2.431753158569335938e+01
2.060621643066406250e+01
-1.476639366149902344e+01
7.213984489440917969e+00
-1.563999772071838379e+00
-1.888123130798339844e+01
-2.062500381469726562e+01
-4.145563125610351562e+01
2.511019134521484375e+01
1.837638020515441895e-01
-2.125538253784179688e+01
-1.901555180549621582e+00
-2.329163360595703125e+01
-5.613269424438476562e+01
3.341514587402343750e+01
-5.041892051696777344e+00
-4.412657165527343750e+01
2.153233766555786133e+00
-3.653323745727539062e+01
-4.786373138427734375e+01
1.452035331726074219e+01
-2.343119621276855469e+01
-4.300729751586914062e+01
6.589268684387207031e+00
-9.828997802734375000e+01
-3.457978057861328125e+01
5.999144077301025391e+00
-5.715391159057617188e+01
3.634133040904998779e-01
1.535333919525146484e+01
-2.521654968261718750e+02
-2.574047660827636719e+01
-1.040628790855407715e+00
-5.115803527832031250e+01
8.352021217346191406e+00
2.536236572265625000e+01
-1.204972152709960938e+02
-2.986503219604492188e+01
3.375810682773590088e-01
-1.252753162384033203e+01
7.232932567596435547e+00
1.992803001403808594e+01
-5.546748733520507812e+01
-5.352725219726562500e+01
3.168311882019042969e+01
1.882773017883300781e+01
-7.448387622833251953e+00
1.626828193664550781e+01
-2.599682617187500000e+01
7.049580574035644531e+00
-1.608571243286132812e+01
3.248194503784179688e+01
2.175641298294067383e+00
1.119268894195556641e+01
-1.562868595123291016e+01
2.024700546264648438e+01
-2.993330764770507812e+01
3.945019149780273438e+01
1.227248668670654297e+01
6.384881496429443359e+00
1.071357917785644531e+01
-3.059806346893310547e+00
-4.064969539642333984e+00
1.599975204467773438e+01
1.964442634582519531e+01
4.466888427734375000e+00
2.272575569152832031e+01
-1.862132453918457031e+01
1.263124370574951172e+01
-8.156838417053222656e+00
1.980565190315246582e+00
1.740681838989257812e+01
-4.172988235950469971e-02
-7.559149265289306641e-01
4.228232383728027344e+00
-3.542430102825164795e-01
4.904778897762298584e-01
-4.262360036373138428e-01
-2.028841400146484375e+01
-2.172544479370117188e+01
5.424545669555664062e+01
1.918873548507690430e+00
1.388211846351623535e+00
-3.093362808227539062e+01
-2.875800704956054688e+01
-4.632263565063476562e+01
7.460632324218750000e+01
-7.396296501159667969e+00
-2.350460815429687500e+01
-2.816579627990722656e+01
-6.026284790039062500e+01
-3.749977493286132812e+01
3.487820816040039062e+01
-1.621555709838867188e+01
-4.911909484863281250e+01
-3.233880043029785156e+00
-1.516687164306640625e+02
-3.568502426147460938e+01
1.063477039337158203e+01
-5.754729461669921875e+01
5.060650825500488281e+00
1.502093982696533203e+01
-1.010912704467773438e+02
-3.423767471313476562e+01
5.864364147186279297e+00
-5.701640701293945312e+01
1.119870066642761230e+00
1.621358299255371094e+01
-5.735564422607421875e+01
-2.446813774108886719e+01
-1.535507082939147949e+00
-3.297561645507812500e+01
-5.507901191711425781e+00
1.258353424072265625e+01
-4.195927810668945312e+01
-8.850702285766601562e+00
-6.181349754333496094e+00
1.638205337524414062e+01
-1.554537582397460938e+01
1.127937221527099609e+01
-1.671902656555175781e+01
1.247430610656738281e+01
-6.497503757476806641e+00
2.226296234130859375e+01
-4.309966564178466797e+00
5.263644218444824219e+00
5.919538974761962891e+00
7.061450004577636719e+00
6.930803775787353516e+00
1.588190078735351562e+01
1.275667190551757812e+01
5.627671718597412109e+00
2.356558799743652344e+01
-9.812663078308105469e+00
3.116082954406738281e+01
5.219817161560058594e+00
2.362739562988281250e+01
1.352733135223388672e+00
2.169102096557617188e+01
4.543130111694335938e+01
-2.675880622863769531e+01
1.227523908019065857e-01
2.214301681518554688e+01
1.387231826782226562e+00
2.083931922912597656e+01
1.956593704223632812e+01
-5.129390335083007812e+01
-2.099940299987792969e+00
-1.575173258781433105e+00
3.054890823364257812e+01
-9.561244249343872070e-01
-8.121021986007690430e-01
2.874146223068237305e+00
-3.726159930229187012e-01
-8.324394226074218750e-01
-2.818339876830577850e-02
-2.817009353637695312e+01
-3.297522354125976562e+01
9.683331298828125000e+01
-6.432068824768066406e+00
-2.309400320053100586e+00
-3.637440872192382812e+01
-8.261515808105468750e+01
-2.917971992492675781e+01
9.217470550537109375e+01
5.184118747711181641e-01
1.946332573890686035e+00
-5.586931991577148438e+01
-6.119696807861328125e+01
-3.618083572387695312e+01
3.419015121459960938e+01
-1.527858924865722656e+01
-4.875889587402343750e+01
-4.096714019775390625e+00
-3.732847595214843750e+01
-4.869452285766601562e+01
1.426100540161132812e+01
-2.342140007019042969e+01
-4.278826904296875000e+01
6.713616371154785156e+00
-2.854467010498046875e+01
-3.985688400268554688e+01
3.333848476409912109e+00
-9.007584571838378906e+00
-3.522003936767578125e+01
8.930009841918945312e+00
-2.568960952758789062e+01
-1.369338512420654297e+01
-7.783561348915100098e-01
9.297303199768066406e+00
-2.236137390136718750e+01
7.860147476196289062e+00
-1.694980239868164062e+01
-2.120263099670410156e+01
1.554953384399414062e+01
1.093806934356689453e+01
-3.003882408142089844e+01
8.750618934631347656e+00
-1.983283805847167969e+01
4.626841545104980469e+00
-6.186898350715637207e-01
3.669663619995117188e+01
-4.847117900848388672e+00
9.584213256835937500e+00
1.390219783782958984e+01
-2.072990226745605469e+01
-5.778778791427612305e-01
4.297433090209960938e+01
1.137219333648681641e+01
8.080106735229492188e+00
1.497844696044921875e+01
-3.445579910278320312e+01
5.407352066040039062e+01
4.204831600189208984e+00
1.916388130187988281e+01
-1.837662339210510254e+00
8.390794754028320312e+00
-5.005696105957031250e+01
3.124942016601562500e+01
6.925456047058105469e+00
2.642760992050170898e+00
8.518379211425781250e+00
-8.262426257133483887e-01
-1.746790170669555664e+00
-1.377357482910156250e+01
-5.697175264358520508e-01
4.195504188537597656e-01
8.444264531135559082e-01
-2.971772193908691406e+01
-3.195004844665527344e+01
8.642596435546875000e+01
-5.658572196960449219e+00
-7.354773283004760742e-01
-3.629325485229492188e+01
-9.004992675781250000e+01
-9.145616912841796875e+01
1.906940460205078125e+02
-1.687509536743164062e+00
-1.764210939407348633e+00
-6.183005142211914062e+01
-7.642723846435546875e+01
-7.847036743164062500e+01
9.986354064941406250e+01
-6.928019046783447266e+00
-5.617713165283203125e+01
-3.689802169799804688e+01
-5.097914886474609375e+01
-4.920310211181640625e+01
9.937712669372558594e+00
-1.039907550811767578e+01
-6.240161514282226562e+01
7.075743675231933594e+00
-3.506060028076171875e+01
-4.804578399658203125e+01
-3.569649457931518555e+00
-5.782694625854492188e+01
-2.395835685729980469e+01
1.160017013549804688e+01
-2.207490730285644531e+01
-4.341341781616210938e+01
1.410576534271240234e+01
-3.474053144454956055e-01
-6.379833602905273438e+01
1.015331935882568359e+01
-2.475148391723632812e+01
-1.399637699127197266e+01
-1.348088264465332031e+00
9.721587181091308594e+00
-2.337383270263671875e+01
6.925291061401367188e+00
-1.649705696105957031e+01
1.288782501220703125e+01
-6.520602703094482422e+00
2.185588836669921875e+01
-4.944807529449462891e+00
4.543461322784423828e+00
4.926662445068359375e+00
8.194806098937988281e+00
7.169456005096435547e+00
1.586854076385498047e+01
1.207319831848144531e+01
4.583711624145507812e+00
2.326705741882324219e+01
-1.033596801757812500e+01
3.184319114685058594e+01
4.911241054534912109e+00
2.303513145446777344e+01
1.593841552734375000e+00
2.063592720031738281e+01
4.401003265380859375e+01
-2.994889068603515625e+01
2.084457874298095703e-01
2.150020217895507812e+01
2.660792350769042969e+00
2.001982116699218750e+01
2.029955101013183594e+01
-6.491781616210937500e+01
-1.094635128974914551e+00
-2.659188270568847656e+00
3.060130310058593750e+01
-1.265450716018676758e+00
2.970038056373596191e-01
-1.380365276336669922e+01
5.347343683242797852e-01
1.405743718147277832e+00
7.347352504730224609e-01
-2.841835784912109375e+01
-3.364527130126953125e+01
8.815364074707031250e+01
-5.298857688903808594e+00
-3.672417402267456055e-01
-3.581915283203125000e+01
-8.184004974365234375e+01
-2.927340507507324219e+01
8.258914947509765625e+01
1.082165122032165527e+00
2.573106765747070312e+00
-5.499981307983398438e+01
-6.260617828369140625e+01
-3.618542861938476562e+01
3.074191856384277344e+01
-1.554787826538085938e+01
-4.812306594848632812e+01
-1.124955892562866211e+00
-3.807160186767578125e+01
-4.750021362304687500e+01
1.337583160400390625e+01
-2.432981300354003906e+01
-4.107510375976562500e+01
6.246836662292480469e+00
-2.794341850280761719e+01
-3.903513336181640625e+01
3.166372537612915039e+00
-8.791833877563476562e+00
-3.595856857299804688e+01
8.711587905883789062e+00
9.905510902404785156e+00
-3.736660003662109375e+01
-2.230055427551269531e+01
1.711643981933593750e+01
-1.423175048828125000e+01
1.594792842864990234e+00
6.021101027727127075e-02
7.879526019096374512e-01
2.645364403724670410e-01
-1.362071484327316284e-01
-3.538408577442169189e-01
-2.810030579566955566e-01
-7.657150268554687500e+00
3.551936721801757812e+01
2.207507133483886719e+01
-1.828385353088378906e+01
1.318471908569335938e+01
-1.754664659500122070e+00
4.173347473144531250e+01
5.141366004943847656e+00
1.328359985351562500e+01
1.069033145904541016e+01
2.026557540893554688e+01
2.150816202163696289e+00
6.456460571289062500e+01
2.180732345581054688e+01
1.882272481918334961e+00
6.355690956115722656e+00
2.437514305114746094e+01
5.419823169708251953e+00
7.495063781738281250e+01
2.646228981018066406e+01
-3.506493377685546875e+01
-9.453015327453613281e+00
5.261041522026062012e-01
3.750188827514648438e+01
1.904993247985839844e+01
2.060729408264160156e+01
-6.274226379394531250e+01
-3.943708837032318115e-01
-1.749793410301208496e+00
3.108718490600585938e+01
-4.863620698451995850e-01
-1.997753977775573730e+00
-4.082581996917724609e+00
5.233502388000488281e-01
7.869056463241577148e-01
-3.416515886783599854e-01
-2.039415550231933594e+01
-2.128146553039550781e+01
5.130402374267578125e+01
1.714277863502502441e+00
2.802237272262573242e+00
-2.962678718566894531e+01
-7.774991607666015625e+01
-2.591099548339843750e+01
3.182055091857910156e+01
1.023911571502685547e+01
1.834758967161178589e-01
-3.569980239868164062e+01
-6.899969482421875000e+01
-2.150825119018554688e+01
-2.165252447128295898e+00
-7.086678504943847656e+00
-2.517319488525390625e+01
-4.543181419372558594e+00
-4.388193130493164062e+01
-5.057659149169921875e+00
-1.275119590759277344e+01
-1.174133396148681641e+01
-2.043242263793945312e+01
-2.306277990341186523e+00
2.760180854797363281e+01
-5.784199905395507812e+01
8.174261474609375000e+01
-3.106750679016113281e+01
-1.301226425170898438e+01
-1.055424785614013672e+01
4.491275787353515625e+01
-4.420943069458007812e+01
4.365587997436523438e+01
-2.377328300476074219e+01
-4.204899311065673828e+00
-8.323478698730468750e+00
6.914775085449218750e+01
-2.730423164367675781e+01
3.066861152648925781e+01
-2.264213562011718750e+01
8.057841300964355469e+00
-5.498662471771240234e+00
1.194804229736328125e+02
-1.131574440002441406e+01
2.058233070373535156e+01
1.987395763397216797e+00
6.951206207275390625e+00
-2.810758113861083984e+00
1.662202606201171875e+02
3.898162841796875000e+00
1.089398193359375000e+01
2.417573165893554688e+01
-5.895600795745849609e+00
9.388607978820800781e+00
6.398487854003906250e+01
2.160650253295898438e+01
1.764934182167053223e+00
6.454894542694091797e+00
2.497597122192382812e+01
5.726941585540771484e+00
1.994781303405761719e+01
4.226597976684570312e+01
-2.873163604736328125e+01
7.154495120048522949e-01
2.087353324890136719e+01
2.015280723571777344e+00
8.231064796447753906e+00
-5.776577377319335938e+01
3.708965301513671875e+01
7.143113136291503906e+00
2.472815513610839844e+00
8.201059341430664062e+00
4.441344141960144043e-01
-4.516340255737304688e+00
7.376224994659423828e-01
-1.685705631971359253e-01
4.928077105432748795e-03
8.488989472389221191e-01
-2.213043594360351562e+01
2.018902015686035156e+01
-1.305911827087402344e+01
7.860879898071289062e+00
-1.751396298408508301e+00
-1.747986412048339844e+01
-8.206787872314453125e+01
1.000452041625976562e+01
-7.344970107078552246e-01
-6.451964974403381348e-01
2.786280870437622070e+00
-2.695570755004882812e+01
1.318493938446044922e+01
-6.225482177734375000e+01
4.011701202392578125e+01
-2.617994689941406250e+01
-1.760667419433593750e+01
-1.107708930969238281e+01
3.472811126708984375e+01
-8.912005615234375000e+01
1.814524841308593750e+02
-4.586297607421875000e+01
-2.402969932556152344e+01
-1.088417243957519531e+01
5.954784393310546875e+01
7.443115234375000000e+01
-1.331838321685791016e+01
-3.866992568969726562e+01
-1.313174247741699219e+01
-1.741714096069335938e+01
1.168932418823242188e+02
-8.235043525695800781e+00
2.731295776367187500e+01
-3.436652755737304688e+01
1.303698301315307617e+00
-1.326820468902587891e+01
2.079913024902343750e+02
-2.009229850769042969e+01
3.049488830566406250e+01
-1.477944469451904297e+01
-1.007570266723632812e+01
-5.581591129302978516e+00
1.194240264892578125e+02
-1.164906501770019531e+01
2.041782569885253906e+01
2.330038309097290039e+00
6.437246322631835938e+00
-2.682764291763305664e+00
4.394863128662109375e+01
4.367260932922363281e+00
1.326258182525634766e+01
1.058188629150390625e+01
2.036623191833496094e+01
1.863583564758300781e+00
2.338597869873046875e+01
-1.007812786102294922e+01
3.173704910278320312e+01
5.072800159454345703e+00
2.297374153137207031e+01
1.414224267005920410e+00
1.607161712646484375e+01
-3.347584533691406250e+01
5.373105239868164062e+01
3.205952882766723633e+00
1.884648895263671875e+01
-1.627602338790893555e+00
8.857862472534179688e+00
-3.480448913574218750e+01
1.431511306762695312e+01
6.563359260559082031e+00
1.395807361602783203e+01
-3.596301794052124023e+00
1.239696264266967773e+00
-8.190805315971374512e-01
-2.807159125804901123e-01
6.569257974624633789e-01
2.873372316360473633e+00
-1.746321082115173340e+00
6.637229442596435547e+00
-2.338102340698242188e+01
3.337076950073242188e+01
-2.532313919067382812e+01
-2.024118614196777344e+01
4.170328080654144287e-01
1.697036361694335938e+01
-8.356645965576171875e+01
1.350908966064453125e+02
-4.570756530761718750e+01
-2.387527847290039062e+01
-1.807448625564575195e+00
3.691477584838867188e+01
2.247941741943359375e+02
-6.805055999755859375e+01
-5.452174758911132812e+01
-1.506496620178222656e+01
-1.855831503868103027e+00
8.975151062011718750e+01
1.613584747314453125e+02
-8.406671905517578125e+01
-5.477828216552734375e+01
-1.833291244506835938e+01
-1.002454161643981934e+00
1.842969970703125000e+02
9.095314788818359375e+01
-5.387607192993164062e+01
-5.257788848876953125e+01
1.011055946350097656e+00
-1.072779417037963867e+00
1.137287292480468750e+02
-9.095625877380371094e+00
2.842395973205566406e+01
-3.305310058593750000e+01
1.252296328544616699e+00
-1.258746147155761719e+01
6.765645599365234375e+01
-2.704127883911132812e+01
3.193214797973632812e+01
-2.319467544555664062e+01
8.219584465026855469e+00
-5.205350399017333984e+00
-1.160128355026245117e+00
2.785441207885742188e+01
2.258940887451171875e+01
-1.687125778198242188e+01
1.335800266265869141e+01
-1.872936844825744629e+00
5.860203742980957031e+00
7.623822212219238281e+00
7.021132946014404297e+00
1.643252182006835938e+01
1.226055526733398438e+01
5.331125736236572266e+00
1.323584270477294922e+01
-1.896891975402832031e+01
-2.086672335863113403e-01
4.210696029663085938e+01
1.224787902832031250e+01
9.221406936645507812e+00
-2.436317825317382812e+01
6.809226989746093750e+00
-4.392818450927734375e+00
2.817146301269531250e+01
1.820442199707031250e+01
4.293263912200927734e+00
-1.664747619628906250e+01
-6.469306468963623047e+00
-4.705318927764892578e+00
2.066774559020996094e+01
2.140926551818847656e+01
-3.057912111282348633e+00
-2.033727169036865234e+00
2.263924628496170044e-01
4.983302056789398193e-01
6.879254579544067383e-01
6.808264851570129395e-01
4.531231522560119629e-01
5.658197402954101562e+00
7.979901123046875000e+01
-2.679300689697265625e+01
-4.086103439331054688e+01
1.534107446670532227e+00
-2.792608141899108887e-01
3.686791992187500000e+01
1.490121154785156250e+02
-3.524608612060546875e+01
-3.819010543823242188e+01
3.506222009658813477e+00
-2.606199681758880615e-01
1.255510787963867188e+02
1.390478515625000000e+02
-6.424427795410156250e+01
-4.339132690429687500e+01
2.217509746551513672e+00
-2.106497287750244141e+00
8.736357116699218750e+01
1.649859313964843750e+02
-8.566325378417968750e+01
-5.454906082153320312e+01
-1.895968055725097656e+01
-6.308709979057312012e-01
5.762433624267578125e+01
8.061661529541015625e+01
-1.875348854064941406e+01
-3.800724411010742188e+01
-1.359934234619140625e+01
-1.750650215148925781e+01
4.388523483276367188e+01
-4.432175445556640625e+01
4.511256790161132812e+01
-2.353667449951171875e+01
-3.762915611267089844e+00
-8.114903450012207031e+00
-8.273168653249740601e-02
3.072814643383026123e-01
-8.122669905424118042e-02
2.941401675343513489e-02
-2.234277725219726562e-01
8.444432169198989868e-02
-1.637372398376464844e+01
1.260388374328613281e+01
-6.542496204376220703e+00
2.178363037109375000e+01
-4.130557537078857422e+00
5.680893898010253906e+00
-2.070170211791992188e+01
4.488408088684082031e+00
-1.123522996902465820e+00
3.647023773193359375e+01
-4.192759513854980469e+00
1.113156700134277344e+01
-2.316759872436523438e+01
-4.166728496551513672e+00
-3.265136957168579102e+00
2.971193504333496094e+01
7.147309780120849609e+00
1.150865268707275391e+01
-2.131300926208496094e+01
-3.320957946777343750e+01
1.010345077514648438e+01
2.421966361999511719e+01
1.437635040283203125e+01
7.249126434326171875e+00
-1.205167961120605469e+01
-4.671704864501953125e+01
1.513092899322509766e+01
2.968412971496582031e+01
7.609632015228271484e+00
-4.397027969360351562e+00
-1.373393416404724121e+00
5.256376266479492188e-01
-5.086819529533386230e-01
2.689015865325927734e+00
-1.409846186637878418e+00
2.279635667800903320e-01
1.220472812652587891e+00
-1.195384621620178223e+00
-1.794553518295288086e+00
-1.551577925682067871e+00
1.458871245384216309e+00
-4.618133604526519775e-02
3.438961029052734375e+01
1.565190124511718750e+02
-3.256724548339843750e+01
-3.941327667236328125e+01
3.915910243988037109e+00
-2.666500806808471680e-01
3.623777770996093750e+01
2.324164276123046875e+02
-7.022729492187500000e+01
-5.575828933715820312e+01
-1.620697784423828125e+01
-1.330663681030273438e+00
3.419835281372070312e+01
-7.173342132568359375e+01
1.755326232910156250e+02
-4.577627563476562500e+01
-2.419857788085937500e+01
-1.100314998626708984e+01
2.723901939392089844e+01
-5.810633468627929688e+01
8.024897003173828125e+01
-3.277090454101562500e+01
-1.322243022918701172e+01
-1.040002918243408203e+01
4.690624237060546875e+00
-3.216812133789062500e+01
-2.293807411193847656e+01
1.681578445434570312e+01
-1.343714523315429688e+01
2.080145597457885742e+00
-2.535528945922851562e+01
-1.368457603454589844e+01
-1.921202182769775391e+00
1.086675167083740234e+01
-2.160060119628906250e+01
8.045796394348144531e+00
-2.358190727233886719e+01
-1.207841968536376953e+01
2.415884256362915039e+00
2.179713058471679688e+01
-2.893689727783203125e+01
8.991935729980468750e+00
-2.756026077270507812e+01
-1.502647209167480469e+01
1.161805391311645508e+00
2.888088607788085938e+01
-2.543511581420898438e+01
1.009554958343505859e+01
-3.591965484619140625e+01
-4.166414642333984375e+01
2.221248245239257812e+01
-1.093155097961425781e+01
2.769309425354003906e+01
9.959758758544921875e+00
-4.109046173095703125e+01
-8.889827728271484375e+01
4.426296234130859375e+01
1.714945411682128906e+01
5.717882633209228516e+00
8.754782676696777344e+00
-3.613568115234375000e+01
-1.221877517700195312e+02
5.010561370849609375e+01
2.903240013122558594e+01
3.835693836212158203e+00
-9.036476135253906250e+00
-3.702539443969726562e+01
-1.201238479614257812e+02
4.763086318969726562e+01
3.151015663146972656e+01
3.013674020767211914e+00
-9.998986244201660156e+00
1.979814767837524414e+00
-4.344297945499420166e-02
2.756512463092803955e-01
-3.731253147125244141e-01
4.582433700561523438e+00
1.034398525953292847e-01
6.294421672821044922e+00
7.730638885498046875e+01
-2.789568901062011719e+01
-4.111330032348632812e+01
1.070589125156402588e-01
-5.879766866564750671e-02
1.723600959777832031e+01
-8.613021850585937500e+01
1.299062652587890625e+02
-4.537057876586914062e+01
-2.395413780212402344e+01
-1.350279927253723145e+00
1.314869022369384766e+01
-6.541632843017578125e+01
3.903472518920898438e+01
-2.579874229431152344e+01
-1.816374206542968750e+01
-1.118133354187011719e+01
-4.469027328491210938e+01
-4.235538482666015625e+00
-1.351032066345214844e+01
-1.069297409057617188e+01
-2.008647155761718750e+01
-1.812018394470214844e+00
-2.833142662048339844e+01
-3.825222778320312500e+01
3.040717840194702148e+00
-9.169651031494140625e+00
-3.502032089233398438e+01
9.015960693359375000e+00
-2.221540641784667969e+01
-4.241276931762695312e+01
1.398298931121826172e+01
-2.223788648843765259e-01
-6.362151718139648438e+01
1.030337619781494141e+01
-2.930126380920410156e+01
-3.179601287841796875e+01
1.394819927215576172e+01
-7.055872344970703125e+01
-1.146236896514892578e+01
1.039468669891357422e+01
-4.898430633544921875e+01
-3.764754867553710938e+01
-1.700123405456542969e+01
4.531764507293701172e+00
-4.440302371978759766e+00
1.106860923767089844e+01
-8.479965209960937500e+01
-6.814458465576171875e+01
3.079554748535156250e+01
6.003274440765380859e+00
-1.116617798805236816e+00
1.705959510803222656e+01
-1.295659637451171875e+02
-9.775884246826171875e+01
6.187945938110351562e+01
6.965202808380126953e+00
2.100131988525390625e+00
1.742939949035644531e+00
-4.258382034301757812e+01
-9.001819610595703125e+01
4.338457870483398438e+01
1.704051017761230469e+01
5.654459953308105469e+00
8.509931564331054688e+00
-1.140971946716308594e+01
-4.640988540649414062e+01
1.311696624755859375e+01
3.027819252014160156e+01
7.666418075561523438e+00
-5.528685569763183594e+00
6.366222351789474487e-02
5.210352540016174316e-01
-1.400530785322189331e-01
-5.414761900901794434e-01
7.382656633853912354e-02
3.947353065013885498e-01
7.300050735473632812e+00
-2.296625709533691406e+01
3.271150207519531250e+01
-2.597983932495117188e+01
-2.157889366149902344e+01
3.366348892450332642e-02
-8.650024414062500000e+01
9.575200080871582031e+00
-1.237778186798095703e+00
-1.094301462173461914e+00
3.515139102935791016e+00
-2.820337867736816406e+01
-6.696514129638671875e+01
-2.114241790771484375e+01
-3.153730392456054688e+00
-6.321988582611083984e+00
-2.486381530761718750e+01
-5.431840896606445312e+00
-3.761536026000976562e+01
-4.708038711547851562e+01
1.429764747619628906e+01
-2.399748229980468750e+01
-4.219421005249023438e+01
6.913023948669433594e+00
-3.545950317382812500e+01
-4.666242218017578125e+01
-3.138783454895019531e+00
-4.029418563842773438e+01
-4.586834716796875000e+01
1.206078815460205078e+01
-4.203336715698242188e+01
-3.941759872436523438e+01
-3.622816085815429688e+01
-4.822195434570312500e+01
-1.001245117187500000e+01
1.277040004730224609e+01
-1.028434219360351562e+02
-3.218506622314453125e+01
-8.954231262207031250e+01
1.664512062072753906e+01
-9.855609893798828125e+00
1.263736343383789062e+01
-2.070733947753906250e+02
-4.226855087280273438e+01
-2.638807296752929688e+01
1.281148433685302734e+01
-8.249566078186035156e+00
1.474627685546875000e+01
-8.994319152832031250e+01
-6.712566375732421875e+01
3.021295166015625000e+01
6.366167068481445312e+00
-4.634461700916290283e-01
1.663055419921875000e+01
-3.622232437133789062e+01
-4.224346923828125000e+01
2.119033622741699219e+01
-9.052323341369628906e+00
2.836685180664062500e+01
1.009899806976318359e+01
-2.198386955261230469e+01
-3.312584304809570312e+01
9.720104217529296875e+00
2.413305664062500000e+01
1.489252185821533203e+01
7.106239795684814453e+00
-1.883209609985351562e+01
-6.758369445800781250e+00
-4.542879581451416016e+00
2.038596153259277344e+01
2.042186164855957031e+01
-2.919910669326782227e+00
-6.194035410881042480e-01
-7.768906950950622559e-01
4.200819879770278931e-02
-5.227932333946228027e-01
2.384541630744934082e-01
-2.330143898725509644e-01
-2.310639953613281250e+01
1.931333923339843750e+01
-1.560797500610351562e+01
7.216543674468994141e+00
-6.192983388900756836e-01
-1.800510406494140625e+01
-7.714351654052734375e+01
-2.818487167358398438e+01
2.889714050292968750e+01
9.949173927307128906e+00
-6.262055635452270508e-01
-3.703862762451171875e+01
-6.324214935302734375e+01
-3.737951278686523438e+01
3.343680572509765625e+01
-1.622966194152832031e+01
-4.810097885131835938e+01
-2.459432125091552734e+00
-5.031881713867187500e+01
-4.653282928466796875e+01
1.097755432128906250e+01
-9.393768310546875000e+00
-6.351879882812500000e+01
5.347566127777099609e+00
-8.479010772705078125e+01
-3.798036193847656250e+01
-4.025516891479492188e+01
-6.288304519653320312e+01
-9.902243614196777344e+00
1.898550224304199219e+01
-2.145493011474609375e+02
-3.155102920532226562e+01
-6.871624755859375000e+01
-3.652701950073242188e+01
-1.106376934051513672e+01
2.027611541748046875e+01
-1.110562591552734375e+02
-3.184299659729003906e+01
-9.004605102539062500e+01
1.545800209045410156e+01
-9.979462623596191406e+00
1.317609024047851562e+01
-5.224041748046875000e+01
-3.776190567016601562e+01
-1.653718566894531250e+01
3.825549840927124023e+00
-3.569146394729614258e+00
1.090396213531494141e+01
-2.857223129272460938e+01
-1.536231422424316406e+01
1.441759943962097168e+00
3.046307754516601562e+01
-2.880500793457031250e+01
9.946413040161132812e+00
-2.326573181152343750e+01
-4.396433353424072266e+00
-2.843452692031860352e+00
2.958421707153320312e+01
5.882004261016845703e+00
1.091822814941406250e+01
-2.516519546508789062e+01
6.507744789123535156e+00
-4.098174571990966797e+00
2.751350975036621094e+01
1.796393013000488281e+01
3.498259544372558594e+00
8.589819908142089844e+00
-3.532998275756835938e+01
1.443674564361572266e+01
6.923982620239257812e+00
1.392649173736572266e+01
-4.422432422637939453e+00
-9.812725782394409180e-01
-1.135403752326965332e+00
-1.620394706726074219e+00
-1.413991004228591919e-01
5.483125448226928711e-01
3.053225874900817871e-01
-2.198160743713378906e+01
-2.277842521667480469e+01
4.669049835205078125e+01
7.452382445335388184e-01
3.776794910430908203e+00
-2.938295555114746094e+01
-8.407311248779296875e+01
-2.931799507141113281e+01
8.553467559814453125e+01
1.307744383811950684e+00
2.628010034561157227e+00
-5.538414764404296875e+01
-7.254836273193359375e+01
-7.578283691406250000e+01
1.040558242797851562e+02
-7.539988994598388672e+00
-5.571753311157226562e+01
-3.852901458740234375e+01
-1.642026214599609375e+02
-4.265348052978515625e+01
-6.163799166679382324e-01
-6.381789016723632812e+01
-6.961465358734130859e+00
1.531261348724365234e+01
-9.024127197265625000e+01
-3.685672760009765625e+01
-4.026292037963867188e+01
-6.178133773803710938e+01
-9.616986274719238281e+00
1.929265022277832031e+01
-4.521220779418945312e+01
-3.996805572509765625e+01
-3.579858779907226562e+01
-4.749213027954101562e+01
-9.291541099548339844e+00
1.249331951141357422e+01
-3.064741134643554688e+01
-3.262140274047851562e+01
1.535122585296630859e+01
-7.292764282226562500e+01
-1.100752735137939453e+01
1.035962486267089844e+01
-3.482507705688476562e+01
-2.838016319274902344e+01
-1.203130722045898438e+02
9.160340309143066406e+00
2.656083488464355469e+01
4.974287033081054688e+00
-3.467075347900390625e+01
-6.000764846801757812e+00
-1.360638499259948730e+00
-4.612443161010742188e+01
5.352529525756835938e+01
6.918228626251220703e+00
-4.212774276733398438e+01
2.369792461395263672e+00
-2.185590744018554688e+00
-2.835283041000366211e+00
4.498950195312500000e+01
8.752370834350585938e+00
-5.074487686157226562e+01
5.895197868347167969e+00
4.548458755016326904e-01
9.749372482299804688e+00
2.842508316040039062e+01
-5.702545166015625000e+00
-6.609740257263183594e-01
-6.201933860778808594e+00
-5.153863430023193359e-01
-1.516126394271850586e-01
1.290780067443847656e+00
-1.665562272071838379e+00
-9.192541122436523438e+00
4.991926574707031250e+01
-4.022136306762695312e+01
-6.988226413726806641e+00
-2.312422513961791992e+00
-7.065364360809326172e+00
-3.071639633178710938e+01
-4.730311584472656250e+01
6.466703033447265625e+01
-7.652048110961914062e+00
-2.311398506164550781e+01
-2.688827705383300781e+01
-7.609710693359375000e+01
-7.601801300048828125e+01
9.643115997314453125e+01
-8.097570419311523438e+00
-5.650521087646484375e+01
-3.653752136230468750e+01
-1.928950195312500000e+02
-1.938054199218750000e+02
-5.867621994018554688e+01
-2.116370439529418945e+00
-2.909976482391357422e+00
-1.839152336120605469e+01
-1.034724502563476562e+02
-9.993437194824218750e+01
-1.064519729614257812e+02
-2.306887054443359375e+01
-1.010521697998046875e+01
3.484524917602539062e+01
-4.615916442871093750e+01
-4.141269683837890625e+01
-1.110175399780273438e+02
-1.351751422882080078e+01
-1.055292034149169922e+01
1.512757301330566406e+01
-3.061446762084960938e+01
-3.955246353149414062e+01
-1.366603088378906250e+02
4.718679428100585938e+00
-6.010815143585205078e+00
7.334503650665283203e+00
-3.075515365600585938e+01
-3.268094253540039062e+01
1.586209201812744141e+01
-7.180777740478515625e+01
-1.213797950744628906e+01
1.017284679412841797e+01
-2.896617889404296875e+01
-1.561436080932617188e+01
1.515458822250366211e+00
2.937151718139648438e+01
-2.848686218261718750e+01
9.267184257507324219e+00
-2.354050445556640625e+01
-4.569717884063720703e+00
-2.711241722106933594e+00
2.955035209655761719e+01
5.730867385864257812e+00
1.104313278198242188e+01
-2.418866729736328125e+01
6.835981845855712891e+00
-4.122786521911621094e+00
2.825109863281250000e+01
1.776499176025390625e+01
3.478415489196777344e+00
7.970357894897460938e+00
-3.619072341918945312e+01
1.397981834411621094e+01
6.437377452850341797e+00
1.367541885375976562e+01
-3.544130563735961914e+00
-4.308826327323913574e-01
-5.292927265167236328e+00
-6.574542522430419922e-01
1.704885810613632202e-01
-9.189155697822570801e-02
8.852068185806274414e-01
-2.251746177673339844e+01
-2.205594062805175781e+01
4.322711944580078125e+01
1.113914966583251953e+00
2.422232866287231445e+00
-3.021574592590332031e+01
-8.644168853759765625e+01
-2.894290542602539062e+01
8.258379364013671875e+01
1.570847272872924805e+00
1.638974785804748535e+00
-5.479574203491210938e+01
-7.273413848876953125e+01
-7.554384613037109375e+01
9.332439422607421875e+01
-6.113548755645751953e+00
-5.724929809570312500e+01
-3.640129470825195312e+01
-1.657193450927734375e+02
-4.093415832519531250e+01
-1.108310669660568237e-01
-6.170055770874023438e+01
-6.812403678894042969e+00
1.722996711730957031e+01
-8.990872192382812500e+01
-3.615950775146484375e+01
-3.768000793457031250e+01
-6.243421936035156250e+01
-1.106292057037353516e+01
1.865096092224121094e+01
-4.498246002197265625e+01
-3.975756454467773438e+01
-3.601169967651367188e+01
-4.734341430664062500e+01
-1.074461555480957031e+01
1.213696861267089844e+01
-5.701137161254882812e+01
-2.411886978149414062e+01
-9.387739896774291992e-01
-3.293011856079101562e+01
-7.362983703613281250e+00
1.191557598114013672e+01
-4.044983291625976562e+01
-8.617787361145019531e+00
-5.392604827880859375e+00
1.619646835327148438e+01
-1.624352836608886719e+01
1.069139289855957031e+01
-2.610891914367675781e+01
7.093257427215576172e+00
-1.596753501892089844e+01
3.216167449951171875e+01
1.600550532341003418e+00
1.068155574798583984e+01
-1.536616134643554688e+01
2.093914985656738281e+01
-3.027595710754394531e+01
3.846577835083007812e+01
1.189642047882080078e+01
6.384504318237304688e+00
9.619887351989746094e+00
-3.432301282882690430e+00
-3.877067327499389648e+00
1.538614749908447266e+01
1.861411666870117188e+01
5.362676620483398438e+00
2.230083847045898438e+01
-2.332006835937500000e+01
1.499800872802734375e+01
-7.064223766326904297e+00
3.322574496269226074e-01
1.859560966491699219e+01
-1.843611836433410645e+00
-1.445206403732299805e+00
-8.364466667175292969e+00
1.028810858726501465e+00
-3.789398372173309326e-01
2.634953856468200684e-01
-2.133700561523437500e+01
-2.263038825988769531e+01
5.117266464233398438e+01
2.722221851348876953e+00
2.770605087280273438e+00
-2.992591094970703125e+01
-2.838102531433105469e+01
-4.644363403320312500e+01
6.860585784912109375e+01
-7.710322380065917969e+00
-2.324655914306640625e+01
-2.532789230346679688e+01
-6.016590881347656250e+01
-3.596665191650390625e+01
3.099653053283691406e+01
-1.538657665252685547e+01
-4.819804763793945312e+01
-1.940514922142028809e+00
-1.498963012695312500e+02
-3.519282913208007812e+01
9.636014938354492188e+00
-5.649508666992187500e+01
3.777355909347534180e+00
1.521456813812255859e+01
-1.012228851318359375e+02
-3.328601455688476562e+01
5.899229526519775391e+00
-5.683238983154296875e+01
6.490799784660339355e-01
1.605810165405273438e+01
-1.167308197021484375e+02
1.065036487579345703e+01
-2.035830307006835938e+01
-3.670593261718750000e+00
-6.342783927917480469e+00
2.568519353866577148e+00
-6.796566009521484375e+01
2.749132728576660156e+01
-3.077931594848632812e+01
2.317193794250488281e+01
-8.511413574218750000e+00
4.783105850219726562e+00
-4.410586166381835938e+01
4.444383239746093750e+01
-4.261695098876953125e+01
2.410462379455566406e+01
3.690301418304443359e+00
7.888640403747558594e+00
-2.653240966796875000e+01
6.023431015014648438e+01
-7.887737274169921875e+01
3.189414596557617188e+01
1.270921134948730469e+01
1.034926986694335938e+01
-1.226385879516601562e+01
6.377899932861328125e+01
-4.137289810180664062e+01
2.526528358459472656e+01
1.720836639404296875e+01
1.123060703277587891e+01
8.258993530273437500e+01
-1.019492721557617188e+01
6.466151028871536255e-02
5.698232650756835938e-01
-1.323695302009582520e+00
2.630704116821289062e+01
2.186120033264160156e+01
-2.228049850463867188e+01
1.374420356750488281e+01
-6.241705894470214844e+00
1.204772114753723145e+00
1.812939071655273438e+01
-7.600372284650802612e-02
-4.444488048553466797e+00
1.100252568721771240e-01
7.837880253791809082e-01
5.317912250757217407e-02
2.948026061058044434e-01
-7.874825477600097656e+00
4.931221008300781250e+01
-3.520034790039062500e+01
-7.278993606567382812e+00
-2.386155605316162109e+00
-7.683269500732421875e+00
-2.079065895080566406e+01
-4.142917251586914062e+01
2.527023887634277344e+01
-9.353909492492675781e-01
-2.124275779724121094e+01
-1.340730905532836914e+00
-6.466044616699218750e+01
-2.053721427917480469e+01
-2.697703838348388672e+00
-6.669255733489990234e+00
-2.543620109558105469e+01
-4.622744560241699219e+00
-1.672339324951171875e+02
-4.881981372833251953e+00
-1.079920578002929688e+01
-2.503344726562500000e+01
5.710812091827392578e+00
-9.144358634948730469e+00
2.728237152099609375e+01
-1.458295440673828125e+02
1.081394042968750000e+02
-3.306217575073242188e+01
-2.089260673522949219e+01
-1.788263201713562012e+00
4.379452896118164062e+01
-9.839717102050781250e+01
1.621716880798339844e+01
-1.897442340850830078e+00
-1.194286537170410156e+01
-8.258854866027832031e+00
-1.677996039390563965e+00
2.471709728240966797e+00
4.178376495838165283e-01
1.607372313737869263e-01
-2.194813936948776245e-01
5.486101508140563965e-01
-4.297707366943359375e+01
1.045976104736328125e+02
-1.552319717407226562e+01
1.764929771423339844e+00
1.212370395660400391e+01
8.954861640930175781e+00
-2.674219512939453125e+01
1.542187500000000000e+02
-1.059780197143554688e+02
3.144364356994628906e+01
1.268479824066162109e+01
1.613404846191406250e+01
-1.299828624725341797e+01
6.562507629394531250e+01
-4.144899368286132812e+01
2.502741050720214844e+01
1.737052536010742188e+01
1.098536491394042969e+01
1.031345462799072266e+01
-3.495787858963012695e+00
-5.109954357147216797e+00
1.592735576629638672e+01
1.906005477905273438e+01
4.786271572113037109e+00
7.848497867584228516e+00
-3.521839141845703125e+01
1.440005016326904297e+01
6.850471496582031250e+00
1.327378749847412109e+01
-3.692399978637695312e+00
-5.325723290443420410e-01
-2.306369505822658539e-02
5.386865735054016113e-01
-2.586455941200256348e-01
1.868795871734619141e+00
-2.485511064529418945e+00
-8.549679756164550781e+00
3.545723342895507812e+01
-1.327589511871337891e+01
-6.103047847747802734e+00
-1.424629306793212891e+01
4.388416767120361328e+00
-1.285673236846923828e+01
3.691240549087524414e+00
5.359855651855468750e+00
-1.582645606994628906e+01
-2.061303520202636719e+01
-3.550595998764038086e+00
1.380721282958984375e+01
-6.545312500000000000e+01
4.038685226440429688e+01
-2.673028945922851562e+01
-1.805889320373535156e+01
-9.936539649963378906e+00
3.458198928833007812e+01
-7.765179443359375000e+01
1.856391601562500000e+02
-4.604774475097656250e+01
-2.484968376159667969e+01
-1.074902248382568359e+01
6.668080902099609375e+01
-1.519176635742187500e+02
1.814520721435546875e+02
-5.231951141357421875e+01
-2.761076354980468750e+01
-2.538539886474609375e+00
1.174715576171875000e+02
-1.025886611938476562e+02
9.125314331054687500e+01
-5.643748474121093750e+01
-1.640477371215820312e+01
-1.837339043617248535e+00
1.895814514160156250e+02
-6.068539810180664062e+01
4.066594696044921875e+01
-3.388610458374023438e+01
-6.294317722320556641e+00
7.556311607360839844e+00
-4.271433258056640625e+01
9.398575592041015625e+01
-1.471684551239013672e+01
1.420791506767272949e+00
1.164734554290771484e+01
8.600311279296875000e+00
-2.779796028137207031e+01
5.702858352661132812e+01
-8.012809753417968750e+01
3.203967285156250000e+01
1.277866744995117188e+01
1.022326564788818359e+01
-1.567795753479003906e+01
2.068643569946289062e+01
-3.155459594726562500e+01
3.844800567626953125e+01
1.154583549499511719e+01
6.462845802307128906e+00
-2.389295387268066406e+01
6.966299057006835938e+00
-4.311009883880615234e+00
2.788511657714843750e+01
1.789432144165039062e+01
4.103621482849121094e+00
-4.526398849487304688e+01
7.385722637176513672e+00
4.664110839366912842e-01
1.047813224792480469e+01
2.911666679382324219e+01
-5.366790771484375000e+00
-1.508458983153104782e-02
-3.550668358802795410e-01
4.344510734081268311e-01
1.374044865369796753e-01
1.185211420059204102e+00
2.779679298400878906e-01
1.594480895996093750e+01
5.727244377136230469e+00
4.984895706176757812e+00
-1.991804885864257812e+01
-2.145064926147460938e+01
3.926348209381103516e+00
1.615719604492187500e+01
6.927983093261718750e+01
-5.000371932983398438e+00
-4.470637512207031250e+01
-1.373913955688476562e+01
-9.463914871215820312e+00
4.047013092041015625e+01
1.594649200439453125e+02
-4.925331115722656250e+01
-4.173284530639648438e+01
-8.459235191345214844e+00
-1.467986226081848145e+00
9.085689544677734375e+01
1.580289459228515625e+02
-8.077798461914062500e+01
-5.429624938964843750e+01
-1.793664550781250000e+01
-7.529273629188537598e-01
1.824441528320312500e+02
1.068389663696289062e+02
-1.455954589843750000e+02
-7.662145233154296875e+01
-1.591793894767761230e+00
-3.159850835800170898e+00
1.129985961914062500e+02
-1.035290985107421875e+02
9.064781951904296875e+01
-5.729927444458007812e+01
-1.692191886901855469e+01
-2.265575170516967773e+00
-1.112766504287719727e+00
1.762328624725341797e+00
8.088725805282592773e-01
4.864524602890014648e-01
-3.349878489971160889e-01
1.944553107023239136e-01
-4.414116668701171875e+01
4.347668075561523438e+01
-4.400076675415039062e+01
2.358549118041992188e+01
3.274397373199462891e+00
8.137444496154785156e+00
-2.559042358398437500e+01
6.650480270385742188e+00
-1.508324909210205078e+01
3.230546569824218750e+01
1.400061368942260742e+00
1.121506977081298828e+01
-2.306064224243164062e+01
-4.115709304809570312e+00
-3.075854539871215820e+00
2.972536468505859375e+01
7.160686016082763672e+00
1.161587142944335938e+01
-4.115583801269531250e+01
2.440686464309692383e+00
-2.040513277053833008e+00
-1.601631402969360352e+00
4.511008071899414062e+01
9.879265785217285156e+00
-3.830293655395507812e+01
-3.391708374023437500e+00
-8.602532148361206055e-01
-9.869899153709411621e-01
4.603715515136718750e+01
2.339617013931274414e+00
-1.455725193023681641e+00
1.106518805027008057e-01
1.890774220228195190e-01
-1.749986037611961365e-02
1.024426102638244629e+00
4.318323433399200439e-01
1.086402893066406250e+01
4.749454116821289062e+01
-1.383743381500244141e+01
-2.874775695800781250e+01
-7.518336296081542969e+00
5.028655529022216797e+00
3.567788696289062500e+01
1.192736816406250000e+02
-4.764009857177734375e+01
-2.945852470397949219e+01
-2.940671920776367188e+00
9.173669815063476562e+00
1.284758148193359375e+02
1.161488189697265625e+02
-5.827877807617187500e+01
-3.312045669555664062e+01
-1.113912677764892578e+01
1.170009255409240723e+00
8.748809814453125000e+01
1.587435150146484375e+02
-8.343236541748046875e+01
-5.527449417114257812e+01
-1.841615867614746094e+01
-8.066621422767639160e-01
6.434992218017578125e+01
-1.589336700439453125e+02
1.742002258300781250e+02
-5.285990905761718750e+01
-2.678227043151855469e+01
-2.303807973861694336e+00
4.158848571777343750e+01
-9.728092956542968750e+01
1.490430259704589844e+01
-6.237643361091613770e-01
-1.228557491302490234e+01
-8.293695449829101562e+00
-6.706980895996093750e+01
2.665974807739257812e+01
-3.180407524108886719e+01
2.339153099060058594e+01
-8.277580261230468750e+00
5.710780143737792969e+00
-4.052232742309570312e+01
-7.890385150909423828e+00
-5.957342147827148438e+00
1.609696578979492188e+01
-1.533846855163574219e+01
1.163172054290771484e+01
-2.817124366760253906e+01
-1.502036476135253906e+01
1.525094509124755859e+00
2.917425918579101562e+01
-2.736038970947265625e+01
1.012723350524902344e+01
-3.458325576782226562e+01
-5.651716232299804688e+00
-1.023560881614685059e+00
-4.561914825439453125e+01
5.444365310668945312e+01
7.540965557098388672e+00
-3.496686172485351562e+01
-1.493628406524658203e+01
-1.182337284088134766e+01
-1.065342426300048828e+01
6.331675720214843750e+01
4.356719970703125000e+00
-2.686620521545410156e+01
-2.586367988586425781e+01
5.291622161865234375e+00
-4.326718807220458984e+00
4.574498367309570312e+01
8.482351303100585938e+00
-1.068981051445007324e+00
-3.685590922832489014e-01
2.641642689704895020e-01
9.385727345943450928e-02
2.468192815780639648e+00
-2.706049978733062744e-01
6.351629644632339478e-02
-3.807604551315307617e+00
2.239730507135391235e-01
-3.905937671661376953e-01
1.672249436378479004e+00
-1.562146067619323730e+00
3.392652130126953125e+01
1.204469451904296875e+02
-4.305210494995117188e+01
-2.914729499816894531e+01
-2.893983602523803711e+00
1.019511795043945312e+01
3.951045227050781250e+01
1.578951263427734375e+02
-4.875114440917968750e+01
-4.014596176147460938e+01
-8.687978744506835938e+00
-1.952675580978393555e+00
3.457942199707031250e+01
-8.849599456787109375e+01
1.873445587158203125e+02
-4.655755233764648438e+01
-2.395051574707031250e+01
-1.040123176574707031e+01
2.601767730712890625e+01
-1.602535858154296875e+02
1.075898132324218750e+02
-3.199196624755859375e+01
-2.066201591491699219e+01
-7.768024206161499023e-01
-1.196459350585937500e+02
1.153970146179199219e+01
-2.075303649902343750e+01
-2.262645006179809570e+00
-6.372423171997070312e+00
3.708478689193725586e+00
-5.796310424804687500e+01
-2.343704795837402344e+01
-1.515217065811157227e+00
-3.197151947021484375e+01
-7.522831439971923828e+00
1.274018859863281250e+01
-3.135156631469726562e+01
-3.071578598022460938e+01
1.450936794281005859e+01
-7.156484222412109375e+01
-1.141505146026611328e+01
1.038626003265380859e+01
-3.771221923828125000e+01
-2.435858726501464844e+01
-1.225761489868164062e+02
-7.245084852911531925e-04
3.380220413208007812e+01
5.224233627319335938e+00
-3.872194671630859375e+01
-2.853129196166992188e+01
-7.283189392089843750e+01
1.927017974853515625e+01
3.509872055053710938e+01
4.775723934173583984e+00
-4.086182022094726562e+01
-5.269801330566406250e+01
-1.241089630126953125e+01
2.602223777770996094e+01
3.032406997680664062e+01
3.789798498153686523e+00
-3.972781753540039062e+01
-1.008919448852539062e+02
1.177129030227661133e+00
2.355193901062011719e+01
2.044545364379882812e+01
-2.899533510208129883e+00
-4.244286346435546875e+01
-1.017074203491210938e+02
1.706196665763854980e+00
2.298614883422851562e+01
1.986014556884765625e+01
-3.569379568099975586e+00
2.001744508743286133e+00
-2.190803140401840210e-01
6.715774536132812500e-01
-5.630238726735115051e-02
-7.067849040031433105e-01
1.956497877836227417e-02
1.117709636688232422e+01
4.745855331420898438e+01
-1.439019012451171875e+01
-3.041833496093750000e+01
-7.144845962524414062e+00
4.962207794189453125e+00
1.596188545227050781e+01
6.349592971801757812e+01
-1.960706830024719238e+00
-4.539944839477539062e+01
-1.441870784759521484e+01
-9.559063911437988281e+00
1.228401374816894531e+01
-6.571443939208984375e+01
4.002666854858398438e+01
-2.695726013183593750e+01
-1.848552513122558594e+01
-1.074028968811035156e+01
-1.691057891845703125e+02
-2.960375070571899414e+00
-1.117627620697021484e+01
-2.412768554687500000e+01
5.730808258056640625e+00
-8.957492828369140625e+00
-1.033595428466796875e+02
-3.369147491455078125e+01
5.839553833007812500e+00
-5.629913711547851562e+01
1.037860751152038574e+00
1.593677902221679688e+01
-4.511702346801757812e+01
-3.881000900268554688e+01
-3.584388351440429688e+01
-4.825942611694335938e+01
-9.940503120422363281e+00
1.277622890472412109e+01
-3.090788650512695312e+01
-3.892161941528320312e+01
-1.377621307373046875e+02
5.058281898498535156e+00
-5.988429546356201172e+00
7.246197223663330078e+00
-4.192262649536132812e+01
-3.704938507080078125e+01
-1.574771270751953125e+02
2.779063796997070312e+01
-5.373123168945312500e+00
4.950173377990722656e+00
-8.558013916015625000e+01
-5.091560745239257812e+01
-4.707341766357421875e+01
4.861851501464843750e+01
-6.867862224578857422e+00
6.066955089569091797e+00
-1.680326080322265625e+02
-7.900933074951171875e+01
-1.014760780334472656e+01
6.366435623168945312e+01
-5.459669589996337891e+00
2.828827619552612305e+00
-4.143282699584960938e+01
-5.294873046875000000e+01
-1.258588123321533203e+01
2.524184417724609375e+01
3.058634567260742188e+01
3.746203422546386719e+00
-2.736646652221679688e+01
-2.592586135864257812e+01
4.723754882812500000e+00
-4.218247413635253906e+00
4.501835632324218750e+01
7.635547161102294922e+00
-2.593921422958374023e+00
-1.010006219148635864e-01
-6.484089493751525879e-01
1.874191164970397949e-01
-3.098117113113403320e-01
-1.370757259428501129e-02
1.205507755279541016e+01
6.401659965515136719e+00
4.541428565979003906e+00
-2.094001007080078125e+01
-2.105528259277343750e+01
3.142711877822875977e+00
-1.241587066650390625e+01
3.482585191726684570e+00
4.357094287872314453e+00
-1.665843009948730469e+01
-1.992033767700195312e+01
-4.866557121276855469e+00
-6.564614868164062500e+01
-2.108027839660644531e+01
-4.098776817321777344e+00
-6.567608356475830078e+00
-2.615472602844238281e+01
-4.272105216979980469e+00
-1.550200195312500000e+02
-3.588064193725585938e+01
9.995982170104980469e+00
-5.671678924560546875e+01
5.006798744201660156e+00
1.528220367431640625e+01
-9.127873992919921875e+01
-3.729387283325195312e+01
-3.892465209960937500e+01
-6.337297058105468750e+01
-1.030734252929687500e+01
1.889695930480957031e+01
-4.584895706176757812e+01
-4.200236129760742188e+01
-1.116207122802734375e+02
-1.416617965698242188e+01
-1.006555843353271484e+01
1.561708354949951172e+01
-8.803900146484375000e+01
-3.464868927001953125e+01
-1.367285308837890625e+02
4.047134876251220703e+00
-1.094478034973144531e+01
1.018508052825927734e+01
-2.651162414550781250e+02
-3.677866744995117188e+01
-1.315076751708984375e+02
2.290771293640136719e+01
-1.104231262207031250e+01
7.254855632781982422e+00
-8.860214233398437500e+01
-5.066330337524414062e+01
-4.685328674316406250e+01
4.740532684326171875e+01
-6.620575428009033203e+00
6.002901554107666016e+00
-3.919838333129882812e+01
-2.888022804260253906e+01
-7.198154449462890625e+01
1.910051536560058594e+01
3.519231033325195312e+01
4.631302356719970703e+00
-3.556731796264648438e+01
-1.536514472961425781e+01
-1.184849643707275391e+01
-1.033753204345703125e+01
6.253293991088867188e+01
3.804958581924438477e+00
-3.996987152099609375e+01
-3.382670164108276367e+00
-1.107992291450500488e+00
-1.779769301414489746e+00
4.414431762695312500e+01
1.649628758430480957e+00
-9.176301956176757812e+00
-1.797127723693847656e-01
-1.512191537767648697e-02
6.083219647407531738e-01
-6.342829465866088867e-01
1.430040448904037476e-01
-8.994143486022949219e+00
2.997366905212402344e+01
-1.378125858306884766e+01
-6.359300136566162109e+00
-1.424382495880126953e+01
4.304061889648437500e+00
-2.202056312561035156e+01
-4.095943450927734375e+01
1.764766120910644531e+01
-2.002132236957550049e-01
-2.275802040100097656e+01
-1.202997565269470215e+00
-6.327456283569335938e+01
-3.789644241333007812e+01
3.216279602050781250e+01
-1.601349639892578125e+01
-5.005406951904296875e+01
-2.410980224609375000e+00
-1.675378723144531250e+02
-4.289520263671875000e+01
2.400182634592056274e-01
-6.400168609619140625e+01
-7.791229248046875000e+00
1.458782482147216797e+01
-9.909835052490234375e+01
-9.573291015625000000e+01
-1.061335678100585938e+02
-2.331514358520507812e+01
-7.981390476226806641e+00
3.497512054443359375e+01
-2.601617126464843750e+02
-4.173787307739257812e+01
-1.236016006469726562e+02
-9.269388198852539062e+00
-1.141145801544189453e+01
2.488517951965332031e+01
-9.040278625488281250e+01
-3.369076538085937500e+01
-1.364030303955078125e+02
3.214375734329223633e+00
-1.050759029388427734e+01
1.036697292327880859e+01
-4.409001541137695312e+01
-3.705449295043945312e+01
-1.527386627197265625e+02
2.546170043945312500e+01
-4.868448734283447266e+00
4.942516803741455078e+00
-3.492172622680664062e+01
-2.112388992309570312e+01
-2.249419860839843750e+02
3.779088258743286133e+00
3.357704925537109375e+01
-4.342339634895324707e-01
-4.455987167358398438e+01
-1.371644401550292969e+01
-8.059289550781250000e+01
-3.747182369232177734e+00
6.341222000122070312e+01
1.513446092605590820e+00
-4.716182327270507812e+01
-3.106289148330688477e+00
-1.848696708679199219e+01
-4.510610923171043396e-02
4.681254577636718750e+01
3.449646472930908203e+00
-3.349937200546264648e+00
-2.597611248493194580e-01
4.138949327170848846e-03
1.712960563600063324e-02
-4.749695956707000732e-01
-4.859602451324462891e-01
4.237363052368164062e+01
-6.898200988769531250e+00
-8.914212882518768311e-02
-9.617400169372558594e+00
-2.944358253479003906e+01
6.111249923706054688e+00
-1.595486354827880859e+01
3.094476509094238281e+01
-5.557222747802734375e+01
-4.141457080841064453e+00
-1.947070121765136719e+01
2.572669267654418945e+00
-2.441405296325683594e+01
-5.785759353637695312e+01
2.699833488464355469e+01
-4.639137744903564453e+00
-4.482572555541992188e+01
3.005591630935668945e+00
-5.126675415039062500e+01
-4.797582244873046875e+01
9.683904647827148438e+00
-1.099521541595458984e+01
-6.263941955566406250e+01
4.714951992034912109e+00
-1.020888214111328125e+02
-9.770759582519531250e+01
-1.035325851440429688e+02
-1.994755935668945312e+01
-1.036728668212890625e+01
3.347802352905273438e+01
-3.821187744140625000e+02
-3.706009521484375000e+02
-1.382447814941406250e+02
-1.088537120819091797e+01
-1.100320243835449219e+01
3.998805236816406250e+01
-1.213849105834960938e+02
-1.048108215332031250e+02
-1.161222381591796875e+02
-8.736774444580078125e+00
-1.085208892822265625e+01
1.639728546142578125e+01
-3.609945678710937500e+01
-3.965153884887695312e+01
-1.458100433349609375e+02
5.523994922637939453e+00
-9.616532325744628906e+00
2.724679470062255859e+00
-4.363696289062500000e+01
-3.700717544555664062e+01
-1.568432312011718750e+02
2.652833175659179688e+01
-6.200480461120605469e+00
4.766990661621093750e+00
-3.983460617065429688e+01
-2.932923507690429688e+01
-7.296720123291015625e+01
1.855335235595703125e+01
3.391101837158203125e+01
4.687417984008789062e+00
-3.503110885620117188e+01
-1.513854598999023438e+01
-1.204509067535400391e+01
-1.088323974609375000e+01
6.359143447875976562e+01
3.624989986419677734e+00
-3.830373764038085938e+01
-3.714488506317138672e+00
-9.533690810203552246e-01
-2.108994960784912109e+00
4.608035278320312500e+01
1.651590585708618164e+00
-1.492688894271850586e+00
-1.101282238960266113e+00
-6.958396732807159424e-02
-3.445517122745513916e-01
2.188371658325195312e+00
1.142200455069541931e-02
-1.024081325531005859e+01
3.076846122741699219e+01
-1.500894165039062500e+01
-6.718750953674316406e+00
-1.401159095764160156e+01
4.479463577270507812e+00
-2.254900741577148438e+01
-4.196140289306640625e+01
1.962596893310546875e+01
-5.076902508735656738e-01
-2.200724220275878906e+01
-1.432487010955810547e+00
-6.156901168823242188e+01
-3.674870681762695312e+01
3.011794090270996094e+01
-1.525279808044433594e+01
-4.958183288574218750e+01
-2.732904434204101562e+00
-1.703333282470703125e+02
-4.016840744018554688e+01
-2.576564550399780273e-01
-6.155698394775390625e+01
-8.329435348510742188e+00
1.494089508056640625e+01
-1.000933609008789062e+02
-9.719650268554687500e+01
-1.038804016113281250e+02
-2.093768310546875000e+01
-1.061063003540039062e+01
3.375729370117187500e+01
-2.506132049560546875e+02
-4.044601058959960938e+01
-1.195344009399414062e+02
-8.445971488952636719e+00
-1.176047992706298828e+01
2.497632598876953125e+01
-9.151390075683593750e+01
-3.420692443847656250e+01
-1.319043731689453125e+02
3.496600866317749023e+00
-1.138265609741210938e+01
1.002970027923583984e+01
-1.097290039062500000e+02
-3.176916694641113281e+01
-8.892333221435546875e+01
1.619856643676757812e+01
-1.013921642303466797e+01
1.302662849426269531e+01
-5.200637054443359375e+01
-3.772893524169921875e+01
-1.722521018981933594e+01
4.159373760223388672e+00
-4.243789196014404297e+00
1.093918514251708984e+01
-3.605292129516601562e+01
-4.254038238525390625e+01
2.078343200683593750e+01
-4.772083282470703125e+00
2.032217788696289062e+01
9.773757934570312500e+00
-2.093800354003906250e+01
-3.341992568969726562e+01
9.687846183776855469e+00
2.268269729614257812e+01
1.434270000457763672e+01
6.850390911102294922e+00
-1.422534751892089844e+01
-7.719956874847412109e+00
-4.352735996246337891e+00
2.042418670654296875e+01
2.076948356628417969e+01
-2.945423364639282227e+00
1.408092141151428223e+00
-2.520572185516357422e+00
-1.160259693861007690e-01
5.451544746756553650e-02
1.960374593734741211e+00
-2.191194772720336914e+00
-2.502195739746093750e+01
1.884095001220703125e+01
-1.352630138397216797e+01
8.006036758422851562e+00
-1.400414586067199707e+00
-1.819649887084960938e+01
-7.870372772216796875e+01
-2.717871856689453125e+01
3.011685562133789062e+01
1.089813327789306641e+01
7.566163688898086548e-02
-3.661732864379882812e+01
-6.055200576782226562e+01
-3.698866653442382812e+01
2.999118041992187500e+01
-1.395869064331054688e+01
-4.823580551147460938e+01
-2.628585338592529297e+00
-5.002940750122070312e+01
-4.766088485717773438e+01
1.027519607543945312e+01
-1.149742889404296875e+01
-6.251424026489257812e+01
4.896276950836181641e+00
-8.456876373291015625e+01
-3.740991973876953125e+01
-3.898199844360351562e+01
-6.197644805908203125e+01
-1.138887119293212891e+01
1.822743225097656250e+01
-2.069096527099609375e+02
-3.187167930603027344e+01
-6.733954620361328125e+01
-3.575868988037109375e+01
-1.207902812957763672e+01
1.975658226013183594e+01
-2.389901733398437500e+02
-2.388353919982910156e+01
-6.566818952560424805e-01
-5.083777236938476562e+01
8.325644493103027344e+00
2.516366767883300781e+01
-1.194662780761718750e+02
-2.945854949951171875e+01
6.823609471321105957e-01
-1.172778129577636719e+01
7.170138359069824219e+00
1.939772033691406250e+01
-5.410439300537109375e+01
-5.428172302246093750e+01
3.240879058837890625e+01
1.764942932128906250e+01
-7.828879833221435547e+00
1.642279052734375000e+01
-2.987738037109375000e+01
-8.555535888671875000e+01
4.110528945922851562e+01
3.809991073608398438e+01
2.518929481506347656e+00
1.507524681091308594e+01
-1.601753616333007812e+01
-7.163559722900390625e+01
9.579435348510742188e+00
4.398971939086914062e+01
1.406395339965820312e+01
9.631319999694824219e+00
-6.802710056304931641e+00
2.098388290405273438e+01
-3.267511367797851562e+01
2.493428993225097656e+01
2.103328323364257812e+01
5.171222090721130371e-01
-2.188165664672851562e+00
-9.381904602050781250e-01
-7.448830455541610718e-02
7.256590723991394043e-01
6.648947000503540039e-01
-5.204460024833679199e-01
-2.454984283447265625e+01
1.982592010498046875e+01
-1.374493217468261719e+01
8.531017303466796875e+00
-1.285892128944396973e+00
-1.899177742004394531e+01
-2.124192047119140625e+01
-4.269391632080078125e+01
2.218020629882812500e+01
-3.265792429447174072e-01
-2.110541343688964844e+01
-1.592797875404357910e+00
-2.351131057739257812e+01
-5.726199340820312500e+01
3.133577537536621094e+01
-5.458056449890136719e+00
-4.353867340087890625e+01
3.030454874038696289e+00
-3.675943756103515625e+01
-4.895789337158203125e+01
1.410217285156250000e+01
-2.324645042419433594e+01
-4.262537765502929688e+01
6.124281406402587891e+00
-9.684983825683593750e+01
-3.364688873291015625e+01
6.460552215576171875e+00
-5.636962127685546875e+01
-2.297266125679016113e-01
1.552353000640869141e+01
-1.157347412109375000e+02
1.078684806823730469e+01
-2.067873954772949219e+01
-4.375223636627197266e+00
-5.780021190643310547e+00
2.558246135711669922e+00
-1.966332244873046875e+02
2.089267349243164062e+01
-3.114004325866699219e+01
1.447453880310058594e+01
1.049122238159179688e+01
5.560131549835205078e+00
-1.102602005004882812e+02
9.769798278808593750e+00
-2.605844497680664062e+01
3.400640487670898438e+01
-7.847248315811157227e-01
1.281402873992919922e+01
-5.845399856567382812e+01
-8.135087585449218750e+01
2.137843513488769531e+01
3.853302764892578125e+01
1.293749332427978516e+01
1.747018241882324219e+01
-3.530270004272460938e+01
7.780487823486328125e+01
-1.820747680664062500e+02
4.590064620971679688e+01
2.345637512207031250e+01
1.137733173370361328e+01
-1.593068218231201172e+01
8.236416625976562500e+01
-1.330038757324218750e+02
4.377238464355468750e+01
2.353538894653320312e+01
1.765196681022644043e+00
-7.439678668975830078e+00
2.184739494323730469e+01
-3.292596817016601562e+01
2.488133239746093750e+01
1.980272102355957031e+01
4.027352035045623779e-01
-2.869347572326660156e+00
3.020654022693634033e-01
4.704323709011077881e-01
5.894154310226440430e-01
1.800846099853515625e+00
-2.324282884597778320e+00
-9.525790214538574219e+00
3.376943588256835938e+01
-1.398190498352050781e+01
-5.860108852386474609e+00
-1.389955043792724609e+01
3.894453763961791992e+00
-1.589592170715332031e+01
3.350878143310546875e+01
-5.224547958374023438e+01
-4.172012805938720703e+00
-1.937892532348632812e+01
2.208512783050537109e+00
-2.422230339050292969e+01
1.025808429718017578e+01
-3.063308525085449219e+01
-5.543578624725341797e+00
-2.360245513916015625e+01
-6.173605918884277344e-01
-4.322129821777343750e+01
-4.745265007019042969e+00
-1.292415428161621094e+01
-1.186891174316406250e+01
-2.040085220336914062e+01
-2.649791955947875977e+00
2.759273338317871094e+01
-5.617668914794921875e+01
8.031525421142578125e+01
-3.195916748046875000e+01
-1.356244373321533203e+01
-9.900206565856933594e+00
4.362984085083007812e+01
-9.050793457031250000e+01
1.423546504974365234e+01
-1.888288259506225586e+00
-1.217728233337402344e+01
-8.329796791076660156e+00
-1.816188812255859375e+02
6.307687759399414062e+01
-3.846762466430664062e+01
3.351781463623046875e+01
3.815824270248413086e+00
-6.210795402526855469e+00
-1.146252136230468750e+02
1.095218200683593750e+02
-8.733269500732421875e+01
5.787336349487304688e+01
1.630328941345214844e+01
2.421863079071044922e+00
-6.634198760986328125e+01
1.514076690673828125e+02
-1.763775939941406250e+02
5.373803329467773438e+01
2.691005897521972656e+01
2.374577760696411133e+00
-3.493845367431640625e+01
7.610400390625000000e+01
-1.867022705078125000e+02
4.526446533203125000e+01
2.391585159301757812e+01
1.158677387237548828e+01
-1.655761718750000000e+01
-7.133357238769531250e+01
8.415461540222167969e+00
4.316525268554687500e+01
1.381488800048828125e+01
1.006130218505859375e+01
-1.552767658233642578e+01
-5.872585773468017578e+00
-4.668323040008544922e+00
1.999581336975097656e+01
2.063488006591796875e+01
-2.671322107315063477e+00
-5.949661731719970703e-01
-2.109265923500061035e-01
2.745095193386077881e-01
2.080127596855163574e-01
9.042099714279174805e-01
7.425682246685028076e-02
4.629602050781250000e+01
-6.559683322906494141e+00
-4.745320677757263184e-01
-1.037220573425292969e+01
-2.848092079162597656e+01
3.902920961380004883e+00
2.244843101501464844e+01
-6.862084388732910156e+00
4.534170627593994141e+00
-2.752505874633789062e+01
-1.885982131958007812e+01
-3.157004594802856445e+00
1.456737041473388672e+01
-2.015495109558105469e+01
2.850814819335937500e+01
-3.912434005737304688e+01
-1.232625198364257812e+01
-6.433551788330078125e+00
3.077219772338867188e+01
8.448566436767578125e+01
-3.820321273803710938e+01
-3.941714477539062500e+01
-2.181860685348510742e+00
-1.412371253967285156e+01
5.958274459838867188e+01
8.101902008056640625e+01
-1.573024845123291016e+01
-3.819125747680664062e+01
-1.306219291687011719e+01
-1.685725212097167969e+01
1.180830993652343750e+02
-1.038540267944335938e+02
8.701051330566406250e+01
-5.682793807983398438e+01
-1.696498298645019531e+01
-2.218669891357421875e+00
-7.053260040283203125e+01
7.670899200439453125e+01
1.490392088890075684e+00
1.071540236473083496e+00
-2.932922363281250000e+00
3.056400060653686523e+00
-1.154337615966796875e+02
1.027570953369140625e+02
-8.784961700439453125e+01
5.789536285400390625e+01
1.623518180847167969e+01
2.669708251953125000e+00
-5.831667709350585938e+01
-8.048268890380859375e+01
1.704836654663085938e+01
3.861503601074218750e+01
1.298679828643798828e+01
1.815333366394042969e+01
-3.038491249084472656e+01
-8.666592407226562500e+01
4.016688537597656250e+01
3.835111999511718750e+01
2.084547042846679688e+00
1.441243362426757812e+01
-2.042703437805175781e+01
-3.377483367919921875e+01
9.942250251770019531e+00
2.347390556335449219e+01
1.467477130889892578e+01
6.890972137451171875e+00
-3.925776672363281250e+01
-3.207115888595581055e+00
-6.365979313850402832e-01
-1.620506048202514648e+00
4.626918029785156250e+01
2.361298799514770508e+00
-9.659658670425415039e-01
-1.058549731969833374e-01
1.693268679082393646e-02
5.194078683853149414e-01
-8.926809765398502350e-03
1.516132801771163940e-01
3.569548416137695312e+01
3.334389448165893555e+00
1.104262351989746094e+00
2.085888624191284180e+00
-4.596553421020507812e+01
-1.952981472015380859e+00
2.017792510986328125e+01
3.289779281616210938e+01
-9.707740783691406250e+00
-2.316633224487304688e+01
-1.411780261993408203e+01
-6.699718952178955078e+00
4.169497299194335938e+01
9.030323028564453125e+01
-4.050785446166992188e+01
-7.225342273712158203e+00
-1.191691303253173828e+01
-8.374222755432128906e+00
9.203935241699218750e+01
1.032347183227539062e+02
-5.469648742675781250e+01
-2.254531860351562500e+01
1.884084939956665039e+00
-1.251967048645019531e+01
1.867176666259765625e+02
9.163066864013671875e+01
-5.149827194213867188e+01
-5.372603988647460938e+01
-4.067827761173248291e-01
-8.799609541893005371e-01
1.145312271118164062e+02
-1.070701980590820312e+02
8.638056945800781250e+01
-5.691468429565429688e+01
-1.686020851135253906e+01
-1.828456521034240723e+00
-1.919206695556640625e+02
6.178821945190429688e+01
-3.857388305664062500e+01
3.441859436035156250e+01
-1.873615086078643799e-01
-3.905118465423583984e+00
-1.141809616088867188e+02
9.805196762084960938e+00
-2.671384048461914062e+01
3.392258453369140625e+01
-1.316181778907775879e+00
1.338480091094970703e+01
-5.326574325561523438e+01
-5.435093688964843750e+01
3.242670059204101562e+01
1.760055732727050781e+01
-7.464317798614501953e+00
1.663079643249511719e+01
-3.580506515502929688e+01
-4.230187606811523438e+01
2.117541503906250000e+01
-1.015599155426025391e+01
3.174464797973632812e+01
9.970079421997070312e+00
-3.457053375244140625e+01
-1.516607666015625000e+01
-1.142392921447753906e+01
-1.089839839935302734e+01
6.465045166015625000e+01
4.210365295410156250e+00
-4.756095123291015625e+01
-3.582734584808349609e+00
-1.811986351013183594e+01
5.638647675514221191e-01
4.687538146972656250e+01
3.435377836227416992e+00
1.193596959114074707e+00
2.002264112234115601e-01
5.260709524154663086e-01
2.264008969068527222e-01
1.548363715410232544e-01
3.628160655498504639e-01
2.500809478759765625e+01
2.717718696594238281e+01
-4.438151359558105469e+00
4.814820766448974609e+00
-4.648263549804687500e+01
-7.470361232757568359e+00
4.167655181884765625e+01
9.878052520751953125e+01
-1.287063002586364746e+00
-2.328191375732421875e+01
-2.091080474853515625e+01
3.351741552352905273e+00
1.335157318115234375e+02
9.358794403076171875e+01
-5.748357391357421875e+01
-7.601000785827636719e+00
-3.338696002960205078e+00
-1.047010421752929688e+00
8.957176208496093750e+01
1.039289779663085938e+02
-5.595146179199218750e+01
-2.332974815368652344e+01
1.441515922546386719e+00
-1.321314048767089844e+01
5.844207382202148438e+01
7.162177276611328125e+01
-8.161602973937988281e+00
-3.840547943115234375e+01
-1.353973102569580078e+01
-1.752970695495605469e+01
4.353075027465820312e+01
-1.019144363403320312e+02
1.486041164398193359e+01
-1.677620887756347656e+00
-1.241849327087402344e+01
-8.512537956237792969e+00
-2.114766082763671875e+02
2.044526100158691406e+01
-2.994494628906250000e+01
1.512013530731201172e+01
1.039317893981933594e+01
6.322686672210693359e+00
-1.205819091796875000e+02
-2.984808349609375000e+01
1.296632766723632812e+00
-1.193177509307861328e+01
6.980161190032958984e+00
2.016223716735839844e+01
-5.177438735961914062e+01
-3.780540847778320312e+01
-1.626749801635742188e+01
4.124563694000244141e+00
-3.929366588592529297e+00
1.108113861083984375e+01
-3.888851165771484375e+01
-2.896659088134765625e+01
-6.999918365478515625e+01
1.978709030151367188e+01
3.548295974731445312e+01
4.987337589263916016e+00
-4.401407241821289062e+01
-1.326894664764404297e+01
-7.761023712158203125e+01
-2.991907835006713867e+00
6.344696044921875000e+01
1.838254928588867188e+00
-4.803954315185546875e+01
-1.112838745117187500e+01
-1.654158973693847656e+01
6.653658151626586914e-01
3.970625686645507812e+01
-2.972934208810329437e-02
-4.828244149684906006e-01
1.462287157773971558e-01
7.072648406028747559e-01
9.662247449159622192e-02
5.798482894897460938e-01
4.552817344665527344e-01
1.499097794294357300e-01
1.359936952590942383e+00
2.247198224067687988e-01
-8.075443096458911896e-03
-4.423549026250839233e-02
-8.903372883796691895e-01
3.878353881835937500e+01
1.015081939697265625e+02
-1.036834001541137695e+00
-2.333156967163085938e+01
-2.070201873779296875e+01
2.554950237274169922e+00
4.066489028930664062e+01
9.004181671142578125e+01
-4.256639099121093750e+01
-2.371851158142089844e+01
-2.071987867355346680e+00
-8.871391296386718750e+00
2.920058822631835938e+01
8.659583282470703125e+01
-3.895267486572265625e+01
-3.882246017456054688e+01
-2.645015478134155273e+00
-1.515476417541503906e+01
2.628147888183593750e+01
-6.034297943115234375e+01
7.829441833496093750e+01
-3.287559890747070312e+01
-1.318848705291748047e+01
-1.038154602050781250e+01
-1.221822128295898438e+02
1.150171852111816406e+01
-2.079067611694335938e+01
-2.249989032745361328e+00
-7.222846984863281250e+00
3.459358453750610352e+00
-2.556167602539062500e+02
-2.557945632934570312e+01
-1.267165780067443848e+00
-4.935666656494140625e+01
8.184001922607421875e+00
2.513624382019042969e+01
-1.105779266357421875e+02
-3.203012847900390625e+01
-8.830637359619140625e+01
1.693635368347167969e+01
-1.015899753570556641e+01
1.264967346191406250e+01
-4.265728378295898438e+01
-3.689834594726562500e+01
-1.518114624023437500e+02
2.762139701843261719e+01
-5.328424930572509766e+00
5.039599418640136719e+00
-3.531942367553710938e+01
-2.019069480895996094e+01
-2.274934844970703125e+02
-3.614879608154296875e+00
4.367241668701171875e+01
-3.612322509288787842e-01
-3.984548950195312500e+01
-3.193989372253417969e+01
-5.144474029541015625e+01
2.166729927062988281e+01
2.849770355224609375e+01
2.992233037948608398e-01
-5.128920745849609375e+01
-8.325817108154296875e+01
-6.320637702941894531e+00
2.342567825317382812e+01
1.529357814788818359e+01
1.232659816741943359e-01
-5.541824722290039062e+01
-8.073583221435546875e+01
-6.080526828765869141e+00
2.315997695922851562e+01
1.451575660705566406e+01
1.039206460118293762e-01
1.687432527542114258e+00
-1.347034126520156860e-01
3.718188405036926270e-01
-5.745671689510345459e-02
-9.051688313484191895e-01
4.091843068599700928e-01
2.495232009887695312e+01
2.682637786865234375e+01
-5.289929389953613281e+00
4.748633861541748047e+00
-4.682409667968750000e+01
-7.561691761016845703e+00
2.042834663391113281e+01
3.386145401000976562e+01
-9.365792274475097656e+00
-2.441266632080078125e+01
-1.368259525299072266e+01
-7.156698703765869141e+00
1.464996910095214844e+01
-2.130545425415039062e+01
2.935360145568847656e+01
-3.939225769042968750e+01
-1.213459491729736328e+01
-6.662805557250976562e+00
-4.376661300659179688e+01
-4.663581848144531250e+00
-1.390956306457519531e+01
-1.073612022399902344e+01
-2.105749893188476562e+01
-1.906014800071716309e+00
-1.005861663818359375e+02
-3.421264648437500000e+01
5.562637805938720703e+00
-5.615474700927734375e+01
-2.081445604562759399e-01
1.549013328552246094e+01
-2.175684509277343750e+02
-3.164840698242187500e+01
-6.715200042724609375e+01
-3.694759750366210938e+01
-1.192717361450195312e+01
2.048826599121093750e+01
-9.117694854736328125e+01
-3.438851547241210938e+01
-1.325495758056640625e+02
4.157177448272705078e+00
-1.084130573272705078e+01
1.024885368347167969e+01
-3.597785568237304688e+01
-3.966503143310546875e+01
-1.462297210693359375e+02
5.753315448760986328e+00
-9.471970558166503906e+00
3.087941884994506836e+00
-8.251987457275390625e+01
-3.829887008666992188e+01
-1.559537963867187500e+02
2.091074371337890625e+01
-7.130009651184082031e+00
-6.828757375478744507e-02
-2.630863342285156250e+02
-6.059943389892578125e+01
-2.917724990844726562e+01
5.033245849609375000e+01
-5.255564689636230469e+00
-1.567252278327941895e+00
-4.069142532348632812e+01
-3.171829223632812500e+01
-5.157215881347656250e+01
2.178936958312988281e+01
2.776403617858886719e+01
-2.443939214572310448e-03
-4.773510360717773438e+01
-1.074963283538818359e+01
-1.639619827270507812e+01
3.265452757477760315e-02
3.993269348144531250e+01
-3.002196848392486572e-01
-5.850872397422790527e-01
1.877934336662292480e-01
-1.037162914872169495e-01
1.702682673931121826e-02
-7.156786322593688965e-01
-4.346231222152709961e-01
3.460011672973632812e+01
3.467733621597290039e+00
7.055943608283996582e-01
1.983865261077880859e+00
-4.684381484985351562e+01
-2.573773384094238281e+00
2.131030082702636719e+01
-7.337413311004638672e+00
4.188050746917724609e+00
-2.877164649963378906e+01
-1.814024162292480469e+01
-3.947347402572631836e+00
-2.433790969848632812e+01
9.545264244079589844e+00
-3.255227279663085938e+01
-5.431829929351806641e+00
-2.385142898559570312e+01
-1.019990324974060059e+00
-3.856748199462890625e+01
-4.876292037963867188e+01
1.225868701934814453e+01
-2.353811645507812500e+01
-4.297434616088867188e+01
5.839696884155273438e+00
-8.834986877441406250e+01
-3.719411087036132812e+01
-3.775868225097656250e+01
-6.262194061279296875e+01
-1.071453666687011719e+01
1.873193740844726562e+01
-2.596286315917968750e+02
-4.140242385864257812e+01
-1.202010498046875000e+02
-8.409759521484375000e+00
-1.158802700042724609e+01
2.482497787475585938e+01
-1.196452789306640625e+02
-1.036637496948242188e+02
-1.180099792480468750e+02
-8.449109077453613281e+00
-1.042706012725830078e+01
1.613607597351074219e+01
-4.325409851074218750e+02
-3.906882476806640625e+01
-1.137408523559570312e+02
-3.764384984970092773e+00
-9.398121833801269531e+00
5.412602424621582031e+00
-8.255676269531250000e+01
-3.796054077148437500e+01
-1.528203887939453125e+02
2.118810653686523438e+01
-6.875394821166992188e+00
-1.872056908905506134e-02
-5.514717864990234375e+01
-2.852654647827148438e+01
-2.102114105224609375e+02
1.260397672653198242e+00
2.570211219787597656e+01
-3.150364160537719727e+00
-7.803713989257812500e+01
-4.236079216003417969e+00
-4.763420867919921875e+01
-4.134011745452880859e+00
3.374112701416015625e+01
-1.981777429580688477e+00
3.645004272460937500e+00
1.115692183375358582e-01
2.170071601867675781e-01
-3.872428834438323975e-01
-3.035833360627293587e-03
-1.332409381866455078e-01
4.591626358032226562e+01
3.171224355697631836e+00
1.919976806640625000e+01
-3.806033432483673096e-01
-4.712844467163085938e+01
-4.008492469787597656e+00
3.917623519897460938e+01
-2.969241619110107422e+00
2.137425422668457031e+00
2.067493677139282227e+00
-4.609225463867187500e+01
-9.168460845947265625e+00
-1.467701911926269531e+01
1.931439971923828125e+01
6.488639116287231445e-01
-4.327677917480468750e+01
-1.118318557739257812e+01
-8.119422912597656250e+00
-2.422986030578613281e+01
-2.929659461975097656e+01
-1.181895256042480469e+01
-6.810904741287231445e-01
-3.015931892395019531e+01
4.695618152618408203e+00
-3.547062301635742188e+01
-4.715643310546875000e+01
-3.168965816497802734e+00
-5.426229095458984375e+01
-3.065104675292968750e+01
1.215742778778076172e+01
-4.621736526489257812e+01
-4.030189132690429688e+01
-1.085469665527343750e+02
-1.336212253570556641e+01
-1.079200267791748047e+01
1.506418514251708984e+01
-1.219243545532226562e+02
-1.096536712646484375e+02
-1.161606216430664062e+02
-8.710856437683105469e+00
-1.087678909301757812e+01
1.606311988830566406e+01
-7.064776000976562500e+02
-7.329839477539062500e+02
-9.804531860351562500e+01
-1.018081951141357422e+01
-1.000862884521484375e+01
1.315596199035644531e+01
-1.110369415283203125e+02
-9.050907897949218750e+01
-1.037464904785156250e+02
-3.892072200775146484e+00
-8.327266693115234375e+00
5.620029449462890625e+00
-8.430567169189453125e+01
-3.752566909790039062e+01
-1.471180419921875000e+02
2.490830421447753906e+01
-7.483644008636474609e+00
-5.765882730484008789e-01
-4.018818664550781250e+01
-3.233909225463867188e+01
-4.994478988647460938e+01
2.173369026184082031e+01
2.714931869506835938e+01
-3.188949078321456909e-02
-4.894969558715820312e+01
-1.110318374633789062e+01
-1.720670700073242188e+01
2.220961004495620728e-01
4.119340133666992188e+01
-6.633143126964569092e-02
3.601659059524536133e+00
1.556257456541061401e-01
2.835660576820373535e-01
-5.148957669734954834e-02
5.808870196342468262e-01
-3.221218585968017578e-01
3.584587097167968750e+01
2.646729469299316406e+00
9.336247444152832031e-01
1.935250163078308105e+00
-4.641070175170898438e+01
-2.216445684432983398e+00
2.328158950805664062e+01
-8.310406684875488281e+00
4.016036987304687500e+00
-2.804094314575195312e+01
-1.822114372253417969e+01
-3.750333786010742188e+00
-2.479461479187011719e+01
1.018139743804931641e+01
-3.265457534790039062e+01
-5.026753902435302734e+00
-2.354273605346679688e+01
-1.341985106468200684e+00
-3.801526260375976562e+01
-4.714336013793945312e+01
1.183522796630859375e+01
-2.335808372497558594e+01
-4.159304809570312500e+01
6.212832927703857422e+00
-8.821556091308593750e+01
-3.605591964721679688e+01
-3.733969116210937500e+01
-6.177022171020507812e+01
-1.126394939422607422e+01
1.850140762329101562e+01
-2.744803771972656250e+02
-4.262114334106445312e+01
-1.196168823242187500e+02
-8.607825279235839844e+00
-1.184297466278076172e+01
2.483902931213378906e+01
-1.177914505004882812e+02
-1.026989517211914062e+02
-1.145397720336914062e+02
-8.262018203735351562e+00
-1.109487056732177734e+01
1.697854042053222656e+01
-4.216072692871093750e+02
-4.009294128417968750e+01
-1.107941894531250000e+02
-1.971721768379211426e+00
-1.012858104705810547e+01
5.943483829498291016e+00
-2.702042846679687500e+02
-3.754181289672851562e+01
-1.288240203857421875e+02
2.442355346679687500e+01
-1.129260444641113281e+01
7.416396617889404297e+00
-9.180683898925781250e+01
-5.114718627929687500e+01
-4.697601318359375000e+01
4.600175476074218750e+01
-7.478730201721191406e+00
6.434470653533935547e+00
-4.283712005615234375e+01
-5.351991653442382812e+01
-1.281350135803222656e+01
2.653529739379882812e+01
2.985973930358886719e+01
3.227119207382202148e+00
-2.542558288574218750e+01
-2.623025131225585938e+01
4.974220275878906250e+00
-4.631554126739501953e+00
4.691774368286132812e+01
7.302345752716064453e+00
2.341864824295043945e+00
1.417259424924850464e-01
3.164790198206901550e-02
7.050833106040954590e-02
5.641604065895080566e-01
-2.873340249061584473e-01
1.609147071838378906e+01
4.618844985961914062e+00
4.401519775390625000e+00
-2.056052970886230469e+01
-2.111003684997558594e+01
2.952207803726196289e+00
-1.141317939758300781e+01
2.131189107894897461e+00
3.042805194854736328e+00
-1.574720764160156250e+01
-1.977833366394042969e+01
-4.359193325042724609e+00
-6.772803497314453125e+01
-2.099160957336425781e+01
-3.417422294616699219e+00
-6.517989635467529297e+00
-2.625324440002441406e+01
-5.205682277679443359e+00
-1.575273284912109375e+02
-3.532766342163085938e+01
8.701269149780273438e+00
-5.656239700317382812e+01
3.765089511871337891e+00
1.578030586242675781e+01
-8.674658966064453125e+01
-3.721208572387695312e+01
-3.936254882812500000e+01
-6.150215911865234375e+01
-1.047646999359130859e+01
1.862727928161621094e+01
-4.588930511474609375e+01
-4.089821624755859375e+01
-1.106628799438476562e+02
-1.384390163421630859e+01
-1.012945652008056641e+01
1.597246646881103516e+01
-8.373454284667968750e+01
-3.420081710815429688e+01
-1.344072570800781250e+02
4.125215053558349609e+00
-1.142878341674804688e+01
1.054823780059814453e+01
-1.026044311523437500e+02
-3.144451141357421875e+01
-9.117017364501953125e+01
1.655923461914062500e+01
-1.069775962829589844e+01
1.270060729980468750e+01
-2.070423278808593750e+02
-4.050279235839843750e+01
-2.570354270935058594e+01
1.274894142150878906e+01
-9.019381523132324219e+00
1.452230262756347656e+01
-8.877337646484375000e+01
-6.801316833496093750e+01
3.052438163757324219e+01
5.774846076965332031e+00
-1.062827467918395996e+00
1.626171493530273438e+01
-4.188527297973632812e+01
-9.130480194091796875e+01
4.316485595703125000e+01
2.424524116516113281e+01
1.514895081520080566e+00
9.033435821533203125e+00
-1.113957691192626953e+01
-4.668005752563476562e+01
1.347410583496093750e+01
2.989248466491699219e+01
7.743124961853027344e+00
-4.699627876281738281e+00
-2.180942535400390625e+00
-2.684110999107360840e-01
-1.165142178535461426e+00
-5.965304374694824219e-01
-6.387861371040344238e-01
2.399403452873229980e-01
7.243079185485839844e+00
-2.516390800476074219e+01
3.255632400512695312e+01
-2.542384719848632812e+01
-2.127255058288574219e+01
4.719747900962829590e-01
-8.707894897460937500e+01
9.719383239746093750e+00
-2.029763221740722656e+00
-6.511886715888977051e-01
-9.014725685119628906e-01
-2.677680206298828125e+01
-6.472489929199218750e+01
-2.085731506347656250e+01
-4.406414031982421875e+00
-6.096062660217285156e+00
-2.560023689270019531e+01
-5.198447227478027344e+00
-3.760426712036132812e+01
-4.820889282226562500e+01
1.311963367462158203e+01
-2.238117218017578125e+01
-4.323963546752929688e+01
6.594538211822509766e+00
-3.429362869262695312e+01
-4.677454376220703125e+01
-3.648262023925781250e+00
-3.929021072387695312e+01
-4.954704284667968750e+01
1.187344074249267578e+01
-4.221613693237304688e+01
-3.980992507934570312e+01
-3.516117095947265625e+01
-4.707314300537109375e+01
-1.086005878448486328e+01
1.245125770568847656e+01
-5.372883987426757812e+01
-2.370643806457519531e+01
-1.031194567680358887e+00
-3.299383544921875000e+01
-8.213177680969238281e+00
1.186086273193359375e+01
-1.116096420288085938e+02
-2.828225708007812500e+01
8.810937404632568359e-01
-1.177914905548095703e+01
5.799669265747070312e+00
1.995642662048339844e+01
-1.881003112792968750e+02
-5.965110015869140625e+01
3.719855880737304688e+01
-3.359165191650390625e-01
8.282265663146972656e+00
2.579956054687500000e+01
-9.001309204101562500e+01
-1.032263870239257812e+02
5.782447433471679688e+01
2.341297340393066406e+01
-1.425043106079101562e+00
1.338949489593505859e+01
-3.983921432495117188e+01
-1.593335876464843750e+02
4.955467605590820312e+01
4.144329452514648438e+01
7.602795124053955078e+00
2.827842712402343750e+00
-5.786086559295654297e+00
-7.725088500976562500e+01
2.791136360168457031e+01
3.961805343627929688e+01
-1.238384246826171875e+00
3.516179323196411133e-01
-3.134488821029663086e+00
6.486417055130004883e-01
3.548494279384613037e-01
-2.920780777931213379e-01
-1.141477346420288086e+00
3.009731322526931763e-02
6.757380962371826172e+00
-2.353606796264648438e+01
3.286711883544921875e+01
-2.522710418701171875e+01
-2.100884819030761719e+01
3.471160307526588440e-02
-1.258676815032958984e+01
1.834563136100769043e+00
3.412860393524169922e+00
-1.560709857940673828e+01
-2.059681510925292969e+01
-4.311043739318847656e+00
-2.446984100341796875e+01
9.331048965454101562e+00
-3.138479614257812500e+01
-5.024724006652832031e+00
-2.370342445373535156e+01
-8.027225136756896973e-01
-2.433255577087402344e+01
-3.054885101318359375e+01
-8.878964424133300781e+00
-1.023437261581420898e+00
-2.954672431945800781e+01
4.472300529479980469e+00
-2.678849411010742188e+01
-3.940525054931640625e+01
3.237593412399291992e+00
-9.226031303405761719e+00
-3.505687332153320312e+01
8.102278709411621094e+00
5.428747534751892090e-01
-2.556310081481933594e+01
-2.257108688354492188e+01
1.584175109863281250e+01
-1.401928901672363281e+01
1.355368137359619141e+00
-6.557220458984375000e+01
2.746385002136230469e+01
-3.145183372497558594e+01
2.211025047302246094e+01
-8.077771186828613281e+00
5.263846397399902344e+00
-1.125009460449218750e+02
1.028474903106689453e+01
-2.683605575561523438e+01
3.319871139526367188e+01
-2.166064739227294922e+00
1.337681674957275391e+01
-1.829975585937500000e+02
-9.011611175537109375e+01
5.483861160278320312e+01
5.416257095336914062e+01
-1.668397933244705200e-01
1.436853408813476562e+00
-9.009433746337890625e+01
-1.594059600830078125e+02
8.567227172851562500e+01
5.790433883666992188e+01
1.735209274291992188e+01
9.763290286064147949e-01
-3.609938430786132812e+01
-2.424239044189453125e+02
6.678919982910156250e+01
5.699258422851562500e+01
1.522460651397705078e+01
1.550645828247070312e+00
-5.242956161499023438e+00
-7.974903869628906250e+01
2.920657539367675781e+01
4.120720291137695312e+01
-1.674334883689880371e+00
5.608666539192199707e-01
-9.024944901466369629e-01
9.312710165977478027e-01
-5.821639299392700195e-01
1.351763904094696045e-01
-1.292917370796203613e+00
1.950818747282028198e-01
1.560578727722167969e+01
6.372377872467041016e+00
4.124729156494140625e+00
-2.032872962951660156e+01
-2.187680625915527344e+01
3.341213941574096680e+00
2.251542472839355469e+01
-7.294078350067138672e+00
4.052683353424072266e+00
-2.746193313598632812e+01
-1.901750183105468750e+01
-3.479447126388549805e+00
-1.420604419708251953e+01
1.862583541870117188e+01
1.008640766143798828e+00
-4.212059783935546875e+01
-1.293488693237304688e+01
-9.046331405639648438e+00
-7.086716651916503906e+00
-6.275904178619384766e+00
-6.604003429412841797e+00
-1.644701957702636719e+01
-1.273588466644287109e+01
-6.141454696655273438e+00
2.568368911743164062e+01
-7.394436359405517578e+00
1.564681243896484375e+01
-3.243639755249023438e+01
-1.758607387542724609e+00
-1.101157188415527344e+01
4.521143722534179688e+01
-4.350287628173828125e+01
4.190686798095703125e+01
-2.373683166503906250e+01
-4.006281852722167969e+00
-7.986675262451171875e+00
-2.681136131286621094e+00
2.914951801300048828e+00
2.650603055953979492e-01
2.812620699405670166e-01
-1.423342078924179077e-01
4.266784787178039551e-01
-1.144765625000000000e+02
1.087368469238281250e+02
-8.712833404541015625e+01
5.723367309570312500e+01
1.672912406921386719e+01
3.042896270751953125e+00
-1.800657806396484375e+02
-1.062775268554687500e+02
1.513706054687500000e+02
7.730767059326171875e+01
1.844429016113281250e+00
3.545730113983154297e+00
-8.849866485595703125e+01
-1.649720916748046875e+02
8.349295806884765625e+01
5.708954620361328125e+01
1.813943290710449219e+01
1.154378175735473633e+00
-3.843186569213867188e+01
-1.647935180664062500e+02
5.187050628662109375e+01
4.121477890014648438e+01
7.833501815795898438e+00
3.400348186492919922e+00
-1.276045227050781250e+01
-4.785501861572265625e+01
1.518921184539794922e+01
2.841679191589355469e+01
7.578182697296142578e+00
-3.921480178833007812e+00
-5.353887557983398438e+00
3.376773297786712646e-01
1.772121787071228027e-01
-3.291191756725311279e-01
2.212452590465545654e-01
-4.301697015762329102e-01
3.568682861328125000e+01
3.199560880661010742e+00
1.066459774971008301e+00
2.002102851867675781e+00
-4.598809051513671875e+01
-2.206076145172119141e+00
4.025019836425781250e+01
-3.327720403671264648e+00
1.494682669639587402e+00
2.687570333480834961e+00
-4.389923477172851562e+01
-9.552244186401367188e+00
2.322214698791503906e+01
4.079203605651855469e+00
2.787333726882934570e+00
-2.955199623107910156e+01
-6.896397113800048828e+00
-1.164007472991943359e+01
3.549563217163085938e+01
4.213021469116210938e+01
-1.921565437316894531e+01
9.009559631347656250e+00
-2.625445556640625000e+01
-1.003129959106445312e+01
5.521821594238281250e+01
5.300485610961914062e+01
-3.073059654235839844e+01
-1.785021400451660156e+01
7.331023693084716797e+00
-1.578544998168945312e+01
1.181148834228515625e+02
-9.201399803161621094e+00
2.676859474182128906e+01
-3.400314331054687500e+01
1.361559867858886719e+00
-1.243553256988525391e+01
1.919745483398437500e+02
-6.134216690063476562e+01
3.895336151123046875e+01
-3.345802688598632812e+01
-4.500271320343017578e+00
7.001218795776367188e+00
-1.149631118774414062e+02
1.063145599365234375e+02
-8.559683990478515625e+01
5.742430114746093750e+01
1.662067794799804688e+01
2.358766317367553711e+00
-1.841514282226562500e+02
-8.934926605224609375e+01
5.299638366699218750e+01
5.346334075927734375e+01
-5.391796231269836426e-01
1.755758047103881836e+00
-9.082655334472656250e+01
-1.071561279296875000e+02
6.073370361328125000e+01
2.252018547058105469e+01
-1.771577000617980957e+00
1.395520877838134766e+01
-4.062627029418945312e+01
-9.216143035888671875e+01
4.336816787719726562e+01
5.134451866149902344e+00
1.473147678375244141e+01
8.062814712524414062e+00
-2.692302703857421875e+01
-2.640955924987792969e+01
4.600758075714111328e+00
-4.331413269042968750e+00
4.642555618286132812e+01
7.655009269714355469e+00
-1.268149375915527344e+00
1.934796124696731567e-01
1.966857910156250000e-01
8.917655795812606812e-02
2.565591223537921906e-02
2.787404358386993408e-01
4.577108764648437500e+01
2.986155509948730469e+00
1.872205924987792969e+01
-3.405497968196868896e-01
-4.687504959106445312e+01
-2.821596860885620117e+00
3.398645401000976562e+01
1.542613983154296875e+01
1.196931171417236328e+01
1.103817272186279297e+01
-6.451034545898437500e+01
-4.001729965209960938e+00
4.054544448852539062e+01
5.353015136718750000e+01
1.272445869445800781e+01
-2.410155105590820312e+01
-3.093796157836914062e+01
-3.871420145034790039e+00
8.759425354003906250e+01
6.683536529541015625e+01
-2.885793304443359375e+01
-5.770506381988525391e+00
1.848466992378234863e-01
-1.664046287536621094e+01
1.997629699707031250e+02
6.050136566162109375e+01
-3.691609191894531250e+01
4.335916042327880859e-01
-8.887037277221679688e+00
-2.523435974121093750e+01
1.130926589965820312e+02
-9.428265571594238281e+00
2.717108917236328125e+01
-3.362985229492187500e+01
1.213608026504516602e+00
-1.303124427795410156e+01
-1.316150546073913574e+00
2.244041442871093750e+00
1.336932063102722168e+00
1.699288338422775269e-01
2.299560606479644775e-01
-2.993600368499755859e-01
-1.189253387451171875e+02
1.019468688964843750e+01
-2.593394279479980469e+01
3.408090209960937500e+01
-1.846564888954162598e+00
1.431475925445556641e+01
-1.951856231689453125e+02
-6.177232742309570312e+01
3.936669158935546875e+01
-4.170083999633789062e-01
9.074154853820800781e+00
2.571414566040039062e+01
-8.778445434570312500e+01
-6.816297912597656250e+01
3.056547355651855469e+01
5.788402080535888672e+00
-8.362561464309692383e-01
1.697020530700683594e+01
-4.005238723754882812e+01
-5.337005996704101562e+01
-1.324679374694824219e+01
2.754037857055664062e+01
3.075669288635253906e+01
3.584257841110229492e+00
-4.833081436157226562e+01
-1.074039554595947266e+01
-1.748980522155761719e+01
6.349014043807983398e-01
3.998261642456054688e+01
-1.160929426550865173e-01
2.023967027664184570e+00
-3.149630129337310791e-01
5.048968195915222168e-01
5.812320858240127563e-02
-1.912832260131835938e+00
1.537965238094329834e-01
4.710744476318359375e+01
1.116469383239746094e+01
1.794501113891601562e+01
6.311054341495037079e-03
-4.049203872680664062e+01
6.430226564407348633e-02
5.374576187133789062e+01
8.403965759277343750e+01
6.904322624206542969e+00
-2.329071617126464844e+01
-1.563644409179687500e+01
-3.589385002851486206e-02
1.778910522460937500e+02
7.737863922119140625e+01
1.040579509735107422e+01
-6.145631790161132812e+01
5.555552959442138672e+00
-2.772204875946044922e+00
8.678384399414062500e+01
6.718225097656250000e+01
-3.064599227905273438e+01
-5.267391204833984375e+00
1.535921335220336914e+00
-1.635741615295410156e+01
5.462435913085937500e+01
5.305798721313476562e+01
-3.208938598632812500e+01
-1.782114028930664062e+01
7.773267269134521484e+00
-1.662195968627929688e+01
4.472311019897460938e+01
-4.416334533691406250e+01
4.152356719970703125e+01
-2.376744270324707031e+01
-3.871004819869995117e+00
-8.216835021972656250e+00
-7.085153198242187500e+01
2.726943969726562500e+01
-2.989359855651855469e+01
2.250413894653320312e+01
-8.066075325012207031e+00
6.157902717590332031e+00
-1.223762283325195312e+02
-2.897204589843750000e+01
1.357100844383239746e+00
-1.219111061096191406e+01
7.284219264984130859e+00
2.040732955932617188e+01
-2.150486907958984375e+02
-4.139662551879882812e+01
-2.530045890808105469e+01
1.290559196472167969e+01
-8.619077682495117188e+00
1.509363842010498047e+01
-8.819049072265625000e+01
-5.023916244506835938e+01
-4.655523681640625000e+01
4.906342315673828125e+01
-6.971380233764648438e+00
5.893732070922851562e+00
-3.956424713134765625e+01
-3.164082336425781250e+01
-5.230366134643554688e+01
2.242986869812011719e+01
2.778451156616210938e+01
2.132863551378250122e-01
-7.494842529296875000e+01
-3.891404151916503906e+00
-4.940877532958984375e+01
-5.072766304016113281e+00
3.470682907104492188e+01
-1.836688041687011719e+00
5.120359659194946289e-01
1.059640198945999146e-02
8.504831194877624512e-01
2.163078039884567261e-01
2.784742116928100586e-01
4.797545820474624634e-02
4.516103744506835938e+00
5.526824951171875000e+00
-1.897538453340530396e-02
-6.283936649560928345e-02
-2.997538149356842041e-01
1.069734692573547363e-01
5.253032302856445312e+01
8.211456298828125000e+01
6.436127662658691406e+00
-2.291642570495605469e+01
-1.621600532531738281e+01
1.220949739217758179e-01
4.126118469238281250e+01
5.344007873535156250e+01
1.256955909729003906e+01
-2.461125373840332031e+01
-3.153145217895507812e+01
-3.730357885360717773e+00
3.490607452392578125e+01
4.297409057617187500e+01
-2.134572029113769531e+01
9.031635284423828125e+00
-2.171393203735351562e+01
-1.019470310211181641e+01
2.513629341125488281e+01
-7.869224548339843750e+00
1.513696193695068359e+01
-3.291535186767578125e+01
-1.985765933990478516e+00
-1.115482234954833984e+01
1.059430122375488281e+01
-3.951360702514648438e+01
-2.269881439208984375e+01
1.684743309020996094e+01
-1.325406646728515625e+01
1.904348731040954590e+00
-5.722779083251953125e+01
-2.319772720336914062e+01
-1.751757144927978516e+00
-3.148505020141601562e+01
-8.366771697998046875e+00
1.259247303009033203e+01
-1.053897018432617188e+02
-3.087247657775878906e+01
-8.912527465820312500e+01
1.570065879821777344e+01
-1.033533477783203125e+01
1.338867473602294922e+01
-2.613509826660156250e+02
-3.616015243530273438e+01
-1.281350402832031250e+02
2.335409164428710938e+01
-1.109546279907226562e+01
7.291028976440429688e+00
-8.290736389160156250e+01
-3.759914779663085938e+01
-1.518819274902343750e+02
2.149311637878417969e+01
-7.238059997558593750e+00
-2.087628245353698730e-01
-5.362398910522460938e+01
-2.851050376892089844e+01
-2.324280548095703125e+02
-5.380884170532226562e+00
3.003793144226074219e+01
-5.053379058837890625e+00
-7.185198974609375000e+01
-7.193070220947265625e+01
-2.281064033508300781e+01
1.488297557830810547e+01
1.547263240814208984e+01
-5.371061563491821289e-01
-7.292034912109375000e+01
-7.168088531494140625e+01
-2.206821823120117188e+01
1.615132713317871094e+01
1.372398471832275391e+01
-2.612053155899047852e-01
1.087182807922363281e+01
3.970823585987091064e-01
-1.073261722922325134e-01
-2.303509265184402466e-01
-7.080915570259094238e-01
2.531624734401702881e-01
4.648325729370117188e+01
1.156064796447753906e+01
1.709099388122558594e+01
-6.708901524543762207e-01
-4.093003845214843750e+01
-2.701323628425598145e-01
3.397000503540039062e+01
1.558987808227539062e+01
1.167118263244628906e+01
1.067724895477294922e+01
-6.356660079956054688e+01
-4.222143173217773438e+00
2.199660873413085938e+01
4.581665992736816406e+00
2.276814460754394531e+00
-3.063811683654785156e+01
-6.367084503173828125e+00
-1.170284461975097656e+01
-6.215781211853027344e+00
-7.446875095367431641e+00
-7.482524871826171875e+00
-1.640972137451171875e+01
-1.197093105316162109e+01
-4.701107025146484375e+00
-2.870565032958984375e+01
-3.848416900634765625e+01
2.677838563919067383e+00
-8.451663970947265625e+00
-3.534830093383789062e+01
8.767478942871093750e+00
-4.429264068603515625e+01
-3.903563308715820312e+01
-3.437707519531250000e+01
-4.849639129638671875e+01
-9.942049026489257812e+00
1.279590702056884766e+01
-8.642133331298828125e+01
-3.300715255737304688e+01
-1.309896545410156250e+02
3.295812845230102539e+00
-1.061518383026123047e+01
1.055097198486328125e+01
-4.603558959960937500e+02
-3.927722549438476562e+01
-1.114517898559570312e+02
-3.371106147766113281e+00
-9.541323661804199219e+00
5.319225788116455078e+00
-1.115914611816406250e+02
-8.718383789062500000e+01
-1.054775314331054688e+02
-4.649589061737060547e+00
-8.626043319702148438e+00
5.516465187072753906e+00
-8.037706298828125000e+02
-4.772945785522460938e+01
-1.164923782348632812e+02
1.876784324645996094e+01
-6.126734733581542969e+00
-1.307460904121398926e+00
-5.516334152221679688e+01
-5.792917251586914062e+01
-4.782783813476562500e+02
2.410020083189010620e-01
8.530430793762207031e+00
-4.244475555419921875e+01
7.299516677856445312e+00
-2.830673567950725555e-02
3.757278025150299072e-01
-1.749952286481857300e-01
-1.452155113220214844e-01
-1.792733371257781982e-01
7.389033508300781250e+01
4.491479873657226562e+00
4.987111663818359375e+01
3.615265846252441406e+00
-3.414942550659179688e+01
1.936251163482666016e+00
4.298863983154296875e+01
1.413910961151123047e+01
8.521719360351562500e+01
3.221524238586425781e+00
-6.419681549072265625e+01
-1.554568886756896973e+00
3.350682830810546875e+01
6.230881214141845703e+00
1.058462262153625488e+00
4.450617218017578125e+01
-5.464299392700195312e+01
-6.984874725341796875e+00
1.916225051879882812e+01
-5.153965950012207031e+00
5.149111747741699219e-01
-3.705227279663085938e+01
5.144894123077392578e+00
-1.044388389587402344e+01
-1.628988456726074219e+01
-1.674773597717285156e+01
-1.066598701477050781e+01
3.465784788131713867e+00
-1.919506645202636719e+01
3.201264142990112305e+00
-2.234595489501953125e+01
-4.303966140747070312e+01
1.374226093292236328e+01
-2.456041425466537476e-01
-6.659061431884765625e+01
1.024793624877929688e+01
-3.082119178771972656e+01
-3.873196411132812500e+01
-1.351224670410156250e+02
4.233550071716308594e+00
-5.852214813232421875e+00
6.986369132995605469e+00
-3.649360656738281250e+01
-3.827863311767578125e+01
-1.434521026611328125e+02
5.233477592468261719e+00
-9.485028266906738281e+00
2.733434200286865234e+00
-1.121866760253906250e+02
-8.525247955322265625e+01
-1.058274230957031250e+02
-4.142089366912841797e+00
-8.244092941284179688e+00
5.938585281372070312e+00
-1.963210571289062500e+03
-1.998118652343750000e+03
-1.273424606323242188e+02
-8.852714538574218750e+00
-8.671038627624511719e+00
-5.314695358276367188e+01
-8.836070556640625000e+02
-5.103957748413085938e+01
-1.202358932495117188e+02
2.105370712280273438e+01
-5.809249877929687500e+00
-1.198211193084716797e+00
-7.312259674072265625e+01
-7.418496704101562500e+01
-2.316168594360351562e+01
1.563195896148681641e+01
1.423367309570312500e+01
-3.826491236686706543e-01
1.439541935920715332e+00
2.560061812400817871e-01
6.329429745674133301e-01
-3.515954315662384033e-02
4.832010865211486816e-01
-2.867853045463562012e-01
4.710765075683593750e+01
1.108263206481933594e+01
1.746491622924804688e+01
-3.998320102691650391e-01
-4.033184814453125000e+01
2.731654047966003418e-01
3.483028411865234375e+01
1.508674716949462891e+01
1.134811782836914062e+01
1.016386604309082031e+01
-6.413314819335937500e+01
-3.968601703643798828e+00
2.253624343872070312e+01
3.770099401473999023e+00
2.547102451324462891e+00
-3.007964134216308594e+01
-5.897402286529541016e+00
-1.117463588714599609e+01
-6.940201759338378906e+00
-6.902212142944335938e+00
-7.567313671112060547e+00
-1.622282218933105469e+01
-1.252366256713867188e+01
-5.573958873748779297e+00
-2.838924980163574219e+01
-3.881694793701171875e+01
2.326913118362426758e+00
-7.911643505096435547e+00
-3.598649597167968750e+01
8.857965469360351562e+00
-4.520906829833984375e+01
-3.947588729858398438e+01
-3.564811325073242188e+01
-4.731360244750976562e+01
-1.082596302032470703e+01
1.191442489624023438e+01
-9.173580932617187500e+01
-3.329159164428710938e+01
-1.332503662109375000e+02
3.059194564819335938e+00
-1.178386878967285156e+01
9.923615455627441406e+00
-4.917032775878906250e+02
-3.873891448974609375e+01
-1.117533187866210938e+02
-2.241943836212158203e+00
-1.017917633056640625e+01
6.114045143127441406e+00
-1.060566711425781250e+02
-8.699317932128906250e+01
-1.076239318847656250e+02
-3.646991968154907227e+00
-8.799822807312011719e+00
6.010803222656250000e+00
-8.004027557373046875e+01
-3.738628387451171875e+01
-1.537802124023437500e+02
2.447248840332031250e+01
-7.209013938903808594e+00
-2.261550128459930420e-01
-2.865552368164062500e+02
-6.280837249755859375e+01
-2.964968490600585938e+01
4.955886459350585938e+01
-5.350623130798339844e+00
-1.651446342468261719e+00
-5.369683456420898438e+01
-8.338040924072265625e+01
-5.897023200988769531e+00
2.422405815124511719e+01
1.501397132873535156e+01
-4.957267940044403076e-01
2.904767394065856934e-01
8.916322588920593262e-01
1.756069362163543701e-01
-2.296154499053955078e-01
4.212394952774047852e-01
-7.262497544288635254e-01
2.665438270568847656e+01
2.610528564453125000e+01
-4.366553783416748047e+00
4.314107418060302734e+00
-4.673300933837890625e+01
-8.042202949523925781e+00
2.094348335266113281e+01
3.233000946044921875e+01
-9.786779403686523438e+00
-2.412477302551269531e+01
-1.514440822601318359e+01
-7.293563842773437500e+00
1.468215942382812500e+01
-2.161889076232910156e+01
2.816735076904296875e+01
-3.984168243408203125e+01
-1.234298896789550781e+01
-6.581642150878906250e+00
-4.506143188476562500e+01
-4.918716907501220703e+00
-1.354818058013916016e+01
-1.068772602081298828e+01
-2.102179145812988281e+01
-2.490932226181030273e+00
-1.035757217407226562e+02
-3.289884567260742188e+01
5.140283107757568359e+00
-5.639736557006835938e+01
-3.638359308242797852e-01
1.632879638671875000e+01
-2.225498046875000000e+02
-3.139009284973144531e+01
-6.756677246093750000e+01
-3.540943908691406250e+01
-1.225998306274414062e+01
1.913382530212402344e+01
-9.172332763671875000e+01
-3.330212020874023438e+01
-1.347135772705078125e+02
4.073801040649414062e+00
-1.156096267700195312e+01
1.086872100830078125e+01
-3.611699676513671875e+01
-3.864752960205078125e+01
-1.459791107177734375e+02
6.380630970001220703e+00
-9.633229255676269531e+00
3.461432456970214844e+00
-4.265828323364257812e+01
-3.681995773315429688e+01
-1.655806121826171875e+02
2.607164192199707031e+01
-5.470530986785888672e+00
4.734765529632568359e+00
-8.669734954833984375e+01
-5.101404953002929688e+01
-4.742388534545898438e+01
4.624072265625000000e+01
-7.243100643157958984e+00
6.343850612640380859e+00
-1.740973968505859375e+02
-7.892882537841796875e+01
-1.041113662719726562e+01
6.188526916503906250e+01
-6.023171424865722656e+00
2.496205806732177734e+00
-4.002041625976562500e+01
-1.045418853759765625e+02
1.409508824348449707e+00
2.405758666992187500e+01
1.967585563659667969e+01
-3.555141448974609375e+00
-3.363428354263305664e+00
1.335779190063476562e+00
-9.560498595237731934e-01
-4.320824444293975830e-01
9.359198808670043945e-01
-8.037168383598327637e-01
1.063065624237060547e+01
4.657563781738281250e+01
-1.402004432678222656e+01
-3.009387397766113281e+01
-7.706957340240478516e+00
5.311116695404052734e+00
1.563287448883056641e+01
6.608512878417968750e+01
-4.372241973876953125e+00
-4.419046020507812500e+01
-1.340577507019042969e+01
-1.030901527404785156e+01
1.275598239898681641e+01
-6.747585296630859375e+01
3.906156539916992188e+01
-2.638834381103515625e+01
-1.871244049072265625e+01
-1.134008026123046875e+01
-1.707944946289062500e+02
-4.751557350158691406e+00
-1.144791889190673828e+01
-2.492403221130371094e+01
5.227460384368896484e+00
-9.181672096252441406e+00
-1.037952804565429688e+02
-3.305784606933593750e+01
6.121844768524169922e+00
-5.595848846435546875e+01
-1.030512675642967224e-01
1.581599426269531250e+01
-4.526463699340820312e+01
-3.949068832397460938e+01
-3.562837219238281250e+01
-4.655523300170898438e+01
-1.039157962799072266e+01
1.236128234863281250e+01
-3.138188171386718750e+01
-3.960075378417968750e+01
-1.408923797607421875e+02
5.412173748016357422e+00
-6.022498607635498047e+00
7.301471233367919922e+00
-3.023135185241699219e+01
-3.168463134765625000e+01
1.469745254516601562e+01
-6.824176788330078125e+01
-1.070709800720214844e+01
9.828607559204101562e+00
-4.928161621093750000e+01
-3.607204818725585938e+01
-1.636436271667480469e+01
4.538629055023193359e+00
-3.130410671234130859e+00
1.099695873260498047e+01
-8.522762298583984375e+01
-6.626019287109375000e+01
2.975021743774414062e+01
5.857014179229736328e+00
-4.932038486003875732e-01
1.683952903747558594e+01
-1.337106781005859375e+02
-9.569717407226562500e+01
5.876152420043945312e+01
7.852668762207031250e+00
3.043878555297851562e+00
1.020714879035949707e+00
-3.423756790161132812e+01
-1.223591232299804688e+02
4.221021270751953125e+01
3.089420509338378906e+01
2.766816377639770508e+00
-1.052810192108154297e+01
-5.158982276916503906e+00
2.485259294509887695e+00
-1.221513509750366211e+00
-1.650578975677490234e+00
-2.681982517242431641e+00
-3.617591783404350281e-02
3.989408969879150391e+00
7.782574462890625000e+01
-3.098707199096679688e+01
-4.282752609252929688e+01
1.015487909317016602e+00
5.698458850383758545e-02
1.542446041107177734e+01
-8.908020019531250000e+01
1.293096618652343750e+02
-4.666359329223632812e+01
-2.436802864074707031e+01
-1.767969727516174316e+00
1.371633434295654297e+01
-6.379709243774414062e+01
3.735734939575195312e+01
-2.678184509277343750e+01
-1.797515678405761719e+01
-1.056745910644531250e+01
-4.390642929077148438e+01
-5.570265769958496094e+00
-1.342922019958496094e+01
-1.151796722412109375e+01
-2.053536224365234375e+01
-2.055097103118896484e+00
-2.819689750671386719e+01
-3.905173492431640625e+01
3.116404771804809570e+00
-8.020788192749023438e+00
-3.585169601440429688e+01
8.077222824096679688e+00
-2.225588989257812500e+01
-4.445351791381835938e+01
1.474516582489013672e+01
1.816115528345108032e-01
-6.135179138183593750e+01
9.432756423950195312e+00
-2.453054237365722656e+01
-1.400881958007812500e+01
-1.326900839805603027e+00
9.367355346679687500e+00
-2.220248985290527344e+01
7.128701210021972656e+00
-3.960749435424804688e+01
-7.125781536102294922e+00
-5.605756282806396484e+00
1.594260406494140625e+01
-1.604573822021484375e+01
1.140700626373291016e+01
-5.327154159545898438e+01
-5.260207748413085938e+01
3.168604660034179688e+01
1.721652221679687500e+01
-7.678627490997314453e+00
1.623422050476074219e+01
-8.926829528808593750e+01
-1.026945190429687500e+02
5.776538467407226562e+01
2.246771812438964844e+01
-2.430767059326171875e+00
1.357228851318359375e+01
-1.262867050170898438e+02
-1.191390151977539062e+02
5.989681625366210938e+01
3.516100311279296875e+01
1.183256340026855469e+01
-1.065180182456970215e+00
-3.478306198120117188e+01
-1.587940063476562500e+02
3.068711471557617188e+01
4.082088470458984375e+01
-5.231483936309814453e+00
2.346989810466766357e-01
-7.669603824615478516e+00
3.363194227218627930e+00
4.014587402343750000e-01
-5.861074328422546387e-01
-1.790618538856506348e+00
1.379691362380981445e-01
4.642446994781494141e+00
7.768500518798828125e+01
-2.895613670349121094e+01
-4.307604217529296875e+01
1.411205053329467773e+00
-2.602522075176239014e-01
1.596936130523681641e+01
7.275858306884765625e+01
-1.234813022613525391e+01
-4.505442428588867188e+01
-1.371238803863525391e+01
-1.005668830871582031e+01
1.487947082519531250e+01
-2.153274917602539062e+01
2.714372253417968750e+01
-3.936426162719726562e+01
-1.265537738800048828e+01
-6.533997058868408203e+00
-6.624368667602539062e+00
-7.550198554992675781e+00
-6.662685871124267578e+00
-1.623444938659667969e+01
-1.290926074981689453e+01
-6.203988075256347656e+00
-1.658887481689453125e+01
-1.692964363098144531e+01
-1.027227497100830078e+01
3.646677970886230469e+00
-1.976093482971191406e+01
2.095318078994750977e+00
1.591826438903808594e+01
-1.236313438415527344e+01
6.445114612579345703e+00
-2.228089714050292969e+01
4.163829326629638672e+00
-5.404932975769042969e+00
8.338969200849533081e-02
5.017719268798828125e-01
-8.003022670745849609e-01
4.965044856071472168e-01
8.349946886301040649e-02
-7.722418755292892456e-02
-4.409408950805664062e+01
4.605821990966796875e+01
-4.155059814453125000e+01
2.387438964843750000e+01
3.936905145645141602e+00
8.509045600891113281e+00
-5.837363052368164062e+01
-8.620914459228515625e+01
2.640683746337890625e+01
3.912662887573242188e+01
1.246689128875732422e+01
1.761780929565429688e+01
-8.961528778076171875e+01
-1.561670227050781250e+02
8.897229766845703125e+01
5.600754547119140625e+01
1.914826583862304688e+01
1.109845876693725586e+00
-1.234776840209960938e+02
-1.391880187988281250e+02
6.477716827392578125e+01
4.640070724487304688e+01
-2.222858190536499023e+00
2.358021736145019531e+00
-3.594310760498046875e+01
-1.606211090087890625e+02
3.314740753173828125e+01
4.005868530273437500e+01
-4.941325664520263672e+00
7.811993956565856934e-01
-6.321528434753417969e+00
2.601317882537841797e+00
3.604106903076171875e-01
1.047546938061714172e-01
-4.698913574218750000e+00
1.868248432874679565e-01
9.774550437927246094e+00
4.643378448486328125e+01
-1.362509632110595703e+01
-2.883615112304687500e+01
-8.607176780700683594e+00
4.743088722229003906e+00
2.042426872253417969e+01
3.160018157958984375e+01
-1.070624446868896484e+01
-2.247955131530761719e+01
-1.511049556732177734e+01
-6.849277496337890625e+00
2.336017990112304688e+01
3.306676864624023438e+00
2.707682847976684570e+00
-2.935137748718261719e+01
-7.257802486419677734e+00
-1.160403537750244141e+01
1.865377616882324219e+01
-5.420726776123046875e+00
3.935441076755523682e-01
-3.564574050903320312e+01
3.951331853866577148e+00
-1.095354175567626953e+01
2.814718627929687500e+01
1.506424713134765625e+01
-1.552910447120666504e+00
-3.008131599426269531e+01
2.818204689025878906e+01
-9.709365844726562500e+00
4.116135025024414062e+01
7.763265609741210938e+00
5.568619728088378906e+00
-1.659848403930664062e+01
1.574089241027832031e+01
-1.117922878265380859e+01
6.990554809570312500e+01
-2.637871551513671875e+01
3.122937393188476562e+01
-2.248479652404785156e+01
8.173477172851562500e+00
-4.965194225311279297e+00
-4.261005020141601562e+01
1.003183059692382812e+02
-1.266916847229003906e+01
2.244459390640258789e+00
1.229066562652587891e+01
8.707799911499023438e+00
-6.580992889404296875e+01
1.662117614746093750e+02
-1.703773498535156250e+02
5.350537490844726562e+01
2.824448013305664062e+01
2.470728158950805664e+00
-9.019786834716796875e+01
-1.550136871337890625e+02
8.559303283691406250e+01
5.685993957519531250e+01
1.954595947265625000e+01
1.396297693252563477e+00
-1.260879135131835938e+02
-1.200884399414062500e+02
6.421032714843750000e+01
3.411605072021484375e+01
1.201001644134521484e+01
-9.220429658889770508e-01
-3.427280044555664062e+01
-1.259158630371093750e+02
4.913739395141601562e+01
2.971309852600097656e+01
3.313585758209228516e+00
-9.595132827758789062e+00
-4.542937755584716797e+00
1.594599485397338867e+00
5.041571855545043945e-01
1.140951141715049744e-01
1.245875000953674316e+00
-1.062171459197998047e+00
2.567994308471679688e+01
2.668337631225585938e+01
-4.773835659027099609e+00
4.837129116058349609e+00
-4.664413070678710938e+01
-7.633175373077392578e+00
3.475123596191406250e+01
1.491374588012695312e+01
1.146674919128417969e+01
1.099120426177978516e+01
-6.505805206298828125e+01
-3.990244865417480469e+00
3.341096496582031250e+01
6.104336261749267578e+00
1.310494542121887207e+00
4.521561813354492188e+01
-5.296754837036132812e+01
-7.404304981231689453e+00
3.867994689941406250e+01
2.962360382080078125e+01
7.047243499755859375e+01
-1.797779273986816406e+01
-3.653781890869140625e+01
-4.500100612640380859e+00
5.166638946533203125e+01
3.653372573852539062e+01
1.595725250244140625e+01
-4.537395954132080078e+00
3.435039758682250977e+00
-1.083755207061767578e+01
1.229463500976562500e+02
2.865220069885253906e+01
-1.350578069686889648e+00
1.180889511108398438e+01
-6.137421607971191406e+00
-1.936707115173339844e+01
2.118152008056640625e+02
-1.965223693847656250e+01
3.098811721801757812e+01
-1.372181320190429688e+01
-9.996640205383300781e+00
-5.957133769989013672e+00
-4.262793731689453125e+01
1.000611267089843750e+02
-1.322683906555175781e+01
2.967811346054077148e+00
1.162419986724853516e+01
8.586565017700195312e+00
-5.947190856933593750e+01
-6.972226715087890625e+01
1.036383914947509766e+01
3.992334365844726562e+01
1.244611167907714844e+01
1.838603210449218750e+01
-9.285489654541015625e+01
-1.014355087280273438e+02
6.027959823608398438e+01
2.227532005310058594e+01
-1.256643056869506836e+00
1.325464630126953125e+01
-1.316628265380859375e+02
-9.588392639160156250e+01
6.097108459472656250e+01
6.757058143615722656e+00
2.128569364547729492e+00
1.936362147331237793e+00
-3.742705535888671875e+01
-1.041093978881835938e+02
1.051673889160156250e+00
2.465822029113769531e+01
2.031768608093261719e+01
-3.590081691741943359e+00
-1.996857881546020508e+00
1.595742940902709961e+00
2.783127725124359131e-01
3.044873476028442383e-02
4.190693497657775879e-01
8.976011872291564941e-01
4.773831558227539062e+01
1.120022010803222656e+01
1.798270416259765625e+01
-2.908973693847656250e-01
-4.016205596923828125e+01
9.146796911954879761e-02
4.308380889892578125e+01
1.403962421417236328e+01
7.748688507080078125e+01
3.998450040817260742e+00
-6.248726654052734375e+01
-1.220992207527160645e+00
4.018134307861328125e+01
3.216238784790039062e+01
5.097143173217773438e+01
-2.076630973815917969e+01
-2.932346725463867188e+01
1.711514592170715332e-01
8.856983184814453125e+01
5.091404724121093750e+01
4.590441894531250000e+01
-4.630638504028320312e+01
6.976194381713867188e+00
-6.273972511291503906e+00
2.162982940673828125e+02
4.075139999389648438e+01
2.459793853759765625e+01
-1.227361869812011719e+01
9.040572166442871094e+00
-1.441999149322509766e+01
1.235769653320312500e+02
2.921298980712890625e+01
-1.562450766563415527e+00
1.157130432128906250e+01
-6.395951271057128906e+00
-1.945480537414550781e+01
7.042141723632812500e+01
-2.650527191162109375e+01
3.039943504333496094e+01
-2.209190940856933594e+01
7.987977981567382812e+00
-5.090549468994140625e+00
-4.447691345214843750e+01
4.545619583129882812e+01
-4.015948486328125000e+01
2.436963081359863281e+01
4.074837207794189453e+00
8.961406707763671875e+00
-5.479992294311523438e+01
-5.074056243896484375e+01
3.234815979003906250e+01
1.833712577819824219e+01
-7.009912967681884766e+00
1.678662109375000000e+01
-8.774794006347656250e+01
-6.566011810302734375e+01
3.074605941772460938e+01
6.009160518646240234e+00
-7.533576488494873047e-01
1.739117050170898438e+01
-1.750319213867187500e+02
-7.706494903564453125e+01
-9.975903511047363281e+00
6.398795700073242188e+01
-5.334414005279541016e+00
2.844795227050781250e+00
-5.081752777099609375e+01
-8.563410949707031250e+01
-7.130158424377441406e+00
2.480614471435546875e+01
1.418329811096191406e+01
1.392538249492645264e-01
-3.146869421005249023e+00
7.403234243392944336e-01
8.571082353591918945e-02
9.849989414215087891e-02
2.735905647277832031e-01
1.677291393280029297e-01
7.683229827880859375e+01
4.722519874572753906e+00
4.971081924438476562e+01
4.459785938262939453e+00
-3.424235153198242188e+01
2.318524360656738281e+00
7.213851165771484375e+01
7.234138488769531250e+01
2.284974479675292969e+01
-1.337262821197509766e+01
-1.476282787322998047e+01
2.247515469789505005e-01
3.022402343750000000e+02
6.126040267944335938e+01
2.903002357482910156e+01
-4.934598159790039062e+01
5.072672843933105469e+00
1.598503947257995605e+00
9.067253112792968750e+01
5.029378128051757812e+01
4.648342132568359375e+01
-4.653239440917968750e+01
7.342109203338623047e+00
-6.581755638122558594e+00
5.205693435668945312e+01
3.692798995971679688e+01
1.559658622741699219e+01
-4.196135520935058594e+00
4.449246406555175781e+00
-1.120055484771728516e+01
4.086363983154296875e+01
8.368141174316406250e+00
4.628327846527099609e+00
-1.629983139038085938e+01
1.580883216857910156e+01
-1.086624622344970703e+01
2.598088681697845459e-01
-2.207258045673370361e-01
-1.393528282642364502e-01
4.644945859909057617e-01
3.250653147697448730e-01
2.634958326816558838e-01
-4.110850906372070312e+01
-7.928545951843261719e+00
-5.335047245025634766e+00
1.672937393188476562e+01
-1.529688644409179688e+01
1.146796131134033203e+01
-5.026565551757812500e+01
-3.627915191650390625e+01
-1.551312065124511719e+01
3.705890893936157227e+00
-3.280541896820068359e+00
1.130121421813964844e+01
-8.550083923339843750e+01
-4.969141006469726562e+01
-4.603149032592773438e+01
4.740553665161132812e+01
-6.402904987335205078e+00
6.195125102996826172e+00
-2.872449951171875000e+02
-5.997423553466796875e+01
-2.918982696533203125e+01
5.045206451416015625e+01
-5.317148685455322266e+00
-1.643910765647888184e+00
-7.099928283691406250e+01
-7.305899047851562500e+01
-2.301350593566894531e+01
1.618063354492187500e+01
1.437610912322998047e+01
-1.134355068206787109e-01
3.160626649856567383e+00
1.647489815950393677e-01
2.707777917385101318e-01
-2.788836359977722168e-01
1.458057403564453125e+00
4.567812755703926086e-02
2.357954788208007812e+01
1.415573692321777344e+01
9.778316020965576172e-01
-3.565513193607330322e-01
7.055581361055374146e-02
-1.750569194555282593e-01
7.303734588623046875e+01
7.307550811767578125e+01
2.333249282836914062e+01
-1.458959674835205078e+01
-1.529523086547851562e+01
2.578251063823699951e-01
3.903771972656250000e+01
3.249975204467773438e+01
5.010229492187500000e+01
-2.151564788818359375e+01
-2.850354957580566406e+01
-1.917944997549057007e-01
3.878731918334960938e+01
2.962281036376953125e+01
7.400169372558593750e+01
-1.805225372314453125e+01
-3.608516311645507812e+01
-4.698764324188232422e+00
2.821514892578125000e+01
1.573610687255859375e+01
-2.918759107589721680e+00
-2.984812164306640625e+01
2.628960418701171875e+01
-9.546895027160644531e+00
1.605261039733886719e+01
-1.284969806671142578e+01
6.409028053283691406e+00
-2.281711959838867188e+01
5.089412212371826172e+00
-5.107845783233642578e+00
-2.501049423217773438e+01
-1.334020233154296875e+01
-1.019708991050720215e+00
9.871033668518066406e+00
-2.206392860412597656e+01
8.046646118164062500e+00
-2.974285125732421875e+01
-3.180525207519531250e+01
1.462760353088378906e+01
-7.012928009033203125e+01
-1.106812286376953125e+01
1.057331562042236328e+01
-4.250594329833984375e+01
-3.664461517333984375e+01
-1.499455413818359375e+02
2.553915023803710938e+01
-4.689754962921142578e+00
5.066797733306884766e+00
-8.295777130126953125e+01
-3.751272583007812500e+01
-1.508422546386718750e+02
2.138752555847167969e+01
-7.024863719940185547e+00
-1.930794715881347656e-01
-9.234797363281250000e+02
-4.872925186157226562e+01
-1.213429718017578125e+02
1.887893486022949219e+01
-6.254639148712158203e+00
-1.135830402374267578e+00
-7.831264495849609375e+01
-3.843005371093750000e+01
-5.192351684570312500e+02
-1.946523547172546387e+00
1.016253280639648438e+01
-3.794915008544921875e+01
