# (20250,)
0.000000000000000000e+00
0.000000000000000000e+00
0.000000000000000000e+00
-1.635762032492493745e-06
1.186321924251387827e-06
5.786944825558748562e-07
1.949669921875000000e+04
9.093933593750000000e+03
1.440219140625000000e+04
-2.439086151123046875e+01
-8.088194847106933594e+00
-2.428680992126464844e+01
5.334506347656250000e+03
2.236366455078125000e+03
2.444031250000000000e+03
-4.803412628173828125e+01
-9.421011924743652344e+00
-2.987903785705566406e+01
1.830411010742187500e+03
7.525562133789062500e+02
8.649904174804687500e+02
-5.322364807128906250e+01
-8.030251502990722656e+00
-3.244620895385742188e+01
1.030968750000000000e+03
4.915258483886718750e+02
2.734904174804687500e+02
-9.359619140625000000e+01
-9.761956214904785156e+00
-2.751830673217773438e+01
4.847335510253906250e+02
2.704806213378906250e+02
1.649997558593750000e+02
-2.214334869384765625e+02
-5.993203163146972656e+00
-1.743933296203613281e+01
1.587483520507812500e+02
1.050510406494140625e+02
3.865221786499023438e+01
-2.522360076904296875e+02
2.957594871520996094e+00
-9.085699081420898438e+00
4.333605575561523438e+01
3.085034370422363281e+01
3.138422775268554688e+01
2.218695068359375000e+02
3.630469083786010742e+00
-2.164289712905883789e+00
-4.333604812622070312e+01
-3.085034561157226562e+01
-3.138422775268554688e+01
-2.218694915771484375e+02
-3.630469322204589844e+00
2.164289951324462891e+00
-1.587483367919921875e+02
-1.050510330200195312e+02
-3.865221786499023438e+01
2.522360076904296875e+02
-2.957594394683837891e+00
9.085698127746582031e+00
-4.847335205078125000e+02
-2.704806213378906250e+02
-1.649997558593750000e+02
2.214335021972656250e+02
5.993205070495605469e+00
1.743933296203613281e+01
-1.030968505859375000e+03
-4.915259094238281250e+02
-2.734904174804687500e+02
9.359618377685546875e+01
9.761958122253417969e+00
2.751831245422363281e+01
-1.830410766601562500e+03
-7.525562744140625000e+02
-8.649904785156250000e+02
5.322365188598632812e+01
8.030250549316406250e+00
3.244620513916015625e+01
-5.334509277343750000e+03
-2.236366943359375000e+03
-2.444031250000000000e+03
4.803413009643554688e+01
9.421007156372070312e+00
2.987904167175292969e+01
-1.949670703125000000e+04
-9.093939453125000000e+03
-1.440219140625000000e+04
2.439086151123046875e+01
8.088175773620605469e+00
2.428682708740234375e+01
-1.904226953125000000e+04
-9.300486328125000000e+03
-1.441715527343750000e+04
2.187898254394531250e+01
6.816442489624023438e+00
2.048508071899414062e+01
-1.664611625671386719e+01
1.827481460571289062e+01
6.062102317810058594e+00
2.855720221996307373e-01
1.841841787099838257e-01
9.267546236515045166e-02
7.107694702148437500e+02
1.071160034179687500e+03
2.705584472656250000e+03
-3.266744232177734375e+01
-5.021437168121337891e+00
-5.291537761688232422e+00
5.527009887695312500e+02
4.406121520996093750e+02
8.640708007812500000e+02
-4.767892456054687500e+01
-5.264197349548339844e+00
-1.312474822998046875e+01
2.786863403320312500e+02
3.177956542968750000e+02
3.578101501464843750e+02
-6.474094390869140625e+01
-2.635198354721069336e+00
-1.393473148345947266e+01
8.796011352539062500e+01
-1.643401908874511719e+01
1.938098907470703125e+02
-1.810000610351562500e+02
2.600307226181030273e+00
-1.131958866119384766e+01
-1.573268318176269531e+01
-1.429700622558593750e+02
6.799288940429687500e+01
-2.497636871337890625e+02
8.139849662780761719e+00
-2.844782590866088867e+00
-7.416845703125000000e+01
-2.126152954101562500e+02
1.892296028137207031e+01
1.680266571044921875e+01
1.459781646728515625e+01
3.549354553222656250e+00
-1.272729797363281250e+02
-2.626607360839843750e+02
-1.340274333953857422e+01
-1.977442550659179688e+01
1.612959098815917969e+01
1.212134456634521484e+01
-2.208090820312500000e+02
-3.195010986328125000e+02
-7.467633247375488281e+00
1.499213714599609375e+02
1.339943790435791016e+01
1.344262218475341797e+01
-4.112007751464843750e+02
-4.845982666015625000e+02
-1.254203414916992188e+02
2.533864135742187500e+02
2.191168022155761719e+01
1.896500968933105469e+01
-9.133374023437500000e+02
-9.199028930664062500e+02
-2.540427246093750000e+02
1.488369903564453125e+02
2.745512199401855469e+01
2.704946517944335938e+01
-1.351835205078125000e+03
-1.790529296875000000e+03
-6.677294921875000000e+02
5.703337478637695312e+01
3.183476638793945312e+01
2.923302650451660156e+01
-2.996444824218750000e+03
-2.404698486328125000e+03
-1.504275024414062500e+03
5.573331451416015625e+01
3.907604598999023438e+01
2.231217956542968750e+01
-5.968315917968750000e+03
-8.010915039062500000e+03
-7.255695312500000000e+03
4.209949493408203125e+01
3.627627182006835938e+01
2.021722030639648438e+01
-5.386656250000000000e+03
-2.227929199218750000e+03
-2.438517089843750000e+03
4.797810363769531250e+01
9.574093818664550781e+00
2.982146835327148438e+01
-7.115378417968750000e+02
-1.097120239257812500e+03
-2.697864990234375000e+03
3.496790313720703125e+01
5.805122852325439453e+00
6.433997631072998047e+00
1.692974090576171875e+01
8.911678194999694824e-01
-5.619366168975830078e+00
-1.247516348958015442e-01
1.169631183147430420e-01
4.641400873661041260e-01
1.472076721191406250e+02
3.637241516113281250e+02
5.280639038085937500e+02
-3.334812164306640625e+01
1.805512458086013794e-01
1.364639997482299805e+00
7.219473266601562500e+01
2.732705078125000000e+02
3.418842773437500000e+02
-4.850520324707031250e+01
5.547555923461914062e+00
-4.400875091552734375e+00
-3.131222152709960938e+01
4.124592971801757812e+01
1.387181396484375000e+02
-1.400388641357421875e+02
6.955814361572265625e+00
-7.454132080078125000e+00
-8.157443237304687500e+01
-1.053510894775390625e+02
9.665933227539062500e+01
-2.352438201904296875e+02
1.070278835296630859e+01
-3.844965100288391113e-01
-1.198163375854492188e+02
-2.567025451660156250e+02
1.690316009521484375e+01
-1.322323303222656250e+02
1.890447044372558594e+01
4.793829441070556641e+00
-1.655672607421875000e+02
-3.536686401367187500e+02
1.859408187866210938e+01
-4.036203384399414062e+00
2.549497604370117188e+01
1.014351558685302734e+01
-2.352760772705078125e+02
-4.159557189941406250e+02
-1.838169670104980469e+01
2.195406150817871094e+01
1.878960037231445312e+01
2.714990806579589844e+01
-3.640027770996093750e+02
-4.567352600097656250e+02
-7.182845306396484375e+01
2.715535583496093750e+02
2.214412879943847656e+01
2.695405960083007812e+01
-8.934368896484375000e+02
-4.976422424316406250e+02
-1.942133331298828125e+02
2.032487030029296875e+02
2.846661567687988281e+01
3.222791290283203125e+01
-1.513030029296875000e+03
-5.955422363281250000e+02
-3.931725463867187500e+02
8.444139862060546875e+01
3.174133872985839844e+01
3.578726959228515625e+01
-2.100796875000000000e+03
-1.487246459960937500e+03
-9.077969970703125000e+02
5.429599380493164062e+01
4.017075347900390625e+01
3.084648513793945312e+01
-3.017178955078125000e+03
-2.404408691406250000e+03
-1.503874755859375000e+03
5.540103149414062500e+01
3.844010162353515625e+01
2.213439178466796875e+01
-1.804085571289062500e+03
-7.340771484375000000e+02
-8.680778808593750000e+02
5.401311492919921875e+01
7.457379341125488281e+00
3.108625411987304688e+01
-5.551987304687500000e+02
-4.304887390136718750e+02
-8.658576660156250000e+02
4.838669967651367188e+01
4.210035324096679688e+00
1.234175682067871094e+01
-1.337953948974609375e+02
-3.593094177246093750e+02
-5.389077148437500000e+02
3.208690643310546875e+01
-3.248673379421234131e-01
-1.667988777160644531e+00
-2.837430238723754883e+00
7.784775495529174805e-01
4.558437824249267578e+00
-5.194512605667114258e-01
-8.064275979995727539e-01
-1.163241744041442871e+00
-2.157512855529785156e+01
2.167544860839843750e+02
1.071923904418945312e+02
-3.358553695678710938e+01
4.083380699157714844e+00
9.208621025085449219e+00
-6.162857818603515625e+01
1.820923309326171875e+02
7.541345214843750000e+01
-9.726169586181640625e+01
7.847714424133300781e+00
-1.841073751449584961e+00
-8.173697662353515625e+01
1.006634674072265625e+02
6.624021911621093750e+01
-2.076564331054687500e+02
1.264797019958496094e+01
8.151739239692687988e-01
-1.057379608154296875e+02
-7.341012573242187500e+01
2.947961807250976562e+01
-1.998131256103515625e+02
1.916020584106445312e+01
7.182324886322021484e+00
-1.490058898925781250e+02
-2.934388122558593750e+02
1.428795146942138672e+01
-3.731469726562500000e+01
2.664440345764160156e+01
8.305164337158203125e+00
-2.081858520507812500e+02
-4.489198913574218750e+02
-1.628878021240234375e+01
1.998746490478515625e+01
2.771815681457519531e+01
1.663468551635742188e+01
-2.899959716796875000e+02
-5.161676025390625000e+02
-3.005555534362792969e+01
2.476108093261718750e+02
2.012215042114257812e+01
3.084015274047851562e+01
-4.685686035156250000e+02
-5.048120117187500000e+02
-1.409241943359375000e+02
2.580908813476562500e+02
2.566340637207031250e+01
3.385490036010742188e+01
-1.111899047851562500e+03
-4.755972290039062500e+02
-2.098298797607421875e+02
1.830052947998046875e+02
3.088092613220214844e+01
3.725568008422851562e+01
-1.529570678710937500e+03
-5.951544799804687500e+02
-3.930297241210937500e+02
8.526850891113281250e+01
3.121619796752929688e+01
3.628905487060546875e+01
-1.353058105468750000e+03
-1.785004882812500000e+03
-6.675678100585937500e+02
5.733045959472656250e+01
3.129769897460937500e+01
2.881982040405273438e+01
-1.032721679687500000e+03
-4.842157897949218750e+02
-2.733338012695312500e+02
9.493144989013671875e+01
9.078832626342773438e+00
2.737408638000488281e+01
-2.697774047851562500e+02
-3.177649230957031250e+02
-3.571684875488281250e+02
6.493148803710937500e+01
2.709844350814819336e+00
1.457203674316406250e+01
-5.959836578369140625e+01
-2.700709228515625000e+02
-3.408457031250000000e+02
4.854470443725585938e+01
-5.936234951019287109e+00
3.857257604598999023e+00
2.256281089782714844e+01
-2.218602447509765625e+02
-1.104043273925781250e+02
3.333100891113281250e+01
-4.298922538757324219e+00
-9.671496391296386719e+00
-1.491062521934509277e+00
2.454400211572647095e-01
-2.223440170288085938e+00
-1.092388778924942017e-01
-3.478272557258605957e-01
1.495813727378845215e-01
-2.769603347778320312e+01
1.747384490966796875e+02
2.102844047546386719e+01
-6.492763519287109375e+01
6.780722618103027344e+00
1.413995456695556641e+01
-6.496791076660156250e+01
2.727071228027343750e+02
7.707819461822509766e+00
-1.560160217285156250e+02
1.107102489471435547e+01
6.493952274322509766e+00
-9.341785430908203125e+01
2.692225341796875000e+02
2.473358392715454102e+00
-1.938152008056640625e+02
1.587059688568115234e+01
8.367588043212890625e+00
-1.240422897338867188e+02
7.518064880371093750e+01
-8.380947113037109375e+00
-1.390180969238281250e+02
2.567753982543945312e+01
1.057236480712890625e+01
-1.697627563476562500e+02
-1.590753631591796875e+02
-2.645969390869140625e+01
-7.818548583984375000e+01
2.899893569946289062e+01
9.958167076110839844e+00
-2.474583740234375000e+02
-3.920080871582031250e+02
-4.355583572387695312e+01
1.882296142578125000e+02
3.102790069580078125e+01
1.324334526062011719e+01
-3.253356628417968750e+02
-5.405427856445312500e+02
-8.455126190185546875e+01
2.919529113769531250e+02
2.026763916015625000e+01
3.199274826049804688e+01
-4.698585510253906250e+02
-5.049889526367187500e+02
-1.402542572021484375e+02
2.581425170898437500e+02
2.596113395690917969e+01
3.400089263916015625e+01
-8.974689941406250000e+02
-4.968797607421875000e+02
-1.921931915283203125e+02
2.055446319580078125e+02
2.876552581787109375e+01
3.161190986633300781e+01
-9.141340332031250000e+02
-9.212810668945312500e+02
-2.509348907470703125e+02
1.486921234130859375e+02
2.805326461791992188e+01
2.760109519958496094e+01
-4.735357971191406250e+02
-2.714912414550781250e+02
-1.622957763671875000e+02
2.247663574218750000e+02
6.091874599456787109e+00
1.801737403869628906e+01
-8.747745513916015625e+01
1.838345336914062500e+01
-1.943835449218750000e+02
1.766533813476562500e+02
-2.883640527725219727e+00
1.119338607788085938e+01
3.226459503173828125e+01
-4.522021865844726562e+01
-1.379525146484375000e+02
1.397457122802734375e+02
-7.313735008239746094e+00
7.446423530578613281e+00
5.869967651367187500e+01
-1.826090393066406250e+02
-7.708830261230468750e+01
9.958757781982421875e+01
-8.532780647277832031e+00
1.170111775398254395e+00
2.734756278991699219e+01
-1.752779846191406250e+02
-1.930971145629882812e+01
6.709760284423828125e+01
-5.732213973999023438e+00
-1.475806331634521484e+01
-1.588208913803100586e+00
-3.406883180141448975e-01
1.230924010276794434e+00
1.612916588783264160e-01
-5.975637435913085938e-01
-1.366944760084152222e-01
-2.825612449645996094e+01
1.954538269042968750e+02
-1.354185676574707031e+01
-9.594410705566406250e+01
5.827042102813720703e+00
1.672578048706054688e+01
-4.547768402099609375e+01
3.379924926757812500e+02
-2.986332702636718750e+01
-1.673318176269531250e+02
1.669271087646484375e+01
9.578128814697265625e+00
-7.602167510986328125e+01
3.978387451171875000e+02
-3.502449417114257812e+01
-1.950477600097656250e+02
2.220925903320312500e+01
1.424726104736328125e+01
-1.140712966918945312e+02
3.010146789550781250e+02
-5.129771804809570312e+01
-1.831431579589843750e+02
2.756345558166503906e+01
8.663266181945800781e+00
-1.711328430175781250e+02
-4.314198303222656250e+01
-3.689149475097656250e+01
-2.835350990295410156e+01
3.028983306884765625e+01
7.953903675079345703e+00
-2.469902038574218750e+02
-3.946542358398437500e+02
-4.333943939208984375e+01
1.896226806640625000e+02
3.094391632080078125e+01
1.317878246307373047e+01
-2.894697570800781250e+02
-5.146192626953125000e+02
-3.105608367919921875e+01
2.462301635742187500e+02
1.937259483337402344e+01
2.982530212402343750e+01
-3.654199218750000000e+02
-4.520974731445312500e+02
-7.379997253417968750e+01
2.711102294921875000e+02
2.196431922912597656e+01
2.656047058105468750e+01
-4.171208496093750000e+02
-4.819946899414062500e+02
-1.232671356201171875e+02
2.561708374023437500e+02
2.174578475952148438e+01
1.908720016479492188e+01
-1.540279388427734375e+02
-1.034616394042968750e+02
-3.844070053100585938e+01
2.505147857666015625e+02
-2.975933551788330078e+00
9.264585494995117188e+00
1.364399433135986328e+01
1.428792877197265625e+02
-6.823542022705078125e+01
2.508319854736328125e+02
-8.642750740051269531e+00
2.249613761901855469e+00
7.873758697509765625e+01
1.076200637817382812e+02
-9.593978881835937500e+01
2.352153015136718750e+02
-1.154342079162597656e+01
4.556278586387634277e-01
7.796324157714843750e+01
-1.002624053955078125e+02
-6.670466613769531250e+01
2.023687286376953125e+02
-1.234573936462402344e+01
-2.817223370075225830e-01
6.317706680297851562e+01
-2.736030578613281250e+02
-7.297351360321044922e+00
1.517258300781250000e+02
-1.142121505737304688e+01
-5.977858066558837891e+00
2.587862777709960938e+01
-1.959448394775390625e+02
1.346378421783447266e+01
9.829172515869140625e+01
-7.133854866027832031e+00
-1.830823898315429688e+01
1.115036845207214355e+00
2.174420505762100220e-01
-1.785496830940246582e+00
-5.293636322021484375e+00
2.708548903465270996e-01
-1.308022588491439819e-01
-1.659677314758300781e+01
2.072850036621093750e+02
-2.970336532592773438e+01
-1.213197402954101562e+02
8.259094238281250000e+00
2.118926620483398438e+01
-3.718483352661132812e+01
3.816961364746093750e+02
-8.696364593505859375e+01
-1.916844024658203125e+02
1.385791778564453125e+01
1.910737419128417969e+01
-6.684040832519531250e+01
4.834873352050781250e+02
-1.459833374023437500e+02
-1.785048370361328125e+02
2.044058799743652344e+01
1.642214775085449219e+01
-1.141307601928710938e+02
3.005793457031250000e+02
-4.709456634521484375e+01
-1.856426391601562500e+02
2.828466796875000000e+01
8.589365005493164062e+00
-1.700054016113281250e+02
-1.591377258300781250e+02
-2.775259971618652344e+01
-8.097718811035156250e+01
3.024969482421875000e+01
1.033102512359619141e+01
-2.070310211181640625e+02
-4.473035888671875000e+02
-1.727400588989257812e+01
2.456202697753906250e+01
2.830362892150878906e+01
1.642289733886718750e+01
-2.370184783935546875e+02
-4.131220397949218750e+02
-1.820002365112304688e+01
2.461906814575195312e+01
1.818983078002929688e+01
2.778425407409667969e+01
-2.174022827148437500e+02
-3.214064331054687500e+02
-7.931155204772949219e+00
1.546690521240234375e+02
1.382794475555419922e+01
1.367589950561523438e+01
-4.480203628540039062e+01
-2.366729927062988281e+01
-3.224481964111328125e+01
-2.163266296386718750e+02
-5.438127994537353516e+00
2.320006132125854492e+00
7.422881317138671875e+01
2.115510253906250000e+02
-1.822146606445312500e+01
-1.276309394836425781e+01
-1.455706024169921875e+01
-3.578744649887084961e+00
1.173239746093750000e+02
2.612916870117187500e+02
-1.557965278625488281e+01
1.324798278808593750e+02
-1.947234916687011719e+01
-4.073796272277832031e+00
1.052960662841796875e+02
7.219264984130859375e+01
-2.807325553894042969e+01
1.950104064941406250e+02
-1.939759826660156250e+01
-7.356441497802734375e+00
8.975572204589843750e+01
-2.703663024902343750e+02
-2.178303003311157227e+00
1.918514251708984375e+02
-1.824502754211425781e+01
-8.957876205444335938e+00
4.518094253540039062e+01
-3.371806945800781250e+02
2.932424163818359375e+01
1.659912719726562500e+02
-1.665644836425781250e+01
-8.872014045715332031e+00
1.578998184204101562e+01
-2.074122772216796875e+02
3.106774902343750000e+01
1.139971923828125000e+02
-1.196359539031982422e+01
-2.125046157836914062e+01
-2.193777561187744141e+00
-5.424336791038513184e-01
2.975576162338256836e+00
-2.409117698669433594e+00
2.284905165433883667e-01
1.699929386377334595e-01
-1.069610309600830078e+01
2.097002258300781250e+02
-1.344241027832031250e+02
-5.575529098510742188e+01
8.166193008422851562e+00
1.328289508819580078e+01
-3.544448471069335938e+01
3.806696777343750000e+02
-8.800887298583984375e+01
-1.851850280761718750e+02
1.585567188262939453e+01
1.989671134948730469e+01
-7.518417358398437500e+01
3.966393127441406250e+02
-3.494269561767578125e+01
-1.971051330566406250e+02
2.393042564392089844e+01
1.347567462921142578e+01
-1.226709671020507812e+02
7.779920196533203125e+01
-7.249269008636474609e+00
-1.444488525390625000e+02
2.604554557800292969e+01
9.799592971801757812e+00
-1.470671386718750000e+02
-2.948284912109375000e+02
1.409496974945068359e+01
-4.451897048950195312e+01
2.663961029052734375e+01
8.978058815002441406e+00
-1.647494354248046875e+02
-3.492436523437500000e+02
1.811989021301269531e+01
-7.597677230834960938e+00
2.567405509948730469e+01
1.049585723876953125e+01
-1.240536041259765625e+02
-2.639099121093750000e+02
-1.348783302307128906e+01
-1.998787307739257812e+01
1.650561904907226562e+01
1.190193557739257812e+01
4.480203628540039062e+01
2.366730117797851562e+01
3.224481964111328125e+01
2.163266448974609375e+02
5.438127994537353516e+00
-2.320006132125854492e+00
1.240536422729492188e+02
2.639097290039062500e+02
1.348783397674560547e+01
1.998786735534667969e+01
-1.650561904907226562e+01
-1.190193653106689453e+01
1.647496032714843750e+02
3.492433776855468750e+02
-1.811989021301269531e+01
7.597679615020751953e+00
-2.567405509948730469e+01
-1.049585819244384766e+01
1.470671691894531250e+02
2.948284606933593750e+02
-1.409496593475341797e+01
4.451897430419921875e+01
-2.663960838317871094e+01
-8.978060722351074219e+00
1.226709823608398438e+02
-7.779920196533203125e+01
7.249274730682373047e+00
1.444488677978515625e+02
-2.604554367065429688e+01
-9.799593925476074219e+00
7.518418121337890625e+01
-3.966392822265625000e+02
3.494268798828125000e+01
1.971051635742187500e+02
-2.393042373657226562e+01
-1.347567653656005859e+01
3.544448471069335938e+01
-3.806696777343750000e+02
8.800880432128906250e+01
1.851850433349609375e+02
-1.585567951202392578e+01
-1.989671707153320312e+01
1.069611263275146484e+01
-2.097002258300781250e+02
1.344240722656250000e+02
5.575521469116210938e+01
-8.166218757629394531e+00
-1.328290939331054688e+01
2.193778038024902344e+00
5.424340367317199707e-01
-2.975674867630004883e+00
2.409299373626708984e+00
-2.285168319940567017e-01
-1.700246930122375488e-01
-1.578997611999511719e+01
2.074122924804687500e+02
-3.106776237487792969e+01
-1.139970397949218750e+02
1.196358108520507812e+01
2.125045585632324219e+01
-4.518094635009765625e+01
3.371806945800781250e+02
-2.932424163818359375e+01
-1.659912261962890625e+02
1.665643882751464844e+01
8.872020721435546875e+00
-8.975570678710937500e+01
2.703663024902343750e+02
2.178315162658691406e+00
-1.918514099121093750e+02
1.824502182006835938e+01
8.957873344421386719e+00
-1.052960128784179688e+02
-7.219265747070312500e+01
2.807325935363769531e+01
-1.950104064941406250e+02
1.939759826660156250e+01
7.356439113616943359e+00
-1.173238677978515625e+02
-2.612919311523437500e+02
1.557965469360351562e+01
-1.324798431396484375e+02
1.947234916687011719e+01
4.073796749114990234e+00
-7.422866821289062500e+01
-2.115512084960937500e+02
1.822146606445312500e+01
1.276309108734130859e+01
1.455706024169921875e+01
3.578744649887084961e+00
1.540279388427734375e+02
1.034616394042968750e+02
3.844070053100585938e+01
-2.505147857666015625e+02
2.975933551788330078e+00
-9.264585494995117188e+00
2.174023132324218750e+02
3.214062500000000000e+02
7.931154727935791016e+00
-1.546690368652343750e+02
-1.382794380187988281e+01
-1.367589950561523438e+01
2.370186157226562500e+02
4.131218566894531250e+02
1.820002746582031250e+01
-2.461906051635742188e+01
-1.818983078002929688e+01
-2.778425407409667969e+01
2.070310668945312500e+02
4.473035888671875000e+02
1.727400588989257812e+01
-2.456201362609863281e+01
-2.830362701416015625e+01
-1.642289924621582031e+01
1.700054168701171875e+02
1.591377410888671875e+02
2.775260162353515625e+01
8.097719573974609375e+01
-3.024969291687011719e+01
-1.033102703094482422e+01
1.141307525634765625e+02
-3.005793457031250000e+02
4.709458541870117188e+01
1.856426239013671875e+02
-2.828466796875000000e+01
-8.589367866516113281e+00
6.684040069580078125e+01
-4.834873046875000000e+02
1.459832916259765625e+02
1.785047302246093750e+02
-2.044059562683105469e+01
-1.642215156555175781e+01
3.718483352661132812e+01
-3.816961364746093750e+02
8.696358489990234375e+01
1.916844329833984375e+02
-1.385793590545654297e+01
-1.910737419128417969e+01
1.659678459167480469e+01
-2.072850036621093750e+02
2.970335388183593750e+01
1.213198013305664062e+02
-8.259112358093261719e+00
-2.118926048278808594e+01
-1.115037918090820312e+00
-2.174371182918548584e-01
1.785492658615112305e+00
5.293643951416015625e+00
-2.708281874656677246e-01
1.307811141014099121e-01
-2.587862396240234375e+01
1.959448394775390625e+02
-1.346378421783447266e+01
-9.829174041748046875e+01
7.133860588073730469e+00
1.830824089050292969e+01
-6.317705535888671875e+01
2.736030578613281250e+02
7.297355175018310547e+00
-1.517258758544921875e+02
1.142120552062988281e+01
5.977869033813476562e+00
-7.796320343017578125e+01
1.002623748779296875e+02
6.670466613769531250e+01
-2.023687286376953125e+02
1.234572601318359375e+01
2.817317843437194824e-01
-7.873749542236328125e+01
-1.076201934814453125e+02
9.593978881835937500e+01
-2.352152862548828125e+02
1.154341793060302734e+01
-4.556236863136291504e-01
-1.364390468597412109e+01
-1.428794708251953125e+02
6.823542022705078125e+01
-2.508319854736328125e+02
8.642747879028320312e+00
-2.249613046646118164e+00
4.735357971191406250e+02
2.714912414550781250e+02
1.622957763671875000e+02
-2.247663574218750000e+02
-6.091874599456787109e+00
-1.801737403869628906e+01
4.171209411621093750e+02
4.819944458007812500e+02
1.232671356201171875e+02
-2.561708374023437500e+02
-2.174578094482421875e+01
-1.908720397949218750e+01
3.654200744628906250e+02
4.520973205566406250e+02
7.379997253417968750e+01
-2.711102294921875000e+02
-2.196431541442871094e+01
-2.656047248840332031e+01
2.894697875976562500e+02
5.146192626953125000e+02
3.105607986450195312e+01
-2.462301635742187500e+02
-1.937259292602539062e+01
-2.982530403137207031e+01
2.469902038574218750e+02
3.946542358398437500e+02
4.333943939208984375e+01
-1.896226654052734375e+02
-3.094391632080078125e+01
-1.317878246307373047e+01
1.711328430175781250e+02
4.314199066162109375e+01
3.689149856567382812e+01
2.835354614257812500e+01
-3.028983306884765625e+01
-7.953905582427978516e+00
1.140712966918945312e+02
-3.010146789550781250e+02
5.129772567749023438e+01
1.831431579589843750e+02
-2.756345748901367188e+01
-8.663269996643066406e+00
7.602167510986328125e+01
-3.978387451171875000e+02
3.502447128295898438e+01
1.950477905273437500e+02
-2.220926666259765625e+01
-1.424726390838623047e+01
4.547768020629882812e+01
-3.379924926757812500e+02
2.986332511901855469e+01
1.673318023681640625e+02
-1.669271850585937500e+01
-9.578115463256835938e+00
2.825613594055175781e+01
-1.954538116455078125e+02
1.354185771942138672e+01
9.594407653808593750e+01
-5.827043056488037109e+00
-1.672577667236328125e+01
1.588207483291625977e+00
3.406938910484313965e-01
-1.230922937393188477e+00
-1.612976491451263428e-01
5.975599288940429688e-01
1.366913616657257080e-01
-2.734755516052246094e+01
1.752779846191406250e+02
1.930971717834472656e+01
-6.709761047363281250e+01
5.732213020324707031e+00
1.475806617736816406e+01
-5.869963836669921875e+01
1.826090240478515625e+02
7.708829498291015625e+01
-9.958760070800781250e+01
8.532776832580566406e+00
-1.170087933540344238e+00
-3.226451492309570312e+01
4.522021102905273438e+01
1.379525146484375000e+02
-1.397457427978515625e+02
7.313714981079101562e+00
-7.446404933929443359e+00
8.747753906250000000e+01
-1.838358879089355469e+01
1.943835449218750000e+02
-1.766533813476562500e+02
2.883623123168945312e+00
-1.119337463378906250e+01
1.032721679687500000e+03
4.842157897949218750e+02
2.733338012695312500e+02
-9.493144989013671875e+01
-9.078832626342773438e+00
-2.737408447265625000e+01
9.141342773437500000e+02
9.212805786132812500e+02
2.509349060058593750e+02
-1.486920928955078125e+02
-2.805323982238769531e+01
-2.760111045837402344e+01
8.974692382812500000e+02
4.968796691894531250e+02
1.921931915283203125e+02
-2.055446166992187500e+02
-2.876551628112792969e+01
-3.161192321777343750e+01
4.698585510253906250e+02
5.049889221191406250e+02
1.402542572021484375e+02
-2.581425170898437500e+02
-2.596113014221191406e+01
-3.400089645385742188e+01
3.253356628417968750e+02
5.405428466796875000e+02
8.455126953125000000e+01
-2.919529113769531250e+02
-2.026763725280761719e+01
-3.199275016784667969e+01
2.474583740234375000e+02
3.920080871582031250e+02
4.355583190917968750e+01
-1.882295989990234375e+02
-3.102790069580078125e+01
-1.324334430694580078e+01
1.697627563476562500e+02
1.590753631591796875e+02
2.645969581604003906e+01
7.818547821044921875e+01
-2.899893379211425781e+01
-9.958168983459472656e+00
1.240422897338867188e+02
-7.518064117431640625e+01
8.380952835083007812e+00
1.390181274414062500e+02
-2.567754173278808594e+01
-1.057236957550048828e+01
9.341786193847656250e+01
-2.692225341796875000e+02
-2.473352670669555664e+00
1.938152008056640625e+02
-1.587060356140136719e+01
-8.367585182189941406e+00
6.496791076660156250e+01
-2.727071228027343750e+02
-7.707817554473876953e+00
1.560159606933593750e+02
-1.107102966308593750e+01
-6.493937015533447266e+00
2.769604492187500000e+01
-1.747384338378906250e+02
-2.102843856811523438e+01
6.492762756347656250e+01
-6.780725479125976562e+00
-1.413995361328125000e+01
1.491071820259094238e+00
-2.454221844673156738e-01
2.223448753356933594e+00
1.092383936047554016e-01
3.478270173072814941e-01
-1.495838910341262817e-01
-2.256276702880859375e+01
2.218602447509765625e+02
1.104043350219726562e+02
-3.333101272583007812e+01
4.298923492431640625e+00
9.671495437622070312e+00
5.959845733642578125e+01
2.700708923339843750e+02
3.408456726074218750e+02
-4.854471588134765625e+01
5.936228275299072266e+00
-3.857233285903930664e+00
2.697775573730468750e+02
3.177647705078125000e+02
3.571684875488281250e+02
-6.493150329589843750e+01
-2.709870576858520508e+00
-1.457199859619140625e+01
1.804085571289062500e+03
7.340771484375000000e+02
8.680778808593750000e+02
-5.401311492919921875e+01
-7.457379817962646484e+00
-3.108625411987304688e+01
1.353058105468750000e+03
1.785004760742187500e+03
6.675678100585937500e+02
-5.733044433593750000e+01
-3.129767799377441406e+01
-2.881986618041992188e+01
1.529570678710937500e+03
5.951544189453125000e+02
3.930297546386718750e+02
-8.526845550537109375e+01
-3.121618652343750000e+01
-3.628907394409179688e+01
1.111898925781250000e+03
4.755972290039062500e+02
2.098298950195312500e+02
-1.830052185058593750e+02
-3.088092231750488281e+01
-3.725569534301757812e+01
4.685685729980468750e+02
5.048119812011718750e+02
1.409241943359375000e+02
-2.580909118652343750e+02
-2.566340446472167969e+01
-3.385490417480468750e+01
2.899959716796875000e+02
5.161676025390625000e+02
3.005555152893066406e+01
-2.476108093261718750e+02
-2.012214660644531250e+01
-3.084015274047851562e+01
2.081858673095703125e+02
4.489199218750000000e+02
1.628878211975097656e+01
-1.998745155334472656e+01
-2.771815681457519531e+01
-1.663468551635742188e+01
1.490059356689453125e+02
2.934388427734375000e+02
-1.428794956207275391e+01
3.731472015380859375e+01
-2.664440536499023438e+01
-8.305167198181152344e+00
1.057380142211914062e+02
7.341012573242187500e+01
-2.947961997985839844e+01
1.998131256103515625e+02
-1.916020774841308594e+01
-7.182326793670654297e+00
8.173700714111328125e+01
-1.006635284423828125e+02
-6.624020385742187500e+01
2.076564331054687500e+02
-1.264797782897949219e+01
-8.151615262031555176e-01
6.162861633300781250e+01
-1.820923309326171875e+02
-7.541345214843750000e+01
9.726167297363281250e+01
-7.847716808319091797e+00
1.841086864471435547e+00
2.157515716552734375e+01
-2.167544708251953125e+02
-1.071924133300781250e+02
3.358553695678710938e+01
-4.083381175994873047e+00
-9.208621978759765625e+00
2.837449073791503906e+00
-7.784747481346130371e-01
-4.558436870574951172e+00
5.194505453109741211e-01
8.064267635345458984e-01
1.163241744041442871e+00
1.337953948974609375e+02
3.593092651367187500e+02
5.389076538085937500e+02
-3.208690643310546875e+01
3.248676657676696777e-01
1.667987585067749023e+00
5.551986694335937500e+02
4.304888305664062500e+02
8.658576660156250000e+02
-4.838670349121093750e+01
-4.210041046142578125e+00
-1.234174728393554688e+01
5.386656738281250000e+03
2.227928955078125000e+03
2.438517089843750000e+03
-4.797810363769531250e+01
-9.574094772338867188e+00
-2.982146835327148438e+01
3.017179687500000000e+03
2.404408691406250000e+03
1.503874755859375000e+03
-5.540102767944335938e+01
-3.844010162353515625e+01
-2.213439941406250000e+01
2.100797119140625000e+03
1.487246459960937500e+03
9.077970581054687500e+02
-5.429597854614257812e+01
-4.017075347900390625e+01
-3.084653091430664062e+01
1.513029907226562500e+03
5.955421752929687500e+02
3.931725463867187500e+02
-8.444135284423828125e+01
-3.174133300781250000e+01
-3.578729629516601562e+01
8.934370117187500000e+02
4.976421203613281250e+02
1.942133331298828125e+02
-2.032486877441406250e+02
-2.846660995483398438e+01
-3.222792434692382812e+01
3.640029907226562500e+02
4.567351074218750000e+02
7.182844543457031250e+01
-2.715535583496093750e+02
-2.214412498474121094e+01
-2.695406150817871094e+01
2.352763214111328125e+02
4.159555053710937500e+02
1.838169860839843750e+01
-2.195406532287597656e+01
-1.878959846496582031e+01
-2.714990806579589844e+01
1.655674896240234375e+02
3.536682434082031250e+02
-1.859408569335937500e+01
4.036213397979736328e+00
-2.549497604370117188e+01
-1.014351654052734375e+01
1.198165054321289062e+02
2.567021484375000000e+02
-1.690315818786621094e+01
1.322323303222656250e+02
-1.890447235107421875e+01
-4.793829441070556641e+00
8.157454681396484375e+01
1.053509368896484375e+02
-9.665932464599609375e+01
2.352438354492187500e+02
-1.070279502868652344e+01
3.845022618770599365e-01
3.131230735778808594e+01
-4.124592971801757812e+01
-1.387181396484375000e+02
1.400388183593750000e+02
-6.955825328826904297e+00
7.454152107238769531e+00
-7.219465637207031250e+01
-2.732705688476562500e+02
-3.418843078613281250e+02
4.850519943237304688e+01
-5.547566890716552734e+00
4.400892734527587891e+00
-1.472076873779296875e+02
-3.637243347167968750e+02
-5.280639038085937500e+02
3.334812164306640625e+01
-1.805527359247207642e-01
-1.364639639854431152e+00
-1.692973899841308594e+01
-8.912521600723266602e-01
5.620077610015869141e+00
1.247519627213478088e-01
-1.169632673263549805e-01
-4.641414880752563477e-01
7.115377807617187500e+02
1.097120117187500000e+03
2.697865722656250000e+03
-3.496790313720703125e+01
-5.805122375488281250e+00
-6.434000968933105469e+00
1.904226953125000000e+04
9.300486328125000000e+03
1.441715527343750000e+04
-2.187898254394531250e+01
-6.816442012786865234e+00
-2.048508262634277344e+01
5.968317871093750000e+03
8.010915039062500000e+03
7.255694335937500000e+03
-4.209949493408203125e+01
-3.627627182006835938e+01
-2.021722030639648438e+01
2.996444580078125000e+03
2.404698486328125000e+03
1.504275024414062500e+03
-5.573330688476562500e+01
-3.907604598999023438e+01
-2.231219100952148438e+01
1.351835937500000000e+03
1.790529663085937500e+03
6.677294921875000000e+02
-5.703336334228515625e+01
-3.183475112915039062e+01
-2.923304557800292969e+01
9.133380737304687500e+02
9.199014892578125000e+02
2.540427246093750000e+02
-1.488369903564453125e+02
-2.745510292053222656e+01
-2.704948425292968750e+01
4.112009887695312500e+02
4.845979614257812500e+02
1.254203414916992188e+02
-2.533864135742187500e+02
-2.191167449951171875e+01
-1.896501350402832031e+01
2.208091735839843750e+02
3.195010070800781250e+02
7.467632770538330078e+00
-1.499213867187500000e+02
-1.339943695068359375e+01
-1.344262123107910156e+01
1.272730484008789062e+02
2.626606140136718750e+02
1.340274333953857422e+01
1.977443504333496094e+01
-1.612959098815917969e+01
-1.212134552001953125e+01
7.416852569580078125e+01
2.126151580810546875e+02
-1.892296028137207031e+01
-1.680266380310058594e+01
-1.459781646728515625e+01
-3.549354791641235352e+00
1.573277664184570312e+01
1.429699096679687500e+02
-6.799288940429687500e+01
2.497636871337890625e+02
-8.139853477478027344e+00
2.844784498214721680e+00
-8.796005249023437500e+01
1.643397140502929688e+01
-1.938098907470703125e+02
1.810000457763671875e+02
-2.600321531295776367e+00
1.131960487365722656e+01
-2.786863403320312500e+02
-3.177958679199218750e+02
-3.578101806640625000e+02
6.474093627929687500e+01
2.635184288024902344e+00
1.393475723266601562e+01
-5.527012329101562500e+02
-4.406120910644531250e+02
-8.640708007812500000e+02
4.767892837524414062e+01
5.264187812805175781e+00
1.312475681304931641e+01
-7.107694091796875000e+02
-1.071160156250000000e+03
-2.705583496093750000e+03
3.266744232177734375e+01
5.021437168121337891e+00
5.291537761688232422e+00
1.664604187011718750e+01
-1.827517890930175781e+01
-6.060957431793212891e+00
-2.855712473392486572e-01
-1.841846704483032227e-01
-9.267640113830566406e-02
1.949581250000000000e+04
9.093628906250000000e+03
1.440228515625000000e+04
-2.439084625244140625e+01
-8.086813926696777344e+00
-2.428916549682617188e+01
2.364783007812500000e+04
2.364572265625000000e+04
2.115546093750000000e+04
-4.090538024902343750e+01
-4.090184783935546875e+01
-2.461234855651855469e+01
7.604761230468750000e+03
6.810841796875000000e+03
6.038517578125000000e+03
-5.629055023193359375e+01
-4.939863967895507812e+01
-3.161176872253417969e+01
3.297931640625000000e+03
2.268369140625000000e+03
1.420082031250000000e+03
-6.032652282714843750e+01
-5.391402435302734375e+01
-3.180095100402832031e+01
1.446887817382812500e+03
2.621050292968750000e+03
5.380652465820312500e+02
-7.311531829833984375e+01
-4.629819107055664062e+01
-3.208834075927734375e+01
6.703156127929687500e+02
1.515261352539062500e+03
2.332667236328125000e+02
-1.863735351562500000e+02
-3.689170837402343750e+01
-2.967405700683593750e+01
2.897897338867187500e+02
8.362858886718750000e+02
5.895431518554687500e+01
-2.462666168212890625e+02
-3.143468093872070312e+01
-2.424659538269042969e+01
1.680168457031250000e+02
6.810167236328125000e+02
1.148715877532958984e+01
4.580999374389648438e+01
-2.756492614746093750e+01
-2.565627861022949219e+01
9.281200408935546875e+01
5.942096557617187500e+02
-2.756413841247558594e+01
-4.606922912597656250e+01
-2.155331420898437500e+01
-3.051542282104492188e+01
4.206073760986328125e+01
5.206013183593750000e+02
-2.194088745117187500e+01
1.288348999023437500e+02
-2.294520187377929688e+01
-1.132638740539550781e+01
-9.188690948486328125e+01
5.165153198242187500e+02
-1.096055297851562500e+02
2.312184295654296875e+02
-1.843873214721679688e+01
-1.516852736473083496e+00
-3.862196655273437500e+02
5.549501953125000000e+02
-2.023361816406250000e+02
1.314745483398437500e+02
-1.312037754058837891e+01
8.228976249694824219e+00
-6.659722290039062500e+02
8.126682128906250000e+02
-4.728731079101562500e+02
4.746267700195312500e+01
-1.639035797119140625e+01
1.445688438415527344e+01
-1.228966186523437500e+03
7.123936157226562500e+02
-7.279117431640625000e+02
3.712822341918945312e+01
-1.294544792175292969e+01
1.094627189636230469e+01
1.169736124575138092e-02
-4.491885192692279816e-03
3.900316357612609863e-02
1.971883029909804463e-04
3.572250716388225555e-04
3.230914880987256765e-04
1.825571441650390625e+01
-1.655671882629394531e+01
6.200178623199462891e+00
1.843443810939788818e-01
2.858110368251800537e-01
9.292678534984588623e-02
1.964575976562500000e+04
9.369144531250000000e+03
1.552957910156250000e+04
-2.125611495971679688e+01
-6.440413475036621094e+00
-2.035114097595214844e+01
6.054341796875000000e+03
8.182584960937500000e+03
7.032253417968750000e+03
-4.332189941406250000e+01
-3.641812515258789062e+01
-2.010826110839843750e+01
2.998739013671875000e+03
2.463759765625000000e+03
1.491773559570312500e+03
-5.555556869506835938e+01
-3.883536148071289062e+01
-2.265627670288085938e+01
1.378401977539062500e+03
1.803220214843750000e+03
6.636696777343750000e+02
-5.678839874267578125e+01
-3.147529602050781250e+01
-3.212247467041015625e+01
9.005326538085937500e+02
9.390609130859375000e+02
2.517702026367187500e+02
-1.487582397460937500e+02
-2.798652076721191406e+01
-2.671887779235839844e+01
4.107506713867187500e+02
4.762448730468750000e+02
1.242869644165039062e+02
-2.532280731201171875e+02
-2.305190849304199219e+01
-1.955564117431640625e+01
2.132675323486328125e+02
3.173330688476562500e+02
6.762408733367919922e+00
-1.483780822753906250e+02
-1.362355327606201172e+01
-1.386277008056640625e+01
1.213358688354492188e+02
2.619666442871093750e+02
1.343771553039550781e+01
2.126692390441894531e+01
-1.610805130004882812e+01
-1.199088764190673828e+01
6.927770233154296875e+01
2.058468780517578125e+02
-1.876760864257812500e+01
-8.483801841735839844e+00
-1.422841262817382812e+01
-4.262323379516601562e+00
7.179180145263671875e+00
1.402209777832031250e+02
-6.784155273437500000e+01
2.535527496337890625e+02
-8.787692070007324219e+00
3.159590721130371094e+00
-9.899028778076171875e+01
1.042787456512451172e+01
-1.969163970947265625e+02
1.778103179931640625e+02
-2.288935899734497070e+00
1.018854141235351562e+01
-2.736001586914062500e+02
-3.179250183105468750e+02
-3.568683776855468750e+02
6.455191040039062500e+01
3.510280609130859375e+00
1.398594570159912109e+01
-5.584883422851562500e+02
-4.440395507812500000e+02
-8.443786010742187500e+02
4.777312850952148438e+01
4.607815742492675781e+00
1.309047031402587891e+01
-7.220200805664062500e+02
-1.079061767578125000e+03
-2.729210205078125000e+03
3.250350570678710938e+01
4.986704349517822266e+00
4.893962860107421875e+00
-7.082408447265625000e+02
-1.100604980468750000e+03
-2.697523681640625000e+03
3.496964645385742188e+01
5.803747653961181641e+00
6.435363769531250000e+00
1.717668151855468750e+01
2.972526741027832031e+01
-4.469098281860351562e+01
-5.294033885002136230e-01
-2.733697295188903809e-01
-1.859560161828994751e-01
7.257311401367187500e+02
1.086690063476562500e+03
2.628566650390625000e+03
-3.518082046508789062e+01
-6.413115024566650391e+00
-7.313981056213378906e+00
-2.138785743713378906e+01
1.770630615234375000e+03
1.238489013671875000e+03
-4.383258819580078125e+01
-2.428043174743652344e+01
-6.858835220336914062e+00
1.843973846435546875e+02
1.211343017578125000e+03
6.363818359375000000e+02
-4.928242492675781250e+01
-2.218324851989746094e+01
-1.520410060882568359e+01
1.140904998779296875e+02
5.506953125000000000e+02
2.186336822509765625e+02
-1.053705062866210938e+02
-1.579424095153808594e+01
-1.966483688354492188e+01
4.820749664306640625e+01
3.162870483398437500e+02
1.550406494140625000e+02
-2.417762756347656250e+02
-8.023693084716796875e+00
-1.665119934082031250e+01
2.209126281738281250e+01
1.724584503173828125e+02
3.456885528564453125e+01
-2.607489318847656250e+02
6.392784118652343750e-01
-1.180354881286621094e+01
1.153091049194335938e+01
5.350473403930664062e+01
2.359884834289550781e+01
7.959992980957031250e+01
2.614339113235473633e+00
-7.091610908508300781e+00
-5.051289081573486328e+00
-4.997392654418945312e+01
-2.344425773620605469e+01
-7.098233795166015625e+01
-3.170738697052001953e+00
6.381593227386474609e+00
-2.021601676940917969e+01
-1.665165557861328125e+02
-3.315859985351562500e+01
2.593988037109375000e+02
-3.678268790245056152e-01
1.197242832183837891e+01
-4.658061218261718750e+01
-3.146978149414062500e+02
-1.581949768066406250e+02
2.374163208007812500e+02
8.423700332641601562e+00
1.697097015380859375e+01
-1.077234268188476562e+02
-5.468103637695312500e+02
-2.160965728759765625e+02
1.061998596191406250e+02
1.596325397491455078e+01
1.908731842041015625e+01
-1.914499969482421875e+02
-1.206530395507812500e+03
-6.312394409179687500e+02
4.934620285034179688e+01
2.164022254943847656e+01
1.285007762908935547e+01
4.028548812866210938e+01
-1.749820800781250000e+03
-1.252625610351562500e+03
4.397881317138671875e+01
2.435175895690917969e+01
5.750751495361328125e+00
-5.523417358398437500e+02
-4.327098999023437500e+02
-8.658397216796875000e+02
4.838389968872070312e+01
4.206864833831787109e+00
1.234543800354003906e+01
-1.273087158203125000e+03
7.344500732421875000e+02
-7.285075073242187500e+02
3.519782257080078125e+01
-1.409888267517089844e+01
1.015771389007568359e+01
1.049182987213134766e+01
-6.819797515869140625e+00
6.444591522216796875e+00
-2.526566982269287109e-01
-7.739364355802536011e-02
3.924369812011718750e-01
1.466117553710937500e+02
3.692074279785156250e+02
5.419287109375000000e+02
-3.339334487915039062e+01
8.862627297639846802e-02
1.525439262390136719e+00
-1.132449493408203125e+02
7.367698974609375000e+02
4.083544311523437500e+02
-4.071609497070312500e+01
-1.118849086761474609e+01
4.145520687103271484e+00
-5.368349456787109375e+01
3.936499023437500000e+02
1.666343078613281250e+02
-8.132715606689453125e+01
-6.257973670959472656e+00
-1.030308437347412109e+01
-2.612158584594726562e+01
3.062026672363281250e+02
1.105024108886718750e+02
-2.062624359130859375e+02
-3.246444225311279297e+00
-8.855552673339843750e+00
-1.290393161773681641e+01
1.450938262939453125e+02
5.856846237182617188e+01
-2.663436584472656250e+02
3.768517732620239258e+00
-5.332282066345214844e+00
-4.044436454772949219e+00
-3.168396759033203125e+01
1.523030185699462891e+01
-4.513316345214843750e+01
1.243632698059082031e+01
-4.042393207550048828e+00
-2.196905708312988281e+01
-2.048918304443359375e+02
-5.534713268280029297e+00
1.616166496276855469e+01
1.288662338256835938e+01
5.817347049713134766e+00
-4.252383041381835938e+01
-3.284392700195312500e+02
-1.001113128662109375e+01
1.786550598144531250e+02
6.780139923095703125e+00
1.749650573730468750e+01
-7.935741424560546875e+01
-4.213095092773437500e+02
-1.246134719848632812e+02
2.666811828613281250e+02
1.204369354248046875e+01
2.027879905700683594e+01
-1.978544921875000000e+02
-4.680290222167968750e+02
-1.421289672851562500e+02
1.899682159423828125e+02
1.874154090881347656e+01
2.270196914672851562e+01
-3.652679138183593750e+02
-5.029185485839843750e+02
-3.139176635742187500e+02
7.589947509765625000e+01
1.872773361206054688e+01
2.455225944519042969e+01
-1.924921264648437500e+02
-1.204434448242187500e+03
-6.355263061523437500e+02
4.927964401245117188e+01
2.165552902221679688e+01
1.235663127899169922e+01
-2.675418090820312500e+02
-3.206146545410156250e+02
-3.571741943359375000e+02
6.493148803710937500e+01
2.705586671829223633e+00
1.457802486419677734e+01
-6.863534545898437500e+02
8.285642700195312500e+02
-4.741571044921875000e+02
4.685646057128906250e+01
-1.684604454040527344e+01
1.665833854675292969e+01
-3.817790222167968750e+02
3.869374694824218750e+02
-3.371193542480468750e+02
3.384803771972656250e+01
-1.858503341674804688e+01
4.956888198852539062e+00
5.766867101192474365e-02
-5.942587554454803467e-02
-8.471676111221313477e-01
-1.349364817142486572e-01
-4.113876521587371826e-01
-9.052792787551879883e-01
-2.262749099731445312e+01
2.156359710693359375e+02
1.069728546142578125e+02
-3.301539230346679688e+01
4.372696399688720703e+00
9.469808578491210938e+00
-1.244351577758789062e+01
3.001740417480468750e+02
6.826419830322265625e+01
-6.984738159179687500e+01
-3.193041324615478516e+00
1.102690458297729492e+00
1.269331264495849609e+01
3.434958496093750000e+02
5.987518692016601562e+01
-1.789163055419921875e+02
-2.157741069793701172e+00
2.524160146713256836e+00
2.913128662109375000e+01
2.978938293457031250e+02
3.154901504516601562e+01
-2.477997589111328125e+02
6.349026679992675781e+00
2.961029708385467529e-01
4.040014648437500000e+01
1.226141891479492188e+02
2.072772979736328125e+00
-1.848679809570312500e+02
1.519465827941894531e+01
2.220475435256958008e+00
2.990204048156738281e+01
-1.500632781982421875e+02
-2.231641292572021484e+00
-8.057182312011718750e+01
1.638076400756835938e+01
9.028417468070983887e-01
-1.243917703628540039e+00
-3.942689514160156250e+02
-3.195001220703125000e+01
1.125375976562500000e+02
1.707722473144531250e+01
5.160705089569091797e+00
-5.439757537841796875e+01
-5.559819946289062500e+02
-6.942389678955078125e+01
2.814304504394531250e+02
9.491159439086914062e+00
2.031075477600097656e+01
-1.027870101928710938e+02
-5.524417114257812500e+02
-1.119799499511718750e+02
2.648053283691406250e+02
1.767275047302246094e+01
2.237015914916992188e+01
-2.025318908691406250e+02
-4.668719787597656250e+02
-1.394012908935546875e+02
1.913404388427734375e+02
1.847088050842285156e+01
2.180327987670898438e+01
-1.056419830322265625e+02
-5.469296264648437500e+02
-2.203338928222656250e+02
1.066233444213867188e+02
1.539728736877441406e+01
1.914456939697265625e+01
-8.722712707519531250e+01
1.799221611022949219e+01
-1.943867645263671875e+02
1.766600952148437500e+02
-2.886273145675659180e+00
1.119255352020263672e+01
-3.917223205566406250e+02
5.717543334960937500e+02
-2.014427337646484375e+02
1.310991821289062500e+02
-1.415391063690185547e+01
8.133790016174316406e+00
-2.055723876953125000e+02
3.802970275878906250e+02
-1.453624267578125000e+02
8.232626342773437500e+01
-1.928422737121582031e+01
4.432515621185302734e+00
-3.601700592041015625e+01
8.261543273925781250e+01
-9.174485015869140625e+01
4.456541442871093750e+01
-1.448458385467529297e+01
1.861363649368286133e+00
-4.292395710945129395e-01
7.120337486267089844e-01
1.305965304374694824e+00
4.894258920103311539e-03
-1.559380143880844116e-01
-2.008214145898818970e-01
-2.805381965637207031e+01
1.733905792236328125e+02
2.142708969116210938e+01
-6.546237945556640625e+01
6.045097827911376953e+00
1.353020763397216797e+01
5.596170043945312500e+01
2.755349121093750000e+02
1.996808648109436035e+00
-1.600278015136718750e+02
6.421548128128051758e-01
1.244761466979980469e+01
9.015450286865234375e+01
3.591054992675781250e+02
-4.064440155029296875e+01
-2.288040161132812500e+02
8.292941093444824219e+00
1.012582874298095703e+01
9.908274078369140625e+01
3.631802978515625000e+02
-2.451961708068847656e+01
-2.345158538818359375e+02
2.086789894104003906e+01
9.709578514099121094e+00
9.338226318359375000e+01
1.950205993652343750e+02
-1.911347579956054688e+01
-1.636394348144531250e+02
2.046684074401855469e+01
2.379643201828002930e+00
6.936030578613281250e+01
-1.546327819824218750e+02
-3.908325576782226562e+01
-2.432425689697265625e+01
2.070752906799316406e+01
-1.287989258766174316e+00
1.642636680603027344e+01
-4.791636047363281250e+02
-4.607962799072265625e+01
2.197279205322265625e+02
2.005844688415527344e+01
-3.113678097724914551e-01
-5.296112442016601562e+01
-5.574989013671875000e+02
-6.988681793212890625e+01
2.865663452148437500e+02
9.527844429016113281e+00
2.010821914672851562e+01
-8.302709960937500000e+01
-4.183957519531250000e+02
-1.238685379028320312e+02
2.657314758300781250e+02
1.229902076721191406e+01
2.017490959167480469e+01
-4.981856918334960938e+01
-3.202346496582031250e+02
-1.542400512695312500e+02
2.395800628662109375e+02
8.421019554138183594e+00
1.711741638183593750e+01
1.373363876342773438e+01
1.428038330078125000e+02
-6.823355102539062500e+01
2.508487701416015625e+02
-8.646192550659179688e+00
2.252191543579101562e+00
-9.423067474365234375e+01
5.126005859375000000e+02
-1.064167633056640625e+02
2.290422973632812500e+02
-1.963920211791992188e+01
-1.690068006515502930e+00
2.438935470581054688e+01
4.078348999023437500e+02
-1.340128326416015625e+02
1.823726043701171875e+02
-2.124610710144042969e+01
-1.527922868728637695e+00
8.872225952148437500e+01
1.887781677246093750e+02
-9.419596099853515625e+01
1.244750595092773438e+02
-1.857946205139160156e+01
-1.103974729776382446e-01
1.045979766845703125e+02
-9.762624359130859375e+01
-2.201818084716796875e+01
7.237467956542968750e+01
-1.249559783935546875e+01
-2.173681259155273438e+00
-1.519352674484252930e+00
7.907462716102600098e-01
1.047658734023571014e-02
-1.591876983642578125e+00
-1.487468630075454712e-01
1.068919181823730469e+00
-2.914315414428710938e+01
1.958394165039062500e+02
-1.316763591766357422e+01
-9.721662902832031250e+01
5.134025096893310547e+00
1.731631851196289062e+01
1.153676452636718750e+02
2.504779968261718750e+02
-4.900173950195312500e+01
-1.977261505126953125e+02
1.124930763244628906e+01
2.583592796325683594e+01
1.584789123535156250e+02
3.637468566894531250e+02
-4.888987731933593750e+01
-2.537776489257812500e+02
1.899961853027343750e+01
7.211110591888427734e+00
1.566301269531250000e+02
4.144347229003906250e+02
-7.850828552246093750e+01
-2.318646240234375000e+02
2.215409469604492188e+01
7.278375148773193359e+00
1.283408660888671875e+02
2.618341674804687500e+02
-8.189826965332031250e+01
-2.133575897216796875e+02
2.526980972290039062e+01
-4.197253704071044922e+00
6.910169982910156250e+01
-1.555638122558593750e+02
-4.354291534423828125e+01
-2.251053619384765625e+01
2.137286949157714844e+01
-1.829686045646667480e+00
9.725995361804962158e-02
-3.959340515136718750e+02
-3.186421585083007812e+01
1.249391555786132812e+02
1.745649147033691406e+01
4.776707649230957031e+00
-4.529313278198242188e+01
-3.251989746093750000e+02
-1.015808677673339844e+01
1.825275268554687500e+02
6.398221492767333984e+00
1.752026176452636719e+01
-2.753361129760742188e+01
-1.676741180419921875e+02
-3.453970336914062500e+01
2.583551330566406250e+02
-1.195832118391990662e-01
1.161438941955566406e+01
7.427025604248046875e+01
2.115073699951171875e+02
-1.822203826904296875e+01
-1.275555801391601562e+01
-1.455868816375732422e+01
-3.573301315307617188e+00
3.388152313232421875e+01
5.198912353515625000e+02
-2.149220275878906250e+01
1.273707504272460938e+02
-2.261996269226074219e+01
-1.121655368804931641e+01
1.276563034057617188e+02
5.366849975585937500e+02
-3.796548080444335938e+01
1.961618347167968750e+02
-2.620783424377441406e+01
-1.310304069519042969e+01
1.658120880126953125e+02
3.372303771972656250e+02
-5.336760711669921875e+01
1.732641296386718750e+02
-2.432652854919433594e+01
-9.992726325988769531e+00
2.022899475097656250e+02
-7.070182800292968750e+01
-3.236522293090820312e+01
1.222042846679687500e+02
-1.933700180053710938e+01
-3.835487127304077148e+00
1.931507110595703125e+02
-2.610022583007812500e+02
1.833024024963378906e+01
5.677159118652343750e+01
-5.596639156341552734e+00
-2.351988077163696289e+00
-2.109328746795654297e+00
-9.390031695365905762e-01
-2.535326957702636719e+00
-2.927171707153320312e+00
2.176944732666015625e+00
9.182394742965698242e-01
-1.551893234252929688e+01
2.065240936279296875e+02
-2.979566383361816406e+01
-1.189625320434570312e+02
1.050681781768798828e+01
2.049703598022460938e+01
1.729134674072265625e+02
2.274172058105468750e+02
-1.071812744140625000e+02
-2.238744201660156250e+02
1.652908325195312500e+01
1.603678131103515625e+01
1.875107727050781250e+02
3.716142578125000000e+02
-1.950350036621093750e+02
-1.942431335449218750e+02
9.346357345581054688e+00
5.483350276947021484e+00
1.568323669433593750e+02
4.152760314941406250e+02
-7.825239562988281250e+01
-2.331727294921875000e+02
2.301309394836425781e+01
7.101859092712402344e+00
9.225209808349609375e+01
1.954700775146484375e+02
-1.999998283386230469e+01
-1.621927947998046875e+02
2.206089973449707031e+01
2.601012468338012695e+00
2.892771911621093750e+01
-1.471246032714843750e+02
-3.118155717849731445e+00
-7.770836639404296875e+01
1.709112548828125000e+01
2.869673073291778564e-01
-2.211787033081054688e+01
-2.003964080810546875e+02
-6.353089332580566406e+00
1.347452831268310547e+01
1.246227550506591797e+01
5.710598468780517578e+00
-1.043571090698242188e+01
-4.993961334228515625e+01
-2.332080841064453125e+01
-7.329581451416015625e+01
-2.531069993972778320e+00
7.302956581115722656e+00
1.240543975830078125e+02
2.638742370605468750e+02
1.348573017120361328e+01
1.997142982482910156e+01
-1.650057792663574219e+01
-1.190471076965332031e+01
9.351825714111328125e+01
5.911440429687500000e+02
-2.640460968017578125e+01
-4.495328521728515625e+01
-2.155622673034667969e+01
-3.240273666381835938e+01
1.858203735351562500e+02
6.277868041992187500e+02
-2.656408500671386719e+01
-1.137920608520507812e+02
-3.332423400878906250e+01
-2.208365821838378906e+01
2.388522644042968750e+02
5.021737670898437500e+02
-1.143936157226562500e+01
-2.610978126525878906e+01
-2.785197639465332031e+01
-1.517347908020019531e+01
2.725057373046875000e+02
9.199169158935546875e+01
-1.033985042572021484e+01
6.982369232177734375e+01
-2.452963829040527344e+01
-1.335733318328857422e+01
2.632791748046875000e+02
-3.182599182128906250e+02
7.140576362609863281e+00
9.048876190185546875e+01
-1.931013488769531250e+01
-1.240159702301025391e+01
2.404942169189453125e+02
-3.638613891601562500e+02
1.960573768615722656e+01
9.342194366455078125e+01
-5.304571151733398438e+00
-1.211840057373046875e+01
4.481445550918579102e-01
1.674321293830871582e+00
1.482816457748413086e+00
-8.683131217956542969e+00
-1.774062871932983398e+00
-1.618701338768005371e+00
-9.522736549377441406e+00
2.122279815673828125e+02
-1.340371551513671875e+02
-5.596107482910156250e+01
8.767868041992187500e+00
1.575497913360595703e+01
1.711347656250000000e+02
2.244552154541015625e+02
-1.083145675659179688e+02
-2.188043975830078125e+02
1.900866127014160156e+01
1.743704986572265625e+01
1.563593597412109375e+02
3.616945800781250000e+02
-4.835538482666015625e+01
-2.392459411621093750e+02
2.012132263183593750e+01
7.653047084808349609e+00
9.969535064697265625e+01
3.613125305175781250e+02
-2.603365516662597656e+01
-2.249408569335937500e+02
2.173949432373046875e+01
1.037818622589111328e+01
3.948971176147460938e+01
1.239678726196289062e+02
1.705976605415344238e+00
-1.903591003417968750e+02
1.622334861755371094e+01
1.988183259963989258e+00
-6.463806629180908203e+00
-3.093432807922363281e+01
1.482892322540283203e+01
-4.820419311523437500e+01
1.212568187713623047e+01
-4.653724670410156250e+00
1.046146488189697266e+01
4.992010498046875000e+01
2.332543563842773438e+01
7.328958129882812500e+01
2.536251068115234375e+00
-7.305108547210693359e+00
2.173880004882812500e+02
3.213920593261718750e+02
7.936053752899169922e+00
-1.546573638916015625e+02
-1.383057689666748047e+01
-1.367090225219726562e+01
1.683546447753906250e+02
6.695338134765625000e+02
1.223840427398681641e+01
4.276884841918945312e+01
-2.674120140075683594e+01
-2.635365486145019531e+01
2.513468170166015625e+02
6.819141845703125000e+02
1.398160076141357422e+01
6.802861022949218750e+01
-3.513529968261718750e+01
-3.655058670043945312e+01
3.208118591308593750e+02
6.151883544921875000e+02
4.899605751037597656e+00
-2.330709075927734375e+01
-3.429140853881835938e+01
-2.464231300354003906e+01
3.429266967773437500e+02
2.949073181152343750e+02
1.185972023010253906e+01
3.774145507812500000e+01
-3.283203125000000000e+01
-1.553464508056640625e+01
3.261936035156250000e+02
-2.486855316162109375e+02
1.617350196838378906e+01
9.777353668212890625e+01
-2.737371826171875000e+01
-1.391537570953369141e+01
3.009965209960937500e+02
-4.706925354003906250e+02
5.813765716552734375e+01
1.146584091186523438e+02
-1.697112464904785156e+01
-2.405683708190917969e+01
2.643637084960937500e+02
-4.205354614257812500e+02
1.630316009521484375e+02
-3.300952911376953125e+01
-5.318231105804443359e+00
-3.279064559936523438e+01
4.118818044662475586e-01
-9.665607213973999023e-01
1.785440683364868164e+00
6.466563224792480469e+00
1.536103248596191406e+00
1.118883043527603149e-01
-1.529378318786621094e+01
2.082090301513671875e+02
-3.117103004455566406e+01
-1.159540863037109375e+02
1.176664638519287109e+01
2.046465301513671875e+01
1.171506271362304688e+02
2.536680755615234375e+02
-4.839509201049804688e+01
-1.891481628417968750e+02
1.198611354827880859e+01
2.682894134521484375e+01
9.171327209472656250e+01
3.614262390136718750e+02
-4.384584426879882812e+01
-2.239893188476562500e+02
8.570116043090820312e+00
1.062041664123535156e+01
3.059142303466796875e+01
2.951188354492187500e+02
3.062156677246093750e+01
-2.509113922119140625e+02
6.941978931427001953e+00
3.322767615318298340e-01
-1.151021957397460938e+01
1.519512481689453125e+02
5.713829040527343750e+01
-2.670112304687500000e+02
5.680381298065185547e+00
-5.101007461547851562e+00
2.755514717102050781e+01
1.676605224609375000e+02
3.453570938110351562e+01
-2.583168945312500000e+02
1.151821389794349670e-01
-1.160897636413574219e+01
4.171668701171875000e+02
4.819885559082031250e+02
1.232630615234375000e+02
-2.561579589843750000e+02
-2.174823951721191406e+01
-1.908544349670410156e+01
2.972407226562500000e+02
8.238858032226562500e+02
5.902151870727539062e+01
-2.469310913085937500e+02
-3.080442810058593750e+01
-2.274874877929687500e+01
3.702018127441406250e+02
7.001344604492187500e+02
3.126353645324707031e+01
-2.429474182128906250e+02
-3.343798065185546875e+01
-3.525655364990234375e+01
4.019565734863281250e+02
6.106176757812500000e+02
2.083913040161132812e+01
-1.669353332519531250e+02
-3.626718521118164062e+01
-4.069010543823242188e+01
4.420822143554687500e+02
4.236520690917968750e+02
2.270254707336425781e+01
-1.125391616821289062e+02
-3.631322860717773438e+01
-2.368793678283691406e+01
4.066132812500000000e+02
-5.108035206794738770e-01
2.189825057983398438e+01
9.645216941833496094e+00
-3.206143188476562500e+01
-1.659722709655761719e+01
3.518157348632812500e+02
-4.231351318359375000e+02
6.510898590087890625e+01
1.628968658447265625e+02
-2.491895675659179688e+01
-1.754624938964843750e+01
3.010717468261718750e+02
-4.727184753417968750e+02
5.610351943969726562e+01
1.142979660034179688e+02
-1.645780372619628906e+01
-2.419634819030761719e+01
2.390282440185546875e+02
-3.651069335937500000e+02
2.026950454711914062e+01
9.290129852294921875e+01
-4.163708686828613281e+00
-1.236049747467041016e+01
1.877926945686340332e+00
5.271821618080139160e-01
4.898368418216705322e-01
2.483657598495483398e+00
5.319542288780212402e-01
5.443927049636840820e-01
-2.769593811035156250e+01
1.935533599853515625e+02
-1.337370872497558594e+01
-9.586558532714843750e+01
7.082480907440185547e+00
1.931945610046386719e+01
5.707127761840820312e+01
2.728869628906250000e+02
3.083750247955322266e+00
-1.573292083740234375e+02
1.035311222076416016e+00
1.189916610717773438e+01
1.311664772033691406e+01
3.439162902832031250e+02
6.054942321777343750e+01
-1.758063354492187500e+02
-1.758334875106811523e+00
2.295997381210327148e+00
-2.452424621582031250e+01
3.061533203125000000e+02
1.138574066162109375e+02
-2.018097991943359375e+02
-3.387493133544921875e+00
-8.933678627014160156e+00
4.983239746093750000e+01
3.202317199707031250e+02
1.542345581054687500e+02
-2.395646514892578125e+02
-8.425796508789062500e+00
-1.711654090881347656e+01
9.142542114257812500e+02
9.211828002929687500e+02
2.509214630126953125e+02
-1.486850738525390625e+02
-2.805805397033691406e+01
-2.760040664672851562e+01
6.773712768554687500e+02
1.521537719726562500e+03
2.325025939941406250e+02
-1.866442565917968750e+02
-3.707476043701171875e+01
-2.894652366638183594e+01
7.142056274414062500e+02
7.135720825195312500e+02
1.751757354736328125e+02
-2.310416870117187500e+02
-3.754541015625000000e+01
-3.867577362060546875e+01
5.791375122070312500e+02
5.550804443359375000e+02
1.140826492309570312e+02
-2.481829376220703125e+02
-3.501380538940429688e+01
-4.313179779052734375e+01
5.607718505859375000e+02
4.624985961914062500e+02
4.881219863891601562e+01
-2.785014953613281250e+02
-3.231267547607421875e+01
-4.100939178466796875e+01
5.032279052734375000e+02
2.709446105957031250e+02
3.764489364624023438e+01
-1.876717529296875000e+02
-3.543079757690429688e+01
-2.224732589721679688e+01
4.085809020996093750e+02
-1.619103103876113892e-01
2.038405990600585938e+01
3.486921072006225586e+00
-3.132233047485351562e+01
-1.659729003906250000e+01
3.262698059082031250e+02
-2.476585693359375000e+02
1.451163101196289062e+01
1.000308227539062500e+02
-2.522991752624511719e+01
-1.351971054077148438e+01
2.634832153320312500e+02
-3.194251708984375000e+02
7.180723190307617188e+00
9.382393646240234375e+01
-1.837733650207519531e+01
-1.214924526214599609e+01
1.947820281982421875e+02
-2.613112487792968750e+02
1.831818008422851562e+01
5.977745819091796875e+01
-4.709705829620361328e+00
-1.912469744682312012e+00
-7.759326696395874023e-01
-2.221169024705886841e-01
1.165620088577270508e+00
-1.040854334831237793e+00
1.705738455057144165e-01
-1.885755509138107300e-01
-2.803709030151367188e+01
1.749773406982421875e+02
1.892617034912109375e+01
-6.630245208740234375e+01
6.367502689361572266e+00
1.415553092956542969e+01
-1.122379875183105469e+01
3.007109069824218750e+02
6.998743438720703125e+01
-7.091053771972656250e+01
-2.981559991836547852e+00
3.220926523208618164e+00
-4.996868133544921875e+01
3.951069641113281250e+02
1.655533447265625000e+02
-8.323323822021484375e+01
-6.371311187744140625e+00
-9.820111274719238281e+00
1.056510086059570312e+02
5.470412597656250000e+02
2.203360443115234375e+02
-1.066198120117187500e+02
-1.540079498291015625e+01
-1.914261817932128906e+01
1.353519653320312500e+03
1.785109497070312500e+03
6.675699462890625000e+02
-5.732967376708984375e+01
-3.130199623107910156e+01
-2.881010818481445312e+01
1.443090209960937500e+03
2.644153320312500000e+03
5.398300781250000000e+02
-7.402367401123046875e+01
-4.608812713623046875e+01
-3.178543281555175781e+01
1.686437011718750000e+03
8.716674194335937500e+02
3.783767089843750000e+02
-1.091929016113281250e+02
-4.449762725830078125e+01
-4.547431564331054688e+01
1.163134033203125000e+03
4.958283996582031250e+02
2.501240234375000000e+02
-1.832343597412109375e+02
-3.906896209716796875e+01
-4.853677749633789062e+01
6.666417236328125000e+02
4.432893066406250000e+02
1.638760223388671875e+02
-2.470972442626953125e+02
-3.622030258178710938e+01
-4.649015426635742188e+01
5.595428466796875000e+02
4.643409423828125000e+02
4.832635116577148438e+01
-2.762571105957031250e+02
-3.302733230590820312e+01
-4.100929641723632812e+01
4.419144592285156250e+02
4.198898010253906250e+02
2.162768554687500000e+01
-1.153506927490234375e+02
-3.603898239135742188e+01
-2.392575263977050781e+01
3.433659667968750000e+02
2.929574584960937500e+02
1.027660274505615234e+01
3.919055938720703125e+01
-3.240446090698242188e+01
-1.590587043762207031e+01
2.701811218261718750e+02
9.193758392333984375e+01
-9.448786735534667969e+00
6.630632019042968750e+01
-2.348864746093750000e+01
-1.323783016204833984e+01
2.032097778320312500e+02
-7.211660003662109375e+01
-3.193739891052246094e+01
1.168184204101562500e+02
-1.893774223327636719e+01
-3.848382949829101562e+00
1.068097686767578125e+02
-9.879670715332031250e+01
-2.408826255798339844e+01
7.239755249023437500e+01
-1.226239585876464844e+01
-2.772660255432128906e+00
9.724329225718975067e-03
-2.170360088348388672e-02
8.029187917709350586e-01
1.440388523042201996e-02
5.822397768497467041e-02
5.544335246086120605e-01
-2.318334579467773438e+01
2.168668823242187500e+02
1.118595275878906250e+02
-3.345134735107421875e+01
4.054674148559570312e+00
9.594622611999511719e+00
-1.208874435424804688e+02
7.300161743164062500e+02
4.052054138183593750e+02
-4.133629608154296875e+01
-1.118700790405273438e+01
4.126839637756347656e+00
1.924044036865234375e+02
1.204607788085937500e+03
6.355424804687500000e+02
-4.927819824218750000e+01
-2.165906524658203125e+01
-1.234937000274658203e+01
3.017287353515625000e+03
2.404828369140625000e+03
1.503839721679687500e+03
-5.539905548095703125e+01
-3.844205474853515625e+01
-2.213096427917480469e+01
3.269453369140625000e+03
2.265782958984375000e+03
1.388168334960937500e+03
-6.149291229248046875e+01
-5.246518325805664062e+01
-3.149258995056152344e+01
2.704884277343750000e+03
1.681874877929687500e+03
1.056886230468750000e+03
-5.717190551757812500e+01
-5.084496688842773438e+01
-3.980457687377929688e+01
2.135063964843750000e+03
5.409720458984375000e+02
5.684017333984375000e+02
-7.928984069824218750e+01
-4.196519088745117188e+01
-5.208387374877929688e+01
1.157514648437500000e+03
4.949486389160156250e+02
2.511637268066406250e+02
-1.833628540039062500e+02
-3.949116134643554688e+01
-4.867345046997070312e+01
5.833149414062500000e+02
5.549467773437500000e+02
1.146428604125976562e+02
-2.479942474365234375e+02
-3.505988693237304688e+01
-4.335249710083007812e+01
4.033977661132812500e+02
6.078820800781250000e+02
2.178394889831542969e+01
-1.633122863769531250e+02
-3.592321014404296875e+01
-3.964345932006835938e+01
3.201501770019531250e+02
6.109955444335937500e+02
3.297971725463867188e+00
-2.332779121398925781e+01
-3.398973464965820312e+01
-2.432073783874511719e+01
2.384830780029296875e+02
5.015186767578125000e+02
-1.197561454772949219e+01
-3.166904449462890625e+01
-2.810069465637207031e+01
-1.581433200836181641e+01
1.671251068115234375e+02
3.427882690429687500e+02
-5.258256530761718750e+01
1.706062011718750000e+02
-2.293243598937988281e+01
-1.012265110015869141e+01
8.973631286621093750e+01
1.889972381591796875e+02
-9.143408203125000000e+01
1.314908142089843750e+02
-1.860384750366210938e+01
-2.649892866611480713e-01
-2.881540489196777344e+01
8.460487365722656250e+01
-8.823661804199218750e+01
4.399449920654296875e+01
-1.412352085113525391e+01
2.189065694808959961e+00
7.494645714759826660e-01
2.739375352859497070e+00
1.136175751686096191e+00
-4.294716939330101013e-02
1.180401518940925598e-01
-3.402142822742462158e-01
1.415263824462890625e+02
3.505645751953125000e+02
5.223593139648437500e+02
-3.268700790405273438e+01
2.056418806314468384e-01
8.511098027229309082e-01
-4.044948577880859375e+01
1.750012573242187500e+03
1.252579589843750000e+03
-4.397752761840820312e+01
-2.435354042053222656e+01
-5.748191356658935547e+00
5.968969238281250000e+03
8.012084960937500000e+03
7.254895019531250000e+03
-4.209712600708007812e+01
-3.627985000610351562e+01
-2.021602249145507812e+01
7.623885253906250000e+03
6.691659667968750000e+03
6.083622558593750000e+03
-5.840928649902343750e+01
-5.109019851684570312e+01
-3.183237457275390625e+01
4.197435058593750000e+03
2.801473876953125000e+03
2.314681640625000000e+03
-6.087875747680664062e+01
-5.577109146118164062e+01
-3.632695388793945312e+01
2.691040527343750000e+03
1.681719726562500000e+03
1.058214721679687500e+03
-5.666697311401367188e+01
-5.071690368652343750e+01
-4.088536071777343750e+01
1.700433105468750000e+03
8.686369628906250000e+02
3.803854980468750000e+02
-1.089114913940429688e+02
-4.442932128906250000e+01
-4.389142608642578125e+01
7.286635131835937500e+02
7.196945800781250000e+02
1.775843353271484375e+02
-2.271664581298828125e+02
-3.795413208007812500e+01
-3.996971511840820312e+01
3.692172546386718750e+02
6.976886596679687500e+02
3.099940490722656250e+01
-2.421567382812500000e+02
-3.386505126953125000e+01
-3.545798492431640625e+01
2.574358825683593750e+02
6.797517089843750000e+02
1.313537693023681641e+01
7.413449859619140625e+01
-3.462634658813476562e+01
-3.596158981323242188e+01
1.893670959472656250e+02
6.310976562500000000e+02
-2.840785789489746094e+01
-1.157621002197265625e+02
-3.244488143920898438e+01
-2.167414474487304688e+01
1.290305938720703125e+02
5.353780517578125000e+02
-3.835111618041992188e+01
1.997681274414062500e+02
-2.577436637878417969e+01
-1.321844291687011719e+01
2.509912872314453125e+01
4.062701721191406250e+02
-1.343081207275390625e+02
1.864518737792968750e+02
-2.124762344360351562e+01
-1.367482066154479980e+00
-2.124895019531250000e+02
3.790774230957031250e+02
-1.414395141601562500e+02
8.075202941894531250e+01
-1.816312217712402344e+01
4.428658962249755859e+00
-3.822745971679687500e+02
3.847437133789062500e+02
-3.457251892089843750e+02
3.318988800048828125e+01
-1.757444381713867188e+01
6.462861061096191406e+00
-6.369937419891357422e+00
-2.054345130920410156e+00
-1.356105566024780273e+00
1.054998114705085754e-01
-2.949260547757148743e-02
6.696043163537979126e-02
7.253999023437500000e+02
1.075625488281250000e+03
2.729438720703125000e+03
-3.250151062011718750e+01
-4.988310813903808594e+00
-4.892002582550048828e+00
5.334246582031250000e+03
2.236348876953125000e+03
2.444038574218750000e+03
-4.803349304199218750e+01
-9.421253204345703125e+00
-2.987977981567382812e+01
7.604527343750000000e+03
6.810956054687500000e+03
6.038481933593750000e+03
-5.628966522216796875e+01
-4.939783096313476562e+01
-3.161060333251953125e+01
3.476517089843750000e+03
3.476190429687500000e+03
5.208549804687500000e+03
-6.510399627685546875e+01
-6.509906768798828125e+01
-4.369508361816406250e+01
2.344889404296875000e+03
2.838583496093750000e+03
2.316994384765625000e+03
-6.282962036132812500e+01
-6.465865325927734375e+01
-4.423344802856445312e+01
1.317723999023437500e+03
1.935787963867187500e+03
9.292544555664062500e+02
-6.091433334350585938e+01
-5.400922775268554688e+01
-4.817018890380859375e+01
5.809891357421875000e+02
1.076353271484375000e+03
3.138851318359375000e+02
-1.496587982177734375e+02
-4.802559280395507812e+01
-5.267527389526367188e+01
3.150635986328125000e+02
1.025195800781250000e+03
1.133484802246093750e+02
-2.333527221679687500e+02
-4.583236694335937500e+01
-4.844429779052734375e+01
2.074289398193359375e+02
9.620258178710937500e+02
1.236865997314453125e+01
-1.312489318847656250e+02
-4.408129882812500000e+01
-4.875385284423828125e+01
1.714975280761718750e+02
8.635913696289062500e+02
2.653041779994964600e-01
-5.685049819946289062e+01
-3.497021102905273438e+01
-3.810446166992187500e+01
1.464520721435546875e+02
7.411689453125000000e+02
-2.447055053710937500e+01
-4.069823074340820312e+01
-3.197429847717285156e+01
-2.759522247314453125e+01
1.025353698730468750e+02
6.168272705078125000e+02
-6.074446105957031250e+01
1.737840270996093750e+02
-2.991944313049316406e+01
-1.560764884948730469e+01
3.186288070678710938e+01
4.737786560058593750e+02
-1.478646392822265625e+02
1.210307312011718750e+02
-2.104938697814941406e+01
-8.255395889282226562e-01
-9.945195007324218750e+01
2.906746826171875000e+02
-1.436230468750000000e+02
4.026763916015625000e+01
-1.706557846069335938e+01
1.267562150955200195e+00
-4.042709246277809143e-02
6.508856080472469330e-03
3.821815596893429756e-03
9.156529995379969478e-05
8.358041523024439812e-04
1.951913698576390743e-03
1.228927734375000000e+03
-7.124262695312500000e+02
7.279238281250000000e+02
-3.712747955322265625e+01
1.294520568847656250e+01
-1.094552326202392578e+01
7.073710937500000000e+02
1.074723754882812500e+03
2.705587402343750000e+03
-3.266913223266601562e+01
-5.019243717193603516e+00
-5.292761325836181641e+00
6.054208984375000000e+03
8.181422363281250000e+03
7.033094726562500000e+03
-4.332354736328125000e+01
-3.641482543945312500e+01
-2.010916137695312500e+01
7.506297851562500000e+03
6.783555664062500000e+03
5.887402343750000000e+03
-5.736721038818359375e+01
-5.163479232788085938e+01
-3.255859375000000000e+01
4.241380859375000000e+03
2.828200439453125000e+03
2.291327392578125000e+03
-6.048411178588867188e+01
-5.626121902465820312e+01
-3.707503128051757812e+01
2.698870849609375000e+03
1.683826904296875000e+03
1.061436523437500000e+03
-5.612465286254882812e+01
-5.080239105224609375e+01
-4.280916213989257812e+01
1.689465454101562500e+03
8.715021972656250000e+02
3.831513366699218750e+02
-1.083566131591796875e+02
-4.425348663330078125e+01
-4.460589599609375000e+01
7.134356689453125000e+02
7.110260009765625000e+02
1.745433044433593750e+02
-2.314913940429687500e+02
-3.770175552368164062e+01
-3.899876785278320312e+01
3.680863037109375000e+02
6.998942871093750000e+02
3.087996864318847656e+01
-2.455966644287109375e+02
-3.354269409179687500e+01
-3.515703201293945312e+01
2.523932952880859375e+02
6.764791870117187500e+02
1.391963291168212891e+01
8.132019805908203125e+01
-3.557138061523437500e+01
-3.668638992309570312e+01
1.903011627197265625e+02
6.319997558593750000e+02
-2.749706268310546875e+01
-1.136998825073242188e+02
-3.271399688720703125e+01
-2.154541778564453125e+01
1.316833648681640625e+02
5.428438110351562500e+02
-3.754701232910156250e+01
1.981443786621093750e+02
-2.605018997192382812e+01
-1.338673496246337891e+01
2.908138084411621094e+01
4.092191467285156250e+02
-1.343659210205078125e+02
1.872571411132812500e+02
-2.102375984191894531e+01
-1.075166463851928711e+00
-2.061463623046875000e+02
3.864705505371093750e+02
-1.390977630615234375e+02
8.178004455566406250e+01
-1.780648040771484375e+01
4.028811454772949219e+00
-3.813975830078125000e+02
3.895027465820312500e+02
-3.358677978515625000e+02
3.334546279907226562e+01
-1.806583786010742188e+01
5.562061309814453125e+00
6.390472412109375000e+00
2.022520303726196289e+00
1.363540768623352051e+00
-1.051459908485412598e-01
2.956372499465942383e-02
-6.743605434894561768e-02
8.938934206962585449e-01
1.692492294311523438e+01
-5.544349670410156250e+00
1.172057911753654480e-01
-1.244816109538078308e-01
4.646241664886474609e-01
7.224086303710937500e+02
1.090172485351562500e+03
2.628632812500000000e+03
-3.518280792236328125e+01
-6.411532878875732422e+00
-7.315550327301025391e+00
5.407065917968750000e+03
2.327254882812500000e+03
2.422869384765625000e+03
-4.728867721557617188e+01
-1.015449047088623047e+01
-3.000546455383300781e+01
3.023793945312500000e+03
2.476295410156250000e+03
1.511992919921875000e+03
-5.610771560668945312e+01
-3.878081130981445312e+01
-2.225485801696777344e+01
2.100756347656250000e+03
1.498961425781250000e+03
9.227492675781250000e+02
-5.364537811279296875e+01
-4.017018508911132812e+01
-3.203536224365234375e+01
1.558493530273437500e+03
5.969881591796875000e+02
3.969687194824218750e+02
-8.485417175292968750e+01
-3.104552650451660156e+01
-3.595952224731445312e+01
8.787359619140625000e+02
4.943136291503906250e+02
1.945796661376953125e+02
-2.084079437255859375e+02
-2.843098068237304688e+01
-3.238378143310546875e+01
3.631409912109375000e+02
4.642695312500000000e+02
7.315141296386718750e+01
-2.710997619628906250e+02
-2.206584739685058594e+01
-2.702157020568847656e+01
2.370346984863281250e+02
4.230801086425781250e+02
1.780811691284179688e+01
-6.633412361145019531e+00
-1.801763916015625000e+01
-2.691753196716308594e+01
1.672493896484375000e+02
3.551167907714843750e+02
-1.706321907043457031e+01
9.511753082275390625e+00
-2.619168472290039062e+01
-1.071632671356201172e+01
1.172482833862304688e+02
2.611452026367187500e+02
-1.480473995208740234e+01
1.290008392333984375e+02
-1.971828651428222656e+01
-5.166871547698974609e+00
8.098063659667968750e+01
1.091436386108398438e+02
-9.574662017822265625e+01
2.368128814697265625e+02
-1.135735797882080078e+01
7.327041029930114746e-01
3.477145004272460938e+01
-4.518232727050781250e+01
-1.394069519042968750e+02
1.411701965332031250e+02
-7.533168792724609375e+00
8.299322128295898438e+00
-6.674861145019531250e+01
-2.689425048828125000e+02
-3.404469909667968750e+02
4.831433868408203125e+01
-5.695633888244628906e+00
3.380447149276733398e+00
-1.380524444580078125e+02
-3.543665771484375000e+02
-5.223320312500000000e+02
3.269219207763671875e+01
-2.109801471233367920e-01
-8.482481837272644043e-01
-1.303497619628906250e+02
-3.631411437988281250e+02
-5.388642578125000000e+02
3.209179306030273438e+01
-3.246046304702758789e-01
-1.665297865867614746e+00
1.043065357208251953e+01
-6.883495330810546875e+00
6.450787544250488281e+00
-2.527677416801452637e-01
-7.765955477952957153e-02
3.919388353824615479e-01
1.236273193359375000e+03
-7.392622070312500000e+02
7.355151977539062500e+02
-3.644562149047851562e+01
1.366362476348876953e+01
-1.031518173217773438e+01
5.811812133789062500e+02
4.449380187988281250e+02
8.905153198242187500e+02
-4.915341186523437500e+01
-4.823462009429931641e+00
-1.329480266571044922e+01
1.934295959472656250e+02
1.205548950195312500e+03
6.410487670898437500e+02
-4.897656250000000000e+01
-2.121007156372070312e+01
-1.396715831756591797e+01
3.878551025390625000e+02
5.000310974121093750e+02
3.214552612304687500e+02
-7.506803131103515625e+01
-1.891084861755371094e+01
-2.399661636352539062e+01
1.955943756103515625e+02
4.694674072265625000e+02
1.412423858642578125e+02
-1.917867279052734375e+02
-1.909374046325683594e+01
-2.206566810607910156e+01
8.120668029785156250e+01
4.105504760742187500e+02
1.246170806884765625e+02
-2.667359619140625000e+02
-1.232738399505615234e+01
-1.999455070495605469e+01
4.617438507080078125e+01
3.338875122070312500e+02
1.237318515777587891e+01
-1.752343750000000000e+02
-7.142030239105224609e+00
-1.781981658935546875e+01
2.172350311279296875e+01
2.031740875244140625e+02
7.357868671417236328e+00
-1.458697223663330078e+01
-1.276231861114501953e+01
-5.103045463562011719e+00
4.223087310791015625e+00
3.047232627868652344e+01
-1.568693065643310547e+01
3.241608047485351562e+01
-1.243047046661376953e+01
5.290265560150146484e+00
1.145787525177001953e+01
-1.515440521240234375e+02
-5.727275848388671875e+01
2.650729064941406250e+02
-5.001420497894287109e+00
5.653767585754394531e+00
2.540318489074707031e+01
-3.068919677734375000e+02
-1.112849197387695312e+02
2.019515838623046875e+02
3.387444734573364258e+00
9.459868431091308594e+00
5.401274108886718750e+01
-3.942773742675781250e+02
-1.659709625244140625e+02
8.197620391845703125e+01
6.518764972686767578e+00
1.011030578613281250e+01
1.208549880981445312e+02
-7.298989868164062500e+02
-4.051624145507812500e+02
4.133687973022460938e+01
1.118702411651611328e+01
-4.122672557830810547e+00
-5.898664474487304688e+01
-2.707162170410156250e+02
-3.408356628417968750e+02
4.854675674438476562e+01
-5.938999176025390625e+00
3.860077619552612305e+00
-3.817751159667968750e+02
3.868428039550781250e+02
-3.371070861816406250e+02
3.385114669799804688e+01
-1.858705139160156250e+01
4.957652568817138672e+00
5.414565563201904297e+00
1.015633487701416016e+01
1.151322555541992188e+01
-4.258229136466979980e-01
-8.753479123115539551e-01
-1.293545961380004883e+00
3.803012084960937500e+02
-3.662669067382812500e+02
3.513553161621093750e+02
-3.390058135986328125e+01
1.739852333068847656e+01
-6.191484928131103516e+00
7.303320312500000000e+01
2.667313537597656250e+02
3.449636840820312500e+02
-4.861333847045898438e+01
5.464651584625244141e+00
-3.560999155044555664e+00
-5.046746826171875000e+01
3.935084533691406250e+02
1.648320312500000000e+02
-8.139942932128906250e+01
-7.199258327484130859e+00
-1.004245471954345703e+01
-1.297044944763183594e+01
4.530048828125000000e+02
9.460404205322265625e+01
-1.845240631103515625e+02
-1.059458923339843750e+01
-8.596774101257324219e+00
-4.759115695953369141e+00
4.674908752441406250e+02
9.477847290039062500e+01
-2.694561462402343750e+02
-6.244648933410644531e+00
-9.757882118225097656e+00
3.483315706253051758e+00
3.858837585449218750e+02
2.372178268432617188e+01
-2.478766021728515625e+02
1.386237978935241699e+00
-8.873791694641113281e+00
4.099280357360839844e+00
1.444846191406250000e+02
1.217166614532470703e+01
-6.484297180175781250e+01
1.971693038940429688e+00
-4.336787700653076172e+00
-2.384433031082153320e+00
-1.456081848144531250e+02
-1.128699111938476562e+01
6.996260833740234375e+01
-1.855602979660034180e+00
4.810573577880859375e+00
4.507568478584289551e-02
-3.890938110351562500e+02
-2.233790206909179688e+01
2.426868591308593750e+02
-1.328167438507080078e+00
8.726065635681152344e+00
4.987085342407226562e+00
-4.623207092285156250e+02
-9.702487945556640625e+01
2.663604431152343750e+02
6.153785705566406250e+00
9.305010795593261719e+00
1.182921409606933594e+01
-4.478778381347656250e+02
-9.239838409423828125e+01
1.831287231445312500e+02
1.081611728668212891e+01
8.533471107482910156e+00
4.999221420288085938e+01
-3.951215820312500000e+02
-1.655599975585937500e+02
8.323488616943359375e+01
6.367923736572265625e+00
9.821669578552246094e+00
3.245276641845703125e+01
-4.537130355834960938e+01
-1.379552612304687500e+02
1.397485809326171875e+02
-7.316206932067871094e+00
7.448194026947021484e+00
-2.055247039794921875e+02
3.802946166992187500e+02
-1.453822479248046875e+02
8.232620239257812500e+01
-1.928581237792968750e+01
4.431105136871337891e+00
-9.995493316650390625e+01
2.908396301269531250e+02
-1.420812988281250000e+02
4.080751037597656250e+01
-1.729191780090332031e+01
1.550938129425048828e+00
1.866841316223144531e+00
-1.554690122604370117e+00
3.182533979415893555e+00
-3.619688153266906738e-01
5.193967372179031372e-02
1.042159080505371094e+00
3.355639648437500000e+01
-8.505912017822265625e+01
8.162321472167968750e+01
-4.406387329101562500e+01
1.406197834014892578e+01
-1.428842544555664062e+00
-6.055059051513671875e+01
1.821813201904296875e+02
7.864064025878906250e+01
-9.522051239013671875e+01
7.864965915679931641e+00
-2.606763839721679688e+00
1.332245063781738281e+01
3.452273559570312500e+02
6.055329895019531250e+01
-1.777813110351562500e+02
-1.846814036369323730e+00
1.554727077484130859e+00
3.563988494873046875e+01
4.536547241210937500e+02
2.339678955078125000e+01
-2.596187438964843750e+02
-2.926597595214843750e+00
2.850376129150390625e+00
6.308876800537109375e+01
4.848298339843750000e+02
-1.329435706138610840e-01
-2.666436157226562500e+02
5.926997661590576172e+00
6.462253332138061523e-01
8.542608642578125000e+01
2.807138366699218750e+02
3.233073234558105469e+00
-1.613307952880859375e+02
1.099766063690185547e+01
-1.561048626899719238e-01
9.145790100097656250e+01
-1.299165649414062500e+02
-2.050563049316406250e+01
-4.123472976684570312e+01
1.072678565979003906e+01
-4.037101268768310547e+00
7.410526275634765625e+01
-4.844082336425781250e+02
-3.015309906005859375e+01
1.799678955078125000e+02
7.790628910064697266e+00
-4.259705543518066406e+00
3.835340499877929688e+01
-6.081332397460937500e+02
-5.286923217773437500e+01
2.869424438476562500e+02
2.644091606140136719e+00
1.181036281585693359e+01
5.264479637145996094e+00
-4.604883117675781250e+02
-9.627325439453125000e+01
2.639625549316406250e+02
6.157517910003662109e+00
9.076710700988769531e+00
2.458575057983398438e+01
-3.061943359375000000e+02
-1.138677291870117188e+02
2.018241424560546875e+02
3.382840394973754883e+00
8.934119224548339844e+00
7.881527709960937500e+01
1.075329132080078125e+02
-9.594033050537109375e+01
2.352366943359375000e+02
-1.154634094238281250e+01
4.599687457084655762e-01
2.440162277221679688e+01
4.078225097656250000e+02
-1.340070800781250000e+02
1.823772888183593750e+02
-2.124627494812011719e+01
-1.530136823654174805e+00
3.258679580688476562e+01
4.736542663574218750e+02
-1.479002075195312500e+02
1.174519577026367188e+02
-2.089837074279785156e+01
-1.467105031013488770e+00
3.848031997680664062e+01
2.578447265625000000e+02
-7.125585174560546875e+01
6.190617752075195312e+01
-1.622511672973632812e+01
-3.392580449581146240e-01
2.368489839136600494e-02
8.187562823295593262e-01
6.319507360458374023e-01
-2.239595800638198853e-01
9.515032172203063965e-03
-2.569677829742431641e-01
-1.064386062622070312e+02
9.702156066894531250e+01
2.612279701232910156e+01
-7.347495269775390625e+01
1.209841823577880859e+01
2.595055818557739258e+00
-6.449225616455078125e+01
2.727710266113281250e+02
7.654037952423095703e+00
-1.538693847656250000e+02
1.095966339111328125e+01
5.915980815887451172e+00
9.039694976806640625e+01
3.582165222167968750e+02
-3.916849899291992188e+01
-2.331736755371093750e+02
7.615888595581054688e+00
9.610081672668457031e+00
1.426829071044921875e+02
4.494792175292968750e+02
-3.769536972045898438e+01
-2.675822448730468750e+02
1.109556579589843750e+01
4.929717063903808594e+00
2.007146453857421875e+02
4.267939758300781250e+02
-2.741476058959960938e+01
-2.081442718505859375e+02
1.456997776031494141e+01
4.134359359741210938e+00
2.144347229003906250e+02
1.715318603515625000e+02
-3.846934890747070312e+01
-1.422439422607421875e+02
1.482907772064208984e+01
-3.766730785369873047e+00
1.676284027099609375e+02
-2.701769409179687500e+02
-3.637998580932617188e+01
-1.241473388671875000e+01
1.344270706176757812e+01
-1.171334743499755859e+01
7.317759704589843750e+01
-4.858970031738281250e+02
-2.952669525146484375e+01
1.761763000488281250e+02
7.833380699157714844e+00
-3.931117057800292969e+00
-2.133179426193237305e+00
-3.858218994140625000e+02
-2.361141014099121094e+01
2.421150054931640625e+02
-1.300149559974670410e+00
8.724994659423828125e+00
1.157577991485595703e+01
-1.520171203613281250e+02
-5.714164352416992188e+01
2.670431213378906250e+02
-5.685878753662109375e+00
5.104855060577392578e+00
1.173688354492187500e+02
2.612242431640625000e+02
-1.559668636322021484e+01
1.325076293945312500e+02
-1.947433090209960938e+01
-4.072993755340576172e+00
1.276596069335937500e+02
5.366787719726562500e+02
-3.796646881103515625e+01
1.961754760742187500e+02
-2.621046447753906250e+01
-1.309616947174072266e+01
1.029682846069335938e+02
6.241279907226562500e+02
-6.400176239013671875e+01
1.726948242187500000e+02
-3.095419692993164062e+01
-1.634211158752441406e+01
1.009044418334960938e+02
5.138848876953125000e+02
-8.203285980224609375e+01
1.154541168212890625e+02
-2.484613418579101562e+01
-1.071729278564453125e+01
8.803700256347656250e+01
1.528279418945312500e+02
-3.145596504211425781e+01
5.435958480834960938e+01
-1.462277221679687500e+01
-3.147707462310791016e+00
1.032699584960937500e+00
3.389034569263458252e-01
1.476144075393676758e+00
-1.004369735717773438e+00
6.471616625785827637e-01
-9.423819184303283691e-02
-1.937976531982421875e+02
2.616417541503906250e+02
-1.574733352661132812e+01
-6.196267318725585938e+01
5.978444099426269531e+00
1.070632934570312500e+00
-4.590114212036132812e+01
3.390100097656250000e+02
-2.979729652404785156e+01
-1.661910400390625000e+02
1.611307144165039062e+01
8.904528617858886719e+00
1.559774475097656250e+02
3.625272521972656250e+02
-4.972410964965820312e+01
-2.537169189453125000e+02
2.039075088500976562e+01
6.985218048095703125e+00
2.766482849121093750e+02
3.998934326171875000e+02
-8.835027313232421875e+01
-2.604221801757812500e+02
1.827905654907226562e+01
1.057444190979003906e+01
3.021142578125000000e+02
3.585344238281250000e+02
-1.183767929077148438e+02
-1.680037384033203125e+02
1.394331073760986328e+01
5.550254344940185547e+00
2.154376983642578125e+02
1.689348907470703125e+02
-3.694493103027343750e+01
-1.437805480957031250e+02
1.482723140716552734e+01
-4.581087112426757812e+00
9.007357025146484375e+01
-1.307594604492187500e+02
-2.169123649597167969e+01
-3.470056915283203125e+01
1.080413246154785156e+01
-3.502284288406372070e+00
-1.884316205978393555e+00
-1.452493133544921875e+02
-1.149038124084472656e+01
5.856489944458007812e+01
-1.475191712379455566e+00
5.095147609710693359e+00
6.515139102935791016e+00
3.086488342285156250e+01
-1.482456588745117188e+01
4.822166824340820312e+01
-1.212345409393310547e+01
4.654557228088378906e+00
1.647854614257812500e+02
3.491992797851562500e+02
-1.812637138366699219e+01
7.565347671508789062e+00
-2.567681312561035156e+01
-1.049476146697998047e+01
1.858304901123046875e+02
6.277925415039062500e+02
-2.656723213195800781e+01
-1.137963562011718750e+02
-3.332218933105468750e+01
-2.208396530151367188e+01
1.407534484863281250e+02
7.586306152343750000e+02
-2.467437934875488281e+01
-4.777536773681640625e+01
-3.215527725219726562e+01
-2.692633819580078125e+01
1.494591522216796875e+02
7.236122436523437500e+02
-2.435819625854492188e+01
2.563013648986816406e+01
-2.956898880004882812e+01
-1.991969490051269531e+01
1.919326171875000000e+02
3.783275756835937500e+02
-2.648504066467285156e+01
3.805368423461914062e+01
-2.322313690185546875e+01
-1.217624855041503906e+01
1.925775146484375000e+02
-6.936811828613281250e+01
-9.772839546203613281e+00
3.237432861328125000e+01
-1.405578231811523438e+01
-5.504751205444335938e+00
-3.781254589557647705e-01
1.379848599433898926e+00
-1.609320282936096191e+00
-1.444647431373596191e+00
-7.004550695419311523e-01
-1.746218800544738770e-01
-2.387427062988281250e+02
3.651700134277343750e+02
-2.172853660583496094e+01
-9.628932189941406250e+01
3.805608987808227539e+00
1.224459075927734375e+01
-3.839954376220703125e+01
3.840802612304687500e+02
-8.630818939208984375e+01
-1.853671264648437500e+02
1.638936805725097656e+01
1.768745994567871094e+01
1.857311859130859375e+02
3.715940246582031250e+02
-1.943504333496093750e+02
-1.972848968505859375e+02
9.425425529479980469e+00
3.951424121856689453e+00
2.751481628417968750e+02
3.969965820312500000e+02
-8.889485168457031250e+01
-2.537366943359375000e+02
1.933367156982421875e+01
1.224610233306884766e+01
2.009865264892578125e+02
4.280946044921875000e+02
-2.532272148132324219e+01
-2.053103027343750000e+02
1.357113265991210938e+01
4.150300025939941406e+00
8.522068786621093750e+01
2.808174438476562500e+02
2.036598920822143555e+00
-1.686448364257812500e+02
1.051804733276367188e+01
-4.019515216350555420e-01
1.938854694366455078e+00
1.451710815429687500e+02
1.149944400787353516e+01
-5.856091690063476562e+01
1.487191796302795410e+00
-5.104290962219238281e+00
2.216043472290039062e+01
2.003332519531250000e+02
6.356248378753662109e+00
-1.351382160186767578e+01
-1.245331478118896484e+01
-5.719260692596435547e+00
2.370401458740234375e+02
4.130908203125000000e+02
1.820447158813476562e+01
-2.458834075927734375e+01
-1.818371200561523438e+01
-2.778335380554199219e+01
2.513666229248046875e+02
6.818795166015625000e+02
1.398289012908935547e+01
6.802250671386718750e+01
-3.513362884521484375e+01
-3.655478286743164062e+01
1.728589172363281250e+02
8.729443359375000000e+02
3.149594306945800781e+00
-5.472064971923828125e+01
-3.569277572631835938e+01
-3.894984436035156250e+01
2.065458526611328125e+02
8.735401000976562500e+02
-4.323752880096435547e+00
-7.767578887939453125e+01
-3.172822570800781250e+01
-3.100239562988281250e+01
2.755628662109375000e+02
5.825934448242187500e+02
2.221934080123901367e+00
-5.866912460327148438e+01
-2.713092422485351562e+01
-1.676783561706542969e+01
3.275454406738281250e+02
-1.076362228393554688e+01
1.829105496406555176e+00
1.633790588378906250e+01
-2.068638610839843750e+01
-1.135471630096435547e+01
3.492726135253906250e+02
-3.599032287597656250e+02
9.918963432312011719e+00
5.660649490356445312e+01
-4.884229183197021484e+00
-1.666392707824707031e+01
1.037690162658691406e+00
1.252107024192810059e+00
3.111098527908325195e+00
1.121282935142517090e+00
5.356220006942749023e-01
4.967376887798309326e-01
-2.649084472656250000e+02
4.234815063476562500e+02
-1.611769409179687500e+02
2.989835357666015625e+01
4.740874290466308594e+00
3.069297027587890625e+01
-3.802405548095703125e+01
3.818438415527343750e+02
-8.756930541992187500e+01
-1.881600646972656250e+02
1.628423881530761719e+01
2.062567901611328125e+01
1.556446075439453125e+02
3.604537963867187500e+02
-4.826856994628906250e+01
-2.401670074462890625e+02
2.073997116088867188e+01
8.035425186157226562e+00
1.440361633300781250e+02
4.510208435058593750e+02
-3.766803741455078125e+01
-2.579842529296875000e+02
1.142704391479492188e+01
5.343782901763916016e+00
6.183412933349609375e+01
4.807922668457031250e+02
-1.080288529396057129e+00
-2.622857666015625000e+02
7.028231620788574219e+00
8.743208050727844238e-01
2.170900821685791016e+00
3.857712097167968750e+02
2.359900474548339844e+01
-2.420961914062500000e+02
1.304077148437500000e+00
-8.723745346069335938e+00
4.530701828002929688e+01
3.251721496582031250e+02
1.015920448303222656e+01
-1.825090942382812500e+02
-6.394155979156494141e+00
-1.752037620544433594e+01
3.654412231445312500e+02
4.520838928222656250e+02
7.378644561767578125e+01
-2.710505676269531250e+02
-2.196876907348632812e+01
-2.655741500854492188e+01
3.702455444335937500e+02
7.000639648437500000e+02
3.125978088378906250e+01
-2.429382171630859375e+02
-3.344021987915039062e+01
-3.525453948974609375e+01
2.059267578125000000e+02
9.668281860351562500e+02
1.140928840637207031e+01
-1.294918212890625000e+02
-4.398400115966796875e+01
-4.792571640014648438e+01
2.535545196533203125e+02
9.496111450195312500e+02
1.352087211608886719e+01
-1.022951316833496094e+01
-3.890766525268554688e+01
-4.434751892089843750e+01
3.534206237792968750e+02
6.442064819335937500e+02
2.760967731475830078e+00
-9.694323730468750000e+01
-3.437926101684570312e+01
-3.225632858276367188e+01
4.291870422363281250e+02
1.299410095214843750e+02
2.814270782470703125e+01
1.625186347961425781e+01
-2.733034133911132812e+01
-1.740464591979980469e+01
4.841063537597656250e+02
-4.266367492675781250e+02
3.519090652465820312e+01
5.388118743896484375e+01
-1.880602455139160156e+01
-1.779648208618164062e+01
4.777175598144531250e+02
-5.138458862304687500e+02
1.313033294677734375e+02
-9.870586395263671875e+01
-6.003719329833984375e+00
-2.032141113281250000e+01
2.179532527923583984e+00
2.756785750389099121e-01
-2.694099903106689453e+00
-1.885759949684143066e+00
4.740988612174987793e-01
-1.785702817142009735e-02
-2.384951171875000000e+02
3.641482543945312500e+02
-2.065780448913574219e+01
-9.871730041503906250e+01
5.020730495452880859e+00
1.175807952880859375e+01
-4.732273864746093750e+01
3.416527099609375000e+02
-2.902941894531250000e+01
-1.678315734863281250e+02
1.715862846374511719e+01
9.607993125915527344e+00
9.100138854980468750e+01
3.613114929199218750e+02
-4.283403396606445312e+01
-2.226309967041015625e+02
8.319544792175292969e+00
9.713215827941894531e+00
3.509363937377929688e+01
4.568772583007812500e+02
2.359188842773437500e+01
-2.512714996337890625e+02
-2.224809885025024414e+00
2.832325935363769531e+00
-5.259773731231689453e+00
4.604674377441406250e+02
9.625609588623046875e+01
-2.639538574218750000e+02
-6.163220882415771484e+00
-9.075629234313964844e+00
8.301785278320312500e+01
4.184251708984375000e+02
1.238596115112304688e+02
-2.657024230957031250e+02
-1.230311489105224609e+01
-2.017501258850097656e+01
8.974796142578125000e+02
4.969242858886718750e+02
1.921888427734375000e+02
-2.055272064208984375e+02
-2.876931381225585938e+01
-3.161632347106933594e+01
7.143827514648437500e+02
7.135435791015625000e+02
1.751361389160156250e+02
-2.310315399169921875e+02
-3.754837799072265625e+01
-3.867372512817382812e+01
3.130959167480468750e+02
1.035197265625000000e+03
1.139660110473632812e+02
-2.340899505615234375e+02
-4.494610977172851562e+01
-4.774676895141601562e+01
3.298169860839843750e+02
8.752097778320312500e+02
5.007916641235351562e+01
-2.459447937011718750e+02
-4.617863464355468750e+01
-5.118040466308593750e+01
4.429315490722656250e+02
5.611639404296875000e+02
3.388519287109375000e+01
-2.293319396972656250e+02
-3.966970062255859375e+01
-4.351939773559570312e+01
5.189756469726562500e+02
2.296203918457031250e+02
2.669878196716308594e+01
-1.902581787109375000e+02
-3.547892761230468750e+01
-2.615122985839843750e+01
5.538639526367187500e+02
-1.415699615478515625e+02
1.339057064056396484e+01
-2.540868759155273438e+01
-2.794335365295410156e+01
-1.768925857543945312e+01
4.856139831542968750e+02
-4.209773254394531250e+02
3.691328048706054688e+01
5.910577774047851562e+01
-1.761103630065917969e+01
-1.636819458007812500e+01
3.504606628417968750e+02
-3.653916931152343750e+02
9.088885307312011719e+00
5.117480850219726562e+01
-7.122867584228515625e+00
-1.523445987701416016e+01
-7.124934792518615723e-01
-6.420300900936126709e-02
6.360792517662048340e-01
-4.825036525726318359e-01
1.109702110290527344e+00
2.602310851216316223e-02
-1.960596008300781250e+02
2.629154663085937500e+02
-1.767126655578613281e+01
-5.662237930297851562e+01
5.992241859436035156e+00
1.472551465034484863e+00
-6.367035675048828125e+01
2.735570373535156250e+02
7.777812957763671875e+00
-1.535727691650390625e+02
1.141033172607421875e+01
6.678920745849609375e+00
1.263473701477050781e+01
3.417432556152343750e+02
6.048350906372070312e+01
-1.769400482177734375e+02
-1.503437519073486328e+00
1.912207126617431641e+00
-1.186334514617919922e+01
4.478056640625000000e+02
9.238794708251953125e+01
-1.831205749511718750e+02
-1.081616020202636719e+01
-8.537024497985839844e+00
2.024483032226562500e+02
4.668902587890625000e+02
1.393951568603515625e+02
-1.913278198242187500e+02
-1.847389984130859375e+01
-2.180555152893066406e+01
1.529483032226562500e+03
5.953038940429687500e+02
3.930258789062500000e+02
-8.526169586181640625e+01
-3.121845817565917969e+01
-3.628554153442382812e+01
1.686635498046875000e+03
8.717427368164062500e+02
3.783892517089843750e+02
-1.091840362548828125e+02
-4.450072097778320312e+01
-4.547106933593750000e+01
5.874730224609375000e+02
1.053586181640625000e+03
3.130129089355468750e+02
-1.484742889404296875e+02
-4.825240325927734375e+01
-5.280979919433593750e+01
5.216911010742187500e+02
7.194067382812500000e+02
2.252239379882812500e+02
-1.932283172607421875e+02
-4.635889053344726562e+01
-5.676869583129882812e+01
5.669733886718750000e+02
3.939945373535156250e+02
1.243686065673828125e+02
-2.350335388183593750e+02
-4.323684692382812500e+01
-5.437227630615234375e+01
5.798204345703125000e+02
3.001603698730468750e+02
4.579976272583007812e+01
-2.643702392578125000e+02
-3.929269790649414062e+01
-4.417061614990234375e+01
5.183401489257812500e+02
2.283176269531250000e+02
2.671154975891113281e+01
-1.876757507324218750e+02
-3.467717742919921875e+01
-2.636852073669433594e+01
4.280239562988281250e+02
1.283598937988281250e+02
2.774283218383789062e+01
8.952235221862792969e+00
-2.699956512451171875e+01
-1.733334922790527344e+01
3.284295654296875000e+02
-1.151621913909912109e+01
3.200595140457153320e+00
1.078025341033935547e+01
-2.071671104431152344e+01
-1.197691440582275391e+01
1.937317810058593750e+02
-6.775587463378906250e+01
-1.056092453002929688e+01
3.091310882568359375e+01
-1.354726123809814453e+01
-4.801167488098144531e+00
-6.722972542047500610e-02
6.245238184928894043e-01
-4.454430565237998962e-02
5.281306505203247070e-01
-1.011560261249542236e-01
-1.432005017995834351e-01
-1.060664138793945312e+02
9.735602569580078125e+01
2.441963005065917969e+01
-7.213233947753906250e+01
1.217266273498535156e+01
2.770287275314331055e+00
-5.717285156250000000e+01
1.825826263427734375e+02
7.817388153076171875e+01
-9.821035766601562500e+01
8.342782020568847656e+00
-3.048306703567504883e+00
-5.399113845825195312e+01
3.942890319824218750e+02
1.659617004394531250e+02
-8.197482299804687500e+01
-6.520594596862792969e+00
-1.010887145996093750e+01
3.651658325195312500e+02
5.030696716308593750e+02
3.139410400390625000e+02
-7.589445495605468750e+01
-1.873118209838867188e+01
-2.454868507385253906e+01
2.100838867187500000e+03
1.487517333984375000e+03
9.077536010742187500e+02
-5.429531860351562500e+01
-4.017294311523437500e+01
-3.083719635009765625e+01
2.705063232421875000e+03
1.682227294921875000e+03
1.056878173828125000e+03
-5.717153930664062500e+01
-5.084846115112304688e+01
-3.979745864868164062e+01
1.313379882812500000e+03
1.919063232421875000e+03
9.160534057617187500e+02
-6.165437698364257812e+01
-5.455186462402343750e+01
-4.500404357910156250e+01
1.099926513671875000e+03
5.958012695312500000e+02
5.938795166015625000e+02
-8.701612854003906250e+01
-4.789461517333984375e+01
-6.027160263061523438e+01
6.970266113281250000e+02
3.846573791503906250e+02
2.941127319335937500e+02
-1.691605377197265625e+02
-4.491482925415039062e+01
-5.884655761718750000e+01
5.650727539062500000e+02
3.934784545898437500e+02
1.259616241455078125e+02
-2.358188781738281250e+02
-4.383554077148437500e+01
-5.421031188964843750e+01
4.401050109863281250e+02
5.589334106445312500e+02
3.439112091064453125e+01
-2.298722076416015625e+02
-4.075084686279296875e+01
-4.304740142822265625e+01
3.534962463378906250e+02
6.458319091796875000e+02
2.569946527481079102e+00
-8.257682037353515625e+01
-3.432384872436523438e+01
-3.153865623474121094e+01
2.756961669921875000e+02
5.835254516601562500e+02
3.819053649902343750e+00
-5.577244186401367188e+01
-2.795076560974121094e+01
-1.669805526733398438e+01
1.902575225830078125e+02
3.810324096679687500e+02
-2.625720024108886719e+01
4.143456649780273438e+01
-2.335542106628417969e+01
-1.249205017089843750e+01
9.121392059326171875e+01
1.497521820068359375e+02
-3.154795837402343750e+01
5.541536712646484375e+01
-1.434412765502929688e+01
-3.565081119537353516e+00
1.333927273750305176e+00
-1.571274548768997192e-01
4.964157938957214355e-01
-5.031158924102783203e-01
-1.218185722827911377e-01
2.832553088665008545e-01
3.400545120239257812e+01
-8.384022521972656250e+01
8.974875640869140625e+01
-4.428224182128906250e+01
1.444247150421142578e+01
-2.101060152053833008e+00
6.736045074462890625e+01
2.682987976074218750e+02
3.404497985839843750e+02
-4.831138992309570312e+01
5.691660404205322266e+00
-3.377881288528442383e+00
1.913285217285156250e+02
1.206827270507812500e+03
6.312586059570312500e+02
-4.934448242187500000e+01
-2.164325141906738281e+01
-1.284230899810791016e+01
2.996358398437500000e+03
2.405159912109375000e+03
1.504237792968750000e+03
-5.573231887817382812e+01
-3.907880020141601562e+01
-2.230967712402343750e+01
4.197437011718750000e+03
2.801988769531250000e+03
2.314481933593750000e+03
-6.087626647949218750e+01
-5.577527999877929688e+01
-3.632383728027343750e+01
2.355000488281250000e+03
2.819617675781250000e+03
2.274814697265625000e+03
-6.321041107177734375e+01
-6.412496948242187500e+01
-4.443046951293945312e+01
1.931835693359375000e+03
1.272034301757812500e+03
1.429281860351562500e+03
-5.807349777221679688e+01
-5.730529785156250000e+01
-4.884373855590820312e+01
1.108333618164062500e+03
5.942009887695312500e+02
5.978089599609375000e+02
-8.560367584228515625e+01
-4.877968978881835938e+01
-6.141373062133789062e+01
5.213068237304687500e+02
7.126395874023437500e+02
2.296916503906250000e+02
-1.912163391113281250e+02
-4.568780136108398438e+01
-5.579592895507812500e+01
3.298224792480468750e+02
8.762261352539062500e+02
4.669826889038085938e+01
-2.470682220458984375e+02
-4.663245773315429688e+01
-5.302043151855468750e+01
2.462589111328125000e+02
9.476563110351562500e+02
1.233246612548828125e+01
-2.221925735473632812e+01
-4.005958938598632812e+01
-4.369430541992187500e+01
2.036339721679687500e+02
8.659680786132812500e+02
-5.107232093811035156e+00
-7.559374237060546875e+01
-3.214816665649414062e+01
-3.178359603881835938e+01
1.486793670654296875e+02
7.176480712890625000e+02
-2.440540885925292969e+01
2.644415473937988281e+01
-2.909540176391601562e+01
-1.988070869445800781e+01
1.023221435546875000e+02
5.225934448242187500e+02
-8.381534576416015625e+01
1.133672943115234375e+02
-2.538022804260253906e+01
-1.002572250366210938e+01
3.980000686645507812e+01
2.568305664062500000e+02
-7.300865173339843750e+01
6.521446990966796875e+01
-1.502293777465820312e+01
1.989860832691192627e-01
1.635613322257995605e+00
-2.473013103008270264e-01
7.124497890472412109e-01
-1.511295232921838760e-02
-1.358824223279953003e-01
6.062643229961395264e-02
3.814569091796875000e+02
-3.896279296875000000e+02
3.358852233886718750e+02
-3.334276199340820312e+01
1.806408691406250000e+01
-5.559482574462890625e+00
5.613231811523437500e+02
4.418503417968750000e+02
8.444024658203125000e+02
-4.777091598510742188e+01
-4.610505104064941406e+00
-1.308651065826416016e+01
1.830470947265625000e+03
7.525562744140625000e+02
8.649765014648437500e+02
-5.322332000732421875e+01
-8.029235839843750000e+00
-3.244416046142578125e+01
3.297913330078125000e+03
2.268328125000000000e+03
1.420079345703125000e+03
-6.032987976074218750e+01
-5.391378784179687500e+01
-3.180029678344726562e+01
2.344891601562500000e+03
2.838527343750000000e+03
2.317011962890625000e+03
-6.282977294921875000e+01
-6.466426086425781250e+01
-4.423366928100585938e+01
1.710470458984375000e+03
1.710365966796875000e+03
2.173106201171875000e+03
-6.257484817504882812e+01
-6.256962585449218750e+01
-5.124491119384765625e+01
9.002501831054687500e+02
9.183594360351562500e+02
1.132875610351562500e+03
-5.682965469360351562e+01
-5.504695129394531250e+01
-5.104644775390625000e+01
4.183148803710937500e+02
6.510052490234375000e+02
4.109310913085937500e+02
-1.137482299804687500e+02
-5.246879959106445312e+01
-6.270102310180664062e+01
2.551449127197265625e+02
7.621923828125000000e+02
1.323664855957031250e+02
-2.145392608642578125e+02
-5.320251846313476562e+01
-6.010948181152343750e+01
1.796266632080078125e+02
9.525054931640625000e+02
4.628163528442382812e+01
-2.280028839111328125e+02
-5.202202606201171875e+01
-4.915773391723632812e+01
1.474445343017578125e+02
1.047664916992187500e+03
1.072130393981933594e+01
-1.052411193847656250e+02
-3.641961288452148438e+01
-3.782566452026367188e+01
1.266157302856445312e+02
9.669638671875000000e+02
2.909312725067138672e+00
-1.126408843994140625e+02
-2.481426429748535156e+01
-2.715023612976074219e+01
9.307566070556640625e+01
7.735873413085937500e+02
-3.649281692504882812e+01
3.758781051635742188e+01
-2.575474357604980469e+01
-1.644046974182128906e+01
6.095365142822265625e+01
3.887915039062500000e+02
-8.443415832519531250e+01
5.294356918334960938e+01
-1.524543857574462891e+01
-5.287155628204345703e+00
-8.225784637033939362e-03
2.234809362562373281e-04
-5.010915920138359070e-03
-6.795182707719504833e-04
-2.030088362516835332e-04
-2.659275196492671967e-04
9.942553710937500000e+01
-2.906747131347656250e+02
1.436293487548828125e+02
-4.026664352416992188e+01
1.706558609008789062e+01
-1.268773674964904785e+00
6.660355834960937500e+02
-8.126491088867187500e+02
4.728793334960937500e+02
-4.746249008178710938e+01
1.639068412780761719e+01
-1.445578670501708984e+01
5.497755737304687500e+02
4.428157958984375000e+02
8.640639038085937500e+02
-4.768122863769531250e+01
-5.261682987213134766e+00
-1.312665653228759766e+01
2.998749023437500000e+03
2.463414794921875000e+03
1.491787109375000000e+03
-5.555761337280273438e+01
-3.883357620239257812e+01
-2.265931701660156250e+01
4.241430175781250000e+03
2.827527587890625000e+03
2.291539794921875000e+03
-6.048681640625000000e+01
-5.625614929199218750e+01
-3.707939147949218750e+01
2.329359375000000000e+03
2.867819091796875000e+03
2.342001708984375000e+03
-6.307774734497070312e+01
-6.414945220947265625e+01
-4.542543792724609375e+01
1.927388916015625000e+03
1.284012084960937500e+03
1.421341674804687500e+03
-5.745671463012695312e+01
-5.716470718383789062e+01
-4.934498977661132812e+01
1.094612915039062500e+03
5.947179565429687500e+02
5.972927246093750000e+02
-8.575590515136718750e+01
-4.879305267333984375e+01
-6.080777359008789062e+01
5.217148437500000000e+02
7.130405883789062500e+02
2.265697174072265625e+02
-1.932824859619140625e+02
-4.588070297241210938e+01
-5.545500946044921875e+01
3.311709594726562500e+02
8.660590820312500000e+02
4.726213836669921875e+01
-2.480472106933593750e+02
-4.603701400756835938e+01
-5.273432540893554688e+01
2.507077026367187500e+02
9.540335083007812500e+02
1.482127857208251953e+01
-2.444364356994628906e+01
-3.960818481445312500e+01
-4.407214736938476562e+01
2.063316040039062500e+02
8.704213867187500000e+02
-4.575804233551025391e+00
-7.283443450927734375e+01
-3.266950607299804688e+01
-3.271135330200195312e+01
1.493455657958984375e+02
7.145052490234375000e+02
-2.264236640930175781e+01
2.641229057312011719e+01
-2.935294914245605469e+01
-2.035058593750000000e+01
1.024315032958984375e+02
5.221130371093750000e+02
-8.300469207763671875e+01
1.150252990722656250e+02
-2.558543586730957031e+01
-1.049669647216796875e+01
3.908778762817382812e+01
2.551280364990234375e+02
-7.003067779541015625e+01
6.331345748901367188e+01
-1.511571121215820312e+01
-4.210874438285827637e-01
-1.653200745582580566e+00
2.468618452548980713e-01
-7.079879641532897949e-01
1.533832401037216187e-02
1.349776089191436768e-01
-6.207203492522239685e-02
3.822898254394531250e+02
-3.846701354980468750e+02
3.457115783691406250e+02
-3.319503784179687500e+01
1.757673645019531250e+01
-6.460115432739257812e+00
1.437549591064453125e+02
3.675531005859375000e+02
5.280609741210937500e+02
-3.335279464721679688e+01
1.883043050765991211e-01
1.361886024475097656e+00
-2.125703430175781250e+01
1.770358398437500000e+03
1.238570190429687500e+03
-4.383398056030273438e+01
-2.427816009521484375e+01
-6.861761569976806641e+00
3.023828369140625000e+03
2.476001708984375000e+03
1.512013061523437500e+03
-5.611024475097656250e+01
-3.877828216552734375e+01
-2.225840377807617188e+01
3.354362792968750000e+03
2.277833251953125000e+03
1.461882568359375000e+03
-6.125081253051757812e+01
-5.297568893432617188e+01
-3.164202499389648438e+01
2.703448242187500000e+03
1.673116699218750000e+03
1.064042724609375000e+03
-5.576574325561523438e+01
-5.081966400146484375e+01
-4.135455703735351562e+01
2.162582275390625000e+03
5.395897827148437500e+02
5.705784301757812500e+02
-7.928337860107421875e+01
-4.188318634033203125e+01
-5.162351989746093750e+01
1.157963989257812500e+03
4.979383239746093750e+02
2.545466308593750000e+02
-1.835422363281250000e+02
-3.926762771606445312e+01
-4.820338821411132812e+01
5.858265991210937500e+02
5.429846191406250000e+02
1.144706497192382812e+02
-2.493773345947265625e+02
-3.520641326904296875e+01
-4.331850051879882812e+01
4.110497436523437500e+02
6.197956542968750000e+02
2.310722351074218750e+01
-1.605449829101562500e+02
-3.584603881835937500e+01
-4.148480987548828125e+01
3.230408935546875000e+02
6.174230957031250000e+02
3.340293407440185547e+00
-2.635853958129882812e+01
-3.415847396850585938e+01
-2.416117095947265625e+01
2.392782745361328125e+02
5.023380432128906250e+02
-1.272961044311523438e+01
-3.648800277709960938e+01
-2.854054069519042969e+01
-1.515793800354003906e+01
1.666818695068359375e+02
3.432532043457031250e+02
-5.285076522827148438e+01
1.730717620849609375e+02
-2.300822067260742188e+01
-1.066630363464355469e+01
8.674403381347656250e+01
1.884832763671875000e+02
-8.989333343505859375e+01
1.275679626464843750e+02
-1.894153594970703125e+01
-2.011271864175796509e-01
-3.396264266967773438e+01
8.382900238037109375e+01
-8.974272918701171875e+01
4.428374099731445312e+01
-1.444514846801757812e+01
2.099596023559570312e+00
-7.649241089820861816e-01
-2.744535207748413086e+00
-1.135168075561523438e+00
4.293136671185493469e-02
-1.176768541336059570e-01
3.421901166439056396e-01
7.946133017539978027e-01
-2.839677333831787109e+00
4.565904617309570312e+00
-8.030097484588623047e-01
-5.171937346458435059e-01
-1.163203954696655273e+00
1.431573181152343750e+02
3.730723266601562500e+02
5.419232177734375000e+02
-3.339878082275390625e+01
9.502308815717697144e-02
1.525153279304504395e+00
5.781744995117187500e+02
4.471191101074218750e+02
8.905092163085937500e+02
-4.915537261962890625e+01
-4.821231842041015625e+00
-1.329660320281982422e+01
1.848117675781250000e+03
7.581476440429687500e+02
8.561496582031250000e+02
-5.288568496704101562e+01
-8.751486778259277344e+00
-3.282194519042968750e+01
1.359027465820312500e+03
1.805329101562500000e+03
6.550203857421875000e+02
-5.766495132446289062e+01
-3.232669830322265625e+01
-2.973945236206054688e+01
1.548146484375000000e+03
5.984800415039062500e+02
3.898758239746093750e+02
-8.383279418945312500e+01
-3.209287643432617188e+01
-3.588075256347656250e+01
1.094890502929687500e+03
4.790482177734375000e+02
2.075974121093750000e+02
-1.828598175048828125e+02
-3.047093009948730469e+01
-3.634033203125000000e+01
4.696753845214843750e+02
5.152787475585937500e+02
1.380731658935546875e+02
-2.605186462402343750e+02
-2.577285575866699219e+01
-3.356748962402343750e+01
2.875667114257812500e+02
5.084908447265625000e+02
3.093198966979980469e+01
-2.529432678222656250e+02
-1.941534614562988281e+01
-3.048200035095214844e+01
2.128200225830078125e+02
4.441877746582031250e+02
1.730529594421386719e+01
-2.361178588867187500e+01
-2.877096176147460938e+01
-1.669919013977050781e+01
1.501919250488281250e+02
2.903439636230468750e+02
-1.194447708129882812e+01
4.770643615722656250e+01
-2.646046829223632812e+01
-8.428214073181152344e+00
1.066611557006835938e+02
7.407170867919921875e+01
-2.784532737731933594e+01
1.972935791015625000e+02
-1.905470275878906250e+01
-7.221220493316650391e+00
7.943299865722656250e+01
-1.000481109619140625e+02
-6.596463775634765625e+01
2.041216735839843750e+02
-1.225961875915527344e+01
2.645709514617919922e-01
5.730435562133789062e+01
-1.826800994873046875e+02
-7.818502044677734375e+01
9.821237182617187500e+01
-8.347816467285156250e+00
3.051549673080444336e+00
2.365271186828613281e+01
-2.172764892578125000e+02
-1.118578338623046875e+02
3.345861434936523438e+01
-4.064770221710205078e+00
-9.589360237121582031e+00
2.301936149597167969e+01
-2.222584686279296875e+02
-1.103999023437500000e+02
3.333896636962890625e+01
-4.309164047241210938e+00
-9.666395187377929688e+00
5.710342153906822205e-02
-4.949982836842536926e-02
-8.457916378974914551e-01
-1.352791935205459595e-01
-4.115809500217437744e-01
-9.026948213577270508e-01
3.802780761718750000e+02
-3.661721191406250000e+02
3.513253784179687500e+02
-3.390361404418945312e+01
1.740065956115722656e+01
-6.191668033599853516e+00
6.721433105468750000e+02
-8.165263671875000000e+02
4.555434875488281250e+02
-4.725102233886718750e+01
1.602914237976074219e+01
-1.558925342559814453e+01
2.707422790527343750e+02
3.214998779296875000e+02
3.604298095703125000e+02
-6.488825988769531250e+01
-2.251175403594970703e+00
-1.466383743286132812e+01
1.162452239990234375e+02
5.492546386718750000e+02
2.203911132812500000e+02
-1.024640884399414062e+02
-1.565467453002929688e+01
-1.922147178649902344e+01
1.901882171630859375e+02
4.629440612792968750e+02
1.442137145996093750e+02
-1.912638244628906250e+02
-1.856663703918457031e+01
-2.172974014282226562e+01
1.109895858764648438e+02
5.528215942382812500e+02
1.098239135742187500e+02
-2.702528991699218750e+02
-1.770590400695800781e+01
-2.243812179565429688e+01
5.156235885620117188e+01
5.603973388671875000e+02
6.894322204589843750e+01
-2.916193542480468750e+02
-8.984664916992187500e+00
-2.087779808044433594e+01
2.718896865844726562e+00
3.971490173339843750e+02
3.155387115478515625e+01
-1.232138519287109375e+02
-1.726009559631347656e+01
-4.183969497680664062e+00
-2.747484397888183594e+01
1.476665954589843750e+02
3.826697349548339844e+00
8.427941131591796875e+01
-1.730560111999511719e+01
-5.687875747680664062e-01
-3.724941635131835938e+01
-1.217244567871093750e+02
-1.828694820404052734e+00
1.869677581787109375e+02
-1.602561187744140625e+01
-3.558245897293090820e+00
-3.178309440612792969e+01
-2.947072753906250000e+02
-3.329094696044921875e+01
2.518684082031250000e+02
-7.143670082092285156e+00
4.166200160980224609e-01
-1.257690811157226562e+01
-3.417688598632812500e+02
-6.048254776000976562e+01
1.769539489746093750e+02
1.500869154930114746e+00
-1.913518786430358887e+00
1.124096775054931641e+01
-3.006080017089843750e+02
-6.998693084716796875e+01
7.091288757324218750e+01
2.980731248855590820e+00
-3.231677293777465820e+00
5.883184051513671875e+01
-1.827043914794921875e+02
-7.707405853271484375e+01
9.958970642089843750e+01
-8.545682907104492188e+00
1.174133658409118652e+00
-3.599209976196289062e+01
8.260482788085937500e+01
-9.173538970947265625e+01
4.456625747680664062e+01
-1.448799705505371094e+01
1.861738204956054688e+00
1.867449522018432617e+00
-1.562941312789916992e+00
3.176903009414672852e+00
-3.619107604026794434e-01
5.194514244794845581e-02
1.042157173156738281e+00
8.934777832031250000e+01
-2.959888305664062500e+02
1.378284301757812500e+02
-4.076497268676757812e+01
1.722176933288574219e+01
-6.125537157058715820e-01
2.178918914794921875e+02
-3.788681945800781250e+02
1.421943206787109375e+02
-8.026506805419921875e+01
1.826520538330078125e+01
-3.789629459381103516e+00
-3.225098419189453125e+01
4.672869110107421875e+01
1.396404876708984375e+02
-1.343448028564453125e+02
7.199779033660888672e+00
-7.589270591735839844e+00
-2.607299232482910156e+01
3.059862060546875000e+02
1.121803665161132812e+02
-2.067914733886718750e+02
-3.292079687118530273e+00
-9.599314689636230469e+00
-3.015475988388061523e+00
4.645036315917968750e+02
9.409131622314453125e+01
-2.717400207519531250e+02
-6.359606266021728516e+00
-1.015353012084960938e+01
-4.346252822875976562e+01
6.078489379882812500e+02
5.504134750366210938e+01
-2.925025939941406250e+02
-2.224282026290893555e+00
-1.156282424926757812e+01
-7.060938262939453125e+01
4.889933166503906250e+02
2.818787765502929688e+01
-1.879392852783203125e+02
-7.636483192443847656e+00
3.915305852890014648e+00
-9.087647247314453125e+01
1.299255828857421875e+02
2.356529998779296875e+01
3.537189102172851562e+01
-1.022116470336914062e+01
3.631165742874145508e+00
-8.369141387939453125e+01
-2.813518371582031250e+02
-1.709693670272827148e+00
1.746727752685546875e+02
-1.075265884399414062e+01
-3.474390879273414612e-02
-6.252389907836914062e+01
-4.846347045898437500e+02
2.594655513763427734e+00
2.611315612792968750e+02
-7.144516944885253906e+00
-1.330450177192687988e+00
-3.509729766845703125e+01
-4.568824157714843750e+02
-2.358881378173828125e+01
2.512790527343750000e+02
2.221821308135986328e+00
-2.832386016845703125e+00
-1.305921840667724609e+01
-3.439466552734375000e+02
-6.054854583740234375e+01
1.758152008056640625e+02
1.755550026893615723e+00
-2.298023700714111328e+00
7.802383422851562500e+01
-1.003211517333984375e+02
-6.671546173095703125e+01
2.023964538574218750e+02
-1.235144042968750000e+01
-2.810205519199371338e-01
8.874038696289062500e+01
1.887488708496093750e+02
-9.419660949707031250e+01
1.244822998046875000e+02
-1.857967567443847656e+01
-1.109504923224449158e-01
3.849868774414062500e+01
2.578464660644531250e+02
-7.126594543457031250e+01
6.190375137329101562e+01
-1.622516632080078125e+01
-3.395780920982360840e-01
-3.774892568588256836e+00
-5.336001515388488770e-01
2.268463134765625000e+00
-7.508895397186279297e-01
-5.623040199279785156e-01
-2.913026809692382812e-01
-4.250622177124023438e+01
-2.576514892578125000e+02
7.146183013916015625e+01
-6.443565368652343750e+01
1.476582050323486328e+01
6.664403080940246582e-01
-8.572424316406250000e+01
-1.887750091552734375e+02
9.375057983398437500e+01
-1.313909912109375000e+02
1.888903617858886719e+01
7.876294255256652832e-01
-8.141398620605468750e+01
1.024232177734375000e+02
6.612547302246093750e+01
-2.035513763427734375e+02
1.225498390197753906e+01
3.442010581493377686e-01
3.147517776489257812e+01
2.963224182128906250e+02
3.376499176025390625e+01
-2.552283782958984375e+02
6.927860260009765625e+00
-1.727216839790344238e-01
6.318405532836914062e+01
4.821224670410156250e+02
6.270545721054077148e-01
-2.682089538574218750e+02
7.014491558074951172e+00
9.390729665756225586e-01
1.442793464660644531e+01
5.418315429687500000e+02
6.328876018524169922e+00
-1.996307678222656250e+02
-2.063977479934692383e+00
1.510666942596435547e+01
-9.694265365600585938e+00
2.705780029296875000e+02
9.201841354370117188e+00
-3.204373931884765625e+01
-2.618721500039100647e-02
8.438838958740234375e+00
9.594014167785644531e+00
-2.745034790039062500e+02
-8.972207069396972656e+00
2.329855155944824219e+01
-1.158523321151733398e+00
-9.081814765930175781e+00
-1.209923553466796875e+01
-5.395818481445312500e+02
-7.253987312316894531e+00
2.085369262695312500e+02
1.022098541259765625e+00
-1.588570022583007812e+01
-6.179685211181640625e+01
-4.808410949707031250e+02
1.074314355850219727e+00
2.623104858398437500e+02
-7.024771690368652344e+00
-8.762904405593872070e-01
-3.052692794799804688e+01
-2.951660461425781250e+02
-3.061783599853515625e+01
2.509215240478515625e+02
-6.947965145111083984e+00
-3.298471271991729736e-01
1.053395385742187500e+02
7.215079498291015625e+01
-2.807342910766601562e+01
1.950431365966796875e+02
-1.940148544311523438e+01
-7.354897499084472656e+00
1.658308258056640625e+02
3.372130737304687500e+02
-5.336384963989257812e+01
1.732844238281250000e+02
-2.432847404479980469e+01
-9.994102478027343750e+00
1.009069595336914062e+02
5.138848266601562500e+02
-8.203466796875000000e+01
1.154635620117187500e+02
-2.484621810913085938e+01
-1.071809673309326172e+01
6.094954681396484375e+01
3.988620605468750000e+02
-8.608490753173828125e+01
5.203929519653320312e+01
-1.546993827819824219e+01
-5.123654365539550781e+00
-1.354947566986083984e+00
9.509954452514648438e-01
-5.198181048035621643e-02
-7.093901038169860840e-01
4.689717292785644531e-01
2.163114100694656372e-01
-9.042605590820312500e+01
-1.534465942382812500e+02
3.275893783569335938e+01
-6.041837310791015625e+01
1.464514350891113281e+01
3.281239271163940430e+00
-2.036187896728515625e+02
7.091876983642578125e+01
3.103220176696777344e+01
-1.240328903198242188e+02
1.856173706054687500e+01
3.572979927062988281e+00
-9.351724243164062500e+01
2.693947143554687500e+02
4.362170219421386719e+00
-1.874161987304687500e+02
1.737480163574218750e+01
8.890880584716796875e+00
1.004375534057617188e+02
3.611452026367187500e+02
-2.742047691345214844e+01
-2.423557281494140625e+02
2.127329826354980469e+01
9.898194313049316406e+00
2.012307128906250000e+02
4.280831298828125000e+02
-2.689754295349121094e+01
-2.094642028808593750e+02
1.509550094604492188e+01
5.247319221496582031e+00
1.639706726074218750e+02
3.892218017578125000e+02
-1.918784523010253906e+01
-1.056905899047851562e+02
2.210045814514160156e+00
1.594618892669677734e+01
1.576219177246093750e+02
1.827029138803482056e-01
-2.372431182861328125e+01
-2.891503715515136719e+01
7.878762722015380859e+00
-5.254607200622558594e+00
7.881074428558349609e+00
-2.690920104980468750e+02
-7.047465801239013672e+00
2.634507942199707031e+01
-6.040861010551452637e-01
-7.987167358398437500e+00
-8.516711425781250000e+01
-2.808707885742187500e+02
-2.038737297058105469e+00
1.686479034423828125e+02
-1.050806140899658203e+01
3.933495283126831055e-01
-3.944227981567382812e+01
-1.240245742797851562e+02
-1.706701159477233887e+00
1.903786773681640625e+02
-1.622311210632324219e+01
-1.985664963722229004e+00
1.470887298583984375e+02
2.947655334472656250e+02
-1.410500431060791016e+01
4.453750991821289062e+01
-2.664134407043457031e+01
-8.975248336791992188e+00
2.388701629638671875e+02
5.021399536132812500e+02
-1.144352054595947266e+01
-2.609114074707031250e+01
-2.785343933105468750e+01
-1.517349624633789062e+01
1.494645690917968750e+02
7.235933227539062500e+02
-2.435796737670898438e+01
2.563867759704589844e+01
-2.956972885131835938e+01
-1.992267799377441406e+01
8.998087310791015625e+01
7.621331176757812500e+02
-3.525765228271484375e+01
3.839000320434570312e+01
-2.551816940307617188e+01
-1.574938392639160156e+01
7.317285156250000000e+01
4.160830993652343750e+02
-3.363869476318359375e+01
1.804693412780761719e+01
-1.448775005340576172e+01
-7.250680446624755859e+00
-8.978523612022399902e-01
1.921304225921630859e+00
1.787271201610565186e-01
-1.508301496505737305e+00
8.457801938056945801e-01
2.079943418502807617e-01
-1.944739837646484375e+02
6.915662384033203125e+01
1.248844909667968750e+01
-3.054103469848632812e+01
1.414714813232421875e+01
5.486981868743896484e+00
-2.636036987304687500e+02
3.194118347167968750e+02
-9.185678482055664062e+00
-9.753021240234375000e+01
1.893923759460449219e+01
1.239739418029785156e+01
-7.272476196289062500e+01
3.971375122070312500e+02
-3.524063491821289062e+01
-1.861514739990234375e+02
2.275786590576171875e+01
1.476753044128417969e+01
1.579553833007812500e+02
4.172312316894531250e+02
-7.754789733886718750e+01
-2.309690551757812500e+02
2.062490272521972656e+01
8.646175384521484375e+00
2.987038269042968750e+02
3.599813232421875000e+02
-1.169072265625000000e+02
-1.696607208251953125e+02
1.636192321777343750e+01
6.636924743652343750e+00
1.637912902832031250e+02
3.888022766113281250e+02
-1.716137123107910156e+01
-1.103307876586914062e+02
1.219401717185974121e+00
1.442913532257080078e+01
-7.852064132690429688e+00
2.691206665039062500e+02
7.046303749084472656e+00
-2.636507225036621094e+01
6.196092367172241211e-01
7.981670379638671875e+00
-9.004473876953125000e+01
1.307180175781250000e+02
2.169664573669433594e+01
3.467939758300781250e+01
-1.079594707489013672e+01
3.495117664337158203e+00
-2.889658546447753906e+01
1.470845031738281250e+02
3.121710777282714844e+00
7.769095611572265625e+01
-1.708823204040527344e+01
-2.876183688640594482e-01
2.070304870605468750e+02
4.472900085449218750e+02
1.727819633483886719e+01
-2.458555030822753906e+01
-2.830175781250000000e+01
-1.642307472229003906e+01
3.208235168457031250e+02
6.151362915039062500e+02
4.904349803924560547e+00
-2.336603736877441406e+01
-3.429109191894531250e+01
-2.463403511047363281e+01
2.065583496093750000e+02
8.735208129882812500e+02
-4.326196193695068359e+00
-7.766652679443359375e+01
-3.172539901733398438e+01
-3.100297737121582031e+01
1.323878936767578125e+02
9.828182983398437500e+02
5.219055175781250000e+00
-1.066997604370117188e+02
-2.426721954345703125e+01
-2.688715171813964844e+01
1.259958648681640625e+02
7.324257812500000000e+02
-8.834821701049804688e+00
-6.074913024902343750e+01
-1.712350463867187500e+01
-1.750954627990722656e+01
1.125768966674804688e+02
2.382511901855468750e+02
-7.450583934783935547e+00
-7.334517002105712891e+00
-9.557713508605957031e+00
-7.995832443237304688e+00
8.081731796264648438e-01
-1.808089911937713623e-01
-1.025573253631591797e+00
5.002177357673645020e-01
6.762760877609252930e-01
1.079572796821594238e+00
-3.483600769042968750e+02
3.621984252929687500e+02
-8.826698303222656250e+00
-5.758287811279296875e+01
5.389765262603759766e+00
1.626992607116699219e+01
-2.992410888671875000e+02
4.758930664062500000e+02
-5.766835021972656250e+01
-1.146561126708984375e+02
1.763211822509765625e+01
2.548464775085449219e+01
-6.580485534667968750e+01
4.935427551269531250e+02
-1.482778472900390625e+02
-1.866551513671875000e+02
2.025685882568359375e+01
1.739995956420898438e+01
1.571275939941406250e+02
4.169862670898437500e+02
-8.018196868896484375e+01
-2.374807281494140625e+02
2.180159187316894531e+01
7.208452701568603516e+00
2.014376983642578125e+02
4.320393981933593750e+02
-2.574596977233886719e+01
-2.062999725341796875e+02
1.490097427368164062e+01
4.341745853424072266e+00
1.209399318695068359e+01
5.396173706054687500e+02
7.251784324645996094e+00
-2.085213775634765625e+02
-1.022984862327575684e+00
1.589044570922851562e+01
-7.318241882324218750e+01
4.859025573730468750e+02
2.953718566894531250e+01
-1.761793365478515625e+02
-7.820630073547363281e+00
3.917150735855102539e+00
-9.992609918117523193e-02
3.959116821289062500e+02
3.186660194396972656e+01
-1.249404830932617188e+02
-1.745110321044921875e+01
-4.780702114105224609e+00
2.894752197265625000e+02
5.145892333984375000e+02
3.102769279479980469e+01
-2.462176513671875000e+02
-1.937040710449218750e+01
-2.982150077819824219e+01
4.019554138183593750e+02
6.105920410156250000e+02
2.085373115539550781e+01
-1.669321594238281250e+02
-3.626255416870117188e+01
-4.069225311279296875e+01
2.534423828125000000e+02
9.495428466796875000e+02
1.352427673339843750e+01
-1.021936321258544922e+01
-3.890641403198242188e+01
-4.434867858886718750e+01
1.485303039550781250e+02
1.039974975585937500e+03
1.451438617706298828e+01
-1.204347000122070312e+02
-3.558467864990234375e+01
-3.775738525390625000e+01
1.603922424316406250e+02
8.211381835937500000e+02
2.889375114440917969e+01
-1.352915344238281250e+02
-2.829469299316406250e+01
-2.619180297851562500e+01
2.081846618652343750e+02
3.980242919921875000e+02
1.862911987304687500e+01
-8.975994110107421875e+01
-1.792717933654785156e+01
-9.717000007629394531e+00
2.420477142333984375e+02
-9.704074859619140625e+01
-1.077359485626220703e+01
-2.649148559570312500e+01
-7.870672225952148438e+00
-8.770004272460937500e+00
2.751842141151428223e-01
-1.402108669281005859e+00
7.508678734302520752e-02
3.252095699310302734e+00
-2.316746860742568970e-01
8.527919650077819824e-01
-4.730263977050781250e+02
5.195959472656250000e+02
-1.308904266357421875e+02
9.589205169677734375e+01
3.359017848968505859e+00
2.071081924438476562e+01
-3.000179748535156250e+02
4.757179260253906250e+02
-6.134764862060546875e+01
-1.198114471435546875e+02
1.738334846496582031e+01
2.512582206726074219e+01
-7.392035675048828125e+01
4.007010192871093750e+02
-3.290953445434570312e+01
-1.870406799316406250e+02
2.298106193542480469e+01
1.445296573638916016e+01
1.017074432373046875e+02
3.665945739746093750e+02
-2.569060707092285156e+01
-2.261951141357421875e+02
2.080332183837890625e+01
1.107474040985107422e+01
6.256465911865234375e+01
4.845871887207031250e+02
-2.601053953170776367e+00
-2.611198730468750000e+02
7.147165298461914062e+00
1.324692845344543457e+00
-3.837132644653320312e+01
6.081284790039062500e+02
5.284312438964843750e+01
-2.869537658691406250e+02
-2.636015415191650391e+00
-1.181149196624755859e+01
5.294752883911132812e+01
5.575108642578125000e+02
6.985469818115234375e+01
-2.865556335449218750e+02
-9.522001266479492188e+00
-2.010194587707519531e+01
4.698701477050781250e+02
5.049066772460937500e+02
1.402596893310546875e+02
-2.581183471679687500e+02
-2.596313476562500000e+01
-3.399996185302734375e+01
5.792317504882812500e+02
5.550595092773437500e+02
1.140597381591796875e+02
-2.481370391845703125e+02
-3.501515579223632812e+01
-4.312598419189453125e+01
3.298660583496093750e+02
8.751680908203125000e+02
5.007151031494140625e+01
-2.459122009277343750e+02
-4.617904281616210938e+01
-5.117856216430664062e+01
1.786161651611328125e+02
9.605233764648437500e+02
4.667461013793945312e+01
-2.233913421630859375e+02
-5.030781936645507812e+01
-5.065945434570312500e+01
2.001851348876953125e+02
7.224854736328125000e+02
1.418070030212402344e+01
-2.063082275390625000e+02
-4.286291122436523438e+01
-3.869347000122070312e+01
2.836122436523437500e+02
3.829161376953125000e+02
4.454015350341796875e+01
-1.726710510253906250e+02
-2.977277565002441406e+01
-2.458909988403320312e+01
4.025238342285156250e+02
-8.591942596435546875e+01
3.712500381469726562e+01
-4.441905212402343750e+01
-1.696287727355957031e+01
-1.255628108978271484e+01
5.067362670898437500e+02
-5.305983276367187500e+02
8.400135803222656250e+01
-1.319463195800781250e+02
-4.264176845550537109e+00
-1.236673545837402344e+01
4.812849760055541992e-01
-3.644475713372230530e-02
-2.289655953645706177e-01
-3.857197046279907227e+00
1.924244463443756104e-01
1.121092289686203003e-01
-3.484616699218750000e+02
3.650295410156250000e+02
-9.868571281433105469e+00
-5.692092895507812500e+01
6.534821033477783203e+00
1.657127952575683594e+01
-2.634029846191406250e+02
3.228396911621093750e+02
-7.607139587402343750e+00
-8.846039581298828125e+01
1.820998573303222656e+01
1.249624919891357422e+01
-9.133301544189453125e+01
2.723396911621093750e+02
2.407914161682128906e+00
-1.867543792724609375e+02
1.739864349365234375e+01
9.666779518127441406e+00
3.184590148925781250e+01
2.946567077636718750e+02
3.328714370727539062e+01
-2.518530426025390625e+02
7.137371063232421875e+00
-4.140602052211761475e-01
-4.981908321380615234e+00
4.622962646484375000e+02
9.701626586914062500e+01
-2.663652343750000000e+02
-6.154734611511230469e+00
-9.302799224853515625e+00
1.027647171020507812e+02
5.523673706054687500e+02
1.119652023315429688e+02
-2.647890014648437500e+02
-1.767554283142089844e+01
-2.237084960937500000e+01
1.111854125976562500e+03
4.756107788085937500e+02
2.097813262939453125e+02
-1.829916076660156250e+02
-3.088144302368164062e+01
-3.725420379638671875e+01
1.163418090820312500e+03
4.958009948730468750e+02
2.501253662109375000e+02
-1.832195739746093750e+02
-3.907108306884765625e+01
-4.853657531738281250e+01
5.217780151367187500e+02
7.193943481445312500e+02
2.252048492431640625e+02
-1.932129364013671875e+02
-4.636180496215820312e+01
-5.676631927490234375e+01
2.567694091796875000e+02
7.605790405273437500e+02
1.320962982177734375e+02
-2.160749359130859375e+02
-5.248733139038085938e+01
-5.907010269165039062e+01
2.696875915527343750e+02
5.215573730468750000e+02
7.504465484619140625e+01
-2.255644226074218750e+02
-5.696092987060546875e+01
-5.393107604980468750e+01
3.566240539550781250e+02
2.566832580566406250e+02
4.294625854492187500e+01
-2.358652801513671875e+02
-4.195681762695312500e+01
-4.130134201049804688e+01
4.575726623535156250e+02
4.290348434448242188e+01
4.248226547241210938e+01
-2.089544372558593750e+02
-2.968660354614257812e+01
-2.272490882873535156e+01
4.046264953613281250e+02
-8.430464172363281250e+01
3.761930084228515625e+01
-5.132266998291015625e+01
-1.608001136779785156e+01
-1.105826091766357422e+01
2.424045104980468750e+02
-9.565234375000000000e+01
-8.794862747192382812e+00
-2.584230613708496094e+01
-7.478976726531982422e+00
-8.603772163391113281e+00
1.163815259933471680e+00
-2.177570104598999023e+00
8.862178325653076172e-01
-2.895705223083496094e+00
6.870464682579040527e-01
1.031263113021850586e+00
-1.921437988281250000e+02
6.836331939697265625e+01
1.047836589813232422e+01
-3.052660179138183594e+01
1.450226116180419922e+01
4.825336456298828125e+00
-2.047555541992187500e+02
7.133942413330078125e+01
3.341251754760742188e+01
-1.220663986206054688e+02
1.890417098999023438e+01
4.143398761749267578e+00
-7.937245941162109375e+01
9.998312377929687500e+01
6.596421813964843750e+01
-2.041095886230468750e+02
1.225480461120605469e+01
-2.645772397518157959e-01
-2.534213256835937500e+01
3.068514404296875000e+02
1.112739105224609375e+02
-2.019378204345703125e+02
-3.390920400619506836e+00
-9.457617759704589844e+00
1.977601013183593750e+02
4.680294189453125000e+02
1.421105957031250000e+02
-1.899556274414062500e+02
-1.874439620971679688e+01
-2.269983673095703125e+01
1.512967163085937500e+03
5.956854858398437500e+02
3.931798706054687500e+02
-8.443401336669921875e+01
-3.174236297607421875e+01
-3.578337478637695312e+01
2.135323486328125000e+03
5.410582275390625000e+02
5.683619384765625000e+02
-7.928029632568359375e+01
-4.196817779541015625e+01
-5.207517242431640625e+01
1.100075805664062500e+03
5.958178100585937500e+02
5.938415527343750000e+02
-8.700552368164062500e+01
-4.789780044555664062e+01
-6.026774597167968750e+01
4.155146789550781250e+02
6.535377807617187500e+02
4.081267089843750000e+02
-1.146754989624023438e+02
-5.144952774047851562e+01
-6.342522048950195312e+01
3.689650878906250000e+02
3.837181396484375000e+02
2.105435943603515625e+02
-1.606794891357421875e+02
-5.352832412719726562e+01
-6.848528289794921875e+01
4.246633605957031250e+02
2.158283843994140625e+02
9.329969787597656250e+01
-2.190142517089843750e+02
-5.212540435791015625e+01
-5.234142303466796875e+01
3.574460754394531250e+02
2.547322998046875000e+02
4.639036560058593750e+01
-2.368915863037109375e+02
-4.193342971801757812e+01
-4.133522415161132812e+01
2.828941650390625000e+02
3.847672119140625000e+02
4.417440414428710938e+01
-1.738027954101562500e+02
-2.981387901306152344e+01
-2.452884483337402344e+01
2.086122131347656250e+02
4.011029968261718750e+02
1.669421768188476562e+01
-9.053013610839843750e+01
-1.719695663452148438e+01
-1.122988510131835938e+01
1.158588180541992188e+02
2.394304809570312500e+02
-8.205842971801757812e+00
-3.046294212341308594e+00
-1.017987918853759766e+01
-8.765450477600097656e+00
8.757139444351196289e-01
1.076150462031364441e-01
-4.870922565460205078e-01
2.721459627151489258e+00
3.679320216178894043e-01
2.383091859519481659e-02
-8.891792297363281250e+01
-1.503777008056640625e+02
3.182923507690429688e+01
-5.781082153320312500e+01
1.425340175628662109e+01
3.178354978561401367e+00
-8.671985626220703125e+01
-1.885180358886718750e+02
8.988566589355468750e+01
-1.275596847534179688e+02
1.894214820861816406e+01
1.995537281036376953e-01
-3.457188034057617188e+01
4.503854751586914062e+01
1.394090576171875000e+02
-1.411654052734375000e+02
7.531833648681640625e+00
-8.298195838928222656e+00
1.076855468750000000e+02
5.469381103515625000e+02
2.161037445068359375e+02
-1.061959457397460938e+02
-1.596537113189697266e+01
-1.908606338500976562e+01
1.351542236328125000e+03
1.790667602539062500e+03
6.677381591796875000e+02
-5.703269577026367188e+01
-3.183672523498535156e+01
-2.922245216369628906e+01
2.691186767578125000e+03
1.681976928710937500e+03
1.058203857421875000e+03
-5.666635894775390625e+01
-5.071953582763671875e+01
-4.087726211547851562e+01
1.931974121093750000e+03
1.272282714843750000e+03
1.429211303710937500e+03
-5.807232284545898438e+01
-5.730937576293945312e+01
-4.883724212646484375e+01
9.126533813476562500e+02
9.074686889648437500e+02
1.136075439453125000e+03
-5.698556900024414062e+01
-5.513152694702148438e+01
-5.130732727050781250e+01
5.316559448242187500e+02
4.016842346191406250e+02
5.525692749023437500e+02
-8.018370819091796875e+01
-5.047205734252929688e+01
-6.380257797241210938e+01
3.662885437011718750e+02
3.848955078125000000e+02
2.073981475830078125e+02
-1.634817352294921875e+02
-5.269608688354492188e+01
-6.730052947998046875e+01
2.685544433593750000e+02
5.216431884765625000e+02
7.335649871826171875e+01
-2.254510345458984375e+02
-5.686230468750000000e+01
-5.321516799926757812e+01
2.001084899902343750e+02
7.232683715820312500e+02
1.427191352844238281e+01
-1.985045776367187500e+02
-4.268514251708984375e+01
-3.836520004272460938e+01
1.591769866943359375e+02
8.165745849609375000e+02
2.809926986694335938e+01
-1.378071136474609375e+02
-2.890524291992187500e+01
-2.499986457824707031e+01
1.269895477294921875e+02
7.312486572265625000e+02
-8.206185340881347656e+00
-6.228728866577148438e+01
-1.791572761535644531e+01
-1.869227218627929688e+01
7.156395721435546875e+01
4.154125061035156250e+02
-3.309819793701171875e+01
1.829957580566406250e+01
-1.504169845581054688e+01
-7.441286563873291016e+00
1.077146172523498535e+00
2.864548563957214355e-01
9.799825549125671387e-01
-1.260643899440765381e-01
-3.636933565139770508e-01
-2.655862271785736084e-01
-3.910339355468750000e+01
-2.551276092529296875e+02
7.003242492675781250e+01
-6.330960083007812500e+01
1.511538028717041016e+01
4.193548858165740967e-01
2.061758880615234375e+02
-3.864685668945312500e+02
1.390852050781250000e+02
-8.178015136718750000e+01
1.780727195739746094e+01
-4.031536102294921875e+00
2.757568359375000000e+02
3.150560913085937500e+02
3.568648681640625000e+02
-6.455098724365234375e+01
-3.511940002441406250e+00
-1.397994422912597656e+01
1.030983764648437500e+03
4.915205383300781250e+02
2.734901428222656250e+02
-9.359552764892578125e+01
-9.760644912719726562e+00
-2.751864624023437500e+01
1.446687744140625000e+03
2.621047119140625000e+03
5.380709228515625000e+02
-7.311486053466796875e+01
-4.629703140258789062e+01
-3.208510208129882812e+01
1.317551391601562500e+03
1.935781127929687500e+03
9.292609252929687500e+02
-6.091429519653320312e+01
-5.400465774536132812e+01
-4.816829681396484375e+01
9.002412109375000000e+02
9.183645629882812500e+02
1.132867675781250000e+03
-5.682942581176757812e+01
-5.504703140258789062e+01
-5.104599380493164062e+01
4.393172607421875000e+02
4.392818603515625000e+02
7.330957641601562500e+02
-5.466012573242187500e+01
-5.465676498413085938e+01
-5.123642730712890625e+01
2.905215454101562500e+02
3.380028076171875000e+02
3.018140258789062500e+02
-9.073073577880859375e+01
-5.615140151977539062e+01
-5.795796966552734375e+01
1.916175384521484375e+02
3.361267700195312500e+02
1.300046997070312500e+02
-1.772317962646484375e+02
-6.765554809570312500e+01
-5.710439682006835938e+01
1.327926635742187500e+02
4.693433227539062500e+02
5.324582672119140625e+01
-2.430144348144531250e+02
-6.083182907104492188e+01
-4.406611633300781250e+01
1.085537796020507812e+02
5.868460693359375000e+02
5.941214370727539062e+01
-2.361087951660156250e+02
-3.568257141113281250e+01
-2.411090660095214844e+01
9.105466461181640625e+01
7.189135131835937500e+02
3.919625091552734375e+01
-1.492666320800781250e+02
-2.248999977111816406e+01
-1.133508396148681641e+01
5.621632003784179688e+01
5.019180297851562500e+02
-1.615608787536621094e+01
-1.988977432250976562e+01
-1.017476558685302734e+01
-1.017607879638671875e+01
-7.804168853908777237e-04
-8.425672422163188457e-04
9.596334421075880527e-04
1.496037817560136318e-03
-3.046721576538402587e-05
1.304944635194260627e-05
-6.095849227905273438e+01
-3.887910461425781250e+02
8.443502044677734375e+01
-5.294675827026367188e+01
1.524626064300537109e+01
5.287797927856445312e+00
-3.187285995483398438e+01
-4.737680969238281250e+02
1.478592376708984375e+02
-1.210362014770507812e+02
2.104919815063476562e+01
8.274477720260620117e-01
3.862816772460937500e+02
-5.550092773437500000e+02
2.023315277099609375e+02
-1.314743499755859375e+02
1.312118816375732422e+01
-8.230575561523437500e+00
2.764398193359375000e+02
3.206129455566406250e+02
3.578242797851562500e+02
-6.474037933349609375e+01
-2.631443738937377930e+00
-1.393937397003173828e+01
1.377628051757812500e+03
1.803186645507812500e+03
6.636563720703125000e+02
-5.678942871093750000e+01
-3.147051048278808594e+01
-3.212109375000000000e+01
2.698705322265625000e+03
1.683576660156250000e+03
1.061477172851562500e+03
-5.612520217895507812e+01
-5.079894638061523438e+01
-4.282833480834960938e+01
1.927259277343750000e+03
1.283747192382812500e+03
1.421417236328125000e+03
-5.745809555053710938e+01
-5.715998458862304688e+01
-4.934834289550781250e+01
8.947478637695312500e+02
9.160081176757812500e+02
1.130420532226562500e+03
-5.612036514282226562e+01
-5.489474105834960938e+01
-5.099376678466796875e+01
5.304114990234375000e+02
4.017135620117187500e+02
5.507069702148437500e+02
-7.976134490966796875e+01
-5.063061523437500000e+01
-6.570019531250000000e+01
3.689488525390625000e+02
3.856791076660156250e+02
2.098480834960937500e+02
-1.635540161132812500e+02
-5.306362152099609375e+01
-6.732230377197265625e+01
2.667482910156250000e+02
5.284014892578125000e+02
7.243269348144531250e+01
-2.243419036865234375e+02
-5.844115829467773438e+01
-5.248705291748046875e+01
2.007128448486328125e+02
7.184836425781250000e+02
1.395069789886474609e+01
-1.975736694335937500e+02
-4.276199722290039062e+01
-3.800796127319335938e+01
1.609068450927734375e+02
8.155463256835937500e+02
2.815663337707519531e+01
-1.368887939453125000e+02
-2.948576927185058594e+01
-2.538143539428710938e+01
1.259884643554687500e+02
7.297536621093750000e+02
-1.035043430328369141e+01
-6.137575531005859375e+01
-1.803482246398925781e+01
-1.823090362548828125e+01
7.181980133056640625e+01
4.129048461914062500e+02
-3.302896881103515625e+01
1.408678817749023438e+01
-1.536771583557128906e+01
-7.592304706573486328e+00
-1.092714428901672363e+00
-2.883611023426055908e-01
-9.777681231498718262e-01
1.220489442348480225e-01
3.625158667564392090e-01
2.654848098754882812e-01
-3.980489349365234375e+01
-2.568341979980468750e+02
7.301065063476562500e+01
-6.519996643066406250e+01
1.502223205566406250e+01
-1.999105364084243774e-01
2.125021820068359375e+02
-3.790918579101562500e+02
1.414566040039062500e+02
-8.075051879882812500e+01
1.816476058959960938e+01
-4.429010391235351562e+00
7.157566070556640625e+01
2.739049072265625000e+02
3.418913269042968750e+02
-4.850841522216796875e+01
5.553020477294921875e+00
-4.402064323425292969e+00
1.844803314208984375e+02
1.211112304687500000e+03
6.363638916015625000e+02
-4.928488540649414062e+01
-2.218007278442382812e+01
-1.520994758605957031e+01
2.100602294921875000e+03
1.498704467773437500e+03
9.227544555664062500e+02
-5.364638137817382812e+01
-4.016787338256835938e+01
-3.204447555541992188e+01
2.703308105468750000e+03
1.672844238281250000e+03
1.064101684570312500e+03
-5.576660537719726562e+01
-5.081626129150390625e+01
-4.136063003540039062e+01
1.318501342773437500e+03
1.920261352539062500e+03
9.364003906250000000e+02
-6.163430786132812500e+01
-5.480975723266601562e+01
-4.658930587768554688e+01
1.096849243164062500e+03
5.995779418945312500e+02
5.959333496093750000e+02
-8.543862152099609375e+01
-4.862546539306640625e+01
-6.069626998901367188e+01
6.964282836914062500e+02
3.882136840820312500e+02
2.972435302734375000e+02
-1.689091339111328125e+02
-4.482351684570312500e+01
-5.831800842285156250e+01
5.711635131835937500e+02
4.022918701171875000e+02
1.273339996337890625e+02
-2.396117553710937500e+02
-4.345588684082031250e+01
-5.377144241333007812e+01
4.447453613281250000e+02
5.592921142578125000e+02
3.508646774291992188e+01
-2.353283843994140625e+02
-4.073006439208984375e+01
-4.315032196044921875e+01
3.536145935058593750e+02
6.463954467773437500e+02
4.648401260375976562e+00
-8.812028503417968750e+01
-3.477678298950195312e+01
-3.189736938476562500e+01
2.744013671875000000e+02
5.817830200195312500e+02
2.830488681793212891e+00
-5.123318862915039062e+01
-2.744360351562500000e+01
-1.747075080871582031e+01
1.925885925292968750e+02
3.814458618164062500e+02
-2.678706932067871094e+01
3.689162445068359375e+01
-2.365157890319824219e+01
-1.271142864227294922e+01
8.891559600830078125e+01
1.503817443847656250e+02
-3.183136749267578125e+01
5.781536865234375000e+01
-1.425331878662109375e+01
-3.180815935134887695e+00
-1.338359355926513672e+00
1.518773138523101807e-01
-4.872629046440124512e-01
5.033820867538452148e-01
1.226404085755348206e-01
-2.841552793979644775e-01
2.878709030151367188e+01
-8.460337829589843750e+01
8.822154235839843750e+01
-4.399507522583007812e+01
1.412687778472900391e+01
-2.189258098602294922e+00
-2.204005813598632812e+01
2.171634063720703125e+02
1.072029342651367188e+02
-3.359336090087890625e+01
4.092899322509765625e+00
9.204173088073730469e+00
-1.132228012084960938e+02
7.366478881835937500e+02
4.082983398437500000e+02
-4.071728134155273438e+01
-1.118851375579833984e+01
4.147134780883789062e+00
1.935500183105468750e+02
1.205295166015625000e+03
6.410381469726562500e+02
-4.897857666015625000e+01
-2.120767974853515625e+01
-1.397220516204833984e+01
1.358502563476562500e+03
1.805242187500000000e+03
6.550101928710937500e+02
-5.766669464111328125e+01
-3.232431793212890625e+01
-2.974784088134765625e+01
1.440032958984375000e+03
2.653236572265625000e+03
5.446658935546875000e+02
-7.354570770263671875e+01
-4.623584747314453125e+01
-3.278662490844726562e+01
1.705885986328125000e+03
8.715068359375000000e+02
3.846723937988281250e+02
-1.047493133544921875e+02
-4.426179885864257812e+01
-4.460795974731445312e+01
1.132292114257812500e+03
4.918849182128906250e+02
2.556132659912109375e+02
-1.833753356933593750e+02
-3.921212005615234375e+01
-4.749589157104492188e+01
6.673037109375000000e+02
4.435828857421875000e+02
1.624497985839843750e+02
-2.523555603027343750e+02
-3.580661392211914062e+01
-4.583060073852539062e+01
5.684396972656250000e+02
4.665264587402343750e+02
4.824265289306640625e+01
-2.854181518554687500e+02
-3.154007530212402344e+01
-4.133411407470703125e+01
4.412914428710937500e+02
4.235151367187500000e+02
2.259687042236328125e+01
-1.207956924438476562e+02
-3.576655578613281250e+01
-2.383655929565429688e+01
3.459505004882812500e+02
2.925733642578125000e+02
1.144395923614501953e+01
4.236798477172851562e+01
-3.327466201782226562e+01
-1.680794525146484375e+01
2.732614440917968750e+02
9.242981719970703125e+01
-1.021328544616699219e+01
6.367684555053710938e+01
-2.380167198181152344e+01
-1.318247509002685547e+01
2.047885437011718750e+02
-7.136344146728515625e+01
-3.341461944580078125e+01
1.220799865722656250e+02
-1.890670776367187500e+01
-4.141491889953613281e+00
1.061314468383789062e+02
-9.740479278564453125e+01
-2.441840934753417969e+01
7.213733673095703125e+01
-1.217530441284179688e+01
-2.769289731979370117e+00
-2.508079819381237030e-02
2.524569444358348846e-02
-8.033151626586914062e-01
-1.477115042507648468e-02
-5.837113410234451294e-02
-5.524222850799560547e-01
2.523253560066223145e-01
-1.499942898750305176e+00
-2.226041078567504883e+00
-3.479342460632324219e-01
-1.091723889112472534e-01
1.493171453475952148e-01
-2.308487510681152344e+01
2.160408325195312500e+02
1.069683532714843750e+02
-3.302323150634765625e+01
4.382978439331054688e+00
9.465718269348144531e+00
7.242074584960937500e+01
2.673594970703125000e+02
3.449735412597656250e+02
-4.862078094482421875e+01
5.468725204467773438e+00
-3.563581228256225586e+00
2.685485534667968750e+02
3.242749938964843750e+02
3.604477844238281250e+02
-6.488815307617187500e+01
-2.248323440551757812e+00
-1.466820716857910156e+01
1.055750732421875000e+03
5.149788818359375000e+02
2.896290893554687500e+02
-9.167642211914062500e+01
-9.404481887817382812e+00
-2.604056930541992188e+01
9.271235961914062500e+02
9.277786254882812500e+02
2.476122589111328125e+02
-1.408663024902343750e+02
-2.664747047424316406e+01
-2.588871574401855469e+01
8.867497558593750000e+02
4.943946838378906250e+02
1.964438629150390625e+02
-2.084246063232421875e+02
-2.881375122070312500e+01
-3.130579757690429688e+01
4.769129638671875000e+02
5.091303405761718750e+02
1.414463500976562500e+02
-2.652416381835937500e+02
-2.608389663696289062e+01
-3.387811279296875000e+01
3.322906494140625000e+02
5.431776733398437500e+02
8.368040466308593750e+01
-2.974940795898437500e+02
-1.927266311645507812e+01
-3.233971786499023438e+01
2.483634490966796875e+02
3.972386779785156250e+02
4.275171279907226562e+01
-1.953599395751953125e+02
-3.093935775756835938e+01
-1.285402584075927734e+01
1.706608581542968750e+02
1.573846130371093750e+02
2.685005187988281250e+01
7.636264801025390625e+01
-2.970576667785644531e+01
-1.008319664001464844e+01
1.247631912231445312e+02
-7.146579742431640625e+01
8.576232910156250000e+00
1.498755493164062500e+02
-2.591131973266601562e+01
-1.053948020935058594e+01
9.136402893066406250e+01
-2.723589477539062500e+02
-2.424012184143066406e+00
1.867771606445312500e+02
-1.740162467956542969e+01
-9.667256355285644531e+00
6.372896575927734375e+01
-2.735942993164062500e+02
-7.772652626037597656e+00
1.535764617919921875e+02
-1.142046165466308594e+01
-6.673092842102050781e+00
2.815830802917480469e+01
-1.750976409912109375e+02
-1.892492675781250000e+01
6.631427764892578125e+01
-6.385445594787597656e+00
-1.414777088165283203e+01
2.746726608276367188e+01
-1.753971099853515625e+02
-1.930671119689941406e+01
6.710953521728515625e+01
-5.747786521911621094e+00
-1.475233745574951172e+01
-4.341049194335937500e-01
7.141200900077819824e-01
1.303211450576782227e+00
4.653768613934516907e-03
-1.524251848459243774e-01
-2.007266730070114136e-01
3.351534271240234375e+01
-8.505915069580078125e+01
8.162184143066406250e+01
-4.407714462280273438e+01
1.406563949584960938e+01
-1.427629709243774414e+00
2.178917083740234375e+02
-3.788852844238281250e+02
1.422099914550781250e+02
-8.026307678222656250e+01
1.826620292663574219e+01
-3.789717197418212891e+00
3.905782775878906250e+02
-5.513198242187500000e+02
1.994093780517578125e+02
-1.253951339721679688e+02
1.341076755523681641e+01
-7.304429531097412109e+00
9.456918334960937500e+01
-7.104882597923278809e-01
1.973060913085937500e+02
-1.783580932617187500e+02
2.438261747360229492e+00
-1.055990409851074219e+01
4.608041000366210938e+01
3.156372680664062500e+02
1.602714538574218750e+02
-2.375420989990234375e+02
-8.823791503906250000e+00
-1.623157691955566406e+01
8.465774536132812500e+01
4.237388916015625000e+02
1.245877609252929688e+02
-2.711383972167968750e+02
-1.194864559173583984e+01
-2.055832290649414062e+01
4.946778106689453125e+01
5.572162475585937500e+02
6.992279815673828125e+01
-2.913563537597656250e+02
-9.514245986938476562e+00
-2.069409561157226562e+01
-1.033272266387939453e+01
4.791785278320312500e+02
4.391695022583007812e+01
-2.249540252685546875e+02
-2.042462348937988281e+01
9.695364832878112793e-01
-7.187505340576171875e+01
1.567415313720703125e+02
4.054375076293945312e+01
2.261688613891601562e+01
-2.115348815917968750e+01
2.889028310775756836e+00
-9.090263366699218750e+01
-1.979174957275390625e+02
1.982101058959960938e+01
1.632654876708984375e+02
-2.152355957031250000e+01
-3.553512573242187500e+00
-1.016741790771484375e+02
-3.666026916503906250e+02
2.569129180908203125e+01
2.262172851562500000e+02
-2.080522155761718750e+01
-1.107349491119384766e+01
-9.096520233154296875e+01
-3.613459167480468750e+02
4.284858322143554688e+01
2.226308898925781250e+02
-8.321879386901855469e+00
-9.710362434387207031e+00
-5.705241394042968750e+01
-2.728841552734375000e+02
-3.076349973678588867e+00
1.573279113769531250e+02
-1.035847663879394531e+00
-1.190076160430908203e+01
6.323493194580078125e+01
-2.736415405273437500e+02
-7.291271209716796875e+00
1.517325439453125000e+02
-1.143437194824218750e+01
-5.974163532257080078e+00
1.046609115600585938e+02
-9.767252349853515625e+01
-2.201305007934570312e+01
7.237921142578125000e+01
-1.249827861785888672e+01
-2.170586585998535156e+00
2.391963824629783630e-02
8.183000087738037109e-01
6.354892849922180176e-01
-2.236395478248596191e-01
9.439497254788875580e-03
-2.554537951946258545e-01
-4.249500656127929688e+01
-2.576508789062500000e+02
7.146223449707031250e+01
-6.443500518798828125e+01
1.476565265655517578e+01
6.667841076850891113e-01
-2.880237579345703125e+01
-4.772559204101562500e+02
1.520657653808593750e+02
-1.255853576660156250e+02
2.163406372070312500e+01
1.671078324317932129e+00
-2.689019584655761719e+01
-4.085758056640625000e+02
1.381360168457031250e+02
-1.888554992675781250e+02
2.117219352722167969e+01
1.552907705307006836e+00
-7.984290313720703125e+01
-9.711174011230468750e+01
9.490118408203125000e+01
-2.387618865966796875e+02
1.155310726165771484e+01
-3.018517494201660156e-01
-1.317344665527343750e+01
1.478425292968750000e+02
6.028620147705078125e+01
-2.647687377929687500e+02
5.000597476959228516e+00
-5.737468242645263672e+00
4.161231040954589844e+00
3.860940551757812500e+02
2.265042686462402344e+01
-2.551086578369140625e+02
8.262402415275573730e-01
-8.710265159606933594e+00
-7.069006347656250000e+01
4.854468383789062500e+02
2.833430099487304688e+01
-1.876685180664062500e+02
-7.866136550903320312e+00
5.124342918395996094e+00
-1.719503326416015625e+02
2.687289123535156250e+02
3.694995117187500000e+01
2.287556409835815430e+00
-1.288419437408447266e+01
1.299740791320800781e+01
-2.123800659179687500e+02
-1.739631347656250000e+02
3.556203460693359375e+01
1.401375579833984375e+02
-1.533819866180419922e+01
4.099916458129882812e+00
-2.014002075195312500e+02
-4.320481567382812500e+02
2.574946212768554688e+01
2.062927551269531250e+02
-1.489465427398681641e+01
-4.353199481964111328e+00
-1.440248107910156250e+02
-4.510394897460937500e+02
3.765640258789062500e+01
2.579877929687500000e+02
-1.142532253265380859e+01
-5.343636035919189453e+00
-9.166784667968750000e+01
-3.614588623046875000e+02
4.389282226562500000e+01
2.239872283935546875e+02
-8.573660850524902344e+00
-1.061793327331542969e+01
8.978293609619140625e+01
-2.703816223144531250e+02
-2.194340229034423828e+00
1.918667449951171875e+02
-1.824992752075195312e+01
-8.955957412719726562e+00
2.023226165771484375e+02
-7.072640991210937500e+01
-3.236632156372070312e+01
1.222183074951171875e+02
-1.934115600585937500e+01
-3.836018562316894531e+00
8.803821563720703125e+01
1.528301696777343750e+02
-3.145879936218261719e+01
5.436537170410156250e+01
-1.462121105194091797e+01
-3.149728059768676758e+00
-1.349892854690551758e+00
9.514082074165344238e-01
-5.780645087361335754e-02
-7.089659571647644043e-01
4.695397913455963135e-01
2.165219038724899292e-01
-6.162593841552734375e+01
-3.944791870117187500e+02
8.783221435546875000e+01
-5.743251419067382812e+01
1.519200897216796875e+01
5.495109081268310547e+00
-1.033963470458984375e+02
-5.250099487304687500e+02
8.461794281005859375e+01
-1.204752883911132812e+02
2.503501892089843750e+01
1.046970176696777344e+01
-1.681153869628906250e+02
-3.452121887207031250e+02
5.363283157348632812e+01
-1.694557647705078125e+02
2.364494705200195312e+01
1.070576763153076172e+01
-1.087144012451171875e+02
-7.035183715820312500e+01
3.047729492187500000e+01
-1.885849609375000000e+02
1.886720085144042969e+01
7.475335597991943359e+00
4.029632568359375000e+01
1.233088760375976562e+02
2.813689708709716797e+00
-1.856627655029296875e+02
1.638504219055175781e+01
2.617570877075195312e+00
8.363722991943359375e+01
2.786534118652343750e+02
2.153424739837646484e+00
-1.587371673583984375e+02
1.025901126861572266e+01
2.085187882184982300e-01
-1.137303161621093750e+01
2.724223632812500000e+02
9.076849937438964844e+00
-3.184396553039550781e+01
6.322179436683654785e-01
9.680764198303222656e+00
-1.549163208007812500e+02
-2.727020263671875000e+00
2.703857994079589844e+01
3.362842178344726562e+01
-8.161377906799316406e+00
4.147359848022460938e+00
-1.637725677490234375e+02
-3.887767028808593750e+02
1.716257095336914062e+01
1.103132781982421875e+02
-1.218617916107177734e+00
-1.442932224273681641e+01
-2.009480285644531250e+02
-4.280982971191406250e+02
2.532191085815429688e+01
2.053331756591796875e+02
-1.356476974487304688e+01
-4.162987709045410156e+00
-9.965805816650390625e+01
-3.613197631835937500e+02
2.603099250793457031e+01
2.249565277099609375e+02
-2.174081039428710938e+01
-1.037327575683593750e+01
1.226982040405273438e+02
-7.777286529541015625e+01
7.249711990356445312e+00
1.444789123535156250e+02
-2.604900741577148438e+01
-9.800714492797851562e+00
2.725232238769531250e+02
9.198030090332031250e+01
-1.034837818145751953e+01
6.983897399902343750e+01
-2.453295135498046875e+01
-1.335537719726562500e+01
1.919289550781250000e+02
3.783250427246093750e+02
-2.648327636718750000e+01
3.805797195434570312e+01
-2.322324752807617188e+01
-1.217746734619140625e+01
7.317734527587890625e+01
4.160710144042968750e+02
-3.364605712890625000e+01
1.805173301696777344e+01
-1.447776222229003906e+01
-7.252593040466308594e+00
-1.774555593729019165e-01
3.361367702484130859e+00
8.308089971542358398e-01
4.834065139293670654e-01
1.114660620689392090e+00
4.016816914081573486e-01
-7.320985412597656250e+01
-4.128873291015625000e+02
3.401729202270507812e+01
-1.887225532531738281e+01
1.647504425048828125e+01
7.832965850830078125e+00
-1.928501129150390625e+02
-3.807099609375000000e+02
2.734972381591796875e+01
-4.207992553710937500e+01
2.393325042724609375e+01
1.289623928070068359e+01
-2.721108398437500000e+02
-9.091815948486328125e+01
1.151275730133056641e+01
-6.505954742431640625e+01
2.481432151794433594e+01
1.407065963745117188e+01
-1.256868896484375000e+02
7.866339111328125000e+01
-9.205540657043457031e+00
-1.416689300537109375e+02
2.575213241577148438e+01
1.088762855529785156e+01
8.896809387207031250e+01
1.970279541015625000e+02
-1.967175102233886719e+01
-1.636763153076171875e+02
2.073085403442382812e+01
3.763690471649169922e+00
2.148459625244140625e+02
1.733794250488281250e+02
-3.670244979858398438e+01
-1.431487731933593750e+02
1.568314743041992188e+01
-2.704152345657348633e+00
1.549182739257812500e+02
2.749606847763061523e+00
-2.703677940368652344e+01
-3.363550186157226562e+01
8.160096168518066406e+00
-4.146857261657714844e+00
-1.576181182861328125e+02
-1.386458426713943481e-01
2.371832084655761719e+01
2.888290405273437500e+01
-7.877760410308837891e+00
5.256081581115722656e+00
-2.154271087646484375e+02
-1.689268493652343750e+02
3.694838714599609375e+01
1.437809600830078125e+02
-1.482736682891845703e+01
4.581800937652587891e+00
-9.223386383056640625e+01
-1.954561309814453125e+02
1.999661064147949219e+01
1.622086944580078125e+02
-2.205843734741210938e+01
-2.599024534225463867e+00
1.700188598632812500e+02
1.591375579833984375e+02
2.775359725952148438e+01
8.092073059082031250e+01
-3.025180816650390625e+01
-1.032534217834472656e+01
3.429445190429687500e+02
2.948432922363281250e+02
1.186467361450195312e+01
3.773418426513671875e+01
-3.283416366577148438e+01
-1.553312873840332031e+01
2.755751342773437500e+02
5.825559692382812500e+02
2.214400291442871094e+00
-5.865765380859375000e+01
-2.713161849975585938e+01
-1.676756668090820312e+01
1.259867630004882812e+02
7.324152832031250000e+02
-8.829360008239746094e+00
-6.074214935302734375e+01
-1.712422943115234375e+01
-1.750991630554199219e+01
5.707460403442382812e+01
5.026840515136718750e+02
-1.472792339324951172e+01
-2.086378288269042969e+01
-1.039733886718750000e+01
-8.685600280761718750e+00
9.351971745491027832e-01
-2.859130382537841797e+00
-4.813420176506042480e-01
-3.170513510704040527e-01
-6.501840800046920776e-02
1.080794334411621094e+00
-1.167126388549804688e+02
-2.422166137695312500e+02
8.265220642089843750e+00
3.630033969879150391e+00
9.440309524536132812e+00
9.693230628967285156e+00
-3.296491699218750000e+02
8.850646972656250000e+00
-4.305680274963378906e+00
-1.143097686767578125e+01
2.093283843994140625e+01
1.347404289245605469e+01
-3.280158081054687500e+02
2.483814697265625000e+02
-1.541735267639160156e+01
-9.645240783691406250e+01
2.598508834838867188e+01
1.527749156951904297e+01
-1.176833496093750000e+02
3.089412841796875000e+02
-4.623648452758789062e+01
-1.808511199951171875e+02
2.778742408752441406e+01
9.549061775207519531e+00
1.252643280029296875e+02
2.632406616210937500e+02
-8.479412841796875000e+01
-2.133197937011718750e+02
2.395747184753417969e+01
-3.358094930648803711e+00
2.123922729492187500e+02
1.739810485839843750e+02
-3.556724548339843750e+01
-1.401536560058593750e+02
1.533890819549560547e+01
-4.099325180053710938e+00
-9.567847251892089844e+00
2.745310058593750000e+02
8.973185539245605469e+00
-2.330771636962890625e+01
1.173727273941040039e+00
9.069421768188476562e+00
-1.676446838378906250e+02
2.702108459472656250e+02
3.637469482421875000e+01
1.239774703979492188e+01
-1.344619274139404297e+01
1.172123432159423828e+01
-6.910156250000000000e+01
1.555820007324218750e+02
4.354911041259765625e+01
2.249912452697753906e+01
-2.137196731567382812e+01
1.835136055946350098e+00
2.469943847656250000e+02
3.946589050292968750e+02
4.334893798828125000e+01
-1.896624755859375000e+02
-3.094267654418945312e+01
-1.316920280456542969e+01
4.420886535644531250e+02
4.236207580566406250e+02
2.270160865783691406e+01
-1.125904159545898438e+02
-3.631279754638671875e+01
-2.368899917602539062e+01
3.534392089843750000e+02
6.441665649414062500e+02
2.786603212356567383e+00
-9.697420501708984375e+01
-3.437835311889648438e+01
-3.225756835937500000e+01
1.603985137939453125e+02
8.211402587890625000e+02
2.890066909790039062e+01
-1.353310394287109375e+02
-2.829145431518554688e+01
-2.619272422790527344e+01
9.209145355224609375e+01
7.211011962890625000e+02
3.994445800781250000e+01
-1.463864898681640625e+02
-2.246073913574218750e+01
-1.082681179046630859e+01
6.230649948120117188e+01
3.610221862792968750e+02
2.903035926818847656e+01
-5.102378463745117188e+01
-9.519968032836914062e+00
-5.290543556213378906e+00
-7.853041589260101318e-02
-4.216152667999267578e+00
-4.029648005962371826e-02
2.318243503570556641e+00
-1.681589931249618530e-01
1.198733210563659668e+00
-2.427473144531250000e+02
9.348550415039062500e+01
6.146815299987792969e+00
2.714406967163085938e+01
6.768393516540527344e+00
8.923741340637207031e+00
-4.865667114257812500e+02
4.247933349609375000e+02
-3.432617187500000000e+01
-6.230299377441406250e+01
1.766563606262207031e+01
1.653041458129882812e+01
-3.512319030761718750e+02
4.291150817871093750e+02
-6.673013305664062500e+01
-1.705601654052734375e+02
2.541446113586425781e+01
1.753371238708496094e+01
-1.175513534545898438e+02
3.072845458984375000e+02
-4.496688461303710938e+01
-1.922970733642578125e+02
2.805106735229492188e+01
9.422604560852050781e+00
9.091995239257812500e+01
1.979206237792968750e+02
-1.981745529174804688e+01
-1.632528381347656250e+02
2.152585029602050781e+01
3.557158231735229492e+00
8.374213409423828125e+01
2.812966308593750000e+02
1.709266304969787598e+00
-1.746658782958984375e+02
1.076187133789062500e+01
2.592173032462596893e-02
-7.411367797851562500e+01
4.844108276367187500e+02
3.016125297546386719e+01
-1.799636840820312500e+02
-7.777780055999755859e+00
4.249145507812500000e+00
-1.644233703613281250e+01
4.791439819335937500e+02
4.609115219116210938e+01
-2.197488861083984375e+02
-2.005811500549316406e+01
3.146120011806488037e-01
3.253332519531250000e+02
5.405464477539062500e+02
8.450436401367187500e+01
-2.919569702148437500e+02
-2.026610755920410156e+01
-3.199048805236816406e+01
5.607716674804687500e+02
4.624984436035156250e+02
4.879927444458007812e+01
-2.785053405761718750e+02
-3.230796432495117188e+01
-4.100859832763671875e+01
4.429606933593750000e+02
5.611176147460937500e+02
3.387395858764648438e+01
-2.293514709472656250e+02
-3.966928863525390625e+01
-4.351960754394531250e+01
2.000974884033203125e+02
7.224641113281250000e+02
1.417509937286376953e+01
-2.063094787597656250e+02
-4.286147308349609375e+01
-3.869372558593750000e+01
1.078232498168945312e+02
5.871623535156250000e+02
6.117690277099609375e+01
-2.458326263427734375e+02
-3.462379074096679688e+01
-2.539087295532226562e+01
9.878768157958984375e+01
4.286853027343750000e+02
5.717914962768554688e+01
-1.849280853271484375e+02
-2.414106559753417969e+01
-1.201411819458007812e+01
1.073749084472656250e+02
1.254438400268554688e+02
3.454238510131835938e+01
-6.688101196289062500e+01
-1.023105525970458984e+01
-1.509047031402587891e+00
5.421710610389709473e-01
-6.783488392829895020e-01
1.467190831899642944e-01
-1.002969503402709961e+00
-5.484641715884208679e-02
2.576455473899841309e-01
-5.051417236328125000e+02
5.308598022460937500e+02
-8.542710113525390625e+01
1.334760284423828125e+02
5.393566608428955078e+00
1.381545352935791016e+01
-4.808718566894531250e+02
4.254543762207031250e+02
-3.392270278930664062e+01
-6.006742858886718750e+01
1.762413597106933594e+01
1.772662734985351562e+01
-3.260213317871093750e+02
2.471072235107421875e+02
-1.599912548065185547e+01
-9.560367584228515625e+01
2.620174789428710938e+01
1.372219753265380859e+01
-1.247383956909179688e+02
7.147366333007812500e+01
-8.576758384704589844e+00
-1.498396148681640625e+02
2.590948677062988281e+01
1.054134845733642578e+01
3.729920959472656250e+01
1.216728668212890625e+02
1.835098385810852051e+00
-1.869414215087890625e+02
1.602217102050781250e+01
3.560796976089477539e+00
-1.225274708122014999e-02
3.890447082519531250e+02
2.232268142700195312e+01
-2.426669006347656250e+02
1.331528902053833008e+00
-8.724347114562988281e+00
5.437901306152343750e+01
5.559892578125000000e+02
6.939781951904296875e+01
-2.814185180664062500e+02
-9.480426788330078125e+00
-2.030990982055664062e+01
4.685840454101562500e+02
5.047206726074218750e+02
1.409288940429687500e+02
-2.580660400390625000e+02
-2.566410636901855469e+01
-3.385255050659179688e+01
6.667637939453125000e+02
4.432168579101562500e+02
1.638539276123046875e+02
-2.470912933349609375e+02
-3.622196960449218750e+01
-4.648516464233398438e+01
5.670169067382812500e+02
3.939685974121093750e+02
1.243406219482421875e+02
-2.350189819335937500e+02
-4.323837280273437500e+01
-5.436849212646484375e+01
2.697135620117187500e+02
5.215095214843750000e+02
7.504530334472656250e+01
-2.255567626953125000e+02
-5.696217727661132812e+01
-5.393012237548828125e+01
1.351286621093750000e+02
4.707337036132812500e+02
5.301203536987304688e+01
-2.373065185546875000e+02
-6.008876800537109375e+01
-4.525392532348632812e+01
1.294344177246093750e+02
2.873304443359375000e+02
7.762372589111328125e+01
-2.310662384033203125e+02
-3.973678207397460938e+01
-2.492971611022949219e+01
1.941714324951171875e+02
7.863188934326171875e+01
1.052112274169921875e+02
-2.170480499267578125e+02
-1.938664054870605469e+01
-1.481067276000976562e+01
3.503219909667968750e+02
-2.288343505859375000e+02
1.252284851074218750e+02
-1.216732788085937500e+02
-8.166354179382324219e+00
5.335555076599121094e-01
-4.114857017993927002e-01
-7.783916592597961426e-02
-9.230895042419433594e-01
-1.718416810035705566e+00
1.094882711768150330e-01
4.358369410037994385e-01
-2.408404541015625000e+02
9.521263122558593750e+01
7.085981845855712891e+00
2.987015342712402344e+01
7.900104999542236328e+00
8.521309852600097656e+00
-3.289435729980468750e+02
1.103896808624267578e+01
-2.297189950942993164e+00
-2.229370307922363281e+01
2.117216873168945312e+01
1.247858238220214844e+01
-2.732450866699218750e+02
-9.244088745117187500e+01
1.020828723907470703e+01
-6.365605545043945312e+01
2.379711341857910156e+01
1.318472480773925781e+01
-1.066173934936523438e+02
-7.412126922607421875e+01
2.784351730346679688e+01
-1.972661895751953125e+02
1.905074119567871094e+01
7.223310947418212891e+00
-1.139320468902587891e+01
1.514879302978515625e+02
5.727059936523437500e+01
-2.650485839843750000e+02
4.988096714019775391e+00
-5.650745391845703125e+00
7.933488464355468750e+01
4.213596191406250000e+02
1.246017761230468750e+02
-2.666461181640625000e+02
-1.204762268066406250e+01
-2.027545547485351562e+01
8.934143066406250000e+02
4.976463012695312500e+02
1.942051239013671875e+02
-2.032290954589843750e+02
-2.846921157836914062e+01
-3.222806930541992188e+01
1.157771606445312500e+03
4.949300231933593750e+02
2.511627502441406250e+02
-1.833467407226562500e+02
-3.949135589599609375e+01
-4.866918563842773438e+01
6.970929565429687500e+02
3.846343994140625000e+02
2.940658569335937500e+02
-1.691501922607421875e+02
-4.491733169555664062e+01
-5.883668518066406250e+01
3.690029296875000000e+02
3.837224731445312500e+02
2.105160217285156250e+02
-1.606742095947265625e+02
-5.353054809570312500e+01
-6.848043823242187500e+01
1.915155792236328125e+02
3.371172485351562500e+02
1.305679626464843750e+02
-1.751989746093750000e+02
-6.803153991699218750e+01
-5.813076400756835938e+01
1.778548736572265625e+02
1.959656219482421875e+02
1.146506958007812500e+02
-1.989339752197265625e+02
-5.875537490844726562e+01
-5.280502700805664062e+01
2.508287048339843750e+02
4.492815780639648438e+01
8.411539459228515625e+01
-2.180251159667968750e+02
-3.380151748657226562e+01
-3.464883804321289062e+01
1.957477111816406250e+02
7.800634002685546875e+01
1.051374511718750000e+02
-2.198392486572265625e+02
-1.984708786010742188e+01
-1.417965126037597656e+01
1.097266769409179688e+02
1.259819564819335938e+02
3.734737777709960938e+01
-7.934121704101562500e+01
-1.000886440277099609e+01
-3.072879314422607422e+00
4.766097664833068848e-02
-5.023773908615112305e-01
-2.809425354003906250e+00
7.346940636634826660e-01
2.238929271697998047e-02
8.655766844749450684e-01
-1.145584716796875000e+02
-2.384136962890625000e+02
9.105706214904785156e+00
9.418336749076843262e-01
9.992168426513671875e+00
8.912304878234863281e+00
-1.925818481445312500e+02
-3.814527587890625000e+02
2.678553771972656250e+01
-3.688355636596679688e+01
2.365078735351562500e+01
1.271121692657470703e+01
-1.666581726074218750e+02
-3.432874145507812500e+02
5.285797882080078125e+01
-1.730498809814453125e+02
2.300494003295898438e+01
1.066580963134765625e+01
-8.090050506591796875e+01
-1.092226028442382812e+02
9.574537658691406250e+01
-2.367932739257812500e+02
1.135317230224609375e+01
-7.308320999145507812e-01
4.658686447143554688e+01
3.147001647949218750e+02
1.582017211914062500e+02
-2.374017028808593750e+02
-8.427939414978027344e+00
-1.696925735473632812e+01
9.134207763671875000e+02
9.198291625976562500e+02
2.540350494384765625e+02
-1.488330535888671875e+02
-2.745929336547851562e+01
-2.704488754272460938e+01
1.700603515625000000e+03
8.687344360351562500e+02
3.803923645019531250e+02
-1.089023284912109375e+02
-4.443185424804687500e+01
-4.388816833496093750e+01
1.108482543945312500e+03
5.942288818359375000e+02
5.977666015625000000e+02
-8.559279632568359375e+01
-4.878231430053710938e+01
-6.141181182861328125e+01
5.316058349609375000e+02
4.017435302734375000e+02
5.525345458984375000e+02
-8.017320251464843750e+01
-5.047554016113281250e+01
-6.368019485473632812e+01
2.934176330566406250e+02
3.395805664062500000e+02
3.035547180175781250e+02
-9.179098510742187500e+01
-5.549148941040039062e+01
-5.817529678344726562e+01
2.559185028076171875e+02
1.894163970947265625e+02
1.693908538818359375e+02
-1.530540924072265625e+02
-5.828131866455078125e+01
-7.363328552246093750e+01
1.748472290039062500e+02
1.923049774169921875e+02
1.139313354492187500e+02
-1.999045562744140625e+02
-6.048065948486328125e+01
-5.162778091430664062e+01
1.288847808837890625e+02
2.848553466796875000e+02
7.741995239257812500e+01
-2.343750457763671875e+02
-4.119461441040039062e+01
-2.473418807983398438e+01
1.003092422485351562e+02
4.291160278320312500e+02
5.615428543090820312e+01
-1.848572845458984375e+02
-2.461361694335937500e+01
-1.191777229309082031e+01
6.327489471435546875e+01
3.570804138183593750e+02
3.049810791015625000e+01
-5.313988494873046875e+01
-9.787467002868652344e+00
-5.063216686248779297e+00
4.899554848670959473e-01
-7.232906222343444824e-01
-6.330376863479614258e-01
-1.020197749137878418e+00
3.953951969742774963e-02
2.923205494880676270e-01
-7.181871032714843750e+01
-4.129125671386718750e+02
3.302529144287109375e+01
-1.408565044403076172e+01
1.536825180053710938e+01
7.590814113616943359e+00
-1.024458694458007812e+02
-5.221117553710937500e+02
8.300257873535156250e+01
-1.150177536010742188e+02
2.558593177795410156e+01
1.049469566345214844e+01
-2.907768630981445312e+01
-4.092201843261718750e+02
1.343728485107421875e+02
-1.872573242187500000e+02
2.102300262451171875e+01
1.073278903961181641e+00
9.925128936767578125e+01
-1.082641601562500000e+01
1.969142913818359375e+02
-1.778017883300781250e+02
2.283366680145263672e+00
-1.018574714660644531e+01
4.847380676269531250e+02
2.704812622070312500e+02
1.650007171630859375e+02
-2.214405975341796875e+02
-5.992062568664550781e+00
-1.743909263610839844e+01
6.702473144531250000e+02
1.515277343750000000e+03
2.332642059326171875e+02
-1.863742980957031250e+02
-3.689367294311523438e+01
-2.966909217834472656e+01
5.809720458984375000e+02
1.076343627929687500e+03
3.138872985839843750e+02
-1.496603698730468750e+02
-4.802466964721679688e+01
-5.267391967773437500e+01
4.183196716308593750e+02
6.509909667968750000e+02
4.109006347656250000e+02
-1.137486190795898438e+02
-5.246826171875000000e+01
-6.269949722290039062e+01
2.905302429199218750e+02
3.380051879882812500e+02
3.018058471679687500e+02
-9.073014068603515625e+01
-5.615277099609375000e+01
-5.795570755004882812e+01
1.982325744628906250e+02
1.982458953857421875e+02
2.302924499511718750e+02
-1.108084793090820312e+02
-6.745712280273437500e+01
-6.745942687988281250e+01
1.227397308349609375e+02
1.400891418457031250e+02
1.548206481933593750e+02
-1.530910949707031250e+02
-7.763574981689453125e+01
-6.588494873046875000e+01
7.922119140625000000e+01
1.422470550537109375e+02
1.218852767944335938e+02
-2.252799377441406250e+02
-5.610066604614257812e+01
-3.158142662048339844e+01
5.732298660278320312e+01
1.935759887695312500e+02
1.274867935180664062e+02
-2.702623596191406250e+02
-2.940274810791015625e+01
-7.816494464874267578e+00
3.657831192016601562e+01
2.353490600585937500e+02
3.454099273681640625e+01
-1.362671966552734375e+02
-1.366393566131591797e+01
2.382582426071166992e+00
3.497366560623049736e-04
-2.723153680562973022e-03
-1.901683514006435871e-03
1.549335429444909096e-03
-2.547129697632044554e-04
2.385767584200948477e-04
-5.621658706665039062e+01
-5.019143981933593750e+02
1.615474319458007812e+01
1.989023590087890625e+01
1.017463588714599609e+01
1.017571544647216797e+01
-9.307894134521484375e+01
-7.735793457031250000e+02
3.649424362182617188e+01
-3.759059524536132812e+01
2.575430107116699219e+01
1.644022369384765625e+01
-1.025410461425781250e+02
-6.168106689453125000e+02
6.074174499511718750e+01
-1.737817840576171875e+02
2.991999626159667969e+01
1.561337184906005859e+01
9.194284820556640625e+01
-5.165154418945312500e+02
1.096041030883789062e+02
-2.312204132080078125e+02
1.843970298767089844e+01
1.517390727996826172e+00
8.762767791748046875e+01
-1.603008079528808594e+01
1.938125762939453125e+02
-1.810062255859375000e+02
2.605164051055908203e+00
-1.132206726074218750e+01
9.004736328125000000e+02
9.390709838867187500e+02
2.517850494384765625e+02
-1.487662048339843750e+02
-2.798078727722167969e+01
-2.672431945800781250e+01
1.689314331054687500e+03
8.714635620117187500e+02
3.831452026367187500e+02
-1.083665237426757812e+02
-4.425005340576171875e+01
-4.460978317260742188e+01
1.094490478515625000e+03
5.946804809570312500e+02
5.973463745117187500e+02
-8.576599121093750000e+01
-4.878820419311523438e+01
-6.080578613281250000e+01
5.304006958007812500e+02
4.016958007812500000e+02
5.507439575195312500e+02
-7.977134704589843750e+01
-5.062724304199218750e+01
-6.580109405517578125e+01
2.925993347167968750e+02
3.388435974121093750e+02
3.038174438476562500e+02
-9.090373992919921875e+01
-5.629121780395507812e+01
-5.808325958251953125e+01
2.565292968750000000e+02
1.945987091064453125e+02
1.722677764892578125e+02
-1.523014526367187500e+02
-5.954474258422851562e+01
-7.353604888916015625e+01
1.771174468994140625e+02
1.934975738525390625e+02
1.147950134277343750e+02
-2.017451934814453125e+02
-6.065153121948242188e+01
-5.219573593139648438e+01
1.290583038330078125e+02
2.847853393554687500e+02
7.737326049804687500e+01
-2.432924652099609375e+02
-4.185867309570312500e+01
-2.504245567321777344e+01
9.920168304443359375e+01
4.311023254394531250e+02
5.583097457885742188e+01
-1.843370208740234375e+02
-2.460071182250976562e+01
-1.214366531372070312e+01
6.390735244750976562e+01
3.589771118164062500e+02
2.964016914367675781e+01
-5.442363357543945312e+01
-1.016504383087158203e+01
-5.097615242004394531e+00
-4.900048673152923584e-01
7.228615880012512207e-01
6.331536769866943359e-01
1.017363905906677246e+00
-3.968694433569908142e-02
-2.927078008651733398e-01
-7.157216644287109375e+01
-4.154045410156250000e+02
3.310309982299804688e+01
-1.830124664306640625e+01
1.504182815551757812e+01
7.443658828735351562e+00
-1.023236389160156250e+02
-5.225844116210937500e+02
8.382130432128906250e+01
-1.133758010864257812e+02
2.538093948364257812e+01
1.002848815917968750e+01
-2.508254432678222656e+01
-4.062723083496093750e+02
1.343062438964843750e+02
-1.864558715820312500e+02
2.124895286560058594e+01
1.368695378303527832e+00
-3.152142715454101562e+01
4.138362503051757812e+01
1.387231140136718750e+02
-1.400414886474609375e+02
6.959094047546386719e+00
-7.457164287567138672e+00
1.140916366577148438e+02
5.505996093750000000e+02
2.186216735839843750e+02
-1.053728485107421875e+02
-1.579024219512939453e+01
-1.966702842712402344e+01
1.558526489257812500e+03
5.968473510742187500e+02
3.969723205566406250e+02
-8.486273193359375000e+01
-3.104215812683105469e+01
-3.597150421142578125e+01
2.162297119140625000e+03
5.394819946289062500e+02
5.706182250976562500e+02
-7.929428863525390625e+01
-4.187979125976562500e+01
-5.162872695922851562e+01
1.096684570312500000e+03
5.995421142578125000e+02
5.959807128906250000e+02
-8.544125366210937500e+01
-4.862193298339843750e+01
-6.069430541992187500e+01
4.199686584472656250e+02
6.481813354492187500e+02
4.092173156738281250e+02
-1.086500320434570312e+02
-5.145973968505859375e+01
-6.369152450561523438e+01
3.676798095703125000e+02
3.861561584472656250e+02
2.116582641601562500e+02
-1.647084197998046875e+02
-5.257620239257812500e+01
-6.808666229248046875e+01
4.234945068359375000e+02
2.156587524414062500e+02
9.059352111816406250e+01
-2.238547515869140625e+02
-5.197289276123046875e+01
-5.199949264526367188e+01
3.576462707519531250e+02
2.558704071044921875e+02
4.515462875366210938e+01
-2.438976135253906250e+02
-4.272891616821289062e+01
-4.110620498657226562e+01
2.828143310546875000e+02
3.859378051757812500e+02
4.329940414428710938e+01
-1.702321472167968750e+02
-2.956095123291015625e+01
-2.417871284484863281e+01
2.083683013916015625e+02
4.049522399902343750e+02
1.766872215270996094e+01
-9.697293853759765625e+01
-1.797798728942871094e+01
-1.075508213043212891e+01
1.145450820922851562e+02
2.384257202148437500e+02
-9.111454010009765625e+00
-9.260036945343017578e-01
-9.992194175720214844e+00
-8.914027214050292969e+00
-8.755821585655212402e-01
-1.089358255267143250e-01
4.848835766315460205e-01
-2.714538335800170898e+00
-3.664904236793518066e-01
-2.347487024962902069e-02
-9.122047424316406250e+01
-1.497579345703125000e+02
3.155523490905761719e+01
-5.542300796508789062e+01
1.433094215393066406e+01
3.565904140472412109e+00
-8.976216888427734375e+01
-1.889750213623046875e+02
9.143570709228515625e+01
-1.314944763183593750e+02
1.860325813293457031e+01
2.653629779815673828e-01
-6.175767898559570312e+01
1.821814117431640625e+02
7.543079376220703125e+01
-9.726545715332031250e+01
7.854013919830322266e+00
-1.842558145523071289e+00
-5.372755050659179688e+01
3.936332397460937500e+02
1.666403961181640625e+02
-8.133010101318359375e+01
-6.254346847534179688e+00
-1.030303382873535156e+01
3.879409484863281250e+02
4.998925476074218750e+02
3.214500427246093750e+02
-7.507495117187500000e+01
-1.890746498107910156e+01
-2.399852752685546875e+01
1.548189819335937500e+03
5.982911376953125000e+02
3.898577270507812500e+02
-8.384048461914062500e+01
-3.209053039550781250e+01
-3.588411331176757812e+01
1.705707275390625000e+03
8.714425048828125000e+02
3.846643066406250000e+02
-1.047576370239257812e+02
-4.425918197631835938e+01
-4.460826110839843750e+01
5.874355468750000000e+02
1.069182006835937500e+03
3.125752258300781250e+02
-1.423627014160156250e+02
-4.805347061157226562e+01
-5.161864089965820312e+01
5.182043457031250000e+02
7.091817016601562500e+02
2.294744873046875000e+02
-1.957716674804687500e+02
-4.583511352539062500e+01
-5.574657058715820312e+01
5.732266235351562500e+02
3.984005126953125000e+02
1.253177108764648438e+02
-2.411131286621093750e+02
-4.375382614135742188e+01
-5.517493438720703125e+01
5.807545166015625000e+02
2.996549377441406250e+02
4.630516433715820312e+01
-2.672832031250000000e+02
-3.876932144165039062e+01
-4.402142715454101562e+01
5.142288818359375000e+02
2.288204040527343750e+02
2.561826896667480469e+01
-1.928214111328125000e+02
-3.505688858032226562e+01
-2.578733825683593750e+01
4.270662231445312500e+02
1.298029632568359375e+02
2.885180664062500000e+01
9.218643188476562500e+00
-2.699594116210937500e+01
-1.533927440643310547e+01
3.289635620117187500e+02
-1.102182769775390625e+01
2.295472383499145508e+00
2.229897499084472656e+01
-2.116827392578125000e+01
-1.247596263885498047e+01
1.921629333496093750e+02
-6.837120056152343750e+01
-1.048268795013427734e+01
3.053948402404785156e+01
-1.450503444671630859e+01
-4.824181556701660156e+00
6.631672382354736328e-02
-6.250863671302795410e-01
4.648062214255332947e-02
-5.308099389076232910e-01
9.923096746206283569e-02
1.434663087129592896e-01
-1.068756332397460938e+02
9.884140014648437500e+01
2.408427619934082031e+01
-7.240201568603515625e+01
1.226562595367431641e+01
2.770482301712036133e+00
-2.781692123413085938e+01
1.748549194335937500e+02
2.102810287475585938e+01
-6.494011688232421875e+01
6.797508239746093750e+00
1.413591861724853516e+01
-1.246393299102783203e+01
3.001000976562500000e+02
6.826628875732421875e+01
-6.985115051269531250e+01
-3.192357778549194336e+00
1.115323662757873535e+00
-5.050383758544921875e+01
3.934809875488281250e+02
1.648442382812500000e+02
-8.140293884277343750e+01
-7.196101665496826172e+00
-1.004239368438720703e+01
1.162940597534179688e+02
5.491325073242187500e+02
2.203908081054687500e+02
-1.024668197631835938e+02
-1.565199089050292969e+01
-1.922329139709472656e+01
9.271762084960937500e+02
9.276808471679687500e+02
2.476145935058593750e+02
-1.408737335205078125e+02
-2.664354515075683594e+01
-2.588923072814941406e+01
6.760787353515625000e+02
1.508615112304687500e+03
2.343677520751953125e+02
-1.851251373291015625e+02
-3.681866836547851562e+01
-2.882434463500976562e+01
7.210207519531250000e+02
7.100014648437500000e+02
1.800304870605468750e+02
-2.251205444335937500e+02
-3.830957794189453125e+01
-3.879692840576171875e+01
5.890511474609375000e+02
5.558541259765625000e+02
1.158262939453125000e+02
-2.520877990722656250e+02
-3.493060684204101562e+01
-4.293693161010742188e+01
5.695603027343750000e+02
4.646757507324218750e+02
4.652449798583984375e+01
-2.841182556152343750e+02
-3.289536285400390625e+01
-4.177350234985351562e+01
5.079961242675781250e+02
2.675548400878906250e+02
3.548455047607421875e+01
-1.966590118408203125e+02
-3.615431976318359375e+01
-2.251796150207519531e+01
4.057012023925781250e+02
5.349624156951904297e-01
1.856572723388671875e+01
5.558449268341064453e+00
-3.259034729003906250e+01
-1.598494243621826172e+01
3.260358276367187500e+02
-2.470404663085937500e+02
1.601321601867675781e+01
9.563521575927734375e+01
-2.620288658142089844e+01
-1.371893787384033203e+01
2.634207763671875000e+02
-3.228317871093750000e+02
7.604272365570068359e+00
8.847281646728515625e+01
-1.821449661254882812e+01
-1.249192810058593750e+01
1.961189270019531250e+02
-2.629712219238281250e+02
1.770336723327636719e+01
5.663261795043945312e+01
-6.000933170318603516e+00
-1.466591835021972656e+00
7.685344219207763672e-01
2.227903008460998535e-01
-1.168255925178527832e+00
1.040657401084899902e+00
-1.705199480056762695e-01
1.919626295566558838e-01
-3.427407741546630859e-01
-1.587896704673767090e+00
1.231402039527893066e+00
1.574564576148986816e-01
-1.376600265502929688e-01
-6.000178456306457520e-01
-2.817715454101562500e+01
1.735095977783203125e+02
2.143494796752929688e+01
-6.547595214843750000e+01
6.061451911926269531e+00
1.352511787414550781e+01
-6.068014526367187500e+01
1.822942047119140625e+02
7.864353179931640625e+01
-9.522359466552734375e+01
7.871366977691650391e+00
-2.610602378845214844e+00
-3.244974517822265625e+01
4.687888336181640625e+01
1.396419982910156250e+02
-1.343489074707031250e+02
7.204174518585205078e+00
-7.590920925140380859e+00
9.426243591308593750e+01
-3.428077995777130127e-01
1.973078613281250000e+02
-1.783637390136718750e+02
2.441914796829223633e+00
-1.056238842010498047e+01
4.846186218261718750e+02
2.714479675292968750e+02
1.655149536132812500e+02
-2.229505462646484375e+02
-5.017489433288574219e+00
-1.765313529968261719e+01
4.156034851074218750e+02
4.852723693847656250e+02
1.221669692993164062e+02
-2.512650604248046875e+02
-2.146467208862304688e+01
-1.918140792846679688e+01
3.660162048339843750e+02
4.515245361328125000e+02
7.380001831054687500e+01
-2.667742919921875000e+02
-2.182988548278808594e+01
-2.677332496643066406e+01
2.902637329101562500e+02
5.098894042968750000e+02
3.377063751220703125e+01
-2.552317962646484375e+02
-1.932979202270507812e+01
-3.047927474975585938e+01
2.501160125732421875e+02
3.885969848632812500e+02
4.346029281616210938e+01
-1.930773925781250000e+02
-3.076292991638183594e+01
-1.351735877990722656e+01
1.705606842041015625e+02
4.569586944580078125e+01
3.608764648437500000e+01
2.250324058532714844e+01
-3.041707420349121094e+01
-6.999743461608886719e+00
1.175647430419921875e+02
-3.074127502441406250e+02
4.495956420898437500e+01
1.923088531494140625e+02
-2.805124282836914062e+01
-9.418995857238769531e+00
7.393415069580078125e+01
-4.006788024902343750e+02
3.291038131713867188e+01
1.869946289062500000e+02
-2.298487472534179688e+01
-1.444647312164306641e+01
4.734465789794921875e+01
-3.416523437500000000e+02
2.902332496643066406e+01
1.678855133056640625e+02
-1.716459083557128906e+01
-9.605524063110351562e+00
2.775294303894042969e+01
-1.936038818359375000e+02
1.336922550201416016e+01
9.586816406250000000e+01
-7.087910652160644531e+00
-1.931367111206054688e+01
2.593709754943847656e+01
-1.959938964843750000e+02
1.345974922180175781e+01
9.828924560546875000e+01
-7.147337913513183594e+00
-1.829764747619628906e+01
-1.521978974342346191e+00
7.973552942276000977e-01
1.253548450767993927e-02
-1.591966271400451660e+00
-1.487620025873184204e-01
1.069684028625488281e+00
-1.065064163208007812e+02
9.706394958496093750e+01
2.612234306335449219e+01
-7.347924041748046875e+01
1.210193252563476562e+01
2.594034433364868164e+00
-8.575173950195312500e+01
-1.887550048828125000e+02
9.375779724121093750e+01
-1.313952789306640625e+02
1.888994598388671875e+01
7.886034250259399414e-01
-2.691358757019042969e+01
-4.085828247070312500e+02
1.381339569091796875e+02
-1.888585510253906250e+02
2.117338943481445312e+01
1.554472923278808594e+00
9.577818298339843750e+01
-5.172023925781250000e+02
1.077238693237304688e+02
-2.355080413818359375e+02
1.878726387023925781e+01
1.191256284713745117e+00
-5.634337425231933594e+00
-1.400315246582031250e+02
6.758709716796875000e+01
-2.539034423828125000e+02
8.831686973571777344e+00
-2.575783252716064453e+00
2.089641952514648438e+01
1.733987731933593750e+02
3.593346023559570312e+01
-2.469625396728515625e+02
-1.345330774784088135e-01
-1.187359428405761719e+01
4.880326080322265625e+01
3.246482238769531250e+02
1.012172603607177734e+01
-1.773199768066406250e+02
-6.994296550750732422e+00
-1.775923538208007812e+01
2.462445259094238281e+00
3.916113586425781250e+02
2.974282646179199219e+01
-1.116863861083984375e+02
-1.751761817932128906e+01
-4.056191921234130859e+00
-7.151539611816406250e+01
1.526310882568359375e+02
4.031935882568359375e+01
2.525624275207519531e+01
-2.121268463134765625e+01
2.699491262435913086e+00
-1.252557220458984375e+02
-2.631569824218750000e+02
8.479690551757812500e+01
2.132830352783203125e+02
-2.396066856384277344e+01
3.363704204559326172e+00
-1.571172485351562500e+02
-4.169344787597656250e+02
8.018273925781250000e+01
2.374848480224609375e+02
-2.180271530151367188e+01
-7.207386493682861328e+00
-1.556198120117187500e+02
-3.604572143554687500e+02
4.827130889892578125e+01
2.401658020019531250e+02
-2.074080085754394531e+01
-8.074888229370117188e+00
-1.171365661621093750e+02
-2.536678009033203125e+02
4.838731384277343750e+01
1.891440429687500000e+02
-1.198351860046386719e+01
-2.683216094970703125e+01
4.520860290527343750e+01
-3.371899414062500000e+02
2.931535911560058594e+01
1.660315246582031250e+02
-1.666474342346191406e+01
-8.869962692260742188e+00
1.932115631103515625e+02
-2.610561218261718750e+02
1.839504051208496094e+01
5.677985763549804688e+01
-5.604540824890136719e+00
-2.347451686859130859e+00
1.034322977066040039e+00
3.388676643371582031e-01
1.473026871681213379e+00
-1.006856799125671387e+00
6.472941637039184570e-01
-9.066243469715118408e-02
-9.043024444580078125e+01
-1.534493103027343750e+02
3.277360534667968750e+01
-6.042637252807617188e+01
1.464435291290283203e+01
3.287822961807250977e+00
-1.033921737670898438e+02
-5.249961547851562500e+02
8.461702728271484375e+01
-1.204854125976562500e+02
2.503579330444335938e+01
1.047234058380126953e+01
-1.009934387207031250e+02
-6.289838256835937500e+02
6.252479171752929688e+01
-1.696955261230468750e+02
2.977401924133300781e+01
1.632750320434570312e+01
-1.336080169677734375e+02
-5.438432617187500000e+02
4.044930267333984375e+01
-1.881183319091796875e+02
2.610845565795898438e+01
1.430447959899902344e+01
-1.168510055541992188e+02
-2.612957153320312500e+02
1.511915588378906250e+01
-1.332991027832031250e+02
1.904732322692871094e+01
4.960333824157714844e+00
-1.697547554969787598e+00
-2.849461746215820312e+01
1.554645252227783203e+01
-4.451044464111328125e+01
1.189832782745361328e+01
-4.156646251678466797e+00
2.590287923812866211e+00
1.403683013916015625e+02
1.127826118469238281e+01
-7.626029968261718750e+01
1.626224875450134277e+00
-4.258861541748046875e+00
-9.187167358398437500e+01
1.283332824707031250e+02
2.115386581420898438e+01
4.313700103759765625e+01
-1.005782508850097656e+01
4.316697597503662109e+00
-2.148296661376953125e+02
-1.733691406250000000e+02
3.671060180664062500e+01
1.431487884521484375e+02
-1.568296432495117188e+01
2.704488277435302734e+00
-2.986940002441406250e+02
-3.599302062988281250e+02
1.168823394775390625e+02
1.696362457275390625e+02
-1.636543846130371094e+01
-6.636626243591308594e+00
-2.751319580078125000e+02
-3.969791870117187500e+02
8.888809967041015625e+01
2.537614746093750000e+02
-1.933713912963867188e+01
-1.224719238281250000e+01
-1.563319702148437500e+02
-3.616942138671875000e+02
4.835474777221679688e+01
2.392478942871093750e+02
-2.012239074707031250e+01
-7.658562183380126953e+00
7.519852447509765625e+01
-3.966228332519531250e+02
3.494356155395507812e+01
1.971203155517578125e+02
-2.393189239501953125e+01
-1.347486495971679688e+01
2.633041381835937500e+02
-3.182687683105468750e+02
7.136685848236083984e+00
9.049181365966796875e+01
-1.931619644165039062e+01
-1.239808845520019531e+01
1.925982360839843750e+02
-6.936705017089843750e+01
-9.778103828430175781e+00
3.237984085083007812e+01
-1.405900382995605469e+01
-5.503329753875732422e+00
-8.985344171524047852e-01
1.917066931724548340e+00
1.759741008281707764e-01
-1.506632089614868164e+00
8.443307876586914062e-01
2.090455591678619385e-01
-7.321387481689453125e+01
-4.128785095214843750e+02
3.402294158935546875e+01
-1.887876510620117188e+01
1.647462081909179688e+01
7.834914207458496094e+00
-9.086277008056640625e+01
-7.697045898437500000e+02
3.723136520385742188e+01
-3.948641204833984375e+01
2.674036788940429688e+01
1.632470703125000000e+01
-1.509055633544921875e+02
-7.079191284179687500e+02
2.348061752319335938e+01
-2.693766593933105469e+01
3.003055953979492188e+01
2.041430854797363281e+01
-2.409577636718750000e+02
-4.973401184082031250e+02
1.153106212615966797e+01
2.876201057434082031e+01
2.781463623046875000e+01
1.602326011657714844e+01
-1.490892486572265625e+02
-2.904990539550781250e+02
1.310276985168457031e+01
-4.778306198120117188e+01
2.635741996765136719e+01
8.240293502807617188e+00
2.779199409484863281e+01
-1.494416351318359375e+02
-3.070883035659790039e+00
-8.008837890625000000e+01
1.723786544799804688e+01
1.397000432014465332e+00
9.190446472167968750e+01
-1.283813018798828125e+02
-2.114529800415039062e+01
-4.314472198486328125e+01
1.006586265563964844e+01
-4.325124740600585938e+00
1.139665794372558594e+01
-2.723946533203125000e+02
-9.072456359863281250e+00
3.182321548461914062e+01
-6.175544857978820801e-01
-9.689911842346191406e+00
-1.639589385986328125e+02
-3.891996154785156250e+02
1.919700241088867188e+01
1.056715164184570312e+02
-2.208863258361816406e+00
-1.594635009765625000e+01
-3.021000061035156250e+02
-3.584860534667968750e+02
1.183837356567382812e+02
1.679766845703125000e+02
-1.394819736480712891e+01
-5.550323486328125000e+00
-1.568287353515625000e+02
-4.152267761230468750e+02
7.825292968750000000e+01
2.331736297607421875e+02
-2.301489257812500000e+01
-7.103071212768554688e+00
1.141430282592773438e+02
-3.006013183593750000e+02
4.708533096313476562e+01
1.856436462402343750e+02
-2.828605270385742188e+01
-8.583356857299804688e+00
3.262068176269531250e+02
-2.486415252685546875e+02
1.617612648010253906e+01
9.779692840576171875e+01
-2.737589454650878906e+01
-1.391261863708496094e+01
3.275717163085937500e+02
-1.074832725524902344e+01
1.826488494873046875e+00
1.635124397277832031e+01
-2.068695831298828125e+01
-1.135291576385498047e+01
1.125619277954101562e+02
2.382583007812500000e+02
-7.456890106201171875e+00
-7.320747375488281250e+00
-9.556816101074218750e+00
-7.997874259948730469e+00
9.333341717720031738e-01
-2.858328104019165039e+00
-4.801030158996582031e-01
-3.155742585659027100e-01
-6.472668796777725220e-02
1.079389452934265137e+00
-5.727645492553710938e+01
-4.962233886718750000e+02
1.675620651245117188e+01
2.373912620544433594e+01
1.013395118713378906e+01
1.123502445220947266e+01
-1.286039581298828125e+02
-7.267720947265625000e+02
7.737619876861572266e+00
6.627264404296875000e+01
1.769264984130859375e+01
1.948652839660644531e+01
-2.773121337890625000e+02
-5.866546020507812500e+02
-3.880646944046020508e+00
4.598064804077148438e+01
2.774694252014160156e+01
1.740329933166503906e+01
-3.419303283691406250e+02
-2.924342041015625000e+02
-1.116169929504394531e+01
-4.039218521118164062e+01
3.292465591430664062e+01
1.611026191711425781e+01
-1.685827636718750000e+02
-1.578426971435546875e+02
-2.556677627563476562e+01
-8.002880859375000000e+01
2.977543640136718750e+01
1.046437358856201172e+01
7.151929473876953125e+01
-1.526304016113281250e+02
-4.031836318969726562e+01
-2.527179336547851562e+01
2.121279716491699219e+01
-2.694260835647583008e+00
1.719421386718750000e+02
-2.687133789062500000e+02
-3.695570755004882812e+01
-2.293000221252441406e+00
1.288471603393554688e+01
-1.299172496795654297e+01
9.724561691284179688e+00
-2.705590515136718750e+02
-9.201327323913574219e+00
3.202059555053710938e+01
3.619883209466934204e-02
-8.449004173278808594e+00
-2.144367675781250000e+02
-1.715292358398437500e+02
3.847676467895507812e+01
1.422426910400390625e+02
-1.482999038696289062e+01
3.765854120254516602e+00
-1.283365173339843750e+02
-2.617893066406250000e+02
8.189916992187500000e+01
2.133527221679687500e+02
-2.527361297607421875e+01
4.205119132995605469e+00
1.711401214599609375e+02
4.315728378295898438e+01
3.688550567626953125e+01
2.843883705139160156e+01
-3.028899574279785156e+01
-7.947369575500488281e+00
4.066190490722656250e+02
-4.856203794479370117e-01
2.192332267761230469e+01
9.604941368103027344e+00
-3.206321716308593750e+01
-1.659356880187988281e+01
4.293854370117187500e+02
1.299449768066406250e+02
2.813434791564941406e+01
1.622122192382812500e+01
-2.732905578613281250e+01
-1.740171432495117188e+01
2.081862487792968750e+02
3.980377197265625000e+02
1.862026786804199219e+01
-8.970901489257812500e+01
-1.792494392395019531e+01
-9.714006423950195312e+00
6.231414031982421875e+01
3.610435485839843750e+02
2.902858924865722656e+01
-5.101575469970703125e+01
-9.518748283386230469e+00
-5.291768550872802734e+00
-4.948735833168029785e-01
-7.701480388641357422e-01
3.075214028358459473e-01
-1.069114431738853455e-01
-2.621330320835113525e-01
9.252326488494873047e-01
-6.283975601196289062e+01
-3.604824218750000000e+02
-2.952742576599121094e+01
5.620407104492187500e+01
9.226933479309082031e+00
6.027035236358642578e+00
-2.097917480468750000e+02
-4.032450561523437500e+02
-1.634857559204101562e+01
1.006617660522460938e+02
1.787012672424316406e+01
1.065970993041992188e+01
-4.286462402343750000e+02
-1.291387329101562500e+02
-2.706262588500976562e+01
-1.894163513183593750e+01
2.669172668457031250e+01
1.647476959228515625e+01
-4.086227111816406250e+02
1.104186177253723145e+00
-1.932358551025390625e+01
-8.033535957336425781e+00
3.215353393554687500e+01
1.523518848419189453e+01
-1.705584411621093750e+02
-4.569748306274414062e+01
-3.608853912353515625e+01
-2.252938079833984375e+01
3.041786956787109375e+01
7.006341457366943359e+00
7.187117767333984375e+01
-1.567114105224609375e+02
-4.054861068725585938e+01
-2.263977813720703125e+01
2.115392875671386719e+01
-2.881784915924072266e+00
9.090805053710937500e+01
-1.299708251953125000e+02
-2.355707359313964844e+01
-3.537122726440429688e+01
1.022782897949218750e+01
-3.638066291809082031e+00
-9.142812347412109375e+01
1.298735961914062500e+02
2.051713943481445312e+01
4.126073837280273438e+01
-1.071964550018310547e+01
4.026619911193847656e+00
-6.936426544189453125e+01
1.546564941406250000e+02
3.907804870605468750e+01
2.430468940734863281e+01
-2.070682334899902344e+01
1.293389678001403809e+00
2.474594268798828125e+02
3.920153808593750000e+02
4.355689239501953125e+01
-1.882721557617187500e+02
-3.102690505981445312e+01
-1.324510860443115234e+01
5.032337951660156250e+02
2.708932495117187500e+02
3.765205001831054688e+01
-1.875786437988281250e+02
-3.543223571777343750e+01
-2.224489021301269531e+01
5.189837036132812500e+02
2.296237640380859375e+02
2.670253562927246094e+01
-1.903187713623046875e+02
-3.547834014892578125e+01
-2.615560150146484375e+01
2.836252746582031250e+02
3.829193725585937500e+02
4.454581069946289062e+01
-1.727061309814453125e+02
-2.976980972290039062e+01
-2.458927154541015625e+01
9.878759002685546875e+01
4.287036437988281250e+02
5.718323516845703125e+01
-1.849459381103515625e+02
-2.413738441467285156e+01
-1.201430511474609375e+01
3.769660949707031250e+01
2.367986450195312500e+02
3.070293998718261719e+01
-1.425242309570312500e+02
-1.387786197662353516e+01
2.881915807723999023e+00
1.242756918072700500e-01
-6.079671382904052734e-01
4.759859442710876465e-01
-9.549310684204101562e+00
-1.249652743339538574e+00
2.923519909381866455e-01
-1.106557540893554688e+02
-1.292002410888671875e+02
-3.840800857543945312e+01
7.413509368896484375e+01
8.968604087829589844e+00
1.202829122543334961e+00
-4.022084350585937500e+02
8.591580963134765625e+01
-3.982788848876953125e+01
5.384606552124023438e+01
1.640446281433105469e+01
1.071979522705078125e+01
-5.570574951171875000e+02
1.428208618164062500e+02
-1.701471138000488281e+01
3.615314102172851562e+01
2.707484436035156250e+01
1.721335983276367188e+01
-4.056883850097656250e+02
-5.214678645133972168e-01
-1.854623413085937500e+01
-5.586330890655517578e+00
3.258926773071289062e+01
1.598689365386962891e+01
-1.706536712646484375e+02
-1.573856353759765625e+02
-2.684939384460449219e+01
-7.640498352050781250e+01
2.970509529113769531e+01
1.008698368072509766e+01
2.749314498901367188e+01
-1.477045898437500000e+02
-3.827080011367797852e+00
-8.426891326904296875e+01
1.730836868286132812e+01
5.675914287567138672e-01
2.440313339233398438e+00
1.455384826660156250e+02
1.129702663421630859e+01
-6.995586395263671875e+01
1.866636753082275391e+00
-4.821618556976318359e+00
1.244419932365417480e+00
3.942521667480468750e+02
3.195265960693359375e+01
-1.125441284179687500e+02
-1.707227325439453125e+01
-5.167047977447509766e+00
2.899938354492187500e+02
5.161362915039062500e+02
3.003287696838378906e+01
-2.475990600585937500e+02
-2.012041091918945312e+01
-3.083732223510742188e+01
5.595344848632812500e+02
4.643338012695312500e+02
4.831156158447265625e+01
-2.762630310058593750e+02
-3.302288436889648438e+01
-4.101045227050781250e+01
5.798743896484375000e+02
3.001437072753906250e+02
4.579490280151367188e+01
-2.644321594238281250e+02
-3.930640411376953125e+01
-4.417057037353515625e+01
3.566600646972656250e+02
2.566499938964843750e+02
4.294665908813476562e+01
-2.358803405761718750e+02
-4.195826339721679688e+01
-4.130067825317382812e+01
1.294375152587890625e+02
2.873393859863281250e+02
7.760453033447265625e+01
-2.310715484619140625e+02
-3.973482894897460938e+01
-2.493195152282714844e+01
5.819112014770507812e+01
1.918350677490234375e+02
1.224283523559570312e+02
-2.671382751464843750e+02
-2.874148941040039062e+01
-6.232208251953125000e+00
4.138647079467773438e+01
8.346764373779296875e+01
1.813823394775390625e+02
-2.100612335205078125e+02
-1.340874195098876953e+01
-9.883230924606323242e-01
7.347322702407836914e-01
-3.265552818775177002e-01
-9.330725669860839844e-01
2.863500595092773438e+00
-8.546623587608337402e-01
-1.733911991119384766e+00
-3.511421203613281250e+02
2.283724212646484375e+02
-1.244622802734375000e+02
1.130727844238281250e+02
7.810133934020996094e+00
-1.064181566238403320e+00
-4.026235046386718750e+02
8.550191497802734375e+01
-3.685705947875976562e+01
5.196977233886718750e+01
1.624734497070312500e+01
1.076544094085693359e+01
-4.270493469238281250e+02
-1.297971954345703125e+02
-2.885446548461914062e+01
-9.252701759338378906e+00
2.699672317504882812e+01
1.534201717376708984e+01
-3.460309143066406250e+02
-2.925546264648437500e+02
-1.143358039855957031e+01
-4.237189483642578125e+01
3.327287673950195312e+01
1.680930709838867188e+01
-1.501645965576171875e+02
-2.903925781250000000e+02
1.193111515045166016e+01
-4.768310165405273438e+01
2.645949363708496094e+01
8.430545806884765625e+00
-4.164252758026123047e+00
-3.054154014587402344e+01
1.569134235382080078e+01
-3.239398574829101562e+01
1.243345165252685547e+01
-5.290752887725830078e+00
4.253255844116210938e+01
3.284186706542968750e+02
1.001204013824462891e+01
-1.786286315917968750e+02
-6.773377895355224609e+00
-1.749648475646972656e+01
3.640146789550781250e+02
4.567161254882812500e+02
7.181280517578125000e+01
-2.714992675781250000e+02
-2.214754295349121094e+01
-2.695015144348144531e+01
5.834144287109375000e+02
5.549316406250000000e+02
1.146098556518554688e+02
-2.479469146728515625e+02
-3.506107330322265625e+01
-4.334602737426757812e+01
5.651049804687500000e+02
3.934614257812500000e+02
1.259222488403320312e+02
-2.358065185546875000e+02
-4.383699035644531250e+01
-5.420595932006835938e+01
4.247471008300781250e+02
2.158291473388671875e+02
9.331678009033203125e+01
-2.190342407226562500e+02
-5.213017272949218750e+01
-5.234407806396484375e+01
1.778593597412109375e+02
1.959858245849609375e+02
1.146645507812500000e+02
-1.989437255859375000e+02
-5.875297927856445312e+01
-5.280753326416015625e+01
7.816131591796875000e+01
1.447876586914062500e+02
1.223581924438476562e+02
-2.290593566894531250e+02
-5.532942199707031250e+01
-3.293777084350585938e+01
7.096107482910156250e+01
6.847751617431640625e+01
2.158073272705078125e+02
-2.273174133300781250e+02
-2.807012176513671875e+01
-1.919344139099121094e+01
1.506410064697265625e+02
-7.581837463378906250e+01
2.948084716796875000e+02
-2.916097412109375000e+02
-7.407407283782958984e+00
-1.286502838134765625e+01
-3.444645404815673828e-01
-5.964095592498779297e-01
-2.808528661727905273e+00
6.908361911773681641e-01
-1.104118451476097107e-01
-3.476060032844543457e-01
-1.088118591308593750e+02
-1.256867828369140625e+02
-3.802982711791992188e+01
7.880497741699218750e+01
9.019832611083984375e+00
3.099617242813110352e+00
-2.083626403808593750e+02
-4.049342041015625000e+02
-1.767747116088867188e+01
9.698252868652343750e+01
1.797967338562011719e+01
1.075882816314697266e+01
-2.743861083984375000e+02
-5.818205566406250000e+02
-2.819511175155639648e+00
5.125347900390625000e+01
2.744003677368164062e+01
1.747134208679199219e+01
-2.392556762695312500e+02
-5.023707885742187500e+02
1.273108386993408203e+01
3.649728393554687500e+01
2.853836631774902344e+01
1.515854263305664062e+01
-1.172055358886718750e+02
-2.612151794433593750e+02
1.478909397125244141e+01
-1.289719848632812500e+02
1.971890449523925781e+01
5.168046951293945312e+00
2.024940872192382812e+01
1.664984283447265625e+02
3.315372467041015625e+01
-2.593699340820312500e+02
3.643026053905487061e-01
-1.196644115447998047e+01
4.112450256347656250e+02
4.846211242675781250e+02
1.254119491577148438e+02
-2.533725128173828125e+02
-2.191583633422851562e+01
-1.896225166320800781e+01
7.289147338867187500e+02
7.196673583984375000e+02
1.775769805908203125e+02
-2.271522674560546875e+02
-3.795755767822265625e+01
-3.996685409545898438e+01
5.214002685546875000e+02
7.126263427734375000e+02
2.296738739013671875e+02
-1.912024383544921875e+02
-4.568891143798828125e+01
-5.579002380371093750e+01
3.663269042968750000e+02
3.849053344726562500e+02
2.073677368164062500e+02
-1.634765319824218750e+02
-5.269646072387695312e+01
-6.729651641845703125e+01
2.559706726074218750e+02
1.894039459228515625e+02
1.694191589355468750e+02
-1.530544433593750000e+02
-5.828162384033203125e+01
-7.363648986816406250e+01
1.232080688476562500e+02
1.399664611816406250e+02
1.539258270263671875e+02
-1.545178222656250000e+02
-7.554270935058593750e+01
-6.611625671386718750e+01
1.092011642456054688e+02
6.189306259155273438e+01
1.517824707031250000e+02
-1.735516510009765625e+02
-5.857542037963867188e+01
-5.391748428344726562e+01
7.317082214355468750e+01
6.793447875976562500e+01
2.162157440185546875e+02
-2.318101501464843750e+02
-2.948861885070800781e+01
-1.971078109741210938e+01
4.018704605102539062e+01
8.515635681152343750e+01
1.776409912109375000e+02
-2.200092315673828125e+02
-1.273875427246093750e+01
-1.028228759765625000e+00
-3.402537107467651367e-01
1.080017447471618652e+00
1.257536172866821289e+00
-1.678455471992492676e+00
-3.237082064151763916e-02
-2.977595925331115723e-01
-6.390874099731445312e+01
-3.589789733886718750e+02
-2.963712501525878906e+01
5.443603134155273438e+01
1.016440677642822266e+01
5.095993995666503906e+00
-1.259991378784179688e+02
-7.297728271484375000e+02
1.034894180297851562e+01
6.138248443603515625e+01
1.803364944458007812e+01
1.824305343627929688e+01
-1.493462677001953125e+02
-7.145131225585937500e+02
2.264316558837890625e+01
-2.640652084350585938e+01
2.935176086425781250e+01
2.034811019897460938e+01
-1.316870880126953125e+02
-5.428682861328125000e+02
3.754669189453125000e+01
-1.981315155029296875e+02
2.604814910888671875e+01
1.338854980468750000e+01
-7.103551864624023438e+00
-1.402927703857421875e+02
6.784102630615234375e+01
-2.535383300781250000e+02
8.787230491638183594e+00
-3.156477689743041992e+00
1.587505798339843750e+02
1.050515747070312500e+02
3.865283203125000000e+01
-2.522354888916015625e+02
2.958064079284667969e+00
-9.085969924926757812e+00
2.897647705078125000e+02
8.362749023437500000e+02
5.895296096801757812e+01
-2.462685394287109375e+02
-3.143491172790527344e+01
-2.424558830261230469e+01
3.150623779296875000e+02
1.025156005859375000e+03
1.133503570556640625e+02
-2.333533935546875000e+02
-4.583209609985351562e+01
-4.844374084472656250e+01
2.551466674804687500e+02
7.621666870117187500e+02
1.323688049316406250e+02
-2.145407867431640625e+02
-5.320003128051757812e+01
-6.010818481445312500e+01
1.916126098632812500e+02
3.361249694824218750e+02
1.300072937011718750e+02
-1.772321319580078125e+02
-6.764661407470703125e+01
-5.710328292846679688e+01
1.227385635375976562e+02
1.400901489257812500e+02
1.548240814208984375e+02
-1.530907440185546875e+02
-7.763567352294921875e+01
-6.588352966308593750e+01
7.642127990722656250e+01
7.642278289794921875e+01
1.731108398437500000e+02
-1.919886322021484375e+02
-8.447907257080078125e+01
-8.448094940185546875e+01
4.393372726440429688e+01
4.958125686645507812e+01
3.082263183593750000e+02
-2.896960754394531250e+02
-3.518130111694335938e+01
-2.766632270812988281e+01
1.828622817993164062e+01
3.872303009033203125e+01
4.159597473144531250e+02
-3.729608459472656250e+02
-7.169696331024169922e+00
-5.846200942993164062e+00
1.183286309242248535e-03
7.637844537384808064e-04
3.407521639019250870e-03
1.433963607996702194e-02
-1.844313665060326457e-04
-1.122337067499756813e-03
-3.657836532592773438e+01
-2.353718109130859375e+02
-3.453816604614257812e+01
1.362631530761718750e+02
1.366301631927490234e+01
-2.382902860641479492e+00
-9.105545043945312500e+01
-7.189062500000000000e+02
-3.919715499877929688e+01
1.492684478759765625e+02
2.248923683166503906e+01
1.133397579193115234e+01
-1.266252517700195312e+02
-9.669923706054687500e+02
-2.907126903533935547e+00
1.126494827270507812e+02
2.481407356262207031e+01
2.715279197692871094e+01
-1.464564514160156250e+02
-7.411438598632812500e+02
2.447196769714355469e+01
4.069428634643554688e+01
3.197434616088867188e+01
2.759496116638183594e+01
-4.203359603881835938e+01
-5.205822143554687500e+02
2.194001770019531250e+01
-1.288354644775390625e+02
2.294872474670410156e+01
1.132883167266845703e+01
-1.584595584869384766e+01
-1.428656158447265625e+02
6.798879241943359375e+01
-2.497761077880859375e+02
8.141067504882812500e+00
-2.846161365509033203e+00
4.106946716308593750e+02
4.762364196777343750e+02
1.242897491455078125e+02
-2.532422790527343750e+02
-2.304858398437500000e+01
-1.955801010131835938e+01
7.132389526367187500e+02
7.110561523437500000e+02
1.745520629882812500e+02
-2.315031585693359375e+02
-3.769860839843750000e+01
-3.900091171264648438e+01
5.216301879882812500e+02
7.130345458984375000e+02
2.265812530517578125e+02
-1.932939147949218750e+02
-4.587855911254882812e+01
-5.545882415771484375e+01
3.689153137207031250e+02
3.856797485351562500e+02
2.098713378906250000e+02
-1.635626068115234375e+02
-5.305968856811523438e+01
-6.732913970947265625e+01
2.564893493652343750e+02
1.946078491210937500e+02
1.722550201416015625e+02
-1.523025054931640625e+02
-5.954305267333984375e+01
-7.353061676025390625e+01
1.238485870361328125e+02
1.428376464843750000e+02
1.581457366943359375e+02
-1.556468200683593750e+02
-7.613876342773437500e+01
-6.546575927734375000e+01
1.088430557250976562e+02
5.979023742675781250e+01
1.507633972167968750e+02
-1.788555145263671875e+02
-5.893258666992187500e+01
-5.416360092163085938e+01
7.180333709716796875e+01
7.052447509765625000e+01
2.161253204345703125e+02
-2.451822814941406250e+02
-2.834348297119140625e+01
-1.968606376647949219e+01
4.103660202026367188e+01
8.536590576171875000e+01
1.794799652099609375e+02
-2.179515075683593750e+02
-1.397680377960205078e+01
-1.649674177169799805e-01
3.367945551872253418e-01
-1.076133966445922852e+00
-1.250075101852416992e+00
1.685429096221923828e+00
3.224037960171699524e-02
2.966485619544982910e-01
-6.327584075927734375e+01
-3.570834960937500000e+02
-3.050779342651367188e+01
5.313129043579101562e+01
9.786529541015625000e+00
5.065084934234619141e+00
-1.269762344360351562e+02
-7.312283325195312500e+02
8.208037376403808594e+00
6.227967453002929688e+01
1.791612625122070312e+01
1.869277954101562500e+01
-1.486906127929687500e+02
-7.176122436523437500e+02
2.440533828735351562e+01
-2.645018768310546875e+01
2.909588623046875000e+01
1.988218498229980469e+01
-1.290312042236328125e+02
-5.354110107421875000e+02
3.835095596313476562e+01
-1.997829895019531250e+02
2.577741241455078125e+01
1.321719264984130859e+01
-8.165747833251953125e+01
-1.052633972167968750e+02
9.666265869140625000e+01
-2.352666931152343750e+02
1.070668697357177734e+01
-3.877562284469604492e-01
4.818398284912109375e+01
3.162904052734375000e+02
1.550453643798828125e+02
-2.417915954589843750e+02
-8.021105766296386719e+00
-1.665405273437500000e+01
8.787557983398437500e+02
4.943106079101562500e+02
1.945841064453125000e+02
-2.084238281250000000e+02
-2.842650032043457031e+01
-3.238502883911132812e+01
1.157681030273437500e+03
4.979631347656250000e+02
2.545543823242187500e+02
-1.835668487548828125e+02
-3.926426696777343750e+01
-4.820680618286132812e+01
6.963239746093750000e+02
3.882341308593750000e+02
2.972829895019531250e+02
-1.689305877685546875e+02
-4.481901931762695312e+01
-5.832534408569335938e+01
3.676336059570312500e+02
3.861436462402343750e+02
2.116820831298828125e+02
-1.647178497314453125e+02
-5.257391357421875000e+01
-6.809049987792968750e+01
1.924542236328125000e+02
3.358849792480468750e+02
1.312371978759765625e+02
-1.780941619873046875e+02
-6.749311828613281250e+01
-5.774402618408203125e+01
1.750715026855468750e+02
1.918290557861328125e+02
1.117320632934570312e+02
-2.026377868652343750e+02
-6.089049911499023438e+01
-5.320491409301757812e+01
2.489525299072265625e+02
4.343627929687500000e+01
8.106158447265625000e+01
-2.291620635986328125e+02
-3.523458862304687500e+01
-3.633063125610351562e+01
1.935184631347656250e+02
7.939028930664062500e+01
1.069143600463867188e+02
-2.172933044433593750e+02
-1.957288932800292969e+01
-1.591300487518310547e+01
1.088072204589843750e+02
1.257056732177734375e+02
3.802726364135742188e+01
-7.876621246337890625e+01
-9.016934394836425781e+00
-3.100038290023803711e+00
-5.004613846540451050e-02
4.989431202411651611e-01
2.806088685989379883e+00
-7.384932041168212891e-01
-2.297448366880416870e-02
-8.663000464439392090e-01
-1.158533325195312500e+02
-2.394376983642578125e+02
8.211102485656738281e+00
3.037763357162475586e+00
1.017870903015136719e+01
8.760258674621582031e+00
-1.902570190429687500e+02
-3.810299072265625000e+02
2.625782394409179688e+01
-4.144489288330078125e+01
2.335664749145507812e+01
1.249224376678466797e+01
-1.671434478759765625e+02
-3.427345581054687500e+02
5.257489013671875000e+01
-1.706269226074218750e+02
2.293503570556640625e+01
1.012180614471435547e+01
-8.177240753173828125e+01
1.007361831665039062e+02
6.625092315673828125e+01
-2.076870422363281250e+02
1.265602493286132812e+01
8.123286962509155273e-01
-2.618869972229003906e+01
3.062399597167968750e+02
1.105091323852539062e+02
-2.062765502929687500e+02
-3.240278959274291992e+00
-8.857565879821777344e+00
1.956742095947265625e+02
4.694744873046875000e+02
1.412575225830078125e+02
-1.917956848144531250e+02
-1.909018516540527344e+01
-2.206460571289062500e+01
1.094903076171875000e+03
4.790513916015625000e+02
2.076335296630859375e+02
-1.828819427490234375e+02
-3.046934700012207031e+01
-3.634097290039062500e+01
1.132014038085937500e+03
4.919147949218750000e+02
2.556161346435546875e+02
-1.833968505859375000e+02
-3.920910644531250000e+01
-4.749887084960937500e+01
5.181038208007812500e+02
7.091860351562500000e+02
2.294919128417968750e+02
-1.957878265380859375e+02
-4.583389663696289062e+01
-5.575055694580078125e+01
2.580221557617187500e+02
7.690698852539062500e+02
1.252154769897460938e+02
-2.104204559326171875e+02
-5.313069152832031250e+01
-6.018732070922851562e+01
2.662598266601562500e+02
5.290433959960937500e+02
7.337435150146484375e+01
-2.290284271240234375e+02
-5.696403503417968750e+01
-5.357576751708984375e+01
3.565375976562500000e+02
2.537658386230468750e+02
4.465485763549804688e+01
-2.442965545654296875e+02
-4.176105499267578125e+01
-4.165285110473632812e+01
4.581466064453125000e+02
4.192557144165039062e+01
4.527737426757812500e+01
-2.027621765136718750e+02
-2.845886611938476562e+01
-2.173176383972167969e+01
4.026379089355468750e+02
-8.550919342041015625e+01
3.685525894165039062e+01
-5.198601150512695312e+01
-1.624405670166015625e+01
-1.076292991638183594e+01
2.408502044677734375e+02
-9.520589447021484375e+01
-7.096138954162597656e+00
-2.988456153869628906e+01
-7.897915840148925781e+00
-8.519350051879882812e+00
-1.168807983398437500e+00
2.181669712066650391e+00
-8.871056437492370605e-01
2.897362232208251953e+00
-6.867802143096923828e-01
-1.031433105468750000e+00
-1.937538299560546875e+02
6.776082611083984375e+01
1.056969165802001953e+01
-3.092076301574707031e+01
1.355100822448730469e+01
4.798301219940185547e+00
-2.032467041015625000e+02
7.214101409912109375e+01
3.192839622497558594e+01
-1.168405227661132812e+02
1.894160079956054688e+01
3.847636938095092773e+00
-6.502632141113281250e+01
2.727465820312500000e+02
7.703782081604003906e+00
-1.560215454101562500e+02
1.107744979858398438e+01
6.488801479339599609e+00
1.263592624664306641e+01
3.435394287109375000e+02
5.987724685668945312e+01
-1.789256134033203125e+02
-2.154108762741088867e+00
2.525123596191406250e+00
-1.293240928649902344e+01
4.530556335449218750e+02
9.462035369873046875e+01
-1.845346527099609375e+02
-1.059294700622558594e+01
-8.592146873474121094e+00
1.902806091308593750e+02
4.629577026367187500e+02
1.442248840332031250e+02
-1.912779235839843750e+02
-1.856455230712890625e+01
-2.172823905944824219e+01
8.867767333984375000e+02
4.943852233886718750e+02
1.964510498046875000e+02
-2.084405822753906250e+02
-2.881116485595703125e+01
-3.130599975585937500e+01
7.207800903320312500e+02
7.100217285156250000e+02
1.800391845703125000e+02
-2.251303253173828125e+02
-3.830716705322265625e+01
-3.879795074462890625e+01
3.178998413085937500e+02
1.033855468750000000e+03
1.127695846557617188e+02
-2.304387817382812500e+02
-4.509090423583984375e+01
-4.933187866210937500e+01
3.321923217773437500e+02
8.731214599609375000e+02
4.663984680175781250e+01
-2.447139892578125000e+02
-4.567568206787109375e+01
-5.259717178344726562e+01
4.436945495605468750e+02
5.570867309570312500e+02
3.458866500854492188e+01
-2.414814910888671875e+02
-4.072105789184570312e+01
-4.308280944824218750e+01
5.200844116210937500e+02
2.273170776367187500e+02
2.578582954406738281e+01
-1.924102783203125000e+02
-3.580472564697265625e+01
-2.691360092163085938e+01
5.570687255859375000e+02
-1.428278045654296875e+02
1.702240753173828125e+01
-3.616431427001953125e+01
-2.707681655883789062e+01
-1.721217536926269531e+01
4.808806457519531250e+02
-4.254338684082031250e+02
3.392103576660156250e+01
5.999586868286132812e+01
-1.762177085876464844e+01
-1.772712516784667969e+01
3.484657287597656250e+02
-3.650372314453125000e+02
9.862043380737304688e+00
5.690261840820312500e+01
-6.534277915954589844e+00
-1.656590843200683594e+01
7.104986310005187988e-01
6.369012594223022461e-02
-6.390612721443176270e-01
4.899193048477172852e-01
-1.107696056365966797e+00
-2.601273730397224426e-02
-1.948389282226562500e+02
2.613661499023437500e+02
-1.838628578186035156e+01
-5.979074859619140625e+01
4.715301990509033203e+00
1.906815767288208008e+00
-2.831312942504882812e+01
1.955053253173828125e+02
-1.353620052337646484e+01
-9.592867279052734375e+01
5.842685222625732422e+00
1.671690750122070312e+01
5.594541168212890625e+01
2.755325317382812500e+02
1.993431210517883301e+00
-1.600289459228515625e+02
6.430455446243286133e-01
1.244950103759765625e+01
1.326291275024414062e+01
3.452709655761718750e+02
6.055926513671875000e+01
-1.777905731201171875e+02
-1.844033122062683105e+00
1.551552772521972656e+00
-2.613464546203613281e+01
3.060179748535156250e+02
1.121934814453125000e+02
-2.068036041259765625e+02
-3.288077354431152344e+00
-9.600547790527343750e+00
4.606210708618164062e+01
3.156099853515625000e+02
1.602779388427734375e+02
-2.375531921386718750e+02
-8.819025039672851562e+00
-1.623252677917480469e+01
4.156188659667968750e+02
4.852102966308593750e+02
1.221724853515625000e+02
-2.512790985107421875e+02
-2.145273971557617188e+01
-1.918334197998046875e+01
2.805823364257812500e+02
8.479099121093750000e+02
6.004620361328125000e+01
-2.471110229492187500e+02
-3.065479087829589844e+01
-2.283879089355468750e+01
3.709974975585937500e+02
7.136116333007812500e+02
3.110966110229492188e+01
-2.330045318603515625e+02
-3.378414535522460938e+01
-3.519868469238281250e+01
4.118605346679687500e+02
6.008298339843750000e+02
2.176517295837402344e+01
-1.626018371582031250e+02
-3.556576919555664062e+01
-4.113286209106445312e+01
4.452351684570312500e+02
4.166849060058593750e+02
2.037261581420898438e+01
-1.086485977172851562e+02
-3.593216705322265625e+01
-2.403613662719726562e+01
4.086311035156250000e+02
-1.081656575202941895e+00
1.934752273559570312e+01
8.016927719116210938e+00
-3.215528488159179688e+01
-1.523173332214355469e+01
3.512467956542968750e+02
-4.290296936035156250e+02
6.673128509521484375e+01
1.705459899902343750e+02
-2.541354751586914062e+01
-1.753007316589355469e+01
3.000252075195312500e+02
-4.756728820800781250e+02
6.134538650512695312e+01
1.198153305053710938e+02
-1.737911033630371094e+01
-2.512303924560546875e+01
2.385220794677734375e+02
-3.641629638671875000e+02
2.066124534606933594e+01
9.869812774658203125e+01
-5.026544094085693359e+00
-1.176110363006591797e+01
-1.876834273338317871e+00
-5.522755384445190430e-01
-4.869318604469299316e-01
-2.486579656600952148e+00
-5.345653295516967773e-01
-5.460928678512573242e-01
2.180491983890533447e-01
1.115950107574462891e+00
-1.787432551383972168e+00
-5.295371532440185547e+00
-1.319852024316787720e-01
2.714936733245849609e-01
-2.920197486877441406e+01
1.958930511474609375e+02
-1.316383552551269531e+01
-9.721472167968750000e+01
5.151114940643310547e+00
1.730808830261230469e+01
-6.455188751220703125e+01
2.728076782226562500e+02
7.652825832366943359e+00
-1.538789062500000000e+02
1.097042179107666016e+01
5.911357402801513672e+00
-8.147446441650390625e+01
1.024891204833984375e+02
6.613176727294921875e+01
-2.035627136230468750e+02
1.226019763946533203e+01
3.430700302124023438e-01
-7.992783355712890625e+01
-9.701795196533203125e+01
9.490246582031250000e+01
-2.387822570800781250e+02
1.155709934234619141e+01
-3.028509318828582764e-01
-5.721386909484863281e+00
-1.399247283935546875e+02
6.758348846435546875e+01
-2.539193878173828125e+02
8.835384368896484375e+00
-2.578326702117919922e+00
1.571138610839843750e+02
1.034310989379882812e+02
4.121532821655273438e+01
-2.460056610107421875e+02
2.567034721374511719e+00
-9.409359931945800781e+00
2.178146362304687500e+02
3.252048950195312500e+02
4.879583358764648438e+00
-1.506921844482421875e+02
-1.383080291748046875e+01
-1.402349185943603516e+01
2.359105072021484375e+02
4.071390686035156250e+02
1.757462882995605469e+01
-1.332931709289550781e+01
-1.904337120056152344e+01
-2.711496353149414062e+01
2.110202484130859375e+02
4.368843688964843750e+02
1.697496223449707031e+01
-2.075321388244628906e+01
-2.880618667602539062e+01
-1.680482673645019531e+01
1.685882568359375000e+02
1.578374176025390625e+02
2.556686592102050781e+01
7.998165130615234375e+01
-2.977687263488769531e+01
-1.046065425872802734e+01
1.176980285644531250e+02
-3.089938354492187500e+02
4.622891616821289062e+01
1.808648529052734375e+02
-2.778869438171386719e+01
-9.542057991027832031e+00
6.580731201171875000e+01
-4.935029296875000000e+02
1.482707519531250000e+02
1.866772460937500000e+02
-2.025159263610839844e+01
-1.740296363830566406e+01
3.803176498413085938e+01
-3.818331604003906250e+02
8.756848907470703125e+01
1.881523895263671875e+02
-1.628250885009765625e+01
-2.062947082519531250e+01
1.531488418579101562e+01
-2.082194366455078125e+02
3.116483688354492188e+01
1.159560394287109375e+02
-1.177543163299560547e+01
-2.045837783813476562e+01
1.580931663513183594e+01
-2.074230194091796875e+02
3.105760955810546875e+01
1.139976806640625000e+02
-1.196935749053955078e+01
-2.124880218505859375e+01
-2.114732742309570312e+00
-9.412759542465209961e-01
-2.534278392791748047e+00
-2.928739547729492188e+00
2.178838968276977539e+00
9.180194139480590820e-01
-1.938567657470703125e+02
2.617097473144531250e+02
-1.578027629852294922e+01
-6.197790908813476562e+01
5.983833312988281250e+00
1.063882827758789062e+00
-2.036563568115234375e+02
7.093402862548828125e+01
3.103245162963867188e+01
-1.240564346313476562e+02
1.857619094848632812e+01
3.571151256561279297e+00
-1.681504058837890625e+02
-3.451703491210937500e+02
5.362784576416015625e+01
-1.694742889404296875e+02
2.364791870117187500e+01
1.070569705963134766e+01
-1.336076812744140625e+02
-5.438713989257812500e+02
4.045433807373046875e+01
-1.881394500732421875e+02
2.611029624938964844e+01
1.430308628082275391e+01
-3.578198242187500000e+01
-5.361824951171875000e+02
1.880565071105957031e+01
-1.309037322998046875e+02
2.305418395996093750e+01
1.237663841247558594e+01
-7.216751861572265625e+01
-2.100512390136718750e+02
1.709612655639648438e+01
8.061952590942382812e+00
1.429173183441162109e+01
3.813575506210327148e+00
1.288555049896240234e+01
5.475253677368164062e+01
2.181469726562500000e+01
6.300579071044921875e+01
2.720905780792236328e+00
-6.721240043640136719e+00
2.307387351989746094e+01
1.957001190185546875e+02
7.355878829956054688e+00
-2.773410797119140625e+01
-1.222915935516357422e+01
-5.334774017333984375e+00
-2.776502227783203125e+01
1.494037170410156250e+02
3.073280811309814453e+00
8.007106781005859375e+01
-1.723624420166015625e+01
-1.398530483245849609e+00
-8.895008850097656250e+01
-1.970153808593750000e+02
1.966720962524414062e+01
1.636924743652343750e+02
-2.072852134704589844e+01
-3.763572931289672852e+00
-1.579412841796875000e+02
-4.171744995117187500e+02
7.755177307128906250e+01
2.309793853759765625e+02
-2.062704467773437500e+01
-8.645739555358886719e+00
-1.857184143066406250e+02
-3.715733642578125000e+02
1.943776397705078125e+02
1.972992095947265625e+02
-9.425789833068847656e+00
-3.955839633941650391e+00
-1.711193847656250000e+02
-2.244484710693359375e+02
1.083211364746093750e+02
2.188180999755859375e+02
-1.900550460815429688e+01
-1.743853569030761719e+01
3.544409942626953125e+01
-3.806567077636718750e+02
8.801322937011718750e+01
1.851844024658203125e+02
-1.584544086456298828e+01
-1.990337944030761719e+01
2.405212097167968750e+02
-3.638689575195312500e+02
1.961125373840332031e+01
9.339742279052734375e+01
-5.309245109558105469e+00
-1.212029457092285156e+01
-3.795423805713653564e-01
1.380951523780822754e+00
-1.605623483657836914e+00
-1.509445786476135254e+00
-7.002661824226379395e-01
-1.754037290811538696e-01
-1.944947967529296875e+02
6.915995788574218750e+01
1.249599552154541016e+01
-3.055163764953613281e+01
1.414893436431884766e+01
5.486361503601074219e+00
-1.928608856201171875e+02
-3.806943664550781250e+02
2.735346794128417969e+01
-4.209289169311523438e+01
2.393466567993164062e+01
1.289753913879394531e+01
-1.511265106201171875e+02
-7.079016113281250000e+02
2.348088645935058594e+01
-2.694753646850585938e+01
3.003137588500976562e+01
2.041478729248046875e+01
-1.379600677490234375e+02
-7.501419067382812500e+02
2.360879135131835938e+01
4.688644027709960938e+01
3.236986923217773438e+01
2.764605712890625000e+01
-1.872496948242187500e+02
-6.354605712890625000e+02
2.676669502258300781e+01
1.038400802612304688e+02
3.208980941772460938e+01
2.201675033569335938e+01
-1.670193328857421875e+02
-3.470310974121093750e+02
1.969458580017089844e+01
-2.053326225280761719e+01
2.581511878967285156e+01
1.056591701507568359e+01
-2.302939987182617188e+01
-1.957629852294921875e+02
-7.353996276855468750e+00
2.770661735534667969e+01
1.223909759521484375e+01
5.326152324676513672e+00
-2.536523342132568359e+00
-1.404359588623046875e+02
-1.126986122131347656e+01
7.626127624511718750e+01
-1.615276217460632324e+00
4.246397495269775391e+00
-8.357804870605468750e+01
-2.787115783691406250e+02
-2.149747133255004883e+00
1.587472381591796875e+02
-1.025630950927734375e+01
-2.168248295783996582e-01
-2.011915283203125000e+02
-4.280905761718750000e+02
2.690069198608398438e+01
2.094860839843750000e+02
-1.509099960327148438e+01
-5.259108066558837891e+00
-2.766291809082031250e+02
-3.998742065429687500e+02
8.835056304931640625e+01
2.604248962402343750e+02
-1.829225730895996094e+01
-1.057641410827636719e+01
-1.874993896484375000e+02
-3.715906982421875000e+02
1.950831909179687500e+02
1.942487030029296875e+02
-9.343203544616699219e+00
-5.490779399871826172e+00
6.684510803222656250e+01
-4.834494934082031250e+02
1.459723052978515625e+02
1.785046081542968750e+02
-2.043651008605957031e+01
-1.642523384094238281e+01
3.010078430175781250e+02
-4.706538391113281250e+02
5.813781738281250000e+01
1.146564407348632812e+02
-1.696964836120605469e+01
-2.406155014038085938e+01
3.492962951660156250e+02
-3.599125671386718750e+02
9.921008110046386719e+00
5.658868408203125000e+01
-4.884619235992431641e+00
-1.665908622741699219e+01
8.060948848724365234e-01
-1.812714189291000366e-01
-1.023866295814514160e+00
4.989557266235351562e-01
6.769667863845825195e-01
1.078839421272277832e+00
-1.167062377929687500e+02
-2.422504730224609375e+02
8.262197494506835938e+00
3.610114812850952148e+00
9.440682411193847656e+00
9.693809509277343750e+00
-1.285978851318359375e+02
-7.267576293945312500e+02
7.737065792083740234e+00
6.626689147949218750e+01
1.769341087341308594e+01
1.948728370666503906e+01
-1.299373931884765625e+02
-9.542860717773437500e+02
-1.925504803657531738e+00
1.138999862670898438e+02
2.450340270996093750e+01
2.694934272766113281e+01
-2.114239807128906250e+02
-8.569353027343750000e+02
6.221028327941894531e+00
6.008304595947265625e+01
3.169270133972167969e+01
3.211283111572265625e+01
-3.242947387695312500e+02
-6.033827514648437500e+02
-3.338540792465209961e+00
3.691730499267578125e+01
3.422300720214843750e+01
2.441937828063964844e+01
-2.110086669921875000e+02
-4.368667602539062500e+02
-1.696884346008300781e+01
2.070308494567871094e+01
2.880894088745117188e+01
1.679988670349121094e+01
-2.457043170928955078e+00
-3.916299743652343750e+02
-2.974771499633789062e+01
1.116839523315429688e+02
1.752298164367675781e+01
4.049023628234863281e+00
7.068158721923828125e+01
-4.854230041503906250e+02
-2.832419967651367188e+01
1.876930541992187500e+02
7.878473758697509766e+00
-5.140569210052490234e+00
-1.443621063232421875e+01
-5.418054809570312500e+02
-6.326319217681884766e+00
1.996583862304687500e+02
2.063266038894653320e+00
-1.510356521606445312e+01
-2.006698760986328125e+02
-4.268023071289062500e+02
2.741803359985351562e+01
2.081577148437500000e+02
-1.456392288208007812e+01
-4.147282123565673828e+00
-1.566179962158203125e+02
-4.143975524902343750e+02
7.852506256103515625e+01
2.318724517822265625e+02
-2.215431785583496094e+01
-7.279571056365966797e+00
1.140817413330078125e+02
-3.010580749511718750e+02
5.129776763916015625e+01
1.831566925048828125e+02
-2.756210136413574219e+01
-8.658135414123535156e+00
3.518295288085937500e+02
-4.230769653320312500e+02
6.511830139160156250e+01
1.628934020996093750e+02
-2.491725158691406250e+01
-1.754178237915039062e+01
4.841316833496093750e+02
-4.266192016601562500e+02
3.518661117553710938e+01
5.385543823242187500e+01
-1.881011009216308594e+01
-1.779844093322753906e+01
2.420613555908203125e+02
-9.702903747558593750e+01
-1.077643871307373047e+01
-2.649491882324218750e+01
-7.868529319763183594e+00
-8.768042564392089844e+00
-7.894180715084075928e-02
-4.218252658843994141e+00
-4.095067828893661499e-02
2.333773374557495117e+00
-1.654062867164611816e-01
1.197189688682556152e+00
-6.284029769897460938e+01
-3.604817199707031250e+02
-2.951952934265136719e+01
5.619866561889648438e+01
9.226789474487304688e+00
6.030289649963378906e+00
-9.064841461181640625e+01
-7.122163696289062500e+02
-3.750072479248046875e+01
1.454844360351562500e+02
2.222865104675292969e+01
1.094795322418212891e+01
-1.589738464355468750e+02
-8.120791625976562500e+02
-2.719754219055175781e+01
1.378047027587890625e+02
2.922790718078613281e+01
2.494547843933105469e+01
-3.557980957031250000e+02
-6.396033935546875000e+02
-2.834842443466186523e+00
9.708792114257812500e+01
3.455416488647460938e+01
3.135153961181640625e+01
-4.452206420898437500e+02
-4.166953735351562500e+02
-2.037383460998535156e+01
1.086056976318359375e+02
3.593313598632812500e+01
2.403452682495117188e+01
-2.501104431152343750e+02
-3.886030883789062500e+02
-4.345859527587890625e+01
1.930556640625000000e+02
3.076413154602050781e+01
1.352088546752929688e+01
1.031674575805664062e+01
-4.792065734863281250e+02
-4.391200637817382812e+01
2.249428710937500000e+02
2.042362213134765625e+01
-9.655359983444213867e-01
7.060569763183593750e+01
-4.890053710937500000e+02
-2.817879295349121094e+01
1.879471740722656250e+02
7.649049758911132812e+00
-3.930933713912963867e+00
-8.537081909179687500e+01
-2.807716064453125000e+02
-3.224753141403198242e+00
1.613387756347656250e+02
-1.099063396453857422e+01
1.470829695463180542e-01
-9.338374328613281250e+01
-1.950058441162109375e+02
1.911659622192382812e+01
1.636438903808593750e+02
-2.046507835388183594e+01
-2.378724098205566406e+00
1.697688598632812500e+02
1.590693359375000000e+02
2.645487594604492188e+01
7.813687896728515625e+01
-2.900053405761718750e+01
-9.952780723571777344e+00
4.085882568359375000e+02
-1.466667056083679199e-01
2.039877700805664062e+01
3.457736253738403320e+00
-3.132094573974609375e+01
-1.659328079223632812e+01
5.538715209960937500e+02
-1.415692749023437500e+02
1.339483451843261719e+01
-2.544240188598632812e+01
-2.794309234619140625e+01
-1.768836212158203125e+01
4.025263061523437500e+02
-8.592817687988281250e+01
3.711722564697265625e+01
-4.442347717285156250e+01
-1.695971488952636719e+01
-1.255385398864746094e+01
1.073692474365234375e+02
1.254635009765625000e+02
3.453730773925781250e+01
-6.684546661376953125e+01
-1.022758007049560547e+01
-1.507766485214233398e+00
1.230605319142341614e-01
-6.085132956504821777e-01
4.751347303390502930e-01
-9.551202774047851562e+00
-1.249244689941406250e+00
2.933341860771179199e-01
-3.732155990600585938e+01
-2.390107269287109375e+02
-3.506808853149414062e+01
1.407801055908203125e+02
1.403531074523925781e+01
-3.490009307861328125e+00
-9.850232696533203125e+01
-4.311961669921875000e+02
-5.610766983032226562e+01
1.852304229736328125e+02
2.373632240295410156e+01
1.064892768859863281e+01
-2.833934936523437500e+02
-3.828689880371093750e+02
-4.249156188964843750e+01
1.659467468261718750e+02
2.925428390502929688e+01
2.370277404785156250e+01
-5.200725708007812500e+02
-2.273132324218750000e+02
-2.578104972839355469e+01
1.923547210693359375e+02
3.580496215820312500e+01
2.690974617004394531e+01
-5.079767761230468750e+02
-2.676021728515625000e+02
-3.547313308715820312e+01
1.967266693115234375e+02
3.615430831909179688e+01
2.251728439331054688e+01
-2.483532409667968750e+02
-3.972423400878906250e+02
-4.274766159057617188e+01
1.953356323242187500e+02
3.094033622741699219e+01
1.285586833953857422e+01
-2.638004064559936523e+00
-3.971548767089843750e+02
-3.154937362670898438e+01
1.232151641845703125e+02
1.726616287231445312e+01
4.177631378173828125e+00
-4.041688919067382812e+00
-1.445574951171875000e+02
-1.216164302825927734e+01
6.484449005126953125e+01
-1.960354924201965332e+00
4.324333190917968750e+00
-2.987646865844726562e+01
1.500234832763671875e+02
2.237288713455200195e+00
8.054623413085937500e+01
-1.637983894348144531e+01
-9.028827548027038574e-01
2.081838989257812500e+02
4.489087524414062500e+02
1.629289054870605469e+01
-2.001391220092773438e+01
-2.771736907958984375e+01
-1.663879966735839844e+01
4.419422912597656250e+02
4.198789672851562500e+02
2.162117958068847656e+01
-1.154002456665039062e+02
-3.603796386718750000e+01
-2.392727470397949219e+01
5.183476562500000000e+02
2.283248291015625000e+02
2.671598625183105469e+01
-1.877390441894531250e+02
-3.467807769775390625e+01
-2.637151527404785156e+01
4.575875549316406250e+02
4.289733505249023438e+01
4.249410629272460938e+01
-2.090072326660156250e+02
-2.968587493896484375e+01
-2.272348976135253906e+01
1.941681365966796875e+02
7.865497589111328125e+01
1.052038269042968750e+02
-2.170683288574218750e+02
-1.938115692138671875e+01
-1.480824851989746094e+01
4.138348770141601562e+01
8.347478485107421875e+01
1.813795166015625000e+02
-2.100861053466796875e+02
-1.340601158142089844e+01
-9.845460057258605957e-01
-9.177142754197120667e-03
-2.506735324859619141e+00
4.301499843597412109e+00
-1.290409660339355469e+01
-3.217821419239044189e-01
-1.365464687347412109e+00
-4.024942016601562500e+01
-8.656816864013671875e+01
-1.812055358886718750e+02
2.152407989501953125e+02
1.262031555175781250e+01
-1.055444478988647461e+00
-1.945186004638671875e+02
-7.720010375976562500e+01
-1.063553619384765625e+02
2.128164367675781250e+02
1.978118705749511719e+01
1.480674171447753906e+01
-4.581201477050781250e+02
-4.193130874633789062e+01
-4.526760101318359375e+01
2.027077484130859375e+02
2.845866203308105469e+01
2.173213386535644531e+01
-5.142254028320312500e+02
-2.288251953125000000e+02
-2.561723518371582031e+01
1.927780151367187500e+02
3.505649948120117188e+01
2.577713775634765625e+01
-4.412734680175781250e+02
-4.235297546386718750e+02
-2.259308815002441406e+01
1.207596817016601562e+02
3.576790237426757812e+01
2.383672714233398438e+01
-2.128083343505859375e+02
-4.442180480957031250e+02
-1.730138015747070312e+01
2.359392356872558594e+01
2.877226448059082031e+01
1.669691467285156250e+01
-2.167505455017089844e+01
-2.032362670898437500e+02
-7.353621959686279297e+00
1.455179309844970703e+01
1.277174758911132812e+01
5.096390724182128906e+00
2.194465446472167969e+01
2.048362579345703125e+02
5.536931991577148438e+00
-1.619501113891601562e+01
-1.287526702880859375e+01
-5.828326702117919922e+00
2.352915649414062500e+02
4.159132995605468750e+02
1.838997650146484375e+01
-2.193315315246582031e+01
-1.879027748107910156e+01
-2.714798164367675781e+01
4.034135742187500000e+02
6.078408813476562500e+02
2.179480361938476562e+01
-1.633149719238281250e+02
-3.592204666137695312e+01
-3.963723373413085938e+01
4.401535034179687500e+02
5.588722534179687500e+02
3.438251113891601562e+01
-2.299198303222656250e+02
-4.075183486938476562e+01
-4.304870986938476562e+01
3.574825439453125000e+02
2.546896667480468750e+02
4.638902282714843750e+01
-2.368986053466796875e+02
-4.193342208862304688e+01
-4.133680725097656250e+01
2.508652801513671875e+02
4.492262268066406250e+01
8.412046051025390625e+01
-2.180199584960937500e+02
-3.380112457275390625e+01
-3.464734268188476562e+01
7.095492553710937500e+01
6.849188232421875000e+01
2.157741088867187500e+02
-2.273157196044921875e+02
-2.806160163879394531e+01
-1.919530677795410156e+01
1.891725921630859375e+01
3.713177871704101562e+01
4.057882080078125000e+02
-3.736766662597656250e+02
-9.339392662048339844e+00
-6.721725463867187500e+00
3.052525818347930908e-01
-1.592684626579284668e+00
-7.611739635467529297e-01
-3.319189786911010742e+00
-2.371685802936553955e-01
-7.687960267066955566e-01
-1.545654144287109375e+02
7.412964630126953125e+01
-2.969054565429687500e+02
2.922110900878906250e+02
7.002842903137207031e+00
1.226425647735595703e+01
-1.935144653320312500e+02
-7.936629486083984375e+01
-1.069158782958984375e+02
2.172712860107421875e+02
1.957818603515625000e+01
1.591452598571777344e+01
-2.827898559570312500e+02
-3.859297790527343750e+02
-4.329760360717773438e+01
1.702005615234375000e+02
2.956362915039062500e+01
2.417646598815917969e+01
-3.535883483886718750e+02
-6.464288330078125000e+02
-4.630280494689941406e+00
8.809076690673828125e+01
3.477803421020507812e+01
3.189493942260742188e+01
-3.230263671875000000e+02
-6.174732666015625000e+02
-3.337745904922485352e+00
2.630005264282226562e+01
3.415995788574218750e+01
2.416192245483398438e+01
-1.672209167480468750e+02
-3.551741638183593750e+02
1.706210136413574219e+01
-9.536181449890136719e+00
2.618756103515625000e+01
1.071774196624755859e+01
5.086233139038085938e+00
4.995082092285156250e+01
2.345105171203613281e+01
7.097769165039062500e+01
3.177357912063598633e+00
-6.383484363555908203e+00
2.207748107910156250e+02
3.194978942871093750e+02
7.472385406494140625e+00
-1.499116668701171875e+02
-1.340138149261474609e+01
-1.343889236450195312e+01
3.692841796875000000e+02
6.976723022460937500e+02
3.099768638610839844e+01
-2.421566009521484375e+02
-3.386646652221679688e+01
-3.545505905151367188e+01
3.298715820312500000e+02
8.761732788085937500e+02
4.668645477294921875e+01
-2.470431213378906250e+02
-4.663189697265625000e+01
-5.302060317993164062e+01
2.685834655761718750e+02
5.215875854492187500e+02
7.332222747802734375e+01
-2.254418487548828125e+02
-5.686138534545898438e+01
-5.322343826293945312e+01
1.748545989990234375e+02
1.923216094970703125e+02
1.139546966552734375e+02
-1.999149780273437500e+02
-6.047862625122070312e+01
-5.162980651855468750e+01
1.092162399291992188e+02
6.189221954345703125e+01
1.517726440429687500e+02
-1.735545959472656250e+02
-5.856403350830078125e+01
-5.392174148559570312e+01
4.410373306274414062e+01
4.951791381835937500e+01
3.094724121093750000e+02
-2.904972839355468750e+02
-3.420570755004882812e+01
-2.727183723449707031e+01
4.838182067871093750e+01
1.426696497946977615e-02
5.120413208007812500e+02
-3.944449157714843750e+02
-1.063616180419921875e+01
-1.755996131896972656e+01
-4.927669763565063477e-01
-8.888714909553527832e-01
1.465189576148986816e+00
-6.565252304077148438e+00
-8.231058716773986816e-02
3.563829660415649414e-01
-4.103874588012695312e+01
-8.535732269287109375e+01
-1.794717864990234375e+02
2.179382629394531250e+02
1.397982120513916016e+01
1.656054258346557617e-01
-9.920188140869140625e+01
-4.310922546386718750e+02
-5.581890487670898438e+01
1.843240203857421875e+02
2.460129737854003906e+01
1.214303874969482422e+01
-1.608979492187500000e+02
-8.155719604492187500e+02
-2.815303039550781250e+01
1.368503723144531250e+02
2.948441123962402344e+01
2.537999916076660156e+01
-2.063196716308593750e+02
-8.704389038085937500e+02
4.573092460632324219e+00
7.283518981933593750e+01
3.267006683349609375e+01
3.271148300170898438e+01
-1.902932281494140625e+02
-6.320158691406250000e+02
2.748818778991699219e+01
1.137025375366210938e+02
3.271724319458007812e+01
2.154570770263671875e+01
-6.927947998046875000e+01
-2.058901824951171875e+02
1.876958847045898438e+01
8.490649223327636719e+00
1.422682952880859375e+01
4.266183376312255859e+00
4.334433364868164062e+01
3.085655021667480469e+01
3.138373374938964844e+01
2.218733673095703125e+02
3.629974842071533203e+00
-2.164524555206298828e+00
1.679875946044921875e+02
6.809976196289062500e+02
1.148636722564697266e+01
4.580341339111328125e+01
-2.756360816955566406e+01
-2.565654563903808594e+01
2.074313049316406250e+02
9.620087890625000000e+02
1.236768436431884766e+01
-1.312522277832031250e+02
-4.408106231689453125e+01
-4.875399398803710938e+01
1.796273345947265625e+02
9.524888305664062500e+02
4.628054428100585938e+01
-2.280056610107421875e+02
-5.202085876464843750e+01
-4.915611267089843750e+01
1.327967529296875000e+02
4.693391418457031250e+02
5.324388885498046875e+01
-2.430154876708984375e+02
-6.083037948608398438e+01
-4.406583404541015625e+01
7.922212982177734375e+01
1.422463378906250000e+02
1.218823013305664062e+02
-2.252827911376953125e+02
-5.609895706176757812e+01
-3.157843971252441406e+01
4.393510437011718750e+01
4.958160781860351562e+01
3.082246398925781250e+02
-2.897011108398437500e+02
-3.518115615844726562e+01
-2.766224479675292969e+01
1.405981254577636719e+01
1.406463050842285156e+01
5.649297485351562500e+02
-4.379820556640625000e+02
-9.499977111816406250e+00
-9.510122299194335938e+00
2.923858119174838066e-04
3.289409505669027567e-04
1.247246004641056061e-02
4.229889251291751862e-03
-8.661652100272476673e-04
-3.713139565661549568e-03
-1.828589439392089844e+01
-3.872050094604492188e+01
-4.159606628417968750e+02
3.729581298828125000e+02
7.170177459716796875e+00
5.843255043029785156e+00
-5.732329177856445312e+01
-1.935744934082031250e+02
-1.274857406616210938e+02
2.702551269531250000e+02
2.940251922607421875e+01
7.814895629882812500e+00
-1.085623550415039062e+02
-5.868467407226562500e+02
-5.940882492065429688e+01
2.361134338378906250e+02
3.568056488037109375e+01
2.411125564575195312e+01
-1.474502563476562500e+02
-1.047665161132812500e+03
-1.071518802642822266e+01
1.052368392944335938e+02
3.641889953613281250e+01
3.782440185546875000e+01
-1.714993133544921875e+02
-8.635697631835937500e+02
-2.664199173450469971e-01
5.685130691528320312e+01
3.496971893310546875e+01
3.810356140136718750e+01
-9.278373718261718750e+01
-5.942078857421875000e+02
2.756150436401367188e+01
4.607637023925781250e+01
2.155233955383300781e+01
3.051564979553222656e+01
-7.421860504150390625e+01
-2.125485382080078125e+02
1.892047691345214844e+01
1.679609680175781250e+01
1.460038566589355469e+01
3.546195030212402344e+00
2.132894744873046875e+02
3.173397827148437500e+02
6.753129959106445312e+00
-1.483921966552734375e+02
-1.362108039855957031e+01
-1.386580181121826172e+01
3.680445556640625000e+02
6.999639282226562500e+02
3.088318252563476562e+01
-2.456113433837890625e+02
-3.353887939453125000e+01
-3.515975952148437500e+01
3.311198120117187500e+02
8.660130004882812500e+02
4.727001190185546875e+01
-2.480790100097656250e+02
-4.603702545166015625e+01
-5.274373626708984375e+01
2.667240600585937500e+02
5.284594726562500000e+02
7.243897247314453125e+01
-2.243584289550781250e+02
-5.844198608398437500e+01
-5.248674011230468750e+01
1.771151123046875000e+02
1.934676055908203125e+02
1.147712478637695312e+02
-2.017429351806640625e+02
-6.065026473999023438e+01
-5.219083404541015625e+01
1.088279800415039062e+02
5.979745101928710938e+01
1.507769317626953125e+02
-1.788482360839843750e+02
-5.894520187377929688e+01
-5.415576934814453125e+01
4.371590042114257812e+01
4.860060501098632812e+01
3.050421752929687500e+02
-2.888443603515625000e+02
-3.454942703247070312e+01
-2.646143913269042969e+01
4.965931701660156250e+01
2.538380324840545654e-01
5.118367919921875000e+02
-4.052622985839843750e+02
-9.960413932800292969e+00
-1.733491134643554688e+01
4.936590790748596191e-01
8.895305991172790527e-01
-1.447943210601806641e+00
6.520637035369873047e+00
8.316427469253540039e-02
-3.584190905094146729e-01
-4.018497848510742188e+01
-8.516287231445312500e+01
-1.776393737792968750e+02
2.200233154296875000e+02
1.273561859130859375e+01
1.024971723556518555e+00
-1.003117294311523438e+02
-4.291364135742187500e+02
-5.615773773193359375e+01
1.848681945800781250e+02
2.461144065856933594e+01
1.191630172729492188e+01
-1.591906280517578125e+02
-8.165405883789062500e+02
-2.810017204284667969e+01
1.378365173339843750e+02
2.890515518188476562e+01
2.500106811523437500e+01
-2.036504974365234375e+02
-8.659433593750000000e+02
5.109547615051269531e+00
7.550251007080078125e+01
3.215107345581054688e+01
3.178408622741699219e+01
-1.890969543457031250e+02
-6.311101074218750000e+02
2.841087532043457031e+01
1.157699737548828125e+02
3.244280624389648438e+01
2.167364120483398438e+01
-1.198610763549804688e+02
-2.566262512207031250e+02
1.691536140441894531e+01
-1.322680511474609375e+02
1.890768051147460938e+01
4.793005466461181641e+00
2.206045722961425781e+01
1.724613037109375000e+02
3.456850433349609375e+01
-2.607892150878906250e+02
6.441429257392883301e-01
-1.180896377563476562e+01
3.631177062988281250e+02
4.642960205078125000e+02
7.316812133789062500e+01
-2.711598510742187500e+02
-2.206058120727539062e+01
-2.702264213562011719e+01
5.856887207031250000e+02
5.429873046875000000e+02
1.144940490722656250e+02
-2.494291839599609375e+02
-3.520529556274414062e+01
-4.332272720336914062e+01
5.711128540039062500e+02
4.023047485351562500e+02
1.273611068725585938e+02
-2.396450653076171875e+02
-4.345439910888671875e+01
-5.377739334106445312e+01
4.234131774902343750e+02
2.156687316894531250e+02
9.057243347167968750e+01
-2.238480072021484375e+02
-5.196887969970703125e+01
-5.199556350708007812e+01
1.750654449462890625e+02
1.917921142578125000e+02
1.117162094116210938e+02
-2.026364288330078125e+02
-6.089448165893554688e+01
-5.320239257812500000e+01
8.093804931640625000e+01
1.427907562255859375e+02
1.209030914306640625e+02
-2.230171661376953125e+02
-5.759605026245117188e+01
-3.408500671386718750e+01
7.437015533447265625e+01
6.772191619873046875e+01
2.167028045654296875e+02
-2.413211364746093750e+02
-2.774063110351562500e+01
-1.917157363891601562e+01
1.545777740478515625e+02
-7.412686920166015625e+01
2.968966064453125000e+02
-2.922153625488281250e+02
-6.999352931976318359e+00
-1.226533794403076172e+01
3.441779017448425293e-01
5.984932184219360352e-01
2.808952331542968750e+00
-6.774831414222717285e-01
1.108866259455680847e-01
3.468129336833953857e-01
-1.097142105102539062e+02
-1.260137786865234375e+02
-3.734649276733398438e+01
7.931106567382812500e+01
1.000560379028320312e+01
3.072066783905029297e+00
-2.086206970214843750e+02
-4.011138610839843750e+02
-1.668979644775390625e+01
9.052136993408203125e+01
1.720096397399902344e+01
1.122691440582275391e+01
-2.757072753906250000e+02
-5.834966430664062500e+02
-3.807990312576293945e+00
5.577225494384765625e+01
2.795055580139160156e+01
1.669937133789062500e+01
-2.385045166015625000e+02
-5.014956359863281250e+02
1.197018146514892578e+01
3.165801811218261719e+01
2.810255241394042969e+01
1.581474876403808594e+01
-1.057817611694335938e+02
-7.336867523193359375e+01
2.948084831237792969e+01
-1.998461456298828125e+02
1.916444778442382812e+01
7.180871963500976562e+00
-1.297219181060791016e+01
1.451531982421875000e+02
5.857090759277343750e+01
-2.663693542480468750e+02
3.773870468139648438e+00
-5.332711696624755859e+00
8.122418212890625000e+01
4.105153808593750000e+02
1.246248779296875000e+02
-2.667747802734375000e+02
-1.232224750518798828e+01
-1.999349021911621094e+01
4.696595458984375000e+02
5.153494262695312500e+02
1.380691223144531250e+02
-2.605479431152343750e+02
-2.577063369750976562e+01
-3.356914901733398438e+01
6.671915893554687500e+02
4.436635437011718750e+02
1.624790344238281250e+02
-2.523750762939453125e+02
-3.580450820922851562e+01
-4.583584594726562500e+01
5.731722412109375000e+02
3.984241943359375000e+02
1.253518066406250000e+02
-2.411315917968750000e+02
-4.375204849243164062e+01
-5.517985534667968750e+01
2.662322692871093750e+02
5.291073608398437500e+02
7.337503814697265625e+01
-2.290397491455078125e+02
-5.695467758178710938e+01
-5.357628250122070312e+01
1.341139526367187500e+02
4.663990783691406250e+02
5.160492324829101562e+01
-2.328910827636718750e+02
-6.015010452270507812e+01
-4.489788055419921875e+01
1.302295379638671875e+02
2.851564331054687500e+02
7.478003692626953125e+01
-2.492704772949218750e+02
-4.067708206176757812e+01
-2.469751930236816406e+01
1.945207824707031250e+02
7.722695159912109375e+01
1.063519897460937500e+02
-2.128610382080078125e+02
-1.977677726745605469e+01
-1.480439949035644531e+01
3.511658020019531250e+02
-2.283819885253906250e+02
1.244322357177734375e+02
-1.130910034179687500e+02
-7.813901901245117188e+00
1.069947123527526855e+00
4.130848646163940430e-01
7.242003828287124634e-02
9.216571450233459473e-01
1.710426568984985352e+00
-1.098924651741981506e-01
-4.363971650600433350e-01
-2.424221038818359375e+02
9.564079284667968750e+01
8.802265167236328125e+00
2.585625648498535156e+01
7.477280616760253906e+00
8.600533485412597656e+00
-3.284530029296875000e+02
1.150136947631835938e+01
-3.197000503540039062e+00
-1.078142452239990234e+01
2.072056770324707031e+01
1.197390651702880859e+01
-2.702014160156250000e+02
-9.193156433105468750e+01
9.442383766174316406e+00
-6.633027648925781250e+01
2.349180412292480469e+01
1.323656940460205078e+01
-9.344891357421875000e+01
2.692376098632812500e+02
2.483524322509765625e+00
-1.938370361328125000e+02
1.587461757659912109e+01
8.365118980407714844e+00
2.906600761413574219e+01
2.979418945312500000e+02
3.155160713195800781e+01
-2.478169403076171875e+02
6.357225894927978516e+00
2.930559217929840088e-01
-4.762225627899169922e+00
4.675170288085937500e+02
9.478813171386718750e+01
-2.694615173339843750e+02
-6.246234416961669922e+00
-9.760272979736328125e+00
1.110137481689453125e+02
5.528946533203125000e+02
1.098365783691406250e+02
-2.702746887207031250e+02
-1.770271873474121094e+01
-2.243659782409667969e+01
4.769242553710937500e+02
5.091884155273437500e+02
1.414328460693359375e+02
-2.652707214355468750e+02
-2.608313560485839844e+01
-3.387915420532226562e+01
5.889372558593750000e+02
5.557825927734375000e+02
1.158510971069335938e+02
-2.521317901611328125e+02
-3.492982864379882812e+01
-4.294313049316406250e+01
3.321444091796875000e+02
8.731292114257812500e+02
4.665203857421875000e+01
-2.447344665527343750e+02
-4.567618179321289062e+01
-5.259656906127929688e+01
1.832356414794921875e+02
9.491357421875000000e+02
4.836220550537109375e+01
-2.217118225097656250e+02
-5.192827224731445312e+01
-5.107672119140625000e+01
1.990386657714843750e+02
7.204691162109375000e+02
1.177432060241699219e+01
-1.981519927978515625e+02
-4.334843444824218750e+01
-3.822426223754882812e+01
2.834135437011718750e+02
3.828824157714843750e+02
4.249964141845703125e+01
-1.659768371582031250e+02
-2.925249481201171875e+01
-2.370402908325195312e+01
4.022170715332031250e+02
-8.592876434326171875e+01
3.982863998413085938e+01
-5.385388565063476562e+01
-1.640219497680664062e+01
-1.071911144256591797e+01
5.052004394531250000e+02
-5.308542480468750000e+02
8.539679718017578125e+01
-1.334589080810546875e+02
-5.392623901367187500e+00
-1.381365871429443359e+01
-4.807584583759307861e-01
3.960512205958366394e-02
2.378765940666198730e-01
3.848631143569946289e+00
-1.927830576896667480e-01
-1.127857938408851624e-01
-3.504854125976562500e+02
3.654039001464843750e+02
-9.081760406494140625e+00
-5.113098144531250000e+01
7.123429298400878906e+00
1.523296451568603516e+01
-2.635092163085937500e+02
3.194208984375000000e+02
-7.179498672485351562e+00
-9.383666992187500000e+01
1.838316345214843750e+01
1.215190696716308594e+01
-4.550295257568359375e+01
3.380021362304687500e+02
-2.985321998596191406e+01
-1.673706817626953125e+02
1.669828796386718750e+01
9.575557708740234375e+00
9.011129760742187500e+01
3.591300354003906250e+02
-4.069539260864257812e+01
-2.288122711181640625e+02
8.296928405761718750e+00
1.012223052978515625e+01
3.564525985717773438e+01
4.536572265625000000e+02
2.340143013000488281e+01
-2.596240234375000000e+02
-2.925327301025390625e+00
2.847419023513793945e+00
-3.018396854400634766e+00
4.645298767089843750e+02
9.409288787841796875e+01
-2.717546691894531250e+02
-6.357908248901367188e+00
-1.015097427368164062e+01
8.467565155029296875e+01
4.236144104003906250e+02
1.245963897705078125e+02
-2.711741943359375000e+02
-1.194475364685058594e+01
-2.055787658691406250e+01
3.660227661132812500e+02
4.515597229003906250e+02
7.381799316406250000e+01
-2.668262634277343750e+02
-2.182628059387207031e+01
-2.677520179748535156e+01
3.709195861816406250e+02
7.136586914062500000e+02
3.110528182983398438e+01
-2.330204925537109375e+02
-3.378190231323242188e+01
-3.520149230957031250e+01
2.108779754638671875e+02
9.448150024414062500e+02
1.353336334228515625e+01
-1.315462341308593750e+02
-4.511711120605468750e+01
-4.843077850341796875e+01
2.530664672851562500e+02
9.542498779296875000e+02
1.159906101226806641e+01
-2.519226264953613281e+01
-3.944401931762695312e+01
-4.471254730224609375e+01
3.558706970214843750e+02
6.395800781250000000e+02
2.865315198898315430e+00
-9.712133026123046875e+01
-3.455213165283203125e+01
-3.135710144042968750e+01
4.286628417968750000e+02
1.291498718261718750e+02
2.705857658386230469e+01
1.892090606689453125e+01
-2.669116401672363281e+01
-1.647099876403808594e+01
4.865711975097656250e+02
-4.247734680175781250e+02
3.431957244873046875e+01
6.226774215698242188e+01
-1.766261291503906250e+01
-1.652785682678222656e+01
4.730129699707031250e+02
-5.196050415039062500e+02
1.308662872314453125e+02
-9.587648773193359375e+01
-3.355341911315917969e+00
-2.071318817138671875e+01
-2.178781270980834961e+00
-2.723793387413024902e-01
2.699675798416137695e+00
1.892048001289367676e+00
-4.735077619552612305e-01
1.751377806067466736e-02
-2.390541992187500000e+02
3.651137390136718750e+02
-2.027104759216308594e+01
-9.286987304687500000e+01
4.169781684875488281e+00
1.236267280578613281e+01
-1.661647796630859375e+01
2.072943420410156250e+02
-2.969446945190429688e+01
-1.213233795166015625e+02
8.264886856079101562e+00
2.118665122985839844e+01
1.153560333251953125e+02
2.504794616699218750e+02
-4.899090576171875000e+01
-1.977269287109375000e+02
1.124839496612548828e+01
2.583901786804199219e+01
9.035329437255859375e+01
3.582537231445312500e+02
-3.918492889404296875e+01
-2.331798553466796875e+02
7.621700763702392578e+00
9.606329917907714844e+00
3.141247558593750000e+01
2.963620605468750000e+02
3.376545333862304688e+01
-2.552446289062500000e+02
6.931855201721191406e+00
-1.762232780456542969e-01
-1.323684501647949219e+01
1.478957061767578125e+02
6.028896713256835938e+01
-2.647993774414062500e+02
5.005532264709472656e+00
-5.740345478057861328e+00
2.085020446777343750e+01
1.733912353515625000e+02
3.593967437744140625e+01
-2.469822540283203125e+02
-1.297078877687454224e-01
-1.187901878356933594e+01
2.178555603027343750e+02
3.252202758789062500e+02
4.873602390289306641e+00
-1.507027282714843750e+02
-1.382865905761718750e+01
-1.402599906921386719e+01
1.690008544921875000e+02
6.743878173828125000e+02
9.374806404113769531e+00
3.709497833251953125e+01
-2.709212303161621094e+01
-2.613648796081542969e+01
2.586254882812500000e+02
6.859892578125000000e+02
1.024847126007080078e+01
6.556304931640625000e+01
-3.498124313354492188e+01
-3.611287307739257812e+01
3.243144226074218750e+02
6.033230590820312500e+02
3.337206363677978516e+00
-3.696402359008789062e+01
-3.422265243530273438e+01
-2.442065429687500000e+01
3.419532470703125000e+02
2.924311828613281250e+02
1.116506481170654297e+01
4.039619064331054688e+01
-3.292753219604492188e+01
-1.610800361633300781e+01
3.280333862304687500e+02
-2.483369750976562500e+02
1.541703987121582031e+01
9.648506164550781250e+01
-2.598642349243164062e+01
-1.527449321746826172e+01
2.992484436035156250e+02
-4.758542480468750000e+02
5.766250991821289062e+01
1.146621398925781250e+02
-1.763095855712890625e+01
-2.548881149291992188e+01
2.649175109863281250e+02
-4.234802551269531250e+02
1.611705474853515625e+02
-2.991075706481933594e+01
-4.735501289367675781e+00
-3.069997787475585938e+01
-4.138478934764862061e-01
9.674423933029174805e-01
-1.779814362525939941e+00
-6.465655326843261719e+00
-1.534716486930847168e+00
-1.112532466650009155e-01
-5.424888134002685547e-01
-2.193007946014404297e+00
2.961889505386352539e+00
-2.404449939727783203e+00
1.728779822587966919e-01
2.307466864585876465e-01
-1.554084968566894531e+01
2.065312805175781250e+02
-2.977626991271972656e+01
-1.189697189331054688e+02
1.051616573333740234e+01
2.049356460571289062e+01
-4.592399215698242188e+01
3.390219421386718750e+02
-2.978881072998046875e+01
-1.662432556152343750e+02
1.611996650695800781e+01
8.899065017700195312e+00
-9.355036163330078125e+01
2.694135742187500000e+02
4.374968051910400391e+00
-1.874423065185546875e+02
1.737946701049804688e+01
8.887374877929687500e+00
-1.087478942871093750e+02
-7.031549835205078125e+01
3.047933387756347656e+01
-1.886142272949218750e+02
1.887074851989746094e+01
7.473109722137451172e+00
-1.168925552368164062e+02
-2.612207031250000000e+02
1.513711261749267578e+01
-1.333267364501953125e+02
1.904867172241210938e+01
4.958715438842773438e+00
-7.218746948242187500e+01
-2.099798583984375000e+02
1.709137535095214844e+01
8.054574012756347656e+00
1.429299926757812500e+01
3.810066699981689453e+00
4.173892974853515625e+01
3.066589736938476562e+01
2.812620353698730469e+01
2.394197998046875000e+02
3.644046306610107422e+00
-2.231267929077148438e+00
1.280269165039062500e+02
2.650745239257812500e+02
1.457166385650634766e+01
-3.418385028839111328e+00
-1.615075302124023438e+01
-1.156711101531982422e+01
1.670466003417968750e+02
3.469780273437500000e+02
-1.969239616394042969e+01
2.052113914489746094e+01
-2.581517791748046875e+01
-1.056680011749267578e+01
1.491092376708984375e+02
2.904228820800781250e+02
-1.311764526367187500e+01
4.777598571777343750e+01
-2.635931396484375000e+01
-8.236763000488281250e+00
1.257079925537109375e+02
-7.864962768554687500e+01
9.189040184020996094e+00
1.417037353515625000e+02
-2.575331497192382812e+01
-1.088658428192138672e+01
7.273992156982421875e+01
-3.971080932617187500e+02
3.523770523071289062e+01
1.861637573242187500e+02
-2.276104354858398438e+01
-1.476567935943603516e+01
3.840886306762695312e+01
-3.840641784667968750e+02
8.630924224853515625e+01
1.853668975830078125e+02
-1.638778305053710938e+01
-1.769295501708984375e+01
9.523984909057617188e+00
-2.122198944091796875e+02
1.340430908203125000e+02
5.596353530883789062e+01
-8.765515327453613281e+00
-1.575142288208007812e+01
1.069688892364501953e+01
-2.096904144287109375e+02
1.344299316406250000e+02
5.573794555664062500e+01
-8.161278724670410156e+00
-1.328668594360351562e+01
4.484024345874786377e-01
1.679127812385559082e+00
1.471871256828308105e+00
-8.724910736083984375e+00
-1.771884441375732422e+00
-1.622335314750671387e+00
-2.387700042724609375e+02
3.651862487792968750e+02
-2.172551727294921875e+01
-9.626247406005859375e+01
3.812869071960449219e+00
1.224587154388427734e+01
-2.636149597167968750e+02
3.193905334472656250e+02
-9.180433273315429688e+00
-9.754413604736328125e+01
1.894401359558105469e+01
1.239273548126220703e+01
-2.721314697265625000e+02
-9.090956878662109375e+01
1.151715183258056641e+01
-6.508524322509765625e+01
2.481588363647460938e+01
1.406933879852294922e+01
-2.409850311279296875e+02
-4.973190002441406250e+02
1.153681468963623047e+01
2.874450492858886719e+01
2.781732940673828125e+01
1.602319335937500000e+01
-1.872734222412109375e+02
-6.354785766601562500e+02
2.677023124694824219e+01
1.038451995849609375e+02
3.208887863159179688e+01
2.201672744750976562e+01
-9.230580139160156250e+01
-6.043018188476562500e+02
2.773790168762207031e+01
1.969095230102539062e+01
2.149498748779296875e+01
3.011574554443359375e+01
-1.280595703125000000e+02
-2.651274108886718750e+02
-1.456116580963134766e+01
3.403645753860473633e+00
1.615573310852050781e+01
1.156474590301513672e+01
-1.283529949188232422e+01
-5.478100967407226562e+01
-2.180884170532226562e+01
-6.301240539550781250e+01
-2.717232227325439453e+00
6.719367027282714844e+00
1.753667473793029785e+00
2.843354034423828125e+01
-1.554782676696777344e+01
4.442977523803710938e+01
-1.189593219757080078e+01
4.156331539154052734e+00
-4.023212432861328125e+01
-1.233572998046875000e+02
-2.806965351104736328e+00
1.856919097900390625e+02
-1.638681030273437500e+01
-2.615796566009521484e+00
-1.004022903442382812e+02
-3.611560058593750000e+02
2.741718673706054688e+01
2.423786468505859375e+02
-2.127727699279785156e+01
-9.897583961486816406e+00
-1.559516296386718750e+02
-3.625351867675781250e+02
4.972294235229492188e+01
2.537163085937500000e+02
-2.039401817321777344e+01
-6.984316825866699219e+00
-1.728993988037109375e+02
-2.274118652343750000e+02
1.072075119018554688e+02
2.238757781982421875e+02
-1.652699661254882812e+01
-1.603728866577148438e+01
3.719744873046875000e+01
-3.816794738769531250e+02
8.696126556396484375e+01
1.916847381591796875e+02
-1.385422801971435547e+01
-1.911343574523925781e+01
2.643718872070312500e+02
-4.205301208496093750e+02
1.630280914306640625e+02
-3.305634689331054688e+01
-5.311980247497558594e+00
-3.279555130004882812e+01
1.037987589836120605e+00
1.254865169525146484e+00
3.104427337646484375e+00
1.131312489509582520e+00
5.418953299522399902e-01
4.963812828063964844e-01
-3.483822326660156250e+02
3.622049865722656250e+02
-8.817543983459472656e+00
-5.753322982788085938e+01
5.386862754821777344e+00
1.626605606079101562e+01
-3.296744079589843750e+02
8.838024139404296875e+00
-4.300660133361816406e+00
-1.143508338928222656e+01
2.093369483947753906e+01
1.347158145904541016e+01
-2.773908691406250000e+02
-5.866268310546875000e+02
-3.870544672012329102e+00
4.597217559814453125e+01
2.774882888793945312e+01
1.740483474731445312e+01
-2.114439544677734375e+02
-8.569048461914062500e+02
6.224804401397705078e+00
6.007778549194335938e+01
3.169063949584960938e+01
3.211592864990234375e+01
-1.742165832519531250e+02
-8.444841308593750000e+02
1.335332751274108887e+00
6.787621307373046875e+01
3.491292190551757812e+01
3.882596588134765625e+01
-2.585813598632812500e+02
-6.860239868164062500e+02
-1.024667072296142578e+01
-6.557006835937500000e+01
3.498271179199218750e+01
3.610623931884765625e+01
-2.366132659912109375e+02
-4.072333984375000000e+02
-1.756379890441894531e+01
1.334822654724121094e+01
1.904862594604492188e+01
2.711530494689941406e+01
-4.899137878417968750e+01
-3.246860656738281250e+02
-1.011970710754394531e+01
1.773409271240234375e+02
7.000524997711181641e+00
1.775922584533691406e+01
-4.125075340270996094e+00
-3.861518859863281250e+02
-2.266894912719726562e+01
2.551284484863281250e+02
-8.238489031791687012e-01
8.710704803466796875e+00
-6.314384841918945312e+01
-4.821643066406250000e+02
-6.316462159156799316e-01
2.682217102050781250e+02
-7.012383937835693359e+00
-9.368677735328674316e-01
-1.426687774658203125e+02
-4.494885559082031250e+02
3.768425750732421875e+01
2.675838623046875000e+02
-1.109521102905273438e+01
-4.928537368774414062e+00
-1.584505920410156250e+02
-3.638244934082031250e+02
4.888936233520507812e+01
2.537731933593750000e+02
-1.900062179565429688e+01
-7.212056636810302734e+00
7.603615570068359375e+01
-3.978198547363281250e+02
3.502935409545898438e+01
1.950571441650390625e+02
-2.221157836914062500e+01
-1.424574089050292969e+01
3.011011657714843750e+02
-4.726748352050781250e+02
5.610231399536132812e+01
1.142968292236328125e+02
-1.645567893981933594e+01
-2.420028877258300781e+01
4.776939392089843750e+02
-5.138543701171875000e+02
1.312779235839843750e+02
-9.869402313232421875e+01
-5.997211933135986328e+00
-2.032330703735351562e+01
2.692862153053283691e-01
-1.401420116424560547e+00
7.131486386060714722e-02
3.255817413330078125e+00
-2.332858294248580933e-01
8.524871468544006348e-01
-2.427593078613281250e+02
9.347701263427734375e+01
6.154080390930175781e+00
2.716467857360839844e+01
6.766915798187255859e+00
8.923505783081054688e+00
-2.098000488281250000e+02
-4.032586364746093750e+02
-1.634300231933593750e+01
1.006450653076171875e+02
1.786664009094238281e+01
1.065931129455566406e+01
-1.589905548095703125e+02
-8.120566406250000000e+02
-2.719924926757812500e+01
1.378343048095703125e+02
2.922833442687988281e+01
2.494628906250000000e+01
-1.488297882080078125e+02
-1.051275024414062500e+03
-9.307865142822265625e+00
1.160986099243164062e+02
3.624676895141601562e+01
3.831481170654296875e+01
-2.529483184814453125e+02
-9.542882080078125000e+02
-1.159765243530273438e+01
2.519149017333984375e+01
3.944444656372070312e+01
4.471129608154296875e+01
-4.120614013671875000e+02
-6.008560791015625000e+02
-2.174160957336425781e+01
1.625962982177734375e+02
3.557191085815429688e+01
4.113077545166015625e+01
-2.902621765136718750e+02
-5.099101257324218750e+02
-3.379079437255859375e+01
2.552422637939453125e+02
1.933222770690917969e+01
3.048150253295898438e+01
-4.948119735717773438e+01
-5.572124633789062500e+02
-6.994915771484375000e+01
2.913781433105468750e+02
9.520969390869140625e+00
2.069212722778320312e+01
4.343316268920898438e+01
-6.078471679687500000e+02
-5.505898284912109375e+01
2.925140991210937500e+02
2.228474617004394531e+00
1.156144714355468750e+01
-6.304531097412109375e+01
-4.848717041015625000e+02
1.283569782972335815e-01
2.666569519042968750e+02
-5.925983428955078125e+00
-6.488910913467407227e-01
-9.905213165283203125e+01
-3.631930847167968750e+02
2.451698875427246094e+01
2.345347290039062500e+02
-2.086795425415039062e+01
-9.709787368774414062e+00
1.240609359741210938e+02
-7.516443634033203125e+01
8.378671646118164062e+00
1.390482635498046875e+02
-2.568055343627929688e+01
-1.057405471801757812e+01
3.262830505371093750e+02
-2.476109008789062500e+02
1.451461315155029297e+01
1.000515594482421875e+02
-2.523136329650878906e+01
-1.351582527160644531e+01
4.856159362792968750e+02
-4.209634399414062500e+02
3.691151809692382812e+01
5.910140228271484375e+01
-1.760842895507812500e+01
-1.636831283569335938e+01
5.067967529296875000e+02
-5.306354370117187500e+02
8.397936248779296875e+01
-1.319345550537109375e+02
-4.264036178588867188e+00
-1.236549949645996094e+01
5.402932167053222656e-01
-6.927185058593750000e-01
1.453677862882614136e-01
-1.007272243499755859e+00
-5.443250760436058044e-02
2.577317953109741211e-01
-1.106484375000000000e+02
-1.292217864990234375e+02
-3.840888214111328125e+01
7.410593414306640625e+01
8.967650413513183594e+00
1.203323721885681152e+00
-9.850399780273437500e+01
-4.312103271484375000e+02
-5.610951614379882812e+01
1.852445220947265625e+02
2.373497772216796875e+01
1.065040969848632812e+01
-1.072713775634765625e+02
-5.972606201171875000e+02
-5.874249267578125000e+01
2.281024169921875000e+02
3.492195892333984375e+01
2.388385772705078125e+01
-1.990278625488281250e+02
-7.204929199218750000e+02
-1.177453899383544922e+01
1.981458129882812500e+02
4.334870147705078125e+01
3.822286605834960938e+01
-4.436473083496093750e+02
-5.571460571289062500e+02
-3.460382461547851562e+01
2.414676513671875000e+02
4.072090148925781250e+01
4.308292388916015625e+01
-5.695560302734375000e+02
-4.646837158203125000e+02
-4.655587768554687500e+01
2.841254272460937500e+02
3.289987564086914062e+01
4.177435302734375000e+01
-3.322996520996093750e+02
-5.431882324218750000e+02
-8.371887969970703125e+01
2.975079345703125000e+02
1.927219581604003906e+01
3.234106063842773438e+01
-5.157120132446289062e+01
-5.604054565429687500e+02
-6.897237396240234375e+01
2.916386108398437500e+02
8.990940093994140625e+00
2.087825393676757812e+01
-3.444408893585205078e+00
-3.859429016113281250e+02
-2.373961448669433594e+01
2.478998107910156250e+02
-1.384196877479553223e+00
8.874181747436523438e+00
-4.035270309448242188e+01
-1.226636352539062500e+02
-2.066003561019897461e+00
1.848981170654296875e+02
-1.519656562805175781e+01
-2.219033002853393555e+00
1.490296478271484375e+02
2.933660888671875000e+02
-1.430487442016601562e+01
3.730873107910156250e+01
-2.664446067810058594e+01
-8.303526878356933594e+00
3.433907775878906250e+02
2.929521789550781250e+02
1.027804470062255859e+01
3.919123077392578125e+01
-3.240549850463867188e+01
-1.590063476562500000e+01
4.280413818359375000e+02
1.283721313476562500e+02
2.773670768737792969e+01
8.917019844055175781e+00
-2.699959754943847656e+01
-1.733027839660644531e+01
4.046408386230468750e+02
-8.431567382812500000e+01
3.761588287353515625e+01
-5.132748031616210938e+01
-1.607705307006835938e+01
-1.105440616607666016e+01
3.503565979003906250e+02
-2.288473052978515625e+02
1.251953735351562500e+02
-1.217022323608398438e+02
-8.167920112609863281e+00
5.404673814773559570e-01
7.351671457290649414e-01
-3.248439431190490723e-01
-9.119396209716796875e-01
2.862009286880493164e+00
-8.527327179908752441e-01
-1.733421206474304199e+00
-4.024805450439453125e+01
-8.657530212402343750e+01
-1.812079010009765625e+02
2.152496643066406250e+02
1.261873626708984375e+01
-1.057243704795837402e+00
-5.862883377075195312e+01
-1.947047729492187500e+02
-1.245575408935546875e+02
2.594309997558593750e+02
2.862718772888183594e+01
7.347802639007568359e+00
-1.302312164306640625e+02
-2.851612548828125000e+02
-7.477580261230468750e+01
2.492646789550781250e+02
4.067652893066406250e+01
2.469739151000976562e+01
-3.565017395019531250e+02
-2.538008575439453125e+02
-4.464914703369140625e+01
2.442831268310546875e+02
4.175869750976562500e+01
4.165085601806640625e+01
-5.806979370117187500e+02
-2.996645507812500000e+02
-4.629677581787109375e+01
2.672640686035156250e+02
3.876161193847656250e+01
4.402154159545898438e+01
-5.684345703125000000e+02
-4.665494079589843750e+02
-4.825642013549804688e+01
2.854220275878906250e+02
3.154490470886230469e+01
4.133539581298828125e+01
-2.875582580566406250e+02
-5.085269165039062500e+02
-3.094705772399902344e+01
2.529516754150390625e+02
1.941786575317382812e+01
3.048363494873046875e+01
-4.615459442138671875e+01
-3.339219665527343750e+02
-1.236994075775146484e+01
1.752566223144531250e+02
7.148305892944335938e+00
1.782000350952148438e+01
4.098539829254150391e+00
3.162197685241699219e+01
-1.523053836822509766e+01
4.515323257446289062e+01
-1.243443298339843750e+01
4.042304515838623047e+00
1.655959014892578125e+02
3.536266479492187500e+02
-1.859790420532226562e+01
4.001225471496582031e+00
-2.549711418151855469e+01
-1.014289188385009766e+01
3.201625976562500000e+02
6.109382324218750000e+02
3.297953367233276367e+00
-2.337826728820800781e+01
-3.398721694946289062e+01
-2.432038688659667969e+01
3.535211486816406250e+02
6.458018188476562500e+02
2.589294910430908203e+00
-8.260626220703125000e+01
-3.432250976562500000e+01
-3.154111671447753906e+01
2.829115600585937500e+02
3.847729797363281250e+02
4.418038940429687500e+01
-1.738424377441406250e+02
-2.981196784973144531e+01
-2.453007316589355469e+01
1.957492218017578125e+02
7.803192901611328125e+01
1.051434936523437500e+02
-2.198594207763671875e+02
-1.984133720397949219e+01
-1.417534828186035156e+01
1.506532897949218750e+02
-7.581422424316406250e+01
2.948066711425781250e+02
-2.916157531738281250e+02
-7.394039630889892578e+00
-1.286320686340332031e+01
3.049751222133636475e-01
-1.592447757720947266e+00
-7.643530368804931641e-01
-3.293528318405151367e+00
-2.362732887268066406e-01
-7.678413391113281250e-01
-2.006760787963867188e+01
-3.968704223632812500e+01
-4.216733093261718750e+02
3.636914062500000000e+02
8.011248588562011719e+00
6.826924324035644531e+00
-7.437533569335937500e+01
-6.771060180664062500e+01
-2.167176361083984375e+02
2.413306121826171875e+02
2.774524307250976562e+01
1.916887092590332031e+01
-2.489152069091796875e+02
-4.343861770629882812e+01
-8.104677581787109375e+01
2.291123962402343750e+02
3.523340988159179688e+01
3.633033370971679688e+01
-3.576137390136718750e+02
-2.559055938720703125e+02
-4.515340423583984375e+01
2.438917541503906250e+02
4.272853088378906250e+01
4.110557556152343750e+01
-4.446777648925781250e+02
-5.593369750976562500e+02
-3.510877990722656250e+01
2.353153533935546875e+02
4.072988510131835938e+01
4.314847564697265625e+01
-4.110536804199218750e+02
-6.198337402343750000e+02
-2.309567260742187500e+01
1.605474700927734375e+02
3.585207748413085938e+01
4.149118041992187500e+01
-2.370205535888671875e+02
-4.231463928222656250e+02
-1.780114555358886719e+01
6.645934581756591797e+00
1.802333641052246094e+01
2.691802406311035156e+01
-1.149238586425781250e+01
-5.352717590332031250e+01
-2.359274291992187500e+01
-7.961047363281250000e+01
-2.609964370727539062e+00
7.089781761169433594e+00
1.272615814208984375e+02
2.626145324707031250e+02
1.340125370025634766e+01
1.976374816894531250e+01
-1.612430763244628906e+01
-1.212402439117431641e+01
2.574755249023437500e+02
6.797413330078125000e+02
1.313902854919433594e+01
7.413830566406250000e+01
-3.462382125854492188e+01
-3.596739959716796875e+01
2.462918853759765625e+02
9.475972290039062500e+02
1.233889389038085938e+01
-2.221573257446289062e+01
-4.005926513671875000e+01
-4.369446563720703125e+01
2.001227874755859375e+02
7.232349853515625000e+02
1.428365039825439453e+01
-1.985036163330078125e+02
-4.268370819091796875e+01
-3.836516189575195312e+01
1.288872375488281250e+02
2.848665771484375000e+02
7.742667388916015625e+01
-2.343812561035156250e+02
-4.119441223144531250e+01
-2.473632812500000000e+01
7.316572570800781250e+01
6.794714355468750000e+01
2.161966400146484375e+02
-2.318065795898437500e+02
-2.948197746276855469e+01
-1.971046447753906250e+01
4.838866424560546875e+01
9.785884991288185120e-03
5.120394287109375000e+02
-3.944651794433593750e+02
-1.062771320343017578e+01
-1.756144714355468750e+01
-1.294161081314086914e+00
-1.657971143722534180e+00
-7.219236373901367188e+00
-5.454748630523681641e+00
-7.717945426702499390e-02
-1.097455978393554688e+00
-4.965095901489257812e+01
-2.511278688907623291e-01
-5.118637695312500000e+02
4.052206726074218750e+02
9.967403411865234375e+00
1.733136558532714844e+01
-7.180715942382812500e+01
-7.043083953857421875e+01
-2.161442718505859375e+02
2.451865539550781250e+02
2.835120773315429688e+01
1.968184661865234375e+01
-1.290482482910156250e+02
-2.847882690429687500e+02
-7.736596679687500000e+01
2.432912139892578125e+02
4.185858535766601562e+01
2.503961563110351562e+01
-2.007047271728515625e+02
-7.185127563476562500e+02
-1.394702148437500000e+01
1.975762176513671875e+02
4.276268005371093750e+01
3.800734710693359375e+01
-2.506865234375000000e+02
-9.541001586914062500e+02
-1.481571769714355469e+01
2.444909095764160156e+01
3.960928726196289062e+01
4.407186126708984375e+01
-2.523661346435546875e+02
-6.765141601562500000e+02
-1.391703891754150391e+01
-8.133411407470703125e+01
3.557360076904296875e+01
3.667987442016601562e+01
-1.213445053100585938e+02
-2.620059509277343750e+02
-1.344068813323974609e+01
-2.128659629821777344e+01
1.611379432678222656e+01
1.198891925811767578e+01
-4.334433364868164062e+01
-3.085655593872070312e+01
-3.138373374938964844e+01
-2.218733825683593750e+02
-3.629975795745849609e+00
2.164525508880615234e+00
9.278375244140625000e+01
5.942078247070312500e+02
-2.756150436401367188e+01
-4.607637786865234375e+01
-2.155233955383300781e+01
-3.051564979553222656e+01
1.714992828369140625e+02
8.635698852539062500e+02
2.664216160774230957e-01
-5.685131072998046875e+01
-3.496971893310546875e+01
-3.810356140136718750e+01
1.474502410888671875e+02
1.047665161132812500e+03
1.071518898010253906e+01
-1.052368469238281250e+02
-3.641889953613281250e+01
-3.782440185546875000e+01
1.085623550415039062e+02
5.868467407226562500e+02
5.940882492065429688e+01
-2.361134490966796875e+02
-3.568056106567382812e+01
-2.411125755310058594e+01
5.732329177856445312e+01
1.935744934082031250e+02
1.274857406616210938e+02
-2.702551269531250000e+02
-2.940251731872558594e+01
-7.814896106719970703e+00
1.828589439392089844e+01
3.872050094604492188e+01
4.159606628417968750e+02
-3.729581604003906250e+02
-7.170172691345214844e+00
-5.843255996704101562e+00
-2.924989967141300440e-04
-3.288481093477457762e-04
-1.247263606637716293e-02
-4.230237100273370743e-03
8.664358174428343773e-04
3.713169600814580917e-03
-1.405981159210205078e+01
-1.406463050842285156e+01
-5.649297485351562500e+02
4.379820556640625000e+02
9.499983787536621094e+00
9.510116577148437500e+00
-4.393510818481445312e+01
-4.958160400390625000e+01
-3.082246398925781250e+02
2.897010803222656250e+02
3.518115615844726562e+01
2.766224288940429688e+01
-7.922212982177734375e+01
-1.422463226318359375e+02
-1.218823013305664062e+02
2.252828063964843750e+02
5.609895706176757812e+01
3.157843971252441406e+01
-1.327967529296875000e+02
-4.693391418457031250e+02
-5.324388504028320312e+01
2.430154876708984375e+02
6.083038330078125000e+01
4.406583404541015625e+01
-1.796273345947265625e+02
-9.524888305664062500e+02
-4.628054046630859375e+01
2.280056457519531250e+02
5.202085876464843750e+01
4.915611267089843750e+01
-2.074313201904296875e+02
-9.620086669921875000e+02
-1.236768531799316406e+01
1.312522277832031250e+02
4.408106231689453125e+01
4.875399398803710938e+01
-1.679875488281250000e+02
-6.809977416992187500e+02
-1.148636817932128906e+01
-4.580341339111328125e+01
2.756361007690429688e+01
2.565654563903808594e+01
-1.272616577148437500e+02
-2.626144104003906250e+02
-1.340125370025634766e+01
-1.976375770568847656e+01
1.612430763244628906e+01
1.212402534484863281e+01
1.213445434570312500e+02
2.620057983398437500e+02
1.344068908691406250e+01
2.128658676147460938e+01
-1.611379241943359375e+01
-1.198892021179199219e+01
2.523659362792968750e+02
6.765147705078125000e+02
1.391704082489013672e+01
8.133411407470703125e+01
-3.557360076904296875e+01
-3.667987442016601562e+01
2.506864318847656250e+02
9.541001586914062500e+02
1.481572341918945312e+01
-2.444909095764160156e+01
-3.960928726196289062e+01
-4.407186126708984375e+01
2.007046966552734375e+02
7.185127563476562500e+02
1.394702243804931641e+01
-1.975762176513671875e+02
-4.276267623901367188e+01
-3.800734710693359375e+01
1.290482482910156250e+02
2.847882690429687500e+02
7.736596679687500000e+01
-2.432912445068359375e+02
-4.185857772827148438e+01
-2.503961753845214844e+01
7.180715942382812500e+01
7.043083953857421875e+01
2.161442718505859375e+02
-2.451865692138671875e+02
-2.835119819641113281e+01
-1.968184471130371094e+01
4.965095520019531250e+01
2.511298954486846924e-01
5.118638000488281250e+02
-4.052206420898437500e+02
-9.967399597167968750e+00
-1.733135223388671875e+01
1.294160962104797363e+00
1.657971262931823730e+00
7.219237327575683594e+00
5.454747676849365234e+00
7.717961072921752930e-02
1.097455978393554688e+00
-4.838865661621093750e+01
-9.787726216018199921e-03
-5.120394287109375000e+02
3.944651489257812500e+02
1.062771320343017578e+01
1.756143569946289062e+01
-7.316571807861328125e+01
-6.794714355468750000e+01
-2.161966400146484375e+02
2.318065795898437500e+02
2.948197746276855469e+01
1.971046257019042969e+01
-1.288872222900390625e+02
-2.848666076660156250e+02
-7.742667388916015625e+01
2.343812561035156250e+02
4.119440841674804688e+01
2.473632812500000000e+01
-2.001227569580078125e+02
-7.232350463867187500e+02
-1.428365230560302734e+01
1.985036163330078125e+02
4.268370819091796875e+01
3.836516189575195312e+01
-2.462918090820312500e+02
-9.475972290039062500e+02
-1.233889389038085938e+01
2.221572685241699219e+01
4.005926513671875000e+01
4.369446563720703125e+01
-2.574753112792968750e+02
-6.797418823242187500e+02
-1.313902854919433594e+01
-7.413830566406250000e+01
3.462381744384765625e+01
3.596739959716796875e+01
-1.655961456298828125e+02
-3.536262512207031250e+02
1.859790611267089844e+01
-4.001235008239746094e+00
2.549711227416992188e+01
1.014289379119873047e+01
1.149239253997802734e+01
5.352724456787109375e+01
2.359274291992187500e+01
7.961045837402343750e+01
2.609965324401855469e+00
-7.089780807495117188e+00
2.370208740234375000e+02
4.231461486816406250e+02
1.780114364624023438e+01
-6.645933628082275391e+00
-1.802333450317382812e+01
-2.691802406311035156e+01
4.110536804199218750e+02
6.198337402343750000e+02
2.309567260742187500e+01
-1.605474700927734375e+02
-3.585207748413085938e+01
-4.149118041992187500e+01
4.446777343750000000e+02
5.593369750976562500e+02
3.510878372192382812e+01
-2.353153533935546875e+02
-4.072987747192382812e+01
-4.314847564697265625e+01
3.576137390136718750e+02
2.559056091308593750e+02
4.515340423583984375e+01
-2.438917694091796875e+02
-4.272852325439453125e+01
-4.110557937622070312e+01
2.489152069091796875e+02
4.343861770629882812e+01
8.104679107666015625e+01
-2.291124114990234375e+02
-3.523339843750000000e+01
-3.633032989501953125e+01
7.437533569335937500e+01
6.771060180664062500e+01
2.167176361083984375e+02
-2.413306274414062500e+02
-2.774524116516113281e+01
-1.916885948181152344e+01
2.006760787963867188e+01
3.968704223632812500e+01
4.216733093261718750e+02
-3.636914062500000000e+02
-8.011248588562011719e+00
-6.826924324035644531e+00
-3.049721419811248779e-01
1.592450618743896484e+00
7.643387913703918457e-01
3.293544769287109375e+00
2.362669557332992554e-01
7.678371071815490723e-01
-1.506532897949218750e+02
7.581422424316406250e+01
-2.948066711425781250e+02
2.916156311035156250e+02
7.394035339355468750e+00
1.286320114135742188e+01
-1.957492218017578125e+02
-7.803192901611328125e+01
-1.051434860229492188e+02
2.198594207763671875e+02
1.984133338928222656e+01
1.417534732818603516e+01
-2.829115295410156250e+02
-3.847729797363281250e+02
-4.418039321899414062e+01
1.738424377441406250e+02
2.981196784973144531e+01
2.453007125854492188e+01
-3.535210876464843750e+02
-6.458018798828125000e+02
-2.589294433593750000e+00
8.260624694824218750e+01
3.432250976562500000e+01
3.154111480712890625e+01
-3.201625671386718750e+02
-6.109382934570312500e+02
-3.297952890396118164e+00
2.337825584411621094e+01
3.398721694946289062e+01
2.432038688659667969e+01
-1.490297088623046875e+02
-2.933661193847656250e+02
1.430487251281738281e+01
-3.730875015258789062e+01
2.664446067810058594e+01
8.303530693054199219e+00
-4.098616600036621094e+00
-3.162196731567382812e+01
1.523053741455078125e+01
-4.515323638916015625e+01
1.243443393707275391e+01
-4.042302608489990234e+00
4.615467071533203125e+01
3.339219055175781250e+02
1.236993694305419922e+01
-1.752566223144531250e+02
-7.148304939270019531e+00
-1.782000160217285156e+01
2.875582885742187500e+02
5.085269470214843750e+02
3.094705200195312500e+01
-2.529516754150390625e+02
-1.941786193847656250e+01
-3.048363304138183594e+01
5.684345703125000000e+02
4.665494079589843750e+02
4.825642395019531250e+01
-2.854220275878906250e+02
-3.154489898681640625e+01
-4.133539581298828125e+01
5.806979370117187500e+02
2.996645507812500000e+02
4.629677581787109375e+01
-2.672640991210937500e+02
-3.876160812377929688e+01
-4.402154159545898438e+01
3.565017089843750000e+02
2.538008575439453125e+02
4.464914703369140625e+01
-2.442831420898437500e+02
-4.175869369506835938e+01
-4.165085220336914062e+01
1.302312011718750000e+02
2.851612854003906250e+02
7.477581024169921875e+01
-2.492646942138671875e+02
-4.067652893066406250e+01
-2.469738769531250000e+01
5.862883377075195312e+01
1.947047729492187500e+02
1.245575408935546875e+02
-2.594309997558593750e+02
-2.862718772888183594e+01
-7.347802162170410156e+00
4.024805068969726562e+01
8.657530975341796875e+01
1.812079010009765625e+02
-2.152497253417968750e+02
-1.261873817443847656e+01
1.057248353958129883e+00
-7.351658344268798828e-01
3.248418867588043213e-01
9.119613766670227051e-01
-2.862063884735107422e+00
8.527281880378723145e-01
1.733428120613098145e+00
-3.503565979003906250e+02
2.288473358154296875e+02
-1.251953887939453125e+02
1.217021102905273438e+02
8.167920112609863281e+00
-5.404659509658813477e-01
-4.046408386230468750e+02
8.431568145751953125e+01
-3.761588287353515625e+01
5.132745742797851562e+01
1.607705497741699219e+01
1.105440711975097656e+01
-4.280413513183593750e+02
-1.283721313476562500e+02
-2.773671340942382812e+01
-8.917001724243164062e+00
2.699959754943847656e+01
1.733028030395507812e+01
-3.433907775878906250e+02
-2.929522094726562500e+02
-1.027804660797119141e+01
-3.919124603271484375e+01
3.240549850463867188e+01
1.590063762664794922e+01
-1.240609436035156250e+02
7.516442108154296875e+01
-8.378678321838378906e+00
-1.390482940673828125e+02
2.568055534362792969e+01
1.057405948638916016e+01
4.035267639160156250e+01
1.226636123657226562e+02
2.065999031066894531e+00
-1.848981170654296875e+02
1.519656753540039062e+01
2.219037532806396484e+00
3.444422960281372070e+00
3.859428710937500000e+02
2.373961448669433594e+01
-2.478998107910156250e+02
1.384199142456054688e+00
-8.874178886413574219e+00
5.157121276855468750e+01
5.604054565429687500e+02
6.897238159179687500e+01
-2.916386413574218750e+02
-8.990938186645507812e+00
-2.087825202941894531e+01
3.322996826171875000e+02
5.431882934570312500e+02
8.371888732910156250e+01
-2.975079650878906250e+02
-1.927219200134277344e+01
-3.234106445312500000e+01
5.695559692382812500e+02
4.646837158203125000e+02
4.655587768554687500e+01
-2.841254577636718750e+02
-3.289987564086914062e+01
-4.177435302734375000e+01
4.436472778320312500e+02
5.571460571289062500e+02
3.460382461547851562e+01
-2.414676818847656250e+02
-4.072089767456054688e+01
-4.308292007446289062e+01
1.990278472900390625e+02
7.204929809570312500e+02
1.177453899383544922e+01
-1.981458129882812500e+02
-4.334870147705078125e+01
-3.822286605834960938e+01
1.072713775634765625e+02
5.972606201171875000e+02
5.874249267578125000e+01
-2.281024169921875000e+02
-3.492195892333984375e+01
-2.388385581970214844e+01
9.850399017333984375e+01
4.312103271484375000e+02
5.610951614379882812e+01
-1.852445220947265625e+02
-2.373497772216796875e+01
-1.065040779113769531e+01
1.106484298706054688e+02
1.292218017578125000e+02
3.840889739990234375e+01
-7.410600280761718750e+01
-8.967651367187500000e+00
-1.203321576118469238e+00
-5.402850508689880371e-01
6.927555799484252930e-01
-1.453700959682464600e-01
1.007229685783386230e+00
5.443122610449790955e-02
-2.577302157878875732e-01
-5.067967834472656250e+02
5.306354980468750000e+02
-8.397937011718750000e+01
1.319345092773437500e+02
4.264037609100341797e+00
1.236550140380859375e+01
-4.856159362792968750e+02
4.209634399414062500e+02
-3.691149902343750000e+01
-5.910139846801757812e+01
1.760842895507812500e+01
1.636831474304199219e+01
-3.262830505371093750e+02
2.476109008789062500e+02
-1.451463699340820312e+01
-1.000515899658203125e+02
2.523136520385742188e+01
1.351583099365234375e+01
-7.603616333007812500e+01
3.978198547363281250e+02
-3.502933120727539062e+01
-1.950571899414062500e+02
2.221158409118652344e+01
1.424574470520019531e+01
9.905212402343750000e+01
3.631930847167968750e+02
-2.451700210571289062e+01
-2.345347595214843750e+02
2.086795997619628906e+01
9.709793090820312500e+00
6.304530334472656250e+01
4.848717041015625000e+02
-1.283631771802902222e-01
-2.666569519042968750e+02
5.925988674163818359e+00
6.488937735557556152e-01
-4.343314743041992188e+01
6.078471069335937500e+02
5.505897903442382812e+01
-2.925140991210937500e+02
-2.228469133377075195e+00
-1.156144618988037109e+01
4.948121643066406250e+01
5.572124633789062500e+02
6.994915771484375000e+01
-2.913781433105468750e+02
-9.520965576171875000e+00
-2.069212722778320312e+01
2.902622375488281250e+02
5.099101257324218750e+02
3.379079055786132812e+01
-2.552422790527343750e+02
-1.933222579956054688e+01
-3.048150253295898438e+01
4.120613708496093750e+02
6.008560791015625000e+02
2.174160766601562500e+01
-1.625963134765625000e+02
-3.557191085815429688e+01
-4.113077163696289062e+01
2.529482574462890625e+02
9.542883300781250000e+02
1.159765243530273438e+01
-2.519149017333984375e+01
-3.944444656372070312e+01
-4.471129608154296875e+01
1.488297882080078125e+02
1.051275024414062500e+03
9.307864189147949219e+00
-1.160986099243164062e+02
-3.624676895141601562e+01
-3.831481170654296875e+01
1.589905700683593750e+02
8.120566406250000000e+02
2.719924926757812500e+01
-1.378343048095703125e+02
-2.922833442687988281e+01
-2.494628715515136719e+01
2.098000640869140625e+02
4.032586364746093750e+02
1.634300231933593750e+01
-1.006450653076171875e+02
-1.786664009094238281e+01
-1.065931034088134766e+01
2.427593078613281250e+02
-9.347700500488281250e+01
-6.154058933258056641e+00
-2.716474723815917969e+01
-6.766916275024414062e+00
-8.923503875732421875e+00
-2.693058550357818604e-01
1.401440382003784180e+00
-7.129015773534774780e-02
-3.255899667739868164e+00
2.332849949598312378e-01
-8.524849414825439453e-01
-4.776939392089843750e+02
5.138543701171875000e+02
-1.312779083251953125e+02
9.869402313232421875e+01
5.997212409973144531e+00
2.032330894470214844e+01
-3.011011657714843750e+02
4.726748352050781250e+02
-5.610227966308593750e+01
-1.142968368530273438e+02
1.645568084716796875e+01
2.420029640197753906e+01
-3.719744873046875000e+01
3.816794738769531250e+02
-8.696120452880859375e+01
-1.916847839355468750e+02
1.385424518585205078e+01
1.911343574523925781e+01
1.584505920410156250e+02
3.638244934082031250e+02
-4.888934326171875000e+01
-2.537732238769531250e+02
1.900063896179199219e+01
7.212058067321777344e+00
1.426687774658203125e+02
4.494885559082031250e+02
-3.768425369262695312e+01
-2.675838623046875000e+02
1.109522438049316406e+01
4.928535461425781250e+00
6.314383697509765625e+01
4.821642761230468750e+02
6.316363811492919922e-01
-2.682217407226562500e+02
7.012389659881591797e+00
9.368666410446166992e-01
4.125074863433837891e+00
3.861518554687500000e+02
2.266894721984863281e+01
-2.551284637451171875e+02
8.238523602485656738e-01
-8.710704803466796875e+00
4.899146652221679688e+01
3.246860046386718750e+02
1.011970329284667969e+01
-1.773409423828125000e+02
-7.000524520874023438e+00
-1.775922584533691406e+01
2.366134185791015625e+02
4.072331542968750000e+02
1.756379890441894531e+01
-1.334822559356689453e+01
-1.904862785339355469e+01
-2.711530494689941406e+01
2.585812377929687500e+02
6.860244750976562500e+02
1.024666976928710938e+01
6.557006835937500000e+01
-3.498271179199218750e+01
-3.610623931884765625e+01
1.742165832519531250e+02
8.444841308593750000e+02
-1.335333466529846191e+00
-6.787621307373046875e+01
-3.491292190551757812e+01
-3.882596588134765625e+01
2.114440460205078125e+02
8.569047241210937500e+02
-6.224803924560546875e+00
-6.007778549194335938e+01
-3.169063949584960938e+01
-3.211592864990234375e+01
2.773909301757812500e+02
5.866268310546875000e+02
3.870542049407958984e+00
-4.597217559814453125e+01
-2.774882888793945312e+01
-1.740483665466308594e+01
3.296744384765625000e+02
-8.838025093078613281e+00
4.300655841827392578e+00
1.143507575988769531e+01
-2.093369483947753906e+01
-1.347158050537109375e+01
3.483822326660156250e+02
-3.622049560546875000e+02
8.817556381225585938e+00
5.753315353393554688e+01
-5.386863231658935547e+00
-1.626605415344238281e+01
-1.037999033927917480e+00
-1.254869341850280762e+00
-3.104362726211547852e+00
-1.131421208381652832e+00
-5.418953299522399902e-01
-4.963818192481994629e-01
-2.643718872070312500e+02
4.205301208496093750e+02
-1.630281066894531250e+02
3.305640792846679688e+01
5.311983108520507812e+00
3.279555130004882812e+01
-1.069689846038818359e+01
2.096904144287109375e+02
-1.344299011230468750e+02
-5.573786544799804688e+01
8.161302566528320312e+00
1.328669929504394531e+01
1.728993988037109375e+02
2.274118652343750000e+02
-1.072074050903320312e+02
-2.238758239746093750e+02
1.652701759338378906e+01
1.603729629516601562e+01
1.559516296386718750e+02
3.625351867675781250e+02
-4.972292327880859375e+01
-2.537163238525390625e+02
2.039402389526367188e+01
6.984320163726806641e+00
1.004022827148437500e+02
3.611560058593750000e+02
-2.741718292236328125e+01
-2.423786468505859375e+02
2.127728080749511719e+01
9.897583961486816406e+00
4.023209762573242188e+01
1.233573150634765625e+02
2.806960821151733398e+00
-1.856919097900390625e+02
1.638681221008300781e+01
2.615797758102416992e+00
-1.753725290298461914e+00
-2.843346595764160156e+01
1.554782676696777344e+01
-4.442976760864257812e+01
1.189593219757080078e+01
-4.156330108642578125e+00
1.283529663085937500e+01
5.478102111816406250e+01
2.180883979797363281e+01
6.301240921020507812e+01
2.717232465744018555e+00
-6.719367504119873047e+00
1.280596160888671875e+02
2.651272888183593750e+02
1.456116390228271484e+01
-3.403647184371948242e+00
-1.615573310852050781e+01
-1.156474590301513672e+01
9.230579376220703125e+01
6.043018188476562500e+02
-2.773790168762207031e+01
-1.969095230102539062e+01
-2.149498748779296875e+01
-3.011574554443359375e+01
1.872735595703125000e+02
6.354781494140625000e+02
-2.677023315429687500e+01
-1.038451995849609375e+02
-3.208887863159179688e+01
-2.201672744750976562e+01
2.409850616455078125e+02
4.973190002441406250e+02
-1.153681564331054688e+01
-2.874449729919433594e+01
-2.781732940673828125e+01
-1.602319335937500000e+01
2.721314697265625000e+02
9.090956878662109375e+01
-1.151715755462646484e+01
6.508525848388671875e+01
-2.481588554382324219e+01
-1.406933689117431641e+01
2.636149597167968750e+02
-3.193905639648437500e+02
9.180433273315429688e+00
9.754413604736328125e+01
-1.894401168823242188e+01
-1.239273452758789062e+01
2.387700042724609375e+02
-3.651862487792968750e+02
2.172553253173828125e+01
9.626244354248046875e+01
-3.812865018844604492e+00
-1.224587440490722656e+01
-4.484050869941711426e-01
-1.679132461547851562e+00
-1.471771359443664551e+00
8.724847793579101562e+00
1.771899104118347168e+00
1.622335672378540039e+00
5.424884557723999023e-01
2.193007230758666992e+00
-2.961790800094604492e+00
2.404268980026245117e+00
-1.728461235761642456e-01
-2.307204455137252808e-01
-9.523995399475097656e+00
2.122198791503906250e+02
-1.340430755615234375e+02
-5.596351242065429688e+01
8.765542030334472656e+00
1.575143241882324219e+01
-3.840886306762695312e+01
3.840641784667968750e+02
-8.630914306640625000e+01
-1.853669128417968750e+02
1.638779640197753906e+01
1.769295501708984375e+01
-7.273992156982421875e+01
3.971080932617187500e+02
-3.523769378662109375e+01
-1.861638031005859375e+02
2.276104354858398438e+01
1.476568126678466797e+01
-1.257080078125000000e+02
7.864961242675781250e+01
-9.189045906066894531e+00
-1.417037353515625000e+02
2.575331497192382812e+01
1.088658618927001953e+01
-1.491092834472656250e+02
-2.904228210449218750e+02
1.311764240264892578e+01
-4.777598571777343750e+01
2.635931396484375000e+01
8.236763000488281250e+00
-1.670467529296875000e+02
-3.469777832031250000e+02
1.969239425659179688e+01
-2.052113914489746094e+01
2.581517791748046875e+01
1.056679916381835938e+01
-1.280269622802734375e+02
-2.650744323730468750e+02
-1.457166385650634766e+01
3.418386220932006836e+00
1.615075302124023438e+01
1.156711101531982422e+01
-4.173892974853515625e+01
-3.066589736938476562e+01
-2.812620353698730469e+01
-2.394197998046875000e+02
-3.644046306610107422e+00
2.231267929077148438e+00
7.218736267089843750e+01
2.099799499511718750e+02
-1.709137344360351562e+01
-8.054571151733398438e+00
-1.429300022125244141e+01
-3.810065984725952148e+00
1.168924560546875000e+02
2.612208862304687500e+02
-1.513711452484130859e+01
1.333267364501953125e+02
-1.904867172241210938e+01
-4.958714008331298828e+00
1.087478485107421875e+02
7.031552124023437500e+01
-3.047933959960937500e+01
1.886142120361328125e+02
-1.887074661254882812e+01
-7.473108291625976562e+00
9.355035400390625000e+01
-2.694136047363281250e+02
-4.374974727630615234e+00
1.874423217773437500e+02
-1.737945938110351562e+01
-8.887376785278320312e+00
4.592399597167968750e+01
-3.390219726562500000e+02
2.978881835937500000e+01
1.662432250976562500e+02
-1.611995315551757812e+01
-8.899067878723144531e+00
1.554084587097167969e+01
-2.065312805175781250e+02
2.977628326416015625e+01
1.189695205688476562e+02
-1.051615238189697266e+01
-2.049354743957519531e+01
1.661646461486816406e+01
-2.072943420410156250e+02
2.969448280334472656e+01
1.213233108520507812e+02
-8.264868736267089844e+00
-2.118665695190429688e+01
4.138439893722534180e-01
-9.674500226974487305e-01
1.779867291450500488e+00
6.465498924255371094e+00
1.534734487533569336e+00
1.112446635961532593e-01
-2.649175415039062500e+02
4.234802246093750000e+02
-1.611705627441406250e+02
2.991077232360839844e+01
4.735505104064941406e+00
3.069997787475585938e+01
-2.992484436035156250e+02
4.758542480468750000e+02
-5.766246032714843750e+01
-1.146622009277343750e+02
1.763096046447753906e+01
2.548881149291992188e+01
-3.280333862304687500e+02
2.483369750976562500e+02
-1.541702651977539062e+01
-9.648508453369140625e+01
2.598642539978027344e+01
1.527449321746826172e+01
-3.419532470703125000e+02
-2.924311828613281250e+02
-1.116506671905517578e+01
-4.039619445800781250e+01
3.292753219604492188e+01
1.610800361633300781e+01
-3.243143920898437500e+02
-6.033230590820312500e+02
-3.337204456329345703e+00
3.696402740478515625e+01
3.422265243530273438e+01
2.442065429687500000e+01
-2.586253662109375000e+02
-6.859897460937500000e+02
-1.024847221374511719e+01
-6.556304931640625000e+01
3.498124313354492188e+01
3.611287307739257812e+01
-1.690008544921875000e+02
-6.743878173828125000e+02
-9.374807357788085938e+00
-3.709497833251953125e+01
2.709212303161621094e+01
2.613648796081542969e+01
-2.178555145263671875e+02
-3.252203369140625000e+02
-4.873602390289306641e+00
1.507027282714843750e+02
1.382865905761718750e+01
1.402600097656250000e+01
-2.085021209716796875e+01
-1.733912811279296875e+02
-3.593967437744140625e+01
2.469822387695312500e+02
1.297089457511901855e-01
1.187901973724365234e+01
1.323680019378662109e+01
-1.478956756591796875e+02
-6.028896331787109375e+01
2.647993469238281250e+02
-5.005527973175048828e+00
5.740344047546386719e+00
-3.141249465942382812e+01
-2.963620605468750000e+02
-3.376545333862304688e+01
2.552446289062500000e+02
-6.931847572326660156e+00
1.762165725231170654e-01
-9.035329437255859375e+01
-3.582537231445312500e+02
3.918492889404296875e+01
2.331798858642578125e+02
-7.621694564819335938e+00
-9.606343269348144531e+00
-1.153560409545898438e+02
-2.504794616699218750e+02
4.899091339111328125e+01
1.977269439697265625e+02
-1.124839115142822266e+01
-2.583902549743652344e+01
4.550295257568359375e+01
-3.380021362304687500e+02
2.985321235656738281e+01
1.673706817626953125e+02
-1.669828033447265625e+01
-9.575570106506347656e+00
2.390541992187500000e+02
-3.651137695312500000e+02
2.027107048034667969e+01
9.286985778808593750e+01
-4.169772624969482422e+00
-1.236267757415771484e+01
2.178755998611450195e+00
2.723710536956787109e-01
-2.699647903442382812e+00
-1.892327547073364258e+00
4.735119044780731201e-01
-1.751564629375934601e-02
-4.730129699707031250e+02
5.196050415039062500e+02
-1.308663024902343750e+02
9.587651062011718750e+01
3.355341672897338867e+00
2.071319007873535156e+01
-4.865711975097656250e+02
4.247734680175781250e+02
-3.431958389282226562e+01
-6.226778030395507812e+01
1.766261291503906250e+01
1.652785873413085938e+01
-4.286628417968750000e+02
-1.291498565673828125e+02
-2.705857849121093750e+01
-1.892090034484863281e+01
2.669116592407226562e+01
1.647099876403808594e+01
-3.558706665039062500e+02
-6.395800781250000000e+02
-2.865315437316894531e+00
9.712132263183593750e+01
3.455213165283203125e+01
3.135710334777832031e+01
-2.530663909912109375e+02
-9.542500000000000000e+02
-1.159906387329101562e+01
2.519226074218750000e+01
3.944401550292968750e+01
4.471254730224609375e+01
-2.108779754638671875e+02
-9.448150024414062500e+02
-1.353336429595947266e+01
1.315462341308593750e+02
4.511711120605468750e+01
4.843077850341796875e+01
-3.709197082519531250e+02
-7.136584472656250000e+02
-3.110528373718261719e+01
2.330204772949218750e+02
3.378190231323242188e+01
3.520149612426757812e+01
-3.660226135253906250e+02
-4.515599060058593750e+02
-7.381799316406250000e+01
2.668262634277343750e+02
2.182628440856933594e+01
2.677519989013671875e+01
-8.467555999755859375e+01
-4.236144409179687500e+02
-1.245963973999023438e+02
2.711741638183593750e+02
1.194475936889648438e+01
2.055787277221679688e+01
3.018406391143798828e+00
-4.645298767089843750e+02
-9.409288024902343750e+01
2.717546691894531250e+02
6.357914924621582031e+00
1.015096664428710938e+01
-3.564526748657226562e+01
-4.536572265625000000e+02
-2.340142822265625000e+01
2.596240539550781250e+02
2.925331354141235352e+00
-2.847430467605590820e+00
-9.011130523681640625e+01
-3.591300354003906250e+02
4.069540023803710938e+01
2.288123016357421875e+02
-8.296923637390136719e+00
-1.012224674224853516e+01
9.344890594482421875e+01
-2.692376098632812500e+02
-2.483531475067138672e+00
1.938370361328125000e+02
-1.587461185455322266e+01
-8.365120887756347656e+00
2.635092163085937500e+02
-3.194208984375000000e+02
7.179483890533447266e+00
9.383666992187500000e+01
-1.838315773010253906e+01
-1.215190792083740234e+01
3.504853820800781250e+02
-3.654038696289062500e+02
9.081786155700683594e+00
5.113095474243164062e+01
-7.123428344726562500e+00
-1.523296165466308594e+01
4.807305335998535156e-01
-3.959563374519348145e-02
-2.378584444522857666e-01
-3.848814725875854492e+00
1.927864849567413330e-01
1.127867922186851501e-01
-5.052004394531250000e+02
5.308543090820312500e+02
-8.539676666259765625e+01
1.334588775634765625e+02
5.392624855041503906e+00
1.381365871429443359e+01
-4.022170715332031250e+02
8.592876434326171875e+01
-3.982863998413085938e+01
5.385385131835937500e+01
1.640219497680664062e+01
1.071911430358886719e+01
-2.834135131835937500e+02
-3.828824157714843750e+02
-4.249963760375976562e+01
1.659768371582031250e+02
2.925249481201171875e+01
2.370403099060058594e+01
-1.990386505126953125e+02
-7.204691772460937500e+02
-1.177432346343994141e+01
1.981520080566406250e+02
4.334843444824218750e+01
3.822426223754882812e+01
-1.832356567382812500e+02
-9.491356811523437500e+02
-4.836220932006835938e+01
2.217118225097656250e+02
5.192827224731445312e+01
5.107672119140625000e+01
-3.321444702148437500e+02
-8.731291503906250000e+02
-4.665204238891601562e+01
2.447344512939453125e+02
4.567618560791015625e+01
5.259656906127929688e+01
-5.889372558593750000e+02
-5.557825927734375000e+02
-1.158510971069335938e+02
2.521317901611328125e+02
3.492983245849609375e+01
4.294312667846679688e+01
-4.769242248535156250e+02
-5.091884155273437500e+02
-1.414328460693359375e+02
2.652707214355468750e+02
2.608314132690429688e+01
3.387914657592773438e+01
-1.110137252807617188e+02
-5.528945312500000000e+02
-1.098365783691406250e+02
2.702746887207031250e+02
1.770272254943847656e+01
2.243659210205078125e+01
4.762233734130859375e+00
-4.675170593261718750e+02
-9.478812408447265625e+01
2.694615173339843750e+02
6.246238708496093750e+00
9.760267257690429688e+00
-2.906602096557617188e+01
-2.979418640136718750e+02
-3.155160331726074219e+01
2.478169403076171875e+02
-6.357220649719238281e+00
-2.930614352226257324e-01
1.057817001342773438e+02
7.336867523193359375e+01
-2.948084831237792969e+01
1.998461456298828125e+02
-1.916444396972656250e+01
-7.180870056152343750e+00
2.702014160156250000e+02
9.193154144287109375e+01
-9.442390441894531250e+00
6.633028411865234375e+01
-2.349180412292480469e+01
-1.323656654357910156e+01
3.284530334472656250e+02
-1.150137710571289062e+01
3.196993350982666016e+00
1.078141021728515625e+01
-2.072056770324707031e+01
-1.197390270233154297e+01
2.424221038818359375e+02
-9.564079284667968750e+01
-8.802266120910644531e+00
-2.585634803771972656e+01
-7.477277278900146484e+00
-8.600532531738281250e+00
-4.130844175815582275e-01
-7.237434387207031250e-02
-9.216229319572448730e-01
-1.710512280464172363e+00
1.098969131708145142e-01
4.363963901996612549e-01
-3.511658020019531250e+02
2.283820190429687500e+02
-1.244322509765625000e+02
1.130908813476562500e+02
7.813902378082275391e+00
-1.069945216178894043e+00
-1.945207824707031250e+02
-7.722694396972656250e+01
-1.063519897460937500e+02
2.128610076904296875e+02
1.977677536010742188e+01
1.480439949035644531e+01
-1.302295227050781250e+02
-2.851564331054687500e+02
-7.478004455566406250e+01
2.492705078125000000e+02
4.067708587646484375e+01
2.469751548767089844e+01
-1.341139526367187500e+02
-4.663991088867187500e+02
-5.160492706298828125e+01
2.328910827636718750e+02
6.015010452270507812e+01
4.489788055419921875e+01
-2.662322998046875000e+02
-5.291073608398437500e+02
-7.337504577636718750e+01
2.290397491455078125e+02
5.695467758178710938e+01
5.357627868652343750e+01
-5.731723022460937500e+02
-3.984241638183593750e+02
-1.253517990112304688e+02
2.411316070556640625e+02
4.375205230712890625e+01
5.517984771728515625e+01
-6.671916503906250000e+02
-4.436634521484375000e+02
-1.624790191650390625e+02
2.523750915527343750e+02
3.580451202392578125e+01
4.583583831787109375e+01
-4.696595458984375000e+02
-5.153494262695312500e+02
-1.380691070556640625e+02
2.605479736328125000e+02
2.577063751220703125e+01
3.356914520263671875e+01
-8.122412109375000000e+01
-4.105154724121093750e+02
-1.246248779296875000e+02
2.667748107910156250e+02
1.232225131988525391e+01
1.999348831176757812e+01
1.297215366363525391e+01
-1.451531219482421875e+02
-5.857090377807617188e+01
2.663693542480468750e+02
-3.773867368698120117e+00
5.332711696624755859e+00
1.198609008789062500e+02
2.566266784667968750e+02
-1.691536521911621094e+01
1.322680511474609375e+02
-1.890768051147460938e+01
-4.793004989624023438e+00
2.385045623779296875e+02
5.014955749511718750e+02
-1.197018146514892578e+01
-3.165802383422851562e+01
-2.810255432128906250e+01
-1.581474590301513672e+01
2.757073364257812500e+02
5.834966430664062500e+02
3.807988405227661133e+00
-5.577227401733398438e+01
-2.795055580139160156e+01
-1.669936943054199219e+01
2.086207275390625000e+02
4.011138610839843750e+02
1.668979263305664062e+01
-9.052136993408203125e+01
-1.720096015930175781e+01
-1.122691631317138672e+01
1.097142105102539062e+02
1.260137786865234375e+02
3.734651947021484375e+01
-7.931112670898437500e+01
-1.000559997558593750e+01
-3.072067975997924805e+00
-3.441753685474395752e-01
-5.984870195388793945e-01
-2.808783054351806641e+00
6.774729490280151367e-01
-1.108829900622367859e-01
-3.468163311481475830e-01
-1.545777740478515625e+02
7.412686920166015625e+01
-2.968966369628906250e+02
2.922152099609375000e+02
6.999349594116210938e+00
1.226533412933349609e+01
-7.437015533447265625e+01
-6.772191619873046875e+01
-2.167028045654296875e+02
2.413211364746093750e+02
2.774062919616699219e+01
1.917156219482421875e+01
-8.093804931640625000e+01
-1.427907714843750000e+02
-1.209030914306640625e+02
2.230171661376953125e+02
5.759605026245117188e+01
3.408500671386718750e+01
-1.750654449462890625e+02
-1.917921142578125000e+02
-1.117162017822265625e+02
2.026364593505859375e+02
6.089447402954101562e+01
5.320238494873046875e+01
-4.234132080078125000e+02
-2.156687469482421875e+02
-9.057242584228515625e+01
2.238480377197265625e+02
5.196887207031250000e+01
5.199555206298828125e+01
-5.711128540039062500e+02
-4.023047485351562500e+02
-1.273610916137695312e+02
2.396450805664062500e+02
4.345439910888671875e+01
5.377738952636718750e+01
-5.856887207031250000e+02
-5.429873046875000000e+02
-1.144940414428710938e+02
2.494291839599609375e+02
3.520529937744140625e+01
4.332272338867187500e+01
-3.631174011230468750e+02
-4.642961730957031250e+02
-7.316812133789062500e+01
2.711598510742187500e+02
2.206058502197265625e+01
2.702264022827148438e+01
-2.206045150756835938e+01
-1.724613342285156250e+02
-3.456850433349609375e+01
2.607892150878906250e+02
-6.441406011581420898e-01
1.180896472930908203e+01
7.421852874755859375e+01
2.125486755371093750e+02
-1.892047882080078125e+01
-1.679609870910644531e+01
-1.460038471221923828e+01
-3.546194076538085938e+00
1.890971679687500000e+02
6.311095581054687500e+02
-2.841087722778320312e+01
-1.157699813842773438e+02
-3.244280624389648438e+01
-2.167363929748535156e+01
2.036506042480468750e+02
8.659432983398437500e+02
-5.109546184539794922e+00
-7.550252532958984375e+01
-3.215107345581054688e+01
-3.178408813476562500e+01
1.591906738281250000e+02
8.165405883789062500e+02
2.810017204284667969e+01
-1.378365173339843750e+02
-2.890515327453613281e+01
-2.500107002258300781e+01
1.003117370605468750e+02
4.291364135742187500e+02
5.615773010253906250e+01
-1.848681793212890625e+02
-2.461144065856933594e+01
-1.191630458831787109e+01
4.018498229980468750e+01
8.516287231445312500e+01
1.776393737792968750e+02
-2.200233612060546875e+02
-1.273561954498291016e+01
-1.024973392486572266e+00
-4.936580359935760498e-01
-8.895333409309387207e-01
1.448035478591918945e+00
-6.520515918731689453e+00
-8.317831903696060181e-02
3.584131300449371338e-01
-4.965931320190429688e+01
-2.538398504257202148e-01
-5.118367919921875000e+02
4.052622375488281250e+02
9.960411071777343750e+00
1.733489799499511719e+01
-4.371590042114257812e+01
-4.860060501098632812e+01
-3.050421752929687500e+02
2.888443603515625000e+02
3.454942703247070312e+01
2.646144104003906250e+01
-1.088279876708984375e+02
-5.979744720458984375e+01
-1.507769317626953125e+02
1.788482666015625000e+02
5.894518280029296875e+01
5.415575408935546875e+01
-1.771151275634765625e+02
-1.934675903320312500e+02
-1.147712326049804688e+02
2.017429656982421875e+02
6.065024948120117188e+01
5.219082641601562500e+01
-2.667240600585937500e+02
-5.284594726562500000e+02
-7.243896484375000000e+01
2.243584442138671875e+02
5.844198226928710938e+01
5.248673629760742188e+01
-3.311198730468750000e+02
-8.660128784179687500e+02
-4.727001190185546875e+01
2.480790252685546875e+02
4.603702926635742188e+01
5.274373245239257812e+01
-3.680447387695312500e+02
-6.999635009765625000e+02
-3.088318443298339844e+01
2.456113281250000000e+02
3.353887939453125000e+01
3.515975952148437500e+01
-2.132894287109375000e+02
-3.173399658203125000e+02
-6.753130435943603516e+00
1.483921966552734375e+02
1.362108230590820312e+01
1.386580276489257812e+01
-1.587505950927734375e+02
-1.050515823364257812e+02
-3.865283203125000000e+01
2.522354888916015625e+02
-2.958064556121826172e+00
9.085970878601074219e+00
4.203360748291015625e+01
5.205820922851562500e+02
-2.194001770019531250e+01
1.288354797363281250e+02
-2.294872474670410156e+01
-1.132883262634277344e+01
1.464564208984375000e+02
7.411438598632812500e+02
-2.447196960449218750e+01
-4.069428253173828125e+01
-3.197434616088867188e+01
-2.759496116638183594e+01
1.266252593994140625e+02
9.669923706054687500e+02
2.907126665115356445e+00
-1.126494903564453125e+02
-2.481407356262207031e+01
-2.715279388427734375e+01
9.105545806884765625e+01
7.189062500000000000e+02
3.919715499877929688e+01
-1.492684326171875000e+02
-2.248923492431640625e+01
-1.133397769927978516e+01
3.657836532592773438e+01
2.353718109130859375e+02
3.453816986083984375e+01
-1.362631378173828125e+02
-1.366301631927490234e+01
2.382902383804321289e+00
-1.183289918117225170e-03
-7.636654190719127655e-04
-3.407349577173590660e-03
-1.433944795280694962e-02
1.844717480707913637e-04
1.122287707403302193e-03
-1.828622817993164062e+01
-3.872303009033203125e+01
-4.159597473144531250e+02
3.729608764648437500e+02
7.169692039489746094e+00
5.846201419830322266e+00
-4.393372726440429688e+01
-4.958126068115234375e+01
-3.082263183593750000e+02
2.896960754394531250e+02
3.518130111694335938e+01
2.766632461547851562e+01
-7.642127990722656250e+01
-7.642277526855468750e+01
-1.731108398437500000e+02
1.919886322021484375e+02
8.447912597656250000e+01
8.448089599609375000e+01
-1.227385711669921875e+02
-1.400901489257812500e+02
-1.548240814208984375e+02
1.530907440185546875e+02
7.763567352294921875e+01
6.588352966308593750e+01
-1.916126098632812500e+02
-3.361249694824218750e+02
-1.300072937011718750e+02
1.772321319580078125e+02
6.764661407470703125e+01
5.710327911376953125e+01
-2.551466674804687500e+02
-7.621666870117187500e+02
-1.323688201904296875e+02
2.145407867431640625e+02
5.320003128051757812e+01
6.010818099975585938e+01
-3.150623779296875000e+02
-1.025156005859375000e+03
-1.133503646850585938e+02
2.333533935546875000e+02
4.583209609985351562e+01
4.844373703002929688e+01
-2.897648010253906250e+02
-8.362749633789062500e+02
-5.895296096801757812e+01
2.462685394287109375e+02
3.143491172790527344e+01
2.424558830261230469e+01
-2.207749176025390625e+02
-3.194978027343750000e+02
-7.472384452819824219e+00
1.499116668701171875e+02
1.340138053894042969e+01
1.343889236450195312e+01
6.927957153320312500e+01
2.058899841308593750e+02
-1.876959037780761719e+01
-8.490638732910156250e+00
-1.422682952880859375e+01
-4.266184329986572266e+00
1.902930297851562500e+02
6.320164794921875000e+02
-2.748818397521972656e+01
-1.137025375366210938e+02
-3.271724319458007812e+01
-2.154570770263671875e+01
2.063195648193359375e+02
8.704389648437500000e+02
-4.573093414306640625e+00
-7.283518981933593750e+01
-3.267006683349609375e+01
-3.271148300170898438e+01
1.608979187011718750e+02
8.155719604492187500e+02
2.815303230285644531e+01
-1.368503723144531250e+02
-2.948441123962402344e+01
-2.537999725341796875e+01
9.920187377929687500e+01
4.310922546386718750e+02
5.581889724731445312e+01
-1.843240356445312500e+02
-2.460129547119140625e+01
-1.214303779602050781e+01
4.103874588012695312e+01
8.535732269287109375e+01
1.794717864990234375e+02
-2.179382019042968750e+02
-1.397981834411621094e+01
-1.656031459569931030e-01
4.927659928798675537e-01
8.888742923736572266e-01
-1.465281248092651367e+00
6.565133571624755859e+00
8.232480287551879883e-02
-3.563769459724426270e-01
-4.838182449340820312e+01
-1.426518987864255905e-02
-5.120413208007812500e+02
3.944449462890625000e+02
1.063616085052490234e+01
1.755997085571289062e+01
-4.410373306274414062e+01
-4.951791381835937500e+01
-3.094724121093750000e+02
2.904972839355468750e+02
3.420570755004882812e+01
2.727183532714843750e+01
-1.092162322998046875e+02
-6.189222335815429688e+01
-1.517726440429687500e+02
1.735545501708984375e+02
5.856405258178710938e+01
5.392174911499023438e+01
-1.748545989990234375e+02
-1.923216094970703125e+02
-1.139547042846679688e+02
1.999149322509765625e+02
6.047864151000976562e+01
5.162981033325195312e+01
-2.685834655761718750e+02
-5.215875854492187500e+02
-7.332222747802734375e+01
2.254418334960937500e+02
5.686138916015625000e+01
5.322343826293945312e+01
-3.298715209960937500e+02
-8.761733398437500000e+02
-4.668645095825195312e+01
2.470431213378906250e+02
4.663190078735351562e+01
5.302060317993164062e+01
-3.692839965820312500e+02
-6.976726684570312500e+02
-3.099768447875976562e+01
2.421566009521484375e+02
3.386646270751953125e+01
3.545505905151367188e+01
-2.352918243408203125e+02
-4.159130859375000000e+02
-1.838997840881347656e+01
2.193315505981445312e+01
1.879027748107910156e+01
2.714798164367675781e+01
-5.086222648620605469e+00
-4.995066833496093750e+01
-2.345104980468750000e+01
-7.097769165039062500e+01
-3.177358388900756836e+00
6.383483409881591797e+00
1.672211914062500000e+02
3.551737976074218750e+02
-1.706210136413574219e+01
9.536176681518554688e+00
-2.618756103515625000e+01
-1.071774387359619141e+01
3.230263366699218750e+02
6.174733276367187500e+02
3.337746620178222656e+00
-2.630005073547363281e+01
-3.415995788574218750e+01
-2.416192245483398438e+01
3.535883178710937500e+02
6.464288330078125000e+02
4.630280017852783203e+00
-8.809075927734375000e+01
-3.477803421020507812e+01
-3.189493942260742188e+01
2.827898254394531250e+02
3.859297790527343750e+02
4.329760360717773438e+01
-1.702005462646484375e+02
-2.956362724304199219e+01
-2.417646598815917969e+01
1.935144653320312500e+02
7.936629486083984375e+01
1.069158782958984375e+02
-2.172712860107421875e+02
-1.957818031311035156e+01
-1.591452407836914062e+01
1.545654144287109375e+02
-7.412964630126953125e+01
2.969054565429687500e+02
-2.922109375000000000e+02
-7.002839088439941406e+00
-1.226425266265869141e+01
-3.052554726600646973e-01
1.592681765556335449e+00
7.611891031265258789e-01
3.319174289703369141e+00
2.371750771999359131e-01
7.688001990318298340e-01
-1.891725921630859375e+01
-3.713177871704101562e+01
-4.057882080078125000e+02
3.736766662597656250e+02
9.339392662048339844e+00
6.721724987030029297e+00
-7.095492553710937500e+01
-6.849188232421875000e+01
-2.157741088867187500e+02
2.273157501220703125e+02
2.806160163879394531e+01
1.919529914855957031e+01
-2.508652801513671875e+02
-4.492262268066406250e+01
-8.412046813964843750e+01
2.180199737548828125e+02
3.380112457275390625e+01
3.464733886718750000e+01
-3.574825439453125000e+02
-2.546896667480468750e+02
-4.638902282714843750e+01
2.368986053466796875e+02
4.193341827392578125e+01
4.133681106567382812e+01
-4.401534729003906250e+02
-5.588723144531250000e+02
-3.438251495361328125e+01
2.299198303222656250e+02
4.075183105468750000e+01
4.304870986938476562e+01
-4.034135742187500000e+02
-6.078408813476562500e+02
-2.179480361938476562e+01
1.633149719238281250e+02
3.592204284667968750e+01
3.963723373413085938e+01
-2.081838989257812500e+02
-4.489087829589843750e+02
-1.629289245605468750e+01
2.001390075683593750e+01
2.771736717224121094e+01
1.663879966735839844e+01
-2.194474220275878906e+01
-2.048362579345703125e+02
-5.536932468414306641e+00
1.619500541687011719e+01
1.287526607513427734e+01
5.828327178955078125e+00
2.167511749267578125e+01
2.032362213134765625e+02
7.353623390197753906e+00
-1.455179405212402344e+01
-1.277174663543701172e+01
-5.096391677856445312e+00
2.128083648681640625e+02
4.442180480957031250e+02
1.730137825012207031e+01
-2.359392356872558594e+01
-2.877226448059082031e+01
-1.669691467285156250e+01
4.412734375000000000e+02
4.235297546386718750e+02
2.259308242797851562e+01
-1.207596588134765625e+02
-3.576790237426757812e+01
-2.383672523498535156e+01
5.142254028320312500e+02
2.288252105712890625e+02
2.561723136901855469e+01
-1.927779846191406250e+02
-3.505649566650390625e+01
-2.577713775634765625e+01
4.581201477050781250e+02
4.193130874633789062e+01
4.526760101318359375e+01
-2.027077484130859375e+02
-2.845866012573242188e+01
-2.173213386535644531e+01
1.945186004638671875e+02
7.720010375976562500e+01
1.063553695678710938e+02
-2.128164215087890625e+02
-1.978118515014648438e+01
-1.480674076080322266e+01
4.024942398071289062e+01
8.656816864013671875e+01
1.812055358886718750e+02
-2.152407531738281250e+02
-1.262031364440917969e+01
1.055439949035644531e+00
9.177228435873985291e-03
2.506735086441040039e+00
-4.301500320434570312e+00
1.290409755706787109e+01
3.217821717262268066e-01
1.365464687347412109e+00
-4.138349151611328125e+01
-8.347478485107421875e+01
-1.813795013427734375e+02
2.100860595703125000e+02
1.340600776672363281e+01
9.845460653305053711e-01
-1.941681365966796875e+02
-7.865496826171875000e+01
-1.052038269042968750e+02
2.170683135986328125e+02
1.938115692138671875e+01
1.480824565887451172e+01
-4.575875549316406250e+02
-4.289733505249023438e+01
-4.249410247802734375e+01
2.090072174072265625e+02
2.968587493896484375e+01
2.272348976135253906e+01
-5.183475952148437500e+02
-2.283248291015625000e+02
-2.671598434448242188e+01
1.877390289306640625e+02
3.467807769775390625e+01
2.637151527404785156e+01
-4.419422607421875000e+02
-4.198789672851562500e+02
-2.162117385864257812e+01
1.154002304077148438e+02
3.603796386718750000e+01
2.392727470397949219e+01
-1.697688446044921875e+02
-1.590693359375000000e+02
-2.645487785339355469e+01
-7.813687133789062500e+01
2.900053215026855469e+01
9.952782630920410156e+00
2.987644958496093750e+01
-1.500234832763671875e+02
-2.237288713455200195e+00
-8.054624176025390625e+01
1.637983894348144531e+01
9.028855562210083008e-01
4.041697978973388672e+00
1.445575103759765625e+02
1.216163921356201172e+01
-6.484449768066406250e+01
1.960355401039123535e+00
-4.324333190917968750e+00
2.638018846511840820e+00
3.971548767089843750e+02
3.154936599731445312e+01
-1.232151489257812500e+02
-1.726616287231445312e+01
-4.177631855010986328e+00
2.483532409667968750e+02
3.972423400878906250e+02
4.274765777587890625e+01
-1.953356018066406250e+02
-3.094033622741699219e+01
-1.285586738586425781e+01
5.079767761230468750e+02
2.676021728515625000e+02
3.547313308715820312e+01
-1.967266540527343750e+02
-3.615431213378906250e+01
-2.251728248596191406e+01
5.200725708007812500e+02
2.273132324218750000e+02
2.578104972839355469e+01
-1.923547058105468750e+02
-3.580496215820312500e+01
-2.690974617004394531e+01
2.833934631347656250e+02
3.828689880371093750e+02
4.249155807495117188e+01
-1.659467468261718750e+02
-2.925428390502929688e+01
-2.370277404785156250e+01
9.850233459472656250e+01
4.311961669921875000e+02
5.610767364501953125e+01
-1.852304229736328125e+02
-2.373632240295410156e+01
-1.064892959594726562e+01
3.732155990600585938e+01
2.390107269287109375e+02
3.506808853149414062e+01
-1.407801055908203125e+02
-1.403531074523925781e+01
3.490009546279907227e+00
-1.230710968375205994e-01
6.085174083709716797e-01
-4.751162230968475342e-01
9.551157951354980469e+00
1.249243140220642090e+00
-2.933332920074462891e-01
-1.073692550659179688e+02
-1.254634933471679688e+02
-3.453727722167968750e+01
6.684539794921875000e+01
1.022758007049560547e+01
1.507768511772155762e+00
-4.025263061523437500e+02
8.592817687988281250e+01
-3.711722946166992188e+01
4.442345046997070312e+01
1.695971488952636719e+01
1.255385589599609375e+01
-5.538715209960937500e+02
1.415692749023437500e+02
-1.339483737945556641e+01
2.544235038757324219e+01
2.794309234619140625e+01
1.768836402893066406e+01
-4.085882568359375000e+02
1.466641575098037720e-01
-2.039878273010253906e+01
-3.457758665084838867e+00
3.132094573974609375e+01
1.659328269958496094e+01
-1.140817413330078125e+02
3.010580749511718750e+02
-5.129777145385742188e+01
-1.831566925048828125e+02
2.756210136413574219e+01
8.658139228820800781e+00
9.338373565673828125e+01
1.950058441162109375e+02
-1.911661338806152344e+01
-1.636439056396484375e+02
2.046508026123046875e+01
2.378726959228515625e+00
8.537080383300781250e+01
2.807716064453125000e+02
3.224744319915771484e+00
-1.613387756347656250e+02
1.099063491821289062e+01
-1.470808982849121094e-01
-7.060568237304687500e+01
4.890053710937500000e+02
2.817878532409667969e+01
-1.879471435546875000e+02
-7.649048328399658203e+00
3.930934667587280273e+00
-1.031674480438232422e+01
4.792066040039062500e+02
4.391200256347656250e+01
-2.249428558349609375e+02
-2.042362213134765625e+01
9.655364155769348145e-01
2.501104583740234375e+02
3.886030883789062500e+02
4.345859146118164062e+01
-1.930556488037109375e+02
-3.076413345336914062e+01
-1.352088451385498047e+01
4.452206420898437500e+02
4.166953735351562500e+02
2.037383270263671875e+01
-1.086056900024414062e+02
-3.593313598632812500e+01
-2.403452682495117188e+01
3.557980651855468750e+02
6.396034545898437500e+02
2.834841728210449219e+00
-9.708791351318359375e+01
-3.455416488647460938e+01
-3.135153961181640625e+01
1.589738311767578125e+02
8.120791625976562500e+02
2.719754219055175781e+01
-1.378047027587890625e+02
-2.922790718078613281e+01
-2.494547843933105469e+01
9.064841461181640625e+01
7.122163696289062500e+02
3.750072479248046875e+01
-1.454844360351562500e+02
-2.222865104675292969e+01
-1.094795322418212891e+01
6.284028244018554688e+01
3.604817199707031250e+02
2.951952934265136719e+01
-5.619866943359375000e+01
-9.226789474487304688e+00
-6.030289173126220703e+00
7.893420010805130005e-02
4.218256950378417969e+00
4.095586389303207397e-02
-2.333836078643798828e+00
1.654061526060104370e-01
-1.197188973426818848e+00
-2.420613708496093750e+02
9.702904510498046875e+01
1.077645778656005859e+01
2.649482917785644531e+01
7.868529796600341797e+00
8.768042564392089844e+00
-4.841317138671875000e+02
4.266192016601562500e+02
-3.518660736083984375e+01
-5.385546875000000000e+01
1.881011009216308594e+01
1.779844284057617188e+01
-3.518295288085937500e+02
4.230769653320312500e+02
-6.511828613281250000e+01
-1.628933563232421875e+02
2.491724967956542969e+01
1.754178619384765625e+01
-6.684510803222656250e+01
4.834494934082031250e+02
-1.459722595214843750e+02
-1.785045013427734375e+02
2.043651771545410156e+01
1.642523956298828125e+01
1.566179962158203125e+02
4.143975524902343750e+02
-7.852503204345703125e+01
-2.318724212646484375e+02
2.215432739257812500e+01
7.279572486877441406e+00
2.006698608398437500e+02
4.268023071289062500e+02
-2.741801643371582031e+01
-2.081577453613281250e+02
1.456392669677734375e+01
4.147284984588623047e+00
1.443620395660400391e+01
5.418054809570312500e+02
6.326311111450195312e+00
-1.996584014892578125e+02
-2.063265085220336914e+00
1.510356616973876953e+01
-7.068157958984375000e+01
4.854230041503906250e+02
2.832419586181640625e+01
-1.876930389404296875e+02
-7.878472328186035156e+00
5.140569210052490234e+00
2.457069396972656250e+00
3.916299743652343750e+02
2.974771118164062500e+01
-1.116839447021484375e+02
-1.752297973632812500e+01
-4.049024581909179688e+00
2.110087127685546875e+02
4.368667297363281250e+02
1.696884346008300781e+01
-2.070307731628417969e+01
-2.880894088745117188e+01
-1.679988670349121094e+01
3.242947082519531250e+02
6.033827514648437500e+02
3.338537454605102539e+00
-3.691730880737304688e+01
-3.422300720214843750e+01
-2.441937828063964844e+01
2.114238891601562500e+02
8.569354248046875000e+02
-6.221030235290527344e+00
-6.008304977416992188e+01
-3.169270133972167969e+01
-3.211282730102539062e+01
1.299373931884765625e+02
9.542860717773437500e+02
1.925504565238952637e+00
-1.138999862670898438e+02
-2.450340270996093750e+01
-2.694934272766113281e+01
1.285978851318359375e+02
7.267576293945312500e+02
-7.737068176269531250e+00
-6.626689147949218750e+01
-1.769341087341308594e+01
-1.948728370666503906e+01
1.167062454223632812e+02
2.422504730224609375e+02
-8.262200355529785156e+00
-3.610105514526367188e+00
-9.440681457519531250e+00
-9.693809509277343750e+00
-8.061025738716125488e-01
1.812760829925537109e-01
1.023855805397033691e+00
-4.989934861660003662e-01
-6.769667863845825195e-01
-1.078839540481567383e+00
-3.492962951660156250e+02
3.599125671386718750e+02
-9.921004295349121094e+00
-5.658874511718750000e+01
4.884617328643798828e+00
1.665908622741699219e+01
-3.010078430175781250e+02
4.706538391113281250e+02
-5.813779067993164062e+01
-1.146564712524414062e+02
1.696965026855468750e+01
2.406155014038085938e+01
-3.544409942626953125e+01
3.806567077636718750e+02
-8.801316070556640625e+01
-1.851844329833984375e+02
1.584544754028320312e+01
1.990338516235351562e+01
1.874993743896484375e+02
3.715906982421875000e+02
-1.950832672119140625e+02
-1.942486572265625000e+02
9.343217849731445312e+00
5.490784645080566406e+00
2.766291809082031250e+02
3.998742065429687500e+02
-8.835050201416015625e+01
-2.604249572753906250e+02
1.829226112365722656e+01
1.057641601562500000e+01
2.011915130615234375e+02
4.280905761718750000e+02
-2.690066909790039062e+01
-2.094861450195312500e+02
1.509100055694580078e+01
5.259109020233154297e+00
8.357802581787109375e+01
2.787115783691406250e+02
2.149742603302001953e+00
-1.587472534179687500e+02
1.025630855560302734e+01
2.168254703283309937e-01
2.536520957946777344e+00
1.404359588623046875e+02
1.126985740661621094e+01
-7.626126861572265625e+01
1.615275859832763672e+00
-4.246397972106933594e+00
2.302948188781738281e+01
1.957629241943359375e+02
7.353993415832519531e+00
-2.770661735534667969e+01
-1.223909759521484375e+01
-5.326152801513671875e+00
1.670194702148437500e+02
3.470308532714843750e+02
-1.969458770751953125e+01
2.053326225280761719e+01
-2.581511878967285156e+01
-1.056591701507568359e+01
1.872495574951171875e+02
6.354609985351562500e+02
-2.676669502258300781e+01
-1.038400802612304688e+02
-3.208980941772460938e+01
-2.201674842834472656e+01
1.379600677490234375e+02
7.501419067382812500e+02
-2.360879135131835938e+01
-4.688644027709960938e+01
-3.236986923217773438e+01
-2.764605712890625000e+01
1.511266021728515625e+02
7.079015502929687500e+02
-2.348089027404785156e+01
2.694753646850585938e+01
-3.003137779235839844e+01
-2.041478729248046875e+01
1.928609161376953125e+02
3.806943359375000000e+02
-2.735347175598144531e+01
4.209289169311523438e+01
-2.393466758728027344e+01
-1.289753627777099609e+01
1.944947967529296875e+02
-6.915997314453125000e+01
-1.249600601196289062e+01
3.055164337158203125e+01
-1.414893627166748047e+01
-5.486360549926757812e+00
3.795340359210968018e-01
-1.380968451499938965e+00
1.605611801147460938e+00
1.509466052055358887e+00
7.002656459808349609e-01
1.754021644592285156e-01
-2.405212097167968750e+02
3.638689575195312500e+02
-1.961123657226562500e+01
-9.339745330810546875e+01
5.309247493743896484e+00
1.212029647827148438e+01
-1.580932617187500000e+01
2.074230194091796875e+02
-3.105759620666503906e+01
-1.139978332519531250e+02
1.196937465667724609e+01
2.124880599975585938e+01
1.711193847656250000e+02
2.244484558105468750e+02
-1.083210830688476562e+02
-2.188182067871093750e+02
1.900551986694335938e+01
1.743854331970214844e+01
1.857184143066406250e+02
3.715733642578125000e+02
-1.943776550292968750e+02
-1.972992248535156250e+02
9.425804138183593750e+00
3.955842733383178711e+00
1.579412841796875000e+02
4.171744995117187500e+02
-7.755172729492187500e+01
-2.309794006347656250e+02
2.062704658508300781e+01
8.645740509033203125e+00
8.895008087158203125e+01
1.970153656005859375e+02
-1.966719436645507812e+01
-1.636925048828125000e+02
2.072852134704589844e+01
3.763573169708251953e+00
2.776499557495117188e+01
-1.494037170410156250e+02
-3.073282003402709961e+00
-8.007107543945312500e+01
1.723624420166015625e+01
1.398530006408691406e+00
-2.307395935058593750e+01
-1.957000579833984375e+02
-7.355877876281738281e+00
2.773410797119140625e+01
1.222915935516357422e+01
5.334774494171142578e+00
-1.288555240631103516e+01
-5.475254058837890625e+01
-2.181469535827636719e+01
-6.300579452514648438e+01
-2.720906019210815430e+00
6.721240520477294922e+00
7.216762542724609375e+01
2.100511474609375000e+02
-1.709612846374511719e+01
-8.061955451965332031e+00
-1.429173088073730469e+01
-3.813576221466064453e+00
3.578197097778320312e+01
5.361824951171875000e+02
-1.880565071105957031e+01
1.309037322998046875e+02
-2.305418395996093750e+01
-1.237663841247558594e+01
1.336077880859375000e+02
5.438710937500000000e+02
-4.045433807373046875e+01
1.881394500732421875e+02
-2.611029624938964844e+01
-1.430308628082275391e+01
1.681504364013671875e+02
3.451703186035156250e+02
-5.362784194946289062e+01
1.694742889404296875e+02
-2.364791488647460938e+01
-1.070569705963134766e+01
2.036563568115234375e+02
-7.093402862548828125e+01
-3.103245735168457031e+01
1.240564346313476562e+02
-1.857618331909179688e+01
-3.571152925491333008e+00
1.938567657470703125e+02
-2.617097473144531250e+02
1.578026962280273438e+01
6.197789001464843750e+01
-5.983814716339111328e+00
-1.063889026641845703e+00
2.114732742309570312e+00
9.412745237350463867e-01
2.534281969070434570e+00
2.928699016571044922e+00
-2.178807973861694336e+00
-9.180120229721069336e-01
-2.180540859699249268e-01
-1.115949034690856934e+00
1.787437677383422852e+00
5.295363426208496094e+00
1.320070028305053711e-01
-2.715202271938323975e-01
-1.531489086151123047e+01
2.082194366455078125e+02
-3.116482162475585938e+01
-1.159561004638671875e+02
1.177545738220214844e+01
2.045837211608886719e+01
-3.803176498413085938e+01
3.818331604003906250e+02
-8.756843566894531250e+01
-1.881524200439453125e+02
1.628252601623535156e+01
2.062947463989257812e+01
-6.580731201171875000e+01
4.935029296875000000e+02
-1.482707366943359375e+02
-1.866771850585937500e+02
2.025160026550292969e+01
1.740296745300292969e+01
-1.176980285644531250e+02
3.089938354492187500e+02
-4.622894668579101562e+01
-1.808648223876953125e+02
2.778869628906250000e+01
9.542057991027832031e+00
-1.685882720947265625e+02
-1.578374328613281250e+02
-2.556686782836914062e+01
-7.998165130615234375e+01
2.977687263488769531e+01
1.046065330505371094e+01
-2.110203094482421875e+02
-4.368843383789062500e+02
-1.697496414184570312e+01
2.075320816040039062e+01
2.880618667602539062e+01
1.680482673645019531e+01
-2.359106750488281250e+02
-4.071388549804687500e+02
-1.757462882995605469e+01
1.332931518554687500e+01
1.904337120056152344e+01
2.711496353149414062e+01
-2.178146820068359375e+02
-3.252048339843750000e+02
-4.879583835601806641e+00
1.506921844482421875e+02
1.383080387115478516e+01
1.402348995208740234e+01
-1.571138610839843750e+02
-1.034310989379882812e+02
-4.121532821655273438e+01
2.460056610107421875e+02
-2.567034721374511719e+00
9.409359931945800781e+00
5.721272468566894531e+00
1.399247894287109375e+02
-6.758348846435546875e+01
2.539193878173828125e+02
-8.835381507873535156e+00
2.578325271606445312e+00
7.992777252197265625e+01
9.701805114746093750e+01
-9.490247344970703125e+01
2.387822418212890625e+02
-1.155709171295166016e+01
3.028449714183807373e-01
8.147443389892578125e+01
-1.024890670776367188e+02
-6.613177490234375000e+01
2.035627136230468750e+02
-1.226018238067626953e+01
-3.430807888507843018e-01
6.455188751220703125e+01
-2.728076782226562500e+02
-7.652827262878417969e+00
1.538789367675781250e+02
-1.097040939331054688e+01
-5.911371231079101562e+00
2.920197105407714844e+01
-1.958930511474609375e+02
1.316383361816406250e+01
9.721474456787109375e+01
-5.151108741760253906e+00
-1.730809020996093750e+01
2.831311225891113281e+01
-1.955053253173828125e+02
1.353620052337646484e+01
9.592870330810546875e+01
-5.842684268951416016e+00
-1.671691131591796875e+01
1.876832127571105957e+00
5.522705912590026855e-01
4.869270622730255127e-01
2.486599206924438477e+00
5.345821380615234375e-01
5.460870265960693359e-01
-2.385220794677734375e+02
3.641629638671875000e+02
-2.066121673583984375e+01
-9.869814300537109375e+01
5.026559352874755859e+00
1.176109695434570312e+01
-3.000252075195312500e+02
4.756728820800781250e+02
-6.134535217285156250e+01
-1.198153686523437500e+02
1.737911415100097656e+01
2.512304496765136719e+01
-3.512467956542968750e+02
4.290296936035156250e+02
-6.673128509521484375e+01
-1.705459747314453125e+02
2.541354942321777344e+01
1.753007316589355469e+01
-4.086311035156250000e+02
1.081654787063598633e+00
-1.934753036499023438e+01
-8.016959190368652344e+00
3.215528488159179688e+01
1.523173332214355469e+01
-4.452351379394531250e+02
-4.166849060058593750e+02
-2.037261390686035156e+01
1.086485900878906250e+02
3.593216705322265625e+01
2.403613853454589844e+01
-4.118605041503906250e+02
-6.008298950195312500e+02
-2.176517295837402344e+01
1.626018371582031250e+02
3.556576919555664062e+01
4.113286209106445312e+01
-3.709973754882812500e+02
-7.136118774414062500e+02
-3.110965919494628906e+01
2.330045471191406250e+02
3.378414154052734375e+01
3.519868469238281250e+01
-2.805823364257812500e+02
-8.479099121093750000e+02
-6.004620361328125000e+01
2.471110229492187500e+02
3.065479087829589844e+01
2.283879089355468750e+01
-4.156187438964843750e+02
-4.852105102539062500e+02
-1.221724853515625000e+02
2.512790985107421875e+02
2.145274543762207031e+01
1.918333625793457031e+01
-4.606209945678710938e+01
-3.156100463867187500e+02
-1.602779388427734375e+02
2.375531921386718750e+02
8.819038391113281250e+00
1.623251342773437500e+01
2.613462829589843750e+01
-3.060179748535156250e+02
-1.121934661865234375e+02
2.068036499023437500e+02
3.288091182708740234e+00
9.600528717041015625e+00
-1.326292514801025391e+01
-3.452709655761718750e+02
-6.055926132202148438e+01
1.777906494140625000e+02
1.844038486480712891e+00
-1.551567792892456055e+00
-5.594544601440429688e+01
-2.755325622558593750e+02
-1.993429422378540039e+00
1.600289916992187500e+02
-6.430471539497375488e-01
-1.244951629638671875e+01
6.502632141113281250e+01
-2.727465820312500000e+02
-7.703783512115478516e+00
1.560216064453125000e+02
-1.107744598388671875e+01
-6.488815784454345703e+00
1.948389282226562500e+02
-2.613661499023437500e+02
1.838628387451171875e+01
5.979076385498046875e+01
-4.715291500091552734e+00
-1.906826019287109375e+00
-7.105035781860351562e-01
-6.370116025209426880e-02
6.390529274940490723e-01
-4.898845851421356201e-01
1.107707977294921875e+00
2.600489743053913116e-02
-3.484657592773437500e+02
3.650372314453125000e+02
-9.862009048461914062e+00
-5.690264511108398438e+01
6.534279346466064453e+00
1.656590843200683594e+01
-4.808806457519531250e+02
4.254338684082031250e+02
-3.392101287841796875e+01
-5.999589920043945312e+01
1.762177276611328125e+01
1.772712516784667969e+01
-5.570687255859375000e+02
1.428278045654296875e+02
-1.702241325378417969e+01
3.616424942016601562e+01
2.707681846618652344e+01
1.721217536926269531e+01
-5.200844116210937500e+02
-2.273170776367187500e+02
-2.578582954406738281e+01
1.924102630615234375e+02
3.580472564697265625e+01
2.691360092163085938e+01
-4.436944885253906250e+02
-5.570867919921875000e+02
-3.458866882324218750e+01
2.414815216064453125e+02
4.072105789184570312e+01
4.308280563354492188e+01
-3.321922912597656250e+02
-8.731215209960937500e+02
-4.663984680175781250e+01
2.447139892578125000e+02
4.567568206787109375e+01
5.259717178344726562e+01
-3.178998413085937500e+02
-1.033855468750000000e+03
-1.127695846557617188e+02
2.304387817382812500e+02
4.509090423583984375e+01
4.933187866210937500e+01
-7.207802124023437500e+02
-7.100216674804687500e+02
-1.800391845703125000e+02
2.251303253173828125e+02
3.830717468261718750e+01
3.879793930053710938e+01
-8.867764282226562500e+02
-4.943853149414062500e+02
-1.964510498046875000e+02
2.084406127929687500e+02
2.881117439270019531e+01
3.130598258972167969e+01
-1.902804412841796875e+02
-4.629577636718750000e+02
-1.442248687744140625e+02
1.912779846191406250e+02
1.856455993652343750e+01
2.172821998596191406e+01
1.293241405487060547e+01
-4.530556335449218750e+02
-9.462035369873046875e+01
1.845347290039062500e+02
1.059294891357421875e+01
8.592127799987792969e+00
-1.263593292236328125e+01
-3.435394287109375000e+02
-5.987724685668945312e+01
1.789256896972656250e+02
2.154112577438354492e+00
-2.525139570236206055e+00
8.177236938476562500e+01
-1.007361145019531250e+02
-6.625094604492187500e+01
2.076870574951171875e+02
-1.265601730346679688e+01
-8.123401999473571777e-01
2.032467041015625000e+02
-7.214101409912109375e+01
-3.192839241027832031e+01
1.168405227661132812e+02
-1.894159317016601562e+01
-3.847640991210937500e+00
1.937538146972656250e+02
-6.776084136962890625e+01
-1.056970310211181641e+01
3.092076873779296875e+01
-1.355100440979003906e+01
-4.798305511474609375e+00
1.168792724609375000e+00
-2.181666612625122070e+00
8.870977759361267090e-01
-2.897328376770019531e+00
6.867802143096923828e-01
1.031433582305908203e+00
-2.408502197265625000e+02
9.520589447021484375e+01
7.096147060394287109e+00
2.988449287414550781e+01
7.897918701171875000e+00
8.519351005554199219e+00
-4.026379089355468750e+02
8.550919342041015625e+01
-3.685525512695312500e+01
5.198600387573242188e+01
1.624405860900878906e+01
1.076292800903320312e+01
-4.581466064453125000e+02
-4.192556762695312500e+01
-4.527737045288085938e+01
2.027621765136718750e+02
2.845886611938476562e+01
2.173176383972167969e+01
-3.565375671386718750e+02
-2.537658538818359375e+02
-4.465486145019531250e+01
2.442965850830078125e+02
4.176105117797851562e+01
4.165284729003906250e+01
-2.662598266601562500e+02
-5.290433959960937500e+02
-7.337435913085937500e+01
2.290284118652343750e+02
5.696403503417968750e+01
5.357577133178710938e+01
-2.580221557617187500e+02
-7.690698852539062500e+02
-1.252154769897460938e+02
2.104204559326171875e+02
5.313069152832031250e+01
6.018732070922851562e+01
-5.181038208007812500e+02
-7.091860351562500000e+02
-2.294918975830078125e+02
1.957878570556640625e+02
4.583390045166015625e+01
5.575054550170898438e+01
-1.132014038085937500e+03
-4.919147949218750000e+02
-2.556161346435546875e+02
1.833968963623046875e+02
3.920911026000976562e+01
4.749885177612304688e+01
-1.094903198242187500e+03
-4.790513610839843750e+02
-2.076335144042968750e+02
1.828820037841796875e+02
3.046934890747070312e+01
3.634095382690429688e+01
-1.956741333007812500e+02
-4.694745483398437500e+02
-1.412575073242187500e+02
1.917957458496093750e+02
1.909018707275390625e+01
2.206458854675292969e+01
2.618869209289550781e+01
-3.062399597167968750e+02
-1.105091094970703125e+02
2.062765960693359375e+02
3.240285634994506836e+00
8.857549667358398438e+00
8.165736389160156250e+01
1.052635574340820312e+02
-9.666266632080078125e+01
2.352666931152343750e+02
-1.070668125152587891e+01
3.877511322498321533e-01
1.671434783935546875e+02
3.427344665527343750e+02
-5.257488250732421875e+01
1.706269226074218750e+02
-2.293503189086914062e+01
-1.012180709838867188e+01
1.902570648193359375e+02
3.810298767089843750e+02
-2.625782585144042969e+01
4.144490051269531250e+01
-2.335664558410644531e+01
-1.249224376678466797e+01
1.158533554077148438e+02
2.394376983642578125e+02
-8.211109161376953125e+00
-3.037760257720947266e+00
-1.017870712280273438e+01
-8.760257720947265625e+00
5.004594847559928894e-02
-4.989424049854278564e-01
-2.806102991104125977e+00
7.384133934974670410e-01
2.297899499535560608e-02
8.662996292114257812e-01
-1.088072280883789062e+02
-1.257056579589843750e+02
-3.802724456787109375e+01
7.876615142822265625e+01
9.016938209533691406e+00
3.100036382675170898e+00
-1.935184631347656250e+02
-7.939028167724609375e+01
-1.069143600463867188e+02
2.172932891845703125e+02
1.957288551330566406e+01
1.591300296783447266e+01
-2.489525299072265625e+02
-4.343628692626953125e+01
-8.106159973144531250e+01
2.291620941162109375e+02
3.523458099365234375e+01
3.633062744140625000e+01
-1.750715026855468750e+02
-1.918290557861328125e+02
-1.117320785522460938e+02
2.026377563476562500e+02
6.089050674438476562e+01
5.320492172241210938e+01
-1.924542236328125000e+02
-3.358849792480468750e+02
-1.312371978759765625e+02
1.780941619873046875e+02
6.749311828613281250e+01
5.774402618408203125e+01
-3.676336059570312500e+02
-3.861436462402343750e+02
-2.116820678710937500e+02
1.647179107666015625e+02
5.257391357421875000e+01
6.809049224853515625e+01
-6.963240356445312500e+02
-3.882341308593750000e+02
-2.972830200195312500e+02
1.689306640625000000e+02
4.481901931762695312e+01
5.832532501220703125e+01
-1.157681152343750000e+03
-4.979631347656250000e+02
-2.545543670654296875e+02
1.835669097900390625e+02
3.926427078247070312e+01
4.820678710937500000e+01
-8.787554931640625000e+02
-4.943106994628906250e+02
-1.945841064453125000e+02
2.084238586425781250e+02
2.842650604248046875e+01
3.238501739501953125e+01
-4.818393707275390625e+01
-3.162904968261718750e+02
-1.550453643798828125e+02
2.417915954589843750e+02
8.021114349365234375e+00
1.665404129028320312e+01
1.584585285186767578e+01
1.428657684326171875e+02
-6.798880004882812500e+01
2.497761077880859375e+02
-8.141063690185546875e+00
2.846160173416137695e+00
1.290314025878906250e+02
5.354105834960937500e+02
-3.835095596313476562e+01
1.997829895019531250e+02
-2.577741241455078125e+01
-1.321719264984130859e+01
1.486907196044921875e+02
7.176121215820312500e+02
-2.440534400939941406e+01
2.645019340515136719e+01
-2.909588623046875000e+01
-1.988218498229980469e+01
1.269762573242187500e+02
7.312283325195312500e+02
-8.208045959472656250e+00
-6.227968215942382812e+01
-1.791612434387207031e+01
-1.869278144836425781e+01
6.327584075927734375e+01
3.570834960937500000e+02
3.050778770446777344e+01
-5.313129806518554688e+01
-9.786526679992675781e+00
-5.065085887908935547e+00
-3.367987871170043945e-01
1.076144933700561523e+00
1.250086903572082520e+00
-1.685471415519714355e+00
-3.223824128508567810e-02
-2.966494560241699219e-01
-4.103660583496093750e+01
-8.536590576171875000e+01
-1.794799804687500000e+02
2.179514465332031250e+02
1.397679996490478516e+01
1.649650484323501587e-01
-7.180333709716796875e+01
-7.052447509765625000e+01
-2.161253204345703125e+02
2.451822967529296875e+02
2.834347534179687500e+01
1.968606376647949219e+01
-1.088430480957031250e+02
-5.979024505615234375e+01
-1.507633972167968750e+02
1.788554687500000000e+02
5.893260955810546875e+01
5.416361618041992188e+01
-1.238485870361328125e+02
-1.428376464843750000e+02
-1.581457366943359375e+02
1.556468200683593750e+02
7.613876342773437500e+01
6.546575927734375000e+01
-2.564893798828125000e+02
-1.946078491210937500e+02
-1.722550201416015625e+02
1.523025512695312500e+02
5.954304885864257812e+01
7.353060913085937500e+01
-3.689153137207031250e+02
-3.856796875000000000e+02
-2.098713378906250000e+02
1.635626678466796875e+02
5.305968475341796875e+01
6.732913208007812500e+01
-5.216301879882812500e+02
-7.130344848632812500e+02
-2.265812377929687500e+02
1.932939453125000000e+02
4.587855911254882812e+01
5.545881652832031250e+01
-7.132391967773437500e+02
-7.110559692382812500e+02
-1.745520629882812500e+02
2.315031738281250000e+02
3.769861221313476562e+01
3.900090408325195312e+01
-4.106945190429687500e+02
-4.762368164062500000e+02
-1.242897491455078125e+02
2.532422790527343750e+02
2.304858970642089844e+01
1.955800437927246094e+01
-4.847380676269531250e+02
-2.704812622070312500e+02
-1.650007171630859375e+02
2.214405822753906250e+02
5.992060184478759766e+00
1.743909263610839844e+01
-9.194288635253906250e+01
5.165153808593750000e+02
-1.096041030883789062e+02
2.312204132080078125e+02
-1.843970489501953125e+01
-1.517390727996826172e+00
1.025410232543945312e+02
6.168106689453125000e+02
-6.074174499511718750e+01
1.737817840576171875e+02
-2.991999626159667969e+01
-1.561337184906005859e+01
9.307894897460937500e+01
7.735793457031250000e+02
-3.649424362182617188e+01
3.759059906005859375e+01
-2.575430107116699219e+01
-1.644022369384765625e+01
5.621658706665039062e+01
5.019143981933593750e+02
-1.615474128723144531e+01
-1.989023971557617188e+01
-1.017463588714599609e+01
-1.017571640014648438e+01
-3.497365978546440601e-04
2.723109209910035133e-03
1.901695970445871353e-03
-1.549517153762280941e-03
2.547370386309921741e-04
-2.386606065556406975e-04
-3.657831192016601562e+01
-2.353490600585937500e+02
-3.454099273681640625e+01
1.362671813964843750e+02
1.366393566131591797e+01
-2.382581949234008789e+00
-5.732298660278320312e+01
-1.935759887695312500e+02
-1.274867935180664062e+02
2.702623901367187500e+02
2.940274620056152344e+01
7.816494941711425781e+00
-7.922119140625000000e+01
-1.422470550537109375e+02
-1.218852767944335938e+02
2.252799377441406250e+02
5.610066604614257812e+01
3.158142852783203125e+01
-1.227397232055664062e+02
-1.400891418457031250e+02
-1.548206481933593750e+02
1.530910949707031250e+02
7.763574981689453125e+01
6.588494873046875000e+01
-1.982325897216796875e+02
-1.982458953857421875e+02
-2.302924499511718750e+02
1.108084793090820312e+02
6.745712280273437500e+01
6.745942687988281250e+01
-2.905303039550781250e+02
-3.380051879882812500e+02
-3.018058471679687500e+02
9.073014068603515625e+01
5.615277481079101562e+01
5.795570755004882812e+01
-4.183197021484375000e+02
-6.509910278320312500e+02
-4.109006347656250000e+02
1.137486190795898438e+02
5.246826171875000000e+01
6.269949722290039062e+01
-5.809720458984375000e+02
-1.076343750000000000e+03
-3.138872985839843750e+02
1.496603851318359375e+02
4.802466583251953125e+01
5.267391586303710938e+01
-6.702473754882812500e+02
-1.515277465820312500e+03
-2.332642059326171875e+02
1.863743133544921875e+02
3.689367294311523438e+01
2.966909027099609375e+01
-4.112452697753906250e+02
-4.846207885742187500e+02
-1.254119491577148438e+02
2.533725128173828125e+02
2.191583251953125000e+01
1.896225547790527344e+01
7.103664875030517578e+00
1.402926025390625000e+02
-6.784102630615234375e+01
2.535383300781250000e+02
-8.787234306335449219e+00
3.156479358673095703e+00
1.316869354248046875e+02
5.428688354492187500e+02
-3.754669189453125000e+01
1.981315155029296875e+02
-2.604814910888671875e+01
-1.338854980468750000e+01
1.493461608886718750e+02
7.145132446289062500e+02
-2.264316177368164062e+01
2.640653228759765625e+01
-2.935176086425781250e+01
-2.034811210632324219e+01
1.259991149902343750e+02
7.297728271484375000e+02
-1.034893512725830078e+01
-6.138248443603515625e+01
-1.803364944458007812e+01
-1.824305343627929688e+01
6.390874099731445312e+01
3.589789428710937500e+02
2.963713073730468750e+01
-5.443603515625000000e+01
-1.016440868377685547e+01
-5.095993995666503906e+00
3.402580916881561279e-01
-1.080028533935546875e+00
-1.257547855377197266e+00
1.678497672080993652e+00
3.236877173185348511e-02
2.977603971958160400e-01
-4.018704605102539062e+01
-8.515635681152343750e+01
-1.776410064697265625e+02
2.200092620849609375e+02
1.273875617980957031e+01
1.028230428695678711e+00
-7.317082214355468750e+01
-6.793447113037109375e+01
-2.162157440185546875e+02
2.318101348876953125e+02
2.948861885070800781e+01
1.971078300476074219e+01
-1.092011718750000000e+02
-6.189305496215820312e+01
-1.517824707031250000e+02
1.735516967773437500e+02
5.857540130615234375e+01
5.391747665405273438e+01
-1.232080688476562500e+02
-1.399664611816406250e+02
-1.539258270263671875e+02
1.545178222656250000e+02
7.554270935058593750e+01
6.611625671386718750e+01
-2.559706726074218750e+02
-1.894039611816406250e+02
-1.694191741943359375e+02
1.530543975830078125e+02
5.828162765502929688e+01
7.363649749755859375e+01
-3.663269042968750000e+02
-3.849053649902343750e+02
-2.073677368164062500e+02
1.634764709472656250e+02
5.269646072387695312e+01
6.729652404785156250e+01
-5.214002075195312500e+02
-7.126264648437500000e+02
-2.296738586425781250e+02
1.912024078369140625e+02
4.568890762329101562e+01
5.579003143310546875e+01
-7.289144897460937500e+02
-7.196674194335937500e+02
-1.775769805908203125e+02
2.271522674560546875e+02
3.795755386352539062e+01
3.996685791015625000e+01
-3.640148925781250000e+02
-4.567159423828125000e+02
-7.181280517578125000e+01
2.714992675781250000e+02
2.214753913879394531e+01
2.695015144348144531e+01
-2.024939727783203125e+01
-1.664982299804687500e+02
-3.315372467041015625e+01
2.593699340820312500e+02
-3.643049001693725586e-01
1.196644020080566406e+01
1.172057266235351562e+02
2.612148132324218750e+02
-1.478909206390380859e+01
1.289720001220703125e+02
-1.971890640258789062e+01
-5.168048858642578125e+00
2.392556457519531250e+02
5.023708496093750000e+02
-1.273107528686523438e+01
-3.649727249145507812e+01
-2.853836631774902344e+01
-1.515854549407958984e+01
2.743860778808593750e+02
5.818205566406250000e+02
2.819509983062744141e+00
-5.125346755981445312e+01
-2.744003486633300781e+01
-1.747134399414062500e+01
2.083626251220703125e+02
4.049342041015625000e+02
1.767747306823730469e+01
-9.698252868652343750e+01
-1.797967529296875000e+01
-1.075882720947265625e+01
1.088118667602539062e+02
1.256867675781250000e+02
3.802980804443359375e+01
-7.880490875244140625e+01
-9.019837379455566406e+00
-3.099615573883056641e+00
3.444621860980987549e-01
5.964043736457824707e-01
2.808360099792480469e+00
-6.908216476440429688e-01
1.104082986712455750e-01
3.476094305515289307e-01
-1.506410064697265625e+02
7.581837463378906250e+01
-2.948084411621093750e+02
2.916098937988281250e+02
7.407411575317382812e+00
1.286503505706787109e+01
-7.096108245849609375e+01
-6.847751617431640625e+01
-2.158073272705078125e+02
2.273173828125000000e+02
2.807012176513671875e+01
1.919344902038574219e+01
-7.816131591796875000e+01
-1.447876586914062500e+02
-1.223582000732421875e+02
2.290593566894531250e+02
5.532942199707031250e+01
3.293777084350585938e+01
-1.778593597412109375e+02
-1.959858245849609375e+02
-1.146645507812500000e+02
1.989436798095703125e+02
5.875299072265625000e+01
5.280754089355468750e+01
-4.247471008300781250e+02
-2.158291473388671875e+02
-9.331678771972656250e+01
2.190342102050781250e+02
5.213018035888671875e+01
5.234408569335937500e+01
-5.651049194335937500e+02
-3.934614257812500000e+02
-1.259222564697265625e+02
2.358065185546875000e+02
4.383699417114257812e+01
5.420596694946289062e+01
-5.834143676757812500e+02
-5.549316406250000000e+02
-1.146098480224609375e+02
2.479469146728515625e+02
3.506107330322265625e+01
4.334603118896484375e+01
-2.899938354492187500e+02
-5.161362915039062500e+02
-3.003287124633789062e+01
2.475990600585937500e+02
2.012040710449218750e+01
3.083732032775878906e+01
-4.253262710571289062e+01
-3.284186096191406250e+02
-1.001203727722167969e+01
1.786286468505859375e+02
6.773376941680908203e+00
1.749648284912109375e+01
4.164277553558349609e+00
3.054149246215820312e+01
-1.569133758544921875e+01
3.239399337768554688e+01
-1.243345260620117188e+01
5.290749073028564453e+00
1.501646270751953125e+02
2.903926086425781250e+02
-1.193111801147460938e+01
4.768312835693359375e+01
-2.645949363708496094e+01
-8.430549621582031250e+00
3.460309143066406250e+02
2.925546264648437500e+02
1.143358039855957031e+01
4.237189865112304688e+01
-3.327287673950195312e+01
-1.680931091308593750e+01
4.270493469238281250e+02
1.297972106933593750e+02
2.885446929931640625e+01
9.252684593200683594e+00
-2.699672317504882812e+01
-1.534201812744140625e+01
4.026235046386718750e+02
-8.550191497802734375e+01
3.685705566406250000e+01
-5.196976089477539062e+01
-1.624734497070312500e+01
-1.076543998718261719e+01
3.511421508789062500e+02
-2.283724517822265625e+02
1.244622955322265625e+02
-1.130726547241210938e+02
-7.810134887695312500e+00
1.064179658889770508e+00
-7.347338199615478516e-01
3.265574574470520020e-01
9.330499768257141113e-01
-2.863445758819580078e+00
8.546669483184814453e-01
1.733905196189880371e+00
-4.138646697998046875e+01
-8.346764373779296875e+01
-1.813823547363281250e+02
2.100612792968750000e+02
1.340874576568603516e+01
9.883229136466979980e-01
-5.819111633300781250e+01
-1.918350677490234375e+02
-1.224283523559570312e+02
2.671382751464843750e+02
2.874148941040039062e+01
6.232208251953125000e+00
-1.294375152587890625e+02
-2.873393859863281250e+02
-7.760453033447265625e+01
2.310715637207031250e+02
3.973483276367187500e+01
2.493194770812988281e+01
-3.566600646972656250e+02
-2.566499633789062500e+02
-4.294665908813476562e+01
2.358803558349609375e+02
4.195826721191406250e+01
4.130067443847656250e+01
-5.798743896484375000e+02
-3.001436767578125000e+02
-4.579489898681640625e+01
2.644321899414062500e+02
3.930640029907226562e+01
4.417057037353515625e+01
-5.595344848632812500e+02
-4.643338012695312500e+02
-4.831155776977539062e+01
2.762630310058593750e+02
3.302288055419921875e+01
4.101045227050781250e+01
-2.474594268798828125e+02
-3.920153808593750000e+02
-4.355688858032226562e+01
1.882721405029296875e+02
3.102690505981445312e+01
1.324510765075683594e+01
-1.244416832923889160e+00
-3.942521667480468750e+02
-3.195265388488769531e+01
1.125441284179687500e+02
1.707227134704589844e+01
5.167047500610351562e+00
-2.440316677093505859e+00
-1.455384826660156250e+02
-1.129702854156494141e+01
6.995587158203125000e+01
-1.866637349128723145e+00
4.821616172790527344e+00
-2.749312210083007812e+01
1.477045898437500000e+02
3.827079296112060547e+00
8.426891326904296875e+01
-1.730836868286132812e+01
-5.675948262214660645e-01
1.706536865234375000e+02
1.573856353759765625e+02
2.684939384460449219e+01
7.640499114990234375e+01
-2.970509529113769531e+01
-1.008698558807373047e+01
4.056883850097656250e+02
5.214754343032836914e-01
1.854623603820800781e+01
5.586319923400878906e+00
-3.258926773071289062e+01
-1.598689365386962891e+01
5.570574951171875000e+02
-1.428208618164062500e+02
1.701471519470214844e+01
-3.615306472778320312e+01
-2.707484626770019531e+01
-1.721335983276367188e+01
4.022084350585937500e+02
-8.591580963134765625e+01
3.982788848876953125e+01
-5.384603500366210938e+01
-1.640446281433105469e+01
-1.071979808807373047e+01
1.106557617187500000e+02
1.292002410888671875e+02
3.840799331665039062e+01
-7.413502502441406250e+01
-8.968603134155273438e+00
-1.202831149101257324e+00
-1.242649406194686890e-01
6.079629063606262207e-01
-4.760058820247650146e-01
9.549358367919921875e+00
1.249654293060302734e+00
-2.923528850078582764e-01
-3.769660949707031250e+01
-2.367986450195312500e+02
-3.070293998718261719e+01
1.425242309570312500e+02
1.387786197662353516e+01
-2.881915807723999023e+00
-9.878759002685546875e+01
-4.287036743164062500e+02
-5.718323516845703125e+01
1.849459381103515625e+02
2.413738441467285156e+01
1.201430606842041016e+01
-2.836252746582031250e+02
-3.829194030761718750e+02
-4.454581451416015625e+01
1.727061309814453125e+02
2.976980972290039062e+01
2.458926963806152344e+01
-5.189837036132812500e+02
-2.296237487792968750e+02
-2.670253753662109375e+01
1.903187561035156250e+02
3.547833633422851562e+01
2.615560150146484375e+01
-5.032337646484375000e+02
-2.708932495117187500e+02
-3.765204620361328125e+01
1.875786285400390625e+02
3.543223571777343750e+01
2.224488830566406250e+01
-1.711401214599609375e+02
-4.315729141235351562e+01
-3.688550949096679688e+01
-2.843887710571289062e+01
3.028899383544921875e+01
7.947371482849121094e+00
6.936427307128906250e+01
-1.546565093994140625e+02
-3.907805252075195312e+01
-2.430472183227539062e+01
2.070682144165039062e+01
-1.293387770652770996e+00
9.142811584472656250e+01
-1.298736114501953125e+02
-2.051714324951171875e+01
-4.126073455810546875e+01
1.071964454650878906e+01
-4.026618480682373047e+00
-9.090803527832031250e+01
1.299708404541015625e+02
2.355707359313964844e+01
3.537121963500976562e+01
-1.022782707214355469e+01
3.638064384460449219e+00
-7.187117767333984375e+01
1.567114105224609375e+02
4.054861450195312500e+01
2.263977432250976562e+01
-2.115392875671386719e+01
2.881783246994018555e+00
1.705584411621093750e+02
4.569748687744140625e+01
3.608854293823242188e+01
2.252944946289062500e+01
-3.041786956787109375e+01
-7.006340980529785156e+00
4.086227111816406250e+02
-1.104184865951538086e+00
1.932359313964843750e+01
8.033568382263183594e+00
-3.215353775024414062e+01
-1.523518848419189453e+01
4.286462097167968750e+02
1.291387329101562500e+02
2.706262779235839844e+01
1.894162750244140625e+01
-2.669172668457031250e+01
-1.647476959228515625e+01
2.097917327880859375e+02
4.032450561523437500e+02
1.634857749938964844e+01
-1.006617660522460938e+02
-1.787012672424316406e+01
-1.065971088409423828e+01
6.283976745605468750e+01
3.604824218750000000e+02
2.952742767333984375e+01
-5.620406341552734375e+01
-9.226933479309082031e+00
-6.027035236358642578e+00
4.948736131191253662e-01
7.701480388641357422e-01
-3.075213730335235596e-01
1.069112047553062439e-01
2.621330320835113525e-01
-9.252326488494873047e-01
-6.231415557861328125e+01
-3.610435485839843750e+02
-2.902858924865722656e+01
5.101574707031250000e+01
9.518748283386230469e+00
5.291768074035644531e+00
-2.081862335205078125e+02
-3.980377197265625000e+02
-1.862027168273925781e+01
8.970901489257812500e+01
1.792494583129882812e+01
9.714005470275878906e+00
-4.293854370117187500e+02
-1.299449768066406250e+02
-2.813435173034667969e+01
-1.622122573852539062e+01
2.732905578613281250e+01
1.740171623229980469e+01
-4.066190490722656250e+02
4.856155812740325928e-01
-2.192333030700683594e+01
-9.604971885681152344e+00
3.206321716308593750e+01
1.659357070922851562e+01
-1.141430282592773438e+02
3.006013183593750000e+02
-4.708535003662109375e+01
-1.856436309814453125e+02
2.828605270385742188e+01
8.583359718322753906e+00
1.283365173339843750e+02
2.617893066406250000e+02
-8.189918518066406250e+01
-2.133526458740234375e+02
2.527361106872558594e+01
-4.205116748809814453e+00
2.144367675781250000e+02
1.715292205810546875e+02
-3.847676467895507812e+01
-1.422426452636718750e+02
1.482998752593994141e+01
-3.765851259231567383e+00
-9.724563598632812500e+00
2.705590515136718750e+02
9.201334953308105469e+00
-3.202065658569335938e+01
-3.619794920086860657e-02
8.449004173278808594e+00
-1.719421386718750000e+02
2.687133789062500000e+02
3.695571517944335938e+01
2.293004512786865234e+00
-1.288471508026123047e+01
1.299172496795654297e+01
-7.151929473876953125e+01
1.526304168701171875e+02
4.031836700439453125e+01
2.527181243896484375e+01
-2.121279716491699219e+01
2.694261550903320312e+00
1.685827941894531250e+02
1.578427124023437500e+02
2.556677818298339844e+01
8.002880859375000000e+01
-2.977543640136718750e+01
-1.046437263488769531e+01
3.419303283691406250e+02
2.924342041015625000e+02
1.116170120239257812e+01
4.039218902587890625e+01
-3.292465591430664062e+01
-1.611026191711425781e+01
2.773121032714843750e+02
5.866546020507812500e+02
3.880649805068969727e+00
-4.598064804077148438e+01
-2.774694252014160156e+01
-1.740329742431640625e+01
1.286039428710937500e+02
7.267720947265625000e+02
-7.737617015838623047e+00
-6.627264404296875000e+01
-1.769264984130859375e+01
-1.948652648925781250e+01
5.727645492553710938e+01
4.962233886718750000e+02
-1.675620651245117188e+01
-2.373912620544433594e+01
-1.013395023345947266e+01
-1.123502445220947266e+01
-9.333516359329223633e-01
2.858330488204956055e+00
4.801027178764343262e-01
3.155658543109893799e-01
6.472916901111602783e-02
-1.079390287399291992e+00
-1.125619277954101562e+02
-2.382583007812500000e+02
7.456886768341064453e+00
7.320752620697021484e+00
9.556817054748535156e+00
7.997873306274414062e+00
-3.275717163085937500e+02
1.074832248687744141e+01
-1.826497554779052734e+00
-1.635125350952148438e+01
2.068695640563964844e+01
1.135291481018066406e+01
-3.262068176269531250e+02
2.486415252685546875e+02
-1.617612266540527344e+01
-9.779695892333984375e+01
2.737589454650878906e+01
1.391261768341064453e+01
-7.519853210449218750e+01
3.966228027343750000e+02
-3.494355010986328125e+01
-1.971203460693359375e+02
2.393189048767089844e+01
1.347486782073974609e+01
1.568287353515625000e+02
4.152267761230468750e+02
-7.825290679931640625e+01
-2.331735992431640625e+02
2.301489257812500000e+01
7.103075981140136719e+00
3.021000061035156250e+02
3.584860534667968750e+02
-1.183838500976562500e+02
-1.679766387939453125e+02
1.394819641113281250e+01
5.550324440002441406e+00
1.639589385986328125e+02
3.891996154785156250e+02
-1.919696044921875000e+01
-1.056715240478515625e+02
2.208863496780395508e+00
1.594635009765625000e+01
-1.139665794372558594e+01
2.723946533203125000e+02
9.072480201721191406e+00
-3.182325935363769531e+01
6.175552606582641602e-01
9.689910888671875000e+00
-9.190445709228515625e+01
1.283813018798828125e+02
2.114530181884765625e+01
4.314470672607421875e+01
-1.006586265563964844e+01
4.325124740600585938e+00
-2.779196739196777344e+01
1.494416351318359375e+02
3.070884227752685547e+00
8.008838653564453125e+01
-1.723786544799804688e+01
-1.396999835968017578e+00
1.490892944335937500e+02
2.904990234375000000e+02
-1.310276794433593750e+01
4.778306198120117188e+01
-2.635741996765136719e+01
-8.240293502807617188e+00
2.409577331542968750e+02
4.973401184082031250e+02
-1.153106117248535156e+01
-2.876201820373535156e+01
-2.781463432312011719e+01
-1.602326202392578125e+01
1.509054718017578125e+02
7.079192504882812500e+02
-2.348061561584472656e+01
2.693766593933105469e+01
-3.003055763244628906e+01
-2.041430854797363281e+01
9.086277008056640625e+01
7.697046508789062500e+02
-3.723136520385742188e+01
3.948641204833984375e+01
-2.674036788940429688e+01
-1.632470703125000000e+01
7.321389007568359375e+01
4.128784790039062500e+02
-3.402294540405273438e+01
1.887876319885253906e+01
-1.647462081909179688e+01
-7.834912776947021484e+00
8.985437154769897461e-01
-1.917084813117980957e+00
-1.759772598743438721e-01
1.506631374359130859e+00
-8.443326950073242188e-01
-2.090437561273574829e-01
-1.925982360839843750e+02
6.936704254150390625e+01
9.778093338012695312e+00
-3.237983322143554688e+01
1.405900192260742188e+01
5.503332614898681641e+00
-2.633041381835937500e+02
3.182687377929687500e+02
-7.136698246002197266e+00
-9.049180603027343750e+01
1.931619644165039062e+01
1.239809513092041016e+01
-4.520859909057617188e+01
3.371899414062500000e+02
-2.931536293029785156e+01
-1.660315704345703125e+02
1.666475486755371094e+01
8.869956970214843750e+00
1.563319702148437500e+02
3.616941833496093750e+02
-4.835472869873046875e+01
-2.392479400634765625e+02
2.012239265441894531e+01
7.658565521240234375e+00
2.751319274902343750e+02
3.969791564941406250e+02
-8.888805389404296875e+01
-2.537615661621093750e+02
1.933714675903320312e+01
1.224719619750976562e+01
2.986940002441406250e+02
3.599302062988281250e+02
-1.168824157714843750e+02
-1.696361694335937500e+02
1.636544036865234375e+01
6.636624813079833984e+00
2.148296508789062500e+02
1.733691406250000000e+02
-3.671062469482421875e+01
-1.431487579345703125e+02
1.568296432495117188e+01
-2.704488754272460938e+00
9.187166595458984375e+01
-1.283332824707031250e+02
-2.115386962890625000e+01
-4.313698577880859375e+01
1.005782508850097656e+01
-4.316697120666503906e+00
-2.590287685394287109e+00
-1.403682861328125000e+02
-1.127825832366943359e+01
7.626029205322265625e+01
-1.626224279403686523e+00
4.258862018585205078e+00
1.697600603103637695e+00
2.849453926086425781e+01
-1.554645347595214844e+01
4.451043701171875000e+01
-1.189832782745361328e+01
4.156644821166992188e+00
1.168511047363281250e+02
2.612955017089843750e+02
-1.511915588378906250e+01
1.332991027832031250e+02
-1.904732322692871094e+01
-4.960335254669189453e+00
1.336079101562500000e+02
5.438435668945312500e+02
-4.044930267333984375e+01
1.881183319091796875e+02
-2.610845375061035156e+01
-1.430447959899902344e+01
1.009934387207031250e+02
6.289838256835937500e+02
-6.252479171752929688e+01
1.696955261230468750e+02
-2.977401924133300781e+01
-1.632750320434570312e+01
1.033922576904296875e+02
5.249960937500000000e+02
-8.461703491210937500e+01
1.204854049682617188e+02
-2.503579139709472656e+01
-1.047233963012695312e+01
9.043027496337890625e+01
1.534492797851562500e+02
-3.277360916137695312e+01
6.042637634277343750e+01
-1.464434909820556641e+01
-3.287822008132934570e+00
-1.034320831298828125e+00
-3.388656973838806152e-01
-1.473035097122192383e+00
1.006854534149169922e+00
-6.472842097282409668e-01
9.066189825534820557e-02
-1.932115783691406250e+02
2.610561218261718750e+02
-1.839504432678222656e+01
-5.677988433837890625e+01
5.604560375213623047e+00
2.347443580627441406e+00
-2.593710517883300781e+01
1.959938812255859375e+02
-1.345974445343017578e+01
-9.828923034667968750e+01
7.147333145141601562e+00
1.829764556884765625e+01
1.171365585327148438e+02
2.536678009033203125e+02
-4.838731765747070312e+01
-1.891439971923828125e+02
1.198352336883544922e+01
2.683214950561523438e+01
1.556198120117187500e+02
3.604572143554687500e+02
-4.827128219604492188e+01
-2.401658477783203125e+02
2.074081802368164062e+01
8.074890136718750000e+00
1.571172332763671875e+02
4.169344787597656250e+02
-8.018272399902343750e+01
-2.374848327636718750e+02
2.180272483825683594e+01
7.207389831542968750e+00
1.252557220458984375e+02
2.631569824218750000e+02
-8.479692840576171875e+01
-2.132829742431640625e+02
2.396067237854003906e+01
-3.363703489303588867e+00
7.151539611816406250e+01
-1.526311035156250000e+02
-4.031936645507812500e+01
-2.525625991821289062e+01
2.121268653869628906e+01
-2.699491977691650391e+00
-2.462472200393676758e+00
-3.916113586425781250e+02
-2.974282264709472656e+01
1.116863784790039062e+02
1.751761817932128906e+01
4.056192874908447266e+00
-4.880335617065429688e+01
-3.246481933593750000e+02
-1.012172317504882812e+01
1.773199920654296875e+02
6.994296073913574219e+00
1.775923347473144531e+01
-2.089641761779785156e+01
-1.733987274169921875e+02
-3.593346023559570312e+01
2.469625549316406250e+02
1.345321089029312134e-01
1.187359428405761719e+01
5.634450435638427734e+00
1.400314636230468750e+02
-6.758709716796875000e+01
2.539034576416015625e+02
-8.831689834594726562e+00
2.575784683227539062e+00
-9.577819061279296875e+01
5.172023925781250000e+02
-1.077238693237304688e+02
2.355080413818359375e+02
-1.878726387023925781e+01
-1.191256284713745117e+00
2.691371154785156250e+01
4.085826721191406250e+02
-1.381339569091796875e+02
1.888585510253906250e+02
-2.117338180541992188e+01
-1.554476976394653320e+00
8.575177764892578125e+01
1.887549743652343750e+02
-9.375779724121093750e+01
1.313952941894531250e+02
-1.888993453979492188e+01
-7.886121273040771484e-01
1.065064163208007812e+02
-9.706396484375000000e+01
-2.612234497070312500e+01
7.347924041748046875e+01
-1.210192680358886719e+01
-2.594041109085083008e+00
1.521967411041259766e+00
-7.973657846450805664e-01
-1.254183333367109299e-02
1.591976404190063477e+00
1.487644910812377930e-01
-1.069687128067016602e+00
3.427352607250213623e-01
1.587898015975952148e+00
-1.231402993202209473e+00
-1.574504375457763672e-01
1.376629620790481567e-01
6.000214815139770508e-01
-2.775294113159179688e+01
1.936038818359375000e+02
-1.336922740936279297e+01
-9.586814117431640625e+01
7.087918758392333984e+00
1.931367301940917969e+01
-4.734465789794921875e+01
3.416523437500000000e+02
-2.902332496643066406e+01
-1.678855133056640625e+02
1.716459846496582031e+01
9.605512619018554688e+00
-7.393415069580078125e+01
4.006787719726562500e+02
-3.291034698486328125e+01
-1.869946746826171875e+02
2.298488616943359375e+01
1.444647979736328125e+01
-1.175647506713867188e+02
3.074127502441406250e+02
-4.495957183837890625e+01
-1.923088531494140625e+02
2.805124855041503906e+01
9.418997764587402344e+00
-1.705606842041015625e+02
-4.569587326049804688e+01
-3.608765029907226562e+01
-2.250330352783203125e+01
3.041707420349121094e+01
6.999742984771728516e+00
-2.501160278320312500e+02
-3.885970153808593750e+02
-4.346029281616210938e+01
1.930773773193359375e+02
3.076293182373046875e+01
1.351735877990722656e+01
-2.902637634277343750e+02
-5.098894653320312500e+02
-3.377063369750976562e+01
2.552318115234375000e+02
1.932979202270507812e+01
3.047927284240722656e+01
-3.660163574218750000e+02
-4.515243225097656250e+02
-7.380001831054687500e+01
2.667742919921875000e+02
2.182988166809082031e+01
2.677332687377929688e+01
-4.156036376953125000e+02
-4.852721862792968750e+02
-1.221669692993164062e+02
2.512650604248046875e+02
2.146466636657714844e+01
1.918141365051269531e+01
-4.846186218261718750e+02
-2.714479675292968750e+02
-1.655149536132812500e+02
2.229505462646484375e+02
5.017489433288574219e+00
1.765313529968261719e+01
-9.426260375976562500e+01
3.428205549716949463e-01
-1.973078613281250000e+02
1.783637390136718750e+02
-2.441894054412841797e+00
1.056237125396728516e+01
3.244969177246093750e+01
-4.687885665893554688e+01
-1.396419982910156250e+02
1.343489379882812500e+02
-7.204155445098876953e+00
7.590897560119628906e+00
6.068011093139648438e+01
-1.822941894531250000e+02
-7.864352416992187500e+01
9.522361755371093750e+01
-7.871360301971435547e+00
2.610580682754516602e+00
2.817714500427246094e+01
-1.735095977783203125e+02
-2.143495178222656250e+01
6.547596740722656250e+01
-6.061448574066162109e+00
-1.352512454986572266e+01
2.781690788269042969e+01
-1.748549346923828125e+02
-2.102810478210449219e+01
6.494012451171875000e+01
-6.797505855560302734e+00
-1.413591861724853516e+01
-7.685449123382568359e-01
-2.228002846240997314e-01
1.168253898620605469e+00
-1.040643692016601562e+00
1.705238372087478638e-01
-1.919651329517364502e-01
-1.961189270019531250e+02
2.629712219238281250e+02
-1.770337677001953125e+01
-5.663261032104492188e+01
6.000946998596191406e+00
1.466583013534545898e+00
-2.634207763671875000e+02
3.228317871093750000e+02
-7.604278564453125000e+00
-8.847280120849609375e+01
1.821450233459472656e+01
1.249192810058593750e+01
-3.260358276367187500e+02
2.470404663085937500e+02
-1.601322746276855469e+01
-9.563524627685546875e+01
2.620288848876953125e+01
1.371894264221191406e+01
-4.057012023925781250e+02
-5.349710583686828613e-01
-1.856573104858398438e+01
-5.558435440063476562e+00
3.259034729003906250e+01
1.598494338989257812e+01
-5.079961242675781250e+02
-2.675548400878906250e+02
-3.548454666137695312e+01
1.966589965820312500e+02
3.615431976318359375e+01
2.251795959472656250e+01
-5.695603027343750000e+02
-4.646757812500000000e+02
-4.652450180053710938e+01
2.841182861328125000e+02
3.289535903930664062e+01
4.177350234985351562e+01
-5.890511474609375000e+02
-5.558541259765625000e+02
-1.158263015747070312e+02
2.520878143310546875e+02
3.493060302734375000e+01
4.293693923950195312e+01
-7.210206298828125000e+02
-7.100015258789062500e+02
-1.800304870605468750e+02
2.251205291748046875e+02
3.830957412719726562e+01
3.879693984985351562e+01
-6.760787963867187500e+02
-1.508615112304687500e+03
-2.343677673339843750e+02
1.851251373291015625e+02
3.681866836547851562e+01
2.882434463500976562e+01
-9.271758422851562500e+02
-9.276813354492187500e+02
-2.476145935058593750e+02
1.408737487792968750e+02
2.664356613159179688e+01
2.588920974731445312e+01
-1.162939300537109375e+02
-5.491325683593750000e+02
-2.203908081054687500e+02
1.024668579101562500e+02
1.565200901031494141e+01
1.922326469421386719e+01
5.050381088256835938e+01
-3.934809875488281250e+02
-1.648442230224609375e+02
8.140297698974609375e+01
7.196106910705566406e+00
1.004236602783203125e+01
1.246389198303222656e+01
-3.001000976562500000e+02
-6.826628875732421875e+01
6.985117340087890625e+01
3.192358970642089844e+00
-1.115341067314147949e+00
6.175763702392578125e+01
-1.821814117431640625e+02
-7.543079376220703125e+01
9.726548004150390625e+01
-7.854012012481689453e+00
1.842545866966247559e+00
1.068756332397460938e+02
-9.884141540527343750e+01
-2.408427619934082031e+01
7.240203094482421875e+01
-1.226562213897705078e+01
-2.770485401153564453e+00
-6.632640957832336426e-02
6.250824332237243652e-01
-4.648989066481590271e-02
5.308181643486022949e-01
-9.922430664300918579e-02
-1.434675604104995728e-01
-1.921629486083984375e+02
6.837118530273437500e+01
1.048267555236816406e+01
-3.053948593139648438e+01
1.450503826141357422e+01
4.824179172515869141e+00
-3.289635620117187500e+02
1.102181720733642578e+01
-2.295471906661987305e+00
-2.229899024963378906e+01
2.116827392578125000e+01
1.247596645355224609e+01
-4.270662231445312500e+02
-1.298029632568359375e+02
-2.885181427001953125e+01
-9.218626022338867188e+00
2.699594116210937500e+01
1.533927440643310547e+01
-5.142288818359375000e+02
-2.288204040527343750e+02
-2.561826515197753906e+01
1.928213806152343750e+02
3.505688858032226562e+01
2.578733634948730469e+01
-5.807545166015625000e+02
-2.996549682617187500e+02
-4.630516815185546875e+01
2.672832336425781250e+02
3.876931381225585938e+01
4.402142715454101562e+01
-5.732266235351562500e+02
-3.984005432128906250e+02
-1.253177185058593750e+02
2.411131134033203125e+02
4.375382232666015625e+01
5.517494201660156250e+01
-5.182042846679687500e+02
-7.091817626953125000e+02
-2.294744873046875000e+02
1.957716369628906250e+02
4.583510971069335938e+01
5.574658203125000000e+01
-5.874355468750000000e+02
-1.069182006835937500e+03
-3.125752563476562500e+02
1.423627014160156250e+02
4.805347061157226562e+01
5.161864089965820312e+01
-1.705707397460937500e+03
-8.714424438476562500e+02
-3.846643066406250000e+02
1.047576675415039062e+02
4.425919342041015625e+01
4.460824584960937500e+01
-1.548189819335937500e+03
-5.982911987304687500e+02
-3.898577270507812500e+02
8.384053039550781250e+01
3.209053802490234375e+01
3.588408660888671875e+01
-3.879407958984375000e+02
-4.998925170898437500e+02
-3.214500122070312500e+02
7.507499694824218750e+01
1.890746879577636719e+01
2.399850463867187500e+01
5.372755050659179688e+01
-3.936332397460937500e+02
-1.666403656005859375e+02
8.133013153076171875e+01
6.254352092742919922e+00
1.030301380157470703e+01
3.152133750915527344e+01
-4.138361740112304688e+01
-1.387231140136718750e+02
1.400415191650390625e+02
-6.959083557128906250e+00
7.457145690917968750e+00
8.976219940185546875e+01
1.889749298095703125e+02
-9.143568420410156250e+01
1.314944915771484375e+02
-1.860325050354003906e+01
-2.653722763061523438e-01
9.122050476074218750e+01
1.497579193115234375e+02
-3.155523109436035156e+01
5.542301177978515625e+01
-1.433093738555908203e+01
-3.565904378890991211e+00
8.755978345870971680e-01
1.088954731822013855e-01
-4.848889112472534180e-01
2.714549064636230469e+00
3.664932548999786377e-01
2.347407117486000061e-02
-1.145450744628906250e+02
-2.384257202148437500e+02
9.111446380615234375e+00
9.260011315345764160e-01
9.992195129394531250e+00
8.914028167724609375e+00
-2.083682861328125000e+02
-4.049522399902343750e+02
-1.766872596740722656e+01
9.697293853759765625e+01
1.797798919677734375e+01
1.075508117675781250e+01
-2.828143310546875000e+02
-3.859378051757812500e+02
-4.329940414428710938e+01
1.702321472167968750e+02
2.956094932556152344e+01
2.417871284484863281e+01
-3.576462707519531250e+02
-2.558704376220703125e+02
-4.515463256835937500e+01
2.438976287841796875e+02
4.272890853881835938e+01
4.110620880126953125e+01
-4.234945068359375000e+02
-2.156587677001953125e+02
-9.059353637695312500e+01
2.238547210693359375e+02
5.197289657592773438e+01
5.199950408935546875e+01
-3.676798095703125000e+02
-3.861561584472656250e+02
-2.116582641601562500e+02
1.647083587646484375e+02
5.257620239257812500e+01
6.808667755126953125e+01
-4.199686584472656250e+02
-6.481813354492187500e+02
-4.092173156738281250e+02
1.086500320434570312e+02
5.145973968505859375e+01
6.369152450561523438e+01
-1.096684570312500000e+03
-5.995420532226562500e+02
-5.959807128906250000e+02
8.544128417968750000e+01
4.862193298339843750e+01
6.069428634643554688e+01
-2.162296875000000000e+03
-5.394819335937500000e+02
-5.706182250976562500e+02
7.929433441162109375e+01
4.187979507446289062e+01
5.162870407104492188e+01
-1.558526855468750000e+03
-5.968473510742187500e+02
-3.969722900390625000e+02
8.486277770996093750e+01
3.104216003417968750e+01
3.597147750854492188e+01
-1.140913696289062500e+02
-5.505996704101562500e+02
-2.186216583251953125e+02
1.053728942871093750e+02
1.579025268554687500e+01
1.966700172424316406e+01
-8.762775421142578125e+01
1.603012657165527344e+01
-1.938125762939453125e+02
1.810062255859375000e+02
-2.605150461196899414e+00
1.132205200195312500e+01
2.508278274536132812e+01
4.062720947265625000e+02
-1.343062438964843750e+02
1.864558715820312500e+02
-2.124894714355468750e+01
-1.368700623512268066e+00
1.023237457275390625e+02
5.225843505859375000e+02
-8.382131958007812500e+01
1.133758010864257812e+02
-2.538093566894531250e+01
-1.002848911285400391e+01
7.157219696044921875e+01
4.154045410156250000e+02
-3.310309600830078125e+01
1.830125427246093750e+01
-1.504182720184326172e+01
-7.443659305572509766e+00
4.899991452693939209e-01
-7.228590250015258789e-01
-6.331546306610107422e-01
-1.017351031303405762e+00
3.968816623091697693e-02
2.927070260047912598e-01
-6.390735626220703125e+01
-3.589771118164062500e+02
-2.964017486572265625e+01
5.442363739013671875e+01
1.016504573822021484e+01
5.097614765167236328e+00
-9.920168304443359375e+01
-4.311023254394531250e+02
-5.583097076416015625e+01
1.843370361328125000e+02
2.460071182250976562e+01
1.214366340637207031e+01
-1.290582885742187500e+02
-2.847853393554687500e+02
-7.737326049804687500e+01
2.432924804687500000e+02
4.185866928100585938e+01
2.504245758056640625e+01
-1.771174468994140625e+02
-1.934975738525390625e+02
-1.147950286865234375e+02
2.017451629638671875e+02
6.065154647827148438e+01
5.219574356079101562e+01
-2.565292663574218750e+02
-1.945987243652343750e+02
-1.722677917480468750e+02
1.523014221191406250e+02
5.954475021362304688e+01
7.353605651855468750e+01
-2.925993347167968750e+02
-3.388435974121093750e+02
-3.038174438476562500e+02
9.090373992919921875e+01
5.629121780395507812e+01
5.808325958251953125e+01
-5.304007568359375000e+02
-4.016958007812500000e+02
-5.507439575195312500e+02
7.977136230468750000e+01
5.062724304199218750e+01
6.580107116699218750e+01
-1.094490478515625000e+03
-5.946804199218750000e+02
-5.973463134765625000e+02
8.576602935791015625e+01
4.878821182250976562e+01
6.080576705932617188e+01
-1.689314453125000000e+03
-8.714635009765625000e+02
-3.831452026367187500e+02
1.083665695190429688e+02
4.425006103515625000e+01
4.460976409912109375e+01
-9.004732055664062500e+02
-9.390716552734375000e+02
-2.517850494384765625e+02
1.487662353515625000e+02
2.798080062866210938e+01
2.672429847717285156e+01
-1.030983886718750000e+03
-4.915204772949218750e+02
-2.734901428222656250e+02
9.359553527832031250e+01
9.760643005371093750e+00
2.751864242553710938e+01
-3.862818603515625000e+02
5.550098266601562500e+02
-2.023315277099609375e+02
1.314743652343750000e+02
-1.312118816375732422e+01
8.230573654174804688e+00
3.187285804748535156e+01
4.737681274414062500e+02
-1.478592376708984375e+02
1.210362014770507812e+02
-2.104919624328613281e+01
-8.274505138397216797e-01
6.095849227905273438e+01
3.887910461425781250e+02
-8.443502044677734375e+01
5.294675827026367188e+01
-1.524626064300537109e+01
-5.287797451019287109e+00
7.802203763276338577e-04
8.435343042947351933e-04
-9.597099269740283489e-04
-1.495942939072847366e-03
3.043166543648112565e-05
-1.306484955421183258e-05
-5.621631622314453125e+01
-5.019180297851562500e+02
1.615608596801757812e+01
1.988977622985839844e+01
1.017476558685302734e+01
1.017607975006103516e+01
-9.105466461181640625e+01
-7.189135131835937500e+02
-3.919624710083007812e+01
1.492666320800781250e+02
2.248999786376953125e+01
1.133508491516113281e+01
-1.085537796020507812e+02
-5.868460693359375000e+02
-5.941214370727539062e+01
2.361088104248046875e+02
3.568257141113281250e+01
2.411090850830078125e+01
-1.327926635742187500e+02
-4.693433227539062500e+02
-5.324582672119140625e+01
2.430144195556640625e+02
6.083182525634765625e+01
4.406612014770507812e+01
-1.916175384521484375e+02
-3.361267700195312500e+02
-1.300046997070312500e+02
1.772317962646484375e+02
6.765554809570312500e+01
5.710440063476562500e+01
-2.905214843750000000e+02
-3.380028076171875000e+02
-3.018140258789062500e+02
9.073073577880859375e+01
5.615139770507812500e+01
5.795796966552734375e+01
-4.393172912597656250e+02
-4.392818603515625000e+02
-7.330957641601562500e+02
5.466012191772460938e+01
5.465676498413085938e+01
5.123642730712890625e+01
-9.002412109375000000e+02
-9.183645629882812500e+02
-1.132867675781250000e+03
5.682942581176757812e+01
5.504703140258789062e+01
5.104599380493164062e+01
-1.317551391601562500e+03
-1.935781127929687500e+03
-9.292609252929687500e+02
6.091429138183593750e+01
5.400466537475585938e+01
4.816829299926757812e+01
-1.446687988281250000e+03
-2.621046875000000000e+03
-5.380709228515625000e+02
7.311486053466796875e+01
4.629703140258789062e+01
3.208509826660156250e+01
-9.134215087890625000e+02
-9.198276977539062500e+02
-2.540350494384765625e+02
1.488330383300781250e+02
2.745927429199218750e+01
2.704490661621093750e+01
-9.925114440917968750e+01
1.082644462585449219e+01
-1.969142913818359375e+02
1.778018035888671875e+02
-2.283380985260009766e+00
1.018576049804687500e+01
2.907752799987792969e+01
4.092203979492187500e+02
-1.343728485107421875e+02
1.872573242187500000e+02
-2.102301025390625000e+01
-1.073275446891784668e+00
1.024458007812500000e+02
5.221118164062500000e+02
-8.300256347656250000e+01
1.150177536010742188e+02
-2.558593368530273438e+01
-1.049469470977783203e+01
7.181868743896484375e+01
4.129125671386718750e+02
-3.302529144287109375e+01
1.408564853668212891e+01
-1.536825370788574219e+01
-7.590814113616943359e+00
-4.899497628211975098e-01
7.232881188392639160e-01
6.330388188362121582e-01
1.020185828208923340e+00
-3.954080864787101746e-02
-2.923198640346527100e-01
-6.327489471435546875e+01
-3.570804443359375000e+02
-3.049810218811035156e+01
5.313989639282226562e+01
9.787464141845703125e+00
5.063217639923095703e+00
-1.003092422485351562e+02
-4.291160278320312500e+02
-5.615427398681640625e+01
1.848572692871093750e+02
2.461361694335937500e+01
1.191777515411376953e+01
-1.288847808837890625e+02
-2.848553466796875000e+02
-7.741994476318359375e+01
2.343750610351562500e+02
4.119461441040039062e+01
2.473418807983398438e+01
-1.748472290039062500e+02
-1.923049621582031250e+02
-1.139313354492187500e+02
1.999045867919921875e+02
6.048064804077148438e+01
5.162777328491210938e+01
-2.559185028076171875e+02
-1.894163970947265625e+02
-1.693908538818359375e+02
1.530541229248046875e+02
5.828131484985351562e+01
7.363328552246093750e+01
-2.934176330566406250e+02
-3.395805664062500000e+02
-3.035547180175781250e+02
9.179098510742187500e+01
5.549148941040039062e+01
5.817529678344726562e+01
-5.316058349609375000e+02
-4.017435302734375000e+02
-5.525345458984375000e+02
8.017318725585937500e+01
5.047554016113281250e+01
6.368022155761718750e+01
-1.108482543945312500e+03
-5.942289428710937500e+02
-5.977666015625000000e+02
8.559276580810546875e+01
4.878231430053710938e+01
6.141182327270507812e+01
-1.700603271484375000e+03
-8.687344360351562500e+02
-3.803923645019531250e+02
1.089022979736328125e+02
4.443184661865234375e+01
4.388818359375000000e+01
-8.934144287109375000e+02
-4.976462097167968750e+02
-1.942051239013671875e+02
2.032290802001953125e+02
2.846920394897460938e+01
3.222808074951171875e+01
-4.658688735961914062e+01
-3.147000427246093750e+02
-1.582017364501953125e+02
2.374017028808593750e+02
8.427930831909179688e+00
1.696926689147949219e+01
8.090064239501953125e+01
1.092223815917968750e+02
-9.574536895751953125e+01
2.367932739257812500e+02
-1.135317993164062500e+01
7.308372855186462402e-01
1.666581573486328125e+02
3.432875061035156250e+02
-5.285799407958984375e+01
1.730498657226562500e+02
-2.300494384765625000e+01
-1.066580867767333984e+01
1.925818176269531250e+02
3.814527893066406250e+02
-2.678552818298339844e+01
3.688355636596679688e+01
-2.365079116821289062e+01
-1.271121692657470703e+01
1.145584640502929688e+02
2.384136962890625000e+02
-9.105698585510253906e+00
-9.418303370475769043e-01
-9.992168426513671875e+00
-8.912304878234863281e+00
-4.766078665852546692e-02
5.023766160011291504e-01
2.809439182281494141e+00
-7.346143722534179688e-01
-2.239377796649932861e-02
-8.655763268470764160e-01
-1.097266769409179688e+02
-1.259819641113281250e+02
-3.734740447998046875e+01
7.934127044677734375e+01
1.000886058807373047e+01
3.072880506515502930e+00
-1.957477111816406250e+02
-7.800634765625000000e+01
-1.051374511718750000e+02
2.198392486572265625e+02
1.984709167480468750e+01
1.417965316772460938e+01
-2.508287048339843750e+02
-4.492815017700195312e+01
-8.411537933349609375e+01
2.180250854492187500e+02
3.380152130126953125e+01
3.464883804321289062e+01
-1.778548736572265625e+02
-1.959656066894531250e+02
-1.146506881713867188e+02
1.989340209960937500e+02
5.875536727905273438e+01
5.280502319335937500e+01
-1.915155792236328125e+02
-3.371172485351562500e+02
-1.305679626464843750e+02
1.751989746093750000e+02
6.803153991699218750e+01
5.813076400756835938e+01
-3.690028991699218750e+02
-3.837225036621093750e+02
-2.105160217285156250e+02
1.606741333007812500e+02
5.353054428100585938e+01
6.848045349121093750e+01
-6.970929565429687500e+02
-3.846343994140625000e+02
-2.940658569335937500e+02
1.691501159667968750e+02
4.491732788085937500e+01
5.883670043945312500e+01
-1.157771484375000000e+03
-4.949300537109375000e+02
-2.511627655029296875e+02
1.833466949462890625e+02
3.949135208129882812e+01
4.866920089721679688e+01
-4.685840148925781250e+02
-5.047206420898437500e+02
-1.409288940429687500e+02
2.580660400390625000e+02
2.566410446166992188e+01
3.385255432128906250e+01
-7.933493041992187500e+01
-4.213595581054687500e+02
-1.246017684936523438e+02
2.666461486816406250e+02
1.204761791229248047e+01
2.027545738220214844e+01
1.139319992065429688e+01
-1.514879455566406250e+02
-5.727061080932617188e+01
2.650485839843750000e+02
-4.988101005554199219e+00
5.650745391845703125e+00
1.066174163818359375e+02
7.412129211425781250e+01
-2.784350585937500000e+01
1.972661895751953125e+02
-1.905074501037597656e+01
-7.223313331604003906e+00
2.732450866699218750e+02
9.244091796875000000e+01
-1.020828056335449219e+01
6.365607070922851562e+01
-2.379711532592773438e+01
-1.318472862243652344e+01
3.289435729980468750e+02
-1.103895854949951172e+01
2.297189235687255859e+00
2.229371833801269531e+01
-2.117216682434082031e+01
-1.247858715057373047e+01
2.408404693603515625e+02
-9.521263885498046875e+01
-7.085991382598876953e+00
-2.987008476257324219e+01
-7.900107860565185547e+00
-8.521310806274414062e+00
4.114854931831359863e-01
7.779353857040405273e-02
9.230543375015258789e-01
1.718504667282104492e+00
-1.094927042722702026e-01
-4.358361661434173584e-01
-3.503219604492187500e+02
2.288343353271484375e+02
-1.252284622192382812e+02
1.216733932495117188e+02
8.166354179382324219e+00
-5.335568785667419434e-01
-1.941714324951171875e+02
-7.863189697265625000e+01
-1.052112274169921875e+02
2.170480651855468750e+02
1.938664054870605469e+01
1.481067562103271484e+01
-1.294344329833984375e+02
-2.873304443359375000e+02
-7.762372589111328125e+01
2.310662231445312500e+02
3.973677825927734375e+01
2.492971992492675781e+01
-1.351286621093750000e+02
-4.707336730957031250e+02
-5.301203155517578125e+01
2.373065185546875000e+02
6.008876800537109375e+01
4.525392532348632812e+01
-2.697135620117187500e+02
-5.215095214843750000e+02
-7.504530334472656250e+01
2.255567474365234375e+02
5.696217727661132812e+01
5.393012237548828125e+01
-5.670169067382812500e+02
-3.939686279296875000e+02
-1.243406295776367188e+02
2.350189819335937500e+02
4.323837280273437500e+01
5.436849975585937500e+01
-6.667637939453125000e+02
-4.432169189453125000e+02
-1.638539581298828125e+02
2.470912933349609375e+02
3.622196960449218750e+01
4.648516845703125000e+01
-3.253332519531250000e+02
-5.405465698242187500e+02
-8.450435638427734375e+01
2.919569702148437500e+02
2.026610565185546875e+01
3.199048995971679688e+01
-5.437900924682617188e+01
-5.559892578125000000e+02
-6.939781951904296875e+01
2.814185180664062500e+02
9.480424880981445312e+00
2.030990982055664062e+01
1.224210392683744431e-02
-3.890446777343750000e+02
-2.232267379760742188e+01
2.426669006347656250e+02
-1.331531167030334473e+00
8.724342346191406250e+00
-3.729918670654296875e+01
-1.216728591918945312e+02
-1.835092306137084961e+00
1.869414367675781250e+02
-1.602217483520507812e+01
-3.560802936553955078e+00
1.247384109497070312e+02
-7.147365570068359375e+01
8.576758384704589844e+00
1.498396301269531250e+02
-2.590948867797851562e+01
-1.054135513305664062e+01
3.260213317871093750e+02
-2.471072082519531250e+02
1.599913692474365234e+01
9.560370635986328125e+01
-2.620174980163574219e+01
-1.372220134735107422e+01
4.808718872070312500e+02
-4.254543762207031250e+02
3.392267608642578125e+01
6.006746673583984375e+01
-1.762413597106933594e+01
-1.772662925720214844e+01
5.051417541503906250e+02
-5.308598022460937500e+02
8.542707061767578125e+01
-1.334759979248046875e+02
-5.393567085266113281e+00
-1.381545448303222656e+01
-5.421788692474365234e-01
6.783120036125183105e-01
-1.467181891202926636e-01
1.003012657165527344e+00
5.484771355986595154e-02
-2.576471567153930664e-01
-1.073749008178710938e+02
-1.254438400268554688e+02
-3.454241561889648438e+01
6.688108825683593750e+01
1.023105525970458984e+01
1.509045004844665527e+00
-9.878768157958984375e+01
-4.286853027343750000e+02
-5.717914962768554688e+01
1.849280853271484375e+02
2.414106559753417969e+01
1.201411724090576172e+01
-1.078232421875000000e+02
-5.871623535156250000e+02
-6.117689895629882812e+01
2.458326416015625000e+02
3.462379074096679688e+01
2.539087295532226562e+01
-2.000974578857421875e+02
-7.224641723632812500e+02
-1.417509841918945312e+01
2.063094787597656250e+02
4.286147689819335938e+01
3.869372177124023438e+01
-4.429606628417968750e+02
-5.611176147460937500e+02
-3.387395477294921875e+01
2.293514709472656250e+02
3.966928863525390625e+01
4.351960754394531250e+01
-5.607716674804687500e+02
-4.624984436035156250e+02
-4.879927062988281250e+01
2.785053405761718750e+02
3.230796051025390625e+01
4.100859832763671875e+01
-2.469943847656250000e+02
-3.946589050292968750e+02
-4.334893798828125000e+01
1.896624603271484375e+02
3.094267463684082031e+01
1.316920280456542969e+01
1.644234657287597656e+01
-4.791439819335937500e+02
-4.609114837646484375e+01
2.197488708496093750e+02
2.005811309814453125e+01
-3.146126568317413330e-01
7.411367034912109375e+01
-4.844108581542968750e+02
-3.016124725341796875e+01
1.799636688232421875e+02
7.777778625488281250e+00
-4.249147415161132812e+00
-8.374211120605468750e+01
-2.812966308593750000e+02
-1.709264636039733887e+00
1.746658782958984375e+02
-1.076187133789062500e+01
-2.592519484460353851e-02
-9.091993713378906250e+01
-1.979206237792968750e+02
1.981746292114257812e+01
1.632528686523437500e+02
-2.152585411071777344e+01
-3.557161092758178711e+00
1.175513610839843750e+02
-3.072845458984375000e+02
4.496688842773437500e+01
1.922970886230468750e+02
-2.805107307434082031e+01
-9.422607421875000000e+00
3.512319030761718750e+02
-4.291150817871093750e+02
6.673012542724609375e+01
1.705601501464843750e+02
-2.541446304321289062e+01
-1.753371429443359375e+01
4.865667114257812500e+02
-4.247933654785156250e+02
3.432618331909179688e+01
6.230303192138671875e+01
-1.766563606262207031e+01
-1.653041458129882812e+01
2.427473297119140625e+02
-9.348551177978515625e+01
-6.146836757659912109e+00
-2.714400100708007812e+01
-6.768393039703369141e+00
-8.923743247985839844e+00
7.853848487138748169e-02
4.216147899627685547e+00
4.029115289449691772e-02
-2.318180322647094727e+00
1.681591719388961792e-01
-1.198733925819396973e+00
-6.230648040771484375e+01
-3.610221862792968750e+02
-2.903035926818847656e+01
5.102379608154296875e+01
9.519968032836914062e+00
5.290543556213378906e+00
-9.209144592285156250e+01
-7.211011962890625000e+02
-3.994445800781250000e+01
1.463864898681640625e+02
2.246073913574218750e+01
1.082681179046630859e+01
-1.603984680175781250e+02
-8.211402587890625000e+02
-2.890066909790039062e+01
1.353310546875000000e+02
2.829145431518554688e+01
2.619272232055664062e+01
-3.534391479492187500e+02
-6.441666259765625000e+02
-2.786602973937988281e+00
9.697420501708984375e+01
3.437835311889648438e+01
3.225756835937500000e+01
-4.420886230468750000e+02
-4.236207580566406250e+02
-2.270160675048828125e+01
1.125904159545898438e+02
3.631279754638671875e+01
2.368899917602539062e+01
-1.700188598632812500e+02
-1.591375732421875000e+02
-2.775359916687011719e+01
-8.092073059082031250e+01
3.025180816650390625e+01
1.032534408569335938e+01
6.910157012939453125e+01
-1.555820159912109375e+02
-4.354911422729492188e+01
-2.249913406372070312e+01
2.137196540832519531e+01
-1.835134029388427734e+00
1.676446838378906250e+02
-2.702108459472656250e+02
-3.637469482421875000e+01
-1.239772510528564453e+01
1.344619083404541016e+01
-1.172123241424560547e+01
9.567846298217773438e+00
-2.745310058593750000e+02
-8.973198890686035156e+00
2.330775260925292969e+01
-1.173727512359619141e+00
-9.069421768188476562e+00
-2.123922576904296875e+02
-1.739810485839843750e+02
3.556724548339843750e+01
1.401536102294921875e+02
-1.533890819549560547e+01
4.099324226379394531e+00
-1.252643280029296875e+02
-2.632406616210937500e+02
8.479414367675781250e+01
2.133197479248046875e+02
-2.395747375488281250e+01
3.358094215393066406e+00
1.176833496093750000e+02
-3.089412841796875000e+02
4.623651123046875000e+01
1.808510894775390625e+02
-2.778742408752441406e+01
-9.549061775207519531e+00
3.280158081054687500e+02
-2.483814697265625000e+02
1.541734027862548828e+01
9.645243072509765625e+01
-2.598509025573730469e+01
-1.527749156951904297e+01
3.296491699218750000e+02
-8.850646972656250000e+00
4.305685043334960938e+00
1.143098449707031250e+01
-2.093283653259277344e+01
-1.347404289245605469e+01
1.167126312255859375e+02
2.422166137695312500e+02
-8.265216827392578125e+00
-3.630043506622314453e+00
-9.440310478210449219e+00
-9.693229675292968750e+00
-9.351798892021179199e-01
2.859127759933471680e+00
4.813422560691833496e-01
3.170598149299621582e-01
6.501594185829162598e-02
-1.080793499946594238e+00
-5.707460403442382812e+01
-5.026840515136718750e+02
1.472792339324951172e+01
2.086378288269042969e+01
1.039733886718750000e+01
8.685600280761718750e+00
-1.259867477416992188e+02
-7.324152832031250000e+02
8.829353332519531250e+00
6.074214553833007812e+01
1.712423133850097656e+01
1.750991439819335938e+01
-2.755750732421875000e+02
-5.825560302734375000e+02
-2.214405298233032227e+00
5.865764617919921875e+01
2.713161849975585938e+01
1.676756477355957031e+01
-3.429445190429687500e+02
-2.948432922363281250e+02
-1.186467838287353516e+01
-3.773419570922851562e+01
3.283416366577148438e+01
1.553312969207763672e+01
-1.226982192993164062e+02
7.777285766601562500e+01
-7.249717712402343750e+00
-1.444789123535156250e+02
2.604900741577148438e+01
9.800716400146484375e+00
9.223385620117187500e+01
1.954561157226562500e+02
-1.999660682678222656e+01
-1.622087249755859375e+02
2.205843734741210938e+01
2.599027395248413086e+00
2.154271087646484375e+02
1.689268493652343750e+02
-3.694841003417968750e+01
-1.437809143066406250e+02
1.482736492156982422e+01
-4.581799983978271484e+00
1.576181030273437500e+02
1.386467963457107544e-01
-2.371836471557617188e+01
-2.888285827636718750e+01
7.877759933471679688e+00
-5.256081104278564453e+00
-1.549182739257812500e+02
-2.749610900878906250e+00
2.703676414489746094e+01
3.363547515869140625e+01
-8.160096168518066406e+00
4.146857261657714844e+00
-2.148459472656250000e+02
-1.733794097900390625e+02
3.670247268676757812e+01
1.431487579345703125e+02
-1.568314743041992188e+01
2.704152822494506836e+00
-8.896808624267578125e+01
-1.970279541015625000e+02
1.967173767089843750e+01
1.636763458251953125e+02
-2.073085594177246094e+01
-3.763690471649169922e+00
1.256869049072265625e+02
-7.866338348388671875e+01
9.205547332763671875e+00
1.416689300537109375e+02
-2.575213241577148438e+01
-1.088762950897216797e+01
2.721108398437500000e+02
9.091815948486328125e+01
-1.151275253295898438e+01
6.505953216552734375e+01
-2.481432151794433594e+01
-1.407066154479980469e+01
1.928500671386718750e+02
3.807099914550781250e+02
-2.734972190856933594e+01
4.207992553710937500e+01
-2.393324851989746094e+01
-1.289624214172363281e+01
7.320983886718750000e+01
4.128873291015625000e+02
-3.401729202270507812e+01
1.887225723266601562e+01
-1.647504425048828125e+01
-7.832967281341552734e+00
1.774553507566452026e-01
-3.361366033554077148e+00
-8.308122754096984863e-01
-4.834068119525909424e-01
-1.114660620689392090e+00
-4.016817212104797363e-01
-7.317733764648437500e+01
-4.160710144042968750e+02
3.364606094360351562e+01
-1.805173492431640625e+01
1.447776031494140625e+01
7.252594947814941406e+00
-1.919289093017578125e+02
-3.783250732421875000e+02
2.648327445983886719e+01
-3.805796813964843750e+01
2.322324562072753906e+01
1.217747116088867188e+01
-2.725232238769531250e+02
-9.198030853271484375e+01
1.034837341308593750e+01
-6.983895874023437500e+01
2.453294944763183594e+01
1.335538005828857422e+01
-8.978295135498046875e+01
2.703816223144531250e+02
2.194334983825683594e+00
-1.918667602539062500e+02
1.824993324279785156e+01
8.955960273742675781e+00
9.965804290771484375e+01
3.613197631835937500e+02
-2.603100013732910156e+01
-2.249565277099609375e+02
2.174081230163574219e+01
1.037327575683593750e+01
2.009480133056640625e+02
4.280982971191406250e+02
-2.532189559936523438e+01
-2.053332366943359375e+02
1.356477069854736328e+01
4.162992477416992188e+00
1.637725677490234375e+02
3.887767028808593750e+02
-1.716254997253417969e+01
-1.103133087158203125e+02
1.218620061874389648e+00
1.442932224273681641e+01
1.549163055419921875e+02
2.727024555206298828e+00
-2.703856658935546875e+01
-3.362839126586914062e+01
8.161376953125000000e+00
-4.147359371185302734e+00
1.137303352355957031e+01
-2.724223937988281250e+02
-9.076873779296875000e+00
3.184400939941406250e+01
-6.322188973426818848e-01
-9.680763244628906250e+00
-8.363720703125000000e+01
-2.786534118652343750e+02
-2.153419971466064453e+00
1.587371826171875000e+02
-1.025901126861572266e+01
-2.085193693637847900e-01
-4.029629516601562500e+01
-1.233088912963867188e+02
-2.813687562942504883e+00
1.856627655029296875e+02
-1.638504409790039062e+01
-2.617572069168090820e+00
1.087144470214843750e+02
7.035179901123046875e+01
-3.047729110717773438e+01
1.885849609375000000e+02
-1.886720275878906250e+01
-7.475337028503417969e+00
1.681153564453125000e+02
3.452121887207031250e+02
-5.363283538818359375e+01
1.694557647705078125e+02
-2.364495086669921875e+01
-1.070576763153076172e+01
1.033962554931640625e+02
5.250100097656250000e+02
-8.461793518066406250e+01
1.204752960205078125e+02
-2.503502082824707031e+01
-1.046970272064208984e+01
6.162593841552734375e+01
3.944791870117187500e+02
-8.783221435546875000e+01
5.743251419067382812e+01
-1.519200897216796875e+01
-5.495109558105468750e+00
1.349909663200378418e+00
-9.514057040214538574e-01
5.778581649065017700e-02
7.089683413505554199e-01
-4.695385396480560303e-01
-2.165205627679824829e-01
-8.803818511962890625e+01
-1.528301849365234375e+02
3.145879936218261719e+01
-5.436537551879882812e+01
1.462121677398681641e+01
3.149728775024414062e+00
-2.023226318359375000e+02
7.072642517089843750e+01
3.236632156372070312e+01
-1.222183303833007812e+02
1.934116363525390625e+01
3.836017608642578125e+00
-6.323494338989257812e+01
2.736415405273437500e+02
7.291268348693847656e+00
-1.517324981689453125e+02
1.143438243865966797e+01
5.974153041839599609e+00
9.166783905029296875e+01
3.614588623046875000e+02
-4.389281463623046875e+01
-2.239871826171875000e+02
8.573663711547851562e+00
1.061791992187500000e+01
1.440247955322265625e+02
4.510394897460937500e+02
-3.765640258789062500e+01
-2.579877624511718750e+02
1.142533206939697266e+01
5.343634128570556641e+00
2.014002075195312500e+02
4.320481567382812500e+02
-2.574943351745605469e+01
-2.062927856445312500e+02
1.489465904235839844e+01
4.353201866149902344e+00
2.123800659179687500e+02
1.739631347656250000e+02
-3.556204223632812500e+01
-1.401375122070312500e+02
1.533819866180419922e+01
-4.099915504455566406e+00
1.719503173828125000e+02
-2.687289428710937500e+02
-3.694995880126953125e+01
-2.287554740905761719e+00
1.288419342041015625e+01
-1.299740695953369141e+01
7.069006347656250000e+01
-4.854468383789062500e+02
-2.833429718017578125e+01
1.876685028076171875e+02
7.866135597229003906e+00
-5.124342918395996094e+00
-4.161231994628906250e+00
-3.860940551757812500e+02
-2.265042495727539062e+01
2.551086578369140625e+02
-8.262434601783752441e-01
8.710264205932617188e+00
1.317348766326904297e+01
-1.478425598144531250e+02
-6.028620910644531250e+01
2.647687377929687500e+02
-5.000601768493652344e+00
5.737470149993896484e+00
7.984295654296875000e+01
9.711164093017578125e+01
-9.490117645263671875e+01
2.387618865966796875e+02
-1.155311489105224609e+01
3.018574714660644531e-01
2.689006614685058594e+01
4.085759582519531250e+02
-1.381360168457031250e+02
1.888554992675781250e+02
-2.117220306396484375e+01
-1.552903532981872559e+00
2.880237007141113281e+01
4.772559204101562500e+02
-1.520657653808593750e+02
1.255853576660156250e+02
-2.163406372070312500e+01
-1.671078324317932129e+00
4.249512481689453125e+01
2.576508483886718750e+02
-7.146223449707031250e+01
6.443500518798828125e+01
-1.476565074920654297e+01
-6.667862534523010254e-01
-2.388733252882957458e-02
-8.182957172393798828e-01
-6.354815959930419922e-01
2.236422002315521240e-01
-9.438377805054187775e-03
2.554508447647094727e-01
-1.046609191894531250e+02
9.767250823974609375e+01
2.201304626464843750e+01
-7.237920379638671875e+01
1.249828433990478516e+01
2.170578956604003906e+00
-2.746727371215820312e+01
1.753970947265625000e+02
1.930670547485351562e+01
-6.710951995849609375e+01
5.747787475585937500e+00
1.475233364105224609e+01
5.705239105224609375e+01
2.728841552734375000e+02
3.076352119445800781e+00
-1.573278656005859375e+02
1.035848855972290039e+00
1.190076446533203125e+01
9.096520233154296875e+01
3.613459167480468750e+02
-4.284858322143554688e+01
-2.226308441162109375e+02
8.321884155273437500e+00
9.710347175598144531e+00
1.016741714477539062e+02
3.666026916503906250e+02
-2.569129753112792969e+01
-2.262173004150390625e+02
2.080522727966308594e+01
1.107349967956542969e+01
9.090262603759765625e+01
1.979174957275390625e+02
-1.982101821899414062e+01
-1.632655181884765625e+02
2.152356338500976562e+01
3.553515195846557617e+00
7.187506103515625000e+01
-1.567415466308593750e+02
-4.054375076293945312e+01
-2.261687850952148438e+01
2.115348625183105469e+01
-2.889026641845703125e+00
1.033272171020507812e+01
-4.791785278320312500e+02
-4.391694641113281250e+01
2.249540100097656250e+02
2.042462348937988281e+01
-9.695368409156799316e-01
-4.946779632568359375e+01
-5.572162475585937500e+02
-6.992280578613281250e+01
2.913563537597656250e+02
9.514242172241210938e+00
2.069409561157226562e+01
-8.465783691406250000e+01
-4.237388610839843750e+02
-1.245877609252929688e+02
2.711383972167968750e+02
1.194864082336425781e+01
2.055832862854003906e+01
-4.608042144775390625e+01
-3.156371765136718750e+02
-1.602714538574218750e+02
2.375420989990234375e+02
8.823778152465820312e+00
1.623159027099609375e+01
-9.456901550292968750e+01
7.104707360267639160e-01
-1.973060913085937500e+02
1.783580780029296875e+02
-2.438282489776611328e+00
1.055992126464843750e+01
-3.905782775878906250e+02
5.513198242187500000e+02
-1.994093933105468750e+02
1.253951339721679688e+02
-1.341076850891113281e+01
7.304430007934570312e+00
-2.178914184570312500e+02
3.788851928710937500e+02
-1.422099914550781250e+02
8.026307678222656250e+01
-1.826619529724121094e+01
3.789706468582153320e+00
-3.351528167724609375e+01
8.505911254882812500e+01
-8.162184143066406250e+01
4.407714843750000000e+01
-1.406563758850097656e+01
1.427621364593505859e+00
4.341019988059997559e-01
-7.141236066818237305e-01
-1.303218245506286621e+00
-4.648439586162567139e-03
1.524253040552139282e-01
2.007260322570800781e-01
-2.523433864116668701e-01
1.499933242797851562e+00
2.226032018661499023e+00
3.479345142841339111e-01
1.091729402542114258e-01
-1.493145674467086792e-01
-2.815831375122070312e+01
1.750976257324218750e+02
1.892492866516113281e+01
-6.631427001953125000e+01
6.385445594787597656e+00
1.414775085449218750e+01
-6.372896575927734375e+01
2.735942993164062500e+02
7.772648334503173828e+00
-1.535764160156250000e+02
1.142047214508056641e+01
6.673076629638671875e+00
-9.136402893066406250e+01
2.723589477539062500e+02
2.424000263214111328e+00
-1.867771759033203125e+02
1.740163230895996094e+01
9.667253494262695312e+00
-1.247631988525390625e+02
7.146578216552734375e+01
-8.576232910156250000e+00
-1.498755645751953125e+02
2.591132164001464844e+01
1.053948688507080078e+01
-1.706608581542968750e+02
-1.573846282958984375e+02
-2.685005187988281250e+01
-7.636264801025390625e+01
2.970576667785644531e+01
1.008319854736328125e+01
-2.483634643554687500e+02
-3.972386779785156250e+02
-4.275171279907226562e+01
1.953599090576171875e+02
3.093935775756835938e+01
1.285402488708496094e+01
-3.322906799316406250e+02
-5.431777343750000000e+02
-8.368041992187500000e+01
2.974941101074218750e+02
1.927266120910644531e+01
3.233971786499023438e+01
-4.769129638671875000e+02
-5.091303405761718750e+02
-1.414463500976562500e+02
2.652416381835937500e+02
2.608389282226562500e+01
3.387812042236328125e+01
-8.867500610351562500e+02
-4.943945922851562500e+02
-1.964438629150390625e+02
2.084245758056640625e+02
2.881373977661132812e+01
3.130581474304199219e+01
-9.271239624023437500e+02
-9.277781372070312500e+02
-2.476122589111328125e+02
1.408662872314453125e+02
2.664744758605957031e+01
2.588873672485351562e+01
-1.055750732421875000e+03
-5.149788818359375000e+02
-2.896290893554687500e+02
9.167642211914062500e+01
9.404480934143066406e+00
2.604056930541992188e+01
-2.685486145019531250e+02
-3.242749938964843750e+02
-3.604477539062500000e+02
6.488816070556640625e+01
2.248347759246826172e+00
1.466817378997802734e+01
-7.242076873779296875e+01
-2.673594970703125000e+02
-3.449735717773437500e+02
4.862078857421875000e+01
-5.468716144561767578e+00
3.563557863235473633e+00
2.308484458923339844e+01
-2.160408477783203125e+02
-1.069683609008789062e+02
3.302323532104492188e+01
-4.382976055145263672e+00
-9.465723991394042969e+00
2.204002761840820312e+01
-2.171634216308593750e+02
-1.072029113769531250e+02
3.359336471557617188e+01
-4.092898845672607422e+00
-9.204172134399414062e+00
2.506745234131813049e-02
-2.523840777575969696e-02
8.033224344253540039e-01
1.477291807532310486e-02
5.837167054414749146e-02
5.524233579635620117e-01
-1.061314620971679688e+02
9.740476989746093750e+01
2.441842079162597656e+01
-7.213733673095703125e+01
1.217530822753906250e+01
2.769285678863525391e+00
-2.047885437011718750e+02
7.136342620849609375e+01
3.341460800170898438e+01
-1.220799865722656250e+02
1.890671730041503906e+01
4.141486644744873047e+00
-2.732614135742187500e+02
-9.242984771728515625e+01
1.021327972412109375e+01
-6.367686080932617188e+01
2.380167579650878906e+01
1.318247890472412109e+01
-3.459505004882812500e+02
-2.925733947753906250e+02
-1.144395923614501953e+01
-4.236798477172851562e+01
3.327466201782226562e+01
1.680794906616210938e+01
-4.412914428710937500e+02
-4.235151367187500000e+02
-2.259686470031738281e+01
1.207956695556640625e+02
3.576655578613281250e+01
2.383655738830566406e+01
-5.684396972656250000e+02
-4.665264587402343750e+02
-4.824266433715820312e+01
2.854181518554687500e+02
3.154007148742675781e+01
4.133411407470703125e+01
-6.673037109375000000e+02
-4.435829772949218750e+02
-1.624498138427734375e+02
2.523555450439453125e+02
3.580661392211914062e+01
4.583060836791992188e+01
-1.132292114257812500e+03
-4.918848876953125000e+02
-2.556132812500000000e+02
1.833752899169921875e+02
3.921211624145507812e+01
4.749591064453125000e+01
-1.705885986328125000e+03
-8.715068359375000000e+02
-3.846723937988281250e+02
1.047492752075195312e+02
4.426178741455078125e+01
4.460797500610351562e+01
-1.440032958984375000e+03
-2.653236572265625000e+03
-5.446658935546875000e+02
7.354570770263671875e+01
4.623584747314453125e+01
3.278662490844726562e+01
-1.358502319335937500e+03
-1.805242187500000000e+03
-6.550101318359375000e+02
5.766670608520507812e+01
3.232433700561523438e+01
2.974780464172363281e+01
-1.935500335693359375e+02
-1.205295288085937500e+03
-6.410381469726562500e+02
4.897858810424804688e+01
2.120768547058105469e+01
1.397217273712158203e+01
1.132227630615234375e+02
-7.366478881835937500e+02
-4.082982788085937500e+02
4.071728897094726562e+01
1.118851470947265625e+01
-4.147150993347167969e+00
-7.157573699951171875e+01
-2.739048461914062500e+02
-3.418912658691406250e+02
4.850842285156250000e+01
-5.553009986877441406e+00
4.402048110961914062e+00
-2.878705787658691406e+01
8.460334777832031250e+01
-8.822149658203125000e+01
4.399507522583007812e+01
-1.412687492370605469e+01
2.189254760742187500e+00
1.338356733322143555e+00
-1.518879979848861694e-01
4.872831106185913086e-01
-5.033825635910034180e-01
-1.226368919014930725e-01
2.841547727584838867e-01
-8.891558837890625000e+01
-1.503817749023437500e+02
3.183137893676757812e+01
-5.781536865234375000e+01
1.425332355499267578e+01
3.180814504623413086e+00
-1.925885620117187500e+02
-3.814458923339843750e+02
2.678706169128417969e+01
-3.689162445068359375e+01
2.365158271789550781e+01
1.271142864227294922e+01
-2.744013366699218750e+02
-5.817830200195312500e+02
-2.830487966537475586e+00
5.123317718505859375e+01
2.744360160827636719e+01
1.747075271606445312e+01
-3.536145629882812500e+02
-6.463955078125000000e+02
-4.648400783538818359e+00
8.812027740478515625e+01
3.477678298950195312e+01
3.189736747741699219e+01
-4.447453308105468750e+02
-5.592921142578125000e+02
-3.508647537231445312e+01
2.353283843994140625e+02
4.073006057739257812e+01
4.315032196044921875e+01
-5.711634521484375000e+02
-4.022919006347656250e+02
-1.273340148925781250e+02
2.396117401123046875e+02
4.345589065551757812e+01
5.377144622802734375e+01
-6.964282226562500000e+02
-3.882136840820312500e+02
-2.972434997558593750e+02
1.689090576171875000e+02
4.482351684570312500e+01
5.831802749633789062e+01
-1.096849243164062500e+03
-5.995780029296875000e+02
-5.959333496093750000e+02
8.543859100341796875e+01
4.862546539306640625e+01
6.069628906250000000e+01
-1.318501342773437500e+03
-1.920261352539062500e+03
-9.364003906250000000e+02
6.163430786132812500e+01
5.480975723266601562e+01
4.658930587768554688e+01
-2.703307861328125000e+03
-1.672844238281250000e+03
-1.064101684570312500e+03
5.576661682128906250e+01
5.081626510620117188e+01
4.136059951782226562e+01
-2.100602050781250000e+03
-1.498704467773437500e+03
-9.227543945312500000e+02
5.364639663696289062e+01
4.016787338256835938e+01
3.204444122314453125e+01
-1.844799804687500000e+02
-1.211112304687500000e+03
-6.363638305664062500e+02
4.928489685058593750e+01
2.218007850646972656e+01
1.520992088317871094e+01
-2.764398193359375000e+02
-3.206127319335937500e+02
-3.578242797851562500e+02
6.474038696289062500e+01
2.631457090377807617e+00
1.393934917449951172e+01
-2.125018463134765625e+02
3.790917358398437500e+02
-1.414566040039062500e+02
8.075052642822265625e+01
-1.816475677490234375e+01
4.429004192352294922e+00
3.980501556396484375e+01
2.568341674804687500e+02
-7.301064300537109375e+01
6.519997406005859375e+01
-1.502222919464111328e+01
1.999064981937408447e-01
1.092751622200012207e+00
2.883698940277099609e-01
9.777673482894897461e-01
-1.220475286245346069e-01
-3.625142872333526611e-01
-2.654842436313629150e-01
-7.181977844238281250e+01
-4.129048461914062500e+02
3.302896499633789062e+01
-1.408678627014160156e+01
1.536771774291992188e+01
7.592304706573486328e+00
-1.259884414672851562e+02
-7.297536621093750000e+02
1.035042762756347656e+01
6.137575531005859375e+01
1.803482246398925781e+01
1.823090362548828125e+01
-1.609068145751953125e+02
-8.155463256835937500e+02
-2.815663528442382812e+01
1.368887939453125000e+02
2.948576927185058594e+01
2.538143539428710938e+01
-2.007128143310546875e+02
-7.184836425781250000e+02
-1.395069980621337891e+01
1.975736694335937500e+02
4.276199340820312500e+01
3.800796127319335938e+01
-2.667482604980468750e+02
-5.284014892578125000e+02
-7.243270111083984375e+01
2.243418884277343750e+02
5.844116210937500000e+01
5.248705673217773438e+01
-3.689488525390625000e+02
-3.856791687011718750e+02
-2.098480834960937500e+02
1.635539550781250000e+02
5.306362152099609375e+01
6.732231140136718750e+01
-5.304114990234375000e+02
-4.017135620117187500e+02
-5.507069702148437500e+02
7.976132965087890625e+01
5.063061523437500000e+01
6.570021057128906250e+01
-8.947478637695312500e+02
-9.160081176757812500e+02
-1.130420532226562500e+03
5.612036514282226562e+01
5.489474105834960938e+01
5.099376678466796875e+01
-1.927259399414062500e+03
-1.283747192382812500e+03
-1.421417236328125000e+03
5.745810317993164062e+01
5.715998458862304688e+01
4.934832382202148438e+01
-2.698705078125000000e+03
-1.683576660156250000e+03
-1.061477172851562500e+03
5.612521362304687500e+01
5.079895401000976562e+01
4.282830429077148438e+01
-1.377628051757812500e+03
-1.803186645507812500e+03
-6.636563720703125000e+02
5.678944015502929688e+01
3.147052574157714844e+01
3.212106704711914062e+01
-1.830471191406250000e+03
-7.525561523437500000e+02
-8.649765014648437500e+02
5.322331619262695312e+01
8.029236793518066406e+00
3.244416427612304688e+01
-6.660358276367187500e+02
8.126487426757812500e+02
-4.728793334960937500e+02
4.746249008178710938e+01
-1.639068222045898438e+01
1.445577526092529297e+01
-9.942559051513671875e+01
2.906747131347656250e+02
-1.436293487548828125e+02
4.026664352416992188e+01
-1.706558418273925781e+01
1.268778443336486816e+00
8.224217221140861511e-03
-2.236649161204695702e-04
5.011001601815223694e-03
6.792665808461606503e-04
2.030298492172732949e-04
2.660132886376231909e-04
-6.095365524291992188e+01
-3.887915039062500000e+02
8.443415832519531250e+01
-5.294356536865234375e+01
1.524543857574462891e+01
5.287155151367187500e+00
-9.307566833496093750e+01
-7.735873413085937500e+02
3.649281692504882812e+01
-3.758781433105468750e+01
2.575474548339843750e+01
1.644046974182128906e+01
-1.266157455444335938e+02
-9.669638671875000000e+02
-2.909312486648559570e+00
1.126408920288085938e+02
2.481426429748535156e+01
2.715023803710937500e+01
-1.474445343017578125e+02
-1.047664916992187500e+03
-1.072130393981933594e+01
1.052411270141601562e+02
3.641960906982421875e+01
3.782566452026367188e+01
-1.796266632080078125e+02
-9.525054931640625000e+02
-4.628163909912109375e+01
2.280028839111328125e+02
5.202202224731445312e+01
4.915773391723632812e+01
-2.551449127197265625e+02
-7.621924438476562500e+02
-1.323664855957031250e+02
2.145392608642578125e+02
5.320251846313476562e+01
6.010948181152343750e+01
-4.183148803710937500e+02
-6.510051879882812500e+02
-4.109310913085937500e+02
1.137482376098632812e+02
5.246879577636718750e+01
6.270102691650390625e+01
-9.002501831054687500e+02
-9.183594360351562500e+02
-1.132875610351562500e+03
5.682965469360351562e+01
5.504695129394531250e+01
5.104644775390625000e+01
-1.710470336914062500e+03
-1.710365966796875000e+03
-2.173106201171875000e+03
6.257484817504882812e+01
6.256962585449218750e+01
5.124491119384765625e+01
-2.344891601562500000e+03
-2.838527343750000000e+03
-2.317011962890625000e+03
6.282977294921875000e+01
6.466426086425781250e+01
4.423366928100585938e+01
-3.297913330078125000e+03
-2.268328125000000000e+03
-1.420079345703125000e+03
6.032987594604492188e+01
5.391379165649414062e+01
3.180029487609863281e+01
-1.351543090820312500e+03
-1.790668090820312500e+03
-6.677381591796875000e+02
5.703268432617187500e+01
3.183670997619628906e+01
2.922246932983398438e+01
-2.757568054199218750e+02
-3.150559692382812500e+02
-3.568648681640625000e+02
6.455097961425781250e+01
3.511923074722290039e+00
1.397996234893798828e+01
-2.061759796142578125e+02
3.864686584472656250e+02
-1.390852050781250000e+02
8.178015899658203125e+01
-1.780727577209472656e+01
4.031543254852294922e+00
3.910333633422851562e+01
2.551276550292968750e+02
-7.003242492675781250e+01
6.330960083007812500e+01
-1.511538219451904297e+01
-4.193575382232666016e-01
-1.077182531356811523e+00
-2.864632010459899902e-01
-9.799810647964477539e-01
1.260627508163452148e-01
3.636917769908905029e-01
2.655857503414154053e-01
-7.156398773193359375e+01
-4.154125061035156250e+02
3.309819793701171875e+01
-1.829958343505859375e+01
1.504169750213623047e+01
7.441287517547607422e+00
-1.269895782470703125e+02
-7.312486572265625000e+02
8.206192016601562500e+00
6.228729629516601562e+01
1.791572570800781250e+01
1.869227218627929688e+01
-1.591770172119140625e+02
-8.165745849609375000e+02
-2.809926795959472656e+01
1.378071136474609375e+02
2.890524101257324219e+01
2.499986648559570312e+01
-2.001085205078125000e+02
-7.232683715820312500e+02
-1.427191162109375000e+01
1.985045776367187500e+02
4.268514251708984375e+01
3.836520385742187500e+01
-2.685544738769531250e+02
-5.216431884765625000e+02
-7.335649871826171875e+01
2.254510498046875000e+02
5.686229705810546875e+01
5.321516799926757812e+01
-3.662885437011718750e+02
-3.848954772949218750e+02
-2.073981475830078125e+02
1.634817962646484375e+02
5.269608306884765625e+01
6.730052185058593750e+01
-5.316559448242187500e+02
-4.016842346191406250e+02
-5.525692749023437500e+02
8.018372344970703125e+01
5.047205734252929688e+01
6.380255126953125000e+01
-9.126533813476562500e+02
-9.074686889648437500e+02
-1.136075439453125000e+03
5.698556900024414062e+01
5.513152694702148438e+01
5.130732727050781250e+01
-1.931974121093750000e+03
-1.272282592773437500e+03
-1.429211303710937500e+03
5.807231521606445312e+01
5.730937576293945312e+01
4.883726119995117188e+01
-2.691187011718750000e+03
-1.681976928710937500e+03
-1.058203857421875000e+03
5.666634750366210938e+01
5.071953582763671875e+01
4.087728881835937500e+01
-1.512967163085937500e+03
-5.956854248046875000e+02
-3.931799011230468750e+02
8.443396759033203125e+01
3.174235916137695312e+01
3.578339767456054688e+01
-1.076857223510742188e+02
-5.469380493164062500e+02
-2.161037597656250000e+02
1.061959075927734375e+02
1.596535587310791016e+01
1.908608627319335938e+01
3.457196044921875000e+01
-4.503862380981445312e+01
-1.394090576171875000e+02
1.411653900146484375e+02
-7.531848430633544922e+00
8.298212051391601562e+00
8.671984100341796875e+01
1.885180969238281250e+02
-8.988566589355468750e+01
1.275596847534179688e+02
-1.894215583801269531e+01
-1.995498985052108765e-01
8.891791534423828125e+01
1.503777313232421875e+02
-3.182924652099609375e+01
5.781082153320312500e+01
-1.425340652465820312e+01
-3.178353786468505859e+00
-8.757289648056030273e-01
-1.075750887393951416e-01
4.870977699756622314e-01
-2.721470355987548828e+00
-3.679349422454833984e-01
-2.383010275661945343e-02
-1.158588409423828125e+02
-2.394304809570312500e+02
8.205849647521972656e+00
3.046291351318359375e+00
1.017987728118896484e+01
8.765449523925781250e+00
-2.086122436523437500e+02
-4.011029968261718750e+02
-1.669421386718750000e+01
9.053013610839843750e+01
1.719695281982421875e+01
1.122988605499267578e+01
-2.828941955566406250e+02
-3.847671813964843750e+02
-4.417440032958984375e+01
1.738028106689453125e+02
2.981387901306152344e+01
2.452884674072265625e+01
-3.574460754394531250e+02
-2.547322998046875000e+02
-4.639036178588867188e+01
2.368915863037109375e+02
4.193343353271484375e+01
4.133522415161132812e+01
-4.246633605957031250e+02
-2.158283691406250000e+02
-9.329969024658203125e+01
2.190142822265625000e+02
5.212540054321289062e+01
5.234141540527343750e+01
-3.689650878906250000e+02
-3.837181396484375000e+02
-2.105435791015625000e+02
1.606795501708984375e+02
5.352832412719726562e+01
6.848527526855468750e+01
-4.155146789550781250e+02
-6.535377807617187500e+02
-4.081267089843750000e+02
1.146754989624023438e+02
5.144952774047851562e+01
6.342522048950195312e+01
-1.100075805664062500e+03
-5.958178710937500000e+02
-5.938415527343750000e+02
8.700549316406250000e+01
4.789779663085937500e+01
6.026776123046875000e+01
-2.135323730468750000e+03
-5.410582275390625000e+02
-5.683619384765625000e+02
7.928025054931640625e+01
4.196817398071289062e+01
5.207518768310546875e+01
-1.111854003906250000e+03
-4.756108093261718750e+02
-2.097813415527343750e+02
1.829915466308593750e+02
3.088143920898437500e+01
3.725421905517578125e+01
-1.977600860595703125e+02
-4.680293579101562500e+02
-1.421105957031250000e+02
1.899555664062500000e+02
1.874439048767089844e+01
2.269985198974609375e+01
2.534210968017578125e+01
-3.068514099121093750e+02
-1.112739181518554688e+02
2.019377746582031250e+02
3.390911579132080078e+00
9.457632064819335938e+00
7.937246704101562500e+01
-9.998316955566406250e+01
-6.596427154541015625e+01
2.041095733642578125e+02
-1.225481319427490234e+01
2.645865082740783691e-01
2.047555541992187500e+02
-7.133940887451171875e+01
-3.341250228881835938e+01
1.220664062500000000e+02
-1.890417861938476562e+01
-4.143393993377685547e+00
1.921438140869140625e+02
-6.836330413818359375e+01
-1.047835350036621094e+01
3.052660369873046875e+01
-1.450226402282714844e+01
-4.825334548950195312e+00
-1.163800358772277832e+00
2.177567243576049805e+00
-8.862100243568420410e-01
2.895671606063842773e+00
-6.870465278625488281e-01
-1.031263589859008789e+00
-2.424045104980468750e+02
9.565233612060546875e+01
8.794864654541015625e+00
2.584239768981933594e+01
7.478973388671875000e+00
8.603771209716796875e+00
-4.046264953613281250e+02
8.430464172363281250e+01
-3.761929702758789062e+01
5.132268905639648438e+01
1.608000946044921875e+01
1.105825996398925781e+01
-4.575726623535156250e+02
-4.290348434448242188e+01
-4.248226928710937500e+01
2.089544372558593750e+02
2.968660545349121094e+01
2.272490882873535156e+01
-3.566240844726562500e+02
-2.566832580566406250e+02
-4.294625854492187500e+01
2.358652648925781250e+02
4.195681381225585938e+01
4.130134582519531250e+01
-2.696876220703125000e+02
-5.215573730468750000e+02
-7.504465484619140625e+01
2.255644378662109375e+02
5.696092987060546875e+01
5.393107604980468750e+01
-2.567694091796875000e+02
-7.605790405273437500e+02
-1.320962982177734375e+02
2.160749359130859375e+02
5.248733139038085938e+01
5.907010269165039062e+01
-5.217779541015625000e+02
-7.193943481445312500e+02
-2.252048492431640625e+02
1.932129058837890625e+02
4.636180496215820312e+01
5.676633071899414062e+01
-1.163418090820312500e+03
-4.958009643554687500e+02
-2.501253662109375000e+02
1.832195129394531250e+02
3.907107543945312500e+01
4.853659057617187500e+01
-4.698701477050781250e+02
-5.049066467285156250e+02
-1.402596893310546875e+02
2.581183776855468750e+02
2.596313095092773438e+01
3.399996566772460938e+01
-1.027647094726562500e+02
-5.523674316406250000e+02
-1.119652099609375000e+02
2.647890014648437500e+02
1.767553901672363281e+01
2.237085342407226562e+01
4.981906890869140625e+00
-4.622962341308593750e+02
-9.701628112792968750e+01
2.663652343750000000e+02
6.154730319976806641e+00
9.302804946899414062e+00
-3.184588623046875000e+01
-2.946567077636718750e+02
-3.328712844848632812e+01
2.518530426025390625e+02
-7.137377262115478516e+00
4.140652418136596680e-01
9.133302307128906250e+01
-2.723396606445312500e+02
-2.407900571823120117e+00
1.867543945312500000e+02
-1.739865112304687500e+01
-9.666777610778808594e+00
2.634029846191406250e+02
-3.228396606445312500e+02
7.607147693634033203e+00
8.846038055419921875e+01
-1.820999145507812500e+01
-1.249624919891357422e+01
3.484617004394531250e+02
-3.650295410156250000e+02
9.868535995483398438e+00
5.692095565795898438e+01
-6.534822463989257812e+00
-1.657128143310546875e+01
-4.812575280666351318e-01
3.643446415662765503e-02
2.289476543664932251e-01
3.857381820678710938e+00
-1.924278885126113892e-01
-1.121102422475814819e-01
-5.067362365722656250e+02
5.305982666015625000e+02
-8.400135040283203125e+01
1.319463653564453125e+02
4.264174938201904297e+00
1.236673355102539062e+01
-4.025238037109375000e+02
8.591942596435546875e+01
-3.712500000000000000e+01
4.441908264160156250e+01
1.696287727355957031e+01
1.255627822875976562e+01
-2.836122741699218750e+02
-3.829161376953125000e+02
-4.454015350341796875e+01
1.726710510253906250e+02
2.977277565002441406e+01
2.458909988403320312e+01
-2.001851501464843750e+02
-7.224854736328125000e+02
-1.418069839477539062e+01
2.063082275390625000e+02
4.286291122436523438e+01
3.869347000122070312e+01
-1.786161651611328125e+02
-9.605234375000000000e+02
-4.667461013793945312e+01
2.233913421630859375e+02
5.030781936645507812e+01
5.065945434570312500e+01
-3.298660278320312500e+02
-8.751682128906250000e+02
-5.007150650024414062e+01
2.459122009277343750e+02
4.617903900146484375e+01
5.117856216430664062e+01
-5.792317504882812500e+02
-5.550595092773437500e+02
-1.140597381591796875e+02
2.481370544433593750e+02
3.501515197753906250e+01
4.312598800659179688e+01
-2.894752502441406250e+02
-5.145891723632812500e+02
-3.102768707275390625e+01
2.462176513671875000e+02
1.937040519714355469e+01
2.982150077819824219e+01
-5.294754028320312500e+01
-5.575108642578125000e+02
-6.985469055175781250e+01
2.865556335449218750e+02
9.521997451782226562e+00
2.010194778442382812e+01
3.837131881713867188e+01
-6.081284179687500000e+02
-5.284310913085937500e+01
2.869537658691406250e+02
2.636010646820068359e+00
1.181149196624755859e+01
-6.256465148925781250e+01
-4.845871582031250000e+02
2.601068496704101562e+00
2.611198730468750000e+02
-7.147167682647705078e+00
-1.324695110321044922e+00
-1.017074356079101562e+02
-3.665945739746093750e+02
2.569061660766601562e+01
2.261951141357421875e+02
-2.080332565307617188e+01
-1.107474517822265625e+01
7.392036437988281250e+01
-4.007010192871093750e+02
3.290950012207031250e+01
1.870407257080078125e+02
-2.298107337951660156e+01
-1.445297241210937500e+01
3.000179748535156250e+02
-4.757179260253906250e+02
6.134761047363281250e+01
1.198114852905273438e+02
-1.738335418701171875e+01
-2.512582778930664062e+01
4.730263977050781250e+02
-5.195959472656250000e+02
1.308904266357421875e+02
-9.589207458496093750e+01
-3.359017848968505859e+00
-2.071082305908203125e+01
-2.751648426055908203e-01
1.402088880538940430e+00
-7.511238008737564087e-02
-3.252011775970458984e+00
2.316755205392837524e-01
-8.527942895889282227e-01
-2.420476989746093750e+02
9.704074096679687500e+01
1.077357578277587891e+01
2.649157714843750000e+01
7.870671749114990234e+00
8.770004272460937500e+00
-2.081846771240234375e+02
-3.980242919921875000e+02
-1.862911796569824219e+01
8.975994873046875000e+01
1.792717933654785156e+01
9.717000007629394531e+00
-1.603922729492187500e+02
-8.211381835937500000e+02
-2.889374923706054688e+01
1.352915191650390625e+02
2.829469108581542969e+01
2.619180297851562500e+01
-1.485302886962890625e+02
-1.039974975585937500e+03
-1.451438522338867188e+01
1.204347000122070312e+02
3.558467864990234375e+01
3.775738525390625000e+01
-2.534423065185546875e+02
-9.495429687500000000e+02
-1.352427768707275391e+01
1.021935844421386719e+01
3.890641403198242188e+01
4.434867858886718750e+01
-4.019553833007812500e+02
-6.105920410156250000e+02
-2.085373115539550781e+01
1.669321594238281250e+02
3.626255416870117188e+01
4.069225311279296875e+01
-2.070305328369140625e+02
-4.472900085449218750e+02
-1.727819442749023438e+01
2.458553504943847656e+01
2.830175781250000000e+01
1.642307662963867188e+01
9.991561621427536011e-02
-3.959116821289062500e+02
-3.186659431457519531e+01
1.249404678344726562e+02
1.745110130310058594e+01
4.780703544616699219e+00
7.318240356445312500e+01
-4.859025573730468750e+02
-2.953717613220214844e+01
1.761793060302734375e+02
7.820628166198730469e+00
-3.917151212692260742e+00
-1.209398555755615234e+01
-5.396173706054687500e+02
-7.251776695251464844e+00
2.085213623046875000e+02
1.022983551025390625e+00
-1.589044761657714844e+01
-2.014376831054687500e+02
-4.320393981933593750e+02
2.574594116210937500e+01
2.062999877929687500e+02
-1.490097808837890625e+01
-4.341747760772705078e+00
-1.571275787353515625e+02
-4.169862670898437500e+02
8.018195343017578125e+01
2.374807128906250000e+02
-2.180160331726074219e+01
-7.208455562591552734e+00
6.580485534667968750e+01
-4.935427551269531250e+02
1.482778320312500000e+02
1.866550903320312500e+02
-2.025686836242675781e+01
-1.739996337890625000e+01
2.992410888671875000e+02
-4.758930664062500000e+02
5.766830062866210938e+01
1.146561737060546875e+02
-1.763212013244628906e+01
-2.548464965820312500e+01
3.483600769042968750e+02
-3.621984558105468750e+02
8.826686859130859375e+00
5.758295440673828125e+01
-5.389764308929443359e+00
-1.626992607116699219e+01
-8.081648945808410645e-01
1.808042377233505249e-01
1.025583863258361816e+00
-5.001795887947082520e-01
-6.762761473655700684e-01
-1.079572677612304688e+00
-1.125768966674804688e+02
-2.382512054443359375e+02
7.450586318969726562e+00
7.334512710571289062e+00
9.557712554931640625e+00
7.995832920074462891e+00
-1.259958801269531250e+02
-7.324257202148437500e+02
8.834825515747070312e+00
6.074913406372070312e+01
1.712350463867187500e+01
1.750954818725585938e+01
-1.323878936767578125e+02
-9.828182983398437500e+02
-5.219055175781250000e+00
1.066997604370117188e+02
2.426721954345703125e+01
2.688715171813964844e+01
-2.065582427978515625e+02
-8.735209960937500000e+02
4.326197147369384766e+00
7.766652679443359375e+01
3.172539901733398438e+01
3.100297546386718750e+01
-3.208234863281250000e+02
-6.151362915039062500e+02
-4.904346466064453125e+00
2.336602973937988281e+01
3.429108810424804688e+01
2.463403511047363281e+01
-1.470887756347656250e+02
-2.947655334472656250e+02
1.410500240325927734e+01
-4.453751754760742188e+01
2.664134216308593750e+01
8.975250244140625000e+00
2.889653778076171875e+01
-1.470845184326171875e+02
-3.121714115142822266e+00
-7.769097900390625000e+01
1.708823013305664062e+01
2.876211106777191162e-01
9.004472351074218750e+01
-1.307180175781250000e+02
-2.169664955139160156e+01
-3.467938613891601562e+01
1.079594612121582031e+01
-3.495115756988525391e+00
7.852063179016113281e+00
-2.691206665039062500e+02
-7.046325683593750000e+00
2.636515235900878906e+01
-6.196104288101196289e-01
-7.981669425964355469e+00
-1.637912902832031250e+02
-3.888022766113281250e+02
1.716135025024414062e+01
1.103308258056640625e+02
-1.219403624534606934e+00
-1.442913532257080078e+01
-2.987038269042968750e+02
-3.599813232421875000e+02
1.169073104858398438e+02
1.696606445312500000e+02
-1.636192512512207031e+01
-6.636923313140869141e+00
-1.579553833007812500e+02
-4.172312316894531250e+02
7.754784393310546875e+01
2.309690551757812500e+02
-2.062490463256835938e+01
-8.646176338195800781e+00
7.272476959228515625e+01
-3.971375122070312500e+02
3.524061965942382812e+01
1.861515197753906250e+02
-2.275786590576171875e+01
-1.476753234863281250e+01
2.636036987304687500e+02
-3.194118347167968750e+02
9.185681343078613281e+00
9.753021240234375000e+01
-1.893923950195312500e+01
-1.239739513397216797e+01
1.944739685058593750e+02
-6.915661621093750000e+01
-1.248843955993652344e+01
3.054102897644042969e+01
-1.414714622497558594e+01
-5.486982822418212891e+00
8.978433609008789062e-01
-1.921284794807434082e+00
-1.787236481904983521e-01
1.508301734924316406e+00
-8.457783460617065430e-01
-2.079961597919464111e-01
-7.317285919189453125e+01
-4.160830688476562500e+02
3.363869857788085938e+01
-1.804693222045898438e+01
1.448775196075439453e+01
7.250678539276123047e+00
-8.998087310791015625e+01
-7.621331787109375000e+02
3.525765228271484375e+01
-3.839000320434570312e+01
2.551816940307617188e+01
1.574938392639160156e+01
-1.494644775390625000e+02
-7.235934448242187500e+02
2.435796356201171875e+01
-2.563867378234863281e+01
2.956972885131835938e+01
1.992267799377441406e+01
-2.388701324462890625e+02
-5.021399536132812500e+02
1.144351673126220703e+01
2.609114646911621094e+01
2.785343933105468750e+01
1.517349624633789062e+01
-1.053395919799804688e+02
-7.215075683593750000e+01
2.807342910766601562e+01
-1.950431365966796875e+02
1.940148544311523438e+01
7.354899883270263672e+00
3.944223403930664062e+01
1.240245742797851562e+02
1.706698894500732422e+00
-1.903786468505859375e+02
1.622311019897460938e+01
1.985666394233703613e+00
8.516707611083984375e+01
2.808707885742187500e+02
2.038730859756469727e+00
-1.686479187011718750e+02
1.050806140899658203e+01
-3.933458328247070312e-01
-7.881074905395507812e+00
2.690920104980468750e+02
7.047487735748291016e+00
-2.634516334533691406e+01
6.040875911712646484e-01
7.987166404724121094e+00
-1.576219024658203125e+02
-1.827038973569869995e-01
2.372435379028320312e+01
2.891498947143554688e+01
-7.878762722015380859e+00
5.254606246948242188e+00
-1.639706726074218750e+02
-3.892218017578125000e+02
1.918780326843261719e+01
1.056906051635742188e+02
-2.210046291351318359e+00
-1.594618892669677734e+01
-2.012307128906250000e+02
-4.280831298828125000e+02
2.689752006530761719e+01
2.094642639160156250e+02
-1.509550189971923828e+01
-5.247320652008056641e+00
-1.004375457763671875e+02
-3.611452026367187500e+02
2.742047500610351562e+01
2.423557434082031250e+02
-2.127330207824707031e+01
-9.898194313049316406e+00
9.351725006103515625e+01
-2.693947143554687500e+02
-4.362169742584228516e+00
1.874161987304687500e+02
-1.737481117248535156e+01
-8.890878677368164062e+00
2.036187896728515625e+02
-7.091878509521484375e+01
-3.103219985961914062e+01
1.240328903198242188e+02
-1.856174659729003906e+01
-3.572978258132934570e+00
9.042601776123046875e+01
1.534466094970703125e+02
-3.275893402099609375e+01
6.041836929321289062e+01
-1.464514732360839844e+01
-3.281239986419677734e+00
1.354929804801940918e+00
-9.509963989257812500e-01
5.200264602899551392e-02
7.093880772590637207e-01
-4.689729809761047363e-01
-2.163127362728118896e-01
-6.094954681396484375e+01
-3.988620605468750000e+02
8.608490753173828125e+01
-5.203929519653320312e+01
1.546993827819824219e+01
5.123654365539550781e+00
-1.009068756103515625e+02
-5.138849487304687500e+02
8.203466796875000000e+01
-1.154635620117187500e+02
2.484621810913085938e+01
1.071809864044189453e+01
-1.658308105468750000e+02
-3.372130737304687500e+02
5.336385345458984375e+01
-1.732844390869140625e+02
2.432847595214843750e+01
9.994104385375976562e+00
-7.802388000488281250e+01
1.003211822509765625e+02
6.671545410156250000e+01
-2.023964538574218750e+02
1.235145378112792969e+01
2.810114622116088867e-01
3.052689743041992188e+01
2.951660766601562500e+02
3.061783409118652344e+01
-2.509215240478515625e+02
6.947967529296875000e+00
3.298450410366058350e-01
6.179683685302734375e+01
4.808410949707031250e+02
-1.074320316314697266e+00
-2.623104858398437500e+02
7.024774551391601562e+00
8.762882351875305176e-01
1.209923267364501953e+01
5.395818481445312500e+02
7.253979206085205078e+00
-2.085369110107421875e+02
-1.022097110748291016e+00
1.588570117950439453e+01
-9.594012260437011719e+00
2.745034790039062500e+02
8.972220420837402344e+00
-2.329858970642089844e+01
1.158523559570312500e+00
9.081814765930175781e+00
9.694266319274902344e+00
-2.705780334472656250e+02
-9.201848983764648438e+00
3.204380035400390625e+01
2.618683129549026489e-02
-8.438839912414550781e+00
-1.442793083190917969e+01
-5.418315429687500000e+02
-6.328867435455322266e+00
1.996307830810546875e+02
2.063976287841796875e+00
-1.510667037963867188e+01
-6.318404388427734375e+01
-4.821224670410156250e+02
-6.270515322685241699e-01
2.682089538574218750e+02
-7.014497280120849609e+00
-9.390719532966613770e-01
-3.147516059875488281e+01
-2.963224182128906250e+02
-3.376499176025390625e+01
2.552283630371093750e+02
-6.927868366241455078e+00
1.727282404899597168e-01
8.141400909423828125e+01
-1.024232788085937500e+02
-6.612547302246093750e+01
2.035513763427734375e+02
-1.225500011444091797e+01
-3.441904485225677490e-01
8.572420501708984375e+01
1.887750396728515625e+02
-9.375057983398437500e+01
1.313909759521484375e+02
-1.888904762268066406e+01
-7.876207828521728516e-01
4.250609970092773438e+01
2.576515197753906250e+02
-7.146183776855468750e+01
6.443564605712890625e+01
-1.476582336425781250e+01
-6.664379239082336426e-01
3.774890899658203125e+00
5.335999727249145508e-01
-2.268463611602783203e+00
7.508885264396667480e-01
5.623040199279785156e-01
2.913029789924621582e-01
-3.849855804443359375e+01
-2.578465270996093750e+02
7.126594543457031250e+01
-6.190374755859375000e+01
1.622516822814941406e+01
3.395766615867614746e-01
-8.874037170410156250e+01
-1.887489166259765625e+02
9.419661712646484375e+01
-1.244822921752929688e+02
1.857968521118164062e+01
1.109445244073867798e-01
-5.883187866210937500e+01
1.827044067382812500e+02
7.707406616210937500e+01
-9.958968353271484375e+01
8.545686721801757812e+00
-1.174156785011291504e+00
1.305920600891113281e+01
3.439466552734375000e+02
6.054854965209960938e+01
-1.758151245117187500e+02
-1.755543947219848633e+00
2.298007965087890625e+00
3.509729003906250000e+01
4.568824157714843750e+02
2.358881378173828125e+01
-2.512790069580078125e+02
-2.221818685531616211e+00
2.832376956939697266e+00
6.252389144897460938e+01
4.846347045898437500e+02
-2.594668388366699219e+00
-2.611315917968750000e+02
7.144519329071044922e+00
1.330452442169189453e+00
8.369140625000000000e+01
2.813518371582031250e+02
1.709694743156433105e+00
-1.746727905273437500e+02
1.075265979766845703e+01
3.474715352058410645e-02
9.087646484375000000e+01
-1.299255981445312500e+02
-2.356529998779296875e+01
-3.537188339233398438e+01
1.022116279602050781e+01
-3.631164073944091797e+00
7.060937500000000000e+01
-4.889933471679687500e+02
-2.818787193298339844e+01
1.879392547607421875e+02
7.636481761932373047e+00
-3.915306568145751953e+00
4.346251296997070312e+01
-6.078488769531250000e+02
-5.504135131835937500e+01
2.925026245117187500e+02
2.224276781082153320e+00
1.156282329559326172e+01
3.015465736389160156e+00
-4.645036315917968750e+02
-9.409132385253906250e+01
2.717400207519531250e+02
6.359600067138671875e+00
1.015353775024414062e+01
2.607300376892089844e+01
-3.059862060546875000e+02
-1.121803741455078125e+02
2.067914276123046875e+02
3.292065858840942383e+00
9.599332809448242188e+00
3.225103759765625000e+01
-4.672872161865234375e+01
-1.396404876708984375e+02
1.343447723388671875e+02
-7.199798583984375000e+00
7.589293956756591797e+00
-2.178921966552734375e+02
3.788683166503906250e+02
-1.421943359375000000e+02
8.026506042480468750e+01
-1.826521301269531250e+01
3.789640426635742188e+00
-8.934778594970703125e+01
2.959888305664062500e+02
-1.378284301757812500e+02
4.076497268676757812e+01
-1.722176933288574219e+01
6.125540733337402344e-01
-1.867326736450195312e+00
1.562931418418884277e+00
-3.176889657974243164e+00
3.619081676006317139e-01
-5.194555222988128662e-02
-1.042158365249633789e+00
3.599212646484375000e+01
-8.260485076904296875e+01
9.173540496826171875e+01
-4.456625366210937500e+01
1.448799705505371094e+01
-1.861746430397033691e+00
-2.301940536499023438e+01
2.222584533691406250e+02
1.103998947143554688e+02
-3.333896255493164062e+01
4.309162616729736328e+00
9.666396141052246094e+00
-1.124100780487060547e+01
3.006080017089843750e+02
6.998693084716796875e+01
-7.091287231445312500e+01
-2.980729818344116211e+00
3.231648445129394531e+00
1.257689476013183594e+01
3.417688598632812500e+02
6.048255920410156250e+01
-1.769538879394531250e+02
-1.500863194465637207e+00
1.913502693176269531e+00
3.178308105468750000e+01
2.947072753906250000e+02
3.329093551635742188e+01
-2.518684082031250000e+02
7.143676280975341797e+00
-4.166254699230194092e-01
3.724939346313476562e+01
1.217244567871093750e+02
1.828689575195312500e+00
-1.869677734375000000e+02
1.602561569213867188e+01
3.558251619338989258e+00
2.747482109069824219e+01
-1.476665802001953125e+02
-3.826696395874023438e+00
-8.427941131591796875e+01
1.730559921264648438e+01
5.687907934188842773e-01
-2.718911886215209961e+00
-3.971489868164062500e+02
-3.155386352539062500e+01
1.232138366699218750e+02
1.726009368896484375e+01
4.183969974517822266e+00
-5.156237030029296875e+01
-5.603973388671875000e+02
-6.894323730468750000e+01
2.916193542480468750e+02
8.984662055969238281e+00
2.087779808044433594e+01
-1.109896011352539062e+02
-5.528216552734375000e+02
-1.098239059448242188e+02
2.702528686523437500e+02
1.770590019226074219e+01
2.243812751770019531e+01
-1.901883697509765625e+02
-4.629440002441406250e+02
-1.442137298583984375e+02
1.912637786865234375e+02
1.856663131713867188e+01
2.172975921630859375e+01
-1.162453689575195312e+02
-5.492545166015625000e+02
-2.203911285400390625e+02
1.024640502929687500e+02
1.565465545654296875e+01
1.922149848937988281e+01
-2.707422485351562500e+02
-3.214998779296875000e+02
-3.604298095703125000e+02
6.488825225830078125e+01
2.251150846481323242e+00
1.466387081146240234e+01
-6.721433105468750000e+02
8.165263671875000000e+02
-4.555434875488281250e+02
4.725102233886718750e+01
-1.602914237976074219e+01
1.558925342559814453e+01
-3.802780761718750000e+02
3.661720581054687500e+02
-3.513253784179687500e+02
3.390361404418945312e+01
-1.740065574645996094e+01
6.191664218902587891e+00
-5.706974491477012634e-02
4.950523376464843750e-02
8.458349108695983887e-01
1.352804303169250488e-01
4.115819334983825684e-01
9.026960730552673340e-01
-7.946152091026306152e-01
2.839658021926879883e+00
-4.565905094146728516e+00
8.030107021331787109e-01
5.171945095062255859e-01
1.163204073905944824e+00
-2.365275573730468750e+01
2.172765045166015625e+02
1.118578643798828125e+02
-3.345861053466796875e+01
4.064771652221679688e+00
9.589355468750000000e+00
-5.730438232421875000e+01
1.826801147460937500e+02
7.818503570556640625e+01
-9.821234893798828125e+01
8.347820281982421875e+00
-3.051560163497924805e+00
-7.943300628662109375e+01
1.000481491088867188e+02
6.596468353271484375e+01
-2.041216583251953125e+02
1.225962734222412109e+01
-2.645809352397918701e-01
-1.066611785888671875e+02
-7.407173156738281250e+01
2.784531784057617188e+01
-1.972935791015625000e+02
1.905470657348632812e+01
7.221221923828125000e+00
-1.501919555664062500e+02
-2.903439941406250000e+02
1.194447994232177734e+01
-4.770645904541015625e+01
2.646046829223632812e+01
8.428216934204101562e+00
-2.128200531005859375e+02
-4.441878051757812500e+02
-1.730529594421386719e+01
2.361178588867187500e+01
2.877096176147460938e+01
1.669919013977050781e+01
-2.875667419433593750e+02
-5.084908752441406250e+02
-3.093198776245117188e+01
2.529432678222656250e+02
1.941534233093261719e+01
3.048200035095214844e+01
-4.696754150390625000e+02
-5.152787475585937500e+02
-1.380731811523437500e+02
2.605186462402343750e+02
2.577285194396972656e+01
3.356749343872070312e+01
-1.094890380859375000e+03
-4.790482177734375000e+02
-2.075974273681640625e+02
1.828597564697265625e+02
3.047092819213867188e+01
3.634035110473632812e+01
-1.548146484375000000e+03
-5.984799804687500000e+02
-3.898758544921875000e+02
8.383274841308593750e+01
3.209286499023437500e+01
3.588077545166015625e+01
-1.359027709960937500e+03
-1.805329101562500000e+03
-6.550203857421875000e+02
5.766493606567382812e+01
3.232668304443359375e+01
2.973948860168457031e+01
-1.848117675781250000e+03
-7.581476440429687500e+02
-8.561496582031250000e+02
5.288568496704101562e+01
8.751486778259277344e+00
3.282194519042968750e+01
-5.781743164062500000e+02
-4.471190795898437500e+02
-8.905092163085937500e+02
4.915537643432617188e+01
4.821240901947021484e+00
1.329658699035644531e+01
-1.431573028564453125e+02
-3.730722045898437500e+02
-5.419230957031250000e+02
3.339878082275390625e+01
-9.502070397138595581e-02
-1.525156617164611816e+00
-1.437549285888671875e+02
-3.675528869628906250e+02
-5.280610351562500000e+02
3.335279464721679688e+01
-1.883034855127334595e-01
-1.361885666847229004e+00
7.649922370910644531e-01
2.744555473327636719e+00
1.135215997695922852e+00
-4.293025657534599304e-02
1.176782846450805664e-01
-3.421868681907653809e-01
3.396264648437500000e+01
-8.382904815673828125e+01
8.974274444580078125e+01
-4.428374099731445312e+01
1.444514942169189453e+01
-2.099595308303833008e+00
-8.674402618408203125e+01
-1.884833374023437500e+02
8.989333343505859375e+01
-1.275679550170898438e+02
1.894154357910156250e+01
2.011229544878005981e-01
-1.666818542480468750e+02
-3.432532958984375000e+02
5.285078048706054688e+01
-1.730717620849609375e+02
2.300822448730468750e+01
1.066630172729492188e+01
-2.392782287597656250e+02
-5.023381347656250000e+02
1.272960281372070312e+01
3.648799133300781250e+01
2.854054069519042969e+01
1.515794086456298828e+01
-3.230408630371093750e+02
-6.174231567382812500e+02
-3.340294361114501953e+00
2.635853576660156250e+01
3.415847396850585938e+01
2.416117095947265625e+01
-4.110497436523437500e+02
-6.197957153320312500e+02
-2.310722351074218750e+01
1.605449829101562500e+02
3.584603881835937500e+01
4.148480987548828125e+01
-5.858265380859375000e+02
-5.429846191406250000e+02
-1.144706573486328125e+02
2.493773193359375000e+02
3.520640945434570312e+01
4.331850433349609375e+01
-1.157963989257812500e+03
-4.979383239746093750e+02
-2.545466308593750000e+02
1.835421905517578125e+02
3.926762771606445312e+01
4.820340728759765625e+01
-2.162582275390625000e+03
-5.395898437500000000e+02
-5.705784301757812500e+02
7.928333282470703125e+01
4.188318634033203125e+01
5.162354278564453125e+01
-2.703448242187500000e+03
-1.673116577148437500e+03
-1.064042724609375000e+03
5.576573181152343750e+01
5.081966400146484375e+01
4.135458374023437500e+01
-3.354362792968750000e+03
-2.277833251953125000e+03
-1.461882568359375000e+03
6.125081253051757812e+01
5.297568893432617188e+01
3.164202499389648438e+01
-3.023827636718750000e+03
-2.476001708984375000e+03
-1.512013061523437500e+03
5.611024856567382812e+01
3.877828598022460938e+01
2.225839233398437500e+01
2.125738143920898438e+01
-1.770358398437500000e+03
-1.238570190429687500e+03
4.383398437500000000e+01
2.427816009521484375e+01
6.861756324768066406e+00
-5.497753295898437500e+02
-4.428158569335937500e+02
-8.640638427734375000e+02
4.768122863769531250e+01
5.261691570281982422e+00
1.312664890289306641e+01
-3.822897338867187500e+02
3.846700744628906250e+02
-3.457115478515625000e+02
3.319503402709960938e+01
-1.757673263549804688e+01
6.460112571716308594e+00
1.653190255165100098e+00
-2.468574941158294678e-01
7.080136537551879883e-01
-1.534269656985998154e-02
-1.349770426750183105e-01
6.207295134663581848e-02
-3.908773040771484375e+01
-2.551280822753906250e+02
7.003067779541015625e+01
-6.331345367431640625e+01
1.511571216583251953e+01
4.210900664329528809e-01
-1.024314346313476562e+02
-5.221131591796875000e+02
8.300468444824218750e+01
-1.150252914428710938e+02
2.558543968200683594e+01
1.049669456481933594e+01
-1.493454589843750000e+02
-7.145053100585937500e+02
2.264236259460449219e+01
-2.641230201721191406e+01
2.935294914245605469e+01
2.035058784484863281e+01
-2.063314971923828125e+02
-8.704214477539062500e+02
4.575804710388183594e+00
7.283444213867187500e+01
3.266950607299804688e+01
3.271135330200195312e+01
-2.507076110839843750e+02
-9.540335083007812500e+02
-1.482128334045410156e+01
2.444364166259765625e+01
3.960818099975585938e+01
4.407214736938476562e+01
-3.311708984375000000e+02
-8.660591430664062500e+02
-4.726213836669921875e+01
2.480471954345703125e+02
4.603701019287109375e+01
5.273432922363281250e+01
-5.217148437500000000e+02
-7.130406494140625000e+02
-2.265697174072265625e+02
1.932824554443359375e+02
4.588070297241210938e+01
5.545502090454101562e+01
-1.094612792968750000e+03
-5.947180175781250000e+02
-5.972927246093750000e+02
8.575587463378906250e+01
4.879304504394531250e+01
6.080779266357421875e+01
-1.927388916015625000e+03
-1.284012084960937500e+03
-1.421341674804687500e+03
5.745670700073242188e+01
5.716470718383789062e+01
4.934500885009765625e+01
-2.329359375000000000e+03
-2.867819091796875000e+03
-2.342001708984375000e+03
6.307774734497070312e+01
6.414945220947265625e+01
4.542543792724609375e+01
-4.241430175781250000e+03
-2.827527832031250000e+03
-2.291539794921875000e+03
6.048682022094726562e+01
5.625614929199218750e+01
3.707938766479492188e+01
-2.998747558593750000e+03
-2.463414794921875000e+03
-1.491787109375000000e+03
5.555761718750000000e+01
3.883357620239257812e+01
2.265930747985839844e+01
-5.334243652343750000e+03
-2.236348144531250000e+03
-2.444038574218750000e+03
4.803348922729492188e+01
9.421248435974121094e+00
2.987978553771972656e+01
-1.228927368164062500e+03
7.124262084960937500e+02
-7.279238891601562500e+02
3.712747573852539062e+01
-1.294520473480224609e+01
1.094552516937255859e+01
4.043002426624298096e-02
-6.508945021778345108e-03
-3.821777645498514175e-03
-9.158749890048056841e-05
-8.356931502930819988e-04
-1.951201818883419037e-03
9.945200347900390625e+01
-2.906746826171875000e+02
1.436230468750000000e+02
-4.026764297485351562e+01
1.706557655334472656e+01
-1.267566800117492676e+00
-3.186288261413574219e+01
-4.737786865234375000e+02
1.478646392822265625e+02
-1.210307312011718750e+02
2.104938697814941406e+01
8.255425095558166504e-01
-1.025353546142578125e+02
-6.168272705078125000e+02
6.074446105957031250e+01
-1.737840270996093750e+02
2.991944313049316406e+01
1.560764884948730469e+01
-1.464520416259765625e+02
-7.411689453125000000e+02
2.447055053710937500e+01
4.069822692871093750e+01
3.197429847717285156e+01
2.759522247314453125e+01
-1.714975128173828125e+02
-8.635914916992187500e+02
-2.653058171272277832e-01
5.685050201416015625e+01
3.497021102905273438e+01
3.810446166992187500e+01
-2.074289398193359375e+02
-9.620258789062500000e+02
-1.236865901947021484e+01
1.312489318847656250e+02
4.408129882812500000e+01
4.875385665893554688e+01
-3.150635986328125000e+02
-1.025195800781250000e+03
-1.133484802246093750e+02
2.333527221679687500e+02
4.583236694335937500e+01
4.844430160522460938e+01
-5.809891357421875000e+02
-1.076353271484375000e+03
-3.138851318359375000e+02
1.496587982177734375e+02
4.802559661865234375e+01
5.267527389526367188e+01
-1.317723999023437500e+03
-1.935787963867187500e+03
-9.292544555664062500e+02
6.091433334350585938e+01
5.400922393798828125e+01
4.817019271850585938e+01
-2.344889404296875000e+03
-2.838583496093750000e+03
-2.316994384765625000e+03
6.282962036132812500e+01
6.465865325927734375e+01
4.423345184326171875e+01
-3.476517089843750000e+03
-3.476190429687500000e+03
-5.208549804687500000e+03
6.510399627685546875e+01
6.509906768798828125e+01
4.369508743286132812e+01
-7.604527343750000000e+03
-6.810956054687500000e+03
-6.038482421875000000e+03
5.628966522216796875e+01
4.939783096313476562e+01
3.161060333251953125e+01
-2.996358154296875000e+03
-2.405159912109375000e+03
-1.504237792968750000e+03
5.573231124877929688e+01
3.907880020141601562e+01
2.230968666076660156e+01
-5.613233642578125000e+02
-4.418502502441406250e+02
-8.444025268554687500e+02
4.777091217041015625e+01
4.610499858856201172e+00
1.308652973175048828e+01
-3.814570312500000000e+02
3.896280212402343750e+02
-3.358852539062500000e+02
3.334275817871093750e+01
-1.806408691406250000e+01
5.559480667114257812e+00
-1.635605692863464355e+00
2.472974658012390137e-01
-7.124755382537841797e-01
1.511640474200248718e-02
1.358819305896759033e-01
-6.062712147831916809e-02
-3.980012893676757812e+01
-2.568305053710937500e+02
7.300864410400390625e+01
-6.521448516845703125e+01
1.502293491363525391e+01
-1.989817470312118530e-01
-1.023222427368164062e+02
-5.225933837890625000e+02
8.381535339355468750e+01
-1.133672943115234375e+02
2.538022422790527344e+01
1.002572345733642578e+01
-1.486794586181640625e+02
-7.176479492187500000e+02
2.440541267395019531e+01
-2.644415855407714844e+01
2.909540176391601562e+01
1.988070678710937500e+01
-2.036340789794921875e+02
-8.659680175781250000e+02
5.107231616973876953e+00
7.559375000000000000e+01
3.214816665649414062e+01
3.178359603881835938e+01
-2.462589874267578125e+02
-9.476562500000000000e+02
-1.233246612548828125e+01
2.221926116943359375e+01
4.005958938598632812e+01
4.369430541992187500e+01
-3.298225402832031250e+02
-8.762260742187500000e+02
-4.669827270507812500e+01
2.470682220458984375e+02
4.663245773315429688e+01
5.302043533325195312e+01
-5.213068847656250000e+02
-7.126395263671875000e+02
-2.296916503906250000e+02
1.912163543701171875e+02
4.568780517578125000e+01
5.579592132568359375e+01
-1.108333618164062500e+03
-5.942009277343750000e+02
-5.978089599609375000e+02
8.560371398925781250e+01
4.877968978881835938e+01
6.141371536254882812e+01
-1.931835815429687500e+03
-1.272034301757812500e+03
-1.429281860351562500e+03
5.807350158691406250e+01
5.730529785156250000e+01
4.884371948242187500e+01
-2.355000488281250000e+03
-2.819617675781250000e+03
-2.274814941406250000e+03
6.321041107177734375e+01
6.412496948242187500e+01
4.443046569824218750e+01
-4.197437011718750000e+03
-2.801988525390625000e+03
-2.314481933593750000e+03
6.087626647949218750e+01
5.577527999877929688e+01
3.632383728027343750e+01
-2.100839111328125000e+03
-1.487517333984375000e+03
-9.077536621093750000e+02
5.429530334472656250e+01
4.017293930053710938e+01
3.083724021911621094e+01
-1.913289184570312500e+02
-1.206827270507812500e+03
-6.312586059570312500e+02
4.934447097778320312e+01
2.164324760437011719e+01
1.284233856201171875e+01
-6.736033630371093750e+01
-2.682989501953125000e+02
-3.404498291015625000e+02
4.831138229370117188e+01
-5.691667556762695312e+00
3.377888917922973633e+00
-3.400545501708984375e+01
8.384027862548828125e+01
-8.974877929687500000e+01
4.428224182128906250e+01
-1.444247245788574219e+01
2.101059675216674805e+00
-1.333924293518066406e+00
1.571390777826309204e-01
-4.964376986026763916e-01
5.031151175498962402e-01
1.218150928616523743e-01
-2.832547128200531006e-01
-9.121394348144531250e+01
-1.497521667480468750e+02
3.154795265197753906e+01
-5.541536712646484375e+01
1.434412193298339844e+01
3.565081596374511719e+00
-1.902575836181640625e+02
-3.810323791503906250e+02
2.625720214843750000e+01
-4.143457412719726562e+01
2.335542106628417969e+01
1.249205017089843750e+01
-2.756962280273437500e+02
-5.835253906250000000e+02
-3.819052219390869141e+00
5.577246093750000000e+01
2.795076560974121094e+01
1.669805335998535156e+01
-3.534962768554687500e+02
-6.458318481445312500e+02
-2.569946765899658203e+00
8.257682800292968750e+01
3.432384872436523438e+01
3.153865814208984375e+01
-4.401050415039062500e+02
-5.589334106445312500e+02
-3.439111709594726562e+01
2.298722076416015625e+02
4.075085067749023438e+01
4.304740142822265625e+01
-5.650727539062500000e+02
-3.934784545898437500e+02
-1.259616165161132812e+02
2.358188781738281250e+02
4.383554077148437500e+01
5.421030807495117188e+01
-6.970266723632812500e+02
-3.846573791503906250e+02
-2.941127624511718750e+02
1.691606140136718750e+02
4.491483306884765625e+01
5.884653854370117188e+01
-1.099926513671875000e+03
-5.958012695312500000e+02
-5.938795166015625000e+02
8.701615905761718750e+01
4.789461898803710938e+01
6.027158737182617188e+01
-1.313379882812500000e+03
-1.919063232421875000e+03
-9.160534057617187500e+02
6.165438079833984375e+01
5.455186462402343750e+01
4.500404357910156250e+01
-2.705063476562500000e+03
-1.682227294921875000e+03
-1.056878173828125000e+03
5.717152786254882812e+01
5.084845733642578125e+01
3.979749298095703125e+01
-1.529483032226562500e+03
-5.953038330078125000e+02
-3.930259094238281250e+02
8.526164245605468750e+01
3.121844673156738281e+01
3.628555679321289062e+01
-3.651658935546875000e+02
-5.030697021484375000e+02
-3.139410705566406250e+02
7.589440917968750000e+01
1.873117828369140625e+01
2.454870033264160156e+01
5.399107742309570312e+01
-3.942890319824218750e+02
-1.659617156982421875e+02
8.197479248046875000e+01
6.520589351654052734e+00
1.010888862609863281e+01
5.717287826538085938e+01
-1.825826263427734375e+02
-7.817389678955078125e+01
9.821033477783203125e+01
-8.342785835266113281e+00
3.048316955566406250e+00
1.060664291381835938e+02
-9.735600280761718750e+01
-2.441964149475097656e+01
7.213233184814453125e+01
-1.217266654968261719e+01
-2.770283460617065430e+00
6.723956763744354248e-02
-6.245202422142028809e-01
4.455399140715599060e-02
-5.281388163566589355e-01
1.011493653059005737e-01
1.432019025087356567e-01
-1.937317810058593750e+02
6.775588226318359375e+01
1.056093502044677734e+01
-3.091311454772949219e+01
1.354725837707519531e+01
4.801171302795410156e+00
-3.284295959472656250e+02
1.151622867584228516e+01
-3.200587987899780273e+00
-1.078023815155029297e+01
2.071671104431152344e+01
1.197690963745117188e+01
-4.280239562988281250e+02
-1.283598785400390625e+02
-2.774282455444335938e+01
-8.952253341674804688e+00
2.699956321716308594e+01
1.733334922790527344e+01
-5.183401489257812500e+02
-2.283176269531250000e+02
-2.671155357360839844e+01
1.876757659912109375e+02
3.467717742919921875e+01
2.636852073669433594e+01
-5.798204345703125000e+02
-3.001603698730468750e+02
-4.579975891113281250e+01
2.643702392578125000e+02
3.929270172119140625e+01
4.417061614990234375e+01
-5.669733886718750000e+02
-3.939944763183593750e+02
-1.243685989379882812e+02
2.350335540771484375e+02
4.323684692382812500e+01
5.437226867675781250e+01
-5.216911621093750000e+02
-7.194067382812500000e+02
-2.252239379882812500e+02
1.932283477783203125e+02
4.635889434814453125e+01
5.676868820190429688e+01
-5.874730224609375000e+02
-1.053586181640625000e+03
-3.130129089355468750e+02
1.484742736816406250e+02
4.825240325927734375e+01
5.280979919433593750e+01
-1.686635375976562500e+03
-8.717427368164062500e+02
-3.783892517089843750e+02
1.091839904785156250e+02
4.450070571899414062e+01
4.547108078002929688e+01
-8.974797973632812500e+02
-4.969241638183593750e+02
-1.921888427734375000e+02
2.055271911621093750e+02
2.876930427551269531e+01
3.161633872985839844e+01
-2.024483489990234375e+02
-4.668901977539062500e+02
-1.393951721191406250e+02
1.913277587890625000e+02
1.847389030456542969e+01
2.180557060241699219e+01
1.186334514617919922e+01
-4.478056640625000000e+02
-9.238795471191406250e+01
1.831204986572265625e+02
1.081615447998046875e+01
8.537043571472167969e+00
-1.263472366333007812e+01
-3.417432556152343750e+02
-6.048352050781250000e+01
1.769399719238281250e+02
1.503431677818298340e+00
-1.912191867828369141e+00
6.367036056518554688e+01
-2.735570373535156250e+02
-7.777809143066406250e+00
1.535727081298828125e+02
-1.141034126281738281e+01
-6.678905487060546875e+00
1.960596008300781250e+02
-2.629154663085937500e+02
1.767127609252929688e+01
5.662237548828125000e+01
-5.992255687713623047e+00
-1.472543120384216309e+00
7.124989628791809082e-01
6.421414017677307129e-02
-6.360712051391601562e-01
4.824687540531158447e-01
-1.109714150428771973e+00
-2.601515315473079681e-02
-3.504606628417968750e+02
3.653916625976562500e+02
-9.088911056518554688e+00
-5.117478561401367188e+01
7.122866153717041016e+00
1.523445701599121094e+01
-4.856139831542968750e+02
4.209773254394531250e+02
-3.691329193115234375e+01
-5.910578918457031250e+01
1.761103439331054688e+01
1.636819267272949219e+01
-5.538639526367187500e+02
1.415699768066406250e+02
-1.339056682586669922e+01
2.540873527526855469e+01
2.794335365295410156e+01
1.768925666809082031e+01
-5.189756469726562500e+02
-2.296203918457031250e+02
-2.669878196716308594e+01
1.902581939697265625e+02
3.547893142700195312e+01
2.615123176574707031e+01
-4.429315795898437500e+02
-5.611638793945312500e+02
-3.388519287109375000e+01
2.293319396972656250e+02
3.966970062255859375e+01
4.351939773559570312e+01
-3.298170471191406250e+02
-8.752096557617187500e+02
-5.007916641235351562e+01
2.459447937011718750e+02
4.617863464355468750e+01
5.118040466308593750e+01
-3.130959167480468750e+02
-1.035197265625000000e+03
-1.139660110473632812e+02
2.340899505615234375e+02
4.494610977172851562e+01
4.774676895141601562e+01
-7.143826293945312500e+02
-7.135436401367187500e+02
-1.751361541748046875e+02
2.310315399169921875e+02
3.754837417602539062e+01
3.867373275756835938e+01
-3.654413757324218750e+02
-4.520837707519531250e+02
-7.378644561767578125e+01
2.710505676269531250e+02
2.196876525878906250e+01
2.655741882324218750e+01
-8.301792907714843750e+01
-4.184251098632812500e+02
-1.238595962524414062e+02
2.657024230957031250e+02
1.230311107635498047e+01
2.017501449584960938e+01
5.259762763977050781e+00
-4.604674377441406250e+02
-9.625609588623046875e+01
2.639538574218750000e+02
6.163216114044189453e+00
9.075634002685546875e+00
-3.509363174438476562e+01
-4.568772583007812500e+02
-2.359188270568847656e+01
2.512714538574218750e+02
2.224807024002075195e+00
-2.832316875457763672e+00
-9.100138092041015625e+01
-3.613114929199218750e+02
4.283403778076171875e+01
2.226309509277343750e+02
-8.319549560546875000e+00
-9.713201522827148438e+00
4.732274246215820312e+01
-3.416527099609375000e+02
2.902943038940429688e+01
1.678315734863281250e+02
-1.715863609313964844e+01
-9.607982635498046875e+00
2.384951171875000000e+02
-3.641482543945312500e+02
2.065777587890625000e+01
9.871731567382812500e+01
-5.020745277404785156e+00
-1.175807380676269531e+01
-2.179507255554199219e+00
-2.756701111793518066e-01
2.694071531295776367e+00
1.886035084724426270e+00
-4.741031229496002197e-01
1.785884052515029907e-02
-4.777175598144531250e+02
5.138458862304687500e+02
-1.313033447265625000e+02
9.870586395263671875e+01
6.003718852996826172e+00
2.032140922546386719e+01
-4.841063232421875000e+02
4.266367492675781250e+02
-3.519091033935546875e+01
-5.388115692138671875e+01
1.880602645874023438e+01
1.779648017883300781e+01
-4.291870422363281250e+02
-1.299410095214843750e+02
-2.814270401000976562e+01
-1.625185775756835938e+01
2.733034133911132812e+01
1.740464401245117188e+01
-3.534206542968750000e+02
-6.442064208984375000e+02
-2.760966777801513672e+00
9.694323730468750000e+01
3.437926101684570312e+01
3.225632858276367188e+01
-2.535545806884765625e+02
-9.496110229492187500e+02
-1.352086830139160156e+01
1.022951793670654297e+01
3.890766525268554688e+01
4.434751892089843750e+01
-2.059267578125000000e+02
-9.668281860351562500e+02
-1.140928649902343750e+01
1.294918212890625000e+02
4.398400115966796875e+01
4.792571640014648438e+01
-3.702454223632812500e+02
-7.000642089843750000e+02
-3.125977897644042969e+01
2.429382171630859375e+02
3.344021987915039062e+01
3.525453948974609375e+01
-2.370402832031250000e+02
-4.130906372070312500e+02
-1.820447158813476562e+01
2.458833503723144531e+01
1.818371200561523438e+01
2.778335380554199219e+01
-4.530707931518554688e+01
-3.251720886230468750e+02
-1.015920066833496094e+01
1.825090942382812500e+02
6.394155502319335938e+00
1.752037429809570312e+01
-2.170912504196166992e+00
-3.857711791992187500e+02
-2.359900283813476562e+01
2.420961761474609375e+02
-1.304078340530395508e+00
8.723746299743652344e+00
-6.183411788940429688e+01
-4.807922363281250000e+02
1.080300807952880859e+00
2.622857666015625000e+02
-7.028234481811523438e+00
-8.743184804916381836e-01
-1.440361480712890625e+02
-4.510208435058593750e+02
3.766804122924804688e+01
2.579842224121093750e+02
-1.142705345153808594e+01
-5.343780517578125000e+00
-1.556445922851562500e+02
-3.604537963867187500e+02
4.826854324340820312e+01
2.401670532226562500e+02
-2.073998832702636719e+01
-8.035428047180175781e+00
3.802405929565429688e+01
-3.818438415527343750e+02
8.756925201416015625e+01
1.881601104736328125e+02
-1.628425598144531250e+01
-2.062568283081054688e+01
2.649084472656250000e+02
-4.234815063476562500e+02
1.611769561767578125e+02
-2.989837265014648438e+01
-4.740877628326416016e+00
-3.069297027587890625e+01
-1.037678837776184082e+00
-1.252102613449096680e+00
-3.111165046691894531e+00
-1.121175169944763184e+00
-5.356220602989196777e-01
-4.967371523380279541e-01
-3.492725830078125000e+02
3.599031982421875000e+02
-9.918967247009277344e+00
-5.660643386840820312e+01
4.884231090545654297e+00
1.666392517089843750e+01
-3.275454406738281250e+02
1.076362800598144531e+01
-1.829096913337707520e+00
-1.633789634704589844e+01
2.068638610839843750e+01
1.135471725463867188e+01
-2.755628967285156250e+02
-5.825934448242187500e+02
-2.221929311752319336e+00
5.866913223266601562e+01
2.713092422485351562e+01
1.676783752441406250e+01
-2.065459594726562500e+02
-8.735399169921875000e+02
4.323753833770751953e+00
7.767578887939453125e+01
3.172822570800781250e+01
3.100239562988281250e+01
-1.728589172363281250e+02
-8.729443359375000000e+02
-3.149593353271484375e+00
5.472064971923828125e+01
3.569277572631835938e+01
3.894984436035156250e+01
-2.513664855957031250e+02
-6.818798828125000000e+02
-1.398288822174072266e+01
-6.802250671386718750e+01
3.513362884521484375e+01
3.655478286743164062e+01
-1.647856445312500000e+02
-3.491990051269531250e+02
1.812637329101562500e+01
-7.565351009368896484e+00
2.567681312561035156e+01
1.049476242065429688e+01
-2.216051673889160156e+01
-2.003332061767578125e+02
-6.356244087219238281e+00
1.351381587982177734e+01
1.245331382751464844e+01
5.719261646270751953e+00
-1.938860774040222168e+00
-1.451710815429687500e+02
-1.149943923950195312e+01
5.856091308593750000e+01
-1.487192034721374512e+00
5.104289531707763672e+00
-8.522065734863281250e+01
-2.808174438476562500e+02
-2.036592721939086914e+00
1.686448364257812500e+02
-1.051804733276367188e+01
4.019477367401123047e-01
-2.009865112304687500e+02
-4.280946044921875000e+02
2.532270622253417969e+01
2.053103485107421875e+02
-1.357113456726074219e+01
-4.150304794311523438e+00
-2.751481628417968750e+02
-3.969965820312500000e+02
8.889480590820312500e+01
2.537368011474609375e+02
-1.933367729187011719e+01
-1.224610614776611328e+01
-1.857311706542968750e+02
-3.715940246582031250e+02
1.943504638671875000e+02
1.972849121093750000e+02
-9.425439834594726562e+00
-3.951427221298217773e+00
3.839954376220703125e+01
-3.840802612304687500e+02
8.630808258056640625e+01
1.853671569824218750e+02
-1.638938140869140625e+01
-1.768745994567871094e+01
2.387427062988281250e+02
-3.651699829101562500e+02
2.172852134704589844e+01
9.628936004638671875e+01
-3.805613756179809570e+00
-1.224458789825439453e+01
3.781334757804870605e-01
-1.379830956459045410e+00
1.609333157539367676e+00
1.444627285003662109e+00
7.004554867744445801e-01
1.746234148740768433e-01
-1.925775146484375000e+02
6.936812591552734375e+01
9.772850990295410156e+00
-3.237434005737304688e+01
1.405578327178955078e+01
5.504747867584228516e+00
-1.919326629638671875e+02
-3.783275451660156250e+02
2.648504447937011719e+01
-3.805368804931640625e+01
2.322313880920410156e+01
1.217624568939208984e+01
-1.494592590332031250e+02
-7.236121215820312500e+02
2.435820007324218750e+01
-2.563013839721679688e+01
2.956898880004882812e+01
1.991969490051269531e+01
-1.407534484863281250e+02
-7.586306152343750000e+02
2.467437934875488281e+01
4.777536773681640625e+01
3.215527343750000000e+01
2.692633819580078125e+01
-1.858303527832031250e+02
-6.277928466796875000e+02
2.656723213195800781e+01
1.137963562011718750e+02
3.332218933105468750e+01
2.208396530151367188e+01
-1.173689422607421875e+02
-2.612239990234375000e+02
1.559668636322021484e+01
-1.325076141357421875e+02
1.947433090209960938e+01
4.072993278503417969e+00
-6.515200614929199219e+00
-3.086484146118164062e+01
1.482456588745117188e+01
-4.822165298461914062e+01
1.212345314025878906e+01
-4.654554843902587891e+00
1.884321451187133789e+00
1.452493133544921875e+02
1.149037742614746094e+01
-5.856489562988281250e+01
1.475191712379455566e+00
-5.095146179199218750e+00
-9.007354736328125000e+01
1.307594604492187500e+02
2.169124031066894531e+01
3.470055389404296875e+01
-1.080413055419921875e+01
3.502282381057739258e+00
-2.154376983642578125e+02
-1.689348907470703125e+02
3.694495010375976562e+01
1.437805023193359375e+02
-1.482722949981689453e+01
4.581086158752441406e+00
-3.021142272949218750e+02
-3.585344238281250000e+02
1.183769073486328125e+02
1.680036926269531250e+02
-1.394330978393554688e+01
-5.550255298614501953e+00
-2.766482849121093750e+02
-3.998934326171875000e+02
8.835021209716796875e+01
2.604222412109375000e+02
-1.827906227111816406e+01
-1.057444381713867188e+01
-1.559774322509765625e+02
-3.625272216796875000e+02
4.972409057617187500e+01
2.537169342041015625e+02
-2.039075469970703125e+01
-6.985221862792968750e+00
4.590113830566406250e+01
-3.390100097656250000e+02
2.979729270935058594e+01
1.661910705566406250e+02
-1.611308670043945312e+01
-8.904525756835937500e+00
1.937976531982421875e+02
-2.616417236328125000e+02
1.574733543395996094e+01
6.196269226074218750e+01
-5.978463649749755859e+00
-1.070626497268676758e+00
-1.032701492309570312e+00
-3.389049768447875977e-01
-1.476135253906250000e+00
1.004370927810668945e+00
-6.471714973449707031e-01
9.423884004354476929e-02
-8.803703308105468750e+01
-1.528279113769531250e+02
3.145596313476562500e+01
-5.435958099365234375e+01
1.462276649475097656e+01
3.147706985473632812e+00
-1.009045257568359375e+02
-5.138848266601562500e+02
8.203286743164062500e+01
-1.154541091918945312e+02
2.484613227844238281e+01
1.071729087829589844e+01
-1.029682922363281250e+02
-6.241280517578125000e+02
6.400176239013671875e+01
-1.726948242187500000e+02
3.095419692993164062e+01
1.634211158752441406e+01
-1.276594619750976562e+02
-5.366790771484375000e+02
3.796647262573242188e+01
-1.961754760742187500e+02
2.621046447753906250e+01
1.309617042541503906e+01
-7.881536865234375000e+01
-1.075327758789062500e+02
9.594033050537109375e+01
-2.352367095947265625e+02
1.154634475708007812e+01
-4.599726796150207520e-01
-1.157580566406250000e+01
1.520171356201171875e+02
5.714164733886718750e+01
-2.670431213378906250e+02
5.685879707336425781e+00
-5.104855537414550781e+00
2.133190870285034180e+00
3.858218994140625000e+02
2.361141204833984375e+01
-2.421149902343750000e+02
1.300150513648986816e+00
-8.724995613098144531e+00
-7.317758941650390625e+01
4.858970031738281250e+02
2.952668952941894531e+01
-1.761762847900390625e+02
-7.833378791809082031e+00
3.931117534637451172e+00
-1.676284027099609375e+02
2.701769409179687500e+02
3.637998580932617188e+01
1.241470909118652344e+01
-1.344270515441894531e+01
1.171334552764892578e+01
-2.144347229003906250e+02
-1.715318450927734375e+02
3.846934509277343750e+01
1.422438812255859375e+02
-1.482907581329345703e+01
3.766727685928344727e+00
-2.007146301269531250e+02
-4.267939758300781250e+02
2.741474342346191406e+01
2.081443023681640625e+02
-1.456998157501220703e+01
-4.134362220764160156e+00
-1.426829071044921875e+02
-4.494792175292968750e+02
3.769536972045898438e+01
2.675822448730468750e+02
-1.109557723999023438e+01
-4.929715633392333984e+00
-9.039694213867187500e+01
-3.582165222167968750e+02
3.916848373413085938e+01
2.331736602783203125e+02
-7.615894317626953125e+00
-9.610068321228027344e+00
6.449225616455078125e+01
-2.727710266113281250e+02
-7.654036998748779297e+00
1.538693542480468750e+02
-1.095967674255371094e+01
-5.915966987609863281e+00
1.064386062622070312e+02
-9.702154541015625000e+01
-2.612279701232910156e+01
7.347495269775390625e+01
-1.209842395782470703e+01
-2.595048666000366211e+00
-2.371598035097122192e-02
-8.187603950500488281e-01
-6.319589018821716309e-01
2.239548116922378540e-01
-9.516092948615550995e-03
2.569714188575744629e-01
-3.848044586181640625e+01
-2.578446960449218750e+02
7.125585174560546875e+01
-6.190618515014648438e+01
1.622511482238769531e+01
3.392602205276489258e-01
-3.258679962158203125e+01
-4.736542663574218750e+02
1.479002075195312500e+02
-1.174519577026367188e+02
2.089837074279785156e+01
1.467105269432067871e+00
-2.440143585205078125e+01
-4.078226623535156250e+02
1.340070800781250000e+02
-1.823773040771484375e+02
2.124628067016601562e+01
1.530135035514831543e+00
-3.245284652709960938e+01
4.537131118774414062e+01
1.379552612304687500e+02
-1.397485504150390625e+02
7.316227436065673828e+00
-7.448212146759033203e+00
-2.458575439453125000e+01
3.061943359375000000e+02
1.138677444458007812e+02
-2.018240966796875000e+02
-3.382826566696166992e+00
-8.934137344360351562e+00
-5.264468669891357422e+00
4.604883117675781250e+02
9.627325439453125000e+01
-2.639625549316406250e+02
-6.157513618469238281e+00
-9.076715469360351562e+00
-3.835339736938476562e+01
6.081332397460937500e+02
5.286922836303710938e+01
-2.869424438476562500e+02
-2.644087076187133789e+00
-1.181036376953125000e+01
-7.410526275634765625e+01
4.844082336425781250e+02
3.015309333801269531e+01
-1.799678955078125000e+02
-7.790627479553222656e+00
4.259706974029541016e+00
-9.145789337158203125e+01
1.299165649414062500e+02
2.050563240051269531e+01
4.123472213745117188e+01
-1.072678375244140625e+01
4.037099361419677734e+00
-8.542607879638671875e+01
-2.807138366699218750e+02
-3.233068227767944336e+00
1.613307952880859375e+02
-1.099766063690185547e+01
1.561029553413391113e-01
-6.308876419067382812e+01
-4.848298645019531250e+02
1.329487860202789307e-01
2.666436157226562500e+02
-5.927002906799316406e+00
-6.462278962135314941e-01
-3.563988113403320312e+01
-4.536547546386718750e+02
-2.339679527282714844e+01
2.596187133789062500e+02
2.926594018936157227e+00
-2.850364685058593750e+00
-1.332243919372558594e+01
-3.452273559570312500e+02
-6.055330276489257812e+01
1.777812347412109375e+02
1.846808433532714844e+00
-1.554711937904357910e+00
6.055062103271484375e+01
-1.821813354492187500e+02
-7.864064788818359375e+01
9.522048950195312500e+01
-7.864972591400146484e+00
2.606785535812377930e+00
-3.355645751953125000e+01
8.505915832519531250e+01
-8.162322998046875000e+01
4.406386947631835938e+01
-1.406198024749755859e+01
1.428851127624511719e+00
-1.866962790489196777e+00
1.554699897766113281e+00
-3.182547330856323242e+00
3.619706034660339355e-01
-5.193932726979255676e-02
-1.042156815528869629e+00
9.995493316650390625e+01
-2.908396301269531250e+02
1.420812988281250000e+02
-4.080751037597656250e+01
1.729191780090332031e+01
-1.550937533378601074e+00
2.055249786376953125e+02
-3.802947082519531250e+02
1.453822631835937500e+02
-8.232620239257812500e+01
1.928582000732421875e+01
-4.431115150451660156e+00
5.898655700683593750e+01
2.707162170410156250e+02
3.408356628417968750e+02
-4.854674911499023438e+01
5.939005851745605469e+00
-3.860101222991943359e+00
-4.999220275878906250e+01
3.951215820312500000e+02
1.655600280761718750e+02
-8.323484802246093750e+01
-6.367918014526367188e+00
-9.821692466735839844e+00
-1.182921409606933594e+01
4.478778381347656250e+02
9.239839172363281250e+01
-1.831286468505859375e+02
-1.081611251831054688e+01
-8.533492088317871094e+00
-4.987083911895751953e+00
4.623207092285156250e+02
9.702489471435546875e+01
-2.663604431152343750e+02
-6.153780937194824219e+00
-9.305016517639160156e+00
-4.506567865610122681e-02
3.890938110351562500e+02
2.233789443969726562e+01
-2.426868591308593750e+02
1.328169703483581543e+00
-8.726061820983886719e+00
2.384435415267944336e+00
1.456081848144531250e+02
1.128699302673339844e+01
-6.996261596679687500e+01
1.855603456497192383e+00
-4.810571670532226562e+00
-4.099288940429687500e+00
-1.444846191406250000e+02
-1.217166233062744141e+01
6.484297943115234375e+01
-1.971693396568298340e+00
4.336787700653076172e+00
-3.483329296112060547e+00
-3.858837585449218750e+02
-2.372178459167480469e+01
2.478766021728515625e+02
-1.386240363121032715e+00
8.873787879943847656e+00
4.759108066558837891e+00
-4.674908752441406250e+02
-9.477848052978515625e+01
2.694561462402343750e+02
6.244644641876220703e+00
9.757888793945312500e+00
1.297044467926025391e+01
-4.530048828125000000e+02
-9.460404968261718750e+01
1.845239868164062500e+02
1.059458732604980469e+01
8.596793174743652344e+00
5.046749114990234375e+01
-3.935084533691406250e+02
-1.648320465087890625e+02
8.139939117431640625e+01
7.199253559112548828e+00
1.004248142242431641e+01
-7.303318023681640625e+01
-2.667313842773437500e+02
-3.449636840820312500e+02
4.861333084106445312e+01
-5.464660644531250000e+00
3.561022520065307617e+00
-3.803011779785156250e+02
3.662669372558593750e+02
-3.513553161621093750e+02
3.390057754516601562e+01
-1.739852523803710938e+01
6.191489219665527344e+00
-5.414564609527587891e+00
-1.015633583068847656e+01
-1.151322555541992188e+01
4.258229434490203857e-01
8.753479123115539551e-01
1.293546080589294434e+00
3.817751464843750000e+02
-3.868428039550781250e+02
3.371070861816406250e+02
-3.385114288330078125e+01
1.858705139160156250e+01
-4.957654476165771484e+00
1.303497619628906250e+02
3.631412658691406250e+02
5.388642578125000000e+02
-3.209178924560546875e+01
3.246034979820251465e-01
1.665298700332641602e+00
-1.208549194335937500e+02
7.298989868164062500e+02
4.051624450683593750e+02
-4.133687210083007812e+01
-1.118702220916748047e+01
4.122655391693115234e+00
-5.401268386840820312e+01
3.942773437500000000e+02
1.659709777832031250e+02
-8.197617340087890625e+01
-6.518759250640869141e+00
-1.011032295227050781e+01
-2.540316390991210938e+01
3.068919677734375000e+02
1.112849273681640625e+02
-2.019515380859375000e+02
-3.387435436248779297e+00
-9.459883689880371094e+00
-1.145787048339843750e+01
1.515440826416015625e+02
5.727276611328125000e+01
-2.650729064941406250e+02
5.001425266265869141e+00
-5.653768062591552734e+00
-4.223112106323242188e+00
-3.047227478027343750e+01
1.568692779541015625e+01
-3.241608810424804688e+01
1.243047142028808594e+01
-5.290262222290039062e+00
-2.172356414794921875e+01
-2.031740417480468750e+02
-7.357869625091552734e+00
1.458697414398193359e+01
1.276231861114501953e+01
5.103045940399169922e+00
-4.617445755004882812e+01
-3.338874816894531250e+02
-1.237318229675292969e+01
1.752343750000000000e+02
7.142029285430908203e+00
1.781981468200683594e+01
-8.120674133300781250e+01
-4.105504150390625000e+02
-1.246170883178710938e+02
2.667359619140625000e+02
1.232738018035888672e+01
1.999455261230468750e+01
-1.955944519042968750e+02
-4.694673461914062500e+02
-1.412424011230468750e+02
1.917866668701171875e+02
1.909373664855957031e+01
2.206568717956542969e+01
-3.878552246093750000e+02
-5.000311279296875000e+02
-3.214552917480468750e+02
7.506798553466796875e+01
1.891084480285644531e+01
2.399663925170898438e+01
-1.934295959472656250e+02
-1.205548828125000000e+03
-6.410487670898437500e+02
4.897655105590820312e+01
2.121006774902343750e+01
1.396719074249267578e+01
-5.811813354492187500e+02
-4.449380493164062500e+02
-8.905153198242187500e+02
4.915340805053710938e+01
4.823454380035400391e+00
1.329481887817382812e+01
-1.236273193359375000e+03
7.392622070312500000e+02
-7.355151977539062500e+02
3.644562149047851562e+01
-1.366362380981445312e+01
1.031518173217773438e+01
-1.043057346343994141e+01
6.883530139923095703e+00
-6.450771808624267578e+00
2.527683675289154053e-01
7.766005396842956543e-02
-3.919390439987182617e-01
-8.938083052635192871e-01
-1.692492866516113281e+01
5.543642997741699219e+00
-1.172055304050445557e-01
1.244814023375511169e-01
-4.646225869655609131e-01
1.380523986816406250e+02
3.543667297363281250e+02
5.223319702148437500e+02
-3.269218826293945312e+01
2.109811604022979736e-01
8.482454419136047363e-01
6.674849700927734375e+01
2.689426269531250000e+02
3.404470214843750000e+02
-4.831432723999023438e+01
5.695641994476318359e+00
-3.380455255508422852e+00
-3.477152633666992188e+01
4.518239593505859375e+01
1.394069366455078125e+02
-1.411701812744140625e+02
7.533183574676513672e+00
-8.299339294433593750e+00
-8.098077392578125000e+01
-1.091434326171875000e+02
9.574660491943359375e+01
-2.368128967285156250e+02
1.135736560821533203e+01
-7.327098846435546875e-01
-1.172484741210937500e+02
-2.611448364257812500e+02
1.480473899841308594e+01
-1.290008392333984375e+02
1.971828842163085938e+01
5.166872978210449219e+00
-1.672496643066406250e+02
-3.551164245605468750e+02
1.706321907043457031e+01
-9.511748313903808594e+00
2.619168472290039062e+01
1.071632766723632812e+01
-2.370350036621093750e+02
-4.230798950195312500e+02
-1.780811691284179688e+01
6.633410453796386719e+00
1.801763725280761719e+01
2.691753196716308594e+01
-3.631412963867187500e+02
-4.642693786621093750e+02
-7.315140533447265625e+01
2.710997619628906250e+02
2.206584358215332031e+01
2.702157211303710938e+01
-8.787362060546875000e+02
-4.943135375976562500e+02
-1.945796661376953125e+02
2.084079132080078125e+02
2.843097496032714844e+01
3.238379287719726562e+01
-1.558493286132812500e+03
-5.969880981445312500e+02
-3.969687194824218750e+02
8.485412597656250000e+01
3.104552459716796875e+01
3.595954895019531250e+01
-2.100756347656250000e+03
-1.498961425781250000e+03
-9.227492675781250000e+02
5.364536285400390625e+01
4.017018508911132812e+01
3.203540039062500000e+01
-3.023794433593750000e+03
-2.476295410156250000e+03
-1.511992919921875000e+03
5.610771179199218750e+01
3.878080749511718750e+01
2.225486946105957031e+01
-5.407065917968750000e+03
-2.327254882812500000e+03
-2.422869384765625000e+03
4.728867721557617188e+01
1.015449142456054688e+01
3.000546455383300781e+01
-7.224086914062500000e+02
-1.090172241210937500e+03
-2.628634033203125000e+03
3.518280792236328125e+01
6.411534786224365234e+00
7.315549850463867188e+00
-7.073711547851562500e+02
-1.074723632812500000e+03
-2.705588623046875000e+03
3.266913604736328125e+01
5.019242286682128906e+00
5.292763233184814453e+00
-6.390310287475585938e+00
-2.022484302520751953e+00
-1.363615036010742188e+00
1.051464006304740906e-01
-2.956332638859748840e-02
6.743647903203964233e-02
3.813976745605468750e+02
-3.895028381347656250e+02
3.358678283691406250e+02
-3.334546279907226562e+01
1.806583976745605469e+01
-5.562058925628662109e+00
2.061464385986328125e+02
-3.864706420898437500e+02
1.390977630615234375e+02
-8.178005218505859375e+01
1.780648422241210938e+01
-4.028818130493164062e+00
-2.908123588562011719e+01
-4.092193603515625000e+02
1.343659210205078125e+02
-1.872571563720703125e+02
2.102376747131347656e+01
1.075162768363952637e+00
-1.316832122802734375e+02
-5.428443603515625000e+02
3.754701614379882812e+01
-1.981443786621093750e+02
2.605019187927246094e+01
1.338673496246337891e+01
-1.903009796142578125e+02
-6.320003662109375000e+02
2.749705886840820312e+01
1.136998748779296875e+02
3.271399688720703125e+01
2.154541969299316406e+01
-2.523930969238281250e+02
-6.764797973632812500e+02
-1.391963481903076172e+01
-8.132019042968750000e+01
3.557138061523437500e+01
3.668638992309570312e+01
-3.680861511230468750e+02
-6.998947143554687500e+02
-3.087996673583984375e+01
2.455966644287109375e+02
3.354269409179687500e+01
3.515703201293945312e+01
-7.134354248046875000e+02
-7.110261840820312500e+02
-1.745433044433593750e+02
2.314913940429687500e+02
3.770175170898437500e+01
3.899877166748046875e+01
-1.689465332031250000e+03
-8.715022583007812500e+02
-3.831513366699218750e+02
1.083565750122070312e+02
4.425347900390625000e+01
4.460591506958007812e+01
-2.698871093750000000e+03
-1.683826904296875000e+03
-1.061436523437500000e+03
5.612464141845703125e+01
5.080238342285156250e+01
4.280919265747070312e+01
-4.241381347656250000e+03
-2.828200439453125000e+03
-2.291327392578125000e+03
6.048410797119140625e+01
5.626121902465820312e+01
3.707503890991210938e+01
-7.506297851562500000e+03
-6.783555664062500000e+03
-5.887402343750000000e+03
5.736721038818359375e+01
5.163479232788085938e+01
3.255859756469726562e+01
-6.054205566406250000e+03
-8.181422363281250000e+03
-7.033095703125000000e+03
4.332354736328125000e+01
3.641482162475585938e+01
2.010916137695312500e+01
-1.949580273437500000e+04
-9.093624023437500000e+03
-1.440228515625000000e+04
2.439084815979003906e+01
8.086765289306640625e+00
2.428919982910156250e+01
-1.170372124761343002e-02
4.491175990551710129e-03
-3.898430988192558289e-02
-1.965333649422973394e-04
-3.570647386368364096e-04
-3.229399153497070074e-04
1.228965820312500000e+03
-7.123935546875000000e+02
7.279117431640625000e+02
-3.712822341918945312e+01
1.294544696807861328e+01
-1.094627475738525391e+01
6.659724121093750000e+02
-8.126678466796875000e+02
4.728731079101562500e+02
-4.746267318725585938e+01
1.639035606384277344e+01
-1.445687198638916016e+01
3.862198486328125000e+02
-5.549506835937500000e+02
2.023361816406250000e+02
-1.314745635986328125e+02
1.312037754058837891e+01
-8.228974342346191406e+00
9.188693237304687500e+01
-5.165153198242187500e+02
1.096055297851562500e+02
-2.312184295654296875e+02
1.843873405456542969e+01
1.516852974891662598e+00
-4.206074905395507812e+01
-5.206011962890625000e+02
2.194088745117187500e+01
-1.288348999023437500e+02
2.294520187377929688e+01
1.132638740539550781e+01
-9.281201934814453125e+01
-5.942095336914062500e+02
2.756413841247558594e+01
4.606924057006835938e+01
2.155331420898437500e+01
3.051542282104492188e+01
-1.680169067382812500e+02
-6.810166015625000000e+02
-1.148715686798095703e+01
-4.580999755859375000e+01
2.756492614746093750e+01
2.565627861022949219e+01
-2.897897033691406250e+02
-8.362858276367187500e+02
-5.895431518554687500e+01
2.462666015625000000e+02
3.143467903137207031e+01
2.424659538269042969e+01
-6.703155517578125000e+02
-1.515261230468750000e+03
-2.332667236328125000e+02
1.863735351562500000e+02
3.689171218872070312e+01
2.967405891418457031e+01
-1.446887573242187500e+03
-2.621050292968750000e+03
-5.380652465820312500e+02
7.311531829833984375e+01
4.629819488525390625e+01
3.208834457397460938e+01
-3.297931640625000000e+03
-2.268369140625000000e+03
-1.420082031250000000e+03
6.032652664184570312e+01
5.391402053833007812e+01
3.180095100402832031e+01
-7.604761230468750000e+03
-6.810841308593750000e+03
-6.038517578125000000e+03
5.629055023193359375e+01
4.939863967895507812e+01
3.161176872253417969e+01
-2.364782812500000000e+04
-2.364572265625000000e+04
-2.115546093750000000e+04
4.090538024902343750e+01
4.090184783935546875e+01
2.461234855651855469e+01
-5.968970703125000000e+03
-8.012084960937500000e+03
-7.254893554687500000e+03
4.209712219238281250e+01
3.627985000610351562e+01
2.021602249145507812e+01
-7.254000854492187500e+02
-1.075625610351562500e+03
-2.729437744140625000e+03
3.250151062011718750e+01
4.988310813903808594e+00
4.892002582550048828e+00
6.369760513305664062e+00
2.054310083389282227e+00
1.356181383132934570e+00
-1.055000349879264832e-01
2.949234470725059509e-02
-6.696101278066635132e-02
3.822745056152343750e+02
-3.847436218261718750e+02
3.457251586914062500e+02
-3.318988800048828125e+01
1.757443809509277344e+01
-6.462857246398925781e+00
2.124891967773437500e+02
-3.790773010253906250e+02
1.414394989013671875e+02
-8.075203704833984375e+01
1.816311645507812500e+01
-4.428651809692382812e+00
-2.509935379028320312e+01
-4.062699584960937500e+02
1.343081359863281250e+02
-1.864518737792968750e+02
2.124761772155761719e+01
1.367487907409667969e+00
-1.290307769775390625e+02
-5.353776855468750000e+02
3.835111618041992188e+01
-1.997681274414062500e+02
2.577436447143554688e+01
1.321844387054443359e+01
-1.893672790527343750e+02
-6.310971069335937500e+02
2.840785789489746094e+01
1.157621078491210938e+02
3.244488143920898438e+01
2.167414283752441406e+01
-2.574360961914062500e+02
-6.797511596679687500e+02
-1.313537693023681641e+01
-7.413449859619140625e+01
3.462634658813476562e+01
3.596158981323242188e+01
-3.692174377441406250e+02
-6.976882934570312500e+02
-3.099940681457519531e+01
2.421567382812500000e+02
3.386505126953125000e+01
3.545798492431640625e+01
-7.286637573242187500e+02
-7.196944580078125000e+02
-1.775843200683593750e+02
2.271664733886718750e+02
3.795413589477539062e+01
3.996971130371093750e+01
-1.700433349609375000e+03
-8.686369628906250000e+02
-3.803854980468750000e+02
1.089115219116210938e+02
4.442932891845703125e+01
4.389140701293945312e+01
-2.691040283203125000e+03
-1.681719726562500000e+03
-1.058214721679687500e+03
5.666698837280273438e+01
5.071690368652343750e+01
4.088533020019531250e+01
-4.197434570312500000e+03
-2.801474121093750000e+03
-2.314681640625000000e+03
6.087876129150390625e+01
5.577109146118164062e+01
3.632695007324218750e+01
-7.623885253906250000e+03
-6.691659667968750000e+03
-6.083622558593750000e+03
5.840928649902343750e+01
5.109019851684570312e+01
3.183237457275390625e+01
-3.017288330078125000e+03
-2.404828125000000000e+03
-1.503839721679687500e+03
5.539905166625976562e+01
3.844205093383789062e+01
2.213097000122070312e+01
4.044912338256835938e+01
-1.750012451171875000e+03
-1.252579467773437500e+03
4.397751998901367188e+01
2.435354042053222656e+01
5.748193740844726562e+00
-1.415263366699218750e+02
-3.505647277832031250e+02
-5.223592529296875000e+02
3.268700408935546875e+01
-2.056419998407363892e-01
-8.511078357696533203e-01
-7.495363354682922363e-01
-2.739395141601562500e+00
-1.136223196983337402e+00
4.294618219137191772e-02
-1.180414855480194092e-01
3.402116298675537109e-01
2.881537437438964844e+01
-8.460484313964843750e+01
8.823657226562500000e+01
-4.399449920654296875e+01
1.412351799011230469e+01
-2.189061880111694336e+00
-8.973634338378906250e+01
-1.889971618652343750e+02
9.143405914306640625e+01
-1.314908294677734375e+02
1.860383987426757812e+01
2.649993002414703369e-01
-1.671251373291015625e+02
-3.427881774902343750e+02
5.258255767822265625e+01
-1.706062011718750000e+02
2.293243217468261719e+01
1.012265205383300781e+01
-2.384831085205078125e+02
-5.015186157226562500e+02
1.197561454772949219e+01
3.166904830932617188e+01
2.810069465637207031e+01
1.581433010101318359e+01
-3.201501770019531250e+02
-6.109954833984375000e+02
-3.297971725463867188e+00
2.332780265808105469e+01
3.398973464965820312e+01
2.432073783874511719e+01
-4.033977661132812500e+02
-6.078820190429687500e+02
-2.178394889831542969e+01
1.633122863769531250e+02
3.592321395874023438e+01
3.964345932006835938e+01
-5.833150024414062500e+02
-5.549467163085937500e+02
-1.146428604125976562e+02
2.479942474365234375e+02
3.505988693237304688e+01
4.335249710083007812e+01
-1.157514770507812500e+03
-4.949486083984375000e+02
-2.511637115478515625e+02
1.833628997802734375e+02
3.949116516113281250e+01
4.867343521118164062e+01
-2.135063964843750000e+03
-5.409720458984375000e+02
-5.684016723632812500e+02
7.928988647460937500e+01
4.196519470214843750e+01
5.208385848999023438e+01
-2.704884277343750000e+03
-1.681874877929687500e+03
-1.056886230468750000e+03
5.717191696166992188e+01
5.084497070312500000e+01
3.980454254150390625e+01
-3.269453369140625000e+03
-2.265782958984375000e+03
-1.388168334960937500e+03
6.149291229248046875e+01
5.246518325805664062e+01
3.149258995056152344e+01
-1.353519653320312500e+03
-1.785109497070312500e+03
-6.675699462890625000e+02
5.732965850830078125e+01
3.130197715759277344e+01
2.881015396118164062e+01
-1.924046325683593750e+02
-1.204607788085937500e+03
-6.355424804687500000e+02
4.927818679809570312e+01
2.165906143188476562e+01
1.234940814971923828e+01
1.208873748779296875e+02
-7.300161132812500000e+02
-4.052054443359375000e+02
4.133628845214843750e+01
1.118700599670410156e+01
-4.126822948455810547e+00
2.318338966369628906e+01
-2.168668975830078125e+02
-1.118595581054687500e+02
3.345133972167968750e+01
-4.054675102233886719e+00
-9.594618797302246094e+00
-9.710907936096191406e-03
2.169668488204479218e-02
-8.029273152351379395e-01
-1.440567802637815475e-02
-5.822445079684257507e-02
-5.544338226318359375e-01
-1.068097686767578125e+02
9.879672241210937500e+01
2.408826255798339844e+01
-7.239756774902343750e+01
1.226239204406738281e+01
2.772663831710815430e+00
-2.032097778320312500e+02
7.211660003662109375e+01
3.193739700317382812e+01
-1.168184204101562500e+02
1.893773460388183594e+01
3.848387479782104492e+00
-2.701811218261718750e+02
-9.193756103515625000e+01
9.448793411254882812e+00
-6.630632019042968750e+01
2.348864746093750000e+01
1.323782825469970703e+01
-3.433659667968750000e+02
-2.929574584960937500e+02
-1.027660083770751953e+01
-3.919054412841796875e+01
3.240446090698242188e+01
1.590586757659912109e+01
-4.419144592285156250e+02
-4.198897705078125000e+02
-2.162768936157226562e+01
1.153507156372070312e+02
3.603898239135742188e+01
2.392575263977050781e+01
-5.595429077148437500e+02
-4.643409729003906250e+02
-4.832634735107421875e+01
2.762571105957031250e+02
3.302733612060546875e+01
4.100929641723632812e+01
-6.666417846679687500e+02
-4.432892456054687500e+02
-1.638760070800781250e+02
2.470972442626953125e+02
3.622030258178710938e+01
4.649015045166015625e+01
-1.163134155273437500e+03
-4.958284301757812500e+02
-2.501240234375000000e+02
1.832344207763671875e+02
3.906896591186523438e+01
4.853676223754882812e+01
-1.686437133789062500e+03
-8.716674194335937500e+02
-3.783767089843750000e+02
1.091929473876953125e+02
4.449764251708984375e+01
4.547430419921875000e+01
-1.443090087890625000e+03
-2.644153564453125000e+03
-5.398300781250000000e+02
7.402367401123046875e+01
4.608812713623046875e+01
3.178543472290039062e+01
-9.142545166015625000e+02
-9.211823120117187500e+02
-2.509214630126953125e+02
1.486850585937500000e+02
2.805803108215332031e+01
2.760042190551757812e+01
-1.056511154174804688e+02
-5.470411376953125000e+02
-2.203360595703125000e+02
1.066197662353515625e+02
1.540077304840087891e+01
1.914263916015625000e+01
4.996866607666015625e+01
-3.951069946289062500e+02
-1.655533599853515625e+02
8.323320770263671875e+01
6.371305942535400391e+00
9.820133209228515625e+00
1.122383975982666016e+01
-3.007109069824218750e+02
-6.998743438720703125e+01
7.091052246093750000e+01
2.981558561325073242e+00
-3.220896720886230469e+00
2.803709602355957031e+01
-1.749773406982421875e+02
-1.892617225646972656e+01
6.630244445800781250e+01
-6.367502689361572266e+00
-1.415550994873046875e+01
7.759428620338439941e-01
2.221266776323318481e-01
-1.165617823600769043e+00
1.040840148925781250e+00
-1.705775558948516846e-01
1.885784119367599487e-01
-1.947820281982421875e+02
2.613112487792968750e+02
-1.831817817687988281e+01
-5.977747344970703125e+01
4.709694862365722656e+00
1.912480711936950684e+00
-2.634832153320312500e+02
3.194251708984375000e+02
-7.180709362030029297e+00
-9.382393646240234375e+01
1.837733078002929688e+01
1.214924621582031250e+01
-3.262698059082031250e+02
2.476585693359375000e+02
-1.451160526275634766e+01
-1.000307922363281250e+02
2.522991561889648438e+01
1.351970577239990234e+01
-4.085809020996093750e+02
1.619137823581695557e-01
-2.038405036926269531e+01
-3.486902236938476562e+00
3.132233047485351562e+01
1.659728813171386719e+01
-5.032279357910156250e+02
-2.709446105957031250e+02
-3.764489746093750000e+01
1.876717681884765625e+02
3.543079757690429688e+01
2.224732589721679688e+01
-5.607718505859375000e+02
-4.624985961914062500e+02
-4.881219863891601562e+01
2.785014953613281250e+02
3.231267547607421875e+01
4.100939178466796875e+01
-5.791375732421875000e+02
-5.550804443359375000e+02
-1.140826492309570312e+02
2.481829223632812500e+02
3.501380920410156250e+01
4.313179397583007812e+01
-7.142057495117187500e+02
-7.135720214843750000e+02
-1.751757354736328125e+02
2.310416870117187500e+02
3.754541015625000000e+01
3.867576599121093750e+01
-6.773712158203125000e+02
-1.521537719726562500e+03
-2.325025939941406250e+02
1.866442565917968750e+02
3.707476043701171875e+01
2.894652366638183594e+01
-4.171669616699218750e+02
-4.819883117675781250e+02
-1.232630615234375000e+02
2.561579589843750000e+02
2.174823570251464844e+01
1.908544731140136719e+01
-4.983242797851562500e+01
-3.202316284179687500e+02
-1.542345581054687500e+02
2.395646514892578125e+02
8.425787925720214844e+00
1.711655235290527344e+01
2.452425003051757812e+01
-3.061532897949218750e+02
-1.138574218750000000e+02
2.018097686767578125e+02
3.387479305267333984e+00
8.933696746826171875e+00
-1.311663532257080078e+01
-3.439162902832031250e+02
-6.054942703247070312e+01
1.758062591552734375e+02
1.758328914642333984e+00
-2.295981884002685547e+00
-5.707125091552734375e+01
-2.728869628906250000e+02
-3.083752632141113281e+00
1.573291625976562500e+02
-1.035312414169311523e+00
-1.189916896820068359e+01
2.769594383239746094e+01
-1.935533447265625000e+02
1.337371063232421875e+01
9.586555480957031250e+01
-7.082489013671875000e+00
-1.931945991516113281e+01
-1.877924799919128418e+00
-5.271773934364318848e-01
-4.898321628570556641e-01
-2.483677864074707031e+00
-5.319710969924926758e-01
-5.443867444992065430e-01
-2.390282440185546875e+02
3.651069335937500000e+02
-2.026952934265136719e+01
-9.290128326416015625e+01
4.163699150085449219e+00
1.236050319671630859e+01
-3.010717468261718750e+02
4.727184448242187500e+02
-5.610355377197265625e+01
-1.142979660034179688e+02
1.645780181884765625e+01
2.419634056091308594e+01
-3.518157348632812500e+02
4.231351318359375000e+02
-6.510900115966796875e+01
-1.628969116210937500e+02
2.491895675659179688e+01
1.754624557495117188e+01
-4.066132812500000000e+02
5.108088850975036621e-01
-2.189824485778808594e+01
-9.645187377929687500e+00
3.206142807006835938e+01
1.659722518920898438e+01
-4.420822448730468750e+02
-4.236520690917968750e+02
-2.270254707336425781e+01
1.125391616821289062e+02
3.631322860717773438e+01
2.368793678283691406e+01
-4.019566345214843750e+02
-6.106176757812500000e+02
-2.083913040161132812e+01
1.669353332519531250e+02
3.626718521118164062e+01
4.069010543823242188e+01
-3.702019348144531250e+02
-7.001342773437500000e+02
-3.126353645324707031e+01
2.429474182128906250e+02
3.343798065185546875e+01
3.525655364990234375e+01
-2.972406921386718750e+02
-8.238858032226562500e+02
-5.902151870727539062e+01
2.469310913085937500e+02
3.080442810058593750e+01
2.274874877929687500e+01
-2.173880310058593750e+02
-3.213918762207031250e+02
-7.936052799224853516e+00
1.546573638916015625e+02
1.383057594299316406e+01
1.367090225219726562e+01
-2.755517387390136719e+01
-1.676604309082031250e+02
-3.453570938110351562e+01
2.583168945312500000e+02
-1.151838004589080811e-01
1.160897827148437500e+01
1.151024723052978516e+01
-1.519512481689453125e+02
-5.713829040527343750e+01
2.670112304687500000e+02
-5.680382251739501953e+00
5.101007461547851562e+00
-3.059139442443847656e+01
-2.951188049316406250e+02
-3.062156105041503906e+01
2.509113922119140625e+02
-6.941981315612792969e+00
-3.322744071483612061e-01
-9.171326446533203125e+01
-3.614262390136718750e+02
4.384584808349609375e+01
2.239892883300781250e+02
-8.570119857788085938e+00
-1.062040328979492188e+01
-1.171506195068359375e+02
-2.536680603027343750e+02
4.839509201049804688e+01
1.891481170654296875e+02
-1.198611927032470703e+01
-2.682892990112304688e+01
1.529379272460937500e+01
-2.082090301513671875e+02
3.117101478576660156e+01
1.159541625976562500e+02
-1.176667213439941406e+01
-2.046464729309082031e+01
-4.118778109550476074e-01
9.665684700012207031e-01
-1.785494089126586914e+00
-6.466409206390380859e+00
-1.536121368408203125e+00
-1.118798777461051941e-01
-2.643636779785156250e+02
4.205354614257812500e+02
-1.630315856933593750e+02
3.300947189331054688e+01
5.318228244781494141e+00
3.279064941406250000e+01
-3.009965209960937500e+02
4.706925354003906250e+02
-5.813768386840820312e+01
-1.146583786010742188e+02
1.697112274169921875e+01
2.405683708190917969e+01
-3.261936035156250000e+02
2.486855316162109375e+02
-1.617350578308105469e+01
-9.777350616455078125e+01
2.737371635437011719e+01
1.391537666320800781e+01
-3.429267272949218750e+02
-2.949073181152343750e+02
-1.185971641540527344e+01
-3.774144363403320312e+01
3.283203125000000000e+01
1.553464317321777344e+01
-3.208118591308593750e+02
-6.151883544921875000e+02
-4.899607181549072266e+00
2.330709648132324219e+01
3.429140853881835938e+01
2.464231300354003906e+01
-2.513469543457031250e+02
-6.819138793945312500e+02
-1.398160076141357422e+01
-6.802861022949218750e+01
3.513529968261718750e+01
3.655058670043945312e+01
-1.683546295166015625e+02
-6.695338134765625000e+02
-1.223840332031250000e+01
-4.276884841918945312e+01
2.674120140075683594e+01
2.635365486145019531e+01
-1.240544357299804688e+02
-2.638740844726562500e+02
-1.348572826385498047e+01
-1.997142410278320312e+01
1.650057601928710938e+01
1.190471172332763672e+01
-1.046146869659423828e+01
-4.992007064819335938e+01
-2.332543182373046875e+01
-7.328958129882812500e+01
-2.536251544952392578e+00
7.305107116699218750e+00
6.463869571685791016e+00
3.093429946899414062e+01
-1.482892227172851562e+01
4.820417785644531250e+01
-1.212568187713623047e+01
4.653721809387207031e+00
-3.948966598510742188e+01
-1.239678726196289062e+02
-1.705971360206604004e+00
1.903590698242187500e+02
-1.622334861755371094e+01
-1.988184809684753418e+00
-9.969534301757812500e+01
-3.613125305175781250e+02
2.603366088867187500e+01
2.249408569335937500e+02
-2.173949623107910156e+01
-1.037818622589111328e+01
-1.563593597412109375e+02
-3.616945800781250000e+02
4.835536575317382812e+01
2.392459869384765625e+02
-2.012132453918457031e+01
-7.653049468994140625e+00
-1.711347503662109375e+02
-2.244552154541015625e+02
1.083145217895507812e+02
2.188045043945312500e+02
-1.900867652893066406e+01
-1.743705749511718750e+01
9.522746086120605469e+00
-2.122279815673828125e+02
1.340371398925781250e+02
5.596105575561523438e+01
-8.767894744873046875e+00
-1.575498771667480469e+01
-4.481418430805206299e-01
-1.674316644668579102e+00
-1.482918977737426758e+00
8.683194160461425781e+00
1.774048328399658203e+00
1.618700981140136719e+00
-2.404942169189453125e+02
3.638613891601562500e+02
-1.960575485229492188e+01
-9.342190551757812500e+01
5.304569244384765625e+00
1.211839866638183594e+01
-2.632791748046875000e+02
3.182599182128906250e+02
-7.140566349029541016e+00
-9.048876953125000000e+01
1.931013679504394531e+01
1.240159034729003906e+01
-2.725057373046875000e+02
-9.199167633056640625e+01
1.033985614776611328e+01
-6.982371520996093750e+01
2.452963829040527344e+01
1.335733127593994141e+01
-2.388522949218750000e+02
-5.021737670898437500e+02
1.143936634063720703e+01
2.610977554321289062e+01
2.785197639465332031e+01
1.517348003387451172e+01
-1.858205261230468750e+02
-6.277864990234375000e+02
2.656408691406250000e+01
1.137920684814453125e+02
3.332423400878906250e+01
2.208365821838378906e+01
-9.351824951171875000e+01
-5.911440429687500000e+02
2.640461158752441406e+01
4.495328521728515625e+01
2.155622673034667969e+01
3.240273666381835938e+01
-7.427040100097656250e+01
-2.115071868896484375e+02
1.822204017639160156e+01
1.275556087493896484e+01
1.455868721008300781e+01
3.573301553726196289e+00
1.043571949005126953e+01
4.993959808349609375e+01
2.332080650329589844e+01
7.329581451416015625e+01
2.531070232391357422e+00
-7.302955150604248047e+00
2.211795616149902344e+01
2.003963470458984375e+02
6.353087425231933594e+00
-1.347452354431152344e+01
-1.246227455139160156e+01
-5.710598945617675781e+00
-2.892767524719238281e+01
1.471246185302734375e+02
3.118159294128417969e+00
7.770839691162109375e+01
-1.709112358093261719e+01
-2.869701981544494629e-01
-9.225209045410156250e+01
-1.954700775146484375e+02
1.999997711181640625e+01
1.621928100585937500e+02
-2.206090164184570312e+01
-2.601015567779541016e+00
-1.568323669433593750e+02
-4.152760314941406250e+02
7.825238037109375000e+01
2.331726989746093750e+02
-2.301309394836425781e+01
-7.101863861083984375e+00
-1.875107727050781250e+02
-3.716142578125000000e+02
1.950350646972656250e+02
1.942430877685546875e+02
-9.346370697021484375e+00
-5.483355522155761719e+00
-1.729134521484375000e+02
-2.274172058105468750e+02
1.071811676025390625e+02
2.238744812011718750e+02
-1.652910041809082031e+01
-1.603679084777832031e+01
1.551893901824951172e+01
-2.065240936279296875e+02
2.979565048217773438e+01
1.189627227783203125e+02
-1.050683212280273438e+01
-2.049705314636230469e+01
2.109328746795654297e+00
9.390050172805786133e-01
2.535324811935424805e+00
2.927210092544555664e+00
-2.176975011825561523e+00
-9.182462692260742188e-01
-1.931507110595703125e+02
2.610022888183593750e+02
-1.833023262023925781e+01
-5.677156829833984375e+01
5.596621036529541016e+00
2.351996660232543945e+00
-2.022899475097656250e+02
7.070183563232421875e+01
3.236522674560546875e+01
-1.222042694091796875e+02
1.933699226379394531e+01
3.835488557815551758e+00
-1.658121032714843750e+02
-3.372303466796875000e+02
5.336760330200195312e+01
-1.732641143798828125e+02
2.432652664184570312e+01
9.992724418640136719e+00
-1.276564407348632812e+02
-5.366846923828125000e+02
3.796548080444335938e+01
-1.961618347167968750e+02
2.620783424377441406e+01
1.310303974151611328e+01
-3.388151931762695312e+01
-5.198912353515625000e+02
2.149220275878906250e+01
-1.273707504272460938e+02
2.261996269226074219e+01
1.121655368804931641e+01
-1.373372650146484375e+01
-1.428036499023437500e+02
6.823354339599609375e+01
-2.508487854003906250e+02
8.646194458007812500e+00
-2.252192258834838867e+00
2.753364181518554688e+01
1.676740264892578125e+02
3.453970718383789062e+01
-2.583551330566406250e+02
1.195848062634468079e-01
-1.161439132690429688e+01
4.529319763183593750e+01
3.251989440917968750e+02
1.015808296203613281e+01
-1.825275115966796875e+02
-6.398221015930175781e+00
-1.752025985717773438e+01
-9.724966436624526978e-02
3.959340820312500000e+02
3.186420822143554688e+01
-1.249391403198242188e+02
-1.745648956298828125e+01
-4.776709556579589844e+00
-6.910170745849609375e+01
1.555638275146484375e+02
4.354291915893554688e+01
2.251054382324218750e+01
-2.137286758422851562e+01
1.829683899879455566e+00
-1.283408813476562500e+02
-2.618341674804687500e+02
8.189828491210937500e+01
2.133574981689453125e+02
-2.526980781555175781e+01
4.197251319885253906e+00
-1.566301422119140625e+02
-4.144347229003906250e+02
7.850825500488281250e+01
2.318646087646484375e+02
-2.215410232543945312e+01
-7.278376579284667969e+00
-1.584789123535156250e+02
-3.637468566894531250e+02
4.888985443115234375e+01
2.537776794433593750e+02
-1.899963378906250000e+01
-7.211112022399902344e+00
-1.153676376342773438e+02
-2.504780120849609375e+02
4.900173568725585938e+01
1.977261352539062500e+02
-1.124931049346923828e+01
-2.583591842651367188e+01
2.914316177368164062e+01
-1.958394165039062500e+02
1.316763210296630859e+01
9.721660614013671875e+01
-5.134031295776367188e+00
-1.731631469726562500e+01
1.519363760948181152e+00
-7.907359004020690918e-01
-1.047029718756675720e-02
1.591865658760070801e+00
1.487442851066589355e-01
-1.068915724754333496e+00
-1.045979690551757812e+02
9.762625885009765625e+01
2.201818466186523438e+01
-7.237469482421875000e+01
1.249559211730957031e+01
2.173689603805541992e+00
-8.872227478027343750e+01
-1.887781372070312500e+02
9.419595336914062500e+01
-1.244750671386718750e+02
1.857945251464843750e+01
1.104040592908859253e-01
-2.438953971862792969e+01
-4.078347473144531250e+02
1.340128326416015625e+02
-1.823726043701171875e+02
2.124610137939453125e+01
1.527925014495849609e+00
9.423068237304687500e+01
-5.126005859375000000e+02
1.064167633056640625e+02
-2.290422973632812500e+02
1.963920211791992188e+01
1.690068125724792480e+00
8.722705078125000000e+01
-1.799208641052246094e+01
1.943867797851562500e+02
-1.766600952148437500e+02
2.886290311813354492e+00
-1.119256496429443359e+01
4.981860351562500000e+01
3.202345275878906250e+02
1.542400512695312500e+02
-2.395800628662109375e+02
-8.421010971069335938e+00
-1.711742782592773438e+01
8.302716827392578125e+01
4.183957214355468750e+02
1.238685302734375000e+02
-2.657314758300781250e+02
-1.229901695251464844e+01
-2.017491149902343750e+01
5.296113586425781250e+01
5.574989013671875000e+02
6.988681793212890625e+01
-2.865663452148437500e+02
-9.527840614318847656e+00
-2.010822105407714844e+01
-1.642637443542480469e+01
4.791636352539062500e+02
4.607962417602539062e+01
-2.197279052734375000e+02
-2.005844497680664062e+01
3.113683164119720459e-01
-6.936032104492187500e+01
1.546327972412109375e+02
3.908326339721679688e+01
2.432428741455078125e+01
-2.070752716064453125e+01
1.287987351417541504e+00
-9.338227081298828125e+01
-1.950205993652343750e+02
1.911349296569824219e+01
1.636394653320312500e+02
-2.046684455871582031e+01
-2.379645824432373047e+00
-9.908274078369140625e+01
-3.631802978515625000e+02
2.451962471008300781e+01
2.345158691406250000e+02
-2.086790466308593750e+01
-9.709583282470703125e+00
-9.015450286865234375e+01
-3.591054992675781250e+02
4.064439010620117188e+01
2.288039855957031250e+02
-8.292944908142089844e+00
-1.012581157684326172e+01
-5.596166610717773438e+01
-2.755348815917968750e+02
-1.996810555458068848e+00
1.600277404785156250e+02
-6.421532034873962402e-01
-1.244760036468505859e+01
2.805382919311523438e+01
-1.733905792236328125e+02
-2.142708587646484375e+01
6.546236419677734375e+01
-6.045100688934326172e+00
-1.353020191192626953e+01
4.292421638965606689e-01
-7.120305299758911133e-01
-1.305959343910217285e+00
-4.899750463664531708e-03
1.559378504753112793e-01
2.008221596479415894e-01
3.601697921752929688e+01
-8.261541748046875000e+01
9.174483489990234375e+01
-4.456541824340820312e+01
1.448458385467529297e+01
-1.861354351043701172e+00
2.055721282958984375e+02
-3.802969360351562500e+02
1.453624267578125000e+02
-8.232627105712890625e+01
1.928422164916992188e+01
-4.432504177093505859e+00
3.917223205566406250e+02
-5.717543334960937500e+02
2.014427337646484375e+02
-1.310991821289062500e+02
1.415391063690185547e+01
-8.133790016174316406e+00
2.675416870117187500e+02
3.206148071289062500e+02
3.571741943359375000e+02
-6.493147277832031250e+01
-2.705560207366943359e+00
-1.457806301116943359e+01
1.056420974731445312e+02
5.469295043945312500e+02
2.203339080810546875e+02
-1.066232986450195312e+02
-1.539726448059082031e+01
-1.914459037780761719e+01
2.025319366455078125e+02
4.668719482421875000e+02
1.394013061523437500e+02
-1.913403778076171875e+02
-1.847087097167968750e+01
-2.180329895019531250e+01
1.027870025634765625e+02
5.524417724609375000e+02
1.119799575805664062e+02
-2.648052978515625000e+02
-1.767274856567382812e+01
-2.237016487121582031e+01
5.439757156372070312e+01
5.559819946289062500e+02
6.942389678955078125e+01
-2.814304504394531250e+02
-9.491156578063964844e+00
-2.031075477600097656e+01
1.243914604187011719e+00
3.942689514160156250e+02
3.195000648498535156e+01
-1.125375900268554688e+02
-1.707722473144531250e+01
-5.160704612731933594e+00
-2.990202140808105469e+01
1.500632934570312500e+02
2.231641530990600586e+00
8.057183837890625000e+01
-1.638076400756835938e+01
-9.028443098068237305e-01
-4.040011978149414062e+01
-1.226141738891601562e+02
-2.072768926620483398e+00
1.848679809570312500e+02
-1.519466018676757812e+01
-2.220479726791381836e+00
-2.913127517700195312e+01
-2.978938598632812500e+02
-3.154902267456054688e+01
2.477997589111328125e+02
-6.349032402038574219e+00
-2.960969507694244385e-01
-1.269330692291259766e+01
-3.434958496093750000e+02
-5.987518692016601562e+01
1.789162139892578125e+02
2.157737255096435547e+00
-2.524143218994140625e+00
1.244355583190917969e+01
-3.001740417480468750e+02
-6.826420593261718750e+01
6.984736633300781250e+01
3.193040132522583008e+00
-1.102672934532165527e+00
2.262751960754394531e+01
-2.156359710693359375e+02
-1.069728469848632812e+02
3.301538848876953125e+01
-4.372698783874511719e+00
-9.469802856445312500e+00
-5.770203471183776855e-02
5.941943079233169556e-02
8.471226096153259277e-01
1.349353939294815063e-01
4.113866686820983887e-01
9.052779674530029297e-01
3.817789916992187500e+02
-3.869374694824218750e+02
3.371193237304687500e+02
-3.384803771972656250e+01
1.858503341674804688e+01
-4.956885337829589844e+00
6.863534545898437500e+02
-8.285642700195312500e+02
4.741571044921875000e+02
-4.685646057128906250e+01
1.684604263305664062e+01
-1.665833854675292969e+01
5.523417968750000000e+02
4.327098083496093750e+02
8.658397216796875000e+02
-4.838389587402343750e+01
-4.206860542297363281e+00
-1.234544754028320312e+01
1.924923400878906250e+02
1.204434326171875000e+03
6.355263671875000000e+02
-4.927963256835937500e+01
-2.165552520751953125e+01
-1.235666942596435547e+01
3.652679748535156250e+02
5.029185791015625000e+02
3.139176940917968750e+02
-7.589942932128906250e+01
-1.872772979736328125e+01
-2.455227661132812500e+01
1.978544769287109375e+02
4.680289611816406250e+02
1.421289825439453125e+02
-1.899681549072265625e+02
-1.874153518676757812e+01
-2.270198631286621094e+01
7.935746002197265625e+01
4.213094177246093750e+02
1.246134719848632812e+02
-2.666811828613281250e+02
-1.204368877410888672e+01
-2.027880096435546875e+01
4.252389526367187500e+01
3.284392089843750000e+02
1.001112842559814453e+01
-1.786550598144531250e+02
-6.780138969421386719e+00
-1.749650382995605469e+01
2.196914100646972656e+01
2.048918304443359375e+02
5.534713268280029297e+00
-1.616165733337402344e+01
-1.288662242889404297e+01
-5.817347526550292969e+00
4.044508457183837891e+00
3.168395614624023438e+01
-1.523030090332031250e+01
4.513316726684570312e+01
-1.243632793426513672e+01
4.042391777038574219e+00
1.290396690368652344e+01
-1.450938873291015625e+02
-5.856846618652343750e+01
2.663436584472656250e+02
-3.768521308898925781e+00
5.332283020019531250e+00
2.612159156799316406e+01
-3.062026977539062500e+02
-1.105024337768554688e+02
2.062623901367187500e+02
3.246437311172485352e+00
8.855569839477539062e+00
5.368349456787109375e+01
-3.936498718261718750e+02
-1.666343536376953125e+02
8.132711791992187500e+01
6.257967948913574219e+00
1.030310535430908203e+01
1.132449874877929688e+02
-7.367698974609375000e+02
-4.083544616699218750e+02
4.071608734130859375e+01
1.118848896026611328e+01
-4.145503520965576172e+00
-1.466117706298828125e+02
-3.692075500488281250e+02
-5.419288330078125000e+02
3.339334106445312500e+01
-8.862769603729248047e-02
-1.525435924530029297e+00
-1.049191761016845703e+01
6.819762706756591797e+00
-6.444607257843017578e+00
2.526563107967376709e-01
7.739320397377014160e-02
-3.924368619918823242e-01
1.273087158203125000e+03
-7.344500732421875000e+02
7.285075683593750000e+02
-3.519782257080078125e+01
1.409888267517089844e+01
-1.015771484375000000e+01
7.082409057617187500e+02
1.100605224609375000e+03
2.697522949218750000e+03
-3.496964645385742188e+01
-5.803750038146972656e+00
-6.435361385345458984e+00
-4.028513336181640625e+01
1.749820800781250000e+03
1.252625488281250000e+03
-4.397880935668945312e+01
-2.435175895690917969e+01
-5.750755786895751953e+00
1.914503631591796875e+02
1.206530395507812500e+03
6.312395019531250000e+02
-4.934618759155273438e+01
-2.164021873474121094e+01
-1.285010719299316406e+01
1.077235870361328125e+02
5.468103027343750000e+02
2.160965881347656250e+02
-1.061998214721679688e+02
-1.596323776245117188e+01
-1.908734130859375000e+01
4.658062744140625000e+01
3.146977233886718750e+02
1.581949920654296875e+02
-2.374163208007812500e+02
-8.423691749572753906e+00
-1.697098159790039062e+01
2.021600341796875000e+01
1.665163574218750000e+02
3.315859603881835938e+01
-2.593988037109375000e+02
3.678294122219085693e-01
-1.197242832183837891e+01
5.051275253295898438e+00
4.997379302978515625e+01
2.344425582885742188e+01
7.098233795166015625e+01
3.170739412307739258e+00
-6.381592750549316406e+00
-1.153092002868652344e+01
-5.350479507446289062e+01
-2.359884834289550781e+01
-7.959992218017578125e+01
-2.614340305328369141e+00
7.091609954833984375e+00
-2.209127235412597656e+01
-1.724584197998046875e+02
-3.456885528564453125e+01
2.607489624023437500e+02
-6.392809748649597168e-01
1.180354881286621094e+01
-4.820753860473632812e+01
-3.162869567871093750e+02
-1.550406494140625000e+02
2.417762756347656250e+02
8.023684501647949219e+00
1.665121078491210938e+01
-1.140907516479492188e+02
-5.506951904296875000e+02
-2.186336975097656250e+02
1.053704605102539062e+02
1.579423046112060547e+01
1.966486549377441406e+01
-1.843977203369140625e+02
-1.211343017578125000e+03
-6.363818359375000000e+02
4.928241348266601562e+01
2.218324089050292969e+01
1.520412921905517578e+01
2.138751983642578125e+01
-1.770630615234375000e+03
-1.238489013671875000e+03
4.383258438110351562e+01
2.428043365478515625e+01
6.858841419219970703e+00
-7.257310791015625000e+02
-1.086690307617187500e+03
-2.628565429687500000e+03
3.518082046508789062e+01
6.413114547729492188e+00
7.313982009887695312e+00
-1.717668342590332031e+01
-2.972526550292968750e+01
4.469098663330078125e+01
5.294035673141479492e-01
2.733697593212127686e-01
1.859559565782546997e-01
-1.825535011291503906e+01
1.655678939819335938e+01
-6.201307773590087891e+00
-1.843439042568206787e-01
-2.858122885227203369e-01
-9.292452037334442139e-02
7.220202636718750000e+02
1.079061767578125000e+03
2.729209228515625000e+03
-3.250350570678710938e+01
-4.986702442169189453e+00
-4.893964290618896484e+00
5.584885253906250000e+02
4.440394592285156250e+02
8.443786621093750000e+02
-4.777312088012695312e+01
-4.607809066772460938e+00
-1.309049034118652344e+01
2.736001281738281250e+02
3.179248962402343750e+02
3.568683776855468750e+02
-6.455190277099609375e+01
-3.510262966156005859e+00
-1.398596572875976562e+01
9.899015808105468750e+01
-1.042790794372558594e+01
1.969163970947265625e+02
-1.778103179931640625e+02
2.288950920104980469e+00
-1.018855571746826172e+01
-7.179286003112792969e+00
-1.402208099365234375e+02
6.784154510498046875e+01
-2.535527496337890625e+02
8.787696838378906250e+00
-3.159592866897583008e+00
-6.927779388427734375e+01
-2.058466796875000000e+02
1.876761054992675781e+01
8.483792304992675781e+00
1.422841358184814453e+01
4.262324333190917969e+00
-1.213358917236328125e+02
-2.619664611816406250e+02
-1.343771743774414062e+01
-2.126691436767578125e+01
1.610805130004882812e+01
1.199088764190673828e+01
-2.132675628662109375e+02
-3.173328857421875000e+02
-6.762408256530761719e+00
1.483780822753906250e+02
1.362355136871337891e+01
1.386276912689208984e+01
-4.107508239746093750e+02
-4.762445068359375000e+02
-1.242869644165039062e+02
2.532280731201171875e+02
2.305190277099609375e+01
1.955564689636230469e+01
-9.005330810546875000e+02
-9.390602416992187500e+02
-2.517702178955078125e+02
1.487582092285156250e+02
2.798650741577148438e+01
2.671890068054199219e+01
-1.378401977539062500e+03
-1.803220092773437500e+03
-6.636696777343750000e+02
5.678838729858398438e+01
3.147527885437011719e+01
3.212250137329101562e+01
-2.998740478515625000e+03
-2.463759765625000000e+03
-1.491773559570312500e+03
5.555556488037109375e+01
3.883535766601562500e+01
2.265628623962402344e+01
-6.054345214843750000e+03
-8.182584472656250000e+03
-7.032252441406250000e+03
4.332189559936523438e+01
3.641812515258789062e+01
2.010826301574707031e+01
-1.964575976562500000e+04
-9.369144531250000000e+03
-1.552957910156250000e+04
2.125611305236816406e+01
6.440416812896728516e+00
2.035113906860351562e+01
